code,message,contract,row_index,timestamp_utc,price,context
INVALID_RISK_UNIT,risk_unit == 0 or non-finite,NQH19-CME,266,2018-12-16 23:02:03+00:00,6607.5,{'stop_loss_price': 6607.5}
INVALID_RISK_UNIT,risk_unit == 0 or non-finite,NQH19-CME,126294,2018-12-17 15:11:57.033000+00:00,6569.75,{'stop_loss_price': 6569.75}
INVALID_RISK_UNIT,risk_unit == 0 or non-finite,NQH19-CME,333890,2018-12-17 19:00:23.011000+00:00,6517.5,{'stop_loss_price': 6517.5}
INVALID_RISK_UNIT,risk_unit == 0 or non-finite,NQH19-CME,333891,2018-12-17 19:00:23.012000+00:00,6517.5,{'stop_loss_price': 6517.5}
INVALID_RISK_UNIT,risk_unit == 0 or non-finite,NQH19-CME,429823,2018-12-17 20:33:06.093000+00:00,6446.5,{'stop_loss_price': 6446.5}
INVALID_RISK_UNIT,risk_unit == 0 or non-finite,NQH19-CME,429824,2018-12-17 20:33:06.094000+00:00,6446.5,{'stop_loss_price': 6446.5}
INVALID_RISK_UNIT,risk_unit == 0 or non-finite,NQH19-CME,429825,2018-12-17 20:33:06.095000+00:00,6446.5,{'stop_loss_price': 6446.5}
INVALID_RISK_UNIT,risk_unit == 0 or non-finite,NQH19-CME,429826,2018-12-17 20:33:06.096000+00:00,6446.5,{'stop_loss_price': 6446.5}
INVALID_RISK_UNIT,risk_unit == 0 or non-finite,NQH19-CME,429832,2018-12-17 20:33:07+00:00,6446.5,{'stop_loss_price': 6446.5}
INVALID_RISK_UNIT,risk_unit == 0 or non-finite,NQH19-CME,466825,2018-12-17 20:58:42+00:00,6470.0,{'stop_loss_price': 6470.0}
INVALID_RISK_UNIT,risk_unit == 0 or non-finite,NQH19-CME,466826,2018-12-17 20:58:42.001000+00:00,6470.0,{'stop_loss_price': 6470.0}
INVALID_RISK_UNIT,risk_unit == 0 or non-finite,NQH19-CME,466827,2018-12-17 20:58:42.002000+00:00,6470.0,{'stop_loss_price': 6470.0}
INVALID_RISK_UNIT,risk_unit == 0 or non-finite,NQH19-CME,466828,2018-12-17 20:58:42.003000+00:00,6470.0,{'stop_loss_price': 6470.0}
INVALID_RISK_UNIT,risk_unit == 0 or non-finite,NQH19-CME,466829,2018-12-17 20:58:42.004000+00:00,6470.0,{'stop_loss_price': 6470.0}
INVALID_RISK_UNIT,risk_unit == 0 or non-finite,NQH19-CME,466833,2018-12-17 20:58:42.008000+00:00,6470.0,{'stop_loss_price': 6470.0}
INVALID_RISK_UNIT,risk_unit == 0 or non-finite,NQH19-CME,466834,2018-12-17 20:58:42.009000+00:00,6470.0,{'stop_loss_price': 6470.0}
INVALID_RISK_UNIT,risk_unit == 0 or non-finite,NQH19-CME,466835,2018-12-17 20:58:42.010000+00:00,6470.0,{'stop_loss_price': 6470.0}
INVALID_RISK_UNIT,risk_unit == 0 or non-finite,NQH19-CME,485055,2018-12-17 21:13:54+00:00,6489.5,{'stop_loss_price': 6489.5}
INVALID_RISK_UNIT,risk_unit == 0 or non-finite,NQH19-CME,496990,2018-12-18 01:13:27.003000+00:00,6511.0,{'stop_loss_price': 6511.0}
INVALID_RISK_UNIT,risk_unit == 0 or non-finite,NQH19-CME,496991,2018-12-18 01:13:27.004000+00:00,6511.0,{'stop_loss_price': 6511.0}
INVALID_RISK_UNIT,risk_unit == 0 or non-finite,NQH19-CME,496992,2018-12-18 01:13:27.005000+00:00,6511.0,{'stop_loss_price': 6511.0}
INVALID_RISK_UNIT,risk_unit == 0 or non-finite,NQH19-CME,523169,2018-12-18 06:57:52.001000+00:00,6504.25,{'stop_loss_price': 6504.25}
INVALID_RISK_UNIT,risk_unit == 0 or non-finite,NQH19-CME,552927,2018-12-18 11:56:33.002000+00:00,6524.75,{'stop_loss_price': 6524.75}
INVALID_RISK_UNIT,risk_unit == 0 or non-finite,NQH19-CME,552928,2018-12-18 11:56:33.003000+00:00,6524.75,{'stop_loss_price': 6524.75}
INVALID_RISK_UNIT,risk_unit == 0 or non-finite,NQH19-CME,552929,2018-12-18 11:56:33.004000+00:00,6524.75,{'stop_loss_price': 6524.75}
INVALID_RISK_UNIT,risk_unit == 0 or non-finite,NQH19-CME,670077,2018-12-18 15:32:08.022000+00:00,6543.25,{'stop_loss_price': 6543.25}
INVALID_RISK_UNIT,risk_unit == 0 or non-finite,NQH19-CME,670078,2018-12-18 15:32:08.023000+00:00,6543.25,{'stop_loss_price': 6543.25}
INVALID_RISK_UNIT,risk_unit == 0 or non-finite,NQH19-CME,670080,2018-12-18 15:32:08.025000+00:00,6543.25,{'stop_loss_price': 6543.25}
INVALID_RISK_UNIT,risk_unit == 0 or non-finite,NQH19-CME,693748,2018-12-18 15:51:10.002000+00:00,6534.25,{'stop_loss_price': 6534.25}
INVALID_RISK_UNIT,risk_unit == 0 or non-finite,NQH19-CME,693749,2018-12-18 15:51:10.003000+00:00,6534.25,{'stop_loss_price': 6534.25}
INVALID_RISK_UNIT,risk_unit == 0 or non-finite,NQH19-CME,693750,2018-12-18 15:51:10.004000+00:00,6534.25,{'stop_loss_price': 6534.25}
INVALID_RISK_UNIT,risk_unit == 0 or non-finite,NQH19-CME,693751,2018-12-18 15:51:10.005000+00:00,6534.25,{'stop_loss_price': 6534.25}
INVALID_RISK_UNIT,risk_unit == 0 or non-finite,NQH19-CME,707566,2018-12-18 16:01:53.013000+00:00,6535.25,{'stop_loss_price': 6535.25}
INVALID_RISK_UNIT,risk_unit == 0 or non-finite,NQH19-CME,714861,2018-12-18 16:10:00+00:00,6529.0,{'stop_loss_price': 6529.0}
INVALID_RISK_UNIT,risk_unit == 0 or non-finite,NQH19-CME,714862,2018-12-18 16:10:00.001000+00:00,6529.0,{'stop_loss_price': 6529.0}
INVALID_RISK_UNIT,risk_unit == 0 or non-finite,NQH19-CME,720747,2018-12-18 16:18:50.016000+00:00,6519.0,{'stop_loss_price': 6519.0}
INVALID_RISK_UNIT,risk_unit == 0 or non-finite,NQH19-CME,720748,2018-12-18 16:18:50.017000+00:00,6519.0,{'stop_loss_price': 6519.0}
INVALID_RISK_UNIT,risk_unit == 0 or non-finite,NQH19-CME,720749,2018-12-18 16:18:50.018000+00:00,6519.0,{'stop_loss_price': 6519.0}
INVALID_RISK_UNIT,risk_unit == 0 or non-finite,NQH19-CME,720750,2018-12-18 16:18:50.019000+00:00,6519.0,{'stop_loss_price': 6519.0}
INVALID_RISK_UNIT,risk_unit == 0 or non-finite,NQH19-CME,720751,2018-12-18 16:18:51+00:00,6519.0,{'stop_loss_price': 6519.0}
INVALID_RISK_UNIT,risk_unit == 0 or non-finite,NQH19-CME,720752,2018-12-18 16:18:51.001000+00:00,6519.0,{'stop_loss_price': 6519.0}
INVALID_RISK_UNIT,risk_unit == 0 or non-finite,NQH19-CME,720753,2018-12-18 16:18:51.002000+00:00,6519.0,{'stop_loss_price': 6519.0}
INVALID_RISK_UNIT,risk_unit == 0 or non-finite,NQH19-CME,720754,2018-12-18 16:18:51.003000+00:00,6519.0,{'stop_loss_price': 6519.0}
INVALID_RISK_UNIT,risk_unit == 0 or non-finite,NQH19-CME,736533,2018-12-18 16:36:44+00:00,6531.25,{'stop_loss_price': 6531.25}
INVALID_RISK_UNIT,risk_unit == 0 or non-finite,NQH19-CME,871127,2018-12-18 19:47:56.003000+00:00,6498.0,{'stop_loss_price': 6498.0}
INVALID_RISK_UNIT,risk_unit == 0 or non-finite,NQH19-CME,871128,2018-12-18 19:47:56.004000+00:00,6498.0,{'stop_loss_price': 6498.0}
INVALID_RISK_UNIT,risk_unit == 0 or non-finite,NQH19-CME,928981,2018-12-18 20:27:52.001000+00:00,6486.75,{'stop_loss_price': 6486.75}
INVALID_RISK_UNIT,risk_unit == 0 or non-finite,NQH19-CME,936228,2018-12-18 20:32:42.003000+00:00,6505.25,{'stop_loss_price': 6505.25}
INVALID_RISK_UNIT,risk_unit == 0 or non-finite,NQH19-CME,936229,2018-12-18 20:32:42.004000+00:00,6505.25,{'stop_loss_price': 6505.25}
INVALID_RISK_UNIT,risk_unit == 0 or non-finite,NQH19-CME,936239,2018-12-18 20:32:42.014000+00:00,6505.0,{'stop_loss_price': 6505.0}
INVALID_RISK_UNIT,risk_unit == 0 or non-finite,NQH19-CME,939806,2018-12-18 20:36:05.043000+00:00,6514.0,{'stop_loss_price': 6514.0}
INVALID_RISK_UNIT,risk_unit == 0 or non-finite,NQH19-CME,939807,2018-12-18 20:36:05.044000+00:00,6514.0,{'stop_loss_price': 6514.0}
INVALID_RISK_UNIT,risk_unit == 0 or non-finite,NQH19-CME,939808,2018-12-18 20:36:05.045000+00:00,6514.0,{'stop_loss_price': 6514.0}
INVALID_RISK_UNIT,risk_unit == 0 or non-finite,NQH19-CME,939809,2018-12-18 20:36:05.046000+00:00,6514.0,{'stop_loss_price': 6514.0}
INVALID_RISK_UNIT,risk_unit == 0 or non-finite,NQH19-CME,939810,2018-12-18 20:36:05.047000+00:00,6514.0,{'stop_loss_price': 6514.0}
INVALID_RISK_UNIT,risk_unit == 0 or non-finite,NQH19-CME,939811,2018-12-18 20:36:05.048000+00:00,6514.0,{'stop_loss_price': 6514.0}
INVALID_RISK_UNIT,risk_unit == 0 or non-finite,NQH19-CME,939812,2018-12-18 20:36:05.049000+00:00,6514.0,{'stop_loss_price': 6514.0}
INVALID_RISK_UNIT,risk_unit == 0 or non-finite,NQH19-CME,939813,2018-12-18 20:36:05.050000+00:00,6514.0,{'stop_loss_price': 6514.0}
INVALID_RISK_UNIT,risk_unit == 0 or non-finite,NQH19-CME,939814,2018-12-18 20:36:05.051000+00:00,6514.0,{'stop_loss_price': 6514.0}
INVALID_RISK_UNIT,risk_unit == 0 or non-finite,NQH19-CME,939815,2018-12-18 20:36:05.052000+00:00,6514.0,{'stop_loss_price': 6514.0}
INVALID_RISK_UNIT,risk_unit == 0 or non-finite,NQH19-CME,939816,2018-12-18 20:36:05.053000+00:00,6514.0,{'stop_loss_price': 6514.0}
INVALID_RISK_UNIT,risk_unit == 0 or non-finite,NQH19-CME,1035588,2018-12-19 12:04:10+00:00,6542.5,{'stop_loss_price': 6542.5}
INVALID_RISK_UNIT,risk_unit == 0 or non-finite,NQH19-CME,1035589,2018-12-19 12:04:10.001000+00:00,6542.5,{'stop_loss_price': 6542.5}
INVALID_RISK_UNIT,risk_unit == 0 or non-finite,NQH19-CME,1040380,2018-12-19 13:04:51.037000+00:00,6526.25,{'stop_loss_price': 6526.25}
INVALID_RISK_UNIT,risk_unit == 0 or non-finite,NQH19-CME,1040381,2018-12-19 13:04:52+00:00,6526.25,{'stop_loss_price': 6526.25}
INVALID_RISK_UNIT,risk_unit == 0 or non-finite,NQH19-CME,1040382,2018-12-19 13:04:53+00:00,6526.25,{'stop_loss_price': 6526.25}
INVALID_RISK_UNIT,risk_unit == 0 or non-finite,NQH19-CME,1040383,2018-12-19 13:04:53.001000+00:00,6526.25,{'stop_loss_price': 6526.25}
INVALID_RISK_UNIT,risk_unit == 0 or non-finite,NQH19-CME,1040384,2018-12-19 13:04:53.002000+00:00,6526.25,{'stop_loss_price': 6526.25}
INVALID_RISK_UNIT,risk_unit == 0 or non-finite,NQH19-CME,1070850,2018-12-19 14:41:46+00:00,6537.25,{'stop_loss_price': 6537.25}
INVALID_RISK_UNIT,risk_unit == 0 or non-finite,NQH19-CME,1070851,2018-12-19 14:41:46.001000+00:00,6537.25,{'stop_loss_price': 6537.25}
INVALID_RISK_UNIT,risk_unit == 0 or non-finite,NQH19-CME,1070852,2018-12-19 14:41:46.002000+00:00,6537.25,{'stop_loss_price': 6537.25}
INVALID_RISK_UNIT,risk_unit == 0 or non-finite,NQH19-CME,1070853,2018-12-19 14:41:46.003000+00:00,6537.25,{'stop_loss_price': 6537.25}
INVALID_RISK_UNIT,risk_unit == 0 or non-finite,NQH19-CME,1070854,2018-12-19 14:41:46.004000+00:00,6537.25,{'stop_loss_price': 6537.25}
INVALID_RISK_UNIT,risk_unit == 0 or non-finite,NQH19-CME,1070855,2018-12-19 14:41:46.005000+00:00,6537.25,{'stop_loss_price': 6537.25}
INVALID_RISK_UNIT,risk_unit == 0 or non-finite,NQH19-CME,1070856,2018-12-19 14:41:46.006000+00:00,6537.25,{'stop_loss_price': 6537.25}
INVALID_RISK_UNIT,risk_unit == 0 or non-finite,NQH19-CME,1070857,2018-12-19 14:41:46.007000+00:00,6537.25,{'stop_loss_price': 6537.25}
INVALID_RISK_UNIT,risk_unit == 0 or non-finite,NQH19-CME,1070858,2018-12-19 14:41:46.008000+00:00,6537.25,{'stop_loss_price': 6537.25}
INVALID_RISK_UNIT,risk_unit == 0 or non-finite,NQH19-CME,1070859,2018-12-19 14:41:46.009000+00:00,6537.25,{'stop_loss_price': 6537.25}
INVALID_RISK_UNIT,risk_unit == 0 or non-finite,NQH19-CME,1099322,2018-12-19 15:00:54.003000+00:00,6580.25,{'stop_loss_price': 6580.25}
INVALID_RISK_UNIT,risk_unit == 0 or non-finite,NQH19-CME,1136593,2018-12-19 15:35:56.028000+00:00,6590.0,{'stop_loss_price': 6590.0}
INVALID_RISK_UNIT,risk_unit == 0 or non-finite,NQH19-CME,1136594,2018-12-19 15:35:56.029000+00:00,6590.0,{'stop_loss_price': 6590.0}
INVALID_RISK_UNIT,risk_unit == 0 or non-finite,NQH19-CME,1161255,2018-12-19 16:07:35.005000+00:00,6567.5,{'stop_loss_price': 6567.5}
INVALID_RISK_UNIT,risk_unit == 0 or non-finite,NQH19-CME,1192733,2018-12-19 16:53:54+00:00,6574.25,{'stop_loss_price': 6574.25}
INVALID_RISK_UNIT,risk_unit == 0 or non-finite,NQH19-CME,1192734,2018-12-19 16:53:54.001000+00:00,6574.25,{'stop_loss_price': 6574.25}
INVALID_RISK_UNIT,risk_unit == 0 or non-finite,NQH19-CME,1192735,2018-12-19 16:53:54.002000+00:00,6574.25,{'stop_loss_price': 6574.25}
INVALID_RISK_UNIT,risk_unit == 0 or non-finite,NQH19-CME,1194758,2018-12-19 16:58:11.028000+00:00,6578.5,{'stop_loss_price': 6578.5}
INVALID_RISK_UNIT,risk_unit == 0 or non-finite,NQH19-CME,1195701,2018-12-19 16:59:40.001000+00:00,6579.0,{'stop_loss_price': 6579.0}
INVALID_RISK_UNIT,risk_unit == 0 or non-finite,NQH19-CME,1349441,2018-12-19 19:38:06+00:00,6536.0,{'stop_loss_price': 6536.0}
INVALID_RISK_UNIT,risk_unit == 0 or non-finite,NQH19-CME,1378137,2018-12-19 19:49:24.030000+00:00,6461.25,{'stop_loss_price': 6461.25}
INVALID_RISK_UNIT,risk_unit == 0 or non-finite,NQH19-CME,1388127,2018-12-19 19:53:06.058000+00:00,6416.75,{'stop_loss_price': 6416.75}
INVALID_RISK_UNIT,risk_unit == 0 or non-finite,NQH19-CME,1388128,2018-12-19 19:53:06.059000+00:00,6416.75,{'stop_loss_price': 6416.75}
INVALID_RISK_UNIT,risk_unit == 0 or non-finite,NQH19-CME,1388134,2018-12-19 19:53:06.065000+00:00,6416.75,{'stop_loss_price': 6416.75}
INVALID_RISK_UNIT,risk_unit == 0 or non-finite,NQH19-CME,1388135,2018-12-19 19:53:06.066000+00:00,6416.75,{'stop_loss_price': 6416.75}
INVALID_RISK_UNIT,risk_unit == 0 or non-finite,NQH19-CME,1420328,2018-12-19 20:04:21.055000+00:00,6340.0,{'stop_loss_price': 6340.0}
INVALID_RISK_UNIT,risk_unit == 0 or non-finite,NQH19-CME,1420329,2018-12-19 20:04:21.056000+00:00,6340.0,{'stop_loss_price': 6340.0}
INVALID_RISK_UNIT,risk_unit == 0 or non-finite,NQH19-CME,1516075,2018-12-19 20:45:51.008000+00:00,6362.5,{'stop_loss_price': 6362.5}
INVALID_RISK_UNIT,risk_unit == 0 or non-finite,NQH19-CME,1581529,2018-12-20 02:30:19+00:00,6367.0,{'stop_loss_price': 6367.0}
INVALID_RISK_UNIT,risk_unit == 0 or non-finite,NQH19-CME,1581530,2018-12-20 02:30:19.001000+00:00,6367.0,{'stop_loss_price': 6367.0}
INVALID_RISK_UNIT,risk_unit == 0 or non-finite,NQH19-CME,1585920,2018-12-20 03:19:15.003000+00:00,6351.75,{'stop_loss_price': 6351.75}
INVALID_RISK_UNIT,risk_unit == 0 or non-finite,NQH19-CME,1585921,2018-12-20 03:19:15.004000+00:00,6351.75,{'stop_loss_price': 6351.75}
INVALID_RISK_UNIT,risk_unit == 0 or non-finite,NQH19-CME,1586568,2018-12-20 03:25:35+00:00,6349.5,{'stop_loss_price': 6349.5}
INVALID_RISK_UNIT,risk_unit == 0 or non-finite,NQH19-CME,1586569,2018-12-20 03:25:35.001000+00:00,6349.5,{'stop_loss_price': 6349.5}
INVALID_RISK_UNIT,risk_unit == 0 or non-finite,NQH19-CME,1586570,2018-12-20 03:25:35.002000+00:00,6349.5,{'stop_loss_price': 6349.5}
INVALID_RISK_UNIT,risk_unit == 0 or non-finite,NQH19-CME,1586573,2018-12-20 03:25:39+00:00,6349.5,{'stop_loss_price': 6349.5}
INVALID_RISK_UNIT,risk_unit == 0 or non-finite,NQH19-CME,1605701,2018-12-20 05:22:41.001000+00:00,6307.0,{'stop_loss_price': 6307.0}
INVALID_RISK_UNIT,risk_unit == 0 or non-finite,NQH19-CME,1605702,2018-12-20 05:22:41.002000+00:00,6307.0,{'stop_loss_price': 6307.0}
INVALID_RISK_UNIT,risk_unit == 0 or non-finite,NQH19-CME,1605703,2018-12-20 05:22:41.003000+00:00,6307.0,{'stop_loss_price': 6307.0}
INVALID_RISK_UNIT,risk_unit == 0 or non-finite,NQH19-CME,1606827,2018-12-20 05:31:43+00:00,6305.75,{'stop_loss_price': 6305.75}
INVALID_RISK_UNIT,risk_unit == 0 or non-finite,NQH19-CME,1635890,2018-12-20 09:06:16.005000+00:00,6322.5,{'stop_loss_price': 6322.5}
INVALID_RISK_UNIT,risk_unit == 0 or non-finite,NQH19-CME,1667289,2018-12-20 12:38:47+00:00,6373.0,{'stop_loss_price': 6373.0}
INVALID_RISK_UNIT,risk_unit == 0 or non-finite,NQH19-CME,1684651,2018-12-20 13:55:33+00:00,6339.75,{'stop_loss_price': 6339.75}
INVALID_RISK_UNIT,risk_unit == 0 or non-finite,NQH19-CME,1694611,2018-12-20 14:22:08+00:00,6339.0,{'stop_loss_price': 6339.0}
INVALID_RISK_UNIT,risk_unit == 0 or non-finite,NQH19-CME,1694637,2018-12-20 14:22:14+00:00,6339.0,{'stop_loss_price': 6339.0}
INVALID_RISK_UNIT,risk_unit == 0 or non-finite,NQH19-CME,1694638,2018-12-20 14:22:14.001000+00:00,6339.0,{'stop_loss_price': 6339.0}
INVALID_RISK_UNIT,risk_unit == 0 or non-finite,NQH19-CME,1694639,2018-12-20 14:22:14.002000+00:00,6339.0,{'stop_loss_price': 6339.0}
INVALID_RISK_UNIT,risk_unit == 0 or non-finite,NQH19-CME,1694640,2018-12-20 14:22:14.003000+00:00,6339.0,{'stop_loss_price': 6339.0}
INVALID_RISK_UNIT,risk_unit == 0 or non-finite,NQH19-CME,1694641,2018-12-20 14:22:14.004000+00:00,6339.0,{'stop_loss_price': 6339.0}
INVALID_RISK_UNIT,risk_unit == 0 or non-finite,NQH19-CME,1694642,2018-12-20 14:22:15+00:00,6339.0,{'stop_loss_price': 6339.0}
INVALID_RISK_UNIT,risk_unit == 0 or non-finite,NQH19-CME,1694643,2018-12-20 14:22:18+00:00,6339.0,{'stop_loss_price': 6339.0}
INVALID_RISK_UNIT,risk_unit == 0 or non-finite,NQH19-CME,1709504,2018-12-20 14:33:05.090000+00:00,6351.0,{'stop_loss_price': 6351.0}
INVALID_RISK_UNIT,risk_unit == 0 or non-finite,NQH19-CME,1709505,2018-12-20 14:33:05.091000+00:00,6351.0,{'stop_loss_price': 6351.0}
INVALID_RISK_UNIT,risk_unit == 0 or non-finite,NQH19-CME,1709508,2018-12-20 14:33:06+00:00,6351.0,{'stop_loss_price': 6351.0}
INVALID_RISK_UNIT,risk_unit == 0 or non-finite,NQH19-CME,1733953,2018-12-20 14:40:48.054000+00:00,6344.75,{'stop_loss_price': 6344.75}
INVALID_RISK_UNIT,risk_unit == 0 or non-finite,NQH19-CME,1739615,2018-12-20 14:42:15+00:00,6328.25,{'stop_loss_price': 6328.25}
INVALID_RISK_UNIT,risk_unit == 0 or non-finite,NQH19-CME,1784582,2018-12-20 14:59:14.034000+00:00,6371.75,{'stop_loss_price': 6371.75}
INVALID_RISK_UNIT,risk_unit == 0 or non-finite,NQH19-CME,1784583,2018-12-20 14:59:14.035000+00:00,6371.75,{'stop_loss_price': 6371.75}
INVALID_RISK_UNIT,risk_unit == 0 or non-finite,NQH19-CME,1834603,2018-12-20 15:25:39.015000+00:00,6358.25,{'stop_loss_price': 6358.25}
INVALID_RISK_UNIT,risk_unit == 0 or non-finite,NQH19-CME,1882059,2018-12-20 15:55:21.034000+00:00,6334.25,{'stop_loss_price': 6334.25}
INVALID_RISK_UNIT,risk_unit == 0 or non-finite,NQH19-CME,1890146,2018-12-20 16:00:21.009000+00:00,6345.25,{'stop_loss_price': 6345.25}
INVALID_RISK_UNIT,risk_unit == 0 or non-finite,NQH19-CME,1890147,2018-12-20 16:00:21.010000+00:00,6345.25,{'stop_loss_price': 6345.25}
INVALID_RISK_UNIT,risk_unit == 0 or non-finite,NQH19-CME,1890148,2018-12-20 16:00:21.011000+00:00,6345.25,{'stop_loss_price': 6345.25}
INVALID_RISK_UNIT,risk_unit == 0 or non-finite,NQH19-CME,1890149,2018-12-20 16:00:21.012000+00:00,6345.25,{'stop_loss_price': 6345.25}
INVALID_RISK_UNIT,risk_unit == 0 or non-finite,NQH19-CME,1890150,2018-12-20 16:00:21.013000+00:00,6345.25,{'stop_loss_price': 6345.25}
INVALID_RISK_UNIT,risk_unit == 0 or non-finite,NQH19-CME,1890151,2018-12-20 16:00:21.014000+00:00,6345.25,{'stop_loss_price': 6345.25}
INVALID_RISK_UNIT,risk_unit == 0 or non-finite,NQH19-CME,1890152,2018-12-20 16:00:21.015000+00:00,6345.25,{'stop_loss_price': 6345.25}
INVALID_RISK_UNIT,risk_unit == 0 or non-finite,NQH19-CME,1890153,2018-12-20 16:00:21.016000+00:00,6345.25,{'stop_loss_price': 6345.25}
INVALID_RISK_UNIT,risk_unit == 0 or non-finite,NQH19-CME,1890154,2018-12-20 16:00:21.017000+00:00,6345.25,{'stop_loss_price': 6345.25}
INVALID_RISK_UNIT,risk_unit == 0 or non-finite,NQH19-CME,1890155,2018-12-20 16:00:21.018000+00:00,6345.25,{'stop_loss_price': 6345.25}
INVALID_RISK_UNIT,risk_unit == 0 or non-finite,NQH19-CME,1890156,2018-12-20 16:00:21.019000+00:00,6345.25,{'stop_loss_price': 6345.25}
INVALID_RISK_UNIT,risk_unit == 0 or non-finite,NQH19-CME,1890157,2018-12-20 16:00:21.020000+00:00,6345.25,{'stop_loss_price': 6345.25}
INVALID_RISK_UNIT,risk_unit == 0 or non-finite,NQH19-CME,1890158,2018-12-20 16:00:21.021000+00:00,6345.25,{'stop_loss_price': 6345.25}
INVALID_RISK_UNIT,risk_unit == 0 or non-finite,NQH19-CME,1890159,2018-12-20 16:00:21.022000+00:00,6345.25,{'stop_loss_price': 6345.25}
INVALID_RISK_UNIT,risk_unit == 0 or non-finite,NQH19-CME,1890160,2018-12-20 16:00:21.023000+00:00,6345.25,{'stop_loss_price': 6345.25}
INVALID_RISK_UNIT,risk_unit == 0 or non-finite,NQH19-CME,1957071,2018-12-20 16:39:25.137000+00:00,6277.75,{'stop_loss_price': 6277.75}
INVALID_RISK_UNIT,risk_unit == 0 or non-finite,NQH19-CME,1957072,2018-12-20 16:39:25.138000+00:00,6277.75,{'stop_loss_price': 6277.75}
INVALID_RISK_UNIT,risk_unit == 0 or non-finite,NQH19-CME,1969163,2018-12-20 16:45:11.182000+00:00,6259.25,{'stop_loss_price': 6259.25}
INVALID_RISK_UNIT,risk_unit == 0 or non-finite,NQH19-CME,1969164,2018-12-20 16:45:11.183000+00:00,6259.25,{'stop_loss_price': 6259.25}
INVALID_RISK_UNIT,risk_unit == 0 or non-finite,NQH19-CME,1969165,2018-12-20 16:45:11.184000+00:00,6259.25,{'stop_loss_price': 6259.25}
INVALID_RISK_UNIT,risk_unit == 0 or non-finite,NQH19-CME,1969166,2018-12-20 16:45:11.185000+00:00,6259.25,{'stop_loss_price': 6259.25}
INVALID_RISK_UNIT,risk_unit == 0 or non-finite,NQH19-CME,1969167,2018-12-20 16:45:11.186000+00:00,6259.25,{'stop_loss_price': 6259.25}
INVALID_RISK_UNIT,risk_unit == 0 or non-finite,NQH19-CME,1969830,2018-12-20 16:45:28.159000+00:00,6256.5,{'stop_loss_price': 6256.5}
INVALID_RISK_UNIT,risk_unit == 0 or non-finite,NQH19-CME,1969831,2018-12-20 16:45:28.160000+00:00,6256.5,{'stop_loss_price': 6256.5}
INVALID_RISK_UNIT,risk_unit == 0 or non-finite,NQH19-CME,1969835,2018-12-20 16:45:28.164000+00:00,6256.5,{'stop_loss_price': 6256.5}
INVALID_RISK_UNIT,risk_unit == 0 or non-finite,NQH19-CME,1987533,2018-12-20 16:52:27.023000+00:00,6225.25,{'stop_loss_price': 6225.25}
INVALID_RISK_UNIT,risk_unit == 0 or non-finite,NQH19-CME,2112588,2018-12-20 18:03:44.003000+00:00,6261.25,{'stop_loss_price': 6261.25}
INVALID_RISK_UNIT,risk_unit == 0 or non-finite,NQH19-CME,2112589,2018-12-20 18:03:44.004000+00:00,6261.25,{'stop_loss_price': 6261.25}
INVALID_RISK_UNIT,risk_unit == 0 or non-finite,NQH19-CME,2112590,2018-12-20 18:03:44.005000+00:00,6261.25,{'stop_loss_price': 6261.25}
INVALID_RISK_UNIT,risk_unit == 0 or non-finite,NQH19-CME,2112591,2018-12-20 18:03:44.006000+00:00,6261.25,{'stop_loss_price': 6261.25}
INVALID_RISK_UNIT,risk_unit == 0 or non-finite,NQH19-CME,2112592,2018-12-20 18:03:44.007000+00:00,6261.25,{'stop_loss_price': 6261.25}
INVALID_RISK_UNIT,risk_unit == 0 or non-finite,NQH19-CME,2112593,2018-12-20 18:03:44.008000+00:00,6261.25,{'stop_loss_price': 6261.25}
INVALID_RISK_UNIT,risk_unit == 0 or non-finite,NQH19-CME,2112594,2018-12-20 18:03:44.009000+00:00,6261.25,{'stop_loss_price': 6261.25}
INVALID_RISK_UNIT,risk_unit == 0 or non-finite,NQH19-CME,2112595,2018-12-20 18:03:44.010000+00:00,6261.25,{'stop_loss_price': 6261.25}
INVALID_RISK_UNIT,risk_unit == 0 or non-finite,NQH19-CME,2118311,2018-12-20 18:09:33.022000+00:00,6257.25,{'stop_loss_price': 6257.25}
INVALID_RISK_UNIT,risk_unit == 0 or non-finite,NQH19-CME,2118312,2018-12-20 18:09:33.023000+00:00,6257.25,{'stop_loss_price': 6257.25}
INVALID_RISK_UNIT,risk_unit == 0 or non-finite,NQH19-CME,2118313,2018-12-20 18:09:33.024000+00:00,6257.25,{'stop_loss_price': 6257.25}
INVALID_RISK_UNIT,risk_unit == 0 or non-finite,NQH19-CME,2118314,2018-12-20 18:09:33.025000+00:00,6257.25,{'stop_loss_price': 6257.25}
INVALID_RISK_UNIT,risk_unit == 0 or non-finite,NQH19-CME,2118315,2018-12-20 18:09:33.026000+00:00,6257.25,{'stop_loss_price': 6257.25}
INVALID_RISK_UNIT,risk_unit == 0 or non-finite,NQH19-CME,2149608,2018-12-20 18:37:33.006000+00:00,6246.0,{'stop_loss_price': 6246.0}
INVALID_RISK_UNIT,risk_unit == 0 or non-finite,NQH19-CME,2149609,2018-12-20 18:37:33.007000+00:00,6246.0,{'stop_loss_price': 6246.0}
INVALID_RISK_UNIT,risk_unit == 0 or non-finite,NQH19-CME,2265820,2018-12-20 19:45:46.058000+00:00,6296.0,{'stop_loss_price': 6296.0}
INVALID_RISK_UNIT,risk_unit == 0 or non-finite,NQH19-CME,2331449,2018-12-20 20:24:46.008000+00:00,6309.75,{'stop_loss_price': 6309.75}
INVALID_RISK_UNIT,risk_unit == 0 or non-finite,NQH19-CME,2331450,2018-12-20 20:24:46.009000+00:00,6309.75,{'stop_loss_price': 6309.75}
INVALID_RISK_UNIT,risk_unit == 0 or non-finite,NQH19-CME,2392461,2018-12-20 20:59:32.146000+00:00,6259.5,{'stop_loss_price': 6259.5}
INVALID_RISK_UNIT,risk_unit == 0 or non-finite,NQH19-CME,2392462,2018-12-20 20:59:32.147000+00:00,6259.5,{'stop_loss_price': 6259.5}
INVALID_RISK_UNIT,risk_unit == 0 or non-finite,NQH19-CME,2392463,2018-12-20 20:59:32.148000+00:00,6259.5,{'stop_loss_price': 6259.5}
INVALID_RISK_UNIT,risk_unit == 0 or non-finite,NQH19-CME,2392464,2018-12-20 20:59:32.149000+00:00,6259.5,{'stop_loss_price': 6259.5}
INVALID_RISK_UNIT,risk_unit == 0 or non-finite,NQH19-CME,2392465,2018-12-20 20:59:32.150000+00:00,6259.5,{'stop_loss_price': 6259.5}
INVALID_RISK_UNIT,risk_unit == 0 or non-finite,NQH19-CME,2392466,2018-12-20 20:59:32.151000+00:00,6259.5,{'stop_loss_price': 6259.5}
INVALID_RISK_UNIT,risk_unit == 0 or non-finite,NQH19-CME,2392467,2018-12-20 20:59:32.152000+00:00,6259.5,{'stop_loss_price': 6259.5}
INVALID_RISK_UNIT,risk_unit == 0 or non-finite,NQH19-CME,2393035,2018-12-20 20:59:37.097000+00:00,6260.5,{'stop_loss_price': 6260.5}
INVALID_RISK_UNIT,risk_unit == 0 or non-finite,NQH19-CME,2408546,2018-12-20 21:06:19.004000+00:00,6283.25,{'stop_loss_price': 6283.25}
INVALID_RISK_UNIT,risk_unit == 0 or non-finite,NQH19-CME,2408547,2018-12-20 21:06:19.005000+00:00,6283.25,{'stop_loss_price': 6283.25}
INVALID_RISK_UNIT,risk_unit == 0 or non-finite,NQH19-CME,2408548,2018-12-20 21:06:19.006000+00:00,6283.25,{'stop_loss_price': 6283.25}
INVALID_RISK_UNIT,risk_unit == 0 or non-finite,NQH19-CME,2408549,2018-12-20 21:06:19.007000+00:00,6283.25,{'stop_loss_price': 6283.25}
INVALID_RISK_UNIT,risk_unit == 0 or non-finite,NQH19-CME,2408550,2018-12-20 21:06:19.008000+00:00,6283.25,{'stop_loss_price': 6283.25}
INVALID_RISK_UNIT,risk_unit == 0 or non-finite,NQH19-CME,2408551,2018-12-20 21:06:19.009000+00:00,6283.25,{'stop_loss_price': 6283.25}
INVALID_RISK_UNIT,risk_unit == 0 or non-finite,NQH19-CME,2415150,2018-12-20 21:14:00.018000+00:00,6310.5,{'stop_loss_price': 6310.5}
INVALID_RISK_UNIT,risk_unit == 0 or non-finite,NQH19-CME,2445870,2018-12-21 06:18:52+00:00,6299.5,{'stop_loss_price': 6299.5}
INVALID_RISK_UNIT,risk_unit == 0 or non-finite,NQH19-CME,2448537,2018-12-21 07:01:09.012000+00:00,6324.0,{'stop_loss_price': 6324.0}
INVALID_RISK_UNIT,risk_unit == 0 or non-finite,NQH19-CME,2455289,2018-12-21 08:04:00+00:00,6307.5,{'stop_loss_price': 6307.5}
INVALID_RISK_UNIT,risk_unit == 0 or non-finite,NQH19-CME,2463479,2018-12-21 08:43:18.004000+00:00,6287.0,{'stop_loss_price': 6287.0}
INVALID_RISK_UNIT,risk_unit == 0 or non-finite,NQH19-CME,2472549,2018-12-21 09:22:52+00:00,6275.5,{'stop_loss_price': 6275.5}
INVALID_RISK_UNIT,risk_unit == 0 or non-finite,NQH19-CME,2476388,2018-12-21 09:37:33.001000+00:00,6286.0,{'stop_loss_price': 6286.0}
INVALID_RISK_UNIT,risk_unit == 0 or non-finite,NQH19-CME,2481801,2018-12-21 10:08:30+00:00,6285.75,{'stop_loss_price': 6285.75}
INVALID_RISK_UNIT,risk_unit == 0 or non-finite,NQH19-CME,2493744,2018-12-21 11:09:28+00:00,6297.25,{'stop_loss_price': 6297.25}
INVALID_RISK_UNIT,risk_unit == 0 or non-finite,NQH19-CME,2496017,2018-12-21 11:22:01+00:00,6292.0,{'stop_loss_price': 6292.0}
INVALID_RISK_UNIT,risk_unit == 0 or non-finite,NQH19-CME,2517213,2018-12-21 13:33:42+00:00,6313.0,{'stop_loss_price': 6313.0}
INVALID_RISK_UNIT,risk_unit == 0 or non-finite,NQH19-CME,2517214,2018-12-21 13:33:42.001000+00:00,6313.0,{'stop_loss_price': 6313.0}
INVALID_RISK_UNIT,risk_unit == 0 or non-finite,NQH19-CME,2517215,2018-12-21 13:33:42.002000+00:00,6313.0,{'stop_loss_price': 6313.0}
INVALID_RISK_UNIT,risk_unit == 0 or non-finite,NQH19-CME,2517216,2018-12-21 13:33:42.003000+00:00,6313.0,{'stop_loss_price': 6313.0}
INVALID_RISK_UNIT,risk_unit == 0 or non-finite,NQH19-CME,2534128,2018-12-21 14:08:10.008000+00:00,6319.5,{'stop_loss_price': 6319.5}
INVALID_RISK_UNIT,risk_unit == 0 or non-finite,NQH19-CME,2534129,2018-12-21 14:08:10.009000+00:00,6319.5,{'stop_loss_price': 6319.5}
INVALID_RISK_UNIT,risk_unit == 0 or non-finite,NQH19-CME,2534130,2018-12-21 14:08:10.010000+00:00,6319.5,{'stop_loss_price': 6319.5}
INVALID_RISK_UNIT,risk_unit == 0 or non-finite,NQH19-CME,2534131,2018-12-21 14:08:10.011000+00:00,6319.5,{'stop_loss_price': 6319.5}
INVALID_RISK_UNIT,risk_unit == 0 or non-finite,NQH19-CME,2534132,2018-12-21 14:08:10.012000+00:00,6319.5,{'stop_loss_price': 6319.5}
INVALID_RISK_UNIT,risk_unit == 0 or non-finite,NQH19-CME,2534134,2018-12-21 14:08:10.014000+00:00,6319.5,{'stop_loss_price': 6319.5}
INVALID_RISK_UNIT,risk_unit == 0 or non-finite,NQH19-CME,2538209,2018-12-21 14:19:39.011000+00:00,6334.0,{'stop_loss_price': 6334.0}
INVALID_RISK_UNIT,risk_unit == 0 or non-finite,NQH19-CME,2543987,2018-12-21 14:27:33.008000+00:00,6313.75,{'stop_loss_price': 6313.75}
INVALID_RISK_UNIT,risk_unit == 0 or non-finite,NQH19-CME,2543988,2018-12-21 14:27:33.009000+00:00,6313.75,{'stop_loss_price': 6313.75}
INVALID_RISK_UNIT,risk_unit == 0 or non-finite,NQH19-CME,2552817,2018-12-21 14:30:06.348000+00:00,6304.0,{'stop_loss_price': 6304.0}
INVALID_RISK_UNIT,risk_unit == 0 or non-finite,NQH19-CME,2587539,2018-12-21 14:42:27.035000+00:00,6290.0,{'stop_loss_price': 6290.0}
INVALID_RISK_UNIT,risk_unit == 0 or non-finite,NQH19-CME,2587540,2018-12-21 14:42:27.036000+00:00,6290.0,{'stop_loss_price': 6290.0}
INVALID_RISK_UNIT,risk_unit == 0 or non-finite,NQH19-CME,2587541,2018-12-21 14:42:27.037000+00:00,6290.0,{'stop_loss_price': 6290.0}
INVALID_RISK_UNIT,risk_unit == 0 or non-finite,NQH19-CME,2587542,2018-12-21 14:42:27.038000+00:00,6290.0,{'stop_loss_price': 6290.0}
INVALID_RISK_UNIT,risk_unit == 0 or non-finite,NQH19-CME,2595829,2018-12-21 14:47:11.002000+00:00,6277.5,{'stop_loss_price': 6277.5}
INVALID_RISK_UNIT,risk_unit == 0 or non-finite,NQH19-CME,2595830,2018-12-21 14:47:11.003000+00:00,6277.5,{'stop_loss_price': 6277.5}
INVALID_RISK_UNIT,risk_unit == 0 or non-finite,NQH19-CME,2604586,2018-12-21 14:50:57.004000+00:00,6268.0,{'stop_loss_price': 6268.0}
INVALID_RISK_UNIT,risk_unit == 0 or non-finite,NQH19-CME,2604587,2018-12-21 14:50:57.005000+00:00,6268.0,{'stop_loss_price': 6268.0}
INVALID_RISK_UNIT,risk_unit == 0 or non-finite,NQH19-CME,2604590,2018-12-21 14:50:57.008000+00:00,6268.0,{'stop_loss_price': 6268.0}
INVALID_RISK_UNIT,risk_unit == 0 or non-finite,NQH19-CME,2604591,2018-12-21 14:50:57.009000+00:00,6268.0,{'stop_loss_price': 6268.0}
INVALID_RISK_UNIT,risk_unit == 0 or non-finite,NQH19-CME,2618305,2018-12-21 15:00:10.025000+00:00,6271.75,{'stop_loss_price': 6271.75}
INVALID_RISK_UNIT,risk_unit == 0 or non-finite,NQH19-CME,2644116,2018-12-21 15:11:33.082000+00:00,6268.0,{'stop_loss_price': 6268.0}
INVALID_RISK_UNIT,risk_unit == 0 or non-finite,NQH19-CME,2722526,2018-12-21 15:54:11.004000+00:00,6252.5,{'stop_loss_price': 6252.5}
INVALID_RISK_UNIT,risk_unit == 0 or non-finite,NQH19-CME,2724230,2018-12-21 15:55:20.008000+00:00,6262.25,{'stop_loss_price': 6262.25}
INVALID_RISK_UNIT,risk_unit == 0 or non-finite,NQH19-CME,2792364,2018-12-21 16:43:14.002000+00:00,6207.75,{'stop_loss_price': 6207.75}
INVALID_RISK_UNIT,risk_unit == 0 or non-finite,NQH19-CME,2816103,2018-12-21 17:01:09.002000+00:00,6173.75,{'stop_loss_price': 6173.75}
INVALID_RISK_UNIT,risk_unit == 0 or non-finite,NQH19-CME,2816104,2018-12-21 17:01:09.003000+00:00,6173.75,{'stop_loss_price': 6173.75}
INVALID_RISK_UNIT,risk_unit == 0 or non-finite,NQH19-CME,2816105,2018-12-21 17:01:09.004000+00:00,6173.75,{'stop_loss_price': 6173.75}
INVALID_RISK_UNIT,risk_unit == 0 or non-finite,NQH19-CME,2816106,2018-12-21 17:01:09.005000+00:00,6173.75,{'stop_loss_price': 6173.75}
INVALID_RISK_UNIT,risk_unit == 0 or non-finite,NQH19-CME,2816107,2018-12-21 17:01:09.006000+00:00,6173.75,{'stop_loss_price': 6173.75}
INVALID_RISK_UNIT,risk_unit == 0 or non-finite,NQH19-CME,2816108,2018-12-21 17:01:09.007000+00:00,6173.75,{'stop_loss_price': 6173.75}
INVALID_RISK_UNIT,risk_unit == 0 or non-finite,NQH19-CME,2816109,2018-12-21 17:01:09.008000+00:00,6173.75,{'stop_loss_price': 6173.75}
INVALID_RISK_UNIT,risk_unit == 0 or non-finite,NQH19-CME,2816110,2018-12-21 17:01:09.009000+00:00,6173.75,{'stop_loss_price': 6173.75}
INVALID_RISK_UNIT,risk_unit == 0 or non-finite,NQH19-CME,2879952,2018-12-21 17:34:21.075000+00:00,6106.5,{'stop_loss_price': 6106.5}
INVALID_RISK_UNIT,risk_unit == 0 or non-finite,NQH19-CME,2879953,2018-12-21 17:34:21.076000+00:00,6106.5,{'stop_loss_price': 6106.5}
INVALID_RISK_UNIT,risk_unit == 0 or non-finite,NQH19-CME,2879954,2018-12-21 17:34:21.077000+00:00,6106.5,{'stop_loss_price': 6106.5}
INVALID_RISK_UNIT,risk_unit == 0 or non-finite,NQH19-CME,2921271,2018-12-21 18:02:52.005000+00:00,6149.25,{'stop_loss_price': 6149.25}
INVALID_RISK_UNIT,risk_unit == 0 or non-finite,NQH19-CME,2921272,2018-12-21 18:02:52.006000+00:00,6149.25,{'stop_loss_price': 6149.25}
INVALID_RISK_UNIT,risk_unit == 0 or non-finite,NQH19-CME,2930539,2018-12-21 18:12:03.006000+00:00,6131.75,{'stop_loss_price': 6131.75}
INVALID_RISK_UNIT,risk_unit == 0 or non-finite,NQH19-CME,2930540,2018-12-21 18:12:03.007000+00:00,6131.75,{'stop_loss_price': 6131.75}
INVALID_RISK_UNIT,risk_unit == 0 or non-finite,NQH19-CME,2932645,2018-12-21 18:14:42.016000+00:00,6144.25,{'stop_loss_price': 6144.25}
INVALID_RISK_UNIT,risk_unit == 0 or non-finite,NQH19-CME,2944320,2018-12-21 18:25:43.021000+00:00,6162.75,{'stop_loss_price': 6162.75}
INVALID_RISK_UNIT,risk_unit == 0 or non-finite,NQH19-CME,2993453,2018-12-21 19:14:53.002000+00:00,6116.25,{'stop_loss_price': 6116.25}
INVALID_RISK_UNIT,risk_unit == 0 or non-finite,NQH19-CME,2993454,2018-12-21 19:14:53.003000+00:00,6116.25,{'stop_loss_price': 6116.25}
INVALID_RISK_UNIT,risk_unit == 0 or non-finite,NQH19-CME,2993455,2018-12-21 19:14:54+00:00,6116.25,{'stop_loss_price': 6116.25}
INVALID_RISK_UNIT,risk_unit == 0 or non-finite,NQH19-CME,2993456,2018-12-21 19:14:54.001000+00:00,6116.25,{'stop_loss_price': 6116.25}
INVALID_RISK_UNIT,risk_unit == 0 or non-finite,NQH19-CME,2993457,2018-12-21 19:14:54.002000+00:00,6116.25,{'stop_loss_price': 6116.25}
INVALID_RISK_UNIT,risk_unit == 0 or non-finite,NQH19-CME,2993461,2018-12-21 19:14:54.006000+00:00,6116.25,{'stop_loss_price': 6116.25}
INVALID_RISK_UNIT,risk_unit == 0 or non-finite,NQH19-CME,2993462,2018-12-21 19:14:54.007000+00:00,6116.25,{'stop_loss_price': 6116.25}
INVALID_RISK_UNIT,risk_unit == 0 or non-finite,NQH19-CME,2995294,2018-12-21 19:16:13+00:00,6129.5,{'stop_loss_price': 6129.5}
INVALID_RISK_UNIT,risk_unit == 0 or non-finite,NQH19-CME,3017085,2018-12-21 19:44:00.011000+00:00,6112.25,{'stop_loss_price': 6112.25}
INVALID_RISK_UNIT,risk_unit == 0 or non-finite,NQH19-CME,3051223,2018-12-21 20:17:22.052000+00:00,6083.25,{'stop_loss_price': 6083.25}
INVALID_RISK_UNIT,risk_unit == 0 or non-finite,NQH19-CME,3098035,2018-12-21 20:45:37.052000+00:00,6075.25,{'stop_loss_price': 6075.25}
INVALID_RISK_UNIT,risk_unit == 0 or non-finite,NQH19-CME,3107992,2018-12-21 20:52:10.019000+00:00,6051.5,{'stop_loss_price': 6051.5}
INVALID_RISK_UNIT,risk_unit == 0 or non-finite,NQH19-CME,3166992,2018-12-24 01:51:42.008000+00:00,6075.5,{'stop_loss_price': 6075.5}
INVALID_RISK_UNIT,risk_unit == 0 or non-finite,NQH19-CME,3240036,2018-12-24 13:23:58.026000+00:00,6040.75,{'stop_loss_price': 6040.75}
INVALID_RISK_UNIT,risk_unit == 0 or non-finite,NQH19-CME,3277588,2018-12-24 14:39:15.003000+00:00,6022.25,{'stop_loss_price': 6022.25}
INVALID_RISK_UNIT,risk_unit == 0 or non-finite,NQH19-CME,3277589,2018-12-24 14:39:15.004000+00:00,6022.25,{'stop_loss_price': 6022.25}
INVALID_RISK_UNIT,risk_unit == 0 or non-finite,NQH19-CME,3284873,2018-12-24 14:43:54+00:00,5998.75,{'stop_loss_price': 5998.75}
INVALID_RISK_UNIT,risk_unit == 0 or non-finite,NQH19-CME,3286904,2018-12-24 14:45:05.020000+00:00,5994.25,{'stop_loss_price': 5994.25}
INVALID_RISK_UNIT,risk_unit == 0 or non-finite,NQH19-CME,3286905,2018-12-24 14:45:05.021000+00:00,5994.25,{'stop_loss_price': 5994.25}
INVALID_RISK_UNIT,risk_unit == 0 or non-finite,NQH19-CME,3289741,2018-12-24 14:46:14.080000+00:00,5988.5,{'stop_loss_price': 5988.5}
INVALID_RISK_UNIT,risk_unit == 0 or non-finite,NQH19-CME,3289742,2018-12-24 14:46:14.081000+00:00,5988.5,{'stop_loss_price': 5988.5}
INVALID_RISK_UNIT,risk_unit == 0 or non-finite,NQH19-CME,3299796,2018-12-24 14:50:00+00:00,5961.0,{'stop_loss_price': 5961.0}
INVALID_RISK_UNIT,risk_unit == 0 or non-finite,NQH19-CME,3323185,2018-12-24 15:04:05.037000+00:00,5974.0,{'stop_loss_price': 5974.0}
INVALID_RISK_UNIT,risk_unit == 0 or non-finite,NQH19-CME,3334779,2018-12-24 15:10:48.015000+00:00,5981.75,{'stop_loss_price': 5981.75}
INVALID_RISK_UNIT,risk_unit == 0 or non-finite,NQH19-CME,3342341,2018-12-24 15:15:01.032000+00:00,6001.25,{'stop_loss_price': 6001.25}
INVALID_RISK_UNIT,risk_unit == 0 or non-finite,NQH19-CME,3402941,2018-12-24 15:55:55.004000+00:00,6036.5,{'stop_loss_price': 6036.5}
INVALID_RISK_UNIT,risk_unit == 0 or non-finite,NQH19-CME,3440262,2018-12-24 16:28:32.007000+00:00,6006.25,{'stop_loss_price': 6006.25}
INVALID_RISK_UNIT,risk_unit == 0 or non-finite,NQH19-CME,3440274,2018-12-24 16:28:33.004000+00:00,6006.0,{'stop_loss_price': 6006.0}
INVALID_RISK_UNIT,risk_unit == 0 or non-finite,NQH19-CME,3440275,2018-12-24 16:28:33.005000+00:00,6006.0,{'stop_loss_price': 6006.0}
INVALID_RISK_UNIT,risk_unit == 0 or non-finite,NQH19-CME,3440276,2018-12-24 16:28:33.006000+00:00,6006.0,{'stop_loss_price': 6006.0}
INVALID_RISK_UNIT,risk_unit == 0 or non-finite,NQH19-CME,3440277,2018-12-24 16:28:33.007000+00:00,6006.0,{'stop_loss_price': 6006.0}
INVALID_RISK_UNIT,risk_unit == 0 or non-finite,NQH19-CME,3443506,2018-12-24 16:32:29.001000+00:00,6022.5,{'stop_loss_price': 6022.5}
INVALID_RISK_UNIT,risk_unit == 0 or non-finite,NQH19-CME,3443507,2018-12-24 16:32:29.002000+00:00,6022.5,{'stop_loss_price': 6022.5}
INVALID_RISK_UNIT,risk_unit == 0 or non-finite,NQH19-CME,3470989,2018-12-24 17:04:34.008000+00:00,5997.25,{'stop_loss_price': 5997.25}
INVALID_RISK_UNIT,risk_unit == 0 or non-finite,NQH19-CME,3473703,2018-12-24 17:08:47+00:00,5993.25,{'stop_loss_price': 5993.25}
INVALID_RISK_UNIT,risk_unit == 0 or non-finite,NQH19-CME,3551749,2018-12-26 01:21:10.003000+00:00,5902.0,{'stop_loss_price': 5902.0}
INVALID_RISK_UNIT,risk_unit == 0 or non-finite,NQH19-CME,3557120,2018-12-26 01:47:51.008000+00:00,5875.25,{'stop_loss_price': 5875.25}
INVALID_RISK_UNIT,risk_unit == 0 or non-finite,NQH19-CME,3557121,2018-12-26 01:47:51.009000+00:00,5875.25,{'stop_loss_price': 5875.25}
INVALID_RISK_UNIT,risk_unit == 0 or non-finite,NQH19-CME,3579543,2018-12-26 04:44:31+00:00,5870.75,{'stop_loss_price': 5870.75}
INVALID_RISK_UNIT,risk_unit == 0 or non-finite,NQH19-CME,3579544,2018-12-26 04:44:32+00:00,5870.75,{'stop_loss_price': 5870.75}
INVALID_RISK_UNIT,risk_unit == 0 or non-finite,NQH19-CME,3579554,2018-12-26 04:44:37+00:00,5871.25,{'stop_loss_price': 5871.25}
INVALID_RISK_UNIT,risk_unit == 0 or non-finite,NQH19-CME,3580961,2018-12-26 04:57:16.038000+00:00,5857.25,{'stop_loss_price': 5857.25}
INVALID_RISK_UNIT,risk_unit == 0 or non-finite,NQH19-CME,3594369,2018-12-26 06:23:45.003000+00:00,5881.25,{'stop_loss_price': 5881.25}
INVALID_RISK_UNIT,risk_unit == 0 or non-finite,NQH19-CME,3596455,2018-12-26 06:43:11.002000+00:00,5884.25,{'stop_loss_price': 5884.25}
INVALID_RISK_UNIT,risk_unit == 0 or non-finite,NQH19-CME,3596456,2018-12-26 06:43:12+00:00,5884.25,{'stop_loss_price': 5884.25}
INVALID_RISK_UNIT,risk_unit == 0 or non-finite,NQH19-CME,3596458,2018-12-26 06:43:16+00:00,5884.25,{'stop_loss_price': 5884.25}
INVALID_RISK_UNIT,risk_unit == 0 or non-finite,NQH19-CME,3609889,2018-12-26 08:53:55+00:00,5910.75,{'stop_loss_price': 5910.75}
INVALID_RISK_UNIT,risk_unit == 0 or non-finite,NQH19-CME,3616009,2018-12-26 09:55:48.027000+00:00,5926.25,{'stop_loss_price': 5926.25}
INVALID_RISK_UNIT,risk_unit == 0 or non-finite,NQH19-CME,3631193,2018-12-26 11:54:13+00:00,5920.25,{'stop_loss_price': 5920.25}
INVALID_RISK_UNIT,risk_unit == 0 or non-finite,NQH19-CME,3631779,2018-12-26 12:00:15.002000+00:00,5922.5,{'stop_loss_price': 5922.5}
INVALID_RISK_UNIT,risk_unit == 0 or non-finite,NQH19-CME,3648239,2018-12-26 13:17:57+00:00,5944.75,{'stop_loss_price': 5944.75}
INVALID_RISK_UNIT,risk_unit == 0 or non-finite,NQH19-CME,3652216,2018-12-26 13:32:50.004000+00:00,5944.25,{'stop_loss_price': 5944.25}
INVALID_RISK_UNIT,risk_unit == 0 or non-finite,NQH19-CME,3656424,2018-12-26 13:52:42+00:00,5960.0,{'stop_loss_price': 5960.0}
INVALID_RISK_UNIT,risk_unit == 0 or non-finite,NQH19-CME,3656425,2018-12-26 13:52:44+00:00,5960.0,{'stop_loss_price': 5960.0}
INVALID_RISK_UNIT,risk_unit == 0 or non-finite,NQH19-CME,3656426,2018-12-26 13:52:44.001000+00:00,5960.0,{'stop_loss_price': 5960.0}
INVALID_RISK_UNIT,risk_unit == 0 or non-finite,NQH19-CME,3677812,2018-12-26 14:32:41.019000+00:00,6011.75,{'stop_loss_price': 6011.75}
INVALID_RISK_UNIT,risk_unit == 0 or non-finite,NQH19-CME,3677813,2018-12-26 14:32:41.020000+00:00,6011.75,{'stop_loss_price': 6011.75}
INVALID_RISK_UNIT,risk_unit == 0 or non-finite,NQH19-CME,3677814,2018-12-26 14:32:41.021000+00:00,6011.75,{'stop_loss_price': 6011.75}
INVALID_RISK_UNIT,risk_unit == 0 or non-finite,NQH19-CME,3677817,2018-12-26 14:32:41.024000+00:00,6011.75,{'stop_loss_price': 6011.75}
INVALID_RISK_UNIT,risk_unit == 0 or non-finite,NQH19-CME,3704315,2018-12-26 14:45:57.008000+00:00,6011.75,{'stop_loss_price': 6011.75}
INVALID_RISK_UNIT,risk_unit == 0 or non-finite,NQH19-CME,3704316,2018-12-26 14:45:57.009000+00:00,6011.75,{'stop_loss_price': 6011.75}
INVALID_RISK_UNIT,risk_unit == 0 or non-finite,NQH19-CME,3704317,2018-12-26 14:45:57.010000+00:00,6011.75,{'stop_loss_price': 6011.75}
INVALID_RISK_UNIT,risk_unit == 0 or non-finite,NQH19-CME,3704318,2018-12-26 14:45:57.011000+00:00,6011.75,{'stop_loss_price': 6011.75}
INVALID_RISK_UNIT,risk_unit == 0 or non-finite,NQH19-CME,3722071,2018-12-26 15:03:23.001000+00:00,6004.5,{'stop_loss_price': 6004.5}
INVALID_RISK_UNIT,risk_unit == 0 or non-finite,NQH19-CME,3722072,2018-12-26 15:03:23.002000+00:00,6004.5,{'stop_loss_price': 6004.5}
INVALID_RISK_UNIT,risk_unit == 0 or non-finite,NQH19-CME,3736397,2018-12-26 15:13:34+00:00,5969.5,{'stop_loss_price': 5969.5}
INVALID_RISK_UNIT,risk_unit == 0 or non-finite,NQH19-CME,3736398,2018-12-26 15:13:34.001000+00:00,5969.5,{'stop_loss_price': 5969.5}
INVALID_RISK_UNIT,risk_unit == 0 or non-finite,NQH19-CME,3736399,2018-12-26 15:13:34.002000+00:00,5969.5,{'stop_loss_price': 5969.5}
INVALID_RISK_UNIT,risk_unit == 0 or non-finite,NQH19-CME,3736400,2018-12-26 15:13:34.003000+00:00,5969.5,{'stop_loss_price': 5969.5}
INVALID_RISK_UNIT,risk_unit == 0 or non-finite,NQH19-CME,3792058,2018-12-26 16:04:43.084000+00:00,5969.75,{'stop_loss_price': 5969.75}
INVALID_RISK_UNIT,risk_unit == 0 or non-finite,NQH19-CME,3803159,2018-12-26 16:16:12.002000+00:00,5991.5,{'stop_loss_price': 5991.5}
INVALID_RISK_UNIT,risk_unit == 0 or non-finite,NQH19-CME,3803160,2018-12-26 16:16:12.003000+00:00,5991.5,{'stop_loss_price': 5991.5}
INVALID_RISK_UNIT,risk_unit == 0 or non-finite,NQH19-CME,3803161,2018-12-26 16:16:12.004000+00:00,5991.5,{'stop_loss_price': 5991.5}
INVALID_RISK_UNIT,risk_unit == 0 or non-finite,NQH19-CME,3816489,2018-12-26 16:31:10.018000+00:00,6012.25,{'stop_loss_price': 6012.25}
INVALID_RISK_UNIT,risk_unit == 0 or non-finite,NQH19-CME,3830057,2018-12-26 16:46:10+00:00,6032.5,{'stop_loss_price': 6032.5}
INVALID_RISK_UNIT,risk_unit == 0 or non-finite,NQH19-CME,3848017,2018-12-26 17:01:32.041000+00:00,6071.25,{'stop_loss_price': 6071.25}
INVALID_RISK_UNIT,risk_unit == 0 or non-finite,NQH19-CME,3883353,2018-12-26 17:38:54.155000+00:00,6111.5,{'stop_loss_price': 6111.5}
INVALID_RISK_UNIT,risk_unit == 0 or non-finite,NQH19-CME,3883354,2018-12-26 17:38:54.156000+00:00,6111.5,{'stop_loss_price': 6111.5}
INVALID_RISK_UNIT,risk_unit == 0 or non-finite,NQH19-CME,3883355,2018-12-26 17:38:54.157000+00:00,6111.5,{'stop_loss_price': 6111.5}
INVALID_RISK_UNIT,risk_unit == 0 or non-finite,NQH19-CME,3883356,2018-12-26 17:38:54.158000+00:00,6111.5,{'stop_loss_price': 6111.5}
INVALID_RISK_UNIT,risk_unit == 0 or non-finite,NQH19-CME,3883357,2018-12-26 17:38:54.159000+00:00,6111.5,{'stop_loss_price': 6111.5}
INVALID_RISK_UNIT,risk_unit == 0 or non-finite,NQH19-CME,3883358,2018-12-26 17:38:54.160000+00:00,6111.5,{'stop_loss_price': 6111.5}
INVALID_RISK_UNIT,risk_unit == 0 or non-finite,NQH19-CME,3883359,2018-12-26 17:38:54.161000+00:00,6111.5,{'stop_loss_price': 6111.5}
INVALID_RISK_UNIT,risk_unit == 0 or non-finite,NQH19-CME,3883360,2018-12-26 17:38:54.162000+00:00,6111.5,{'stop_loss_price': 6111.5}
INVALID_RISK_UNIT,risk_unit == 0 or non-finite,NQH19-CME,3883361,2018-12-26 17:38:54.163000+00:00,6111.5,{'stop_loss_price': 6111.5}
INVALID_RISK_UNIT,risk_unit == 0 or non-finite,NQH19-CME,3883363,2018-12-26 17:38:54.165000+00:00,6111.5,{'stop_loss_price': 6111.5}
INVALID_RISK_UNIT,risk_unit == 0 or non-finite,NQH19-CME,3973374,2018-12-26 19:48:02.045000+00:00,6143.5,{'stop_loss_price': 6143.5}
INVALID_RISK_UNIT,risk_unit == 0 or non-finite,NQH19-CME,3973667,2018-12-26 19:48:44.005000+00:00,6142.25,{'stop_loss_price': 6142.25}
INVALID_RISK_UNIT,risk_unit == 0 or non-finite,NQH19-CME,3990430,2018-12-26 20:12:34+00:00,6174.0,{'stop_loss_price': 6174.0}
INVALID_RISK_UNIT,risk_unit == 0 or non-finite,NQH19-CME,3990431,2018-12-26 20:12:34.001000+00:00,6174.0,{'stop_loss_price': 6174.0}
INVALID_RISK_UNIT,risk_unit == 0 or non-finite,NQH19-CME,3990435,2018-12-26 20:12:34.005000+00:00,6174.0,{'stop_loss_price': 6174.0}
INVALID_RISK_UNIT,risk_unit == 0 or non-finite,NQH19-CME,3990436,2018-12-26 20:12:34.006000+00:00,6174.0,{'stop_loss_price': 6174.0}
INVALID_RISK_UNIT,risk_unit == 0 or non-finite,NQH19-CME,3990437,2018-12-26 20:12:34.007000+00:00,6174.0,{'stop_loss_price': 6174.0}
INVALID_RISK_UNIT,risk_unit == 0 or non-finite,NQH19-CME,3990441,2018-12-26 20:12:35.001000+00:00,6174.0,{'stop_loss_price': 6174.0}
INVALID_RISK_UNIT,risk_unit == 0 or non-finite,NQH19-CME,4052677,2018-12-26 21:04:18.034000+00:00,6301.5,{'stop_loss_price': 6301.5}
INVALID_RISK_UNIT,risk_unit == 0 or non-finite,NQH19-CME,4088673,2018-12-27 02:48:58.001000+00:00,6264.0,{'stop_loss_price': 6264.0}
INVALID_RISK_UNIT,risk_unit == 0 or non-finite,NQH19-CME,4114507,2018-12-27 07:19:29+00:00,6245.0,{'stop_loss_price': 6245.0}
INVALID_RISK_UNIT,risk_unit == 0 or non-finite,NQH19-CME,4182417,2018-12-27 12:23:08.005000+00:00,6181.25,{'stop_loss_price': 6181.25}
INVALID_RISK_UNIT,risk_unit == 0 or non-finite,NQH19-CME,4182418,2018-12-27 12:23:08.006000+00:00,6181.25,{'stop_loss_price': 6181.25}
INVALID_RISK_UNIT,risk_unit == 0 or non-finite,NQH19-CME,4182419,2018-12-27 12:23:08.007000+00:00,6181.25,{'stop_loss_price': 6181.25}
INVALID_RISK_UNIT,risk_unit == 0 or non-finite,NQH19-CME,4214986,2018-12-27 14:20:22.025000+00:00,6191.5,{'stop_loss_price': 6191.5}
INVALID_RISK_UNIT,risk_unit == 0 or non-finite,NQH19-CME,4246702,2018-12-27 14:38:07.094000+00:00,6220.5,{'stop_loss_price': 6220.5}
INVALID_RISK_UNIT,risk_unit == 0 or non-finite,NQH19-CME,4306255,2018-12-27 15:08:14.017000+00:00,6163.0,{'stop_loss_price': 6163.0}
INVALID_RISK_UNIT,risk_unit == 0 or non-finite,NQH19-CME,4332305,2018-12-27 15:21:22.030000+00:00,6121.75,{'stop_loss_price': 6121.75}
INVALID_RISK_UNIT,risk_unit == 0 or non-finite,NQH19-CME,4332306,2018-12-27 15:21:22.031000+00:00,6121.75,{'stop_loss_price': 6121.75}
INVALID_RISK_UNIT,risk_unit == 0 or non-finite,NQH19-CME,4356924,2018-12-27 15:37:31.009000+00:00,6136.0,{'stop_loss_price': 6136.0}
INVALID_RISK_UNIT,risk_unit == 0 or non-finite,NQH19-CME,4412146,2018-12-27 16:28:11.030000+00:00,6166.75,{'stop_loss_price': 6166.75}
INVALID_RISK_UNIT,risk_unit == 0 or non-finite,NQH19-CME,4424253,2018-12-27 16:38:39.001000+00:00,6168.5,{'stop_loss_price': 6168.5}
INVALID_RISK_UNIT,risk_unit == 0 or non-finite,NQH19-CME,4437883,2018-12-27 16:53:03+00:00,6149.0,{'stop_loss_price': 6149.0}
INVALID_RISK_UNIT,risk_unit == 0 or non-finite,NQH19-CME,4494524,2018-12-27 18:12:28+00:00,6125.5,{'stop_loss_price': 6125.5}
INVALID_RISK_UNIT,risk_unit == 0 or non-finite,NQH19-CME,4494525,2018-12-27 18:12:28.001000+00:00,6125.5,{'stop_loss_price': 6125.5}
INVALID_RISK_UNIT,risk_unit == 0 or non-finite,NQH19-CME,4496325,2018-12-27 18:15:41+00:00,6128.5,{'stop_loss_price': 6128.5}
INVALID_RISK_UNIT,risk_unit == 0 or non-finite,NQH19-CME,4496326,2018-12-27 18:15:41.001000+00:00,6128.5,{'stop_loss_price': 6128.5}
INVALID_RISK_UNIT,risk_unit == 0 or non-finite,NQH19-CME,4505567,2018-12-27 18:34:42.040000+00:00,6119.25,{'stop_loss_price': 6119.25}
INVALID_RISK_UNIT,risk_unit == 0 or non-finite,NQH19-CME,4505568,2018-12-27 18:34:42.041000+00:00,6119.25,{'stop_loss_price': 6119.25}
INVALID_RISK_UNIT,risk_unit == 0 or non-finite,NQH19-CME,4505569,2018-12-27 18:34:42.042000+00:00,6119.25,{'stop_loss_price': 6119.25}
INVALID_RISK_UNIT,risk_unit == 0 or non-finite,NQH19-CME,4505570,2018-12-27 18:34:42.043000+00:00,6119.25,{'stop_loss_price': 6119.25}
INVALID_RISK_UNIT,risk_unit == 0 or non-finite,NQH19-CME,4508999,2018-12-27 18:42:03.003000+00:00,6107.0,{'stop_loss_price': 6107.0}
INVALID_RISK_UNIT,risk_unit == 0 or non-finite,NQH19-CME,4520285,2018-12-27 18:52:37.002000+00:00,6070.75,{'stop_loss_price': 6070.75}
INVALID_RISK_UNIT,risk_unit == 0 or non-finite,NQH19-CME,4532215,2018-12-27 19:04:39+00:00,6076.75,{'stop_loss_price': 6076.75}
INVALID_RISK_UNIT,risk_unit == 0 or non-finite,NQH19-CME,4532216,2018-12-27 19:04:39.001000+00:00,6076.75,{'stop_loss_price': 6076.75}
INVALID_RISK_UNIT,risk_unit == 0 or non-finite,NQH19-CME,4532217,2018-12-27 19:04:39.002000+00:00,6076.75,{'stop_loss_price': 6076.75}
INVALID_RISK_UNIT,risk_unit == 0 or non-finite,NQH19-CME,4532218,2018-12-27 19:04:39.003000+00:00,6076.75,{'stop_loss_price': 6076.75}
INVALID_RISK_UNIT,risk_unit == 0 or non-finite,NQH19-CME,4539530,2018-12-27 19:11:29.073000+00:00,6063.5,{'stop_loss_price': 6063.5}
INVALID_RISK_UNIT,risk_unit == 0 or non-finite,NQH19-CME,4557704,2018-12-27 19:30:44.026000+00:00,6087.0,{'stop_loss_price': 6087.0}
INVALID_RISK_UNIT,risk_unit == 0 or non-finite,NQH19-CME,4573562,2018-12-27 19:46:45+00:00,6118.5,{'stop_loss_price': 6118.5}
INVALID_RISK_UNIT,risk_unit == 0 or non-finite,NQH19-CME,4587410,2018-12-27 20:00:08.002000+00:00,6148.0,{'stop_loss_price': 6148.0}
INVALID_RISK_UNIT,risk_unit == 0 or non-finite,NQH19-CME,4603008,2018-12-27 20:14:45.002000+00:00,6172.25,{'stop_loss_price': 6172.25}
INVALID_RISK_UNIT,risk_unit == 0 or non-finite,NQH19-CME,4603009,2018-12-27 20:14:45.003000+00:00,6172.25,{'stop_loss_price': 6172.25}
INVALID_RISK_UNIT,risk_unit == 0 or non-finite,NQH19-CME,4609065,2018-12-27 20:22:05.005000+00:00,6187.0,{'stop_loss_price': 6187.0}
INVALID_RISK_UNIT,risk_unit == 0 or non-finite,NQH19-CME,4609066,2018-12-27 20:22:05.006000+00:00,6187.0,{'stop_loss_price': 6187.0}
INVALID_RISK_UNIT,risk_unit == 0 or non-finite,NQH19-CME,4706858,2018-12-28 00:09:50+00:00,6301.25,{'stop_loss_price': 6301.25}
INVALID_RISK_UNIT,risk_unit == 0 or non-finite,NQH19-CME,4721920,2018-12-28 02:26:46+00:00,6326.75,{'stop_loss_price': 6326.75}
INVALID_RISK_UNIT,risk_unit == 0 or non-finite,NQH19-CME,4721921,2018-12-28 02:26:46.001000+00:00,6326.75,{'stop_loss_price': 6326.75}
INVALID_RISK_UNIT,risk_unit == 0 or non-finite,NQH19-CME,4721922,2018-12-28 02:26:46.002000+00:00,6326.75,{'stop_loss_price': 6326.75}
INVALID_RISK_UNIT,risk_unit == 0 or non-finite,NQH19-CME,4746782,2018-12-28 07:15:00+00:00,6294.25,{'stop_loss_price': 6294.25}
INVALID_RISK_UNIT,risk_unit == 0 or non-finite,NQH19-CME,4757514,2018-12-28 08:23:25.008000+00:00,6306.5,{'stop_loss_price': 6306.5}
INVALID_RISK_UNIT,risk_unit == 0 or non-finite,NQH19-CME,4757515,2018-12-28 08:23:25.009000+00:00,6306.5,{'stop_loss_price': 6306.5}
INVALID_RISK_UNIT,risk_unit == 0 or non-finite,NQH19-CME,4757516,2018-12-28 08:23:25.010000+00:00,6306.5,{'stop_loss_price': 6306.5}
INVALID_RISK_UNIT,risk_unit == 0 or non-finite,NQH19-CME,4779301,2018-12-28 10:40:03+00:00,6352.5,{'stop_loss_price': 6352.5}
INVALID_RISK_UNIT,risk_unit == 0 or non-finite,NQH19-CME,4779302,2018-12-28 10:40:03.001000+00:00,6352.5,{'stop_loss_price': 6352.5}
INVALID_RISK_UNIT,risk_unit == 0 or non-finite,NQH19-CME,4793505,2018-12-28 11:48:59.002000+00:00,6360.25,{'stop_loss_price': 6360.25}
INVALID_RISK_UNIT,risk_unit == 0 or non-finite,NQH19-CME,4793506,2018-12-28 11:48:59.003000+00:00,6360.25,{'stop_loss_price': 6360.25}
INVALID_RISK_UNIT,risk_unit == 0 or non-finite,NQH19-CME,4843324,2018-12-28 14:36:09.037000+00:00,6293.5,{'stop_loss_price': 6293.5}
INVALID_RISK_UNIT,risk_unit == 0 or non-finite,NQH19-CME,4860343,2018-12-28 14:44:22.019000+00:00,6326.25,{'stop_loss_price': 6326.25}
INVALID_RISK_UNIT,risk_unit == 0 or non-finite,NQH19-CME,4920568,2018-12-28 15:21:22.004000+00:00,6301.75,{'stop_loss_price': 6301.75}
INVALID_RISK_UNIT,risk_unit == 0 or non-finite,NQH19-CME,4920569,2018-12-28 15:21:22.005000+00:00,6301.75,{'stop_loss_price': 6301.75}
INVALID_RISK_UNIT,risk_unit == 0 or non-finite,NQH19-CME,4920570,2018-12-28 15:21:22.006000+00:00,6301.75,{'stop_loss_price': 6301.75}
INVALID_RISK_UNIT,risk_unit == 0 or non-finite,NQH19-CME,4920571,2018-12-28 15:21:22.007000+00:00,6301.75,{'stop_loss_price': 6301.75}
INVALID_RISK_UNIT,risk_unit == 0 or non-finite,NQH19-CME,4922660,2018-12-28 15:24:02.072000+00:00,6291.75,{'stop_loss_price': 6291.75}
INVALID_RISK_UNIT,risk_unit == 0 or non-finite,NQH19-CME,4922661,2018-12-28 15:24:02.073000+00:00,6291.75,{'stop_loss_price': 6291.75}
INVALID_RISK_UNIT,risk_unit == 0 or non-finite,NQH19-CME,4922665,2018-12-28 15:24:03+00:00,6291.75,{'stop_loss_price': 6291.75}
INVALID_RISK_UNIT,risk_unit == 0 or non-finite,NQH19-CME,4972611,2018-12-28 16:01:59.004000+00:00,6272.0,{'stop_loss_price': 6272.0}
INVALID_RISK_UNIT,risk_unit == 0 or non-finite,NQH19-CME,4975438,2018-12-28 16:05:09.020000+00:00,6272.0,{'stop_loss_price': 6272.0}
INVALID_RISK_UNIT,risk_unit == 0 or non-finite,NQH19-CME,4975439,2018-12-28 16:05:09.021000+00:00,6272.0,{'stop_loss_price': 6272.0}
INVALID_RISK_UNIT,risk_unit == 0 or non-finite,NQH19-CME,5038845,2018-12-28 17:08:02.074000+00:00,6337.25,{'stop_loss_price': 6337.25}
INVALID_RISK_UNIT,risk_unit == 0 or non-finite,NQH19-CME,5038846,2018-12-28 17:08:02.075000+00:00,6337.25,{'stop_loss_price': 6337.25}
INVALID_RISK_UNIT,risk_unit == 0 or non-finite,NQH19-CME,5040796,2018-12-28 17:10:40.003000+00:00,6325.0,{'stop_loss_price': 6325.0}
INVALID_RISK_UNIT,risk_unit == 0 or non-finite,NQH19-CME,5040797,2018-12-28 17:10:40.004000+00:00,6325.0,{'stop_loss_price': 6325.0}
INVALID_RISK_UNIT,risk_unit == 0 or non-finite,NQH19-CME,5105683,2018-12-28 18:58:35.007000+00:00,6325.25,{'stop_loss_price': 6325.25}
INVALID_RISK_UNIT,risk_unit == 0 or non-finite,NQH19-CME,5105684,2018-12-28 18:58:35.008000+00:00,6325.25,{'stop_loss_price': 6325.25}
INVALID_RISK_UNIT,risk_unit == 0 or non-finite,NQH19-CME,5105685,2018-12-28 18:58:35.009000+00:00,6325.25,{'stop_loss_price': 6325.25}
INVALID_RISK_UNIT,risk_unit == 0 or non-finite,NQH19-CME,5105686,2018-12-28 18:58:35.010000+00:00,6325.25,{'stop_loss_price': 6325.25}
INVALID_RISK_UNIT,risk_unit == 0 or non-finite,NQH19-CME,5105692,2018-12-28 18:58:36.001000+00:00,6325.25,{'stop_loss_price': 6325.25}
INVALID_RISK_UNIT,risk_unit == 0 or non-finite,NQH19-CME,5105693,2018-12-28 18:58:36.002000+00:00,6325.25,{'stop_loss_price': 6325.25}
INVALID_RISK_UNIT,risk_unit == 0 or non-finite,NQH19-CME,5127150,2018-12-28 19:21:41.062000+00:00,6347.5,{'stop_loss_price': 6347.5}
INVALID_RISK_UNIT,risk_unit == 0 or non-finite,NQH19-CME,5127151,2018-12-28 19:21:41.063000+00:00,6347.5,{'stop_loss_price': 6347.5}
INVALID_RISK_UNIT,risk_unit == 0 or non-finite,NQH19-CME,5127152,2018-12-28 19:21:41.064000+00:00,6347.5,{'stop_loss_price': 6347.5}
INVALID_RISK_UNIT,risk_unit == 0 or non-finite,NQH19-CME,5127157,2018-12-28 19:21:41.069000+00:00,6347.5,{'stop_loss_price': 6347.5}
INVALID_RISK_UNIT,risk_unit == 0 or non-finite,NQH19-CME,5127158,2018-12-28 19:21:41.070000+00:00,6347.5,{'stop_loss_price': 6347.5}
INVALID_RISK_UNIT,risk_unit == 0 or non-finite,NQH19-CME,5127159,2018-12-28 19:21:41.071000+00:00,6347.5,{'stop_loss_price': 6347.5}
INVALID_RISK_UNIT,risk_unit == 0 or non-finite,NQH19-CME,5134548,2018-12-28 19:33:11.003000+00:00,6357.5,{'stop_loss_price': 6357.5}
INVALID_RISK_UNIT,risk_unit == 0 or non-finite,NQH19-CME,5134549,2018-12-28 19:33:11.004000+00:00,6357.5,{'stop_loss_price': 6357.5}
INVALID_RISK_UNIT,risk_unit == 0 or non-finite,NQH19-CME,5202997,2018-12-28 20:29:02.014000+00:00,6302.5,{'stop_loss_price': 6302.5}
INVALID_RISK_UNIT,risk_unit == 0 or non-finite,NQH19-CME,5202998,2018-12-28 20:29:02.015000+00:00,6302.5,{'stop_loss_price': 6302.5}
INVALID_RISK_UNIT,risk_unit == 0 or non-finite,NQH19-CME,5231735,2018-12-28 20:52:48.008000+00:00,6295.0,{'stop_loss_price': 6295.0}
INVALID_RISK_UNIT,risk_unit == 0 or non-finite,NQH19-CME,5231736,2018-12-28 20:52:48.009000+00:00,6295.0,{'stop_loss_price': 6295.0}
INVALID_RISK_UNIT,risk_unit == 0 or non-finite,NQH19-CME,5231737,2018-12-28 20:52:48.010000+00:00,6295.0,{'stop_loss_price': 6295.0}
INVALID_RISK_UNIT,risk_unit == 0 or non-finite,NQH19-CME,5231738,2018-12-28 20:52:48.011000+00:00,6295.0,{'stop_loss_price': 6295.0}
INVALID_RISK_UNIT,risk_unit == 0 or non-finite,NQH19-CME,5235136,2018-12-28 20:55:11.043000+00:00,6288.5,{'stop_loss_price': 6288.5}
INVALID_RISK_UNIT,risk_unit == 0 or non-finite,NQH19-CME,5258199,2018-12-30 23:43:16.002000+00:00,6337.75,{'stop_loss_price': 6337.75}
INVALID_RISK_UNIT,risk_unit == 0 or non-finite,NQH19-CME,5258200,2018-12-30 23:43:16.003000+00:00,6337.75,{'stop_loss_price': 6337.75}
INVALID_RISK_UNIT,risk_unit == 0 or non-finite,NQH19-CME,5258201,2018-12-30 23:43:16.004000+00:00,6337.75,{'stop_loss_price': 6337.75}
INVALID_RISK_UNIT,risk_unit == 0 or non-finite,NQH19-CME,5258202,2018-12-30 23:43:20+00:00,6337.75,{'stop_loss_price': 6337.75}
INVALID_RISK_UNIT,risk_unit == 0 or non-finite,NQH19-CME,5264652,2018-12-31 02:14:40+00:00,6340.5,{'stop_loss_price': 6340.5}
INVALID_RISK_UNIT,risk_unit == 0 or non-finite,NQH19-CME,5264653,2018-12-31 02:14:40.001000+00:00,6340.5,{'stop_loss_price': 6340.5}
INVALID_RISK_UNIT,risk_unit == 0 or non-finite,NQH19-CME,5323129,2018-12-31 14:45:00.001000+00:00,6363.0,{'stop_loss_price': 6363.0}
INVALID_RISK_UNIT,risk_unit == 0 or non-finite,NQH19-CME,5323130,2018-12-31 14:45:00.002000+00:00,6363.0,{'stop_loss_price': 6363.0}
INVALID_RISK_UNIT,risk_unit == 0 or non-finite,NQH19-CME,5323131,2018-12-31 14:45:00.003000+00:00,6363.0,{'stop_loss_price': 6363.0}
INVALID_RISK_UNIT,risk_unit == 0 or non-finite,NQH19-CME,5323132,2018-12-31 14:45:00.004000+00:00,6363.0,{'stop_loss_price': 6363.0}
INVALID_RISK_UNIT,risk_unit == 0 or non-finite,NQH19-CME,5323133,2018-12-31 14:45:00.005000+00:00,6363.0,{'stop_loss_price': 6363.0}
INVALID_RISK_UNIT,risk_unit == 0 or non-finite,NQH19-CME,5323134,2018-12-31 14:45:00.006000+00:00,6363.0,{'stop_loss_price': 6363.0}
INVALID_RISK_UNIT,risk_unit == 0 or non-finite,NQH19-CME,5323135,2018-12-31 14:45:00.007000+00:00,6363.0,{'stop_loss_price': 6363.0}
INVALID_RISK_UNIT,risk_unit == 0 or non-finite,NQH19-CME,5323136,2018-12-31 14:45:00.008000+00:00,6363.0,{'stop_loss_price': 6363.0}
INVALID_RISK_UNIT,risk_unit == 0 or non-finite,NQH19-CME,5323137,2018-12-31 14:45:00.009000+00:00,6363.0,{'stop_loss_price': 6363.0}
INVALID_RISK_UNIT,risk_unit == 0 or non-finite,NQH19-CME,5323138,2018-12-31 14:45:00.010000+00:00,6363.0,{'stop_loss_price': 6363.0}
INVALID_RISK_UNIT,risk_unit == 0 or non-finite,NQH19-CME,5323914,2018-12-31 14:45:44.025000+00:00,6358.75,{'stop_loss_price': 6358.75}
INVALID_RISK_UNIT,risk_unit == 0 or non-finite,NQH19-CME,5362848,2018-12-31 15:31:29.019000+00:00,6325.0,{'stop_loss_price': 6325.0}
INVALID_RISK_UNIT,risk_unit == 0 or non-finite,NQH19-CME,5368948,2018-12-31 15:38:46.002000+00:00,6312.5,{'stop_loss_price': 6312.5}
INVALID_RISK_UNIT,risk_unit == 0 or non-finite,NQH19-CME,5368949,2018-12-31 15:38:46.003000+00:00,6312.5,{'stop_loss_price': 6312.5}
INVALID_RISK_UNIT,risk_unit == 0 or non-finite,NQH19-CME,5368950,2018-12-31 15:38:47+00:00,6312.5,{'stop_loss_price': 6312.5}
INVALID_RISK_UNIT,risk_unit == 0 or non-finite,NQH19-CME,5368951,2018-12-31 15:38:47.001000+00:00,6312.5,{'stop_loss_price': 6312.5}
INVALID_RISK_UNIT,risk_unit == 0 or non-finite,NQH19-CME,5368952,2018-12-31 15:38:47.002000+00:00,6312.5,{'stop_loss_price': 6312.5}
INVALID_RISK_UNIT,risk_unit == 0 or non-finite,NQH19-CME,5418308,2018-12-31 16:45:47.003000+00:00,6305.25,{'stop_loss_price': 6305.25}
INVALID_RISK_UNIT,risk_unit == 0 or non-finite,NQH19-CME,5418309,2018-12-31 16:45:47.004000+00:00,6305.25,{'stop_loss_price': 6305.25}
INVALID_RISK_UNIT,risk_unit == 0 or non-finite,NQH19-CME,5437194,2018-12-31 17:15:13.012000+00:00,6322.0,{'stop_loss_price': 6322.0}
INVALID_RISK_UNIT,risk_unit == 0 or non-finite,NQH19-CME,5437195,2018-12-31 17:15:13.013000+00:00,6322.0,{'stop_loss_price': 6322.0}
INVALID_RISK_UNIT,risk_unit == 0 or non-finite,NQH19-CME,5437196,2018-12-31 17:15:13.014000+00:00,6322.0,{'stop_loss_price': 6322.0}
INVALID_RISK_UNIT,risk_unit == 0 or non-finite,NQH19-CME,5437198,2018-12-31 17:15:14.001000+00:00,6322.0,{'stop_loss_price': 6322.0}
INVALID_RISK_UNIT,risk_unit == 0 or non-finite,NQH19-CME,5454129,2018-12-31 17:55:16+00:00,6337.0,{'stop_loss_price': 6337.0}
INVALID_RISK_UNIT,risk_unit == 0 or non-finite,NQH19-CME,5466442,2018-12-31 18:35:04.005000+00:00,6350.75,{'stop_loss_price': 6350.75}
INVALID_RISK_UNIT,risk_unit == 0 or non-finite,NQH19-CME,5473292,2018-12-31 18:55:28.001000+00:00,6328.0,{'stop_loss_price': 6328.0}
INVALID_RISK_UNIT,risk_unit == 0 or non-finite,NQH19-CME,5473293,2018-12-31 18:55:28.002000+00:00,6328.0,{'stop_loss_price': 6328.0}
INVALID_RISK_UNIT,risk_unit == 0 or non-finite,NQH19-CME,5473294,2018-12-31 18:55:28.003000+00:00,6328.0,{'stop_loss_price': 6328.0}
INVALID_RISK_UNIT,risk_unit == 0 or non-finite,NQH19-CME,5473295,2018-12-31 18:55:28.004000+00:00,6328.0,{'stop_loss_price': 6328.0}
INVALID_RISK_UNIT,risk_unit == 0 or non-finite,NQH19-CME,5493058,2018-12-31 19:37:03.051000+00:00,6305.5,{'stop_loss_price': 6305.5}
INVALID_RISK_UNIT,risk_unit == 0 or non-finite,NQH19-CME,5498826,2018-12-31 19:51:14.055000+00:00,6331.0,{'stop_loss_price': 6331.0}
INVALID_RISK_UNIT,risk_unit == 0 or non-finite,NQH19-CME,5526403,2018-12-31 20:45:11+00:00,6330.25,{'stop_loss_price': 6330.25}
INVALID_RISK_UNIT,risk_unit == 0 or non-finite,NQH19-CME,5570633,2019-01-02 01:42:48.003000+00:00,6374.0,{'stop_loss_price': 6374.0}
INVALID_RISK_UNIT,risk_unit == 0 or non-finite,NQH19-CME,5591877,2019-01-02 04:21:23.005000+00:00,6277.75,{'stop_loss_price': 6277.75}
INVALID_RISK_UNIT,risk_unit == 0 or non-finite,NQH19-CME,5591878,2019-01-02 04:21:23.006000+00:00,6277.75,{'stop_loss_price': 6277.75}
INVALID_RISK_UNIT,risk_unit == 0 or non-finite,NQH19-CME,5591883,2019-01-02 04:21:24.004000+00:00,6277.75,{'stop_loss_price': 6277.75}
INVALID_RISK_UNIT,risk_unit == 0 or non-finite,NQH19-CME,5591884,2019-01-02 04:21:24.005000+00:00,6277.75,{'stop_loss_price': 6277.75}
INVALID_RISK_UNIT,risk_unit == 0 or non-finite,NQH19-CME,5591885,2019-01-02 04:21:24.006000+00:00,6277.75,{'stop_loss_price': 6277.75}
INVALID_RISK_UNIT,risk_unit == 0 or non-finite,NQH19-CME,5627743,2019-01-02 08:45:49.001000+00:00,6166.0,{'stop_loss_price': 6166.0}
INVALID_RISK_UNIT,risk_unit == 0 or non-finite,NQH19-CME,5632823,2019-01-02 09:10:07+00:00,6184.5,{'stop_loss_price': 6184.5}
INVALID_RISK_UNIT,risk_unit == 0 or non-finite,NQH19-CME,5678618,2019-01-02 13:22:46.007000+00:00,6197.5,{'stop_loss_price': 6197.5}
INVALID_RISK_UNIT,risk_unit == 0 or non-finite,NQH19-CME,5678628,2019-01-02 13:22:49.002000+00:00,6197.25,{'stop_loss_price': 6197.25}
INVALID_RISK_UNIT,risk_unit == 0 or non-finite,NQH19-CME,5678629,2019-01-02 13:22:49.003000+00:00,6197.25,{'stop_loss_price': 6197.25}
INVALID_RISK_UNIT,risk_unit == 0 or non-finite,NQH19-CME,5678630,2019-01-02 13:22:49.004000+00:00,6197.25,{'stop_loss_price': 6197.25}
INVALID_RISK_UNIT,risk_unit == 0 or non-finite,NQH19-CME,5678631,2019-01-02 13:22:50+00:00,6197.25,{'stop_loss_price': 6197.25}
INVALID_RISK_UNIT,risk_unit == 0 or non-finite,NQH19-CME,5720142,2019-01-02 14:38:41.020000+00:00,6229.75,{'stop_loss_price': 6229.75}
INVALID_RISK_UNIT,risk_unit == 0 or non-finite,NQH19-CME,5720143,2019-01-02 14:38:41.021000+00:00,6229.75,{'stop_loss_price': 6229.75}
INVALID_RISK_UNIT,risk_unit == 0 or non-finite,NQH19-CME,5720144,2019-01-02 14:38:41.022000+00:00,6229.75,{'stop_loss_price': 6229.75}
INVALID_RISK_UNIT,risk_unit == 0 or non-finite,NQH19-CME,5720145,2019-01-02 14:38:41.023000+00:00,6229.75,{'stop_loss_price': 6229.75}
INVALID_RISK_UNIT,risk_unit == 0 or non-finite,NQH19-CME,5720146,2019-01-02 14:38:41.024000+00:00,6229.75,{'stop_loss_price': 6229.75}
INVALID_RISK_UNIT,risk_unit == 0 or non-finite,NQH19-CME,5720147,2019-01-02 14:38:41.025000+00:00,6229.75,{'stop_loss_price': 6229.75}
INVALID_RISK_UNIT,risk_unit == 0 or non-finite,NQH19-CME,5720148,2019-01-02 14:38:41.026000+00:00,6229.75,{'stop_loss_price': 6229.75}
INVALID_RISK_UNIT,risk_unit == 0 or non-finite,NQH19-CME,5720152,2019-01-02 14:38:41.030000+00:00,6229.75,{'stop_loss_price': 6229.75}
INVALID_RISK_UNIT,risk_unit == 0 or non-finite,NQH19-CME,5720153,2019-01-02 14:38:41.031000+00:00,6229.75,{'stop_loss_price': 6229.75}
INVALID_RISK_UNIT,risk_unit == 0 or non-finite,NQH19-CME,5720154,2019-01-02 14:38:41.032000+00:00,6229.75,{'stop_loss_price': 6229.75}
INVALID_RISK_UNIT,risk_unit == 0 or non-finite,NQH19-CME,5720155,2019-01-02 14:38:41.033000+00:00,6229.75,{'stop_loss_price': 6229.75}
INVALID_RISK_UNIT,risk_unit == 0 or non-finite,NQH19-CME,5731511,2019-01-02 14:43:29.004000+00:00,6245.5,{'stop_loss_price': 6245.5}
INVALID_RISK_UNIT,risk_unit == 0 or non-finite,NQH19-CME,5737798,2019-01-02 14:46:35.016000+00:00,6249.5,{'stop_loss_price': 6249.5}
INVALID_RISK_UNIT,risk_unit == 0 or non-finite,NQH19-CME,5737799,2019-01-02 14:46:35.017000+00:00,6249.5,{'stop_loss_price': 6249.5}
INVALID_RISK_UNIT,risk_unit == 0 or non-finite,NQH19-CME,5745227,2019-01-02 14:50:27.037000+00:00,6262.75,{'stop_loss_price': 6262.75}
INVALID_RISK_UNIT,risk_unit == 0 or non-finite,NQH19-CME,5754690,2019-01-02 14:55:56.008000+00:00,6260.75,{'stop_loss_price': 6260.75}
INVALID_RISK_UNIT,risk_unit == 0 or non-finite,NQH19-CME,5754691,2019-01-02 14:55:56.009000+00:00,6260.75,{'stop_loss_price': 6260.75}
INVALID_RISK_UNIT,risk_unit == 0 or non-finite,NQH19-CME,5809116,2019-01-02 15:28:03+00:00,6301.5,{'stop_loss_price': 6301.5}
INVALID_RISK_UNIT,risk_unit == 0 or non-finite,NQH19-CME,5843945,2019-01-02 15:55:18.037000+00:00,6326.0,{'stop_loss_price': 6326.0}
INVALID_RISK_UNIT,risk_unit == 0 or non-finite,NQH19-CME,5843946,2019-01-02 15:55:18.038000+00:00,6326.0,{'stop_loss_price': 6326.0}
INVALID_RISK_UNIT,risk_unit == 0 or non-finite,NQH19-CME,5843947,2019-01-02 15:55:18.039000+00:00,6326.0,{'stop_loss_price': 6326.0}
INVALID_RISK_UNIT,risk_unit == 0 or non-finite,NQH19-CME,5843950,2019-01-02 15:55:19.001000+00:00,6326.0,{'stop_loss_price': 6326.0}
INVALID_RISK_UNIT,risk_unit == 0 or non-finite,NQH19-CME,5843951,2019-01-02 15:55:19.002000+00:00,6326.0,{'stop_loss_price': 6326.0}
INVALID_RISK_UNIT,risk_unit == 0 or non-finite,NQH19-CME,5843952,2019-01-02 15:55:19.003000+00:00,6326.0,{'stop_loss_price': 6326.0}
INVALID_RISK_UNIT,risk_unit == 0 or non-finite,NQH19-CME,5843953,2019-01-02 15:55:19.004000+00:00,6326.0,{'stop_loss_price': 6326.0}
INVALID_RISK_UNIT,risk_unit == 0 or non-finite,NQH19-CME,5848150,2019-01-02 15:59:01.090000+00:00,6334.25,{'stop_loss_price': 6334.25}
INVALID_RISK_UNIT,risk_unit == 0 or non-finite,NQH19-CME,5848151,2019-01-02 15:59:01.091000+00:00,6334.25,{'stop_loss_price': 6334.25}
INVALID_RISK_UNIT,risk_unit == 0 or non-finite,NQH19-CME,5848152,2019-01-02 15:59:01.092000+00:00,6334.25,{'stop_loss_price': 6334.25}
INVALID_RISK_UNIT,risk_unit == 0 or non-finite,NQH19-CME,5848153,2019-01-02 15:59:01.093000+00:00,6334.25,{'stop_loss_price': 6334.25}
INVALID_RISK_UNIT,risk_unit == 0 or non-finite,NQH19-CME,5848154,2019-01-02 15:59:01.094000+00:00,6334.25,{'stop_loss_price': 6334.25}
INVALID_RISK_UNIT,risk_unit == 0 or non-finite,NQH19-CME,5848155,2019-01-02 15:59:01.095000+00:00,6334.25,{'stop_loss_price': 6334.25}
INVALID_RISK_UNIT,risk_unit == 0 or non-finite,NQH19-CME,5848156,2019-01-02 15:59:01.096000+00:00,6334.25,{'stop_loss_price': 6334.25}
INVALID_RISK_UNIT,risk_unit == 0 or non-finite,NQH19-CME,5848157,2019-01-02 15:59:01.097000+00:00,6334.25,{'stop_loss_price': 6334.25}
INVALID_RISK_UNIT,risk_unit == 0 or non-finite,NQH19-CME,5848158,2019-01-02 15:59:01.098000+00:00,6334.25,{'stop_loss_price': 6334.25}
INVALID_RISK_UNIT,risk_unit == 0 or non-finite,NQH19-CME,5848159,2019-01-02 15:59:01.099000+00:00,6334.25,{'stop_loss_price': 6334.25}
INVALID_RISK_UNIT,risk_unit == 0 or non-finite,NQH19-CME,5848160,2019-01-02 15:59:01.100000+00:00,6334.25,{'stop_loss_price': 6334.25}
INVALID_RISK_UNIT,risk_unit == 0 or non-finite,NQH19-CME,5848166,2019-01-02 15:59:01.106000+00:00,6334.25,{'stop_loss_price': 6334.25}
INVALID_RISK_UNIT,risk_unit == 0 or non-finite,NQH19-CME,5848167,2019-01-02 15:59:01.107000+00:00,6334.25,{'stop_loss_price': 6334.25}
INVALID_RISK_UNIT,risk_unit == 0 or non-finite,NQH19-CME,5848168,2019-01-02 15:59:01.108000+00:00,6334.25,{'stop_loss_price': 6334.25}
INVALID_RISK_UNIT,risk_unit == 0 or non-finite,NQH19-CME,5848170,2019-01-02 15:59:01.110000+00:00,6334.25,{'stop_loss_price': 6334.25}
INVALID_RISK_UNIT,risk_unit == 0 or non-finite,NQH19-CME,5924822,2019-01-02 17:04:02+00:00,6327.75,{'stop_loss_price': 6327.75}
INVALID_RISK_UNIT,risk_unit == 0 or non-finite,NQH19-CME,5924823,2019-01-02 17:04:02.001000+00:00,6327.75,{'stop_loss_price': 6327.75}
INVALID_RISK_UNIT,risk_unit == 0 or non-finite,NQH19-CME,5924824,2019-01-02 17:04:02.002000+00:00,6327.75,{'stop_loss_price': 6327.75}
INVALID_RISK_UNIT,risk_unit == 0 or non-finite,NQH19-CME,5924825,2019-01-02 17:04:02.003000+00:00,6327.75,{'stop_loss_price': 6327.75}
INVALID_RISK_UNIT,risk_unit == 0 or non-finite,NQH19-CME,5924826,2019-01-02 17:04:02.004000+00:00,6327.75,{'stop_loss_price': 6327.75}
INVALID_RISK_UNIT,risk_unit == 0 or non-finite,NQH19-CME,5924828,2019-01-02 17:04:03+00:00,6327.75,{'stop_loss_price': 6327.75}
INVALID_RISK_UNIT,risk_unit == 0 or non-finite,NQH19-CME,5970894,2019-01-02 18:04:05.051000+00:00,6380.75,{'stop_loss_price': 6380.75}
INVALID_RISK_UNIT,risk_unit == 0 or non-finite,NQH19-CME,5980082,2019-01-02 18:17:11+00:00,6388.25,{'stop_loss_price': 6388.25}
INVALID_RISK_UNIT,risk_unit == 0 or non-finite,NQH19-CME,5980083,2019-01-02 18:17:11.001000+00:00,6388.25,{'stop_loss_price': 6388.25}
INVALID_RISK_UNIT,risk_unit == 0 or non-finite,NQH19-CME,6029155,2019-01-02 19:39:43.035000+00:00,6397.25,{'stop_loss_price': 6397.25}
INVALID_RISK_UNIT,risk_unit == 0 or non-finite,NQH19-CME,6029156,2019-01-02 19:39:43.036000+00:00,6397.25,{'stop_loss_price': 6397.25}
INVALID_RISK_UNIT,risk_unit == 0 or non-finite,NQH19-CME,6029157,2019-01-02 19:39:43.037000+00:00,6397.25,{'stop_loss_price': 6397.25}
INVALID_RISK_UNIT,risk_unit == 0 or non-finite,NQH19-CME,6029158,2019-01-02 19:39:43.038000+00:00,6397.25,{'stop_loss_price': 6397.25}
INVALID_RISK_UNIT,risk_unit == 0 or non-finite,NQH19-CME,6029162,2019-01-02 19:39:43.042000+00:00,6397.25,{'stop_loss_price': 6397.25}
INVALID_RISK_UNIT,risk_unit == 0 or non-finite,NQH19-CME,6080663,2019-01-02 20:37:36+00:00,6347.25,{'stop_loss_price': 6347.25}
INVALID_RISK_UNIT,risk_unit == 0 or non-finite,NQH19-CME,6084212,2019-01-02 20:42:09.001000+00:00,6341.0,{'stop_loss_price': 6341.0}
INVALID_RISK_UNIT,risk_unit == 0 or non-finite,NQH19-CME,6166352,2019-01-03 07:01:55.011000+00:00,6223.25,{'stop_loss_price': 6223.25}
INVALID_RISK_UNIT,risk_unit == 0 or non-finite,NQH19-CME,6201807,2019-01-03 11:08:45+00:00,6201.75,{'stop_loss_price': 6201.75}
INVALID_RISK_UNIT,risk_unit == 0 or non-finite,NQH19-CME,6223793,2019-01-03 13:16:09.008000+00:00,6249.0,{'stop_loss_price': 6249.0}
INVALID_RISK_UNIT,risk_unit == 0 or non-finite,NQH19-CME,6257669,2019-01-03 14:33:30.075000+00:00,6296.75,{'stop_loss_price': 6296.75}
INVALID_RISK_UNIT,risk_unit == 0 or non-finite,NQH19-CME,6257670,2019-01-03 14:33:30.076000+00:00,6296.75,{'stop_loss_price': 6296.75}
INVALID_RISK_UNIT,risk_unit == 0 or non-finite,NQH19-CME,6323957,2019-01-03 15:05:11.034000+00:00,6224.75,{'stop_loss_price': 6224.75}
INVALID_RISK_UNIT,risk_unit == 0 or non-finite,NQH19-CME,6326982,2019-01-03 15:06:26+00:00,6229.0,{'stop_loss_price': 6229.0}
INVALID_RISK_UNIT,risk_unit == 0 or non-finite,NQH19-CME,6353932,2019-01-03 15:19:53+00:00,6206.25,{'stop_loss_price': 6206.25}
INVALID_RISK_UNIT,risk_unit == 0 or non-finite,NQH19-CME,6362189,2019-01-03 15:24:14.030000+00:00,6219.0,{'stop_loss_price': 6219.0}
INVALID_RISK_UNIT,risk_unit == 0 or non-finite,NQH19-CME,6362190,2019-01-03 15:24:14.031000+00:00,6219.0,{'stop_loss_price': 6219.0}
INVALID_RISK_UNIT,risk_unit == 0 or non-finite,NQH19-CME,6362191,2019-01-03 15:24:15+00:00,6219.0,{'stop_loss_price': 6219.0}
INVALID_RISK_UNIT,risk_unit == 0 or non-finite,NQH19-CME,6362192,2019-01-03 15:24:15.001000+00:00,6219.0,{'stop_loss_price': 6219.0}
INVALID_RISK_UNIT,risk_unit == 0 or non-finite,NQH19-CME,6362193,2019-01-03 15:24:15.002000+00:00,6219.0,{'stop_loss_price': 6219.0}
INVALID_RISK_UNIT,risk_unit == 0 or non-finite,NQH19-CME,6365687,2019-01-03 15:25:38.012000+00:00,6218.0,{'stop_loss_price': 6218.0}
INVALID_RISK_UNIT,risk_unit == 0 or non-finite,NQH19-CME,6365688,2019-01-03 15:25:38.013000+00:00,6218.0,{'stop_loss_price': 6218.0}
INVALID_RISK_UNIT,risk_unit == 0 or non-finite,NQH19-CME,6365689,2019-01-03 15:25:38.014000+00:00,6218.0,{'stop_loss_price': 6218.0}
INVALID_RISK_UNIT,risk_unit == 0 or non-finite,NQH19-CME,6392221,2019-01-03 15:41:15.010000+00:00,6179.5,{'stop_loss_price': 6179.5}
INVALID_RISK_UNIT,risk_unit == 0 or non-finite,NQH19-CME,6408869,2019-01-03 15:52:14+00:00,6201.75,{'stop_loss_price': 6201.75}
INVALID_RISK_UNIT,risk_unit == 0 or non-finite,NQH19-CME,6408870,2019-01-03 15:52:14.001000+00:00,6201.75,{'stop_loss_price': 6201.75}
INVALID_RISK_UNIT,risk_unit == 0 or non-finite,NQH19-CME,6408871,2019-01-03 15:52:14.002000+00:00,6201.75,{'stop_loss_price': 6201.75}
INVALID_RISK_UNIT,risk_unit == 0 or non-finite,NQH19-CME,6423221,2019-01-03 16:01:53.045000+00:00,6212.25,{'stop_loss_price': 6212.25}
INVALID_RISK_UNIT,risk_unit == 0 or non-finite,NQH19-CME,6423222,2019-01-03 16:01:53.046000+00:00,6212.25,{'stop_loss_price': 6212.25}
INVALID_RISK_UNIT,risk_unit == 0 or non-finite,NQH19-CME,6423223,2019-01-03 16:01:53.047000+00:00,6212.25,{'stop_loss_price': 6212.25}
INVALID_RISK_UNIT,risk_unit == 0 or non-finite,NQH19-CME,6423224,2019-01-03 16:01:53.048000+00:00,6212.25,{'stop_loss_price': 6212.25}
INVALID_RISK_UNIT,risk_unit == 0 or non-finite,NQH19-CME,6436956,2019-01-03 16:11:26.010000+00:00,6233.25,{'stop_loss_price': 6233.25}
INVALID_RISK_UNIT,risk_unit == 0 or non-finite,NQH19-CME,6436957,2019-01-03 16:11:26.011000+00:00,6233.25,{'stop_loss_price': 6233.25}
INVALID_RISK_UNIT,risk_unit == 0 or non-finite,NQH19-CME,6436958,2019-01-03 16:11:26.012000+00:00,6233.25,{'stop_loss_price': 6233.25}
INVALID_RISK_UNIT,risk_unit == 0 or non-finite,NQH19-CME,6436959,2019-01-03 16:11:26.013000+00:00,6233.25,{'stop_loss_price': 6233.25}
INVALID_RISK_UNIT,risk_unit == 0 or non-finite,NQH19-CME,6436960,2019-01-03 16:11:26.014000+00:00,6233.25,{'stop_loss_price': 6233.25}
INVALID_RISK_UNIT,risk_unit == 0 or non-finite,NQH19-CME,6436961,2019-01-03 16:11:26.015000+00:00,6233.25,{'stop_loss_price': 6233.25}
INVALID_RISK_UNIT,risk_unit == 0 or non-finite,NQH19-CME,6436972,2019-01-03 16:11:26.026000+00:00,6233.25,{'stop_loss_price': 6233.25}
INVALID_RISK_UNIT,risk_unit == 0 or non-finite,NQH19-CME,6436973,2019-01-03 16:11:26.027000+00:00,6233.25,{'stop_loss_price': 6233.25}
INVALID_RISK_UNIT,risk_unit == 0 or non-finite,NQH19-CME,6436974,2019-01-03 16:11:26.028000+00:00,6233.25,{'stop_loss_price': 6233.25}
INVALID_RISK_UNIT,risk_unit == 0 or non-finite,NQH19-CME,6436975,2019-01-03 16:11:26.029000+00:00,6233.25,{'stop_loss_price': 6233.25}
INVALID_RISK_UNIT,risk_unit == 0 or non-finite,NQH19-CME,6436976,2019-01-03 16:11:26.030000+00:00,6233.25,{'stop_loss_price': 6233.25}
INVALID_RISK_UNIT,risk_unit == 0 or non-finite,NQH19-CME,6436979,2019-01-03 16:11:26.033000+00:00,6233.25,{'stop_loss_price': 6233.25}
INVALID_RISK_UNIT,risk_unit == 0 or non-finite,NQH19-CME,6436980,2019-01-03 16:11:26.034000+00:00,6233.25,{'stop_loss_price': 6233.25}
INVALID_RISK_UNIT,risk_unit == 0 or non-finite,NQH19-CME,6436981,2019-01-03 16:11:26.035000+00:00,6233.25,{'stop_loss_price': 6233.25}
INVALID_RISK_UNIT,risk_unit == 0 or non-finite,NQH19-CME,6461725,2019-01-03 16:29:37.022000+00:00,6228.25,{'stop_loss_price': 6228.25}
INVALID_RISK_UNIT,risk_unit == 0 or non-finite,NQH19-CME,6485508,2019-01-03 16:43:17.136000+00:00,6274.0,{'stop_loss_price': 6274.0}
INVALID_RISK_UNIT,risk_unit == 0 or non-finite,NQH19-CME,6485509,2019-01-03 16:43:17.137000+00:00,6274.0,{'stop_loss_price': 6274.0}
INVALID_RISK_UNIT,risk_unit == 0 or non-finite,NQH19-CME,6485526,2019-01-03 16:43:18.009000+00:00,6274.0,{'stop_loss_price': 6274.0}
INVALID_RISK_UNIT,risk_unit == 0 or non-finite,NQH19-CME,6485527,2019-01-03 16:43:18.010000+00:00,6274.0,{'stop_loss_price': 6274.0}
INVALID_RISK_UNIT,risk_unit == 0 or non-finite,NQH19-CME,6485528,2019-01-03 16:43:18.011000+00:00,6274.0,{'stop_loss_price': 6274.0}
INVALID_RISK_UNIT,risk_unit == 0 or non-finite,NQH19-CME,6485529,2019-01-03 16:43:18.012000+00:00,6274.0,{'stop_loss_price': 6274.0}
INVALID_RISK_UNIT,risk_unit == 0 or non-finite,NQH19-CME,6485530,2019-01-03 16:43:18.013000+00:00,6274.0,{'stop_loss_price': 6274.0}
INVALID_RISK_UNIT,risk_unit == 0 or non-finite,NQH19-CME,6485531,2019-01-03 16:43:18.014000+00:00,6274.0,{'stop_loss_price': 6274.0}
INVALID_RISK_UNIT,risk_unit == 0 or non-finite,NQH19-CME,6485533,2019-01-03 16:43:18.016000+00:00,6274.0,{'stop_loss_price': 6274.0}
INVALID_RISK_UNIT,risk_unit == 0 or non-finite,NQH19-CME,6530627,2019-01-03 17:22:31.001000+00:00,6234.25,{'stop_loss_price': 6234.25}
INVALID_RISK_UNIT,risk_unit == 0 or non-finite,NQH19-CME,6543939,2019-01-03 17:39:04.035000+00:00,6221.5,{'stop_loss_price': 6221.5}
INVALID_RISK_UNIT,risk_unit == 0 or non-finite,NQH19-CME,6543940,2019-01-03 17:39:04.036000+00:00,6221.5,{'stop_loss_price': 6221.5}
INVALID_RISK_UNIT,risk_unit == 0 or non-finite,NQH19-CME,6543941,2019-01-03 17:39:04.037000+00:00,6221.5,{'stop_loss_price': 6221.5}
INVALID_RISK_UNIT,risk_unit == 0 or non-finite,NQH19-CME,6559420,2019-01-03 18:03:21.078000+00:00,6235.25,{'stop_loss_price': 6235.25}
INVALID_RISK_UNIT,risk_unit == 0 or non-finite,NQH19-CME,6559421,2019-01-03 18:03:21.079000+00:00,6235.25,{'stop_loss_price': 6235.25}
INVALID_RISK_UNIT,risk_unit == 0 or non-finite,NQH19-CME,6559422,2019-01-03 18:03:21.080000+00:00,6235.25,{'stop_loss_price': 6235.25}
INVALID_RISK_UNIT,risk_unit == 0 or non-finite,NQH19-CME,6559425,2019-01-03 18:03:22+00:00,6235.25,{'stop_loss_price': 6235.25}
INVALID_RISK_UNIT,risk_unit == 0 or non-finite,NQH19-CME,6604196,2019-01-03 18:55:26.001000+00:00,6190.5,{'stop_loss_price': 6190.5}
INVALID_RISK_UNIT,risk_unit == 0 or non-finite,NQH19-CME,6604197,2019-01-03 18:55:28+00:00,6190.5,{'stop_loss_price': 6190.5}
INVALID_RISK_UNIT,risk_unit == 0 or non-finite,NQH19-CME,6604198,2019-01-03 18:55:28.001000+00:00,6190.5,{'stop_loss_price': 6190.5}
INVALID_RISK_UNIT,risk_unit == 0 or non-finite,NQH19-CME,6604199,2019-01-03 18:55:28.002000+00:00,6190.5,{'stop_loss_price': 6190.5}
INVALID_RISK_UNIT,risk_unit == 0 or non-finite,NQH19-CME,6604200,2019-01-03 18:55:28.003000+00:00,6190.5,{'stop_loss_price': 6190.5}
INVALID_RISK_UNIT,risk_unit == 0 or non-finite,NQH19-CME,6604201,2019-01-03 18:55:28.004000+00:00,6190.5,{'stop_loss_price': 6190.5}
INVALID_RISK_UNIT,risk_unit == 0 or non-finite,NQH19-CME,6604202,2019-01-03 18:55:28.005000+00:00,6190.5,{'stop_loss_price': 6190.5}
INVALID_RISK_UNIT,risk_unit == 0 or non-finite,NQH19-CME,6612343,2019-01-03 19:05:07.025000+00:00,6186.75,{'stop_loss_price': 6186.75}
INVALID_RISK_UNIT,risk_unit == 0 or non-finite,NQH19-CME,6623045,2019-01-03 19:19:38.003000+00:00,6207.0,{'stop_loss_price': 6207.0}
INVALID_RISK_UNIT,risk_unit == 0 or non-finite,NQH19-CME,6628896,2019-01-03 19:29:24.003000+00:00,6213.0,{'stop_loss_price': 6213.0}
INVALID_RISK_UNIT,risk_unit == 0 or non-finite,NQH19-CME,6628897,2019-01-03 19:29:24.004000+00:00,6213.0,{'stop_loss_price': 6213.0}
INVALID_RISK_UNIT,risk_unit == 0 or non-finite,NQH19-CME,6628898,2019-01-03 19:29:24.005000+00:00,6213.0,{'stop_loss_price': 6213.0}
INVALID_RISK_UNIT,risk_unit == 0 or non-finite,NQH19-CME,6636939,2019-01-03 19:35:59.059000+00:00,6208.0,{'stop_loss_price': 6208.0}
INVALID_RISK_UNIT,risk_unit == 0 or non-finite,NQH19-CME,6636940,2019-01-03 19:35:59.060000+00:00,6208.0,{'stop_loss_price': 6208.0}
INVALID_RISK_UNIT,risk_unit == 0 or non-finite,NQH19-CME,6636941,2019-01-03 19:35:59.061000+00:00,6208.0,{'stop_loss_price': 6208.0}
INVALID_RISK_UNIT,risk_unit == 0 or non-finite,NQH19-CME,6636942,2019-01-03 19:35:59.062000+00:00,6208.0,{'stop_loss_price': 6208.0}
INVALID_RISK_UNIT,risk_unit == 0 or non-finite,NQH19-CME,6636943,2019-01-03 19:35:59.063000+00:00,6208.0,{'stop_loss_price': 6208.0}
INVALID_RISK_UNIT,risk_unit == 0 or non-finite,NQH19-CME,6636944,2019-01-03 19:35:59.064000+00:00,6208.0,{'stop_loss_price': 6208.0}
INVALID_RISK_UNIT,risk_unit == 0 or non-finite,NQH19-CME,6636945,2019-01-03 19:35:59.065000+00:00,6208.0,{'stop_loss_price': 6208.0}
INVALID_RISK_UNIT,risk_unit == 0 or non-finite,NQH19-CME,6636946,2019-01-03 19:35:59.066000+00:00,6208.0,{'stop_loss_price': 6208.0}
INVALID_RISK_UNIT,risk_unit == 0 or non-finite,NQH19-CME,6636947,2019-01-03 19:35:59.067000+00:00,6208.0,{'stop_loss_price': 6208.0}
INVALID_RISK_UNIT,risk_unit == 0 or non-finite,NQH19-CME,6636948,2019-01-03 19:35:59.068000+00:00,6208.0,{'stop_loss_price': 6208.0}
INVALID_RISK_UNIT,risk_unit == 0 or non-finite,NQH19-CME,6636949,2019-01-03 19:35:59.069000+00:00,6208.0,{'stop_loss_price': 6208.0}
INVALID_RISK_UNIT,risk_unit == 0 or non-finite,NQH19-CME,6636950,2019-01-03 19:35:59.070000+00:00,6208.0,{'stop_loss_price': 6208.0}
INVALID_RISK_UNIT,risk_unit == 0 or non-finite,NQH19-CME,6636951,2019-01-03 19:35:59.071000+00:00,6208.0,{'stop_loss_price': 6208.0}
INVALID_RISK_UNIT,risk_unit == 0 or non-finite,NQH19-CME,6636956,2019-01-03 19:35:59.076000+00:00,6208.0,{'stop_loss_price': 6208.0}
INVALID_RISK_UNIT,risk_unit == 0 or non-finite,NQH19-CME,6636957,2019-01-03 19:35:59.077000+00:00,6208.0,{'stop_loss_price': 6208.0}
INVALID_RISK_UNIT,risk_unit == 0 or non-finite,NQH19-CME,6636958,2019-01-03 19:35:59.078000+00:00,6208.0,{'stop_loss_price': 6208.0}
INVALID_RISK_UNIT,risk_unit == 0 or non-finite,NQH19-CME,6644928,2019-01-03 19:46:03.005000+00:00,6195.5,{'stop_loss_price': 6195.5}
INVALID_RISK_UNIT,risk_unit == 0 or non-finite,NQH19-CME,6644929,2019-01-03 19:46:03.006000+00:00,6195.5,{'stop_loss_price': 6195.5}
INVALID_RISK_UNIT,risk_unit == 0 or non-finite,NQH19-CME,6668183,2019-01-03 20:14:06.013000+00:00,6164.25,{'stop_loss_price': 6164.25}
INVALID_RISK_UNIT,risk_unit == 0 or non-finite,NQH19-CME,6742631,2019-01-04 00:06:10.004000+00:00,6163.25,{'stop_loss_price': 6163.25}
INVALID_RISK_UNIT,risk_unit == 0 or non-finite,NQH19-CME,6748772,2019-01-04 00:44:02+00:00,6142.25,{'stop_loss_price': 6142.25}
INVALID_RISK_UNIT,risk_unit == 0 or non-finite,NQH19-CME,6771485,2019-01-04 03:51:20+00:00,6197.75,{'stop_loss_price': 6197.75}
INVALID_RISK_UNIT,risk_unit == 0 or non-finite,NQH19-CME,6808381,2019-01-04 09:22:32.023000+00:00,6251.0,{'stop_loss_price': 6251.0}
INVALID_RISK_UNIT,risk_unit == 0 or non-finite,NQH19-CME,6824453,2019-01-04 11:10:27.011000+00:00,6282.0,{'stop_loss_price': 6282.0}
INVALID_RISK_UNIT,risk_unit == 0 or non-finite,NQH19-CME,6824454,2019-01-04 11:10:27.012000+00:00,6282.0,{'stop_loss_price': 6282.0}
INVALID_RISK_UNIT,risk_unit == 0 or non-finite,NQH19-CME,6824455,2019-01-04 11:10:27.013000+00:00,6282.0,{'stop_loss_price': 6282.0}
INVALID_RISK_UNIT,risk_unit == 0 or non-finite,NQH19-CME,6824456,2019-01-04 11:10:27.014000+00:00,6282.0,{'stop_loss_price': 6282.0}
INVALID_RISK_UNIT,risk_unit == 0 or non-finite,NQH19-CME,6824457,2019-01-04 11:10:27.015000+00:00,6282.0,{'stop_loss_price': 6282.0}
INVALID_RISK_UNIT,risk_unit == 0 or non-finite,NQH19-CME,6824458,2019-01-04 11:10:27.016000+00:00,6282.0,{'stop_loss_price': 6282.0}
INVALID_RISK_UNIT,risk_unit == 0 or non-finite,NQH19-CME,6824459,2019-01-04 11:10:27.017000+00:00,6282.0,{'stop_loss_price': 6282.0}
INVALID_RISK_UNIT,risk_unit == 0 or non-finite,NQH19-CME,6832314,2019-01-04 12:24:28.012000+00:00,6268.0,{'stop_loss_price': 6268.0}
INVALID_RISK_UNIT,risk_unit == 0 or non-finite,NQH19-CME,6832315,2019-01-04 12:24:28.013000+00:00,6268.0,{'stop_loss_price': 6268.0}
INVALID_RISK_UNIT,risk_unit == 0 or non-finite,NQH19-CME,6844908,2019-01-04 13:30:45.074000+00:00,6235.25,{'stop_loss_price': 6235.25}
INVALID_RISK_UNIT,risk_unit == 0 or non-finite,NQH19-CME,6883208,2019-01-04 14:33:16.043000+00:00,6257.0,{'stop_loss_price': 6257.0}
INVALID_RISK_UNIT,risk_unit == 0 or non-finite,NQH19-CME,6925856,2019-01-04 14:53:26.138000+00:00,6298.75,{'stop_loss_price': 6298.75}
INVALID_RISK_UNIT,risk_unit == 0 or non-finite,NQH19-CME,6925857,2019-01-04 14:53:26.139000+00:00,6298.75,{'stop_loss_price': 6298.75}
INVALID_RISK_UNIT,risk_unit == 0 or non-finite,NQH19-CME,6925858,2019-01-04 14:53:26.140000+00:00,6298.75,{'stop_loss_price': 6298.75}
INVALID_RISK_UNIT,risk_unit == 0 or non-finite,NQH19-CME,6925859,2019-01-04 14:53:26.141000+00:00,6298.75,{'stop_loss_price': 6298.75}
INVALID_RISK_UNIT,risk_unit == 0 or non-finite,NQH19-CME,6925860,2019-01-04 14:53:26.142000+00:00,6298.75,{'stop_loss_price': 6298.75}
INVALID_RISK_UNIT,risk_unit == 0 or non-finite,NQH19-CME,6925863,2019-01-04 14:53:26.145000+00:00,6298.75,{'stop_loss_price': 6298.75}
INVALID_RISK_UNIT,risk_unit == 0 or non-finite,NQH19-CME,6925864,2019-01-04 14:53:26.146000+00:00,6298.75,{'stop_loss_price': 6298.75}
INVALID_RISK_UNIT,risk_unit == 0 or non-finite,NQH19-CME,6959926,2019-01-04 15:18:47+00:00,6302.0,{'stop_loss_price': 6302.0}
INVALID_RISK_UNIT,risk_unit == 0 or non-finite,NQH19-CME,6959992,2019-01-04 15:18:50.006000+00:00,6301.5,{'stop_loss_price': 6301.5}
INVALID_RISK_UNIT,risk_unit == 0 or non-finite,NQH19-CME,7013055,2019-01-04 15:39:12.001000+00:00,6369.75,{'stop_loss_price': 6369.75}
INVALID_RISK_UNIT,risk_unit == 0 or non-finite,NQH19-CME,7022094,2019-01-04 15:45:47.001000+00:00,6358.75,{'stop_loss_price': 6358.75}
INVALID_RISK_UNIT,risk_unit == 0 or non-finite,NQH19-CME,7041621,2019-01-04 15:59:52.003000+00:00,6382.0,{'stop_loss_price': 6382.0}
INVALID_RISK_UNIT,risk_unit == 0 or non-finite,NQH19-CME,7056886,2019-01-04 16:09:15.050000+00:00,6397.75,{'stop_loss_price': 6397.75}
INVALID_RISK_UNIT,risk_unit == 0 or non-finite,NQH19-CME,7072325,2019-01-04 16:18:15.012000+00:00,6389.5,{'stop_loss_price': 6389.5}
INVALID_RISK_UNIT,risk_unit == 0 or non-finite,NQH19-CME,7072326,2019-01-04 16:18:15.013000+00:00,6389.5,{'stop_loss_price': 6389.5}
INVALID_RISK_UNIT,risk_unit == 0 or non-finite,NQH19-CME,7072327,2019-01-04 16:18:15.014000+00:00,6389.5,{'stop_loss_price': 6389.5}
INVALID_RISK_UNIT,risk_unit == 0 or non-finite,NQH19-CME,7072328,2019-01-04 16:18:15.015000+00:00,6389.5,{'stop_loss_price': 6389.5}
INVALID_RISK_UNIT,risk_unit == 0 or non-finite,NQH19-CME,7072329,2019-01-04 16:18:15.016000+00:00,6389.5,{'stop_loss_price': 6389.5}
INVALID_RISK_UNIT,risk_unit == 0 or non-finite,NQH19-CME,7099334,2019-01-04 16:38:21.009000+00:00,6394.75,{'stop_loss_price': 6394.75}
INVALID_RISK_UNIT,risk_unit == 0 or non-finite,NQH19-CME,7099335,2019-01-04 16:38:21.010000+00:00,6394.75,{'stop_loss_price': 6394.75}
INVALID_RISK_UNIT,risk_unit == 0 or non-finite,NQH19-CME,7099336,2019-01-04 16:38:21.011000+00:00,6394.75,{'stop_loss_price': 6394.75}
INVALID_RISK_UNIT,risk_unit == 0 or non-finite,NQH19-CME,7099338,2019-01-04 16:38:21.013000+00:00,6394.75,{'stop_loss_price': 6394.75}
INVALID_RISK_UNIT,risk_unit == 0 or non-finite,NQH19-CME,7101656,2019-01-04 16:39:48.005000+00:00,6390.75,{'stop_loss_price': 6390.75}
INVALID_RISK_UNIT,risk_unit == 0 or non-finite,NQH19-CME,7101657,2019-01-04 16:39:48.006000+00:00,6390.75,{'stop_loss_price': 6390.75}
INVALID_RISK_UNIT,risk_unit == 0 or non-finite,NQH19-CME,7101658,2019-01-04 16:39:48.007000+00:00,6390.75,{'stop_loss_price': 6390.75}
INVALID_RISK_UNIT,risk_unit == 0 or non-finite,NQH19-CME,7126310,2019-01-04 17:03:20.022000+00:00,6397.5,{'stop_loss_price': 6397.5}
INVALID_RISK_UNIT,risk_unit == 0 or non-finite,NQH19-CME,7160097,2019-01-04 17:50:50.002000+00:00,6436.75,{'stop_loss_price': 6436.75}
INVALID_RISK_UNIT,risk_unit == 0 or non-finite,NQH19-CME,7168132,2019-01-04 18:02:50+00:00,6436.75,{'stop_loss_price': 6436.75}
INVALID_RISK_UNIT,risk_unit == 0 or non-finite,NQH19-CME,7168133,2019-01-04 18:02:50.001000+00:00,6436.75,{'stop_loss_price': 6436.75}
INVALID_RISK_UNIT,risk_unit == 0 or non-finite,NQH19-CME,7168134,2019-01-04 18:02:50.002000+00:00,6436.75,{'stop_loss_price': 6436.75}
INVALID_RISK_UNIT,risk_unit == 0 or non-finite,NQH19-CME,7177851,2019-01-04 18:13:46.005000+00:00,6449.25,{'stop_loss_price': 6449.25}
INVALID_RISK_UNIT,risk_unit == 0 or non-finite,NQH19-CME,7242691,2019-01-04 19:44:35.007000+00:00,6448.75,{'stop_loss_price': 6448.75}
INVALID_RISK_UNIT,risk_unit == 0 or non-finite,NQH19-CME,7254695,2019-01-04 19:58:02.004000+00:00,6417.5,{'stop_loss_price': 6417.5}
INVALID_RISK_UNIT,risk_unit == 0 or non-finite,NQH19-CME,7254696,2019-01-04 19:58:02.005000+00:00,6417.5,{'stop_loss_price': 6417.5}
INVALID_RISK_UNIT,risk_unit == 0 or non-finite,NQH19-CME,7254697,2019-01-04 19:58:02.006000+00:00,6417.5,{'stop_loss_price': 6417.5}
INVALID_RISK_UNIT,risk_unit == 0 or non-finite,NQH19-CME,7254698,2019-01-04 19:58:02.007000+00:00,6417.5,{'stop_loss_price': 6417.5}
INVALID_RISK_UNIT,risk_unit == 0 or non-finite,NQH19-CME,7280573,2019-01-04 20:29:28+00:00,6408.5,{'stop_loss_price': 6408.5}
INVALID_RISK_UNIT,risk_unit == 0 or non-finite,NQH19-CME,7280574,2019-01-04 20:29:28.001000+00:00,6408.5,{'stop_loss_price': 6408.5}
INVALID_RISK_UNIT,risk_unit == 0 or non-finite,NQH19-CME,7280575,2019-01-04 20:29:28.002000+00:00,6408.5,{'stop_loss_price': 6408.5}
INVALID_RISK_UNIT,risk_unit == 0 or non-finite,NQH19-CME,7280576,2019-01-04 20:29:28.003000+00:00,6408.5,{'stop_loss_price': 6408.5}
INVALID_RISK_UNIT,risk_unit == 0 or non-finite,NQH19-CME,7280580,2019-01-04 20:29:28.007000+00:00,6408.5,{'stop_loss_price': 6408.5}
INVALID_RISK_UNIT,risk_unit == 0 or non-finite,NQH19-CME,7280581,2019-01-04 20:29:28.008000+00:00,6408.5,{'stop_loss_price': 6408.5}
INVALID_RISK_UNIT,risk_unit == 0 or non-finite,NQH19-CME,7280582,2019-01-04 20:29:28.009000+00:00,6408.5,{'stop_loss_price': 6408.5}
INVALID_RISK_UNIT,risk_unit == 0 or non-finite,NQH19-CME,7316184,2019-01-04 21:00:42.002000+00:00,6432.25,{'stop_loss_price': 6432.25}
INVALID_RISK_UNIT,risk_unit == 0 or non-finite,NQH19-CME,7316185,2019-01-04 21:00:42.003000+00:00,6432.25,{'stop_loss_price': 6432.25}
INVALID_RISK_UNIT,risk_unit == 0 or non-finite,NQH19-CME,7316188,2019-01-04 21:00:42.006000+00:00,6432.25,{'stop_loss_price': 6432.25}
INVALID_RISK_UNIT,risk_unit == 0 or non-finite,NQH19-CME,7316189,2019-01-04 21:00:42.007000+00:00,6432.25,{'stop_loss_price': 6432.25}
INVALID_RISK_UNIT,risk_unit == 0 or non-finite,NQH19-CME,7341601,2019-01-07 01:00:45.001000+00:00,6472.25,{'stop_loss_price': 6472.25}
INVALID_RISK_UNIT,risk_unit == 0 or non-finite,NQH19-CME,7350147,2019-01-07 02:25:11.001000+00:00,6455.5,{'stop_loss_price': 6455.5}
INVALID_RISK_UNIT,risk_unit == 0 or non-finite,NQH19-CME,7366265,2019-01-07 07:07:35.001000+00:00,6457.25,{'stop_loss_price': 6457.25}
INVALID_RISK_UNIT,risk_unit == 0 or non-finite,NQH19-CME,7367012,2019-01-07 07:12:37+00:00,6461.75,{'stop_loss_price': 6461.75}
INVALID_RISK_UNIT,risk_unit == 0 or non-finite,NQH19-CME,7376011,2019-01-07 08:34:14+00:00,6450.5,{'stop_loss_price': 6450.5}
INVALID_RISK_UNIT,risk_unit == 0 or non-finite,NQH19-CME,7463431,2019-01-07 14:49:56.034000+00:00,6452.75,{'stop_loss_price': 6452.75}
INVALID_RISK_UNIT,risk_unit == 0 or non-finite,NQH19-CME,7494760,2019-01-07 15:15:37.016000+00:00,6428.75,{'stop_loss_price': 6428.75}
INVALID_RISK_UNIT,risk_unit == 0 or non-finite,NQH19-CME,7494761,2019-01-07 15:15:37.017000+00:00,6428.75,{'stop_loss_price': 6428.75}
INVALID_RISK_UNIT,risk_unit == 0 or non-finite,NQH19-CME,7494762,2019-01-07 15:15:37.018000+00:00,6428.75,{'stop_loss_price': 6428.75}
INVALID_RISK_UNIT,risk_unit == 0 or non-finite,NQH19-CME,7494763,2019-01-07 15:15:37.019000+00:00,6428.75,{'stop_loss_price': 6428.75}
INVALID_RISK_UNIT,risk_unit == 0 or non-finite,NQH19-CME,7494764,2019-01-07 15:15:37.020000+00:00,6428.75,{'stop_loss_price': 6428.75}
INVALID_RISK_UNIT,risk_unit == 0 or non-finite,NQH19-CME,7496226,2019-01-07 15:16:48.013000+00:00,6437.0,{'stop_loss_price': 6437.0}
INVALID_RISK_UNIT,risk_unit == 0 or non-finite,NQH19-CME,7496227,2019-01-07 15:16:48.014000+00:00,6437.0,{'stop_loss_price': 6437.0}
INVALID_RISK_UNIT,risk_unit == 0 or non-finite,NQH19-CME,7496228,2019-01-07 15:16:48.015000+00:00,6437.0,{'stop_loss_price': 6437.0}
INVALID_RISK_UNIT,risk_unit == 0 or non-finite,NQH19-CME,7559093,2019-01-07 16:13:39.006000+00:00,6473.75,{'stop_loss_price': 6473.75}
INVALID_RISK_UNIT,risk_unit == 0 or non-finite,NQH19-CME,7559094,2019-01-07 16:13:39.007000+00:00,6473.75,{'stop_loss_price': 6473.75}
INVALID_RISK_UNIT,risk_unit == 0 or non-finite,NQH19-CME,7559095,2019-01-07 16:13:39.008000+00:00,6473.75,{'stop_loss_price': 6473.75}
INVALID_RISK_UNIT,risk_unit == 0 or non-finite,NQH19-CME,7559096,2019-01-07 16:13:39.009000+00:00,6473.75,{'stop_loss_price': 6473.75}
INVALID_RISK_UNIT,risk_unit == 0 or non-finite,NQH19-CME,7617225,2019-01-07 17:20:01.004000+00:00,6509.75,{'stop_loss_price': 6509.75}
INVALID_RISK_UNIT,risk_unit == 0 or non-finite,NQH19-CME,7629221,2019-01-07 17:41:43.001000+00:00,6522.0,{'stop_loss_price': 6522.0}
INVALID_RISK_UNIT,risk_unit == 0 or non-finite,NQH19-CME,7629222,2019-01-07 17:41:43.002000+00:00,6522.0,{'stop_loss_price': 6522.0}
INVALID_RISK_UNIT,risk_unit == 0 or non-finite,NQH19-CME,7629223,2019-01-07 17:41:43.003000+00:00,6522.0,{'stop_loss_price': 6522.0}
INVALID_RISK_UNIT,risk_unit == 0 or non-finite,NQH19-CME,7629227,2019-01-07 17:41:46+00:00,6522.0,{'stop_loss_price': 6522.0}
INVALID_RISK_UNIT,risk_unit == 0 or non-finite,NQH19-CME,7629228,2019-01-07 17:41:46.001000+00:00,6522.0,{'stop_loss_price': 6522.0}
INVALID_RISK_UNIT,risk_unit == 0 or non-finite,NQH19-CME,7629229,2019-01-07 17:41:46.002000+00:00,6522.0,{'stop_loss_price': 6522.0}
INVALID_RISK_UNIT,risk_unit == 0 or non-finite,NQH19-CME,7629230,2019-01-07 17:41:46.003000+00:00,6522.0,{'stop_loss_price': 6522.0}
INVALID_RISK_UNIT,risk_unit == 0 or non-finite,NQH19-CME,7629231,2019-01-07 17:41:46.004000+00:00,6522.0,{'stop_loss_price': 6522.0}
INVALID_RISK_UNIT,risk_unit == 0 or non-finite,NQH19-CME,7651522,2019-01-07 18:24:48.004000+00:00,6524.25,{'stop_loss_price': 6524.25}
INVALID_RISK_UNIT,risk_unit == 0 or non-finite,NQH19-CME,7651523,2019-01-07 18:24:49+00:00,6524.25,{'stop_loss_price': 6524.25}
INVALID_RISK_UNIT,risk_unit == 0 or non-finite,NQH19-CME,7651524,2019-01-07 18:24:49.001000+00:00,6524.25,{'stop_loss_price': 6524.25}
INVALID_RISK_UNIT,risk_unit == 0 or non-finite,NQH19-CME,7658233,2019-01-07 18:40:35.001000+00:00,6522.75,{'stop_loss_price': 6522.75}
INVALID_RISK_UNIT,risk_unit == 0 or non-finite,NQH19-CME,7658234,2019-01-07 18:40:35.002000+00:00,6522.75,{'stop_loss_price': 6522.75}
INVALID_RISK_UNIT,risk_unit == 0 or non-finite,NQH19-CME,7658235,2019-01-07 18:40:35.003000+00:00,6522.75,{'stop_loss_price': 6522.75}
INVALID_RISK_UNIT,risk_unit == 0 or non-finite,NQH19-CME,7658236,2019-01-07 18:40:35.004000+00:00,6522.75,{'stop_loss_price': 6522.75}
INVALID_RISK_UNIT,risk_unit == 0 or non-finite,NQH19-CME,7658239,2019-01-07 18:40:35.007000+00:00,6522.75,{'stop_loss_price': 6522.75}
INVALID_RISK_UNIT,risk_unit == 0 or non-finite,NQH19-CME,7691973,2019-01-07 19:33:37.006000+00:00,6504.5,{'stop_loss_price': 6504.5}
INVALID_RISK_UNIT,risk_unit == 0 or non-finite,NQH19-CME,7693266,2019-01-07 19:36:14.011000+00:00,6494.25,{'stop_loss_price': 6494.25}
INVALID_RISK_UNIT,risk_unit == 0 or non-finite,NQH19-CME,7693267,2019-01-07 19:36:14.012000+00:00,6494.25,{'stop_loss_price': 6494.25}
INVALID_RISK_UNIT,risk_unit == 0 or non-finite,NQH19-CME,7693271,2019-01-07 19:36:14.016000+00:00,6494.25,{'stop_loss_price': 6494.25}
INVALID_RISK_UNIT,risk_unit == 0 or non-finite,NQH19-CME,7764347,2019-01-08 01:25:12.009000+00:00,6516.0,{'stop_loss_price': 6516.0}
INVALID_RISK_UNIT,risk_unit == 0 or non-finite,NQH19-CME,7764348,2019-01-08 01:25:12.010000+00:00,6516.0,{'stop_loss_price': 6516.0}
INVALID_RISK_UNIT,risk_unit == 0 or non-finite,NQH19-CME,7764855,2019-01-08 01:31:22.002000+00:00,6515.0,{'stop_loss_price': 6515.0}
INVALID_RISK_UNIT,risk_unit == 0 or non-finite,NQH19-CME,7796890,2019-01-08 09:16:17+00:00,6537.0,{'stop_loss_price': 6537.0}
INVALID_RISK_UNIT,risk_unit == 0 or non-finite,NQH19-CME,7876385,2019-01-08 14:43:21.004000+00:00,6582.75,{'stop_loss_price': 6582.75}
INVALID_RISK_UNIT,risk_unit == 0 or non-finite,NQH19-CME,7921167,2019-01-08 15:08:16.004000+00:00,6555.5,{'stop_loss_price': 6555.5}
INVALID_RISK_UNIT,risk_unit == 0 or non-finite,NQH19-CME,7921168,2019-01-08 15:08:16.005000+00:00,6555.5,{'stop_loss_price': 6555.5}
INVALID_RISK_UNIT,risk_unit == 0 or non-finite,NQH19-CME,7921169,2019-01-08 15:08:16.006000+00:00,6555.5,{'stop_loss_price': 6555.5}
INVALID_RISK_UNIT,risk_unit == 0 or non-finite,NQH19-CME,7921171,2019-01-08 15:08:16.008000+00:00,6555.5,{'stop_loss_price': 6555.5}
INVALID_RISK_UNIT,risk_unit == 0 or non-finite,NQH19-CME,7983622,2019-01-08 15:50:58+00:00,6485.5,{'stop_loss_price': 6485.5}
INVALID_RISK_UNIT,risk_unit == 0 or non-finite,NQH19-CME,7983623,2019-01-08 15:50:58.001000+00:00,6485.5,{'stop_loss_price': 6485.5}
INVALID_RISK_UNIT,risk_unit == 0 or non-finite,NQH19-CME,7983624,2019-01-08 15:50:58.002000+00:00,6485.5,{'stop_loss_price': 6485.5}
INVALID_RISK_UNIT,risk_unit == 0 or non-finite,NQH19-CME,7983625,2019-01-08 15:50:58.003000+00:00,6485.5,{'stop_loss_price': 6485.5}
INVALID_RISK_UNIT,risk_unit == 0 or non-finite,NQH19-CME,7983626,2019-01-08 15:50:58.004000+00:00,6485.5,{'stop_loss_price': 6485.5}
INVALID_RISK_UNIT,risk_unit == 0 or non-finite,NQH19-CME,8002021,2019-01-08 16:03:55.002000+00:00,6499.0,{'stop_loss_price': 6499.0}
INVALID_RISK_UNIT,risk_unit == 0 or non-finite,NQH19-CME,8002022,2019-01-08 16:03:55.003000+00:00,6499.0,{'stop_loss_price': 6499.0}
INVALID_RISK_UNIT,risk_unit == 0 or non-finite,NQH19-CME,8002023,2019-01-08 16:03:55.004000+00:00,6499.0,{'stop_loss_price': 6499.0}
INVALID_RISK_UNIT,risk_unit == 0 or non-finite,NQH19-CME,8017901,2019-01-08 16:16:52.010000+00:00,6506.25,{'stop_loss_price': 6506.25}
INVALID_RISK_UNIT,risk_unit == 0 or non-finite,NQH19-CME,8017902,2019-01-08 16:16:52.011000+00:00,6506.25,{'stop_loss_price': 6506.25}
INVALID_RISK_UNIT,risk_unit == 0 or non-finite,NQH19-CME,8017903,2019-01-08 16:16:52.012000+00:00,6506.25,{'stop_loss_price': 6506.25}
INVALID_RISK_UNIT,risk_unit == 0 or non-finite,NQH19-CME,8017904,2019-01-08 16:16:52.013000+00:00,6506.25,{'stop_loss_price': 6506.25}
INVALID_RISK_UNIT,risk_unit == 0 or non-finite,NQH19-CME,8017905,2019-01-08 16:16:52.014000+00:00,6506.25,{'stop_loss_price': 6506.25}
INVALID_RISK_UNIT,risk_unit == 0 or non-finite,NQH19-CME,8017906,2019-01-08 16:16:52.015000+00:00,6506.25,{'stop_loss_price': 6506.25}
INVALID_RISK_UNIT,risk_unit == 0 or non-finite,NQH19-CME,8017907,2019-01-08 16:16:52.016000+00:00,6506.25,{'stop_loss_price': 6506.25}
INVALID_RISK_UNIT,risk_unit == 0 or non-finite,NQH19-CME,8017908,2019-01-08 16:16:52.017000+00:00,6506.25,{'stop_loss_price': 6506.25}
INVALID_RISK_UNIT,risk_unit == 0 or non-finite,NQH19-CME,8029778,2019-01-08 16:27:40.020000+00:00,6504.5,{'stop_loss_price': 6504.5}
INVALID_RISK_UNIT,risk_unit == 0 or non-finite,NQH19-CME,8080511,2019-01-08 17:33:39.006000+00:00,6539.25,{'stop_loss_price': 6539.25}
INVALID_RISK_UNIT,risk_unit == 0 or non-finite,NQH19-CME,8080633,2019-01-08 17:34:01+00:00,6539.25,{'stop_loss_price': 6539.25}
INVALID_RISK_UNIT,risk_unit == 0 or non-finite,NQH19-CME,8141548,2019-01-08 19:05:19.003000+00:00,6555.25,{'stop_loss_price': 6555.25}
INVALID_RISK_UNIT,risk_unit == 0 or non-finite,NQH19-CME,8179364,2019-01-08 20:17:03.004000+00:00,6559.25,{'stop_loss_price': 6559.25}
INVALID_RISK_UNIT,risk_unit == 0 or non-finite,NQH19-CME,8179365,2019-01-08 20:17:03.005000+00:00,6559.25,{'stop_loss_price': 6559.25}
INVALID_RISK_UNIT,risk_unit == 0 or non-finite,NQH19-CME,8179366,2019-01-08 20:17:03.006000+00:00,6559.25,{'stop_loss_price': 6559.25}
INVALID_RISK_UNIT,risk_unit == 0 or non-finite,NQH19-CME,8179367,2019-01-08 20:17:03.007000+00:00,6559.25,{'stop_loss_price': 6559.25}
INVALID_RISK_UNIT,risk_unit == 0 or non-finite,NQH19-CME,8179368,2019-01-08 20:17:03.008000+00:00,6559.25,{'stop_loss_price': 6559.25}
INVALID_RISK_UNIT,risk_unit == 0 or non-finite,NQH19-CME,8179370,2019-01-08 20:17:03.010000+00:00,6559.25,{'stop_loss_price': 6559.25}
INVALID_RISK_UNIT,risk_unit == 0 or non-finite,NQH19-CME,8219331,2019-01-09 00:37:58+00:00,6573.0,{'stop_loss_price': 6573.0}
INVALID_RISK_UNIT,risk_unit == 0 or non-finite,NQH19-CME,8239768,2019-01-09 04:30:23.002000+00:00,6599.25,{'stop_loss_price': 6599.25}
INVALID_RISK_UNIT,risk_unit == 0 or non-finite,NQH19-CME,8239769,2019-01-09 04:30:23.003000+00:00,6599.25,{'stop_loss_price': 6599.25}
INVALID_RISK_UNIT,risk_unit == 0 or non-finite,NQH19-CME,8239770,2019-01-09 04:30:23.004000+00:00,6599.25,{'stop_loss_price': 6599.25}
INVALID_RISK_UNIT,risk_unit == 0 or non-finite,NQH19-CME,8239772,2019-01-09 04:30:26+00:00,6599.25,{'stop_loss_price': 6599.25}
INVALID_RISK_UNIT,risk_unit == 0 or non-finite,NQH19-CME,8250150,2019-01-09 07:31:50.005000+00:00,6573.5,{'stop_loss_price': 6573.5}
INVALID_RISK_UNIT,risk_unit == 0 or non-finite,NQH19-CME,8250151,2019-01-09 07:31:50.006000+00:00,6573.5,{'stop_loss_price': 6573.5}
INVALID_RISK_UNIT,risk_unit == 0 or non-finite,NQH19-CME,8260238,2019-01-09 08:52:35.186000+00:00,6590.75,{'stop_loss_price': 6590.75}
INVALID_RISK_UNIT,risk_unit == 0 or non-finite,NQH19-CME,8260239,2019-01-09 08:52:35.187000+00:00,6590.75,{'stop_loss_price': 6590.75}
INVALID_RISK_UNIT,risk_unit == 0 or non-finite,NQH19-CME,8285971,2019-01-09 13:11:35.019000+00:00,6590.0,{'stop_loss_price': 6590.0}
INVALID_RISK_UNIT,risk_unit == 0 or non-finite,NQH19-CME,8285972,2019-01-09 13:11:35.020000+00:00,6590.0,{'stop_loss_price': 6590.0}
INVALID_RISK_UNIT,risk_unit == 0 or non-finite,NQH19-CME,8285973,2019-01-09 13:11:35.021000+00:00,6590.0,{'stop_loss_price': 6590.0}
INVALID_RISK_UNIT,risk_unit == 0 or non-finite,NQH19-CME,8295413,2019-01-09 14:17:39.001000+00:00,6582.75,{'stop_loss_price': 6582.75}
INVALID_RISK_UNIT,risk_unit == 0 or non-finite,NQH19-CME,8323341,2019-01-09 14:39:00.005000+00:00,6600.0,{'stop_loss_price': 6600.0}
INVALID_RISK_UNIT,risk_unit == 0 or non-finite,NQH19-CME,8323342,2019-01-09 14:39:00.006000+00:00,6600.0,{'stop_loss_price': 6600.0}
INVALID_RISK_UNIT,risk_unit == 0 or non-finite,NQH19-CME,8389034,2019-01-09 15:15:10.018000+00:00,6586.5,{'stop_loss_price': 6586.5}
INVALID_RISK_UNIT,risk_unit == 0 or non-finite,NQH19-CME,8389035,2019-01-09 15:15:10.019000+00:00,6586.5,{'stop_loss_price': 6586.5}
INVALID_RISK_UNIT,risk_unit == 0 or non-finite,NQH19-CME,8389036,2019-01-09 15:15:10.020000+00:00,6586.5,{'stop_loss_price': 6586.5}
INVALID_RISK_UNIT,risk_unit == 0 or non-finite,NQH19-CME,8389477,2019-01-09 15:15:28+00:00,6589.25,{'stop_loss_price': 6589.25}
INVALID_RISK_UNIT,risk_unit == 0 or non-finite,NQH19-CME,8398675,2019-01-09 15:23:49.003000+00:00,6606.5,{'stop_loss_price': 6606.5}
INVALID_RISK_UNIT,risk_unit == 0 or non-finite,NQH19-CME,8398676,2019-01-09 15:23:49.004000+00:00,6606.5,{'stop_loss_price': 6606.5}
INVALID_RISK_UNIT,risk_unit == 0 or non-finite,NQH19-CME,8417883,2019-01-09 15:40:26+00:00,6586.5,{'stop_loss_price': 6586.5}
INVALID_RISK_UNIT,risk_unit == 0 or non-finite,NQH19-CME,8423812,2019-01-09 15:45:05.008000+00:00,6571.0,{'stop_loss_price': 6571.0}
INVALID_RISK_UNIT,risk_unit == 0 or non-finite,NQH19-CME,8423813,2019-01-09 15:45:05.009000+00:00,6571.0,{'stop_loss_price': 6571.0}
INVALID_RISK_UNIT,risk_unit == 0 or non-finite,NQH19-CME,8423814,2019-01-09 15:45:05.010000+00:00,6571.0,{'stop_loss_price': 6571.0}
INVALID_RISK_UNIT,risk_unit == 0 or non-finite,NQH19-CME,8423815,2019-01-09 15:45:05.011000+00:00,6571.0,{'stop_loss_price': 6571.0}
INVALID_RISK_UNIT,risk_unit == 0 or non-finite,NQH19-CME,8423816,2019-01-09 15:45:05.012000+00:00,6571.0,{'stop_loss_price': 6571.0}
INVALID_RISK_UNIT,risk_unit == 0 or non-finite,NQH19-CME,8423817,2019-01-09 15:45:05.013000+00:00,6571.0,{'stop_loss_price': 6571.0}
INVALID_RISK_UNIT,risk_unit == 0 or non-finite,NQH19-CME,8438440,2019-01-09 15:59:17.003000+00:00,6577.0,{'stop_loss_price': 6577.0}
INVALID_RISK_UNIT,risk_unit == 0 or non-finite,NQH19-CME,8450074,2019-01-09 16:11:55+00:00,6595.75,{'stop_loss_price': 6595.75}
INVALID_RISK_UNIT,risk_unit == 0 or non-finite,NQH19-CME,8455590,2019-01-09 16:19:07+00:00,6600.5,{'stop_loss_price': 6600.5}
INVALID_RISK_UNIT,risk_unit == 0 or non-finite,NQH19-CME,8455591,2019-01-09 16:19:07.001000+00:00,6600.5,{'stop_loss_price': 6600.5}
INVALID_RISK_UNIT,risk_unit == 0 or non-finite,NQH19-CME,8455592,2019-01-09 16:19:07.002000+00:00,6600.5,{'stop_loss_price': 6600.5}
INVALID_RISK_UNIT,risk_unit == 0 or non-finite,NQH19-CME,8455593,2019-01-09 16:19:07.003000+00:00,6600.5,{'stop_loss_price': 6600.5}
INVALID_RISK_UNIT,risk_unit == 0 or non-finite,NQH19-CME,8455594,2019-01-09 16:19:07.004000+00:00,6600.5,{'stop_loss_price': 6600.5}
INVALID_RISK_UNIT,risk_unit == 0 or non-finite,NQH19-CME,8534042,2019-01-09 18:52:46.026000+00:00,6618.5,{'stop_loss_price': 6618.5}
INVALID_RISK_UNIT,risk_unit == 0 or non-finite,NQH19-CME,8586304,2019-01-09 19:49:51.029000+00:00,6629.25,{'stop_loss_price': 6629.25}
INVALID_RISK_UNIT,risk_unit == 0 or non-finite,NQH19-CME,8602666,2019-01-09 20:18:18.002000+00:00,6635.75,{'stop_loss_price': 6635.75}
INVALID_RISK_UNIT,risk_unit == 0 or non-finite,NQH19-CME,8648562,2019-01-10 00:32:24.001000+00:00,6579.0,{'stop_loss_price': 6579.0}
INVALID_RISK_UNIT,risk_unit == 0 or non-finite,NQH19-CME,8662528,2019-01-10 02:13:49+00:00,6566.75,{'stop_loss_price': 6566.75}
INVALID_RISK_UNIT,risk_unit == 0 or non-finite,NQH19-CME,8699165,2019-01-10 09:47:15+00:00,6562.75,{'stop_loss_price': 6562.75}
INVALID_RISK_UNIT,risk_unit == 0 or non-finite,NQH19-CME,8699166,2019-01-10 09:47:15.001000+00:00,6562.75,{'stop_loss_price': 6562.75}
INVALID_RISK_UNIT,risk_unit == 0 or non-finite,NQH19-CME,8715000,2019-01-10 12:41:34.002000+00:00,6558.5,{'stop_loss_price': 6558.5}
INVALID_RISK_UNIT,risk_unit == 0 or non-finite,NQH19-CME,8715001,2019-01-10 12:41:34.003000+00:00,6558.5,{'stop_loss_price': 6558.5}
INVALID_RISK_UNIT,risk_unit == 0 or non-finite,NQH19-CME,8733511,2019-01-10 14:32:37.020000+00:00,6559.0,{'stop_loss_price': 6559.0}
INVALID_RISK_UNIT,risk_unit == 0 or non-finite,NQH19-CME,8733512,2019-01-10 14:32:37.021000+00:00,6559.0,{'stop_loss_price': 6559.0}
INVALID_RISK_UNIT,risk_unit == 0 or non-finite,NQH19-CME,8733513,2019-01-10 14:32:37.022000+00:00,6559.0,{'stop_loss_price': 6559.0}
INVALID_RISK_UNIT,risk_unit == 0 or non-finite,NQH19-CME,8733514,2019-01-10 14:32:37.023000+00:00,6559.0,{'stop_loss_price': 6559.0}
INVALID_RISK_UNIT,risk_unit == 0 or non-finite,NQH19-CME,8733515,2019-01-10 14:32:37.024000+00:00,6559.0,{'stop_loss_price': 6559.0}
INVALID_RISK_UNIT,risk_unit == 0 or non-finite,NQH19-CME,8752824,2019-01-10 14:43:50.110000+00:00,6545.5,{'stop_loss_price': 6545.5}
INVALID_RISK_UNIT,risk_unit == 0 or non-finite,NQH19-CME,8752825,2019-01-10 14:43:50.111000+00:00,6545.5,{'stop_loss_price': 6545.5}
INVALID_RISK_UNIT,risk_unit == 0 or non-finite,NQH19-CME,8752826,2019-01-10 14:43:50.112000+00:00,6545.5,{'stop_loss_price': 6545.5}
INVALID_RISK_UNIT,risk_unit == 0 or non-finite,NQH19-CME,8752832,2019-01-10 14:43:51.002000+00:00,6545.5,{'stop_loss_price': 6545.5}
INVALID_RISK_UNIT,risk_unit == 0 or non-finite,NQH19-CME,8793149,2019-01-10 15:13:46+00:00,6556.25,{'stop_loss_price': 6556.25}
INVALID_RISK_UNIT,risk_unit == 0 or non-finite,NQH19-CME,8793150,2019-01-10 15:13:46.001000+00:00,6556.25,{'stop_loss_price': 6556.25}
INVALID_RISK_UNIT,risk_unit == 0 or non-finite,NQH19-CME,8793151,2019-01-10 15:13:46.002000+00:00,6556.25,{'stop_loss_price': 6556.25}
INVALID_RISK_UNIT,risk_unit == 0 or non-finite,NQH19-CME,8793152,2019-01-10 15:13:46.003000+00:00,6556.25,{'stop_loss_price': 6556.25}
INVALID_RISK_UNIT,risk_unit == 0 or non-finite,NQH19-CME,8890126,2019-01-10 17:01:19.439000+00:00,6612.0,{'stop_loss_price': 6612.0}
INVALID_RISK_UNIT,risk_unit == 0 or non-finite,NQH19-CME,8890127,2019-01-10 17:01:19.440000+00:00,6612.0,{'stop_loss_price': 6612.0}
INVALID_RISK_UNIT,risk_unit == 0 or non-finite,NQH19-CME,8890128,2019-01-10 17:01:19.441000+00:00,6612.0,{'stop_loss_price': 6612.0}
INVALID_RISK_UNIT,risk_unit == 0 or non-finite,NQH19-CME,8899722,2019-01-10 17:17:57.001000+00:00,6600.25,{'stop_loss_price': 6600.25}
INVALID_RISK_UNIT,risk_unit == 0 or non-finite,NQH19-CME,8899723,2019-01-10 17:17:57.002000+00:00,6600.25,{'stop_loss_price': 6600.25}
INVALID_RISK_UNIT,risk_unit == 0 or non-finite,NQH19-CME,8950952,2019-01-10 18:24:11.003000+00:00,6585.75,{'stop_loss_price': 6585.75}
INVALID_RISK_UNIT,risk_unit == 0 or non-finite,NQH19-CME,8950953,2019-01-10 18:24:11.004000+00:00,6585.75,{'stop_loss_price': 6585.75}
INVALID_RISK_UNIT,risk_unit == 0 or non-finite,NQH19-CME,8950954,2019-01-10 18:24:11.005000+00:00,6585.75,{'stop_loss_price': 6585.75}
INVALID_RISK_UNIT,risk_unit == 0 or non-finite,NQH19-CME,8950955,2019-01-10 18:24:11.006000+00:00,6585.75,{'stop_loss_price': 6585.75}
INVALID_RISK_UNIT,risk_unit == 0 or non-finite,NQH19-CME,8950956,2019-01-10 18:24:11.007000+00:00,6585.75,{'stop_loss_price': 6585.75}
INVALID_RISK_UNIT,risk_unit == 0 or non-finite,NQH19-CME,8960745,2019-01-10 18:37:37+00:00,6585.25,{'stop_loss_price': 6585.25}
INVALID_RISK_UNIT,risk_unit == 0 or non-finite,NQH19-CME,8960746,2019-01-10 18:37:37.001000+00:00,6585.25,{'stop_loss_price': 6585.25}
INVALID_RISK_UNIT,risk_unit == 0 or non-finite,NQH19-CME,8960747,2019-01-10 18:37:37.002000+00:00,6585.25,{'stop_loss_price': 6585.25}
INVALID_RISK_UNIT,risk_unit == 0 or non-finite,NQH19-CME,8960748,2019-01-10 18:37:37.003000+00:00,6585.25,{'stop_loss_price': 6585.25}
INVALID_RISK_UNIT,risk_unit == 0 or non-finite,NQH19-CME,8960749,2019-01-10 18:37:37.004000+00:00,6585.25,{'stop_loss_price': 6585.25}
INVALID_RISK_UNIT,risk_unit == 0 or non-finite,NQH19-CME,8960750,2019-01-10 18:37:37.005000+00:00,6585.25,{'stop_loss_price': 6585.25}
INVALID_RISK_UNIT,risk_unit == 0 or non-finite,NQH19-CME,9035538,2019-01-10 20:34:29.003000+00:00,6628.25,{'stop_loss_price': 6628.25}
INVALID_RISK_UNIT,risk_unit == 0 or non-finite,NQH19-CME,9035539,2019-01-10 20:34:29.004000+00:00,6628.25,{'stop_loss_price': 6628.25}
INVALID_RISK_UNIT,risk_unit == 0 or non-finite,NQH19-CME,9035542,2019-01-10 20:34:29.007000+00:00,6628.25,{'stop_loss_price': 6628.25}
INVALID_RISK_UNIT,risk_unit == 0 or non-finite,NQH19-CME,9092563,2019-01-11 08:47:01+00:00,6621.75,{'stop_loss_price': 6621.75}
INVALID_RISK_UNIT,risk_unit == 0 or non-finite,NQH19-CME,9116686,2019-01-11 13:21:59+00:00,6595.5,{'stop_loss_price': 6595.5}
INVALID_RISK_UNIT,risk_unit == 0 or non-finite,NQH19-CME,9121720,2019-01-11 13:46:30+00:00,6596.0,{'stop_loss_price': 6596.0}
INVALID_RISK_UNIT,risk_unit == 0 or non-finite,NQH19-CME,9121721,2019-01-11 13:46:30.001000+00:00,6596.0,{'stop_loss_price': 6596.0}
INVALID_RISK_UNIT,risk_unit == 0 or non-finite,NQH19-CME,9121722,2019-01-11 13:46:30.002000+00:00,6596.0,{'stop_loss_price': 6596.0}
INVALID_RISK_UNIT,risk_unit == 0 or non-finite,NQH19-CME,9141249,2019-01-11 14:37:04.004000+00:00,6589.5,{'stop_loss_price': 6589.5}
INVALID_RISK_UNIT,risk_unit == 0 or non-finite,NQH19-CME,9141250,2019-01-11 14:37:04.005000+00:00,6589.5,{'stop_loss_price': 6589.5}
INVALID_RISK_UNIT,risk_unit == 0 or non-finite,NQH19-CME,9141254,2019-01-11 14:37:04.009000+00:00,6589.5,{'stop_loss_price': 6589.5}
INVALID_RISK_UNIT,risk_unit == 0 or non-finite,NQH19-CME,9141255,2019-01-11 14:37:04.010000+00:00,6589.5,{'stop_loss_price': 6589.5}
INVALID_RISK_UNIT,risk_unit == 0 or non-finite,NQH19-CME,9161038,2019-01-11 14:51:59.004000+00:00,6578.0,{'stop_loss_price': 6578.0}
INVALID_RISK_UNIT,risk_unit == 0 or non-finite,NQH19-CME,9176510,2019-01-11 15:07:26.006000+00:00,6597.25,{'stop_loss_price': 6597.25}
INVALID_RISK_UNIT,risk_unit == 0 or non-finite,NQH19-CME,9176511,2019-01-11 15:07:26.007000+00:00,6597.25,{'stop_loss_price': 6597.25}
INVALID_RISK_UNIT,risk_unit == 0 or non-finite,NQH19-CME,9176512,2019-01-11 15:07:26.008000+00:00,6597.25,{'stop_loss_price': 6597.25}
INVALID_RISK_UNIT,risk_unit == 0 or non-finite,NQH19-CME,9176513,2019-01-11 15:07:26.009000+00:00,6597.25,{'stop_loss_price': 6597.25}
INVALID_RISK_UNIT,risk_unit == 0 or non-finite,NQH19-CME,9176514,2019-01-11 15:07:26.010000+00:00,6597.25,{'stop_loss_price': 6597.25}
INVALID_RISK_UNIT,risk_unit == 0 or non-finite,NQH19-CME,9176515,2019-01-11 15:07:26.011000+00:00,6597.25,{'stop_loss_price': 6597.25}
INVALID_RISK_UNIT,risk_unit == 0 or non-finite,NQH19-CME,9176516,2019-01-11 15:07:26.012000+00:00,6597.25,{'stop_loss_price': 6597.25}
INVALID_RISK_UNIT,risk_unit == 0 or non-finite,NQH19-CME,9176517,2019-01-11 15:07:26.013000+00:00,6597.25,{'stop_loss_price': 6597.25}
INVALID_RISK_UNIT,risk_unit == 0 or non-finite,NQH19-CME,9176518,2019-01-11 15:07:26.014000+00:00,6597.25,{'stop_loss_price': 6597.25}
INVALID_RISK_UNIT,risk_unit == 0 or non-finite,NQH19-CME,9176519,2019-01-11 15:07:26.015000+00:00,6597.25,{'stop_loss_price': 6597.25}
INVALID_RISK_UNIT,risk_unit == 0 or non-finite,NQH19-CME,9176520,2019-01-11 15:07:26.016000+00:00,6597.25,{'stop_loss_price': 6597.25}
INVALID_RISK_UNIT,risk_unit == 0 or non-finite,NQH19-CME,9176521,2019-01-11 15:07:26.017000+00:00,6597.25,{'stop_loss_price': 6597.25}
INVALID_RISK_UNIT,risk_unit == 0 or non-finite,NQH19-CME,9176522,2019-01-11 15:07:26.018000+00:00,6597.25,{'stop_loss_price': 6597.25}
INVALID_RISK_UNIT,risk_unit == 0 or non-finite,NQH19-CME,9176523,2019-01-11 15:07:26.019000+00:00,6597.25,{'stop_loss_price': 6597.25}
INVALID_RISK_UNIT,risk_unit == 0 or non-finite,NQH19-CME,9176524,2019-01-11 15:07:26.020000+00:00,6597.25,{'stop_loss_price': 6597.25}
INVALID_RISK_UNIT,risk_unit == 0 or non-finite,NQH19-CME,9176525,2019-01-11 15:07:26.021000+00:00,6597.25,{'stop_loss_price': 6597.25}
INVALID_RISK_UNIT,risk_unit == 0 or non-finite,NQH19-CME,9176526,2019-01-11 15:07:26.022000+00:00,6597.25,{'stop_loss_price': 6597.25}
INVALID_RISK_UNIT,risk_unit == 0 or non-finite,NQH19-CME,9176537,2019-01-11 15:07:26.033000+00:00,6597.25,{'stop_loss_price': 6597.25}
INVALID_RISK_UNIT,risk_unit == 0 or non-finite,NQH19-CME,9176538,2019-01-11 15:07:26.034000+00:00,6597.25,{'stop_loss_price': 6597.25}
INVALID_RISK_UNIT,risk_unit == 0 or non-finite,NQH19-CME,9176539,2019-01-11 15:07:26.035000+00:00,6597.25,{'stop_loss_price': 6597.25}
INVALID_RISK_UNIT,risk_unit == 0 or non-finite,NQH19-CME,9176540,2019-01-11 15:07:26.036000+00:00,6597.25,{'stop_loss_price': 6597.25}
INVALID_RISK_UNIT,risk_unit == 0 or non-finite,NQH19-CME,9176541,2019-01-11 15:07:26.037000+00:00,6597.25,{'stop_loss_price': 6597.25}
INVALID_RISK_UNIT,risk_unit == 0 or non-finite,NQH19-CME,9176542,2019-01-11 15:07:26.038000+00:00,6597.25,{'stop_loss_price': 6597.25}
INVALID_RISK_UNIT,risk_unit == 0 or non-finite,NQH19-CME,9176543,2019-01-11 15:07:26.039000+00:00,6597.25,{'stop_loss_price': 6597.25}
INVALID_RISK_UNIT,risk_unit == 0 or non-finite,NQH19-CME,9180007,2019-01-11 15:10:14.018000+00:00,6604.0,{'stop_loss_price': 6604.0}
INVALID_RISK_UNIT,risk_unit == 0 or non-finite,NQH19-CME,9180008,2019-01-11 15:10:14.019000+00:00,6604.0,{'stop_loss_price': 6604.0}
INVALID_RISK_UNIT,risk_unit == 0 or non-finite,NQH19-CME,9195115,2019-01-11 15:27:15.002000+00:00,6582.25,{'stop_loss_price': 6582.25}
INVALID_RISK_UNIT,risk_unit == 0 or non-finite,NQH19-CME,9197770,2019-01-11 15:29:31+00:00,6577.25,{'stop_loss_price': 6577.25}
INVALID_RISK_UNIT,risk_unit == 0 or non-finite,NQH19-CME,9224242,2019-01-11 15:59:40+00:00,6601.5,{'stop_loss_price': 6601.5}
INVALID_RISK_UNIT,risk_unit == 0 or non-finite,NQH19-CME,9224243,2019-01-11 15:59:40.001000+00:00,6601.5,{'stop_loss_price': 6601.5}
INVALID_RISK_UNIT,risk_unit == 0 or non-finite,NQH19-CME,9224244,2019-01-11 15:59:40.002000+00:00,6601.5,{'stop_loss_price': 6601.5}
INVALID_RISK_UNIT,risk_unit == 0 or non-finite,NQH19-CME,9224245,2019-01-11 15:59:40.003000+00:00,6601.5,{'stop_loss_price': 6601.5}
INVALID_RISK_UNIT,risk_unit == 0 or non-finite,NQH19-CME,9224246,2019-01-11 15:59:40.004000+00:00,6601.5,{'stop_loss_price': 6601.5}
INVALID_RISK_UNIT,risk_unit == 0 or non-finite,NQH19-CME,9224247,2019-01-11 15:59:40.005000+00:00,6601.5,{'stop_loss_price': 6601.5}
INVALID_RISK_UNIT,risk_unit == 0 or non-finite,NQH19-CME,9241277,2019-01-11 16:20:08.040000+00:00,6589.25,{'stop_loss_price': 6589.25}
INVALID_RISK_UNIT,risk_unit == 0 or non-finite,NQH19-CME,9241278,2019-01-11 16:20:08.041000+00:00,6589.25,{'stop_loss_price': 6589.25}
INVALID_RISK_UNIT,risk_unit == 0 or non-finite,NQH19-CME,9241279,2019-01-11 16:20:08.042000+00:00,6589.25,{'stop_loss_price': 6589.25}
INVALID_RISK_UNIT,risk_unit == 0 or non-finite,NQH19-CME,9241280,2019-01-11 16:20:08.043000+00:00,6589.25,{'stop_loss_price': 6589.25}
INVALID_RISK_UNIT,risk_unit == 0 or non-finite,NQH19-CME,9241281,2019-01-11 16:20:08.044000+00:00,6589.25,{'stop_loss_price': 6589.25}
INVALID_RISK_UNIT,risk_unit == 0 or non-finite,NQH19-CME,9295116,2019-01-11 18:13:00.021000+00:00,6595.25,{'stop_loss_price': 6595.25}
INVALID_RISK_UNIT,risk_unit == 0 or non-finite,NQH19-CME,9295117,2019-01-11 18:13:00.022000+00:00,6595.25,{'stop_loss_price': 6595.25}
INVALID_RISK_UNIT,risk_unit == 0 or non-finite,NQH19-CME,9295118,2019-01-11 18:13:01+00:00,6595.25,{'stop_loss_price': 6595.25}
INVALID_RISK_UNIT,risk_unit == 0 or non-finite,NQH19-CME,9297779,2019-01-11 18:16:26.001000+00:00,6588.5,{'stop_loss_price': 6588.5}
INVALID_RISK_UNIT,risk_unit == 0 or non-finite,NQH19-CME,9297780,2019-01-11 18:16:26.002000+00:00,6588.5,{'stop_loss_price': 6588.5}
INVALID_RISK_UNIT,risk_unit == 0 or non-finite,NQH19-CME,9297781,2019-01-11 18:16:26.003000+00:00,6588.5,{'stop_loss_price': 6588.5}
INVALID_RISK_UNIT,risk_unit == 0 or non-finite,NQH19-CME,9306879,2019-01-11 18:37:14.009000+00:00,6592.0,{'stop_loss_price': 6592.0}
INVALID_RISK_UNIT,risk_unit == 0 or non-finite,NQH19-CME,9350375,2019-01-11 20:35:26.004000+00:00,6607.25,{'stop_loss_price': 6607.25}
INVALID_RISK_UNIT,risk_unit == 0 or non-finite,NQH19-CME,9350376,2019-01-11 20:35:26.005000+00:00,6607.25,{'stop_loss_price': 6607.25}
INVALID_RISK_UNIT,risk_unit == 0 or non-finite,NQH19-CME,9350377,2019-01-11 20:35:26.006000+00:00,6607.25,{'stop_loss_price': 6607.25}
INVALID_RISK_UNIT,risk_unit == 0 or non-finite,NQH19-CME,9350378,2019-01-11 20:35:26.007000+00:00,6607.25,{'stop_loss_price': 6607.25}
INVALID_RISK_UNIT,risk_unit == 0 or non-finite,NQH19-CME,9350379,2019-01-11 20:35:26.008000+00:00,6607.25,{'stop_loss_price': 6607.25}
INVALID_RISK_UNIT,risk_unit == 0 or non-finite,NQH19-CME,9350380,2019-01-11 20:35:26.009000+00:00,6607.25,{'stop_loss_price': 6607.25}
INVALID_RISK_UNIT,risk_unit == 0 or non-finite,NQH19-CME,9350381,2019-01-11 20:35:26.010000+00:00,6607.25,{'stop_loss_price': 6607.25}
INVALID_RISK_UNIT,risk_unit == 0 or non-finite,NQH19-CME,9360088,2019-01-11 20:57:21.005000+00:00,6613.75,{'stop_loss_price': 6613.75}
INVALID_RISK_UNIT,risk_unit == 0 or non-finite,NQH19-CME,9360089,2019-01-11 20:57:21.006000+00:00,6613.75,{'stop_loss_price': 6613.75}
INVALID_RISK_UNIT,risk_unit == 0 or non-finite,NQH19-CME,9360090,2019-01-11 20:57:21.007000+00:00,6613.75,{'stop_loss_price': 6613.75}
INVALID_RISK_UNIT,risk_unit == 0 or non-finite,NQH19-CME,9360091,2019-01-11 20:57:21.008000+00:00,6613.75,{'stop_loss_price': 6613.75}
INVALID_RISK_UNIT,risk_unit == 0 or non-finite,NQH19-CME,9385105,2019-01-14 02:33:04+00:00,6549.5,{'stop_loss_price': 6549.5}
INVALID_RISK_UNIT,risk_unit == 0 or non-finite,NQH19-CME,9404266,2019-01-14 08:48:24+00:00,6557.5,{'stop_loss_price': 6557.5}
INVALID_RISK_UNIT,risk_unit == 0 or non-finite,NQH19-CME,9408380,2019-01-14 09:45:30.004000+00:00,6547.5,{'stop_loss_price': 6547.5}
INVALID_RISK_UNIT,risk_unit == 0 or non-finite,NQH19-CME,9408381,2019-01-14 09:45:30.005000+00:00,6547.5,{'stop_loss_price': 6547.5}
INVALID_RISK_UNIT,risk_unit == 0 or non-finite,NQH19-CME,9408382,2019-01-14 09:45:31+00:00,6547.5,{'stop_loss_price': 6547.5}
INVALID_RISK_UNIT,risk_unit == 0 or non-finite,NQH19-CME,9426687,2019-01-14 13:02:48+00:00,6543.75,{'stop_loss_price': 6543.75}
INVALID_RISK_UNIT,risk_unit == 0 or non-finite,NQH19-CME,9426688,2019-01-14 13:02:48.001000+00:00,6543.75,{'stop_loss_price': 6543.75}
INVALID_RISK_UNIT,risk_unit == 0 or non-finite,NQH19-CME,9433797,2019-01-14 13:50:58.003000+00:00,6557.25,{'stop_loss_price': 6557.25}
INVALID_RISK_UNIT,risk_unit == 0 or non-finite,NQH19-CME,9433798,2019-01-14 13:50:58.004000+00:00,6557.25,{'stop_loss_price': 6557.25}
INVALID_RISK_UNIT,risk_unit == 0 or non-finite,NQH19-CME,9433799,2019-01-14 13:50:58.005000+00:00,6557.25,{'stop_loss_price': 6557.25}
INVALID_RISK_UNIT,risk_unit == 0 or non-finite,NQH19-CME,9433800,2019-01-14 13:51:01+00:00,6557.25,{'stop_loss_price': 6557.25}
INVALID_RISK_UNIT,risk_unit == 0 or non-finite,NQH19-CME,9433801,2019-01-14 13:51:01.001000+00:00,6557.25,{'stop_loss_price': 6557.25}
INVALID_RISK_UNIT,risk_unit == 0 or non-finite,NQH19-CME,9433802,2019-01-14 13:51:02+00:00,6557.25,{'stop_loss_price': 6557.25}
INVALID_RISK_UNIT,risk_unit == 0 or non-finite,NQH19-CME,9465486,2019-01-14 14:42:58.001000+00:00,6541.25,{'stop_loss_price': 6541.25}
INVALID_RISK_UNIT,risk_unit == 0 or non-finite,NQH19-CME,9514933,2019-01-14 15:27:33.001000+00:00,6551.25,{'stop_loss_price': 6551.25}
INVALID_RISK_UNIT,risk_unit == 0 or non-finite,NQH19-CME,9514934,2019-01-14 15:27:33.002000+00:00,6551.25,{'stop_loss_price': 6551.25}
INVALID_RISK_UNIT,risk_unit == 0 or non-finite,NQH19-CME,9514935,2019-01-14 15:27:33.003000+00:00,6551.25,{'stop_loss_price': 6551.25}
INVALID_RISK_UNIT,risk_unit == 0 or non-finite,NQH19-CME,9514936,2019-01-14 15:27:33.004000+00:00,6551.25,{'stop_loss_price': 6551.25}
INVALID_RISK_UNIT,risk_unit == 0 or non-finite,NQH19-CME,9514937,2019-01-14 15:27:33.005000+00:00,6551.25,{'stop_loss_price': 6551.25}
INVALID_RISK_UNIT,risk_unit == 0 or non-finite,NQH19-CME,9514938,2019-01-14 15:27:33.006000+00:00,6551.25,{'stop_loss_price': 6551.25}
INVALID_RISK_UNIT,risk_unit == 0 or non-finite,NQH19-CME,9514939,2019-01-14 15:27:33.007000+00:00,6551.25,{'stop_loss_price': 6551.25}
INVALID_RISK_UNIT,risk_unit == 0 or non-finite,NQH19-CME,9514940,2019-01-14 15:27:33.008000+00:00,6551.25,{'stop_loss_price': 6551.25}
INVALID_RISK_UNIT,risk_unit == 0 or non-finite,NQH19-CME,9514941,2019-01-14 15:27:33.009000+00:00,6551.25,{'stop_loss_price': 6551.25}
INVALID_RISK_UNIT,risk_unit == 0 or non-finite,NQH19-CME,9514942,2019-01-14 15:27:34+00:00,6551.25,{'stop_loss_price': 6551.25}
INVALID_RISK_UNIT,risk_unit == 0 or non-finite,NQH19-CME,9514943,2019-01-14 15:27:34.001000+00:00,6551.25,{'stop_loss_price': 6551.25}
INVALID_RISK_UNIT,risk_unit == 0 or non-finite,NQH19-CME,9514945,2019-01-14 15:27:34.003000+00:00,6551.25,{'stop_loss_price': 6551.25}
INVALID_RISK_UNIT,risk_unit == 0 or non-finite,NQH19-CME,9528405,2019-01-14 15:44:27.005000+00:00,6566.75,{'stop_loss_price': 6566.75}
INVALID_RISK_UNIT,risk_unit == 0 or non-finite,NQH19-CME,9528406,2019-01-14 15:44:27.006000+00:00,6566.75,{'stop_loss_price': 6566.75}
INVALID_RISK_UNIT,risk_unit == 0 or non-finite,NQH19-CME,9528409,2019-01-14 15:44:27.009000+00:00,6566.75,{'stop_loss_price': 6566.75}
INVALID_RISK_UNIT,risk_unit == 0 or non-finite,NQH19-CME,9528410,2019-01-14 15:44:27.010000+00:00,6566.75,{'stop_loss_price': 6566.75}
INVALID_RISK_UNIT,risk_unit == 0 or non-finite,NQH19-CME,9528411,2019-01-14 15:44:27.011000+00:00,6566.75,{'stop_loss_price': 6566.75}
INVALID_RISK_UNIT,risk_unit == 0 or non-finite,NQH19-CME,9528412,2019-01-14 15:44:27.012000+00:00,6566.75,{'stop_loss_price': 6566.75}
INVALID_RISK_UNIT,risk_unit == 0 or non-finite,NQH19-CME,9528413,2019-01-14 15:44:27.013000+00:00,6566.75,{'stop_loss_price': 6566.75}
INVALID_RISK_UNIT,risk_unit == 0 or non-finite,NQH19-CME,9539204,2019-01-14 15:55:13.008000+00:00,6565.75,{'stop_loss_price': 6565.75}
INVALID_RISK_UNIT,risk_unit == 0 or non-finite,NQH19-CME,9539205,2019-01-14 15:55:13.009000+00:00,6565.75,{'stop_loss_price': 6565.75}
INVALID_RISK_UNIT,risk_unit == 0 or non-finite,NQH19-CME,9539206,2019-01-14 15:55:13.010000+00:00,6565.75,{'stop_loss_price': 6565.75}
INVALID_RISK_UNIT,risk_unit == 0 or non-finite,NQH19-CME,9539207,2019-01-14 15:55:13.011000+00:00,6565.75,{'stop_loss_price': 6565.75}
INVALID_RISK_UNIT,risk_unit == 0 or non-finite,NQH19-CME,9567529,2019-01-14 16:32:45.037000+00:00,6567.25,{'stop_loss_price': 6567.25}
INVALID_RISK_UNIT,risk_unit == 0 or non-finite,NQH19-CME,9589008,2019-01-14 17:14:30.003000+00:00,6566.5,{'stop_loss_price': 6566.5}
INVALID_RISK_UNIT,risk_unit == 0 or non-finite,NQH19-CME,9589009,2019-01-14 17:14:30.004000+00:00,6566.5,{'stop_loss_price': 6566.5}
INVALID_RISK_UNIT,risk_unit == 0 or non-finite,NQH19-CME,9589010,2019-01-14 17:14:32+00:00,6566.5,{'stop_loss_price': 6566.5}
INVALID_RISK_UNIT,risk_unit == 0 or non-finite,NQH19-CME,9589011,2019-01-14 17:14:32.001000+00:00,6566.5,{'stop_loss_price': 6566.5}
INVALID_RISK_UNIT,risk_unit == 0 or non-finite,NQH19-CME,9589012,2019-01-14 17:14:32.002000+00:00,6566.5,{'stop_loss_price': 6566.5}
INVALID_RISK_UNIT,risk_unit == 0 or non-finite,NQH19-CME,9589014,2019-01-14 17:14:34+00:00,6566.5,{'stop_loss_price': 6566.5}
INVALID_RISK_UNIT,risk_unit == 0 or non-finite,NQH19-CME,9622193,2019-01-14 19:04:27.002000+00:00,6567.0,{'stop_loss_price': 6567.0}
INVALID_RISK_UNIT,risk_unit == 0 or non-finite,NQH19-CME,9622194,2019-01-14 19:04:27.003000+00:00,6567.0,{'stop_loss_price': 6567.0}
INVALID_RISK_UNIT,risk_unit == 0 or non-finite,NQH19-CME,9622195,2019-01-14 19:04:27.004000+00:00,6567.0,{'stop_loss_price': 6567.0}
INVALID_RISK_UNIT,risk_unit == 0 or non-finite,NQH19-CME,9622196,2019-01-14 19:04:27.005000+00:00,6567.0,{'stop_loss_price': 6567.0}
INVALID_RISK_UNIT,risk_unit == 0 or non-finite,NQH19-CME,9622197,2019-01-14 19:04:27.006000+00:00,6567.0,{'stop_loss_price': 6567.0}
INVALID_RISK_UNIT,risk_unit == 0 or non-finite,NQH19-CME,9622198,2019-01-14 19:04:27.007000+00:00,6567.0,{'stop_loss_price': 6567.0}
INVALID_RISK_UNIT,risk_unit == 0 or non-finite,NQH19-CME,9622199,2019-01-14 19:04:27.008000+00:00,6567.0,{'stop_loss_price': 6567.0}
INVALID_RISK_UNIT,risk_unit == 0 or non-finite,NQH19-CME,9622200,2019-01-14 19:04:27.009000+00:00,6567.0,{'stop_loss_price': 6567.0}
INVALID_RISK_UNIT,risk_unit == 0 or non-finite,NQH19-CME,9622205,2019-01-14 19:04:27.014000+00:00,6567.0,{'stop_loss_price': 6567.0}
INVALID_RISK_UNIT,risk_unit == 0 or non-finite,NQH19-CME,9622206,2019-01-14 19:04:27.015000+00:00,6567.0,{'stop_loss_price': 6567.0}
INVALID_RISK_UNIT,risk_unit == 0 or non-finite,NQH19-CME,9622207,2019-01-14 19:04:27.016000+00:00,6567.0,{'stop_loss_price': 6567.0}
INVALID_RISK_UNIT,risk_unit == 0 or non-finite,NQH19-CME,9622208,2019-01-14 19:04:27.017000+00:00,6567.0,{'stop_loss_price': 6567.0}
INVALID_RISK_UNIT,risk_unit == 0 or non-finite,NQH19-CME,9622209,2019-01-14 19:04:27.018000+00:00,6567.0,{'stop_loss_price': 6567.0}
INVALID_RISK_UNIT,risk_unit == 0 or non-finite,NQH19-CME,9622210,2019-01-14 19:04:27.019000+00:00,6567.0,{'stop_loss_price': 6567.0}
INVALID_RISK_UNIT,risk_unit == 0 or non-finite,NQH19-CME,9622211,2019-01-14 19:04:27.020000+00:00,6567.0,{'stop_loss_price': 6567.0}
INVALID_RISK_UNIT,risk_unit == 0 or non-finite,NQH19-CME,9622212,2019-01-14 19:04:27.021000+00:00,6567.0,{'stop_loss_price': 6567.0}
INVALID_RISK_UNIT,risk_unit == 0 or non-finite,NQH19-CME,9622213,2019-01-14 19:04:27.022000+00:00,6567.0,{'stop_loss_price': 6567.0}
INVALID_RISK_UNIT,risk_unit == 0 or non-finite,NQH19-CME,9622214,2019-01-14 19:04:29+00:00,6567.0,{'stop_loss_price': 6567.0}
INVALID_RISK_UNIT,risk_unit == 0 or non-finite,NQH19-CME,9622215,2019-01-14 19:04:29.001000+00:00,6567.0,{'stop_loss_price': 6567.0}
INVALID_RISK_UNIT,risk_unit == 0 or non-finite,NQH19-CME,9622216,2019-01-14 19:04:29.002000+00:00,6567.0,{'stop_loss_price': 6567.0}
INVALID_RISK_UNIT,risk_unit == 0 or non-finite,NQH19-CME,9622217,2019-01-14 19:04:29.003000+00:00,6567.0,{'stop_loss_price': 6567.0}
INVALID_RISK_UNIT,risk_unit == 0 or non-finite,NQH19-CME,9638390,2019-01-14 19:56:34.009000+00:00,6569.5,{'stop_loss_price': 6569.5}
INVALID_RISK_UNIT,risk_unit == 0 or non-finite,NQH19-CME,9638391,2019-01-14 19:56:34.010000+00:00,6569.5,{'stop_loss_price': 6569.5}
INVALID_RISK_UNIT,risk_unit == 0 or non-finite,NQH19-CME,9638392,2019-01-14 19:56:34.011000+00:00,6569.5,{'stop_loss_price': 6569.5}
INVALID_RISK_UNIT,risk_unit == 0 or non-finite,NQH19-CME,9638393,2019-01-14 19:56:34.012000+00:00,6569.5,{'stop_loss_price': 6569.5}
INVALID_RISK_UNIT,risk_unit == 0 or non-finite,NQH19-CME,9638394,2019-01-14 19:56:34.013000+00:00,6569.5,{'stop_loss_price': 6569.5}
INVALID_RISK_UNIT,risk_unit == 0 or non-finite,NQH19-CME,9638395,2019-01-14 19:56:34.014000+00:00,6569.5,{'stop_loss_price': 6569.5}
INVALID_RISK_UNIT,risk_unit == 0 or non-finite,NQH19-CME,9638396,2019-01-14 19:56:34.015000+00:00,6569.5,{'stop_loss_price': 6569.5}
INVALID_RISK_UNIT,risk_unit == 0 or non-finite,NQH19-CME,9638397,2019-01-14 19:56:34.016000+00:00,6569.5,{'stop_loss_price': 6569.5}
INVALID_RISK_UNIT,risk_unit == 0 or non-finite,NQH19-CME,9638398,2019-01-14 19:56:34.017000+00:00,6569.5,{'stop_loss_price': 6569.5}
INVALID_RISK_UNIT,risk_unit == 0 or non-finite,NQH19-CME,9638399,2019-01-14 19:56:34.018000+00:00,6569.5,{'stop_loss_price': 6569.5}
INVALID_RISK_UNIT,risk_unit == 0 or non-finite,NQH19-CME,9638401,2019-01-14 19:56:34.020000+00:00,6569.5,{'stop_loss_price': 6569.5}
INVALID_RISK_UNIT,risk_unit == 0 or non-finite,NQH19-CME,9648330,2019-01-14 20:26:43.014000+00:00,6572.25,{'stop_loss_price': 6572.25}
INVALID_RISK_UNIT,risk_unit == 0 or non-finite,NQH19-CME,9648331,2019-01-14 20:26:43.015000+00:00,6572.25,{'stop_loss_price': 6572.25}
INVALID_RISK_UNIT,risk_unit == 0 or non-finite,NQH19-CME,9648332,2019-01-14 20:26:43.016000+00:00,6572.25,{'stop_loss_price': 6572.25}
INVALID_RISK_UNIT,risk_unit == 0 or non-finite,NQH19-CME,9648333,2019-01-14 20:26:43.017000+00:00,6572.25,{'stop_loss_price': 6572.25}
INVALID_RISK_UNIT,risk_unit == 0 or non-finite,NQH19-CME,9648334,2019-01-14 20:26:43.018000+00:00,6572.25,{'stop_loss_price': 6572.25}
INVALID_RISK_UNIT,risk_unit == 0 or non-finite,NQH19-CME,9648335,2019-01-14 20:26:43.019000+00:00,6572.25,{'stop_loss_price': 6572.25}
INVALID_RISK_UNIT,risk_unit == 0 or non-finite,NQH19-CME,9648336,2019-01-14 20:26:43.020000+00:00,6572.25,{'stop_loss_price': 6572.25}
INVALID_RISK_UNIT,risk_unit == 0 or non-finite,NQH19-CME,9648337,2019-01-14 20:26:43.021000+00:00,6572.25,{'stop_loss_price': 6572.25}
INVALID_RISK_UNIT,risk_unit == 0 or non-finite,NQH19-CME,9686595,2019-01-15 01:10:08+00:00,6572.5,{'stop_loss_price': 6572.5}
INVALID_RISK_UNIT,risk_unit == 0 or non-finite,NQH19-CME,9713053,2019-01-15 07:47:04+00:00,6590.0,{'stop_loss_price': 6590.0}
INVALID_RISK_UNIT,risk_unit == 0 or non-finite,NQH19-CME,9713054,2019-01-15 07:47:04.001000+00:00,6590.0,{'stop_loss_price': 6590.0}
INVALID_RISK_UNIT,risk_unit == 0 or non-finite,NQH19-CME,9901103,2019-01-15 15:49:49.010000+00:00,6642.75,{'stop_loss_price': 6642.75}
INVALID_RISK_UNIT,risk_unit == 0 or non-finite,NQH19-CME,9960105,2019-01-15 17:13:41.123000+00:00,6682.25,{'stop_loss_price': 6682.25}
INVALID_RISK_UNIT,risk_unit == 0 or non-finite,NQH19-CME,9960106,2019-01-15 17:13:41.124000+00:00,6682.25,{'stop_loss_price': 6682.25}
INVALID_RISK_UNIT,risk_unit == 0 or non-finite,NQH19-CME,9960107,2019-01-15 17:13:41.125000+00:00,6682.25,{'stop_loss_price': 6682.25}
INVALID_RISK_UNIT,risk_unit == 0 or non-finite,NQH19-CME,9960108,2019-01-15 17:13:41.126000+00:00,6682.25,{'stop_loss_price': 6682.25}
INVALID_RISK_UNIT,risk_unit == 0 or non-finite,NQH19-CME,9960109,2019-01-15 17:13:41.127000+00:00,6682.25,{'stop_loss_price': 6682.25}
INVALID_RISK_UNIT,risk_unit == 0 or non-finite,NQH19-CME,9960110,2019-01-15 17:13:41.128000+00:00,6682.25,{'stop_loss_price': 6682.25}
INVALID_RISK_UNIT,risk_unit == 0 or non-finite,NQH19-CME,9960111,2019-01-15 17:13:41.129000+00:00,6682.25,{'stop_loss_price': 6682.25}
INVALID_RISK_UNIT,risk_unit == 0 or non-finite,NQH19-CME,9960112,2019-01-15 17:13:41.130000+00:00,6682.25,{'stop_loss_price': 6682.25}
INVALID_RISK_UNIT,risk_unit == 0 or non-finite,NQH19-CME,9960113,2019-01-15 17:13:41.131000+00:00,6682.25,{'stop_loss_price': 6682.25}
INVALID_RISK_UNIT,risk_unit == 0 or non-finite,NQH19-CME,9960114,2019-01-15 17:13:41.132000+00:00,6682.25,{'stop_loss_price': 6682.25}
INVALID_RISK_UNIT,risk_unit == 0 or non-finite,NQH19-CME,9960115,2019-01-15 17:13:41.133000+00:00,6682.25,{'stop_loss_price': 6682.25}
INVALID_RISK_UNIT,risk_unit == 0 or non-finite,NQH19-CME,9960116,2019-01-15 17:13:41.134000+00:00,6682.25,{'stop_loss_price': 6682.25}
INVALID_RISK_UNIT,risk_unit == 0 or non-finite,NQH19-CME,9960117,2019-01-15 17:13:41.135000+00:00,6682.25,{'stop_loss_price': 6682.25}
INVALID_RISK_UNIT,risk_unit == 0 or non-finite,NQH19-CME,9960118,2019-01-15 17:13:41.136000+00:00,6682.25,{'stop_loss_price': 6682.25}
INVALID_RISK_UNIT,risk_unit == 0 or non-finite,NQH19-CME,9960119,2019-01-15 17:13:41.137000+00:00,6682.25,{'stop_loss_price': 6682.25}
INVALID_RISK_UNIT,risk_unit == 0 or non-finite,NQH19-CME,9960120,2019-01-15 17:13:41.138000+00:00,6682.25,{'stop_loss_price': 6682.25}
INVALID_RISK_UNIT,risk_unit == 0 or non-finite,NQH19-CME,9960121,2019-01-15 17:13:41.139000+00:00,6682.25,{'stop_loss_price': 6682.25}
INVALID_RISK_UNIT,risk_unit == 0 or non-finite,NQH19-CME,10023251,2019-01-15 19:39:00.002000+00:00,6644.0,{'stop_loss_price': 6644.0}
INVALID_RISK_UNIT,risk_unit == 0 or non-finite,NQH19-CME,10049798,2019-01-15 20:17:33+00:00,6670.0,{'stop_loss_price': 6670.0}
INVALID_RISK_UNIT,risk_unit == 0 or non-finite,NQH19-CME,10049799,2019-01-15 20:17:33.001000+00:00,6670.0,{'stop_loss_price': 6670.0}
INVALID_RISK_UNIT,risk_unit == 0 or non-finite,NQH19-CME,10049804,2019-01-15 20:17:34+00:00,6670.0,{'stop_loss_price': 6670.0}
INVALID_RISK_UNIT,risk_unit == 0 or non-finite,NQH19-CME,10049805,2019-01-15 20:17:34.001000+00:00,6670.0,{'stop_loss_price': 6670.0}
INVALID_RISK_UNIT,risk_unit == 0 or non-finite,NQH19-CME,10049806,2019-01-15 20:17:35+00:00,6670.0,{'stop_loss_price': 6670.0}
INVALID_RISK_UNIT,risk_unit == 0 or non-finite,NQH19-CME,10049807,2019-01-15 20:17:35.001000+00:00,6670.0,{'stop_loss_price': 6670.0}
INVALID_RISK_UNIT,risk_unit == 0 or non-finite,NQH19-CME,10049808,2019-01-15 20:17:35.002000+00:00,6670.0,{'stop_loss_price': 6670.0}
INVALID_RISK_UNIT,risk_unit == 0 or non-finite,NQH19-CME,10049810,2019-01-15 20:17:35.004000+00:00,6670.0,{'stop_loss_price': 6670.0}
INVALID_RISK_UNIT,risk_unit == 0 or non-finite,NQH19-CME,10050456,2019-01-15 20:19:19.005000+00:00,6667.5,{'stop_loss_price': 6667.5}
INVALID_RISK_UNIT,risk_unit == 0 or non-finite,NQH19-CME,10050457,2019-01-15 20:19:19.006000+00:00,6667.5,{'stop_loss_price': 6667.5}
INVALID_RISK_UNIT,risk_unit == 0 or non-finite,NQH19-CME,10050458,2019-01-15 20:19:19.007000+00:00,6667.5,{'stop_loss_price': 6667.5}
INVALID_RISK_UNIT,risk_unit == 0 or non-finite,NQH19-CME,10050459,2019-01-15 20:19:19.008000+00:00,6667.5,{'stop_loss_price': 6667.5}
INVALID_RISK_UNIT,risk_unit == 0 or non-finite,NQH19-CME,10100297,2019-01-16 01:49:15.001000+00:00,6671.0,{'stop_loss_price': 6671.0}
INVALID_RISK_UNIT,risk_unit == 0 or non-finite,NQH19-CME,10101124,2019-01-16 01:58:24.002000+00:00,6675.0,{'stop_loss_price': 6675.0}
INVALID_RISK_UNIT,risk_unit == 0 or non-finite,NQH19-CME,10101125,2019-01-16 01:58:24.003000+00:00,6675.0,{'stop_loss_price': 6675.0}
INVALID_RISK_UNIT,risk_unit == 0 or non-finite,NQH19-CME,10101126,2019-01-16 01:58:24.004000+00:00,6675.0,{'stop_loss_price': 6675.0}
INVALID_RISK_UNIT,risk_unit == 0 or non-finite,NQH19-CME,10155871,2019-01-16 14:25:26.070000+00:00,6688.25,{'stop_loss_price': 6688.25}
INVALID_RISK_UNIT,risk_unit == 0 or non-finite,NQH19-CME,10155872,2019-01-16 14:25:26.071000+00:00,6688.25,{'stop_loss_price': 6688.25}
INVALID_RISK_UNIT,risk_unit == 0 or non-finite,NQH19-CME,10155873,2019-01-16 14:25:26.072000+00:00,6688.25,{'stop_loss_price': 6688.25}
INVALID_RISK_UNIT,risk_unit == 0 or non-finite,NQH19-CME,10155874,2019-01-16 14:25:26.073000+00:00,6688.25,{'stop_loss_price': 6688.25}
INVALID_RISK_UNIT,risk_unit == 0 or non-finite,NQH19-CME,10155875,2019-01-16 14:25:26.074000+00:00,6688.25,{'stop_loss_price': 6688.25}
INVALID_RISK_UNIT,risk_unit == 0 or non-finite,NQH19-CME,10155876,2019-01-16 14:25:26.075000+00:00,6688.25,{'stop_loss_price': 6688.25}
INVALID_RISK_UNIT,risk_unit == 0 or non-finite,NQH19-CME,10155877,2019-01-16 14:25:26.076000+00:00,6688.25,{'stop_loss_price': 6688.25}
INVALID_RISK_UNIT,risk_unit == 0 or non-finite,NQH19-CME,10155878,2019-01-16 14:25:26.077000+00:00,6688.25,{'stop_loss_price': 6688.25}
INVALID_RISK_UNIT,risk_unit == 0 or non-finite,NQH19-CME,10155879,2019-01-16 14:25:26.078000+00:00,6688.25,{'stop_loss_price': 6688.25}
INVALID_RISK_UNIT,risk_unit == 0 or non-finite,NQH19-CME,10155880,2019-01-16 14:25:26.079000+00:00,6688.25,{'stop_loss_price': 6688.25}
INVALID_RISK_UNIT,risk_unit == 0 or non-finite,NQH19-CME,10155881,2019-01-16 14:25:26.080000+00:00,6688.25,{'stop_loss_price': 6688.25}
INVALID_RISK_UNIT,risk_unit == 0 or non-finite,NQH19-CME,10155882,2019-01-16 14:25:26.081000+00:00,6688.25,{'stop_loss_price': 6688.25}
INVALID_RISK_UNIT,risk_unit == 0 or non-finite,NQH19-CME,10155883,2019-01-16 14:25:26.082000+00:00,6688.25,{'stop_loss_price': 6688.25}
INVALID_RISK_UNIT,risk_unit == 0 or non-finite,NQH19-CME,10155884,2019-01-16 14:25:26.083000+00:00,6688.25,{'stop_loss_price': 6688.25}
INVALID_RISK_UNIT,risk_unit == 0 or non-finite,NQH19-CME,10155885,2019-01-16 14:25:26.084000+00:00,6688.25,{'stop_loss_price': 6688.25}
INVALID_RISK_UNIT,risk_unit == 0 or non-finite,NQH19-CME,10155886,2019-01-16 14:25:26.085000+00:00,6688.25,{'stop_loss_price': 6688.25}
INVALID_RISK_UNIT,risk_unit == 0 or non-finite,NQH19-CME,10155887,2019-01-16 14:25:26.086000+00:00,6688.25,{'stop_loss_price': 6688.25}
INVALID_RISK_UNIT,risk_unit == 0 or non-finite,NQH19-CME,10155888,2019-01-16 14:25:26.087000+00:00,6688.25,{'stop_loss_price': 6688.25}
INVALID_RISK_UNIT,risk_unit == 0 or non-finite,NQH19-CME,10205449,2019-01-16 14:56:19+00:00,6728.25,{'stop_loss_price': 6728.25}
INVALID_RISK_UNIT,risk_unit == 0 or non-finite,NQH19-CME,10205450,2019-01-16 14:56:19.001000+00:00,6728.25,{'stop_loss_price': 6728.25}
INVALID_RISK_UNIT,risk_unit == 0 or non-finite,NQH19-CME,10205452,2019-01-16 14:56:19.003000+00:00,6728.25,{'stop_loss_price': 6728.25}
INVALID_RISK_UNIT,risk_unit == 0 or non-finite,NQH19-CME,10427232,2019-01-16 20:47:07.006000+00:00,6682.25,{'stop_loss_price': 6682.25}
INVALID_RISK_UNIT,risk_unit == 0 or non-finite,NQH19-CME,10427233,2019-01-16 20:47:07.007000+00:00,6682.25,{'stop_loss_price': 6682.25}
INVALID_RISK_UNIT,risk_unit == 0 or non-finite,NQH19-CME,10427234,2019-01-16 20:47:07.008000+00:00,6682.25,{'stop_loss_price': 6682.25}
INVALID_RISK_UNIT,risk_unit == 0 or non-finite,NQH19-CME,10427235,2019-01-16 20:47:07.009000+00:00,6682.25,{'stop_loss_price': 6682.25}
INVALID_RISK_UNIT,risk_unit == 0 or non-finite,NQH19-CME,10427236,2019-01-16 20:47:07.010000+00:00,6682.25,{'stop_loss_price': 6682.25}
INVALID_RISK_UNIT,risk_unit == 0 or non-finite,NQH19-CME,10427250,2019-01-16 20:47:07.024000+00:00,6682.25,{'stop_loss_price': 6682.25}
INVALID_RISK_UNIT,risk_unit == 0 or non-finite,NQH19-CME,10484498,2019-01-17 07:14:36+00:00,6632.0,{'stop_loss_price': 6632.0}
INVALID_RISK_UNIT,risk_unit == 0 or non-finite,NQH19-CME,10491580,2019-01-17 08:20:48+00:00,6615.75,{'stop_loss_price': 6615.75}
INVALID_RISK_UNIT,risk_unit == 0 or non-finite,NQH19-CME,10497725,2019-01-17 09:31:05.001000+00:00,6637.0,{'stop_loss_price': 6637.0}
INVALID_RISK_UNIT,risk_unit == 0 or non-finite,NQH19-CME,10497726,2019-01-17 09:31:07+00:00,6637.0,{'stop_loss_price': 6637.0}
INVALID_RISK_UNIT,risk_unit == 0 or non-finite,NQH19-CME,10497727,2019-01-17 09:31:10+00:00,6637.0,{'stop_loss_price': 6637.0}
INVALID_RISK_UNIT,risk_unit == 0 or non-finite,NQH19-CME,10497728,2019-01-17 09:31:10.001000+00:00,6637.0,{'stop_loss_price': 6637.0}
INVALID_RISK_UNIT,risk_unit == 0 or non-finite,NQH19-CME,10558155,2019-01-17 14:49:31+00:00,6669.25,{'stop_loss_price': 6669.25}
INVALID_RISK_UNIT,risk_unit == 0 or non-finite,NQH19-CME,10558156,2019-01-17 14:49:31.001000+00:00,6669.25,{'stop_loss_price': 6669.25}
INVALID_RISK_UNIT,risk_unit == 0 or non-finite,NQH19-CME,10558157,2019-01-17 14:49:31.002000+00:00,6669.25,{'stop_loss_price': 6669.25}
INVALID_RISK_UNIT,risk_unit == 0 or non-finite,NQH19-CME,10558158,2019-01-17 14:49:31.003000+00:00,6669.25,{'stop_loss_price': 6669.25}
INVALID_RISK_UNIT,risk_unit == 0 or non-finite,NQH19-CME,10558159,2019-01-17 14:49:31.004000+00:00,6669.25,{'stop_loss_price': 6669.25}
INVALID_RISK_UNIT,risk_unit == 0 or non-finite,NQH19-CME,10558160,2019-01-17 14:49:31.005000+00:00,6669.25,{'stop_loss_price': 6669.25}
INVALID_RISK_UNIT,risk_unit == 0 or non-finite,NQH19-CME,10558161,2019-01-17 14:49:31.006000+00:00,6669.25,{'stop_loss_price': 6669.25}
INVALID_RISK_UNIT,risk_unit == 0 or non-finite,NQH19-CME,10558162,2019-01-17 14:49:31.007000+00:00,6669.25,{'stop_loss_price': 6669.25}
INVALID_RISK_UNIT,risk_unit == 0 or non-finite,NQH19-CME,10558163,2019-01-17 14:49:32+00:00,6669.25,{'stop_loss_price': 6669.25}
INVALID_RISK_UNIT,risk_unit == 0 or non-finite,NQH19-CME,10558164,2019-01-17 14:49:32.001000+00:00,6669.25,{'stop_loss_price': 6669.25}
INVALID_RISK_UNIT,risk_unit == 0 or non-finite,NQH19-CME,10558165,2019-01-17 14:49:32.002000+00:00,6669.25,{'stop_loss_price': 6669.25}
INVALID_RISK_UNIT,risk_unit == 0 or non-finite,NQH19-CME,10558166,2019-01-17 14:49:32.003000+00:00,6669.25,{'stop_loss_price': 6669.25}
INVALID_RISK_UNIT,risk_unit == 0 or non-finite,NQH19-CME,10558167,2019-01-17 14:49:32.004000+00:00,6669.25,{'stop_loss_price': 6669.25}
INVALID_RISK_UNIT,risk_unit == 0 or non-finite,NQH19-CME,10683703,2019-01-17 18:32:36+00:00,6696.25,{'stop_loss_price': 6696.25}
INVALID_RISK_UNIT,risk_unit == 0 or non-finite,NQH19-CME,10683704,2019-01-17 18:32:36.001000+00:00,6696.25,{'stop_loss_price': 6696.25}
INVALID_RISK_UNIT,risk_unit == 0 or non-finite,NQH19-CME,10683705,2019-01-17 18:32:36.002000+00:00,6696.25,{'stop_loss_price': 6696.25}
INVALID_RISK_UNIT,risk_unit == 0 or non-finite,NQH19-CME,10683706,2019-01-17 18:32:36.003000+00:00,6696.25,{'stop_loss_price': 6696.25}
INVALID_RISK_UNIT,risk_unit == 0 or non-finite,NQH19-CME,10683707,2019-01-17 18:32:36.004000+00:00,6696.25,{'stop_loss_price': 6696.25}
INVALID_RISK_UNIT,risk_unit == 0 or non-finite,NQH19-CME,10683710,2019-01-17 18:32:36.007000+00:00,6696.25,{'stop_loss_price': 6696.25}
INVALID_RISK_UNIT,risk_unit == 0 or non-finite,NQH19-CME,10695388,2019-01-17 19:09:49.001000+00:00,6692.5,{'stop_loss_price': 6692.5}
INVALID_RISK_UNIT,risk_unit == 0 or non-finite,NQH19-CME,10700772,2019-01-17 19:31:33.011000+00:00,6690.25,{'stop_loss_price': 6690.25}
INVALID_RISK_UNIT,risk_unit == 0 or non-finite,NQH19-CME,10700773,2019-01-17 19:31:34+00:00,6690.25,{'stop_loss_price': 6690.25}
INVALID_RISK_UNIT,risk_unit == 0 or non-finite,NQH19-CME,10700774,2019-01-17 19:31:34.001000+00:00,6690.25,{'stop_loss_price': 6690.25}
INVALID_RISK_UNIT,risk_unit == 0 or non-finite,NQH19-CME,10700775,2019-01-17 19:31:34.002000+00:00,6690.25,{'stop_loss_price': 6690.25}
INVALID_RISK_UNIT,risk_unit == 0 or non-finite,NQH19-CME,10700776,2019-01-17 19:31:35+00:00,6690.25,{'stop_loss_price': 6690.25}
INVALID_RISK_UNIT,risk_unit == 0 or non-finite,NQH19-CME,10700777,2019-01-17 19:31:35.001000+00:00,6690.25,{'stop_loss_price': 6690.25}
INVALID_RISK_UNIT,risk_unit == 0 or non-finite,NQH19-CME,10700778,2019-01-17 19:31:35.002000+00:00,6690.25,{'stop_loss_price': 6690.25}
INVALID_RISK_UNIT,risk_unit == 0 or non-finite,NQH19-CME,10700779,2019-01-17 19:31:35.003000+00:00,6690.25,{'stop_loss_price': 6690.25}
INVALID_RISK_UNIT,risk_unit == 0 or non-finite,NQH19-CME,10700788,2019-01-17 19:31:38.001000+00:00,6690.25,{'stop_loss_price': 6690.25}
INVALID_RISK_UNIT,risk_unit == 0 or non-finite,NQH19-CME,10722351,2019-01-17 19:44:50+00:00,6731.0,{'stop_loss_price': 6731.0}
INVALID_RISK_UNIT,risk_unit == 0 or non-finite,NQH19-CME,10722352,2019-01-17 19:44:50.001000+00:00,6731.0,{'stop_loss_price': 6731.0}
INVALID_RISK_UNIT,risk_unit == 0 or non-finite,NQH19-CME,10722353,2019-01-17 19:44:50.002000+00:00,6731.0,{'stop_loss_price': 6731.0}
INVALID_RISK_UNIT,risk_unit == 0 or non-finite,NQH19-CME,10722354,2019-01-17 19:44:50.003000+00:00,6731.0,{'stop_loss_price': 6731.0}
INVALID_RISK_UNIT,risk_unit == 0 or non-finite,NQH19-CME,10722355,2019-01-17 19:44:50.004000+00:00,6731.0,{'stop_loss_price': 6731.0}
INVALID_RISK_UNIT,risk_unit == 0 or non-finite,NQH19-CME,10722356,2019-01-17 19:44:50.005000+00:00,6731.0,{'stop_loss_price': 6731.0}
INVALID_RISK_UNIT,risk_unit == 0 or non-finite,NQH19-CME,10728407,2019-01-17 19:46:27+00:00,6747.25,{'stop_loss_price': 6747.25}
INVALID_RISK_UNIT,risk_unit == 0 or non-finite,NQH19-CME,10728408,2019-01-17 19:46:27.001000+00:00,6747.25,{'stop_loss_price': 6747.25}
INVALID_RISK_UNIT,risk_unit == 0 or non-finite,NQH19-CME,10728409,2019-01-17 19:46:27.002000+00:00,6747.25,{'stop_loss_price': 6747.25}
INVALID_RISK_UNIT,risk_unit == 0 or non-finite,NQH19-CME,10728410,2019-01-17 19:46:27.003000+00:00,6747.25,{'stop_loss_price': 6747.25}
INVALID_RISK_UNIT,risk_unit == 0 or non-finite,NQH19-CME,10743354,2019-01-17 19:53:30.001000+00:00,6742.0,{'stop_loss_price': 6742.0}
INVALID_RISK_UNIT,risk_unit == 0 or non-finite,NQH19-CME,10757742,2019-01-17 19:58:20.014000+00:00,6718.75,{'stop_loss_price': 6718.75}
INVALID_RISK_UNIT,risk_unit == 0 or non-finite,NQH19-CME,10757743,2019-01-17 19:58:20.015000+00:00,6718.75,{'stop_loss_price': 6718.75}
INVALID_RISK_UNIT,risk_unit == 0 or non-finite,NQH19-CME,10757744,2019-01-17 19:58:20.016000+00:00,6718.75,{'stop_loss_price': 6718.75}
INVALID_RISK_UNIT,risk_unit == 0 or non-finite,NQH19-CME,10757745,2019-01-17 19:58:20.017000+00:00,6718.75,{'stop_loss_price': 6718.75}
INVALID_RISK_UNIT,risk_unit == 0 or non-finite,NQH19-CME,10757746,2019-01-17 19:58:20.018000+00:00,6718.75,{'stop_loss_price': 6718.75}
INVALID_RISK_UNIT,risk_unit == 0 or non-finite,NQH19-CME,10757752,2019-01-17 19:58:20.024000+00:00,6718.75,{'stop_loss_price': 6718.75}
INVALID_RISK_UNIT,risk_unit == 0 or non-finite,NQH19-CME,10757753,2019-01-17 19:58:20.025000+00:00,6718.75,{'stop_loss_price': 6718.75}
INVALID_RISK_UNIT,risk_unit == 0 or non-finite,NQH19-CME,10757754,2019-01-17 19:58:20.026000+00:00,6718.75,{'stop_loss_price': 6718.75}
INVALID_RISK_UNIT,risk_unit == 0 or non-finite,NQH19-CME,10773886,2019-01-17 20:08:37.007000+00:00,6718.5,{'stop_loss_price': 6718.5}
INVALID_RISK_UNIT,risk_unit == 0 or non-finite,NQH19-CME,10773887,2019-01-17 20:08:37.008000+00:00,6718.5,{'stop_loss_price': 6718.5}
INVALID_RISK_UNIT,risk_unit == 0 or non-finite,NQH19-CME,10773888,2019-01-17 20:08:37.009000+00:00,6718.5,{'stop_loss_price': 6718.5}
INVALID_RISK_UNIT,risk_unit == 0 or non-finite,NQH19-CME,10773889,2019-01-17 20:08:37.010000+00:00,6718.5,{'stop_loss_price': 6718.5}
INVALID_RISK_UNIT,risk_unit == 0 or non-finite,NQH19-CME,10773903,2019-01-17 20:08:38+00:00,6718.5,{'stop_loss_price': 6718.5}
INVALID_RISK_UNIT,risk_unit == 0 or non-finite,NQH19-CME,10773904,2019-01-17 20:08:38.001000+00:00,6718.5,{'stop_loss_price': 6718.5}
INVALID_RISK_UNIT,risk_unit == 0 or non-finite,NQH19-CME,10824132,2019-01-17 21:00:34.055000+00:00,6741.5,{'stop_loss_price': 6741.5}
INVALID_RISK_UNIT,risk_unit == 0 or non-finite,NQH19-CME,10835888,2019-01-17 21:31:04+00:00,6722.75,{'stop_loss_price': 6722.75}
INVALID_RISK_UNIT,risk_unit == 0 or non-finite,NQH19-CME,10852879,2019-01-18 01:44:02+00:00,6747.75,{'stop_loss_price': 6747.75}
INVALID_RISK_UNIT,risk_unit == 0 or non-finite,NQH19-CME,10852880,2019-01-18 01:44:06+00:00,6747.75,{'stop_loss_price': 6747.75}
INVALID_RISK_UNIT,risk_unit == 0 or non-finite,NQH19-CME,10852881,2019-01-18 01:44:06.001000+00:00,6747.75,{'stop_loss_price': 6747.75}
INVALID_RISK_UNIT,risk_unit == 0 or non-finite,NQH19-CME,10854091,2019-01-18 02:00:07.003000+00:00,6747.25,{'stop_loss_price': 6747.25}
INVALID_RISK_UNIT,risk_unit == 0 or non-finite,NQH19-CME,10854092,2019-01-18 02:00:07.004000+00:00,6747.25,{'stop_loss_price': 6747.25}
INVALID_RISK_UNIT,risk_unit == 0 or non-finite,NQH19-CME,10854093,2019-01-18 02:00:07.005000+00:00,6747.25,{'stop_loss_price': 6747.25}
INVALID_RISK_UNIT,risk_unit == 0 or non-finite,NQH19-CME,10854094,2019-01-18 02:00:07.006000+00:00,6747.25,{'stop_loss_price': 6747.25}
INVALID_RISK_UNIT,risk_unit == 0 or non-finite,NQH19-CME,10854095,2019-01-18 02:00:07.007000+00:00,6747.25,{'stop_loss_price': 6747.25}
INVALID_RISK_UNIT,risk_unit == 0 or non-finite,NQH19-CME,10854101,2019-01-18 02:00:12+00:00,6747.25,{'stop_loss_price': 6747.25}
INVALID_RISK_UNIT,risk_unit == 0 or non-finite,NQH19-CME,10868181,2019-01-18 08:00:06+00:00,6731.0,{'stop_loss_price': 6731.0}
INVALID_RISK_UNIT,risk_unit == 0 or non-finite,NQH19-CME,10868182,2019-01-18 08:00:06.001000+00:00,6731.0,{'stop_loss_price': 6731.0}
INVALID_RISK_UNIT,risk_unit == 0 or non-finite,NQH19-CME,10870972,2019-01-18 08:25:54.002000+00:00,6740.0,{'stop_loss_price': 6740.0}
INVALID_RISK_UNIT,risk_unit == 0 or non-finite,NQH19-CME,10870973,2019-01-18 08:25:54.003000+00:00,6740.0,{'stop_loss_price': 6740.0}
INVALID_RISK_UNIT,risk_unit == 0 or non-finite,NQH19-CME,10870974,2019-01-18 08:25:54.004000+00:00,6740.0,{'stop_loss_price': 6740.0}
INVALID_RISK_UNIT,risk_unit == 0 or non-finite,NQH19-CME,10880479,2019-01-18 10:38:39+00:00,6733.25,{'stop_loss_price': 6733.25}
INVALID_RISK_UNIT,risk_unit == 0 or non-finite,NQH19-CME,10880480,2019-01-18 10:38:39.001000+00:00,6733.25,{'stop_loss_price': 6733.25}
INVALID_RISK_UNIT,risk_unit == 0 or non-finite,NQH19-CME,10886553,2019-01-18 11:44:07.003000+00:00,6745.5,{'stop_loss_price': 6745.5}
INVALID_RISK_UNIT,risk_unit == 0 or non-finite,NQH19-CME,10896276,2019-01-18 13:21:53.001000+00:00,6753.5,{'stop_loss_price': 6753.5}
INVALID_RISK_UNIT,risk_unit == 0 or non-finite,NQH19-CME,10896277,2019-01-18 13:21:53.002000+00:00,6753.5,{'stop_loss_price': 6753.5}
INVALID_RISK_UNIT,risk_unit == 0 or non-finite,NQH19-CME,10896278,2019-01-18 13:21:53.003000+00:00,6753.5,{'stop_loss_price': 6753.5}
INVALID_RISK_UNIT,risk_unit == 0 or non-finite,NQH19-CME,10921898,2019-01-18 14:31:24.043000+00:00,6776.75,{'stop_loss_price': 6776.75}
INVALID_RISK_UNIT,risk_unit == 0 or non-finite,NQH19-CME,10921899,2019-01-18 14:31:24.044000+00:00,6776.75,{'stop_loss_price': 6776.75}
INVALID_RISK_UNIT,risk_unit == 0 or non-finite,NQH19-CME,10921900,2019-01-18 14:31:24.045000+00:00,6776.75,{'stop_loss_price': 6776.75}
INVALID_RISK_UNIT,risk_unit == 0 or non-finite,NQH19-CME,10921901,2019-01-18 14:31:24.046000+00:00,6776.75,{'stop_loss_price': 6776.75}
INVALID_RISK_UNIT,risk_unit == 0 or non-finite,NQH19-CME,10921902,2019-01-18 14:31:24.047000+00:00,6776.75,{'stop_loss_price': 6776.75}
INVALID_RISK_UNIT,risk_unit == 0 or non-finite,NQH19-CME,10921903,2019-01-18 14:31:24.048000+00:00,6776.75,{'stop_loss_price': 6776.75}
INVALID_RISK_UNIT,risk_unit == 0 or non-finite,NQH19-CME,10921904,2019-01-18 14:31:24.049000+00:00,6776.75,{'stop_loss_price': 6776.75}
INVALID_RISK_UNIT,risk_unit == 0 or non-finite,NQH19-CME,10921905,2019-01-18 14:31:24.050000+00:00,6776.75,{'stop_loss_price': 6776.75}
INVALID_RISK_UNIT,risk_unit == 0 or non-finite,NQH19-CME,10921906,2019-01-18 14:31:24.051000+00:00,6776.75,{'stop_loss_price': 6776.75}
INVALID_RISK_UNIT,risk_unit == 0 or non-finite,NQH19-CME,10921907,2019-01-18 14:31:24.052000+00:00,6776.75,{'stop_loss_price': 6776.75}
INVALID_RISK_UNIT,risk_unit == 0 or non-finite,NQH19-CME,10921908,2019-01-18 14:31:24.053000+00:00,6776.75,{'stop_loss_price': 6776.75}
INVALID_RISK_UNIT,risk_unit == 0 or non-finite,NQH19-CME,10921909,2019-01-18 14:31:24.054000+00:00,6776.75,{'stop_loss_price': 6776.75}
INVALID_RISK_UNIT,risk_unit == 0 or non-finite,NQH19-CME,10921910,2019-01-18 14:31:24.055000+00:00,6776.75,{'stop_loss_price': 6776.75}
INVALID_RISK_UNIT,risk_unit == 0 or non-finite,NQH19-CME,10921911,2019-01-18 14:31:24.056000+00:00,6776.75,{'stop_loss_price': 6776.75}
INVALID_RISK_UNIT,risk_unit == 0 or non-finite,NQH19-CME,10921912,2019-01-18 14:31:24.057000+00:00,6776.75,{'stop_loss_price': 6776.75}
INVALID_RISK_UNIT,risk_unit == 0 or non-finite,NQH19-CME,10921913,2019-01-18 14:31:24.058000+00:00,6776.75,{'stop_loss_price': 6776.75}
INVALID_RISK_UNIT,risk_unit == 0 or non-finite,NQH19-CME,10929966,2019-01-18 14:34:39+00:00,6774.5,{'stop_loss_price': 6774.5}
INVALID_RISK_UNIT,risk_unit == 0 or non-finite,NQH19-CME,11008943,2019-01-18 15:21:41.023000+00:00,6765.5,{'stop_loss_price': 6765.5}
INVALID_RISK_UNIT,risk_unit == 0 or non-finite,NQH19-CME,11008944,2019-01-18 15:21:41.024000+00:00,6765.5,{'stop_loss_price': 6765.5}
INVALID_RISK_UNIT,risk_unit == 0 or non-finite,NQH19-CME,11008945,2019-01-18 15:21:41.025000+00:00,6765.5,{'stop_loss_price': 6765.5}
INVALID_RISK_UNIT,risk_unit == 0 or non-finite,NQH19-CME,11047544,2019-01-18 15:53:39.009000+00:00,6793.75,{'stop_loss_price': 6793.75}
INVALID_RISK_UNIT,risk_unit == 0 or non-finite,NQH19-CME,11047545,2019-01-18 15:53:39.010000+00:00,6793.75,{'stop_loss_price': 6793.75}
INVALID_RISK_UNIT,risk_unit == 0 or non-finite,NQH19-CME,11047546,2019-01-18 15:53:39.011000+00:00,6793.75,{'stop_loss_price': 6793.75}
INVALID_RISK_UNIT,risk_unit == 0 or non-finite,NQH19-CME,11047547,2019-01-18 15:53:39.012000+00:00,6793.75,{'stop_loss_price': 6793.75}
INVALID_RISK_UNIT,risk_unit == 0 or non-finite,NQH19-CME,11166571,2019-01-18 18:52:26.002000+00:00,6803.25,{'stop_loss_price': 6803.25}
INVALID_RISK_UNIT,risk_unit == 0 or non-finite,NQH19-CME,11166572,2019-01-18 18:52:26.003000+00:00,6803.25,{'stop_loss_price': 6803.25}
INVALID_RISK_UNIT,risk_unit == 0 or non-finite,NQH19-CME,11166573,2019-01-18 18:52:26.004000+00:00,6803.25,{'stop_loss_price': 6803.25}
INVALID_RISK_UNIT,risk_unit == 0 or non-finite,NQH19-CME,11166574,2019-01-18 18:52:26.005000+00:00,6803.25,{'stop_loss_price': 6803.25}
INVALID_RISK_UNIT,risk_unit == 0 or non-finite,NQH19-CME,11166575,2019-01-18 18:52:26.006000+00:00,6803.25,{'stop_loss_price': 6803.25}
INVALID_RISK_UNIT,risk_unit == 0 or non-finite,NQH19-CME,11166576,2019-01-18 18:52:26.007000+00:00,6803.25,{'stop_loss_price': 6803.25}
INVALID_RISK_UNIT,risk_unit == 0 or non-finite,NQH19-CME,11166577,2019-01-18 18:52:26.008000+00:00,6803.25,{'stop_loss_price': 6803.25}
INVALID_RISK_UNIT,risk_unit == 0 or non-finite,NQH19-CME,11166578,2019-01-18 18:52:26.009000+00:00,6803.25,{'stop_loss_price': 6803.25}
INVALID_RISK_UNIT,risk_unit == 0 or non-finite,NQH19-CME,11166579,2019-01-18 18:52:26.010000+00:00,6803.25,{'stop_loss_price': 6803.25}
INVALID_RISK_UNIT,risk_unit == 0 or non-finite,NQH19-CME,11166580,2019-01-18 18:52:26.011000+00:00,6803.25,{'stop_loss_price': 6803.25}
INVALID_RISK_UNIT,risk_unit == 0 or non-finite,NQH19-CME,11166581,2019-01-18 18:52:27+00:00,6803.25,{'stop_loss_price': 6803.25}
INVALID_RISK_UNIT,risk_unit == 0 or non-finite,NQH19-CME,11166582,2019-01-18 18:52:28+00:00,6803.25,{'stop_loss_price': 6803.25}
INVALID_RISK_UNIT,risk_unit == 0 or non-finite,NQH19-CME,11166583,2019-01-18 18:52:28.001000+00:00,6803.25,{'stop_loss_price': 6803.25}
INVALID_RISK_UNIT,risk_unit == 0 or non-finite,NQH19-CME,11166584,2019-01-18 18:52:28.002000+00:00,6803.25,{'stop_loss_price': 6803.25}
INVALID_RISK_UNIT,risk_unit == 0 or non-finite,NQH19-CME,11166585,2019-01-18 18:52:28.003000+00:00,6803.25,{'stop_loss_price': 6803.25}
INVALID_RISK_UNIT,risk_unit == 0 or non-finite,NQH19-CME,11166586,2019-01-18 18:52:28.004000+00:00,6803.25,{'stop_loss_price': 6803.25}
INVALID_RISK_UNIT,risk_unit == 0 or non-finite,NQH19-CME,11166587,2019-01-18 18:52:28.005000+00:00,6803.25,{'stop_loss_price': 6803.25}
INVALID_RISK_UNIT,risk_unit == 0 or non-finite,NQH19-CME,11170274,2019-01-18 19:02:51.067000+00:00,6801.25,{'stop_loss_price': 6801.25}
INVALID_RISK_UNIT,risk_unit == 0 or non-finite,NQH19-CME,11217647,2019-01-18 20:30:12+00:00,6785.75,{'stop_loss_price': 6785.75}
INVALID_RISK_UNIT,risk_unit == 0 or non-finite,NQH19-CME,11259389,2019-01-21 01:03:17+00:00,6775.75,{'stop_loss_price': 6775.75}
INVALID_RISK_UNIT,risk_unit == 0 or non-finite,NQH19-CME,11280325,2019-01-21 08:03:56+00:00,6767.5,{'stop_loss_price': 6767.5}
INVALID_RISK_UNIT,risk_unit == 0 or non-finite,NQH19-CME,11281028,2019-01-21 08:15:22+00:00,6763.25,{'stop_loss_price': 6763.25}
INVALID_RISK_UNIT,risk_unit == 0 or non-finite,NQH19-CME,11281029,2019-01-21 08:15:22.001000+00:00,6763.25,{'stop_loss_price': 6763.25}
INVALID_RISK_UNIT,risk_unit == 0 or non-finite,NQH19-CME,11281030,2019-01-21 08:15:22.002000+00:00,6763.25,{'stop_loss_price': 6763.25}
INVALID_RISK_UNIT,risk_unit == 0 or non-finite,NQH19-CME,11315546,2019-01-21 16:18:23+00:00,6752.0,{'stop_loss_price': 6752.0}
INVALID_RISK_UNIT,risk_unit == 0 or non-finite,NQH19-CME,11324463,2019-01-21 23:50:14.004000+00:00,6768.0,{'stop_loss_price': 6768.0}
INVALID_RISK_UNIT,risk_unit == 0 or non-finite,NQH19-CME,11324464,2019-01-21 23:50:14.005000+00:00,6768.0,{'stop_loss_price': 6768.0}
INVALID_RISK_UNIT,risk_unit == 0 or non-finite,NQH19-CME,11324465,2019-01-21 23:50:14.006000+00:00,6768.0,{'stop_loss_price': 6768.0}
INVALID_RISK_UNIT,risk_unit == 0 or non-finite,NQH19-CME,11324466,2019-01-21 23:50:14.007000+00:00,6768.0,{'stop_loss_price': 6768.0}
INVALID_RISK_UNIT,risk_unit == 0 or non-finite,NQH19-CME,11324467,2019-01-21 23:50:14.008000+00:00,6768.0,{'stop_loss_price': 6768.0}
INVALID_RISK_UNIT,risk_unit == 0 or non-finite,NQH19-CME,11331490,2019-01-22 01:21:32.001000+00:00,6759.0,{'stop_loss_price': 6759.0}
INVALID_RISK_UNIT,risk_unit == 0 or non-finite,NQH19-CME,11331491,2019-01-22 01:21:32.002000+00:00,6759.0,{'stop_loss_price': 6759.0}
INVALID_RISK_UNIT,risk_unit == 0 or non-finite,NQH19-CME,11331492,2019-01-22 01:21:32.003000+00:00,6759.0,{'stop_loss_price': 6759.0}
INVALID_RISK_UNIT,risk_unit == 0 or non-finite,NQH19-CME,11342397,2019-01-22 04:21:30+00:00,6734.25,{'stop_loss_price': 6734.25}
INVALID_RISK_UNIT,risk_unit == 0 or non-finite,NQH19-CME,11366856,2019-01-22 10:14:52+00:00,6737.0,{'stop_loss_price': 6737.0}
INVALID_RISK_UNIT,risk_unit == 0 or non-finite,NQH19-CME,11366857,2019-01-22 10:14:55+00:00,6737.0,{'stop_loss_price': 6737.0}
INVALID_RISK_UNIT,risk_unit == 0 or non-finite,NQH19-CME,11392007,2019-01-22 14:10:10.010000+00:00,6745.0,{'stop_loss_price': 6745.0}
INVALID_RISK_UNIT,risk_unit == 0 or non-finite,NQH19-CME,11392008,2019-01-22 14:10:10.011000+00:00,6745.0,{'stop_loss_price': 6745.0}
INVALID_RISK_UNIT,risk_unit == 0 or non-finite,NQH19-CME,11392009,2019-01-22 14:10:10.012000+00:00,6745.0,{'stop_loss_price': 6745.0}
INVALID_RISK_UNIT,risk_unit == 0 or non-finite,NQH19-CME,11392010,2019-01-22 14:10:10.013000+00:00,6745.0,{'stop_loss_price': 6745.0}
INVALID_RISK_UNIT,risk_unit == 0 or non-finite,NQH19-CME,11393119,2019-01-22 14:19:56+00:00,6745.5,{'stop_loss_price': 6745.5}
INVALID_RISK_UNIT,risk_unit == 0 or non-finite,NQH19-CME,11393120,2019-01-22 14:19:56.001000+00:00,6745.5,{'stop_loss_price': 6745.5}
INVALID_RISK_UNIT,risk_unit == 0 or non-finite,NQH19-CME,11393121,2019-01-22 14:19:56.002000+00:00,6745.5,{'stop_loss_price': 6745.5}
INVALID_RISK_UNIT,risk_unit == 0 or non-finite,NQH19-CME,11448080,2019-01-22 14:58:12.079000+00:00,6726.5,{'stop_loss_price': 6726.5}
INVALID_RISK_UNIT,risk_unit == 0 or non-finite,NQH19-CME,11517429,2019-01-22 15:59:26.001000+00:00,6714.25,{'stop_loss_price': 6714.25}
INVALID_RISK_UNIT,risk_unit == 0 or non-finite,NQH19-CME,11521655,2019-01-22 16:03:22.004000+00:00,6710.5,{'stop_loss_price': 6710.5}
INVALID_RISK_UNIT,risk_unit == 0 or non-finite,NQH19-CME,11542985,2019-01-22 16:35:36.003000+00:00,6715.75,{'stop_loss_price': 6715.75}
INVALID_RISK_UNIT,risk_unit == 0 or non-finite,NQH19-CME,11542986,2019-01-22 16:35:36.004000+00:00,6715.75,{'stop_loss_price': 6715.75}
INVALID_RISK_UNIT,risk_unit == 0 or non-finite,NQH19-CME,11542987,2019-01-22 16:35:36.005000+00:00,6715.75,{'stop_loss_price': 6715.75}
INVALID_RISK_UNIT,risk_unit == 0 or non-finite,NQH19-CME,11542988,2019-01-22 16:35:36.006000+00:00,6715.75,{'stop_loss_price': 6715.75}
INVALID_RISK_UNIT,risk_unit == 0 or non-finite,NQH19-CME,11542989,2019-01-22 16:35:36.007000+00:00,6715.75,{'stop_loss_price': 6715.75}
INVALID_RISK_UNIT,risk_unit == 0 or non-finite,NQH19-CME,11542990,2019-01-22 16:35:36.008000+00:00,6715.75,{'stop_loss_price': 6715.75}
INVALID_RISK_UNIT,risk_unit == 0 or non-finite,NQH19-CME,11583308,2019-01-22 17:09:31.008000+00:00,6690.25,{'stop_loss_price': 6690.25}
INVALID_RISK_UNIT,risk_unit == 0 or non-finite,NQH19-CME,11583309,2019-01-22 17:09:31.009000+00:00,6690.25,{'stop_loss_price': 6690.25}
INVALID_RISK_UNIT,risk_unit == 0 or non-finite,NQH19-CME,11583310,2019-01-22 17:09:31.010000+00:00,6690.25,{'stop_loss_price': 6690.25}
INVALID_RISK_UNIT,risk_unit == 0 or non-finite,NQH19-CME,11583311,2019-01-22 17:09:31.011000+00:00,6690.25,{'stop_loss_price': 6690.25}
INVALID_RISK_UNIT,risk_unit == 0 or non-finite,NQH19-CME,11583312,2019-01-22 17:09:31.012000+00:00,6690.25,{'stop_loss_price': 6690.25}
INVALID_RISK_UNIT,risk_unit == 0 or non-finite,NQH19-CME,11583313,2019-01-22 17:09:31.013000+00:00,6690.25,{'stop_loss_price': 6690.25}
INVALID_RISK_UNIT,risk_unit == 0 or non-finite,NQH19-CME,11583314,2019-01-22 17:09:31.014000+00:00,6690.25,{'stop_loss_price': 6690.25}
INVALID_RISK_UNIT,risk_unit == 0 or non-finite,NQH19-CME,11583315,2019-01-22 17:09:31.015000+00:00,6690.25,{'stop_loss_price': 6690.25}
INVALID_RISK_UNIT,risk_unit == 0 or non-finite,NQH19-CME,11583316,2019-01-22 17:09:31.016000+00:00,6690.25,{'stop_loss_price': 6690.25}
INVALID_RISK_UNIT,risk_unit == 0 or non-finite,NQH19-CME,11583317,2019-01-22 17:09:31.017000+00:00,6690.25,{'stop_loss_price': 6690.25}
INVALID_RISK_UNIT,risk_unit == 0 or non-finite,NQH19-CME,11652601,2019-01-22 18:45:38.004000+00:00,6657.0,{'stop_loss_price': 6657.0}
INVALID_RISK_UNIT,risk_unit == 0 or non-finite,NQH19-CME,11652602,2019-01-22 18:45:38.005000+00:00,6657.0,{'stop_loss_price': 6657.0}
INVALID_RISK_UNIT,risk_unit == 0 or non-finite,NQH19-CME,11652603,2019-01-22 18:45:38.006000+00:00,6657.0,{'stop_loss_price': 6657.0}
INVALID_RISK_UNIT,risk_unit == 0 or non-finite,NQH19-CME,11652604,2019-01-22 18:45:39+00:00,6657.0,{'stop_loss_price': 6657.0}
INVALID_RISK_UNIT,risk_unit == 0 or non-finite,NQH19-CME,11700514,2019-01-22 19:52:27.002000+00:00,6624.75,{'stop_loss_price': 6624.75}
INVALID_RISK_UNIT,risk_unit == 0 or non-finite,NQH19-CME,11830762,2019-01-23 08:33:37+00:00,6651.75,{'stop_loss_price': 6651.75}
INVALID_RISK_UNIT,risk_unit == 0 or non-finite,NQH19-CME,11858655,2019-01-23 13:36:51+00:00,6678.5,{'stop_loss_price': 6678.5}
INVALID_RISK_UNIT,risk_unit == 0 or non-finite,NQH19-CME,11917700,2019-01-23 15:02:51.004000+00:00,6714.75,{'stop_loss_price': 6714.75}
INVALID_RISK_UNIT,risk_unit == 0 or non-finite,NQH19-CME,11917701,2019-01-23 15:02:51.005000+00:00,6714.75,{'stop_loss_price': 6714.75}
INVALID_RISK_UNIT,risk_unit == 0 or non-finite,NQH19-CME,11917702,2019-01-23 15:02:51.006000+00:00,6714.75,{'stop_loss_price': 6714.75}
INVALID_RISK_UNIT,risk_unit == 0 or non-finite,NQH19-CME,11917703,2019-01-23 15:02:51.007000+00:00,6714.75,{'stop_loss_price': 6714.75}
INVALID_RISK_UNIT,risk_unit == 0 or non-finite,NQH19-CME,11917704,2019-01-23 15:02:51.008000+00:00,6714.75,{'stop_loss_price': 6714.75}
INVALID_RISK_UNIT,risk_unit == 0 or non-finite,NQH19-CME,11917705,2019-01-23 15:02:51.009000+00:00,6714.75,{'stop_loss_price': 6714.75}
INVALID_RISK_UNIT,risk_unit == 0 or non-finite,NQH19-CME,11917706,2019-01-23 15:02:51.010000+00:00,6714.75,{'stop_loss_price': 6714.75}
INVALID_RISK_UNIT,risk_unit == 0 or non-finite,NQH19-CME,11917707,2019-01-23 15:02:51.011000+00:00,6714.75,{'stop_loss_price': 6714.75}
INVALID_RISK_UNIT,risk_unit == 0 or non-finite,NQH19-CME,11920629,2019-01-23 15:05:08.020000+00:00,6720.0,{'stop_loss_price': 6720.0}
INVALID_RISK_UNIT,risk_unit == 0 or non-finite,NQH19-CME,11920630,2019-01-23 15:05:08.021000+00:00,6720.0,{'stop_loss_price': 6720.0}
INVALID_RISK_UNIT,risk_unit == 0 or non-finite,NQH19-CME,11920631,2019-01-23 15:05:08.022000+00:00,6720.0,{'stop_loss_price': 6720.0}
INVALID_RISK_UNIT,risk_unit == 0 or non-finite,NQH19-CME,11920632,2019-01-23 15:05:08.023000+00:00,6720.0,{'stop_loss_price': 6720.0}
INVALID_RISK_UNIT,risk_unit == 0 or non-finite,NQH19-CME,11920633,2019-01-23 15:05:08.024000+00:00,6720.0,{'stop_loss_price': 6720.0}
INVALID_RISK_UNIT,risk_unit == 0 or non-finite,NQH19-CME,11920634,2019-01-23 15:05:08.025000+00:00,6720.0,{'stop_loss_price': 6720.0}
INVALID_RISK_UNIT,risk_unit == 0 or non-finite,NQH19-CME,11920635,2019-01-23 15:05:09+00:00,6720.0,{'stop_loss_price': 6720.0}
INVALID_RISK_UNIT,risk_unit == 0 or non-finite,NQH19-CME,11920636,2019-01-23 15:05:09.001000+00:00,6720.0,{'stop_loss_price': 6720.0}
INVALID_RISK_UNIT,risk_unit == 0 or non-finite,NQH19-CME,11920637,2019-01-23 15:05:09.002000+00:00,6720.0,{'stop_loss_price': 6720.0}
INVALID_RISK_UNIT,risk_unit == 0 or non-finite,NQH19-CME,11929381,2019-01-23 15:13:38.001000+00:00,6703.25,{'stop_loss_price': 6703.25}
INVALID_RISK_UNIT,risk_unit == 0 or non-finite,NQH19-CME,11997472,2019-01-23 16:21:19.011000+00:00,6646.25,{'stop_loss_price': 6646.25}
INVALID_RISK_UNIT,risk_unit == 0 or non-finite,NQH19-CME,11997473,2019-01-23 16:21:19.012000+00:00,6646.25,{'stop_loss_price': 6646.25}
INVALID_RISK_UNIT,risk_unit == 0 or non-finite,NQH19-CME,11997479,2019-01-23 16:21:19.018000+00:00,6646.25,{'stop_loss_price': 6646.25}
INVALID_RISK_UNIT,risk_unit == 0 or non-finite,NQH19-CME,11997480,2019-01-23 16:21:19.019000+00:00,6646.25,{'stop_loss_price': 6646.25}
INVALID_RISK_UNIT,risk_unit == 0 or non-finite,NQH19-CME,11997481,2019-01-23 16:21:19.020000+00:00,6646.25,{'stop_loss_price': 6646.25}
INVALID_RISK_UNIT,risk_unit == 0 or non-finite,NQH19-CME,11997482,2019-01-23 16:21:19.021000+00:00,6646.25,{'stop_loss_price': 6646.25}
INVALID_RISK_UNIT,risk_unit == 0 or non-finite,NQH19-CME,11997483,2019-01-23 16:21:19.022000+00:00,6646.25,{'stop_loss_price': 6646.25}
INVALID_RISK_UNIT,risk_unit == 0 or non-finite,NQH19-CME,11997484,2019-01-23 16:21:19.023000+00:00,6646.25,{'stop_loss_price': 6646.25}
INVALID_RISK_UNIT,risk_unit == 0 or non-finite,NQH19-CME,11997485,2019-01-23 16:21:19.024000+00:00,6646.25,{'stop_loss_price': 6646.25}
INVALID_RISK_UNIT,risk_unit == 0 or non-finite,NQH19-CME,11997486,2019-01-23 16:21:19.025000+00:00,6646.25,{'stop_loss_price': 6646.25}
INVALID_RISK_UNIT,risk_unit == 0 or non-finite,NQH19-CME,11997487,2019-01-23 16:21:19.026000+00:00,6646.25,{'stop_loss_price': 6646.25}
INVALID_RISK_UNIT,risk_unit == 0 or non-finite,NQH19-CME,11997488,2019-01-23 16:21:19.027000+00:00,6646.25,{'stop_loss_price': 6646.25}
INVALID_RISK_UNIT,risk_unit == 0 or non-finite,NQH19-CME,11997489,2019-01-23 16:21:19.028000+00:00,6646.25,{'stop_loss_price': 6646.25}
INVALID_RISK_UNIT,risk_unit == 0 or non-finite,NQH19-CME,11997490,2019-01-23 16:21:19.029000+00:00,6646.25,{'stop_loss_price': 6646.25}
INVALID_RISK_UNIT,risk_unit == 0 or non-finite,NQH19-CME,11997491,2019-01-23 16:21:19.030000+00:00,6646.25,{'stop_loss_price': 6646.25}
INVALID_RISK_UNIT,risk_unit == 0 or non-finite,NQH19-CME,11997492,2019-01-23 16:21:19.031000+00:00,6646.25,{'stop_loss_price': 6646.25}
INVALID_RISK_UNIT,risk_unit == 0 or non-finite,NQH19-CME,11997493,2019-01-23 16:21:19.032000+00:00,6646.25,{'stop_loss_price': 6646.25}
INVALID_RISK_UNIT,risk_unit == 0 or non-finite,NQH19-CME,11997494,2019-01-23 16:21:19.033000+00:00,6646.25,{'stop_loss_price': 6646.25}
INVALID_RISK_UNIT,risk_unit == 0 or non-finite,NQH19-CME,11997495,2019-01-23 16:21:19.034000+00:00,6646.25,{'stop_loss_price': 6646.25}
INVALID_RISK_UNIT,risk_unit == 0 or non-finite,NQH19-CME,11997497,2019-01-23 16:21:19.036000+00:00,6646.25,{'stop_loss_price': 6646.25}
INVALID_RISK_UNIT,risk_unit == 0 or non-finite,NQH19-CME,12110389,2019-01-23 18:31:39.007000+00:00,6639.5,{'stop_loss_price': 6639.5}
INVALID_RISK_UNIT,risk_unit == 0 or non-finite,NQH19-CME,12132298,2019-01-23 19:02:35.003000+00:00,6653.0,{'stop_loss_price': 6653.0}
INVALID_RISK_UNIT,risk_unit == 0 or non-finite,NQH19-CME,12132299,2019-01-23 19:02:35.004000+00:00,6653.0,{'stop_loss_price': 6653.0}
INVALID_RISK_UNIT,risk_unit == 0 or non-finite,NQH19-CME,12132300,2019-01-23 19:02:35.005000+00:00,6653.0,{'stop_loss_price': 6653.0}
INVALID_RISK_UNIT,risk_unit == 0 or non-finite,NQH19-CME,12132301,2019-01-23 19:02:35.006000+00:00,6653.0,{'stop_loss_price': 6653.0}
INVALID_RISK_UNIT,risk_unit == 0 or non-finite,NQH19-CME,12132302,2019-01-23 19:02:35.007000+00:00,6653.0,{'stop_loss_price': 6653.0}
INVALID_RISK_UNIT,risk_unit == 0 or non-finite,NQH19-CME,12132303,2019-01-23 19:02:35.008000+00:00,6653.0,{'stop_loss_price': 6653.0}
INVALID_RISK_UNIT,risk_unit == 0 or non-finite,NQH19-CME,12132304,2019-01-23 19:02:35.009000+00:00,6653.0,{'stop_loss_price': 6653.0}
INVALID_RISK_UNIT,risk_unit == 0 or non-finite,NQH19-CME,12132305,2019-01-23 19:02:35.010000+00:00,6653.0,{'stop_loss_price': 6653.0}
INVALID_RISK_UNIT,risk_unit == 0 or non-finite,NQH19-CME,12132306,2019-01-23 19:02:35.011000+00:00,6653.0,{'stop_loss_price': 6653.0}
INVALID_RISK_UNIT,risk_unit == 0 or non-finite,NQH19-CME,12134190,2019-01-23 19:05:22.016000+00:00,6654.25,{'stop_loss_price': 6654.25}
INVALID_RISK_UNIT,risk_unit == 0 or non-finite,NQH19-CME,12134191,2019-01-23 19:05:22.017000+00:00,6654.25,{'stop_loss_price': 6654.25}
INVALID_RISK_UNIT,risk_unit == 0 or non-finite,NQH19-CME,12134192,2019-01-23 19:05:22.018000+00:00,6654.25,{'stop_loss_price': 6654.25}
INVALID_RISK_UNIT,risk_unit == 0 or non-finite,NQH19-CME,12134193,2019-01-23 19:05:22.019000+00:00,6654.25,{'stop_loss_price': 6654.25}
INVALID_RISK_UNIT,risk_unit == 0 or non-finite,NQH19-CME,12134194,2019-01-23 19:05:22.020000+00:00,6654.25,{'stop_loss_price': 6654.25}
INVALID_RISK_UNIT,risk_unit == 0 or non-finite,NQH19-CME,12134195,2019-01-23 19:05:22.021000+00:00,6654.25,{'stop_loss_price': 6654.25}
INVALID_RISK_UNIT,risk_unit == 0 or non-finite,NQH19-CME,12134196,2019-01-23 19:05:22.022000+00:00,6654.25,{'stop_loss_price': 6654.25}
INVALID_RISK_UNIT,risk_unit == 0 or non-finite,NQH19-CME,12147464,2019-01-23 19:31:57.010000+00:00,6644.25,{'stop_loss_price': 6644.25}
INVALID_RISK_UNIT,risk_unit == 0 or non-finite,NQH19-CME,12147465,2019-01-23 19:31:57.011000+00:00,6644.25,{'stop_loss_price': 6644.25}
INVALID_RISK_UNIT,risk_unit == 0 or non-finite,NQH19-CME,12147466,2019-01-23 19:31:57.012000+00:00,6644.25,{'stop_loss_price': 6644.25}
INVALID_RISK_UNIT,risk_unit == 0 or non-finite,NQH19-CME,12147467,2019-01-23 19:31:57.013000+00:00,6644.25,{'stop_loss_price': 6644.25}
INVALID_RISK_UNIT,risk_unit == 0 or non-finite,NQH19-CME,12147468,2019-01-23 19:31:57.014000+00:00,6644.25,{'stop_loss_price': 6644.25}
INVALID_RISK_UNIT,risk_unit == 0 or non-finite,NQH19-CME,12147469,2019-01-23 19:31:57.015000+00:00,6644.25,{'stop_loss_price': 6644.25}
INVALID_RISK_UNIT,risk_unit == 0 or non-finite,NQH19-CME,12147470,2019-01-23 19:31:57.016000+00:00,6644.25,{'stop_loss_price': 6644.25}
INVALID_RISK_UNIT,risk_unit == 0 or non-finite,NQH19-CME,12147471,2019-01-23 19:31:58+00:00,6644.25,{'stop_loss_price': 6644.25}
INVALID_RISK_UNIT,risk_unit == 0 or non-finite,NQH19-CME,12160398,2019-01-23 19:46:56.005000+00:00,6627.75,{'stop_loss_price': 6627.75}
INVALID_RISK_UNIT,risk_unit == 0 or non-finite,NQH19-CME,12160399,2019-01-23 19:46:56.006000+00:00,6627.75,{'stop_loss_price': 6627.75}
INVALID_RISK_UNIT,risk_unit == 0 or non-finite,NQH19-CME,12160400,2019-01-23 19:46:56.007000+00:00,6627.75,{'stop_loss_price': 6627.75}
INVALID_RISK_UNIT,risk_unit == 0 or non-finite,NQH19-CME,12160401,2019-01-23 19:46:57+00:00,6627.75,{'stop_loss_price': 6627.75}
INVALID_RISK_UNIT,risk_unit == 0 or non-finite,NQH19-CME,12160402,2019-01-23 19:46:57.001000+00:00,6627.75,{'stop_loss_price': 6627.75}
INVALID_RISK_UNIT,risk_unit == 0 or non-finite,NQH19-CME,12160404,2019-01-23 19:46:57.003000+00:00,6627.75,{'stop_loss_price': 6627.75}
INVALID_RISK_UNIT,risk_unit == 0 or non-finite,NQH19-CME,12166023,2019-01-23 19:54:45+00:00,6634.0,{'stop_loss_price': 6634.0}
INVALID_RISK_UNIT,risk_unit == 0 or non-finite,NQH19-CME,12166024,2019-01-23 19:54:45.001000+00:00,6634.0,{'stop_loss_price': 6634.0}
INVALID_RISK_UNIT,risk_unit == 0 or non-finite,NQH19-CME,12166025,2019-01-23 19:54:45.002000+00:00,6634.0,{'stop_loss_price': 6634.0}
INVALID_RISK_UNIT,risk_unit == 0 or non-finite,NQH19-CME,12221561,2019-01-23 21:14:49.001000+00:00,6665.0,{'stop_loss_price': 6665.0}
INVALID_RISK_UNIT,risk_unit == 0 or non-finite,NQH19-CME,12230752,2019-01-24 00:43:09.001000+00:00,6672.25,{'stop_loss_price': 6672.25}
INVALID_RISK_UNIT,risk_unit == 0 or non-finite,NQH19-CME,12230753,2019-01-24 00:43:09.002000+00:00,6672.25,{'stop_loss_price': 6672.25}
INVALID_RISK_UNIT,risk_unit == 0 or non-finite,NQH19-CME,12257724,2019-01-24 07:30:04.001000+00:00,6668.75,{'stop_loss_price': 6668.75}
INVALID_RISK_UNIT,risk_unit == 0 or non-finite,NQH19-CME,12257725,2019-01-24 07:30:07+00:00,6668.75,{'stop_loss_price': 6668.75}
INVALID_RISK_UNIT,risk_unit == 0 or non-finite,NQH19-CME,12262282,2019-01-24 08:24:02+00:00,6662.75,{'stop_loss_price': 6662.75}
INVALID_RISK_UNIT,risk_unit == 0 or non-finite,NQH19-CME,12262283,2019-01-24 08:24:03+00:00,6662.75,{'stop_loss_price': 6662.75}
INVALID_RISK_UNIT,risk_unit == 0 or non-finite,NQH19-CME,12262285,2019-01-24 08:24:05+00:00,6662.75,{'stop_loss_price': 6662.75}
INVALID_RISK_UNIT,risk_unit == 0 or non-finite,NQH19-CME,12333566,2019-01-24 14:40:29.003000+00:00,6686.5,{'stop_loss_price': 6686.5}
INVALID_RISK_UNIT,risk_unit == 0 or non-finite,NQH19-CME,12333567,2019-01-24 14:40:29.004000+00:00,6686.5,{'stop_loss_price': 6686.5}
INVALID_RISK_UNIT,risk_unit == 0 or non-finite,NQH19-CME,12333568,2019-01-24 14:40:29.005000+00:00,6686.5,{'stop_loss_price': 6686.5}
INVALID_RISK_UNIT,risk_unit == 0 or non-finite,NQH19-CME,12334936,2019-01-24 14:40:55.021000+00:00,6682.75,{'stop_loss_price': 6682.75}
INVALID_RISK_UNIT,risk_unit == 0 or non-finite,NQH19-CME,12334937,2019-01-24 14:40:55.022000+00:00,6682.75,{'stop_loss_price': 6682.75}
INVALID_RISK_UNIT,risk_unit == 0 or non-finite,NQH19-CME,12334938,2019-01-24 14:40:55.023000+00:00,6682.75,{'stop_loss_price': 6682.75}
INVALID_RISK_UNIT,risk_unit == 0 or non-finite,NQH19-CME,12334939,2019-01-24 14:40:55.024000+00:00,6682.75,{'stop_loss_price': 6682.75}
INVALID_RISK_UNIT,risk_unit == 0 or non-finite,NQH19-CME,12334940,2019-01-24 14:40:55.025000+00:00,6682.75,{'stop_loss_price': 6682.75}
INVALID_RISK_UNIT,risk_unit == 0 or non-finite,NQH19-CME,12514362,2019-01-24 18:10:46.014000+00:00,6669.0,{'stop_loss_price': 6669.0}
INVALID_RISK_UNIT,risk_unit == 0 or non-finite,NQH19-CME,12514363,2019-01-24 18:10:46.015000+00:00,6669.0,{'stop_loss_price': 6669.0}
INVALID_RISK_UNIT,risk_unit == 0 or non-finite,NQH19-CME,12514364,2019-01-24 18:10:46.016000+00:00,6669.0,{'stop_loss_price': 6669.0}
INVALID_RISK_UNIT,risk_unit == 0 or non-finite,NQH19-CME,12514365,2019-01-24 18:10:46.017000+00:00,6669.0,{'stop_loss_price': 6669.0}
INVALID_RISK_UNIT,risk_unit == 0 or non-finite,NQH19-CME,12514366,2019-01-24 18:10:46.018000+00:00,6669.0,{'stop_loss_price': 6669.0}
INVALID_RISK_UNIT,risk_unit == 0 or non-finite,NQH19-CME,12514367,2019-01-24 18:10:46.019000+00:00,6669.0,{'stop_loss_price': 6669.0}
INVALID_RISK_UNIT,risk_unit == 0 or non-finite,NQH19-CME,12514368,2019-01-24 18:10:46.020000+00:00,6669.0,{'stop_loss_price': 6669.0}
INVALID_RISK_UNIT,risk_unit == 0 or non-finite,NQH19-CME,12585533,2019-01-24 20:52:55.003000+00:00,6705.75,{'stop_loss_price': 6705.75}
INVALID_RISK_UNIT,risk_unit == 0 or non-finite,NQH19-CME,12585534,2019-01-24 20:52:55.004000+00:00,6705.75,{'stop_loss_price': 6705.75}
INVALID_RISK_UNIT,risk_unit == 0 or non-finite,NQH19-CME,12585535,2019-01-24 20:52:55.005000+00:00,6705.75,{'stop_loss_price': 6705.75}
INVALID_RISK_UNIT,risk_unit == 0 or non-finite,NQH19-CME,12585536,2019-01-24 20:52:55.006000+00:00,6705.75,{'stop_loss_price': 6705.75}
INVALID_RISK_UNIT,risk_unit == 0 or non-finite,NQH19-CME,12585537,2019-01-24 20:52:55.007000+00:00,6705.75,{'stop_loss_price': 6705.75}
INVALID_RISK_UNIT,risk_unit == 0 or non-finite,NQH19-CME,12585538,2019-01-24 20:52:55.008000+00:00,6705.75,{'stop_loss_price': 6705.75}
INVALID_RISK_UNIT,risk_unit == 0 or non-finite,NQH19-CME,12585559,2019-01-24 20:52:58.004000+00:00,6705.75,{'stop_loss_price': 6705.75}
INVALID_RISK_UNIT,risk_unit == 0 or non-finite,NQH19-CME,12585560,2019-01-24 20:52:58.005000+00:00,6705.75,{'stop_loss_price': 6705.75}
INVALID_RISK_UNIT,risk_unit == 0 or non-finite,NQH19-CME,12585561,2019-01-24 20:52:58.006000+00:00,6705.75,{'stop_loss_price': 6705.75}
INVALID_RISK_UNIT,risk_unit == 0 or non-finite,NQH19-CME,12585562,2019-01-24 20:52:58.007000+00:00,6705.75,{'stop_loss_price': 6705.75}
INVALID_RISK_UNIT,risk_unit == 0 or non-finite,NQH19-CME,12585563,2019-01-24 20:52:58.008000+00:00,6705.75,{'stop_loss_price': 6705.75}
INVALID_RISK_UNIT,risk_unit == 0 or non-finite,NQH19-CME,12585564,2019-01-24 20:52:58.009000+00:00,6705.75,{'stop_loss_price': 6705.75}
INVALID_RISK_UNIT,risk_unit == 0 or non-finite,NQH19-CME,12585566,2019-01-24 20:52:58.011000+00:00,6705.75,{'stop_loss_price': 6705.75}
INVALID_RISK_UNIT,risk_unit == 0 or non-finite,NQH19-CME,12607753,2019-01-24 23:07:10+00:00,6682.0,{'stop_loss_price': 6682.0}
INVALID_RISK_UNIT,risk_unit == 0 or non-finite,NQH19-CME,12638684,2019-01-25 06:55:51+00:00,6726.0,{'stop_loss_price': 6726.0}
INVALID_RISK_UNIT,risk_unit == 0 or non-finite,NQH19-CME,12643259,2019-01-25 08:03:33+00:00,6724.75,{'stop_loss_price': 6724.75}
INVALID_RISK_UNIT,risk_unit == 0 or non-finite,NQH19-CME,12643260,2019-01-25 08:03:34+00:00,6724.75,{'stop_loss_price': 6724.75}
INVALID_RISK_UNIT,risk_unit == 0 or non-finite,NQH19-CME,12643261,2019-01-25 08:03:34.001000+00:00,6724.75,{'stop_loss_price': 6724.75}
INVALID_RISK_UNIT,risk_unit == 0 or non-finite,NQH19-CME,12675339,2019-01-25 13:26:46.001000+00:00,6747.25,{'stop_loss_price': 6747.25}
INVALID_RISK_UNIT,risk_unit == 0 or non-finite,NQH19-CME,12675340,2019-01-25 13:26:46.002000+00:00,6747.25,{'stop_loss_price': 6747.25}
INVALID_RISK_UNIT,risk_unit == 0 or non-finite,NQH19-CME,12675341,2019-01-25 13:26:46.003000+00:00,6747.25,{'stop_loss_price': 6747.25}
INVALID_RISK_UNIT,risk_unit == 0 or non-finite,NQH19-CME,12675342,2019-01-25 13:26:46.004000+00:00,6747.25,{'stop_loss_price': 6747.25}
INVALID_RISK_UNIT,risk_unit == 0 or non-finite,NQH19-CME,12675349,2019-01-25 13:26:49.001000+00:00,6747.25,{'stop_loss_price': 6747.25}
INVALID_RISK_UNIT,risk_unit == 0 or non-finite,NQH19-CME,12675350,2019-01-25 13:26:49.002000+00:00,6747.25,{'stop_loss_price': 6747.25}
INVALID_RISK_UNIT,risk_unit == 0 or non-finite,NQH19-CME,12675351,2019-01-25 13:26:49.003000+00:00,6747.25,{'stop_loss_price': 6747.25}
INVALID_RISK_UNIT,risk_unit == 0 or non-finite,NQH19-CME,12675352,2019-01-25 13:26:50+00:00,6747.25,{'stop_loss_price': 6747.25}
INVALID_RISK_UNIT,risk_unit == 0 or non-finite,NQH19-CME,12694479,2019-01-25 14:30:54.021000+00:00,6756.5,{'stop_loss_price': 6756.5}
INVALID_RISK_UNIT,risk_unit == 0 or non-finite,NQH19-CME,12694480,2019-01-25 14:30:54.022000+00:00,6756.5,{'stop_loss_price': 6756.5}
INVALID_RISK_UNIT,risk_unit == 0 or non-finite,NQH19-CME,12803458,2019-01-25 16:07:21.004000+00:00,6791.25,{'stop_loss_price': 6791.25}
INVALID_RISK_UNIT,risk_unit == 0 or non-finite,NQH19-CME,12803459,2019-01-25 16:07:21.005000+00:00,6791.25,{'stop_loss_price': 6791.25}
INVALID_RISK_UNIT,risk_unit == 0 or non-finite,NQH19-CME,12803460,2019-01-25 16:07:21.006000+00:00,6791.25,{'stop_loss_price': 6791.25}
INVALID_RISK_UNIT,risk_unit == 0 or non-finite,NQH19-CME,12803461,2019-01-25 16:07:21.007000+00:00,6791.25,{'stop_loss_price': 6791.25}
INVALID_RISK_UNIT,risk_unit == 0 or non-finite,NQH19-CME,12803462,2019-01-25 16:07:21.008000+00:00,6791.25,{'stop_loss_price': 6791.25}
INVALID_RISK_UNIT,risk_unit == 0 or non-finite,NQH19-CME,12803463,2019-01-25 16:07:21.009000+00:00,6791.25,{'stop_loss_price': 6791.25}
INVALID_RISK_UNIT,risk_unit == 0 or non-finite,NQH19-CME,12803464,2019-01-25 16:07:21.010000+00:00,6791.25,{'stop_loss_price': 6791.25}
INVALID_RISK_UNIT,risk_unit == 0 or non-finite,NQH19-CME,12803465,2019-01-25 16:07:21.011000+00:00,6791.25,{'stop_loss_price': 6791.25}
INVALID_RISK_UNIT,risk_unit == 0 or non-finite,NQH19-CME,12803466,2019-01-25 16:07:21.012000+00:00,6791.25,{'stop_loss_price': 6791.25}
INVALID_RISK_UNIT,risk_unit == 0 or non-finite,NQH19-CME,12803467,2019-01-25 16:07:21.013000+00:00,6791.25,{'stop_loss_price': 6791.25}
INVALID_RISK_UNIT,risk_unit == 0 or non-finite,NQH19-CME,12803468,2019-01-25 16:07:21.014000+00:00,6791.25,{'stop_loss_price': 6791.25}
INVALID_RISK_UNIT,risk_unit == 0 or non-finite,NQH19-CME,12803469,2019-01-25 16:07:21.015000+00:00,6791.25,{'stop_loss_price': 6791.25}
INVALID_RISK_UNIT,risk_unit == 0 or non-finite,NQH19-CME,12810068,2019-01-25 16:18:37.001000+00:00,6786.5,{'stop_loss_price': 6786.5}
INVALID_RISK_UNIT,risk_unit == 0 or non-finite,NQH19-CME,12810069,2019-01-25 16:18:37.002000+00:00,6786.5,{'stop_loss_price': 6786.5}
INVALID_RISK_UNIT,risk_unit == 0 or non-finite,NQH19-CME,12810070,2019-01-25 16:18:37.003000+00:00,6786.5,{'stop_loss_price': 6786.5}
INVALID_RISK_UNIT,risk_unit == 0 or non-finite,NQH19-CME,12901142,2019-01-25 18:59:21+00:00,6802.25,{'stop_loss_price': 6802.25}
INVALID_RISK_UNIT,risk_unit == 0 or non-finite,NQH19-CME,12942999,2019-01-25 20:24:53+00:00,6792.25,{'stop_loss_price': 6792.25}
INVALID_RISK_UNIT,risk_unit == 0 or non-finite,NQH19-CME,12943000,2019-01-25 20:24:53.001000+00:00,6792.25,{'stop_loss_price': 6792.25}
INVALID_RISK_UNIT,risk_unit == 0 or non-finite,NQH19-CME,12943001,2019-01-25 20:24:53.002000+00:00,6792.25,{'stop_loss_price': 6792.25}
INVALID_RISK_UNIT,risk_unit == 0 or non-finite,NQH19-CME,13049214,2019-01-28 14:04:58.008000+00:00,6735.0,{'stop_loss_price': 6735.0}
INVALID_RISK_UNIT,risk_unit == 0 or non-finite,NQH19-CME,13049215,2019-01-28 14:04:58.009000+00:00,6735.0,{'stop_loss_price': 6735.0}
INVALID_RISK_UNIT,risk_unit == 0 or non-finite,NQH19-CME,13049216,2019-01-28 14:04:58.010000+00:00,6735.0,{'stop_loss_price': 6735.0}
INVALID_RISK_UNIT,risk_unit == 0 or non-finite,NQH19-CME,13049217,2019-01-28 14:04:58.011000+00:00,6735.0,{'stop_loss_price': 6735.0}
INVALID_RISK_UNIT,risk_unit == 0 or non-finite,NQH19-CME,13049218,2019-01-28 14:04:58.012000+00:00,6735.0,{'stop_loss_price': 6735.0}
INVALID_RISK_UNIT,risk_unit == 0 or non-finite,NQH19-CME,13049219,2019-01-28 14:04:58.013000+00:00,6735.0,{'stop_loss_price': 6735.0}
INVALID_RISK_UNIT,risk_unit == 0 or non-finite,NQH19-CME,13049220,2019-01-28 14:04:58.014000+00:00,6735.0,{'stop_loss_price': 6735.0}
INVALID_RISK_UNIT,risk_unit == 0 or non-finite,NQH19-CME,13049221,2019-01-28 14:04:58.015000+00:00,6735.0,{'stop_loss_price': 6735.0}
INVALID_RISK_UNIT,risk_unit == 0 or non-finite,NQH19-CME,13049222,2019-01-28 14:04:59+00:00,6735.0,{'stop_loss_price': 6735.0}
INVALID_RISK_UNIT,risk_unit == 0 or non-finite,NQH19-CME,13116400,2019-01-28 14:51:14.050000+00:00,6662.0,{'stop_loss_price': 6662.0}
INVALID_RISK_UNIT,risk_unit == 0 or non-finite,NQH19-CME,13125599,2019-01-28 14:55:57+00:00,6658.25,{'stop_loss_price': 6658.25}
INVALID_RISK_UNIT,risk_unit == 0 or non-finite,NQH19-CME,13125600,2019-01-28 14:55:57.001000+00:00,6658.25,{'stop_loss_price': 6658.25}
INVALID_RISK_UNIT,risk_unit == 0 or non-finite,NQH19-CME,13125601,2019-01-28 14:55:57.002000+00:00,6658.25,{'stop_loss_price': 6658.25}
INVALID_RISK_UNIT,risk_unit == 0 or non-finite,NQH19-CME,13125602,2019-01-28 14:55:57.003000+00:00,6658.25,{'stop_loss_price': 6658.25}
INVALID_RISK_UNIT,risk_unit == 0 or non-finite,NQH19-CME,13125603,2019-01-28 14:55:57.004000+00:00,6658.25,{'stop_loss_price': 6658.25}
INVALID_RISK_UNIT,risk_unit == 0 or non-finite,NQH19-CME,13125604,2019-01-28 14:55:57.005000+00:00,6658.25,{'stop_loss_price': 6658.25}
INVALID_RISK_UNIT,risk_unit == 0 or non-finite,NQH19-CME,13237588,2019-01-28 16:37:57.008000+00:00,6673.0,{'stop_loss_price': 6673.0}
INVALID_RISK_UNIT,risk_unit == 0 or non-finite,NQH19-CME,13237589,2019-01-28 16:37:57.009000+00:00,6673.0,{'stop_loss_price': 6673.0}
INVALID_RISK_UNIT,risk_unit == 0 or non-finite,NQH19-CME,13237590,2019-01-28 16:37:57.010000+00:00,6673.0,{'stop_loss_price': 6673.0}
INVALID_RISK_UNIT,risk_unit == 0 or non-finite,NQH19-CME,13237591,2019-01-28 16:37:57.011000+00:00,6673.0,{'stop_loss_price': 6673.0}
INVALID_RISK_UNIT,risk_unit == 0 or non-finite,NQH19-CME,13237592,2019-01-28 16:37:57.012000+00:00,6673.0,{'stop_loss_price': 6673.0}
INVALID_RISK_UNIT,risk_unit == 0 or non-finite,NQH19-CME,13237593,2019-01-28 16:37:57.013000+00:00,6673.0,{'stop_loss_price': 6673.0}
INVALID_RISK_UNIT,risk_unit == 0 or non-finite,NQH19-CME,13237594,2019-01-28 16:37:57.014000+00:00,6673.0,{'stop_loss_price': 6673.0}
INVALID_RISK_UNIT,risk_unit == 0 or non-finite,NQH19-CME,13246351,2019-01-28 16:47:44.158000+00:00,6659.25,{'stop_loss_price': 6659.25}
INVALID_RISK_UNIT,risk_unit == 0 or non-finite,NQH19-CME,13246352,2019-01-28 16:47:44.159000+00:00,6659.25,{'stop_loss_price': 6659.25}
INVALID_RISK_UNIT,risk_unit == 0 or non-finite,NQH19-CME,13246353,2019-01-28 16:47:44.160000+00:00,6659.25,{'stop_loss_price': 6659.25}
INVALID_RISK_UNIT,risk_unit == 0 or non-finite,NQH19-CME,13246354,2019-01-28 16:47:44.161000+00:00,6659.25,{'stop_loss_price': 6659.25}
INVALID_RISK_UNIT,risk_unit == 0 or non-finite,NQH19-CME,13246355,2019-01-28 16:47:44.162000+00:00,6659.25,{'stop_loss_price': 6659.25}
INVALID_RISK_UNIT,risk_unit == 0 or non-finite,NQH19-CME,13246356,2019-01-28 16:47:44.163000+00:00,6659.25,{'stop_loss_price': 6659.25}
INVALID_RISK_UNIT,risk_unit == 0 or non-finite,NQH19-CME,13246357,2019-01-28 16:47:44.164000+00:00,6659.25,{'stop_loss_price': 6659.25}
INVALID_RISK_UNIT,risk_unit == 0 or non-finite,NQH19-CME,13246358,2019-01-28 16:47:44.165000+00:00,6659.25,{'stop_loss_price': 6659.25}
INVALID_RISK_UNIT,risk_unit == 0 or non-finite,NQH19-CME,13246360,2019-01-28 16:47:44.167000+00:00,6659.25,{'stop_loss_price': 6659.25}
INVALID_RISK_UNIT,risk_unit == 0 or non-finite,NQH19-CME,13250989,2019-01-28 16:53:17.005000+00:00,6664.0,{'stop_loss_price': 6664.0}
INVALID_RISK_UNIT,risk_unit == 0 or non-finite,NQH19-CME,13250990,2019-01-28 16:53:17.006000+00:00,6664.0,{'stop_loss_price': 6664.0}
INVALID_RISK_UNIT,risk_unit == 0 or non-finite,NQH19-CME,13267979,2019-01-28 17:12:49.004000+00:00,6659.75,{'stop_loss_price': 6659.75}
INVALID_RISK_UNIT,risk_unit == 0 or non-finite,NQH19-CME,13267980,2019-01-28 17:12:49.005000+00:00,6659.75,{'stop_loss_price': 6659.75}
INVALID_RISK_UNIT,risk_unit == 0 or non-finite,NQH19-CME,13267981,2019-01-28 17:12:49.006000+00:00,6659.75,{'stop_loss_price': 6659.75}
INVALID_RISK_UNIT,risk_unit == 0 or non-finite,NQH19-CME,13267982,2019-01-28 17:12:49.007000+00:00,6659.75,{'stop_loss_price': 6659.75}
INVALID_RISK_UNIT,risk_unit == 0 or non-finite,NQH19-CME,13267983,2019-01-28 17:12:49.008000+00:00,6659.75,{'stop_loss_price': 6659.75}
INVALID_RISK_UNIT,risk_unit == 0 or non-finite,NQH19-CME,13323940,2019-01-28 19:01:28.006000+00:00,6689.25,{'stop_loss_price': 6689.25}
INVALID_RISK_UNIT,risk_unit == 0 or non-finite,NQH19-CME,13323941,2019-01-28 19:01:28.007000+00:00,6689.25,{'stop_loss_price': 6689.25}
INVALID_RISK_UNIT,risk_unit == 0 or non-finite,NQH19-CME,13323942,2019-01-28 19:01:28.008000+00:00,6689.25,{'stop_loss_price': 6689.25}
INVALID_RISK_UNIT,risk_unit == 0 or non-finite,NQH19-CME,13323943,2019-01-28 19:01:29+00:00,6689.25,{'stop_loss_price': 6689.25}
INVALID_RISK_UNIT,risk_unit == 0 or non-finite,NQH19-CME,13323946,2019-01-28 19:01:32+00:00,6689.25,{'stop_loss_price': 6689.25}
INVALID_RISK_UNIT,risk_unit == 0 or non-finite,NQH19-CME,13341090,2019-01-28 19:42:17+00:00,6681.75,{'stop_loss_price': 6681.75}
INVALID_RISK_UNIT,risk_unit == 0 or non-finite,NQH19-CME,13342241,2019-01-28 19:44:40.001000+00:00,6685.75,{'stop_loss_price': 6685.75}
INVALID_RISK_UNIT,risk_unit == 0 or non-finite,NQH19-CME,13370360,2019-01-28 20:38:55.004000+00:00,6698.75,{'stop_loss_price': 6698.75}
INVALID_RISK_UNIT,risk_unit == 0 or non-finite,NQH19-CME,13370361,2019-01-28 20:38:55.005000+00:00,6698.75,{'stop_loss_price': 6698.75}
INVALID_RISK_UNIT,risk_unit == 0 or non-finite,NQH19-CME,13417654,2019-01-29 05:35:29.014000+00:00,6679.5,{'stop_loss_price': 6679.5}
INVALID_RISK_UNIT,risk_unit == 0 or non-finite,NQH19-CME,13417655,2019-01-29 05:35:29.015000+00:00,6679.5,{'stop_loss_price': 6679.5}
INVALID_RISK_UNIT,risk_unit == 0 or non-finite,NQH19-CME,13417656,2019-01-29 05:35:29.016000+00:00,6679.5,{'stop_loss_price': 6679.5}
INVALID_RISK_UNIT,risk_unit == 0 or non-finite,NQH19-CME,13482037,2019-01-29 14:35:00.007000+00:00,6707.0,{'stop_loss_price': 6707.0}
INVALID_RISK_UNIT,risk_unit == 0 or non-finite,NQH19-CME,13482038,2019-01-29 14:35:00.008000+00:00,6707.0,{'stop_loss_price': 6707.0}
INVALID_RISK_UNIT,risk_unit == 0 or non-finite,NQH19-CME,13482039,2019-01-29 14:35:00.009000+00:00,6707.0,{'stop_loss_price': 6707.0}
INVALID_RISK_UNIT,risk_unit == 0 or non-finite,NQH19-CME,13482040,2019-01-29 14:35:00.010000+00:00,6707.0,{'stop_loss_price': 6707.0}
INVALID_RISK_UNIT,risk_unit == 0 or non-finite,NQH19-CME,13482041,2019-01-29 14:35:00.011000+00:00,6707.0,{'stop_loss_price': 6707.0}
INVALID_RISK_UNIT,risk_unit == 0 or non-finite,NQH19-CME,13482042,2019-01-29 14:35:00.012000+00:00,6707.0,{'stop_loss_price': 6707.0}
INVALID_RISK_UNIT,risk_unit == 0 or non-finite,NQH19-CME,13482043,2019-01-29 14:35:00.013000+00:00,6707.0,{'stop_loss_price': 6707.0}
INVALID_RISK_UNIT,risk_unit == 0 or non-finite,NQH19-CME,13482044,2019-01-29 14:35:00.014000+00:00,6707.0,{'stop_loss_price': 6707.0}
INVALID_RISK_UNIT,risk_unit == 0 or non-finite,NQH19-CME,13487970,2019-01-29 14:37:42.054000+00:00,6693.0,{'stop_loss_price': 6693.0}
INVALID_RISK_UNIT,risk_unit == 0 or non-finite,NQH19-CME,13487971,2019-01-29 14:37:42.055000+00:00,6693.0,{'stop_loss_price': 6693.0}
INVALID_RISK_UNIT,risk_unit == 0 or non-finite,NQH19-CME,13487972,2019-01-29 14:37:42.056000+00:00,6693.0,{'stop_loss_price': 6693.0}
INVALID_RISK_UNIT,risk_unit == 0 or non-finite,NQH19-CME,13487973,2019-01-29 14:37:42.057000+00:00,6693.0,{'stop_loss_price': 6693.0}
INVALID_RISK_UNIT,risk_unit == 0 or non-finite,NQH19-CME,13487974,2019-01-29 14:37:42.058000+00:00,6693.0,{'stop_loss_price': 6693.0}
INVALID_RISK_UNIT,risk_unit == 0 or non-finite,NQH19-CME,13487975,2019-01-29 14:37:42.059000+00:00,6693.0,{'stop_loss_price': 6693.0}
INVALID_RISK_UNIT,risk_unit == 0 or non-finite,NQH19-CME,13487976,2019-01-29 14:37:42.060000+00:00,6693.0,{'stop_loss_price': 6693.0}
INVALID_RISK_UNIT,risk_unit == 0 or non-finite,NQH19-CME,13498901,2019-01-29 14:44:37.005000+00:00,6684.0,{'stop_loss_price': 6684.0}
INVALID_RISK_UNIT,risk_unit == 0 or non-finite,NQH19-CME,13566053,2019-01-29 15:42:07.001000+00:00,6668.25,{'stop_loss_price': 6668.25}
INVALID_RISK_UNIT,risk_unit == 0 or non-finite,NQH19-CME,13566054,2019-01-29 15:42:07.002000+00:00,6668.25,{'stop_loss_price': 6668.25}
INVALID_RISK_UNIT,risk_unit == 0 or non-finite,NQH19-CME,13566055,2019-01-29 15:42:07.003000+00:00,6668.25,{'stop_loss_price': 6668.25}
INVALID_RISK_UNIT,risk_unit == 0 or non-finite,NQH19-CME,13566059,2019-01-29 15:42:07.007000+00:00,6668.25,{'stop_loss_price': 6668.25}
INVALID_RISK_UNIT,risk_unit == 0 or non-finite,NQH19-CME,13566060,2019-01-29 15:42:07.008000+00:00,6668.25,{'stop_loss_price': 6668.25}
INVALID_RISK_UNIT,risk_unit == 0 or non-finite,NQH19-CME,13566061,2019-01-29 15:42:07.009000+00:00,6668.25,{'stop_loss_price': 6668.25}
INVALID_RISK_UNIT,risk_unit == 0 or non-finite,NQH19-CME,13566062,2019-01-29 15:42:07.010000+00:00,6668.25,{'stop_loss_price': 6668.25}
INVALID_RISK_UNIT,risk_unit == 0 or non-finite,NQH19-CME,13566063,2019-01-29 15:42:07.011000+00:00,6668.25,{'stop_loss_price': 6668.25}
INVALID_RISK_UNIT,risk_unit == 0 or non-finite,NQH19-CME,13566064,2019-01-29 15:42:07.012000+00:00,6668.25,{'stop_loss_price': 6668.25}
INVALID_RISK_UNIT,risk_unit == 0 or non-finite,NQH19-CME,13566065,2019-01-29 15:42:08+00:00,6668.25,{'stop_loss_price': 6668.25}
INVALID_RISK_UNIT,risk_unit == 0 or non-finite,NQH19-CME,13566066,2019-01-29 15:42:08.001000+00:00,6668.25,{'stop_loss_price': 6668.25}
INVALID_RISK_UNIT,risk_unit == 0 or non-finite,NQH19-CME,13566067,2019-01-29 15:42:08.002000+00:00,6668.25,{'stop_loss_price': 6668.25}
INVALID_RISK_UNIT,risk_unit == 0 or non-finite,NQH19-CME,13607668,2019-01-29 16:08:34.001000+00:00,6636.0,{'stop_loss_price': 6636.0}
INVALID_RISK_UNIT,risk_unit == 0 or non-finite,NQH19-CME,13607669,2019-01-29 16:08:34.002000+00:00,6636.0,{'stop_loss_price': 6636.0}
INVALID_RISK_UNIT,risk_unit == 0 or non-finite,NQH19-CME,13607670,2019-01-29 16:08:34.003000+00:00,6636.0,{'stop_loss_price': 6636.0}
INVALID_RISK_UNIT,risk_unit == 0 or non-finite,NQH19-CME,13607671,2019-01-29 16:08:34.004000+00:00,6636.0,{'stop_loss_price': 6636.0}
INVALID_RISK_UNIT,risk_unit == 0 or non-finite,NQH19-CME,13658609,2019-01-29 17:25:48.008000+00:00,6657.0,{'stop_loss_price': 6657.0}
INVALID_RISK_UNIT,risk_unit == 0 or non-finite,NQH19-CME,13658610,2019-01-29 17:25:48.009000+00:00,6657.0,{'stop_loss_price': 6657.0}
INVALID_RISK_UNIT,risk_unit == 0 or non-finite,NQH19-CME,13658611,2019-01-29 17:25:48.010000+00:00,6657.0,{'stop_loss_price': 6657.0}
INVALID_RISK_UNIT,risk_unit == 0 or non-finite,NQH19-CME,13658612,2019-01-29 17:25:48.011000+00:00,6657.0,{'stop_loss_price': 6657.0}
INVALID_RISK_UNIT,risk_unit == 0 or non-finite,NQH19-CME,13658613,2019-01-29 17:25:48.012000+00:00,6657.0,{'stop_loss_price': 6657.0}
INVALID_RISK_UNIT,risk_unit == 0 or non-finite,NQH19-CME,13658614,2019-01-29 17:25:48.013000+00:00,6657.0,{'stop_loss_price': 6657.0}
INVALID_RISK_UNIT,risk_unit == 0 or non-finite,NQH19-CME,13658615,2019-01-29 17:25:48.014000+00:00,6657.0,{'stop_loss_price': 6657.0}
INVALID_RISK_UNIT,risk_unit == 0 or non-finite,NQH19-CME,13658616,2019-01-29 17:25:48.015000+00:00,6657.0,{'stop_loss_price': 6657.0}
INVALID_RISK_UNIT,risk_unit == 0 or non-finite,NQH19-CME,13658617,2019-01-29 17:25:48.016000+00:00,6657.0,{'stop_loss_price': 6657.0}
INVALID_RISK_UNIT,risk_unit == 0 or non-finite,NQH19-CME,13658618,2019-01-29 17:25:48.017000+00:00,6657.0,{'stop_loss_price': 6657.0}
INVALID_RISK_UNIT,risk_unit == 0 or non-finite,NQH19-CME,13658619,2019-01-29 17:25:48.018000+00:00,6657.0,{'stop_loss_price': 6657.0}
INVALID_RISK_UNIT,risk_unit == 0 or non-finite,NQH19-CME,13658620,2019-01-29 17:25:48.019000+00:00,6657.0,{'stop_loss_price': 6657.0}
INVALID_RISK_UNIT,risk_unit == 0 or non-finite,NQH19-CME,13658621,2019-01-29 17:25:48.020000+00:00,6657.0,{'stop_loss_price': 6657.0}
INVALID_RISK_UNIT,risk_unit == 0 or non-finite,NQH19-CME,13658622,2019-01-29 17:25:48.021000+00:00,6657.0,{'stop_loss_price': 6657.0}
INVALID_RISK_UNIT,risk_unit == 0 or non-finite,NQH19-CME,13658623,2019-01-29 17:25:48.022000+00:00,6657.0,{'stop_loss_price': 6657.0}
INVALID_RISK_UNIT,risk_unit == 0 or non-finite,NQH19-CME,13658624,2019-01-29 17:25:49+00:00,6657.0,{'stop_loss_price': 6657.0}
INVALID_RISK_UNIT,risk_unit == 0 or non-finite,NQH19-CME,13658625,2019-01-29 17:25:49.001000+00:00,6657.0,{'stop_loss_price': 6657.0}
INVALID_RISK_UNIT,risk_unit == 0 or non-finite,NQH19-CME,13658635,2019-01-29 17:25:50.009000+00:00,6657.0,{'stop_loss_price': 6657.0}
INVALID_RISK_UNIT,risk_unit == 0 or non-finite,NQH19-CME,13658636,2019-01-29 17:25:50.010000+00:00,6657.0,{'stop_loss_price': 6657.0}
INVALID_RISK_UNIT,risk_unit == 0 or non-finite,NQH19-CME,13658637,2019-01-29 17:25:50.011000+00:00,6657.0,{'stop_loss_price': 6657.0}
INVALID_RISK_UNIT,risk_unit == 0 or non-finite,NQH19-CME,13779658,2019-01-30 01:24:58.002000+00:00,6662.5,{'stop_loss_price': 6662.5}
INVALID_RISK_UNIT,risk_unit == 0 or non-finite,NQH19-CME,13866306,2019-01-30 14:38:59.019000+00:00,6729.5,{'stop_loss_price': 6729.5}
INVALID_RISK_UNIT,risk_unit == 0 or non-finite,NQH19-CME,13866307,2019-01-30 14:38:59.020000+00:00,6729.5,{'stop_loss_price': 6729.5}
INVALID_RISK_UNIT,risk_unit == 0 or non-finite,NQH19-CME,13866308,2019-01-30 14:38:59.021000+00:00,6729.5,{'stop_loss_price': 6729.5}
INVALID_RISK_UNIT,risk_unit == 0 or non-finite,NQH19-CME,13866309,2019-01-30 14:38:59.022000+00:00,6729.5,{'stop_loss_price': 6729.5}
INVALID_RISK_UNIT,risk_unit == 0 or non-finite,NQH19-CME,13866310,2019-01-30 14:38:59.023000+00:00,6729.5,{'stop_loss_price': 6729.5}
INVALID_RISK_UNIT,risk_unit == 0 or non-finite,NQH19-CME,13977057,2019-01-30 16:30:43.002000+00:00,6715.25,{'stop_loss_price': 6715.25}
INVALID_RISK_UNIT,risk_unit == 0 or non-finite,NQH19-CME,13977058,2019-01-30 16:30:43.003000+00:00,6715.25,{'stop_loss_price': 6715.25}
INVALID_RISK_UNIT,risk_unit == 0 or non-finite,NQH19-CME,14046068,2019-01-30 19:00:16.102000+00:00,6772.5,{'stop_loss_price': 6772.5}
INVALID_RISK_UNIT,risk_unit == 0 or non-finite,NQH19-CME,14102261,2019-01-30 19:35:06.036000+00:00,6808.25,{'stop_loss_price': 6808.25}
INVALID_RISK_UNIT,risk_unit == 0 or non-finite,NQH19-CME,14102262,2019-01-30 19:35:06.037000+00:00,6808.25,{'stop_loss_price': 6808.25}
INVALID_RISK_UNIT,risk_unit == 0 or non-finite,NQH19-CME,14147958,2019-01-30 20:14:51.012000+00:00,6811.5,{'stop_loss_price': 6811.5}
INVALID_RISK_UNIT,risk_unit == 0 or non-finite,NQH19-CME,14147959,2019-01-30 20:14:51.013000+00:00,6811.5,{'stop_loss_price': 6811.5}
INVALID_RISK_UNIT,risk_unit == 0 or non-finite,NQH19-CME,14147960,2019-01-30 20:14:51.014000+00:00,6811.5,{'stop_loss_price': 6811.5}
INVALID_RISK_UNIT,risk_unit == 0 or non-finite,NQH19-CME,14147961,2019-01-30 20:14:51.015000+00:00,6811.5,{'stop_loss_price': 6811.5}
INVALID_RISK_UNIT,risk_unit == 0 or non-finite,NQH19-CME,14147962,2019-01-30 20:14:51.016000+00:00,6811.5,{'stop_loss_price': 6811.5}
INVALID_RISK_UNIT,risk_unit == 0 or non-finite,NQH19-CME,14147963,2019-01-30 20:14:52+00:00,6811.5,{'stop_loss_price': 6811.5}
INVALID_RISK_UNIT,risk_unit == 0 or non-finite,NQH19-CME,14147969,2019-01-30 20:14:53.003000+00:00,6811.5,{'stop_loss_price': 6811.5}
INVALID_RISK_UNIT,risk_unit == 0 or non-finite,NQH19-CME,14147970,2019-01-30 20:14:53.004000+00:00,6811.5,{'stop_loss_price': 6811.5}
INVALID_RISK_UNIT,risk_unit == 0 or non-finite,NQH19-CME,14147971,2019-01-30 20:14:53.005000+00:00,6811.5,{'stop_loss_price': 6811.5}
INVALID_RISK_UNIT,risk_unit == 0 or non-finite,NQH19-CME,14147972,2019-01-30 20:14:53.006000+00:00,6811.5,{'stop_loss_price': 6811.5}
INVALID_RISK_UNIT,risk_unit == 0 or non-finite,NQH19-CME,14147973,2019-01-30 20:14:53.007000+00:00,6811.5,{'stop_loss_price': 6811.5}
INVALID_RISK_UNIT,risk_unit == 0 or non-finite,NQH19-CME,14147974,2019-01-30 20:14:53.008000+00:00,6811.5,{'stop_loss_price': 6811.5}
INVALID_RISK_UNIT,risk_unit == 0 or non-finite,NQH19-CME,14147976,2019-01-30 20:14:54.001000+00:00,6811.5,{'stop_loss_price': 6811.5}
INVALID_RISK_UNIT,risk_unit == 0 or non-finite,NQH19-CME,14181944,2019-01-30 20:55:53.008000+00:00,6813.0,{'stop_loss_price': 6813.0}
INVALID_RISK_UNIT,risk_unit == 0 or non-finite,NQH19-CME,14181945,2019-01-30 20:55:53.009000+00:00,6813.0,{'stop_loss_price': 6813.0}
INVALID_RISK_UNIT,risk_unit == 0 or non-finite,NQH19-CME,14181946,2019-01-30 20:55:53.010000+00:00,6813.0,{'stop_loss_price': 6813.0}
INVALID_RISK_UNIT,risk_unit == 0 or non-finite,NQH19-CME,14186091,2019-01-30 20:59:06.043000+00:00,6813.0,{'stop_loss_price': 6813.0}
INVALID_RISK_UNIT,risk_unit == 0 or non-finite,NQH19-CME,14186092,2019-01-30 20:59:06.044000+00:00,6813.0,{'stop_loss_price': 6813.0}
INVALID_RISK_UNIT,risk_unit == 0 or non-finite,NQH19-CME,14186093,2019-01-30 20:59:06.045000+00:00,6813.0,{'stop_loss_price': 6813.0}
INVALID_RISK_UNIT,risk_unit == 0 or non-finite,NQH19-CME,14186094,2019-01-30 20:59:06.046000+00:00,6813.0,{'stop_loss_price': 6813.0}
INVALID_RISK_UNIT,risk_unit == 0 or non-finite,NQH19-CME,14186095,2019-01-30 20:59:06.047000+00:00,6813.0,{'stop_loss_price': 6813.0}
INVALID_RISK_UNIT,risk_unit == 0 or non-finite,NQH19-CME,14186096,2019-01-30 20:59:06.048000+00:00,6813.0,{'stop_loss_price': 6813.0}
INVALID_RISK_UNIT,risk_unit == 0 or non-finite,NQH19-CME,14186097,2019-01-30 20:59:06.049000+00:00,6813.0,{'stop_loss_price': 6813.0}
INVALID_RISK_UNIT,risk_unit == 0 or non-finite,NQH19-CME,14186098,2019-01-30 20:59:06.050000+00:00,6813.0,{'stop_loss_price': 6813.0}
INVALID_RISK_UNIT,risk_unit == 0 or non-finite,NQH19-CME,14186099,2019-01-30 20:59:06.051000+00:00,6813.0,{'stop_loss_price': 6813.0}
INVALID_RISK_UNIT,risk_unit == 0 or non-finite,NQH19-CME,14186104,2019-01-30 20:59:06.056000+00:00,6813.0,{'stop_loss_price': 6813.0}
INVALID_RISK_UNIT,risk_unit == 0 or non-finite,NQH19-CME,14186105,2019-01-30 20:59:06.057000+00:00,6813.0,{'stop_loss_price': 6813.0}
INVALID_RISK_UNIT,risk_unit == 0 or non-finite,NQH19-CME,14186106,2019-01-30 20:59:06.058000+00:00,6813.0,{'stop_loss_price': 6813.0}
INVALID_RISK_UNIT,risk_unit == 0 or non-finite,NQH19-CME,14186128,2019-01-30 20:59:06.080000+00:00,6813.0,{'stop_loss_price': 6813.0}
INVALID_RISK_UNIT,risk_unit == 0 or non-finite,NQH19-CME,14186129,2019-01-30 20:59:06.081000+00:00,6813.0,{'stop_loss_price': 6813.0}
INVALID_RISK_UNIT,risk_unit == 0 or non-finite,NQH19-CME,14186130,2019-01-30 20:59:06.082000+00:00,6813.0,{'stop_loss_price': 6813.0}
INVALID_RISK_UNIT,risk_unit == 0 or non-finite,NQH19-CME,14186131,2019-01-30 20:59:06.083000+00:00,6813.0,{'stop_loss_price': 6813.0}
INVALID_RISK_UNIT,risk_unit == 0 or non-finite,NQH19-CME,14186132,2019-01-30 20:59:06.084000+00:00,6813.0,{'stop_loss_price': 6813.0}
INVALID_RISK_UNIT,risk_unit == 0 or non-finite,NQH19-CME,14186133,2019-01-30 20:59:06.085000+00:00,6813.0,{'stop_loss_price': 6813.0}
INVALID_RISK_UNIT,risk_unit == 0 or non-finite,NQH19-CME,14186134,2019-01-30 20:59:06.086000+00:00,6813.0,{'stop_loss_price': 6813.0}
INVALID_RISK_UNIT,risk_unit == 0 or non-finite,NQH19-CME,14186135,2019-01-30 20:59:06.087000+00:00,6813.0,{'stop_loss_price': 6813.0}
INVALID_RISK_UNIT,risk_unit == 0 or non-finite,NQH19-CME,14186136,2019-01-30 20:59:06.088000+00:00,6813.0,{'stop_loss_price': 6813.0}
INVALID_RISK_UNIT,risk_unit == 0 or non-finite,NQH19-CME,14256190,2019-01-31 08:18:08+00:00,6870.0,{'stop_loss_price': 6870.0}
INVALID_RISK_UNIT,risk_unit == 0 or non-finite,NQH19-CME,14292503,2019-01-31 13:26:26.001000+00:00,6863.75,{'stop_loss_price': 6863.75}
INVALID_RISK_UNIT,risk_unit == 0 or non-finite,NQH19-CME,14292504,2019-01-31 13:26:26.002000+00:00,6863.75,{'stop_loss_price': 6863.75}
INVALID_RISK_UNIT,risk_unit == 0 or non-finite,NQH19-CME,14292505,2019-01-31 13:26:26.003000+00:00,6863.75,{'stop_loss_price': 6863.75}
INVALID_RISK_UNIT,risk_unit == 0 or non-finite,NQH19-CME,14292506,2019-01-31 13:26:26.004000+00:00,6863.75,{'stop_loss_price': 6863.75}
INVALID_RISK_UNIT,risk_unit == 0 or non-finite,NQH19-CME,14336089,2019-01-31 14:43:54.003000+00:00,6851.25,{'stop_loss_price': 6851.25}
INVALID_RISK_UNIT,risk_unit == 0 or non-finite,NQH19-CME,14336090,2019-01-31 14:43:54.004000+00:00,6851.25,{'stop_loss_price': 6851.25}
INVALID_RISK_UNIT,risk_unit == 0 or non-finite,NQH19-CME,14336091,2019-01-31 14:43:54.005000+00:00,6851.25,{'stop_loss_price': 6851.25}
INVALID_RISK_UNIT,risk_unit == 0 or non-finite,NQH19-CME,14336092,2019-01-31 14:43:54.006000+00:00,6851.25,{'stop_loss_price': 6851.25}
INVALID_RISK_UNIT,risk_unit == 0 or non-finite,NQH19-CME,14336093,2019-01-31 14:43:54.007000+00:00,6851.25,{'stop_loss_price': 6851.25}
INVALID_RISK_UNIT,risk_unit == 0 or non-finite,NQH19-CME,14340432,2019-01-31 14:45:57.022000+00:00,6862.5,{'stop_loss_price': 6862.5}
INVALID_RISK_UNIT,risk_unit == 0 or non-finite,NQH19-CME,14360905,2019-01-31 15:00:00.039000+00:00,6875.75,{'stop_loss_price': 6875.75}
INVALID_RISK_UNIT,risk_unit == 0 or non-finite,NQH19-CME,14374824,2019-01-31 15:10:44.035000+00:00,6878.5,{'stop_loss_price': 6878.5}
INVALID_RISK_UNIT,risk_unit == 0 or non-finite,NQH19-CME,14374825,2019-01-31 15:10:44.036000+00:00,6878.5,{'stop_loss_price': 6878.5}
INVALID_RISK_UNIT,risk_unit == 0 or non-finite,NQH19-CME,14374827,2019-01-31 15:10:44.038000+00:00,6878.5,{'stop_loss_price': 6878.5}
INVALID_RISK_UNIT,risk_unit == 0 or non-finite,NQH19-CME,14377996,2019-01-31 15:13:00.023000+00:00,6883.75,{'stop_loss_price': 6883.75}
INVALID_RISK_UNIT,risk_unit == 0 or non-finite,NQH19-CME,14391161,2019-01-31 15:23:57.022000+00:00,6897.0,{'stop_loss_price': 6897.0}
INVALID_RISK_UNIT,risk_unit == 0 or non-finite,NQH19-CME,14480406,2019-01-31 16:58:39.003000+00:00,6942.25,{'stop_loss_price': 6942.25}
INVALID_RISK_UNIT,risk_unit == 0 or non-finite,NQH19-CME,14480407,2019-01-31 16:58:39.004000+00:00,6942.25,{'stop_loss_price': 6942.25}
INVALID_RISK_UNIT,risk_unit == 0 or non-finite,NQH19-CME,14480408,2019-01-31 16:58:39.005000+00:00,6942.25,{'stop_loss_price': 6942.25}
INVALID_RISK_UNIT,risk_unit == 0 or non-finite,NQH19-CME,14480409,2019-01-31 16:58:39.006000+00:00,6942.25,{'stop_loss_price': 6942.25}
INVALID_RISK_UNIT,risk_unit == 0 or non-finite,NQH19-CME,14480410,2019-01-31 16:58:39.007000+00:00,6942.25,{'stop_loss_price': 6942.25}
INVALID_RISK_UNIT,risk_unit == 0 or non-finite,NQH19-CME,14480411,2019-01-31 16:58:39.008000+00:00,6942.25,{'stop_loss_price': 6942.25}
INVALID_RISK_UNIT,risk_unit == 0 or non-finite,NQH19-CME,14480412,2019-01-31 16:58:39.009000+00:00,6942.25,{'stop_loss_price': 6942.25}
INVALID_RISK_UNIT,risk_unit == 0 or non-finite,NQH19-CME,14480413,2019-01-31 16:58:39.010000+00:00,6942.25,{'stop_loss_price': 6942.25}
INVALID_RISK_UNIT,risk_unit == 0 or non-finite,NQH19-CME,14480414,2019-01-31 16:58:39.011000+00:00,6942.25,{'stop_loss_price': 6942.25}
INVALID_RISK_UNIT,risk_unit == 0 or non-finite,NQH19-CME,14480415,2019-01-31 16:58:40+00:00,6942.25,{'stop_loss_price': 6942.25}
INVALID_RISK_UNIT,risk_unit == 0 or non-finite,NQH19-CME,14480416,2019-01-31 16:58:40.001000+00:00,6942.25,{'stop_loss_price': 6942.25}
INVALID_RISK_UNIT,risk_unit == 0 or non-finite,NQH19-CME,14480417,2019-01-31 16:58:40.002000+00:00,6942.25,{'stop_loss_price': 6942.25}
INVALID_RISK_UNIT,risk_unit == 0 or non-finite,NQH19-CME,14491611,2019-01-31 17:09:31.007000+00:00,6932.0,{'stop_loss_price': 6932.0}
INVALID_RISK_UNIT,risk_unit == 0 or non-finite,NQH19-CME,14513678,2019-01-31 17:44:59.120000+00:00,6910.5,{'stop_loss_price': 6910.5}
INVALID_RISK_UNIT,risk_unit == 0 or non-finite,NQH19-CME,14513679,2019-01-31 17:44:59.121000+00:00,6910.5,{'stop_loss_price': 6910.5}
INVALID_RISK_UNIT,risk_unit == 0 or non-finite,NQH19-CME,14513680,2019-01-31 17:44:59.122000+00:00,6910.5,{'stop_loss_price': 6910.5}
INVALID_RISK_UNIT,risk_unit == 0 or non-finite,NQH19-CME,14513681,2019-01-31 17:44:59.123000+00:00,6910.5,{'stop_loss_price': 6910.5}
INVALID_RISK_UNIT,risk_unit == 0 or non-finite,NQH19-CME,14513682,2019-01-31 17:44:59.124000+00:00,6910.5,{'stop_loss_price': 6910.5}
INVALID_RISK_UNIT,risk_unit == 0 or non-finite,NQH19-CME,14513683,2019-01-31 17:44:59.125000+00:00,6910.5,{'stop_loss_price': 6910.5}
INVALID_RISK_UNIT,risk_unit == 0 or non-finite,NQH19-CME,14513684,2019-01-31 17:44:59.126000+00:00,6910.5,{'stop_loss_price': 6910.5}
INVALID_RISK_UNIT,risk_unit == 0 or non-finite,NQH19-CME,14513685,2019-01-31 17:44:59.127000+00:00,6910.5,{'stop_loss_price': 6910.5}
INVALID_RISK_UNIT,risk_unit == 0 or non-finite,NQH19-CME,14513686,2019-01-31 17:44:59.128000+00:00,6910.5,{'stop_loss_price': 6910.5}
INVALID_RISK_UNIT,risk_unit == 0 or non-finite,NQH19-CME,14513687,2019-01-31 17:44:59.129000+00:00,6910.5,{'stop_loss_price': 6910.5}
INVALID_RISK_UNIT,risk_unit == 0 or non-finite,NQH19-CME,14513688,2019-01-31 17:44:59.130000+00:00,6910.5,{'stop_loss_price': 6910.5}
INVALID_RISK_UNIT,risk_unit == 0 or non-finite,NQH19-CME,14513689,2019-01-31 17:44:59.131000+00:00,6910.5,{'stop_loss_price': 6910.5}
INVALID_RISK_UNIT,risk_unit == 0 or non-finite,NQH19-CME,14513690,2019-01-31 17:44:59.132000+00:00,6910.5,{'stop_loss_price': 6910.5}
INVALID_RISK_UNIT,risk_unit == 0 or non-finite,NQH19-CME,14513691,2019-01-31 17:44:59.133000+00:00,6910.5,{'stop_loss_price': 6910.5}
INVALID_RISK_UNIT,risk_unit == 0 or non-finite,NQH19-CME,14513692,2019-01-31 17:44:59.134000+00:00,6910.5,{'stop_loss_price': 6910.5}
INVALID_RISK_UNIT,risk_unit == 0 or non-finite,NQH19-CME,14513693,2019-01-31 17:44:59.135000+00:00,6910.5,{'stop_loss_price': 6910.5}
INVALID_RISK_UNIT,risk_unit == 0 or non-finite,NQH19-CME,14513694,2019-01-31 17:44:59.136000+00:00,6910.5,{'stop_loss_price': 6910.5}
INVALID_RISK_UNIT,risk_unit == 0 or non-finite,NQH19-CME,14513695,2019-01-31 17:44:59.137000+00:00,6910.5,{'stop_loss_price': 6910.5}
INVALID_RISK_UNIT,risk_unit == 0 or non-finite,NQH19-CME,14513696,2019-01-31 17:44:59.138000+00:00,6910.5,{'stop_loss_price': 6910.5}
INVALID_RISK_UNIT,risk_unit == 0 or non-finite,NQH19-CME,14513697,2019-01-31 17:44:59.139000+00:00,6910.5,{'stop_loss_price': 6910.5}
INVALID_RISK_UNIT,risk_unit == 0 or non-finite,NQH19-CME,14513698,2019-01-31 17:44:59.140000+00:00,6910.5,{'stop_loss_price': 6910.5}
INVALID_RISK_UNIT,risk_unit == 0 or non-finite,NQH19-CME,14513699,2019-01-31 17:44:59.141000+00:00,6910.5,{'stop_loss_price': 6910.5}
INVALID_RISK_UNIT,risk_unit == 0 or non-finite,NQH19-CME,14513702,2019-01-31 17:44:59.144000+00:00,6910.5,{'stop_loss_price': 6910.5}
INVALID_RISK_UNIT,risk_unit == 0 or non-finite,NQH19-CME,14535306,2019-01-31 18:28:18+00:00,6912.75,{'stop_loss_price': 6912.75}
INVALID_RISK_UNIT,risk_unit == 0 or non-finite,NQH19-CME,14535307,2019-01-31 18:28:18.001000+00:00,6912.75,{'stop_loss_price': 6912.75}
INVALID_RISK_UNIT,risk_unit == 0 or non-finite,NQH19-CME,14535308,2019-01-31 18:28:18.002000+00:00,6912.75,{'stop_loss_price': 6912.75}
INVALID_RISK_UNIT,risk_unit == 0 or non-finite,NQH19-CME,14535309,2019-01-31 18:28:18.003000+00:00,6912.75,{'stop_loss_price': 6912.75}
INVALID_RISK_UNIT,risk_unit == 0 or non-finite,NQH19-CME,14535310,2019-01-31 18:28:18.004000+00:00,6912.75,{'stop_loss_price': 6912.75}
INVALID_RISK_UNIT,risk_unit == 0 or non-finite,NQH19-CME,14535311,2019-01-31 18:28:18.005000+00:00,6912.75,{'stop_loss_price': 6912.75}
INVALID_RISK_UNIT,risk_unit == 0 or non-finite,NQH19-CME,14535312,2019-01-31 18:28:18.006000+00:00,6912.75,{'stop_loss_price': 6912.75}
INVALID_RISK_UNIT,risk_unit == 0 or non-finite,NQH19-CME,14535313,2019-01-31 18:28:18.007000+00:00,6912.75,{'stop_loss_price': 6912.75}
INVALID_RISK_UNIT,risk_unit == 0 or non-finite,NQH19-CME,14535314,2019-01-31 18:28:18.008000+00:00,6912.75,{'stop_loss_price': 6912.75}
INVALID_RISK_UNIT,risk_unit == 0 or non-finite,NQH19-CME,14535315,2019-01-31 18:28:18.009000+00:00,6912.75,{'stop_loss_price': 6912.75}
INVALID_RISK_UNIT,risk_unit == 0 or non-finite,NQH19-CME,14535316,2019-01-31 18:28:19+00:00,6912.75,{'stop_loss_price': 6912.75}
INVALID_RISK_UNIT,risk_unit == 0 or non-finite,NQH19-CME,14535317,2019-01-31 18:28:20+00:00,6912.75,{'stop_loss_price': 6912.75}
INVALID_RISK_UNIT,risk_unit == 0 or non-finite,NQH19-CME,14535318,2019-01-31 18:28:21+00:00,6912.75,{'stop_loss_price': 6912.75}
INVALID_RISK_UNIT,risk_unit == 0 or non-finite,NQH19-CME,14543997,2019-01-31 18:38:04+00:00,6905.5,{'stop_loss_price': 6905.5}
INVALID_RISK_UNIT,risk_unit == 0 or non-finite,NQH19-CME,14543998,2019-01-31 18:38:04.001000+00:00,6905.5,{'stop_loss_price': 6905.5}
INVALID_RISK_UNIT,risk_unit == 0 or non-finite,NQH19-CME,14543999,2019-01-31 18:38:04.002000+00:00,6905.5,{'stop_loss_price': 6905.5}
INVALID_RISK_UNIT,risk_unit == 0 or non-finite,NQH19-CME,14544000,2019-01-31 18:38:04.003000+00:00,6905.5,{'stop_loss_price': 6905.5}
INVALID_RISK_UNIT,risk_unit == 0 or non-finite,NQH19-CME,14544001,2019-01-31 18:38:04.004000+00:00,6905.5,{'stop_loss_price': 6905.5}
INVALID_RISK_UNIT,risk_unit == 0 or non-finite,NQH19-CME,14640794,2019-01-31 20:59:35.059000+00:00,6912.5,{'stop_loss_price': 6912.5}
INVALID_RISK_UNIT,risk_unit == 0 or non-finite,NQH19-CME,14683454,2019-02-01 00:49:31+00:00,6898.0,{'stop_loss_price': 6898.0}
INVALID_RISK_UNIT,risk_unit == 0 or non-finite,NQH19-CME,14683455,2019-02-01 00:49:31.001000+00:00,6898.0,{'stop_loss_price': 6898.0}
INVALID_RISK_UNIT,risk_unit == 0 or non-finite,NQH19-CME,14699718,2019-02-01 03:23:28+00:00,6892.5,{'stop_loss_price': 6892.5}
INVALID_RISK_UNIT,risk_unit == 0 or non-finite,NQH19-CME,14703867,2019-02-01 05:30:20+00:00,6887.0,{'stop_loss_price': 6887.0}
INVALID_RISK_UNIT,risk_unit == 0 or non-finite,NQH19-CME,14705518,2019-02-01 05:50:01.011000+00:00,6884.25,{'stop_loss_price': 6884.25}
INVALID_RISK_UNIT,risk_unit == 0 or non-finite,NQH19-CME,14705519,2019-02-01 05:50:01.012000+00:00,6884.25,{'stop_loss_price': 6884.25}
INVALID_RISK_UNIT,risk_unit == 0 or non-finite,NQH19-CME,14705520,2019-02-01 05:50:01.013000+00:00,6884.25,{'stop_loss_price': 6884.25}
INVALID_RISK_UNIT,risk_unit == 0 or non-finite,NQH19-CME,14705521,2019-02-01 05:50:01.014000+00:00,6884.25,{'stop_loss_price': 6884.25}
INVALID_RISK_UNIT,risk_unit == 0 or non-finite,NQH19-CME,14705522,2019-02-01 05:50:01.015000+00:00,6884.25,{'stop_loss_price': 6884.25}
INVALID_RISK_UNIT,risk_unit == 0 or non-finite,NQH19-CME,14705523,2019-02-01 05:50:01.016000+00:00,6884.25,{'stop_loss_price': 6884.25}
INVALID_RISK_UNIT,risk_unit == 0 or non-finite,NQH19-CME,14705525,2019-02-01 05:50:01.018000+00:00,6884.25,{'stop_loss_price': 6884.25}
INVALID_RISK_UNIT,risk_unit == 0 or non-finite,NQH19-CME,14719898,2019-02-01 09:47:04.001000+00:00,6885.25,{'stop_loss_price': 6885.25}
INVALID_RISK_UNIT,risk_unit == 0 or non-finite,NQH19-CME,14764522,2019-02-01 14:31:52.027000+00:00,6881.25,{'stop_loss_price': 6881.25}
INVALID_RISK_UNIT,risk_unit == 0 or non-finite,NQH19-CME,14799539,2019-02-01 14:47:43+00:00,6907.25,{'stop_loss_price': 6907.25}
INVALID_RISK_UNIT,risk_unit == 0 or non-finite,NQH19-CME,14918705,2019-02-01 16:25:17+00:00,6906.5,{'stop_loss_price': 6906.5}
INVALID_RISK_UNIT,risk_unit == 0 or non-finite,NQH19-CME,14918706,2019-02-01 16:25:17.001000+00:00,6906.5,{'stop_loss_price': 6906.5}
INVALID_RISK_UNIT,risk_unit == 0 or non-finite,NQH19-CME,14918707,2019-02-01 16:25:17.002000+00:00,6906.5,{'stop_loss_price': 6906.5}
INVALID_RISK_UNIT,risk_unit == 0 or non-finite,NQH19-CME,14918708,2019-02-01 16:25:17.003000+00:00,6906.5,{'stop_loss_price': 6906.5}
INVALID_RISK_UNIT,risk_unit == 0 or non-finite,NQH19-CME,14951742,2019-02-01 17:27:52+00:00,6896.5,{'stop_loss_price': 6896.5}
INVALID_RISK_UNIT,risk_unit == 0 or non-finite,NQH19-CME,14951743,2019-02-01 17:27:52.001000+00:00,6896.5,{'stop_loss_price': 6896.5}
INVALID_RISK_UNIT,risk_unit == 0 or non-finite,NQH19-CME,14951744,2019-02-01 17:27:52.002000+00:00,6896.5,{'stop_loss_price': 6896.5}
INVALID_RISK_UNIT,risk_unit == 0 or non-finite,NQH19-CME,14951745,2019-02-01 17:27:52.003000+00:00,6896.5,{'stop_loss_price': 6896.5}
INVALID_RISK_UNIT,risk_unit == 0 or non-finite,NQH19-CME,14951746,2019-02-01 17:27:52.004000+00:00,6896.5,{'stop_loss_price': 6896.5}
INVALID_RISK_UNIT,risk_unit == 0 or non-finite,NQH19-CME,14951747,2019-02-01 17:27:52.005000+00:00,6896.5,{'stop_loss_price': 6896.5}
INVALID_RISK_UNIT,risk_unit == 0 or non-finite,NQH19-CME,14951748,2019-02-01 17:27:52.006000+00:00,6896.5,{'stop_loss_price': 6896.5}
INVALID_RISK_UNIT,risk_unit == 0 or non-finite,NQH19-CME,14951749,2019-02-01 17:27:52.007000+00:00,6896.5,{'stop_loss_price': 6896.5}
INVALID_RISK_UNIT,risk_unit == 0 or non-finite,NQH19-CME,14951750,2019-02-01 17:27:52.008000+00:00,6896.5,{'stop_loss_price': 6896.5}
INVALID_RISK_UNIT,risk_unit == 0 or non-finite,NQH19-CME,14951751,2019-02-01 17:27:52.009000+00:00,6896.5,{'stop_loss_price': 6896.5}
INVALID_RISK_UNIT,risk_unit == 0 or non-finite,NQH19-CME,15096236,2019-02-04 11:12:38+00:00,6879.5,{'stop_loss_price': 6879.5}
INVALID_RISK_UNIT,risk_unit == 0 or non-finite,NQH19-CME,15096237,2019-02-04 11:12:39+00:00,6879.5,{'stop_loss_price': 6879.5}
INVALID_RISK_UNIT,risk_unit == 0 or non-finite,NQH19-CME,15096238,2019-02-04 11:12:39.001000+00:00,6879.5,{'stop_loss_price': 6879.5}
INVALID_RISK_UNIT,risk_unit == 0 or non-finite,NQH19-CME,15096239,2019-02-04 11:12:39.002000+00:00,6879.5,{'stop_loss_price': 6879.5}
INVALID_RISK_UNIT,risk_unit == 0 or non-finite,NQH19-CME,15191464,2019-02-04 15:25:51.256000+00:00,6910.75,{'stop_loss_price': 6910.75}
INVALID_RISK_UNIT,risk_unit == 0 or non-finite,NQH19-CME,15274788,2019-02-04 18:06:37.014000+00:00,6945.25,{'stop_loss_price': 6945.25}
INVALID_RISK_UNIT,risk_unit == 0 or non-finite,NQH19-CME,15274789,2019-02-04 18:06:37.015000+00:00,6945.25,{'stop_loss_price': 6945.25}
INVALID_RISK_UNIT,risk_unit == 0 or non-finite,NQH19-CME,15274790,2019-02-04 18:06:37.016000+00:00,6945.25,{'stop_loss_price': 6945.25}
INVALID_RISK_UNIT,risk_unit == 0 or non-finite,NQH19-CME,15274791,2019-02-04 18:06:37.017000+00:00,6945.25,{'stop_loss_price': 6945.25}
INVALID_RISK_UNIT,risk_unit == 0 or non-finite,NQH19-CME,15274792,2019-02-04 18:06:37.018000+00:00,6945.25,{'stop_loss_price': 6945.25}
INVALID_RISK_UNIT,risk_unit == 0 or non-finite,NQH19-CME,15274793,2019-02-04 18:06:37.019000+00:00,6945.25,{'stop_loss_price': 6945.25}
INVALID_RISK_UNIT,risk_unit == 0 or non-finite,NQH19-CME,15274794,2019-02-04 18:06:37.020000+00:00,6945.25,{'stop_loss_price': 6945.25}
INVALID_RISK_UNIT,risk_unit == 0 or non-finite,NQH19-CME,15274795,2019-02-04 18:06:37.021000+00:00,6945.25,{'stop_loss_price': 6945.25}
INVALID_RISK_UNIT,risk_unit == 0 or non-finite,NQH19-CME,15274806,2019-02-04 18:06:37.032000+00:00,6945.25,{'stop_loss_price': 6945.25}
INVALID_RISK_UNIT,risk_unit == 0 or non-finite,NQH19-CME,15274807,2019-02-04 18:06:37.033000+00:00,6945.25,{'stop_loss_price': 6945.25}
INVALID_RISK_UNIT,risk_unit == 0 or non-finite,NQH19-CME,15274808,2019-02-04 18:06:37.034000+00:00,6945.25,{'stop_loss_price': 6945.25}
INVALID_RISK_UNIT,risk_unit == 0 or non-finite,NQH19-CME,15274809,2019-02-04 18:06:37.035000+00:00,6945.25,{'stop_loss_price': 6945.25}
INVALID_RISK_UNIT,risk_unit == 0 or non-finite,NQH19-CME,15274810,2019-02-04 18:06:37.036000+00:00,6945.25,{'stop_loss_price': 6945.25}
INVALID_RISK_UNIT,risk_unit == 0 or non-finite,NQH19-CME,15290211,2019-02-04 19:01:00.012000+00:00,6952.5,{'stop_loss_price': 6952.5}
INVALID_RISK_UNIT,risk_unit == 0 or non-finite,NQH19-CME,15290212,2019-02-04 19:01:01+00:00,6952.5,{'stop_loss_price': 6952.5}
INVALID_RISK_UNIT,risk_unit == 0 or non-finite,NQH19-CME,15320053,2019-02-04 20:38:54.003000+00:00,6944.75,{'stop_loss_price': 6944.75}
INVALID_RISK_UNIT,risk_unit == 0 or non-finite,NQH19-CME,15320054,2019-02-04 20:38:54.004000+00:00,6944.75,{'stop_loss_price': 6944.75}
INVALID_RISK_UNIT,risk_unit == 0 or non-finite,NQH19-CME,15320057,2019-02-04 20:38:54.007000+00:00,6944.75,{'stop_loss_price': 6944.75}
INVALID_RISK_UNIT,risk_unit == 0 or non-finite,NQH19-CME,15321995,2019-02-04 20:43:52+00:00,6947.0,{'stop_loss_price': 6947.0}
INVALID_RISK_UNIT,risk_unit == 0 or non-finite,NQH19-CME,15331290,2019-02-04 20:59:00.069000+00:00,6955.0,{'stop_loss_price': 6955.0}
INVALID_RISK_UNIT,risk_unit == 0 or non-finite,NQH19-CME,15331291,2019-02-04 20:59:00.070000+00:00,6955.0,{'stop_loss_price': 6955.0}
INVALID_RISK_UNIT,risk_unit == 0 or non-finite,NQH19-CME,15331292,2019-02-04 20:59:00.071000+00:00,6955.0,{'stop_loss_price': 6955.0}
INVALID_RISK_UNIT,risk_unit == 0 or non-finite,NQH19-CME,15331293,2019-02-04 20:59:00.072000+00:00,6955.0,{'stop_loss_price': 6955.0}
INVALID_RISK_UNIT,risk_unit == 0 or non-finite,NQH19-CME,15331294,2019-02-04 20:59:00.073000+00:00,6955.0,{'stop_loss_price': 6955.0}
INVALID_RISK_UNIT,risk_unit == 0 or non-finite,NQH19-CME,15331295,2019-02-04 20:59:00.074000+00:00,6955.0,{'stop_loss_price': 6955.0}
INVALID_RISK_UNIT,risk_unit == 0 or non-finite,NQH19-CME,15331296,2019-02-04 20:59:00.075000+00:00,6955.0,{'stop_loss_price': 6955.0}
INVALID_RISK_UNIT,risk_unit == 0 or non-finite,NQH19-CME,15331297,2019-02-04 20:59:00.076000+00:00,6955.0,{'stop_loss_price': 6955.0}
INVALID_RISK_UNIT,risk_unit == 0 or non-finite,NQH19-CME,15331298,2019-02-04 20:59:00.077000+00:00,6955.0,{'stop_loss_price': 6955.0}
INVALID_RISK_UNIT,risk_unit == 0 or non-finite,NQH19-CME,15331299,2019-02-04 20:59:00.078000+00:00,6955.0,{'stop_loss_price': 6955.0}
INVALID_RISK_UNIT,risk_unit == 0 or non-finite,NQH19-CME,15331300,2019-02-04 20:59:00.079000+00:00,6955.0,{'stop_loss_price': 6955.0}
INVALID_RISK_UNIT,risk_unit == 0 or non-finite,NQH19-CME,15331301,2019-02-04 20:59:00.080000+00:00,6955.0,{'stop_loss_price': 6955.0}
INVALID_RISK_UNIT,risk_unit == 0 or non-finite,NQH19-CME,15331302,2019-02-04 20:59:00.081000+00:00,6955.0,{'stop_loss_price': 6955.0}
INVALID_RISK_UNIT,risk_unit == 0 or non-finite,NQH19-CME,15331303,2019-02-04 20:59:00.082000+00:00,6955.0,{'stop_loss_price': 6955.0}
INVALID_RISK_UNIT,risk_unit == 0 or non-finite,NQH19-CME,15331304,2019-02-04 20:59:00.083000+00:00,6955.0,{'stop_loss_price': 6955.0}
INVALID_RISK_UNIT,risk_unit == 0 or non-finite,NQH19-CME,15331347,2019-02-04 20:59:02.001000+00:00,6955.0,{'stop_loss_price': 6955.0}
INVALID_RISK_UNIT,risk_unit == 0 or non-finite,NQH19-CME,15331348,2019-02-04 20:59:02.002000+00:00,6955.0,{'stop_loss_price': 6955.0}
INVALID_RISK_UNIT,risk_unit == 0 or non-finite,NQH19-CME,15331349,2019-02-04 20:59:02.003000+00:00,6955.0,{'stop_loss_price': 6955.0}
INVALID_RISK_UNIT,risk_unit == 0 or non-finite,NQH19-CME,15331350,2019-02-04 20:59:02.004000+00:00,6955.0,{'stop_loss_price': 6955.0}
INVALID_RISK_UNIT,risk_unit == 0 or non-finite,NQH19-CME,15331351,2019-02-04 20:59:02.005000+00:00,6955.0,{'stop_loss_price': 6955.0}
INVALID_RISK_UNIT,risk_unit == 0 or non-finite,NQH19-CME,15331352,2019-02-04 20:59:02.006000+00:00,6955.0,{'stop_loss_price': 6955.0}
INVALID_RISK_UNIT,risk_unit == 0 or non-finite,NQH19-CME,15331353,2019-02-04 20:59:02.007000+00:00,6955.0,{'stop_loss_price': 6955.0}
INVALID_RISK_UNIT,risk_unit == 0 or non-finite,NQH19-CME,15331356,2019-02-04 20:59:02.010000+00:00,6955.0,{'stop_loss_price': 6955.0}
INVALID_RISK_UNIT,risk_unit == 0 or non-finite,NQH19-CME,15331357,2019-02-04 20:59:02.011000+00:00,6955.0,{'stop_loss_price': 6955.0}
INVALID_RISK_UNIT,risk_unit == 0 or non-finite,NQH19-CME,15331358,2019-02-04 20:59:02.012000+00:00,6955.0,{'stop_loss_price': 6955.0}
INVALID_RISK_UNIT,risk_unit == 0 or non-finite,NQH19-CME,15331359,2019-02-04 20:59:02.013000+00:00,6955.0,{'stop_loss_price': 6955.0}
INVALID_RISK_UNIT,risk_unit == 0 or non-finite,NQH19-CME,15331360,2019-02-04 20:59:02.014000+00:00,6955.0,{'stop_loss_price': 6955.0}
INVALID_RISK_UNIT,risk_unit == 0 or non-finite,NQH19-CME,15331361,2019-02-04 20:59:02.015000+00:00,6955.0,{'stop_loss_price': 6955.0}
INVALID_RISK_UNIT,risk_unit == 0 or non-finite,NQH19-CME,15331362,2019-02-04 20:59:02.016000+00:00,6955.0,{'stop_loss_price': 6955.0}
INVALID_RISK_UNIT,risk_unit == 0 or non-finite,NQH19-CME,15331363,2019-02-04 20:59:02.017000+00:00,6955.0,{'stop_loss_price': 6955.0}
INVALID_RISK_UNIT,risk_unit == 0 or non-finite,NQH19-CME,15331364,2019-02-04 20:59:02.018000+00:00,6955.0,{'stop_loss_price': 6955.0}
INVALID_RISK_UNIT,risk_unit == 0 or non-finite,NQH19-CME,15331365,2019-02-04 20:59:02.019000+00:00,6955.0,{'stop_loss_price': 6955.0}
INVALID_RISK_UNIT,risk_unit == 0 or non-finite,NQH19-CME,15331366,2019-02-04 20:59:02.020000+00:00,6955.0,{'stop_loss_price': 6955.0}
INVALID_RISK_UNIT,risk_unit == 0 or non-finite,NQH19-CME,15331367,2019-02-04 20:59:02.021000+00:00,6955.0,{'stop_loss_price': 6955.0}
INVALID_RISK_UNIT,risk_unit == 0 or non-finite,NQH19-CME,15331368,2019-02-04 20:59:02.022000+00:00,6955.0,{'stop_loss_price': 6955.0}
INVALID_RISK_UNIT,risk_unit == 0 or non-finite,NQH19-CME,15331369,2019-02-04 20:59:02.023000+00:00,6955.0,{'stop_loss_price': 6955.0}
INVALID_RISK_UNIT,risk_unit == 0 or non-finite,NQH19-CME,15331370,2019-02-04 20:59:02.024000+00:00,6955.0,{'stop_loss_price': 6955.0}
INVALID_RISK_UNIT,risk_unit == 0 or non-finite,NQH19-CME,15331371,2019-02-04 20:59:02.025000+00:00,6955.0,{'stop_loss_price': 6955.0}
INVALID_RISK_UNIT,risk_unit == 0 or non-finite,NQH19-CME,15331372,2019-02-04 20:59:02.026000+00:00,6955.0,{'stop_loss_price': 6955.0}
INVALID_RISK_UNIT,risk_unit == 0 or non-finite,NQH19-CME,15331373,2019-02-04 20:59:02.027000+00:00,6955.0,{'stop_loss_price': 6955.0}
INVALID_RISK_UNIT,risk_unit == 0 or non-finite,NQH19-CME,15331374,2019-02-04 20:59:03+00:00,6955.0,{'stop_loss_price': 6955.0}
INVALID_RISK_UNIT,risk_unit == 0 or non-finite,NQH19-CME,15331375,2019-02-04 20:59:03.001000+00:00,6955.0,{'stop_loss_price': 6955.0}
INVALID_RISK_UNIT,risk_unit == 0 or non-finite,NQH19-CME,15331376,2019-02-04 20:59:04+00:00,6955.0,{'stop_loss_price': 6955.0}
INVALID_RISK_UNIT,risk_unit == 0 or non-finite,NQH19-CME,15331377,2019-02-04 20:59:04.001000+00:00,6955.0,{'stop_loss_price': 6955.0}
INVALID_RISK_UNIT,risk_unit == 0 or non-finite,NQH19-CME,15331378,2019-02-04 20:59:04.002000+00:00,6955.0,{'stop_loss_price': 6955.0}
INVALID_RISK_UNIT,risk_unit == 0 or non-finite,NQH19-CME,15331379,2019-02-04 20:59:04.003000+00:00,6955.0,{'stop_loss_price': 6955.0}
INVALID_RISK_UNIT,risk_unit == 0 or non-finite,NQH19-CME,15331380,2019-02-04 20:59:04.004000+00:00,6955.0,{'stop_loss_price': 6955.0}
INVALID_RISK_UNIT,risk_unit == 0 or non-finite,NQH19-CME,15331381,2019-02-04 20:59:04.005000+00:00,6955.0,{'stop_loss_price': 6955.0}
INVALID_RISK_UNIT,risk_unit == 0 or non-finite,NQH19-CME,15331382,2019-02-04 20:59:04.006000+00:00,6955.0,{'stop_loss_price': 6955.0}
INVALID_RISK_UNIT,risk_unit == 0 or non-finite,NQH19-CME,15331383,2019-02-04 20:59:04.007000+00:00,6955.0,{'stop_loss_price': 6955.0}
INVALID_RISK_UNIT,risk_unit == 0 or non-finite,NQH19-CME,15331384,2019-02-04 20:59:04.008000+00:00,6955.0,{'stop_loss_price': 6955.0}
INVALID_RISK_UNIT,risk_unit == 0 or non-finite,NQH19-CME,15331385,2019-02-04 20:59:04.009000+00:00,6955.0,{'stop_loss_price': 6955.0}
INVALID_RISK_UNIT,risk_unit == 0 or non-finite,NQH19-CME,15331386,2019-02-04 20:59:04.010000+00:00,6955.0,{'stop_loss_price': 6955.0}
INVALID_RISK_UNIT,risk_unit == 0 or non-finite,NQH19-CME,15331387,2019-02-04 20:59:04.011000+00:00,6955.0,{'stop_loss_price': 6955.0}
INVALID_RISK_UNIT,risk_unit == 0 or non-finite,NQH19-CME,15331388,2019-02-04 20:59:04.012000+00:00,6955.0,{'stop_loss_price': 6955.0}
INVALID_RISK_UNIT,risk_unit == 0 or non-finite,NQH19-CME,15331389,2019-02-04 20:59:05+00:00,6955.0,{'stop_loss_price': 6955.0}
INVALID_RISK_UNIT,risk_unit == 0 or non-finite,NQH19-CME,15331390,2019-02-04 20:59:05.001000+00:00,6955.0,{'stop_loss_price': 6955.0}
INVALID_RISK_UNIT,risk_unit == 0 or non-finite,NQH19-CME,15331391,2019-02-04 20:59:05.002000+00:00,6955.0,{'stop_loss_price': 6955.0}
INVALID_RISK_UNIT,risk_unit == 0 or non-finite,NQH19-CME,15331392,2019-02-04 20:59:05.003000+00:00,6955.0,{'stop_loss_price': 6955.0}
INVALID_RISK_UNIT,risk_unit == 0 or non-finite,NQH19-CME,15331393,2019-02-04 20:59:05.004000+00:00,6955.0,{'stop_loss_price': 6955.0}
INVALID_RISK_UNIT,risk_unit == 0 or non-finite,NQH19-CME,15331394,2019-02-04 20:59:05.005000+00:00,6955.0,{'stop_loss_price': 6955.0}
INVALID_RISK_UNIT,risk_unit == 0 or non-finite,NQH19-CME,15331395,2019-02-04 20:59:05.006000+00:00,6955.0,{'stop_loss_price': 6955.0}
INVALID_RISK_UNIT,risk_unit == 0 or non-finite,NQH19-CME,15331399,2019-02-04 20:59:05.010000+00:00,6955.0,{'stop_loss_price': 6955.0}
INVALID_RISK_UNIT,risk_unit == 0 or non-finite,NQH19-CME,15331400,2019-02-04 20:59:05.011000+00:00,6955.0,{'stop_loss_price': 6955.0}
INVALID_RISK_UNIT,risk_unit == 0 or non-finite,NQH19-CME,15331401,2019-02-04 20:59:05.012000+00:00,6955.0,{'stop_loss_price': 6955.0}
INVALID_RISK_UNIT,risk_unit == 0 or non-finite,NQH19-CME,15331402,2019-02-04 20:59:05.013000+00:00,6955.0,{'stop_loss_price': 6955.0}
INVALID_RISK_UNIT,risk_unit == 0 or non-finite,NQH19-CME,15331403,2019-02-04 20:59:05.014000+00:00,6955.0,{'stop_loss_price': 6955.0}
INVALID_RISK_UNIT,risk_unit == 0 or non-finite,NQH19-CME,15331410,2019-02-04 20:59:06+00:00,6955.0,{'stop_loss_price': 6955.0}
INVALID_RISK_UNIT,risk_unit == 0 or non-finite,NQH19-CME,15410402,2019-02-05 14:32:34.034000+00:00,6991.0,{'stop_loss_price': 6991.0}
INVALID_RISK_UNIT,risk_unit == 0 or non-finite,NQH19-CME,15410403,2019-02-05 14:32:34.035000+00:00,6991.0,{'stop_loss_price': 6991.0}
INVALID_RISK_UNIT,risk_unit == 0 or non-finite,NQH19-CME,15482808,2019-02-05 15:29:45.009000+00:00,7012.75,{'stop_loss_price': 7012.75}
INVALID_RISK_UNIT,risk_unit == 0 or non-finite,NQH19-CME,15482809,2019-02-05 15:29:45.010000+00:00,7012.75,{'stop_loss_price': 7012.75}
INVALID_RISK_UNIT,risk_unit == 0 or non-finite,NQH19-CME,15482810,2019-02-05 15:29:45.011000+00:00,7012.75,{'stop_loss_price': 7012.75}
INVALID_RISK_UNIT,risk_unit == 0 or non-finite,NQH19-CME,15482811,2019-02-05 15:29:45.012000+00:00,7012.75,{'stop_loss_price': 7012.75}
INVALID_RISK_UNIT,risk_unit == 0 or non-finite,NQH19-CME,15482812,2019-02-05 15:29:45.013000+00:00,7012.75,{'stop_loss_price': 7012.75}
INVALID_RISK_UNIT,risk_unit == 0 or non-finite,NQH19-CME,15561146,2019-02-05 17:39:13.007000+00:00,7001.75,{'stop_loss_price': 7001.75}
INVALID_RISK_UNIT,risk_unit == 0 or non-finite,NQH19-CME,15561147,2019-02-05 17:39:13.008000+00:00,7001.75,{'stop_loss_price': 7001.75}
INVALID_RISK_UNIT,risk_unit == 0 or non-finite,NQH19-CME,15561148,2019-02-05 17:39:13.009000+00:00,7001.75,{'stop_loss_price': 7001.75}
INVALID_RISK_UNIT,risk_unit == 0 or non-finite,NQH19-CME,15561149,2019-02-05 17:39:13.010000+00:00,7001.75,{'stop_loss_price': 7001.75}
INVALID_RISK_UNIT,risk_unit == 0 or non-finite,NQH19-CME,15561150,2019-02-05 17:39:13.011000+00:00,7001.75,{'stop_loss_price': 7001.75}
INVALID_RISK_UNIT,risk_unit == 0 or non-finite,NQH19-CME,15561151,2019-02-05 17:39:13.012000+00:00,7001.75,{'stop_loss_price': 7001.75}
INVALID_RISK_UNIT,risk_unit == 0 or non-finite,NQH19-CME,15574746,2019-02-05 18:04:48.023000+00:00,6989.75,{'stop_loss_price': 6989.75}
INVALID_RISK_UNIT,risk_unit == 0 or non-finite,NQH19-CME,15670151,2019-02-06 02:39:36.006000+00:00,7021.0,{'stop_loss_price': 7021.0}
INVALID_RISK_UNIT,risk_unit == 0 or non-finite,NQH19-CME,15670152,2019-02-06 02:39:36.007000+00:00,7021.0,{'stop_loss_price': 7021.0}
INVALID_RISK_UNIT,risk_unit == 0 or non-finite,NQH19-CME,15722389,2019-02-06 14:32:28.034000+00:00,7032.75,{'stop_loss_price': 7032.75}
INVALID_RISK_UNIT,risk_unit == 0 or non-finite,NQH19-CME,15722390,2019-02-06 14:32:28.035000+00:00,7032.75,{'stop_loss_price': 7032.75}
INVALID_RISK_UNIT,risk_unit == 0 or non-finite,NQH19-CME,15722391,2019-02-06 14:32:28.036000+00:00,7032.75,{'stop_loss_price': 7032.75}
INVALID_RISK_UNIT,risk_unit == 0 or non-finite,NQH19-CME,15722392,2019-02-06 14:32:28.037000+00:00,7032.75,{'stop_loss_price': 7032.75}
INVALID_RISK_UNIT,risk_unit == 0 or non-finite,NQH19-CME,15722393,2019-02-06 14:32:28.038000+00:00,7032.75,{'stop_loss_price': 7032.75}
INVALID_RISK_UNIT,risk_unit == 0 or non-finite,NQH19-CME,15833506,2019-02-06 15:52:45.015000+00:00,7017.5,{'stop_loss_price': 7017.5}
INVALID_RISK_UNIT,risk_unit == 0 or non-finite,NQH19-CME,15833507,2019-02-06 15:52:45.016000+00:00,7017.5,{'stop_loss_price': 7017.5}
INVALID_RISK_UNIT,risk_unit == 0 or non-finite,NQH19-CME,15833508,2019-02-06 15:52:45.017000+00:00,7017.5,{'stop_loss_price': 7017.5}
INVALID_RISK_UNIT,risk_unit == 0 or non-finite,NQH19-CME,15833509,2019-02-06 15:52:45.018000+00:00,7017.5,{'stop_loss_price': 7017.5}
INVALID_RISK_UNIT,risk_unit == 0 or non-finite,NQH19-CME,15833510,2019-02-06 15:52:45.019000+00:00,7017.5,{'stop_loss_price': 7017.5}
INVALID_RISK_UNIT,risk_unit == 0 or non-finite,NQH19-CME,15833511,2019-02-06 15:52:45.020000+00:00,7017.5,{'stop_loss_price': 7017.5}
INVALID_RISK_UNIT,risk_unit == 0 or non-finite,NQH19-CME,15833512,2019-02-06 15:52:45.021000+00:00,7017.5,{'stop_loss_price': 7017.5}
INVALID_RISK_UNIT,risk_unit == 0 or non-finite,NQH19-CME,15833513,2019-02-06 15:52:45.022000+00:00,7017.5,{'stop_loss_price': 7017.5}
INVALID_RISK_UNIT,risk_unit == 0 or non-finite,NQH19-CME,15833514,2019-02-06 15:52:45.023000+00:00,7017.5,{'stop_loss_price': 7017.5}
INVALID_RISK_UNIT,risk_unit == 0 or non-finite,NQH19-CME,15833515,2019-02-06 15:52:45.024000+00:00,7017.5,{'stop_loss_price': 7017.5}
INVALID_RISK_UNIT,risk_unit == 0 or non-finite,NQH19-CME,15833516,2019-02-06 15:52:45.025000+00:00,7017.5,{'stop_loss_price': 7017.5}
INVALID_RISK_UNIT,risk_unit == 0 or non-finite,NQH19-CME,15833517,2019-02-06 15:52:45.026000+00:00,7017.5,{'stop_loss_price': 7017.5}
INVALID_RISK_UNIT,risk_unit == 0 or non-finite,NQH19-CME,15895162,2019-02-06 17:20:51.001000+00:00,6996.25,{'stop_loss_price': 6996.25}
INVALID_RISK_UNIT,risk_unit == 0 or non-finite,NQH19-CME,15895163,2019-02-06 17:20:52+00:00,6996.25,{'stop_loss_price': 6996.25}
INVALID_RISK_UNIT,risk_unit == 0 or non-finite,NQH19-CME,15981448,2019-02-06 23:07:46.004000+00:00,6988.25,{'stop_loss_price': 6988.25}
INVALID_RISK_UNIT,risk_unit == 0 or non-finite,NQH19-CME,16029771,2019-02-07 12:13:12+00:00,6955.5,{'stop_loss_price': 6955.5}
INVALID_RISK_UNIT,risk_unit == 0 or non-finite,NQH19-CME,16029772,2019-02-07 12:13:13+00:00,6955.5,{'stop_loss_price': 6955.5}
INVALID_RISK_UNIT,risk_unit == 0 or non-finite,NQH19-CME,16029773,2019-02-07 12:13:13.001000+00:00,6955.5,{'stop_loss_price': 6955.5}
INVALID_RISK_UNIT,risk_unit == 0 or non-finite,NQH19-CME,16029774,2019-02-07 12:13:13.002000+00:00,6955.5,{'stop_loss_price': 6955.5}
INVALID_RISK_UNIT,risk_unit == 0 or non-finite,NQH19-CME,16029775,2019-02-07 12:13:13.003000+00:00,6955.5,{'stop_loss_price': 6955.5}
INVALID_RISK_UNIT,risk_unit == 0 or non-finite,NQH19-CME,16029777,2019-02-07 12:13:16+00:00,6955.5,{'stop_loss_price': 6955.5}
INVALID_RISK_UNIT,risk_unit == 0 or non-finite,NQH19-CME,16062947,2019-02-07 14:33:52.033000+00:00,6931.5,{'stop_loss_price': 6931.5}
INVALID_RISK_UNIT,risk_unit == 0 or non-finite,NQH19-CME,16062948,2019-02-07 14:33:52.034000+00:00,6931.5,{'stop_loss_price': 6931.5}
INVALID_RISK_UNIT,risk_unit == 0 or non-finite,NQH19-CME,16062949,2019-02-07 14:33:52.035000+00:00,6931.5,{'stop_loss_price': 6931.5}
INVALID_RISK_UNIT,risk_unit == 0 or non-finite,NQH19-CME,16078500,2019-02-07 14:39:55.002000+00:00,6922.0,{'stop_loss_price': 6922.0}
INVALID_RISK_UNIT,risk_unit == 0 or non-finite,NQH19-CME,16078501,2019-02-07 14:39:55.003000+00:00,6922.0,{'stop_loss_price': 6922.0}
INVALID_RISK_UNIT,risk_unit == 0 or non-finite,NQH19-CME,16087803,2019-02-07 14:44:37.052000+00:00,6922.25,{'stop_loss_price': 6922.25}
INVALID_RISK_UNIT,risk_unit == 0 or non-finite,NQH19-CME,16087804,2019-02-07 14:44:37.053000+00:00,6922.25,{'stop_loss_price': 6922.25}
INVALID_RISK_UNIT,risk_unit == 0 or non-finite,NQH19-CME,16112988,2019-02-07 14:59:24.041000+00:00,6934.0,{'stop_loss_price': 6934.0}
INVALID_RISK_UNIT,risk_unit == 0 or non-finite,NQH19-CME,16112989,2019-02-07 14:59:24.042000+00:00,6934.0,{'stop_loss_price': 6934.0}
INVALID_RISK_UNIT,risk_unit == 0 or non-finite,NQH19-CME,16112990,2019-02-07 14:59:24.043000+00:00,6934.0,{'stop_loss_price': 6934.0}
INVALID_RISK_UNIT,risk_unit == 0 or non-finite,NQH19-CME,16112991,2019-02-07 14:59:24.044000+00:00,6934.0,{'stop_loss_price': 6934.0}
INVALID_RISK_UNIT,risk_unit == 0 or non-finite,NQH19-CME,16112992,2019-02-07 14:59:24.045000+00:00,6934.0,{'stop_loss_price': 6934.0}
INVALID_RISK_UNIT,risk_unit == 0 or non-finite,NQH19-CME,16112993,2019-02-07 14:59:24.046000+00:00,6934.0,{'stop_loss_price': 6934.0}
INVALID_RISK_UNIT,risk_unit == 0 or non-finite,NQH19-CME,16124832,2019-02-07 15:06:47.022000+00:00,6927.0,{'stop_loss_price': 6927.0}
INVALID_RISK_UNIT,risk_unit == 0 or non-finite,NQH19-CME,16124833,2019-02-07 15:06:47.023000+00:00,6927.0,{'stop_loss_price': 6927.0}
INVALID_RISK_UNIT,risk_unit == 0 or non-finite,NQH19-CME,16124845,2019-02-07 15:06:48.003000+00:00,6927.0,{'stop_loss_price': 6927.0}
INVALID_RISK_UNIT,risk_unit == 0 or non-finite,NQH19-CME,16135444,2019-02-07 15:14:41.002000+00:00,6939.0,{'stop_loss_price': 6939.0}
INVALID_RISK_UNIT,risk_unit == 0 or non-finite,NQH19-CME,16161812,2019-02-07 15:34:56.005000+00:00,6953.25,{'stop_loss_price': 6953.25}
INVALID_RISK_UNIT,risk_unit == 0 or non-finite,NQH19-CME,16161813,2019-02-07 15:34:56.006000+00:00,6953.25,{'stop_loss_price': 6953.25}
INVALID_RISK_UNIT,risk_unit == 0 or non-finite,NQH19-CME,16161814,2019-02-07 15:34:56.007000+00:00,6953.25,{'stop_loss_price': 6953.25}
INVALID_RISK_UNIT,risk_unit == 0 or non-finite,NQH19-CME,16161815,2019-02-07 15:34:56.008000+00:00,6953.25,{'stop_loss_price': 6953.25}
INVALID_RISK_UNIT,risk_unit == 0 or non-finite,NQH19-CME,16161816,2019-02-07 15:34:56.009000+00:00,6953.25,{'stop_loss_price': 6953.25}
INVALID_RISK_UNIT,risk_unit == 0 or non-finite,NQH19-CME,16161817,2019-02-07 15:34:56.010000+00:00,6953.25,{'stop_loss_price': 6953.25}
INVALID_RISK_UNIT,risk_unit == 0 or non-finite,NQH19-CME,16161818,2019-02-07 15:34:56.011000+00:00,6953.25,{'stop_loss_price': 6953.25}
INVALID_RISK_UNIT,risk_unit == 0 or non-finite,NQH19-CME,16161819,2019-02-07 15:34:56.012000+00:00,6953.25,{'stop_loss_price': 6953.25}
INVALID_RISK_UNIT,risk_unit == 0 or non-finite,NQH19-CME,16161820,2019-02-07 15:34:56.013000+00:00,6953.25,{'stop_loss_price': 6953.25}
INVALID_RISK_UNIT,risk_unit == 0 or non-finite,NQH19-CME,16161821,2019-02-07 15:34:56.014000+00:00,6953.25,{'stop_loss_price': 6953.25}
INVALID_RISK_UNIT,risk_unit == 0 or non-finite,NQH19-CME,16161822,2019-02-07 15:34:56.015000+00:00,6953.25,{'stop_loss_price': 6953.25}
INVALID_RISK_UNIT,risk_unit == 0 or non-finite,NQH19-CME,16161823,2019-02-07 15:34:56.016000+00:00,6953.25,{'stop_loss_price': 6953.25}
INVALID_RISK_UNIT,risk_unit == 0 or non-finite,NQH19-CME,16161824,2019-02-07 15:34:56.017000+00:00,6953.25,{'stop_loss_price': 6953.25}
INVALID_RISK_UNIT,risk_unit == 0 or non-finite,NQH19-CME,16161825,2019-02-07 15:34:56.018000+00:00,6953.25,{'stop_loss_price': 6953.25}
INVALID_RISK_UNIT,risk_unit == 0 or non-finite,NQH19-CME,16161826,2019-02-07 15:34:56.019000+00:00,6953.25,{'stop_loss_price': 6953.25}
INVALID_RISK_UNIT,risk_unit == 0 or non-finite,NQH19-CME,16161827,2019-02-07 15:34:56.020000+00:00,6953.25,{'stop_loss_price': 6953.25}
INVALID_RISK_UNIT,risk_unit == 0 or non-finite,NQH19-CME,16161828,2019-02-07 15:34:56.021000+00:00,6953.25,{'stop_loss_price': 6953.25}
INVALID_RISK_UNIT,risk_unit == 0 or non-finite,NQH19-CME,16161855,2019-02-07 15:34:59+00:00,6953.25,{'stop_loss_price': 6953.25}
INVALID_RISK_UNIT,risk_unit == 0 or non-finite,NQH19-CME,16161856,2019-02-07 15:34:59.001000+00:00,6953.25,{'stop_loss_price': 6953.25}
INVALID_RISK_UNIT,risk_unit == 0 or non-finite,NQH19-CME,16161857,2019-02-07 15:34:59.002000+00:00,6953.25,{'stop_loss_price': 6953.25}
INVALID_RISK_UNIT,risk_unit == 0 or non-finite,NQH19-CME,16161858,2019-02-07 15:34:59.003000+00:00,6953.25,{'stop_loss_price': 6953.25}
INVALID_RISK_UNIT,risk_unit == 0 or non-finite,NQH19-CME,16178349,2019-02-07 15:49:09.035000+00:00,6930.5,{'stop_loss_price': 6930.5}
INVALID_RISK_UNIT,risk_unit == 0 or non-finite,NQH19-CME,16178350,2019-02-07 15:49:09.036000+00:00,6930.5,{'stop_loss_price': 6930.5}
INVALID_RISK_UNIT,risk_unit == 0 or non-finite,NQH19-CME,16178351,2019-02-07 15:49:09.037000+00:00,6930.5,{'stop_loss_price': 6930.5}
INVALID_RISK_UNIT,risk_unit == 0 or non-finite,NQH19-CME,16178352,2019-02-07 15:49:09.038000+00:00,6930.5,{'stop_loss_price': 6930.5}
INVALID_RISK_UNIT,risk_unit == 0 or non-finite,NQH19-CME,16178353,2019-02-07 15:49:09.039000+00:00,6930.5,{'stop_loss_price': 6930.5}
INVALID_RISK_UNIT,risk_unit == 0 or non-finite,NQH19-CME,16178354,2019-02-07 15:49:09.040000+00:00,6930.5,{'stop_loss_price': 6930.5}
INVALID_RISK_UNIT,risk_unit == 0 or non-finite,NQH19-CME,16178355,2019-02-07 15:49:09.041000+00:00,6930.5,{'stop_loss_price': 6930.5}
INVALID_RISK_UNIT,risk_unit == 0 or non-finite,NQH19-CME,16178356,2019-02-07 15:49:09.042000+00:00,6930.5,{'stop_loss_price': 6930.5}
INVALID_RISK_UNIT,risk_unit == 0 or non-finite,NQH19-CME,16178357,2019-02-07 15:49:09.043000+00:00,6930.5,{'stop_loss_price': 6930.5}
INVALID_RISK_UNIT,risk_unit == 0 or non-finite,NQH19-CME,16178358,2019-02-07 15:49:09.044000+00:00,6930.5,{'stop_loss_price': 6930.5}
INVALID_RISK_UNIT,risk_unit == 0 or non-finite,NQH19-CME,16179032,2019-02-07 15:49:31.040000+00:00,6929.0,{'stop_loss_price': 6929.0}
INVALID_RISK_UNIT,risk_unit == 0 or non-finite,NQH19-CME,16179033,2019-02-07 15:49:31.041000+00:00,6929.0,{'stop_loss_price': 6929.0}
INVALID_RISK_UNIT,risk_unit == 0 or non-finite,NQH19-CME,16179037,2019-02-07 15:49:32.001000+00:00,6929.0,{'stop_loss_price': 6929.0}
INVALID_RISK_UNIT,risk_unit == 0 or non-finite,NQH19-CME,16202867,2019-02-07 16:02:55.022000+00:00,6908.0,{'stop_loss_price': 6908.0}
INVALID_RISK_UNIT,risk_unit == 0 or non-finite,NQH19-CME,16202868,2019-02-07 16:02:55.023000+00:00,6908.0,{'stop_loss_price': 6908.0}
INVALID_RISK_UNIT,risk_unit == 0 or non-finite,NQH19-CME,16202869,2019-02-07 16:02:55.024000+00:00,6908.0,{'stop_loss_price': 6908.0}
INVALID_RISK_UNIT,risk_unit == 0 or non-finite,NQH19-CME,16202870,2019-02-07 16:02:55.025000+00:00,6908.0,{'stop_loss_price': 6908.0}
INVALID_RISK_UNIT,risk_unit == 0 or non-finite,NQH19-CME,16202871,2019-02-07 16:02:55.026000+00:00,6908.0,{'stop_loss_price': 6908.0}
INVALID_RISK_UNIT,risk_unit == 0 or non-finite,NQH19-CME,16202872,2019-02-07 16:02:55.027000+00:00,6908.0,{'stop_loss_price': 6908.0}
INVALID_RISK_UNIT,risk_unit == 0 or non-finite,NQH19-CME,16202873,2019-02-07 16:02:55.028000+00:00,6908.0,{'stop_loss_price': 6908.0}
INVALID_RISK_UNIT,risk_unit == 0 or non-finite,NQH19-CME,16202874,2019-02-07 16:02:55.029000+00:00,6908.0,{'stop_loss_price': 6908.0}
INVALID_RISK_UNIT,risk_unit == 0 or non-finite,NQH19-CME,16202876,2019-02-07 16:02:55.031000+00:00,6908.0,{'stop_loss_price': 6908.0}
INVALID_RISK_UNIT,risk_unit == 0 or non-finite,NQH19-CME,16209298,2019-02-07 16:06:54.006000+00:00,6913.75,{'stop_loss_price': 6913.75}
INVALID_RISK_UNIT,risk_unit == 0 or non-finite,NQH19-CME,16307315,2019-02-07 17:11:48.001000+00:00,6873.25,{'stop_loss_price': 6873.25}
INVALID_RISK_UNIT,risk_unit == 0 or non-finite,NQH19-CME,16307316,2019-02-07 17:11:48.002000+00:00,6873.25,{'stop_loss_price': 6873.25}
INVALID_RISK_UNIT,risk_unit == 0 or non-finite,NQH19-CME,16307317,2019-02-07 17:11:48.003000+00:00,6873.25,{'stop_loss_price': 6873.25}
INVALID_RISK_UNIT,risk_unit == 0 or non-finite,NQH19-CME,16307318,2019-02-07 17:11:48.004000+00:00,6873.25,{'stop_loss_price': 6873.25}
INVALID_RISK_UNIT,risk_unit == 0 or non-finite,NQH19-CME,16307319,2019-02-07 17:11:48.005000+00:00,6873.25,{'stop_loss_price': 6873.25}
INVALID_RISK_UNIT,risk_unit == 0 or non-finite,NQH19-CME,16332027,2019-02-07 17:42:18.004000+00:00,6875.5,{'stop_loss_price': 6875.5}
INVALID_RISK_UNIT,risk_unit == 0 or non-finite,NQH19-CME,16364805,2019-02-07 18:24:10.001000+00:00,6888.5,{'stop_loss_price': 6888.5}
INVALID_RISK_UNIT,risk_unit == 0 or non-finite,NQH19-CME,16364806,2019-02-07 18:24:10.002000+00:00,6888.5,{'stop_loss_price': 6888.5}
INVALID_RISK_UNIT,risk_unit == 0 or non-finite,NQH19-CME,16364807,2019-02-07 18:24:10.003000+00:00,6888.5,{'stop_loss_price': 6888.5}
INVALID_RISK_UNIT,risk_unit == 0 or non-finite,NQH19-CME,16367398,2019-02-07 18:27:39.003000+00:00,6889.75,{'stop_loss_price': 6889.75}
INVALID_RISK_UNIT,risk_unit == 0 or non-finite,NQH19-CME,16367399,2019-02-07 18:27:39.004000+00:00,6889.75,{'stop_loss_price': 6889.75}
INVALID_RISK_UNIT,risk_unit == 0 or non-finite,NQH19-CME,16367400,2019-02-07 18:27:39.005000+00:00,6889.75,{'stop_loss_price': 6889.75}
INVALID_RISK_UNIT,risk_unit == 0 or non-finite,NQH19-CME,16367401,2019-02-07 18:27:39.006000+00:00,6889.75,{'stop_loss_price': 6889.75}
INVALID_RISK_UNIT,risk_unit == 0 or non-finite,NQH19-CME,16398856,2019-02-07 19:10:58.010000+00:00,6880.25,{'stop_loss_price': 6880.25}
INVALID_RISK_UNIT,risk_unit == 0 or non-finite,NQH19-CME,16426235,2019-02-07 19:49:45.011000+00:00,6892.0,{'stop_loss_price': 6892.0}
INVALID_RISK_UNIT,risk_unit == 0 or non-finite,NQH19-CME,16426236,2019-02-07 19:49:45.012000+00:00,6892.0,{'stop_loss_price': 6892.0}
INVALID_RISK_UNIT,risk_unit == 0 or non-finite,NQH19-CME,16491911,2019-02-08 01:15:46.007000+00:00,6874.0,{'stop_loss_price': 6874.0}
INVALID_RISK_UNIT,risk_unit == 0 or non-finite,NQH19-CME,16491912,2019-02-08 01:15:46.008000+00:00,6874.0,{'stop_loss_price': 6874.0}
INVALID_RISK_UNIT,risk_unit == 0 or non-finite,NQH19-CME,16491913,2019-02-08 01:15:46.009000+00:00,6874.0,{'stop_loss_price': 6874.0}
INVALID_RISK_UNIT,risk_unit == 0 or non-finite,NQH19-CME,16496162,2019-02-08 02:03:09.002000+00:00,6866.25,{'stop_loss_price': 6866.25}
INVALID_RISK_UNIT,risk_unit == 0 or non-finite,NQH19-CME,16499946,2019-02-08 03:05:44+00:00,6878.25,{'stop_loss_price': 6878.25}
INVALID_RISK_UNIT,risk_unit == 0 or non-finite,NQH19-CME,16499947,2019-02-08 03:05:44.001000+00:00,6878.25,{'stop_loss_price': 6878.25}
INVALID_RISK_UNIT,risk_unit == 0 or non-finite,NQH19-CME,16499948,2019-02-08 03:05:44.002000+00:00,6878.25,{'stop_loss_price': 6878.25}
INVALID_RISK_UNIT,risk_unit == 0 or non-finite,NQH19-CME,16502669,2019-02-08 04:20:34+00:00,6870.75,{'stop_loss_price': 6870.75}
INVALID_RISK_UNIT,risk_unit == 0 or non-finite,NQH19-CME,16502670,2019-02-08 04:20:34.001000+00:00,6870.75,{'stop_loss_price': 6870.75}
INVALID_RISK_UNIT,risk_unit == 0 or non-finite,NQH19-CME,16502671,2019-02-08 04:20:57+00:00,6870.75,{'stop_loss_price': 6870.75}
INVALID_RISK_UNIT,risk_unit == 0 or non-finite,NQH19-CME,16502672,2019-02-08 04:20:57.001000+00:00,6870.75,{'stop_loss_price': 6870.75}
INVALID_RISK_UNIT,risk_unit == 0 or non-finite,NQH19-CME,16502673,2019-02-08 04:21:00+00:00,6870.75,{'stop_loss_price': 6870.75}
INVALID_RISK_UNIT,risk_unit == 0 or non-finite,NQH19-CME,16509958,2019-02-08 07:27:58+00:00,6872.0,{'stop_loss_price': 6872.0}
INVALID_RISK_UNIT,risk_unit == 0 or non-finite,NQH19-CME,16509959,2019-02-08 07:27:58.001000+00:00,6872.0,{'stop_loss_price': 6872.0}
INVALID_RISK_UNIT,risk_unit == 0 or non-finite,NQH19-CME,16509960,2019-02-08 07:27:58.002000+00:00,6872.0,{'stop_loss_price': 6872.0}
INVALID_RISK_UNIT,risk_unit == 0 or non-finite,NQH19-CME,16509961,2019-02-08 07:27:58.003000+00:00,6872.0,{'stop_loss_price': 6872.0}
INVALID_RISK_UNIT,risk_unit == 0 or non-finite,NQH19-CME,16509962,2019-02-08 07:28:00+00:00,6872.0,{'stop_loss_price': 6872.0}
INVALID_RISK_UNIT,risk_unit == 0 or non-finite,NQH19-CME,16513154,2019-02-08 08:04:35.001000+00:00,6868.0,{'stop_loss_price': 6868.0}
INVALID_RISK_UNIT,risk_unit == 0 or non-finite,NQH19-CME,16513155,2019-02-08 08:04:35.002000+00:00,6868.0,{'stop_loss_price': 6868.0}
INVALID_RISK_UNIT,risk_unit == 0 or non-finite,NQH19-CME,16513156,2019-02-08 08:04:35.003000+00:00,6868.0,{'stop_loss_price': 6868.0}
INVALID_RISK_UNIT,risk_unit == 0 or non-finite,NQH19-CME,16518769,2019-02-08 09:00:06+00:00,6876.25,{'stop_loss_price': 6876.25}
INVALID_RISK_UNIT,risk_unit == 0 or non-finite,NQH19-CME,16518770,2019-02-08 09:00:06.001000+00:00,6876.25,{'stop_loss_price': 6876.25}
INVALID_RISK_UNIT,risk_unit == 0 or non-finite,NQH19-CME,16518771,2019-02-08 09:00:06.002000+00:00,6876.25,{'stop_loss_price': 6876.25}
INVALID_RISK_UNIT,risk_unit == 0 or non-finite,NQH19-CME,16605694,2019-02-08 14:54:42.021000+00:00,6852.25,{'stop_loss_price': 6852.25}
INVALID_RISK_UNIT,risk_unit == 0 or non-finite,NQH19-CME,16605695,2019-02-08 14:54:42.022000+00:00,6852.25,{'stop_loss_price': 6852.25}
INVALID_RISK_UNIT,risk_unit == 0 or non-finite,NQH19-CME,16605698,2019-02-08 14:54:42.025000+00:00,6852.25,{'stop_loss_price': 6852.25}
INVALID_RISK_UNIT,risk_unit == 0 or non-finite,NQH19-CME,16605699,2019-02-08 14:54:42.026000+00:00,6852.25,{'stop_loss_price': 6852.25}
INVALID_RISK_UNIT,risk_unit == 0 or non-finite,NQH19-CME,16605700,2019-02-08 14:54:42.027000+00:00,6852.25,{'stop_loss_price': 6852.25}
INVALID_RISK_UNIT,risk_unit == 0 or non-finite,NQH19-CME,16605701,2019-02-08 14:54:42.028000+00:00,6852.25,{'stop_loss_price': 6852.25}
INVALID_RISK_UNIT,risk_unit == 0 or non-finite,NQH19-CME,16605702,2019-02-08 14:54:42.029000+00:00,6852.25,{'stop_loss_price': 6852.25}
INVALID_RISK_UNIT,risk_unit == 0 or non-finite,NQH19-CME,16620630,2019-02-08 15:04:00.026000+00:00,6849.75,{'stop_loss_price': 6849.75}
INVALID_RISK_UNIT,risk_unit == 0 or non-finite,NQH19-CME,16620631,2019-02-08 15:04:00.027000+00:00,6849.75,{'stop_loss_price': 6849.75}
INVALID_RISK_UNIT,risk_unit == 0 or non-finite,NQH19-CME,16620632,2019-02-08 15:04:00.028000+00:00,6849.75,{'stop_loss_price': 6849.75}
INVALID_RISK_UNIT,risk_unit == 0 or non-finite,NQH19-CME,16620633,2019-02-08 15:04:00.029000+00:00,6849.75,{'stop_loss_price': 6849.75}
INVALID_RISK_UNIT,risk_unit == 0 or non-finite,NQH19-CME,16620634,2019-02-08 15:04:00.030000+00:00,6849.75,{'stop_loss_price': 6849.75}
INVALID_RISK_UNIT,risk_unit == 0 or non-finite,NQH19-CME,16620635,2019-02-08 15:04:00.031000+00:00,6849.75,{'stop_loss_price': 6849.75}
INVALID_RISK_UNIT,risk_unit == 0 or non-finite,NQH19-CME,16620636,2019-02-08 15:04:00.032000+00:00,6849.75,{'stop_loss_price': 6849.75}
INVALID_RISK_UNIT,risk_unit == 0 or non-finite,NQH19-CME,16620637,2019-02-08 15:04:00.033000+00:00,6849.75,{'stop_loss_price': 6849.75}
INVALID_RISK_UNIT,risk_unit == 0 or non-finite,NQH19-CME,16620638,2019-02-08 15:04:00.034000+00:00,6849.75,{'stop_loss_price': 6849.75}
INVALID_RISK_UNIT,risk_unit == 0 or non-finite,NQH19-CME,16736385,2019-02-08 16:45:10.007000+00:00,6858.5,{'stop_loss_price': 6858.5}
INVALID_RISK_UNIT,risk_unit == 0 or non-finite,NQH19-CME,16770004,2019-02-08 17:26:05.008000+00:00,6865.0,{'stop_loss_price': 6865.0}
INVALID_RISK_UNIT,risk_unit == 0 or non-finite,NQH19-CME,16770005,2019-02-08 17:26:05.009000+00:00,6865.0,{'stop_loss_price': 6865.0}
INVALID_RISK_UNIT,risk_unit == 0 or non-finite,NQH19-CME,16770006,2019-02-08 17:26:05.010000+00:00,6865.0,{'stop_loss_price': 6865.0}
INVALID_RISK_UNIT,risk_unit == 0 or non-finite,NQH19-CME,16770007,2019-02-08 17:26:05.011000+00:00,6865.0,{'stop_loss_price': 6865.0}
INVALID_RISK_UNIT,risk_unit == 0 or non-finite,NQH19-CME,16770008,2019-02-08 17:26:05.012000+00:00,6865.0,{'stop_loss_price': 6865.0}
INVALID_RISK_UNIT,risk_unit == 0 or non-finite,NQH19-CME,16770009,2019-02-08 17:26:05.013000+00:00,6865.0,{'stop_loss_price': 6865.0}
INVALID_RISK_UNIT,risk_unit == 0 or non-finite,NQH19-CME,16770010,2019-02-08 17:26:05.014000+00:00,6865.0,{'stop_loss_price': 6865.0}
INVALID_RISK_UNIT,risk_unit == 0 or non-finite,NQH19-CME,16770011,2019-02-08 17:26:05.015000+00:00,6865.0,{'stop_loss_price': 6865.0}
INVALID_RISK_UNIT,risk_unit == 0 or non-finite,NQH19-CME,16770012,2019-02-08 17:26:05.016000+00:00,6865.0,{'stop_loss_price': 6865.0}
INVALID_RISK_UNIT,risk_unit == 0 or non-finite,NQH19-CME,16770013,2019-02-08 17:26:06+00:00,6865.0,{'stop_loss_price': 6865.0}
INVALID_RISK_UNIT,risk_unit == 0 or non-finite,NQH19-CME,16770014,2019-02-08 17:26:06.001000+00:00,6865.0,{'stop_loss_price': 6865.0}
INVALID_RISK_UNIT,risk_unit == 0 or non-finite,NQH19-CME,16770015,2019-02-08 17:26:06.002000+00:00,6865.0,{'stop_loss_price': 6865.0}
INVALID_RISK_UNIT,risk_unit == 0 or non-finite,NQH19-CME,16770016,2019-02-08 17:26:06.003000+00:00,6865.0,{'stop_loss_price': 6865.0}
INVALID_RISK_UNIT,risk_unit == 0 or non-finite,NQH19-CME,16802009,2019-02-08 18:34:17.004000+00:00,6881.5,{'stop_loss_price': 6881.5}
INVALID_RISK_UNIT,risk_unit == 0 or non-finite,NQH19-CME,16802010,2019-02-08 18:34:17.005000+00:00,6881.5,{'stop_loss_price': 6881.5}
INVALID_RISK_UNIT,risk_unit == 0 or non-finite,NQH19-CME,16802011,2019-02-08 18:34:17.006000+00:00,6881.5,{'stop_loss_price': 6881.5}
INVALID_RISK_UNIT,risk_unit == 0 or non-finite,NQH19-CME,16802012,2019-02-08 18:34:17.007000+00:00,6881.5,{'stop_loss_price': 6881.5}
INVALID_RISK_UNIT,risk_unit == 0 or non-finite,NQH19-CME,16802013,2019-02-08 18:34:17.008000+00:00,6881.5,{'stop_loss_price': 6881.5}
INVALID_RISK_UNIT,risk_unit == 0 or non-finite,NQH19-CME,16802014,2019-02-08 18:34:17.009000+00:00,6881.5,{'stop_loss_price': 6881.5}
INVALID_RISK_UNIT,risk_unit == 0 or non-finite,NQH19-CME,16802015,2019-02-08 18:34:17.010000+00:00,6881.5,{'stop_loss_price': 6881.5}
INVALID_RISK_UNIT,risk_unit == 0 or non-finite,NQH19-CME,16802016,2019-02-08 18:34:17.011000+00:00,6881.5,{'stop_loss_price': 6881.5}
INVALID_RISK_UNIT,risk_unit == 0 or non-finite,NQH19-CME,16802017,2019-02-08 18:34:17.012000+00:00,6881.5,{'stop_loss_price': 6881.5}
INVALID_RISK_UNIT,risk_unit == 0 or non-finite,NQH19-CME,16802018,2019-02-08 18:34:17.013000+00:00,6881.5,{'stop_loss_price': 6881.5}
INVALID_RISK_UNIT,risk_unit == 0 or non-finite,NQH19-CME,16802019,2019-02-08 18:34:17.014000+00:00,6881.5,{'stop_loss_price': 6881.5}
INVALID_RISK_UNIT,risk_unit == 0 or non-finite,NQH19-CME,16802020,2019-02-08 18:34:17.015000+00:00,6881.5,{'stop_loss_price': 6881.5}
INVALID_RISK_UNIT,risk_unit == 0 or non-finite,NQH19-CME,16802021,2019-02-08 18:34:17.016000+00:00,6881.5,{'stop_loss_price': 6881.5}
INVALID_RISK_UNIT,risk_unit == 0 or non-finite,NQH19-CME,16806307,2019-02-08 18:46:20.001000+00:00,6886.0,{'stop_loss_price': 6886.0}
INVALID_RISK_UNIT,risk_unit == 0 or non-finite,NQH19-CME,16890183,2019-02-11 01:02:22+00:00,6904.25,{'stop_loss_price': 6904.25}
INVALID_RISK_UNIT,risk_unit == 0 or non-finite,NQH19-CME,16890184,2019-02-11 01:02:22.001000+00:00,6904.25,{'stop_loss_price': 6904.25}
INVALID_RISK_UNIT,risk_unit == 0 or non-finite,NQH19-CME,16890185,2019-02-11 01:02:29+00:00,6904.25,{'stop_loss_price': 6904.25}
INVALID_RISK_UNIT,risk_unit == 0 or non-finite,NQH19-CME,16891646,2019-02-11 01:17:45.001000+00:00,6903.25,{'stop_loss_price': 6903.25}
INVALID_RISK_UNIT,risk_unit == 0 or non-finite,NQH19-CME,16896119,2019-02-11 02:51:17+00:00,6914.0,{'stop_loss_price': 6914.0}
INVALID_RISK_UNIT,risk_unit == 0 or non-finite,NQH19-CME,16923741,2019-02-11 10:03:54.004000+00:00,6953.25,{'stop_loss_price': 6953.25}
INVALID_RISK_UNIT,risk_unit == 0 or non-finite,NQH19-CME,16923742,2019-02-11 10:03:54.005000+00:00,6953.25,{'stop_loss_price': 6953.25}
INVALID_RISK_UNIT,risk_unit == 0 or non-finite,NQH19-CME,16923743,2019-02-11 10:03:54.006000+00:00,6953.25,{'stop_loss_price': 6953.25}
INVALID_RISK_UNIT,risk_unit == 0 or non-finite,NQH19-CME,16950348,2019-02-11 14:20:36+00:00,6944.25,{'stop_loss_price': 6944.25}
INVALID_RISK_UNIT,risk_unit == 0 or non-finite,NQH19-CME,16981100,2019-02-11 14:41:56.012000+00:00,6944.25,{'stop_loss_price': 6944.25}
INVALID_RISK_UNIT,risk_unit == 0 or non-finite,NQH19-CME,16981101,2019-02-11 14:41:56.013000+00:00,6944.25,{'stop_loss_price': 6944.25}
INVALID_RISK_UNIT,risk_unit == 0 or non-finite,NQH19-CME,17027170,2019-02-11 15:16:02.007000+00:00,6937.0,{'stop_loss_price': 6937.0}
INVALID_RISK_UNIT,risk_unit == 0 or non-finite,NQH19-CME,17059101,2019-02-11 15:51:14.002000+00:00,6936.25,{'stop_loss_price': 6936.25}
INVALID_RISK_UNIT,risk_unit == 0 or non-finite,NQH19-CME,17059102,2019-02-11 15:51:14.003000+00:00,6936.25,{'stop_loss_price': 6936.25}
INVALID_RISK_UNIT,risk_unit == 0 or non-finite,NQH19-CME,17059103,2019-02-11 15:51:14.004000+00:00,6936.25,{'stop_loss_price': 6936.25}
INVALID_RISK_UNIT,risk_unit == 0 or non-finite,NQH19-CME,17059105,2019-02-11 15:51:16+00:00,6936.25,{'stop_loss_price': 6936.25}
INVALID_RISK_UNIT,risk_unit == 0 or non-finite,NQH19-CME,17060472,2019-02-11 15:52:41.012000+00:00,6928.5,{'stop_loss_price': 6928.5}
INVALID_RISK_UNIT,risk_unit == 0 or non-finite,NQH19-CME,17116799,2019-02-11 17:14:50.020000+00:00,6927.5,{'stop_loss_price': 6927.5}
INVALID_RISK_UNIT,risk_unit == 0 or non-finite,NQH19-CME,17116800,2019-02-11 17:14:50.021000+00:00,6927.5,{'stop_loss_price': 6927.5}
INVALID_RISK_UNIT,risk_unit == 0 or non-finite,NQH19-CME,17116801,2019-02-11 17:14:50.022000+00:00,6927.5,{'stop_loss_price': 6927.5}
INVALID_RISK_UNIT,risk_unit == 0 or non-finite,NQH19-CME,17116802,2019-02-11 17:14:50.023000+00:00,6927.5,{'stop_loss_price': 6927.5}
INVALID_RISK_UNIT,risk_unit == 0 or non-finite,NQH19-CME,17116803,2019-02-11 17:14:50.024000+00:00,6927.5,{'stop_loss_price': 6927.5}
INVALID_RISK_UNIT,risk_unit == 0 or non-finite,NQH19-CME,17116804,2019-02-11 17:14:51+00:00,6927.5,{'stop_loss_price': 6927.5}
INVALID_RISK_UNIT,risk_unit == 0 or non-finite,NQH19-CME,17116805,2019-02-11 17:14:51.001000+00:00,6927.5,{'stop_loss_price': 6927.5}
INVALID_RISK_UNIT,risk_unit == 0 or non-finite,NQH19-CME,17116806,2019-02-11 17:14:51.002000+00:00,6927.5,{'stop_loss_price': 6927.5}
INVALID_RISK_UNIT,risk_unit == 0 or non-finite,NQH19-CME,17116808,2019-02-11 17:14:55+00:00,6927.5,{'stop_loss_price': 6927.5}
INVALID_RISK_UNIT,risk_unit == 0 or non-finite,NQH19-CME,17133232,2019-02-11 18:00:00+00:00,6929.0,{'stop_loss_price': 6929.0}
INVALID_RISK_UNIT,risk_unit == 0 or non-finite,NQH19-CME,17133233,2019-02-11 18:00:00.001000+00:00,6929.0,{'stop_loss_price': 6929.0}
INVALID_RISK_UNIT,risk_unit == 0 or non-finite,NQH19-CME,17133234,2019-02-11 18:00:00.002000+00:00,6929.0,{'stop_loss_price': 6929.0}
INVALID_RISK_UNIT,risk_unit == 0 or non-finite,NQH19-CME,17133235,2019-02-11 18:00:00.003000+00:00,6929.0,{'stop_loss_price': 6929.0}
INVALID_RISK_UNIT,risk_unit == 0 or non-finite,NQH19-CME,17133236,2019-02-11 18:00:00.004000+00:00,6929.0,{'stop_loss_price': 6929.0}
INVALID_RISK_UNIT,risk_unit == 0 or non-finite,NQH19-CME,17191278,2019-02-11 20:39:32.007000+00:00,6911.5,{'stop_loss_price': 6911.5}
INVALID_RISK_UNIT,risk_unit == 0 or non-finite,NQH19-CME,17191279,2019-02-11 20:39:32.008000+00:00,6911.5,{'stop_loss_price': 6911.5}
INVALID_RISK_UNIT,risk_unit == 0 or non-finite,NQH19-CME,17191280,2019-02-11 20:39:32.009000+00:00,6911.5,{'stop_loss_price': 6911.5}
INVALID_RISK_UNIT,risk_unit == 0 or non-finite,NQH19-CME,17191281,2019-02-11 20:39:32.010000+00:00,6911.5,{'stop_loss_price': 6911.5}
INVALID_RISK_UNIT,risk_unit == 0 or non-finite,NQH19-CME,17191282,2019-02-11 20:39:32.011000+00:00,6911.5,{'stop_loss_price': 6911.5}
INVALID_RISK_UNIT,risk_unit == 0 or non-finite,NQH19-CME,17191283,2019-02-11 20:39:32.012000+00:00,6911.5,{'stop_loss_price': 6911.5}
INVALID_RISK_UNIT,risk_unit == 0 or non-finite,NQH19-CME,17191284,2019-02-11 20:39:32.013000+00:00,6911.5,{'stop_loss_price': 6911.5}
INVALID_RISK_UNIT,risk_unit == 0 or non-finite,NQH19-CME,17191285,2019-02-11 20:39:32.014000+00:00,6911.5,{'stop_loss_price': 6911.5}
INVALID_RISK_UNIT,risk_unit == 0 or non-finite,NQH19-CME,17191286,2019-02-11 20:39:32.015000+00:00,6911.5,{'stop_loss_price': 6911.5}
INVALID_RISK_UNIT,risk_unit == 0 or non-finite,NQH19-CME,17191287,2019-02-11 20:39:32.016000+00:00,6911.5,{'stop_loss_price': 6911.5}
INVALID_RISK_UNIT,risk_unit == 0 or non-finite,NQH19-CME,17191288,2019-02-11 20:39:32.017000+00:00,6911.5,{'stop_loss_price': 6911.5}
INVALID_RISK_UNIT,risk_unit == 0 or non-finite,NQH19-CME,17191298,2019-02-11 20:39:33+00:00,6911.5,{'stop_loss_price': 6911.5}
INVALID_RISK_UNIT,risk_unit == 0 or non-finite,NQH19-CME,17191299,2019-02-11 20:39:33.001000+00:00,6911.5,{'stop_loss_price': 6911.5}
INVALID_RISK_UNIT,risk_unit == 0 or non-finite,NQH19-CME,17191300,2019-02-11 20:39:33.002000+00:00,6911.5,{'stop_loss_price': 6911.5}
INVALID_RISK_UNIT,risk_unit == 0 or non-finite,NQH19-CME,17191301,2019-02-11 20:39:33.003000+00:00,6911.5,{'stop_loss_price': 6911.5}
INVALID_RISK_UNIT,risk_unit == 0 or non-finite,NQH19-CME,17191302,2019-02-11 20:39:33.004000+00:00,6911.5,{'stop_loss_price': 6911.5}
INVALID_RISK_UNIT,risk_unit == 0 or non-finite,NQH19-CME,17191303,2019-02-11 20:39:33.005000+00:00,6911.5,{'stop_loss_price': 6911.5}
INVALID_RISK_UNIT,risk_unit == 0 or non-finite,NQH19-CME,17191315,2019-02-11 20:39:33.017000+00:00,6911.5,{'stop_loss_price': 6911.5}
INVALID_RISK_UNIT,risk_unit == 0 or non-finite,NQH19-CME,17191316,2019-02-11 20:39:33.018000+00:00,6911.5,{'stop_loss_price': 6911.5}
INVALID_RISK_UNIT,risk_unit == 0 or non-finite,NQH19-CME,17191317,2019-02-11 20:39:33.019000+00:00,6911.5,{'stop_loss_price': 6911.5}
INVALID_RISK_UNIT,risk_unit == 0 or non-finite,NQH19-CME,17232410,2019-02-12 04:08:16.002000+00:00,6960.25,{'stop_loss_price': 6960.25}
INVALID_RISK_UNIT,risk_unit == 0 or non-finite,NQH19-CME,17249457,2019-02-12 09:12:16+00:00,6962.75,{'stop_loss_price': 6962.75}
INVALID_RISK_UNIT,risk_unit == 0 or non-finite,NQH19-CME,17249458,2019-02-12 09:12:16.001000+00:00,6962.75,{'stop_loss_price': 6962.75}
INVALID_RISK_UNIT,risk_unit == 0 or non-finite,NQH19-CME,17249459,2019-02-12 09:12:16.002000+00:00,6962.75,{'stop_loss_price': 6962.75}
INVALID_RISK_UNIT,risk_unit == 0 or non-finite,NQH19-CME,17249460,2019-02-12 09:12:16.003000+00:00,6962.75,{'stop_loss_price': 6962.75}
INVALID_RISK_UNIT,risk_unit == 0 or non-finite,NQH19-CME,17249462,2019-02-12 09:12:17.001000+00:00,6962.75,{'stop_loss_price': 6962.75}
INVALID_RISK_UNIT,risk_unit == 0 or non-finite,NQH19-CME,17303731,2019-02-12 14:41:24+00:00,6976.25,{'stop_loss_price': 6976.25}
INVALID_RISK_UNIT,risk_unit == 0 or non-finite,NQH19-CME,17303732,2019-02-12 14:41:24.001000+00:00,6976.25,{'stop_loss_price': 6976.25}
INVALID_RISK_UNIT,risk_unit == 0 or non-finite,NQH19-CME,17303733,2019-02-12 14:41:24.002000+00:00,6976.25,{'stop_loss_price': 6976.25}
INVALID_RISK_UNIT,risk_unit == 0 or non-finite,NQH19-CME,17303734,2019-02-12 14:41:24.003000+00:00,6976.25,{'stop_loss_price': 6976.25}
INVALID_RISK_UNIT,risk_unit == 0 or non-finite,NQH19-CME,17303735,2019-02-12 14:41:24.004000+00:00,6976.25,{'stop_loss_price': 6976.25}
INVALID_RISK_UNIT,risk_unit == 0 or non-finite,NQH19-CME,17527068,2019-02-13 06:40:31+00:00,7062.25,{'stop_loss_price': 7062.25}
INVALID_RISK_UNIT,risk_unit == 0 or non-finite,NQH19-CME,17527069,2019-02-13 06:40:41+00:00,7062.25,{'stop_loss_price': 7062.25}
INVALID_RISK_UNIT,risk_unit == 0 or non-finite,NQH19-CME,17527151,2019-02-13 06:43:43.004000+00:00,7061.5,{'stop_loss_price': 7061.5}
INVALID_RISK_UNIT,risk_unit == 0 or non-finite,NQH19-CME,17527152,2019-02-13 06:43:43.005000+00:00,7061.5,{'stop_loss_price': 7061.5}
INVALID_RISK_UNIT,risk_unit == 0 or non-finite,NQH19-CME,17527153,2019-02-13 06:43:43.006000+00:00,7061.5,{'stop_loss_price': 7061.5}
INVALID_RISK_UNIT,risk_unit == 0 or non-finite,NQH19-CME,17527154,2019-02-13 06:43:43.007000+00:00,7061.5,{'stop_loss_price': 7061.5}
INVALID_RISK_UNIT,risk_unit == 0 or non-finite,NQH19-CME,17527155,2019-02-13 06:43:43.008000+00:00,7061.5,{'stop_loss_price': 7061.5}
INVALID_RISK_UNIT,risk_unit == 0 or non-finite,NQH19-CME,17527156,2019-02-13 06:43:43.009000+00:00,7061.5,{'stop_loss_price': 7061.5}
INVALID_RISK_UNIT,risk_unit == 0 or non-finite,NQH19-CME,17575088,2019-02-13 14:32:33.010000+00:00,7046.5,{'stop_loss_price': 7046.5}
INVALID_RISK_UNIT,risk_unit == 0 or non-finite,NQH19-CME,17575089,2019-02-13 14:32:33.011000+00:00,7046.5,{'stop_loss_price': 7046.5}
INVALID_RISK_UNIT,risk_unit == 0 or non-finite,NQH19-CME,17575090,2019-02-13 14:32:33.012000+00:00,7046.5,{'stop_loss_price': 7046.5}
INVALID_RISK_UNIT,risk_unit == 0 or non-finite,NQH19-CME,17575091,2019-02-13 14:32:33.013000+00:00,7046.5,{'stop_loss_price': 7046.5}
INVALID_RISK_UNIT,risk_unit == 0 or non-finite,NQH19-CME,17575092,2019-02-13 14:32:33.014000+00:00,7046.5,{'stop_loss_price': 7046.5}
INVALID_RISK_UNIT,risk_unit == 0 or non-finite,NQH19-CME,17575093,2019-02-13 14:32:33.015000+00:00,7046.5,{'stop_loss_price': 7046.5}
INVALID_RISK_UNIT,risk_unit == 0 or non-finite,NQH19-CME,17575094,2019-02-13 14:32:33.016000+00:00,7046.5,{'stop_loss_price': 7046.5}
INVALID_RISK_UNIT,risk_unit == 0 or non-finite,NQH19-CME,17575095,2019-02-13 14:32:33.017000+00:00,7046.5,{'stop_loss_price': 7046.5}
INVALID_RISK_UNIT,risk_unit == 0 or non-finite,NQH19-CME,17575096,2019-02-13 14:32:33.018000+00:00,7046.5,{'stop_loss_price': 7046.5}
INVALID_RISK_UNIT,risk_unit == 0 or non-finite,NQH19-CME,17575097,2019-02-13 14:32:33.019000+00:00,7046.5,{'stop_loss_price': 7046.5}
INVALID_RISK_UNIT,risk_unit == 0 or non-finite,NQH19-CME,17585308,2019-02-13 14:36:45.010000+00:00,7056.5,{'stop_loss_price': 7056.5}
INVALID_RISK_UNIT,risk_unit == 0 or non-finite,NQH19-CME,17599305,2019-02-13 14:44:26.003000+00:00,7052.5,{'stop_loss_price': 7052.5}
INVALID_RISK_UNIT,risk_unit == 0 or non-finite,NQH19-CME,17747433,2019-02-13 18:59:36.025000+00:00,7038.75,{'stop_loss_price': 7038.75}
INVALID_RISK_UNIT,risk_unit == 0 or non-finite,NQH19-CME,17747434,2019-02-13 18:59:36.026000+00:00,7038.75,{'stop_loss_price': 7038.75}
INVALID_RISK_UNIT,risk_unit == 0 or non-finite,NQH19-CME,17747435,2019-02-13 18:59:36.027000+00:00,7038.75,{'stop_loss_price': 7038.75}
INVALID_RISK_UNIT,risk_unit == 0 or non-finite,NQH19-CME,17747436,2019-02-13 18:59:36.028000+00:00,7038.75,{'stop_loss_price': 7038.75}
INVALID_RISK_UNIT,risk_unit == 0 or non-finite,NQH19-CME,17747437,2019-02-13 18:59:36.029000+00:00,7038.75,{'stop_loss_price': 7038.75}
INVALID_RISK_UNIT,risk_unit == 0 or non-finite,NQH19-CME,17747438,2019-02-13 18:59:36.030000+00:00,7038.75,{'stop_loss_price': 7038.75}
INVALID_RISK_UNIT,risk_unit == 0 or non-finite,NQH19-CME,17747440,2019-02-13 18:59:38.001000+00:00,7038.75,{'stop_loss_price': 7038.75}
INVALID_RISK_UNIT,risk_unit == 0 or non-finite,NQH19-CME,17841834,2019-02-14 09:00:45+00:00,7043.25,{'stop_loss_price': 7043.25}
INVALID_RISK_UNIT,risk_unit == 0 or non-finite,NQH19-CME,17843700,2019-02-14 09:24:11+00:00,7047.5,{'stop_loss_price': 7047.5}
INVALID_RISK_UNIT,risk_unit == 0 or non-finite,NQH19-CME,17860244,2019-02-14 13:30:06.008000+00:00,7047.25,{'stop_loss_price': 7047.25}
INVALID_RISK_UNIT,risk_unit == 0 or non-finite,NQH19-CME,17907259,2019-02-14 14:32:56.018000+00:00,6983.0,{'stop_loss_price': 6983.0}
INVALID_RISK_UNIT,risk_unit == 0 or non-finite,NQH19-CME,17916616,2019-02-14 14:36:46.036000+00:00,6996.5,{'stop_loss_price': 6996.5}
INVALID_RISK_UNIT,risk_unit == 0 or non-finite,NQH19-CME,17917715,2019-02-14 14:37:05.036000+00:00,6991.75,{'stop_loss_price': 6991.75}
INVALID_RISK_UNIT,risk_unit == 0 or non-finite,NQH19-CME,17917716,2019-02-14 14:37:05.037000+00:00,6991.75,{'stop_loss_price': 6991.75}
INVALID_RISK_UNIT,risk_unit == 0 or non-finite,NQH19-CME,17917717,2019-02-14 14:37:05.038000+00:00,6991.75,{'stop_loss_price': 6991.75}
INVALID_RISK_UNIT,risk_unit == 0 or non-finite,NQH19-CME,17917718,2019-02-14 14:37:05.039000+00:00,6991.75,{'stop_loss_price': 6991.75}
INVALID_RISK_UNIT,risk_unit == 0 or non-finite,NQH19-CME,17917719,2019-02-14 14:37:05.040000+00:00,6991.75,{'stop_loss_price': 6991.75}
INVALID_RISK_UNIT,risk_unit == 0 or non-finite,NQH19-CME,17917720,2019-02-14 14:37:05.041000+00:00,6991.75,{'stop_loss_price': 6991.75}
INVALID_RISK_UNIT,risk_unit == 0 or non-finite,NQH19-CME,17917721,2019-02-14 14:37:05.042000+00:00,6991.75,{'stop_loss_price': 6991.75}
INVALID_RISK_UNIT,risk_unit == 0 or non-finite,NQH19-CME,17917722,2019-02-14 14:37:05.043000+00:00,6991.75,{'stop_loss_price': 6991.75}
INVALID_RISK_UNIT,risk_unit == 0 or non-finite,NQH19-CME,17917723,2019-02-14 14:37:05.044000+00:00,6991.75,{'stop_loss_price': 6991.75}
INVALID_RISK_UNIT,risk_unit == 0 or non-finite,NQH19-CME,18053223,2019-02-14 16:05:16.025000+00:00,6998.75,{'stop_loss_price': 6998.75}
INVALID_RISK_UNIT,risk_unit == 0 or non-finite,NQH19-CME,18053224,2019-02-14 16:05:16.026000+00:00,6998.75,{'stop_loss_price': 6998.75}
INVALID_RISK_UNIT,risk_unit == 0 or non-finite,NQH19-CME,18053225,2019-02-14 16:05:16.027000+00:00,6998.75,{'stop_loss_price': 6998.75}
INVALID_RISK_UNIT,risk_unit == 0 or non-finite,NQH19-CME,18053226,2019-02-14 16:05:16.028000+00:00,6998.75,{'stop_loss_price': 6998.75}
INVALID_RISK_UNIT,risk_unit == 0 or non-finite,NQH19-CME,18053227,2019-02-14 16:05:16.029000+00:00,6998.75,{'stop_loss_price': 6998.75}
INVALID_RISK_UNIT,risk_unit == 0 or non-finite,NQH19-CME,18053228,2019-02-14 16:05:16.030000+00:00,6998.75,{'stop_loss_price': 6998.75}
INVALID_RISK_UNIT,risk_unit == 0 or non-finite,NQH19-CME,18053229,2019-02-14 16:05:16.031000+00:00,6998.75,{'stop_loss_price': 6998.75}
INVALID_RISK_UNIT,risk_unit == 0 or non-finite,NQH19-CME,18101652,2019-02-14 17:14:54.051000+00:00,7028.75,{'stop_loss_price': 7028.75}
INVALID_RISK_UNIT,risk_unit == 0 or non-finite,NQH19-CME,18101653,2019-02-14 17:14:54.052000+00:00,7028.75,{'stop_loss_price': 7028.75}
INVALID_RISK_UNIT,risk_unit == 0 or non-finite,NQH19-CME,18101654,2019-02-14 17:14:54.053000+00:00,7028.75,{'stop_loss_price': 7028.75}
INVALID_RISK_UNIT,risk_unit == 0 or non-finite,NQH19-CME,18101655,2019-02-14 17:14:54.054000+00:00,7028.75,{'stop_loss_price': 7028.75}
INVALID_RISK_UNIT,risk_unit == 0 or non-finite,NQH19-CME,18101656,2019-02-14 17:14:54.055000+00:00,7028.75,{'stop_loss_price': 7028.75}
INVALID_RISK_UNIT,risk_unit == 0 or non-finite,NQH19-CME,18101658,2019-02-14 17:14:54.057000+00:00,7028.75,{'stop_loss_price': 7028.75}
INVALID_RISK_UNIT,risk_unit == 0 or non-finite,NQH19-CME,18139682,2019-02-14 18:29:41.002000+00:00,7042.25,{'stop_loss_price': 7042.25}
INVALID_RISK_UNIT,risk_unit == 0 or non-finite,NQH19-CME,18144058,2019-02-14 18:42:29.055000+00:00,7042.0,{'stop_loss_price': 7042.0}
INVALID_RISK_UNIT,risk_unit == 0 or non-finite,NQH19-CME,18144059,2019-02-14 18:42:29.056000+00:00,7042.0,{'stop_loss_price': 7042.0}
INVALID_RISK_UNIT,risk_unit == 0 or non-finite,NQH19-CME,18144060,2019-02-14 18:42:29.057000+00:00,7042.0,{'stop_loss_price': 7042.0}
INVALID_RISK_UNIT,risk_unit == 0 or non-finite,NQH19-CME,18144061,2019-02-14 18:42:29.058000+00:00,7042.0,{'stop_loss_price': 7042.0}
INVALID_RISK_UNIT,risk_unit == 0 or non-finite,NQH19-CME,18144062,2019-02-14 18:42:30+00:00,7042.0,{'stop_loss_price': 7042.0}
INVALID_RISK_UNIT,risk_unit == 0 or non-finite,NQH19-CME,18144063,2019-02-14 18:42:30.001000+00:00,7042.0,{'stop_loss_price': 7042.0}
INVALID_RISK_UNIT,risk_unit == 0 or non-finite,NQH19-CME,18144064,2019-02-14 18:42:30.002000+00:00,7042.0,{'stop_loss_price': 7042.0}
INVALID_RISK_UNIT,risk_unit == 0 or non-finite,NQH19-CME,18144065,2019-02-14 18:42:30.003000+00:00,7042.0,{'stop_loss_price': 7042.0}
INVALID_RISK_UNIT,risk_unit == 0 or non-finite,NQH19-CME,18144066,2019-02-14 18:42:30.004000+00:00,7042.0,{'stop_loss_price': 7042.0}
INVALID_RISK_UNIT,risk_unit == 0 or non-finite,NQH19-CME,18144067,2019-02-14 18:42:30.005000+00:00,7042.0,{'stop_loss_price': 7042.0}
INVALID_RISK_UNIT,risk_unit == 0 or non-finite,NQH19-CME,18144068,2019-02-14 18:42:30.006000+00:00,7042.0,{'stop_loss_price': 7042.0}
INVALID_RISK_UNIT,risk_unit == 0 or non-finite,NQH19-CME,18144072,2019-02-14 18:42:31+00:00,7042.0,{'stop_loss_price': 7042.0}
INVALID_RISK_UNIT,risk_unit == 0 or non-finite,NQH19-CME,18144073,2019-02-14 18:42:31.001000+00:00,7042.0,{'stop_loss_price': 7042.0}
INVALID_RISK_UNIT,risk_unit == 0 or non-finite,NQH19-CME,18238837,2019-02-15 01:57:14.002000+00:00,7008.5,{'stop_loss_price': 7008.5}
INVALID_RISK_UNIT,risk_unit == 0 or non-finite,NQH19-CME,18242708,2019-02-15 02:53:54+00:00,6992.25,{'stop_loss_price': 6992.25}
INVALID_RISK_UNIT,risk_unit == 0 or non-finite,NQH19-CME,18247594,2019-02-15 05:25:16+00:00,6984.0,{'stop_loss_price': 6984.0}
INVALID_RISK_UNIT,risk_unit == 0 or non-finite,NQH19-CME,18247595,2019-02-15 05:25:16.001000+00:00,6984.0,{'stop_loss_price': 6984.0}
INVALID_RISK_UNIT,risk_unit == 0 or non-finite,NQH19-CME,18419926,2019-02-15 15:29:45.022000+00:00,7058.75,{'stop_loss_price': 7058.75}
INVALID_RISK_UNIT,risk_unit == 0 or non-finite,NQH19-CME,18421852,2019-02-15 15:31:52.002000+00:00,7061.0,{'stop_loss_price': 7061.0}
INVALID_RISK_UNIT,risk_unit == 0 or non-finite,NQH19-CME,18421853,2019-02-15 15:31:52.003000+00:00,7061.0,{'stop_loss_price': 7061.0}
INVALID_RISK_UNIT,risk_unit == 0 or non-finite,NQH19-CME,18421854,2019-02-15 15:31:52.004000+00:00,7061.0,{'stop_loss_price': 7061.0}
INVALID_RISK_UNIT,risk_unit == 0 or non-finite,NQH19-CME,18421855,2019-02-15 15:31:52.005000+00:00,7061.0,{'stop_loss_price': 7061.0}
INVALID_RISK_UNIT,risk_unit == 0 or non-finite,NQH19-CME,18421856,2019-02-15 15:31:52.006000+00:00,7061.0,{'stop_loss_price': 7061.0}
INVALID_RISK_UNIT,risk_unit == 0 or non-finite,NQH19-CME,18421857,2019-02-15 15:31:52.007000+00:00,7061.0,{'stop_loss_price': 7061.0}
INVALID_RISK_UNIT,risk_unit == 0 or non-finite,NQH19-CME,18421860,2019-02-15 15:31:52.010000+00:00,7061.0,{'stop_loss_price': 7061.0}
INVALID_RISK_UNIT,risk_unit == 0 or non-finite,NQH19-CME,18421861,2019-02-15 15:31:52.011000+00:00,7061.0,{'stop_loss_price': 7061.0}
INVALID_RISK_UNIT,risk_unit == 0 or non-finite,NQH19-CME,18421862,2019-02-15 15:31:52.012000+00:00,7061.0,{'stop_loss_price': 7061.0}
INVALID_RISK_UNIT,risk_unit == 0 or non-finite,NQH19-CME,18421863,2019-02-15 15:31:52.013000+00:00,7061.0,{'stop_loss_price': 7061.0}
INVALID_RISK_UNIT,risk_unit == 0 or non-finite,NQH19-CME,18421864,2019-02-15 15:31:52.014000+00:00,7061.0,{'stop_loss_price': 7061.0}
INVALID_RISK_UNIT,risk_unit == 0 or non-finite,NQH19-CME,18442662,2019-02-15 15:50:57.032000+00:00,7052.25,{'stop_loss_price': 7052.25}
INVALID_RISK_UNIT,risk_unit == 0 or non-finite,NQH19-CME,18486070,2019-02-15 16:48:26+00:00,7033.5,{'stop_loss_price': 7033.5}
INVALID_RISK_UNIT,risk_unit == 0 or non-finite,NQH19-CME,18486071,2019-02-15 16:48:26.001000+00:00,7033.5,{'stop_loss_price': 7033.5}
INVALID_RISK_UNIT,risk_unit == 0 or non-finite,NQH19-CME,18486072,2019-02-15 16:48:26.002000+00:00,7033.5,{'stop_loss_price': 7033.5}
INVALID_RISK_UNIT,risk_unit == 0 or non-finite,NQH19-CME,18486073,2019-02-15 16:48:26.003000+00:00,7033.5,{'stop_loss_price': 7033.5}
INVALID_RISK_UNIT,risk_unit == 0 or non-finite,NQH19-CME,18515926,2019-02-15 18:05:53+00:00,7037.5,{'stop_loss_price': 7037.5}
INVALID_RISK_UNIT,risk_unit == 0 or non-finite,NQH19-CME,18515927,2019-02-15 18:05:53.001000+00:00,7037.5,{'stop_loss_price': 7037.5}
INVALID_RISK_UNIT,risk_unit == 0 or non-finite,NQH19-CME,18515928,2019-02-15 18:05:53.002000+00:00,7037.5,{'stop_loss_price': 7037.5}
INVALID_RISK_UNIT,risk_unit == 0 or non-finite,NQH19-CME,18515929,2019-02-15 18:05:53.003000+00:00,7037.5,{'stop_loss_price': 7037.5}
INVALID_RISK_UNIT,risk_unit == 0 or non-finite,NQH19-CME,18515930,2019-02-15 18:05:53.004000+00:00,7037.5,{'stop_loss_price': 7037.5}
INVALID_RISK_UNIT,risk_unit == 0 or non-finite,NQH19-CME,18515931,2019-02-15 18:05:53.005000+00:00,7037.5,{'stop_loss_price': 7037.5}
INVALID_RISK_UNIT,risk_unit == 0 or non-finite,NQH19-CME,18515932,2019-02-15 18:05:53.006000+00:00,7037.5,{'stop_loss_price': 7037.5}
INVALID_RISK_UNIT,risk_unit == 0 or non-finite,NQH19-CME,18515933,2019-02-15 18:05:53.007000+00:00,7037.5,{'stop_loss_price': 7037.5}
INVALID_RISK_UNIT,risk_unit == 0 or non-finite,NQH19-CME,18515934,2019-02-15 18:05:53.008000+00:00,7037.5,{'stop_loss_price': 7037.5}
INVALID_RISK_UNIT,risk_unit == 0 or non-finite,NQH19-CME,18515935,2019-02-15 18:05:54+00:00,7037.5,{'stop_loss_price': 7037.5}
INVALID_RISK_UNIT,risk_unit == 0 or non-finite,NQH19-CME,18515936,2019-02-15 18:05:55+00:00,7037.5,{'stop_loss_price': 7037.5}
INVALID_RISK_UNIT,risk_unit == 0 or non-finite,NQH19-CME,18515937,2019-02-15 18:05:56+00:00,7037.5,{'stop_loss_price': 7037.5}
INVALID_RISK_UNIT,risk_unit == 0 or non-finite,NQH19-CME,18515938,2019-02-15 18:05:56.001000+00:00,7037.5,{'stop_loss_price': 7037.5}
INVALID_RISK_UNIT,risk_unit == 0 or non-finite,NQH19-CME,18578003,2019-02-15 21:02:01+00:00,7063.0,{'stop_loss_price': 7063.0}
INVALID_RISK_UNIT,risk_unit == 0 or non-finite,NQH19-CME,18587379,2019-02-18 00:16:04+00:00,7060.75,{'stop_loss_price': 7060.75}
INVALID_RISK_UNIT,risk_unit == 0 or non-finite,NQH19-CME,18618428,2019-02-18 10:48:45.014000+00:00,7063.25,{'stop_loss_price': 7063.25}
INVALID_RISK_UNIT,risk_unit == 0 or non-finite,NQH19-CME,18618429,2019-02-18 10:48:45.015000+00:00,7063.25,{'stop_loss_price': 7063.25}
INVALID_RISK_UNIT,risk_unit == 0 or non-finite,NQH19-CME,18618430,2019-02-18 10:48:45.016000+00:00,7063.25,{'stop_loss_price': 7063.25}
INVALID_RISK_UNIT,risk_unit == 0 or non-finite,NQH19-CME,18618431,2019-02-18 10:48:46+00:00,7063.25,{'stop_loss_price': 7063.25}
INVALID_RISK_UNIT,risk_unit == 0 or non-finite,NQH19-CME,18618435,2019-02-18 10:48:49+00:00,7063.25,{'stop_loss_price': 7063.25}
INVALID_RISK_UNIT,risk_unit == 0 or non-finite,NQH19-CME,18618436,2019-02-18 10:48:49.001000+00:00,7063.25,{'stop_loss_price': 7063.25}
INVALID_RISK_UNIT,risk_unit == 0 or non-finite,NQH19-CME,18685651,2019-02-19 11:31:32.023000+00:00,7045.0,{'stop_loss_price': 7045.0}
INVALID_RISK_UNIT,risk_unit == 0 or non-finite,NQH19-CME,18685652,2019-02-19 11:31:32.024000+00:00,7045.0,{'stop_loss_price': 7045.0}
INVALID_RISK_UNIT,risk_unit == 0 or non-finite,NQH19-CME,18685653,2019-02-19 11:31:32.025000+00:00,7045.0,{'stop_loss_price': 7045.0}
INVALID_RISK_UNIT,risk_unit == 0 or non-finite,NQH19-CME,18685654,2019-02-19 11:31:32.026000+00:00,7045.0,{'stop_loss_price': 7045.0}
INVALID_RISK_UNIT,risk_unit == 0 or non-finite,NQH19-CME,18685655,2019-02-19 11:31:32.027000+00:00,7045.0,{'stop_loss_price': 7045.0}
INVALID_RISK_UNIT,risk_unit == 0 or non-finite,NQH19-CME,18741410,2019-02-19 14:53:59.169000+00:00,7069.25,{'stop_loss_price': 7069.25}
INVALID_RISK_UNIT,risk_unit == 0 or non-finite,NQH19-CME,18741411,2019-02-19 14:53:59.170000+00:00,7069.25,{'stop_loss_price': 7069.25}
INVALID_RISK_UNIT,risk_unit == 0 or non-finite,NQH19-CME,18741412,2019-02-19 14:53:59.171000+00:00,7069.25,{'stop_loss_price': 7069.25}
INVALID_RISK_UNIT,risk_unit == 0 or non-finite,NQH19-CME,18741413,2019-02-19 14:53:59.172000+00:00,7069.25,{'stop_loss_price': 7069.25}
INVALID_RISK_UNIT,risk_unit == 0 or non-finite,NQH19-CME,18741414,2019-02-19 14:53:59.173000+00:00,7069.25,{'stop_loss_price': 7069.25}
INVALID_RISK_UNIT,risk_unit == 0 or non-finite,NQH19-CME,18741415,2019-02-19 14:53:59.174000+00:00,7069.25,{'stop_loss_price': 7069.25}
INVALID_RISK_UNIT,risk_unit == 0 or non-finite,NQH19-CME,18741419,2019-02-19 14:53:59.178000+00:00,7069.25,{'stop_loss_price': 7069.25}
INVALID_RISK_UNIT,risk_unit == 0 or non-finite,NQH19-CME,18741420,2019-02-19 14:53:59.179000+00:00,7069.25,{'stop_loss_price': 7069.25}
INVALID_RISK_UNIT,risk_unit == 0 or non-finite,NQH19-CME,18741421,2019-02-19 14:53:59.180000+00:00,7069.25,{'stop_loss_price': 7069.25}
INVALID_RISK_UNIT,risk_unit == 0 or non-finite,NQH19-CME,18741422,2019-02-19 14:53:59.181000+00:00,7069.25,{'stop_loss_price': 7069.25}
INVALID_RISK_UNIT,risk_unit == 0 or non-finite,NQH19-CME,18741423,2019-02-19 14:53:59.182000+00:00,7069.25,{'stop_loss_price': 7069.25}
INVALID_RISK_UNIT,risk_unit == 0 or non-finite,NQH19-CME,18741424,2019-02-19 14:53:59.183000+00:00,7069.25,{'stop_loss_price': 7069.25}
INVALID_RISK_UNIT,risk_unit == 0 or non-finite,NQH19-CME,18741425,2019-02-19 14:53:59.184000+00:00,7069.25,{'stop_loss_price': 7069.25}
INVALID_RISK_UNIT,risk_unit == 0 or non-finite,NQH19-CME,18741426,2019-02-19 14:53:59.185000+00:00,7069.25,{'stop_loss_price': 7069.25}
INVALID_RISK_UNIT,risk_unit == 0 or non-finite,NQH19-CME,18741427,2019-02-19 14:53:59.186000+00:00,7069.25,{'stop_loss_price': 7069.25}
INVALID_RISK_UNIT,risk_unit == 0 or non-finite,NQH19-CME,18741428,2019-02-19 14:53:59.187000+00:00,7069.25,{'stop_loss_price': 7069.25}
INVALID_RISK_UNIT,risk_unit == 0 or non-finite,NQH19-CME,18741429,2019-02-19 14:53:59.188000+00:00,7069.25,{'stop_loss_price': 7069.25}
INVALID_RISK_UNIT,risk_unit == 0 or non-finite,NQH19-CME,18741430,2019-02-19 14:53:59.189000+00:00,7069.25,{'stop_loss_price': 7069.25}
INVALID_RISK_UNIT,risk_unit == 0 or non-finite,NQH19-CME,18741431,2019-02-19 14:53:59.190000+00:00,7069.25,{'stop_loss_price': 7069.25}
INVALID_RISK_UNIT,risk_unit == 0 or non-finite,NQH19-CME,18741432,2019-02-19 14:53:59.191000+00:00,7069.25,{'stop_loss_price': 7069.25}
INVALID_RISK_UNIT,risk_unit == 0 or non-finite,NQH19-CME,18741433,2019-02-19 14:53:59.192000+00:00,7069.25,{'stop_loss_price': 7069.25}
INVALID_RISK_UNIT,risk_unit == 0 or non-finite,NQH19-CME,18772900,2019-02-19 15:36:42+00:00,7066.25,{'stop_loss_price': 7066.25}
INVALID_RISK_UNIT,risk_unit == 0 or non-finite,NQH19-CME,18772901,2019-02-19 15:36:42.001000+00:00,7066.25,{'stop_loss_price': 7066.25}
INVALID_RISK_UNIT,risk_unit == 0 or non-finite,NQH19-CME,18772902,2019-02-19 15:36:42.002000+00:00,7066.25,{'stop_loss_price': 7066.25}
INVALID_RISK_UNIT,risk_unit == 0 or non-finite,NQH19-CME,18772903,2019-02-19 15:36:42.003000+00:00,7066.25,{'stop_loss_price': 7066.25}
INVALID_RISK_UNIT,risk_unit == 0 or non-finite,NQH19-CME,18772904,2019-02-19 15:36:42.004000+00:00,7066.25,{'stop_loss_price': 7066.25}
INVALID_RISK_UNIT,risk_unit == 0 or non-finite,NQH19-CME,18772905,2019-02-19 15:36:42.005000+00:00,7066.25,{'stop_loss_price': 7066.25}
INVALID_RISK_UNIT,risk_unit == 0 or non-finite,NQH19-CME,18772906,2019-02-19 15:36:42.006000+00:00,7066.25,{'stop_loss_price': 7066.25}
INVALID_RISK_UNIT,risk_unit == 0 or non-finite,NQH19-CME,18772907,2019-02-19 15:36:42.007000+00:00,7066.25,{'stop_loss_price': 7066.25}
INVALID_RISK_UNIT,risk_unit == 0 or non-finite,NQH19-CME,18772908,2019-02-19 15:36:42.008000+00:00,7066.25,{'stop_loss_price': 7066.25}
INVALID_RISK_UNIT,risk_unit == 0 or non-finite,NQH19-CME,18772909,2019-02-19 15:36:42.009000+00:00,7066.25,{'stop_loss_price': 7066.25}
INVALID_RISK_UNIT,risk_unit == 0 or non-finite,NQH19-CME,18772910,2019-02-19 15:36:42.010000+00:00,7066.25,{'stop_loss_price': 7066.25}
INVALID_RISK_UNIT,risk_unit == 0 or non-finite,NQH19-CME,18772911,2019-02-19 15:36:42.011000+00:00,7066.25,{'stop_loss_price': 7066.25}
INVALID_RISK_UNIT,risk_unit == 0 or non-finite,NQH19-CME,18772912,2019-02-19 15:36:42.012000+00:00,7066.25,{'stop_loss_price': 7066.25}
INVALID_RISK_UNIT,risk_unit == 0 or non-finite,NQH19-CME,18772913,2019-02-19 15:36:42.013000+00:00,7066.25,{'stop_loss_price': 7066.25}
INVALID_RISK_UNIT,risk_unit == 0 or non-finite,NQH19-CME,18772914,2019-02-19 15:36:42.014000+00:00,7066.25,{'stop_loss_price': 7066.25}
INVALID_RISK_UNIT,risk_unit == 0 or non-finite,NQH19-CME,18772915,2019-02-19 15:36:42.015000+00:00,7066.25,{'stop_loss_price': 7066.25}
INVALID_RISK_UNIT,risk_unit == 0 or non-finite,NQH19-CME,18772916,2019-02-19 15:36:42.016000+00:00,7066.25,{'stop_loss_price': 7066.25}
INVALID_RISK_UNIT,risk_unit == 0 or non-finite,NQH19-CME,18772917,2019-02-19 15:36:42.017000+00:00,7066.25,{'stop_loss_price': 7066.25}
INVALID_RISK_UNIT,risk_unit == 0 or non-finite,NQH19-CME,18772918,2019-02-19 15:36:42.018000+00:00,7066.25,{'stop_loss_price': 7066.25}
INVALID_RISK_UNIT,risk_unit == 0 or non-finite,NQH19-CME,18772919,2019-02-19 15:36:42.019000+00:00,7066.25,{'stop_loss_price': 7066.25}
INVALID_RISK_UNIT,risk_unit == 0 or non-finite,NQH19-CME,18772920,2019-02-19 15:36:42.020000+00:00,7066.25,{'stop_loss_price': 7066.25}
INVALID_RISK_UNIT,risk_unit == 0 or non-finite,NQH19-CME,18772921,2019-02-19 15:36:42.021000+00:00,7066.25,{'stop_loss_price': 7066.25}
INVALID_RISK_UNIT,risk_unit == 0 or non-finite,NQH19-CME,18772922,2019-02-19 15:36:42.022000+00:00,7066.25,{'stop_loss_price': 7066.25}
INVALID_RISK_UNIT,risk_unit == 0 or non-finite,NQH19-CME,18819118,2019-02-19 16:59:12.004000+00:00,7088.75,{'stop_loss_price': 7088.75}
INVALID_RISK_UNIT,risk_unit == 0 or non-finite,NQH19-CME,18819119,2019-02-19 16:59:12.005000+00:00,7088.75,{'stop_loss_price': 7088.75}
INVALID_RISK_UNIT,risk_unit == 0 or non-finite,NQH19-CME,18819120,2019-02-19 16:59:12.006000+00:00,7088.75,{'stop_loss_price': 7088.75}
INVALID_RISK_UNIT,risk_unit == 0 or non-finite,NQH19-CME,18819121,2019-02-19 16:59:12.007000+00:00,7088.75,{'stop_loss_price': 7088.75}
INVALID_RISK_UNIT,risk_unit == 0 or non-finite,NQH19-CME,18819122,2019-02-19 16:59:12.008000+00:00,7088.75,{'stop_loss_price': 7088.75}
INVALID_RISK_UNIT,risk_unit == 0 or non-finite,NQH19-CME,18819123,2019-02-19 16:59:12.009000+00:00,7088.75,{'stop_loss_price': 7088.75}
INVALID_RISK_UNIT,risk_unit == 0 or non-finite,NQH19-CME,18819124,2019-02-19 16:59:12.010000+00:00,7088.75,{'stop_loss_price': 7088.75}
INVALID_RISK_UNIT,risk_unit == 0 or non-finite,NQH19-CME,18819125,2019-02-19 16:59:12.011000+00:00,7088.75,{'stop_loss_price': 7088.75}
INVALID_RISK_UNIT,risk_unit == 0 or non-finite,NQH19-CME,18819126,2019-02-19 16:59:12.012000+00:00,7088.75,{'stop_loss_price': 7088.75}
INVALID_RISK_UNIT,risk_unit == 0 or non-finite,NQH19-CME,18819127,2019-02-19 16:59:12.013000+00:00,7088.75,{'stop_loss_price': 7088.75}
INVALID_RISK_UNIT,risk_unit == 0 or non-finite,NQH19-CME,18819130,2019-02-19 16:59:12.016000+00:00,7088.75,{'stop_loss_price': 7088.75}
INVALID_RISK_UNIT,risk_unit == 0 or non-finite,NQH19-CME,18819131,2019-02-19 16:59:13+00:00,7088.75,{'stop_loss_price': 7088.75}
INVALID_RISK_UNIT,risk_unit == 0 or non-finite,NQH19-CME,18819132,2019-02-19 16:59:13.001000+00:00,7088.75,{'stop_loss_price': 7088.75}
INVALID_RISK_UNIT,risk_unit == 0 or non-finite,NQH19-CME,18819133,2019-02-19 16:59:13.002000+00:00,7088.75,{'stop_loss_price': 7088.75}
INVALID_RISK_UNIT,risk_unit == 0 or non-finite,NQH19-CME,18819134,2019-02-19 16:59:13.003000+00:00,7088.75,{'stop_loss_price': 7088.75}
INVALID_RISK_UNIT,risk_unit == 0 or non-finite,NQH19-CME,18819136,2019-02-19 16:59:13.005000+00:00,7088.75,{'stop_loss_price': 7088.75}
INVALID_RISK_UNIT,risk_unit == 0 or non-finite,NQH19-CME,18891613,2019-02-19 20:49:44.002000+00:00,7077.0,{'stop_loss_price': 7077.0}
INVALID_RISK_UNIT,risk_unit == 0 or non-finite,NQH19-CME,18912915,2019-02-20 01:32:53+00:00,7073.75,{'stop_loss_price': 7073.75}
INVALID_RISK_UNIT,risk_unit == 0 or non-finite,NQH19-CME,18912916,2019-02-20 01:32:55+00:00,7073.75,{'stop_loss_price': 7073.75}
INVALID_RISK_UNIT,risk_unit == 0 or non-finite,NQH19-CME,18917128,2019-02-20 02:28:59+00:00,7079.25,{'stop_loss_price': 7079.25}
INVALID_RISK_UNIT,risk_unit == 0 or non-finite,NQH19-CME,18925731,2019-02-20 05:38:24.001000+00:00,7065.5,{'stop_loss_price': 7065.5}
INVALID_RISK_UNIT,risk_unit == 0 or non-finite,NQH19-CME,18939298,2019-02-20 09:15:46.002000+00:00,7072.0,{'stop_loss_price': 7072.0}
INVALID_RISK_UNIT,risk_unit == 0 or non-finite,NQH19-CME,18999275,2019-02-20 14:58:06.006000+00:00,7092.5,{'stop_loss_price': 7092.5}
INVALID_RISK_UNIT,risk_unit == 0 or non-finite,NQH19-CME,19088903,2019-02-20 17:26:39.004000+00:00,7062.75,{'stop_loss_price': 7062.75}
INVALID_RISK_UNIT,risk_unit == 0 or non-finite,NQH19-CME,19088904,2019-02-20 17:26:39.005000+00:00,7062.75,{'stop_loss_price': 7062.75}
INVALID_RISK_UNIT,risk_unit == 0 or non-finite,NQH19-CME,19088905,2019-02-20 17:26:39.006000+00:00,7062.75,{'stop_loss_price': 7062.75}
INVALID_RISK_UNIT,risk_unit == 0 or non-finite,NQH19-CME,19088906,2019-02-20 17:26:39.007000+00:00,7062.75,{'stop_loss_price': 7062.75}
INVALID_RISK_UNIT,risk_unit == 0 or non-finite,NQH19-CME,19088907,2019-02-20 17:26:39.008000+00:00,7062.75,{'stop_loss_price': 7062.75}
INVALID_RISK_UNIT,risk_unit == 0 or non-finite,NQH19-CME,19088908,2019-02-20 17:26:39.009000+00:00,7062.75,{'stop_loss_price': 7062.75}
INVALID_RISK_UNIT,risk_unit == 0 or non-finite,NQH19-CME,19088909,2019-02-20 17:26:39.010000+00:00,7062.75,{'stop_loss_price': 7062.75}
INVALID_RISK_UNIT,risk_unit == 0 or non-finite,NQH19-CME,19088910,2019-02-20 17:26:39.011000+00:00,7062.75,{'stop_loss_price': 7062.75}
INVALID_RISK_UNIT,risk_unit == 0 or non-finite,NQH19-CME,19088911,2019-02-20 17:26:39.012000+00:00,7062.75,{'stop_loss_price': 7062.75}
INVALID_RISK_UNIT,risk_unit == 0 or non-finite,NQH19-CME,19088912,2019-02-20 17:26:39.013000+00:00,7062.75,{'stop_loss_price': 7062.75}
INVALID_RISK_UNIT,risk_unit == 0 or non-finite,NQH19-CME,19088913,2019-02-20 17:26:39.014000+00:00,7062.75,{'stop_loss_price': 7062.75}
INVALID_RISK_UNIT,risk_unit == 0 or non-finite,NQH19-CME,19088926,2019-02-20 17:26:39.027000+00:00,7062.75,{'stop_loss_price': 7062.75}
INVALID_RISK_UNIT,risk_unit == 0 or non-finite,NQH19-CME,19088927,2019-02-20 17:26:39.028000+00:00,7062.75,{'stop_loss_price': 7062.75}
INVALID_RISK_UNIT,risk_unit == 0 or non-finite,NQH19-CME,19128626,2019-02-20 18:30:52+00:00,7068.5,{'stop_loss_price': 7068.5}
INVALID_RISK_UNIT,risk_unit == 0 or non-finite,NQH19-CME,19128627,2019-02-20 18:30:52.001000+00:00,7068.5,{'stop_loss_price': 7068.5}
INVALID_RISK_UNIT,risk_unit == 0 or non-finite,NQH19-CME,19137327,2019-02-20 18:54:03.011000+00:00,7074.0,{'stop_loss_price': 7074.0}
INVALID_RISK_UNIT,risk_unit == 0 or non-finite,NQH19-CME,19137328,2019-02-20 18:54:03.012000+00:00,7074.0,{'stop_loss_price': 7074.0}
INVALID_RISK_UNIT,risk_unit == 0 or non-finite,NQH19-CME,19137330,2019-02-20 18:54:04+00:00,7074.0,{'stop_loss_price': 7074.0}
INVALID_RISK_UNIT,risk_unit == 0 or non-finite,NQH19-CME,19211437,2019-02-20 19:49:55.002000+00:00,7065.5,{'stop_loss_price': 7065.5}
INVALID_RISK_UNIT,risk_unit == 0 or non-finite,NQH19-CME,19216512,2019-02-20 19:59:46.007000+00:00,7065.75,{'stop_loss_price': 7065.75}
INVALID_RISK_UNIT,risk_unit == 0 or non-finite,NQH19-CME,19216513,2019-02-20 19:59:46.008000+00:00,7065.75,{'stop_loss_price': 7065.75}
INVALID_RISK_UNIT,risk_unit == 0 or non-finite,NQH19-CME,19216514,2019-02-20 19:59:46.009000+00:00,7065.75,{'stop_loss_price': 7065.75}
INVALID_RISK_UNIT,risk_unit == 0 or non-finite,NQH19-CME,19216515,2019-02-20 19:59:46.010000+00:00,7065.75,{'stop_loss_price': 7065.75}
INVALID_RISK_UNIT,risk_unit == 0 or non-finite,NQH19-CME,19216516,2019-02-20 19:59:46.011000+00:00,7065.75,{'stop_loss_price': 7065.75}
INVALID_RISK_UNIT,risk_unit == 0 or non-finite,NQH19-CME,19216517,2019-02-20 19:59:46.012000+00:00,7065.75,{'stop_loss_price': 7065.75}
INVALID_RISK_UNIT,risk_unit == 0 or non-finite,NQH19-CME,19216518,2019-02-20 19:59:47+00:00,7065.75,{'stop_loss_price': 7065.75}
INVALID_RISK_UNIT,risk_unit == 0 or non-finite,NQH19-CME,19216519,2019-02-20 19:59:47.001000+00:00,7065.75,{'stop_loss_price': 7065.75}
INVALID_RISK_UNIT,risk_unit == 0 or non-finite,NQH19-CME,19216520,2019-02-20 19:59:47.002000+00:00,7065.75,{'stop_loss_price': 7065.75}
INVALID_RISK_UNIT,risk_unit == 0 or non-finite,NQH19-CME,19216521,2019-02-20 19:59:47.003000+00:00,7065.75,{'stop_loss_price': 7065.75}
INVALID_RISK_UNIT,risk_unit == 0 or non-finite,NQH19-CME,19216522,2019-02-20 19:59:47.004000+00:00,7065.75,{'stop_loss_price': 7065.75}
INVALID_RISK_UNIT,risk_unit == 0 or non-finite,NQH19-CME,19216523,2019-02-20 19:59:48+00:00,7065.75,{'stop_loss_price': 7065.75}
INVALID_RISK_UNIT,risk_unit == 0 or non-finite,NQH19-CME,19216524,2019-02-20 19:59:48.001000+00:00,7065.75,{'stop_loss_price': 7065.75}
INVALID_RISK_UNIT,risk_unit == 0 or non-finite,NQH19-CME,19281166,2019-02-21 03:44:39.010000+00:00,7108.0,{'stop_loss_price': 7108.0}
INVALID_RISK_UNIT,risk_unit == 0 or non-finite,NQH19-CME,19281167,2019-02-21 03:44:39.011000+00:00,7108.0,{'stop_loss_price': 7108.0}
INVALID_RISK_UNIT,risk_unit == 0 or non-finite,NQH19-CME,19281168,2019-02-21 03:44:40+00:00,7108.0,{'stop_loss_price': 7108.0}
INVALID_RISK_UNIT,risk_unit == 0 or non-finite,NQH19-CME,19281169,2019-02-21 03:44:42+00:00,7108.0,{'stop_loss_price': 7108.0}
INVALID_RISK_UNIT,risk_unit == 0 or non-finite,NQH19-CME,19281170,2019-02-21 03:44:44+00:00,7108.0,{'stop_loss_price': 7108.0}
INVALID_RISK_UNIT,risk_unit == 0 or non-finite,NQH19-CME,19291009,2019-02-21 06:24:46+00:00,7089.75,{'stop_loss_price': 7089.75}
INVALID_RISK_UNIT,risk_unit == 0 or non-finite,NQH19-CME,19307107,2019-02-21 10:08:56+00:00,7089.0,{'stop_loss_price': 7089.0}
INVALID_RISK_UNIT,risk_unit == 0 or non-finite,NQH19-CME,19307108,2019-02-21 10:08:56.001000+00:00,7089.0,{'stop_loss_price': 7089.0}
INVALID_RISK_UNIT,risk_unit == 0 or non-finite,NQH19-CME,19307109,2019-02-21 10:08:56.002000+00:00,7089.0,{'stop_loss_price': 7089.0}
INVALID_RISK_UNIT,risk_unit == 0 or non-finite,NQH19-CME,19339641,2019-02-21 14:29:03.004000+00:00,7054.5,{'stop_loss_price': 7054.5}
INVALID_RISK_UNIT,risk_unit == 0 or non-finite,NQH19-CME,19339642,2019-02-21 14:29:03.005000+00:00,7054.5,{'stop_loss_price': 7054.5}
INVALID_RISK_UNIT,risk_unit == 0 or non-finite,NQH19-CME,19339645,2019-02-21 14:29:03.008000+00:00,7054.5,{'stop_loss_price': 7054.5}
INVALID_RISK_UNIT,risk_unit == 0 or non-finite,NQH19-CME,19352637,2019-02-21 14:35:22.012000+00:00,7046.5,{'stop_loss_price': 7046.5}
INVALID_RISK_UNIT,risk_unit == 0 or non-finite,NQH19-CME,19352638,2019-02-21 14:35:22.013000+00:00,7046.5,{'stop_loss_price': 7046.5}
INVALID_RISK_UNIT,risk_unit == 0 or non-finite,NQH19-CME,19352639,2019-02-21 14:35:22.014000+00:00,7046.5,{'stop_loss_price': 7046.5}
INVALID_RISK_UNIT,risk_unit == 0 or non-finite,NQH19-CME,19352640,2019-02-21 14:35:22.015000+00:00,7046.5,{'stop_loss_price': 7046.5}
INVALID_RISK_UNIT,risk_unit == 0 or non-finite,NQH19-CME,19352641,2019-02-21 14:35:22.016000+00:00,7046.5,{'stop_loss_price': 7046.5}
INVALID_RISK_UNIT,risk_unit == 0 or non-finite,NQH19-CME,19383712,2019-02-21 14:49:56.011000+00:00,7020.0,{'stop_loss_price': 7020.0}
INVALID_RISK_UNIT,risk_unit == 0 or non-finite,NQH19-CME,19383713,2019-02-21 14:49:56.012000+00:00,7020.0,{'stop_loss_price': 7020.0}
INVALID_RISK_UNIT,risk_unit == 0 or non-finite,NQH19-CME,19383714,2019-02-21 14:49:56.013000+00:00,7020.0,{'stop_loss_price': 7020.0}
INVALID_RISK_UNIT,risk_unit == 0 or non-finite,NQH19-CME,19383715,2019-02-21 14:49:56.014000+00:00,7020.0,{'stop_loss_price': 7020.0}
INVALID_RISK_UNIT,risk_unit == 0 or non-finite,NQH19-CME,19383716,2019-02-21 14:49:56.015000+00:00,7020.0,{'stop_loss_price': 7020.0}
INVALID_RISK_UNIT,risk_unit == 0 or non-finite,NQH19-CME,19383717,2019-02-21 14:49:56.016000+00:00,7020.0,{'stop_loss_price': 7020.0}
INVALID_RISK_UNIT,risk_unit == 0 or non-finite,NQH19-CME,19492370,2019-02-21 16:38:06.091000+00:00,7041.0,{'stop_loss_price': 7041.0}
INVALID_RISK_UNIT,risk_unit == 0 or non-finite,NQH19-CME,19492371,2019-02-21 16:38:06.092000+00:00,7041.0,{'stop_loss_price': 7041.0}
INVALID_RISK_UNIT,risk_unit == 0 or non-finite,NQH19-CME,19492372,2019-02-21 16:38:06.093000+00:00,7041.0,{'stop_loss_price': 7041.0}
INVALID_RISK_UNIT,risk_unit == 0 or non-finite,NQH19-CME,19492373,2019-02-21 16:38:06.094000+00:00,7041.0,{'stop_loss_price': 7041.0}
INVALID_RISK_UNIT,risk_unit == 0 or non-finite,NQH19-CME,19492374,2019-02-21 16:38:06.095000+00:00,7041.0,{'stop_loss_price': 7041.0}
INVALID_RISK_UNIT,risk_unit == 0 or non-finite,NQH19-CME,19492375,2019-02-21 16:38:06.096000+00:00,7041.0,{'stop_loss_price': 7041.0}
INVALID_RISK_UNIT,risk_unit == 0 or non-finite,NQH19-CME,19492376,2019-02-21 16:38:06.097000+00:00,7041.0,{'stop_loss_price': 7041.0}
INVALID_RISK_UNIT,risk_unit == 0 or non-finite,NQH19-CME,19492377,2019-02-21 16:38:06.098000+00:00,7041.0,{'stop_loss_price': 7041.0}
INVALID_RISK_UNIT,risk_unit == 0 or non-finite,NQH19-CME,19492378,2019-02-21 16:38:06.099000+00:00,7041.0,{'stop_loss_price': 7041.0}
INVALID_RISK_UNIT,risk_unit == 0 or non-finite,NQH19-CME,19492379,2019-02-21 16:38:06.100000+00:00,7041.0,{'stop_loss_price': 7041.0}
INVALID_RISK_UNIT,risk_unit == 0 or non-finite,NQH19-CME,19493176,2019-02-21 16:39:56+00:00,7039.25,{'stop_loss_price': 7039.25}
INVALID_RISK_UNIT,risk_unit == 0 or non-finite,NQH19-CME,19595286,2019-02-21 20:28:24+00:00,7024.75,{'stop_loss_price': 7024.75}
INVALID_RISK_UNIT,risk_unit == 0 or non-finite,NQH19-CME,19647730,2019-02-22 05:45:25+00:00,7036.5,{'stop_loss_price': 7036.5}
INVALID_RISK_UNIT,risk_unit == 0 or non-finite,NQH19-CME,19647731,2019-02-22 05:45:25.001000+00:00,7036.5,{'stop_loss_price': 7036.5}
INVALID_RISK_UNIT,risk_unit == 0 or non-finite,NQH19-CME,19647732,2019-02-22 05:45:25.002000+00:00,7036.5,{'stop_loss_price': 7036.5}
INVALID_RISK_UNIT,risk_unit == 0 or non-finite,NQH19-CME,19647734,2019-02-22 05:45:25.004000+00:00,7036.5,{'stop_loss_price': 7036.5}
INVALID_RISK_UNIT,risk_unit == 0 or non-finite,NQH19-CME,19687989,2019-02-22 14:11:33.005000+00:00,7063.0,{'stop_loss_price': 7063.0}
INVALID_RISK_UNIT,risk_unit == 0 or non-finite,NQH19-CME,19687990,2019-02-22 14:11:33.006000+00:00,7063.0,{'stop_loss_price': 7063.0}
INVALID_RISK_UNIT,risk_unit == 0 or non-finite,NQH19-CME,19688857,2019-02-22 14:19:43.004000+00:00,7064.0,{'stop_loss_price': 7064.0}
INVALID_RISK_UNIT,risk_unit == 0 or non-finite,NQH19-CME,19688858,2019-02-22 14:19:43.005000+00:00,7064.0,{'stop_loss_price': 7064.0}
INVALID_RISK_UNIT,risk_unit == 0 or non-finite,NQH19-CME,19688859,2019-02-22 14:19:43.006000+00:00,7064.0,{'stop_loss_price': 7064.0}
INVALID_RISK_UNIT,risk_unit == 0 or non-finite,NQH19-CME,19688860,2019-02-22 14:19:43.007000+00:00,7064.0,{'stop_loss_price': 7064.0}
INVALID_RISK_UNIT,risk_unit == 0 or non-finite,NQH19-CME,19688861,2019-02-22 14:19:43.008000+00:00,7064.0,{'stop_loss_price': 7064.0}
INVALID_RISK_UNIT,risk_unit == 0 or non-finite,NQH19-CME,19688862,2019-02-22 14:19:43.009000+00:00,7064.0,{'stop_loss_price': 7064.0}
INVALID_RISK_UNIT,risk_unit == 0 or non-finite,NQH19-CME,19688863,2019-02-22 14:19:43.010000+00:00,7064.0,{'stop_loss_price': 7064.0}
INVALID_RISK_UNIT,risk_unit == 0 or non-finite,NQH19-CME,19688864,2019-02-22 14:19:44+00:00,7064.0,{'stop_loss_price': 7064.0}
INVALID_RISK_UNIT,risk_unit == 0 or non-finite,NQH19-CME,19688865,2019-02-22 14:19:44.001000+00:00,7064.0,{'stop_loss_price': 7064.0}
INVALID_RISK_UNIT,risk_unit == 0 or non-finite,NQH19-CME,19688866,2019-02-22 14:19:44.002000+00:00,7064.0,{'stop_loss_price': 7064.0}
INVALID_RISK_UNIT,risk_unit == 0 or non-finite,NQH19-CME,19688867,2019-02-22 14:19:44.003000+00:00,7064.0,{'stop_loss_price': 7064.0}
INVALID_RISK_UNIT,risk_unit == 0 or non-finite,NQH19-CME,19713897,2019-02-22 14:41:48.013000+00:00,7063.75,{'stop_loss_price': 7063.75}
INVALID_RISK_UNIT,risk_unit == 0 or non-finite,NQH19-CME,19713898,2019-02-22 14:41:48.014000+00:00,7063.75,{'stop_loss_price': 7063.75}
INVALID_RISK_UNIT,risk_unit == 0 or non-finite,NQH19-CME,19713899,2019-02-22 14:41:48.015000+00:00,7063.75,{'stop_loss_price': 7063.75}
INVALID_RISK_UNIT,risk_unit == 0 or non-finite,NQH19-CME,19726025,2019-02-22 14:52:56.011000+00:00,7067.0,{'stop_loss_price': 7067.0}
INVALID_RISK_UNIT,risk_unit == 0 or non-finite,NQH19-CME,19726026,2019-02-22 14:52:56.012000+00:00,7067.0,{'stop_loss_price': 7067.0}
INVALID_RISK_UNIT,risk_unit == 0 or non-finite,NQH19-CME,19726028,2019-02-22 14:52:56.014000+00:00,7067.0,{'stop_loss_price': 7067.0}
INVALID_RISK_UNIT,risk_unit == 0 or non-finite,NQH19-CME,19783087,2019-02-22 16:03:53.077000+00:00,7083.75,{'stop_loss_price': 7083.75}
INVALID_RISK_UNIT,risk_unit == 0 or non-finite,NQH19-CME,19793865,2019-02-22 16:20:22.011000+00:00,7098.0,{'stop_loss_price': 7098.0}
INVALID_RISK_UNIT,risk_unit == 0 or non-finite,NQH19-CME,19793866,2019-02-22 16:20:22.012000+00:00,7098.0,{'stop_loss_price': 7098.0}
INVALID_RISK_UNIT,risk_unit == 0 or non-finite,NQH19-CME,19793867,2019-02-22 16:20:22.013000+00:00,7098.0,{'stop_loss_price': 7098.0}
INVALID_RISK_UNIT,risk_unit == 0 or non-finite,NQH19-CME,19793868,2019-02-22 16:20:22.014000+00:00,7098.0,{'stop_loss_price': 7098.0}
INVALID_RISK_UNIT,risk_unit == 0 or non-finite,NQH19-CME,19793870,2019-02-22 16:20:24.001000+00:00,7098.0,{'stop_loss_price': 7098.0}
INVALID_RISK_UNIT,risk_unit == 0 or non-finite,NQH19-CME,19803526,2019-02-22 16:36:39+00:00,7096.25,{'stop_loss_price': 7096.25}
INVALID_RISK_UNIT,risk_unit == 0 or non-finite,NQH19-CME,19803527,2019-02-22 16:36:39.001000+00:00,7096.25,{'stop_loss_price': 7096.25}
INVALID_RISK_UNIT,risk_unit == 0 or non-finite,NQH19-CME,19803528,2019-02-22 16:36:39.002000+00:00,7096.25,{'stop_loss_price': 7096.25}
INVALID_RISK_UNIT,risk_unit == 0 or non-finite,NQH19-CME,19803529,2019-02-22 16:36:39.003000+00:00,7096.25,{'stop_loss_price': 7096.25}
INVALID_RISK_UNIT,risk_unit == 0 or non-finite,NQH19-CME,19803530,2019-02-22 16:36:39.004000+00:00,7096.25,{'stop_loss_price': 7096.25}
INVALID_RISK_UNIT,risk_unit == 0 or non-finite,NQH19-CME,19805139,2019-02-22 16:40:04.009000+00:00,7100.0,{'stop_loss_price': 7100.0}
INVALID_RISK_UNIT,risk_unit == 0 or non-finite,NQH19-CME,19805140,2019-02-22 16:40:04.010000+00:00,7100.0,{'stop_loss_price': 7100.0}
INVALID_RISK_UNIT,risk_unit == 0 or non-finite,NQH19-CME,19805141,2019-02-22 16:40:04.011000+00:00,7100.0,{'stop_loss_price': 7100.0}
INVALID_RISK_UNIT,risk_unit == 0 or non-finite,NQH19-CME,19805142,2019-02-22 16:40:04.012000+00:00,7100.0,{'stop_loss_price': 7100.0}
INVALID_RISK_UNIT,risk_unit == 0 or non-finite,NQH19-CME,19805143,2019-02-22 16:40:04.013000+00:00,7100.0,{'stop_loss_price': 7100.0}
INVALID_RISK_UNIT,risk_unit == 0 or non-finite,NQH19-CME,19805144,2019-02-22 16:40:04.014000+00:00,7100.0,{'stop_loss_price': 7100.0}
INVALID_RISK_UNIT,risk_unit == 0 or non-finite,NQH19-CME,19805145,2019-02-22 16:40:04.015000+00:00,7100.0,{'stop_loss_price': 7100.0}
INVALID_RISK_UNIT,risk_unit == 0 or non-finite,NQH19-CME,19805147,2019-02-22 16:40:04.017000+00:00,7100.0,{'stop_loss_price': 7100.0}
INVALID_RISK_UNIT,risk_unit == 0 or non-finite,NQH19-CME,19815570,2019-02-22 17:04:05.050000+00:00,7099.5,{'stop_loss_price': 7099.5}
INVALID_RISK_UNIT,risk_unit == 0 or non-finite,NQH19-CME,19815571,2019-02-22 17:04:05.051000+00:00,7099.5,{'stop_loss_price': 7099.5}
INVALID_RISK_UNIT,risk_unit == 0 or non-finite,NQH19-CME,19815572,2019-02-22 17:04:05.052000+00:00,7099.5,{'stop_loss_price': 7099.5}
INVALID_RISK_UNIT,risk_unit == 0 or non-finite,NQH19-CME,19815573,2019-02-22 17:04:05.053000+00:00,7099.5,{'stop_loss_price': 7099.5}
INVALID_RISK_UNIT,risk_unit == 0 or non-finite,NQH19-CME,19815574,2019-02-22 17:04:05.054000+00:00,7099.5,{'stop_loss_price': 7099.5}
INVALID_RISK_UNIT,risk_unit == 0 or non-finite,NQH19-CME,19820972,2019-02-22 17:18:19.010000+00:00,7087.25,{'stop_loss_price': 7087.25}
INVALID_RISK_UNIT,risk_unit == 0 or non-finite,NQH19-CME,19908841,2019-02-22 20:47:00+00:00,7078.75,{'stop_loss_price': 7078.75}
INVALID_RISK_UNIT,risk_unit == 0 or non-finite,NQH19-CME,19908842,2019-02-22 20:47:00.001000+00:00,7078.75,{'stop_loss_price': 7078.75}
INVALID_RISK_UNIT,risk_unit == 0 or non-finite,NQH19-CME,19908843,2019-02-22 20:47:00.002000+00:00,7078.75,{'stop_loss_price': 7078.75}
INVALID_RISK_UNIT,risk_unit == 0 or non-finite,NQH19-CME,19908844,2019-02-22 20:47:00.003000+00:00,7078.75,{'stop_loss_price': 7078.75}
INVALID_RISK_UNIT,risk_unit == 0 or non-finite,NQH19-CME,19908845,2019-02-22 20:47:00.004000+00:00,7078.75,{'stop_loss_price': 7078.75}
INVALID_RISK_UNIT,risk_unit == 0 or non-finite,NQH19-CME,19908846,2019-02-22 20:47:00.005000+00:00,7078.75,{'stop_loss_price': 7078.75}
INVALID_RISK_UNIT,risk_unit == 0 or non-finite,NQH19-CME,19908847,2019-02-22 20:47:00.006000+00:00,7078.75,{'stop_loss_price': 7078.75}
INVALID_RISK_UNIT,risk_unit == 0 or non-finite,NQH19-CME,19908848,2019-02-22 20:47:00.007000+00:00,7078.75,{'stop_loss_price': 7078.75}
INVALID_RISK_UNIT,risk_unit == 0 or non-finite,NQH19-CME,19908849,2019-02-22 20:47:00.008000+00:00,7078.75,{'stop_loss_price': 7078.75}
INVALID_RISK_UNIT,risk_unit == 0 or non-finite,NQH19-CME,19908850,2019-02-22 20:47:00.009000+00:00,7078.75,{'stop_loss_price': 7078.75}
INVALID_RISK_UNIT,risk_unit == 0 or non-finite,NQH19-CME,19908851,2019-02-22 20:47:00.010000+00:00,7078.75,{'stop_loss_price': 7078.75}
INVALID_RISK_UNIT,risk_unit == 0 or non-finite,NQH19-CME,19908852,2019-02-22 20:47:00.011000+00:00,7078.75,{'stop_loss_price': 7078.75}
INVALID_RISK_UNIT,risk_unit == 0 or non-finite,NQH19-CME,19908853,2019-02-22 20:47:00.012000+00:00,7078.75,{'stop_loss_price': 7078.75}
INVALID_RISK_UNIT,risk_unit == 0 or non-finite,NQH19-CME,19908854,2019-02-22 20:47:00.013000+00:00,7078.75,{'stop_loss_price': 7078.75}
INVALID_RISK_UNIT,risk_unit == 0 or non-finite,NQH19-CME,19908855,2019-02-22 20:47:00.014000+00:00,7078.75,{'stop_loss_price': 7078.75}
INVALID_RISK_UNIT,risk_unit == 0 or non-finite,NQH19-CME,19908856,2019-02-22 20:47:00.015000+00:00,7078.75,{'stop_loss_price': 7078.75}
INVALID_RISK_UNIT,risk_unit == 0 or non-finite,NQH19-CME,19908857,2019-02-22 20:47:00.016000+00:00,7078.75,{'stop_loss_price': 7078.75}
INVALID_RISK_UNIT,risk_unit == 0 or non-finite,NQH19-CME,19908858,2019-02-22 20:47:00.017000+00:00,7078.75,{'stop_loss_price': 7078.75}
INVALID_RISK_UNIT,risk_unit == 0 or non-finite,NQH19-CME,19908859,2019-02-22 20:47:00.018000+00:00,7078.75,{'stop_loss_price': 7078.75}
INVALID_RISK_UNIT,risk_unit == 0 or non-finite,NQH19-CME,19908896,2019-02-22 20:47:06.016000+00:00,7078.75,{'stop_loss_price': 7078.75}
INVALID_RISK_UNIT,risk_unit == 0 or non-finite,NQH19-CME,19908897,2019-02-22 20:47:06.017000+00:00,7078.75,{'stop_loss_price': 7078.75}
INVALID_RISK_UNIT,risk_unit == 0 or non-finite,NQH19-CME,19908898,2019-02-22 20:47:06.018000+00:00,7078.75,{'stop_loss_price': 7078.75}
INVALID_RISK_UNIT,risk_unit == 0 or non-finite,NQH19-CME,19908899,2019-02-22 20:47:06.019000+00:00,7078.75,{'stop_loss_price': 7078.75}
INVALID_RISK_UNIT,risk_unit == 0 or non-finite,NQH19-CME,19908900,2019-02-22 20:47:06.020000+00:00,7078.75,{'stop_loss_price': 7078.75}
INVALID_RISK_UNIT,risk_unit == 0 or non-finite,NQH19-CME,19908901,2019-02-22 20:47:06.021000+00:00,7078.75,{'stop_loss_price': 7078.75}
INVALID_RISK_UNIT,risk_unit == 0 or non-finite,NQH19-CME,19908902,2019-02-22 20:47:06.022000+00:00,7078.75,{'stop_loss_price': 7078.75}
INVALID_RISK_UNIT,risk_unit == 0 or non-finite,NQH19-CME,19908903,2019-02-22 20:47:06.023000+00:00,7078.75,{'stop_loss_price': 7078.75}
INVALID_RISK_UNIT,risk_unit == 0 or non-finite,NQH19-CME,19908904,2019-02-22 20:47:06.024000+00:00,7078.75,{'stop_loss_price': 7078.75}
INVALID_RISK_UNIT,risk_unit == 0 or non-finite,NQH19-CME,19908905,2019-02-22 20:47:06.025000+00:00,7078.75,{'stop_loss_price': 7078.75}
INVALID_RISK_UNIT,risk_unit == 0 or non-finite,NQH19-CME,19908906,2019-02-22 20:47:06.026000+00:00,7078.75,{'stop_loss_price': 7078.75}
INVALID_RISK_UNIT,risk_unit == 0 or non-finite,NQH19-CME,19908907,2019-02-22 20:47:06.027000+00:00,7078.75,{'stop_loss_price': 7078.75}
INVALID_RISK_UNIT,risk_unit == 0 or non-finite,NQH19-CME,19908908,2019-02-22 20:47:06.028000+00:00,7078.75,{'stop_loss_price': 7078.75}
INVALID_RISK_UNIT,risk_unit == 0 or non-finite,NQH19-CME,19908909,2019-02-22 20:47:06.029000+00:00,7078.75,{'stop_loss_price': 7078.75}
INVALID_RISK_UNIT,risk_unit == 0 or non-finite,NQH19-CME,19908910,2019-02-22 20:47:07+00:00,7078.75,{'stop_loss_price': 7078.75}
INVALID_RISK_UNIT,risk_unit == 0 or non-finite,NQH19-CME,19915761,2019-02-22 20:56:05.015000+00:00,7091.25,{'stop_loss_price': 7091.25}
INVALID_RISK_UNIT,risk_unit == 0 or non-finite,NQH19-CME,19915762,2019-02-22 20:56:05.016000+00:00,7091.25,{'stop_loss_price': 7091.25}
INVALID_RISK_UNIT,risk_unit == 0 or non-finite,NQH19-CME,19915763,2019-02-22 20:56:05.017000+00:00,7091.25,{'stop_loss_price': 7091.25}
INVALID_RISK_UNIT,risk_unit == 0 or non-finite,NQH19-CME,19915764,2019-02-22 20:56:05.018000+00:00,7091.25,{'stop_loss_price': 7091.25}
INVALID_RISK_UNIT,risk_unit == 0 or non-finite,NQH19-CME,19960820,2019-02-25 08:14:21+00:00,7119.75,{'stop_loss_price': 7119.75}
INVALID_RISK_UNIT,risk_unit == 0 or non-finite,NQH19-CME,19960821,2019-02-25 08:14:21.001000+00:00,7119.75,{'stop_loss_price': 7119.75}
INVALID_RISK_UNIT,risk_unit == 0 or non-finite,NQH19-CME,19960822,2019-02-25 08:14:21.002000+00:00,7119.75,{'stop_loss_price': 7119.75}
INVALID_RISK_UNIT,risk_unit == 0 or non-finite,NQH19-CME,19960823,2019-02-25 08:14:21.003000+00:00,7119.75,{'stop_loss_price': 7119.75}
INVALID_RISK_UNIT,risk_unit == 0 or non-finite,NQH19-CME,19960824,2019-02-25 08:14:21.004000+00:00,7119.75,{'stop_loss_price': 7119.75}
INVALID_RISK_UNIT,risk_unit == 0 or non-finite,NQH19-CME,19960825,2019-02-25 08:14:27+00:00,7119.75,{'stop_loss_price': 7119.75}
INVALID_RISK_UNIT,risk_unit == 0 or non-finite,NQH19-CME,20010488,2019-02-25 14:39:49.027000+00:00,7162.75,{'stop_loss_price': 7162.75}
INVALID_RISK_UNIT,risk_unit == 0 or non-finite,NQH19-CME,20010489,2019-02-25 14:39:49.028000+00:00,7162.75,{'stop_loss_price': 7162.75}
INVALID_RISK_UNIT,risk_unit == 0 or non-finite,NQH19-CME,20010490,2019-02-25 14:39:49.029000+00:00,7162.75,{'stop_loss_price': 7162.75}
INVALID_RISK_UNIT,risk_unit == 0 or non-finite,NQH19-CME,20010491,2019-02-25 14:39:49.030000+00:00,7162.75,{'stop_loss_price': 7162.75}
INVALID_RISK_UNIT,risk_unit == 0 or non-finite,NQH19-CME,20010492,2019-02-25 14:39:49.031000+00:00,7162.75,{'stop_loss_price': 7162.75}
INVALID_RISK_UNIT,risk_unit == 0 or non-finite,NQH19-CME,20013004,2019-02-25 14:41:24.008000+00:00,7162.25,{'stop_loss_price': 7162.25}
INVALID_RISK_UNIT,risk_unit == 0 or non-finite,NQH19-CME,20035636,2019-02-25 14:59:46.061000+00:00,7149.75,{'stop_loss_price': 7149.75}
INVALID_RISK_UNIT,risk_unit == 0 or non-finite,NQH19-CME,20035637,2019-02-25 14:59:46.062000+00:00,7149.75,{'stop_loss_price': 7149.75}
INVALID_RISK_UNIT,risk_unit == 0 or non-finite,NQH19-CME,20035638,2019-02-25 14:59:46.063000+00:00,7149.75,{'stop_loss_price': 7149.75}
INVALID_RISK_UNIT,risk_unit == 0 or non-finite,NQH19-CME,20035639,2019-02-25 14:59:46.064000+00:00,7149.75,{'stop_loss_price': 7149.75}
INVALID_RISK_UNIT,risk_unit == 0 or non-finite,NQH19-CME,20035640,2019-02-25 14:59:46.065000+00:00,7149.75,{'stop_loss_price': 7149.75}
INVALID_RISK_UNIT,risk_unit == 0 or non-finite,NQH19-CME,20035641,2019-02-25 14:59:46.066000+00:00,7149.75,{'stop_loss_price': 7149.75}
INVALID_RISK_UNIT,risk_unit == 0 or non-finite,NQH19-CME,20035642,2019-02-25 14:59:46.067000+00:00,7149.75,{'stop_loss_price': 7149.75}
INVALID_RISK_UNIT,risk_unit == 0 or non-finite,NQH19-CME,20035643,2019-02-25 14:59:46.068000+00:00,7149.75,{'stop_loss_price': 7149.75}
INVALID_RISK_UNIT,risk_unit == 0 or non-finite,NQH19-CME,20035644,2019-02-25 14:59:46.069000+00:00,7149.75,{'stop_loss_price': 7149.75}
INVALID_RISK_UNIT,risk_unit == 0 or non-finite,NQH19-CME,20035645,2019-02-25 14:59:46.070000+00:00,7149.75,{'stop_loss_price': 7149.75}
INVALID_RISK_UNIT,risk_unit == 0 or non-finite,NQH19-CME,20035646,2019-02-25 14:59:46.071000+00:00,7149.75,{'stop_loss_price': 7149.75}
INVALID_RISK_UNIT,risk_unit == 0 or non-finite,NQH19-CME,20254151,2019-02-26 07:28:47+00:00,7091.0,{'stop_loss_price': 7091.0}
INVALID_RISK_UNIT,risk_unit == 0 or non-finite,NQH19-CME,20320305,2019-02-26 14:48:27.001000+00:00,7109.5,{'stop_loss_price': 7109.5}
INVALID_RISK_UNIT,risk_unit == 0 or non-finite,NQH19-CME,20320778,2019-02-26 14:48:43.044000+00:00,7112.75,{'stop_loss_price': 7112.75}
INVALID_RISK_UNIT,risk_unit == 0 or non-finite,NQH19-CME,20320779,2019-02-26 14:48:43.045000+00:00,7112.75,{'stop_loss_price': 7112.75}
INVALID_RISK_UNIT,risk_unit == 0 or non-finite,NQH19-CME,20320780,2019-02-26 14:48:43.046000+00:00,7112.75,{'stop_loss_price': 7112.75}
INVALID_RISK_UNIT,risk_unit == 0 or non-finite,NQH19-CME,20320781,2019-02-26 14:48:43.047000+00:00,7112.75,{'stop_loss_price': 7112.75}
INVALID_RISK_UNIT,risk_unit == 0 or non-finite,NQH19-CME,20320782,2019-02-26 14:48:43.048000+00:00,7112.75,{'stop_loss_price': 7112.75}
INVALID_RISK_UNIT,risk_unit == 0 or non-finite,NQH19-CME,20320783,2019-02-26 14:48:43.049000+00:00,7112.75,{'stop_loss_price': 7112.75}
INVALID_RISK_UNIT,risk_unit == 0 or non-finite,NQH19-CME,20438136,2019-02-26 17:32:30+00:00,7120.25,{'stop_loss_price': 7120.25}
INVALID_RISK_UNIT,risk_unit == 0 or non-finite,NQH19-CME,20438137,2019-02-26 17:32:30.001000+00:00,7120.25,{'stop_loss_price': 7120.25}
INVALID_RISK_UNIT,risk_unit == 0 or non-finite,NQH19-CME,20438138,2019-02-26 17:32:30.002000+00:00,7120.25,{'stop_loss_price': 7120.25}
INVALID_RISK_UNIT,risk_unit == 0 or non-finite,NQH19-CME,20438152,2019-02-26 17:32:33+00:00,7120.25,{'stop_loss_price': 7120.25}
INVALID_RISK_UNIT,risk_unit == 0 or non-finite,NQH19-CME,20438153,2019-02-26 17:32:33.001000+00:00,7120.25,{'stop_loss_price': 7120.25}
INVALID_RISK_UNIT,risk_unit == 0 or non-finite,NQH19-CME,20463694,2019-02-26 18:44:23.018000+00:00,7121.5,{'stop_loss_price': 7121.5}
INVALID_RISK_UNIT,risk_unit == 0 or non-finite,NQH19-CME,20463695,2019-02-26 18:44:23.019000+00:00,7121.5,{'stop_loss_price': 7121.5}
INVALID_RISK_UNIT,risk_unit == 0 or non-finite,NQH19-CME,20463696,2019-02-26 18:44:23.020000+00:00,7121.5,{'stop_loss_price': 7121.5}
INVALID_RISK_UNIT,risk_unit == 0 or non-finite,NQH19-CME,20463697,2019-02-26 18:44:23.021000+00:00,7121.5,{'stop_loss_price': 7121.5}
INVALID_RISK_UNIT,risk_unit == 0 or non-finite,NQH19-CME,20463698,2019-02-26 18:44:23.022000+00:00,7121.5,{'stop_loss_price': 7121.5}
INVALID_RISK_UNIT,risk_unit == 0 or non-finite,NQH19-CME,20463700,2019-02-26 18:44:23.024000+00:00,7121.5,{'stop_loss_price': 7121.5}
INVALID_RISK_UNIT,risk_unit == 0 or non-finite,NQH19-CME,20540955,2019-02-27 07:07:05+00:00,7099.5,{'stop_loss_price': 7099.5}
INVALID_RISK_UNIT,risk_unit == 0 or non-finite,NQH19-CME,20613432,2019-02-27 15:01:48.003000+00:00,7091.75,{'stop_loss_price': 7091.75}
INVALID_RISK_UNIT,risk_unit == 0 or non-finite,NQH19-CME,20613433,2019-02-27 15:01:48.004000+00:00,7091.75,{'stop_loss_price': 7091.75}
INVALID_RISK_UNIT,risk_unit == 0 or non-finite,NQH19-CME,20613434,2019-02-27 15:01:48.005000+00:00,7091.75,{'stop_loss_price': 7091.75}
INVALID_RISK_UNIT,risk_unit == 0 or non-finite,NQH19-CME,20613435,2019-02-27 15:01:48.006000+00:00,7091.75,{'stop_loss_price': 7091.75}
INVALID_RISK_UNIT,risk_unit == 0 or non-finite,NQH19-CME,20613436,2019-02-27 15:01:48.007000+00:00,7091.75,{'stop_loss_price': 7091.75}
INVALID_RISK_UNIT,risk_unit == 0 or non-finite,NQH19-CME,20613437,2019-02-27 15:01:48.008000+00:00,7091.75,{'stop_loss_price': 7091.75}
INVALID_RISK_UNIT,risk_unit == 0 or non-finite,NQH19-CME,20613438,2019-02-27 15:01:48.009000+00:00,7091.75,{'stop_loss_price': 7091.75}
INVALID_RISK_UNIT,risk_unit == 0 or non-finite,NQH19-CME,20613439,2019-02-27 15:01:48.010000+00:00,7091.75,{'stop_loss_price': 7091.75}
INVALID_RISK_UNIT,risk_unit == 0 or non-finite,NQH19-CME,20613440,2019-02-27 15:01:48.011000+00:00,7091.75,{'stop_loss_price': 7091.75}
INVALID_RISK_UNIT,risk_unit == 0 or non-finite,NQH19-CME,20613441,2019-02-27 15:01:48.012000+00:00,7091.75,{'stop_loss_price': 7091.75}
INVALID_RISK_UNIT,risk_unit == 0 or non-finite,NQH19-CME,20613442,2019-02-27 15:01:49+00:00,7091.75,{'stop_loss_price': 7091.75}
INVALID_RISK_UNIT,risk_unit == 0 or non-finite,NQH19-CME,20613453,2019-02-27 15:01:50.001000+00:00,7091.75,{'stop_loss_price': 7091.75}
INVALID_RISK_UNIT,risk_unit == 0 or non-finite,NQH19-CME,20620733,2019-02-27 15:06:12+00:00,7081.25,{'stop_loss_price': 7081.25}
INVALID_RISK_UNIT,risk_unit == 0 or non-finite,NQH19-CME,20620734,2019-02-27 15:06:12.001000+00:00,7081.25,{'stop_loss_price': 7081.25}
INVALID_RISK_UNIT,risk_unit == 0 or non-finite,NQH19-CME,20620735,2019-02-27 15:06:12.002000+00:00,7081.25,{'stop_loss_price': 7081.25}
INVALID_RISK_UNIT,risk_unit == 0 or non-finite,NQH19-CME,20620736,2019-02-27 15:06:12.003000+00:00,7081.25,{'stop_loss_price': 7081.25}
INVALID_RISK_UNIT,risk_unit == 0 or non-finite,NQH19-CME,20620737,2019-02-27 15:06:12.004000+00:00,7081.25,{'stop_loss_price': 7081.25}
INVALID_RISK_UNIT,risk_unit == 0 or non-finite,NQH19-CME,20620738,2019-02-27 15:06:12.005000+00:00,7081.25,{'stop_loss_price': 7081.25}
INVALID_RISK_UNIT,risk_unit == 0 or non-finite,NQH19-CME,20620739,2019-02-27 15:06:12.006000+00:00,7081.25,{'stop_loss_price': 7081.25}
INVALID_RISK_UNIT,risk_unit == 0 or non-finite,NQH19-CME,20620740,2019-02-27 15:06:12.007000+00:00,7081.25,{'stop_loss_price': 7081.25}
INVALID_RISK_UNIT,risk_unit == 0 or non-finite,NQH19-CME,20620741,2019-02-27 15:06:12.008000+00:00,7081.25,{'stop_loss_price': 7081.25}
INVALID_RISK_UNIT,risk_unit == 0 or non-finite,NQH19-CME,20620742,2019-02-27 15:06:12.009000+00:00,7081.25,{'stop_loss_price': 7081.25}
INVALID_RISK_UNIT,risk_unit == 0 or non-finite,NQH19-CME,20620743,2019-02-27 15:06:12.010000+00:00,7081.25,{'stop_loss_price': 7081.25}
INVALID_RISK_UNIT,risk_unit == 0 or non-finite,NQH19-CME,20643882,2019-02-27 15:17:52+00:00,7064.5,{'stop_loss_price': 7064.5}
INVALID_RISK_UNIT,risk_unit == 0 or non-finite,NQH19-CME,20653446,2019-02-27 15:24:46.017000+00:00,7060.25,{'stop_loss_price': 7060.25}
INVALID_RISK_UNIT,risk_unit == 0 or non-finite,NQH19-CME,20653786,2019-02-27 15:25:04.009000+00:00,7060.0,{'stop_loss_price': 7060.0}
INVALID_RISK_UNIT,risk_unit == 0 or non-finite,NQH19-CME,20700564,2019-02-27 16:14:50.010000+00:00,7081.25,{'stop_loss_price': 7081.25}
INVALID_RISK_UNIT,risk_unit == 0 or non-finite,NQH19-CME,20700565,2019-02-27 16:14:50.011000+00:00,7081.25,{'stop_loss_price': 7081.25}
INVALID_RISK_UNIT,risk_unit == 0 or non-finite,NQH19-CME,20700567,2019-02-27 16:14:50.013000+00:00,7081.25,{'stop_loss_price': 7081.25}
INVALID_RISK_UNIT,risk_unit == 0 or non-finite,NQH19-CME,20738667,2019-02-27 17:24:29+00:00,7105.25,{'stop_loss_price': 7105.25}
INVALID_RISK_UNIT,risk_unit == 0 or non-finite,NQH19-CME,20738668,2019-02-27 17:24:29.001000+00:00,7105.25,{'stop_loss_price': 7105.25}
INVALID_RISK_UNIT,risk_unit == 0 or non-finite,NQH19-CME,20738669,2019-02-27 17:24:29.002000+00:00,7105.25,{'stop_loss_price': 7105.25}
INVALID_RISK_UNIT,risk_unit == 0 or non-finite,NQH19-CME,20852898,2019-02-28 07:22:11+00:00,7082.0,{'stop_loss_price': 7082.0}
INVALID_RISK_UNIT,risk_unit == 0 or non-finite,NQH19-CME,20852899,2019-02-28 07:22:11.001000+00:00,7082.0,{'stop_loss_price': 7082.0}
INVALID_RISK_UNIT,risk_unit == 0 or non-finite,NQH19-CME,20943403,2019-02-28 15:09:28.003000+00:00,7088.0,{'stop_loss_price': 7088.0}
INVALID_RISK_UNIT,risk_unit == 0 or non-finite,NQH19-CME,20962633,2019-02-28 15:28:55.013000+00:00,7094.0,{'stop_loss_price': 7094.0}
INVALID_RISK_UNIT,risk_unit == 0 or non-finite,NQH19-CME,20962634,2019-02-28 15:28:55.014000+00:00,7094.0,{'stop_loss_price': 7094.0}
INVALID_RISK_UNIT,risk_unit == 0 or non-finite,NQH19-CME,20962635,2019-02-28 15:28:55.015000+00:00,7094.0,{'stop_loss_price': 7094.0}
INVALID_RISK_UNIT,risk_unit == 0 or non-finite,NQH19-CME,20962640,2019-02-28 15:28:55.020000+00:00,7094.0,{'stop_loss_price': 7094.0}
INVALID_RISK_UNIT,risk_unit == 0 or non-finite,NQH19-CME,21193208,2019-03-01 14:33:06.007000+00:00,7154.0,{'stop_loss_price': 7154.0}
INVALID_RISK_UNIT,risk_unit == 0 or non-finite,NQH19-CME,21193209,2019-03-01 14:33:06.008000+00:00,7154.0,{'stop_loss_price': 7154.0}
INVALID_RISK_UNIT,risk_unit == 0 or non-finite,NQH19-CME,21193224,2019-03-01 14:33:06.023000+00:00,7154.0,{'stop_loss_price': 7154.0}
INVALID_RISK_UNIT,risk_unit == 0 or non-finite,NQH19-CME,21226763,2019-03-01 15:00:28.001000+00:00,7147.0,{'stop_loss_price': 7147.0}
INVALID_RISK_UNIT,risk_unit == 0 or non-finite,NQH19-CME,21239548,2019-03-01 15:09:13+00:00,7146.25,{'stop_loss_price': 7146.25}
INVALID_RISK_UNIT,risk_unit == 0 or non-finite,NQH19-CME,21239549,2019-03-01 15:09:13.001000+00:00,7146.25,{'stop_loss_price': 7146.25}
INVALID_RISK_UNIT,risk_unit == 0 or non-finite,NQH19-CME,21239550,2019-03-01 15:09:13.002000+00:00,7146.25,{'stop_loss_price': 7146.25}
INVALID_RISK_UNIT,risk_unit == 0 or non-finite,NQH19-CME,21239551,2019-03-01 15:09:13.003000+00:00,7146.25,{'stop_loss_price': 7146.25}
INVALID_RISK_UNIT,risk_unit == 0 or non-finite,NQH19-CME,21239552,2019-03-01 15:09:13.004000+00:00,7146.25,{'stop_loss_price': 7146.25}
INVALID_RISK_UNIT,risk_unit == 0 or non-finite,NQH19-CME,21290270,2019-03-01 16:04:22.006000+00:00,7130.25,{'stop_loss_price': 7130.25}
INVALID_RISK_UNIT,risk_unit == 0 or non-finite,NQH19-CME,21379494,2019-03-01 19:16:29.001000+00:00,7146.5,{'stop_loss_price': 7146.5}
INVALID_RISK_UNIT,risk_unit == 0 or non-finite,NQH19-CME,21379495,2019-03-01 19:16:29.002000+00:00,7146.5,{'stop_loss_price': 7146.5}
INVALID_RISK_UNIT,risk_unit == 0 or non-finite,NQH19-CME,21379496,2019-03-01 19:16:29.003000+00:00,7146.5,{'stop_loss_price': 7146.5}
INVALID_RISK_UNIT,risk_unit == 0 or non-finite,NQH19-CME,21379497,2019-03-01 19:16:29.004000+00:00,7146.5,{'stop_loss_price': 7146.5}
INVALID_RISK_UNIT,risk_unit == 0 or non-finite,NQH19-CME,21379498,2019-03-01 19:16:29.005000+00:00,7146.5,{'stop_loss_price': 7146.5}
INVALID_RISK_UNIT,risk_unit == 0 or non-finite,NQH19-CME,21379499,2019-03-01 19:16:29.006000+00:00,7146.5,{'stop_loss_price': 7146.5}
INVALID_RISK_UNIT,risk_unit == 0 or non-finite,NQH19-CME,21379500,2019-03-01 19:16:29.007000+00:00,7146.5,{'stop_loss_price': 7146.5}
INVALID_RISK_UNIT,risk_unit == 0 or non-finite,NQH19-CME,21379501,2019-03-01 19:16:29.008000+00:00,7146.5,{'stop_loss_price': 7146.5}
INVALID_RISK_UNIT,risk_unit == 0 or non-finite,NQH19-CME,21379502,2019-03-01 19:16:29.009000+00:00,7146.5,{'stop_loss_price': 7146.5}
INVALID_RISK_UNIT,risk_unit == 0 or non-finite,NQH19-CME,21379503,2019-03-01 19:16:29.010000+00:00,7146.5,{'stop_loss_price': 7146.5}
INVALID_RISK_UNIT,risk_unit == 0 or non-finite,NQH19-CME,21379504,2019-03-01 19:16:29.011000+00:00,7146.5,{'stop_loss_price': 7146.5}
INVALID_RISK_UNIT,risk_unit == 0 or non-finite,NQH19-CME,21379505,2019-03-01 19:16:29.012000+00:00,7146.5,{'stop_loss_price': 7146.5}
INVALID_RISK_UNIT,risk_unit == 0 or non-finite,NQH19-CME,21379506,2019-03-01 19:16:29.013000+00:00,7146.5,{'stop_loss_price': 7146.5}
INVALID_RISK_UNIT,risk_unit == 0 or non-finite,NQH19-CME,21379507,2019-03-01 19:16:29.014000+00:00,7146.5,{'stop_loss_price': 7146.5}
INVALID_RISK_UNIT,risk_unit == 0 or non-finite,NQH19-CME,21379508,2019-03-01 19:16:29.015000+00:00,7146.5,{'stop_loss_price': 7146.5}
INVALID_RISK_UNIT,risk_unit == 0 or non-finite,NQH19-CME,21379509,2019-03-01 19:16:29.016000+00:00,7146.5,{'stop_loss_price': 7146.5}
INVALID_RISK_UNIT,risk_unit == 0 or non-finite,NQH19-CME,21379510,2019-03-01 19:16:29.017000+00:00,7146.5,{'stop_loss_price': 7146.5}
INVALID_RISK_UNIT,risk_unit == 0 or non-finite,NQH19-CME,21379511,2019-03-01 19:16:29.018000+00:00,7146.5,{'stop_loss_price': 7146.5}
INVALID_RISK_UNIT,risk_unit == 0 or non-finite,NQH19-CME,21379512,2019-03-01 19:16:29.019000+00:00,7146.5,{'stop_loss_price': 7146.5}
INVALID_RISK_UNIT,risk_unit == 0 or non-finite,NQH19-CME,21379513,2019-03-01 19:16:29.020000+00:00,7146.5,{'stop_loss_price': 7146.5}
INVALID_RISK_UNIT,risk_unit == 0 or non-finite,NQH19-CME,21379514,2019-03-01 19:16:29.021000+00:00,7146.5,{'stop_loss_price': 7146.5}
INVALID_RISK_UNIT,risk_unit == 0 or non-finite,NQH19-CME,21379515,2019-03-01 19:16:29.022000+00:00,7146.5,{'stop_loss_price': 7146.5}
INVALID_RISK_UNIT,risk_unit == 0 or non-finite,NQH19-CME,21379516,2019-03-01 19:16:29.023000+00:00,7146.5,{'stop_loss_price': 7146.5}
INVALID_RISK_UNIT,risk_unit == 0 or non-finite,NQH19-CME,21379517,2019-03-01 19:16:29.024000+00:00,7146.5,{'stop_loss_price': 7146.5}
INVALID_RISK_UNIT,risk_unit == 0 or non-finite,NQH19-CME,21379518,2019-03-01 19:16:29.025000+00:00,7146.5,{'stop_loss_price': 7146.5}
INVALID_RISK_UNIT,risk_unit == 0 or non-finite,NQH19-CME,21379519,2019-03-01 19:16:29.026000+00:00,7146.5,{'stop_loss_price': 7146.5}
INVALID_RISK_UNIT,risk_unit == 0 or non-finite,NQH19-CME,21379520,2019-03-01 19:16:29.027000+00:00,7146.5,{'stop_loss_price': 7146.5}
INVALID_RISK_UNIT,risk_unit == 0 or non-finite,NQH19-CME,21379521,2019-03-01 19:16:29.028000+00:00,7146.5,{'stop_loss_price': 7146.5}
INVALID_RISK_UNIT,risk_unit == 0 or non-finite,NQH19-CME,21379522,2019-03-01 19:16:29.029000+00:00,7146.5,{'stop_loss_price': 7146.5}
INVALID_RISK_UNIT,risk_unit == 0 or non-finite,NQH19-CME,21459643,2019-03-04 08:51:22.014000+00:00,7194.0,{'stop_loss_price': 7194.0}
INVALID_RISK_UNIT,risk_unit == 0 or non-finite,NQH19-CME,21459644,2019-03-04 08:51:22.015000+00:00,7194.0,{'stop_loss_price': 7194.0}
INVALID_RISK_UNIT,risk_unit == 0 or non-finite,NQH19-CME,21459645,2019-03-04 08:51:22.016000+00:00,7194.0,{'stop_loss_price': 7194.0}
INVALID_RISK_UNIT,risk_unit == 0 or non-finite,NQH19-CME,21459646,2019-03-04 08:51:22.017000+00:00,7194.0,{'stop_loss_price': 7194.0}
INVALID_RISK_UNIT,risk_unit == 0 or non-finite,NQH19-CME,21459647,2019-03-04 08:51:22.018000+00:00,7194.0,{'stop_loss_price': 7194.0}
INVALID_RISK_UNIT,risk_unit == 0 or non-finite,NQH19-CME,21459648,2019-03-04 08:51:22.019000+00:00,7194.0,{'stop_loss_price': 7194.0}
INVALID_RISK_UNIT,risk_unit == 0 or non-finite,NQH19-CME,21459653,2019-03-04 08:51:26+00:00,7194.0,{'stop_loss_price': 7194.0}
INVALID_RISK_UNIT,risk_unit == 0 or non-finite,NQH19-CME,21459654,2019-03-04 08:51:26.001000+00:00,7194.0,{'stop_loss_price': 7194.0}
INVALID_RISK_UNIT,risk_unit == 0 or non-finite,NQH19-CME,21459655,2019-03-04 08:51:27+00:00,7194.0,{'stop_loss_price': 7194.0}
INVALID_RISK_UNIT,risk_unit == 0 or non-finite,NQH19-CME,21459659,2019-03-04 08:51:34+00:00,7194.0,{'stop_loss_price': 7194.0}
INVALID_RISK_UNIT,risk_unit == 0 or non-finite,NQH19-CME,21467214,2019-03-04 10:46:41+00:00,7185.0,{'stop_loss_price': 7185.0}
INVALID_RISK_UNIT,risk_unit == 0 or non-finite,NQH19-CME,21487465,2019-03-04 14:31:17.012000+00:00,7201.25,{'stop_loss_price': 7201.25}
INVALID_RISK_UNIT,risk_unit == 0 or non-finite,NQH19-CME,21546660,2019-03-04 15:23:39+00:00,7196.0,{'stop_loss_price': 7196.0}
INVALID_RISK_UNIT,risk_unit == 0 or non-finite,NQH19-CME,21662338,2019-03-04 16:55:59.013000+00:00,7096.25,{'stop_loss_price': 7096.25}
INVALID_RISK_UNIT,risk_unit == 0 or non-finite,NQH19-CME,21713685,2019-03-04 17:27:17.015000+00:00,7078.25,{'stop_loss_price': 7078.25}
INVALID_RISK_UNIT,risk_unit == 0 or non-finite,NQH19-CME,21713686,2019-03-04 17:27:17.016000+00:00,7078.25,{'stop_loss_price': 7078.25}
INVALID_RISK_UNIT,risk_unit == 0 or non-finite,NQH19-CME,21713687,2019-03-04 17:27:17.017000+00:00,7078.25,{'stop_loss_price': 7078.25}
INVALID_RISK_UNIT,risk_unit == 0 or non-finite,NQH19-CME,21713688,2019-03-04 17:27:17.018000+00:00,7078.25,{'stop_loss_price': 7078.25}
INVALID_RISK_UNIT,risk_unit == 0 or non-finite,NQH19-CME,21713689,2019-03-04 17:27:17.019000+00:00,7078.25,{'stop_loss_price': 7078.25}
INVALID_RISK_UNIT,risk_unit == 0 or non-finite,NQH19-CME,21713690,2019-03-04 17:27:17.020000+00:00,7078.25,{'stop_loss_price': 7078.25}
INVALID_RISK_UNIT,risk_unit == 0 or non-finite,NQH19-CME,21713691,2019-03-04 17:27:17.021000+00:00,7078.25,{'stop_loss_price': 7078.25}
INVALID_RISK_UNIT,risk_unit == 0 or non-finite,NQH19-CME,21713692,2019-03-04 17:27:17.022000+00:00,7078.25,{'stop_loss_price': 7078.25}
INVALID_RISK_UNIT,risk_unit == 0 or non-finite,NQH19-CME,21713693,2019-03-04 17:27:17.023000+00:00,7078.25,{'stop_loss_price': 7078.25}
INVALID_RISK_UNIT,risk_unit == 0 or non-finite,NQH19-CME,21713694,2019-03-04 17:27:17.024000+00:00,7078.25,{'stop_loss_price': 7078.25}
INVALID_RISK_UNIT,risk_unit == 0 or non-finite,NQH19-CME,21713695,2019-03-04 17:27:17.025000+00:00,7078.25,{'stop_loss_price': 7078.25}
INVALID_RISK_UNIT,risk_unit == 0 or non-finite,NQH19-CME,21744223,2019-03-04 17:50:36.030000+00:00,7094.0,{'stop_loss_price': 7094.0}
INVALID_RISK_UNIT,risk_unit == 0 or non-finite,NQH19-CME,21797361,2019-03-04 18:53:06+00:00,7125.75,{'stop_loss_price': 7125.75}
INVALID_RISK_UNIT,risk_unit == 0 or non-finite,NQH19-CME,21797362,2019-03-04 18:53:06.001000+00:00,7125.75,{'stop_loss_price': 7125.75}
INVALID_RISK_UNIT,risk_unit == 0 or non-finite,NQH19-CME,21797363,2019-03-04 18:53:06.002000+00:00,7125.75,{'stop_loss_price': 7125.75}
INVALID_RISK_UNIT,risk_unit == 0 or non-finite,NQH19-CME,21797364,2019-03-04 18:53:06.003000+00:00,7125.75,{'stop_loss_price': 7125.75}
INVALID_RISK_UNIT,risk_unit == 0 or non-finite,NQH19-CME,21797365,2019-03-04 18:53:06.004000+00:00,7125.75,{'stop_loss_price': 7125.75}
INVALID_RISK_UNIT,risk_unit == 0 or non-finite,NQH19-CME,21797366,2019-03-04 18:53:06.005000+00:00,7125.75,{'stop_loss_price': 7125.75}
INVALID_RISK_UNIT,risk_unit == 0 or non-finite,NQH19-CME,21797367,2019-03-04 18:53:06.006000+00:00,7125.75,{'stop_loss_price': 7125.75}
INVALID_RISK_UNIT,risk_unit == 0 or non-finite,NQH19-CME,21828830,2019-03-04 19:41:40+00:00,7135.0,{'stop_loss_price': 7135.0}
INVALID_RISK_UNIT,risk_unit == 0 or non-finite,NQH19-CME,21886644,2019-03-04 23:27:10+00:00,7139.5,{'stop_loss_price': 7139.5}
INVALID_RISK_UNIT,risk_unit == 0 or non-finite,NQH19-CME,21886645,2019-03-04 23:27:10.001000+00:00,7139.5,{'stop_loss_price': 7139.5}
INVALID_RISK_UNIT,risk_unit == 0 or non-finite,NQH19-CME,21886646,2019-03-04 23:27:10.002000+00:00,7139.5,{'stop_loss_price': 7139.5}
INVALID_RISK_UNIT,risk_unit == 0 or non-finite,NQH19-CME,21886647,2019-03-04 23:27:10.003000+00:00,7139.5,{'stop_loss_price': 7139.5}
INVALID_RISK_UNIT,risk_unit == 0 or non-finite,NQH19-CME,21886648,2019-03-04 23:27:10.004000+00:00,7139.5,{'stop_loss_price': 7139.5}
INVALID_RISK_UNIT,risk_unit == 0 or non-finite,NQH19-CME,21886649,2019-03-04 23:27:10.005000+00:00,7139.5,{'stop_loss_price': 7139.5}
INVALID_RISK_UNIT,risk_unit == 0 or non-finite,NQH19-CME,21886650,2019-03-04 23:27:13+00:00,7139.5,{'stop_loss_price': 7139.5}
INVALID_RISK_UNIT,risk_unit == 0 or non-finite,NQH19-CME,21886651,2019-03-04 23:27:13.001000+00:00,7139.5,{'stop_loss_price': 7139.5}
INVALID_RISK_UNIT,risk_unit == 0 or non-finite,NQH19-CME,21892107,2019-03-05 01:09:27+00:00,7142.5,{'stop_loss_price': 7142.5}
INVALID_RISK_UNIT,risk_unit == 0 or non-finite,NQH19-CME,21892108,2019-03-05 01:09:27.001000+00:00,7142.5,{'stop_loss_price': 7142.5}
INVALID_RISK_UNIT,risk_unit == 0 or non-finite,NQH19-CME,21892109,2019-03-05 01:09:27.002000+00:00,7142.5,{'stop_loss_price': 7142.5}
INVALID_RISK_UNIT,risk_unit == 0 or non-finite,NQH19-CME,21899916,2019-03-05 03:00:15.005000+00:00,7146.5,{'stop_loss_price': 7146.5}
INVALID_RISK_UNIT,risk_unit == 0 or non-finite,NQH19-CME,21899917,2019-03-05 03:00:15.006000+00:00,7146.5,{'stop_loss_price': 7146.5}
INVALID_RISK_UNIT,risk_unit == 0 or non-finite,NQH19-CME,21899919,2019-03-05 03:00:16+00:00,7146.5,{'stop_loss_price': 7146.5}
INVALID_RISK_UNIT,risk_unit == 0 or non-finite,NQH19-CME,21910576,2019-03-05 08:04:02.006000+00:00,7150.5,{'stop_loss_price': 7150.5}
INVALID_RISK_UNIT,risk_unit == 0 or non-finite,NQH19-CME,21910577,2019-03-05 08:04:02.007000+00:00,7150.5,{'stop_loss_price': 7150.5}
INVALID_RISK_UNIT,risk_unit == 0 or non-finite,NQH19-CME,21910578,2019-03-05 08:04:02.008000+00:00,7150.5,{'stop_loss_price': 7150.5}
INVALID_RISK_UNIT,risk_unit == 0 or non-finite,NQH19-CME,21910579,2019-03-05 08:04:02.009000+00:00,7150.5,{'stop_loss_price': 7150.5}
INVALID_RISK_UNIT,risk_unit == 0 or non-finite,NQH19-CME,22022950,2019-03-05 15:20:42.024000+00:00,7138.25,{'stop_loss_price': 7138.25}
INVALID_RISK_UNIT,risk_unit == 0 or non-finite,NQH19-CME,22022951,2019-03-05 15:20:42.025000+00:00,7138.25,{'stop_loss_price': 7138.25}
INVALID_RISK_UNIT,risk_unit == 0 or non-finite,NQH19-CME,22022952,2019-03-05 15:20:42.026000+00:00,7138.25,{'stop_loss_price': 7138.25}
INVALID_RISK_UNIT,risk_unit == 0 or non-finite,NQH19-CME,22022953,2019-03-05 15:20:42.027000+00:00,7138.25,{'stop_loss_price': 7138.25}
INVALID_RISK_UNIT,risk_unit == 0 or non-finite,NQH19-CME,22022954,2019-03-05 15:20:42.028000+00:00,7138.25,{'stop_loss_price': 7138.25}
INVALID_RISK_UNIT,risk_unit == 0 or non-finite,NQH19-CME,22022955,2019-03-05 15:20:43+00:00,7138.25,{'stop_loss_price': 7138.25}
INVALID_RISK_UNIT,risk_unit == 0 or non-finite,NQH19-CME,22100463,2019-03-05 16:56:03.007000+00:00,7160.75,{'stop_loss_price': 7160.75}
INVALID_RISK_UNIT,risk_unit == 0 or non-finite,NQH19-CME,22143843,2019-03-05 19:08:50+00:00,7166.75,{'stop_loss_price': 7166.75}
INVALID_RISK_UNIT,risk_unit == 0 or non-finite,NQH19-CME,22164909,2019-03-05 20:17:15.001000+00:00,7169.5,{'stop_loss_price': 7169.5}
INVALID_RISK_UNIT,risk_unit == 0 or non-finite,NQH19-CME,22164910,2019-03-05 20:17:15.002000+00:00,7169.5,{'stop_loss_price': 7169.5}
INVALID_RISK_UNIT,risk_unit == 0 or non-finite,NQH19-CME,22164911,2019-03-05 20:17:15.003000+00:00,7169.5,{'stop_loss_price': 7169.5}
INVALID_RISK_UNIT,risk_unit == 0 or non-finite,NQH19-CME,22198142,2019-03-06 00:53:37+00:00,7150.0,{'stop_loss_price': 7150.0}
INVALID_RISK_UNIT,risk_unit == 0 or non-finite,NQH19-CME,22198143,2019-03-06 00:53:37.001000+00:00,7150.0,{'stop_loss_price': 7150.0}
INVALID_RISK_UNIT,risk_unit == 0 or non-finite,NQH19-CME,22199839,2019-03-06 01:30:27+00:00,7142.5,{'stop_loss_price': 7142.5}
INVALID_RISK_UNIT,risk_unit == 0 or non-finite,NQH19-CME,22226788,2019-03-06 12:18:38.005000+00:00,7154.75,{'stop_loss_price': 7154.75}
INVALID_RISK_UNIT,risk_unit == 0 or non-finite,NQH19-CME,22288958,2019-03-06 15:00:49.071000+00:00,7156.25,{'stop_loss_price': 7156.25}
INVALID_RISK_UNIT,risk_unit == 0 or non-finite,NQH19-CME,22288959,2019-03-06 15:00:49.072000+00:00,7156.25,{'stop_loss_price': 7156.25}
INVALID_RISK_UNIT,risk_unit == 0 or non-finite,NQH19-CME,22288960,2019-03-06 15:00:49.073000+00:00,7156.25,{'stop_loss_price': 7156.25}
INVALID_RISK_UNIT,risk_unit == 0 or non-finite,NQH19-CME,22288961,2019-03-06 15:00:49.074000+00:00,7156.25,{'stop_loss_price': 7156.25}
INVALID_RISK_UNIT,risk_unit == 0 or non-finite,NQH19-CME,22288962,2019-03-06 15:00:49.075000+00:00,7156.25,{'stop_loss_price': 7156.25}
INVALID_RISK_UNIT,risk_unit == 0 or non-finite,NQH19-CME,22288963,2019-03-06 15:00:49.076000+00:00,7156.25,{'stop_loss_price': 7156.25}
INVALID_RISK_UNIT,risk_unit == 0 or non-finite,NQH19-CME,22288964,2019-03-06 15:00:49.077000+00:00,7156.25,{'stop_loss_price': 7156.25}
INVALID_RISK_UNIT,risk_unit == 0 or non-finite,NQH19-CME,22288965,2019-03-06 15:00:49.078000+00:00,7156.25,{'stop_loss_price': 7156.25}
INVALID_RISK_UNIT,risk_unit == 0 or non-finite,NQH19-CME,22288966,2019-03-06 15:00:49.079000+00:00,7156.25,{'stop_loss_price': 7156.25}
INVALID_RISK_UNIT,risk_unit == 0 or non-finite,NQH19-CME,22288967,2019-03-06 15:00:49.080000+00:00,7156.25,{'stop_loss_price': 7156.25}
INVALID_RISK_UNIT,risk_unit == 0 or non-finite,NQH19-CME,22288968,2019-03-06 15:00:49.081000+00:00,7156.25,{'stop_loss_price': 7156.25}
INVALID_RISK_UNIT,risk_unit == 0 or non-finite,NQH19-CME,22288969,2019-03-06 15:00:49.082000+00:00,7156.25,{'stop_loss_price': 7156.25}
INVALID_RISK_UNIT,risk_unit == 0 or non-finite,NQH19-CME,22288973,2019-03-06 15:00:50.003000+00:00,7156.25,{'stop_loss_price': 7156.25}
INVALID_RISK_UNIT,risk_unit == 0 or non-finite,NQH19-CME,22308909,2019-03-06 15:18:22.007000+00:00,7150.5,{'stop_loss_price': 7150.5}
INVALID_RISK_UNIT,risk_unit == 0 or non-finite,NQH19-CME,22330576,2019-03-06 15:34:28.017000+00:00,7121.75,{'stop_loss_price': 7121.75}
INVALID_RISK_UNIT,risk_unit == 0 or non-finite,NQH19-CME,22330577,2019-03-06 15:34:28.018000+00:00,7121.75,{'stop_loss_price': 7121.75}
INVALID_RISK_UNIT,risk_unit == 0 or non-finite,NQH19-CME,22330578,2019-03-06 15:34:28.019000+00:00,7121.75,{'stop_loss_price': 7121.75}
INVALID_RISK_UNIT,risk_unit == 0 or non-finite,NQH19-CME,22345565,2019-03-06 15:51:40+00:00,7126.5,{'stop_loss_price': 7126.5}
INVALID_RISK_UNIT,risk_unit == 0 or non-finite,NQH19-CME,22372679,2019-03-06 16:25:04.032000+00:00,7129.0,{'stop_loss_price': 7129.0}
INVALID_RISK_UNIT,risk_unit == 0 or non-finite,NQH19-CME,22372680,2019-03-06 16:25:04.033000+00:00,7129.0,{'stop_loss_price': 7129.0}
INVALID_RISK_UNIT,risk_unit == 0 or non-finite,NQH19-CME,22388188,2019-03-06 16:42:36.004000+00:00,7116.25,{'stop_loss_price': 7116.25}
INVALID_RISK_UNIT,risk_unit == 0 or non-finite,NQH19-CME,22388189,2019-03-06 16:42:36.005000+00:00,7116.25,{'stop_loss_price': 7116.25}
INVALID_RISK_UNIT,risk_unit == 0 or non-finite,NQH19-CME,22388190,2019-03-06 16:42:36.006000+00:00,7116.25,{'stop_loss_price': 7116.25}
INVALID_RISK_UNIT,risk_unit == 0 or non-finite,NQH19-CME,22388191,2019-03-06 16:42:36.007000+00:00,7116.25,{'stop_loss_price': 7116.25}
INVALID_RISK_UNIT,risk_unit == 0 or non-finite,NQH19-CME,22388203,2019-03-06 16:42:39+00:00,7116.25,{'stop_loss_price': 7116.25}
INVALID_RISK_UNIT,risk_unit == 0 or non-finite,NQH19-CME,22394459,2019-03-06 16:49:29.001000+00:00,7120.0,{'stop_loss_price': 7120.0}
INVALID_RISK_UNIT,risk_unit == 0 or non-finite,NQH19-CME,22518827,2019-03-06 20:20:31.009000+00:00,7115.75,{'stop_loss_price': 7115.75}
INVALID_RISK_UNIT,risk_unit == 0 or non-finite,NQH19-CME,22518828,2019-03-06 20:20:31.010000+00:00,7115.75,{'stop_loss_price': 7115.75}
INVALID_RISK_UNIT,risk_unit == 0 or non-finite,NQH19-CME,22518829,2019-03-06 20:20:31.011000+00:00,7115.75,{'stop_loss_price': 7115.75}
INVALID_RISK_UNIT,risk_unit == 0 or non-finite,NQH19-CME,22518830,2019-03-06 20:20:31.012000+00:00,7115.75,{'stop_loss_price': 7115.75}
INVALID_RISK_UNIT,risk_unit == 0 or non-finite,NQH19-CME,22518831,2019-03-06 20:20:32+00:00,7115.75,{'stop_loss_price': 7115.75}
INVALID_RISK_UNIT,risk_unit == 0 or non-finite,NQH19-CME,22518832,2019-03-06 20:20:32.001000+00:00,7115.75,{'stop_loss_price': 7115.75}
INVALID_RISK_UNIT,risk_unit == 0 or non-finite,NQH19-CME,22518833,2019-03-06 20:20:32.002000+00:00,7115.75,{'stop_loss_price': 7115.75}
INVALID_RISK_UNIT,risk_unit == 0 or non-finite,NQH19-CME,22518834,2019-03-06 20:20:32.003000+00:00,7115.75,{'stop_loss_price': 7115.75}
INVALID_RISK_UNIT,risk_unit == 0 or non-finite,NQH19-CME,22518835,2019-03-06 20:20:32.004000+00:00,7115.75,{'stop_loss_price': 7115.75}
INVALID_RISK_UNIT,risk_unit == 0 or non-finite,NQH19-CME,22518836,2019-03-06 20:20:32.005000+00:00,7115.75,{'stop_loss_price': 7115.75}
INVALID_RISK_UNIT,risk_unit == 0 or non-finite,NQH19-CME,22518837,2019-03-06 20:20:32.006000+00:00,7115.75,{'stop_loss_price': 7115.75}
INVALID_RISK_UNIT,risk_unit == 0 or non-finite,NQH19-CME,22518838,2019-03-06 20:20:32.007000+00:00,7115.75,{'stop_loss_price': 7115.75}
INVALID_RISK_UNIT,risk_unit == 0 or non-finite,NQH19-CME,22518839,2019-03-06 20:20:33+00:00,7115.75,{'stop_loss_price': 7115.75}
INVALID_RISK_UNIT,risk_unit == 0 or non-finite,NQH19-CME,22518840,2019-03-06 20:20:33.001000+00:00,7115.75,{'stop_loss_price': 7115.75}
INVALID_RISK_UNIT,risk_unit == 0 or non-finite,NQH19-CME,22518841,2019-03-06 20:20:33.002000+00:00,7115.75,{'stop_loss_price': 7115.75}
INVALID_RISK_UNIT,risk_unit == 0 or non-finite,NQH19-CME,22518842,2019-03-06 20:20:33.003000+00:00,7115.75,{'stop_loss_price': 7115.75}
INVALID_RISK_UNIT,risk_unit == 0 or non-finite,NQH19-CME,22518843,2019-03-06 20:20:33.004000+00:00,7115.75,{'stop_loss_price': 7115.75}
INVALID_RISK_UNIT,risk_unit == 0 or non-finite,NQH19-CME,22518844,2019-03-06 20:20:33.005000+00:00,7115.75,{'stop_loss_price': 7115.75}
INVALID_RISK_UNIT,risk_unit == 0 or non-finite,NQH19-CME,22559754,2019-03-07 00:12:08.001000+00:00,7097.75,{'stop_loss_price': 7097.75}
INVALID_RISK_UNIT,risk_unit == 0 or non-finite,NQH19-CME,22559755,2019-03-07 00:12:08.002000+00:00,7097.75,{'stop_loss_price': 7097.75}
INVALID_RISK_UNIT,risk_unit == 0 or non-finite,NQH19-CME,22559756,2019-03-07 00:12:08.003000+00:00,7097.75,{'stop_loss_price': 7097.75}
INVALID_RISK_UNIT,risk_unit == 0 or non-finite,NQH19-CME,22559757,2019-03-07 00:12:08.004000+00:00,7097.75,{'stop_loss_price': 7097.75}
INVALID_RISK_UNIT,risk_unit == 0 or non-finite,NQH19-CME,22559758,2019-03-07 00:12:08.005000+00:00,7097.75,{'stop_loss_price': 7097.75}
INVALID_RISK_UNIT,risk_unit == 0 or non-finite,NQH19-CME,22559759,2019-03-07 00:12:08.006000+00:00,7097.75,{'stop_loss_price': 7097.75}
INVALID_RISK_UNIT,risk_unit == 0 or non-finite,NQH19-CME,22571425,2019-03-07 05:27:41+00:00,7096.0,{'stop_loss_price': 7096.0}
INVALID_RISK_UNIT,risk_unit == 0 or non-finite,NQH19-CME,22571426,2019-03-07 05:27:41.001000+00:00,7096.0,{'stop_loss_price': 7096.0}
INVALID_RISK_UNIT,risk_unit == 0 or non-finite,NQH19-CME,22571433,2019-03-07 05:27:52+00:00,7096.0,{'stop_loss_price': 7096.0}
INVALID_RISK_UNIT,risk_unit == 0 or non-finite,NQH19-CME,22571434,2019-03-07 05:27:52.001000+00:00,7096.0,{'stop_loss_price': 7096.0}
INVALID_RISK_UNIT,risk_unit == 0 or non-finite,NQH19-CME,22667043,2019-03-07 14:49:39.018000+00:00,7058.25,{'stop_loss_price': 7058.25}
INVALID_RISK_UNIT,risk_unit == 0 or non-finite,NQH19-CME,22667044,2019-03-07 14:49:39.019000+00:00,7058.25,{'stop_loss_price': 7058.25}
INVALID_RISK_UNIT,risk_unit == 0 or non-finite,NQH19-CME,22667045,2019-03-07 14:49:39.020000+00:00,7058.25,{'stop_loss_price': 7058.25}
INVALID_RISK_UNIT,risk_unit == 0 or non-finite,NQH19-CME,22667046,2019-03-07 14:49:39.021000+00:00,7058.25,{'stop_loss_price': 7058.25}
INVALID_RISK_UNIT,risk_unit == 0 or non-finite,NQH19-CME,22667047,2019-03-07 14:49:39.022000+00:00,7058.25,{'stop_loss_price': 7058.25}
INVALID_RISK_UNIT,risk_unit == 0 or non-finite,NQH19-CME,22667048,2019-03-07 14:49:39.023000+00:00,7058.25,{'stop_loss_price': 7058.25}
INVALID_RISK_UNIT,risk_unit == 0 or non-finite,NQH19-CME,22667049,2019-03-07 14:49:39.024000+00:00,7058.25,{'stop_loss_price': 7058.25}
INVALID_RISK_UNIT,risk_unit == 0 or non-finite,NQH19-CME,22765038,2019-03-07 15:56:11.010000+00:00,7048.5,{'stop_loss_price': 7048.5}
INVALID_RISK_UNIT,risk_unit == 0 or non-finite,NQH19-CME,22765039,2019-03-07 15:56:11.011000+00:00,7048.5,{'stop_loss_price': 7048.5}
INVALID_RISK_UNIT,risk_unit == 0 or non-finite,NQH19-CME,22765040,2019-03-07 15:56:11.012000+00:00,7048.5,{'stop_loss_price': 7048.5}
INVALID_RISK_UNIT,risk_unit == 0 or non-finite,NQH19-CME,22765041,2019-03-07 15:56:11.013000+00:00,7048.5,{'stop_loss_price': 7048.5}
INVALID_RISK_UNIT,risk_unit == 0 or non-finite,NQH19-CME,22765042,2019-03-07 15:56:11.014000+00:00,7048.5,{'stop_loss_price': 7048.5}
INVALID_RISK_UNIT,risk_unit == 0 or non-finite,NQH19-CME,22765043,2019-03-07 15:56:11.015000+00:00,7048.5,{'stop_loss_price': 7048.5}
INVALID_RISK_UNIT,risk_unit == 0 or non-finite,NQH19-CME,22765044,2019-03-07 15:56:11.016000+00:00,7048.5,{'stop_loss_price': 7048.5}
INVALID_RISK_UNIT,risk_unit == 0 or non-finite,NQH19-CME,22765045,2019-03-07 15:56:11.017000+00:00,7048.5,{'stop_loss_price': 7048.5}
INVALID_RISK_UNIT,risk_unit == 0 or non-finite,NQH19-CME,22765046,2019-03-07 15:56:11.018000+00:00,7048.5,{'stop_loss_price': 7048.5}
INVALID_RISK_UNIT,risk_unit == 0 or non-finite,NQH19-CME,22765047,2019-03-07 15:56:11.019000+00:00,7048.5,{'stop_loss_price': 7048.5}
INVALID_RISK_UNIT,risk_unit == 0 or non-finite,NQH19-CME,22798332,2019-03-07 16:31:56.020000+00:00,7066.25,{'stop_loss_price': 7066.25}
INVALID_RISK_UNIT,risk_unit == 0 or non-finite,NQH19-CME,22798333,2019-03-07 16:31:56.021000+00:00,7066.25,{'stop_loss_price': 7066.25}
INVALID_RISK_UNIT,risk_unit == 0 or non-finite,NQH19-CME,22798334,2019-03-07 16:31:56.022000+00:00,7066.25,{'stop_loss_price': 7066.25}
INVALID_RISK_UNIT,risk_unit == 0 or non-finite,NQH19-CME,22798335,2019-03-07 16:31:57+00:00,7066.25,{'stop_loss_price': 7066.25}
INVALID_RISK_UNIT,risk_unit == 0 or non-finite,NQH19-CME,22798336,2019-03-07 16:31:57.001000+00:00,7066.25,{'stop_loss_price': 7066.25}
INVALID_RISK_UNIT,risk_unit == 0 or non-finite,NQH19-CME,22798341,2019-03-07 16:31:57.006000+00:00,7066.25,{'stop_loss_price': 7066.25}
INVALID_RISK_UNIT,risk_unit == 0 or non-finite,NQH19-CME,22798342,2019-03-07 16:31:57.007000+00:00,7066.25,{'stop_loss_price': 7066.25}
INVALID_RISK_UNIT,risk_unit == 0 or non-finite,NQH19-CME,22798343,2019-03-07 16:31:57.008000+00:00,7066.25,{'stop_loss_price': 7066.25}
INVALID_RISK_UNIT,risk_unit == 0 or non-finite,NQH19-CME,22798344,2019-03-07 16:31:57.009000+00:00,7066.25,{'stop_loss_price': 7066.25}
INVALID_RISK_UNIT,risk_unit == 0 or non-finite,NQH19-CME,22798345,2019-03-07 16:31:57.010000+00:00,7066.25,{'stop_loss_price': 7066.25}
INVALID_RISK_UNIT,risk_unit == 0 or non-finite,NQH19-CME,22798346,2019-03-07 16:31:57.011000+00:00,7066.25,{'stop_loss_price': 7066.25}
INVALID_RISK_UNIT,risk_unit == 0 or non-finite,NQH19-CME,22798347,2019-03-07 16:31:57.012000+00:00,7066.25,{'stop_loss_price': 7066.25}
INVALID_RISK_UNIT,risk_unit == 0 or non-finite,NQH19-CME,22798348,2019-03-07 16:31:57.013000+00:00,7066.25,{'stop_loss_price': 7066.25}
INVALID_RISK_UNIT,risk_unit == 0 or non-finite,NQH19-CME,22798349,2019-03-07 16:31:57.014000+00:00,7066.25,{'stop_loss_price': 7066.25}
INVALID_RISK_UNIT,risk_unit == 0 or non-finite,NQH19-CME,22798350,2019-03-07 16:31:57.015000+00:00,7066.25,{'stop_loss_price': 7066.25}
INVALID_RISK_UNIT,risk_unit == 0 or non-finite,NQH19-CME,22798351,2019-03-07 16:31:57.016000+00:00,7066.25,{'stop_loss_price': 7066.25}
INVALID_RISK_UNIT,risk_unit == 0 or non-finite,NQH19-CME,22798352,2019-03-07 16:31:57.017000+00:00,7066.25,{'stop_loss_price': 7066.25}
INVALID_RISK_UNIT,risk_unit == 0 or non-finite,NQH19-CME,22802629,2019-03-07 16:35:40.006000+00:00,7067.25,{'stop_loss_price': 7067.25}
INVALID_RISK_UNIT,risk_unit == 0 or non-finite,NQH19-CME,22802630,2019-03-07 16:35:40.007000+00:00,7067.25,{'stop_loss_price': 7067.25}
INVALID_RISK_UNIT,risk_unit == 0 or non-finite,NQH19-CME,22802632,2019-03-07 16:35:41+00:00,7067.25,{'stop_loss_price': 7067.25}
INVALID_RISK_UNIT,risk_unit == 0 or non-finite,NQH19-CME,22822981,2019-03-07 17:07:54.099000+00:00,7070.0,{'stop_loss_price': 7070.0}
INVALID_RISK_UNIT,risk_unit == 0 or non-finite,NQH19-CME,22822982,2019-03-07 17:07:54.100000+00:00,7070.0,{'stop_loss_price': 7070.0}
INVALID_RISK_UNIT,risk_unit == 0 or non-finite,NQH19-CME,22822983,2019-03-07 17:07:54.101000+00:00,7070.0,{'stop_loss_price': 7070.0}
INVALID_RISK_UNIT,risk_unit == 0 or non-finite,NQH19-CME,22822984,2019-03-07 17:07:54.102000+00:00,7070.0,{'stop_loss_price': 7070.0}
INVALID_RISK_UNIT,risk_unit == 0 or non-finite,NQH19-CME,22822985,2019-03-07 17:07:54.103000+00:00,7070.0,{'stop_loss_price': 7070.0}
INVALID_RISK_UNIT,risk_unit == 0 or non-finite,NQH19-CME,22822986,2019-03-07 17:07:54.104000+00:00,7070.0,{'stop_loss_price': 7070.0}
INVALID_RISK_UNIT,risk_unit == 0 or non-finite,NQH19-CME,22822987,2019-03-07 17:07:54.105000+00:00,7070.0,{'stop_loss_price': 7070.0}
INVALID_RISK_UNIT,risk_unit == 0 or non-finite,NQH19-CME,22822988,2019-03-07 17:07:54.106000+00:00,7070.0,{'stop_loss_price': 7070.0}
INVALID_RISK_UNIT,risk_unit == 0 or non-finite,NQH19-CME,22822989,2019-03-07 17:07:54.107000+00:00,7070.0,{'stop_loss_price': 7070.0}
INVALID_RISK_UNIT,risk_unit == 0 or non-finite,NQH19-CME,22822990,2019-03-07 17:07:54.108000+00:00,7070.0,{'stop_loss_price': 7070.0}
INVALID_RISK_UNIT,risk_unit == 0 or non-finite,NQH19-CME,22826735,2019-03-07 17:14:27.008000+00:00,7063.75,{'stop_loss_price': 7063.75}
INVALID_RISK_UNIT,risk_unit == 0 or non-finite,NQH19-CME,22826736,2019-03-07 17:14:27.009000+00:00,7063.75,{'stop_loss_price': 7063.75}
INVALID_RISK_UNIT,risk_unit == 0 or non-finite,NQH19-CME,22826737,2019-03-07 17:14:27.010000+00:00,7063.75,{'stop_loss_price': 7063.75}
INVALID_RISK_UNIT,risk_unit == 0 or non-finite,NQH19-CME,22826738,2019-03-07 17:14:27.011000+00:00,7063.75,{'stop_loss_price': 7063.75}
INVALID_RISK_UNIT,risk_unit == 0 or non-finite,NQH19-CME,22826739,2019-03-07 17:14:27.012000+00:00,7063.75,{'stop_loss_price': 7063.75}
INVALID_RISK_UNIT,risk_unit == 0 or non-finite,NQH19-CME,22826740,2019-03-07 17:14:27.013000+00:00,7063.75,{'stop_loss_price': 7063.75}
INVALID_RISK_UNIT,risk_unit == 0 or non-finite,NQH19-CME,22826741,2019-03-07 17:14:27.014000+00:00,7063.75,{'stop_loss_price': 7063.75}
INVALID_RISK_UNIT,risk_unit == 0 or non-finite,NQH19-CME,22826742,2019-03-07 17:14:27.015000+00:00,7063.75,{'stop_loss_price': 7063.75}
INVALID_RISK_UNIT,risk_unit == 0 or non-finite,NQH19-CME,22826743,2019-03-07 17:14:27.016000+00:00,7063.75,{'stop_loss_price': 7063.75}
INVALID_RISK_UNIT,risk_unit == 0 or non-finite,NQH19-CME,22826744,2019-03-07 17:14:27.017000+00:00,7063.75,{'stop_loss_price': 7063.75}
INVALID_RISK_UNIT,risk_unit == 0 or non-finite,NQH19-CME,22826745,2019-03-07 17:14:27.018000+00:00,7063.75,{'stop_loss_price': 7063.75}
INVALID_RISK_UNIT,risk_unit == 0 or non-finite,NQH19-CME,22826747,2019-03-07 17:14:27.020000+00:00,7063.75,{'stop_loss_price': 7063.75}
INVALID_RISK_UNIT,risk_unit == 0 or non-finite,NQH19-CME,22853082,2019-03-07 17:43:22+00:00,7067.25,{'stop_loss_price': 7067.25}
INVALID_RISK_UNIT,risk_unit == 0 or non-finite,NQH19-CME,22853083,2019-03-07 17:43:22.001000+00:00,7067.25,{'stop_loss_price': 7067.25}
INVALID_RISK_UNIT,risk_unit == 0 or non-finite,NQH19-CME,22853084,2019-03-07 17:43:22.002000+00:00,7067.25,{'stop_loss_price': 7067.25}
INVALID_RISK_UNIT,risk_unit == 0 or non-finite,NQH19-CME,22853085,2019-03-07 17:43:22.003000+00:00,7067.25,{'stop_loss_price': 7067.25}
INVALID_RISK_UNIT,risk_unit == 0 or non-finite,NQH19-CME,22853086,2019-03-07 17:43:22.004000+00:00,7067.25,{'stop_loss_price': 7067.25}
INVALID_RISK_UNIT,risk_unit == 0 or non-finite,NQH19-CME,22853087,2019-03-07 17:43:22.005000+00:00,7067.25,{'stop_loss_price': 7067.25}
INVALID_RISK_UNIT,risk_unit == 0 or non-finite,NQH19-CME,22853088,2019-03-07 17:43:22.006000+00:00,7067.25,{'stop_loss_price': 7067.25}
