code,message,contract,row_index,timestamp_utc,price,context
INVALID_RISK_UNIT,risk_unit == 0 or non-finite,NQH21-CME,14675,2020-12-15 07:10:20.294000+00:00,12475.5,{'stop_loss_price': 12475.5}
INVALID_RISK_UNIT,risk_unit == 0 or non-finite,NQH21-CME,26221,2020-12-15 11:20:01.359000+00:00,12516.0,{'stop_loss_price': 12516.0}
INVALID_RISK_UNIT,risk_unit == 0 or non-finite,NQH21-CME,42685,2020-12-15 14:30:13.113000+00:00,12569.75,{'stop_loss_price': 12569.75}
INVALID_RISK_UNIT,risk_unit == 0 or non-finite,NQH21-CME,42686,2020-12-15 14:30:13.129000+00:00,12569.75,{'stop_loss_price': 12569.75}
INVALID_RISK_UNIT,risk_unit == 0 or non-finite,NQH21-CME,42687,2020-12-15 14:30:13.152000+00:00,12569.75,{'stop_loss_price': 12569.75}
INVALID_RISK_UNIT,risk_unit == 0 or non-finite,NQH21-CME,42688,2020-12-15 14:30:13.215000+00:00,12569.75,{'stop_loss_price': 12569.75}
INVALID_RISK_UNIT,risk_unit == 0 or non-finite,NQH21-CME,42689,2020-12-15 14:30:13.265000+00:00,12569.75,{'stop_loss_price': 12569.75}
INVALID_RISK_UNIT,risk_unit == 0 or non-finite,NQH21-CME,68862,2020-12-15 14:41:01.044000+00:00,12574.0,{'stop_loss_price': 12574.0}
INVALID_RISK_UNIT,risk_unit == 0 or non-finite,NQH21-CME,68863,2020-12-15 14:41:01.044001+00:00,12574.0,{'stop_loss_price': 12574.0}
INVALID_RISK_UNIT,risk_unit == 0 or non-finite,NQH21-CME,68864,2020-12-15 14:41:01.044002+00:00,12574.0,{'stop_loss_price': 12574.0}
INVALID_RISK_UNIT,risk_unit == 0 or non-finite,NQH21-CME,68865,2020-12-15 14:41:01.045000+00:00,12574.0,{'stop_loss_price': 12574.0}
INVALID_RISK_UNIT,risk_unit == 0 or non-finite,NQH21-CME,68869,2020-12-15 14:41:01.118000+00:00,12574.0,{'stop_loss_price': 12574.0}
INVALID_RISK_UNIT,risk_unit == 0 or non-finite,NQH21-CME,68870,2020-12-15 14:41:01.118001+00:00,12574.0,{'stop_loss_price': 12574.0}
INVALID_RISK_UNIT,risk_unit == 0 or non-finite,NQH21-CME,123840,2020-12-15 15:34:59.357000+00:00,12562.0,{'stop_loss_price': 12562.0}
INVALID_RISK_UNIT,risk_unit == 0 or non-finite,NQH21-CME,123841,2020-12-15 15:34:59.357001+00:00,12562.0,{'stop_loss_price': 12562.0}
INVALID_RISK_UNIT,risk_unit == 0 or non-finite,NQH21-CME,123842,2020-12-15 15:34:59.357002+00:00,12562.0,{'stop_loss_price': 12562.0}
INVALID_RISK_UNIT,risk_unit == 0 or non-finite,NQH21-CME,123843,2020-12-15 15:34:59.357003+00:00,12562.0,{'stop_loss_price': 12562.0}
INVALID_RISK_UNIT,risk_unit == 0 or non-finite,NQH21-CME,123844,2020-12-15 15:34:59.357004+00:00,12562.0,{'stop_loss_price': 12562.0}
INVALID_RISK_UNIT,risk_unit == 0 or non-finite,NQH21-CME,190920,2020-12-15 16:47:02.328000+00:00,12499.5,{'stop_loss_price': 12499.5}
INVALID_RISK_UNIT,risk_unit == 0 or non-finite,NQH21-CME,190921,2020-12-15 16:47:02.328001+00:00,12499.5,{'stop_loss_price': 12499.5}
INVALID_RISK_UNIT,risk_unit == 0 or non-finite,NQH21-CME,261466,2020-12-15 19:47:25.435000+00:00,12575.25,{'stop_loss_price': 12575.25}
INVALID_RISK_UNIT,risk_unit == 0 or non-finite,NQH21-CME,270618,2020-12-15 20:08:17.695000+00:00,12581.0,{'stop_loss_price': 12581.0}
INVALID_RISK_UNIT,risk_unit == 0 or non-finite,NQH21-CME,272584,2020-12-15 20:11:56.076007+00:00,12572.25,{'stop_loss_price': 12572.25}
INVALID_RISK_UNIT,risk_unit == 0 or non-finite,NQH21-CME,272585,2020-12-15 20:11:56.076008+00:00,12572.25,{'stop_loss_price': 12572.25}
INVALID_RISK_UNIT,risk_unit == 0 or non-finite,NQH21-CME,272586,2020-12-15 20:11:56.076009+00:00,12572.25,{'stop_loss_price': 12572.25}
INVALID_RISK_UNIT,risk_unit == 0 or non-finite,NQH21-CME,272587,2020-12-15 20:11:56.076010+00:00,12572.25,{'stop_loss_price': 12572.25}
INVALID_RISK_UNIT,risk_unit == 0 or non-finite,NQH21-CME,272589,2020-12-15 20:11:56.077000+00:00,12572.25,{'stop_loss_price': 12572.25}
INVALID_RISK_UNIT,risk_unit == 0 or non-finite,NQH21-CME,274253,2020-12-15 20:17:08.532000+00:00,12578.75,{'stop_loss_price': 12578.75}
INVALID_RISK_UNIT,risk_unit == 0 or non-finite,NQH21-CME,280451,2020-12-15 20:29:58+00:00,12586.5,{'stop_loss_price': 12586.5}
INVALID_RISK_UNIT,risk_unit == 0 or non-finite,NQH21-CME,280452,2020-12-15 20:29:58.019000+00:00,12586.5,{'stop_loss_price': 12586.5}
INVALID_RISK_UNIT,risk_unit == 0 or non-finite,NQH21-CME,322006,2020-12-16 04:26:10.897000+00:00,12608.0,{'stop_loss_price': 12608.0}
INVALID_RISK_UNIT,risk_unit == 0 or non-finite,NQH21-CME,355400,2020-12-16 13:31:10.320001+00:00,12608.0,{'stop_loss_price': 12608.0}
INVALID_RISK_UNIT,risk_unit == 0 or non-finite,NQH21-CME,355401,2020-12-16 13:31:11.172000+00:00,12608.0,{'stop_loss_price': 12608.0}
INVALID_RISK_UNIT,risk_unit == 0 or non-finite,NQH21-CME,391196,2020-12-16 14:45:09.784000+00:00,12582.0,{'stop_loss_price': 12582.0}
INVALID_RISK_UNIT,risk_unit == 0 or non-finite,NQH21-CME,401434,2020-12-16 14:53:15.067000+00:00,12604.75,{'stop_loss_price': 12604.75}
INVALID_RISK_UNIT,risk_unit == 0 or non-finite,NQH21-CME,405238,2020-12-16 14:57:03.748000+00:00,12609.25,{'stop_loss_price': 12609.25}
INVALID_RISK_UNIT,risk_unit == 0 or non-finite,NQH21-CME,409699,2020-12-16 15:02:17.519000+00:00,12599.0,{'stop_loss_price': 12599.0}
INVALID_RISK_UNIT,risk_unit == 0 or non-finite,NQH21-CME,409700,2020-12-16 15:02:17.521000+00:00,12599.0,{'stop_loss_price': 12599.0}
INVALID_RISK_UNIT,risk_unit == 0 or non-finite,NQH21-CME,409701,2020-12-16 15:02:17.522000+00:00,12599.0,{'stop_loss_price': 12599.0}
INVALID_RISK_UNIT,risk_unit == 0 or non-finite,NQH21-CME,409702,2020-12-16 15:02:17.522001+00:00,12599.0,{'stop_loss_price': 12599.0}
INVALID_RISK_UNIT,risk_unit == 0 or non-finite,NQH21-CME,417164,2020-12-16 15:10:45.850000+00:00,12622.0,{'stop_loss_price': 12622.0}
INVALID_RISK_UNIT,risk_unit == 0 or non-finite,NQH21-CME,440824,2020-12-16 15:33:31.852000+00:00,12619.0,{'stop_loss_price': 12619.0}
INVALID_RISK_UNIT,risk_unit == 0 or non-finite,NQH21-CME,440825,2020-12-16 15:33:32.101000+00:00,12619.0,{'stop_loss_price': 12619.0}
INVALID_RISK_UNIT,risk_unit == 0 or non-finite,NQH21-CME,448735,2020-12-16 15:43:54.265000+00:00,12627.5,{'stop_loss_price': 12627.5}
INVALID_RISK_UNIT,risk_unit == 0 or non-finite,NQH21-CME,456834,2020-12-16 15:58:43.553000+00:00,12626.25,{'stop_loss_price': 12626.25}
INVALID_RISK_UNIT,risk_unit == 0 or non-finite,NQH21-CME,475714,2020-12-16 16:27:36.824000+00:00,12626.75,{'stop_loss_price': 12626.75}
INVALID_RISK_UNIT,risk_unit == 0 or non-finite,NQH21-CME,495320,2020-12-16 17:09:51.016000+00:00,12657.5,{'stop_loss_price': 12657.5}
INVALID_RISK_UNIT,risk_unit == 0 or non-finite,NQH21-CME,495321,2020-12-16 17:09:51.016001+00:00,12657.5,{'stop_loss_price': 12657.5}
INVALID_RISK_UNIT,risk_unit == 0 or non-finite,NQH21-CME,495322,2020-12-16 17:09:51.023000+00:00,12657.5,{'stop_loss_price': 12657.5}
INVALID_RISK_UNIT,risk_unit == 0 or non-finite,NQH21-CME,495323,2020-12-16 17:09:51.034000+00:00,12657.5,{'stop_loss_price': 12657.5}
INVALID_RISK_UNIT,risk_unit == 0 or non-finite,NQH21-CME,495324,2020-12-16 17:09:51.106000+00:00,12657.5,{'stop_loss_price': 12657.5}
INVALID_RISK_UNIT,risk_unit == 0 or non-finite,NQH21-CME,511050,2020-12-16 17:51:26.257000+00:00,12637.25,{'stop_loss_price': 12637.25}
INVALID_RISK_UNIT,risk_unit == 0 or non-finite,NQH21-CME,573292,2020-12-16 19:58:29.779000+00:00,12679.25,{'stop_loss_price': 12679.25}
INVALID_RISK_UNIT,risk_unit == 0 or non-finite,NQH21-CME,573293,2020-12-16 19:58:29.779001+00:00,12679.25,{'stop_loss_price': 12679.25}
INVALID_RISK_UNIT,risk_unit == 0 or non-finite,NQH21-CME,573294,2020-12-16 19:58:30.173000+00:00,12679.25,{'stop_loss_price': 12679.25}
INVALID_RISK_UNIT,risk_unit == 0 or non-finite,NQH21-CME,573295,2020-12-16 19:58:30.173001+00:00,12679.25,{'stop_loss_price': 12679.25}
INVALID_RISK_UNIT,risk_unit == 0 or non-finite,NQH21-CME,610668,2020-12-16 20:50:29.567002+00:00,12685.75,{'stop_loss_price': 12685.75}
INVALID_RISK_UNIT,risk_unit == 0 or non-finite,NQH21-CME,610669,2020-12-16 20:50:29.570000+00:00,12685.75,{'stop_loss_price': 12685.75}
INVALID_RISK_UNIT,risk_unit == 0 or non-finite,NQH21-CME,610670,2020-12-16 20:50:29.582000+00:00,12685.75,{'stop_loss_price': 12685.75}
INVALID_RISK_UNIT,risk_unit == 0 or non-finite,NQH21-CME,610671,2020-12-16 20:50:29.594000+00:00,12685.75,{'stop_loss_price': 12685.75}
INVALID_RISK_UNIT,risk_unit == 0 or non-finite,NQH21-CME,610673,2020-12-16 20:50:29.726000+00:00,12685.75,{'stop_loss_price': 12685.75}
INVALID_RISK_UNIT,risk_unit == 0 or non-finite,NQH21-CME,670712,2020-12-17 11:42:49.110000+00:00,12730.5,{'stop_loss_price': 12730.5}
INVALID_RISK_UNIT,risk_unit == 0 or non-finite,NQH21-CME,706246,2020-12-17 14:37:49.789000+00:00,12748.25,{'stop_loss_price': 12748.25}
INVALID_RISK_UNIT,risk_unit == 0 or non-finite,NQH21-CME,720450,2020-12-17 14:48:15.241000+00:00,12748.75,{'stop_loss_price': 12748.75}
INVALID_RISK_UNIT,risk_unit == 0 or non-finite,NQH21-CME,751835,2020-12-17 15:15:42.547000+00:00,12717.25,{'stop_loss_price': 12717.25}
INVALID_RISK_UNIT,risk_unit == 0 or non-finite,NQH21-CME,751836,2020-12-17 15:15:42.551000+00:00,12717.25,{'stop_loss_price': 12717.25}
INVALID_RISK_UNIT,risk_unit == 0 or non-finite,NQH21-CME,828294,2020-12-17 16:48:30.155000+00:00,12708.0,{'stop_loss_price': 12708.0}
INVALID_RISK_UNIT,risk_unit == 0 or non-finite,NQH21-CME,828295,2020-12-17 16:48:30.155001+00:00,12708.0,{'stop_loss_price': 12708.0}
INVALID_RISK_UNIT,risk_unit == 0 or non-finite,NQH21-CME,828296,2020-12-17 16:48:30.158000+00:00,12708.0,{'stop_loss_price': 12708.0}
INVALID_RISK_UNIT,risk_unit == 0 or non-finite,NQH21-CME,881990,2020-12-17 18:46:23.276000+00:00,12724.75,{'stop_loss_price': 12724.75}
INVALID_RISK_UNIT,risk_unit == 0 or non-finite,NQH21-CME,917191,2020-12-17 20:20:04.239000+00:00,12725.0,{'stop_loss_price': 12725.0}
INVALID_RISK_UNIT,risk_unit == 0 or non-finite,NQH21-CME,941659,2020-12-17 20:54:50.111000+00:00,12750.25,{'stop_loss_price': 12750.25}
INVALID_RISK_UNIT,risk_unit == 0 or non-finite,NQH21-CME,941660,2020-12-17 20:54:50.111001+00:00,12750.25,{'stop_loss_price': 12750.25}
INVALID_RISK_UNIT,risk_unit == 0 or non-finite,NQH21-CME,941661,2020-12-17 20:54:50.111002+00:00,12750.25,{'stop_loss_price': 12750.25}
INVALID_RISK_UNIT,risk_unit == 0 or non-finite,NQH21-CME,941662,2020-12-17 20:54:50.111003+00:00,12750.25,{'stop_loss_price': 12750.25}
INVALID_RISK_UNIT,risk_unit == 0 or non-finite,NQH21-CME,941663,2020-12-17 20:54:50.111004+00:00,12750.25,{'stop_loss_price': 12750.25}
INVALID_RISK_UNIT,risk_unit == 0 or non-finite,NQH21-CME,953096,2020-12-17 21:01:29.387000+00:00,12759.5,{'stop_loss_price': 12759.5}
INVALID_RISK_UNIT,risk_unit == 0 or non-finite,NQH21-CME,1004656,2020-12-18 12:19:49.189000+00:00,12762.75,{'stop_loss_price': 12762.75}
INVALID_RISK_UNIT,risk_unit == 0 or non-finite,NQH21-CME,1004657,2020-12-18 12:19:49.454000+00:00,12762.75,{'stop_loss_price': 12762.75}
INVALID_RISK_UNIT,risk_unit == 0 or non-finite,NQH21-CME,1014408,2020-12-18 13:44:06.809002+00:00,12779.25,{'stop_loss_price': 12779.25}
INVALID_RISK_UNIT,risk_unit == 0 or non-finite,NQH21-CME,1014409,2020-12-18 13:44:06.809003+00:00,12779.25,{'stop_loss_price': 12779.25}
INVALID_RISK_UNIT,risk_unit == 0 or non-finite,NQH21-CME,1014410,2020-12-18 13:44:06.809004+00:00,12779.25,{'stop_loss_price': 12779.25}
INVALID_RISK_UNIT,risk_unit == 0 or non-finite,NQH21-CME,1014411,2020-12-18 13:44:06.809005+00:00,12779.25,{'stop_loss_price': 12779.25}
INVALID_RISK_UNIT,risk_unit == 0 or non-finite,NQH21-CME,1020152,2020-12-18 14:18:05.957000+00:00,12782.5,{'stop_loss_price': 12782.5}
INVALID_RISK_UNIT,risk_unit == 0 or non-finite,NQH21-CME,1070476,2020-12-18 14:53:02.057002+00:00,12722.25,{'stop_loss_price': 12722.25}
INVALID_RISK_UNIT,risk_unit == 0 or non-finite,NQH21-CME,1070477,2020-12-18 14:53:02.057003+00:00,12722.25,{'stop_loss_price': 12722.25}
INVALID_RISK_UNIT,risk_unit == 0 or non-finite,NQH21-CME,1070478,2020-12-18 14:53:02.057004+00:00,12722.25,{'stop_loss_price': 12722.25}
INVALID_RISK_UNIT,risk_unit == 0 or non-finite,NQH21-CME,1070479,2020-12-18 14:53:02.057005+00:00,12722.25,{'stop_loss_price': 12722.25}
INVALID_RISK_UNIT,risk_unit == 0 or non-finite,NQH21-CME,1100430,2020-12-18 15:13:01.061000+00:00,12707.0,{'stop_loss_price': 12707.0}
INVALID_RISK_UNIT,risk_unit == 0 or non-finite,NQH21-CME,1106666,2020-12-18 15:18:37.737001+00:00,12725.75,{'stop_loss_price': 12725.75}
INVALID_RISK_UNIT,risk_unit == 0 or non-finite,NQH21-CME,1106667,2020-12-18 15:18:37.799000+00:00,12725.75,{'stop_loss_price': 12725.75}
INVALID_RISK_UNIT,risk_unit == 0 or non-finite,NQH21-CME,1106668,2020-12-18 15:18:37.799001+00:00,12725.75,{'stop_loss_price': 12725.75}
INVALID_RISK_UNIT,risk_unit == 0 or non-finite,NQH21-CME,1112264,2020-12-18 15:24:03.848000+00:00,12712.25,{'stop_loss_price': 12712.25}
INVALID_RISK_UNIT,risk_unit == 0 or non-finite,NQH21-CME,1120618,2020-12-18 15:33:24.756000+00:00,12723.25,{'stop_loss_price': 12723.25}
INVALID_RISK_UNIT,risk_unit == 0 or non-finite,NQH21-CME,1120619,2020-12-18 15:33:24.756001+00:00,12723.25,{'stop_loss_price': 12723.25}
INVALID_RISK_UNIT,risk_unit == 0 or non-finite,NQH21-CME,1123365,2020-12-18 15:36:33.628000+00:00,12710.0,{'stop_loss_price': 12710.0}
INVALID_RISK_UNIT,risk_unit == 0 or non-finite,NQH21-CME,1159147,2020-12-18 16:16:13.009000+00:00,12668.25,{'stop_loss_price': 12668.25}
INVALID_RISK_UNIT,risk_unit == 0 or non-finite,NQH21-CME,1159148,2020-12-18 16:16:13.009001+00:00,12668.25,{'stop_loss_price': 12668.25}
INVALID_RISK_UNIT,risk_unit == 0 or non-finite,NQH21-CME,1159149,2020-12-18 16:16:13.009002+00:00,12668.25,{'stop_loss_price': 12668.25}
INVALID_RISK_UNIT,risk_unit == 0 or non-finite,NQH21-CME,1162246,2020-12-18 16:18:50.327000+00:00,12675.0,{'stop_loss_price': 12675.0}
INVALID_RISK_UNIT,risk_unit == 0 or non-finite,NQH21-CME,1188653,2020-12-18 17:06:28.863000+00:00,12699.75,{'stop_loss_price': 12699.75}
INVALID_RISK_UNIT,risk_unit == 0 or non-finite,NQH21-CME,1222730,2020-12-18 18:38:59.130000+00:00,12683.75,{'stop_loss_price': 12683.75}
INVALID_RISK_UNIT,risk_unit == 0 or non-finite,NQH21-CME,1222731,2020-12-18 18:38:59.130001+00:00,12683.75,{'stop_loss_price': 12683.75}
INVALID_RISK_UNIT,risk_unit == 0 or non-finite,NQH21-CME,1222732,2020-12-18 18:38:59.130002+00:00,12683.75,{'stop_loss_price': 12683.75}
INVALID_RISK_UNIT,risk_unit == 0 or non-finite,NQH21-CME,1223570,2020-12-18 18:40:02.087000+00:00,12676.5,{'stop_loss_price': 12676.5}
INVALID_RISK_UNIT,risk_unit == 0 or non-finite,NQH21-CME,1239290,2020-12-18 19:14:08.297000+00:00,12672.75,{'stop_loss_price': 12672.75}
INVALID_RISK_UNIT,risk_unit == 0 or non-finite,NQH21-CME,1239291,2020-12-18 19:14:08.297001+00:00,12672.75,{'stop_loss_price': 12672.75}
INVALID_RISK_UNIT,risk_unit == 0 or non-finite,NQH21-CME,1239292,2020-12-18 19:14:08.312000+00:00,12672.75,{'stop_loss_price': 12672.75}
INVALID_RISK_UNIT,risk_unit == 0 or non-finite,NQH21-CME,1262411,2020-12-18 19:59:59.051000+00:00,12662.75,{'stop_loss_price': 12662.75}
INVALID_RISK_UNIT,risk_unit == 0 or non-finite,NQH21-CME,1262412,2020-12-18 19:59:59.056000+00:00,12662.75,{'stop_loss_price': 12662.75}
INVALID_RISK_UNIT,risk_unit == 0 or non-finite,NQH21-CME,1262418,2020-12-18 19:59:59.724000+00:00,12662.75,{'stop_loss_price': 12662.75}
INVALID_RISK_UNIT,risk_unit == 0 or non-finite,NQH21-CME,1267322,2020-12-18 20:05:13.812000+00:00,12646.0,{'stop_loss_price': 12646.0}
INVALID_RISK_UNIT,risk_unit == 0 or non-finite,NQH21-CME,1267323,2020-12-18 20:05:14.021000+00:00,12646.0,{'stop_loss_price': 12646.0}
INVALID_RISK_UNIT,risk_unit == 0 or non-finite,NQH21-CME,1279050,2020-12-18 20:22:05.018000+00:00,12637.0,{'stop_loss_price': 12637.0}
INVALID_RISK_UNIT,risk_unit == 0 or non-finite,NQH21-CME,1281621,2020-12-18 20:24:39.724000+00:00,12635.75,{'stop_loss_price': 12635.75}
INVALID_RISK_UNIT,risk_unit == 0 or non-finite,NQH21-CME,1286561,2020-12-18 20:28:33.815000+00:00,12626.25,{'stop_loss_price': 12626.25}
INVALID_RISK_UNIT,risk_unit == 0 or non-finite,NQH21-CME,1286562,2020-12-18 20:28:33.816000+00:00,12626.25,{'stop_loss_price': 12626.25}
INVALID_RISK_UNIT,risk_unit == 0 or non-finite,NQH21-CME,1288227,2020-12-18 20:30:07.039000+00:00,12634.0,{'stop_loss_price': 12634.0}
INVALID_RISK_UNIT,risk_unit == 0 or non-finite,NQH21-CME,1384263,2020-12-21 00:39:30.835000+00:00,12741.75,{'stop_loss_price': 12741.75}
INVALID_RISK_UNIT,risk_unit == 0 or non-finite,NQH21-CME,1552972,2020-12-21 14:33:25.800003+00:00,12625.0,{'stop_loss_price': 12625.0}
INVALID_RISK_UNIT,risk_unit == 0 or non-finite,NQH21-CME,1552973,2020-12-21 14:33:25.800004+00:00,12625.0,{'stop_loss_price': 12625.0}
INVALID_RISK_UNIT,risk_unit == 0 or non-finite,NQH21-CME,1552974,2020-12-21 14:33:25.800005+00:00,12625.0,{'stop_loss_price': 12625.0}
INVALID_RISK_UNIT,risk_unit == 0 or non-finite,NQH21-CME,1625829,2020-12-21 15:07:34.074000+00:00,12517.0,{'stop_loss_price': 12517.0}
INVALID_RISK_UNIT,risk_unit == 0 or non-finite,NQH21-CME,1627019,2020-12-21 15:08:22.275000+00:00,12526.5,{'stop_loss_price': 12526.5}
INVALID_RISK_UNIT,risk_unit == 0 or non-finite,NQH21-CME,1627020,2020-12-21 15:08:22.276000+00:00,12526.5,{'stop_loss_price': 12526.5}
INVALID_RISK_UNIT,risk_unit == 0 or non-finite,NQH21-CME,1720955,2020-12-21 16:13:43.472000+00:00,12514.5,{'stop_loss_price': 12514.5}
INVALID_RISK_UNIT,risk_unit == 0 or non-finite,NQH21-CME,1728781,2020-12-21 16:22:39.951000+00:00,12535.5,{'stop_loss_price': 12535.5}
INVALID_RISK_UNIT,risk_unit == 0 or non-finite,NQH21-CME,1728782,2020-12-21 16:22:39.951001+00:00,12535.5,{'stop_loss_price': 12535.5}
INVALID_RISK_UNIT,risk_unit == 0 or non-finite,NQH21-CME,1728783,2020-12-21 16:22:40.244000+00:00,12535.5,{'stop_loss_price': 12535.5}
INVALID_RISK_UNIT,risk_unit == 0 or non-finite,NQH21-CME,1736675,2020-12-21 16:32:27.987000+00:00,12558.5,{'stop_loss_price': 12558.5}
INVALID_RISK_UNIT,risk_unit == 0 or non-finite,NQH21-CME,1736676,2020-12-21 16:32:27.987001+00:00,12558.5,{'stop_loss_price': 12558.5}
INVALID_RISK_UNIT,risk_unit == 0 or non-finite,NQH21-CME,1736677,2020-12-21 16:32:27.987002+00:00,12558.5,{'stop_loss_price': 12558.5}
INVALID_RISK_UNIT,risk_unit == 0 or non-finite,NQH21-CME,1736678,2020-12-21 16:32:27.987003+00:00,12558.5,{'stop_loss_price': 12558.5}
INVALID_RISK_UNIT,risk_unit == 0 or non-finite,NQH21-CME,1736679,2020-12-21 16:32:27.987004+00:00,12558.5,{'stop_loss_price': 12558.5}
INVALID_RISK_UNIT,risk_unit == 0 or non-finite,NQH21-CME,1736680,2020-12-21 16:32:28.288000+00:00,12558.5,{'stop_loss_price': 12558.5}
INVALID_RISK_UNIT,risk_unit == 0 or non-finite,NQH21-CME,1736682,2020-12-21 16:32:28.930000+00:00,12558.5,{'stop_loss_price': 12558.5}
INVALID_RISK_UNIT,risk_unit == 0 or non-finite,NQH21-CME,1756951,2020-12-21 17:03:03.621001+00:00,12592.0,{'stop_loss_price': 12592.0}
INVALID_RISK_UNIT,risk_unit == 0 or non-finite,NQH21-CME,1756952,2020-12-21 17:03:03.621002+00:00,12592.0,{'stop_loss_price': 12592.0}
INVALID_RISK_UNIT,risk_unit == 0 or non-finite,NQH21-CME,1756953,2020-12-21 17:03:03.621003+00:00,12592.0,{'stop_loss_price': 12592.0}
INVALID_RISK_UNIT,risk_unit == 0 or non-finite,NQH21-CME,1756957,2020-12-21 17:03:04.943000+00:00,12592.0,{'stop_loss_price': 12592.0}
INVALID_RISK_UNIT,risk_unit == 0 or non-finite,NQH21-CME,1763271,2020-12-21 17:18:16.056000+00:00,12586.5,{'stop_loss_price': 12586.5}
INVALID_RISK_UNIT,risk_unit == 0 or non-finite,NQH21-CME,1767717,2020-12-21 17:25:20.593000+00:00,12613.25,{'stop_loss_price': 12613.25}
INVALID_RISK_UNIT,risk_unit == 0 or non-finite,NQH21-CME,1771996,2020-12-21 17:31:18.496007+00:00,12630.25,{'stop_loss_price': 12630.25}
INVALID_RISK_UNIT,risk_unit == 0 or non-finite,NQH21-CME,1771997,2020-12-21 17:31:18.496008+00:00,12630.25,{'stop_loss_price': 12630.25}
INVALID_RISK_UNIT,risk_unit == 0 or non-finite,NQH21-CME,1771998,2020-12-21 17:31:18.496009+00:00,12630.25,{'stop_loss_price': 12630.25}
INVALID_RISK_UNIT,risk_unit == 0 or non-finite,NQH21-CME,1772001,2020-12-21 17:31:18.500000+00:00,12630.25,{'stop_loss_price': 12630.25}
INVALID_RISK_UNIT,risk_unit == 0 or non-finite,NQH21-CME,1772002,2020-12-21 17:31:18.500001+00:00,12630.25,{'stop_loss_price': 12630.25}
INVALID_RISK_UNIT,risk_unit == 0 or non-finite,NQH21-CME,1827435,2020-12-21 19:11:28.033000+00:00,12673.25,{'stop_loss_price': 12673.25}
INVALID_RISK_UNIT,risk_unit == 0 or non-finite,NQH21-CME,1827436,2020-12-21 19:11:28.481000+00:00,12673.25,{'stop_loss_price': 12673.25}
INVALID_RISK_UNIT,risk_unit == 0 or non-finite,NQH21-CME,1866835,2020-12-21 20:25:28.865000+00:00,12671.75,{'stop_loss_price': 12671.75}
INVALID_RISK_UNIT,risk_unit == 0 or non-finite,NQH21-CME,1866836,2020-12-21 20:25:28.865001+00:00,12671.75,{'stop_loss_price': 12671.75}
INVALID_RISK_UNIT,risk_unit == 0 or non-finite,NQH21-CME,1866837,2020-12-21 20:25:28.865002+00:00,12671.75,{'stop_loss_price': 12671.75}
INVALID_RISK_UNIT,risk_unit == 0 or non-finite,NQH21-CME,1866838,2020-12-21 20:25:28.865003+00:00,12671.75,{'stop_loss_price': 12671.75}
INVALID_RISK_UNIT,risk_unit == 0 or non-finite,NQH21-CME,1866839,2020-12-21 20:25:28.865004+00:00,12671.75,{'stop_loss_price': 12671.75}
INVALID_RISK_UNIT,risk_unit == 0 or non-finite,NQH21-CME,1866840,2020-12-21 20:25:28.866000+00:00,12671.75,{'stop_loss_price': 12671.75}
INVALID_RISK_UNIT,risk_unit == 0 or non-finite,NQH21-CME,1866841,2020-12-21 20:25:28.866001+00:00,12671.75,{'stop_loss_price': 12671.75}
INVALID_RISK_UNIT,risk_unit == 0 or non-finite,NQH21-CME,1866842,2020-12-21 20:25:28.866002+00:00,12671.75,{'stop_loss_price': 12671.75}
INVALID_RISK_UNIT,risk_unit == 0 or non-finite,NQH21-CME,1866843,2020-12-21 20:25:28.866003+00:00,12671.75,{'stop_loss_price': 12671.75}
INVALID_RISK_UNIT,risk_unit == 0 or non-finite,NQH21-CME,1866844,2020-12-21 20:25:28.866004+00:00,12671.75,{'stop_loss_price': 12671.75}
INVALID_RISK_UNIT,risk_unit == 0 or non-finite,NQH21-CME,1866845,2020-12-21 20:25:28.866005+00:00,12671.75,{'stop_loss_price': 12671.75}
INVALID_RISK_UNIT,risk_unit == 0 or non-finite,NQH21-CME,1866846,2020-12-21 20:25:28.866006+00:00,12671.75,{'stop_loss_price': 12671.75}
INVALID_RISK_UNIT,risk_unit == 0 or non-finite,NQH21-CME,1866847,2020-12-21 20:25:28.867000+00:00,12671.75,{'stop_loss_price': 12671.75}
INVALID_RISK_UNIT,risk_unit == 0 or non-finite,NQH21-CME,1866850,2020-12-21 20:25:29.419000+00:00,12671.75,{'stop_loss_price': 12671.75}
INVALID_RISK_UNIT,risk_unit == 0 or non-finite,NQH21-CME,1866851,2020-12-21 20:25:29.496000+00:00,12671.75,{'stop_loss_price': 12671.75}
INVALID_RISK_UNIT,risk_unit == 0 or non-finite,NQH21-CME,2002877,2020-12-22 14:30:08.637000+00:00,12709.5,{'stop_loss_price': 12709.5}
INVALID_RISK_UNIT,risk_unit == 0 or non-finite,NQH21-CME,2002878,2020-12-22 14:30:08.637001+00:00,12709.5,{'stop_loss_price': 12709.5}
INVALID_RISK_UNIT,risk_unit == 0 or non-finite,NQH21-CME,2025274,2020-12-22 14:40:11.524000+00:00,12704.25,{'stop_loss_price': 12704.25}
INVALID_RISK_UNIT,risk_unit == 0 or non-finite,NQH21-CME,2027569,2020-12-22 14:41:36.485000+00:00,12703.5,{'stop_loss_price': 12703.5}
INVALID_RISK_UNIT,risk_unit == 0 or non-finite,NQH21-CME,2031413,2020-12-22 14:44:41.168000+00:00,12711.5,{'stop_loss_price': 12711.5}
INVALID_RISK_UNIT,risk_unit == 0 or non-finite,NQH21-CME,2034504,2020-12-22 14:46:54.249000+00:00,12714.25,{'stop_loss_price': 12714.25}
INVALID_RISK_UNIT,risk_unit == 0 or non-finite,NQH21-CME,2034927,2020-12-22 14:47:15.768000+00:00,12713.0,{'stop_loss_price': 12713.0}
INVALID_RISK_UNIT,risk_unit == 0 or non-finite,NQH21-CME,2057155,2020-12-22 15:01:41.514000+00:00,12735.25,{'stop_loss_price': 12735.25}
INVALID_RISK_UNIT,risk_unit == 0 or non-finite,NQH21-CME,2057156,2020-12-22 15:01:41.523000+00:00,12735.25,{'stop_loss_price': 12735.25}
INVALID_RISK_UNIT,risk_unit == 0 or non-finite,NQH21-CME,2057158,2020-12-22 15:01:41.624000+00:00,12735.25,{'stop_loss_price': 12735.25}
INVALID_RISK_UNIT,risk_unit == 0 or non-finite,NQH21-CME,2087431,2020-12-22 15:20:29.830000+00:00,12699.0,{'stop_loss_price': 12699.0}
INVALID_RISK_UNIT,risk_unit == 0 or non-finite,NQH21-CME,2107491,2020-12-22 15:39:16.884000+00:00,12732.75,{'stop_loss_price': 12732.75}
INVALID_RISK_UNIT,risk_unit == 0 or non-finite,NQH21-CME,2107492,2020-12-22 15:39:16.884001+00:00,12732.75,{'stop_loss_price': 12732.75}
INVALID_RISK_UNIT,risk_unit == 0 or non-finite,NQH21-CME,2117691,2020-12-22 15:49:54.038000+00:00,12689.0,{'stop_loss_price': 12689.0}
INVALID_RISK_UNIT,risk_unit == 0 or non-finite,NQH21-CME,2125120,2020-12-22 15:56:47.627000+00:00,12690.5,{'stop_loss_price': 12690.5}
INVALID_RISK_UNIT,risk_unit == 0 or non-finite,NQH21-CME,2125121,2020-12-22 15:56:47.627001+00:00,12690.5,{'stop_loss_price': 12690.5}
INVALID_RISK_UNIT,risk_unit == 0 or non-finite,NQH21-CME,2125122,2020-12-22 15:56:47.627002+00:00,12690.5,{'stop_loss_price': 12690.5}
INVALID_RISK_UNIT,risk_unit == 0 or non-finite,NQH21-CME,2134418,2020-12-22 16:03:07.342000+00:00,12665.75,{'stop_loss_price': 12665.75}
INVALID_RISK_UNIT,risk_unit == 0 or non-finite,NQH21-CME,2147389,2020-12-22 16:15:29.227000+00:00,12689.25,{'stop_loss_price': 12689.25}
INVALID_RISK_UNIT,risk_unit == 0 or non-finite,NQH21-CME,2182492,2020-12-22 16:43:34.697000+00:00,12612.25,{'stop_loss_price': 12612.25}
INVALID_RISK_UNIT,risk_unit == 0 or non-finite,NQH21-CME,2199297,2020-12-22 16:57:04.135001+00:00,12647.0,{'stop_loss_price': 12647.0}
INVALID_RISK_UNIT,risk_unit == 0 or non-finite,NQH21-CME,2199298,2020-12-22 16:57:04.135002+00:00,12647.0,{'stop_loss_price': 12647.0}
INVALID_RISK_UNIT,risk_unit == 0 or non-finite,NQH21-CME,2199299,2020-12-22 16:57:04.136000+00:00,12647.0,{'stop_loss_price': 12647.0}
INVALID_RISK_UNIT,risk_unit == 0 or non-finite,NQH21-CME,2199304,2020-12-22 16:57:04.311000+00:00,12647.0,{'stop_loss_price': 12647.0}
INVALID_RISK_UNIT,risk_unit == 0 or non-finite,NQH21-CME,2199305,2020-12-22 16:57:04.311001+00:00,12647.0,{'stop_loss_price': 12647.0}
INVALID_RISK_UNIT,risk_unit == 0 or non-finite,NQH21-CME,2199306,2020-12-22 16:57:04.311002+00:00,12647.0,{'stop_loss_price': 12647.0}
INVALID_RISK_UNIT,risk_unit == 0 or non-finite,NQH21-CME,2199307,2020-12-22 16:57:04.324000+00:00,12647.0,{'stop_loss_price': 12647.0}
INVALID_RISK_UNIT,risk_unit == 0 or non-finite,NQH21-CME,2199308,2020-12-22 16:57:04.351000+00:00,12647.0,{'stop_loss_price': 12647.0}
INVALID_RISK_UNIT,risk_unit == 0 or non-finite,NQH21-CME,2204460,2020-12-22 17:01:16.228000+00:00,12665.0,{'stop_loss_price': 12665.0}
INVALID_RISK_UNIT,risk_unit == 0 or non-finite,NQH21-CME,2208932,2020-12-22 17:07:21.275000+00:00,12664.25,{'stop_loss_price': 12664.25}
INVALID_RISK_UNIT,risk_unit == 0 or non-finite,NQH21-CME,2208933,2020-12-22 17:07:21.275001+00:00,12664.25,{'stop_loss_price': 12664.25}
INVALID_RISK_UNIT,risk_unit == 0 or non-finite,NQH21-CME,2208934,2020-12-22 17:07:21.275002+00:00,12664.25,{'stop_loss_price': 12664.25}
INVALID_RISK_UNIT,risk_unit == 0 or non-finite,NQH21-CME,2208935,2020-12-22 17:07:21.275003+00:00,12664.25,{'stop_loss_price': 12664.25}
INVALID_RISK_UNIT,risk_unit == 0 or non-finite,NQH21-CME,2208936,2020-12-22 17:07:21.275004+00:00,12664.25,{'stop_loss_price': 12664.25}
INVALID_RISK_UNIT,risk_unit == 0 or non-finite,NQH21-CME,2294031,2020-12-22 20:14:01.022000+00:00,12693.75,{'stop_loss_price': 12693.75}
INVALID_RISK_UNIT,risk_unit == 0 or non-finite,NQH21-CME,2294626,2020-12-22 20:15:19.270000+00:00,12696.5,{'stop_loss_price': 12696.5}
INVALID_RISK_UNIT,risk_unit == 0 or non-finite,NQH21-CME,2294627,2020-12-22 20:15:19.270001+00:00,12696.5,{'stop_loss_price': 12696.5}
INVALID_RISK_UNIT,risk_unit == 0 or non-finite,NQH21-CME,2302204,2020-12-22 20:31:07.923000+00:00,12683.5,{'stop_loss_price': 12683.5}
INVALID_RISK_UNIT,risk_unit == 0 or non-finite,NQH21-CME,2304257,2020-12-22 20:32:59.628000+00:00,12687.25,{'stop_loss_price': 12687.25}
INVALID_RISK_UNIT,risk_unit == 0 or non-finite,NQH21-CME,2304258,2020-12-22 20:32:59.628001+00:00,12687.25,{'stop_loss_price': 12687.25}
INVALID_RISK_UNIT,risk_unit == 0 or non-finite,NQH21-CME,2304259,2020-12-22 20:32:59.660000+00:00,12687.25,{'stop_loss_price': 12687.25}
INVALID_RISK_UNIT,risk_unit == 0 or non-finite,NQH21-CME,2315323,2020-12-22 20:49:59.613000+00:00,12690.25,{'stop_loss_price': 12690.25}
INVALID_RISK_UNIT,risk_unit == 0 or non-finite,NQH21-CME,2333478,2020-12-22 23:35:54.640000+00:00,12709.5,{'stop_loss_price': 12709.5}
INVALID_RISK_UNIT,risk_unit == 0 or non-finite,NQH21-CME,2344590,2020-12-23 00:57:32.045000+00:00,12647.0,{'stop_loss_price': 12647.0}
INVALID_RISK_UNIT,risk_unit == 0 or non-finite,NQH21-CME,2367279,2020-12-23 04:17:59.691000+00:00,12704.0,{'stop_loss_price': 12704.0}
INVALID_RISK_UNIT,risk_unit == 0 or non-finite,NQH21-CME,2376519,2020-12-23 07:10:29.785000+00:00,12720.25,{'stop_loss_price': 12720.25}
INVALID_RISK_UNIT,risk_unit == 0 or non-finite,NQH21-CME,2405653,2020-12-23 13:12:37.164000+00:00,12711.5,{'stop_loss_price': 12711.5}
INVALID_RISK_UNIT,risk_unit == 0 or non-finite,NQH21-CME,2419355,2020-12-23 14:30:31.252000+00:00,12712.75,{'stop_loss_price': 12712.75}
INVALID_RISK_UNIT,risk_unit == 0 or non-finite,NQH21-CME,2443429,2020-12-23 14:43:15.975000+00:00,12681.0,{'stop_loss_price': 12681.0}
INVALID_RISK_UNIT,risk_unit == 0 or non-finite,NQH21-CME,2475345,2020-12-23 15:03:30.345003+00:00,12677.0,{'stop_loss_price': 12677.0}
INVALID_RISK_UNIT,risk_unit == 0 or non-finite,NQH21-CME,2475346,2020-12-23 15:03:30.345004+00:00,12677.0,{'stop_loss_price': 12677.0}
INVALID_RISK_UNIT,risk_unit == 0 or non-finite,NQH21-CME,2475347,2020-12-23 15:03:30.345005+00:00,12677.0,{'stop_loss_price': 12677.0}
INVALID_RISK_UNIT,risk_unit == 0 or non-finite,NQH21-CME,2475348,2020-12-23 15:03:30.345006+00:00,12677.0,{'stop_loss_price': 12677.0}
INVALID_RISK_UNIT,risk_unit == 0 or non-finite,NQH21-CME,2475349,2020-12-23 15:03:30.345007+00:00,12677.0,{'stop_loss_price': 12677.0}
INVALID_RISK_UNIT,risk_unit == 0 or non-finite,NQH21-CME,2475350,2020-12-23 15:03:30.352000+00:00,12677.0,{'stop_loss_price': 12677.0}
INVALID_RISK_UNIT,risk_unit == 0 or non-finite,NQH21-CME,2498440,2020-12-23 15:25:14.595001+00:00,12687.0,{'stop_loss_price': 12687.0}
INVALID_RISK_UNIT,risk_unit == 0 or non-finite,NQH21-CME,2498441,2020-12-23 15:25:14.596000+00:00,12687.0,{'stop_loss_price': 12687.0}
INVALID_RISK_UNIT,risk_unit == 0 or non-finite,NQH21-CME,2498442,2020-12-23 15:25:14.596001+00:00,12687.0,{'stop_loss_price': 12687.0}
INVALID_RISK_UNIT,risk_unit == 0 or non-finite,NQH21-CME,2498447,2020-12-23 15:25:14.695004+00:00,12687.0,{'stop_loss_price': 12687.0}
INVALID_RISK_UNIT,risk_unit == 0 or non-finite,NQH21-CME,2500970,2020-12-23 15:28:29.370000+00:00,12689.0,{'stop_loss_price': 12689.0}
INVALID_RISK_UNIT,risk_unit == 0 or non-finite,NQH21-CME,2500971,2020-12-23 15:28:29.370001+00:00,12689.0,{'stop_loss_price': 12689.0}
INVALID_RISK_UNIT,risk_unit == 0 or non-finite,NQH21-CME,2500972,2020-12-23 15:28:29.371000+00:00,12689.0,{'stop_loss_price': 12689.0}
INVALID_RISK_UNIT,risk_unit == 0 or non-finite,NQH21-CME,2500975,2020-12-23 15:28:29.397000+00:00,12689.0,{'stop_loss_price': 12689.0}
INVALID_RISK_UNIT,risk_unit == 0 or non-finite,NQH21-CME,2500976,2020-12-23 15:28:29.397001+00:00,12689.0,{'stop_loss_price': 12689.0}
INVALID_RISK_UNIT,risk_unit == 0 or non-finite,NQH21-CME,2516691,2020-12-23 15:50:53.782001+00:00,12683.5,{'stop_loss_price': 12683.5}
INVALID_RISK_UNIT,risk_unit == 0 or non-finite,NQH21-CME,2516692,2020-12-23 15:50:53.782002+00:00,12683.5,{'stop_loss_price': 12683.5}
INVALID_RISK_UNIT,risk_unit == 0 or non-finite,NQH21-CME,2516693,2020-12-23 15:50:53.782003+00:00,12683.5,{'stop_loss_price': 12683.5}
INVALID_RISK_UNIT,risk_unit == 0 or non-finite,NQH21-CME,2516694,2020-12-23 15:50:53.782004+00:00,12683.5,{'stop_loss_price': 12683.5}
INVALID_RISK_UNIT,risk_unit == 0 or non-finite,NQH21-CME,2516695,2020-12-23 15:50:53.782005+00:00,12683.5,{'stop_loss_price': 12683.5}
INVALID_RISK_UNIT,risk_unit == 0 or non-finite,NQH21-CME,2516697,2020-12-23 15:50:53.823000+00:00,12683.5,{'stop_loss_price': 12683.5}
INVALID_RISK_UNIT,risk_unit == 0 or non-finite,NQH21-CME,2529803,2020-12-23 16:10:13.284004+00:00,12683.75,{'stop_loss_price': 12683.75}
INVALID_RISK_UNIT,risk_unit == 0 or non-finite,NQH21-CME,2529804,2020-12-23 16:10:13.411000+00:00,12683.75,{'stop_loss_price': 12683.75}
INVALID_RISK_UNIT,risk_unit == 0 or non-finite,NQH21-CME,2529806,2020-12-23 16:10:13.421000+00:00,12683.75,{'stop_loss_price': 12683.75}
INVALID_RISK_UNIT,risk_unit == 0 or non-finite,NQH21-CME,2625827,2020-12-23 20:46:52.396000+00:00,12699.0,{'stop_loss_price': 12699.0}
INVALID_RISK_UNIT,risk_unit == 0 or non-finite,NQH21-CME,2625828,2020-12-23 20:46:52.396001+00:00,12699.0,{'stop_loss_price': 12699.0}
INVALID_RISK_UNIT,risk_unit == 0 or non-finite,NQH21-CME,2625829,2020-12-23 20:46:52.396002+00:00,12699.0,{'stop_loss_price': 12699.0}
INVALID_RISK_UNIT,risk_unit == 0 or non-finite,NQH21-CME,2625830,2020-12-23 20:46:52.396003+00:00,12699.0,{'stop_loss_price': 12699.0}
INVALID_RISK_UNIT,risk_unit == 0 or non-finite,NQH21-CME,2625831,2020-12-23 20:46:52.396004+00:00,12699.0,{'stop_loss_price': 12699.0}
INVALID_RISK_UNIT,risk_unit == 0 or non-finite,NQH21-CME,2625832,2020-12-23 20:46:52.396005+00:00,12699.0,{'stop_loss_price': 12699.0}
INVALID_RISK_UNIT,risk_unit == 0 or non-finite,NQH21-CME,2625833,2020-12-23 20:46:52.449000+00:00,12699.0,{'stop_loss_price': 12699.0}
INVALID_RISK_UNIT,risk_unit == 0 or non-finite,NQH21-CME,2625834,2020-12-23 20:46:52.450000+00:00,12699.0,{'stop_loss_price': 12699.0}
INVALID_RISK_UNIT,risk_unit == 0 or non-finite,NQH21-CME,2625838,2020-12-23 20:46:53.639000+00:00,12699.0,{'stop_loss_price': 12699.0}
INVALID_RISK_UNIT,risk_unit == 0 or non-finite,NQH21-CME,2673658,2020-12-24 04:38:41.270000+00:00,12673.75,{'stop_loss_price': 12673.75}
INVALID_RISK_UNIT,risk_unit == 0 or non-finite,NQH21-CME,2702643,2020-12-24 14:31:27.933000+00:00,12671.5,{'stop_loss_price': 12671.5}
INVALID_RISK_UNIT,risk_unit == 0 or non-finite,NQH21-CME,2742495,2020-12-24 15:25:32.817000+00:00,12713.75,{'stop_loss_price': 12713.75}
INVALID_RISK_UNIT,risk_unit == 0 or non-finite,NQH21-CME,2828383,2020-12-28 02:20:56.084002+00:00,12762.25,{'stop_loss_price': 12762.25}
INVALID_RISK_UNIT,risk_unit == 0 or non-finite,NQH21-CME,2828384,2020-12-28 02:20:56.084003+00:00,12762.25,{'stop_loss_price': 12762.25}
INVALID_RISK_UNIT,risk_unit == 0 or non-finite,NQH21-CME,2828385,2020-12-28 02:20:56.084004+00:00,12762.25,{'stop_loss_price': 12762.25}
INVALID_RISK_UNIT,risk_unit == 0 or non-finite,NQH21-CME,2848097,2020-12-28 08:16:56.985000+00:00,12775.0,{'stop_loss_price': 12775.0}
INVALID_RISK_UNIT,risk_unit == 0 or non-finite,NQH21-CME,2848098,2020-12-28 08:16:56.985001+00:00,12775.0,{'stop_loss_price': 12775.0}
INVALID_RISK_UNIT,risk_unit == 0 or non-finite,NQH21-CME,2919171,2020-12-28 14:54:52.683003+00:00,12796.25,{'stop_loss_price': 12796.25}
INVALID_RISK_UNIT,risk_unit == 0 or non-finite,NQH21-CME,2919172,2020-12-28 14:54:52.683004+00:00,12796.25,{'stop_loss_price': 12796.25}
INVALID_RISK_UNIT,risk_unit == 0 or non-finite,NQH21-CME,2955701,2020-12-28 15:23:41.262003+00:00,12770.75,{'stop_loss_price': 12770.75}
INVALID_RISK_UNIT,risk_unit == 0 or non-finite,NQH21-CME,2955702,2020-12-28 15:23:41.263000+00:00,12770.75,{'stop_loss_price': 12770.75}
INVALID_RISK_UNIT,risk_unit == 0 or non-finite,NQH21-CME,2955705,2020-12-28 15:23:41.315000+00:00,12770.75,{'stop_loss_price': 12770.75}
INVALID_RISK_UNIT,risk_unit == 0 or non-finite,NQH21-CME,2955706,2020-12-28 15:23:41.330000+00:00,12770.75,{'stop_loss_price': 12770.75}
INVALID_RISK_UNIT,risk_unit == 0 or non-finite,NQH21-CME,2955707,2020-12-28 15:23:41.360000+00:00,12770.75,{'stop_loss_price': 12770.75}
INVALID_RISK_UNIT,risk_unit == 0 or non-finite,NQH21-CME,3035030,2020-12-28 17:28:06.913000+00:00,12833.0,{'stop_loss_price': 12833.0}
INVALID_RISK_UNIT,risk_unit == 0 or non-finite,NQH21-CME,3120836,2020-12-29 00:14:42.396000+00:00,12856.75,{'stop_loss_price': 12856.75}
INVALID_RISK_UNIT,risk_unit == 0 or non-finite,NQH21-CME,3123845,2020-12-29 01:12:21.983000+00:00,12859.0,{'stop_loss_price': 12859.0}
INVALID_RISK_UNIT,risk_unit == 0 or non-finite,NQH21-CME,3148780,2020-12-29 09:16:03.485000+00:00,12888.5,{'stop_loss_price': 12888.5}
INVALID_RISK_UNIT,risk_unit == 0 or non-finite,NQH21-CME,3148781,2020-12-29 09:16:03.485001+00:00,12888.5,{'stop_loss_price': 12888.5}
INVALID_RISK_UNIT,risk_unit == 0 or non-finite,NQH21-CME,3259300,2020-12-29 15:20:39.919000+00:00,12843.25,{'stop_loss_price': 12843.25}
INVALID_RISK_UNIT,risk_unit == 0 or non-finite,NQH21-CME,3276875,2020-12-29 15:36:14.727000+00:00,12862.0,{'stop_loss_price': 12862.0}
INVALID_RISK_UNIT,risk_unit == 0 or non-finite,NQH21-CME,3325352,2020-12-29 16:32:55.664000+00:00,12875.0,{'stop_loss_price': 12875.0}
INVALID_RISK_UNIT,risk_unit == 0 or non-finite,NQH21-CME,3369777,2020-12-29 17:39:20.270000+00:00,12828.0,{'stop_loss_price': 12828.0}
INVALID_RISK_UNIT,risk_unit == 0 or non-finite,NQH21-CME,3369778,2020-12-29 17:39:20.270001+00:00,12828.0,{'stop_loss_price': 12828.0}
INVALID_RISK_UNIT,risk_unit == 0 or non-finite,NQH21-CME,3369779,2020-12-29 17:39:20.281000+00:00,12828.0,{'stop_loss_price': 12828.0}
INVALID_RISK_UNIT,risk_unit == 0 or non-finite,NQH21-CME,3369866,2020-12-29 17:39:24.288004+00:00,12826.0,{'stop_loss_price': 12826.0}
INVALID_RISK_UNIT,risk_unit == 0 or non-finite,NQH21-CME,3369867,2020-12-29 17:39:24.290000+00:00,12826.0,{'stop_loss_price': 12826.0}
INVALID_RISK_UNIT,risk_unit == 0 or non-finite,NQH21-CME,3424091,2020-12-29 19:32:23.819000+00:00,12832.25,{'stop_loss_price': 12832.25}
INVALID_RISK_UNIT,risk_unit == 0 or non-finite,NQH21-CME,3424092,2020-12-29 19:32:23.819001+00:00,12832.25,{'stop_loss_price': 12832.25}
INVALID_RISK_UNIT,risk_unit == 0 or non-finite,NQH21-CME,3428725,2020-12-29 19:42:03.574000+00:00,12832.25,{'stop_loss_price': 12832.25}
INVALID_RISK_UNIT,risk_unit == 0 or non-finite,NQH21-CME,3497982,2020-12-30 06:37:53.520000+00:00,12887.5,{'stop_loss_price': 12887.5}
INVALID_RISK_UNIT,risk_unit == 0 or non-finite,NQH21-CME,3497983,2020-12-30 06:37:53.520001+00:00,12887.5,{'stop_loss_price': 12887.5}
INVALID_RISK_UNIT,risk_unit == 0 or non-finite,NQH21-CME,3497984,2020-12-30 06:37:57.035000+00:00,12887.5,{'stop_loss_price': 12887.5}
INVALID_RISK_UNIT,risk_unit == 0 or non-finite,NQH21-CME,3504985,2020-12-30 08:14:50.151000+00:00,12891.5,{'stop_loss_price': 12891.5}
INVALID_RISK_UNIT,risk_unit == 0 or non-finite,NQH21-CME,3538003,2020-12-30 14:32:38.697000+00:00,12905.75,{'stop_loss_price': 12905.75}
INVALID_RISK_UNIT,risk_unit == 0 or non-finite,NQH21-CME,3538004,2020-12-30 14:32:38.697001+00:00,12905.75,{'stop_loss_price': 12905.75}
INVALID_RISK_UNIT,risk_unit == 0 or non-finite,NQH21-CME,3558933,2020-12-30 14:42:47.974000+00:00,12862.5,{'stop_loss_price': 12862.5}
INVALID_RISK_UNIT,risk_unit == 0 or non-finite,NQH21-CME,3558934,2020-12-30 14:42:47.974001+00:00,12862.5,{'stop_loss_price': 12862.5}
INVALID_RISK_UNIT,risk_unit == 0 or non-finite,NQH21-CME,3558935,2020-12-30 14:42:47.974002+00:00,12862.5,{'stop_loss_price': 12862.5}
INVALID_RISK_UNIT,risk_unit == 0 or non-finite,NQH21-CME,3558942,2020-12-30 14:42:48.155000+00:00,12862.5,{'stop_loss_price': 12862.5}
INVALID_RISK_UNIT,risk_unit == 0 or non-finite,NQH21-CME,3558943,2020-12-30 14:42:48.322000+00:00,12862.5,{'stop_loss_price': 12862.5}
INVALID_RISK_UNIT,risk_unit == 0 or non-finite,NQH21-CME,3558944,2020-12-30 14:42:48.322001+00:00,12862.5,{'stop_loss_price': 12862.5}
INVALID_RISK_UNIT,risk_unit == 0 or non-finite,NQH21-CME,3558948,2020-12-30 14:42:48.448000+00:00,12862.5,{'stop_loss_price': 12862.5}
INVALID_RISK_UNIT,risk_unit == 0 or non-finite,NQH21-CME,3558949,2020-12-30 14:42:48.448001+00:00,12862.5,{'stop_loss_price': 12862.5}
INVALID_RISK_UNIT,risk_unit == 0 or non-finite,NQH21-CME,3576449,2020-12-30 14:54:23.006000+00:00,12852.0,{'stop_loss_price': 12852.0}
INVALID_RISK_UNIT,risk_unit == 0 or non-finite,NQH21-CME,3582373,2020-12-30 14:58:18.044000+00:00,12863.0,{'stop_loss_price': 12863.0}
INVALID_RISK_UNIT,risk_unit == 0 or non-finite,NQH21-CME,3610535,2020-12-30 15:22:16.750000+00:00,12857.25,{'stop_loss_price': 12857.25}
INVALID_RISK_UNIT,risk_unit == 0 or non-finite,NQH21-CME,3622673,2020-12-30 15:36:25.124000+00:00,12835.0,{'stop_loss_price': 12835.0}
INVALID_RISK_UNIT,risk_unit == 0 or non-finite,NQH21-CME,3622674,2020-12-30 15:36:25.124001+00:00,12835.0,{'stop_loss_price': 12835.0}
INVALID_RISK_UNIT,risk_unit == 0 or non-finite,NQH21-CME,3662130,2020-12-30 16:32:03.224000+00:00,12863.5,{'stop_loss_price': 12863.5}
INVALID_RISK_UNIT,risk_unit == 0 or non-finite,NQH21-CME,3663393,2020-12-30 16:34:32.109000+00:00,12866.0,{'stop_loss_price': 12866.0}
INVALID_RISK_UNIT,risk_unit == 0 or non-finite,NQH21-CME,3663394,2020-12-30 16:34:32.320000+00:00,12866.0,{'stop_loss_price': 12866.0}
INVALID_RISK_UNIT,risk_unit == 0 or non-finite,NQH21-CME,3686333,2020-12-30 17:21:43.998000+00:00,12859.0,{'stop_loss_price': 12859.0}
INVALID_RISK_UNIT,risk_unit == 0 or non-finite,NQH21-CME,3686334,2020-12-30 17:21:43.998001+00:00,12859.0,{'stop_loss_price': 12859.0}
INVALID_RISK_UNIT,risk_unit == 0 or non-finite,NQH21-CME,3686335,2020-12-30 17:21:43.999000+00:00,12859.0,{'stop_loss_price': 12859.0}
INVALID_RISK_UNIT,risk_unit == 0 or non-finite,NQH21-CME,3686336,2020-12-30 17:21:44.157000+00:00,12859.0,{'stop_loss_price': 12859.0}
INVALID_RISK_UNIT,risk_unit == 0 or non-finite,NQH21-CME,3696578,2020-12-30 17:47:56.946000+00:00,12854.5,{'stop_loss_price': 12854.5}
INVALID_RISK_UNIT,risk_unit == 0 or non-finite,NQH21-CME,3696579,2020-12-30 17:47:56.946001+00:00,12854.5,{'stop_loss_price': 12854.5}
INVALID_RISK_UNIT,risk_unit == 0 or non-finite,NQH21-CME,3696580,2020-12-30 17:47:56.946002+00:00,12854.5,{'stop_loss_price': 12854.5}
INVALID_RISK_UNIT,risk_unit == 0 or non-finite,NQH21-CME,3696581,2020-12-30 17:47:56.946003+00:00,12854.5,{'stop_loss_price': 12854.5}
INVALID_RISK_UNIT,risk_unit == 0 or non-finite,NQH21-CME,3696582,2020-12-30 17:47:57.040000+00:00,12854.5,{'stop_loss_price': 12854.5}
INVALID_RISK_UNIT,risk_unit == 0 or non-finite,NQH21-CME,3696584,2020-12-30 17:47:58.079000+00:00,12854.5,{'stop_loss_price': 12854.5}
INVALID_RISK_UNIT,risk_unit == 0 or non-finite,NQH21-CME,3737155,2020-12-30 19:55:13.050000+00:00,12845.75,{'stop_loss_price': 12845.75}
INVALID_RISK_UNIT,risk_unit == 0 or non-finite,NQH21-CME,3737156,2020-12-30 19:55:13.050001+00:00,12845.75,{'stop_loss_price': 12845.75}
INVALID_RISK_UNIT,risk_unit == 0 or non-finite,NQH21-CME,3737157,2020-12-30 19:55:13.064000+00:00,12845.75,{'stop_loss_price': 12845.75}
INVALID_RISK_UNIT,risk_unit == 0 or non-finite,NQH21-CME,3737158,2020-12-30 19:55:13.071000+00:00,12845.75,{'stop_loss_price': 12845.75}
INVALID_RISK_UNIT,risk_unit == 0 or non-finite,NQH21-CME,3737159,2020-12-30 19:55:13.072000+00:00,12845.75,{'stop_loss_price': 12845.75}
INVALID_RISK_UNIT,risk_unit == 0 or non-finite,NQH21-CME,3737160,2020-12-30 19:55:13.074000+00:00,12845.75,{'stop_loss_price': 12845.75}
INVALID_RISK_UNIT,risk_unit == 0 or non-finite,NQH21-CME,3743183,2020-12-30 20:11:31.041003+00:00,12839.0,{'stop_loss_price': 12839.0}
INVALID_RISK_UNIT,risk_unit == 0 or non-finite,NQH21-CME,3743184,2020-12-30 20:11:31.041004+00:00,12839.0,{'stop_loss_price': 12839.0}
INVALID_RISK_UNIT,risk_unit == 0 or non-finite,NQH21-CME,3743188,2020-12-30 20:11:31.213000+00:00,12839.0,{'stop_loss_price': 12839.0}
INVALID_RISK_UNIT,risk_unit == 0 or non-finite,NQH21-CME,3761672,2020-12-30 20:47:45.608000+00:00,12841.75,{'stop_loss_price': 12841.75}
INVALID_RISK_UNIT,risk_unit == 0 or non-finite,NQH21-CME,3761673,2020-12-30 20:47:45.698000+00:00,12841.75,{'stop_loss_price': 12841.75}
INVALID_RISK_UNIT,risk_unit == 0 or non-finite,NQH21-CME,3774415,2020-12-30 20:59:40.603000+00:00,12836.75,{'stop_loss_price': 12836.75}
INVALID_RISK_UNIT,risk_unit == 0 or non-finite,NQH21-CME,3784363,2020-12-31 00:00:32.593000+00:00,12851.0,{'stop_loss_price': 12851.0}
INVALID_RISK_UNIT,risk_unit == 0 or non-finite,NQH21-CME,3786086,2020-12-31 01:26:27.273001+00:00,12845.0,{'stop_loss_price': 12845.0}
INVALID_RISK_UNIT,risk_unit == 0 or non-finite,NQH21-CME,3794557,2020-12-31 06:29:55.240000+00:00,12849.5,{'stop_loss_price': 12849.5}
INVALID_RISK_UNIT,risk_unit == 0 or non-finite,NQH21-CME,3799975,2020-12-31 08:45:18.520000+00:00,12842.5,{'stop_loss_price': 12842.5}
INVALID_RISK_UNIT,risk_unit == 0 or non-finite,NQH21-CME,3799976,2020-12-31 08:45:20.028000+00:00,12842.5,{'stop_loss_price': 12842.5}
INVALID_RISK_UNIT,risk_unit == 0 or non-finite,NQH21-CME,3811504,2020-12-31 13:21:31.844000+00:00,12845.5,{'stop_loss_price': 12845.5}
INVALID_RISK_UNIT,risk_unit == 0 or non-finite,NQH21-CME,3858043,2020-12-31 15:02:48.925000+00:00,12846.5,{'stop_loss_price': 12846.5}
INVALID_RISK_UNIT,risk_unit == 0 or non-finite,NQH21-CME,3858044,2020-12-31 15:02:49.209000+00:00,12846.5,{'stop_loss_price': 12846.5}
INVALID_RISK_UNIT,risk_unit == 0 or non-finite,NQH21-CME,3858045,2020-12-31 15:02:49.210000+00:00,12846.5,{'stop_loss_price': 12846.5}
INVALID_RISK_UNIT,risk_unit == 0 or non-finite,NQH21-CME,3858046,2020-12-31 15:02:49.210001+00:00,12846.5,{'stop_loss_price': 12846.5}
INVALID_RISK_UNIT,risk_unit == 0 or non-finite,NQH21-CME,3858051,2020-12-31 15:02:49.519000+00:00,12846.5,{'stop_loss_price': 12846.5}
INVALID_RISK_UNIT,risk_unit == 0 or non-finite,NQH21-CME,3878186,2020-12-31 15:36:23.590000+00:00,12839.0,{'stop_loss_price': 12839.0}
INVALID_RISK_UNIT,risk_unit == 0 or non-finite,NQH21-CME,3878187,2020-12-31 15:36:23.736000+00:00,12839.0,{'stop_loss_price': 12839.0}
INVALID_RISK_UNIT,risk_unit == 0 or non-finite,NQH21-CME,3878188,2020-12-31 15:36:23.942000+00:00,12839.0,{'stop_loss_price': 12839.0}
INVALID_RISK_UNIT,risk_unit == 0 or non-finite,NQH21-CME,3878189,2020-12-31 15:36:24.638000+00:00,12839.0,{'stop_loss_price': 12839.0}
INVALID_RISK_UNIT,risk_unit == 0 or non-finite,NQH21-CME,3882217,2020-12-31 15:45:28.344000+00:00,12849.0,{'stop_loss_price': 12849.0}
INVALID_RISK_UNIT,risk_unit == 0 or non-finite,NQH21-CME,3882218,2020-12-31 15:45:28.344001+00:00,12849.0,{'stop_loss_price': 12849.0}
INVALID_RISK_UNIT,risk_unit == 0 or non-finite,NQH21-CME,3882219,2020-12-31 15:45:28.344002+00:00,12849.0,{'stop_loss_price': 12849.0}
INVALID_RISK_UNIT,risk_unit == 0 or non-finite,NQH21-CME,3882220,2020-12-31 15:45:28.344003+00:00,12849.0,{'stop_loss_price': 12849.0}
INVALID_RISK_UNIT,risk_unit == 0 or non-finite,NQH21-CME,3882222,2020-12-31 15:45:29.791000+00:00,12849.0,{'stop_loss_price': 12849.0}
INVALID_RISK_UNIT,risk_unit == 0 or non-finite,NQH21-CME,3907733,2020-12-31 16:45:09.749000+00:00,12826.75,{'stop_loss_price': 12826.75}
INVALID_RISK_UNIT,risk_unit == 0 or non-finite,NQH21-CME,3907734,2020-12-31 16:45:09.750000+00:00,12826.75,{'stop_loss_price': 12826.75}
INVALID_RISK_UNIT,risk_unit == 0 or non-finite,NQH21-CME,3969508,2020-12-31 19:22:10.525000+00:00,12833.75,{'stop_loss_price': 12833.75}
INVALID_RISK_UNIT,risk_unit == 0 or non-finite,NQH21-CME,3986548,2020-12-31 20:11:22.886000+00:00,12856.25,{'stop_loss_price': 12856.25}
INVALID_RISK_UNIT,risk_unit == 0 or non-finite,NQH21-CME,3986549,2020-12-31 20:11:22.886001+00:00,12856.25,{'stop_loss_price': 12856.25}
INVALID_RISK_UNIT,risk_unit == 0 or non-finite,NQH21-CME,3986550,2020-12-31 20:11:22.886002+00:00,12856.25,{'stop_loss_price': 12856.25}
INVALID_RISK_UNIT,risk_unit == 0 or non-finite,NQH21-CME,3986551,2020-12-31 20:11:22.887000+00:00,12856.25,{'stop_loss_price': 12856.25}
INVALID_RISK_UNIT,risk_unit == 0 or non-finite,NQH21-CME,3986552,2020-12-31 20:11:22.887001+00:00,12856.25,{'stop_loss_price': 12856.25}
INVALID_RISK_UNIT,risk_unit == 0 or non-finite,NQH21-CME,3986553,2020-12-31 20:11:22.887002+00:00,12856.25,{'stop_loss_price': 12856.25}
INVALID_RISK_UNIT,risk_unit == 0 or non-finite,NQH21-CME,3986554,2020-12-31 20:11:22.887003+00:00,12856.25,{'stop_loss_price': 12856.25}
INVALID_RISK_UNIT,risk_unit == 0 or non-finite,NQH21-CME,3986555,2020-12-31 20:11:22.888000+00:00,12856.25,{'stop_loss_price': 12856.25}
INVALID_RISK_UNIT,risk_unit == 0 or non-finite,NQH21-CME,3986556,2020-12-31 20:11:22.889000+00:00,12856.25,{'stop_loss_price': 12856.25}
INVALID_RISK_UNIT,risk_unit == 0 or non-finite,NQH21-CME,3986557,2020-12-31 20:11:22.889001+00:00,12856.25,{'stop_loss_price': 12856.25}
INVALID_RISK_UNIT,risk_unit == 0 or non-finite,NQH21-CME,3986558,2020-12-31 20:11:22.889002+00:00,12856.25,{'stop_loss_price': 12856.25}
INVALID_RISK_UNIT,risk_unit == 0 or non-finite,NQH21-CME,3986559,2020-12-31 20:11:22.889003+00:00,12856.25,{'stop_loss_price': 12856.25}
INVALID_RISK_UNIT,risk_unit == 0 or non-finite,NQH21-CME,3986561,2020-12-31 20:11:22.951000+00:00,12856.25,{'stop_loss_price': 12856.25}
INVALID_RISK_UNIT,risk_unit == 0 or non-finite,NQH21-CME,4011330,2020-12-31 20:52:39.602000+00:00,12868.75,{'stop_loss_price': 12868.75}
INVALID_RISK_UNIT,risk_unit == 0 or non-finite,NQH21-CME,4011331,2020-12-31 20:52:39.602001+00:00,12868.75,{'stop_loss_price': 12868.75}
INVALID_RISK_UNIT,risk_unit == 0 or non-finite,NQH21-CME,4011332,2020-12-31 20:52:39.602002+00:00,12868.75,{'stop_loss_price': 12868.75}
INVALID_RISK_UNIT,risk_unit == 0 or non-finite,NQH21-CME,4011333,2020-12-31 20:52:39.602003+00:00,12868.75,{'stop_loss_price': 12868.75}
INVALID_RISK_UNIT,risk_unit == 0 or non-finite,NQH21-CME,4011334,2020-12-31 20:52:39.667000+00:00,12868.75,{'stop_loss_price': 12868.75}
INVALID_RISK_UNIT,risk_unit == 0 or non-finite,NQH21-CME,4011335,2020-12-31 20:52:39.667001+00:00,12868.75,{'stop_loss_price': 12868.75}
INVALID_RISK_UNIT,risk_unit == 0 or non-finite,NQH21-CME,4040172,2021-01-03 23:14:26.613000+00:00,12891.25,{'stop_loss_price': 12891.25}
INVALID_RISK_UNIT,risk_unit == 0 or non-finite,NQH21-CME,4051939,2021-01-04 00:58:58.059000+00:00,12833.5,{'stop_loss_price': 12833.5}
INVALID_RISK_UNIT,risk_unit == 0 or non-finite,NQH21-CME,4062271,2021-01-04 03:11:47.594000+00:00,12863.25,{'stop_loss_price': 12863.25}
INVALID_RISK_UNIT,risk_unit == 0 or non-finite,NQH21-CME,4062272,2021-01-04 03:11:47.594001+00:00,12863.25,{'stop_loss_price': 12863.25}
INVALID_RISK_UNIT,risk_unit == 0 or non-finite,NQH21-CME,4062273,2021-01-04 03:11:47.596000+00:00,12863.25,{'stop_loss_price': 12863.25}
INVALID_RISK_UNIT,risk_unit == 0 or non-finite,NQH21-CME,4062274,2021-01-04 03:11:55.410000+00:00,12863.25,{'stop_loss_price': 12863.25}
INVALID_RISK_UNIT,risk_unit == 0 or non-finite,NQH21-CME,4071715,2021-01-04 06:44:54.618005+00:00,12888.0,{'stop_loss_price': 12888.0}
INVALID_RISK_UNIT,risk_unit == 0 or non-finite,NQH21-CME,4130513,2021-01-04 14:32:10.939000+00:00,12915.75,{'stop_loss_price': 12915.75}
INVALID_RISK_UNIT,risk_unit == 0 or non-finite,NQH21-CME,4131247,2021-01-04 14:32:31.381000+00:00,12911.0,{'stop_loss_price': 12911.0}
INVALID_RISK_UNIT,risk_unit == 0 or non-finite,NQH21-CME,4188427,2021-01-04 15:03:25.798000+00:00,12877.75,{'stop_loss_price': 12877.75}
INVALID_RISK_UNIT,risk_unit == 0 or non-finite,NQH21-CME,4191146,2021-01-04 15:05:19.667000+00:00,12881.25,{'stop_loss_price': 12881.25}
INVALID_RISK_UNIT,risk_unit == 0 or non-finite,NQH21-CME,4234151,2021-01-04 15:36:54.901000+00:00,12861.5,{'stop_loss_price': 12861.5}
INVALID_RISK_UNIT,risk_unit == 0 or non-finite,NQH21-CME,4260333,2021-01-04 15:52:21.992000+00:00,12810.0,{'stop_loss_price': 12810.0}
INVALID_RISK_UNIT,risk_unit == 0 or non-finite,NQH21-CME,4260334,2021-01-04 15:52:21.992001+00:00,12810.0,{'stop_loss_price': 12810.0}
INVALID_RISK_UNIT,risk_unit == 0 or non-finite,NQH21-CME,4260335,2021-01-04 15:52:21.992002+00:00,12810.0,{'stop_loss_price': 12810.0}
INVALID_RISK_UNIT,risk_unit == 0 or non-finite,NQH21-CME,4270984,2021-01-04 15:56:49.773000+00:00,12796.75,{'stop_loss_price': 12796.75}
INVALID_RISK_UNIT,risk_unit == 0 or non-finite,NQH21-CME,4270985,2021-01-04 15:56:49.773001+00:00,12796.75,{'stop_loss_price': 12796.75}
INVALID_RISK_UNIT,risk_unit == 0 or non-finite,NQH21-CME,4270986,2021-01-04 15:56:49.774000+00:00,12796.75,{'stop_loss_price': 12796.75}
INVALID_RISK_UNIT,risk_unit == 0 or non-finite,NQH21-CME,4270987,2021-01-04 15:56:49.794000+00:00,12796.75,{'stop_loss_price': 12796.75}
INVALID_RISK_UNIT,risk_unit == 0 or non-finite,NQH21-CME,4270988,2021-01-04 15:56:49.794001+00:00,12796.75,{'stop_loss_price': 12796.75}
INVALID_RISK_UNIT,risk_unit == 0 or non-finite,NQH21-CME,4276590,2021-01-04 15:59:05.448000+00:00,12776.5,{'stop_loss_price': 12776.5}
INVALID_RISK_UNIT,risk_unit == 0 or non-finite,NQH21-CME,4276591,2021-01-04 15:59:05.448001+00:00,12776.5,{'stop_loss_price': 12776.5}
INVALID_RISK_UNIT,risk_unit == 0 or non-finite,NQH21-CME,4276592,2021-01-04 15:59:05.448002+00:00,12776.5,{'stop_loss_price': 12776.5}
INVALID_RISK_UNIT,risk_unit == 0 or non-finite,NQH21-CME,4276593,2021-01-04 15:59:05.448003+00:00,12776.5,{'stop_loss_price': 12776.5}
INVALID_RISK_UNIT,risk_unit == 0 or non-finite,NQH21-CME,4276594,2021-01-04 15:59:05.480000+00:00,12776.5,{'stop_loss_price': 12776.5}
INVALID_RISK_UNIT,risk_unit == 0 or non-finite,NQH21-CME,4284970,2021-01-04 16:02:19.204000+00:00,12769.0,{'stop_loss_price': 12769.0}
INVALID_RISK_UNIT,risk_unit == 0 or non-finite,NQH21-CME,4284971,2021-01-04 16:02:19.204001+00:00,12769.0,{'stop_loss_price': 12769.0}
INVALID_RISK_UNIT,risk_unit == 0 or non-finite,NQH21-CME,4341868,2021-01-04 16:30:42.594000+00:00,12719.75,{'stop_loss_price': 12719.75}
INVALID_RISK_UNIT,risk_unit == 0 or non-finite,NQH21-CME,4341869,2021-01-04 16:30:42.627000+00:00,12719.75,{'stop_loss_price': 12719.75}
INVALID_RISK_UNIT,risk_unit == 0 or non-finite,NQH21-CME,4350032,2021-01-04 16:36:22.450002+00:00,12702.25,{'stop_loss_price': 12702.25}
INVALID_RISK_UNIT,risk_unit == 0 or non-finite,NQH21-CME,4364317,2021-01-04 16:53:00.524000+00:00,12678.0,{'stop_loss_price': 12678.0}
INVALID_RISK_UNIT,risk_unit == 0 or non-finite,NQH21-CME,4380881,2021-01-04 17:00:23.230001+00:00,12642.0,{'stop_loss_price': 12642.0}
INVALID_RISK_UNIT,risk_unit == 0 or non-finite,NQH21-CME,4434250,2021-01-04 17:30:03.250000+00:00,12594.75,{'stop_loss_price': 12594.75}
INVALID_RISK_UNIT,risk_unit == 0 or non-finite,NQH21-CME,4439597,2021-01-04 17:33:47.379000+00:00,12583.5,{'stop_loss_price': 12583.5}
INVALID_RISK_UNIT,risk_unit == 0 or non-finite,NQH21-CME,4439598,2021-01-04 17:33:47.379001+00:00,12583.5,{'stop_loss_price': 12583.5}
INVALID_RISK_UNIT,risk_unit == 0 or non-finite,NQH21-CME,4480958,2021-01-04 18:19:53.261000+00:00,12624.25,{'stop_loss_price': 12624.25}
INVALID_RISK_UNIT,risk_unit == 0 or non-finite,NQH21-CME,4480959,2021-01-04 18:19:53.261001+00:00,12624.25,{'stop_loss_price': 12624.25}
INVALID_RISK_UNIT,risk_unit == 0 or non-finite,NQH21-CME,4508455,2021-01-04 18:59:31.946000+00:00,12672.0,{'stop_loss_price': 12672.0}
INVALID_RISK_UNIT,risk_unit == 0 or non-finite,NQH21-CME,4549176,2021-01-04 19:55:52.169000+00:00,12620.25,{'stop_loss_price': 12620.25}
INVALID_RISK_UNIT,risk_unit == 0 or non-finite,NQH21-CME,4549177,2021-01-04 19:55:52.169001+00:00,12620.25,{'stop_loss_price': 12620.25}
INVALID_RISK_UNIT,risk_unit == 0 or non-finite,NQH21-CME,4549178,2021-01-04 19:55:52.170000+00:00,12620.25,{'stop_loss_price': 12620.25}
INVALID_RISK_UNIT,risk_unit == 0 or non-finite,NQH21-CME,4550223,2021-01-04 19:56:11.426000+00:00,12639.75,{'stop_loss_price': 12639.75}
INVALID_RISK_UNIT,risk_unit == 0 or non-finite,NQH21-CME,4550224,2021-01-04 19:56:11.427000+00:00,12639.75,{'stop_loss_price': 12639.75}
INVALID_RISK_UNIT,risk_unit == 0 or non-finite,NQH21-CME,4550225,2021-01-04 19:56:11.435000+00:00,12639.75,{'stop_loss_price': 12639.75}
INVALID_RISK_UNIT,risk_unit == 0 or non-finite,NQH21-CME,4561714,2021-01-04 20:05:26.786000+00:00,12651.0,{'stop_loss_price': 12651.0}
INVALID_RISK_UNIT,risk_unit == 0 or non-finite,NQH21-CME,4561715,2021-01-04 20:05:26.786001+00:00,12651.0,{'stop_loss_price': 12651.0}
INVALID_RISK_UNIT,risk_unit == 0 or non-finite,NQH21-CME,4561716,2021-01-04 20:05:26.786002+00:00,12651.0,{'stop_loss_price': 12651.0}
INVALID_RISK_UNIT,risk_unit == 0 or non-finite,NQH21-CME,4603760,2021-01-04 20:54:45.849000+00:00,12705.75,{'stop_loss_price': 12705.75}
INVALID_RISK_UNIT,risk_unit == 0 or non-finite,NQH21-CME,4603761,2021-01-04 20:54:45.849001+00:00,12705.75,{'stop_loss_price': 12705.75}
INVALID_RISK_UNIT,risk_unit == 0 or non-finite,NQH21-CME,4603762,2021-01-04 20:54:45.849002+00:00,12705.75,{'stop_loss_price': 12705.75}
INVALID_RISK_UNIT,risk_unit == 0 or non-finite,NQH21-CME,4603763,2021-01-04 20:54:45.849003+00:00,12705.75,{'stop_loss_price': 12705.75}
INVALID_RISK_UNIT,risk_unit == 0 or non-finite,NQH21-CME,4603764,2021-01-04 20:54:45.849004+00:00,12705.75,{'stop_loss_price': 12705.75}
INVALID_RISK_UNIT,risk_unit == 0 or non-finite,NQH21-CME,4689098,2021-01-05 11:34:47.497000+00:00,12713.75,{'stop_loss_price': 12713.75}
INVALID_RISK_UNIT,risk_unit == 0 or non-finite,NQH21-CME,4689099,2021-01-05 11:34:47.525000+00:00,12713.75,{'stop_loss_price': 12713.75}
INVALID_RISK_UNIT,risk_unit == 0 or non-finite,NQH21-CME,4689101,2021-01-05 11:34:47.525002+00:00,12713.75,{'stop_loss_price': 12713.75}
INVALID_RISK_UNIT,risk_unit == 0 or non-finite,NQH21-CME,4712146,2021-01-05 13:34:17.032000+00:00,12625.75,{'stop_loss_price': 12625.75}
INVALID_RISK_UNIT,risk_unit == 0 or non-finite,NQH21-CME,4723891,2021-01-05 14:16:41.651000+00:00,12642.25,{'stop_loss_price': 12642.25}
INVALID_RISK_UNIT,risk_unit == 0 or non-finite,NQH21-CME,4734092,2021-01-05 14:31:30.727000+00:00,12684.25,{'stop_loss_price': 12684.25}
INVALID_RISK_UNIT,risk_unit == 0 or non-finite,NQH21-CME,4753091,2021-01-05 14:38:09.062000+00:00,12710.5,{'stop_loss_price': 12710.5}
INVALID_RISK_UNIT,risk_unit == 0 or non-finite,NQH21-CME,4753092,2021-01-05 14:38:09.063000+00:00,12710.5,{'stop_loss_price': 12710.5}
INVALID_RISK_UNIT,risk_unit == 0 or non-finite,NQH21-CME,4753093,2021-01-05 14:38:09.078000+00:00,12710.5,{'stop_loss_price': 12710.5}
INVALID_RISK_UNIT,risk_unit == 0 or non-finite,NQH21-CME,4753094,2021-01-05 14:38:09.078001+00:00,12710.5,{'stop_loss_price': 12710.5}
INVALID_RISK_UNIT,risk_unit == 0 or non-finite,NQH21-CME,4753097,2021-01-05 14:38:09.147000+00:00,12710.5,{'stop_loss_price': 12710.5}
INVALID_RISK_UNIT,risk_unit == 0 or non-finite,NQH21-CME,4753098,2021-01-05 14:38:09.165000+00:00,12710.5,{'stop_loss_price': 12710.5}
INVALID_RISK_UNIT,risk_unit == 0 or non-finite,NQH21-CME,4753099,2021-01-05 14:38:09.174000+00:00,12710.5,{'stop_loss_price': 12710.5}
INVALID_RISK_UNIT,risk_unit == 0 or non-finite,NQH21-CME,4753100,2021-01-05 14:38:09.174001+00:00,12710.5,{'stop_loss_price': 12710.5}
INVALID_RISK_UNIT,risk_unit == 0 or non-finite,NQH21-CME,4753103,2021-01-05 14:38:09.250000+00:00,12710.5,{'stop_loss_price': 12710.5}
INVALID_RISK_UNIT,risk_unit == 0 or non-finite,NQH21-CME,4804270,2021-01-05 15:06:05.243000+00:00,12765.25,{'stop_loss_price': 12765.25}
INVALID_RISK_UNIT,risk_unit == 0 or non-finite,NQH21-CME,4804271,2021-01-05 15:06:05.243001+00:00,12765.25,{'stop_loss_price': 12765.25}
INVALID_RISK_UNIT,risk_unit == 0 or non-finite,NQH21-CME,4804272,2021-01-05 15:06:05.307000+00:00,12765.25,{'stop_loss_price': 12765.25}
INVALID_RISK_UNIT,risk_unit == 0 or non-finite,NQH21-CME,4804273,2021-01-05 15:06:05.307001+00:00,12765.25,{'stop_loss_price': 12765.25}
INVALID_RISK_UNIT,risk_unit == 0 or non-finite,NQH21-CME,4851358,2021-01-05 15:44:02.596000+00:00,12724.5,{'stop_loss_price': 12724.5}
INVALID_RISK_UNIT,risk_unit == 0 or non-finite,NQH21-CME,4864192,2021-01-05 15:55:04.737000+00:00,12756.0,{'stop_loss_price': 12756.0}
INVALID_RISK_UNIT,risk_unit == 0 or non-finite,NQH21-CME,4867332,2021-01-05 15:57:55.334000+00:00,12728.75,{'stop_loss_price': 12728.75}
INVALID_RISK_UNIT,risk_unit == 0 or non-finite,NQH21-CME,4936847,2021-01-05 17:26:13.786000+00:00,12711.75,{'stop_loss_price': 12711.75}
INVALID_RISK_UNIT,risk_unit == 0 or non-finite,NQH21-CME,4948001,2021-01-05 17:50:39.958000+00:00,12707.25,{'stop_loss_price': 12707.25}
INVALID_RISK_UNIT,risk_unit == 0 or non-finite,NQH21-CME,4977582,2021-01-05 19:02:04.120000+00:00,12772.25,{'stop_loss_price': 12772.25}
INVALID_RISK_UNIT,risk_unit == 0 or non-finite,NQH21-CME,5074392,2021-01-06 00:53:17.601000+00:00,12822.75,{'stop_loss_price': 12822.75}
INVALID_RISK_UNIT,risk_unit == 0 or non-finite,NQH21-CME,5174703,2021-01-06 08:11:15.571000+00:00,12578.5,{'stop_loss_price': 12578.5}
INVALID_RISK_UNIT,risk_unit == 0 or non-finite,NQH21-CME,5197667,2021-01-06 09:22:18.585000+00:00,12554.5,{'stop_loss_price': 12554.5}
INVALID_RISK_UNIT,risk_unit == 0 or non-finite,NQH21-CME,5201314,2021-01-06 09:49:25.629000+00:00,12574.0,{'stop_loss_price': 12574.0}
INVALID_RISK_UNIT,risk_unit == 0 or non-finite,NQH21-CME,5201315,2021-01-06 09:49:25.629001+00:00,12574.0,{'stop_loss_price': 12574.0}
INVALID_RISK_UNIT,risk_unit == 0 or non-finite,NQH21-CME,5234223,2021-01-06 12:28:07.781000+00:00,12620.5,{'stop_loss_price': 12620.5}
INVALID_RISK_UNIT,risk_unit == 0 or non-finite,NQH21-CME,5238136,2021-01-06 12:41:27.486000+00:00,12607.75,{'stop_loss_price': 12607.75}
INVALID_RISK_UNIT,risk_unit == 0 or non-finite,NQH21-CME,5238137,2021-01-06 12:41:27.594000+00:00,12607.75,{'stop_loss_price': 12607.75}
INVALID_RISK_UNIT,risk_unit == 0 or non-finite,NQH21-CME,5238142,2021-01-06 12:41:30.378000+00:00,12607.75,{'stop_loss_price': 12607.75}
INVALID_RISK_UNIT,risk_unit == 0 or non-finite,NQH21-CME,5273213,2021-01-06 14:25:41.131000+00:00,12604.0,{'stop_loss_price': 12604.0}
INVALID_RISK_UNIT,risk_unit == 0 or non-finite,NQH21-CME,5273214,2021-01-06 14:25:41.131001+00:00,12604.0,{'stop_loss_price': 12604.0}
INVALID_RISK_UNIT,risk_unit == 0 or non-finite,NQH21-CME,5273215,2021-01-06 14:25:41.131002+00:00,12604.0,{'stop_loss_price': 12604.0}
INVALID_RISK_UNIT,risk_unit == 0 or non-finite,NQH21-CME,5282275,2021-01-06 14:31:02.823000+00:00,12624.0,{'stop_loss_price': 12624.0}
INVALID_RISK_UNIT,risk_unit == 0 or non-finite,NQH21-CME,5282276,2021-01-06 14:31:02.823001+00:00,12624.0,{'stop_loss_price': 12624.0}
INVALID_RISK_UNIT,risk_unit == 0 or non-finite,NQH21-CME,5282279,2021-01-06 14:31:02.900000+00:00,12624.0,{'stop_loss_price': 12624.0}
INVALID_RISK_UNIT,risk_unit == 0 or non-finite,NQH21-CME,5291253,2021-01-06 14:33:11.048000+00:00,12570.5,{'stop_loss_price': 12570.5}
INVALID_RISK_UNIT,risk_unit == 0 or non-finite,NQH21-CME,5303633,2021-01-06 14:37:11.075000+00:00,12606.0,{'stop_loss_price': 12606.0}
INVALID_RISK_UNIT,risk_unit == 0 or non-finite,NQH21-CME,5358548,2021-01-06 15:09:25.433003+00:00,12652.25,{'stop_loss_price': 12652.25}
INVALID_RISK_UNIT,risk_unit == 0 or non-finite,NQH21-CME,5358549,2021-01-06 15:09:25.433004+00:00,12652.25,{'stop_loss_price': 12652.25}
INVALID_RISK_UNIT,risk_unit == 0 or non-finite,NQH21-CME,5358550,2021-01-06 15:09:25.433005+00:00,12652.25,{'stop_loss_price': 12652.25}
INVALID_RISK_UNIT,risk_unit == 0 or non-finite,NQH21-CME,5358551,2021-01-06 15:09:25.437000+00:00,12652.25,{'stop_loss_price': 12652.25}
INVALID_RISK_UNIT,risk_unit == 0 or non-finite,NQH21-CME,5358552,2021-01-06 15:09:25.437001+00:00,12652.25,{'stop_loss_price': 12652.25}
INVALID_RISK_UNIT,risk_unit == 0 or non-finite,NQH21-CME,5364290,2021-01-06 15:12:02.405000+00:00,12679.25,{'stop_loss_price': 12679.25}
INVALID_RISK_UNIT,risk_unit == 0 or non-finite,NQH21-CME,5364981,2021-01-06 15:12:27.038000+00:00,12676.0,{'stop_loss_price': 12676.0}
INVALID_RISK_UNIT,risk_unit == 0 or non-finite,NQH21-CME,5478539,2021-01-06 17:03:11.004000+00:00,12761.5,{'stop_loss_price': 12761.5}
INVALID_RISK_UNIT,risk_unit == 0 or non-finite,NQH21-CME,5485616,2021-01-06 17:07:01.847001+00:00,12781.0,{'stop_loss_price': 12781.0}
INVALID_RISK_UNIT,risk_unit == 0 or non-finite,NQH21-CME,5533475,2021-01-06 18:39:48.209000+00:00,12763.75,{'stop_loss_price': 12763.75}
INVALID_RISK_UNIT,risk_unit == 0 or non-finite,NQH21-CME,5539815,2021-01-06 18:48:55.755000+00:00,12788.25,{'stop_loss_price': 12788.25}
INVALID_RISK_UNIT,risk_unit == 0 or non-finite,NQH21-CME,5551826,2021-01-06 19:15:31.880000+00:00,12769.25,{'stop_loss_price': 12769.25}
INVALID_RISK_UNIT,risk_unit == 0 or non-finite,NQH21-CME,5551827,2021-01-06 19:15:32.027000+00:00,12769.25,{'stop_loss_price': 12769.25}
INVALID_RISK_UNIT,risk_unit == 0 or non-finite,NQH21-CME,5603740,2021-01-06 19:47:09.445002+00:00,12679.0,{'stop_loss_price': 12679.0}
INVALID_RISK_UNIT,risk_unit == 0 or non-finite,NQH21-CME,5603741,2021-01-06 19:47:09.445003+00:00,12679.0,{'stop_loss_price': 12679.0}
INVALID_RISK_UNIT,risk_unit == 0 or non-finite,NQH21-CME,5670367,2021-01-06 20:34:48.440002+00:00,12649.25,{'stop_loss_price': 12649.25}
INVALID_RISK_UNIT,risk_unit == 0 or non-finite,NQH21-CME,5670368,2021-01-06 20:34:48.473000+00:00,12649.25,{'stop_loss_price': 12649.25}
INVALID_RISK_UNIT,risk_unit == 0 or non-finite,NQH21-CME,5673900,2021-01-06 20:37:31.062000+00:00,12639.25,{'stop_loss_price': 12639.25}
INVALID_RISK_UNIT,risk_unit == 0 or non-finite,NQH21-CME,5677007,2021-01-06 20:39:49.183000+00:00,12619.5,{'stop_loss_price': 12619.5}
INVALID_RISK_UNIT,risk_unit == 0 or non-finite,NQH21-CME,5677008,2021-01-06 20:39:49.200000+00:00,12619.5,{'stop_loss_price': 12619.5}
INVALID_RISK_UNIT,risk_unit == 0 or non-finite,NQH21-CME,5677009,2021-01-06 20:39:49.206000+00:00,12619.5,{'stop_loss_price': 12619.5}
INVALID_RISK_UNIT,risk_unit == 0 or non-finite,NQH21-CME,5698626,2021-01-06 20:54:47.297000+00:00,12627.0,{'stop_loss_price': 12627.0}
INVALID_RISK_UNIT,risk_unit == 0 or non-finite,NQH21-CME,5698627,2021-01-06 20:54:47.297001+00:00,12627.0,{'stop_loss_price': 12627.0}
INVALID_RISK_UNIT,risk_unit == 0 or non-finite,NQH21-CME,5698628,2021-01-06 20:54:47.297002+00:00,12627.0,{'stop_loss_price': 12627.0}
INVALID_RISK_UNIT,risk_unit == 0 or non-finite,NQH21-CME,5698632,2021-01-06 20:54:47.298003+00:00,12627.0,{'stop_loss_price': 12627.0}
INVALID_RISK_UNIT,risk_unit == 0 or non-finite,NQH21-CME,5699596,2021-01-06 20:55:05.528000+00:00,12620.0,{'stop_loss_price': 12620.0}
INVALID_RISK_UNIT,risk_unit == 0 or non-finite,NQH21-CME,5701610,2021-01-06 20:56:10.213000+00:00,12609.75,{'stop_loss_price': 12609.75}
INVALID_RISK_UNIT,risk_unit == 0 or non-finite,NQH21-CME,5701611,2021-01-06 20:56:10.214000+00:00,12609.75,{'stop_loss_price': 12609.75}
INVALID_RISK_UNIT,risk_unit == 0 or non-finite,NQH21-CME,5702771,2021-01-06 20:56:36.908002+00:00,12601.25,{'stop_loss_price': 12601.25}
INVALID_RISK_UNIT,risk_unit == 0 or non-finite,NQH21-CME,5702772,2021-01-06 20:56:36.908003+00:00,12601.25,{'stop_loss_price': 12601.25}
INVALID_RISK_UNIT,risk_unit == 0 or non-finite,NQH21-CME,5702773,2021-01-06 20:56:36.908004+00:00,12601.25,{'stop_loss_price': 12601.25}
INVALID_RISK_UNIT,risk_unit == 0 or non-finite,NQH21-CME,5702774,2021-01-06 20:56:36.908005+00:00,12601.25,{'stop_loss_price': 12601.25}
INVALID_RISK_UNIT,risk_unit == 0 or non-finite,NQH21-CME,5702780,2021-01-06 20:56:36.946000+00:00,12601.25,{'stop_loss_price': 12601.25}
INVALID_RISK_UNIT,risk_unit == 0 or non-finite,NQH21-CME,5709994,2021-01-06 20:59:14.973000+00:00,12617.5,{'stop_loss_price': 12617.5}
INVALID_RISK_UNIT,risk_unit == 0 or non-finite,NQH21-CME,5740671,2021-01-07 01:23:38.292000+00:00,12707.5,{'stop_loss_price': 12707.5}
INVALID_RISK_UNIT,risk_unit == 0 or non-finite,NQH21-CME,5740672,2021-01-07 01:23:38.292001+00:00,12707.5,{'stop_loss_price': 12707.5}
INVALID_RISK_UNIT,risk_unit == 0 or non-finite,NQH21-CME,5768250,2021-01-07 07:28:23.121000+00:00,12726.75,{'stop_loss_price': 12726.75}
INVALID_RISK_UNIT,risk_unit == 0 or non-finite,NQH21-CME,5784517,2021-01-07 09:15:02.922000+00:00,12702.25,{'stop_loss_price': 12702.25}
INVALID_RISK_UNIT,risk_unit == 0 or non-finite,NQH21-CME,5815707,2021-01-07 13:37:57.826000+00:00,12722.25,{'stop_loss_price': 12722.25}
INVALID_RISK_UNIT,risk_unit == 0 or non-finite,NQH21-CME,5815708,2021-01-07 13:37:57.826001+00:00,12722.25,{'stop_loss_price': 12722.25}
INVALID_RISK_UNIT,risk_unit == 0 or non-finite,NQH21-CME,5815709,2021-01-07 13:37:57.826002+00:00,12722.25,{'stop_loss_price': 12722.25}
INVALID_RISK_UNIT,risk_unit == 0 or non-finite,NQH21-CME,5841028,2021-01-07 14:34:58.288003+00:00,12759.5,{'stop_loss_price': 12759.5}
INVALID_RISK_UNIT,risk_unit == 0 or non-finite,NQH21-CME,5889970,2021-01-07 15:01:29.847000+00:00,12851.25,{'stop_loss_price': 12851.25}
INVALID_RISK_UNIT,risk_unit == 0 or non-finite,NQH21-CME,5900544,2021-01-07 15:06:39.061000+00:00,12870.0,{'stop_loss_price': 12870.0}
INVALID_RISK_UNIT,risk_unit == 0 or non-finite,NQH21-CME,5900545,2021-01-07 15:06:39.078000+00:00,12870.0,{'stop_loss_price': 12870.0}
INVALID_RISK_UNIT,risk_unit == 0 or non-finite,NQH21-CME,5900546,2021-01-07 15:06:39.078001+00:00,12870.0,{'stop_loss_price': 12870.0}
INVALID_RISK_UNIT,risk_unit == 0 or non-finite,NQH21-CME,5900547,2021-01-07 15:06:39.078002+00:00,12870.0,{'stop_loss_price': 12870.0}
INVALID_RISK_UNIT,risk_unit == 0 or non-finite,NQH21-CME,5926322,2021-01-07 15:27:53.013000+00:00,12881.5,{'stop_loss_price': 12881.5}
INVALID_RISK_UNIT,risk_unit == 0 or non-finite,NQH21-CME,5931604,2021-01-07 15:34:36.201000+00:00,12879.75,{'stop_loss_price': 12879.75}
INVALID_RISK_UNIT,risk_unit == 0 or non-finite,NQH21-CME,5940330,2021-01-07 15:45:50.353001+00:00,12884.5,{'stop_loss_price': 12884.5}
INVALID_RISK_UNIT,risk_unit == 0 or non-finite,NQH21-CME,5940331,2021-01-07 15:45:50.353002+00:00,12884.5,{'stop_loss_price': 12884.5}
INVALID_RISK_UNIT,risk_unit == 0 or non-finite,NQH21-CME,5940332,2021-01-07 15:45:50.353003+00:00,12884.5,{'stop_loss_price': 12884.5}
INVALID_RISK_UNIT,risk_unit == 0 or non-finite,NQH21-CME,5940333,2021-01-07 15:45:50.353004+00:00,12884.5,{'stop_loss_price': 12884.5}
INVALID_RISK_UNIT,risk_unit == 0 or non-finite,NQH21-CME,5940334,2021-01-07 15:45:50.353005+00:00,12884.5,{'stop_loss_price': 12884.5}
INVALID_RISK_UNIT,risk_unit == 0 or non-finite,NQH21-CME,5957045,2021-01-07 16:05:26.022000+00:00,12890.5,{'stop_loss_price': 12890.5}
INVALID_RISK_UNIT,risk_unit == 0 or non-finite,NQH21-CME,6067422,2021-01-07 20:11:04.587000+00:00,12926.25,{'stop_loss_price': 12926.25}
INVALID_RISK_UNIT,risk_unit == 0 or non-finite,NQH21-CME,6067423,2021-01-07 20:11:04.588000+00:00,12926.25,{'stop_loss_price': 12926.25}
INVALID_RISK_UNIT,risk_unit == 0 or non-finite,NQH21-CME,6067424,2021-01-07 20:11:04.588001+00:00,12926.25,{'stop_loss_price': 12926.25}
INVALID_RISK_UNIT,risk_unit == 0 or non-finite,NQH21-CME,6067429,2021-01-07 20:11:05.148000+00:00,12926.25,{'stop_loss_price': 12926.25}
INVALID_RISK_UNIT,risk_unit == 0 or non-finite,NQH21-CME,6067430,2021-01-07 20:11:05.148001+00:00,12926.25,{'stop_loss_price': 12926.25}
INVALID_RISK_UNIT,risk_unit == 0 or non-finite,NQH21-CME,6067431,2021-01-07 20:11:05.687000+00:00,12926.25,{'stop_loss_price': 12926.25}
INVALID_RISK_UNIT,risk_unit == 0 or non-finite,NQH21-CME,6088678,2021-01-07 20:49:02.609001+00:00,12946.75,{'stop_loss_price': 12946.75}
INVALID_RISK_UNIT,risk_unit == 0 or non-finite,NQH21-CME,6108053,2021-01-07 21:00:18.260000+00:00,12931.0,{'stop_loss_price': 12931.0}
INVALID_RISK_UNIT,risk_unit == 0 or non-finite,NQH21-CME,6108054,2021-01-07 21:00:18.260001+00:00,12931.0,{'stop_loss_price': 12931.0}
INVALID_RISK_UNIT,risk_unit == 0 or non-finite,NQH21-CME,6108055,2021-01-07 21:00:18.260002+00:00,12931.0,{'stop_loss_price': 12931.0}
INVALID_RISK_UNIT,risk_unit == 0 or non-finite,NQH21-CME,6108056,2021-01-07 21:00:18.260003+00:00,12931.0,{'stop_loss_price': 12931.0}
INVALID_RISK_UNIT,risk_unit == 0 or non-finite,NQH21-CME,6108057,2021-01-07 21:00:18.260004+00:00,12931.0,{'stop_loss_price': 12931.0}
INVALID_RISK_UNIT,risk_unit == 0 or non-finite,NQH21-CME,6147111,2021-01-08 07:28:29.738000+00:00,12978.5,{'stop_loss_price': 12978.5}
INVALID_RISK_UNIT,risk_unit == 0 or non-finite,NQH21-CME,6194540,2021-01-08 14:28:17.912000+00:00,13017.5,{'stop_loss_price': 13017.5}
INVALID_RISK_UNIT,risk_unit == 0 or non-finite,NQH21-CME,6204004,2021-01-08 14:32:20.243000+00:00,13017.5,{'stop_loss_price': 13017.5}
INVALID_RISK_UNIT,risk_unit == 0 or non-finite,NQH21-CME,6217186,2021-01-08 14:36:37.854000+00:00,13026.25,{'stop_loss_price': 13026.25}
INVALID_RISK_UNIT,risk_unit == 0 or non-finite,NQH21-CME,6227506,2021-01-08 14:41:46.453000+00:00,13046.0,{'stop_loss_price': 13046.0}
INVALID_RISK_UNIT,risk_unit == 0 or non-finite,NQH21-CME,6232494,2021-01-08 14:45:05.396000+00:00,13033.75,{'stop_loss_price': 13033.75}
INVALID_RISK_UNIT,risk_unit == 0 or non-finite,NQH21-CME,6232495,2021-01-08 14:45:05.396001+00:00,13033.75,{'stop_loss_price': 13033.75}
INVALID_RISK_UNIT,risk_unit == 0 or non-finite,NQH21-CME,6232496,2021-01-08 14:45:05.396002+00:00,13033.75,{'stop_loss_price': 13033.75}
INVALID_RISK_UNIT,risk_unit == 0 or non-finite,NQH21-CME,6232497,2021-01-08 14:45:05.396003+00:00,13033.75,{'stop_loss_price': 13033.75}
INVALID_RISK_UNIT,risk_unit == 0 or non-finite,NQH21-CME,6251340,2021-01-08 14:56:14.171000+00:00,12998.75,{'stop_loss_price': 12998.75}
INVALID_RISK_UNIT,risk_unit == 0 or non-finite,NQH21-CME,6251341,2021-01-08 14:56:14.171001+00:00,12998.75,{'stop_loss_price': 12998.75}
INVALID_RISK_UNIT,risk_unit == 0 or non-finite,NQH21-CME,6251342,2021-01-08 14:56:14.171002+00:00,12998.75,{'stop_loss_price': 12998.75}
INVALID_RISK_UNIT,risk_unit == 0 or non-finite,NQH21-CME,6285444,2021-01-08 15:25:07.740000+00:00,13002.0,{'stop_loss_price': 13002.0}
INVALID_RISK_UNIT,risk_unit == 0 or non-finite,NQH21-CME,6285445,2021-01-08 15:25:07.804000+00:00,13002.0,{'stop_loss_price': 13002.0}
INVALID_RISK_UNIT,risk_unit == 0 or non-finite,NQH21-CME,6334641,2021-01-08 16:03:37.027000+00:00,13040.0,{'stop_loss_price': 13040.0}
INVALID_RISK_UNIT,risk_unit == 0 or non-finite,NQH21-CME,6367037,2021-01-08 16:43:42.968000+00:00,13019.0,{'stop_loss_price': 13019.0}
INVALID_RISK_UNIT,risk_unit == 0 or non-finite,NQH21-CME,6386601,2021-01-08 17:14:02.792000+00:00,13052.5,{'stop_loss_price': 13052.5}
INVALID_RISK_UNIT,risk_unit == 0 or non-finite,NQH21-CME,6386602,2021-01-08 17:14:02.792001+00:00,13052.5,{'stop_loss_price': 13052.5}
INVALID_RISK_UNIT,risk_unit == 0 or non-finite,NQH21-CME,6413460,2021-01-08 18:01:43.837000+00:00,13019.5,{'stop_loss_price': 13019.5}
INVALID_RISK_UNIT,risk_unit == 0 or non-finite,NQH21-CME,6413461,2021-01-08 18:01:43.846000+00:00,13019.5,{'stop_loss_price': 13019.5}
INVALID_RISK_UNIT,risk_unit == 0 or non-finite,NQH21-CME,6438478,2021-01-08 18:31:24.979000+00:00,12983.0,{'stop_loss_price': 12983.0}
INVALID_RISK_UNIT,risk_unit == 0 or non-finite,NQH21-CME,6483897,2021-01-08 19:14:13.446000+00:00,12993.75,{'stop_loss_price': 12993.75}
INVALID_RISK_UNIT,risk_unit == 0 or non-finite,NQH21-CME,6484724,2021-01-08 19:15:25.122000+00:00,12994.25,{'stop_loss_price': 12994.25}
INVALID_RISK_UNIT,risk_unit == 0 or non-finite,NQH21-CME,6519975,2021-01-08 20:06:50.691000+00:00,13047.0,{'stop_loss_price': 13047.0}
INVALID_RISK_UNIT,risk_unit == 0 or non-finite,NQH21-CME,6540489,2021-01-08 20:35:41.299000+00:00,13068.25,{'stop_loss_price': 13068.25}
INVALID_RISK_UNIT,risk_unit == 0 or non-finite,NQH21-CME,6581665,2021-01-11 00:08:21.356000+00:00,13087.25,{'stop_loss_price': 13087.25}
INVALID_RISK_UNIT,risk_unit == 0 or non-finite,NQH21-CME,6581666,2021-01-11 00:08:21.356001+00:00,13087.25,{'stop_loss_price': 13087.25}
INVALID_RISK_UNIT,risk_unit == 0 or non-finite,NQH21-CME,6588055,2021-01-11 01:34:07.310000+00:00,13077.0,{'stop_loss_price': 13077.0}
INVALID_RISK_UNIT,risk_unit == 0 or non-finite,NQH21-CME,6594046,2021-01-11 02:30:43.666000+00:00,13048.75,{'stop_loss_price': 13048.75}
INVALID_RISK_UNIT,risk_unit == 0 or non-finite,NQH21-CME,6594047,2021-01-11 02:30:45.247000+00:00,13048.75,{'stop_loss_price': 13048.75}
INVALID_RISK_UNIT,risk_unit == 0 or non-finite,NQH21-CME,6594048,2021-01-11 02:30:45.247001+00:00,13048.75,{'stop_loss_price': 13048.75}
INVALID_RISK_UNIT,risk_unit == 0 or non-finite,NQH21-CME,6603087,2021-01-11 05:21:54.389000+00:00,13044.25,{'stop_loss_price': 13044.25}
INVALID_RISK_UNIT,risk_unit == 0 or non-finite,NQH21-CME,6603088,2021-01-11 05:21:58.670000+00:00,13044.25,{'stop_loss_price': 13044.25}
INVALID_RISK_UNIT,risk_unit == 0 or non-finite,NQH21-CME,6637185,2021-01-11 12:34:39.302000+00:00,13030.75,{'stop_loss_price': 13030.75}
INVALID_RISK_UNIT,risk_unit == 0 or non-finite,NQH21-CME,6653705,2021-01-11 14:01:20.996000+00:00,12976.0,{'stop_loss_price': 12976.0}
INVALID_RISK_UNIT,risk_unit == 0 or non-finite,NQH21-CME,6653706,2021-01-11 14:01:20.996001+00:00,12976.0,{'stop_loss_price': 12976.0}
INVALID_RISK_UNIT,risk_unit == 0 or non-finite,NQH21-CME,6678524,2021-01-11 14:34:04.117000+00:00,12941.5,{'stop_loss_price': 12941.5}
INVALID_RISK_UNIT,risk_unit == 0 or non-finite,NQH21-CME,6694940,2021-01-11 14:39:17.031000+00:00,12919.25,{'stop_loss_price': 12919.25}
INVALID_RISK_UNIT,risk_unit == 0 or non-finite,NQH21-CME,6697216,2021-01-11 14:39:49.142001+00:00,12925.75,{'stop_loss_price': 12925.75}
INVALID_RISK_UNIT,risk_unit == 0 or non-finite,NQH21-CME,6697217,2021-01-11 14:39:49.142002+00:00,12925.75,{'stop_loss_price': 12925.75}
INVALID_RISK_UNIT,risk_unit == 0 or non-finite,NQH21-CME,6697218,2021-01-11 14:39:49.143000+00:00,12925.75,{'stop_loss_price': 12925.75}
INVALID_RISK_UNIT,risk_unit == 0 or non-finite,NQH21-CME,6702868,2021-01-11 14:41:32.175000+00:00,12946.0,{'stop_loss_price': 12946.0}
INVALID_RISK_UNIT,risk_unit == 0 or non-finite,NQH21-CME,6702869,2021-01-11 14:41:32.175001+00:00,12946.0,{'stop_loss_price': 12946.0}
INVALID_RISK_UNIT,risk_unit == 0 or non-finite,NQH21-CME,6704882,2021-01-11 14:42:40.157000+00:00,12948.0,{'stop_loss_price': 12948.0}
INVALID_RISK_UNIT,risk_unit == 0 or non-finite,NQH21-CME,6730942,2021-01-11 14:55:02.303000+00:00,12936.25,{'stop_loss_price': 12936.25}
INVALID_RISK_UNIT,risk_unit == 0 or non-finite,NQH21-CME,6792496,2021-01-11 15:48:35.445000+00:00,12962.0,{'stop_loss_price': 12962.0}
INVALID_RISK_UNIT,risk_unit == 0 or non-finite,NQH21-CME,6792497,2021-01-11 15:48:35.445001+00:00,12962.0,{'stop_loss_price': 12962.0}
INVALID_RISK_UNIT,risk_unit == 0 or non-finite,NQH21-CME,6792529,2021-01-11 15:48:35.743000+00:00,12962.0,{'stop_loss_price': 12962.0}
INVALID_RISK_UNIT,risk_unit == 0 or non-finite,NQH21-CME,6792530,2021-01-11 15:48:35.743001+00:00,12962.0,{'stop_loss_price': 12962.0}
INVALID_RISK_UNIT,risk_unit == 0 or non-finite,NQH21-CME,6814040,2021-01-11 16:19:55.969000+00:00,12946.0,{'stop_loss_price': 12946.0}
INVALID_RISK_UNIT,risk_unit == 0 or non-finite,NQH21-CME,6814041,2021-01-11 16:19:55.970000+00:00,12946.0,{'stop_loss_price': 12946.0}
INVALID_RISK_UNIT,risk_unit == 0 or non-finite,NQH21-CME,6814042,2021-01-11 16:19:56.083000+00:00,12946.0,{'stop_loss_price': 12946.0}
INVALID_RISK_UNIT,risk_unit == 0 or non-finite,NQH21-CME,6862071,2021-01-11 18:11:41.190000+00:00,13004.0,{'stop_loss_price': 13004.0}
INVALID_RISK_UNIT,risk_unit == 0 or non-finite,NQH21-CME,6868354,2021-01-11 18:26:12.376000+00:00,12973.5,{'stop_loss_price': 12973.5}
INVALID_RISK_UNIT,risk_unit == 0 or non-finite,NQH21-CME,6891883,2021-01-11 19:14:21.941000+00:00,12935.25,{'stop_loss_price': 12935.25}
INVALID_RISK_UNIT,risk_unit == 0 or non-finite,NQH21-CME,6909395,2021-01-11 19:42:08.216000+00:00,12918.5,{'stop_loss_price': 12918.5}
INVALID_RISK_UNIT,risk_unit == 0 or non-finite,NQH21-CME,6932017,2021-01-11 20:19:40.094000+00:00,12903.0,{'stop_loss_price': 12903.0}
INVALID_RISK_UNIT,risk_unit == 0 or non-finite,NQH21-CME,6963958,2021-01-11 20:51:59.401000+00:00,12915.5,{'stop_loss_price': 12915.5}
INVALID_RISK_UNIT,risk_unit == 0 or non-finite,NQH21-CME,6984769,2021-01-11 23:25:34.811000+00:00,12920.0,{'stop_loss_price': 12920.0}
INVALID_RISK_UNIT,risk_unit == 0 or non-finite,NQH21-CME,7001939,2021-01-12 04:46:01.005000+00:00,12901.5,{'stop_loss_price': 12901.5}
INVALID_RISK_UNIT,risk_unit == 0 or non-finite,NQH21-CME,7011612,2021-01-12 07:38:10.624000+00:00,12935.0,{'stop_loss_price': 12935.0}
INVALID_RISK_UNIT,risk_unit == 0 or non-finite,NQH21-CME,7065022,2021-01-12 14:31:19.530000+00:00,12915.75,{'stop_loss_price': 12915.75}
INVALID_RISK_UNIT,risk_unit == 0 or non-finite,NQH21-CME,7083259,2021-01-12 14:40:08.111000+00:00,12933.5,{'stop_loss_price': 12933.5}
INVALID_RISK_UNIT,risk_unit == 0 or non-finite,NQH21-CME,7083260,2021-01-12 14:40:08.111001+00:00,12933.5,{'stop_loss_price': 12933.5}
INVALID_RISK_UNIT,risk_unit == 0 or non-finite,NQH21-CME,7092446,2021-01-12 14:46:09.641000+00:00,12913.5,{'stop_loss_price': 12913.5}
INVALID_RISK_UNIT,risk_unit == 0 or non-finite,NQH21-CME,7103782,2021-01-12 14:51:13.001000+00:00,12861.75,{'stop_loss_price': 12861.75}
INVALID_RISK_UNIT,risk_unit == 0 or non-finite,NQH21-CME,7146429,2021-01-12 15:18:21.546000+00:00,12902.5,{'stop_loss_price': 12902.5}
INVALID_RISK_UNIT,risk_unit == 0 or non-finite,NQH21-CME,7146430,2021-01-12 15:18:21.546001+00:00,12902.5,{'stop_loss_price': 12902.5}
INVALID_RISK_UNIT,risk_unit == 0 or non-finite,NQH21-CME,7146431,2021-01-12 15:18:21.546002+00:00,12902.5,{'stop_loss_price': 12902.5}
INVALID_RISK_UNIT,risk_unit == 0 or non-finite,NQH21-CME,7146432,2021-01-12 15:18:21.644000+00:00,12902.5,{'stop_loss_price': 12902.5}
INVALID_RISK_UNIT,risk_unit == 0 or non-finite,NQH21-CME,7163794,2021-01-12 15:33:52.250000+00:00,12908.75,{'stop_loss_price': 12908.75}
INVALID_RISK_UNIT,risk_unit == 0 or non-finite,NQH21-CME,7197811,2021-01-12 16:16:43.100000+00:00,12922.25,{'stop_loss_price': 12922.25}
INVALID_RISK_UNIT,risk_unit == 0 or non-finite,NQH21-CME,7206639,2021-01-12 16:30:32.552000+00:00,12897.5,{'stop_loss_price': 12897.5}
INVALID_RISK_UNIT,risk_unit == 0 or non-finite,NQH21-CME,7208867,2021-01-12 16:32:33.033000+00:00,12894.5,{'stop_loss_price': 12894.5}
INVALID_RISK_UNIT,risk_unit == 0 or non-finite,NQH21-CME,7222473,2021-01-12 16:52:08.020000+00:00,12859.75,{'stop_loss_price': 12859.75}
INVALID_RISK_UNIT,risk_unit == 0 or non-finite,NQH21-CME,7239633,2021-01-12 17:06:21.509000+00:00,12819.25,{'stop_loss_price': 12819.25}
INVALID_RISK_UNIT,risk_unit == 0 or non-finite,NQH21-CME,7239634,2021-01-12 17:06:21.509001+00:00,12819.25,{'stop_loss_price': 12819.25}
INVALID_RISK_UNIT,risk_unit == 0 or non-finite,NQH21-CME,7239635,2021-01-12 17:06:21.526000+00:00,12819.25,{'stop_loss_price': 12819.25}
INVALID_RISK_UNIT,risk_unit == 0 or non-finite,NQH21-CME,7239639,2021-01-12 17:06:21.688000+00:00,12819.25,{'stop_loss_price': 12819.25}
INVALID_RISK_UNIT,risk_unit == 0 or non-finite,NQH21-CME,7250409,2021-01-12 17:12:18.726000+00:00,12784.0,{'stop_loss_price': 12784.0}
INVALID_RISK_UNIT,risk_unit == 0 or non-finite,NQH21-CME,7267367,2021-01-12 17:23:59.121000+00:00,12786.5,{'stop_loss_price': 12786.5}
INVALID_RISK_UNIT,risk_unit == 0 or non-finite,NQH21-CME,7285363,2021-01-12 17:48:55.162000+00:00,12814.25,{'stop_loss_price': 12814.25}
INVALID_RISK_UNIT,risk_unit == 0 or non-finite,NQH21-CME,7372986,2021-01-12 20:33:35.171000+00:00,12879.25,{'stop_loss_price': 12879.25}
INVALID_RISK_UNIT,risk_unit == 0 or non-finite,NQH21-CME,7374947,2021-01-12 20:38:04.577000+00:00,12870.0,{'stop_loss_price': 12870.0}
INVALID_RISK_UNIT,risk_unit == 0 or non-finite,NQH21-CME,7374948,2021-01-12 20:38:04.803000+00:00,12870.0,{'stop_loss_price': 12870.0}
INVALID_RISK_UNIT,risk_unit == 0 or non-finite,NQH21-CME,7374949,2021-01-12 20:38:04.827000+00:00,12870.0,{'stop_loss_price': 12870.0}
INVALID_RISK_UNIT,risk_unit == 0 or non-finite,NQH21-CME,7412117,2021-01-13 04:15:57.445000+00:00,12924.0,{'stop_loss_price': 12924.0}
INVALID_RISK_UNIT,risk_unit == 0 or non-finite,NQH21-CME,7412118,2021-01-13 04:15:57.445001+00:00,12924.0,{'stop_loss_price': 12924.0}
INVALID_RISK_UNIT,risk_unit == 0 or non-finite,NQH21-CME,7458788,2021-01-13 13:10:00.465002+00:00,12821.75,{'stop_loss_price': 12821.75}
INVALID_RISK_UNIT,risk_unit == 0 or non-finite,NQH21-CME,7458789,2021-01-13 13:10:00.473000+00:00,12821.75,{'stop_loss_price': 12821.75}
INVALID_RISK_UNIT,risk_unit == 0 or non-finite,NQH21-CME,7458790,2021-01-13 13:10:00.473001+00:00,12821.75,{'stop_loss_price': 12821.75}
INVALID_RISK_UNIT,risk_unit == 0 or non-finite,NQH21-CME,7475454,2021-01-13 14:29:59.926000+00:00,12890.25,{'stop_loss_price': 12890.25}
INVALID_RISK_UNIT,risk_unit == 0 or non-finite,NQH21-CME,7475455,2021-01-13 14:29:59.926001+00:00,12890.25,{'stop_loss_price': 12890.25}
INVALID_RISK_UNIT,risk_unit == 0 or non-finite,NQH21-CME,7481512,2021-01-13 14:31:59.229000+00:00,12910.5,{'stop_loss_price': 12910.5}
INVALID_RISK_UNIT,risk_unit == 0 or non-finite,NQH21-CME,7493874,2021-01-13 14:38:13.392000+00:00,12900.0,{'stop_loss_price': 12900.0}
INVALID_RISK_UNIT,risk_unit == 0 or non-finite,NQH21-CME,7493875,2021-01-13 14:38:13.392001+00:00,12900.0,{'stop_loss_price': 12900.0}
INVALID_RISK_UNIT,risk_unit == 0 or non-finite,NQH21-CME,7493876,2021-01-13 14:38:13.392002+00:00,12900.0,{'stop_loss_price': 12900.0}
INVALID_RISK_UNIT,risk_unit == 0 or non-finite,NQH21-CME,7493895,2021-01-13 14:38:13.573006+00:00,12900.0,{'stop_loss_price': 12900.0}
INVALID_RISK_UNIT,risk_unit == 0 or non-finite,NQH21-CME,7493896,2021-01-13 14:38:13.573007+00:00,12900.0,{'stop_loss_price': 12900.0}
INVALID_RISK_UNIT,risk_unit == 0 or non-finite,NQH21-CME,7493897,2021-01-13 14:38:13.573008+00:00,12900.0,{'stop_loss_price': 12900.0}
INVALID_RISK_UNIT,risk_unit == 0 or non-finite,NQH21-CME,7530075,2021-01-13 14:56:30.990013+00:00,12924.75,{'stop_loss_price': 12924.75}
INVALID_RISK_UNIT,risk_unit == 0 or non-finite,NQH21-CME,7530076,2021-01-13 14:56:30.990014+00:00,12924.75,{'stop_loss_price': 12924.75}
INVALID_RISK_UNIT,risk_unit == 0 or non-finite,NQH21-CME,7530077,2021-01-13 14:56:30.990015+00:00,12924.75,{'stop_loss_price': 12924.75}
INVALID_RISK_UNIT,risk_unit == 0 or non-finite,NQH21-CME,7548751,2021-01-13 15:06:33.028000+00:00,12880.25,{'stop_loss_price': 12880.25}
INVALID_RISK_UNIT,risk_unit == 0 or non-finite,NQH21-CME,7551486,2021-01-13 15:08:13.657000+00:00,12895.25,{'stop_loss_price': 12895.25}
INVALID_RISK_UNIT,risk_unit == 0 or non-finite,NQH21-CME,7551487,2021-01-13 15:08:13.665000+00:00,12895.25,{'stop_loss_price': 12895.25}
INVALID_RISK_UNIT,risk_unit == 0 or non-finite,NQH21-CME,7563767,2021-01-13 15:18:18.457000+00:00,12910.75,{'stop_loss_price': 12910.75}
INVALID_RISK_UNIT,risk_unit == 0 or non-finite,NQH21-CME,7563768,2021-01-13 15:18:18.664000+00:00,12910.75,{'stop_loss_price': 12910.75}
INVALID_RISK_UNIT,risk_unit == 0 or non-finite,NQH21-CME,7563773,2021-01-13 15:18:19.188000+00:00,12911.0,{'stop_loss_price': 12911.0}
INVALID_RISK_UNIT,risk_unit == 0 or non-finite,NQH21-CME,7567488,2021-01-13 15:21:46.872000+00:00,12911.5,{'stop_loss_price': 12911.5}
INVALID_RISK_UNIT,risk_unit == 0 or non-finite,NQH21-CME,7571255,2021-01-13 15:27:00.146002+00:00,12926.75,{'stop_loss_price': 12926.75}
INVALID_RISK_UNIT,risk_unit == 0 or non-finite,NQH21-CME,7571256,2021-01-13 15:27:00.146003+00:00,12926.75,{'stop_loss_price': 12926.75}
INVALID_RISK_UNIT,risk_unit == 0 or non-finite,NQH21-CME,7571260,2021-01-13 15:27:00.233001+00:00,12926.75,{'stop_loss_price': 12926.75}
INVALID_RISK_UNIT,risk_unit == 0 or non-finite,NQH21-CME,7571261,2021-01-13 15:27:00.233002+00:00,12926.75,{'stop_loss_price': 12926.75}
INVALID_RISK_UNIT,risk_unit == 0 or non-finite,NQH21-CME,7571262,2021-01-13 15:27:00.233003+00:00,12926.75,{'stop_loss_price': 12926.75}
INVALID_RISK_UNIT,risk_unit == 0 or non-finite,NQH21-CME,7571263,2021-01-13 15:27:00.233004+00:00,12926.75,{'stop_loss_price': 12926.75}
INVALID_RISK_UNIT,risk_unit == 0 or non-finite,NQH21-CME,7571264,2021-01-13 15:27:00.233005+00:00,12926.75,{'stop_loss_price': 12926.75}
INVALID_RISK_UNIT,risk_unit == 0 or non-finite,NQH21-CME,7619688,2021-01-13 16:20:30.947000+00:00,12950.0,{'stop_loss_price': 12950.0}
INVALID_RISK_UNIT,risk_unit == 0 or non-finite,NQH21-CME,7666685,2021-01-13 17:34:37.951000+00:00,12943.75,{'stop_loss_price': 12943.75}
INVALID_RISK_UNIT,risk_unit == 0 or non-finite,NQH21-CME,7687174,2021-01-13 18:14:00.228001+00:00,12984.0,{'stop_loss_price': 12984.0}
INVALID_RISK_UNIT,risk_unit == 0 or non-finite,NQH21-CME,7687175,2021-01-13 18:14:00.228002+00:00,12984.0,{'stop_loss_price': 12984.0}
INVALID_RISK_UNIT,risk_unit == 0 or non-finite,NQH21-CME,7687176,2021-01-13 18:14:00.228003+00:00,12984.0,{'stop_loss_price': 12984.0}
INVALID_RISK_UNIT,risk_unit == 0 or non-finite,NQH21-CME,7687177,2021-01-13 18:14:00.228004+00:00,12984.0,{'stop_loss_price': 12984.0}
INVALID_RISK_UNIT,risk_unit == 0 or non-finite,NQH21-CME,7687195,2021-01-13 18:14:03.569000+00:00,12984.0,{'stop_loss_price': 12984.0}
INVALID_RISK_UNIT,risk_unit == 0 or non-finite,NQH21-CME,7687196,2021-01-13 18:14:03.569001+00:00,12984.0,{'stop_loss_price': 12984.0}
INVALID_RISK_UNIT,risk_unit == 0 or non-finite,NQH21-CME,7687197,2021-01-13 18:14:03.569002+00:00,12984.0,{'stop_loss_price': 12984.0}
INVALID_RISK_UNIT,risk_unit == 0 or non-finite,NQH21-CME,7687198,2021-01-13 18:14:03.792000+00:00,12984.0,{'stop_loss_price': 12984.0}
INVALID_RISK_UNIT,risk_unit == 0 or non-finite,NQH21-CME,7732694,2021-01-13 20:08:08.352000+00:00,12975.5,{'stop_loss_price': 12975.5}
INVALID_RISK_UNIT,risk_unit == 0 or non-finite,NQH21-CME,7732695,2021-01-13 20:08:08.352001+00:00,12975.5,{'stop_loss_price': 12975.5}
INVALID_RISK_UNIT,risk_unit == 0 or non-finite,NQH21-CME,7734226,2021-01-13 20:11:40.096000+00:00,12980.5,{'stop_loss_price': 12980.5}
INVALID_RISK_UNIT,risk_unit == 0 or non-finite,NQH21-CME,7764166,2021-01-13 20:59:58.134000+00:00,12972.0,{'stop_loss_price': 12972.0}
INVALID_RISK_UNIT,risk_unit == 0 or non-finite,NQH21-CME,7764167,2021-01-13 20:59:58.135000+00:00,12972.0,{'stop_loss_price': 12972.0}
INVALID_RISK_UNIT,risk_unit == 0 or non-finite,NQH21-CME,7764168,2021-01-13 20:59:58.135001+00:00,12972.0,{'stop_loss_price': 12972.0}
INVALID_RISK_UNIT,risk_unit == 0 or non-finite,NQH21-CME,7792916,2021-01-14 04:04:40.822000+00:00,12955.5,{'stop_loss_price': 12955.5}
INVALID_RISK_UNIT,risk_unit == 0 or non-finite,NQH21-CME,7839596,2021-01-14 14:23:50.112000+00:00,12979.75,{'stop_loss_price': 12979.75}
INVALID_RISK_UNIT,risk_unit == 0 or non-finite,NQH21-CME,7839597,2021-01-14 14:23:50.112001+00:00,12979.75,{'stop_loss_price': 12979.75}
INVALID_RISK_UNIT,risk_unit == 0 or non-finite,NQH21-CME,7841908,2021-01-14 14:30:02.782000+00:00,12992.0,{'stop_loss_price': 12992.0}
INVALID_RISK_UNIT,risk_unit == 0 or non-finite,NQH21-CME,7843707,2021-01-14 14:30:31.210000+00:00,12982.75,{'stop_loss_price': 12982.75}
INVALID_RISK_UNIT,risk_unit == 0 or non-finite,NQH21-CME,7844223,2021-01-14 14:30:42.363000+00:00,12989.5,{'stop_loss_price': 12989.5}
INVALID_RISK_UNIT,risk_unit == 0 or non-finite,NQH21-CME,7866924,2021-01-14 14:40:33.070000+00:00,12996.75,{'stop_loss_price': 12996.75}
INVALID_RISK_UNIT,risk_unit == 0 or non-finite,NQH21-CME,7891254,2021-01-14 14:56:18.129000+00:00,12988.75,{'stop_loss_price': 12988.75}
INVALID_RISK_UNIT,risk_unit == 0 or non-finite,NQH21-CME,7891255,2021-01-14 14:56:18.129001+00:00,12988.75,{'stop_loss_price': 12988.75}
INVALID_RISK_UNIT,risk_unit == 0 or non-finite,NQH21-CME,7891256,2021-01-14 14:56:18.129002+00:00,12988.75,{'stop_loss_price': 12988.75}
INVALID_RISK_UNIT,risk_unit == 0 or non-finite,NQH21-CME,7891259,2021-01-14 14:56:18.485000+00:00,12988.75,{'stop_loss_price': 12988.75}
INVALID_RISK_UNIT,risk_unit == 0 or non-finite,NQH21-CME,7936218,2021-01-14 15:43:03.761000+00:00,13013.5,{'stop_loss_price': 13013.5}
INVALID_RISK_UNIT,risk_unit == 0 or non-finite,NQH21-CME,7972421,2021-01-14 16:35:13.195000+00:00,12981.25,{'stop_loss_price': 12981.25}
INVALID_RISK_UNIT,risk_unit == 0 or non-finite,NQH21-CME,7972422,2021-01-14 16:35:13.195001+00:00,12981.25,{'stop_loss_price': 12981.25}
INVALID_RISK_UNIT,risk_unit == 0 or non-finite,NQH21-CME,7973401,2021-01-14 16:35:59.314000+00:00,12986.5,{'stop_loss_price': 12986.5}
INVALID_RISK_UNIT,risk_unit == 0 or non-finite,NQH21-CME,8002718,2021-01-14 17:25:23.742000+00:00,12980.25,{'stop_loss_price': 12980.25}
INVALID_RISK_UNIT,risk_unit == 0 or non-finite,NQH21-CME,8013008,2021-01-14 17:41:51.535000+00:00,12943.75,{'stop_loss_price': 12943.75}
INVALID_RISK_UNIT,risk_unit == 0 or non-finite,NQH21-CME,8047977,2021-01-14 18:34:46.268000+00:00,12948.5,{'stop_loss_price': 12948.5}
INVALID_RISK_UNIT,risk_unit == 0 or non-finite,NQH21-CME,8096975,2021-01-14 20:24:00.946000+00:00,12899.5,{'stop_loss_price': 12899.5}
INVALID_RISK_UNIT,risk_unit == 0 or non-finite,NQH21-CME,8132814,2021-01-14 20:58:31.825005+00:00,12884.25,{'stop_loss_price': 12884.25}
INVALID_RISK_UNIT,risk_unit == 0 or non-finite,NQH21-CME,8132815,2021-01-14 20:58:31.825006+00:00,12884.25,{'stop_loss_price': 12884.25}
INVALID_RISK_UNIT,risk_unit == 0 or non-finite,NQH21-CME,8132816,2021-01-14 20:58:31.825007+00:00,12884.25,{'stop_loss_price': 12884.25}
INVALID_RISK_UNIT,risk_unit == 0 or non-finite,NQH21-CME,8132817,2021-01-14 20:58:31.825008+00:00,12884.25,{'stop_loss_price': 12884.25}
INVALID_RISK_UNIT,risk_unit == 0 or non-finite,NQH21-CME,8132818,2021-01-14 20:58:31.825009+00:00,12884.25,{'stop_loss_price': 12884.25}
INVALID_RISK_UNIT,risk_unit == 0 or non-finite,NQH21-CME,8132819,2021-01-14 20:58:31.825010+00:00,12884.25,{'stop_loss_price': 12884.25}
INVALID_RISK_UNIT,risk_unit == 0 or non-finite,NQH21-CME,8132820,2021-01-14 20:58:31.826000+00:00,12884.25,{'stop_loss_price': 12884.25}
INVALID_RISK_UNIT,risk_unit == 0 or non-finite,NQH21-CME,8252247,2021-01-15 14:34:20.236000+00:00,12914.5,{'stop_loss_price': 12914.5}
INVALID_RISK_UNIT,risk_unit == 0 or non-finite,NQH21-CME,8343158,2021-01-15 15:20:47.412000+00:00,12782.75,{'stop_loss_price': 12782.75}
INVALID_RISK_UNIT,risk_unit == 0 or non-finite,NQH21-CME,8343159,2021-01-15 15:20:47.412001+00:00,12782.75,{'stop_loss_price': 12782.75}
INVALID_RISK_UNIT,risk_unit == 0 or non-finite,NQH21-CME,8343160,2021-01-15 15:20:47.412002+00:00,12782.75,{'stop_loss_price': 12782.75}
INVALID_RISK_UNIT,risk_unit == 0 or non-finite,NQH21-CME,8361756,2021-01-15 15:28:56.253000+00:00,12783.75,{'stop_loss_price': 12783.75}
INVALID_RISK_UNIT,risk_unit == 0 or non-finite,NQH21-CME,8371997,2021-01-15 15:34:17.397000+00:00,12820.5,{'stop_loss_price': 12820.5}
INVALID_RISK_UNIT,risk_unit == 0 or non-finite,NQH21-CME,8374739,2021-01-15 15:35:48.258000+00:00,12825.0,{'stop_loss_price': 12825.0}
INVALID_RISK_UNIT,risk_unit == 0 or non-finite,NQH21-CME,8375312,2021-01-15 15:36:20.273000+00:00,12825.5,{'stop_loss_price': 12825.5}
INVALID_RISK_UNIT,risk_unit == 0 or non-finite,NQH21-CME,8381130,2021-01-15 15:40:55.474000+00:00,12832.0,{'stop_loss_price': 12832.0}
INVALID_RISK_UNIT,risk_unit == 0 or non-finite,NQH21-CME,8458348,2021-01-15 16:47:05.331000+00:00,12853.5,{'stop_loss_price': 12853.5}
INVALID_RISK_UNIT,risk_unit == 0 or non-finite,NQH21-CME,8458349,2021-01-15 16:47:05.331001+00:00,12853.5,{'stop_loss_price': 12853.5}
INVALID_RISK_UNIT,risk_unit == 0 or non-finite,NQH21-CME,8480173,2021-01-15 17:17:08.169000+00:00,12848.25,{'stop_loss_price': 12848.25}
INVALID_RISK_UNIT,risk_unit == 0 or non-finite,NQH21-CME,8487415,2021-01-15 17:31:41.932000+00:00,12839.0,{'stop_loss_price': 12839.0}
INVALID_RISK_UNIT,risk_unit == 0 or non-finite,NQH21-CME,8538963,2021-01-15 19:07:03.638000+00:00,12867.25,{'stop_loss_price': 12867.25}
INVALID_RISK_UNIT,risk_unit == 0 or non-finite,NQH21-CME,8554402,2021-01-15 19:40:59.425000+00:00,12845.75,{'stop_loss_price': 12845.75}
INVALID_RISK_UNIT,risk_unit == 0 or non-finite,NQH21-CME,8579398,2021-01-15 20:19:01.107000+00:00,12840.5,{'stop_loss_price': 12840.5}
INVALID_RISK_UNIT,risk_unit == 0 or non-finite,NQH21-CME,8579399,2021-01-15 20:19:01.164000+00:00,12840.5,{'stop_loss_price': 12840.5}
INVALID_RISK_UNIT,risk_unit == 0 or non-finite,NQH21-CME,8678988,2021-01-18 15:29:15.051000+00:00,12796.75,{'stop_loss_price': 12796.75}
INVALID_RISK_UNIT,risk_unit == 0 or non-finite,NQH21-CME,8708249,2021-01-19 03:30:08.963000+00:00,12942.75,{'stop_loss_price': 12942.75}
INVALID_RISK_UNIT,risk_unit == 0 or non-finite,NQH21-CME,8714432,2021-01-19 05:20:31.006000+00:00,12936.5,{'stop_loss_price': 12936.5}
INVALID_RISK_UNIT,risk_unit == 0 or non-finite,NQH21-CME,8720118,2021-01-19 07:19:36.417000+00:00,12916.25,{'stop_loss_price': 12916.25}
INVALID_RISK_UNIT,risk_unit == 0 or non-finite,NQH21-CME,8753088,2021-01-19 14:15:47.137000+00:00,12905.0,{'stop_loss_price': 12905.0}
INVALID_RISK_UNIT,risk_unit == 0 or non-finite,NQH21-CME,8753089,2021-01-19 14:15:47.137001+00:00,12905.0,{'stop_loss_price': 12905.0}
INVALID_RISK_UNIT,risk_unit == 0 or non-finite,NQH21-CME,8753090,2021-01-19 14:15:47.137002+00:00,12905.0,{'stop_loss_price': 12905.0}
INVALID_RISK_UNIT,risk_unit == 0 or non-finite,NQH21-CME,8753091,2021-01-19 14:15:47.137003+00:00,12905.0,{'stop_loss_price': 12905.0}
INVALID_RISK_UNIT,risk_unit == 0 or non-finite,NQH21-CME,8753092,2021-01-19 14:15:47.137004+00:00,12905.0,{'stop_loss_price': 12905.0}
INVALID_RISK_UNIT,risk_unit == 0 or non-finite,NQH21-CME,8753854,2021-01-19 14:22:17.406000+00:00,12907.25,{'stop_loss_price': 12907.25}
INVALID_RISK_UNIT,risk_unit == 0 or non-finite,NQH21-CME,8777129,2021-01-19 14:37:20.951000+00:00,12917.25,{'stop_loss_price': 12917.25}
INVALID_RISK_UNIT,risk_unit == 0 or non-finite,NQH21-CME,8807110,2021-01-19 14:52:18.484000+00:00,12881.75,{'stop_loss_price': 12881.75}
INVALID_RISK_UNIT,risk_unit == 0 or non-finite,NQH21-CME,8839970,2021-01-19 15:13:45.997000+00:00,12898.25,{'stop_loss_price': 12898.25}
INVALID_RISK_UNIT,risk_unit == 0 or non-finite,NQH21-CME,8881219,2021-01-19 15:55:46.294000+00:00,12877.75,{'stop_loss_price': 12877.75}
INVALID_RISK_UNIT,risk_unit == 0 or non-finite,NQH21-CME,8881220,2021-01-19 15:55:46.295000+00:00,12877.75,{'stop_loss_price': 12877.75}
INVALID_RISK_UNIT,risk_unit == 0 or non-finite,NQH21-CME,8883643,2021-01-19 15:59:24.492000+00:00,12871.5,{'stop_loss_price': 12871.5}
INVALID_RISK_UNIT,risk_unit == 0 or non-finite,NQH21-CME,8883644,2021-01-19 15:59:24.520000+00:00,12871.5,{'stop_loss_price': 12871.5}
INVALID_RISK_UNIT,risk_unit == 0 or non-finite,NQH21-CME,8893078,2021-01-19 16:09:18.043000+00:00,12888.5,{'stop_loss_price': 12888.5}
INVALID_RISK_UNIT,risk_unit == 0 or non-finite,NQH21-CME,8894872,2021-01-19 16:12:14.186000+00:00,12876.5,{'stop_loss_price': 12876.5}
INVALID_RISK_UNIT,risk_unit == 0 or non-finite,NQH21-CME,8899669,2021-01-19 16:17:15.938000+00:00,12867.5,{'stop_loss_price': 12867.5}
INVALID_RISK_UNIT,risk_unit == 0 or non-finite,NQH21-CME,8910725,2021-01-19 16:30:57.220000+00:00,12869.0,{'stop_loss_price': 12869.0}
INVALID_RISK_UNIT,risk_unit == 0 or non-finite,NQH21-CME,8921036,2021-01-19 16:48:03.818000+00:00,12892.0,{'stop_loss_price': 12892.0}
INVALID_RISK_UNIT,risk_unit == 0 or non-finite,NQH21-CME,8982210,2021-01-19 18:49:08.086000+00:00,12982.75,{'stop_loss_price': 12982.75}
INVALID_RISK_UNIT,risk_unit == 0 or non-finite,NQH21-CME,9001315,2021-01-19 19:37:22.195000+00:00,12980.5,{'stop_loss_price': 12980.5}
INVALID_RISK_UNIT,risk_unit == 0 or non-finite,NQH21-CME,9001316,2021-01-19 19:37:22.195001+00:00,12980.5,{'stop_loss_price': 12980.5}
INVALID_RISK_UNIT,risk_unit == 0 or non-finite,NQH21-CME,9003755,2021-01-19 19:43:51.538000+00:00,12975.0,{'stop_loss_price': 12975.0}
INVALID_RISK_UNIT,risk_unit == 0 or non-finite,NQH21-CME,9003756,2021-01-19 19:43:51.538001+00:00,12975.0,{'stop_loss_price': 12975.0}
INVALID_RISK_UNIT,risk_unit == 0 or non-finite,NQH21-CME,9010360,2021-01-19 19:58:29.784000+00:00,12986.75,{'stop_loss_price': 12986.75}
INVALID_RISK_UNIT,risk_unit == 0 or non-finite,NQH21-CME,9010361,2021-01-19 19:58:29.983000+00:00,12986.75,{'stop_loss_price': 12986.75}
INVALID_RISK_UNIT,risk_unit == 0 or non-finite,NQH21-CME,9010564,2021-01-19 19:59:00+00:00,12986.5,{'stop_loss_price': 12986.5}
INVALID_RISK_UNIT,risk_unit == 0 or non-finite,NQH21-CME,9020260,2021-01-19 20:15:23.574000+00:00,12997.75,{'stop_loss_price': 12997.75}
INVALID_RISK_UNIT,risk_unit == 0 or non-finite,NQH21-CME,9020261,2021-01-19 20:15:23.611000+00:00,12997.75,{'stop_loss_price': 12997.75}
INVALID_RISK_UNIT,risk_unit == 0 or non-finite,NQH21-CME,9020262,2021-01-19 20:15:23.611001+00:00,12997.75,{'stop_loss_price': 12997.75}
INVALID_RISK_UNIT,risk_unit == 0 or non-finite,NQH21-CME,9023012,2021-01-19 20:23:05.710000+00:00,12992.5,{'stop_loss_price': 12992.5}
INVALID_RISK_UNIT,risk_unit == 0 or non-finite,NQH21-CME,9023013,2021-01-19 20:23:05.710001+00:00,12992.5,{'stop_loss_price': 12992.5}
INVALID_RISK_UNIT,risk_unit == 0 or non-finite,NQH21-CME,9023014,2021-01-19 20:23:05.710002+00:00,12992.5,{'stop_loss_price': 12992.5}
INVALID_RISK_UNIT,risk_unit == 0 or non-finite,NQH21-CME,9023015,2021-01-19 20:23:05.710003+00:00,12992.5,{'stop_loss_price': 12992.5}
INVALID_RISK_UNIT,risk_unit == 0 or non-finite,NQH21-CME,9023016,2021-01-19 20:23:05.710004+00:00,12992.5,{'stop_loss_price': 12992.5}
INVALID_RISK_UNIT,risk_unit == 0 or non-finite,NQH21-CME,9023017,2021-01-19 20:23:05.710005+00:00,12992.5,{'stop_loss_price': 12992.5}
INVALID_RISK_UNIT,risk_unit == 0 or non-finite,NQH21-CME,9023021,2021-01-19 20:23:07.624000+00:00,12992.5,{'stop_loss_price': 12992.5}
INVALID_RISK_UNIT,risk_unit == 0 or non-finite,NQH21-CME,9034189,2021-01-19 20:46:00.882006+00:00,12995.5,{'stop_loss_price': 12995.5}
INVALID_RISK_UNIT,risk_unit == 0 or non-finite,NQH21-CME,9034190,2021-01-19 20:46:00.882007+00:00,12995.5,{'stop_loss_price': 12995.5}
INVALID_RISK_UNIT,risk_unit == 0 or non-finite,NQH21-CME,9034191,2021-01-19 20:46:00.882008+00:00,12995.5,{'stop_loss_price': 12995.5}
INVALID_RISK_UNIT,risk_unit == 0 or non-finite,NQH21-CME,9034192,2021-01-19 20:46:00.882009+00:00,12995.5,{'stop_loss_price': 12995.5}
INVALID_RISK_UNIT,risk_unit == 0 or non-finite,NQH21-CME,9034193,2021-01-19 20:46:00.882010+00:00,12995.5,{'stop_loss_price': 12995.5}
INVALID_RISK_UNIT,risk_unit == 0 or non-finite,NQH21-CME,9110034,2021-01-20 12:11:08.437002+00:00,13085.5,{'stop_loss_price': 13085.5}
INVALID_RISK_UNIT,risk_unit == 0 or non-finite,NQH21-CME,9110035,2021-01-20 12:11:08.437003+00:00,13085.5,{'stop_loss_price': 13085.5}
INVALID_RISK_UNIT,risk_unit == 0 or non-finite,NQH21-CME,9122008,2021-01-20 13:45:33.160000+00:00,13115.25,{'stop_loss_price': 13115.25}
INVALID_RISK_UNIT,risk_unit == 0 or non-finite,NQH21-CME,9122009,2021-01-20 13:45:33.160001+00:00,13115.25,{'stop_loss_price': 13115.25}
INVALID_RISK_UNIT,risk_unit == 0 or non-finite,NQH21-CME,9122010,2021-01-20 13:45:33.160002+00:00,13115.25,{'stop_loss_price': 13115.25}
INVALID_RISK_UNIT,risk_unit == 0 or non-finite,NQH21-CME,9122011,2021-01-20 13:45:33.160003+00:00,13115.25,{'stop_loss_price': 13115.25}
INVALID_RISK_UNIT,risk_unit == 0 or non-finite,NQH21-CME,9187239,2021-01-20 14:54:27.907000+00:00,13169.25,{'stop_loss_price': 13169.25}
INVALID_RISK_UNIT,risk_unit == 0 or non-finite,NQH21-CME,9189578,2021-01-20 14:55:43.848000+00:00,13180.0,{'stop_loss_price': 13180.0}
INVALID_RISK_UNIT,risk_unit == 0 or non-finite,NQH21-CME,9189579,2021-01-20 14:55:43.850000+00:00,13180.0,{'stop_loss_price': 13180.0}
INVALID_RISK_UNIT,risk_unit == 0 or non-finite,NQH21-CME,9189582,2021-01-20 14:55:43.985000+00:00,13180.0,{'stop_loss_price': 13180.0}
INVALID_RISK_UNIT,risk_unit == 0 or non-finite,NQH21-CME,9189583,2021-01-20 14:55:43.985001+00:00,13180.0,{'stop_loss_price': 13180.0}
INVALID_RISK_UNIT,risk_unit == 0 or non-finite,NQH21-CME,9331326,2021-01-20 18:01:01.194000+00:00,13271.25,{'stop_loss_price': 13271.25}
INVALID_RISK_UNIT,risk_unit == 0 or non-finite,NQH21-CME,9371263,2021-01-20 19:25:28.786000+00:00,13283.5,{'stop_loss_price': 13283.5}
INVALID_RISK_UNIT,risk_unit == 0 or non-finite,NQH21-CME,9371264,2021-01-20 19:25:28.786001+00:00,13283.5,{'stop_loss_price': 13283.5}
INVALID_RISK_UNIT,risk_unit == 0 or non-finite,NQH21-CME,9371265,2021-01-20 19:25:28.786002+00:00,13283.5,{'stop_loss_price': 13283.5}
INVALID_RISK_UNIT,risk_unit == 0 or non-finite,NQH21-CME,9397112,2021-01-20 20:13:06.323000+00:00,13304.25,{'stop_loss_price': 13304.25}
INVALID_RISK_UNIT,risk_unit == 0 or non-finite,NQH21-CME,9397113,2021-01-20 20:13:06.323001+00:00,13304.25,{'stop_loss_price': 13304.25}
INVALID_RISK_UNIT,risk_unit == 0 or non-finite,NQH21-CME,9397114,2021-01-20 20:13:06.634000+00:00,13304.25,{'stop_loss_price': 13304.25}
INVALID_RISK_UNIT,risk_unit == 0 or non-finite,NQH21-CME,9399710,2021-01-20 20:20:11.710000+00:00,13306.0,{'stop_loss_price': 13306.0}
INVALID_RISK_UNIT,risk_unit == 0 or non-finite,NQH21-CME,9399711,2021-01-20 20:20:11.710001+00:00,13306.0,{'stop_loss_price': 13306.0}
INVALID_RISK_UNIT,risk_unit == 0 or non-finite,NQH21-CME,9399712,2021-01-20 20:20:11.710002+00:00,13306.0,{'stop_loss_price': 13306.0}
INVALID_RISK_UNIT,risk_unit == 0 or non-finite,NQH21-CME,9399713,2021-01-20 20:20:12.088000+00:00,13306.0,{'stop_loss_price': 13306.0}
INVALID_RISK_UNIT,risk_unit == 0 or non-finite,NQH21-CME,9399714,2021-01-20 20:20:12.088001+00:00,13306.0,{'stop_loss_price': 13306.0}
INVALID_RISK_UNIT,risk_unit == 0 or non-finite,NQH21-CME,9406972,2021-01-20 20:31:31.713000+00:00,13316.25,{'stop_loss_price': 13316.25}
INVALID_RISK_UNIT,risk_unit == 0 or non-finite,NQH21-CME,9406973,2021-01-20 20:31:31.713001+00:00,13316.25,{'stop_loss_price': 13316.25}
INVALID_RISK_UNIT,risk_unit == 0 or non-finite,NQH21-CME,9406974,2021-01-20 20:31:31.714000+00:00,13316.25,{'stop_loss_price': 13316.25}
INVALID_RISK_UNIT,risk_unit == 0 or non-finite,NQH21-CME,9406975,2021-01-20 20:31:31.714001+00:00,13316.25,{'stop_loss_price': 13316.25}
INVALID_RISK_UNIT,risk_unit == 0 or non-finite,NQH21-CME,9423699,2021-01-20 20:53:09.850000+00:00,13310.25,{'stop_loss_price': 13310.25}
INVALID_RISK_UNIT,risk_unit == 0 or non-finite,NQH21-CME,9427377,2021-01-20 20:56:05.666000+00:00,13297.25,{'stop_loss_price': 13297.25}
INVALID_RISK_UNIT,risk_unit == 0 or non-finite,NQH21-CME,9432213,2021-01-20 20:59:07.025004+00:00,13296.5,{'stop_loss_price': 13296.5}
INVALID_RISK_UNIT,risk_unit == 0 or non-finite,NQH21-CME,9439086,2021-01-20 21:00:57.377000+00:00,13288.25,{'stop_loss_price': 13288.25}
INVALID_RISK_UNIT,risk_unit == 0 or non-finite,NQH21-CME,9439087,2021-01-20 21:00:57.429000+00:00,13288.25,{'stop_loss_price': 13288.25}
INVALID_RISK_UNIT,risk_unit == 0 or non-finite,NQH21-CME,9442644,2021-01-20 21:05:13.002003+00:00,13298.25,{'stop_loss_price': 13298.25}
INVALID_RISK_UNIT,risk_unit == 0 or non-finite,NQH21-CME,9442645,2021-01-20 21:05:13.002004+00:00,13298.25,{'stop_loss_price': 13298.25}
INVALID_RISK_UNIT,risk_unit == 0 or non-finite,NQH21-CME,9461787,2021-01-21 01:32:33.936000+00:00,13348.75,{'stop_loss_price': 13348.75}
INVALID_RISK_UNIT,risk_unit == 0 or non-finite,NQH21-CME,9535573,2021-01-21 14:33:46.103000+00:00,13300.0,{'stop_loss_price': 13300.0}
INVALID_RISK_UNIT,risk_unit == 0 or non-finite,NQH21-CME,9544792,2021-01-21 14:37:43.098000+00:00,13320.75,{'stop_loss_price': 13320.75}
INVALID_RISK_UNIT,risk_unit == 0 or non-finite,NQH21-CME,9556270,2021-01-21 14:42:10.910000+00:00,13285.0,{'stop_loss_price': 13285.0}
INVALID_RISK_UNIT,risk_unit == 0 or non-finite,NQH21-CME,9568149,2021-01-21 14:48:57.029000+00:00,13326.5,{'stop_loss_price': 13326.5}
INVALID_RISK_UNIT,risk_unit == 0 or non-finite,NQH21-CME,9577216,2021-01-21 14:54:25.155000+00:00,13323.0,{'stop_loss_price': 13323.0}
INVALID_RISK_UNIT,risk_unit == 0 or non-finite,NQH21-CME,9621585,2021-01-21 15:25:00.843000+00:00,13368.25,{'stop_loss_price': 13368.25}
INVALID_RISK_UNIT,risk_unit == 0 or non-finite,NQH21-CME,9621586,2021-01-21 15:25:00.843001+00:00,13368.25,{'stop_loss_price': 13368.25}
INVALID_RISK_UNIT,risk_unit == 0 or non-finite,NQH21-CME,9621587,2021-01-21 15:25:00.843002+00:00,13368.25,{'stop_loss_price': 13368.25}
INVALID_RISK_UNIT,risk_unit == 0 or non-finite,NQH21-CME,9621588,2021-01-21 15:25:00.843003+00:00,13368.25,{'stop_loss_price': 13368.25}
INVALID_RISK_UNIT,risk_unit == 0 or non-finite,NQH21-CME,9654197,2021-01-21 16:02:40.298000+00:00,13388.0,{'stop_loss_price': 13388.0}
INVALID_RISK_UNIT,risk_unit == 0 or non-finite,NQH21-CME,9658790,2021-01-21 16:07:21.690001+00:00,13382.75,{'stop_loss_price': 13382.75}
INVALID_RISK_UNIT,risk_unit == 0 or non-finite,NQH21-CME,9668679,2021-01-21 16:20:28.300000+00:00,13372.0,{'stop_loss_price': 13372.0}
INVALID_RISK_UNIT,risk_unit == 0 or non-finite,NQH21-CME,9668680,2021-01-21 16:20:28.300001+00:00,13372.0,{'stop_loss_price': 13372.0}
INVALID_RISK_UNIT,risk_unit == 0 or non-finite,NQH21-CME,9668681,2021-01-21 16:20:28.349000+00:00,13372.0,{'stop_loss_price': 13372.0}
INVALID_RISK_UNIT,risk_unit == 0 or non-finite,NQH21-CME,9756773,2021-01-21 19:02:38.779000+00:00,13369.0,{'stop_loss_price': 13369.0}
INVALID_RISK_UNIT,risk_unit == 0 or non-finite,NQH21-CME,9793207,2021-01-21 20:25:47.969000+00:00,13401.5,{'stop_loss_price': 13401.5}
INVALID_RISK_UNIT,risk_unit == 0 or non-finite,NQH21-CME,9801342,2021-01-21 20:41:31.047000+00:00,13406.25,{'stop_loss_price': 13406.25}
INVALID_RISK_UNIT,risk_unit == 0 or non-finite,NQH21-CME,9801343,2021-01-21 20:41:31.047001+00:00,13406.25,{'stop_loss_price': 13406.25}
INVALID_RISK_UNIT,risk_unit == 0 or non-finite,NQH21-CME,9801344,2021-01-21 20:41:31.047002+00:00,13406.25,{'stop_loss_price': 13406.25}
INVALID_RISK_UNIT,risk_unit == 0 or non-finite,NQH21-CME,9805058,2021-01-21 20:47:20.652000+00:00,13416.0,{'stop_loss_price': 13416.0}
INVALID_RISK_UNIT,risk_unit == 0 or non-finite,NQH21-CME,9839213,2021-01-22 02:01:06.845000+00:00,13370.5,{'stop_loss_price': 13370.5}
INVALID_RISK_UNIT,risk_unit == 0 or non-finite,NQH21-CME,9853410,2021-01-22 06:55:23.838000+00:00,13357.5,{'stop_loss_price': 13357.5}
INVALID_RISK_UNIT,risk_unit == 0 or non-finite,NQH21-CME,9875401,2021-01-22 10:50:49.714000+00:00,13331.0,{'stop_loss_price': 13331.0}
INVALID_RISK_UNIT,risk_unit == 0 or non-finite,NQH21-CME,9878714,2021-01-22 11:28:47.758000+00:00,13321.0,{'stop_loss_price': 13321.0}
INVALID_RISK_UNIT,risk_unit == 0 or non-finite,NQH21-CME,9923399,2021-01-22 14:36:45.007000+00:00,13353.25,{'stop_loss_price': 13353.25}
INVALID_RISK_UNIT,risk_unit == 0 or non-finite,NQH21-CME,9931427,2021-01-22 14:41:19.139000+00:00,13345.75,{'stop_loss_price': 13345.75}
INVALID_RISK_UNIT,risk_unit == 0 or non-finite,NQH21-CME,9943731,2021-01-22 14:48:57.713000+00:00,13383.0,{'stop_loss_price': 13383.0}
INVALID_RISK_UNIT,risk_unit == 0 or non-finite,NQH21-CME,9988862,2021-01-22 15:24:18.398000+00:00,13362.25,{'stop_loss_price': 13362.25}
INVALID_RISK_UNIT,risk_unit == 0 or non-finite,NQH21-CME,10019087,2021-01-22 15:48:55.773000+00:00,13330.75,{'stop_loss_price': 13330.75}
INVALID_RISK_UNIT,risk_unit == 0 or non-finite,NQH21-CME,10031584,2021-01-22 16:01:10.698000+00:00,13350.0,{'stop_loss_price': 13350.0}
INVALID_RISK_UNIT,risk_unit == 0 or non-finite,NQH21-CME,10033161,2021-01-22 16:02:45.967000+00:00,13354.75,{'stop_loss_price': 13354.75}
INVALID_RISK_UNIT,risk_unit == 0 or non-finite,NQH21-CME,10058832,2021-01-22 16:37:57.020000+00:00,13345.0,{'stop_loss_price': 13345.0}
INVALID_RISK_UNIT,risk_unit == 0 or non-finite,NQH21-CME,10080908,2021-01-22 17:11:50.575000+00:00,13367.25,{'stop_loss_price': 13367.25}
INVALID_RISK_UNIT,risk_unit == 0 or non-finite,NQH21-CME,10083190,2021-01-22 17:17:10.862000+00:00,13376.5,{'stop_loss_price': 13376.5}
INVALID_RISK_UNIT,risk_unit == 0 or non-finite,NQH21-CME,10140056,2021-01-22 19:34:12.832000+00:00,13370.75,{'stop_loss_price': 13370.75}
INVALID_RISK_UNIT,risk_unit == 0 or non-finite,NQH21-CME,10167170,2021-01-22 20:34:39.561000+00:00,13387.5,{'stop_loss_price': 13387.5}
INVALID_RISK_UNIT,risk_unit == 0 or non-finite,NQH21-CME,10167171,2021-01-22 20:34:39.561001+00:00,13387.5,{'stop_loss_price': 13387.5}
INVALID_RISK_UNIT,risk_unit == 0 or non-finite,NQH21-CME,10167172,2021-01-22 20:34:39.567000+00:00,13387.5,{'stop_loss_price': 13387.5}
INVALID_RISK_UNIT,risk_unit == 0 or non-finite,NQH21-CME,10167173,2021-01-22 20:34:39.567001+00:00,13387.5,{'stop_loss_price': 13387.5}
INVALID_RISK_UNIT,risk_unit == 0 or non-finite,NQH21-CME,10167193,2021-01-22 20:34:40.677000+00:00,13387.5,{'stop_loss_price': 13387.5}
INVALID_RISK_UNIT,risk_unit == 0 or non-finite,NQH21-CME,10167194,2021-01-22 20:34:40.677001+00:00,13387.5,{'stop_loss_price': 13387.5}
INVALID_RISK_UNIT,risk_unit == 0 or non-finite,NQH21-CME,10167195,2021-01-22 20:34:40.677002+00:00,13387.5,{'stop_loss_price': 13387.5}
INVALID_RISK_UNIT,risk_unit == 0 or non-finite,NQH21-CME,10167196,2021-01-22 20:34:40.684000+00:00,13387.5,{'stop_loss_price': 13387.5}
INVALID_RISK_UNIT,risk_unit == 0 or non-finite,NQH21-CME,10167197,2021-01-22 20:34:41.983000+00:00,13387.5,{'stop_loss_price': 13387.5}
INVALID_RISK_UNIT,risk_unit == 0 or non-finite,NQH21-CME,10203197,2021-01-25 00:07:10.901000+00:00,13390.0,{'stop_loss_price': 13390.0}
INVALID_RISK_UNIT,risk_unit == 0 or non-finite,NQH21-CME,10203198,2021-01-25 00:07:11.427000+00:00,13390.0,{'stop_loss_price': 13390.0}
INVALID_RISK_UNIT,risk_unit == 0 or non-finite,NQH21-CME,10206915,2021-01-25 00:33:19.688000+00:00,13437.0,{'stop_loss_price': 13437.0}
INVALID_RISK_UNIT,risk_unit == 0 or non-finite,NQH21-CME,10226562,2021-01-25 08:00:35.491000+00:00,13474.25,{'stop_loss_price': 13474.25}
INVALID_RISK_UNIT,risk_unit == 0 or non-finite,NQH21-CME,10226563,2021-01-25 08:00:35.491001+00:00,13474.25,{'stop_loss_price': 13474.25}
INVALID_RISK_UNIT,risk_unit == 0 or non-finite,NQH21-CME,10228072,2021-01-25 08:14:45.316000+00:00,13466.75,{'stop_loss_price': 13466.75}
INVALID_RISK_UNIT,risk_unit == 0 or non-finite,NQH21-CME,10228073,2021-01-25 08:14:45.320000+00:00,13466.75,{'stop_loss_price': 13466.75}
INVALID_RISK_UNIT,risk_unit == 0 or non-finite,NQH21-CME,10254305,2021-01-25 12:24:38.624000+00:00,13493.25,{'stop_loss_price': 13493.25}
INVALID_RISK_UNIT,risk_unit == 0 or non-finite,NQH21-CME,10254306,2021-01-25 12:24:38.625000+00:00,13493.25,{'stop_loss_price': 13493.25}
INVALID_RISK_UNIT,risk_unit == 0 or non-finite,NQH21-CME,10254307,2021-01-25 12:24:38.625001+00:00,13493.25,{'stop_loss_price': 13493.25}
INVALID_RISK_UNIT,risk_unit == 0 or non-finite,NQH21-CME,10270630,2021-01-25 13:30:18.073001+00:00,13490.0,{'stop_loss_price': 13490.0}
INVALID_RISK_UNIT,risk_unit == 0 or non-finite,NQH21-CME,10281912,2021-01-25 14:28:00.099000+00:00,13493.5,{'stop_loss_price': 13493.5}
INVALID_RISK_UNIT,risk_unit == 0 or non-finite,NQH21-CME,10306316,2021-01-25 14:37:58.044003+00:00,13548.5,{'stop_loss_price': 13548.5}
INVALID_RISK_UNIT,risk_unit == 0 or non-finite,NQH21-CME,10313734,2021-01-25 14:41:26.953000+00:00,13542.5,{'stop_loss_price': 13542.5}
INVALID_RISK_UNIT,risk_unit == 0 or non-finite,NQH21-CME,10338530,2021-01-25 14:55:12.875000+00:00,13533.0,{'stop_loss_price': 13533.0}
INVALID_RISK_UNIT,risk_unit == 0 or non-finite,NQH21-CME,10338531,2021-01-25 14:55:12.893000+00:00,13533.0,{'stop_loss_price': 13533.0}
INVALID_RISK_UNIT,risk_unit == 0 or non-finite,NQH21-CME,10351062,2021-01-25 15:03:26.373000+00:00,13540.75,{'stop_loss_price': 13540.75}
INVALID_RISK_UNIT,risk_unit == 0 or non-finite,NQH21-CME,10363860,2021-01-25 15:12:32.556000+00:00,13522.5,{'stop_loss_price': 13522.5}
INVALID_RISK_UNIT,risk_unit == 0 or non-finite,NQH21-CME,10375137,2021-01-25 15:20:43.686000+00:00,13531.0,{'stop_loss_price': 13531.0}
INVALID_RISK_UNIT,risk_unit == 0 or non-finite,NQH21-CME,10389674,2021-01-25 15:32:49.054000+00:00,13521.75,{'stop_loss_price': 13521.75}
INVALID_RISK_UNIT,risk_unit == 0 or non-finite,NQH21-CME,10389675,2021-01-25 15:32:49.055000+00:00,13521.75,{'stop_loss_price': 13521.75}
INVALID_RISK_UNIT,risk_unit == 0 or non-finite,NQH21-CME,10389676,2021-01-25 15:32:49.106000+00:00,13521.75,{'stop_loss_price': 13521.75}
INVALID_RISK_UNIT,risk_unit == 0 or non-finite,NQH21-CME,10389678,2021-01-25 15:32:49.184000+00:00,13521.75,{'stop_loss_price': 13521.75}
INVALID_RISK_UNIT,risk_unit == 0 or non-finite,NQH21-CME,10394140,2021-01-25 15:35:50.564001+00:00,13504.75,{'stop_loss_price': 13504.75}
INVALID_RISK_UNIT,risk_unit == 0 or non-finite,NQH21-CME,10394141,2021-01-25 15:35:50.579000+00:00,13504.75,{'stop_loss_price': 13504.75}
INVALID_RISK_UNIT,risk_unit == 0 or non-finite,NQH21-CME,10404886,2021-01-25 15:42:12.394000+00:00,13508.5,{'stop_loss_price': 13508.5}
INVALID_RISK_UNIT,risk_unit == 0 or non-finite,NQH21-CME,10527813,2021-01-25 16:14:57.209000+00:00,13328.75,{'stop_loss_price': 13328.75}
INVALID_RISK_UNIT,risk_unit == 0 or non-finite,NQH21-CME,10544027,2021-01-25 16:22:59.450000+00:00,13358.5,{'stop_loss_price': 13358.5}
INVALID_RISK_UNIT,risk_unit == 0 or non-finite,NQH21-CME,10626337,2021-01-25 17:44:44.393000+00:00,13372.0,{'stop_loss_price': 13372.0}
INVALID_RISK_UNIT,risk_unit == 0 or non-finite,NQH21-CME,10666434,2021-01-25 18:26:47.091000+00:00,13444.5,{'stop_loss_price': 13444.5}
INVALID_RISK_UNIT,risk_unit == 0 or non-finite,NQH21-CME,10666744,2021-01-25 18:27:17.099000+00:00,13439.75,{'stop_loss_price': 13439.75}
INVALID_RISK_UNIT,risk_unit == 0 or non-finite,NQH21-CME,10670149,2021-01-25 18:32:21.947000+00:00,13428.25,{'stop_loss_price': 13428.25}
INVALID_RISK_UNIT,risk_unit == 0 or non-finite,NQH21-CME,10670150,2021-01-25 18:32:21.947001+00:00,13428.25,{'stop_loss_price': 13428.25}
INVALID_RISK_UNIT,risk_unit == 0 or non-finite,NQH21-CME,10670151,2021-01-25 18:32:21.947002+00:00,13428.25,{'stop_loss_price': 13428.25}
INVALID_RISK_UNIT,risk_unit == 0 or non-finite,NQH21-CME,10679359,2021-01-25 18:47:59.026000+00:00,13439.5,{'stop_loss_price': 13439.5}
INVALID_RISK_UNIT,risk_unit == 0 or non-finite,NQH21-CME,10751285,2021-01-25 20:29:34.067002+00:00,13402.25,{'stop_loss_price': 13402.25}
INVALID_RISK_UNIT,risk_unit == 0 or non-finite,NQH21-CME,10751286,2021-01-25 20:29:34.068000+00:00,13402.25,{'stop_loss_price': 13402.25}
INVALID_RISK_UNIT,risk_unit == 0 or non-finite,NQH21-CME,10751287,2021-01-25 20:29:34.069000+00:00,13402.25,{'stop_loss_price': 13402.25}
INVALID_RISK_UNIT,risk_unit == 0 or non-finite,NQH21-CME,10769483,2021-01-25 20:49:42.963000+00:00,13440.75,{'stop_loss_price': 13440.75}
INVALID_RISK_UNIT,risk_unit == 0 or non-finite,NQH21-CME,10787954,2021-01-25 21:02:32.993000+00:00,13476.75,{'stop_loss_price': 13476.75}
INVALID_RISK_UNIT,risk_unit == 0 or non-finite,NQH21-CME,10787955,2021-01-25 21:02:32.993001+00:00,13476.75,{'stop_loss_price': 13476.75}
INVALID_RISK_UNIT,risk_unit == 0 or non-finite,NQH21-CME,10806680,2021-01-26 04:33:24.739000+00:00,13400.75,{'stop_loss_price': 13400.75}
INVALID_RISK_UNIT,risk_unit == 0 or non-finite,NQH21-CME,10835435,2021-01-26 11:22:30.019000+00:00,13446.25,{'stop_loss_price': 13446.25}
INVALID_RISK_UNIT,risk_unit == 0 or non-finite,NQH21-CME,10843193,2021-01-26 12:09:25.491000+00:00,13481.75,{'stop_loss_price': 13481.75}
INVALID_RISK_UNIT,risk_unit == 0 or non-finite,NQH21-CME,10852493,2021-01-26 13:18:52.395000+00:00,13461.5,{'stop_loss_price': 13461.5}
INVALID_RISK_UNIT,risk_unit == 0 or non-finite,NQH21-CME,10862643,2021-01-26 14:17:48.304000+00:00,13492.25,{'stop_loss_price': 13492.25}
INVALID_RISK_UNIT,risk_unit == 0 or non-finite,NQH21-CME,10923821,2021-01-26 14:51:41.017000+00:00,13452.5,{'stop_loss_price': 13452.5}
INVALID_RISK_UNIT,risk_unit == 0 or non-finite,NQH21-CME,10923822,2021-01-26 14:51:41.018000+00:00,13452.5,{'stop_loss_price': 13452.5}
INVALID_RISK_UNIT,risk_unit == 0 or non-finite,NQH21-CME,10964094,2021-01-26 15:14:52.433000+00:00,13473.25,{'stop_loss_price': 13473.25}
INVALID_RISK_UNIT,risk_unit == 0 or non-finite,NQH21-CME,10964095,2021-01-26 15:14:52.433001+00:00,13473.25,{'stop_loss_price': 13473.25}
INVALID_RISK_UNIT,risk_unit == 0 or non-finite,NQH21-CME,10964096,2021-01-26 15:14:52.433002+00:00,13473.25,{'stop_loss_price': 13473.25}
INVALID_RISK_UNIT,risk_unit == 0 or non-finite,NQH21-CME,10977909,2021-01-26 15:20:55.412000+00:00,13458.0,{'stop_loss_price': 13458.0}
INVALID_RISK_UNIT,risk_unit == 0 or non-finite,NQH21-CME,10977910,2021-01-26 15:20:55.412001+00:00,13458.0,{'stop_loss_price': 13458.0}
INVALID_RISK_UNIT,risk_unit == 0 or non-finite,NQH21-CME,10977911,2021-01-26 15:20:55.604000+00:00,13458.0,{'stop_loss_price': 13458.0}
INVALID_RISK_UNIT,risk_unit == 0 or non-finite,NQH21-CME,10978536,2021-01-26 15:21:06.619000+00:00,13466.5,{'stop_loss_price': 13466.5}
INVALID_RISK_UNIT,risk_unit == 0 or non-finite,NQH21-CME,10992547,2021-01-26 15:30:06.580000+00:00,13484.0,{'stop_loss_price': 13484.0}
INVALID_RISK_UNIT,risk_unit == 0 or non-finite,NQH21-CME,11005883,2021-01-26 15:39:56.958005+00:00,13490.0,{'stop_loss_price': 13490.0}
INVALID_RISK_UNIT,risk_unit == 0 or non-finite,NQH21-CME,11005884,2021-01-26 15:39:56.958006+00:00,13490.0,{'stop_loss_price': 13490.0}
INVALID_RISK_UNIT,risk_unit == 0 or non-finite,NQH21-CME,11005885,2021-01-26 15:39:56.958007+00:00,13490.0,{'stop_loss_price': 13490.0}
INVALID_RISK_UNIT,risk_unit == 0 or non-finite,NQH21-CME,11005886,2021-01-26 15:39:56.958008+00:00,13490.0,{'stop_loss_price': 13490.0}
INVALID_RISK_UNIT,risk_unit == 0 or non-finite,NQH21-CME,11005887,2021-01-26 15:39:56.958009+00:00,13490.0,{'stop_loss_price': 13490.0}
INVALID_RISK_UNIT,risk_unit == 0 or non-finite,NQH21-CME,11005888,2021-01-26 15:39:56.958010+00:00,13490.0,{'stop_loss_price': 13490.0}
INVALID_RISK_UNIT,risk_unit == 0 or non-finite,NQH21-CME,11005889,2021-01-26 15:39:56.958011+00:00,13490.0,{'stop_loss_price': 13490.0}
INVALID_RISK_UNIT,risk_unit == 0 or non-finite,NQH21-CME,11005890,2021-01-26 15:39:56.958012+00:00,13490.0,{'stop_loss_price': 13490.0}
INVALID_RISK_UNIT,risk_unit == 0 or non-finite,NQH21-CME,11008803,2021-01-26 15:42:34.785000+00:00,13495.5,{'stop_loss_price': 13495.5}
INVALID_RISK_UNIT,risk_unit == 0 or non-finite,NQH21-CME,11029263,2021-01-26 15:58:05.142000+00:00,13502.25,{'stop_loss_price': 13502.25}
INVALID_RISK_UNIT,risk_unit == 0 or non-finite,NQH21-CME,11041429,2021-01-26 16:05:47.371000+00:00,13520.75,{'stop_loss_price': 13520.75}
INVALID_RISK_UNIT,risk_unit == 0 or non-finite,NQH21-CME,11041430,2021-01-26 16:05:47.371001+00:00,13520.75,{'stop_loss_price': 13520.75}
INVALID_RISK_UNIT,risk_unit == 0 or non-finite,NQH21-CME,11041431,2021-01-26 16:05:47.371002+00:00,13520.75,{'stop_loss_price': 13520.75}
INVALID_RISK_UNIT,risk_unit == 0 or non-finite,NQH21-CME,11041432,2021-01-26 16:05:47.371003+00:00,13520.75,{'stop_loss_price': 13520.75}
INVALID_RISK_UNIT,risk_unit == 0 or non-finite,NQH21-CME,11041433,2021-01-26 16:05:47.371004+00:00,13520.75,{'stop_loss_price': 13520.75}
INVALID_RISK_UNIT,risk_unit == 0 or non-finite,NQH21-CME,11041434,2021-01-26 16:05:47.371005+00:00,13520.75,{'stop_loss_price': 13520.75}
INVALID_RISK_UNIT,risk_unit == 0 or non-finite,NQH21-CME,11041435,2021-01-26 16:05:47.371006+00:00,13520.75,{'stop_loss_price': 13520.75}
INVALID_RISK_UNIT,risk_unit == 0 or non-finite,NQH21-CME,11041436,2021-01-26 16:05:47.371007+00:00,13520.75,{'stop_loss_price': 13520.75}
INVALID_RISK_UNIT,risk_unit == 0 or non-finite,NQH21-CME,11041437,2021-01-26 16:05:47.388000+00:00,13520.75,{'stop_loss_price': 13520.75}
INVALID_RISK_UNIT,risk_unit == 0 or non-finite,NQH21-CME,11041438,2021-01-26 16:05:47.410000+00:00,13520.75,{'stop_loss_price': 13520.75}
INVALID_RISK_UNIT,risk_unit == 0 or non-finite,NQH21-CME,11116646,2021-01-26 17:38:09.244000+00:00,13476.0,{'stop_loss_price': 13476.0}
INVALID_RISK_UNIT,risk_unit == 0 or non-finite,NQH21-CME,11122916,2021-01-26 17:51:35.250000+00:00,13485.0,{'stop_loss_price': 13485.0}
INVALID_RISK_UNIT,risk_unit == 0 or non-finite,NQH21-CME,11122917,2021-01-26 17:51:35.250001+00:00,13485.0,{'stop_loss_price': 13485.0}
INVALID_RISK_UNIT,risk_unit == 0 or non-finite,NQH21-CME,11122918,2021-01-26 17:51:35.250002+00:00,13485.0,{'stop_loss_price': 13485.0}
INVALID_RISK_UNIT,risk_unit == 0 or non-finite,NQH21-CME,11129356,2021-01-26 18:05:39.626000+00:00,13471.75,{'stop_loss_price': 13471.75}
INVALID_RISK_UNIT,risk_unit == 0 or non-finite,NQH21-CME,11129357,2021-01-26 18:05:40.292000+00:00,13471.75,{'stop_loss_price': 13471.75}
INVALID_RISK_UNIT,risk_unit == 0 or non-finite,NQH21-CME,11132435,2021-01-26 18:12:11.319000+00:00,13487.75,{'stop_loss_price': 13487.75}
INVALID_RISK_UNIT,risk_unit == 0 or non-finite,NQH21-CME,11132436,2021-01-26 18:12:11.319001+00:00,13487.75,{'stop_loss_price': 13487.75}
INVALID_RISK_UNIT,risk_unit == 0 or non-finite,NQH21-CME,11204955,2021-01-26 20:44:46.290000+00:00,13492.25,{'stop_loss_price': 13492.25}
INVALID_RISK_UNIT,risk_unit == 0 or non-finite,NQH21-CME,11218665,2021-01-26 20:57:14.487003+00:00,13478.5,{'stop_loss_price': 13478.5}
INVALID_RISK_UNIT,risk_unit == 0 or non-finite,NQH21-CME,11218666,2021-01-26 20:57:14.494000+00:00,13478.5,{'stop_loss_price': 13478.5}
INVALID_RISK_UNIT,risk_unit == 0 or non-finite,NQH21-CME,11218667,2021-01-26 20:57:14.494001+00:00,13478.5,{'stop_loss_price': 13478.5}
INVALID_RISK_UNIT,risk_unit == 0 or non-finite,NQH21-CME,11218668,2021-01-26 20:57:14.494002+00:00,13478.5,{'stop_loss_price': 13478.5}
INVALID_RISK_UNIT,risk_unit == 0 or non-finite,NQH21-CME,11245382,2021-01-26 21:36:21.959000+00:00,13564.25,{'stop_loss_price': 13564.25}
INVALID_RISK_UNIT,risk_unit == 0 or non-finite,NQH21-CME,11250103,2021-01-26 23:27:31.917000+00:00,13576.75,{'stop_loss_price': 13576.75}
INVALID_RISK_UNIT,risk_unit == 0 or non-finite,NQH21-CME,11278129,2021-01-27 08:23:41.718000+00:00,13538.25,{'stop_loss_price': 13538.25}
INVALID_RISK_UNIT,risk_unit == 0 or non-finite,NQH21-CME,11291181,2021-01-27 10:50:56.686000+00:00,13532.5,{'stop_loss_price': 13532.5}
INVALID_RISK_UNIT,risk_unit == 0 or non-finite,NQH21-CME,11329718,2021-01-27 12:43:13.925000+00:00,13397.25,{'stop_loss_price': 13397.25}
INVALID_RISK_UNIT,risk_unit == 0 or non-finite,NQH21-CME,11337578,2021-01-27 13:00:01.997000+00:00,13354.25,{'stop_loss_price': 13354.25}
INVALID_RISK_UNIT,risk_unit == 0 or non-finite,NQH21-CME,11337579,2021-01-27 13:00:01.997001+00:00,13354.25,{'stop_loss_price': 13354.25}
INVALID_RISK_UNIT,risk_unit == 0 or non-finite,NQH21-CME,11337580,2021-01-27 13:00:01.997002+00:00,13354.25,{'stop_loss_price': 13354.25}
INVALID_RISK_UNIT,risk_unit == 0 or non-finite,NQH21-CME,11337581,2021-01-27 13:00:01.997003+00:00,13354.25,{'stop_loss_price': 13354.25}
INVALID_RISK_UNIT,risk_unit == 0 or non-finite,NQH21-CME,11337582,2021-01-27 13:00:01.997004+00:00,13354.25,{'stop_loss_price': 13354.25}
INVALID_RISK_UNIT,risk_unit == 0 or non-finite,NQH21-CME,11337583,2021-01-27 13:00:01.997005+00:00,13354.25,{'stop_loss_price': 13354.25}
INVALID_RISK_UNIT,risk_unit == 0 or non-finite,NQH21-CME,11361378,2021-01-27 14:08:05.140000+00:00,13374.25,{'stop_loss_price': 13374.25}
INVALID_RISK_UNIT,risk_unit == 0 or non-finite,NQH21-CME,11361379,2021-01-27 14:08:05.189000+00:00,13374.25,{'stop_loss_price': 13374.25}
INVALID_RISK_UNIT,risk_unit == 0 or non-finite,NQH21-CME,11363668,2021-01-27 14:15:01.322000+00:00,13367.0,{'stop_loss_price': 13367.0}
INVALID_RISK_UNIT,risk_unit == 0 or non-finite,NQH21-CME,11402642,2021-01-27 14:36:11.985000+00:00,13225.5,{'stop_loss_price': 13225.5}
INVALID_RISK_UNIT,risk_unit == 0 or non-finite,NQH21-CME,11403293,2021-01-27 14:36:22.619000+00:00,13228.5,{'stop_loss_price': 13228.5}
INVALID_RISK_UNIT,risk_unit == 0 or non-finite,NQH21-CME,11431016,2021-01-27 14:47:07.531000+00:00,13245.0,{'stop_loss_price': 13245.0}
INVALID_RISK_UNIT,risk_unit == 0 or non-finite,NQH21-CME,11450408,2021-01-27 14:54:31.058000+00:00,13196.0,{'stop_loss_price': 13196.0}
INVALID_RISK_UNIT,risk_unit == 0 or non-finite,NQH21-CME,11468131,2021-01-27 15:00:03.437000+00:00,13276.5,{'stop_loss_price': 13276.5}
INVALID_RISK_UNIT,risk_unit == 0 or non-finite,NQH21-CME,11472130,2021-01-27 15:01:25.319000+00:00,13289.0,{'stop_loss_price': 13289.0}
INVALID_RISK_UNIT,risk_unit == 0 or non-finite,NQH21-CME,11472131,2021-01-27 15:01:25.332000+00:00,13289.0,{'stop_loss_price': 13289.0}
INVALID_RISK_UNIT,risk_unit == 0 or non-finite,NQH21-CME,11500166,2021-01-27 15:14:43.697002+00:00,13324.25,{'stop_loss_price': 13324.25}
INVALID_RISK_UNIT,risk_unit == 0 or non-finite,NQH21-CME,11500167,2021-01-27 15:14:43.697003+00:00,13324.25,{'stop_loss_price': 13324.25}
INVALID_RISK_UNIT,risk_unit == 0 or non-finite,NQH21-CME,11557264,2021-01-27 15:55:13.600000+00:00,13378.75,{'stop_loss_price': 13378.75}
INVALID_RISK_UNIT,risk_unit == 0 or non-finite,NQH21-CME,11572287,2021-01-27 16:09:50.616000+00:00,13333.25,{'stop_loss_price': 13333.25}
INVALID_RISK_UNIT,risk_unit == 0 or non-finite,NQH21-CME,11574525,2021-01-27 16:12:09.886000+00:00,13332.25,{'stop_loss_price': 13332.25}
INVALID_RISK_UNIT,risk_unit == 0 or non-finite,NQH21-CME,11591702,2021-01-27 16:26:39.817001+00:00,13288.5,{'stop_loss_price': 13288.5}
INVALID_RISK_UNIT,risk_unit == 0 or non-finite,NQH21-CME,11594545,2021-01-27 16:29:34.973000+00:00,13287.75,{'stop_loss_price': 13287.75}
INVALID_RISK_UNIT,risk_unit == 0 or non-finite,NQH21-CME,11594546,2021-01-27 16:29:34.974000+00:00,13287.75,{'stop_loss_price': 13287.75}
INVALID_RISK_UNIT,risk_unit == 0 or non-finite,NQH21-CME,11625979,2021-01-27 16:54:21.194005+00:00,13242.75,{'stop_loss_price': 13242.75}
INVALID_RISK_UNIT,risk_unit == 0 or non-finite,NQH21-CME,11625980,2021-01-27 16:54:21.269000+00:00,13242.75,{'stop_loss_price': 13242.75}
INVALID_RISK_UNIT,risk_unit == 0 or non-finite,NQH21-CME,11625981,2021-01-27 16:54:21.269001+00:00,13242.75,{'stop_loss_price': 13242.75}
INVALID_RISK_UNIT,risk_unit == 0 or non-finite,NQH21-CME,11634200,2021-01-27 17:01:02.009000+00:00,13213.0,{'stop_loss_price': 13213.0}
INVALID_RISK_UNIT,risk_unit == 0 or non-finite,NQH21-CME,11665930,2021-01-27 17:25:50.880000+00:00,13300.0,{'stop_loss_price': 13300.0}
INVALID_RISK_UNIT,risk_unit == 0 or non-finite,NQH21-CME,11665931,2021-01-27 17:25:50.880001+00:00,13300.0,{'stop_loss_price': 13300.0}
INVALID_RISK_UNIT,risk_unit == 0 or non-finite,NQH21-CME,11665932,2021-01-27 17:25:50.880002+00:00,13300.0,{'stop_loss_price': 13300.0}
INVALID_RISK_UNIT,risk_unit == 0 or non-finite,NQH21-CME,11665933,2021-01-27 17:25:50.880003+00:00,13300.0,{'stop_loss_price': 13300.0}
INVALID_RISK_UNIT,risk_unit == 0 or non-finite,NQH21-CME,11666833,2021-01-27 17:26:40.657000+00:00,13305.5,{'stop_loss_price': 13305.5}
INVALID_RISK_UNIT,risk_unit == 0 or non-finite,NQH21-CME,11666834,2021-01-27 17:26:40.657001+00:00,13305.5,{'stop_loss_price': 13305.5}
INVALID_RISK_UNIT,risk_unit == 0 or non-finite,NQH21-CME,11700393,2021-01-27 18:06:16.914000+00:00,13318.0,{'stop_loss_price': 13318.0}
INVALID_RISK_UNIT,risk_unit == 0 or non-finite,NQH21-CME,11700394,2021-01-27 18:06:16.914001+00:00,13318.0,{'stop_loss_price': 13318.0}
INVALID_RISK_UNIT,risk_unit == 0 or non-finite,NQH21-CME,11700398,2021-01-27 18:06:17.041003+00:00,13318.0,{'stop_loss_price': 13318.0}
INVALID_RISK_UNIT,risk_unit == 0 or non-finite,NQH21-CME,11700399,2021-01-27 18:06:17.107000+00:00,13318.0,{'stop_loss_price': 13318.0}
INVALID_RISK_UNIT,risk_unit == 0 or non-finite,NQH21-CME,11712970,2021-01-27 18:23:17.103000+00:00,13273.0,{'stop_loss_price': 13273.0}
INVALID_RISK_UNIT,risk_unit == 0 or non-finite,NQH21-CME,11712971,2021-01-27 18:23:17.103001+00:00,13273.0,{'stop_loss_price': 13273.0}
INVALID_RISK_UNIT,risk_unit == 0 or non-finite,NQH21-CME,11712972,2021-01-27 18:23:17.103002+00:00,13273.0,{'stop_loss_price': 13273.0}
INVALID_RISK_UNIT,risk_unit == 0 or non-finite,NQH21-CME,11731647,2021-01-27 18:52:07.150000+00:00,13277.75,{'stop_loss_price': 13277.75}
INVALID_RISK_UNIT,risk_unit == 0 or non-finite,NQH21-CME,11776942,2021-01-27 19:36:18.930007+00:00,13175.25,{'stop_loss_price': 13175.25}
INVALID_RISK_UNIT,risk_unit == 0 or non-finite,NQH21-CME,11776943,2021-01-27 19:36:18.930008+00:00,13175.25,{'stop_loss_price': 13175.25}
INVALID_RISK_UNIT,risk_unit == 0 or non-finite,NQH21-CME,11776944,2021-01-27 19:36:18.930009+00:00,13175.25,{'stop_loss_price': 13175.25}
INVALID_RISK_UNIT,risk_unit == 0 or non-finite,NQH21-CME,11788025,2021-01-27 19:43:19.064005+00:00,13211.5,{'stop_loss_price': 13211.5}
INVALID_RISK_UNIT,risk_unit == 0 or non-finite,NQH21-CME,11788026,2021-01-27 19:43:19.162000+00:00,13211.5,{'stop_loss_price': 13211.5}
INVALID_RISK_UNIT,risk_unit == 0 or non-finite,NQH21-CME,11788027,2021-01-27 19:43:19.162001+00:00,13211.5,{'stop_loss_price': 13211.5}
INVALID_RISK_UNIT,risk_unit == 0 or non-finite,NQH21-CME,11889307,2021-01-27 20:47:54.947000+00:00,13102.0,{'stop_loss_price': 13102.0}
INVALID_RISK_UNIT,risk_unit == 0 or non-finite,NQH21-CME,11903295,2021-01-27 20:56:50.632000+00:00,13122.75,{'stop_loss_price': 13122.75}
INVALID_RISK_UNIT,risk_unit == 0 or non-finite,NQH21-CME,11903296,2021-01-27 20:56:50.632001+00:00,13122.75,{'stop_loss_price': 13122.75}
INVALID_RISK_UNIT,risk_unit == 0 or non-finite,NQH21-CME,11903297,2021-01-27 20:56:50.695000+00:00,13122.75,{'stop_loss_price': 13122.75}
INVALID_RISK_UNIT,risk_unit == 0 or non-finite,NQH21-CME,11903298,2021-01-27 20:56:50.709000+00:00,13122.75,{'stop_loss_price': 13122.75}
INVALID_RISK_UNIT,risk_unit == 0 or non-finite,NQH21-CME,11992760,2021-01-28 03:54:03.352000+00:00,13065.75,{'stop_loss_price': 13065.75}
INVALID_RISK_UNIT,risk_unit == 0 or non-finite,NQH21-CME,12078588,2021-01-28 12:45:24.694000+00:00,13038.5,{'stop_loss_price': 13038.5}
INVALID_RISK_UNIT,risk_unit == 0 or non-finite,NQH21-CME,12102081,2021-01-28 13:52:30.124000+00:00,13095.25,{'stop_loss_price': 13095.25}
INVALID_RISK_UNIT,risk_unit == 0 or non-finite,NQH21-CME,12116915,2021-01-28 14:13:33.682000+00:00,13172.5,{'stop_loss_price': 13172.5}
INVALID_RISK_UNIT,risk_unit == 0 or non-finite,NQH21-CME,12133185,2021-01-28 14:34:29.893000+00:00,13174.75,{'stop_loss_price': 13174.75}
INVALID_RISK_UNIT,risk_unit == 0 or non-finite,NQH21-CME,12149773,2021-01-28 14:42:17.679001+00:00,13163.75,{'stop_loss_price': 13163.75}
INVALID_RISK_UNIT,risk_unit == 0 or non-finite,NQH21-CME,12189682,2021-01-28 15:02:31.728000+00:00,13221.5,{'stop_loss_price': 13221.5}
INVALID_RISK_UNIT,risk_unit == 0 or non-finite,NQH21-CME,12219611,2021-01-28 15:24:25.519000+00:00,13245.0,{'stop_loss_price': 13245.0}
INVALID_RISK_UNIT,risk_unit == 0 or non-finite,NQH21-CME,12288477,2021-01-28 16:24:53.459001+00:00,13286.5,{'stop_loss_price': 13286.5}
INVALID_RISK_UNIT,risk_unit == 0 or non-finite,NQH21-CME,12340730,2021-01-28 17:38:32.436000+00:00,13359.75,{'stop_loss_price': 13359.75}
INVALID_RISK_UNIT,risk_unit == 0 or non-finite,NQH21-CME,12370782,2021-01-28 18:35:19.033000+00:00,13375.25,{'stop_loss_price': 13375.25}
INVALID_RISK_UNIT,risk_unit == 0 or non-finite,NQH21-CME,12394871,2021-01-28 19:25:04.679000+00:00,13331.25,{'stop_loss_price': 13331.25}
INVALID_RISK_UNIT,risk_unit == 0 or non-finite,NQH21-CME,12395256,2021-01-28 19:25:27.993000+00:00,13335.75,{'stop_loss_price': 13335.75}
INVALID_RISK_UNIT,risk_unit == 0 or non-finite,NQH21-CME,12404851,2021-01-28 19:43:56.563000+00:00,13318.0,{'stop_loss_price': 13318.0}
INVALID_RISK_UNIT,risk_unit == 0 or non-finite,NQH21-CME,12410376,2021-01-28 19:52:53.463002+00:00,13337.25,{'stop_loss_price': 13337.25}
INVALID_RISK_UNIT,risk_unit == 0 or non-finite,NQH21-CME,12410377,2021-01-28 19:52:53.476000+00:00,13337.25,{'stop_loss_price': 13337.25}
INVALID_RISK_UNIT,risk_unit == 0 or non-finite,NQH21-CME,12410378,2021-01-28 19:52:53.476001+00:00,13337.25,{'stop_loss_price': 13337.25}
INVALID_RISK_UNIT,risk_unit == 0 or non-finite,NQH21-CME,12410382,2021-01-28 19:52:53.662000+00:00,13337.25,{'stop_loss_price': 13337.25}
INVALID_RISK_UNIT,risk_unit == 0 or non-finite,NQH21-CME,12414813,2021-01-28 19:55:22.890000+00:00,13298.75,{'stop_loss_price': 13298.75}
INVALID_RISK_UNIT,risk_unit == 0 or non-finite,NQH21-CME,12430112,2021-01-28 20:16:22.371000+00:00,13302.5,{'stop_loss_price': 13302.5}
INVALID_RISK_UNIT,risk_unit == 0 or non-finite,NQH21-CME,12493424,2021-01-28 21:13:16.829000+00:00,13185.0,{'stop_loss_price': 13185.0}
INVALID_RISK_UNIT,risk_unit == 0 or non-finite,NQH21-CME,12493425,2021-01-28 21:13:16.829001+00:00,13185.0,{'stop_loss_price': 13185.0}
INVALID_RISK_UNIT,risk_unit == 0 or non-finite,NQH21-CME,12493431,2021-01-28 21:13:17.293000+00:00,13185.0,{'stop_loss_price': 13185.0}
INVALID_RISK_UNIT,risk_unit == 0 or non-finite,NQH21-CME,12580998,2021-01-29 09:19:27.664000+00:00,12994.25,{'stop_loss_price': 12994.25}
INVALID_RISK_UNIT,risk_unit == 0 or non-finite,NQH21-CME,12607681,2021-01-29 11:27:10.484000+00:00,13060.25,{'stop_loss_price': 13060.25}
INVALID_RISK_UNIT,risk_unit == 0 or non-finite,NQH21-CME,12612922,2021-01-29 11:54:10.138000+00:00,13063.75,{'stop_loss_price': 13063.75}
INVALID_RISK_UNIT,risk_unit == 0 or non-finite,NQH21-CME,12641577,2021-01-29 13:33:21.637000+00:00,13089.0,{'stop_loss_price': 13089.0}
INVALID_RISK_UNIT,risk_unit == 0 or non-finite,NQH21-CME,12717727,2021-01-29 14:54:40.407000+00:00,13057.0,{'stop_loss_price': 13057.0}
INVALID_RISK_UNIT,risk_unit == 0 or non-finite,NQH21-CME,12756849,2021-01-29 15:21:12.911000+00:00,13109.5,{'stop_loss_price': 13109.5}
INVALID_RISK_UNIT,risk_unit == 0 or non-finite,NQH21-CME,12826148,2021-01-29 16:20:39.260000+00:00,13006.25,{'stop_loss_price': 13006.25}
INVALID_RISK_UNIT,risk_unit == 0 or non-finite,NQH21-CME,12826149,2021-01-29 16:20:39.260001+00:00,13006.25,{'stop_loss_price': 13006.25}
INVALID_RISK_UNIT,risk_unit == 0 or non-finite,NQH21-CME,12826153,2021-01-29 16:20:39.445000+00:00,13006.25,{'stop_loss_price': 13006.25}
INVALID_RISK_UNIT,risk_unit == 0 or non-finite,NQH21-CME,12826154,2021-01-29 16:20:39.445001+00:00,13006.25,{'stop_loss_price': 13006.25}
INVALID_RISK_UNIT,risk_unit == 0 or non-finite,NQH21-CME,12826155,2021-01-29 16:20:39.446000+00:00,13006.25,{'stop_loss_price': 13006.25}
INVALID_RISK_UNIT,risk_unit == 0 or non-finite,NQH21-CME,12826156,2021-01-29 16:20:39.534000+00:00,13006.25,{'stop_loss_price': 13006.25}
INVALID_RISK_UNIT,risk_unit == 0 or non-finite,NQH21-CME,12826157,2021-01-29 16:20:39.534001+00:00,13006.25,{'stop_loss_price': 13006.25}
INVALID_RISK_UNIT,risk_unit == 0 or non-finite,NQH21-CME,12831499,2021-01-29 16:24:37.505000+00:00,13004.25,{'stop_loss_price': 13004.25}
INVALID_RISK_UNIT,risk_unit == 0 or non-finite,NQH21-CME,12889404,2021-01-29 17:18:49.680000+00:00,12969.25,{'stop_loss_price': 12969.25}
INVALID_RISK_UNIT,risk_unit == 0 or non-finite,NQH21-CME,12894164,2021-01-29 17:22:23.063000+00:00,12952.0,{'stop_loss_price': 12952.0}
INVALID_RISK_UNIT,risk_unit == 0 or non-finite,NQH21-CME,12894165,2021-01-29 17:22:23.063001+00:00,12952.0,{'stop_loss_price': 12952.0}
INVALID_RISK_UNIT,risk_unit == 0 or non-finite,NQH21-CME,12926330,2021-01-29 17:45:34.026002+00:00,12869.25,{'stop_loss_price': 12869.25}
INVALID_RISK_UNIT,risk_unit == 0 or non-finite,NQH21-CME,12929403,2021-01-29 17:46:40.889003+00:00,12864.25,{'stop_loss_price': 12864.25}
INVALID_RISK_UNIT,risk_unit == 0 or non-finite,NQH21-CME,12929404,2021-01-29 17:46:40.889004+00:00,12864.25,{'stop_loss_price': 12864.25}
INVALID_RISK_UNIT,risk_unit == 0 or non-finite,NQH21-CME,12929405,2021-01-29 17:46:40.889005+00:00,12864.25,{'stop_loss_price': 12864.25}
INVALID_RISK_UNIT,risk_unit == 0 or non-finite,NQH21-CME,13025220,2021-01-29 19:12:01.188000+00:00,12950.75,{'stop_loss_price': 12950.75}
INVALID_RISK_UNIT,risk_unit == 0 or non-finite,NQH21-CME,13062165,2021-01-29 20:00:54.597001+00:00,12948.25,{'stop_loss_price': 12948.25}
INVALID_RISK_UNIT,risk_unit == 0 or non-finite,NQH21-CME,13062166,2021-01-29 20:00:54.597002+00:00,12948.25,{'stop_loss_price': 12948.25}
INVALID_RISK_UNIT,risk_unit == 0 or non-finite,NQH21-CME,13135674,2021-01-29 20:59:59.647000+00:00,12909.75,{'stop_loss_price': 12909.75}
INVALID_RISK_UNIT,risk_unit == 0 or non-finite,NQH21-CME,13135675,2021-01-29 20:59:59.647001+00:00,12909.75,{'stop_loss_price': 12909.75}
INVALID_RISK_UNIT,risk_unit == 0 or non-finite,NQH21-CME,13135680,2021-01-29 20:59:59.655001+00:00,12909.75,{'stop_loss_price': 12909.75}
INVALID_RISK_UNIT,risk_unit == 0 or non-finite,NQH21-CME,13158735,2021-01-31 23:12:51.722000+00:00,12752.5,{'stop_loss_price': 12752.5}
INVALID_RISK_UNIT,risk_unit == 0 or non-finite,NQH21-CME,13206663,2021-02-01 05:56:24.735000+00:00,12978.25,{'stop_loss_price': 12978.25}
INVALID_RISK_UNIT,risk_unit == 0 or non-finite,NQH21-CME,13291587,2021-02-01 14:30:02.759000+00:00,13063.0,{'stop_loss_price': 13063.0}
INVALID_RISK_UNIT,risk_unit == 0 or non-finite,NQH21-CME,13298859,2021-02-01 14:33:11.773000+00:00,13068.5,{'stop_loss_price': 13068.5}
INVALID_RISK_UNIT,risk_unit == 0 or non-finite,NQH21-CME,13300819,2021-02-01 14:33:49.665000+00:00,13083.0,{'stop_loss_price': 13083.0}
INVALID_RISK_UNIT,risk_unit == 0 or non-finite,NQH21-CME,13322549,2021-02-01 14:45:22.015000+00:00,13064.5,{'stop_loss_price': 13064.5}
INVALID_RISK_UNIT,risk_unit == 0 or non-finite,NQH21-CME,13322550,2021-02-01 14:45:22.015001+00:00,13064.5,{'stop_loss_price': 13064.5}
INVALID_RISK_UNIT,risk_unit == 0 or non-finite,NQH21-CME,13353335,2021-02-01 15:02:24.226000+00:00,13017.5,{'stop_loss_price': 13017.5}
INVALID_RISK_UNIT,risk_unit == 0 or non-finite,NQH21-CME,13353336,2021-02-01 15:02:24.238000+00:00,13017.5,{'stop_loss_price': 13017.5}
INVALID_RISK_UNIT,risk_unit == 0 or non-finite,NQH21-CME,13377974,2021-02-01 15:17:38.814000+00:00,13043.75,{'stop_loss_price': 13043.75}
INVALID_RISK_UNIT,risk_unit == 0 or non-finite,NQH21-CME,13393716,2021-02-01 15:29:26.529002+00:00,13093.25,{'stop_loss_price': 13093.25}
INVALID_RISK_UNIT,risk_unit == 0 or non-finite,NQH21-CME,13429238,2021-02-01 15:56:30.082000+00:00,13067.0,{'stop_loss_price': 13067.0}
INVALID_RISK_UNIT,risk_unit == 0 or non-finite,NQH21-CME,13429239,2021-02-01 15:56:30.111000+00:00,13067.0,{'stop_loss_price': 13067.0}
INVALID_RISK_UNIT,risk_unit == 0 or non-finite,NQH21-CME,13429240,2021-02-01 15:56:30.528000+00:00,13067.0,{'stop_loss_price': 13067.0}
INVALID_RISK_UNIT,risk_unit == 0 or non-finite,NQH21-CME,13429244,2021-02-01 15:56:30.895000+00:00,13067.0,{'stop_loss_price': 13067.0}
INVALID_RISK_UNIT,risk_unit == 0 or non-finite,NQH21-CME,13446898,2021-02-01 16:10:26.723000+00:00,13096.0,{'stop_loss_price': 13096.0}
INVALID_RISK_UNIT,risk_unit == 0 or non-finite,NQH21-CME,13446899,2021-02-01 16:10:26.821000+00:00,13096.0,{'stop_loss_price': 13096.0}
INVALID_RISK_UNIT,risk_unit == 0 or non-finite,NQH21-CME,13450718,2021-02-01 16:14:22.837010+00:00,13103.5,{'stop_loss_price': 13103.5}
INVALID_RISK_UNIT,risk_unit == 0 or non-finite,NQH21-CME,13450719,2021-02-01 16:14:22.837011+00:00,13103.5,{'stop_loss_price': 13103.5}
INVALID_RISK_UNIT,risk_unit == 0 or non-finite,NQH21-CME,13450720,2021-02-01 16:14:22.837012+00:00,13103.5,{'stop_loss_price': 13103.5}
INVALID_RISK_UNIT,risk_unit == 0 or non-finite,NQH21-CME,13450721,2021-02-01 16:14:22.837013+00:00,13103.5,{'stop_loss_price': 13103.5}
INVALID_RISK_UNIT,risk_unit == 0 or non-finite,NQH21-CME,13451605,2021-02-01 16:15:22.004000+00:00,13097.25,{'stop_loss_price': 13097.25}
INVALID_RISK_UNIT,risk_unit == 0 or non-finite,NQH21-CME,13451606,2021-02-01 16:15:22.004001+00:00,13097.25,{'stop_loss_price': 13097.25}
INVALID_RISK_UNIT,risk_unit == 0 or non-finite,NQH21-CME,13451607,2021-02-01 16:15:22.004002+00:00,13097.25,{'stop_loss_price': 13097.25}
INVALID_RISK_UNIT,risk_unit == 0 or non-finite,NQH21-CME,13485084,2021-02-01 16:51:46.480000+00:00,13191.75,{'stop_loss_price': 13191.75}
INVALID_RISK_UNIT,risk_unit == 0 or non-finite,NQH21-CME,13511713,2021-02-01 17:28:26.885000+00:00,13242.5,{'stop_loss_price': 13242.5}
INVALID_RISK_UNIT,risk_unit == 0 or non-finite,NQH21-CME,13511714,2021-02-01 17:28:27.126000+00:00,13242.5,{'stop_loss_price': 13242.5}
INVALID_RISK_UNIT,risk_unit == 0 or non-finite,NQH21-CME,13511715,2021-02-01 17:28:27.126001+00:00,13242.5,{'stop_loss_price': 13242.5}
INVALID_RISK_UNIT,risk_unit == 0 or non-finite,NQH21-CME,13523411,2021-02-01 17:47:54.126000+00:00,13222.5,{'stop_loss_price': 13222.5}
INVALID_RISK_UNIT,risk_unit == 0 or non-finite,NQH21-CME,13609030,2021-02-01 20:39:54.990000+00:00,13259.0,{'stop_loss_price': 13259.0}
INVALID_RISK_UNIT,risk_unit == 0 or non-finite,NQH21-CME,13620165,2021-02-01 20:54:00.961000+00:00,13259.5,{'stop_loss_price': 13259.5}
INVALID_RISK_UNIT,risk_unit == 0 or non-finite,NQH21-CME,13620166,2021-02-01 20:54:00.961001+00:00,13259.5,{'stop_loss_price': 13259.5}
INVALID_RISK_UNIT,risk_unit == 0 or non-finite,NQH21-CME,13620167,2021-02-01 20:54:00.961002+00:00,13259.5,{'stop_loss_price': 13259.5}
INVALID_RISK_UNIT,risk_unit == 0 or non-finite,NQH21-CME,13620168,2021-02-01 20:54:01.087000+00:00,13259.5,{'stop_loss_price': 13259.5}
INVALID_RISK_UNIT,risk_unit == 0 or non-finite,NQH21-CME,13620169,2021-02-01 20:54:01.839000+00:00,13259.5,{'stop_loss_price': 13259.5}
INVALID_RISK_UNIT,risk_unit == 0 or non-finite,NQH21-CME,13699554,2021-02-02 08:27:38.506000+00:00,13350.25,{'stop_loss_price': 13350.25}
INVALID_RISK_UNIT,risk_unit == 0 or non-finite,NQH21-CME,13721456,2021-02-02 11:37:48.438000+00:00,13346.0,{'stop_loss_price': 13346.0}
INVALID_RISK_UNIT,risk_unit == 0 or non-finite,NQH21-CME,13721457,2021-02-02 11:37:48.438001+00:00,13346.0,{'stop_loss_price': 13346.0}
INVALID_RISK_UNIT,risk_unit == 0 or non-finite,NQH21-CME,13724198,2021-02-02 12:05:11.914000+00:00,13335.0,{'stop_loss_price': 13335.0}
INVALID_RISK_UNIT,risk_unit == 0 or non-finite,NQH21-CME,13796219,2021-02-02 14:55:19.659000+00:00,13397.5,{'stop_loss_price': 13397.5}
INVALID_RISK_UNIT,risk_unit == 0 or non-finite,NQH21-CME,13800012,2021-02-02 14:57:31.865000+00:00,13397.25,{'stop_loss_price': 13397.25}
INVALID_RISK_UNIT,risk_unit == 0 or non-finite,NQH21-CME,13800013,2021-02-02 14:57:31.927000+00:00,13397.25,{'stop_loss_price': 13397.25}
INVALID_RISK_UNIT,risk_unit == 0 or non-finite,NQH21-CME,13800154,2021-02-02 14:57:36.657000+00:00,13396.0,{'stop_loss_price': 13396.0}
INVALID_RISK_UNIT,risk_unit == 0 or non-finite,NQH21-CME,13800155,2021-02-02 14:57:36.658000+00:00,13396.0,{'stop_loss_price': 13396.0}
INVALID_RISK_UNIT,risk_unit == 0 or non-finite,NQH21-CME,13807711,2021-02-02 15:02:01.702000+00:00,13394.25,{'stop_loss_price': 13394.25}
INVALID_RISK_UNIT,risk_unit == 0 or non-finite,NQH21-CME,13822011,2021-02-02 15:12:37.352000+00:00,13386.75,{'stop_loss_price': 13386.75}
INVALID_RISK_UNIT,risk_unit == 0 or non-finite,NQH21-CME,13822012,2021-02-02 15:12:37.353000+00:00,13386.75,{'stop_loss_price': 13386.75}
INVALID_RISK_UNIT,risk_unit == 0 or non-finite,NQH21-CME,13830260,2021-02-02 15:18:09.443000+00:00,13420.0,{'stop_loss_price': 13420.0}
INVALID_RISK_UNIT,risk_unit == 0 or non-finite,NQH21-CME,13834381,2021-02-02 15:20:10.231000+00:00,13432.5,{'stop_loss_price': 13432.5}
INVALID_RISK_UNIT,risk_unit == 0 or non-finite,NQH21-CME,13866721,2021-02-02 15:47:42.333007+00:00,13406.75,{'stop_loss_price': 13406.75}
INVALID_RISK_UNIT,risk_unit == 0 or non-finite,NQH21-CME,13866722,2021-02-02 15:47:42.333008+00:00,13406.75,{'stop_loss_price': 13406.75}
INVALID_RISK_UNIT,risk_unit == 0 or non-finite,NQH21-CME,13866723,2021-02-02 15:47:42.333009+00:00,13406.75,{'stop_loss_price': 13406.75}
INVALID_RISK_UNIT,risk_unit == 0 or non-finite,NQH21-CME,13866724,2021-02-02 15:47:42.333010+00:00,13406.75,{'stop_loss_price': 13406.75}
INVALID_RISK_UNIT,risk_unit == 0 or non-finite,NQH21-CME,13866725,2021-02-02 15:47:42.334000+00:00,13406.75,{'stop_loss_price': 13406.75}
INVALID_RISK_UNIT,risk_unit == 0 or non-finite,NQH21-CME,13866726,2021-02-02 15:47:42.334001+00:00,13406.75,{'stop_loss_price': 13406.75}
INVALID_RISK_UNIT,risk_unit == 0 or non-finite,NQH21-CME,13883920,2021-02-02 16:08:41.779000+00:00,13417.75,{'stop_loss_price': 13417.75}
INVALID_RISK_UNIT,risk_unit == 0 or non-finite,NQH21-CME,13888171,2021-02-02 16:14:19.704000+00:00,13423.25,{'stop_loss_price': 13423.25}
INVALID_RISK_UNIT,risk_unit == 0 or non-finite,NQH21-CME,13897625,2021-02-02 16:29:19.868000+00:00,13429.75,{'stop_loss_price': 13429.75}
INVALID_RISK_UNIT,risk_unit == 0 or non-finite,NQH21-CME,13897626,2021-02-02 16:29:19.871000+00:00,13429.75,{'stop_loss_price': 13429.75}
INVALID_RISK_UNIT,risk_unit == 0 or non-finite,NQH21-CME,13897627,2021-02-02 16:29:19.982000+00:00,13429.75,{'stop_loss_price': 13429.75}
INVALID_RISK_UNIT,risk_unit == 0 or non-finite,NQH21-CME,13897677,2021-02-02 16:29:25.342000+00:00,13429.75,{'stop_loss_price': 13429.75}
INVALID_RISK_UNIT,risk_unit == 0 or non-finite,NQH21-CME,13897678,2021-02-02 16:29:25.342001+00:00,13429.75,{'stop_loss_price': 13429.75}
INVALID_RISK_UNIT,risk_unit == 0 or non-finite,NQH21-CME,13897679,2021-02-02 16:29:25.424000+00:00,13429.75,{'stop_loss_price': 13429.75}
INVALID_RISK_UNIT,risk_unit == 0 or non-finite,NQH21-CME,13897680,2021-02-02 16:29:25.424001+00:00,13429.75,{'stop_loss_price': 13429.75}
INVALID_RISK_UNIT,risk_unit == 0 or non-finite,NQH21-CME,13897681,2021-02-02 16:29:25.426000+00:00,13429.75,{'stop_loss_price': 13429.75}
INVALID_RISK_UNIT,risk_unit == 0 or non-finite,NQH21-CME,13912005,2021-02-02 16:47:41.514000+00:00,13440.0,{'stop_loss_price': 13440.0}
INVALID_RISK_UNIT,risk_unit == 0 or non-finite,NQH21-CME,13934339,2021-02-02 17:23:39.975000+00:00,13462.75,{'stop_loss_price': 13462.75}
INVALID_RISK_UNIT,risk_unit == 0 or non-finite,NQH21-CME,13934340,2021-02-02 17:23:39.975001+00:00,13462.75,{'stop_loss_price': 13462.75}
INVALID_RISK_UNIT,risk_unit == 0 or non-finite,NQH21-CME,13934342,2021-02-02 17:23:40.047000+00:00,13462.75,{'stop_loss_price': 13462.75}
INVALID_RISK_UNIT,risk_unit == 0 or non-finite,NQH21-CME,13947041,2021-02-02 17:50:10.208000+00:00,13458.25,{'stop_loss_price': 13458.25}
INVALID_RISK_UNIT,risk_unit == 0 or non-finite,NQH21-CME,13947042,2021-02-02 17:50:10.216000+00:00,13458.25,{'stop_loss_price': 13458.25}
INVALID_RISK_UNIT,risk_unit == 0 or non-finite,NQH21-CME,13963183,2021-02-02 18:26:43.245000+00:00,13437.25,{'stop_loss_price': 13437.25}
INVALID_RISK_UNIT,risk_unit == 0 or non-finite,NQH21-CME,13976600,2021-02-02 18:47:22.902000+00:00,13481.0,{'stop_loss_price': 13481.0}
INVALID_RISK_UNIT,risk_unit == 0 or non-finite,NQH21-CME,13976601,2021-02-02 18:47:22.902001+00:00,13481.0,{'stop_loss_price': 13481.0}
INVALID_RISK_UNIT,risk_unit == 0 or non-finite,NQH21-CME,13976602,2021-02-02 18:47:22.902002+00:00,13481.0,{'stop_loss_price': 13481.0}
INVALID_RISK_UNIT,risk_unit == 0 or non-finite,NQH21-CME,13976603,2021-02-02 18:47:22.902003+00:00,13481.0,{'stop_loss_price': 13481.0}
INVALID_RISK_UNIT,risk_unit == 0 or non-finite,NQH21-CME,13976604,2021-02-02 18:47:22.902004+00:00,13481.0,{'stop_loss_price': 13481.0}
INVALID_RISK_UNIT,risk_unit == 0 or non-finite,NQH21-CME,14062399,2021-02-02 21:03:00.442000+00:00,13486.0,{'stop_loss_price': 13486.0}
INVALID_RISK_UNIT,risk_unit == 0 or non-finite,NQH21-CME,14101196,2021-02-03 03:02:09.258000+00:00,13505.5,{'stop_loss_price': 13505.5}
INVALID_RISK_UNIT,risk_unit == 0 or non-finite,NQH21-CME,14127652,2021-02-03 09:14:09.439000+00:00,13541.25,{'stop_loss_price': 13541.25}
INVALID_RISK_UNIT,risk_unit == 0 or non-finite,NQH21-CME,14304294,2021-02-03 15:43:47.716000+00:00,13441.5,{'stop_loss_price': 13441.5}
INVALID_RISK_UNIT,risk_unit == 0 or non-finite,NQH21-CME,14310066,2021-02-03 15:49:41.936000+00:00,13429.5,{'stop_loss_price': 13429.5}
INVALID_RISK_UNIT,risk_unit == 0 or non-finite,NQH21-CME,14310067,2021-02-03 15:49:41.936001+00:00,13429.5,{'stop_loss_price': 13429.5}
INVALID_RISK_UNIT,risk_unit == 0 or non-finite,NQH21-CME,14310068,2021-02-03 15:49:41.936002+00:00,13429.5,{'stop_loss_price': 13429.5}
INVALID_RISK_UNIT,risk_unit == 0 or non-finite,NQH21-CME,14310069,2021-02-03 15:49:41.936003+00:00,13429.5,{'stop_loss_price': 13429.5}
INVALID_RISK_UNIT,risk_unit == 0 or non-finite,NQH21-CME,14310070,2021-02-03 15:49:41.950000+00:00,13429.5,{'stop_loss_price': 13429.5}
INVALID_RISK_UNIT,risk_unit == 0 or non-finite,NQH21-CME,14323289,2021-02-03 16:01:08.089000+00:00,13437.75,{'stop_loss_price': 13437.75}
INVALID_RISK_UNIT,risk_unit == 0 or non-finite,NQH21-CME,14361840,2021-02-03 16:51:44.545000+00:00,13449.0,{'stop_loss_price': 13449.0}
INVALID_RISK_UNIT,risk_unit == 0 or non-finite,NQH21-CME,14361841,2021-02-03 16:51:44.545001+00:00,13449.0,{'stop_loss_price': 13449.0}
INVALID_RISK_UNIT,risk_unit == 0 or non-finite,NQH21-CME,14361842,2021-02-03 16:51:44.546000+00:00,13449.0,{'stop_loss_price': 13449.0}
INVALID_RISK_UNIT,risk_unit == 0 or non-finite,NQH21-CME,14361843,2021-02-03 16:51:44.546001+00:00,13449.0,{'stop_loss_price': 13449.0}
INVALID_RISK_UNIT,risk_unit == 0 or non-finite,NQH21-CME,14361844,2021-02-03 16:51:44.880000+00:00,13449.0,{'stop_loss_price': 13449.0}
INVALID_RISK_UNIT,risk_unit == 0 or non-finite,NQH21-CME,14361845,2021-02-03 16:51:44.880001+00:00,13449.0,{'stop_loss_price': 13449.0}
INVALID_RISK_UNIT,risk_unit == 0 or non-finite,NQH21-CME,14376598,2021-02-03 17:11:30.168000+00:00,13471.5,{'stop_loss_price': 13471.5}
INVALID_RISK_UNIT,risk_unit == 0 or non-finite,NQH21-CME,14376599,2021-02-03 17:11:30.168001+00:00,13471.5,{'stop_loss_price': 13471.5}
INVALID_RISK_UNIT,risk_unit == 0 or non-finite,NQH21-CME,14377552,2021-02-03 17:12:16.468000+00:00,13470.5,{'stop_loss_price': 13470.5}
INVALID_RISK_UNIT,risk_unit == 0 or non-finite,NQH21-CME,14393959,2021-02-03 17:41:19.027000+00:00,13487.75,{'stop_loss_price': 13487.75}
INVALID_RISK_UNIT,risk_unit == 0 or non-finite,NQH21-CME,14393960,2021-02-03 17:41:19.027001+00:00,13487.75,{'stop_loss_price': 13487.75}
INVALID_RISK_UNIT,risk_unit == 0 or non-finite,NQH21-CME,14393961,2021-02-03 17:41:19.027002+00:00,13487.75,{'stop_loss_price': 13487.75}
INVALID_RISK_UNIT,risk_unit == 0 or non-finite,NQH21-CME,14393962,2021-02-03 17:41:19.027003+00:00,13487.75,{'stop_loss_price': 13487.75}
INVALID_RISK_UNIT,risk_unit == 0 or non-finite,NQH21-CME,14473416,2021-02-03 20:16:03.335000+00:00,13452.75,{'stop_loss_price': 13452.75}
INVALID_RISK_UNIT,risk_unit == 0 or non-finite,NQH21-CME,14489667,2021-02-03 20:32:08.871000+00:00,13410.0,{'stop_loss_price': 13410.0}
INVALID_RISK_UNIT,risk_unit == 0 or non-finite,NQH21-CME,14489668,2021-02-03 20:32:08.997000+00:00,13410.0,{'stop_loss_price': 13410.0}
INVALID_RISK_UNIT,risk_unit == 0 or non-finite,NQH21-CME,14489669,2021-02-03 20:32:09.124000+00:00,13410.0,{'stop_loss_price': 13410.0}
INVALID_RISK_UNIT,risk_unit == 0 or non-finite,NQH21-CME,14502409,2021-02-03 20:46:44.131000+00:00,13428.5,{'stop_loss_price': 13428.5}
INVALID_RISK_UNIT,risk_unit == 0 or non-finite,NQH21-CME,14549394,2021-02-04 03:40:50.199000+00:00,13387.25,{'stop_loss_price': 13387.25}
INVALID_RISK_UNIT,risk_unit == 0 or non-finite,NQH21-CME,14616216,2021-02-04 14:31:04.712000+00:00,13461.25,{'stop_loss_price': 13461.25}
INVALID_RISK_UNIT,risk_unit == 0 or non-finite,NQH21-CME,14621653,2021-02-04 14:32:44.122000+00:00,13461.0,{'stop_loss_price': 13461.0}
INVALID_RISK_UNIT,risk_unit == 0 or non-finite,NQH21-CME,14630748,2021-02-04 14:35:53.550000+00:00,13427.75,{'stop_loss_price': 13427.75}
INVALID_RISK_UNIT,risk_unit == 0 or non-finite,NQH21-CME,14644806,2021-02-04 14:41:33.956000+00:00,13439.5,{'stop_loss_price': 13439.5}
INVALID_RISK_UNIT,risk_unit == 0 or non-finite,NQH21-CME,14644807,2021-02-04 14:41:33.963000+00:00,13439.5,{'stop_loss_price': 13439.5}
INVALID_RISK_UNIT,risk_unit == 0 or non-finite,NQH21-CME,14734934,2021-02-04 15:47:21.019000+00:00,13416.5,{'stop_loss_price': 13416.5}
INVALID_RISK_UNIT,risk_unit == 0 or non-finite,NQH21-CME,14745472,2021-02-04 16:00:01.845000+00:00,13434.0,{'stop_loss_price': 13434.0}
INVALID_RISK_UNIT,risk_unit == 0 or non-finite,NQH21-CME,14745473,2021-02-04 16:00:01.845001+00:00,13434.0,{'stop_loss_price': 13434.0}
INVALID_RISK_UNIT,risk_unit == 0 or non-finite,NQH21-CME,14757847,2021-02-04 16:15:41.003000+00:00,13438.0,{'stop_loss_price': 13438.0}
INVALID_RISK_UNIT,risk_unit == 0 or non-finite,NQH21-CME,14798772,2021-02-04 17:26:31.005000+00:00,13469.75,{'stop_loss_price': 13469.75}
INVALID_RISK_UNIT,risk_unit == 0 or non-finite,NQH21-CME,14798773,2021-02-04 17:26:31.006000+00:00,13469.75,{'stop_loss_price': 13469.75}
INVALID_RISK_UNIT,risk_unit == 0 or non-finite,NQH21-CME,14806654,2021-02-04 17:45:59.136000+00:00,13476.0,{'stop_loss_price': 13476.0}
INVALID_RISK_UNIT,risk_unit == 0 or non-finite,NQH21-CME,14806655,2021-02-04 17:45:59.935000+00:00,13476.0,{'stop_loss_price': 13476.0}
INVALID_RISK_UNIT,risk_unit == 0 or non-finite,NQH21-CME,14806657,2021-02-04 17:46:00.009000+00:00,13476.0,{'stop_loss_price': 13476.0}
INVALID_RISK_UNIT,risk_unit == 0 or non-finite,NQH21-CME,14873480,2021-02-04 20:46:51.742005+00:00,13512.0,{'stop_loss_price': 13512.0}
INVALID_RISK_UNIT,risk_unit == 0 or non-finite,NQH21-CME,14873481,2021-02-04 20:46:51.742006+00:00,13512.0,{'stop_loss_price': 13512.0}
INVALID_RISK_UNIT,risk_unit == 0 or non-finite,NQH21-CME,14873482,2021-02-04 20:46:51.742007+00:00,13512.0,{'stop_loss_price': 13512.0}
INVALID_RISK_UNIT,risk_unit == 0 or non-finite,NQH21-CME,14902388,2021-02-04 23:15:02.002000+00:00,13557.0,{'stop_loss_price': 13557.0}
INVALID_RISK_UNIT,risk_unit == 0 or non-finite,NQH21-CME,14915264,2021-02-05 02:31:19.250000+00:00,13583.75,{'stop_loss_price': 13583.75}
INVALID_RISK_UNIT,risk_unit == 0 or non-finite,NQH21-CME,14931955,2021-02-05 07:19:01.510000+00:00,13597.25,{'stop_loss_price': 13597.25}
INVALID_RISK_UNIT,risk_unit == 0 or non-finite,NQH21-CME,14964433,2021-02-05 13:32:07.447000+00:00,13592.75,{'stop_loss_price': 13592.75}
INVALID_RISK_UNIT,risk_unit == 0 or non-finite,NQH21-CME,14964434,2021-02-05 13:32:07.447001+00:00,13592.75,{'stop_loss_price': 13592.75}
INVALID_RISK_UNIT,risk_unit == 0 or non-finite,NQH21-CME,15017309,2021-02-05 14:49:56.559000+00:00,13567.5,{'stop_loss_price': 13567.5}
INVALID_RISK_UNIT,risk_unit == 0 or non-finite,NQH21-CME,15017310,2021-02-05 14:49:56.559001+00:00,13567.5,{'stop_loss_price': 13567.5}
INVALID_RISK_UNIT,risk_unit == 0 or non-finite,NQH21-CME,15017311,2021-02-05 14:49:56.559002+00:00,13567.5,{'stop_loss_price': 13567.5}
INVALID_RISK_UNIT,risk_unit == 0 or non-finite,NQH21-CME,15017312,2021-02-05 14:49:56.559003+00:00,13567.5,{'stop_loss_price': 13567.5}
INVALID_RISK_UNIT,risk_unit == 0 or non-finite,NQH21-CME,15017313,2021-02-05 14:49:56.641000+00:00,13567.5,{'stop_loss_price': 13567.5}
INVALID_RISK_UNIT,risk_unit == 0 or non-finite,NQH21-CME,15017314,2021-02-05 14:49:56.641001+00:00,13567.5,{'stop_loss_price': 13567.5}
INVALID_RISK_UNIT,risk_unit == 0 or non-finite,NQH21-CME,15040908,2021-02-05 15:05:22.293000+00:00,13547.25,{'stop_loss_price': 13547.25}
INVALID_RISK_UNIT,risk_unit == 0 or non-finite,NQH21-CME,15046999,2021-02-05 15:10:41.898000+00:00,13547.25,{'stop_loss_price': 13547.25}
INVALID_RISK_UNIT,risk_unit == 0 or non-finite,NQH21-CME,15070871,2021-02-05 15:27:36.287000+00:00,13546.25,{'stop_loss_price': 13546.25}
INVALID_RISK_UNIT,risk_unit == 0 or non-finite,NQH21-CME,15109877,2021-02-05 16:10:19.732000+00:00,13557.25,{'stop_loss_price': 13557.25}
INVALID_RISK_UNIT,risk_unit == 0 or non-finite,NQH21-CME,15109878,2021-02-05 16:10:19.732001+00:00,13557.25,{'stop_loss_price': 13557.25}
INVALID_RISK_UNIT,risk_unit == 0 or non-finite,NQH21-CME,15109879,2021-02-05 16:10:19.732002+00:00,13557.25,{'stop_loss_price': 13557.25}
INVALID_RISK_UNIT,risk_unit == 0 or non-finite,NQH21-CME,15109880,2021-02-05 16:10:19.903000+00:00,13557.25,{'stop_loss_price': 13557.25}
INVALID_RISK_UNIT,risk_unit == 0 or non-finite,NQH21-CME,15185283,2021-02-05 18:09:18.177000+00:00,13625.0,{'stop_loss_price': 13625.0}
INVALID_RISK_UNIT,risk_unit == 0 or non-finite,NQH21-CME,15249573,2021-02-05 20:15:57.586000+00:00,13592.75,{'stop_loss_price': 13592.75}
INVALID_RISK_UNIT,risk_unit == 0 or non-finite,NQH21-CME,15328246,2021-02-08 09:32:03.184000+00:00,13636.25,{'stop_loss_price': 13636.25}
INVALID_RISK_UNIT,risk_unit == 0 or non-finite,NQH21-CME,15347415,2021-02-08 13:25:04.295000+00:00,13658.75,{'stop_loss_price': 13658.75}
INVALID_RISK_UNIT,risk_unit == 0 or non-finite,NQH21-CME,15382303,2021-02-08 14:39:50.905000+00:00,13646.0,{'stop_loss_price': 13646.0}
INVALID_RISK_UNIT,risk_unit == 0 or non-finite,NQH21-CME,15397932,2021-02-08 14:49:00.044000+00:00,13658.5,{'stop_loss_price': 13658.5}
INVALID_RISK_UNIT,risk_unit == 0 or non-finite,NQH21-CME,15401833,2021-02-08 14:51:39.534000+00:00,13650.0,{'stop_loss_price': 13650.0}
INVALID_RISK_UNIT,risk_unit == 0 or non-finite,NQH21-CME,15421551,2021-02-08 15:06:58.782000+00:00,13677.5,{'stop_loss_price': 13677.5}
INVALID_RISK_UNIT,risk_unit == 0 or non-finite,NQH21-CME,15464862,2021-02-08 15:46:36.072000+00:00,13669.0,{'stop_loss_price': 13669.0}
INVALID_RISK_UNIT,risk_unit == 0 or non-finite,NQH21-CME,15478663,2021-02-08 16:04:18.550002+00:00,13664.5,{'stop_loss_price': 13664.5}
INVALID_RISK_UNIT,risk_unit == 0 or non-finite,NQH21-CME,15478664,2021-02-08 16:04:18.550003+00:00,13664.5,{'stop_loss_price': 13664.5}
INVALID_RISK_UNIT,risk_unit == 0 or non-finite,NQH21-CME,15478665,2021-02-08 16:04:18.550004+00:00,13664.5,{'stop_loss_price': 13664.5}
INVALID_RISK_UNIT,risk_unit == 0 or non-finite,NQH21-CME,15478666,2021-02-08 16:04:18.550005+00:00,13664.5,{'stop_loss_price': 13664.5}
INVALID_RISK_UNIT,risk_unit == 0 or non-finite,NQH21-CME,15482187,2021-02-08 16:10:24.109000+00:00,13666.75,{'stop_loss_price': 13666.75}
INVALID_RISK_UNIT,risk_unit == 0 or non-finite,NQH21-CME,15494228,2021-02-08 16:24:41.237000+00:00,13644.25,{'stop_loss_price': 13644.25}
INVALID_RISK_UNIT,risk_unit == 0 or non-finite,NQH21-CME,15548098,2021-02-08 17:40:17.504000+00:00,13644.25,{'stop_loss_price': 13644.25}
INVALID_RISK_UNIT,risk_unit == 0 or non-finite,NQH21-CME,15548099,2021-02-08 17:40:17.504001+00:00,13644.25,{'stop_loss_price': 13644.25}
INVALID_RISK_UNIT,risk_unit == 0 or non-finite,NQH21-CME,15548110,2021-02-08 17:40:24.798000+00:00,13644.25,{'stop_loss_price': 13644.25}
INVALID_RISK_UNIT,risk_unit == 0 or non-finite,NQH21-CME,15548111,2021-02-08 17:40:24.798001+00:00,13644.25,{'stop_loss_price': 13644.25}
INVALID_RISK_UNIT,risk_unit == 0 or non-finite,NQH21-CME,15548113,2021-02-08 17:40:24.997000+00:00,13644.25,{'stop_loss_price': 13644.25}
INVALID_RISK_UNIT,risk_unit == 0 or non-finite,NQH21-CME,15557974,2021-02-08 18:03:27.561000+00:00,13629.5,{'stop_loss_price': 13629.5}
INVALID_RISK_UNIT,risk_unit == 0 or non-finite,NQH21-CME,15557975,2021-02-08 18:03:27.561001+00:00,13629.5,{'stop_loss_price': 13629.5}
INVALID_RISK_UNIT,risk_unit == 0 or non-finite,NQH21-CME,15557976,2021-02-08 18:03:27.561002+00:00,13629.5,{'stop_loss_price': 13629.5}
INVALID_RISK_UNIT,risk_unit == 0 or non-finite,NQH21-CME,15569135,2021-02-08 18:27:52.372005+00:00,13643.75,{'stop_loss_price': 13643.75}
INVALID_RISK_UNIT,risk_unit == 0 or non-finite,NQH21-CME,15569136,2021-02-08 18:27:52.372006+00:00,13643.75,{'stop_loss_price': 13643.75}
INVALID_RISK_UNIT,risk_unit == 0 or non-finite,NQH21-CME,15569137,2021-02-08 18:27:52.372007+00:00,13643.75,{'stop_loss_price': 13643.75}
INVALID_RISK_UNIT,risk_unit == 0 or non-finite,NQH21-CME,15569138,2021-02-08 18:27:52.372008+00:00,13643.75,{'stop_loss_price': 13643.75}
INVALID_RISK_UNIT,risk_unit == 0 or non-finite,NQH21-CME,15569139,2021-02-08 18:27:52.372009+00:00,13643.75,{'stop_loss_price': 13643.75}
INVALID_RISK_UNIT,risk_unit == 0 or non-finite,NQH21-CME,15569154,2021-02-08 18:27:54.475000+00:00,13643.75,{'stop_loss_price': 13643.75}
INVALID_RISK_UNIT,risk_unit == 0 or non-finite,NQH21-CME,15580695,2021-02-08 18:55:34.919000+00:00,13621.5,{'stop_loss_price': 13621.5}
INVALID_RISK_UNIT,risk_unit == 0 or non-finite,NQH21-CME,15599409,2021-02-08 19:41:11.461000+00:00,13633.25,{'stop_loss_price': 13633.25}
INVALID_RISK_UNIT,risk_unit == 0 or non-finite,NQH21-CME,15599410,2021-02-08 19:41:11.523000+00:00,13633.25,{'stop_loss_price': 13633.25}
INVALID_RISK_UNIT,risk_unit == 0 or non-finite,NQH21-CME,15601885,2021-02-08 19:49:00.497000+00:00,13625.0,{'stop_loss_price': 13625.0}
INVALID_RISK_UNIT,risk_unit == 0 or non-finite,NQH21-CME,15601886,2021-02-08 19:49:00.497001+00:00,13625.0,{'stop_loss_price': 13625.0}
INVALID_RISK_UNIT,risk_unit == 0 or non-finite,NQH21-CME,15601887,2021-02-08 19:49:01.140000+00:00,13625.0,{'stop_loss_price': 13625.0}
INVALID_RISK_UNIT,risk_unit == 0 or non-finite,NQH21-CME,15615165,2021-02-08 20:27:34.624000+00:00,13641.25,{'stop_loss_price': 13641.25}
INVALID_RISK_UNIT,risk_unit == 0 or non-finite,NQH21-CME,15615166,2021-02-08 20:27:34.700000+00:00,13641.25,{'stop_loss_price': 13641.25}
INVALID_RISK_UNIT,risk_unit == 0 or non-finite,NQH21-CME,15615167,2021-02-08 20:27:34.781000+00:00,13641.25,{'stop_loss_price': 13641.25}
INVALID_RISK_UNIT,risk_unit == 0 or non-finite,NQH21-CME,15661691,2021-02-09 04:25:13.456001+00:00,13674.75,{'stop_loss_price': 13674.75}
INVALID_RISK_UNIT,risk_unit == 0 or non-finite,NQH21-CME,15712491,2021-02-09 14:35:00.340000+00:00,13675.25,{'stop_loss_price': 13675.25}
INVALID_RISK_UNIT,risk_unit == 0 or non-finite,NQH21-CME,15712492,2021-02-09 14:35:00.368000+00:00,13675.25,{'stop_loss_price': 13675.25}
INVALID_RISK_UNIT,risk_unit == 0 or non-finite,NQH21-CME,15712493,2021-02-09 14:35:00.368001+00:00,13675.25,{'stop_loss_price': 13675.25}
INVALID_RISK_UNIT,risk_unit == 0 or non-finite,NQH21-CME,15712494,2021-02-09 14:35:00.369000+00:00,13675.25,{'stop_loss_price': 13675.25}
INVALID_RISK_UNIT,risk_unit == 0 or non-finite,NQH21-CME,15712495,2021-02-09 14:35:00.369001+00:00,13675.25,{'stop_loss_price': 13675.25}
INVALID_RISK_UNIT,risk_unit == 0 or non-finite,NQH21-CME,15712496,2021-02-09 14:35:00.369002+00:00,13675.25,{'stop_loss_price': 13675.25}
INVALID_RISK_UNIT,risk_unit == 0 or non-finite,NQH21-CME,15712499,2021-02-09 14:35:00.380000+00:00,13675.25,{'stop_loss_price': 13675.25}
INVALID_RISK_UNIT,risk_unit == 0 or non-finite,NQH21-CME,15712500,2021-02-09 14:35:00.384000+00:00,13675.25,{'stop_loss_price': 13675.25}
INVALID_RISK_UNIT,risk_unit == 0 or non-finite,NQH21-CME,15738337,2021-02-09 14:49:39.771000+00:00,13676.5,{'stop_loss_price': 13676.5}
INVALID_RISK_UNIT,risk_unit == 0 or non-finite,NQH21-CME,15915354,2021-02-09 19:05:27.443000+00:00,13674.5,{'stop_loss_price': 13674.5}
INVALID_RISK_UNIT,risk_unit == 0 or non-finite,NQH21-CME,15915355,2021-02-09 19:05:27.443001+00:00,13674.5,{'stop_loss_price': 13674.5}
INVALID_RISK_UNIT,risk_unit == 0 or non-finite,NQH21-CME,15915356,2021-02-09 19:05:27.443002+00:00,13674.5,{'stop_loss_price': 13674.5}
INVALID_RISK_UNIT,risk_unit == 0 or non-finite,NQH21-CME,15996938,2021-02-10 03:08:26.032004+00:00,13739.75,{'stop_loss_price': 13739.75}
INVALID_RISK_UNIT,risk_unit == 0 or non-finite,NQH21-CME,15996939,2021-02-10 03:08:26.032005+00:00,13739.75,{'stop_loss_price': 13739.75}
INVALID_RISK_UNIT,risk_unit == 0 or non-finite,NQH21-CME,15996940,2021-02-10 03:08:26.032006+00:00,13739.75,{'stop_loss_price': 13739.75}
INVALID_RISK_UNIT,risk_unit == 0 or non-finite,NQH21-CME,16041953,2021-02-10 13:34:46.975004+00:00,13749.25,{'stop_loss_price': 13749.25}
INVALID_RISK_UNIT,risk_unit == 0 or non-finite,NQH21-CME,16041954,2021-02-10 13:34:46.975005+00:00,13749.25,{'stop_loss_price': 13749.25}
INVALID_RISK_UNIT,risk_unit == 0 or non-finite,NQH21-CME,16041955,2021-02-10 13:34:46.975006+00:00,13749.25,{'stop_loss_price': 13749.25}
INVALID_RISK_UNIT,risk_unit == 0 or non-finite,NQH21-CME,16041956,2021-02-10 13:34:46.975007+00:00,13749.25,{'stop_loss_price': 13749.25}
INVALID_RISK_UNIT,risk_unit == 0 or non-finite,NQH21-CME,16041957,2021-02-10 13:34:46.975008+00:00,13749.25,{'stop_loss_price': 13749.25}
INVALID_RISK_UNIT,risk_unit == 0 or non-finite,NQH21-CME,16041958,2021-02-10 13:34:46.975009+00:00,13749.25,{'stop_loss_price': 13749.25}
INVALID_RISK_UNIT,risk_unit == 0 or non-finite,NQH21-CME,16041959,2021-02-10 13:34:46.979000+00:00,13749.25,{'stop_loss_price': 13749.25}
INVALID_RISK_UNIT,risk_unit == 0 or non-finite,NQH21-CME,16054696,2021-02-10 14:30:15.950000+00:00,13743.0,{'stop_loss_price': 13743.0}
INVALID_RISK_UNIT,risk_unit == 0 or non-finite,NQH21-CME,16054697,2021-02-10 14:30:15.950001+00:00,13743.0,{'stop_loss_price': 13743.0}
INVALID_RISK_UNIT,risk_unit == 0 or non-finite,NQH21-CME,16054698,2021-02-10 14:30:15.950002+00:00,13743.0,{'stop_loss_price': 13743.0}
INVALID_RISK_UNIT,risk_unit == 0 or non-finite,NQH21-CME,16054699,2021-02-10 14:30:15.950003+00:00,13743.0,{'stop_loss_price': 13743.0}
INVALID_RISK_UNIT,risk_unit == 0 or non-finite,NQH21-CME,16127761,2021-02-10 15:14:52.197000+00:00,13707.0,{'stop_loss_price': 13707.0}
INVALID_RISK_UNIT,risk_unit == 0 or non-finite,NQH21-CME,16158868,2021-02-10 15:24:21.404000+00:00,13569.5,{'stop_loss_price': 13569.5}
INVALID_RISK_UNIT,risk_unit == 0 or non-finite,NQH21-CME,16158869,2021-02-10 15:24:21.404001+00:00,13569.5,{'stop_loss_price': 13569.5}
INVALID_RISK_UNIT,risk_unit == 0 or non-finite,NQH21-CME,16158870,2021-02-10 15:24:21.404002+00:00,13569.5,{'stop_loss_price': 13569.5}
INVALID_RISK_UNIT,risk_unit == 0 or non-finite,NQH21-CME,16275133,2021-02-10 16:17:34.737000+00:00,13624.5,{'stop_loss_price': 13624.5}
INVALID_RISK_UNIT,risk_unit == 0 or non-finite,NQH21-CME,16369933,2021-02-10 18:20:18.835000+00:00,13635.0,{'stop_loss_price': 13635.0}
INVALID_RISK_UNIT,risk_unit == 0 or non-finite,NQH21-CME,16369934,2021-02-10 18:20:18.835001+00:00,13635.0,{'stop_loss_price': 13635.0}
INVALID_RISK_UNIT,risk_unit == 0 or non-finite,NQH21-CME,16418389,2021-02-10 19:52:14.422000+00:00,13685.0,{'stop_loss_price': 13685.0}
INVALID_RISK_UNIT,risk_unit == 0 or non-finite,NQH21-CME,16464896,2021-02-10 20:56:14.162000+00:00,13635.5,{'stop_loss_price': 13635.5}
INVALID_RISK_UNIT,risk_unit == 0 or non-finite,NQH21-CME,16464897,2021-02-10 20:56:14.162001+00:00,13635.5,{'stop_loss_price': 13635.5}
INVALID_RISK_UNIT,risk_unit == 0 or non-finite,NQH21-CME,16464898,2021-02-10 20:56:14.162002+00:00,13635.5,{'stop_loss_price': 13635.5}
INVALID_RISK_UNIT,risk_unit == 0 or non-finite,NQH21-CME,16464899,2021-02-10 20:56:14.162003+00:00,13635.5,{'stop_loss_price': 13635.5}
INVALID_RISK_UNIT,risk_unit == 0 or non-finite,NQH21-CME,16464900,2021-02-10 20:56:14.164000+00:00,13635.5,{'stop_loss_price': 13635.5}
INVALID_RISK_UNIT,risk_unit == 0 or non-finite,NQH21-CME,16464901,2021-02-10 20:56:14.165000+00:00,13635.5,{'stop_loss_price': 13635.5}
INVALID_RISK_UNIT,risk_unit == 0 or non-finite,NQH21-CME,16474676,2021-02-10 21:10:24.373000+00:00,13661.75,{'stop_loss_price': 13661.75}
INVALID_RISK_UNIT,risk_unit == 0 or non-finite,NQH21-CME,16485738,2021-02-11 01:08:05.994000+00:00,13622.0,{'stop_loss_price': 13622.0}
INVALID_RISK_UNIT,risk_unit == 0 or non-finite,NQH21-CME,16499970,2021-02-11 08:04:02.942000+00:00,13664.0,{'stop_loss_price': 13664.0}
INVALID_RISK_UNIT,risk_unit == 0 or non-finite,NQH21-CME,16530314,2021-02-11 14:28:01.226000+00:00,13719.0,{'stop_loss_price': 13719.0}
INVALID_RISK_UNIT,risk_unit == 0 or non-finite,NQH21-CME,16530315,2021-02-11 14:28:01.226001+00:00,13719.0,{'stop_loss_price': 13719.0}
INVALID_RISK_UNIT,risk_unit == 0 or non-finite,NQH21-CME,16530316,2021-02-11 14:28:01.226002+00:00,13719.0,{'stop_loss_price': 13719.0}
INVALID_RISK_UNIT,risk_unit == 0 or non-finite,NQH21-CME,16537071,2021-02-11 14:32:07.972000+00:00,13730.5,{'stop_loss_price': 13730.5}
INVALID_RISK_UNIT,risk_unit == 0 or non-finite,NQH21-CME,16538473,2021-02-11 14:32:44.596000+00:00,13727.75,{'stop_loss_price': 13727.75}
INVALID_RISK_UNIT,risk_unit == 0 or non-finite,NQH21-CME,16538474,2021-02-11 14:32:44.596001+00:00,13727.75,{'stop_loss_price': 13727.75}
INVALID_RISK_UNIT,risk_unit == 0 or non-finite,NQH21-CME,16538478,2021-02-11 14:32:45.016000+00:00,13727.75,{'stop_loss_price': 13727.75}
INVALID_RISK_UNIT,risk_unit == 0 or non-finite,NQH21-CME,16541371,2021-02-11 14:33:58.683000+00:00,13725.25,{'stop_loss_price': 13725.25}
INVALID_RISK_UNIT,risk_unit == 0 or non-finite,NQH21-CME,16595378,2021-02-11 15:04:47.340000+00:00,13700.5,{'stop_loss_price': 13700.5}
INVALID_RISK_UNIT,risk_unit == 0 or non-finite,NQH21-CME,16644342,2021-02-11 15:48:13.838000+00:00,13731.75,{'stop_loss_price': 13731.75}
INVALID_RISK_UNIT,risk_unit == 0 or non-finite,NQH21-CME,16644343,2021-02-11 15:48:13.838001+00:00,13731.75,{'stop_loss_price': 13731.75}
INVALID_RISK_UNIT,risk_unit == 0 or non-finite,NQH21-CME,16644344,2021-02-11 15:48:13.838002+00:00,13731.75,{'stop_loss_price': 13731.75}
INVALID_RISK_UNIT,risk_unit == 0 or non-finite,NQH21-CME,16654894,2021-02-11 15:57:05.400000+00:00,13728.5,{'stop_loss_price': 13728.5}
INVALID_RISK_UNIT,risk_unit == 0 or non-finite,NQH21-CME,16654895,2021-02-11 15:57:05.400001+00:00,13728.5,{'stop_loss_price': 13728.5}
INVALID_RISK_UNIT,risk_unit == 0 or non-finite,NQH21-CME,16654896,2021-02-11 15:57:05.402000+00:00,13728.5,{'stop_loss_price': 13728.5}
INVALID_RISK_UNIT,risk_unit == 0 or non-finite,NQH21-CME,16654898,2021-02-11 15:57:05.681000+00:00,13728.5,{'stop_loss_price': 13728.5}
INVALID_RISK_UNIT,risk_unit == 0 or non-finite,NQH21-CME,16668406,2021-02-11 16:06:46.545000+00:00,13714.0,{'stop_loss_price': 13714.0}
INVALID_RISK_UNIT,risk_unit == 0 or non-finite,NQH21-CME,16668407,2021-02-11 16:06:46.545001+00:00,13714.0,{'stop_loss_price': 13714.0}
INVALID_RISK_UNIT,risk_unit == 0 or non-finite,NQH21-CME,16668408,2021-02-11 16:06:46.545002+00:00,13714.0,{'stop_loss_price': 13714.0}
INVALID_RISK_UNIT,risk_unit == 0 or non-finite,NQH21-CME,16668409,2021-02-11 16:06:46.554000+00:00,13714.0,{'stop_loss_price': 13714.0}
INVALID_RISK_UNIT,risk_unit == 0 or non-finite,NQH21-CME,16672948,2021-02-11 16:11:32.388000+00:00,13711.0,{'stop_loss_price': 13711.0}
INVALID_RISK_UNIT,risk_unit == 0 or non-finite,NQH21-CME,16679816,2021-02-11 16:19:18.785000+00:00,13713.25,{'stop_loss_price': 13713.25}
INVALID_RISK_UNIT,risk_unit == 0 or non-finite,NQH21-CME,16683657,2021-02-11 16:24:58.984000+00:00,13727.5,{'stop_loss_price': 13727.5}
INVALID_RISK_UNIT,risk_unit == 0 or non-finite,NQH21-CME,16686893,2021-02-11 16:30:20.267000+00:00,13725.0,{'stop_loss_price': 13725.0}
INVALID_RISK_UNIT,risk_unit == 0 or non-finite,NQH21-CME,16686894,2021-02-11 16:30:20.388000+00:00,13725.0,{'stop_loss_price': 13725.0}
INVALID_RISK_UNIT,risk_unit == 0 or non-finite,NQH21-CME,16686895,2021-02-11 16:30:20.388001+00:00,13725.0,{'stop_loss_price': 13725.0}
INVALID_RISK_UNIT,risk_unit == 0 or non-finite,NQH21-CME,16686898,2021-02-11 16:30:20.604000+00:00,13725.0,{'stop_loss_price': 13725.0}
INVALID_RISK_UNIT,risk_unit == 0 or non-finite,NQH21-CME,16686899,2021-02-11 16:30:20.728000+00:00,13725.0,{'stop_loss_price': 13725.0}
INVALID_RISK_UNIT,risk_unit == 0 or non-finite,NQH21-CME,16718082,2021-02-11 17:16:29.358000+00:00,13708.25,{'stop_loss_price': 13708.25}
INVALID_RISK_UNIT,risk_unit == 0 or non-finite,NQH21-CME,16718083,2021-02-11 17:16:29.358001+00:00,13708.25,{'stop_loss_price': 13708.25}
INVALID_RISK_UNIT,risk_unit == 0 or non-finite,NQH21-CME,16718084,2021-02-11 17:16:29.361000+00:00,13708.25,{'stop_loss_price': 13708.25}
INVALID_RISK_UNIT,risk_unit == 0 or non-finite,NQH21-CME,16718085,2021-02-11 17:16:29.361001+00:00,13708.25,{'stop_loss_price': 13708.25}
INVALID_RISK_UNIT,risk_unit == 0 or non-finite,NQH21-CME,16724461,2021-02-11 17:20:10.260000+00:00,13682.75,{'stop_loss_price': 13682.75}
INVALID_RISK_UNIT,risk_unit == 0 or non-finite,NQH21-CME,16744512,2021-02-11 17:30:22.636000+00:00,13656.5,{'stop_loss_price': 13656.5}
INVALID_RISK_UNIT,risk_unit == 0 or non-finite,NQH21-CME,16744513,2021-02-11 17:30:22.636001+00:00,13656.5,{'stop_loss_price': 13656.5}
INVALID_RISK_UNIT,risk_unit == 0 or non-finite,NQH21-CME,16744514,2021-02-11 17:30:22.636002+00:00,13656.5,{'stop_loss_price': 13656.5}
INVALID_RISK_UNIT,risk_unit == 0 or non-finite,NQH21-CME,16746425,2021-02-11 17:31:01.510000+00:00,13663.0,{'stop_loss_price': 13663.0}
INVALID_RISK_UNIT,risk_unit == 0 or non-finite,NQH21-CME,16809390,2021-02-11 18:33:05.614006+00:00,13705.75,{'stop_loss_price': 13705.75}
INVALID_RISK_UNIT,risk_unit == 0 or non-finite,NQH21-CME,16809391,2021-02-11 18:33:05.614007+00:00,13705.75,{'stop_loss_price': 13705.75}
INVALID_RISK_UNIT,risk_unit == 0 or non-finite,NQH21-CME,16809392,2021-02-11 18:33:05.614008+00:00,13705.75,{'stop_loss_price': 13705.75}
INVALID_RISK_UNIT,risk_unit == 0 or non-finite,NQH21-CME,16809393,2021-02-11 18:33:05.614009+00:00,13705.75,{'stop_loss_price': 13705.75}
INVALID_RISK_UNIT,risk_unit == 0 or non-finite,NQH21-CME,16809394,2021-02-11 18:33:05.615000+00:00,13705.75,{'stop_loss_price': 13705.75}
INVALID_RISK_UNIT,risk_unit == 0 or non-finite,NQH21-CME,16809395,2021-02-11 18:33:05.615001+00:00,13705.75,{'stop_loss_price': 13705.75}
INVALID_RISK_UNIT,risk_unit == 0 or non-finite,NQH21-CME,16809396,2021-02-11 18:33:05.615002+00:00,13705.75,{'stop_loss_price': 13705.75}
INVALID_RISK_UNIT,risk_unit == 0 or non-finite,NQH21-CME,16904195,2021-02-11 20:50:03.144000+00:00,13708.75,{'stop_loss_price': 13708.75}
INVALID_RISK_UNIT,risk_unit == 0 or non-finite,NQH21-CME,16922543,2021-02-11 21:08:35.139000+00:00,13710.25,{'stop_loss_price': 13710.25}
INVALID_RISK_UNIT,risk_unit == 0 or non-finite,NQH21-CME,16959632,2021-02-12 11:11:31.403000+00:00,13702.25,{'stop_loss_price': 13702.25}
INVALID_RISK_UNIT,risk_unit == 0 or non-finite,NQH21-CME,16982681,2021-02-12 14:30:53.482000+00:00,13686.25,{'stop_loss_price': 13686.25}
INVALID_RISK_UNIT,risk_unit == 0 or non-finite,NQH21-CME,17046470,2021-02-12 15:06:57.443000+00:00,13701.0,{'stop_loss_price': 13701.0}
INVALID_RISK_UNIT,risk_unit == 0 or non-finite,NQH21-CME,17048888,2021-02-12 15:08:57.346000+00:00,13693.5,{'stop_loss_price': 13693.5}
INVALID_RISK_UNIT,risk_unit == 0 or non-finite,NQH21-CME,17055594,2021-02-12 15:15:40.372000+00:00,13705.75,{'stop_loss_price': 13705.75}
INVALID_RISK_UNIT,risk_unit == 0 or non-finite,NQH21-CME,17055595,2021-02-12 15:15:40.372001+00:00,13705.75,{'stop_loss_price': 13705.75}
INVALID_RISK_UNIT,risk_unit == 0 or non-finite,NQH21-CME,17055596,2021-02-12 15:15:40.372002+00:00,13705.75,{'stop_loss_price': 13705.75}
INVALID_RISK_UNIT,risk_unit == 0 or non-finite,NQH21-CME,17055597,2021-02-12 15:15:40.372003+00:00,13705.75,{'stop_loss_price': 13705.75}
INVALID_RISK_UNIT,risk_unit == 0 or non-finite,NQH21-CME,17055598,2021-02-12 15:15:40.421000+00:00,13705.75,{'stop_loss_price': 13705.75}
INVALID_RISK_UNIT,risk_unit == 0 or non-finite,NQH21-CME,17055599,2021-02-12 15:15:40.421001+00:00,13705.75,{'stop_loss_price': 13705.75}
INVALID_RISK_UNIT,risk_unit == 0 or non-finite,NQH21-CME,17055609,2021-02-12 15:15:40.918000+00:00,13705.75,{'stop_loss_price': 13705.75}
INVALID_RISK_UNIT,risk_unit == 0 or non-finite,NQH21-CME,17055610,2021-02-12 15:15:40.918001+00:00,13705.75,{'stop_loss_price': 13705.75}
INVALID_RISK_UNIT,risk_unit == 0 or non-finite,NQH21-CME,17078123,2021-02-12 15:34:05.032000+00:00,13672.5,{'stop_loss_price': 13672.5}
INVALID_RISK_UNIT,risk_unit == 0 or non-finite,NQH21-CME,17088345,2021-02-12 15:40:26.691005+00:00,13709.5,{'stop_loss_price': 13709.5}
INVALID_RISK_UNIT,risk_unit == 0 or non-finite,NQH21-CME,17088346,2021-02-12 15:40:26.691006+00:00,13709.5,{'stop_loss_price': 13709.5}
INVALID_RISK_UNIT,risk_unit == 0 or non-finite,NQH21-CME,17088347,2021-02-12 15:40:26.691007+00:00,13709.5,{'stop_loss_price': 13709.5}
INVALID_RISK_UNIT,risk_unit == 0 or non-finite,NQH21-CME,17088348,2021-02-12 15:40:26.691008+00:00,13709.5,{'stop_loss_price': 13709.5}
INVALID_RISK_UNIT,risk_unit == 0 or non-finite,NQH21-CME,17088349,2021-02-12 15:40:26.691009+00:00,13709.5,{'stop_loss_price': 13709.5}
INVALID_RISK_UNIT,risk_unit == 0 or non-finite,NQH21-CME,17088350,2021-02-12 15:40:26.691010+00:00,13709.5,{'stop_loss_price': 13709.5}
INVALID_RISK_UNIT,risk_unit == 0 or non-finite,NQH21-CME,17088351,2021-02-12 15:40:26.691011+00:00,13709.5,{'stop_loss_price': 13709.5}
INVALID_RISK_UNIT,risk_unit == 0 or non-finite,NQH21-CME,17088352,2021-02-12 15:40:26.691012+00:00,13709.5,{'stop_loss_price': 13709.5}
INVALID_RISK_UNIT,risk_unit == 0 or non-finite,NQH21-CME,17088353,2021-02-12 15:40:26.691013+00:00,13709.5,{'stop_loss_price': 13709.5}
INVALID_RISK_UNIT,risk_unit == 0 or non-finite,NQH21-CME,17092694,2021-02-12 15:45:09.313000+00:00,13717.25,{'stop_loss_price': 13717.25}
INVALID_RISK_UNIT,risk_unit == 0 or non-finite,NQH21-CME,17128625,2021-02-12 16:30:29.609000+00:00,13745.75,{'stop_loss_price': 13745.75}
INVALID_RISK_UNIT,risk_unit == 0 or non-finite,NQH21-CME,17128626,2021-02-12 16:30:29.609001+00:00,13745.75,{'stop_loss_price': 13745.75}
INVALID_RISK_UNIT,risk_unit == 0 or non-finite,NQH21-CME,17128627,2021-02-12 16:30:29.609002+00:00,13745.75,{'stop_loss_price': 13745.75}
INVALID_RISK_UNIT,risk_unit == 0 or non-finite,NQH21-CME,17128628,2021-02-12 16:30:29.613000+00:00,13745.75,{'stop_loss_price': 13745.75}
INVALID_RISK_UNIT,risk_unit == 0 or non-finite,NQH21-CME,17128629,2021-02-12 16:30:29.613001+00:00,13745.75,{'stop_loss_price': 13745.75}
INVALID_RISK_UNIT,risk_unit == 0 or non-finite,NQH21-CME,17144425,2021-02-12 17:00:06.733000+00:00,13739.25,{'stop_loss_price': 13739.25}
INVALID_RISK_UNIT,risk_unit == 0 or non-finite,NQH21-CME,17144426,2021-02-12 17:00:06.733001+00:00,13739.25,{'stop_loss_price': 13739.25}
INVALID_RISK_UNIT,risk_unit == 0 or non-finite,NQH21-CME,17144427,2021-02-12 17:00:06.733002+00:00,13739.25,{'stop_loss_price': 13739.25}
INVALID_RISK_UNIT,risk_unit == 0 or non-finite,NQH21-CME,17144428,2021-02-12 17:00:06.733003+00:00,13739.25,{'stop_loss_price': 13739.25}
INVALID_RISK_UNIT,risk_unit == 0 or non-finite,NQH21-CME,17144429,2021-02-12 17:00:06.733004+00:00,13739.25,{'stop_loss_price': 13739.25}
INVALID_RISK_UNIT,risk_unit == 0 or non-finite,NQH21-CME,17144430,2021-02-12 17:00:06.735000+00:00,13739.25,{'stop_loss_price': 13739.25}
INVALID_RISK_UNIT,risk_unit == 0 or non-finite,NQH21-CME,17144431,2021-02-12 17:00:06.735001+00:00,13739.25,{'stop_loss_price': 13739.25}
INVALID_RISK_UNIT,risk_unit == 0 or non-finite,NQH21-CME,17144432,2021-02-12 17:00:06.735002+00:00,13739.25,{'stop_loss_price': 13739.25}
INVALID_RISK_UNIT,risk_unit == 0 or non-finite,NQH21-CME,17151999,2021-02-12 17:18:49.035003+00:00,13743.25,{'stop_loss_price': 13743.25}
INVALID_RISK_UNIT,risk_unit == 0 or non-finite,NQH21-CME,17152000,2021-02-12 17:18:49.035004+00:00,13743.25,{'stop_loss_price': 13743.25}
INVALID_RISK_UNIT,risk_unit == 0 or non-finite,NQH21-CME,17152001,2021-02-12 17:18:49.035005+00:00,13743.25,{'stop_loss_price': 13743.25}
INVALID_RISK_UNIT,risk_unit == 0 or non-finite,NQH21-CME,17192046,2021-02-12 18:50:05.115000+00:00,13730.0,{'stop_loss_price': 13730.0}
INVALID_RISK_UNIT,risk_unit == 0 or non-finite,NQH21-CME,17192047,2021-02-12 18:50:05.115001+00:00,13730.0,{'stop_loss_price': 13730.0}
INVALID_RISK_UNIT,risk_unit == 0 or non-finite,NQH21-CME,17192048,2021-02-12 18:50:05.115002+00:00,13730.0,{'stop_loss_price': 13730.0}
INVALID_RISK_UNIT,risk_unit == 0 or non-finite,NQH21-CME,17192049,2021-02-12 18:50:05.115003+00:00,13730.0,{'stop_loss_price': 13730.0}
INVALID_RISK_UNIT,risk_unit == 0 or non-finite,NQH21-CME,17192050,2021-02-12 18:50:05.115004+00:00,13730.0,{'stop_loss_price': 13730.0}
INVALID_RISK_UNIT,risk_unit == 0 or non-finite,NQH21-CME,17199005,2021-02-12 19:04:06.915000+00:00,13710.5,{'stop_loss_price': 13710.5}
INVALID_RISK_UNIT,risk_unit == 0 or non-finite,NQH21-CME,17214757,2021-02-12 19:39:52.834000+00:00,13723.5,{'stop_loss_price': 13723.5}
INVALID_RISK_UNIT,risk_unit == 0 or non-finite,NQH21-CME,17243353,2021-02-12 20:40:49.496000+00:00,13773.5,{'stop_loss_price': 13773.5}
INVALID_RISK_UNIT,risk_unit == 0 or non-finite,NQH21-CME,17243354,2021-02-12 20:40:49.496001+00:00,13773.5,{'stop_loss_price': 13773.5}
INVALID_RISK_UNIT,risk_unit == 0 or non-finite,NQH21-CME,17243355,2021-02-12 20:40:49.496002+00:00,13773.5,{'stop_loss_price': 13773.5}
INVALID_RISK_UNIT,risk_unit == 0 or non-finite,NQH21-CME,17288494,2021-02-15 02:05:08.690000+00:00,13854.25,{'stop_loss_price': 13854.25}
INVALID_RISK_UNIT,risk_unit == 0 or non-finite,NQH21-CME,17342373,2021-02-16 01:45:01.441000+00:00,13899.5,{'stop_loss_price': 13899.5}
INVALID_RISK_UNIT,risk_unit == 0 or non-finite,NQH21-CME,17406588,2021-02-16 14:30:43.168000+00:00,13827.75,{'stop_loss_price': 13827.75}
INVALID_RISK_UNIT,risk_unit == 0 or non-finite,NQH21-CME,17412728,2021-02-16 14:32:35.131000+00:00,13845.5,{'stop_loss_price': 13845.5}
INVALID_RISK_UNIT,risk_unit == 0 or non-finite,NQH21-CME,17412729,2021-02-16 14:32:35.131001+00:00,13845.5,{'stop_loss_price': 13845.5}
INVALID_RISK_UNIT,risk_unit == 0 or non-finite,NQH21-CME,17412730,2021-02-16 14:32:35.131002+00:00,13845.5,{'stop_loss_price': 13845.5}
INVALID_RISK_UNIT,risk_unit == 0 or non-finite,NQH21-CME,17416430,2021-02-16 14:33:30.024000+00:00,13842.5,{'stop_loss_price': 13842.5}
INVALID_RISK_UNIT,risk_unit == 0 or non-finite,NQH21-CME,17467925,2021-02-16 14:57:32.436000+00:00,13852.25,{'stop_loss_price': 13852.25}
INVALID_RISK_UNIT,risk_unit == 0 or non-finite,NQH21-CME,17471395,2021-02-16 14:59:38.965000+00:00,13858.5,{'stop_loss_price': 13858.5}
INVALID_RISK_UNIT,risk_unit == 0 or non-finite,NQH21-CME,17505876,2021-02-16 15:22:26.912000+00:00,13849.5,{'stop_loss_price': 13849.5}
INVALID_RISK_UNIT,risk_unit == 0 or non-finite,NQH21-CME,17505877,2021-02-16 15:22:26.912001+00:00,13849.5,{'stop_loss_price': 13849.5}
INVALID_RISK_UNIT,risk_unit == 0 or non-finite,NQH21-CME,17505879,2021-02-16 15:22:27.215000+00:00,13849.5,{'stop_loss_price': 13849.5}
INVALID_RISK_UNIT,risk_unit == 0 or non-finite,NQH21-CME,17556279,2021-02-16 16:01:56.664000+00:00,13835.25,{'stop_loss_price': 13835.25}
INVALID_RISK_UNIT,risk_unit == 0 or non-finite,NQH21-CME,17622036,2021-02-16 16:51:38.415000+00:00,13750.0,{'stop_loss_price': 13750.0}
INVALID_RISK_UNIT,risk_unit == 0 or non-finite,NQH21-CME,17622037,2021-02-16 16:51:38.415001+00:00,13750.0,{'stop_loss_price': 13750.0}
INVALID_RISK_UNIT,risk_unit == 0 or non-finite,NQH21-CME,17622040,2021-02-16 16:51:38.504002+00:00,13750.0,{'stop_loss_price': 13750.0}
INVALID_RISK_UNIT,risk_unit == 0 or non-finite,NQH21-CME,17622041,2021-02-16 16:51:38.504003+00:00,13750.0,{'stop_loss_price': 13750.0}
INVALID_RISK_UNIT,risk_unit == 0 or non-finite,NQH21-CME,17648014,2021-02-16 17:07:51.017000+00:00,13737.0,{'stop_loss_price': 13737.0}
INVALID_RISK_UNIT,risk_unit == 0 or non-finite,NQH21-CME,17648015,2021-02-16 17:07:51.017001+00:00,13737.0,{'stop_loss_price': 13737.0}
INVALID_RISK_UNIT,risk_unit == 0 or non-finite,NQH21-CME,17648019,2021-02-16 17:07:51.031000+00:00,13737.0,{'stop_loss_price': 13737.0}
INVALID_RISK_UNIT,risk_unit == 0 or non-finite,NQH21-CME,17653212,2021-02-16 17:10:07.089000+00:00,13720.0,{'stop_loss_price': 13720.0}
INVALID_RISK_UNIT,risk_unit == 0 or non-finite,NQH21-CME,17661027,2021-02-16 17:14:59.991000+00:00,13755.0,{'stop_loss_price': 13755.0}
INVALID_RISK_UNIT,risk_unit == 0 or non-finite,NQH21-CME,17661028,2021-02-16 17:14:59.991001+00:00,13755.0,{'stop_loss_price': 13755.0}
INVALID_RISK_UNIT,risk_unit == 0 or non-finite,NQH21-CME,17661037,2021-02-16 17:15:00.385000+00:00,13755.0,{'stop_loss_price': 13755.0}
INVALID_RISK_UNIT,risk_unit == 0 or non-finite,NQH21-CME,17682274,2021-02-16 17:41:01.244000+00:00,13768.25,{'stop_loss_price': 13768.25}
INVALID_RISK_UNIT,risk_unit == 0 or non-finite,NQH21-CME,17682275,2021-02-16 17:41:01.245000+00:00,13768.25,{'stop_loss_price': 13768.25}
INVALID_RISK_UNIT,risk_unit == 0 or non-finite,NQH21-CME,17682276,2021-02-16 17:41:01.325000+00:00,13768.25,{'stop_loss_price': 13768.25}
INVALID_RISK_UNIT,risk_unit == 0 or non-finite,NQH21-CME,17756581,2021-02-16 19:59:40.971000+00:00,13776.0,{'stop_loss_price': 13776.0}
INVALID_RISK_UNIT,risk_unit == 0 or non-finite,NQH21-CME,17797458,2021-02-16 20:51:24.457000+00:00,13749.25,{'stop_loss_price': 13749.25}
INVALID_RISK_UNIT,risk_unit == 0 or non-finite,NQH21-CME,17797459,2021-02-16 20:51:24.457001+00:00,13749.25,{'stop_loss_price': 13749.25}
INVALID_RISK_UNIT,risk_unit == 0 or non-finite,NQH21-CME,17799509,2021-02-16 20:52:55.209000+00:00,13750.0,{'stop_loss_price': 13750.0}
INVALID_RISK_UNIT,risk_unit == 0 or non-finite,NQH21-CME,17799510,2021-02-16 20:52:55.370000+00:00,13750.0,{'stop_loss_price': 13750.0}
INVALID_RISK_UNIT,risk_unit == 0 or non-finite,NQH21-CME,17799511,2021-02-16 20:52:55.370001+00:00,13750.0,{'stop_loss_price': 13750.0}
INVALID_RISK_UNIT,risk_unit == 0 or non-finite,NQH21-CME,17799512,2021-02-16 20:52:55.423000+00:00,13750.0,{'stop_loss_price': 13750.0}
INVALID_RISK_UNIT,risk_unit == 0 or non-finite,NQH21-CME,17818278,2021-02-16 21:10:41.005000+00:00,13756.75,{'stop_loss_price': 13756.75}
INVALID_RISK_UNIT,risk_unit == 0 or non-finite,NQH21-CME,17834941,2021-02-17 01:06:00.431000+00:00,13702.0,{'stop_loss_price': 13702.0}
INVALID_RISK_UNIT,risk_unit == 0 or non-finite,NQH21-CME,17835422,2021-02-17 01:10:35.318000+00:00,13703.0,{'stop_loss_price': 13703.0}
INVALID_RISK_UNIT,risk_unit == 0 or non-finite,NQH21-CME,17865099,2021-02-17 08:18:37.416000+00:00,13738.0,{'stop_loss_price': 13738.0}
INVALID_RISK_UNIT,risk_unit == 0 or non-finite,NQH21-CME,17865100,2021-02-17 08:18:37.416001+00:00,13738.0,{'stop_loss_price': 13738.0}
INVALID_RISK_UNIT,risk_unit == 0 or non-finite,NQH21-CME,17889520,2021-02-17 12:37:57.270002+00:00,13752.25,{'stop_loss_price': 13752.25}
INVALID_RISK_UNIT,risk_unit == 0 or non-finite,NQH21-CME,17925309,2021-02-17 14:13:32.200000+00:00,13640.0,{'stop_loss_price': 13640.0}
INVALID_RISK_UNIT,risk_unit == 0 or non-finite,NQH21-CME,17988554,2021-02-17 14:50:48.010000+00:00,13678.5,{'stop_loss_price': 13678.5}
INVALID_RISK_UNIT,risk_unit == 0 or non-finite,NQH21-CME,17988555,2021-02-17 14:50:48.010001+00:00,13678.5,{'stop_loss_price': 13678.5}
INVALID_RISK_UNIT,risk_unit == 0 or non-finite,NQH21-CME,18023281,2021-02-17 15:09:29.249000+00:00,13660.75,{'stop_loss_price': 13660.75}
INVALID_RISK_UNIT,risk_unit == 0 or non-finite,NQH21-CME,18023282,2021-02-17 15:09:29.249001+00:00,13660.75,{'stop_loss_price': 13660.75}
INVALID_RISK_UNIT,risk_unit == 0 or non-finite,NQH21-CME,18023285,2021-02-17 15:09:29.363000+00:00,13660.75,{'stop_loss_price': 13660.75}
INVALID_RISK_UNIT,risk_unit == 0 or non-finite,NQH21-CME,18033074,2021-02-17 15:14:18.627001+00:00,13633.75,{'stop_loss_price': 13633.75}
INVALID_RISK_UNIT,risk_unit == 0 or non-finite,NQH21-CME,18033075,2021-02-17 15:14:18.627002+00:00,13633.75,{'stop_loss_price': 13633.75}
INVALID_RISK_UNIT,risk_unit == 0 or non-finite,NQH21-CME,18033076,2021-02-17 15:14:18.627003+00:00,13633.75,{'stop_loss_price': 13633.75}
INVALID_RISK_UNIT,risk_unit == 0 or non-finite,NQH21-CME,18033077,2021-02-17 15:14:18.627004+00:00,13633.75,{'stop_loss_price': 13633.75}
INVALID_RISK_UNIT,risk_unit == 0 or non-finite,NQH21-CME,18044595,2021-02-17 15:21:02.062000+00:00,13627.25,{'stop_loss_price': 13627.25}
INVALID_RISK_UNIT,risk_unit == 0 or non-finite,NQH21-CME,18065612,2021-02-17 15:30:58.109000+00:00,13594.5,{'stop_loss_price': 13594.5}
INVALID_RISK_UNIT,risk_unit == 0 or non-finite,NQH21-CME,18065613,2021-02-17 15:30:58.147000+00:00,13594.5,{'stop_loss_price': 13594.5}
INVALID_RISK_UNIT,risk_unit == 0 or non-finite,NQH21-CME,18065614,2021-02-17 15:30:58.147001+00:00,13594.5,{'stop_loss_price': 13594.5}
INVALID_RISK_UNIT,risk_unit == 0 or non-finite,NQH21-CME,18065615,2021-02-17 15:30:58.147002+00:00,13594.5,{'stop_loss_price': 13594.5}
INVALID_RISK_UNIT,risk_unit == 0 or non-finite,NQH21-CME,18065616,2021-02-17 15:30:58.147003+00:00,13594.5,{'stop_loss_price': 13594.5}
INVALID_RISK_UNIT,risk_unit == 0 or non-finite,NQH21-CME,18065617,2021-02-17 15:30:58.147004+00:00,13594.5,{'stop_loss_price': 13594.5}
INVALID_RISK_UNIT,risk_unit == 0 or non-finite,NQH21-CME,18065618,2021-02-17 15:30:58.147005+00:00,13594.5,{'stop_loss_price': 13594.5}
INVALID_RISK_UNIT,risk_unit == 0 or non-finite,NQH21-CME,18065619,2021-02-17 15:30:58.147006+00:00,13594.5,{'stop_loss_price': 13594.5}
INVALID_RISK_UNIT,risk_unit == 0 or non-finite,NQH21-CME,18065620,2021-02-17 15:30:58.147007+00:00,13594.5,{'stop_loss_price': 13594.5}
INVALID_RISK_UNIT,risk_unit == 0 or non-finite,NQH21-CME,18065621,2021-02-17 15:30:58.147008+00:00,13594.5,{'stop_loss_price': 13594.5}
INVALID_RISK_UNIT,risk_unit == 0 or non-finite,NQH21-CME,18065622,2021-02-17 15:30:58.147009+00:00,13594.5,{'stop_loss_price': 13594.5}
INVALID_RISK_UNIT,risk_unit == 0 or non-finite,NQH21-CME,18065623,2021-02-17 15:30:58.147010+00:00,13594.5,{'stop_loss_price': 13594.5}
INVALID_RISK_UNIT,risk_unit == 0 or non-finite,NQH21-CME,18065624,2021-02-17 15:30:58.147011+00:00,13594.5,{'stop_loss_price': 13594.5}
INVALID_RISK_UNIT,risk_unit == 0 or non-finite,NQH21-CME,18065625,2021-02-17 15:30:58.148000+00:00,13594.5,{'stop_loss_price': 13594.5}
INVALID_RISK_UNIT,risk_unit == 0 or non-finite,NQH21-CME,18065637,2021-02-17 15:30:58.497000+00:00,13594.5,{'stop_loss_price': 13594.5}
INVALID_RISK_UNIT,risk_unit == 0 or non-finite,NQH21-CME,18065638,2021-02-17 15:30:58.497001+00:00,13594.5,{'stop_loss_price': 13594.5}
INVALID_RISK_UNIT,risk_unit == 0 or non-finite,NQH21-CME,18065639,2021-02-17 15:30:58.514000+00:00,13594.5,{'stop_loss_price': 13594.5}
INVALID_RISK_UNIT,risk_unit == 0 or non-finite,NQH21-CME,18096059,2021-02-17 15:48:21.764000+00:00,13607.5,{'stop_loss_price': 13607.5}
INVALID_RISK_UNIT,risk_unit == 0 or non-finite,NQH21-CME,18137759,2021-02-17 16:19:04.710000+00:00,13567.25,{'stop_loss_price': 13567.25}
INVALID_RISK_UNIT,risk_unit == 0 or non-finite,NQH21-CME,18139650,2021-02-17 16:19:56.109000+00:00,13558.75,{'stop_loss_price': 13558.75}
INVALID_RISK_UNIT,risk_unit == 0 or non-finite,NQH21-CME,18139651,2021-02-17 16:19:56.109001+00:00,13558.75,{'stop_loss_price': 13558.75}
INVALID_RISK_UNIT,risk_unit == 0 or non-finite,NQH21-CME,18140301,2021-02-17 16:20:13.973000+00:00,13560.25,{'stop_loss_price': 13560.25}
INVALID_RISK_UNIT,risk_unit == 0 or non-finite,NQH21-CME,18206558,2021-02-17 17:28:56.988000+00:00,13617.25,{'stop_loss_price': 13617.25}
INVALID_RISK_UNIT,risk_unit == 0 or non-finite,NQH21-CME,18206559,2021-02-17 17:28:56.988001+00:00,13617.25,{'stop_loss_price': 13617.25}
INVALID_RISK_UNIT,risk_unit == 0 or non-finite,NQH21-CME,18206560,2021-02-17 17:28:56.988002+00:00,13617.25,{'stop_loss_price': 13617.25}
INVALID_RISK_UNIT,risk_unit == 0 or non-finite,NQH21-CME,18206561,2021-02-17 17:28:57.024000+00:00,13617.25,{'stop_loss_price': 13617.25}
INVALID_RISK_UNIT,risk_unit == 0 or non-finite,NQH21-CME,18246322,2021-02-17 18:33:23.696000+00:00,13654.25,{'stop_loss_price': 13654.25}
INVALID_RISK_UNIT,risk_unit == 0 or non-finite,NQH21-CME,18247800,2021-02-17 18:36:58.392000+00:00,13650.5,{'stop_loss_price': 13650.5}
INVALID_RISK_UNIT,risk_unit == 0 or non-finite,NQH21-CME,18274853,2021-02-17 19:28:38.763000+00:00,13645.75,{'stop_loss_price': 13645.75}
INVALID_RISK_UNIT,risk_unit == 0 or non-finite,NQH21-CME,18274854,2021-02-17 19:28:38.763001+00:00,13645.75,{'stop_loss_price': 13645.75}
INVALID_RISK_UNIT,risk_unit == 0 or non-finite,NQH21-CME,18274855,2021-02-17 19:28:38.763002+00:00,13645.75,{'stop_loss_price': 13645.75}
INVALID_RISK_UNIT,risk_unit == 0 or non-finite,NQH21-CME,18282514,2021-02-17 19:40:41.542010+00:00,13655.5,{'stop_loss_price': 13655.5}
INVALID_RISK_UNIT,risk_unit == 0 or non-finite,NQH21-CME,18282515,2021-02-17 19:40:41.542011+00:00,13655.5,{'stop_loss_price': 13655.5}
INVALID_RISK_UNIT,risk_unit == 0 or non-finite,NQH21-CME,18282516,2021-02-17 19:40:41.542012+00:00,13655.5,{'stop_loss_price': 13655.5}
INVALID_RISK_UNIT,risk_unit == 0 or non-finite,NQH21-CME,18282517,2021-02-17 19:40:41.542013+00:00,13655.5,{'stop_loss_price': 13655.5}
INVALID_RISK_UNIT,risk_unit == 0 or non-finite,NQH21-CME,18282518,2021-02-17 19:40:41.542014+00:00,13655.5,{'stop_loss_price': 13655.5}
INVALID_RISK_UNIT,risk_unit == 0 or non-finite,NQH21-CME,18302118,2021-02-17 20:21:06.405000+00:00,13681.0,{'stop_loss_price': 13681.0}
INVALID_RISK_UNIT,risk_unit == 0 or non-finite,NQH21-CME,18302119,2021-02-17 20:21:06.405001+00:00,13681.0,{'stop_loss_price': 13681.0}
INVALID_RISK_UNIT,risk_unit == 0 or non-finite,NQH21-CME,18302120,2021-02-17 20:21:06.457000+00:00,13681.0,{'stop_loss_price': 13681.0}
INVALID_RISK_UNIT,risk_unit == 0 or non-finite,NQH21-CME,18352231,2021-02-18 01:55:19.081000+00:00,13680.5,{'stop_loss_price': 13680.5}
INVALID_RISK_UNIT,risk_unit == 0 or non-finite,NQH21-CME,18353674,2021-02-18 02:10:05.824001+00:00,13665.0,{'stop_loss_price': 13665.0}
INVALID_RISK_UNIT,risk_unit == 0 or non-finite,NQH21-CME,18381059,2021-02-18 06:45:06.054000+00:00,13640.5,{'stop_loss_price': 13640.5}
INVALID_RISK_UNIT,risk_unit == 0 or non-finite,NQH21-CME,18381060,2021-02-18 06:45:06.054001+00:00,13640.5,{'stop_loss_price': 13640.5}
INVALID_RISK_UNIT,risk_unit == 0 or non-finite,NQH21-CME,18392446,2021-02-18 08:51:05.740000+00:00,13643.5,{'stop_loss_price': 13643.5}
INVALID_RISK_UNIT,risk_unit == 0 or non-finite,NQH21-CME,18392447,2021-02-18 08:51:05.740001+00:00,13643.5,{'stop_loss_price': 13643.5}
INVALID_RISK_UNIT,risk_unit == 0 or non-finite,NQH21-CME,18417260,2021-02-18 12:34:03.814000+00:00,13613.0,{'stop_loss_price': 13613.0}
INVALID_RISK_UNIT,risk_unit == 0 or non-finite,NQH21-CME,18448096,2021-02-18 14:21:50.619000+00:00,13539.5,{'stop_loss_price': 13539.5}
INVALID_RISK_UNIT,risk_unit == 0 or non-finite,NQH21-CME,18482531,2021-02-18 14:41:23.189000+00:00,13544.75,{'stop_loss_price': 13544.75}
INVALID_RISK_UNIT,risk_unit == 0 or non-finite,NQH21-CME,18482532,2021-02-18 14:41:23.189001+00:00,13544.75,{'stop_loss_price': 13544.75}
INVALID_RISK_UNIT,risk_unit == 0 or non-finite,NQH21-CME,18482533,2021-02-18 14:41:23.191000+00:00,13544.75,{'stop_loss_price': 13544.75}
INVALID_RISK_UNIT,risk_unit == 0 or non-finite,NQH21-CME,18482537,2021-02-18 14:41:23.289000+00:00,13544.75,{'stop_loss_price': 13544.75}
INVALID_RISK_UNIT,risk_unit == 0 or non-finite,NQH21-CME,18482538,2021-02-18 14:41:23.289001+00:00,13544.75,{'stop_loss_price': 13544.75}
INVALID_RISK_UNIT,risk_unit == 0 or non-finite,NQH21-CME,18482539,2021-02-18 14:41:23.289002+00:00,13544.75,{'stop_loss_price': 13544.75}
INVALID_RISK_UNIT,risk_unit == 0 or non-finite,NQH21-CME,18482540,2021-02-18 14:41:23.289003+00:00,13544.75,{'stop_loss_price': 13544.75}
INVALID_RISK_UNIT,risk_unit == 0 or non-finite,NQH21-CME,18516432,2021-02-18 15:02:47.913000+00:00,13562.5,{'stop_loss_price': 13562.5}
INVALID_RISK_UNIT,risk_unit == 0 or non-finite,NQH21-CME,18523802,2021-02-18 15:06:03.542000+00:00,13521.25,{'stop_loss_price': 13521.25}
INVALID_RISK_UNIT,risk_unit == 0 or non-finite,NQH21-CME,18523911,2021-02-18 15:06:04.274000+00:00,13521.75,{'stop_loss_price': 13521.75}
INVALID_RISK_UNIT,risk_unit == 0 or non-finite,NQH21-CME,18527886,2021-02-18 15:07:15.898000+00:00,13507.75,{'stop_loss_price': 13507.75}
INVALID_RISK_UNIT,risk_unit == 0 or non-finite,NQH21-CME,18532946,2021-02-18 15:09:27.696000+00:00,13509.75,{'stop_loss_price': 13509.75}
INVALID_RISK_UNIT,risk_unit == 0 or non-finite,NQH21-CME,18584267,2021-02-18 15:38:00.371000+00:00,13509.75,{'stop_loss_price': 13509.75}
INVALID_RISK_UNIT,risk_unit == 0 or non-finite,NQH21-CME,18603190,2021-02-18 15:54:38.745000+00:00,13533.0,{'stop_loss_price': 13533.0}
INVALID_RISK_UNIT,risk_unit == 0 or non-finite,NQH21-CME,18603191,2021-02-18 15:54:38.831000+00:00,13533.0,{'stop_loss_price': 13533.0}
INVALID_RISK_UNIT,risk_unit == 0 or non-finite,NQH21-CME,18623217,2021-02-18 16:11:31.005000+00:00,13520.25,{'stop_loss_price': 13520.25}
INVALID_RISK_UNIT,risk_unit == 0 or non-finite,NQH21-CME,18623218,2021-02-18 16:11:31.005001+00:00,13520.25,{'stop_loss_price': 13520.25}
INVALID_RISK_UNIT,risk_unit == 0 or non-finite,NQH21-CME,18668885,2021-02-18 17:02:09.304000+00:00,13518.5,{'stop_loss_price': 13518.5}
INVALID_RISK_UNIT,risk_unit == 0 or non-finite,NQH21-CME,18709392,2021-02-18 18:02:49.674000+00:00,13543.0,{'stop_loss_price': 13543.0}
INVALID_RISK_UNIT,risk_unit == 0 or non-finite,NQH21-CME,18709393,2021-02-18 18:02:49.675000+00:00,13543.0,{'stop_loss_price': 13543.0}
INVALID_RISK_UNIT,risk_unit == 0 or non-finite,NQH21-CME,18738506,2021-02-18 18:38:39.924000+00:00,13607.75,{'stop_loss_price': 13607.75}
INVALID_RISK_UNIT,risk_unit == 0 or non-finite,NQH21-CME,18751802,2021-02-18 19:03:05.284000+00:00,13621.5,{'stop_loss_price': 13621.5}
INVALID_RISK_UNIT,risk_unit == 0 or non-finite,NQH21-CME,18751803,2021-02-18 19:03:05.285000+00:00,13621.5,{'stop_loss_price': 13621.5}
INVALID_RISK_UNIT,risk_unit == 0 or non-finite,NQH21-CME,18751804,2021-02-18 19:03:05.297000+00:00,13621.5,{'stop_loss_price': 13621.5}
INVALID_RISK_UNIT,risk_unit == 0 or non-finite,NQH21-CME,18751805,2021-02-18 19:03:05.297001+00:00,13621.5,{'stop_loss_price': 13621.5}
INVALID_RISK_UNIT,risk_unit == 0 or non-finite,NQH21-CME,18751850,2021-02-18 19:03:06.102000+00:00,13621.5,{'stop_loss_price': 13621.5}
INVALID_RISK_UNIT,risk_unit == 0 or non-finite,NQH21-CME,18751851,2021-02-18 19:03:06.130000+00:00,13621.5,{'stop_loss_price': 13621.5}
INVALID_RISK_UNIT,risk_unit == 0 or non-finite,NQH21-CME,18751852,2021-02-18 19:03:06.130001+00:00,13621.5,{'stop_loss_price': 13621.5}
INVALID_RISK_UNIT,risk_unit == 0 or non-finite,NQH21-CME,18751853,2021-02-18 19:03:06.130002+00:00,13621.5,{'stop_loss_price': 13621.5}
INVALID_RISK_UNIT,risk_unit == 0 or non-finite,NQH21-CME,18751854,2021-02-18 19:03:06.132000+00:00,13621.5,{'stop_loss_price': 13621.5}
INVALID_RISK_UNIT,risk_unit == 0 or non-finite,NQH21-CME,18751855,2021-02-18 19:03:06.132001+00:00,13621.5,{'stop_loss_price': 13621.5}
INVALID_RISK_UNIT,risk_unit == 0 or non-finite,NQH21-CME,18751857,2021-02-18 19:03:06.210000+00:00,13621.5,{'stop_loss_price': 13621.5}
INVALID_RISK_UNIT,risk_unit == 0 or non-finite,NQH21-CME,18828957,2021-02-18 20:56:59.698000+00:00,13640.0,{'stop_loss_price': 13640.0}
INVALID_RISK_UNIT,risk_unit == 0 or non-finite,NQH21-CME,18828958,2021-02-18 20:56:59.698001+00:00,13640.0,{'stop_loss_price': 13640.0}
INVALID_RISK_UNIT,risk_unit == 0 or non-finite,NQH21-CME,18828959,2021-02-18 20:56:59.698002+00:00,13640.0,{'stop_loss_price': 13640.0}
INVALID_RISK_UNIT,risk_unit == 0 or non-finite,NQH21-CME,18828960,2021-02-18 20:56:59.698003+00:00,13640.0,{'stop_loss_price': 13640.0}
INVALID_RISK_UNIT,risk_unit == 0 or non-finite,NQH21-CME,18828961,2021-02-18 20:56:59.747000+00:00,13640.0,{'stop_loss_price': 13640.0}
INVALID_RISK_UNIT,risk_unit == 0 or non-finite,NQH21-CME,18867680,2021-02-19 03:33:02.134000+00:00,13563.75,{'stop_loss_price': 13563.75}
INVALID_RISK_UNIT,risk_unit == 0 or non-finite,NQH21-CME,18870769,2021-02-19 04:46:21.842000+00:00,13582.75,{'stop_loss_price': 13582.75}
INVALID_RISK_UNIT,risk_unit == 0 or non-finite,NQH21-CME,18940574,2021-02-19 14:30:01.169000+00:00,13698.75,{'stop_loss_price': 13698.75}
INVALID_RISK_UNIT,risk_unit == 0 or non-finite,NQH21-CME,18979434,2021-02-19 14:46:48.249000+00:00,13658.5,{'stop_loss_price': 13658.5}
INVALID_RISK_UNIT,risk_unit == 0 or non-finite,NQH21-CME,18991362,2021-02-19 14:56:25.412000+00:00,13665.75,{'stop_loss_price': 13665.75}
INVALID_RISK_UNIT,risk_unit == 0 or non-finite,NQH21-CME,18991363,2021-02-19 14:56:25.412001+00:00,13665.75,{'stop_loss_price': 13665.75}
INVALID_RISK_UNIT,risk_unit == 0 or non-finite,NQH21-CME,18991364,2021-02-19 14:56:25.412002+00:00,13665.75,{'stop_loss_price': 13665.75}
INVALID_RISK_UNIT,risk_unit == 0 or non-finite,NQH21-CME,18991365,2021-02-19 14:56:25.412003+00:00,13665.75,{'stop_loss_price': 13665.75}
INVALID_RISK_UNIT,risk_unit == 0 or non-finite,NQH21-CME,18991366,2021-02-19 14:56:25.412004+00:00,13665.75,{'stop_loss_price': 13665.75}
INVALID_RISK_UNIT,risk_unit == 0 or non-finite,NQH21-CME,19002976,2021-02-19 15:06:56.654000+00:00,13666.5,{'stop_loss_price': 13666.5}
INVALID_RISK_UNIT,risk_unit == 0 or non-finite,NQH21-CME,19015311,2021-02-19 15:15:38.838000+00:00,13649.0,{'stop_loss_price': 13649.0}
INVALID_RISK_UNIT,risk_unit == 0 or non-finite,NQH21-CME,19016320,2021-02-19 15:16:31.681000+00:00,13645.0,{'stop_loss_price': 13645.0}
INVALID_RISK_UNIT,risk_unit == 0 or non-finite,NQH21-CME,19019817,2021-02-19 15:20:00.820000+00:00,13641.0,{'stop_loss_price': 13641.0}
INVALID_RISK_UNIT,risk_unit == 0 or non-finite,NQH21-CME,19020259,2021-02-19 15:20:20.599000+00:00,13637.0,{'stop_loss_price': 13637.0}
INVALID_RISK_UNIT,risk_unit == 0 or non-finite,NQH21-CME,19020260,2021-02-19 15:20:20.599001+00:00,13637.0,{'stop_loss_price': 13637.0}
INVALID_RISK_UNIT,risk_unit == 0 or non-finite,NQH21-CME,19020261,2021-02-19 15:20:20.599002+00:00,13637.0,{'stop_loss_price': 13637.0}
INVALID_RISK_UNIT,risk_unit == 0 or non-finite,NQH21-CME,19029475,2021-02-19 15:27:13.966000+00:00,13649.75,{'stop_loss_price': 13649.75}
INVALID_RISK_UNIT,risk_unit == 0 or non-finite,NQH21-CME,19029476,2021-02-19 15:27:13.966001+00:00,13649.75,{'stop_loss_price': 13649.75}
INVALID_RISK_UNIT,risk_unit == 0 or non-finite,NQH21-CME,19029477,2021-02-19 15:27:13.966002+00:00,13649.75,{'stop_loss_price': 13649.75}
INVALID_RISK_UNIT,risk_unit == 0 or non-finite,NQH21-CME,19029480,2021-02-19 15:27:14.019000+00:00,13649.75,{'stop_loss_price': 13649.75}
INVALID_RISK_UNIT,risk_unit == 0 or non-finite,NQH21-CME,19030087,2021-02-19 15:27:36.306000+00:00,13655.25,{'stop_loss_price': 13655.25}
INVALID_RISK_UNIT,risk_unit == 0 or non-finite,NQH21-CME,19030088,2021-02-19 15:27:36.306001+00:00,13655.25,{'stop_loss_price': 13655.25}
INVALID_RISK_UNIT,risk_unit == 0 or non-finite,NQH21-CME,19058068,2021-02-19 16:00:45.725000+00:00,13677.0,{'stop_loss_price': 13677.0}
INVALID_RISK_UNIT,risk_unit == 0 or non-finite,NQH21-CME,19146205,2021-02-19 17:43:05.181000+00:00,13585.25,{'stop_loss_price': 13585.25}
INVALID_RISK_UNIT,risk_unit == 0 or non-finite,NQH21-CME,19169035,2021-02-19 18:04:35.874000+00:00,13577.75,{'stop_loss_price': 13577.75}
INVALID_RISK_UNIT,risk_unit == 0 or non-finite,NQH21-CME,19189739,2021-02-19 18:24:30.972000+00:00,13575.0,{'stop_loss_price': 13575.0}
INVALID_RISK_UNIT,risk_unit == 0 or non-finite,NQH21-CME,19189740,2021-02-19 18:24:30.972001+00:00,13575.0,{'stop_loss_price': 13575.0}
INVALID_RISK_UNIT,risk_unit == 0 or non-finite,NQH21-CME,19195636,2021-02-19 18:33:57.877000+00:00,13557.75,{'stop_loss_price': 13557.75}
INVALID_RISK_UNIT,risk_unit == 0 or non-finite,NQH21-CME,19195637,2021-02-19 18:33:57.878000+00:00,13557.75,{'stop_loss_price': 13557.75}
INVALID_RISK_UNIT,risk_unit == 0 or non-finite,NQH21-CME,19195638,2021-02-19 18:33:57.878001+00:00,13557.75,{'stop_loss_price': 13557.75}
INVALID_RISK_UNIT,risk_unit == 0 or non-finite,NQH21-CME,19195641,2021-02-19 18:33:57.940000+00:00,13557.75,{'stop_loss_price': 13557.75}
INVALID_RISK_UNIT,risk_unit == 0 or non-finite,NQH21-CME,19196035,2021-02-19 18:34:08.889000+00:00,13557.25,{'stop_loss_price': 13557.25}
INVALID_RISK_UNIT,risk_unit == 0 or non-finite,NQH21-CME,19255836,2021-02-19 20:06:08.054000+00:00,13584.5,{'stop_loss_price': 13584.5}
INVALID_RISK_UNIT,risk_unit == 0 or non-finite,NQH21-CME,19268860,2021-02-19 20:25:24.849000+00:00,13598.0,{'stop_loss_price': 13598.0}
INVALID_RISK_UNIT,risk_unit == 0 or non-finite,NQH21-CME,19268861,2021-02-19 20:25:24.849001+00:00,13598.0,{'stop_loss_price': 13598.0}
INVALID_RISK_UNIT,risk_unit == 0 or non-finite,NQH21-CME,19268862,2021-02-19 20:25:24.849002+00:00,13598.0,{'stop_loss_price': 13598.0}
INVALID_RISK_UNIT,risk_unit == 0 or non-finite,NQH21-CME,19268863,2021-02-19 20:25:24.973000+00:00,13598.0,{'stop_loss_price': 13598.0}
INVALID_RISK_UNIT,risk_unit == 0 or non-finite,NQH21-CME,19268864,2021-02-19 20:25:25.371000+00:00,13598.0,{'stop_loss_price': 13598.0}
INVALID_RISK_UNIT,risk_unit == 0 or non-finite,NQH21-CME,19268865,2021-02-19 20:25:25.921000+00:00,13598.0,{'stop_loss_price': 13598.0}
INVALID_RISK_UNIT,risk_unit == 0 or non-finite,NQH21-CME,19268866,2021-02-19 20:25:25.921001+00:00,13598.0,{'stop_loss_price': 13598.0}
INVALID_RISK_UNIT,risk_unit == 0 or non-finite,NQH21-CME,19268889,2021-02-19 20:25:27.915000+00:00,13598.0,{'stop_loss_price': 13598.0}
INVALID_RISK_UNIT,risk_unit == 0 or non-finite,NQH21-CME,19268890,2021-02-19 20:25:28.016000+00:00,13598.0,{'stop_loss_price': 13598.0}
INVALID_RISK_UNIT,risk_unit == 0 or non-finite,NQH21-CME,19268891,2021-02-19 20:25:28.016001+00:00,13598.0,{'stop_loss_price': 13598.0}
INVALID_RISK_UNIT,risk_unit == 0 or non-finite,NQH21-CME,19268892,2021-02-19 20:25:28.016002+00:00,13598.0,{'stop_loss_price': 13598.0}
INVALID_RISK_UNIT,risk_unit == 0 or non-finite,NQH21-CME,19268893,2021-02-19 20:25:28.016003+00:00,13598.0,{'stop_loss_price': 13598.0}
INVALID_RISK_UNIT,risk_unit == 0 or non-finite,NQH21-CME,19268894,2021-02-19 20:25:28.098000+00:00,13598.0,{'stop_loss_price': 13598.0}
INVALID_RISK_UNIT,risk_unit == 0 or non-finite,NQH21-CME,19268895,2021-02-19 20:25:28.349000+00:00,13598.0,{'stop_loss_price': 13598.0}
INVALID_RISK_UNIT,risk_unit == 0 or non-finite,NQH21-CME,19268896,2021-02-19 20:25:28.350000+00:00,13598.0,{'stop_loss_price': 13598.0}
INVALID_RISK_UNIT,risk_unit == 0 or non-finite,NQH21-CME,19268897,2021-02-19 20:25:28.350001+00:00,13598.0,{'stop_loss_price': 13598.0}
INVALID_RISK_UNIT,risk_unit == 0 or non-finite,NQH21-CME,19290390,2021-02-19 20:52:05.147000+00:00,13577.75,{'stop_loss_price': 13577.75}
INVALID_RISK_UNIT,risk_unit == 0 or non-finite,NQH21-CME,19299428,2021-02-19 20:59:01.213000+00:00,13573.5,{'stop_loss_price': 13573.5}
INVALID_RISK_UNIT,risk_unit == 0 or non-finite,NQH21-CME,19299429,2021-02-19 20:59:01.213001+00:00,13573.5,{'stop_loss_price': 13573.5}
INVALID_RISK_UNIT,risk_unit == 0 or non-finite,NQH21-CME,19299430,2021-02-19 20:59:01.213002+00:00,13573.5,{'stop_loss_price': 13573.5}
INVALID_RISK_UNIT,risk_unit == 0 or non-finite,NQH21-CME,19299431,2021-02-19 20:59:01.213003+00:00,13573.5,{'stop_loss_price': 13573.5}
INVALID_RISK_UNIT,risk_unit == 0 or non-finite,NQH21-CME,19380526,2021-02-22 07:45:39.556000+00:00,13436.75,{'stop_loss_price': 13436.75}
INVALID_RISK_UNIT,risk_unit == 0 or non-finite,NQH21-CME,19444207,2021-02-22 13:01:48.239000+00:00,13383.5,{'stop_loss_price': 13383.5}
INVALID_RISK_UNIT,risk_unit == 0 or non-finite,NQH21-CME,19458573,2021-02-22 14:04:10.185000+00:00,13403.25,{'stop_loss_price': 13403.25}
INVALID_RISK_UNIT,risk_unit == 0 or non-finite,NQH21-CME,19462178,2021-02-22 14:18:02.690000+00:00,13377.75,{'stop_loss_price': 13377.75}
INVALID_RISK_UNIT,risk_unit == 0 or non-finite,NQH21-CME,19551383,2021-02-22 15:16:04.926000+00:00,13391.25,{'stop_loss_price': 13391.25}
INVALID_RISK_UNIT,risk_unit == 0 or non-finite,NQH21-CME,19582394,2021-02-22 15:33:20.208000+00:00,13334.0,{'stop_loss_price': 13334.0}
INVALID_RISK_UNIT,risk_unit == 0 or non-finite,NQH21-CME,19582395,2021-02-22 15:33:20.208001+00:00,13334.0,{'stop_loss_price': 13334.0}
INVALID_RISK_UNIT,risk_unit == 0 or non-finite,NQH21-CME,19582396,2021-02-22 15:33:20.209000+00:00,13334.0,{'stop_loss_price': 13334.0}
INVALID_RISK_UNIT,risk_unit == 0 or non-finite,NQH21-CME,19603283,2021-02-22 15:45:39.828000+00:00,13352.0,{'stop_loss_price': 13352.0}
INVALID_RISK_UNIT,risk_unit == 0 or non-finite,NQH21-CME,19636820,2021-02-22 16:08:20.067000+00:00,13295.5,{'stop_loss_price': 13295.5}
INVALID_RISK_UNIT,risk_unit == 0 or non-finite,NQH21-CME,19636821,2021-02-22 16:08:20.067001+00:00,13295.5,{'stop_loss_price': 13295.5}
INVALID_RISK_UNIT,risk_unit == 0 or non-finite,NQH21-CME,19636822,2021-02-22 16:08:20.068000+00:00,13295.5,{'stop_loss_price': 13295.5}
INVALID_RISK_UNIT,risk_unit == 0 or non-finite,NQH21-CME,19637669,2021-02-22 16:08:41.328000+00:00,13304.25,{'stop_loss_price': 13304.25}
INVALID_RISK_UNIT,risk_unit == 0 or non-finite,NQH21-CME,19685289,2021-02-22 16:56:39.722000+00:00,13314.75,{'stop_loss_price': 13314.75}
INVALID_RISK_UNIT,risk_unit == 0 or non-finite,NQH21-CME,19703202,2021-02-22 17:17:41.309000+00:00,13289.0,{'stop_loss_price': 13289.0}
INVALID_RISK_UNIT,risk_unit == 0 or non-finite,NQH21-CME,19703203,2021-02-22 17:17:41.387000+00:00,13289.0,{'stop_loss_price': 13289.0}
INVALID_RISK_UNIT,risk_unit == 0 or non-finite,NQH21-CME,19723977,2021-02-22 17:44:03.823000+00:00,13312.0,{'stop_loss_price': 13312.0}
INVALID_RISK_UNIT,risk_unit == 0 or non-finite,NQH21-CME,19723978,2021-02-22 17:44:03.896000+00:00,13312.0,{'stop_loss_price': 13312.0}
INVALID_RISK_UNIT,risk_unit == 0 or non-finite,NQH21-CME,19723979,2021-02-22 17:44:05.314000+00:00,13312.0,{'stop_loss_price': 13312.0}
INVALID_RISK_UNIT,risk_unit == 0 or non-finite,NQH21-CME,19723980,2021-02-22 17:44:05.314001+00:00,13312.0,{'stop_loss_price': 13312.0}
INVALID_RISK_UNIT,risk_unit == 0 or non-finite,NQH21-CME,19730385,2021-02-22 17:56:04.567000+00:00,13330.75,{'stop_loss_price': 13330.75}
INVALID_RISK_UNIT,risk_unit == 0 or non-finite,NQH21-CME,19811168,2021-02-22 20:20:38.640000+00:00,13296.0,{'stop_loss_price': 13296.0}
INVALID_RISK_UNIT,risk_unit == 0 or non-finite,NQH21-CME,19937770,2021-02-23 07:01:05.979000+00:00,13301.75,{'stop_loss_price': 13301.75}
INVALID_RISK_UNIT,risk_unit == 0 or non-finite,NQH21-CME,19982916,2021-02-23 09:54:05.904000+00:00,13098.25,{'stop_loss_price': 13098.25}
INVALID_RISK_UNIT,risk_unit == 0 or non-finite,NQH21-CME,20047353,2021-02-23 13:01:48.761000+00:00,13024.25,{'stop_loss_price': 13024.25}
INVALID_RISK_UNIT,risk_unit == 0 or non-finite,NQH21-CME,20047354,2021-02-23 13:01:48.761001+00:00,13024.25,{'stop_loss_price': 13024.25}
INVALID_RISK_UNIT,risk_unit == 0 or non-finite,NQH21-CME,20076968,2021-02-23 14:23:59.485000+00:00,12992.5,{'stop_loss_price': 12992.5}
INVALID_RISK_UNIT,risk_unit == 0 or non-finite,NQH21-CME,20143446,2021-02-23 14:44:23.871000+00:00,12847.25,{'stop_loss_price': 12847.25}
INVALID_RISK_UNIT,risk_unit == 0 or non-finite,NQH21-CME,20172099,2021-02-23 14:50:42.508000+00:00,12765.75,{'stop_loss_price': 12765.75}
INVALID_RISK_UNIT,risk_unit == 0 or non-finite,NQH21-CME,20185836,2021-02-23 14:54:41.729000+00:00,12871.0,{'stop_loss_price': 12871.0}
INVALID_RISK_UNIT,risk_unit == 0 or non-finite,NQH21-CME,20201747,2021-02-23 15:01:29.066000+00:00,12904.75,{'stop_loss_price': 12904.75}
INVALID_RISK_UNIT,risk_unit == 0 or non-finite,NQH21-CME,20234978,2021-02-23 15:14:00.647000+00:00,12948.25,{'stop_loss_price': 12948.25}
INVALID_RISK_UNIT,risk_unit == 0 or non-finite,NQH21-CME,20260562,2021-02-23 15:26:22.367001+00:00,13016.75,{'stop_loss_price': 13016.75}
INVALID_RISK_UNIT,risk_unit == 0 or non-finite,NQH21-CME,20260563,2021-02-23 15:26:22.367002+00:00,13016.75,{'stop_loss_price': 13016.75}
INVALID_RISK_UNIT,risk_unit == 0 or non-finite,NQH21-CME,20260564,2021-02-23 15:26:22.367003+00:00,13016.75,{'stop_loss_price': 13016.75}
INVALID_RISK_UNIT,risk_unit == 0 or non-finite,NQH21-CME,20260572,2021-02-23 15:26:22.944000+00:00,13016.75,{'stop_loss_price': 13016.75}
INVALID_RISK_UNIT,risk_unit == 0 or non-finite,NQH21-CME,20261235,2021-02-23 15:26:44.048000+00:00,13022.25,{'stop_loss_price': 13022.25}
INVALID_RISK_UNIT,risk_unit == 0 or non-finite,NQH21-CME,20265282,2021-02-23 15:29:01.234000+00:00,13017.0,{'stop_loss_price': 13017.0}
INVALID_RISK_UNIT,risk_unit == 0 or non-finite,NQH21-CME,20321559,2021-02-23 16:01:38.670000+00:00,13069.25,{'stop_loss_price': 13069.25}
INVALID_RISK_UNIT,risk_unit == 0 or non-finite,NQH21-CME,20344686,2021-02-23 16:19:54.585000+00:00,13050.5,{'stop_loss_price': 13050.5}
INVALID_RISK_UNIT,risk_unit == 0 or non-finite,NQH21-CME,20349656,2021-02-23 16:23:10.434000+00:00,13037.25,{'stop_loss_price': 13037.25}
INVALID_RISK_UNIT,risk_unit == 0 or non-finite,NQH21-CME,20441022,2021-02-23 17:43:14.917000+00:00,12906.75,{'stop_loss_price': 12906.75}
INVALID_RISK_UNIT,risk_unit == 0 or non-finite,NQH21-CME,20446163,2021-02-23 17:47:29.729000+00:00,12914.0,{'stop_loss_price': 12914.0}
INVALID_RISK_UNIT,risk_unit == 0 or non-finite,NQH21-CME,20446164,2021-02-23 17:47:29.729001+00:00,12914.0,{'stop_loss_price': 12914.0}
INVALID_RISK_UNIT,risk_unit == 0 or non-finite,NQH21-CME,20475259,2021-02-23 18:16:15.744000+00:00,12991.0,{'stop_loss_price': 12991.0}
INVALID_RISK_UNIT,risk_unit == 0 or non-finite,NQH21-CME,20481980,2021-02-23 18:24:48.576000+00:00,13032.0,{'stop_loss_price': 13032.0}
INVALID_RISK_UNIT,risk_unit == 0 or non-finite,NQH21-CME,20481981,2021-02-23 18:24:48.576001+00:00,13032.0,{'stop_loss_price': 13032.0}
INVALID_RISK_UNIT,risk_unit == 0 or non-finite,NQH21-CME,20500646,2021-02-23 18:50:05.720000+00:00,13009.25,{'stop_loss_price': 13009.25}
INVALID_RISK_UNIT,risk_unit == 0 or non-finite,NQH21-CME,20500647,2021-02-23 18:50:05.720001+00:00,13009.25,{'stop_loss_price': 13009.25}
INVALID_RISK_UNIT,risk_unit == 0 or non-finite,NQH21-CME,20511935,2021-02-23 19:06:22.284000+00:00,13066.5,{'stop_loss_price': 13066.5}
INVALID_RISK_UNIT,risk_unit == 0 or non-finite,NQH21-CME,20511936,2021-02-23 19:06:22.284001+00:00,13066.5,{'stop_loss_price': 13066.5}
INVALID_RISK_UNIT,risk_unit == 0 or non-finite,NQH21-CME,20521188,2021-02-23 19:20:51.456000+00:00,13064.25,{'stop_loss_price': 13064.25}
INVALID_RISK_UNIT,risk_unit == 0 or non-finite,NQH21-CME,20565553,2021-02-23 20:14:42.979000+00:00,13191.75,{'stop_loss_price': 13191.75}
INVALID_RISK_UNIT,risk_unit == 0 or non-finite,NQH21-CME,20567244,2021-02-23 20:15:59.602000+00:00,13202.25,{'stop_loss_price': 13202.25}
INVALID_RISK_UNIT,risk_unit == 0 or non-finite,NQH21-CME,20598566,2021-02-23 20:42:32.428003+00:00,13212.5,{'stop_loss_price': 13212.5}
INVALID_RISK_UNIT,risk_unit == 0 or non-finite,NQH21-CME,20598567,2021-02-23 20:42:32.428004+00:00,13212.5,{'stop_loss_price': 13212.5}
INVALID_RISK_UNIT,risk_unit == 0 or non-finite,NQH21-CME,20659917,2021-02-24 01:43:45.956000+00:00,13232.5,{'stop_loss_price': 13232.5}
INVALID_RISK_UNIT,risk_unit == 0 or non-finite,NQH21-CME,20662308,2021-02-24 01:54:17.568000+00:00,13254.5,{'stop_loss_price': 13254.5}
INVALID_RISK_UNIT,risk_unit == 0 or non-finite,NQH21-CME,20673864,2021-02-24 03:04:46.386000+00:00,13207.75,{'stop_loss_price': 13207.75}
INVALID_RISK_UNIT,risk_unit == 0 or non-finite,NQH21-CME,20700351,2021-02-24 05:40:10.984001+00:00,13096.5,{'stop_loss_price': 13096.5}
INVALID_RISK_UNIT,risk_unit == 0 or non-finite,NQH21-CME,20700352,2021-02-24 05:40:10.984002+00:00,13096.5,{'stop_loss_price': 13096.5}
INVALID_RISK_UNIT,risk_unit == 0 or non-finite,NQH21-CME,20700353,2021-02-24 05:40:10.984003+00:00,13096.5,{'stop_loss_price': 13096.5}
INVALID_RISK_UNIT,risk_unit == 0 or non-finite,NQH21-CME,20719326,2021-02-24 07:47:39.631000+00:00,13132.75,{'stop_loss_price': 13132.75}
INVALID_RISK_UNIT,risk_unit == 0 or non-finite,NQH21-CME,20719327,2021-02-24 07:47:39.632000+00:00,13132.75,{'stop_loss_price': 13132.75}
INVALID_RISK_UNIT,risk_unit == 0 or non-finite,NQH21-CME,20719328,2021-02-24 07:47:39.632001+00:00,13132.75,{'stop_loss_price': 13132.75}
INVALID_RISK_UNIT,risk_unit == 0 or non-finite,NQH21-CME,20769521,2021-02-24 12:14:59.520000+00:00,13217.25,{'stop_loss_price': 13217.25}
INVALID_RISK_UNIT,risk_unit == 0 or non-finite,NQH21-CME,20859748,2021-02-24 14:32:58.332000+00:00,13096.75,{'stop_loss_price': 13096.75}
INVALID_RISK_UNIT,risk_unit == 0 or non-finite,NQH21-CME,20888442,2021-02-24 14:41:14.786000+00:00,13038.5,{'stop_loss_price': 13038.5}
INVALID_RISK_UNIT,risk_unit == 0 or non-finite,NQH21-CME,20904083,2021-02-24 14:47:56.574000+00:00,13096.0,{'stop_loss_price': 13096.0}
INVALID_RISK_UNIT,risk_unit == 0 or non-finite,NQH21-CME,20910063,2021-02-24 14:50:47.214000+00:00,13094.25,{'stop_loss_price': 13094.25}
INVALID_RISK_UNIT,risk_unit == 0 or non-finite,NQH21-CME,20934655,2021-02-24 15:02:22.115000+00:00,13011.0,{'stop_loss_price': 13011.0}
INVALID_RISK_UNIT,risk_unit == 0 or non-finite,NQH21-CME,20934656,2021-02-24 15:02:22.343000+00:00,13011.0,{'stop_loss_price': 13011.0}
INVALID_RISK_UNIT,risk_unit == 0 or non-finite,NQH21-CME,20934657,2021-02-24 15:02:22.343001+00:00,13011.0,{'stop_loss_price': 13011.0}
INVALID_RISK_UNIT,risk_unit == 0 or non-finite,NQH21-CME,20935860,2021-02-24 15:03:08.251000+00:00,13009.5,{'stop_loss_price': 13009.5}
INVALID_RISK_UNIT,risk_unit == 0 or non-finite,NQH21-CME,20935861,2021-02-24 15:03:08.251001+00:00,13009.5,{'stop_loss_price': 13009.5}
INVALID_RISK_UNIT,risk_unit == 0 or non-finite,NQH21-CME,20953584,2021-02-24 15:11:30.916000+00:00,12986.25,{'stop_loss_price': 12986.25}
INVALID_RISK_UNIT,risk_unit == 0 or non-finite,NQH21-CME,20977636,2021-02-24 15:28:59.547000+00:00,13079.25,{'stop_loss_price': 13079.25}
INVALID_RISK_UNIT,risk_unit == 0 or non-finite,NQH21-CME,20977637,2021-02-24 15:28:59.547001+00:00,13079.25,{'stop_loss_price': 13079.25}
INVALID_RISK_UNIT,risk_unit == 0 or non-finite,NQH21-CME,21004663,2021-02-24 15:52:09.974000+00:00,13051.0,{'stop_loss_price': 13051.0}
INVALID_RISK_UNIT,risk_unit == 0 or non-finite,NQH21-CME,21010400,2021-02-24 15:56:40.285000+00:00,13098.75,{'stop_loss_price': 13098.75}
INVALID_RISK_UNIT,risk_unit == 0 or non-finite,NQH21-CME,21018414,2021-02-24 16:02:51.573000+00:00,13104.0,{'stop_loss_price': 13104.0}
INVALID_RISK_UNIT,risk_unit == 0 or non-finite,NQH21-CME,21060523,2021-02-24 16:55:12.493000+00:00,13176.25,{'stop_loss_price': 13176.25}
INVALID_RISK_UNIT,risk_unit == 0 or non-finite,NQH21-CME,21060524,2021-02-24 16:55:12.493001+00:00,13176.25,{'stop_loss_price': 13176.25}
INVALID_RISK_UNIT,risk_unit == 0 or non-finite,NQH21-CME,21060525,2021-02-24 16:55:12.493002+00:00,13176.25,{'stop_loss_price': 13176.25}
INVALID_RISK_UNIT,risk_unit == 0 or non-finite,NQH21-CME,21060526,2021-02-24 16:55:12.501000+00:00,13176.25,{'stop_loss_price': 13176.25}
INVALID_RISK_UNIT,risk_unit == 0 or non-finite,NQH21-CME,21060529,2021-02-24 16:55:12.502000+00:00,13176.25,{'stop_loss_price': 13176.25}
INVALID_RISK_UNIT,risk_unit == 0 or non-finite,NQH21-CME,21068077,2021-02-24 17:05:16.333000+00:00,13205.5,{'stop_loss_price': 13205.5}
INVALID_RISK_UNIT,risk_unit == 0 or non-finite,NQH21-CME,21164803,2021-02-24 19:51:37.008000+00:00,13232.0,{'stop_loss_price': 13232.0}
INVALID_RISK_UNIT,risk_unit == 0 or non-finite,NQH21-CME,21190459,2021-02-24 20:40:44.857007+00:00,13278.75,{'stop_loss_price': 13278.75}
INVALID_RISK_UNIT,risk_unit == 0 or non-finite,NQH21-CME,21190460,2021-02-24 20:40:44.857008+00:00,13278.75,{'stop_loss_price': 13278.75}
INVALID_RISK_UNIT,risk_unit == 0 or non-finite,NQH21-CME,21190461,2021-02-24 20:40:44.857009+00:00,13278.75,{'stop_loss_price': 13278.75}
INVALID_RISK_UNIT,risk_unit == 0 or non-finite,NQH21-CME,21190462,2021-02-24 20:40:44.857010+00:00,13278.75,{'stop_loss_price': 13278.75}
INVALID_RISK_UNIT,risk_unit == 0 or non-finite,NQH21-CME,21190463,2021-02-24 20:40:44.857011+00:00,13278.75,{'stop_loss_price': 13278.75}
INVALID_RISK_UNIT,risk_unit == 0 or non-finite,NQH21-CME,21223261,2021-02-24 23:40:43.576003+00:00,13315.5,{'stop_loss_price': 13315.5}
INVALID_RISK_UNIT,risk_unit == 0 or non-finite,NQH21-CME,21225999,2021-02-25 00:07:46.334000+00:00,13317.25,{'stop_loss_price': 13317.25}
INVALID_RISK_UNIT,risk_unit == 0 or non-finite,NQH21-CME,21247648,2021-02-25 02:30:04.326000+00:00,13303.25,{'stop_loss_price': 13303.25}
INVALID_RISK_UNIT,risk_unit == 0 or non-finite,NQH21-CME,21247649,2021-02-25 02:30:04.326001+00:00,13303.25,{'stop_loss_price': 13303.25}
INVALID_RISK_UNIT,risk_unit == 0 or non-finite,NQH21-CME,21249054,2021-02-25 02:42:53.355000+00:00,13304.75,{'stop_loss_price': 13304.75}
INVALID_RISK_UNIT,risk_unit == 0 or non-finite,NQH21-CME,21268264,2021-02-25 07:20:13.330000+00:00,13334.5,{'stop_loss_price': 13334.5}
INVALID_RISK_UNIT,risk_unit == 0 or non-finite,NQH21-CME,21389137,2021-02-25 14:34:22.240000+00:00,13242.5,{'stop_loss_price': 13242.5}
INVALID_RISK_UNIT,risk_unit == 0 or non-finite,NQH21-CME,21395099,2021-02-25 14:36:16.543000+00:00,13277.5,{'stop_loss_price': 13277.5}
INVALID_RISK_UNIT,risk_unit == 0 or non-finite,NQH21-CME,21399747,2021-02-25 14:38:18.473000+00:00,13274.0,{'stop_loss_price': 13274.0}
INVALID_RISK_UNIT,risk_unit == 0 or non-finite,NQH21-CME,21402539,2021-02-25 14:39:29.056000+00:00,13276.0,{'stop_loss_price': 13276.0}
INVALID_RISK_UNIT,risk_unit == 0 or non-finite,NQH21-CME,21418266,2021-02-25 14:48:12.553000+00:00,13248.0,{'stop_loss_price': 13248.0}
INVALID_RISK_UNIT,risk_unit == 0 or non-finite,NQH21-CME,21418727,2021-02-25 14:48:23.632000+00:00,13244.0,{'stop_loss_price': 13244.0}
INVALID_RISK_UNIT,risk_unit == 0 or non-finite,NQH21-CME,21429315,2021-02-25 14:54:31.949000+00:00,13227.0,{'stop_loss_price': 13227.0}
INVALID_RISK_UNIT,risk_unit == 0 or non-finite,NQH21-CME,21433134,2021-02-25 14:56:54.503000+00:00,13227.25,{'stop_loss_price': 13227.25}
INVALID_RISK_UNIT,risk_unit == 0 or non-finite,NQH21-CME,21436664,2021-02-25 15:00:00.509000+00:00,13221.75,{'stop_loss_price': 13221.75}
INVALID_RISK_UNIT,risk_unit == 0 or non-finite,NQH21-CME,21467646,2021-02-25 15:13:04.246000+00:00,13150.0,{'stop_loss_price': 13150.0}
INVALID_RISK_UNIT,risk_unit == 0 or non-finite,NQH21-CME,21503377,2021-02-25 15:34:32.813000+00:00,13136.25,{'stop_loss_price': 13136.25}
INVALID_RISK_UNIT,risk_unit == 0 or non-finite,NQH21-CME,21503378,2021-02-25 15:34:32.916000+00:00,13136.25,{'stop_loss_price': 13136.25}
INVALID_RISK_UNIT,risk_unit == 0 or non-finite,NQH21-CME,21503383,2021-02-25 15:34:32.927000+00:00,13136.25,{'stop_loss_price': 13136.25}
INVALID_RISK_UNIT,risk_unit == 0 or non-finite,NQH21-CME,21579672,2021-02-25 16:22:07.464000+00:00,13156.25,{'stop_loss_price': 13156.25}
INVALID_RISK_UNIT,risk_unit == 0 or non-finite,NQH21-CME,21631053,2021-02-25 16:55:33.505000+00:00,13029.75,{'stop_loss_price': 13029.75}
INVALID_RISK_UNIT,risk_unit == 0 or non-finite,NQH21-CME,21637773,2021-02-25 16:59:27.463000+00:00,12990.5,{'stop_loss_price': 12990.5}
INVALID_RISK_UNIT,risk_unit == 0 or non-finite,NQH21-CME,21645508,2021-02-25 17:03:47.666001+00:00,12965.0,{'stop_loss_price': 12965.0}
INVALID_RISK_UNIT,risk_unit == 0 or non-finite,NQH21-CME,21645509,2021-02-25 17:03:47.666002+00:00,12965.0,{'stop_loss_price': 12965.0}
INVALID_RISK_UNIT,risk_unit == 0 or non-finite,NQH21-CME,21645510,2021-02-25 17:03:47.666003+00:00,12965.0,{'stop_loss_price': 12965.0}
INVALID_RISK_UNIT,risk_unit == 0 or non-finite,NQH21-CME,21669565,2021-02-25 17:18:05.156000+00:00,12988.5,{'stop_loss_price': 12988.5}
INVALID_RISK_UNIT,risk_unit == 0 or non-finite,NQH21-CME,21671392,2021-02-25 17:19:51.719000+00:00,12982.5,{'stop_loss_price': 12982.5}
INVALID_RISK_UNIT,risk_unit == 0 or non-finite,NQH21-CME,21699442,2021-02-25 17:36:29.815000+00:00,12922.5,{'stop_loss_price': 12922.5}
INVALID_RISK_UNIT,risk_unit == 0 or non-finite,NQH21-CME,21702620,2021-02-25 17:38:30.714003+00:00,12931.0,{'stop_loss_price': 12931.0}
INVALID_RISK_UNIT,risk_unit == 0 or non-finite,NQH21-CME,21715740,2021-02-25 17:46:42.403000+00:00,12959.25,{'stop_loss_price': 12959.25}
INVALID_RISK_UNIT,risk_unit == 0 or non-finite,NQH21-CME,21720639,2021-02-25 17:50:22.343000+00:00,12917.25,{'stop_loss_price': 12917.25}
INVALID_RISK_UNIT,risk_unit == 0 or non-finite,NQH21-CME,21745597,2021-02-25 18:02:02.049000+00:00,12856.75,{'stop_loss_price': 12856.75}
INVALID_RISK_UNIT,risk_unit == 0 or non-finite,NQH21-CME,21761190,2021-02-25 18:06:36.868000+00:00,12890.75,{'stop_loss_price': 12890.75}
INVALID_RISK_UNIT,risk_unit == 0 or non-finite,NQH21-CME,21774845,2021-02-25 18:15:23.501000+00:00,12910.75,{'stop_loss_price': 12910.75}
INVALID_RISK_UNIT,risk_unit == 0 or non-finite,NQH21-CME,21780358,2021-02-25 18:19:46.124000+00:00,12937.5,{'stop_loss_price': 12937.5}
INVALID_RISK_UNIT,risk_unit == 0 or non-finite,NQH21-CME,21828232,2021-02-25 19:05:28.951000+00:00,12958.0,{'stop_loss_price': 12958.0}
INVALID_RISK_UNIT,risk_unit == 0 or non-finite,NQH21-CME,21861097,2021-02-25 19:37:49.417000+00:00,12959.75,{'stop_loss_price': 12959.75}
INVALID_RISK_UNIT,risk_unit == 0 or non-finite,NQH21-CME,21869363,2021-02-25 19:47:20.246000+00:00,12931.5,{'stop_loss_price': 12931.5}
INVALID_RISK_UNIT,risk_unit == 0 or non-finite,NQH21-CME,21919858,2021-02-25 20:32:58.082000+00:00,12808.0,{'stop_loss_price': 12808.0}
INVALID_RISK_UNIT,risk_unit == 0 or non-finite,NQH21-CME,21925070,2021-02-25 20:36:21.741000+00:00,12791.25,{'stop_loss_price': 12791.25}
INVALID_RISK_UNIT,risk_unit == 0 or non-finite,NQH21-CME,21943124,2021-02-25 20:44:57.063000+00:00,12841.5,{'stop_loss_price': 12841.5}
INVALID_RISK_UNIT,risk_unit == 0 or non-finite,NQH21-CME,22017293,2021-02-26 00:25:04.583000+00:00,12713.25,{'stop_loss_price': 12713.25}
INVALID_RISK_UNIT,risk_unit == 0 or non-finite,NQH21-CME,22026690,2021-02-26 00:58:41.123000+00:00,12779.25,{'stop_loss_price': 12779.25}
INVALID_RISK_UNIT,risk_unit == 0 or non-finite,NQH21-CME,22073586,2021-02-26 05:13:29.591000+00:00,12724.5,{'stop_loss_price': 12724.5}
INVALID_RISK_UNIT,risk_unit == 0 or non-finite,NQH21-CME,22115929,2021-02-26 08:27:07.243000+00:00,12855.0,{'stop_loss_price': 12855.0}
INVALID_RISK_UNIT,risk_unit == 0 or non-finite,NQH21-CME,22117773,2021-02-26 08:30:57.241000+00:00,12883.25,{'stop_loss_price': 12883.25}
INVALID_RISK_UNIT,risk_unit == 0 or non-finite,NQH21-CME,22133100,2021-02-26 09:13:43.056000+00:00,12872.75,{'stop_loss_price': 12872.75}
INVALID_RISK_UNIT,risk_unit == 0 or non-finite,NQH21-CME,22216576,2021-02-26 13:45:04.001000+00:00,12965.5,{'stop_loss_price': 12965.5}
INVALID_RISK_UNIT,risk_unit == 0 or non-finite,NQH21-CME,22265261,2021-02-26 14:39:12.897000+00:00,13000.0,{'stop_loss_price': 13000.0}
INVALID_RISK_UNIT,risk_unit == 0 or non-finite,NQH21-CME,22265262,2021-02-26 14:39:12.898000+00:00,13000.0,{'stop_loss_price': 13000.0}
INVALID_RISK_UNIT,risk_unit == 0 or non-finite,NQH21-CME,22265263,2021-02-26 14:39:12.898001+00:00,13000.0,{'stop_loss_price': 13000.0}
INVALID_RISK_UNIT,risk_unit == 0 or non-finite,NQH21-CME,22265264,2021-02-26 14:39:12.955000+00:00,13000.0,{'stop_loss_price': 13000.0}
INVALID_RISK_UNIT,risk_unit == 0 or non-finite,NQH21-CME,22289814,2021-02-26 14:49:51.096000+00:00,12939.25,{'stop_loss_price': 12939.25}
INVALID_RISK_UNIT,risk_unit == 0 or non-finite,NQH21-CME,22289815,2021-02-26 14:49:51.173000+00:00,12939.25,{'stop_loss_price': 12939.25}
INVALID_RISK_UNIT,risk_unit == 0 or non-finite,NQH21-CME,22466250,2021-02-26 16:29:37.145000+00:00,12920.0,{'stop_loss_price': 12920.0}
INVALID_RISK_UNIT,risk_unit == 0 or non-finite,NQH21-CME,22496597,2021-02-26 17:00:02.946000+00:00,13018.75,{'stop_loss_price': 13018.75}
INVALID_RISK_UNIT,risk_unit == 0 or non-finite,NQH21-CME,22502872,2021-02-26 17:07:09.557000+00:00,12997.5,{'stop_loss_price': 12997.5}
INVALID_RISK_UNIT,risk_unit == 0 or non-finite,NQH21-CME,22502873,2021-02-26 17:07:09.557001+00:00,12997.5,{'stop_loss_price': 12997.5}
INVALID_RISK_UNIT,risk_unit == 0 or non-finite,NQH21-CME,22502874,2021-02-26 17:07:09.558000+00:00,12997.5,{'stop_loss_price': 12997.5}
INVALID_RISK_UNIT,risk_unit == 0 or non-finite,NQH21-CME,22502875,2021-02-26 17:07:09.558001+00:00,12997.5,{'stop_loss_price': 12997.5}
INVALID_RISK_UNIT,risk_unit == 0 or non-finite,NQH21-CME,22502876,2021-02-26 17:07:09.558002+00:00,12997.5,{'stop_loss_price': 12997.5}
INVALID_RISK_UNIT,risk_unit == 0 or non-finite,NQH21-CME,22502878,2021-02-26 17:07:09.571000+00:00,12997.5,{'stop_loss_price': 12997.5}
INVALID_RISK_UNIT,risk_unit == 0 or non-finite,NQH21-CME,22528353,2021-02-26 17:28:58.806000+00:00,13041.0,{'stop_loss_price': 13041.0}
INVALID_RISK_UNIT,risk_unit == 0 or non-finite,NQH21-CME,22565511,2021-02-26 18:13:05.222000+00:00,13003.25,{'stop_loss_price': 13003.25}
INVALID_RISK_UNIT,risk_unit == 0 or non-finite,NQH21-CME,22601618,2021-02-26 18:59:44.081000+00:00,12967.25,{'stop_loss_price': 12967.25}
INVALID_RISK_UNIT,risk_unit == 0 or non-finite,NQH21-CME,22603255,2021-02-26 19:01:15.792002+00:00,12981.5,{'stop_loss_price': 12981.5}
INVALID_RISK_UNIT,risk_unit == 0 or non-finite,NQH21-CME,22621734,2021-02-26 19:27:03.004000+00:00,12938.75,{'stop_loss_price': 12938.75}
INVALID_RISK_UNIT,risk_unit == 0 or non-finite,NQH21-CME,22643390,2021-02-26 19:56:46.076000+00:00,12987.0,{'stop_loss_price': 12987.0}
INVALID_RISK_UNIT,risk_unit == 0 or non-finite,NQH21-CME,22647155,2021-02-26 20:02:19.079000+00:00,13012.0,{'stop_loss_price': 13012.0}
INVALID_RISK_UNIT,risk_unit == 0 or non-finite,NQH21-CME,22657445,2021-02-26 20:16:01.921000+00:00,13029.0,{'stop_loss_price': 13029.0}
INVALID_RISK_UNIT,risk_unit == 0 or non-finite,NQH21-CME,22806138,2021-03-01 09:20:50.902000+00:00,13090.75,{'stop_loss_price': 13090.75}
INVALID_RISK_UNIT,risk_unit == 0 or non-finite,NQH21-CME,22813254,2021-03-01 10:13:24.332000+00:00,13110.25,{'stop_loss_price': 13110.25}
INVALID_RISK_UNIT,risk_unit == 0 or non-finite,NQH21-CME,22813255,2021-03-01 10:13:24.332001+00:00,13110.25,{'stop_loss_price': 13110.25}
INVALID_RISK_UNIT,risk_unit == 0 or non-finite,NQH21-CME,22843082,2021-03-01 13:31:14.401000+00:00,13042.0,{'stop_loss_price': 13042.0}
INVALID_RISK_UNIT,risk_unit == 0 or non-finite,NQH21-CME,22843083,2021-03-01 13:31:14.691000+00:00,13042.0,{'stop_loss_price': 13042.0}
INVALID_RISK_UNIT,risk_unit == 0 or non-finite,NQH21-CME,22907969,2021-03-01 14:49:48.380000+00:00,13049.0,{'stop_loss_price': 13049.0}
INVALID_RISK_UNIT,risk_unit == 0 or non-finite,NQH21-CME,22915521,2021-03-01 14:53:37.133000+00:00,13082.75,{'stop_loss_price': 13082.75}
INVALID_RISK_UNIT,risk_unit == 0 or non-finite,NQH21-CME,22915522,2021-03-01 14:53:37.133001+00:00,13082.75,{'stop_loss_price': 13082.75}
INVALID_RISK_UNIT,risk_unit == 0 or non-finite,NQH21-CME,22917327,2021-03-01 14:54:34.753000+00:00,13087.5,{'stop_loss_price': 13087.5}
INVALID_RISK_UNIT,risk_unit == 0 or non-finite,NQH21-CME,22917328,2021-03-01 14:54:34.753001+00:00,13087.5,{'stop_loss_price': 13087.5}
INVALID_RISK_UNIT,risk_unit == 0 or non-finite,NQH21-CME,22917329,2021-03-01 14:54:34.753002+00:00,13087.5,{'stop_loss_price': 13087.5}
INVALID_RISK_UNIT,risk_unit == 0 or non-finite,NQH21-CME,22926056,2021-03-01 15:00:53.705001+00:00,13082.0,{'stop_loss_price': 13082.0}
INVALID_RISK_UNIT,risk_unit == 0 or non-finite,NQH21-CME,22940650,2021-03-01 15:08:59.875000+00:00,13100.75,{'stop_loss_price': 13100.75}
INVALID_RISK_UNIT,risk_unit == 0 or non-finite,NQH21-CME,22963946,2021-03-01 15:25:53.442004+00:00,13139.25,{'stop_loss_price': 13139.25}
INVALID_RISK_UNIT,risk_unit == 0 or non-finite,NQH21-CME,22963947,2021-03-01 15:25:53.442005+00:00,13139.25,{'stop_loss_price': 13139.25}
INVALID_RISK_UNIT,risk_unit == 0 or non-finite,NQH21-CME,22963948,2021-03-01 15:25:53.442006+00:00,13139.25,{'stop_loss_price': 13139.25}
INVALID_RISK_UNIT,risk_unit == 0 or non-finite,NQH21-CME,22963949,2021-03-01 15:25:53.442007+00:00,13139.25,{'stop_loss_price': 13139.25}
INVALID_RISK_UNIT,risk_unit == 0 or non-finite,NQH21-CME,22963950,2021-03-01 15:25:53.442008+00:00,13139.25,{'stop_loss_price': 13139.25}
INVALID_RISK_UNIT,risk_unit == 0 or non-finite,NQH21-CME,23014816,2021-03-01 16:16:35.003000+00:00,13193.5,{'stop_loss_price': 13193.5}
INVALID_RISK_UNIT,risk_unit == 0 or non-finite,NQH21-CME,23035859,2021-03-01 16:45:56.449000+00:00,13216.25,{'stop_loss_price': 13216.25}
INVALID_RISK_UNIT,risk_unit == 0 or non-finite,NQH21-CME,23047165,2021-03-01 17:04:20.375000+00:00,13215.75,{'stop_loss_price': 13215.75}
INVALID_RISK_UNIT,risk_unit == 0 or non-finite,NQH21-CME,23049149,2021-03-01 17:08:30.865000+00:00,13224.0,{'stop_loss_price': 13224.0}
INVALID_RISK_UNIT,risk_unit == 0 or non-finite,NQH21-CME,23049150,2021-03-01 17:08:31.071000+00:00,13224.0,{'stop_loss_price': 13224.0}
INVALID_RISK_UNIT,risk_unit == 0 or non-finite,NQH21-CME,23049151,2021-03-01 17:08:31.672000+00:00,13224.0,{'stop_loss_price': 13224.0}
INVALID_RISK_UNIT,risk_unit == 0 or non-finite,NQH21-CME,23070789,2021-03-01 17:56:02.218000+00:00,13210.0,{'stop_loss_price': 13210.0}
INVALID_RISK_UNIT,risk_unit == 0 or non-finite,NQH21-CME,23121958,2021-03-01 19:42:51.249000+00:00,13262.25,{'stop_loss_price': 13262.25}
INVALID_RISK_UNIT,risk_unit == 0 or non-finite,NQH21-CME,23132439,2021-03-01 20:05:46.100000+00:00,13278.75,{'stop_loss_price': 13278.75}
INVALID_RISK_UNIT,risk_unit == 0 or non-finite,NQH21-CME,23209077,2021-03-02 02:26:34.793000+00:00,13257.75,{'stop_loss_price': 13257.75}
INVALID_RISK_UNIT,risk_unit == 0 or non-finite,NQH21-CME,23225765,2021-03-02 05:42:48.503000+00:00,13227.25,{'stop_loss_price': 13227.25}
INVALID_RISK_UNIT,risk_unit == 0 or non-finite,NQH21-CME,23239147,2021-03-02 07:43:11.138000+00:00,13204.0,{'stop_loss_price': 13204.0}
INVALID_RISK_UNIT,risk_unit == 0 or non-finite,NQH21-CME,23242510,2021-03-02 08:02:13.845000+00:00,13191.75,{'stop_loss_price': 13191.75}
INVALID_RISK_UNIT,risk_unit == 0 or non-finite,NQH21-CME,23242818,2021-03-02 08:03:50.758002+00:00,13195.0,{'stop_loss_price': 13195.0}
INVALID_RISK_UNIT,risk_unit == 0 or non-finite,NQH21-CME,23242819,2021-03-02 08:03:50.759000+00:00,13195.0,{'stop_loss_price': 13195.0}
INVALID_RISK_UNIT,risk_unit == 0 or non-finite,NQH21-CME,23296001,2021-03-02 13:34:53.339000+00:00,13247.5,{'stop_loss_price': 13247.5}
INVALID_RISK_UNIT,risk_unit == 0 or non-finite,NQH21-CME,23334771,2021-03-02 14:41:08.882000+00:00,13213.75,{'stop_loss_price': 13213.75}
INVALID_RISK_UNIT,risk_unit == 0 or non-finite,NQH21-CME,23334772,2021-03-02 14:41:08.882001+00:00,13213.75,{'stop_loss_price': 13213.75}
INVALID_RISK_UNIT,risk_unit == 0 or non-finite,NQH21-CME,23348104,2021-03-02 14:47:40.606000+00:00,13213.25,{'stop_loss_price': 13213.25}
INVALID_RISK_UNIT,risk_unit == 0 or non-finite,NQH21-CME,23395007,2021-03-02 15:15:44.473000+00:00,13207.25,{'stop_loss_price': 13207.25}
INVALID_RISK_UNIT,risk_unit == 0 or non-finite,NQH21-CME,23468333,2021-03-02 16:10:39.971002+00:00,13161.25,{'stop_loss_price': 13161.25}
INVALID_RISK_UNIT,risk_unit == 0 or non-finite,NQH21-CME,23509774,2021-03-02 16:46:34.465000+00:00,13115.5,{'stop_loss_price': 13115.5}
INVALID_RISK_UNIT,risk_unit == 0 or non-finite,NQH21-CME,23606544,2021-03-02 19:20:29.698000+00:00,13147.5,{'stop_loss_price': 13147.5}
INVALID_RISK_UNIT,risk_unit == 0 or non-finite,NQH21-CME,23606545,2021-03-02 19:20:29.699000+00:00,13147.5,{'stop_loss_price': 13147.5}
INVALID_RISK_UNIT,risk_unit == 0 or non-finite,NQH21-CME,23608906,2021-03-02 19:23:24.886000+00:00,13162.0,{'stop_loss_price': 13162.0}
INVALID_RISK_UNIT,risk_unit == 0 or non-finite,NQH21-CME,23608907,2021-03-02 19:23:24.886001+00:00,13162.0,{'stop_loss_price': 13162.0}
INVALID_RISK_UNIT,risk_unit == 0 or non-finite,NQH21-CME,23608909,2021-03-02 19:23:26.107000+00:00,13162.0,{'stop_loss_price': 13162.0}
INVALID_RISK_UNIT,risk_unit == 0 or non-finite,NQH21-CME,23620571,2021-03-02 19:43:02.348000+00:00,13146.0,{'stop_loss_price': 13146.0}
INVALID_RISK_UNIT,risk_unit == 0 or non-finite,NQH21-CME,23620572,2021-03-02 19:43:02.738000+00:00,13146.0,{'stop_loss_price': 13146.0}
INVALID_RISK_UNIT,risk_unit == 0 or non-finite,NQH21-CME,23646268,2021-03-02 20:22:49.924000+00:00,13114.0,{'stop_loss_price': 13114.0}
INVALID_RISK_UNIT,risk_unit == 0 or non-finite,NQH21-CME,23646750,2021-03-02 20:23:26.302000+00:00,13115.5,{'stop_loss_price': 13115.5}
INVALID_RISK_UNIT,risk_unit == 0 or non-finite,NQH21-CME,23656443,2021-03-02 20:35:42.941000+00:00,13118.0,{'stop_loss_price': 13118.0}
INVALID_RISK_UNIT,risk_unit == 0 or non-finite,NQH21-CME,23661913,2021-03-02 20:41:34.936000+00:00,13096.25,{'stop_loss_price': 13096.25}
INVALID_RISK_UNIT,risk_unit == 0 or non-finite,NQH21-CME,23661914,2021-03-02 20:41:34.936001+00:00,13096.25,{'stop_loss_price': 13096.25}
INVALID_RISK_UNIT,risk_unit == 0 or non-finite,NQH21-CME,23661915,2021-03-02 20:41:34.936002+00:00,13096.25,{'stop_loss_price': 13096.25}
INVALID_RISK_UNIT,risk_unit == 0 or non-finite,NQH21-CME,23661920,2021-03-02 20:41:35.041000+00:00,13096.25,{'stop_loss_price': 13096.25}
INVALID_RISK_UNIT,risk_unit == 0 or non-finite,NQH21-CME,23752394,2021-03-03 09:19:52.853000+00:00,13172.75,{'stop_loss_price': 13172.75}
INVALID_RISK_UNIT,risk_unit == 0 or non-finite,NQH21-CME,23761019,2021-03-03 10:28:33.763000+00:00,13148.25,{'stop_loss_price': 13148.25}
INVALID_RISK_UNIT,risk_unit == 0 or non-finite,NQH21-CME,23819464,2021-03-03 14:06:58.469000+00:00,13011.25,{'stop_loss_price': 13011.25}
INVALID_RISK_UNIT,risk_unit == 0 or non-finite,NQH21-CME,23843806,2021-03-03 14:34:19.547000+00:00,13033.0,{'stop_loss_price': 13033.0}
INVALID_RISK_UNIT,risk_unit == 0 or non-finite,NQH21-CME,23846869,2021-03-03 14:35:22.309000+00:00,13004.75,{'stop_loss_price': 13004.75}
INVALID_RISK_UNIT,risk_unit == 0 or non-finite,NQH21-CME,23846870,2021-03-03 14:35:22.309001+00:00,13004.75,{'stop_loss_price': 13004.75}
INVALID_RISK_UNIT,risk_unit == 0 or non-finite,NQH21-CME,23846871,2021-03-03 14:35:22.311000+00:00,13004.75,{'stop_loss_price': 13004.75}
INVALID_RISK_UNIT,risk_unit == 0 or non-finite,NQH21-CME,23881392,2021-03-03 14:49:52.752000+00:00,12958.75,{'stop_loss_price': 12958.75}
INVALID_RISK_UNIT,risk_unit == 0 or non-finite,NQH21-CME,23881504,2021-03-03 14:49:55.600000+00:00,12958.25,{'stop_loss_price': 12958.25}
INVALID_RISK_UNIT,risk_unit == 0 or non-finite,NQH21-CME,23923502,2021-03-03 15:11:24.902000+00:00,12879.0,{'stop_loss_price': 12879.0}
INVALID_RISK_UNIT,risk_unit == 0 or non-finite,NQH21-CME,23924110,2021-03-03 15:11:38.862000+00:00,12876.75,{'stop_loss_price': 12876.75}
INVALID_RISK_UNIT,risk_unit == 0 or non-finite,NQH21-CME,23960209,2021-03-03 15:27:51.553000+00:00,12864.75,{'stop_loss_price': 12864.75}
INVALID_RISK_UNIT,risk_unit == 0 or non-finite,NQH21-CME,23975274,2021-03-03 15:35:04.418000+00:00,12863.75,{'stop_loss_price': 12863.75}
INVALID_RISK_UNIT,risk_unit == 0 or non-finite,NQH21-CME,24037660,2021-03-03 16:16:14.565000+00:00,12897.5,{'stop_loss_price': 12897.5}
INVALID_RISK_UNIT,risk_unit == 0 or non-finite,NQH21-CME,24049347,2021-03-03 16:25:57.023001+00:00,12946.0,{'stop_loss_price': 12946.0}
INVALID_RISK_UNIT,risk_unit == 0 or non-finite,NQH21-CME,24049348,2021-03-03 16:25:57.023002+00:00,12946.0,{'stop_loss_price': 12946.0}
INVALID_RISK_UNIT,risk_unit == 0 or non-finite,NQH21-CME,24081947,2021-03-03 17:02:04.793000+00:00,12892.25,{'stop_loss_price': 12892.25}
INVALID_RISK_UNIT,risk_unit == 0 or non-finite,NQH21-CME,24099490,2021-03-03 17:27:37.950000+00:00,12857.0,{'stop_loss_price': 12857.0}
INVALID_RISK_UNIT,risk_unit == 0 or non-finite,NQH21-CME,24121670,2021-03-03 17:56:08.212000+00:00,12836.5,{'stop_loss_price': 12836.5}
INVALID_RISK_UNIT,risk_unit == 0 or non-finite,NQH21-CME,24227793,2021-03-03 19:30:57.327000+00:00,12686.5,{'stop_loss_price': 12686.5}
INVALID_RISK_UNIT,risk_unit == 0 or non-finite,NQH21-CME,24263558,2021-03-03 19:55:19.696000+00:00,12746.25,{'stop_loss_price': 12746.25}
INVALID_RISK_UNIT,risk_unit == 0 or non-finite,NQH21-CME,24327645,2021-03-03 20:51:43.263000+00:00,12703.5,{'stop_loss_price': 12703.5}
INVALID_RISK_UNIT,risk_unit == 0 or non-finite,NQH21-CME,24338526,2021-03-03 20:56:10.004000+00:00,12696.0,{'stop_loss_price': 12696.0}
INVALID_RISK_UNIT,risk_unit == 0 or non-finite,NQH21-CME,24338527,2021-03-03 20:56:10.004001+00:00,12696.0,{'stop_loss_price': 12696.0}
INVALID_RISK_UNIT,risk_unit == 0 or non-finite,NQH21-CME,24338528,2021-03-03 20:56:10.005000+00:00,12696.0,{'stop_loss_price': 12696.0}
INVALID_RISK_UNIT,risk_unit == 0 or non-finite,NQH21-CME,24406697,2021-03-04 03:21:05.226000+00:00,12593.25,{'stop_loss_price': 12593.25}
INVALID_RISK_UNIT,risk_unit == 0 or non-finite,NQH21-CME,24468345,2021-03-04 08:56:48.005001+00:00,12664.75,{'stop_loss_price': 12664.75}
INVALID_RISK_UNIT,risk_unit == 0 or non-finite,NQH21-CME,24468346,2021-03-04 08:56:48.005002+00:00,12664.75,{'stop_loss_price': 12664.75}
INVALID_RISK_UNIT,risk_unit == 0 or non-finite,NQH21-CME,24472175,2021-03-04 09:12:13.373000+00:00,12644.0,{'stop_loss_price': 12644.0}
INVALID_RISK_UNIT,risk_unit == 0 or non-finite,NQH21-CME,24472176,2021-03-04 09:12:14.194000+00:00,12644.0,{'stop_loss_price': 12644.0}
INVALID_RISK_UNIT,risk_unit == 0 or non-finite,NQH21-CME,24525084,2021-03-04 12:52:20.490000+00:00,12639.5,{'stop_loss_price': 12639.5}
INVALID_RISK_UNIT,risk_unit == 0 or non-finite,NQH21-CME,24554358,2021-03-04 14:14:28.689000+00:00,12659.75,{'stop_loss_price': 12659.75}
INVALID_RISK_UNIT,risk_unit == 0 or non-finite,NQH21-CME,24554359,2021-03-04 14:14:28.689001+00:00,12659.75,{'stop_loss_price': 12659.75}
INVALID_RISK_UNIT,risk_unit == 0 or non-finite,NQH21-CME,24584590,2021-03-04 14:38:00.869000+00:00,12743.0,{'stop_loss_price': 12743.0}
INVALID_RISK_UNIT,risk_unit == 0 or non-finite,NQH21-CME,24632534,2021-03-04 14:55:13.128000+00:00,12608.0,{'stop_loss_price': 12608.0}
INVALID_RISK_UNIT,risk_unit == 0 or non-finite,NQH21-CME,24647843,2021-03-04 15:01:01.423000+00:00,12594.5,{'stop_loss_price': 12594.5}
INVALID_RISK_UNIT,risk_unit == 0 or non-finite,NQH21-CME,24647844,2021-03-04 15:01:01.466000+00:00,12594.5,{'stop_loss_price': 12594.5}
INVALID_RISK_UNIT,risk_unit == 0 or non-finite,NQH21-CME,24649733,2021-03-04 15:01:58.520000+00:00,12588.0,{'stop_loss_price': 12588.0}
INVALID_RISK_UNIT,risk_unit == 0 or non-finite,NQH21-CME,24649734,2021-03-04 15:01:58.520001+00:00,12588.0,{'stop_loss_price': 12588.0}
INVALID_RISK_UNIT,risk_unit == 0 or non-finite,NQH21-CME,24654313,2021-03-04 15:03:28.362000+00:00,12580.75,{'stop_loss_price': 12580.75}
INVALID_RISK_UNIT,risk_unit == 0 or non-finite,NQH21-CME,24720051,2021-03-04 15:30:42.260000+00:00,12599.0,{'stop_loss_price': 12599.0}
INVALID_RISK_UNIT,risk_unit == 0 or non-finite,NQH21-CME,24748424,2021-03-04 15:44:03.405000+00:00,12707.5,{'stop_loss_price': 12707.5}
INVALID_RISK_UNIT,risk_unit == 0 or non-finite,NQH21-CME,24748425,2021-03-04 15:44:03.405001+00:00,12707.5,{'stop_loss_price': 12707.5}
INVALID_RISK_UNIT,risk_unit == 0 or non-finite,NQH21-CME,24748426,2021-03-04 15:44:03.405002+00:00,12707.5,{'stop_loss_price': 12707.5}
INVALID_RISK_UNIT,risk_unit == 0 or non-finite,NQH21-CME,24752630,2021-03-04 15:46:26.890000+00:00,12724.0,{'stop_loss_price': 12724.0}
INVALID_RISK_UNIT,risk_unit == 0 or non-finite,NQH21-CME,24787934,2021-03-04 16:01:43.005000+00:00,12746.0,{'stop_loss_price': 12746.0}
INVALID_RISK_UNIT,risk_unit == 0 or non-finite,NQH21-CME,24852728,2021-03-04 16:42:21.181000+00:00,12780.25,{'stop_loss_price': 12780.25}
INVALID_RISK_UNIT,risk_unit == 0 or non-finite,NQH21-CME,24859288,2021-03-04 16:47:54.526000+00:00,12793.5,{'stop_loss_price': 12793.5}
INVALID_RISK_UNIT,risk_unit == 0 or non-finite,NQH21-CME,24905209,2021-03-04 17:18:46.162000+00:00,12734.75,{'stop_loss_price': 12734.75}
INVALID_RISK_UNIT,risk_unit == 0 or non-finite,NQH21-CME,24907312,2021-03-04 17:19:52.610000+00:00,12715.0,{'stop_loss_price': 12715.0}
INVALID_RISK_UNIT,risk_unit == 0 or non-finite,NQH21-CME,24963626,2021-03-04 17:40:23.683001+00:00,12610.0,{'stop_loss_price': 12610.0}
INVALID_RISK_UNIT,risk_unit == 0 or non-finite,NQH21-CME,24963627,2021-03-04 17:40:23.683002+00:00,12610.0,{'stop_loss_price': 12610.0}
INVALID_RISK_UNIT,risk_unit == 0 or non-finite,NQH21-CME,25052872,2021-03-04 18:20:35.361000+00:00,12432.75,{'stop_loss_price': 12432.75}
INVALID_RISK_UNIT,risk_unit == 0 or non-finite,NQH21-CME,25066603,2021-03-04 18:28:49.957000+00:00,12463.25,{'stop_loss_price': 12463.25}
INVALID_RISK_UNIT,risk_unit == 0 or non-finite,NQH21-CME,25114260,2021-03-04 18:54:55.138000+00:00,12348.25,{'stop_loss_price': 12348.25}
INVALID_RISK_UNIT,risk_unit == 0 or non-finite,NQH21-CME,25142534,2021-03-04 19:08:53.583000+00:00,12383.5,{'stop_loss_price': 12383.5}
INVALID_RISK_UNIT,risk_unit == 0 or non-finite,NQH21-CME,25246255,2021-03-04 20:28:30.421000+00:00,12449.75,{'stop_loss_price': 12449.75}
INVALID_RISK_UNIT,risk_unit == 0 or non-finite,NQH21-CME,25281436,2021-03-04 20:57:46.714000+00:00,12445.5,{'stop_loss_price': 12445.5}
INVALID_RISK_UNIT,risk_unit == 0 or non-finite,NQH21-CME,25281437,2021-03-04 20:57:47.013000+00:00,12445.5,{'stop_loss_price': 12445.5}
INVALID_RISK_UNIT,risk_unit == 0 or non-finite,NQH21-CME,25281438,2021-03-04 20:57:47.021000+00:00,12445.5,{'stop_loss_price': 12445.5}
INVALID_RISK_UNIT,risk_unit == 0 or non-finite,NQH21-CME,25293869,2021-03-04 21:03:39.246000+00:00,12481.0,{'stop_loss_price': 12481.0}
INVALID_RISK_UNIT,risk_unit == 0 or non-finite,NQH21-CME,25296040,2021-03-04 21:08:47.525000+00:00,12478.75,{'stop_loss_price': 12478.75}
INVALID_RISK_UNIT,risk_unit == 0 or non-finite,NQH21-CME,25296041,2021-03-04 21:08:47.525001+00:00,12478.75,{'stop_loss_price': 12478.75}
INVALID_RISK_UNIT,risk_unit == 0 or non-finite,NQH21-CME,25343539,2021-03-05 03:10:11.529000+00:00,12397.25,{'stop_loss_price': 12397.25}
INVALID_RISK_UNIT,risk_unit == 0 or non-finite,NQH21-CME,25349524,2021-03-05 03:56:53.125000+00:00,12437.5,{'stop_loss_price': 12437.5}
INVALID_RISK_UNIT,risk_unit == 0 or non-finite,NQH21-CME,25362574,2021-03-05 05:51:11.142000+00:00,12457.0,{'stop_loss_price': 12457.0}
INVALID_RISK_UNIT,risk_unit == 0 or non-finite,NQH21-CME,25365113,2021-03-05 06:05:35.009000+00:00,12456.25,{'stop_loss_price': 12456.25}
INVALID_RISK_UNIT,risk_unit == 0 or non-finite,NQH21-CME,25388544,2021-03-05 08:18:35.456000+00:00,12388.5,{'stop_loss_price': 12388.5}
INVALID_RISK_UNIT,risk_unit == 0 or non-finite,NQH21-CME,25391284,2021-03-05 08:28:36.097000+00:00,12372.0,{'stop_loss_price': 12372.0}
INVALID_RISK_UNIT,risk_unit == 0 or non-finite,NQH21-CME,25466378,2021-03-05 13:34:59.778000+00:00,12382.0,{'stop_loss_price': 12382.0}
INVALID_RISK_UNIT,risk_unit == 0 or non-finite,NQH21-CME,25502154,2021-03-05 14:10:01.512001+00:00,12591.75,{'stop_loss_price': 12591.75}
INVALID_RISK_UNIT,risk_unit == 0 or non-finite,NQH21-CME,25530579,2021-03-05 14:33:34.669000+00:00,12568.0,{'stop_loss_price': 12568.0}
INVALID_RISK_UNIT,risk_unit == 0 or non-finite,NQH21-CME,25530580,2021-03-05 14:33:34.670000+00:00,12568.0,{'stop_loss_price': 12568.0}
INVALID_RISK_UNIT,risk_unit == 0 or non-finite,NQH21-CME,25530581,2021-03-05 14:33:34.706000+00:00,12568.0,{'stop_loss_price': 12568.0}
INVALID_RISK_UNIT,risk_unit == 0 or non-finite,NQH21-CME,25530582,2021-03-05 14:33:34.722000+00:00,12568.0,{'stop_loss_price': 12568.0}
INVALID_RISK_UNIT,risk_unit == 0 or non-finite,NQH21-CME,25586397,2021-03-05 14:50:44.111001+00:00,12426.5,{'stop_loss_price': 12426.5}
INVALID_RISK_UNIT,risk_unit == 0 or non-finite,NQH21-CME,25601508,2021-03-05 14:54:57.310000+00:00,12406.5,{'stop_loss_price': 12406.5}
INVALID_RISK_UNIT,risk_unit == 0 or non-finite,NQH21-CME,25608395,2021-03-05 14:57:06.983000+00:00,12393.0,{'stop_loss_price': 12393.0}
INVALID_RISK_UNIT,risk_unit == 0 or non-finite,NQH21-CME,25611638,2021-03-05 14:57:53.752000+00:00,12360.25,{'stop_loss_price': 12360.25}
INVALID_RISK_UNIT,risk_unit == 0 or non-finite,NQH21-CME,25611639,2021-03-05 14:57:53.753000+00:00,12360.25,{'stop_loss_price': 12360.25}
INVALID_RISK_UNIT,risk_unit == 0 or non-finite,NQH21-CME,25619644,2021-03-05 15:00:10.335000+00:00,12411.5,{'stop_loss_price': 12411.5}
INVALID_RISK_UNIT,risk_unit == 0 or non-finite,NQH21-CME,25631897,2021-03-05 15:04:19.181000+00:00,12434.25,{'stop_loss_price': 12434.25}
INVALID_RISK_UNIT,risk_unit == 0 or non-finite,NQH21-CME,25631898,2021-03-05 15:04:19.181001+00:00,12434.25,{'stop_loss_price': 12434.25}
INVALID_RISK_UNIT,risk_unit == 0 or non-finite,NQH21-CME,25681584,2021-03-05 15:24:04.617000+00:00,12361.75,{'stop_loss_price': 12361.75}
INVALID_RISK_UNIT,risk_unit == 0 or non-finite,NQH21-CME,25731087,2021-03-05 15:43:18.160000+00:00,12369.75,{'stop_loss_price': 12369.75}
INVALID_RISK_UNIT,risk_unit == 0 or non-finite,NQH21-CME,25731088,2021-03-05 15:43:18.160001+00:00,12369.75,{'stop_loss_price': 12369.75}
INVALID_RISK_UNIT,risk_unit == 0 or non-finite,NQH21-CME,25741505,2021-03-05 15:48:13.755000+00:00,12342.75,{'stop_loss_price': 12342.75}
INVALID_RISK_UNIT,risk_unit == 0 or non-finite,NQH21-CME,25742724,2021-03-05 15:48:45.128000+00:00,12361.5,{'stop_loss_price': 12361.5}
INVALID_RISK_UNIT,risk_unit == 0 or non-finite,NQH21-CME,25752363,2021-03-05 15:52:53.660000+00:00,12409.5,{'stop_loss_price': 12409.5}
INVALID_RISK_UNIT,risk_unit == 0 or non-finite,NQH21-CME,25773809,2021-03-05 16:04:03.018000+00:00,12357.5,{'stop_loss_price': 12357.5}
INVALID_RISK_UNIT,risk_unit == 0 or non-finite,NQH21-CME,25811742,2021-03-05 16:20:13.134000+00:00,12267.5,{'stop_loss_price': 12267.5}
INVALID_RISK_UNIT,risk_unit == 0 or non-finite,NQH21-CME,25815393,2021-03-05 16:21:43.620000+00:00,12267.0,{'stop_loss_price': 12267.0}
INVALID_RISK_UNIT,risk_unit == 0 or non-finite,NQH21-CME,25845395,2021-03-05 16:35:48.832005+00:00,12265.5,{'stop_loss_price': 12265.5}
INVALID_RISK_UNIT,risk_unit == 0 or non-finite,NQH21-CME,25845396,2021-03-05 16:35:48.832006+00:00,12265.5,{'stop_loss_price': 12265.5}
INVALID_RISK_UNIT,risk_unit == 0 or non-finite,NQH21-CME,25845397,2021-03-05 16:35:48.832007+00:00,12265.5,{'stop_loss_price': 12265.5}
INVALID_RISK_UNIT,risk_unit == 0 or non-finite,NQH21-CME,25845398,2021-03-05 16:35:48.832008+00:00,12265.5,{'stop_loss_price': 12265.5}
INVALID_RISK_UNIT,risk_unit == 0 or non-finite,NQH21-CME,25845399,2021-03-05 16:35:48.832009+00:00,12265.5,{'stop_loss_price': 12265.5}
INVALID_RISK_UNIT,risk_unit == 0 or non-finite,NQH21-CME,25846298,2021-03-05 16:36:15.217000+00:00,12287.0,{'stop_loss_price': 12287.0}
INVALID_RISK_UNIT,risk_unit == 0 or non-finite,NQH21-CME,25855286,2021-03-05 16:40:09.819000+00:00,12306.75,{'stop_loss_price': 12306.75}
INVALID_RISK_UNIT,risk_unit == 0 or non-finite,NQH21-CME,25858711,2021-03-05 16:41:48.874000+00:00,12300.0,{'stop_loss_price': 12300.0}
INVALID_RISK_UNIT,risk_unit == 0 or non-finite,NQH21-CME,25858712,2021-03-05 16:41:48.874001+00:00,12300.0,{'stop_loss_price': 12300.0}
INVALID_RISK_UNIT,risk_unit == 0 or non-finite,NQH21-CME,25858713,2021-03-05 16:41:48.875000+00:00,12300.0,{'stop_loss_price': 12300.0}
INVALID_RISK_UNIT,risk_unit == 0 or non-finite,NQH21-CME,25859018,2021-03-05 16:42:00.908000+00:00,12293.75,{'stop_loss_price': 12293.75}
INVALID_RISK_UNIT,risk_unit == 0 or non-finite,NQH21-CME,25957625,2021-03-05 17:44:58.633000+00:00,12518.5,{'stop_loss_price': 12518.5}
INVALID_RISK_UNIT,risk_unit == 0 or non-finite,NQH21-CME,25969534,2021-03-05 17:53:04.377000+00:00,12506.5,{'stop_loss_price': 12506.5}
INVALID_RISK_UNIT,risk_unit == 0 or non-finite,NQH21-CME,26032778,2021-03-05 18:36:34.345000+00:00,12590.75,{'stop_loss_price': 12590.75}
INVALID_RISK_UNIT,risk_unit == 0 or non-finite,NQH21-CME,26120223,2021-03-05 20:01:10.925000+00:00,12681.75,{'stop_loss_price': 12681.75}
INVALID_RISK_UNIT,risk_unit == 0 or non-finite,NQH21-CME,26213080,2021-03-08 00:07:11.088000+00:00,12657.5,{'stop_loss_price': 12657.5}
INVALID_RISK_UNIT,risk_unit == 0 or non-finite,NQH21-CME,26283189,2021-03-08 07:13:14.117001+00:00,12474.75,{'stop_loss_price': 12474.75}
INVALID_RISK_UNIT,risk_unit == 0 or non-finite,NQH21-CME,26299098,2021-03-08 08:29:11.673000+00:00,12432.0,{'stop_loss_price': 12432.0}
INVALID_RISK_UNIT,risk_unit == 0 or non-finite,NQH21-CME,26343174,2021-03-08 12:30:46.420000+00:00,12488.75,{'stop_loss_price': 12488.75}
INVALID_RISK_UNIT,risk_unit == 0 or non-finite,NQH21-CME,26433026,2021-03-08 14:44:00.285000+00:00,12672.5,{'stop_loss_price': 12672.5}
INVALID_RISK_UNIT,risk_unit == 0 or non-finite,NQH21-CME,26508384,2021-03-08 15:18:45.690000+00:00,12665.0,{'stop_loss_price': 12665.0}
INVALID_RISK_UNIT,risk_unit == 0 or non-finite,NQH21-CME,26522485,2021-03-08 15:28:02.575000+00:00,12676.75,{'stop_loss_price': 12676.75}
INVALID_RISK_UNIT,risk_unit == 0 or non-finite,NQH21-CME,26559107,2021-03-08 15:55:11.402000+00:00,12623.25,{'stop_loss_price': 12623.25}
INVALID_RISK_UNIT,risk_unit == 0 or non-finite,NQH21-CME,26575806,2021-03-08 16:07:52.116000+00:00,12628.75,{'stop_loss_price': 12628.75}
INVALID_RISK_UNIT,risk_unit == 0 or non-finite,NQH21-CME,26579062,2021-03-08 16:10:28.538000+00:00,12606.5,{'stop_loss_price': 12606.5}
INVALID_RISK_UNIT,risk_unit == 0 or non-finite,NQH21-CME,26591379,2021-03-08 16:22:10.137000+00:00,12634.0,{'stop_loss_price': 12634.0}
INVALID_RISK_UNIT,risk_unit == 0 or non-finite,NQH21-CME,26591380,2021-03-08 16:22:10.137001+00:00,12634.0,{'stop_loss_price': 12634.0}
INVALID_RISK_UNIT,risk_unit == 0 or non-finite,NQH21-CME,26673450,2021-03-08 17:49:14.516000+00:00,12571.25,{'stop_loss_price': 12571.25}
INVALID_RISK_UNIT,risk_unit == 0 or non-finite,NQH21-CME,26689930,2021-03-08 18:12:43.517000+00:00,12554.0,{'stop_loss_price': 12554.0}
INVALID_RISK_UNIT,risk_unit == 0 or non-finite,NQH21-CME,26695502,2021-03-08 18:23:01.753000+00:00,12559.75,{'stop_loss_price': 12559.75}
INVALID_RISK_UNIT,risk_unit == 0 or non-finite,NQH21-CME,26725657,2021-03-08 19:01:01.955000+00:00,12422.75,{'stop_loss_price': 12422.75}
INVALID_RISK_UNIT,risk_unit == 0 or non-finite,NQH21-CME,26725658,2021-03-08 19:01:01.971000+00:00,12422.75,{'stop_loss_price': 12422.75}
INVALID_RISK_UNIT,risk_unit == 0 or non-finite,NQH21-CME,26806275,2021-03-08 20:34:21.257001+00:00,12386.25,{'stop_loss_price': 12386.25}
INVALID_RISK_UNIT,risk_unit == 0 or non-finite,NQH21-CME,26806276,2021-03-08 20:34:21.258000+00:00,12386.25,{'stop_loss_price': 12386.25}
INVALID_RISK_UNIT,risk_unit == 0 or non-finite,NQH21-CME,26806277,2021-03-08 20:34:21.258001+00:00,12386.25,{'stop_loss_price': 12386.25}
INVALID_RISK_UNIT,risk_unit == 0 or non-finite,NQH21-CME,26806278,2021-03-08 20:34:21.259000+00:00,12386.25,{'stop_loss_price': 12386.25}
INVALID_RISK_UNIT,risk_unit == 0 or non-finite,NQH21-CME,26812119,2021-03-08 20:41:13.418000+00:00,12368.75,{'stop_loss_price': 12368.75}
INVALID_RISK_UNIT,risk_unit == 0 or non-finite,NQH21-CME,26814335,2021-03-08 20:43:23.075000+00:00,12380.5,{'stop_loss_price': 12380.5}
INVALID_RISK_UNIT,risk_unit == 0 or non-finite,NQH21-CME,26833125,2021-03-08 20:57:01.005000+00:00,12316.75,{'stop_loss_price': 12316.75}
INVALID_RISK_UNIT,risk_unit == 0 or non-finite,NQH21-CME,26849610,2021-03-08 21:09:22.329000+00:00,12311.25,{'stop_loss_price': 12311.25}
INVALID_RISK_UNIT,risk_unit == 0 or non-finite,NQH21-CME,26868409,2021-03-09 01:01:56.595000+00:00,12378.0,{'stop_loss_price': 12378.0}
INVALID_RISK_UNIT,risk_unit == 0 or non-finite,NQH21-CME,26870613,2021-03-09 01:13:50.428000+00:00,12402.25,{'stop_loss_price': 12402.25}
INVALID_RISK_UNIT,risk_unit == 0 or non-finite,NQH21-CME,26905721,2021-03-09 05:46:36.792000+00:00,12440.0,{'stop_loss_price': 12440.0}
INVALID_RISK_UNIT,risk_unit == 0 or non-finite,NQH21-CME,26980625,2021-03-09 12:12:35.770000+00:00,12572.75,{'stop_loss_price': 12572.75}
INVALID_RISK_UNIT,risk_unit == 0 or non-finite,NQH21-CME,27004883,2021-03-09 13:38:49.448000+00:00,12571.0,{'stop_loss_price': 12571.0}
INVALID_RISK_UNIT,risk_unit == 0 or non-finite,NQH21-CME,27072119,2021-03-09 14:47:42.890000+00:00,12641.0,{'stop_loss_price': 12641.0}
INVALID_RISK_UNIT,risk_unit == 0 or non-finite,NQH21-CME,27072120,2021-03-09 14:47:42.890001+00:00,12641.0,{'stop_loss_price': 12641.0}
INVALID_RISK_UNIT,risk_unit == 0 or non-finite,NQH21-CME,27072121,2021-03-09 14:47:42.890002+00:00,12641.0,{'stop_loss_price': 12641.0}
INVALID_RISK_UNIT,risk_unit == 0 or non-finite,NQH21-CME,27085429,2021-03-09 14:54:40.695000+00:00,12682.5,{'stop_loss_price': 12682.5}
INVALID_RISK_UNIT,risk_unit == 0 or non-finite,NQH21-CME,27094408,2021-03-09 14:59:11.353000+00:00,12712.5,{'stop_loss_price': 12712.5}
INVALID_RISK_UNIT,risk_unit == 0 or non-finite,NQH21-CME,27174799,2021-03-09 15:52:12.593000+00:00,12712.25,{'stop_loss_price': 12712.25}
INVALID_RISK_UNIT,risk_unit == 0 or non-finite,NQH21-CME,27174800,2021-03-09 15:52:12.593001+00:00,12712.25,{'stop_loss_price': 12712.25}
INVALID_RISK_UNIT,risk_unit == 0 or non-finite,NQH21-CME,27216482,2021-03-09 16:34:24.938000+00:00,12747.25,{'stop_loss_price': 12747.25}
INVALID_RISK_UNIT,risk_unit == 0 or non-finite,NQH21-CME,27222174,2021-03-09 16:43:28.315000+00:00,12744.75,{'stop_loss_price': 12744.75}
INVALID_RISK_UNIT,risk_unit == 0 or non-finite,NQH21-CME,27222175,2021-03-09 16:43:28.517000+00:00,12744.75,{'stop_loss_price': 12744.75}
INVALID_RISK_UNIT,risk_unit == 0 or non-finite,NQH21-CME,27222180,2021-03-09 16:43:28.644000+00:00,12744.75,{'stop_loss_price': 12744.75}
INVALID_RISK_UNIT,risk_unit == 0 or non-finite,NQH21-CME,27222181,2021-03-09 16:43:28.644001+00:00,12744.75,{'stop_loss_price': 12744.75}
INVALID_RISK_UNIT,risk_unit == 0 or non-finite,NQH21-CME,27238052,2021-03-09 17:04:42.176000+00:00,12756.25,{'stop_loss_price': 12756.25}
INVALID_RISK_UNIT,risk_unit == 0 or non-finite,NQH21-CME,27244305,2021-03-09 17:13:29.449000+00:00,12779.0,{'stop_loss_price': 12779.0}
INVALID_RISK_UNIT,risk_unit == 0 or non-finite,NQH21-CME,27296595,2021-03-09 18:36:24.629000+00:00,12843.75,{'stop_loss_price': 12843.75}
INVALID_RISK_UNIT,risk_unit == 0 or non-finite,NQH21-CME,27306578,2021-03-09 18:55:36.674000+00:00,12854.5,{'stop_loss_price': 12854.5}
INVALID_RISK_UNIT,risk_unit == 0 or non-finite,NQH21-CME,27314341,2021-03-09 19:14:06.147000+00:00,12843.0,{'stop_loss_price': 12843.0}
INVALID_RISK_UNIT,risk_unit == 0 or non-finite,NQH21-CME,27328025,2021-03-09 19:36:44.980000+00:00,12822.5,{'stop_loss_price': 12822.5}
INVALID_RISK_UNIT,risk_unit == 0 or non-finite,NQH21-CME,27333970,2021-03-09 19:48:56.813000+00:00,12840.25,{'stop_loss_price': 12840.25}
INVALID_RISK_UNIT,risk_unit == 0 or non-finite,NQH21-CME,27333971,2021-03-09 19:48:57.167000+00:00,12840.25,{'stop_loss_price': 12840.25}
INVALID_RISK_UNIT,risk_unit == 0 or non-finite,NQH21-CME,27333972,2021-03-09 19:48:57.178000+00:00,12840.25,{'stop_loss_price': 12840.25}
INVALID_RISK_UNIT,risk_unit == 0 or non-finite,NQH21-CME,27333989,2021-03-09 19:48:57.865000+00:00,12840.25,{'stop_loss_price': 12840.25}
INVALID_RISK_UNIT,risk_unit == 0 or non-finite,NQH21-CME,27333990,2021-03-09 19:48:57.903000+00:00,12840.25,{'stop_loss_price': 12840.25}
INVALID_RISK_UNIT,risk_unit == 0 or non-finite,NQH21-CME,27333991,2021-03-09 19:48:57.903001+00:00,12840.25,{'stop_loss_price': 12840.25}
INVALID_RISK_UNIT,risk_unit == 0 or non-finite,NQH21-CME,27333992,2021-03-09 19:48:57.939000+00:00,12840.25,{'stop_loss_price': 12840.25}
INVALID_RISK_UNIT,risk_unit == 0 or non-finite,NQH21-CME,27336906,2021-03-09 19:55:28.313000+00:00,12845.0,{'stop_loss_price': 12845.0}
INVALID_RISK_UNIT,risk_unit == 0 or non-finite,NQH21-CME,27339133,2021-03-09 19:59:49.584000+00:00,12833.5,{'stop_loss_price': 12833.5}
INVALID_RISK_UNIT,risk_unit == 0 or non-finite,NQH21-CME,27343158,2021-03-09 20:08:51.346002+00:00,12848.0,{'stop_loss_price': 12848.0}
INVALID_RISK_UNIT,risk_unit == 0 or non-finite,NQH21-CME,27343159,2021-03-09 20:08:51.347000+00:00,12848.0,{'stop_loss_price': 12848.0}
INVALID_RISK_UNIT,risk_unit == 0 or non-finite,NQH21-CME,27343160,2021-03-09 20:08:51.347001+00:00,12848.0,{'stop_loss_price': 12848.0}
INVALID_RISK_UNIT,risk_unit == 0 or non-finite,NQH21-CME,27343161,2021-03-09 20:08:51.349000+00:00,12848.0,{'stop_loss_price': 12848.0}
INVALID_RISK_UNIT,risk_unit == 0 or non-finite,NQH21-CME,27343162,2021-03-09 20:08:51.349001+00:00,12848.0,{'stop_loss_price': 12848.0}
INVALID_RISK_UNIT,risk_unit == 0 or non-finite,NQH21-CME,27343163,2021-03-09 20:08:51.349002+00:00,12848.0,{'stop_loss_price': 12848.0}
INVALID_RISK_UNIT,risk_unit == 0 or non-finite,NQH21-CME,27343164,2021-03-09 20:08:51.451000+00:00,12848.0,{'stop_loss_price': 12848.0}
INVALID_RISK_UNIT,risk_unit == 0 or non-finite,NQH21-CME,27343166,2021-03-09 20:08:52.128000+00:00,12848.0,{'stop_loss_price': 12848.0}
INVALID_RISK_UNIT,risk_unit == 0 or non-finite,NQH21-CME,27369697,2021-03-09 20:46:11.509000+00:00,12821.75,{'stop_loss_price': 12821.75}
INVALID_RISK_UNIT,risk_unit == 0 or non-finite,NQH21-CME,27370614,2021-03-09 20:46:58.654000+00:00,12809.75,{'stop_loss_price': 12809.75}
INVALID_RISK_UNIT,risk_unit == 0 or non-finite,NQH21-CME,27418991,2021-03-10 00:05:27.041000+00:00,12797.75,{'stop_loss_price': 12797.75}
INVALID_RISK_UNIT,risk_unit == 0 or non-finite,NQH21-CME,27451554,2021-03-10 04:52:12.296001+00:00,12776.25,{'stop_loss_price': 12776.25}
INVALID_RISK_UNIT,risk_unit == 0 or non-finite,NQH21-CME,27451991,2021-03-10 04:59:07.671000+00:00,12775.25,{'stop_loss_price': 12775.25}
INVALID_RISK_UNIT,risk_unit == 0 or non-finite,NQH21-CME,27525454,2021-03-10 13:08:07.423000+00:00,12731.25,{'stop_loss_price': 12731.25}
INVALID_RISK_UNIT,risk_unit == 0 or non-finite,NQH21-CME,27527373,2021-03-10 13:17:17.085000+00:00,12741.75,{'stop_loss_price': 12741.75}
INVALID_RISK_UNIT,risk_unit == 0 or non-finite,NQH21-CME,27584203,2021-03-10 14:25:26.678000+00:00,12983.25,{'stop_loss_price': 12983.25}
INVALID_RISK_UNIT,risk_unit == 0 or non-finite,NQH21-CME,27614656,2021-03-10 14:35:34.876000+00:00,12934.5,{'stop_loss_price': 12934.5}
INVALID_RISK_UNIT,risk_unit == 0 or non-finite,NQH21-CME,27633544,2021-03-10 14:42:23.242000+00:00,12887.25,{'stop_loss_price': 12887.25}
INVALID_RISK_UNIT,risk_unit == 0 or non-finite,NQH21-CME,27633545,2021-03-10 14:42:23.242001+00:00,12887.25,{'stop_loss_price': 12887.25}
INVALID_RISK_UNIT,risk_unit == 0 or non-finite,NQH21-CME,27690039,2021-03-10 15:13:56.592000+00:00,12907.5,{'stop_loss_price': 12907.5}
INVALID_RISK_UNIT,risk_unit == 0 or non-finite,NQH21-CME,27692682,2021-03-10 15:15:30.228004+00:00,12901.5,{'stop_loss_price': 12901.5}
INVALID_RISK_UNIT,risk_unit == 0 or non-finite,NQH21-CME,27712127,2021-03-10 15:26:21.135000+00:00,12822.5,{'stop_loss_price': 12822.5}
INVALID_RISK_UNIT,risk_unit == 0 or non-finite,NQH21-CME,27712128,2021-03-10 15:26:21.174000+00:00,12822.5,{'stop_loss_price': 12822.5}
INVALID_RISK_UNIT,risk_unit == 0 or non-finite,NQH21-CME,27747916,2021-03-10 15:45:32.265000+00:00,12824.75,{'stop_loss_price': 12824.75}
INVALID_RISK_UNIT,risk_unit == 0 or non-finite,NQH21-CME,27794643,2021-03-10 16:14:05.588000+00:00,12829.5,{'stop_loss_price': 12829.5}
INVALID_RISK_UNIT,risk_unit == 0 or non-finite,NQH21-CME,27805911,2021-03-10 16:26:01.574000+00:00,12827.5,{'stop_loss_price': 12827.5}
INVALID_RISK_UNIT,risk_unit == 0 or non-finite,NQH21-CME,27811359,2021-03-10 16:30:50.090000+00:00,12847.5,{'stop_loss_price': 12847.5}
INVALID_RISK_UNIT,risk_unit == 0 or non-finite,NQH21-CME,27821921,2021-03-10 16:42:43.697000+00:00,12784.75,{'stop_loss_price': 12784.75}
INVALID_RISK_UNIT,risk_unit == 0 or non-finite,NQH21-CME,27854579,2021-03-10 17:22:00.457000+00:00,12812.75,{'stop_loss_price': 12812.75}
INVALID_RISK_UNIT,risk_unit == 0 or non-finite,NQH21-CME,27860649,2021-03-10 17:30:26.860000+00:00,12795.75,{'stop_loss_price': 12795.75}
INVALID_RISK_UNIT,risk_unit == 0 or non-finite,NQH21-CME,27879391,2021-03-10 17:49:43.253000+00:00,12811.0,{'stop_loss_price': 12811.0}
INVALID_RISK_UNIT,risk_unit == 0 or non-finite,NQH21-CME,27917243,2021-03-10 18:17:05.657000+00:00,12780.0,{'stop_loss_price': 12780.0}
INVALID_RISK_UNIT,risk_unit == 0 or non-finite,NQH21-CME,27917244,2021-03-10 18:17:05.657001+00:00,12780.0,{'stop_loss_price': 12780.0}
INVALID_RISK_UNIT,risk_unit == 0 or non-finite,NQH21-CME,27948884,2021-03-10 18:50:05.032000+00:00,12750.5,{'stop_loss_price': 12750.5}
INVALID_RISK_UNIT,risk_unit == 0 or non-finite,NQH21-CME,28168230,2021-03-11 14:01:56.107000+00:00,12966.0,{'stop_loss_price': 12966.0}
INVALID_RISK_UNIT,risk_unit == 0 or non-finite,NQH21-CME,28235052,2021-03-11 15:00:05.124000+00:00,12974.75,{'stop_loss_price': 12974.75}
INVALID_RISK_UNIT,risk_unit == 0 or non-finite,NQH21-CME,28268448,2021-03-11 15:24:56.278000+00:00,12941.25,{'stop_loss_price': 12941.25}
INVALID_RISK_UNIT,risk_unit == 0 or non-finite,NQH21-CME,28289395,2021-03-11 15:46:26.471000+00:00,12998.75,{'stop_loss_price': 12998.75}
INVALID_RISK_UNIT,risk_unit == 0 or non-finite,NQH21-CME,28351905,2021-03-11 17:11:45.718000+00:00,13088.75,{'stop_loss_price': 13088.75}
INVALID_RISK_UNIT,risk_unit == 0 or non-finite,NQH21-CME,28351906,2021-03-11 17:11:45.718001+00:00,13088.75,{'stop_loss_price': 13088.75}
INVALID_RISK_UNIT,risk_unit == 0 or non-finite,NQH21-CME,28476590,2021-03-12 02:36:01.389000+00:00,13030.75,{'stop_loss_price': 13030.75}
INVALID_RISK_UNIT,risk_unit == 0 or non-finite,NQH21-CME,28476591,2021-03-12 02:36:01.389001+00:00,13030.75,{'stop_loss_price': 13030.75}
INVALID_RISK_UNIT,risk_unit == 0 or non-finite,NQH21-CME,28503564,2021-03-12 07:06:20.168000+00:00,12967.75,{'stop_loss_price': 12967.75}
INVALID_RISK_UNIT,risk_unit == 0 or non-finite,NQH21-CME,28538227,2021-03-12 09:30:43.751000+00:00,12835.0,{'stop_loss_price': 12835.0}
INVALID_RISK_UNIT,risk_unit == 0 or non-finite,NQH21-CME,28538228,2021-03-12 09:30:43.751001+00:00,12835.0,{'stop_loss_price': 12835.0}
INVALID_RISK_UNIT,risk_unit == 0 or non-finite,NQH21-CME,28555682,2021-03-12 11:38:42.255000+00:00,12844.5,{'stop_loss_price': 12844.5}
INVALID_RISK_UNIT,risk_unit == 0 or non-finite,NQH21-CME,28567623,2021-03-12 12:55:14.324000+00:00,12893.0,{'stop_loss_price': 12893.0}
INVALID_RISK_UNIT,risk_unit == 0 or non-finite,NQH21-CME,28590381,2021-03-12 14:28:03.207000+00:00,12859.5,{'stop_loss_price': 12859.5}
INVALID_RISK_UNIT,risk_unit == 0 or non-finite,NQH21-CME,28624304,2021-03-12 14:51:39.574000+00:00,12886.0,{'stop_loss_price': 12886.0}
INVALID_RISK_UNIT,risk_unit == 0 or non-finite,NQH21-CME,28625839,2021-03-12 14:53:01.034000+00:00,12880.25,{'stop_loss_price': 12880.25}
INVALID_RISK_UNIT,risk_unit == 0 or non-finite,NQH21-CME,28654303,2021-03-12 15:21:55.912000+00:00,12847.75,{'stop_loss_price': 12847.75}
INVALID_RISK_UNIT,risk_unit == 0 or non-finite,NQH21-CME,28694066,2021-03-12 16:03:54.996000+00:00,12791.5,{'stop_loss_price': 12791.5}
INVALID_RISK_UNIT,risk_unit == 0 or non-finite,NQH21-CME,28702579,2021-03-12 16:14:07.490000+00:00,12810.75,{'stop_loss_price': 12810.75}
INVALID_RISK_UNIT,risk_unit == 0 or non-finite,NQH21-CME,28702580,2021-03-12 16:14:07.490001+00:00,12810.75,{'stop_loss_price': 12810.75}
INVALID_RISK_UNIT,risk_unit == 0 or non-finite,NQH21-CME,28702581,2021-03-12 16:14:08.236000+00:00,12810.75,{'stop_loss_price': 12810.75}
INVALID_RISK_UNIT,risk_unit == 0 or non-finite,NQH21-CME,28702582,2021-03-12 16:14:08.828000+00:00,12810.75,{'stop_loss_price': 12810.75}
INVALID_RISK_UNIT,risk_unit == 0 or non-finite,NQH21-CME,28702583,2021-03-12 16:14:08.878000+00:00,12810.75,{'stop_loss_price': 12810.75}
INVALID_RISK_UNIT,risk_unit == 0 or non-finite,NQH21-CME,28702584,2021-03-12 16:14:08.878001+00:00,12810.75,{'stop_loss_price': 12810.75}
INVALID_RISK_UNIT,risk_unit == 0 or non-finite,NQH21-CME,28708248,2021-03-12 16:25:22.486000+00:00,12829.75,{'stop_loss_price': 12829.75}
INVALID_RISK_UNIT,risk_unit == 0 or non-finite,NQH21-CME,28708249,2021-03-12 16:25:22.486001+00:00,12829.75,{'stop_loss_price': 12829.75}
INVALID_RISK_UNIT,risk_unit == 0 or non-finite,NQH21-CME,28708250,2021-03-12 16:25:22.487000+00:00,12829.75,{'stop_loss_price': 12829.75}
INVALID_RISK_UNIT,risk_unit == 0 or non-finite,NQH21-CME,28708251,2021-03-12 16:25:22.487001+00:00,12829.75,{'stop_loss_price': 12829.75}
INVALID_RISK_UNIT,risk_unit == 0 or non-finite,NQH21-CME,28734389,2021-03-12 17:28:52.475000+00:00,12901.25,{'stop_loss_price': 12901.25}
INVALID_RISK_UNIT,risk_unit == 0 or non-finite,NQH21-CME,28770652,2021-03-12 19:43:36.097000+00:00,12889.75,{'stop_loss_price': 12889.75}
INVALID_RISK_UNIT,risk_unit == 0 or non-finite,NQH21-CME,28793204,2021-03-12 20:55:07.008000+00:00,12927.75,{'stop_loss_price': 12927.75}
