code,message,contract,row_index,timestamp_utc,price,context
INVALID_RISK_UNIT,risk_unit == 0 or non-finite,NQM19-CME,18275,2019-03-11 04:33:59+00:00,7061.5,{'stop_loss_price': 7061.5}
INVALID_RISK_UNIT,risk_unit == 0 or non-finite,NQM19-CME,18276,2019-03-11 04:33:59.001000+00:00,7061.5,{'stop_loss_price': 7061.5}
INVALID_RISK_UNIT,risk_unit == 0 or non-finite,NQM19-CME,18277,2019-03-11 04:33:59.002000+00:00,7061.5,{'stop_loss_price': 7061.5}
INVALID_RISK_UNIT,risk_unit == 0 or non-finite,NQM19-CME,18278,2019-03-11 04:34:01+00:00,7061.5,{'stop_loss_price': 7061.5}
INVALID_RISK_UNIT,risk_unit == 0 or non-finite,NQM19-CME,18279,2019-03-11 04:34:20+00:00,7061.5,{'stop_loss_price': 7061.5}
INVALID_RISK_UNIT,risk_unit == 0 or non-finite,NQM19-CME,55558,2019-03-11 13:34:12.065000+00:00,7096.0,{'stop_loss_price': 7096.0}
INVALID_RISK_UNIT,risk_unit == 0 or non-finite,NQM19-CME,55559,2019-03-11 13:34:12.066000+00:00,7096.0,{'stop_loss_price': 7096.0}
INVALID_RISK_UNIT,risk_unit == 0 or non-finite,NQM19-CME,55560,2019-03-11 13:34:12.067000+00:00,7096.0,{'stop_loss_price': 7096.0}
INVALID_RISK_UNIT,risk_unit == 0 or non-finite,NQM19-CME,55561,2019-03-11 13:34:12.068000+00:00,7096.0,{'stop_loss_price': 7096.0}
INVALID_RISK_UNIT,risk_unit == 0 or non-finite,NQM19-CME,55562,2019-03-11 13:34:12.069000+00:00,7096.0,{'stop_loss_price': 7096.0}
INVALID_RISK_UNIT,risk_unit == 0 or non-finite,NQM19-CME,55563,2019-03-11 13:34:12.070000+00:00,7096.0,{'stop_loss_price': 7096.0}
INVALID_RISK_UNIT,risk_unit == 0 or non-finite,NQM19-CME,55564,2019-03-11 13:34:12.071000+00:00,7096.0,{'stop_loss_price': 7096.0}
INVALID_RISK_UNIT,risk_unit == 0 or non-finite,NQM19-CME,55565,2019-03-11 13:34:12.072000+00:00,7096.0,{'stop_loss_price': 7096.0}
INVALID_RISK_UNIT,risk_unit == 0 or non-finite,NQM19-CME,55567,2019-03-11 13:34:12.074000+00:00,7096.0,{'stop_loss_price': 7096.0}
INVALID_RISK_UNIT,risk_unit == 0 or non-finite,NQM19-CME,70458,2019-03-11 13:47:04.002000+00:00,7114.0,{'stop_loss_price': 7114.0}
INVALID_RISK_UNIT,risk_unit == 0 or non-finite,NQM19-CME,70459,2019-03-11 13:47:04.003000+00:00,7114.0,{'stop_loss_price': 7114.0}
INVALID_RISK_UNIT,risk_unit == 0 or non-finite,NQM19-CME,70460,2019-03-11 13:47:04.004000+00:00,7114.0,{'stop_loss_price': 7114.0}
INVALID_RISK_UNIT,risk_unit == 0 or non-finite,NQM19-CME,70461,2019-03-11 13:47:04.005000+00:00,7114.0,{'stop_loss_price': 7114.0}
INVALID_RISK_UNIT,risk_unit == 0 or non-finite,NQM19-CME,70462,2019-03-11 13:47:04.006000+00:00,7114.0,{'stop_loss_price': 7114.0}
INVALID_RISK_UNIT,risk_unit == 0 or non-finite,NQM19-CME,70463,2019-03-11 13:47:04.007000+00:00,7114.0,{'stop_loss_price': 7114.0}
INVALID_RISK_UNIT,risk_unit == 0 or non-finite,NQM19-CME,70464,2019-03-11 13:47:04.008000+00:00,7114.0,{'stop_loss_price': 7114.0}
INVALID_RISK_UNIT,risk_unit == 0 or non-finite,NQM19-CME,70466,2019-03-11 13:47:04.010000+00:00,7114.0,{'stop_loss_price': 7114.0}
INVALID_RISK_UNIT,risk_unit == 0 or non-finite,NQM19-CME,86639,2019-03-11 14:04:20.006000+00:00,7130.75,{'stop_loss_price': 7130.75}
INVALID_RISK_UNIT,risk_unit == 0 or non-finite,NQM19-CME,86640,2019-03-11 14:04:20.007000+00:00,7130.75,{'stop_loss_price': 7130.75}
INVALID_RISK_UNIT,risk_unit == 0 or non-finite,NQM19-CME,86641,2019-03-11 14:04:20.008000+00:00,7130.75,{'stop_loss_price': 7130.75}
INVALID_RISK_UNIT,risk_unit == 0 or non-finite,NQM19-CME,86642,2019-03-11 14:04:20.009000+00:00,7130.75,{'stop_loss_price': 7130.75}
INVALID_RISK_UNIT,risk_unit == 0 or non-finite,NQM19-CME,94625,2019-03-11 14:16:12.001000+00:00,7124.75,{'stop_loss_price': 7124.75}
INVALID_RISK_UNIT,risk_unit == 0 or non-finite,NQM19-CME,94626,2019-03-11 14:16:12.002000+00:00,7124.75,{'stop_loss_price': 7124.75}
INVALID_RISK_UNIT,risk_unit == 0 or non-finite,NQM19-CME,94627,2019-03-11 14:16:12.003000+00:00,7124.75,{'stop_loss_price': 7124.75}
INVALID_RISK_UNIT,risk_unit == 0 or non-finite,NQM19-CME,100047,2019-03-11 14:23:11.015000+00:00,7132.5,{'stop_loss_price': 7132.5}
INVALID_RISK_UNIT,risk_unit == 0 or non-finite,NQM19-CME,100048,2019-03-11 14:23:11.016000+00:00,7132.5,{'stop_loss_price': 7132.5}
INVALID_RISK_UNIT,risk_unit == 0 or non-finite,NQM19-CME,100049,2019-03-11 14:23:11.017000+00:00,7132.5,{'stop_loss_price': 7132.5}
INVALID_RISK_UNIT,risk_unit == 0 or non-finite,NQM19-CME,100050,2019-03-11 14:23:11.018000+00:00,7132.5,{'stop_loss_price': 7132.5}
INVALID_RISK_UNIT,risk_unit == 0 or non-finite,NQM19-CME,111998,2019-03-11 14:40:40.006000+00:00,7135.0,{'stop_loss_price': 7135.0}
INVALID_RISK_UNIT,risk_unit == 0 or non-finite,NQM19-CME,111999,2019-03-11 14:40:40.007000+00:00,7135.0,{'stop_loss_price': 7135.0}
INVALID_RISK_UNIT,risk_unit == 0 or non-finite,NQM19-CME,112000,2019-03-11 14:40:40.008000+00:00,7135.0,{'stop_loss_price': 7135.0}
INVALID_RISK_UNIT,risk_unit == 0 or non-finite,NQM19-CME,112001,2019-03-11 14:40:40.009000+00:00,7135.0,{'stop_loss_price': 7135.0}
INVALID_RISK_UNIT,risk_unit == 0 or non-finite,NQM19-CME,112002,2019-03-11 14:40:40.010000+00:00,7135.0,{'stop_loss_price': 7135.0}
INVALID_RISK_UNIT,risk_unit == 0 or non-finite,NQM19-CME,112003,2019-03-11 14:40:41+00:00,7135.0,{'stop_loss_price': 7135.0}
INVALID_RISK_UNIT,risk_unit == 0 or non-finite,NQM19-CME,189363,2019-03-11 17:31:36.006000+00:00,7183.25,{'stop_loss_price': 7183.25}
INVALID_RISK_UNIT,risk_unit == 0 or non-finite,NQM19-CME,189364,2019-03-11 17:31:36.007000+00:00,7183.25,{'stop_loss_price': 7183.25}
INVALID_RISK_UNIT,risk_unit == 0 or non-finite,NQM19-CME,189365,2019-03-11 17:31:36.008000+00:00,7183.25,{'stop_loss_price': 7183.25}
INVALID_RISK_UNIT,risk_unit == 0 or non-finite,NQM19-CME,189409,2019-03-11 17:31:42.016000+00:00,7183.25,{'stop_loss_price': 7183.25}
INVALID_RISK_UNIT,risk_unit == 0 or non-finite,NQM19-CME,189410,2019-03-11 17:31:42.017000+00:00,7183.25,{'stop_loss_price': 7183.25}
INVALID_RISK_UNIT,risk_unit == 0 or non-finite,NQM19-CME,189411,2019-03-11 17:31:42.018000+00:00,7183.25,{'stop_loss_price': 7183.25}
INVALID_RISK_UNIT,risk_unit == 0 or non-finite,NQM19-CME,189412,2019-03-11 17:31:42.019000+00:00,7183.25,{'stop_loss_price': 7183.25}
INVALID_RISK_UNIT,risk_unit == 0 or non-finite,NQM19-CME,189413,2019-03-11 17:31:42.020000+00:00,7183.25,{'stop_loss_price': 7183.25}
INVALID_RISK_UNIT,risk_unit == 0 or non-finite,NQM19-CME,189414,2019-03-11 17:31:42.021000+00:00,7183.25,{'stop_loss_price': 7183.25}
INVALID_RISK_UNIT,risk_unit == 0 or non-finite,NQM19-CME,189415,2019-03-11 17:31:42.022000+00:00,7183.25,{'stop_loss_price': 7183.25}
INVALID_RISK_UNIT,risk_unit == 0 or non-finite,NQM19-CME,189416,2019-03-11 17:31:42.023000+00:00,7183.25,{'stop_loss_price': 7183.25}
INVALID_RISK_UNIT,risk_unit == 0 or non-finite,NQM19-CME,205334,2019-03-11 18:23:43+00:00,7179.5,{'stop_loss_price': 7179.5}
INVALID_RISK_UNIT,risk_unit == 0 or non-finite,NQM19-CME,230466,2019-03-11 19:30:51+00:00,7192.0,{'stop_loss_price': 7192.0}
INVALID_RISK_UNIT,risk_unit == 0 or non-finite,NQM19-CME,230467,2019-03-11 19:30:51.001000+00:00,7192.0,{'stop_loss_price': 7192.0}
INVALID_RISK_UNIT,risk_unit == 0 or non-finite,NQM19-CME,230468,2019-03-11 19:30:51.002000+00:00,7192.0,{'stop_loss_price': 7192.0}
INVALID_RISK_UNIT,risk_unit == 0 or non-finite,NQM19-CME,230469,2019-03-11 19:30:51.003000+00:00,7192.0,{'stop_loss_price': 7192.0}
INVALID_RISK_UNIT,risk_unit == 0 or non-finite,NQM19-CME,230470,2019-03-11 19:30:51.004000+00:00,7192.0,{'stop_loss_price': 7192.0}
INVALID_RISK_UNIT,risk_unit == 0 or non-finite,NQM19-CME,230471,2019-03-11 19:30:51.005000+00:00,7192.0,{'stop_loss_price': 7192.0}
INVALID_RISK_UNIT,risk_unit == 0 or non-finite,NQM19-CME,230472,2019-03-11 19:30:52+00:00,7192.0,{'stop_loss_price': 7192.0}
INVALID_RISK_UNIT,risk_unit == 0 or non-finite,NQM19-CME,230473,2019-03-11 19:30:52.001000+00:00,7192.0,{'stop_loss_price': 7192.0}
INVALID_RISK_UNIT,risk_unit == 0 or non-finite,NQM19-CME,230474,2019-03-11 19:30:52.002000+00:00,7192.0,{'stop_loss_price': 7192.0}
INVALID_RISK_UNIT,risk_unit == 0 or non-finite,NQM19-CME,230475,2019-03-11 19:30:52.003000+00:00,7192.0,{'stop_loss_price': 7192.0}
INVALID_RISK_UNIT,risk_unit == 0 or non-finite,NQM19-CME,230476,2019-03-11 19:30:55+00:00,7192.0,{'stop_loss_price': 7192.0}
INVALID_RISK_UNIT,risk_unit == 0 or non-finite,NQM19-CME,230477,2019-03-11 19:30:55.001000+00:00,7192.0,{'stop_loss_price': 7192.0}
INVALID_RISK_UNIT,risk_unit == 0 or non-finite,NQM19-CME,230478,2019-03-11 19:30:55.002000+00:00,7192.0,{'stop_loss_price': 7192.0}
INVALID_RISK_UNIT,risk_unit == 0 or non-finite,NQM19-CME,230479,2019-03-11 19:30:55.003000+00:00,7192.0,{'stop_loss_price': 7192.0}
INVALID_RISK_UNIT,risk_unit == 0 or non-finite,NQM19-CME,230480,2019-03-11 19:30:56+00:00,7192.0,{'stop_loss_price': 7192.0}
INVALID_RISK_UNIT,risk_unit == 0 or non-finite,NQM19-CME,230481,2019-03-11 19:30:56.001000+00:00,7192.0,{'stop_loss_price': 7192.0}
INVALID_RISK_UNIT,risk_unit == 0 or non-finite,NQM19-CME,230482,2019-03-11 19:30:56.002000+00:00,7192.0,{'stop_loss_price': 7192.0}
INVALID_RISK_UNIT,risk_unit == 0 or non-finite,NQM19-CME,230483,2019-03-11 19:30:56.003000+00:00,7192.0,{'stop_loss_price': 7192.0}
INVALID_RISK_UNIT,risk_unit == 0 or non-finite,NQM19-CME,273185,2019-03-12 05:30:02.001000+00:00,7217.0,{'stop_loss_price': 7217.0}
INVALID_RISK_UNIT,risk_unit == 0 or non-finite,NQM19-CME,273186,2019-03-12 05:30:02.002000+00:00,7217.0,{'stop_loss_price': 7217.0}
INVALID_RISK_UNIT,risk_unit == 0 or non-finite,NQM19-CME,273187,2019-03-12 05:30:02.003000+00:00,7217.0,{'stop_loss_price': 7217.0}
INVALID_RISK_UNIT,risk_unit == 0 or non-finite,NQM19-CME,273188,2019-03-12 05:30:02.004000+00:00,7217.0,{'stop_loss_price': 7217.0}
INVALID_RISK_UNIT,risk_unit == 0 or non-finite,NQM19-CME,273189,2019-03-12 05:30:02.005000+00:00,7217.0,{'stop_loss_price': 7217.0}
INVALID_RISK_UNIT,risk_unit == 0 or non-finite,NQM19-CME,274229,2019-03-12 06:10:56+00:00,7217.5,{'stop_loss_price': 7217.5}
INVALID_RISK_UNIT,risk_unit == 0 or non-finite,NQM19-CME,287223,2019-03-12 09:59:54.005000+00:00,7206.75,{'stop_loss_price': 7206.75}
INVALID_RISK_UNIT,risk_unit == 0 or non-finite,NQM19-CME,287224,2019-03-12 09:59:54.006000+00:00,7206.75,{'stop_loss_price': 7206.75}
INVALID_RISK_UNIT,risk_unit == 0 or non-finite,NQM19-CME,287225,2019-03-12 09:59:54.007000+00:00,7206.75,{'stop_loss_price': 7206.75}
INVALID_RISK_UNIT,risk_unit == 0 or non-finite,NQM19-CME,290238,2019-03-12 10:51:23.001000+00:00,7200.75,{'stop_loss_price': 7200.75}
INVALID_RISK_UNIT,risk_unit == 0 or non-finite,NQM19-CME,290239,2019-03-12 10:51:23.002000+00:00,7200.75,{'stop_loss_price': 7200.75}
INVALID_RISK_UNIT,risk_unit == 0 or non-finite,NQM19-CME,290258,2019-03-12 10:51:55+00:00,7200.75,{'stop_loss_price': 7200.75}
INVALID_RISK_UNIT,risk_unit == 0 or non-finite,NQM19-CME,290259,2019-03-12 10:51:57+00:00,7200.75,{'stop_loss_price': 7200.75}
INVALID_RISK_UNIT,risk_unit == 0 or non-finite,NQM19-CME,290260,2019-03-12 10:51:59+00:00,7200.75,{'stop_loss_price': 7200.75}
INVALID_RISK_UNIT,risk_unit == 0 or non-finite,NQM19-CME,290261,2019-03-12 10:52:03+00:00,7200.75,{'stop_loss_price': 7200.75}
INVALID_RISK_UNIT,risk_unit == 0 or non-finite,NQM19-CME,332360,2019-03-12 13:38:47.024000+00:00,7213.25,{'stop_loss_price': 7213.25}
INVALID_RISK_UNIT,risk_unit == 0 or non-finite,NQM19-CME,332361,2019-03-12 13:38:47.025000+00:00,7213.25,{'stop_loss_price': 7213.25}
INVALID_RISK_UNIT,risk_unit == 0 or non-finite,NQM19-CME,332362,2019-03-12 13:38:47.026000+00:00,7213.25,{'stop_loss_price': 7213.25}
INVALID_RISK_UNIT,risk_unit == 0 or non-finite,NQM19-CME,332363,2019-03-12 13:38:47.027000+00:00,7213.25,{'stop_loss_price': 7213.25}
INVALID_RISK_UNIT,risk_unit == 0 or non-finite,NQM19-CME,332366,2019-03-12 13:38:47.030000+00:00,7213.25,{'stop_loss_price': 7213.25}
INVALID_RISK_UNIT,risk_unit == 0 or non-finite,NQM19-CME,332367,2019-03-12 13:38:47.031000+00:00,7213.25,{'stop_loss_price': 7213.25}
INVALID_RISK_UNIT,risk_unit == 0 or non-finite,NQM19-CME,332368,2019-03-12 13:38:47.032000+00:00,7213.25,{'stop_loss_price': 7213.25}
INVALID_RISK_UNIT,risk_unit == 0 or non-finite,NQM19-CME,332369,2019-03-12 13:38:47.033000+00:00,7213.25,{'stop_loss_price': 7213.25}
INVALID_RISK_UNIT,risk_unit == 0 or non-finite,NQM19-CME,332370,2019-03-12 13:38:47.034000+00:00,7213.25,{'stop_loss_price': 7213.25}
INVALID_RISK_UNIT,risk_unit == 0 or non-finite,NQM19-CME,332377,2019-03-12 13:38:48.001000+00:00,7213.25,{'stop_loss_price': 7213.25}
INVALID_RISK_UNIT,risk_unit == 0 or non-finite,NQM19-CME,341669,2019-03-12 13:43:40.002000+00:00,7201.75,{'stop_loss_price': 7201.75}
INVALID_RISK_UNIT,risk_unit == 0 or non-finite,NQM19-CME,341670,2019-03-12 13:43:40.003000+00:00,7201.75,{'stop_loss_price': 7201.75}
INVALID_RISK_UNIT,risk_unit == 0 or non-finite,NQM19-CME,475238,2019-03-12 16:29:24.014000+00:00,7248.75,{'stop_loss_price': 7248.75}
INVALID_RISK_UNIT,risk_unit == 0 or non-finite,NQM19-CME,475239,2019-03-12 16:29:24.015000+00:00,7248.75,{'stop_loss_price': 7248.75}
INVALID_RISK_UNIT,risk_unit == 0 or non-finite,NQM19-CME,475240,2019-03-12 16:29:24.016000+00:00,7248.75,{'stop_loss_price': 7248.75}
INVALID_RISK_UNIT,risk_unit == 0 or non-finite,NQM19-CME,475241,2019-03-12 16:29:24.017000+00:00,7248.75,{'stop_loss_price': 7248.75}
INVALID_RISK_UNIT,risk_unit == 0 or non-finite,NQM19-CME,475242,2019-03-12 16:29:24.018000+00:00,7248.75,{'stop_loss_price': 7248.75}
INVALID_RISK_UNIT,risk_unit == 0 or non-finite,NQM19-CME,486576,2019-03-12 16:57:49.031000+00:00,7242.5,{'stop_loss_price': 7242.5}
INVALID_RISK_UNIT,risk_unit == 0 or non-finite,NQM19-CME,486577,2019-03-12 16:57:49.032000+00:00,7242.5,{'stop_loss_price': 7242.5}
INVALID_RISK_UNIT,risk_unit == 0 or non-finite,NQM19-CME,486578,2019-03-12 16:57:49.033000+00:00,7242.5,{'stop_loss_price': 7242.5}
INVALID_RISK_UNIT,risk_unit == 0 or non-finite,NQM19-CME,486579,2019-03-12 16:57:49.034000+00:00,7242.5,{'stop_loss_price': 7242.5}
INVALID_RISK_UNIT,risk_unit == 0 or non-finite,NQM19-CME,486613,2019-03-12 16:57:59+00:00,7242.5,{'stop_loss_price': 7242.5}
INVALID_RISK_UNIT,risk_unit == 0 or non-finite,NQM19-CME,486614,2019-03-12 16:57:59.001000+00:00,7242.5,{'stop_loss_price': 7242.5}
INVALID_RISK_UNIT,risk_unit == 0 or non-finite,NQM19-CME,486615,2019-03-12 16:57:59.002000+00:00,7242.5,{'stop_loss_price': 7242.5}
INVALID_RISK_UNIT,risk_unit == 0 or non-finite,NQM19-CME,486616,2019-03-12 16:57:59.003000+00:00,7242.5,{'stop_loss_price': 7242.5}
INVALID_RISK_UNIT,risk_unit == 0 or non-finite,NQM19-CME,486617,2019-03-12 16:57:59.004000+00:00,7242.5,{'stop_loss_price': 7242.5}
INVALID_RISK_UNIT,risk_unit == 0 or non-finite,NQM19-CME,486618,2019-03-12 16:57:59.005000+00:00,7242.5,{'stop_loss_price': 7242.5}
INVALID_RISK_UNIT,risk_unit == 0 or non-finite,NQM19-CME,486619,2019-03-12 16:57:59.006000+00:00,7242.5,{'stop_loss_price': 7242.5}
INVALID_RISK_UNIT,risk_unit == 0 or non-finite,NQM19-CME,486620,2019-03-12 16:57:59.007000+00:00,7242.5,{'stop_loss_price': 7242.5}
INVALID_RISK_UNIT,risk_unit == 0 or non-finite,NQM19-CME,486621,2019-03-12 16:57:59.008000+00:00,7242.5,{'stop_loss_price': 7242.5}
INVALID_RISK_UNIT,risk_unit == 0 or non-finite,NQM19-CME,486622,2019-03-12 16:57:59.009000+00:00,7242.5,{'stop_loss_price': 7242.5}
INVALID_RISK_UNIT,risk_unit == 0 or non-finite,NQM19-CME,486623,2019-03-12 16:57:59.010000+00:00,7242.5,{'stop_loss_price': 7242.5}
INVALID_RISK_UNIT,risk_unit == 0 or non-finite,NQM19-CME,486624,2019-03-12 16:57:59.011000+00:00,7242.5,{'stop_loss_price': 7242.5}
INVALID_RISK_UNIT,risk_unit == 0 or non-finite,NQM19-CME,486625,2019-03-12 16:57:59.012000+00:00,7242.5,{'stop_loss_price': 7242.5}
INVALID_RISK_UNIT,risk_unit == 0 or non-finite,NQM19-CME,486626,2019-03-12 16:57:59.013000+00:00,7242.5,{'stop_loss_price': 7242.5}
INVALID_RISK_UNIT,risk_unit == 0 or non-finite,NQM19-CME,486671,2019-03-12 16:58:05+00:00,7242.5,{'stop_loss_price': 7242.5}
INVALID_RISK_UNIT,risk_unit == 0 or non-finite,NQM19-CME,486672,2019-03-12 16:58:05.001000+00:00,7242.5,{'stop_loss_price': 7242.5}
INVALID_RISK_UNIT,risk_unit == 0 or non-finite,NQM19-CME,490402,2019-03-12 17:13:50.011000+00:00,7237.25,{'stop_loss_price': 7237.25}
INVALID_RISK_UNIT,risk_unit == 0 or non-finite,NQM19-CME,490403,2019-03-12 17:13:50.012000+00:00,7237.25,{'stop_loss_price': 7237.25}
INVALID_RISK_UNIT,risk_unit == 0 or non-finite,NQM19-CME,490404,2019-03-12 17:13:50.013000+00:00,7237.25,{'stop_loss_price': 7237.25}
INVALID_RISK_UNIT,risk_unit == 0 or non-finite,NQM19-CME,490405,2019-03-12 17:13:50.014000+00:00,7237.25,{'stop_loss_price': 7237.25}
INVALID_RISK_UNIT,risk_unit == 0 or non-finite,NQM19-CME,609070,2019-03-13 12:40:12+00:00,7260.25,{'stop_loss_price': 7260.25}
INVALID_RISK_UNIT,risk_unit == 0 or non-finite,NQM19-CME,609071,2019-03-13 12:40:14+00:00,7260.25,{'stop_loss_price': 7260.25}
INVALID_RISK_UNIT,risk_unit == 0 or non-finite,NQM19-CME,609072,2019-03-13 12:40:14.001000+00:00,7260.25,{'stop_loss_price': 7260.25}
INVALID_RISK_UNIT,risk_unit == 0 or non-finite,NQM19-CME,609073,2019-03-13 12:40:14.002000+00:00,7260.25,{'stop_loss_price': 7260.25}
INVALID_RISK_UNIT,risk_unit == 0 or non-finite,NQM19-CME,630493,2019-03-13 13:37:21.013000+00:00,7264.75,{'stop_loss_price': 7264.75}
INVALID_RISK_UNIT,risk_unit == 0 or non-finite,NQM19-CME,630494,2019-03-13 13:37:21.014000+00:00,7264.75,{'stop_loss_price': 7264.75}
INVALID_RISK_UNIT,risk_unit == 0 or non-finite,NQM19-CME,630495,2019-03-13 13:37:21.015000+00:00,7264.75,{'stop_loss_price': 7264.75}
INVALID_RISK_UNIT,risk_unit == 0 or non-finite,NQM19-CME,630496,2019-03-13 13:37:21.016000+00:00,7264.75,{'stop_loss_price': 7264.75}
INVALID_RISK_UNIT,risk_unit == 0 or non-finite,NQM19-CME,630497,2019-03-13 13:37:21.017000+00:00,7264.75,{'stop_loss_price': 7264.75}
INVALID_RISK_UNIT,risk_unit == 0 or non-finite,NQM19-CME,630498,2019-03-13 13:37:21.018000+00:00,7264.75,{'stop_loss_price': 7264.75}
INVALID_RISK_UNIT,risk_unit == 0 or non-finite,NQM19-CME,630499,2019-03-13 13:37:21.019000+00:00,7264.75,{'stop_loss_price': 7264.75}
INVALID_RISK_UNIT,risk_unit == 0 or non-finite,NQM19-CME,630500,2019-03-13 13:37:21.020000+00:00,7264.75,{'stop_loss_price': 7264.75}
INVALID_RISK_UNIT,risk_unit == 0 or non-finite,NQM19-CME,630501,2019-03-13 13:37:21.021000+00:00,7264.75,{'stop_loss_price': 7264.75}
INVALID_RISK_UNIT,risk_unit == 0 or non-finite,NQM19-CME,777239,2019-03-13 17:51:21.006000+00:00,7310.5,{'stop_loss_price': 7310.5}
INVALID_RISK_UNIT,risk_unit == 0 or non-finite,NQM19-CME,777240,2019-03-13 17:51:21.007000+00:00,7310.5,{'stop_loss_price': 7310.5}
INVALID_RISK_UNIT,risk_unit == 0 or non-finite,NQM19-CME,777243,2019-03-13 17:51:21.010000+00:00,7310.5,{'stop_loss_price': 7310.5}
INVALID_RISK_UNIT,risk_unit == 0 or non-finite,NQM19-CME,777244,2019-03-13 17:51:21.011000+00:00,7310.5,{'stop_loss_price': 7310.5}
INVALID_RISK_UNIT,risk_unit == 0 or non-finite,NQM19-CME,808484,2019-03-13 18:51:45.011000+00:00,7293.0,{'stop_loss_price': 7293.0}
INVALID_RISK_UNIT,risk_unit == 0 or non-finite,NQM19-CME,868770,2019-03-14 00:43:44.004000+00:00,7295.5,{'stop_loss_price': 7295.5}
INVALID_RISK_UNIT,risk_unit == 0 or non-finite,NQM19-CME,877694,2019-03-14 02:28:59+00:00,7292.5,{'stop_loss_price': 7292.5}
INVALID_RISK_UNIT,risk_unit == 0 or non-finite,NQM19-CME,877695,2019-03-14 02:28:59.001000+00:00,7292.5,{'stop_loss_price': 7292.5}
INVALID_RISK_UNIT,risk_unit == 0 or non-finite,NQM19-CME,877696,2019-03-14 02:28:59.002000+00:00,7292.5,{'stop_loss_price': 7292.5}
INVALID_RISK_UNIT,risk_unit == 0 or non-finite,NQM19-CME,877697,2019-03-14 02:28:59.003000+00:00,7292.5,{'stop_loss_price': 7292.5}
INVALID_RISK_UNIT,risk_unit == 0 or non-finite,NQM19-CME,891731,2019-03-14 08:04:49.014000+00:00,7304.0,{'stop_loss_price': 7304.0}
INVALID_RISK_UNIT,risk_unit == 0 or non-finite,NQM19-CME,891732,2019-03-14 08:04:49.015000+00:00,7304.0,{'stop_loss_price': 7304.0}
INVALID_RISK_UNIT,risk_unit == 0 or non-finite,NQM19-CME,891733,2019-03-14 08:04:49.016000+00:00,7304.0,{'stop_loss_price': 7304.0}
INVALID_RISK_UNIT,risk_unit == 0 or non-finite,NQM19-CME,891734,2019-03-14 08:04:49.017000+00:00,7304.0,{'stop_loss_price': 7304.0}
INVALID_RISK_UNIT,risk_unit == 0 or non-finite,NQM19-CME,891735,2019-03-14 08:04:49.018000+00:00,7304.0,{'stop_loss_price': 7304.0}
INVALID_RISK_UNIT,risk_unit == 0 or non-finite,NQM19-CME,891736,2019-03-14 08:04:49.019000+00:00,7304.0,{'stop_loss_price': 7304.0}
INVALID_RISK_UNIT,risk_unit == 0 or non-finite,NQM19-CME,891737,2019-03-14 08:04:49.020000+00:00,7304.0,{'stop_loss_price': 7304.0}
INVALID_RISK_UNIT,risk_unit == 0 or non-finite,NQM19-CME,891738,2019-03-14 08:04:49.021000+00:00,7304.0,{'stop_loss_price': 7304.0}
INVALID_RISK_UNIT,risk_unit == 0 or non-finite,NQM19-CME,914522,2019-03-14 11:07:22.003000+00:00,7291.5,{'stop_loss_price': 7291.5}
INVALID_RISK_UNIT,risk_unit == 0 or non-finite,NQM19-CME,1017142,2019-03-14 14:47:54.003000+00:00,7276.25,{'stop_loss_price': 7276.25}
INVALID_RISK_UNIT,risk_unit == 0 or non-finite,NQM19-CME,1017143,2019-03-14 14:47:54.004000+00:00,7276.25,{'stop_loss_price': 7276.25}
INVALID_RISK_UNIT,risk_unit == 0 or non-finite,NQM19-CME,1017144,2019-03-14 14:47:54.005000+00:00,7276.25,{'stop_loss_price': 7276.25}
INVALID_RISK_UNIT,risk_unit == 0 or non-finite,NQM19-CME,1017145,2019-03-14 14:47:54.006000+00:00,7276.25,{'stop_loss_price': 7276.25}
INVALID_RISK_UNIT,risk_unit == 0 or non-finite,NQM19-CME,1017152,2019-03-14 14:47:54.013000+00:00,7276.25,{'stop_loss_price': 7276.25}
INVALID_RISK_UNIT,risk_unit == 0 or non-finite,NQM19-CME,1113443,2019-03-14 18:54:34.017000+00:00,7273.75,{'stop_loss_price': 7273.75}
INVALID_RISK_UNIT,risk_unit == 0 or non-finite,NQM19-CME,1113444,2019-03-14 18:54:34.018000+00:00,7273.75,{'stop_loss_price': 7273.75}
INVALID_RISK_UNIT,risk_unit == 0 or non-finite,NQM19-CME,1113445,2019-03-14 18:54:34.019000+00:00,7273.75,{'stop_loss_price': 7273.75}
INVALID_RISK_UNIT,risk_unit == 0 or non-finite,NQM19-CME,1113447,2019-03-14 18:54:34.021000+00:00,7273.75,{'stop_loss_price': 7273.75}
INVALID_RISK_UNIT,risk_unit == 0 or non-finite,NQM19-CME,1215422,2019-03-15 13:28:00.293000+00:00,7298.0,{'stop_loss_price': 7298.0}
INVALID_RISK_UNIT,risk_unit == 0 or non-finite,NQM19-CME,1215423,2019-03-15 13:28:00.294000+00:00,7298.0,{'stop_loss_price': 7298.0}
INVALID_RISK_UNIT,risk_unit == 0 or non-finite,NQM19-CME,1215424,2019-03-15 13:28:00.295000+00:00,7298.0,{'stop_loss_price': 7298.0}
INVALID_RISK_UNIT,risk_unit == 0 or non-finite,NQM19-CME,1215425,2019-03-15 13:28:00.296000+00:00,7298.0,{'stop_loss_price': 7298.0}
INVALID_RISK_UNIT,risk_unit == 0 or non-finite,NQM19-CME,1215426,2019-03-15 13:28:00.297000+00:00,7298.0,{'stop_loss_price': 7298.0}
INVALID_RISK_UNIT,risk_unit == 0 or non-finite,NQM19-CME,1215427,2019-03-15 13:28:00.298000+00:00,7298.0,{'stop_loss_price': 7298.0}
INVALID_RISK_UNIT,risk_unit == 0 or non-finite,NQM19-CME,1215428,2019-03-15 13:28:00.299000+00:00,7298.0,{'stop_loss_price': 7298.0}
INVALID_RISK_UNIT,risk_unit == 0 or non-finite,NQM19-CME,1215429,2019-03-15 13:28:00.300000+00:00,7298.0,{'stop_loss_price': 7298.0}
INVALID_RISK_UNIT,risk_unit == 0 or non-finite,NQM19-CME,1262193,2019-03-15 13:57:00.017000+00:00,7329.5,{'stop_loss_price': 7329.5}
INVALID_RISK_UNIT,risk_unit == 0 or non-finite,NQM19-CME,1262194,2019-03-15 13:57:00.018000+00:00,7329.5,{'stop_loss_price': 7329.5}
INVALID_RISK_UNIT,risk_unit == 0 or non-finite,NQM19-CME,1262195,2019-03-15 13:57:00.019000+00:00,7329.5,{'stop_loss_price': 7329.5}
INVALID_RISK_UNIT,risk_unit == 0 or non-finite,NQM19-CME,1262196,2019-03-15 13:57:00.020000+00:00,7329.5,{'stop_loss_price': 7329.5}
INVALID_RISK_UNIT,risk_unit == 0 or non-finite,NQM19-CME,1292512,2019-03-15 14:24:15.007000+00:00,7322.25,{'stop_loss_price': 7322.25}
INVALID_RISK_UNIT,risk_unit == 0 or non-finite,NQM19-CME,1292513,2019-03-15 14:24:15.008000+00:00,7322.25,{'stop_loss_price': 7322.25}
INVALID_RISK_UNIT,risk_unit == 0 or non-finite,NQM19-CME,1292514,2019-03-15 14:24:15.009000+00:00,7322.25,{'stop_loss_price': 7322.25}
INVALID_RISK_UNIT,risk_unit == 0 or non-finite,NQM19-CME,1292515,2019-03-15 14:24:15.010000+00:00,7322.25,{'stop_loss_price': 7322.25}
INVALID_RISK_UNIT,risk_unit == 0 or non-finite,NQM19-CME,1292516,2019-03-15 14:24:15.011000+00:00,7322.25,{'stop_loss_price': 7322.25}
INVALID_RISK_UNIT,risk_unit == 0 or non-finite,NQM19-CME,1292517,2019-03-15 14:24:15.012000+00:00,7322.25,{'stop_loss_price': 7322.25}
INVALID_RISK_UNIT,risk_unit == 0 or non-finite,NQM19-CME,1292518,2019-03-15 14:24:15.013000+00:00,7322.25,{'stop_loss_price': 7322.25}
INVALID_RISK_UNIT,risk_unit == 0 or non-finite,NQM19-CME,1292519,2019-03-15 14:24:15.014000+00:00,7322.25,{'stop_loss_price': 7322.25}
INVALID_RISK_UNIT,risk_unit == 0 or non-finite,NQM19-CME,1292520,2019-03-15 14:24:15.015000+00:00,7322.25,{'stop_loss_price': 7322.25}
INVALID_RISK_UNIT,risk_unit == 0 or non-finite,NQM19-CME,1292521,2019-03-15 14:24:15.016000+00:00,7322.25,{'stop_loss_price': 7322.25}
INVALID_RISK_UNIT,risk_unit == 0 or non-finite,NQM19-CME,1292522,2019-03-15 14:24:15.017000+00:00,7322.25,{'stop_loss_price': 7322.25}
INVALID_RISK_UNIT,risk_unit == 0 or non-finite,NQM19-CME,1292523,2019-03-15 14:24:15.018000+00:00,7322.25,{'stop_loss_price': 7322.25}
INVALID_RISK_UNIT,risk_unit == 0 or non-finite,NQM19-CME,1292524,2019-03-15 14:24:15.019000+00:00,7322.25,{'stop_loss_price': 7322.25}
INVALID_RISK_UNIT,risk_unit == 0 or non-finite,NQM19-CME,1292525,2019-03-15 14:24:15.020000+00:00,7322.25,{'stop_loss_price': 7322.25}
INVALID_RISK_UNIT,risk_unit == 0 or non-finite,NQM19-CME,1292526,2019-03-15 14:24:15.021000+00:00,7322.25,{'stop_loss_price': 7322.25}
INVALID_RISK_UNIT,risk_unit == 0 or non-finite,NQM19-CME,1292533,2019-03-15 14:24:16.003000+00:00,7322.25,{'stop_loss_price': 7322.25}
INVALID_RISK_UNIT,risk_unit == 0 or non-finite,NQM19-CME,1292534,2019-03-15 14:24:16.004000+00:00,7322.25,{'stop_loss_price': 7322.25}
INVALID_RISK_UNIT,risk_unit == 0 or non-finite,NQM19-CME,1292535,2019-03-15 14:24:16.005000+00:00,7322.25,{'stop_loss_price': 7322.25}
INVALID_RISK_UNIT,risk_unit == 0 or non-finite,NQM19-CME,1292536,2019-03-15 14:24:16.006000+00:00,7322.25,{'stop_loss_price': 7322.25}
INVALID_RISK_UNIT,risk_unit == 0 or non-finite,NQM19-CME,1292537,2019-03-15 14:24:16.007000+00:00,7322.25,{'stop_loss_price': 7322.25}
INVALID_RISK_UNIT,risk_unit == 0 or non-finite,NQM19-CME,1292538,2019-03-15 14:24:16.008000+00:00,7322.25,{'stop_loss_price': 7322.25}
INVALID_RISK_UNIT,risk_unit == 0 or non-finite,NQM19-CME,1292539,2019-03-15 14:24:16.009000+00:00,7322.25,{'stop_loss_price': 7322.25}
INVALID_RISK_UNIT,risk_unit == 0 or non-finite,NQM19-CME,1292540,2019-03-15 14:24:16.010000+00:00,7322.25,{'stop_loss_price': 7322.25}
INVALID_RISK_UNIT,risk_unit == 0 or non-finite,NQM19-CME,1292541,2019-03-15 14:24:16.011000+00:00,7322.25,{'stop_loss_price': 7322.25}
INVALID_RISK_UNIT,risk_unit == 0 or non-finite,NQM19-CME,1292542,2019-03-15 14:24:16.012000+00:00,7322.25,{'stop_loss_price': 7322.25}
INVALID_RISK_UNIT,risk_unit == 0 or non-finite,NQM19-CME,1292543,2019-03-15 14:24:16.013000+00:00,7322.25,{'stop_loss_price': 7322.25}
INVALID_RISK_UNIT,risk_unit == 0 or non-finite,NQM19-CME,1292544,2019-03-15 14:24:16.014000+00:00,7322.25,{'stop_loss_price': 7322.25}
INVALID_RISK_UNIT,risk_unit == 0 or non-finite,NQM19-CME,1292545,2019-03-15 14:24:16.015000+00:00,7322.25,{'stop_loss_price': 7322.25}
INVALID_RISK_UNIT,risk_unit == 0 or non-finite,NQM19-CME,1292546,2019-03-15 14:24:16.016000+00:00,7322.25,{'stop_loss_price': 7322.25}
INVALID_RISK_UNIT,risk_unit == 0 or non-finite,NQM19-CME,1292547,2019-03-15 14:24:16.017000+00:00,7322.25,{'stop_loss_price': 7322.25}
INVALID_RISK_UNIT,risk_unit == 0 or non-finite,NQM19-CME,1292548,2019-03-15 14:24:16.018000+00:00,7322.25,{'stop_loss_price': 7322.25}
INVALID_RISK_UNIT,risk_unit == 0 or non-finite,NQM19-CME,1292549,2019-03-15 14:24:16.019000+00:00,7322.25,{'stop_loss_price': 7322.25}
INVALID_RISK_UNIT,risk_unit == 0 or non-finite,NQM19-CME,1292550,2019-03-15 14:24:16.020000+00:00,7322.25,{'stop_loss_price': 7322.25}
INVALID_RISK_UNIT,risk_unit == 0 or non-finite,NQM19-CME,1292551,2019-03-15 14:24:16.021000+00:00,7322.25,{'stop_loss_price': 7322.25}
INVALID_RISK_UNIT,risk_unit == 0 or non-finite,NQM19-CME,1292552,2019-03-15 14:24:16.022000+00:00,7322.25,{'stop_loss_price': 7322.25}
INVALID_RISK_UNIT,risk_unit == 0 or non-finite,NQM19-CME,1292553,2019-03-15 14:24:16.023000+00:00,7322.25,{'stop_loss_price': 7322.25}
INVALID_RISK_UNIT,risk_unit == 0 or non-finite,NQM19-CME,1292554,2019-03-15 14:24:16.024000+00:00,7322.25,{'stop_loss_price': 7322.25}
INVALID_RISK_UNIT,risk_unit == 0 or non-finite,NQM19-CME,1349384,2019-03-15 15:49:26.936000+00:00,7338.5,{'stop_loss_price': 7338.5}
INVALID_RISK_UNIT,risk_unit == 0 or non-finite,NQM19-CME,1457542,2019-03-15 19:55:10.009000+00:00,7329.5,{'stop_loss_price': 7329.5}
INVALID_RISK_UNIT,risk_unit == 0 or non-finite,NQM19-CME,1457543,2019-03-15 19:55:10.010000+00:00,7329.5,{'stop_loss_price': 7329.5}
INVALID_RISK_UNIT,risk_unit == 0 or non-finite,NQM19-CME,1457544,2019-03-15 19:55:10.011000+00:00,7329.5,{'stop_loss_price': 7329.5}
INVALID_RISK_UNIT,risk_unit == 0 or non-finite,NQM19-CME,1457545,2019-03-15 19:55:10.012000+00:00,7329.5,{'stop_loss_price': 7329.5}
INVALID_RISK_UNIT,risk_unit == 0 or non-finite,NQM19-CME,1457546,2019-03-15 19:55:10.013000+00:00,7329.5,{'stop_loss_price': 7329.5}
INVALID_RISK_UNIT,risk_unit == 0 or non-finite,NQM19-CME,1457547,2019-03-15 19:55:10.014000+00:00,7329.5,{'stop_loss_price': 7329.5}
INVALID_RISK_UNIT,risk_unit == 0 or non-finite,NQM19-CME,1457548,2019-03-15 19:55:10.015000+00:00,7329.5,{'stop_loss_price': 7329.5}
INVALID_RISK_UNIT,risk_unit == 0 or non-finite,NQM19-CME,1457550,2019-03-15 19:55:10.017000+00:00,7329.5,{'stop_loss_price': 7329.5}
INVALID_RISK_UNIT,risk_unit == 0 or non-finite,NQM19-CME,1593262,2019-03-18 14:30:36.022000+00:00,7368.0,{'stop_loss_price': 7368.0}
INVALID_RISK_UNIT,risk_unit == 0 or non-finite,NQM19-CME,1593263,2019-03-18 14:30:36.023000+00:00,7368.0,{'stop_loss_price': 7368.0}
INVALID_RISK_UNIT,risk_unit == 0 or non-finite,NQM19-CME,1593264,2019-03-18 14:30:36.024000+00:00,7368.0,{'stop_loss_price': 7368.0}
INVALID_RISK_UNIT,risk_unit == 0 or non-finite,NQM19-CME,1593265,2019-03-18 14:30:36.025000+00:00,7368.0,{'stop_loss_price': 7368.0}
INVALID_RISK_UNIT,risk_unit == 0 or non-finite,NQM19-CME,1593266,2019-03-18 14:30:36.026000+00:00,7368.0,{'stop_loss_price': 7368.0}
INVALID_RISK_UNIT,risk_unit == 0 or non-finite,NQM19-CME,1593267,2019-03-18 14:30:36.027000+00:00,7368.0,{'stop_loss_price': 7368.0}
INVALID_RISK_UNIT,risk_unit == 0 or non-finite,NQM19-CME,1593268,2019-03-18 14:30:36.028000+00:00,7368.0,{'stop_loss_price': 7368.0}
INVALID_RISK_UNIT,risk_unit == 0 or non-finite,NQM19-CME,1593269,2019-03-18 14:30:36.029000+00:00,7368.0,{'stop_loss_price': 7368.0}
INVALID_RISK_UNIT,risk_unit == 0 or non-finite,NQM19-CME,1593270,2019-03-18 14:30:36.030000+00:00,7368.0,{'stop_loss_price': 7368.0}
INVALID_RISK_UNIT,risk_unit == 0 or non-finite,NQM19-CME,1593271,2019-03-18 14:30:36.031000+00:00,7368.0,{'stop_loss_price': 7368.0}
INVALID_RISK_UNIT,risk_unit == 0 or non-finite,NQM19-CME,1593272,2019-03-18 14:30:36.032000+00:00,7368.0,{'stop_loss_price': 7368.0}
INVALID_RISK_UNIT,risk_unit == 0 or non-finite,NQM19-CME,1593273,2019-03-18 14:30:36.033000+00:00,7368.0,{'stop_loss_price': 7368.0}
INVALID_RISK_UNIT,risk_unit == 0 or non-finite,NQM19-CME,1593274,2019-03-18 14:30:36.034000+00:00,7368.0,{'stop_loss_price': 7368.0}
INVALID_RISK_UNIT,risk_unit == 0 or non-finite,NQM19-CME,1593275,2019-03-18 14:30:36.035000+00:00,7368.0,{'stop_loss_price': 7368.0}
INVALID_RISK_UNIT,risk_unit == 0 or non-finite,NQM19-CME,1675606,2019-03-18 16:16:39.004000+00:00,7331.0,{'stop_loss_price': 7331.0}
INVALID_RISK_UNIT,risk_unit == 0 or non-finite,NQM19-CME,1675607,2019-03-18 16:16:39.005000+00:00,7331.0,{'stop_loss_price': 7331.0}
INVALID_RISK_UNIT,risk_unit == 0 or non-finite,NQM19-CME,1675608,2019-03-18 16:16:40+00:00,7331.0,{'stop_loss_price': 7331.0}
INVALID_RISK_UNIT,risk_unit == 0 or non-finite,NQM19-CME,1691410,2019-03-18 16:43:55.011000+00:00,7335.25,{'stop_loss_price': 7335.25}
INVALID_RISK_UNIT,risk_unit == 0 or non-finite,NQM19-CME,1691411,2019-03-18 16:43:55.012000+00:00,7335.25,{'stop_loss_price': 7335.25}
INVALID_RISK_UNIT,risk_unit == 0 or non-finite,NQM19-CME,1691412,2019-03-18 16:43:55.013000+00:00,7335.25,{'stop_loss_price': 7335.25}
INVALID_RISK_UNIT,risk_unit == 0 or non-finite,NQM19-CME,1691413,2019-03-18 16:43:55.014000+00:00,7335.25,{'stop_loss_price': 7335.25}
INVALID_RISK_UNIT,risk_unit == 0 or non-finite,NQM19-CME,1691414,2019-03-18 16:43:55.015000+00:00,7335.25,{'stop_loss_price': 7335.25}
INVALID_RISK_UNIT,risk_unit == 0 or non-finite,NQM19-CME,1749901,2019-03-18 19:39:56.038000+00:00,7349.25,{'stop_loss_price': 7349.25}
INVALID_RISK_UNIT,risk_unit == 0 or non-finite,NQM19-CME,1749902,2019-03-18 19:39:56.039000+00:00,7349.25,{'stop_loss_price': 7349.25}
INVALID_RISK_UNIT,risk_unit == 0 or non-finite,NQM19-CME,1749903,2019-03-18 19:39:56.040000+00:00,7349.25,{'stop_loss_price': 7349.25}
INVALID_RISK_UNIT,risk_unit == 0 or non-finite,NQM19-CME,1749904,2019-03-18 19:39:56.041000+00:00,7349.25,{'stop_loss_price': 7349.25}
INVALID_RISK_UNIT,risk_unit == 0 or non-finite,NQM19-CME,1749929,2019-03-18 19:40:03+00:00,7349.5,{'stop_loss_price': 7349.5}
INVALID_RISK_UNIT,risk_unit == 0 or non-finite,NQM19-CME,1749930,2019-03-18 19:40:03.001000+00:00,7349.5,{'stop_loss_price': 7349.5}
INVALID_RISK_UNIT,risk_unit == 0 or non-finite,NQM19-CME,1749931,2019-03-18 19:40:03.002000+00:00,7349.5,{'stop_loss_price': 7349.5}
INVALID_RISK_UNIT,risk_unit == 0 or non-finite,NQM19-CME,1749932,2019-03-18 19:40:03.003000+00:00,7349.5,{'stop_loss_price': 7349.5}
INVALID_RISK_UNIT,risk_unit == 0 or non-finite,NQM19-CME,1749933,2019-03-18 19:40:03.004000+00:00,7349.5,{'stop_loss_price': 7349.5}
INVALID_RISK_UNIT,risk_unit == 0 or non-finite,NQM19-CME,1776963,2019-03-19 01:09:38+00:00,7363.25,{'stop_loss_price': 7363.25}
INVALID_RISK_UNIT,risk_unit == 0 or non-finite,NQM19-CME,1776964,2019-03-19 01:09:38.001000+00:00,7363.25,{'stop_loss_price': 7363.25}
INVALID_RISK_UNIT,risk_unit == 0 or non-finite,NQM19-CME,1776965,2019-03-19 01:09:38.002000+00:00,7363.25,{'stop_loss_price': 7363.25}
INVALID_RISK_UNIT,risk_unit == 0 or non-finite,NQM19-CME,1776966,2019-03-19 01:09:38.003000+00:00,7363.25,{'stop_loss_price': 7363.25}
INVALID_RISK_UNIT,risk_unit == 0 or non-finite,NQM19-CME,1776967,2019-03-19 01:09:38.004000+00:00,7363.25,{'stop_loss_price': 7363.25}
INVALID_RISK_UNIT,risk_unit == 0 or non-finite,NQM19-CME,1776969,2019-03-19 01:09:39.001000+00:00,7363.25,{'stop_loss_price': 7363.25}
INVALID_RISK_UNIT,risk_unit == 0 or non-finite,NQM19-CME,1779154,2019-03-19 01:40:05.002000+00:00,7371.0,{'stop_loss_price': 7371.0}
INVALID_RISK_UNIT,risk_unit == 0 or non-finite,NQM19-CME,1779155,2019-03-19 01:40:05.003000+00:00,7371.0,{'stop_loss_price': 7371.0}
INVALID_RISK_UNIT,risk_unit == 0 or non-finite,NQM19-CME,1779156,2019-03-19 01:40:05.004000+00:00,7371.0,{'stop_loss_price': 7371.0}
INVALID_RISK_UNIT,risk_unit == 0 or non-finite,NQM19-CME,1803688,2019-03-19 11:05:37+00:00,7388.75,{'stop_loss_price': 7388.75}
INVALID_RISK_UNIT,risk_unit == 0 or non-finite,NQM19-CME,1803689,2019-03-19 11:05:37.001000+00:00,7388.75,{'stop_loss_price': 7388.75}
INVALID_RISK_UNIT,risk_unit == 0 or non-finite,NQM19-CME,1803690,2019-03-19 11:05:38+00:00,7388.75,{'stop_loss_price': 7388.75}
INVALID_RISK_UNIT,risk_unit == 0 or non-finite,NQM19-CME,1803691,2019-03-19 11:05:38.001000+00:00,7388.75,{'stop_loss_price': 7388.75}
INVALID_RISK_UNIT,risk_unit == 0 or non-finite,NQM19-CME,1803692,2019-03-19 11:05:38.002000+00:00,7388.75,{'stop_loss_price': 7388.75}
INVALID_RISK_UNIT,risk_unit == 0 or non-finite,NQM19-CME,1804051,2019-03-19 11:12:28+00:00,7388.0,{'stop_loss_price': 7388.0}
INVALID_RISK_UNIT,risk_unit == 0 or non-finite,NQM19-CME,1804052,2019-03-19 11:12:30+00:00,7388.0,{'stop_loss_price': 7388.0}
INVALID_RISK_UNIT,risk_unit == 0 or non-finite,NQM19-CME,1804053,2019-03-19 11:12:33+00:00,7388.0,{'stop_loss_price': 7388.0}
INVALID_RISK_UNIT,risk_unit == 0 or non-finite,NQM19-CME,1804055,2019-03-19 11:12:38+00:00,7388.0,{'stop_loss_price': 7388.0}
INVALID_RISK_UNIT,risk_unit == 0 or non-finite,NQM19-CME,1856165,2019-03-19 13:51:48.026000+00:00,7385.75,{'stop_loss_price': 7385.75}
INVALID_RISK_UNIT,risk_unit == 0 or non-finite,NQM19-CME,1856166,2019-03-19 13:51:48.027000+00:00,7385.75,{'stop_loss_price': 7385.75}
INVALID_RISK_UNIT,risk_unit == 0 or non-finite,NQM19-CME,1856167,2019-03-19 13:51:48.028000+00:00,7385.75,{'stop_loss_price': 7385.75}
INVALID_RISK_UNIT,risk_unit == 0 or non-finite,NQM19-CME,1856168,2019-03-19 13:51:48.029000+00:00,7385.75,{'stop_loss_price': 7385.75}
INVALID_RISK_UNIT,risk_unit == 0 or non-finite,NQM19-CME,1856169,2019-03-19 13:51:48.030000+00:00,7385.75,{'stop_loss_price': 7385.75}
INVALID_RISK_UNIT,risk_unit == 0 or non-finite,NQM19-CME,1856170,2019-03-19 13:51:48.031000+00:00,7385.75,{'stop_loss_price': 7385.75}
INVALID_RISK_UNIT,risk_unit == 0 or non-finite,NQM19-CME,1856171,2019-03-19 13:51:48.032000+00:00,7385.75,{'stop_loss_price': 7385.75}
INVALID_RISK_UNIT,risk_unit == 0 or non-finite,NQM19-CME,1856172,2019-03-19 13:51:48.033000+00:00,7385.75,{'stop_loss_price': 7385.75}
INVALID_RISK_UNIT,risk_unit == 0 or non-finite,NQM19-CME,1856173,2019-03-19 13:51:48.034000+00:00,7385.75,{'stop_loss_price': 7385.75}
INVALID_RISK_UNIT,risk_unit == 0 or non-finite,NQM19-CME,1856174,2019-03-19 13:51:48.035000+00:00,7385.75,{'stop_loss_price': 7385.75}
INVALID_RISK_UNIT,risk_unit == 0 or non-finite,NQM19-CME,1856176,2019-03-19 13:51:48.037000+00:00,7385.75,{'stop_loss_price': 7385.75}
INVALID_RISK_UNIT,risk_unit == 0 or non-finite,NQM19-CME,1949391,2019-03-19 15:57:57.347000+00:00,7408.5,{'stop_loss_price': 7408.5}
INVALID_RISK_UNIT,risk_unit == 0 or non-finite,NQM19-CME,1949392,2019-03-19 15:57:57.348000+00:00,7408.5,{'stop_loss_price': 7408.5}
INVALID_RISK_UNIT,risk_unit == 0 or non-finite,NQM19-CME,1949393,2019-03-19 15:57:57.349000+00:00,7408.5,{'stop_loss_price': 7408.5}
INVALID_RISK_UNIT,risk_unit == 0 or non-finite,NQM19-CME,1949394,2019-03-19 15:57:57.350000+00:00,7408.5,{'stop_loss_price': 7408.5}
INVALID_RISK_UNIT,risk_unit == 0 or non-finite,NQM19-CME,1949395,2019-03-19 15:57:57.351000+00:00,7408.5,{'stop_loss_price': 7408.5}
INVALID_RISK_UNIT,risk_unit == 0 or non-finite,NQM19-CME,1949396,2019-03-19 15:57:57.352000+00:00,7408.5,{'stop_loss_price': 7408.5}
INVALID_RISK_UNIT,risk_unit == 0 or non-finite,NQM19-CME,1949397,2019-03-19 15:57:57.353000+00:00,7408.5,{'stop_loss_price': 7408.5}
INVALID_RISK_UNIT,risk_unit == 0 or non-finite,NQM19-CME,1949398,2019-03-19 15:57:57.354000+00:00,7408.5,{'stop_loss_price': 7408.5}
INVALID_RISK_UNIT,risk_unit == 0 or non-finite,NQM19-CME,1949399,2019-03-19 15:57:57.355000+00:00,7408.5,{'stop_loss_price': 7408.5}
INVALID_RISK_UNIT,risk_unit == 0 or non-finite,NQM19-CME,1949403,2019-03-19 15:57:57.359000+00:00,7408.5,{'stop_loss_price': 7408.5}
INVALID_RISK_UNIT,risk_unit == 0 or non-finite,NQM19-CME,1957652,2019-03-19 16:03:44.024000+00:00,7418.5,{'stop_loss_price': 7418.5}
INVALID_RISK_UNIT,risk_unit == 0 or non-finite,NQM19-CME,1957653,2019-03-19 16:03:44.025000+00:00,7418.5,{'stop_loss_price': 7418.5}
INVALID_RISK_UNIT,risk_unit == 0 or non-finite,NQM19-CME,1957654,2019-03-19 16:03:44.026000+00:00,7418.5,{'stop_loss_price': 7418.5}
INVALID_RISK_UNIT,risk_unit == 0 or non-finite,NQM19-CME,1957655,2019-03-19 16:03:44.027000+00:00,7418.5,{'stop_loss_price': 7418.5}
INVALID_RISK_UNIT,risk_unit == 0 or non-finite,NQM19-CME,1957670,2019-03-19 16:03:44.042000+00:00,7418.5,{'stop_loss_price': 7418.5}
INVALID_RISK_UNIT,risk_unit == 0 or non-finite,NQM19-CME,1957671,2019-03-19 16:03:44.043000+00:00,7418.5,{'stop_loss_price': 7418.5}
INVALID_RISK_UNIT,risk_unit == 0 or non-finite,NQM19-CME,1957672,2019-03-19 16:03:44.044000+00:00,7418.5,{'stop_loss_price': 7418.5}
INVALID_RISK_UNIT,risk_unit == 0 or non-finite,NQM19-CME,1957673,2019-03-19 16:03:44.045000+00:00,7418.5,{'stop_loss_price': 7418.5}
INVALID_RISK_UNIT,risk_unit == 0 or non-finite,NQM19-CME,1957674,2019-03-19 16:03:44.046000+00:00,7418.5,{'stop_loss_price': 7418.5}
INVALID_RISK_UNIT,risk_unit == 0 or non-finite,NQM19-CME,1957675,2019-03-19 16:03:44.047000+00:00,7418.5,{'stop_loss_price': 7418.5}
INVALID_RISK_UNIT,risk_unit == 0 or non-finite,NQM19-CME,1957676,2019-03-19 16:03:44.048000+00:00,7418.5,{'stop_loss_price': 7418.5}
INVALID_RISK_UNIT,risk_unit == 0 or non-finite,NQM19-CME,1957677,2019-03-19 16:03:44.049000+00:00,7418.5,{'stop_loss_price': 7418.5}
INVALID_RISK_UNIT,risk_unit == 0 or non-finite,NQM19-CME,1957678,2019-03-19 16:03:44.050000+00:00,7418.5,{'stop_loss_price': 7418.5}
INVALID_RISK_UNIT,risk_unit == 0 or non-finite,NQM19-CME,1957708,2019-03-19 16:03:44.080000+00:00,7418.5,{'stop_loss_price': 7418.5}
INVALID_RISK_UNIT,risk_unit == 0 or non-finite,NQM19-CME,1957709,2019-03-19 16:03:44.081000+00:00,7418.5,{'stop_loss_price': 7418.5}
INVALID_RISK_UNIT,risk_unit == 0 or non-finite,NQM19-CME,1957710,2019-03-19 16:03:44.082000+00:00,7418.5,{'stop_loss_price': 7418.5}
INVALID_RISK_UNIT,risk_unit == 0 or non-finite,NQM19-CME,1957711,2019-03-19 16:03:44.083000+00:00,7418.5,{'stop_loss_price': 7418.5}
INVALID_RISK_UNIT,risk_unit == 0 or non-finite,NQM19-CME,1957712,2019-03-19 16:03:44.084000+00:00,7418.5,{'stop_loss_price': 7418.5}
INVALID_RISK_UNIT,risk_unit == 0 or non-finite,NQM19-CME,1957713,2019-03-19 16:03:44.085000+00:00,7418.5,{'stop_loss_price': 7418.5}
INVALID_RISK_UNIT,risk_unit == 0 or non-finite,NQM19-CME,1957714,2019-03-19 16:03:44.086000+00:00,7418.5,{'stop_loss_price': 7418.5}
INVALID_RISK_UNIT,risk_unit == 0 or non-finite,NQM19-CME,1957715,2019-03-19 16:03:44.087000+00:00,7418.5,{'stop_loss_price': 7418.5}
INVALID_RISK_UNIT,risk_unit == 0 or non-finite,NQM19-CME,1957716,2019-03-19 16:03:44.088000+00:00,7418.5,{'stop_loss_price': 7418.5}
INVALID_RISK_UNIT,risk_unit == 0 or non-finite,NQM19-CME,1957717,2019-03-19 16:03:44.089000+00:00,7418.5,{'stop_loss_price': 7418.5}
INVALID_RISK_UNIT,risk_unit == 0 or non-finite,NQM19-CME,1957721,2019-03-19 16:03:45.003000+00:00,7418.5,{'stop_loss_price': 7418.5}
INVALID_RISK_UNIT,risk_unit == 0 or non-finite,NQM19-CME,1957722,2019-03-19 16:03:45.004000+00:00,7418.5,{'stop_loss_price': 7418.5}
INVALID_RISK_UNIT,risk_unit == 0 or non-finite,NQM19-CME,1957723,2019-03-19 16:03:45.005000+00:00,7418.5,{'stop_loss_price': 7418.5}
INVALID_RISK_UNIT,risk_unit == 0 or non-finite,NQM19-CME,1957724,2019-03-19 16:03:45.006000+00:00,7418.5,{'stop_loss_price': 7418.5}
INVALID_RISK_UNIT,risk_unit == 0 or non-finite,NQM19-CME,1957725,2019-03-19 16:03:45.007000+00:00,7418.5,{'stop_loss_price': 7418.5}
INVALID_RISK_UNIT,risk_unit == 0 or non-finite,NQM19-CME,1957726,2019-03-19 16:03:45.008000+00:00,7418.5,{'stop_loss_price': 7418.5}
INVALID_RISK_UNIT,risk_unit == 0 or non-finite,NQM19-CME,1957727,2019-03-19 16:03:45.009000+00:00,7418.5,{'stop_loss_price': 7418.5}
INVALID_RISK_UNIT,risk_unit == 0 or non-finite,NQM19-CME,1967992,2019-03-19 16:23:42+00:00,7413.5,{'stop_loss_price': 7413.5}
INVALID_RISK_UNIT,risk_unit == 0 or non-finite,NQM19-CME,1967993,2019-03-19 16:23:42.001000+00:00,7413.5,{'stop_loss_price': 7413.5}
INVALID_RISK_UNIT,risk_unit == 0 or non-finite,NQM19-CME,1968016,2019-03-19 16:23:45+00:00,7413.5,{'stop_loss_price': 7413.5}
INVALID_RISK_UNIT,risk_unit == 0 or non-finite,NQM19-CME,1968017,2019-03-19 16:23:45.001000+00:00,7413.5,{'stop_loss_price': 7413.5}
INVALID_RISK_UNIT,risk_unit == 0 or non-finite,NQM19-CME,1968018,2019-03-19 16:23:45.002000+00:00,7413.5,{'stop_loss_price': 7413.5}
INVALID_RISK_UNIT,risk_unit == 0 or non-finite,NQM19-CME,1968019,2019-03-19 16:23:45.003000+00:00,7413.5,{'stop_loss_price': 7413.5}
INVALID_RISK_UNIT,risk_unit == 0 or non-finite,NQM19-CME,1975083,2019-03-19 16:40:08.002000+00:00,7407.25,{'stop_loss_price': 7407.25}
INVALID_RISK_UNIT,risk_unit == 0 or non-finite,NQM19-CME,2020826,2019-03-19 17:20:28+00:00,7402.75,{'stop_loss_price': 7402.75}
INVALID_RISK_UNIT,risk_unit == 0 or non-finite,NQM19-CME,2020827,2019-03-19 17:20:28.001000+00:00,7402.75,{'stop_loss_price': 7402.75}
INVALID_RISK_UNIT,risk_unit == 0 or non-finite,NQM19-CME,2020828,2019-03-19 17:20:28.002000+00:00,7402.75,{'stop_loss_price': 7402.75}
INVALID_RISK_UNIT,risk_unit == 0 or non-finite,NQM19-CME,2020829,2019-03-19 17:20:28.003000+00:00,7402.75,{'stop_loss_price': 7402.75}
INVALID_RISK_UNIT,risk_unit == 0 or non-finite,NQM19-CME,2020830,2019-03-19 17:20:28.004000+00:00,7402.75,{'stop_loss_price': 7402.75}
INVALID_RISK_UNIT,risk_unit == 0 or non-finite,NQM19-CME,2020831,2019-03-19 17:20:28.005000+00:00,7402.75,{'stop_loss_price': 7402.75}
INVALID_RISK_UNIT,risk_unit == 0 or non-finite,NQM19-CME,2020832,2019-03-19 17:20:28.006000+00:00,7402.75,{'stop_loss_price': 7402.75}
INVALID_RISK_UNIT,risk_unit == 0 or non-finite,NQM19-CME,2020833,2019-03-19 17:20:29+00:00,7402.75,{'stop_loss_price': 7402.75}
INVALID_RISK_UNIT,risk_unit == 0 or non-finite,NQM19-CME,2020834,2019-03-19 17:20:29.001000+00:00,7402.75,{'stop_loss_price': 7402.75}
INVALID_RISK_UNIT,risk_unit == 0 or non-finite,NQM19-CME,2020835,2019-03-19 17:20:29.002000+00:00,7402.75,{'stop_loss_price': 7402.75}
INVALID_RISK_UNIT,risk_unit == 0 or non-finite,NQM19-CME,2020836,2019-03-19 17:20:29.003000+00:00,7402.75,{'stop_loss_price': 7402.75}
INVALID_RISK_UNIT,risk_unit == 0 or non-finite,NQM19-CME,2020837,2019-03-19 17:20:31+00:00,7402.75,{'stop_loss_price': 7402.75}
INVALID_RISK_UNIT,risk_unit == 0 or non-finite,NQM19-CME,2020838,2019-03-19 17:20:32+00:00,7402.75,{'stop_loss_price': 7402.75}
INVALID_RISK_UNIT,risk_unit == 0 or non-finite,NQM19-CME,2020839,2019-03-19 17:20:32.001000+00:00,7402.75,{'stop_loss_price': 7402.75}
INVALID_RISK_UNIT,risk_unit == 0 or non-finite,NQM19-CME,2020840,2019-03-19 17:20:32.002000+00:00,7402.75,{'stop_loss_price': 7402.75}
INVALID_RISK_UNIT,risk_unit == 0 or non-finite,NQM19-CME,2028217,2019-03-19 17:36:13+00:00,7405.25,{'stop_loss_price': 7405.25}
INVALID_RISK_UNIT,risk_unit == 0 or non-finite,NQM19-CME,2028218,2019-03-19 17:36:13.001000+00:00,7405.25,{'stop_loss_price': 7405.25}
INVALID_RISK_UNIT,risk_unit == 0 or non-finite,NQM19-CME,2028221,2019-03-19 17:36:13.004000+00:00,7405.25,{'stop_loss_price': 7405.25}
INVALID_RISK_UNIT,risk_unit == 0 or non-finite,NQM19-CME,2028222,2019-03-19 17:36:13.005000+00:00,7405.25,{'stop_loss_price': 7405.25}
INVALID_RISK_UNIT,risk_unit == 0 or non-finite,NQM19-CME,2028223,2019-03-19 17:36:13.006000+00:00,7405.25,{'stop_loss_price': 7405.25}
INVALID_RISK_UNIT,risk_unit == 0 or non-finite,NQM19-CME,2028224,2019-03-19 17:36:13.007000+00:00,7405.25,{'stop_loss_price': 7405.25}
INVALID_RISK_UNIT,risk_unit == 0 or non-finite,NQM19-CME,2028225,2019-03-19 17:36:13.008000+00:00,7405.25,{'stop_loss_price': 7405.25}
INVALID_RISK_UNIT,risk_unit == 0 or non-finite,NQM19-CME,2028226,2019-03-19 17:36:13.009000+00:00,7405.25,{'stop_loss_price': 7405.25}
INVALID_RISK_UNIT,risk_unit == 0 or non-finite,NQM19-CME,2028227,2019-03-19 17:36:13.010000+00:00,7405.25,{'stop_loss_price': 7405.25}
INVALID_RISK_UNIT,risk_unit == 0 or non-finite,NQM19-CME,2028228,2019-03-19 17:36:13.011000+00:00,7405.25,{'stop_loss_price': 7405.25}
INVALID_RISK_UNIT,risk_unit == 0 or non-finite,NQM19-CME,2028229,2019-03-19 17:36:13.012000+00:00,7405.25,{'stop_loss_price': 7405.25}
INVALID_RISK_UNIT,risk_unit == 0 or non-finite,NQM19-CME,2028230,2019-03-19 17:36:13.013000+00:00,7405.25,{'stop_loss_price': 7405.25}
INVALID_RISK_UNIT,risk_unit == 0 or non-finite,NQM19-CME,2028231,2019-03-19 17:36:13.014000+00:00,7405.25,{'stop_loss_price': 7405.25}
INVALID_RISK_UNIT,risk_unit == 0 or non-finite,NQM19-CME,2028232,2019-03-19 17:36:13.015000+00:00,7405.25,{'stop_loss_price': 7405.25}
INVALID_RISK_UNIT,risk_unit == 0 or non-finite,NQM19-CME,2028233,2019-03-19 17:36:13.016000+00:00,7405.25,{'stop_loss_price': 7405.25}
INVALID_RISK_UNIT,risk_unit == 0 or non-finite,NQM19-CME,2028234,2019-03-19 17:36:13.017000+00:00,7405.25,{'stop_loss_price': 7405.25}
INVALID_RISK_UNIT,risk_unit == 0 or non-finite,NQM19-CME,2028235,2019-03-19 17:36:13.018000+00:00,7405.25,{'stop_loss_price': 7405.25}
INVALID_RISK_UNIT,risk_unit == 0 or non-finite,NQM19-CME,2055202,2019-03-19 18:37:29.006000+00:00,7400.25,{'stop_loss_price': 7400.25}
INVALID_RISK_UNIT,risk_unit == 0 or non-finite,NQM19-CME,2055203,2019-03-19 18:37:29.007000+00:00,7400.25,{'stop_loss_price': 7400.25}
INVALID_RISK_UNIT,risk_unit == 0 or non-finite,NQM19-CME,2055220,2019-03-19 18:37:39.001000+00:00,7400.25,{'stop_loss_price': 7400.25}
INVALID_RISK_UNIT,risk_unit == 0 or non-finite,NQM19-CME,2060051,2019-03-19 18:52:50.023000+00:00,7399.25,{'stop_loss_price': 7399.25}
INVALID_RISK_UNIT,risk_unit == 0 or non-finite,NQM19-CME,2060052,2019-03-19 18:52:50.024000+00:00,7399.25,{'stop_loss_price': 7399.25}
INVALID_RISK_UNIT,risk_unit == 0 or non-finite,NQM19-CME,2060053,2019-03-19 18:52:50.025000+00:00,7399.25,{'stop_loss_price': 7399.25}
INVALID_RISK_UNIT,risk_unit == 0 or non-finite,NQM19-CME,2060054,2019-03-19 18:52:50.026000+00:00,7399.25,{'stop_loss_price': 7399.25}
INVALID_RISK_UNIT,risk_unit == 0 or non-finite,NQM19-CME,2060070,2019-03-19 18:52:57.001000+00:00,7399.25,{'stop_loss_price': 7399.25}
INVALID_RISK_UNIT,risk_unit == 0 or non-finite,NQM19-CME,2060071,2019-03-19 18:52:57.002000+00:00,7399.25,{'stop_loss_price': 7399.25}
INVALID_RISK_UNIT,risk_unit == 0 or non-finite,NQM19-CME,2060072,2019-03-19 18:52:57.003000+00:00,7399.25,{'stop_loss_price': 7399.25}
INVALID_RISK_UNIT,risk_unit == 0 or non-finite,NQM19-CME,2060073,2019-03-19 18:52:57.004000+00:00,7399.25,{'stop_loss_price': 7399.25}
INVALID_RISK_UNIT,risk_unit == 0 or non-finite,NQM19-CME,2060074,2019-03-19 18:52:57.005000+00:00,7399.25,{'stop_loss_price': 7399.25}
INVALID_RISK_UNIT,risk_unit == 0 or non-finite,NQM19-CME,2060075,2019-03-19 18:52:57.006000+00:00,7399.25,{'stop_loss_price': 7399.25}
INVALID_RISK_UNIT,risk_unit == 0 or non-finite,NQM19-CME,2060076,2019-03-19 18:52:57.007000+00:00,7399.25,{'stop_loss_price': 7399.25}
INVALID_RISK_UNIT,risk_unit == 0 or non-finite,NQM19-CME,2060077,2019-03-19 18:52:57.008000+00:00,7399.25,{'stop_loss_price': 7399.25}
INVALID_RISK_UNIT,risk_unit == 0 or non-finite,NQM19-CME,2060078,2019-03-19 18:52:58+00:00,7399.25,{'stop_loss_price': 7399.25}
INVALID_RISK_UNIT,risk_unit == 0 or non-finite,NQM19-CME,2060079,2019-03-19 18:52:59+00:00,7399.25,{'stop_loss_price': 7399.25}
INVALID_RISK_UNIT,risk_unit == 0 or non-finite,NQM19-CME,2060080,2019-03-19 18:52:59.001000+00:00,7399.25,{'stop_loss_price': 7399.25}
INVALID_RISK_UNIT,risk_unit == 0 or non-finite,NQM19-CME,2060081,2019-03-19 18:52:59.002000+00:00,7399.25,{'stop_loss_price': 7399.25}
INVALID_RISK_UNIT,risk_unit == 0 or non-finite,NQM19-CME,2082148,2019-03-19 19:26:18.002000+00:00,7373.5,{'stop_loss_price': 7373.5}
INVALID_RISK_UNIT,risk_unit == 0 or non-finite,NQM19-CME,2221296,2019-03-20 13:49:13.026000+00:00,7375.75,{'stop_loss_price': 7375.75}
INVALID_RISK_UNIT,risk_unit == 0 or non-finite,NQM19-CME,2221297,2019-03-20 13:49:13.027000+00:00,7375.75,{'stop_loss_price': 7375.75}
INVALID_RISK_UNIT,risk_unit == 0 or non-finite,NQM19-CME,2221302,2019-03-20 13:49:13.032000+00:00,7375.75,{'stop_loss_price': 7375.75}
INVALID_RISK_UNIT,risk_unit == 0 or non-finite,NQM19-CME,2270530,2019-03-20 14:33:32.041000+00:00,7376.75,{'stop_loss_price': 7376.75}
INVALID_RISK_UNIT,risk_unit == 0 or non-finite,NQM19-CME,2270531,2019-03-20 14:33:32.042000+00:00,7376.75,{'stop_loss_price': 7376.75}
INVALID_RISK_UNIT,risk_unit == 0 or non-finite,NQM19-CME,2270532,2019-03-20 14:33:32.043000+00:00,7376.75,{'stop_loss_price': 7376.75}
INVALID_RISK_UNIT,risk_unit == 0 or non-finite,NQM19-CME,2270533,2019-03-20 14:33:32.044000+00:00,7376.75,{'stop_loss_price': 7376.75}
INVALID_RISK_UNIT,risk_unit == 0 or non-finite,NQM19-CME,2270534,2019-03-20 14:33:32.045000+00:00,7376.75,{'stop_loss_price': 7376.75}
INVALID_RISK_UNIT,risk_unit == 0 or non-finite,NQM19-CME,2270535,2019-03-20 14:33:32.046000+00:00,7376.75,{'stop_loss_price': 7376.75}
INVALID_RISK_UNIT,risk_unit == 0 or non-finite,NQM19-CME,2270536,2019-03-20 14:33:32.047000+00:00,7376.75,{'stop_loss_price': 7376.75}
INVALID_RISK_UNIT,risk_unit == 0 or non-finite,NQM19-CME,2270537,2019-03-20 14:33:32.048000+00:00,7376.75,{'stop_loss_price': 7376.75}
INVALID_RISK_UNIT,risk_unit == 0 or non-finite,NQM19-CME,2270538,2019-03-20 14:33:32.049000+00:00,7376.75,{'stop_loss_price': 7376.75}
INVALID_RISK_UNIT,risk_unit == 0 or non-finite,NQM19-CME,2270539,2019-03-20 14:33:32.050000+00:00,7376.75,{'stop_loss_price': 7376.75}
INVALID_RISK_UNIT,risk_unit == 0 or non-finite,NQM19-CME,2270540,2019-03-20 14:33:32.051000+00:00,7376.75,{'stop_loss_price': 7376.75}
INVALID_RISK_UNIT,risk_unit == 0 or non-finite,NQM19-CME,2270541,2019-03-20 14:33:32.052000+00:00,7376.75,{'stop_loss_price': 7376.75}
INVALID_RISK_UNIT,risk_unit == 0 or non-finite,NQM19-CME,2317810,2019-03-20 15:48:16.032000+00:00,7368.5,{'stop_loss_price': 7368.5}
INVALID_RISK_UNIT,risk_unit == 0 or non-finite,NQM19-CME,2328426,2019-03-20 15:59:43.002000+00:00,7357.75,{'stop_loss_price': 7357.75}
INVALID_RISK_UNIT,risk_unit == 0 or non-finite,NQM19-CME,2328427,2019-03-20 15:59:43.003000+00:00,7357.75,{'stop_loss_price': 7357.75}
INVALID_RISK_UNIT,risk_unit == 0 or non-finite,NQM19-CME,2328428,2019-03-20 15:59:43.004000+00:00,7357.75,{'stop_loss_price': 7357.75}
INVALID_RISK_UNIT,risk_unit == 0 or non-finite,NQM19-CME,2328429,2019-03-20 15:59:43.005000+00:00,7357.75,{'stop_loss_price': 7357.75}
INVALID_RISK_UNIT,risk_unit == 0 or non-finite,NQM19-CME,2328430,2019-03-20 15:59:43.006000+00:00,7357.75,{'stop_loss_price': 7357.75}
INVALID_RISK_UNIT,risk_unit == 0 or non-finite,NQM19-CME,2328431,2019-03-20 15:59:43.007000+00:00,7357.75,{'stop_loss_price': 7357.75}
INVALID_RISK_UNIT,risk_unit == 0 or non-finite,NQM19-CME,2328432,2019-03-20 15:59:43.008000+00:00,7357.75,{'stop_loss_price': 7357.75}
INVALID_RISK_UNIT,risk_unit == 0 or non-finite,NQM19-CME,2328433,2019-03-20 15:59:43.009000+00:00,7357.75,{'stop_loss_price': 7357.75}
INVALID_RISK_UNIT,risk_unit == 0 or non-finite,NQM19-CME,2328434,2019-03-20 15:59:43.010000+00:00,7357.75,{'stop_loss_price': 7357.75}
INVALID_RISK_UNIT,risk_unit == 0 or non-finite,NQM19-CME,2364247,2019-03-20 16:40:51.003000+00:00,7360.25,{'stop_loss_price': 7360.25}
INVALID_RISK_UNIT,risk_unit == 0 or non-finite,NQM19-CME,2364248,2019-03-20 16:40:51.004000+00:00,7360.25,{'stop_loss_price': 7360.25}
INVALID_RISK_UNIT,risk_unit == 0 or non-finite,NQM19-CME,2364249,2019-03-20 16:40:51.005000+00:00,7360.25,{'stop_loss_price': 7360.25}
INVALID_RISK_UNIT,risk_unit == 0 or non-finite,NQM19-CME,2364250,2019-03-20 16:40:51.006000+00:00,7360.25,{'stop_loss_price': 7360.25}
INVALID_RISK_UNIT,risk_unit == 0 or non-finite,NQM19-CME,2435218,2019-03-20 18:16:11.010000+00:00,7422.0,{'stop_loss_price': 7422.0}
INVALID_RISK_UNIT,risk_unit == 0 or non-finite,NQM19-CME,2442235,2019-03-20 18:21:33.036000+00:00,7423.75,{'stop_loss_price': 7423.75}
INVALID_RISK_UNIT,risk_unit == 0 or non-finite,NQM19-CME,2442236,2019-03-20 18:21:33.037000+00:00,7423.75,{'stop_loss_price': 7423.75}
INVALID_RISK_UNIT,risk_unit == 0 or non-finite,NQM19-CME,2442237,2019-03-20 18:21:33.038000+00:00,7423.75,{'stop_loss_price': 7423.75}
INVALID_RISK_UNIT,risk_unit == 0 or non-finite,NQM19-CME,2442238,2019-03-20 18:21:33.039000+00:00,7423.75,{'stop_loss_price': 7423.75}
INVALID_RISK_UNIT,risk_unit == 0 or non-finite,NQM19-CME,2442239,2019-03-20 18:21:33.040000+00:00,7423.75,{'stop_loss_price': 7423.75}
INVALID_RISK_UNIT,risk_unit == 0 or non-finite,NQM19-CME,2442240,2019-03-20 18:21:33.041000+00:00,7423.75,{'stop_loss_price': 7423.75}
INVALID_RISK_UNIT,risk_unit == 0 or non-finite,NQM19-CME,2442241,2019-03-20 18:21:33.042000+00:00,7423.75,{'stop_loss_price': 7423.75}
INVALID_RISK_UNIT,risk_unit == 0 or non-finite,NQM19-CME,2442242,2019-03-20 18:21:33.043000+00:00,7423.75,{'stop_loss_price': 7423.75}
INVALID_RISK_UNIT,risk_unit == 0 or non-finite,NQM19-CME,2442243,2019-03-20 18:21:33.044000+00:00,7423.75,{'stop_loss_price': 7423.75}
INVALID_RISK_UNIT,risk_unit == 0 or non-finite,NQM19-CME,2442244,2019-03-20 18:21:33.045000+00:00,7423.75,{'stop_loss_price': 7423.75}
INVALID_RISK_UNIT,risk_unit == 0 or non-finite,NQM19-CME,2442248,2019-03-20 18:21:33.049000+00:00,7423.75,{'stop_loss_price': 7423.75}
INVALID_RISK_UNIT,risk_unit == 0 or non-finite,NQM19-CME,2461253,2019-03-20 18:32:03.007000+00:00,7441.0,{'stop_loss_price': 7441.0}
INVALID_RISK_UNIT,risk_unit == 0 or non-finite,NQM19-CME,2512650,2019-03-20 19:16:59.008000+00:00,7436.25,{'stop_loss_price': 7436.25}
INVALID_RISK_UNIT,risk_unit == 0 or non-finite,NQM19-CME,2512651,2019-03-20 19:16:59.009000+00:00,7436.25,{'stop_loss_price': 7436.25}
INVALID_RISK_UNIT,risk_unit == 0 or non-finite,NQM19-CME,2512652,2019-03-20 19:16:59.010000+00:00,7436.25,{'stop_loss_price': 7436.25}
INVALID_RISK_UNIT,risk_unit == 0 or non-finite,NQM19-CME,2512653,2019-03-20 19:16:59.011000+00:00,7436.25,{'stop_loss_price': 7436.25}
INVALID_RISK_UNIT,risk_unit == 0 or non-finite,NQM19-CME,2513383,2019-03-20 19:18:27.035000+00:00,7433.5,{'stop_loss_price': 7433.5}
INVALID_RISK_UNIT,risk_unit == 0 or non-finite,NQM19-CME,2513384,2019-03-20 19:18:27.036000+00:00,7433.5,{'stop_loss_price': 7433.5}
INVALID_RISK_UNIT,risk_unit == 0 or non-finite,NQM19-CME,2513385,2019-03-20 19:18:27.037000+00:00,7433.5,{'stop_loss_price': 7433.5}
INVALID_RISK_UNIT,risk_unit == 0 or non-finite,NQM19-CME,2562848,2019-03-20 20:03:38.002000+00:00,7408.75,{'stop_loss_price': 7408.75}
INVALID_RISK_UNIT,risk_unit == 0 or non-finite,NQM19-CME,2562849,2019-03-20 20:03:38.003000+00:00,7408.75,{'stop_loss_price': 7408.75}
INVALID_RISK_UNIT,risk_unit == 0 or non-finite,NQM19-CME,2562850,2019-03-20 20:03:38.004000+00:00,7408.75,{'stop_loss_price': 7408.75}
INVALID_RISK_UNIT,risk_unit == 0 or non-finite,NQM19-CME,2562851,2019-03-20 20:03:38.005000+00:00,7408.75,{'stop_loss_price': 7408.75}
INVALID_RISK_UNIT,risk_unit == 0 or non-finite,NQM19-CME,2723237,2019-03-21 14:13:40.006000+00:00,7445.5,{'stop_loss_price': 7445.5}
INVALID_RISK_UNIT,risk_unit == 0 or non-finite,NQM19-CME,2723238,2019-03-21 14:13:40.007000+00:00,7445.5,{'stop_loss_price': 7445.5}
INVALID_RISK_UNIT,risk_unit == 0 or non-finite,NQM19-CME,2723239,2019-03-21 14:13:40.008000+00:00,7445.5,{'stop_loss_price': 7445.5}
INVALID_RISK_UNIT,risk_unit == 0 or non-finite,NQM19-CME,2723240,2019-03-21 14:13:40.009000+00:00,7445.5,{'stop_loss_price': 7445.5}
INVALID_RISK_UNIT,risk_unit == 0 or non-finite,NQM19-CME,2723241,2019-03-21 14:13:40.010000+00:00,7445.5,{'stop_loss_price': 7445.5}
INVALID_RISK_UNIT,risk_unit == 0 or non-finite,NQM19-CME,2723242,2019-03-21 14:13:40.011000+00:00,7445.5,{'stop_loss_price': 7445.5}
INVALID_RISK_UNIT,risk_unit == 0 or non-finite,NQM19-CME,2723243,2019-03-21 14:13:40.012000+00:00,7445.5,{'stop_loss_price': 7445.5}
INVALID_RISK_UNIT,risk_unit == 0 or non-finite,NQM19-CME,2723244,2019-03-21 14:13:40.013000+00:00,7445.5,{'stop_loss_price': 7445.5}
INVALID_RISK_UNIT,risk_unit == 0 or non-finite,NQM19-CME,2723245,2019-03-21 14:13:41+00:00,7445.5,{'stop_loss_price': 7445.5}
INVALID_RISK_UNIT,risk_unit == 0 or non-finite,NQM19-CME,2723246,2019-03-21 14:13:41.001000+00:00,7445.5,{'stop_loss_price': 7445.5}
INVALID_RISK_UNIT,risk_unit == 0 or non-finite,NQM19-CME,2723247,2019-03-21 14:13:41.002000+00:00,7445.5,{'stop_loss_price': 7445.5}
INVALID_RISK_UNIT,risk_unit == 0 or non-finite,NQM19-CME,2723248,2019-03-21 14:13:41.003000+00:00,7445.5,{'stop_loss_price': 7445.5}
INVALID_RISK_UNIT,risk_unit == 0 or non-finite,NQM19-CME,2723266,2019-03-21 14:13:42.012000+00:00,7445.5,{'stop_loss_price': 7445.5}
INVALID_RISK_UNIT,risk_unit == 0 or non-finite,NQM19-CME,2723267,2019-03-21 14:13:42.013000+00:00,7445.5,{'stop_loss_price': 7445.5}
INVALID_RISK_UNIT,risk_unit == 0 or non-finite,NQM19-CME,2723268,2019-03-21 14:13:42.014000+00:00,7445.5,{'stop_loss_price': 7445.5}
INVALID_RISK_UNIT,risk_unit == 0 or non-finite,NQM19-CME,2723269,2019-03-21 14:13:42.015000+00:00,7445.5,{'stop_loss_price': 7445.5}
INVALID_RISK_UNIT,risk_unit == 0 or non-finite,NQM19-CME,2723270,2019-03-21 14:13:42.016000+00:00,7445.5,{'stop_loss_price': 7445.5}
INVALID_RISK_UNIT,risk_unit == 0 or non-finite,NQM19-CME,2723271,2019-03-21 14:13:42.017000+00:00,7445.5,{'stop_loss_price': 7445.5}
INVALID_RISK_UNIT,risk_unit == 0 or non-finite,NQM19-CME,2723272,2019-03-21 14:13:42.018000+00:00,7445.5,{'stop_loss_price': 7445.5}
INVALID_RISK_UNIT,risk_unit == 0 or non-finite,NQM19-CME,2723273,2019-03-21 14:13:42.019000+00:00,7445.5,{'stop_loss_price': 7445.5}
INVALID_RISK_UNIT,risk_unit == 0 or non-finite,NQM19-CME,2723274,2019-03-21 14:13:42.020000+00:00,7445.5,{'stop_loss_price': 7445.5}
INVALID_RISK_UNIT,risk_unit == 0 or non-finite,NQM19-CME,2723275,2019-03-21 14:13:42.021000+00:00,7445.5,{'stop_loss_price': 7445.5}
INVALID_RISK_UNIT,risk_unit == 0 or non-finite,NQM19-CME,2723276,2019-03-21 14:13:42.022000+00:00,7445.5,{'stop_loss_price': 7445.5}
INVALID_RISK_UNIT,risk_unit == 0 or non-finite,NQM19-CME,2723277,2019-03-21 14:13:42.023000+00:00,7445.5,{'stop_loss_price': 7445.5}
INVALID_RISK_UNIT,risk_unit == 0 or non-finite,NQM19-CME,2723279,2019-03-21 14:13:42.025000+00:00,7445.5,{'stop_loss_price': 7445.5}
INVALID_RISK_UNIT,risk_unit == 0 or non-finite,NQM19-CME,2814025,2019-03-21 15:42:36.233000+00:00,7478.75,{'stop_loss_price': 7478.75}
INVALID_RISK_UNIT,risk_unit == 0 or non-finite,NQM19-CME,2814026,2019-03-21 15:42:36.234000+00:00,7478.75,{'stop_loss_price': 7478.75}
INVALID_RISK_UNIT,risk_unit == 0 or non-finite,NQM19-CME,2814027,2019-03-21 15:42:36.235000+00:00,7478.75,{'stop_loss_price': 7478.75}
INVALID_RISK_UNIT,risk_unit == 0 or non-finite,NQM19-CME,2814028,2019-03-21 15:42:36.236000+00:00,7478.75,{'stop_loss_price': 7478.75}
INVALID_RISK_UNIT,risk_unit == 0 or non-finite,NQM19-CME,2814029,2019-03-21 15:42:36.237000+00:00,7478.75,{'stop_loss_price': 7478.75}
INVALID_RISK_UNIT,risk_unit == 0 or non-finite,NQM19-CME,2814030,2019-03-21 15:42:36.238000+00:00,7478.75,{'stop_loss_price': 7478.75}
INVALID_RISK_UNIT,risk_unit == 0 or non-finite,NQM19-CME,2814031,2019-03-21 15:42:36.239000+00:00,7478.75,{'stop_loss_price': 7478.75}
INVALID_RISK_UNIT,risk_unit == 0 or non-finite,NQM19-CME,2814032,2019-03-21 15:42:36.240000+00:00,7478.75,{'stop_loss_price': 7478.75}
INVALID_RISK_UNIT,risk_unit == 0 or non-finite,NQM19-CME,2814033,2019-03-21 15:42:36.241000+00:00,7478.75,{'stop_loss_price': 7478.75}
INVALID_RISK_UNIT,risk_unit == 0 or non-finite,NQM19-CME,2814034,2019-03-21 15:42:36.242000+00:00,7478.75,{'stop_loss_price': 7478.75}
INVALID_RISK_UNIT,risk_unit == 0 or non-finite,NQM19-CME,2814035,2019-03-21 15:42:36.243000+00:00,7478.75,{'stop_loss_price': 7478.75}
INVALID_RISK_UNIT,risk_unit == 0 or non-finite,NQM19-CME,2814047,2019-03-21 15:42:37.011000+00:00,7478.75,{'stop_loss_price': 7478.75}
INVALID_RISK_UNIT,risk_unit == 0 or non-finite,NQM19-CME,2934475,2019-03-21 18:57:21+00:00,7525.0,{'stop_loss_price': 7525.0}
INVALID_RISK_UNIT,risk_unit == 0 or non-finite,NQM19-CME,2934476,2019-03-21 18:57:21.001000+00:00,7525.0,{'stop_loss_price': 7525.0}
INVALID_RISK_UNIT,risk_unit == 0 or non-finite,NQM19-CME,2934501,2019-03-21 18:57:23.001000+00:00,7525.0,{'stop_loss_price': 7525.0}
INVALID_RISK_UNIT,risk_unit == 0 or non-finite,NQM19-CME,2959251,2019-03-21 19:32:43.001000+00:00,7526.0,{'stop_loss_price': 7526.0}
INVALID_RISK_UNIT,risk_unit == 0 or non-finite,NQM19-CME,3017708,2019-03-22 03:06:57+00:00,7520.5,{'stop_loss_price': 7520.5}
INVALID_RISK_UNIT,risk_unit == 0 or non-finite,NQM19-CME,3024973,2019-03-22 05:59:43+00:00,7523.0,{'stop_loss_price': 7523.0}
INVALID_RISK_UNIT,risk_unit == 0 or non-finite,NQM19-CME,3024974,2019-03-22 05:59:43.001000+00:00,7523.0,{'stop_loss_price': 7523.0}
INVALID_RISK_UNIT,risk_unit == 0 or non-finite,NQM19-CME,3024975,2019-03-22 05:59:43.002000+00:00,7523.0,{'stop_loss_price': 7523.0}
INVALID_RISK_UNIT,risk_unit == 0 or non-finite,NQM19-CME,3044302,2019-03-22 08:53:28.022000+00:00,7500.75,{'stop_loss_price': 7500.75}
INVALID_RISK_UNIT,risk_unit == 0 or non-finite,NQM19-CME,3064216,2019-03-22 10:27:47+00:00,7499.5,{'stop_loss_price': 7499.5}
INVALID_RISK_UNIT,risk_unit == 0 or non-finite,NQM19-CME,3079472,2019-03-22 12:26:12.004000+00:00,7495.25,{'stop_loss_price': 7495.25}
INVALID_RISK_UNIT,risk_unit == 0 or non-finite,NQM19-CME,3079473,2019-03-22 12:26:12.005000+00:00,7495.25,{'stop_loss_price': 7495.25}
INVALID_RISK_UNIT,risk_unit == 0 or non-finite,NQM19-CME,3079474,2019-03-22 12:26:12.006000+00:00,7495.25,{'stop_loss_price': 7495.25}
INVALID_RISK_UNIT,risk_unit == 0 or non-finite,NQM19-CME,3079475,2019-03-22 12:26:12.007000+00:00,7495.25,{'stop_loss_price': 7495.25}
INVALID_RISK_UNIT,risk_unit == 0 or non-finite,NQM19-CME,3079476,2019-03-22 12:26:12.008000+00:00,7495.25,{'stop_loss_price': 7495.25}
INVALID_RISK_UNIT,risk_unit == 0 or non-finite,NQM19-CME,3079477,2019-03-22 12:26:12.009000+00:00,7495.25,{'stop_loss_price': 7495.25}
INVALID_RISK_UNIT,risk_unit == 0 or non-finite,NQM19-CME,3079478,2019-03-22 12:26:12.010000+00:00,7495.25,{'stop_loss_price': 7495.25}
INVALID_RISK_UNIT,risk_unit == 0 or non-finite,NQM19-CME,3079479,2019-03-22 12:26:12.011000+00:00,7495.25,{'stop_loss_price': 7495.25}
INVALID_RISK_UNIT,risk_unit == 0 or non-finite,NQM19-CME,3079480,2019-03-22 12:26:12.012000+00:00,7495.25,{'stop_loss_price': 7495.25}
INVALID_RISK_UNIT,risk_unit == 0 or non-finite,NQM19-CME,3092131,2019-03-22 13:16:13+00:00,7493.25,{'stop_loss_price': 7493.25}
INVALID_RISK_UNIT,risk_unit == 0 or non-finite,NQM19-CME,3103792,2019-03-22 13:32:54.016000+00:00,7501.5,{'stop_loss_price': 7501.5}
INVALID_RISK_UNIT,risk_unit == 0 or non-finite,NQM19-CME,3103793,2019-03-22 13:32:54.017000+00:00,7501.5,{'stop_loss_price': 7501.5}
INVALID_RISK_UNIT,risk_unit == 0 or non-finite,NQM19-CME,3103794,2019-03-22 13:32:54.018000+00:00,7501.5,{'stop_loss_price': 7501.5}
INVALID_RISK_UNIT,risk_unit == 0 or non-finite,NQM19-CME,3103795,2019-03-22 13:32:54.019000+00:00,7501.5,{'stop_loss_price': 7501.5}
INVALID_RISK_UNIT,risk_unit == 0 or non-finite,NQM19-CME,3125366,2019-03-22 13:44:20.062000+00:00,7503.25,{'stop_loss_price': 7503.25}
INVALID_RISK_UNIT,risk_unit == 0 or non-finite,NQM19-CME,3191090,2019-03-22 14:14:24.206000+00:00,7471.5,{'stop_loss_price': 7471.5}
INVALID_RISK_UNIT,risk_unit == 0 or non-finite,NQM19-CME,3197528,2019-03-22 14:20:38.005000+00:00,7483.25,{'stop_loss_price': 7483.25}
INVALID_RISK_UNIT,risk_unit == 0 or non-finite,NQM19-CME,3200967,2019-03-22 14:23:28+00:00,7481.5,{'stop_loss_price': 7481.5}
INVALID_RISK_UNIT,risk_unit == 0 or non-finite,NQM19-CME,3200968,2019-03-22 14:23:28.001000+00:00,7481.5,{'stop_loss_price': 7481.5}
INVALID_RISK_UNIT,risk_unit == 0 or non-finite,NQM19-CME,3200969,2019-03-22 14:23:28.002000+00:00,7481.5,{'stop_loss_price': 7481.5}
INVALID_RISK_UNIT,risk_unit == 0 or non-finite,NQM19-CME,3200970,2019-03-22 14:23:28.003000+00:00,7481.5,{'stop_loss_price': 7481.5}
INVALID_RISK_UNIT,risk_unit == 0 or non-finite,NQM19-CME,3200971,2019-03-22 14:23:28.004000+00:00,7481.5,{'stop_loss_price': 7481.5}
INVALID_RISK_UNIT,risk_unit == 0 or non-finite,NQM19-CME,3200972,2019-03-22 14:23:28.005000+00:00,7481.5,{'stop_loss_price': 7481.5}
INVALID_RISK_UNIT,risk_unit == 0 or non-finite,NQM19-CME,3200973,2019-03-22 14:23:28.006000+00:00,7481.5,{'stop_loss_price': 7481.5}
INVALID_RISK_UNIT,risk_unit == 0 or non-finite,NQM19-CME,3224213,2019-03-22 14:42:38.001000+00:00,7455.5,{'stop_loss_price': 7455.5}
INVALID_RISK_UNIT,risk_unit == 0 or non-finite,NQM19-CME,3226426,2019-03-22 14:44:27+00:00,7459.75,{'stop_loss_price': 7459.75}
INVALID_RISK_UNIT,risk_unit == 0 or non-finite,NQM19-CME,3226427,2019-03-22 14:44:27.001000+00:00,7459.75,{'stop_loss_price': 7459.75}
INVALID_RISK_UNIT,risk_unit == 0 or non-finite,NQM19-CME,3258992,2019-03-22 15:07:47.001000+00:00,7440.0,{'stop_loss_price': 7440.0}
INVALID_RISK_UNIT,risk_unit == 0 or non-finite,NQM19-CME,3280178,2019-03-22 15:24:48.009000+00:00,7435.0,{'stop_loss_price': 7435.0}
INVALID_RISK_UNIT,risk_unit == 0 or non-finite,NQM19-CME,3333932,2019-03-22 16:04:08.005000+00:00,7403.0,{'stop_loss_price': 7403.0}
INVALID_RISK_UNIT,risk_unit == 0 or non-finite,NQM19-CME,3343096,2019-03-22 16:13:09.003000+00:00,7392.75,{'stop_loss_price': 7392.75}
INVALID_RISK_UNIT,risk_unit == 0 or non-finite,NQM19-CME,3343097,2019-03-22 16:13:09.004000+00:00,7392.75,{'stop_loss_price': 7392.75}
INVALID_RISK_UNIT,risk_unit == 0 or non-finite,NQM19-CME,3343098,2019-03-22 16:13:09.005000+00:00,7392.75,{'stop_loss_price': 7392.75}
INVALID_RISK_UNIT,risk_unit == 0 or non-finite,NQM19-CME,3343099,2019-03-22 16:13:09.006000+00:00,7392.75,{'stop_loss_price': 7392.75}
INVALID_RISK_UNIT,risk_unit == 0 or non-finite,NQM19-CME,3343100,2019-03-22 16:13:09.007000+00:00,7392.75,{'stop_loss_price': 7392.75}
INVALID_RISK_UNIT,risk_unit == 0 or non-finite,NQM19-CME,3343101,2019-03-22 16:13:09.008000+00:00,7392.75,{'stop_loss_price': 7392.75}
INVALID_RISK_UNIT,risk_unit == 0 or non-finite,NQM19-CME,3343102,2019-03-22 16:13:09.009000+00:00,7392.75,{'stop_loss_price': 7392.75}
INVALID_RISK_UNIT,risk_unit == 0 or non-finite,NQM19-CME,3343103,2019-03-22 16:13:09.010000+00:00,7392.75,{'stop_loss_price': 7392.75}
INVALID_RISK_UNIT,risk_unit == 0 or non-finite,NQM19-CME,3343104,2019-03-22 16:13:09.011000+00:00,7392.75,{'stop_loss_price': 7392.75}
INVALID_RISK_UNIT,risk_unit == 0 or non-finite,NQM19-CME,3343111,2019-03-22 16:13:10.006000+00:00,7392.75,{'stop_loss_price': 7392.75}
INVALID_RISK_UNIT,risk_unit == 0 or non-finite,NQM19-CME,3343112,2019-03-22 16:13:10.007000+00:00,7392.75,{'stop_loss_price': 7392.75}
INVALID_RISK_UNIT,risk_unit == 0 or non-finite,NQM19-CME,3345414,2019-03-22 16:15:58.007000+00:00,7391.5,{'stop_loss_price': 7391.5}
INVALID_RISK_UNIT,risk_unit == 0 or non-finite,NQM19-CME,3353107,2019-03-22 16:22:46+00:00,7406.0,{'stop_loss_price': 7406.0}
INVALID_RISK_UNIT,risk_unit == 0 or non-finite,NQM19-CME,3353108,2019-03-22 16:22:46.001000+00:00,7406.0,{'stop_loss_price': 7406.0}
INVALID_RISK_UNIT,risk_unit == 0 or non-finite,NQM19-CME,3353109,2019-03-22 16:22:46.002000+00:00,7406.0,{'stop_loss_price': 7406.0}
INVALID_RISK_UNIT,risk_unit == 0 or non-finite,NQM19-CME,3369848,2019-03-22 16:41:11.002000+00:00,7392.0,{'stop_loss_price': 7392.0}
INVALID_RISK_UNIT,risk_unit == 0 or non-finite,NQM19-CME,3380735,2019-03-22 16:51:01.002000+00:00,7382.5,{'stop_loss_price': 7382.5}
INVALID_RISK_UNIT,risk_unit == 0 or non-finite,NQM19-CME,3380736,2019-03-22 16:51:01.003000+00:00,7382.5,{'stop_loss_price': 7382.5}
INVALID_RISK_UNIT,risk_unit == 0 or non-finite,NQM19-CME,3417049,2019-03-22 17:35:50.018000+00:00,7392.25,{'stop_loss_price': 7392.25}
INVALID_RISK_UNIT,risk_unit == 0 or non-finite,NQM19-CME,3417050,2019-03-22 17:35:50.019000+00:00,7392.25,{'stop_loss_price': 7392.25}
INVALID_RISK_UNIT,risk_unit == 0 or non-finite,NQM19-CME,3417051,2019-03-22 17:35:50.020000+00:00,7392.25,{'stop_loss_price': 7392.25}
INVALID_RISK_UNIT,risk_unit == 0 or non-finite,NQM19-CME,3417052,2019-03-22 17:35:50.021000+00:00,7392.25,{'stop_loss_price': 7392.25}
INVALID_RISK_UNIT,risk_unit == 0 or non-finite,NQM19-CME,3417053,2019-03-22 17:35:50.022000+00:00,7392.25,{'stop_loss_price': 7392.25}
INVALID_RISK_UNIT,risk_unit == 0 or non-finite,NQM19-CME,3417054,2019-03-22 17:35:50.023000+00:00,7392.25,{'stop_loss_price': 7392.25}
INVALID_RISK_UNIT,risk_unit == 0 or non-finite,NQM19-CME,3417055,2019-03-22 17:35:50.024000+00:00,7392.25,{'stop_loss_price': 7392.25}
INVALID_RISK_UNIT,risk_unit == 0 or non-finite,NQM19-CME,3417056,2019-03-22 17:35:50.025000+00:00,7392.25,{'stop_loss_price': 7392.25}
INVALID_RISK_UNIT,risk_unit == 0 or non-finite,NQM19-CME,3550524,2019-03-22 20:08:19.004000+00:00,7374.25,{'stop_loss_price': 7374.25}
INVALID_RISK_UNIT,risk_unit == 0 or non-finite,NQM19-CME,3550525,2019-03-22 20:08:19.005000+00:00,7374.25,{'stop_loss_price': 7374.25}
INVALID_RISK_UNIT,risk_unit == 0 or non-finite,NQM19-CME,3550526,2019-03-22 20:08:19.006000+00:00,7374.25,{'stop_loss_price': 7374.25}
INVALID_RISK_UNIT,risk_unit == 0 or non-finite,NQM19-CME,3550527,2019-03-22 20:08:19.007000+00:00,7374.25,{'stop_loss_price': 7374.25}
INVALID_RISK_UNIT,risk_unit == 0 or non-finite,NQM19-CME,3550535,2019-03-22 20:08:22.003000+00:00,7374.25,{'stop_loss_price': 7374.25}
INVALID_RISK_UNIT,risk_unit == 0 or non-finite,NQM19-CME,3550536,2019-03-22 20:08:22.004000+00:00,7374.25,{'stop_loss_price': 7374.25}
INVALID_RISK_UNIT,risk_unit == 0 or non-finite,NQM19-CME,3550537,2019-03-22 20:08:22.005000+00:00,7374.25,{'stop_loss_price': 7374.25}
INVALID_RISK_UNIT,risk_unit == 0 or non-finite,NQM19-CME,3550540,2019-03-22 20:08:24+00:00,7374.25,{'stop_loss_price': 7374.25}
INVALID_RISK_UNIT,risk_unit == 0 or non-finite,NQM19-CME,3550541,2019-03-22 20:08:24.001000+00:00,7374.25,{'stop_loss_price': 7374.25}
INVALID_RISK_UNIT,risk_unit == 0 or non-finite,NQM19-CME,3550542,2019-03-22 20:08:24.002000+00:00,7374.25,{'stop_loss_price': 7374.25}
INVALID_RISK_UNIT,risk_unit == 0 or non-finite,NQM19-CME,3602194,2019-03-25 03:16:40+00:00,7311.75,{'stop_loss_price': 7311.75}
INVALID_RISK_UNIT,risk_unit == 0 or non-finite,NQM19-CME,3615856,2019-03-25 07:05:43+00:00,7305.0,{'stop_loss_price': 7305.0}
INVALID_RISK_UNIT,risk_unit == 0 or non-finite,NQM19-CME,3615857,2019-03-25 07:05:43.001000+00:00,7305.0,{'stop_loss_price': 7305.0}
INVALID_RISK_UNIT,risk_unit == 0 or non-finite,NQM19-CME,3615858,2019-03-25 07:05:43.002000+00:00,7305.0,{'stop_loss_price': 7305.0}
INVALID_RISK_UNIT,risk_unit == 0 or non-finite,NQM19-CME,3615859,2019-03-25 07:05:43.003000+00:00,7305.0,{'stop_loss_price': 7305.0}
INVALID_RISK_UNIT,risk_unit == 0 or non-finite,NQM19-CME,3615860,2019-03-25 07:05:43.004000+00:00,7305.0,{'stop_loss_price': 7305.0}
INVALID_RISK_UNIT,risk_unit == 0 or non-finite,NQM19-CME,3615861,2019-03-25 07:05:43.005000+00:00,7305.0,{'stop_loss_price': 7305.0}
INVALID_RISK_UNIT,risk_unit == 0 or non-finite,NQM19-CME,3616375,2019-03-25 07:09:16+00:00,7308.75,{'stop_loss_price': 7308.75}
INVALID_RISK_UNIT,risk_unit == 0 or non-finite,NQM19-CME,3616376,2019-03-25 07:09:17+00:00,7308.75,{'stop_loss_price': 7308.75}
INVALID_RISK_UNIT,risk_unit == 0 or non-finite,NQM19-CME,3616377,2019-03-25 07:09:17.001000+00:00,7308.75,{'stop_loss_price': 7308.75}
INVALID_RISK_UNIT,risk_unit == 0 or non-finite,NQM19-CME,3619679,2019-03-25 07:46:00+00:00,7311.75,{'stop_loss_price': 7311.75}
INVALID_RISK_UNIT,risk_unit == 0 or non-finite,NQM19-CME,3817517,2019-03-25 14:36:29+00:00,7315.0,{'stop_loss_price': 7315.0}
INVALID_RISK_UNIT,risk_unit == 0 or non-finite,NQM19-CME,3817518,2019-03-25 14:36:29.001000+00:00,7315.0,{'stop_loss_price': 7315.0}
INVALID_RISK_UNIT,risk_unit == 0 or non-finite,NQM19-CME,3817519,2019-03-25 14:36:29.002000+00:00,7315.0,{'stop_loss_price': 7315.0}
INVALID_RISK_UNIT,risk_unit == 0 or non-finite,NQM19-CME,3817524,2019-03-25 14:36:29.007000+00:00,7315.0,{'stop_loss_price': 7315.0}
INVALID_RISK_UNIT,risk_unit == 0 or non-finite,NQM19-CME,3817525,2019-03-25 14:36:29.008000+00:00,7315.0,{'stop_loss_price': 7315.0}
INVALID_RISK_UNIT,risk_unit == 0 or non-finite,NQM19-CME,3817527,2019-03-25 14:36:29.010000+00:00,7315.0,{'stop_loss_price': 7315.0}
INVALID_RISK_UNIT,risk_unit == 0 or non-finite,NQM19-CME,3841394,2019-03-25 14:53:28.001000+00:00,7343.5,{'stop_loss_price': 7343.5}
INVALID_RISK_UNIT,risk_unit == 0 or non-finite,NQM19-CME,3841395,2019-03-25 14:53:28.002000+00:00,7343.5,{'stop_loss_price': 7343.5}
INVALID_RISK_UNIT,risk_unit == 0 or non-finite,NQM19-CME,3841396,2019-03-25 14:53:28.003000+00:00,7343.5,{'stop_loss_price': 7343.5}
INVALID_RISK_UNIT,risk_unit == 0 or non-finite,NQM19-CME,3841397,2019-03-25 14:53:28.004000+00:00,7343.5,{'stop_loss_price': 7343.5}
INVALID_RISK_UNIT,risk_unit == 0 or non-finite,NQM19-CME,3841398,2019-03-25 14:53:28.005000+00:00,7343.5,{'stop_loss_price': 7343.5}
INVALID_RISK_UNIT,risk_unit == 0 or non-finite,NQM19-CME,3841401,2019-03-25 14:53:28.008000+00:00,7343.5,{'stop_loss_price': 7343.5}
INVALID_RISK_UNIT,risk_unit == 0 or non-finite,NQM19-CME,3849690,2019-03-25 15:00:47.008000+00:00,7337.5,{'stop_loss_price': 7337.5}
INVALID_RISK_UNIT,risk_unit == 0 or non-finite,NQM19-CME,3849691,2019-03-25 15:00:47.009000+00:00,7337.5,{'stop_loss_price': 7337.5}
INVALID_RISK_UNIT,risk_unit == 0 or non-finite,NQM19-CME,3849692,2019-03-25 15:00:47.010000+00:00,7337.5,{'stop_loss_price': 7337.5}
INVALID_RISK_UNIT,risk_unit == 0 or non-finite,NQM19-CME,3849693,2019-03-25 15:00:47.011000+00:00,7337.5,{'stop_loss_price': 7337.5}
INVALID_RISK_UNIT,risk_unit == 0 or non-finite,NQM19-CME,3849694,2019-03-25 15:00:47.012000+00:00,7337.5,{'stop_loss_price': 7337.5}
INVALID_RISK_UNIT,risk_unit == 0 or non-finite,NQM19-CME,3854284,2019-03-25 15:05:25+00:00,7339.0,{'stop_loss_price': 7339.0}
INVALID_RISK_UNIT,risk_unit == 0 or non-finite,NQM19-CME,3854285,2019-03-25 15:05:25.001000+00:00,7339.0,{'stop_loss_price': 7339.0}
INVALID_RISK_UNIT,risk_unit == 0 or non-finite,NQM19-CME,3854286,2019-03-25 15:05:25.002000+00:00,7339.0,{'stop_loss_price': 7339.0}
INVALID_RISK_UNIT,risk_unit == 0 or non-finite,NQM19-CME,3854287,2019-03-25 15:05:25.003000+00:00,7339.0,{'stop_loss_price': 7339.0}
INVALID_RISK_UNIT,risk_unit == 0 or non-finite,NQM19-CME,3854288,2019-03-25 15:05:25.004000+00:00,7339.0,{'stop_loss_price': 7339.0}
INVALID_RISK_UNIT,risk_unit == 0 or non-finite,NQM19-CME,3854289,2019-03-25 15:05:25.005000+00:00,7339.0,{'stop_loss_price': 7339.0}
INVALID_RISK_UNIT,risk_unit == 0 or non-finite,NQM19-CME,3854290,2019-03-25 15:05:25.006000+00:00,7339.0,{'stop_loss_price': 7339.0}
INVALID_RISK_UNIT,risk_unit == 0 or non-finite,NQM19-CME,3862740,2019-03-25 15:13:06.008000+00:00,7340.75,{'stop_loss_price': 7340.75}
INVALID_RISK_UNIT,risk_unit == 0 or non-finite,NQM19-CME,3862741,2019-03-25 15:13:06.009000+00:00,7340.75,{'stop_loss_price': 7340.75}
INVALID_RISK_UNIT,risk_unit == 0 or non-finite,NQM19-CME,3862742,2019-03-25 15:13:06.010000+00:00,7340.75,{'stop_loss_price': 7340.75}
INVALID_RISK_UNIT,risk_unit == 0 or non-finite,NQM19-CME,3862743,2019-03-25 15:13:06.011000+00:00,7340.75,{'stop_loss_price': 7340.75}
INVALID_RISK_UNIT,risk_unit == 0 or non-finite,NQM19-CME,3862744,2019-03-25 15:13:06.012000+00:00,7340.75,{'stop_loss_price': 7340.75}
INVALID_RISK_UNIT,risk_unit == 0 or non-finite,NQM19-CME,3862745,2019-03-25 15:13:06.013000+00:00,7340.75,{'stop_loss_price': 7340.75}
INVALID_RISK_UNIT,risk_unit == 0 or non-finite,NQM19-CME,3862749,2019-03-25 15:13:07.003000+00:00,7340.75,{'stop_loss_price': 7340.75}
INVALID_RISK_UNIT,risk_unit == 0 or non-finite,NQM19-CME,3862768,2019-03-25 15:13:09.003000+00:00,7341.0,{'stop_loss_price': 7341.0}
INVALID_RISK_UNIT,risk_unit == 0 or non-finite,NQM19-CME,3862769,2019-03-25 15:13:09.004000+00:00,7341.0,{'stop_loss_price': 7341.0}
INVALID_RISK_UNIT,risk_unit == 0 or non-finite,NQM19-CME,3862770,2019-03-25 15:13:09.005000+00:00,7341.0,{'stop_loss_price': 7341.0}
INVALID_RISK_UNIT,risk_unit == 0 or non-finite,NQM19-CME,3862771,2019-03-25 15:13:10+00:00,7341.0,{'stop_loss_price': 7341.0}
INVALID_RISK_UNIT,risk_unit == 0 or non-finite,NQM19-CME,3862772,2019-03-25 15:13:10.001000+00:00,7341.0,{'stop_loss_price': 7341.0}
INVALID_RISK_UNIT,risk_unit == 0 or non-finite,NQM19-CME,3862773,2019-03-25 15:13:10.002000+00:00,7341.0,{'stop_loss_price': 7341.0}
INVALID_RISK_UNIT,risk_unit == 0 or non-finite,NQM19-CME,3862774,2019-03-25 15:13:10.003000+00:00,7341.0,{'stop_loss_price': 7341.0}
INVALID_RISK_UNIT,risk_unit == 0 or non-finite,NQM19-CME,3862775,2019-03-25 15:13:10.004000+00:00,7341.0,{'stop_loss_price': 7341.0}
INVALID_RISK_UNIT,risk_unit == 0 or non-finite,NQM19-CME,3862776,2019-03-25 15:13:10.005000+00:00,7341.0,{'stop_loss_price': 7341.0}
INVALID_RISK_UNIT,risk_unit == 0 or non-finite,NQM19-CME,3862777,2019-03-25 15:13:10.006000+00:00,7341.0,{'stop_loss_price': 7341.0}
INVALID_RISK_UNIT,risk_unit == 0 or non-finite,NQM19-CME,3873173,2019-03-25 15:22:42.009000+00:00,7351.5,{'stop_loss_price': 7351.5}
INVALID_RISK_UNIT,risk_unit == 0 or non-finite,NQM19-CME,3888538,2019-03-25 15:39:12.013000+00:00,7359.5,{'stop_loss_price': 7359.5}
INVALID_RISK_UNIT,risk_unit == 0 or non-finite,NQM19-CME,3888539,2019-03-25 15:39:12.014000+00:00,7359.5,{'stop_loss_price': 7359.5}
INVALID_RISK_UNIT,risk_unit == 0 or non-finite,NQM19-CME,3888540,2019-03-25 15:39:12.015000+00:00,7359.5,{'stop_loss_price': 7359.5}
INVALID_RISK_UNIT,risk_unit == 0 or non-finite,NQM19-CME,3888541,2019-03-25 15:39:12.016000+00:00,7359.5,{'stop_loss_price': 7359.5}
INVALID_RISK_UNIT,risk_unit == 0 or non-finite,NQM19-CME,3888542,2019-03-25 15:39:12.017000+00:00,7359.5,{'stop_loss_price': 7359.5}
INVALID_RISK_UNIT,risk_unit == 0 or non-finite,NQM19-CME,3888543,2019-03-25 15:39:12.018000+00:00,7359.5,{'stop_loss_price': 7359.5}
INVALID_RISK_UNIT,risk_unit == 0 or non-finite,NQM19-CME,3888544,2019-03-25 15:39:12.019000+00:00,7359.5,{'stop_loss_price': 7359.5}
INVALID_RISK_UNIT,risk_unit == 0 or non-finite,NQM19-CME,3888545,2019-03-25 15:39:12.020000+00:00,7359.5,{'stop_loss_price': 7359.5}
INVALID_RISK_UNIT,risk_unit == 0 or non-finite,NQM19-CME,3888546,2019-03-25 15:39:12.021000+00:00,7359.5,{'stop_loss_price': 7359.5}
INVALID_RISK_UNIT,risk_unit == 0 or non-finite,NQM19-CME,3888547,2019-03-25 15:39:12.022000+00:00,7359.5,{'stop_loss_price': 7359.5}
INVALID_RISK_UNIT,risk_unit == 0 or non-finite,NQM19-CME,3888548,2019-03-25 15:39:12.023000+00:00,7359.5,{'stop_loss_price': 7359.5}
INVALID_RISK_UNIT,risk_unit == 0 or non-finite,NQM19-CME,3888549,2019-03-25 15:39:12.024000+00:00,7359.5,{'stop_loss_price': 7359.5}
INVALID_RISK_UNIT,risk_unit == 0 or non-finite,NQM19-CME,3916391,2019-03-25 16:14:37+00:00,7343.5,{'stop_loss_price': 7343.5}
INVALID_RISK_UNIT,risk_unit == 0 or non-finite,NQM19-CME,4023152,2019-03-25 18:48:59+00:00,7326.75,{'stop_loss_price': 7326.75}
INVALID_RISK_UNIT,risk_unit == 0 or non-finite,NQM19-CME,4023153,2019-03-25 18:48:59.001000+00:00,7326.75,{'stop_loss_price': 7326.75}
INVALID_RISK_UNIT,risk_unit == 0 or non-finite,NQM19-CME,4023154,2019-03-25 18:48:59.002000+00:00,7326.75,{'stop_loss_price': 7326.75}
INVALID_RISK_UNIT,risk_unit == 0 or non-finite,NQM19-CME,4023155,2019-03-25 18:48:59.003000+00:00,7326.75,{'stop_loss_price': 7326.75}
INVALID_RISK_UNIT,risk_unit == 0 or non-finite,NQM19-CME,4023167,2019-03-25 18:49:01+00:00,7326.75,{'stop_loss_price': 7326.75}
INVALID_RISK_UNIT,risk_unit == 0 or non-finite,NQM19-CME,4023168,2019-03-25 18:49:01.001000+00:00,7326.75,{'stop_loss_price': 7326.75}
INVALID_RISK_UNIT,risk_unit == 0 or non-finite,NQM19-CME,4023252,2019-03-25 18:49:12+00:00,7326.75,{'stop_loss_price': 7326.75}
INVALID_RISK_UNIT,risk_unit == 0 or non-finite,NQM19-CME,4081821,2019-03-25 22:44:40+00:00,7354.75,{'stop_loss_price': 7354.75}
INVALID_RISK_UNIT,risk_unit == 0 or non-finite,NQM19-CME,4092711,2019-03-26 01:10:11+00:00,7386.25,{'stop_loss_price': 7386.25}
INVALID_RISK_UNIT,risk_unit == 0 or non-finite,NQM19-CME,4092712,2019-03-26 01:10:11.001000+00:00,7386.25,{'stop_loss_price': 7386.25}
INVALID_RISK_UNIT,risk_unit == 0 or non-finite,NQM19-CME,4092713,2019-03-26 01:10:11.002000+00:00,7386.25,{'stop_loss_price': 7386.25}
INVALID_RISK_UNIT,risk_unit == 0 or non-finite,NQM19-CME,4092714,2019-03-26 01:10:11.003000+00:00,7386.25,{'stop_loss_price': 7386.25}
INVALID_RISK_UNIT,risk_unit == 0 or non-finite,NQM19-CME,4092715,2019-03-26 01:10:11.004000+00:00,7386.25,{'stop_loss_price': 7386.25}
INVALID_RISK_UNIT,risk_unit == 0 or non-finite,NQM19-CME,4092716,2019-03-26 01:10:12+00:00,7386.25,{'stop_loss_price': 7386.25}
INVALID_RISK_UNIT,risk_unit == 0 or non-finite,NQM19-CME,4092717,2019-03-26 01:10:12.001000+00:00,7386.25,{'stop_loss_price': 7386.25}
INVALID_RISK_UNIT,risk_unit == 0 or non-finite,NQM19-CME,4092718,2019-03-26 01:10:15+00:00,7386.25,{'stop_loss_price': 7386.25}
INVALID_RISK_UNIT,risk_unit == 0 or non-finite,NQM19-CME,4092722,2019-03-26 01:10:16.001000+00:00,7386.25,{'stop_loss_price': 7386.25}
INVALID_RISK_UNIT,risk_unit == 0 or non-finite,NQM19-CME,4103173,2019-03-26 03:56:07+00:00,7377.5,{'stop_loss_price': 7377.5}
INVALID_RISK_UNIT,risk_unit == 0 or non-finite,NQM19-CME,4113781,2019-03-26 07:06:48+00:00,7357.75,{'stop_loss_price': 7357.75}
INVALID_RISK_UNIT,risk_unit == 0 or non-finite,NQM19-CME,4132284,2019-03-26 09:49:17+00:00,7378.5,{'stop_loss_price': 7378.5}
INVALID_RISK_UNIT,risk_unit == 0 or non-finite,NQM19-CME,4132285,2019-03-26 09:49:17.001000+00:00,7378.5,{'stop_loss_price': 7378.5}
INVALID_RISK_UNIT,risk_unit == 0 or non-finite,NQM19-CME,4132294,2019-03-26 09:49:21.001000+00:00,7378.5,{'stop_loss_price': 7378.5}
INVALID_RISK_UNIT,risk_unit == 0 or non-finite,NQM19-CME,4132295,2019-03-26 09:49:21.002000+00:00,7378.5,{'stop_loss_price': 7378.5}
INVALID_RISK_UNIT,risk_unit == 0 or non-finite,NQM19-CME,4132296,2019-03-26 09:49:21.003000+00:00,7378.5,{'stop_loss_price': 7378.5}
INVALID_RISK_UNIT,risk_unit == 0 or non-finite,NQM19-CME,4132297,2019-03-26 09:49:21.004000+00:00,7378.5,{'stop_loss_price': 7378.5}
INVALID_RISK_UNIT,risk_unit == 0 or non-finite,NQM19-CME,4132319,2019-03-26 09:49:23.003000+00:00,7378.5,{'stop_loss_price': 7378.5}
INVALID_RISK_UNIT,risk_unit == 0 or non-finite,NQM19-CME,4132320,2019-03-26 09:49:24+00:00,7378.5,{'stop_loss_price': 7378.5}
INVALID_RISK_UNIT,risk_unit == 0 or non-finite,NQM19-CME,4162766,2019-03-26 13:18:33.005000+00:00,7397.75,{'stop_loss_price': 7397.75}
INVALID_RISK_UNIT,risk_unit == 0 or non-finite,NQM19-CME,4162767,2019-03-26 13:18:33.006000+00:00,7397.75,{'stop_loss_price': 7397.75}
INVALID_RISK_UNIT,risk_unit == 0 or non-finite,NQM19-CME,4162768,2019-03-26 13:18:34+00:00,7397.75,{'stop_loss_price': 7397.75}
INVALID_RISK_UNIT,risk_unit == 0 or non-finite,NQM19-CME,4162769,2019-03-26 13:18:34.001000+00:00,7397.75,{'stop_loss_price': 7397.75}
INVALID_RISK_UNIT,risk_unit == 0 or non-finite,NQM19-CME,4162770,2019-03-26 13:18:35+00:00,7397.75,{'stop_loss_price': 7397.75}
INVALID_RISK_UNIT,risk_unit == 0 or non-finite,NQM19-CME,4225968,2019-03-26 14:00:00.186000+00:00,7443.0,{'stop_loss_price': 7443.0}
INVALID_RISK_UNIT,risk_unit == 0 or non-finite,NQM19-CME,4225969,2019-03-26 14:00:00.187000+00:00,7443.0,{'stop_loss_price': 7443.0}
INVALID_RISK_UNIT,risk_unit == 0 or non-finite,NQM19-CME,4263997,2019-03-26 14:26:55.018000+00:00,7416.25,{'stop_loss_price': 7416.25}
INVALID_RISK_UNIT,risk_unit == 0 or non-finite,NQM19-CME,4263998,2019-03-26 14:26:55.019000+00:00,7416.25,{'stop_loss_price': 7416.25}
INVALID_RISK_UNIT,risk_unit == 0 or non-finite,NQM19-CME,4263999,2019-03-26 14:26:55.020000+00:00,7416.25,{'stop_loss_price': 7416.25}
INVALID_RISK_UNIT,risk_unit == 0 or non-finite,NQM19-CME,4264000,2019-03-26 14:26:55.021000+00:00,7416.25,{'stop_loss_price': 7416.25}
INVALID_RISK_UNIT,risk_unit == 0 or non-finite,NQM19-CME,4264001,2019-03-26 14:26:55.022000+00:00,7416.25,{'stop_loss_price': 7416.25}
INVALID_RISK_UNIT,risk_unit == 0 or non-finite,NQM19-CME,4264002,2019-03-26 14:26:55.023000+00:00,7416.25,{'stop_loss_price': 7416.25}
INVALID_RISK_UNIT,risk_unit == 0 or non-finite,NQM19-CME,4264003,2019-03-26 14:26:55.024000+00:00,7416.25,{'stop_loss_price': 7416.25}
INVALID_RISK_UNIT,risk_unit == 0 or non-finite,NQM19-CME,4264004,2019-03-26 14:26:55.025000+00:00,7416.25,{'stop_loss_price': 7416.25}
INVALID_RISK_UNIT,risk_unit == 0 or non-finite,NQM19-CME,4264005,2019-03-26 14:26:55.026000+00:00,7416.25,{'stop_loss_price': 7416.25}
INVALID_RISK_UNIT,risk_unit == 0 or non-finite,NQM19-CME,4264006,2019-03-26 14:26:55.027000+00:00,7416.25,{'stop_loss_price': 7416.25}
INVALID_RISK_UNIT,risk_unit == 0 or non-finite,NQM19-CME,4383236,2019-03-26 16:27:27.036000+00:00,7389.0,{'stop_loss_price': 7389.0}
INVALID_RISK_UNIT,risk_unit == 0 or non-finite,NQM19-CME,4383237,2019-03-26 16:27:27.037000+00:00,7389.0,{'stop_loss_price': 7389.0}
INVALID_RISK_UNIT,risk_unit == 0 or non-finite,NQM19-CME,4383238,2019-03-26 16:27:27.038000+00:00,7389.0,{'stop_loss_price': 7389.0}
INVALID_RISK_UNIT,risk_unit == 0 or non-finite,NQM19-CME,4383239,2019-03-26 16:27:27.039000+00:00,7389.0,{'stop_loss_price': 7389.0}
INVALID_RISK_UNIT,risk_unit == 0 or non-finite,NQM19-CME,4425980,2019-03-26 17:25:17+00:00,7390.75,{'stop_loss_price': 7390.75}
INVALID_RISK_UNIT,risk_unit == 0 or non-finite,NQM19-CME,4425981,2019-03-26 17:25:17.001000+00:00,7390.75,{'stop_loss_price': 7390.75}
INVALID_RISK_UNIT,risk_unit == 0 or non-finite,NQM19-CME,4425982,2019-03-26 17:25:17.002000+00:00,7390.75,{'stop_loss_price': 7390.75}
INVALID_RISK_UNIT,risk_unit == 0 or non-finite,NQM19-CME,4425983,2019-03-26 17:25:17.003000+00:00,7390.75,{'stop_loss_price': 7390.75}
INVALID_RISK_UNIT,risk_unit == 0 or non-finite,NQM19-CME,4425984,2019-03-26 17:25:17.004000+00:00,7390.75,{'stop_loss_price': 7390.75}
INVALID_RISK_UNIT,risk_unit == 0 or non-finite,NQM19-CME,4425985,2019-03-26 17:25:17.005000+00:00,7390.75,{'stop_loss_price': 7390.75}
INVALID_RISK_UNIT,risk_unit == 0 or non-finite,NQM19-CME,4425986,2019-03-26 17:25:17.006000+00:00,7390.75,{'stop_loss_price': 7390.75}
INVALID_RISK_UNIT,risk_unit == 0 or non-finite,NQM19-CME,4425987,2019-03-26 17:25:17.007000+00:00,7390.75,{'stop_loss_price': 7390.75}
INVALID_RISK_UNIT,risk_unit == 0 or non-finite,NQM19-CME,4425988,2019-03-26 17:25:17.008000+00:00,7390.75,{'stop_loss_price': 7390.75}
INVALID_RISK_UNIT,risk_unit == 0 or non-finite,NQM19-CME,4425989,2019-03-26 17:25:17.009000+00:00,7390.75,{'stop_loss_price': 7390.75}
INVALID_RISK_UNIT,risk_unit == 0 or non-finite,NQM19-CME,4425990,2019-03-26 17:25:17.010000+00:00,7390.75,{'stop_loss_price': 7390.75}
INVALID_RISK_UNIT,risk_unit == 0 or non-finite,NQM19-CME,4425991,2019-03-26 17:25:17.011000+00:00,7390.75,{'stop_loss_price': 7390.75}
INVALID_RISK_UNIT,risk_unit == 0 or non-finite,NQM19-CME,4425992,2019-03-26 17:25:17.012000+00:00,7390.75,{'stop_loss_price': 7390.75}
INVALID_RISK_UNIT,risk_unit == 0 or non-finite,NQM19-CME,4425993,2019-03-26 17:25:17.013000+00:00,7390.75,{'stop_loss_price': 7390.75}
INVALID_RISK_UNIT,risk_unit == 0 or non-finite,NQM19-CME,4425994,2019-03-26 17:25:17.014000+00:00,7390.75,{'stop_loss_price': 7390.75}
INVALID_RISK_UNIT,risk_unit == 0 or non-finite,NQM19-CME,4425995,2019-03-26 17:25:17.015000+00:00,7390.75,{'stop_loss_price': 7390.75}
INVALID_RISK_UNIT,risk_unit == 0 or non-finite,NQM19-CME,4425996,2019-03-26 17:25:17.016000+00:00,7390.75,{'stop_loss_price': 7390.75}
INVALID_RISK_UNIT,risk_unit == 0 or non-finite,NQM19-CME,4425997,2019-03-26 17:25:17.017000+00:00,7390.75,{'stop_loss_price': 7390.75}
INVALID_RISK_UNIT,risk_unit == 0 or non-finite,NQM19-CME,4604545,2019-03-27 09:58:12+00:00,7377.25,{'stop_loss_price': 7377.25}
INVALID_RISK_UNIT,risk_unit == 0 or non-finite,NQM19-CME,4604546,2019-03-27 09:58:12.001000+00:00,7377.25,{'stop_loss_price': 7377.25}
INVALID_RISK_UNIT,risk_unit == 0 or non-finite,NQM19-CME,4604547,2019-03-27 09:58:12.002000+00:00,7377.25,{'stop_loss_price': 7377.25}
INVALID_RISK_UNIT,risk_unit == 0 or non-finite,NQM19-CME,4604548,2019-03-27 09:58:12.003000+00:00,7377.25,{'stop_loss_price': 7377.25}
INVALID_RISK_UNIT,risk_unit == 0 or non-finite,NQM19-CME,4604549,2019-03-27 09:58:14+00:00,7377.25,{'stop_loss_price': 7377.25}
INVALID_RISK_UNIT,risk_unit == 0 or non-finite,NQM19-CME,4614774,2019-03-27 11:01:19+00:00,7362.75,{'stop_loss_price': 7362.75}
INVALID_RISK_UNIT,risk_unit == 0 or non-finite,NQM19-CME,4646102,2019-03-27 13:31:13.004000+00:00,7394.25,{'stop_loss_price': 7394.25}
INVALID_RISK_UNIT,risk_unit == 0 or non-finite,NQM19-CME,4646103,2019-03-27 13:31:13.005000+00:00,7394.25,{'stop_loss_price': 7394.25}
INVALID_RISK_UNIT,risk_unit == 0 or non-finite,NQM19-CME,4646104,2019-03-27 13:31:13.006000+00:00,7394.25,{'stop_loss_price': 7394.25}
INVALID_RISK_UNIT,risk_unit == 0 or non-finite,NQM19-CME,4646105,2019-03-27 13:31:13.007000+00:00,7394.25,{'stop_loss_price': 7394.25}
INVALID_RISK_UNIT,risk_unit == 0 or non-finite,NQM19-CME,4646106,2019-03-27 13:31:13.008000+00:00,7394.25,{'stop_loss_price': 7394.25}
INVALID_RISK_UNIT,risk_unit == 0 or non-finite,NQM19-CME,4646107,2019-03-27 13:31:13.009000+00:00,7394.25,{'stop_loss_price': 7394.25}
INVALID_RISK_UNIT,risk_unit == 0 or non-finite,NQM19-CME,4646108,2019-03-27 13:31:13.010000+00:00,7394.25,{'stop_loss_price': 7394.25}
INVALID_RISK_UNIT,risk_unit == 0 or non-finite,NQM19-CME,4673398,2019-03-27 13:42:12.004000+00:00,7381.5,{'stop_loss_price': 7381.5}
INVALID_RISK_UNIT,risk_unit == 0 or non-finite,NQM19-CME,4673399,2019-03-27 13:42:12.005000+00:00,7381.5,{'stop_loss_price': 7381.5}
INVALID_RISK_UNIT,risk_unit == 0 or non-finite,NQM19-CME,4673400,2019-03-27 13:42:12.006000+00:00,7381.5,{'stop_loss_price': 7381.5}
INVALID_RISK_UNIT,risk_unit == 0 or non-finite,NQM19-CME,4673401,2019-03-27 13:42:12.007000+00:00,7381.5,{'stop_loss_price': 7381.5}
INVALID_RISK_UNIT,risk_unit == 0 or non-finite,NQM19-CME,4673402,2019-03-27 13:42:12.008000+00:00,7381.5,{'stop_loss_price': 7381.5}
INVALID_RISK_UNIT,risk_unit == 0 or non-finite,NQM19-CME,4677984,2019-03-27 13:44:36.004000+00:00,7378.25,{'stop_loss_price': 7378.25}
INVALID_RISK_UNIT,risk_unit == 0 or non-finite,NQM19-CME,4677985,2019-03-27 13:44:36.005000+00:00,7378.25,{'stop_loss_price': 7378.25}
INVALID_RISK_UNIT,risk_unit == 0 or non-finite,NQM19-CME,4677986,2019-03-27 13:44:36.006000+00:00,7378.25,{'stop_loss_price': 7378.25}
INVALID_RISK_UNIT,risk_unit == 0 or non-finite,NQM19-CME,4677987,2019-03-27 13:44:36.007000+00:00,7378.25,{'stop_loss_price': 7378.25}
INVALID_RISK_UNIT,risk_unit == 0 or non-finite,NQM19-CME,4749250,2019-03-27 14:36:21.013000+00:00,7379.5,{'stop_loss_price': 7379.5}
INVALID_RISK_UNIT,risk_unit == 0 or non-finite,NQM19-CME,4757549,2019-03-27 14:41:35.011000+00:00,7368.0,{'stop_loss_price': 7368.0}
INVALID_RISK_UNIT,risk_unit == 0 or non-finite,NQM19-CME,4757550,2019-03-27 14:41:35.012000+00:00,7368.0,{'stop_loss_price': 7368.0}
INVALID_RISK_UNIT,risk_unit == 0 or non-finite,NQM19-CME,4757554,2019-03-27 14:41:35.016000+00:00,7368.0,{'stop_loss_price': 7368.0}
INVALID_RISK_UNIT,risk_unit == 0 or non-finite,NQM19-CME,4832840,2019-03-27 15:34:11.001000+00:00,7304.75,{'stop_loss_price': 7304.75}
INVALID_RISK_UNIT,risk_unit == 0 or non-finite,NQM19-CME,4832841,2019-03-27 15:34:11.002000+00:00,7304.75,{'stop_loss_price': 7304.75}
INVALID_RISK_UNIT,risk_unit == 0 or non-finite,NQM19-CME,4832842,2019-03-27 15:34:11.003000+00:00,7304.75,{'stop_loss_price': 7304.75}
INVALID_RISK_UNIT,risk_unit == 0 or non-finite,NQM19-CME,4832843,2019-03-27 15:34:11.004000+00:00,7304.75,{'stop_loss_price': 7304.75}
INVALID_RISK_UNIT,risk_unit == 0 or non-finite,NQM19-CME,4832844,2019-03-27 15:34:11.005000+00:00,7304.75,{'stop_loss_price': 7304.75}
INVALID_RISK_UNIT,risk_unit == 0 or non-finite,NQM19-CME,4832845,2019-03-27 15:34:11.006000+00:00,7304.75,{'stop_loss_price': 7304.75}
INVALID_RISK_UNIT,risk_unit == 0 or non-finite,NQM19-CME,4832846,2019-03-27 15:34:11.007000+00:00,7304.75,{'stop_loss_price': 7304.75}
INVALID_RISK_UNIT,risk_unit == 0 or non-finite,NQM19-CME,4844705,2019-03-27 15:40:17.001000+00:00,7297.25,{'stop_loss_price': 7297.25}
INVALID_RISK_UNIT,risk_unit == 0 or non-finite,NQM19-CME,4844706,2019-03-27 15:40:17.002000+00:00,7297.25,{'stop_loss_price': 7297.25}
INVALID_RISK_UNIT,risk_unit == 0 or non-finite,NQM19-CME,4844707,2019-03-27 15:40:17.003000+00:00,7297.25,{'stop_loss_price': 7297.25}
INVALID_RISK_UNIT,risk_unit == 0 or non-finite,NQM19-CME,4844708,2019-03-27 15:40:17.004000+00:00,7297.25,{'stop_loss_price': 7297.25}
INVALID_RISK_UNIT,risk_unit == 0 or non-finite,NQM19-CME,4844709,2019-03-27 15:40:17.005000+00:00,7297.25,{'stop_loss_price': 7297.25}
INVALID_RISK_UNIT,risk_unit == 0 or non-finite,NQM19-CME,4844770,2019-03-27 15:40:22.028000+00:00,7297.25,{'stop_loss_price': 7297.25}
INVALID_RISK_UNIT,risk_unit == 0 or non-finite,NQM19-CME,4844771,2019-03-27 15:40:22.029000+00:00,7297.25,{'stop_loss_price': 7297.25}
INVALID_RISK_UNIT,risk_unit == 0 or non-finite,NQM19-CME,4844772,2019-03-27 15:40:22.030000+00:00,7297.25,{'stop_loss_price': 7297.25}
INVALID_RISK_UNIT,risk_unit == 0 or non-finite,NQM19-CME,4844773,2019-03-27 15:40:22.031000+00:00,7297.25,{'stop_loss_price': 7297.25}
INVALID_RISK_UNIT,risk_unit == 0 or non-finite,NQM19-CME,4844774,2019-03-27 15:40:22.032000+00:00,7297.25,{'stop_loss_price': 7297.25}
INVALID_RISK_UNIT,risk_unit == 0 or non-finite,NQM19-CME,4844775,2019-03-27 15:40:22.033000+00:00,7297.25,{'stop_loss_price': 7297.25}
INVALID_RISK_UNIT,risk_unit == 0 or non-finite,NQM19-CME,4844776,2019-03-27 15:40:22.034000+00:00,7297.25,{'stop_loss_price': 7297.25}
INVALID_RISK_UNIT,risk_unit == 0 or non-finite,NQM19-CME,4844777,2019-03-27 15:40:22.035000+00:00,7297.25,{'stop_loss_price': 7297.25}
INVALID_RISK_UNIT,risk_unit == 0 or non-finite,NQM19-CME,4844778,2019-03-27 15:40:22.036000+00:00,7297.25,{'stop_loss_price': 7297.25}
INVALID_RISK_UNIT,risk_unit == 0 or non-finite,NQM19-CME,4844779,2019-03-27 15:40:22.037000+00:00,7297.25,{'stop_loss_price': 7297.25}
INVALID_RISK_UNIT,risk_unit == 0 or non-finite,NQM19-CME,4853627,2019-03-27 15:44:59.171000+00:00,7277.5,{'stop_loss_price': 7277.5}
INVALID_RISK_UNIT,risk_unit == 0 or non-finite,NQM19-CME,4853628,2019-03-27 15:44:59.172000+00:00,7277.5,{'stop_loss_price': 7277.5}
INVALID_RISK_UNIT,risk_unit == 0 or non-finite,NQM19-CME,4853629,2019-03-27 15:44:59.173000+00:00,7277.5,{'stop_loss_price': 7277.5}
INVALID_RISK_UNIT,risk_unit == 0 or non-finite,NQM19-CME,4853630,2019-03-27 15:44:59.174000+00:00,7277.5,{'stop_loss_price': 7277.5}
INVALID_RISK_UNIT,risk_unit == 0 or non-finite,NQM19-CME,4891938,2019-03-27 16:13:11.006000+00:00,7302.5,{'stop_loss_price': 7302.5}
INVALID_RISK_UNIT,risk_unit == 0 or non-finite,NQM19-CME,4891939,2019-03-27 16:13:11.007000+00:00,7302.5,{'stop_loss_price': 7302.5}
INVALID_RISK_UNIT,risk_unit == 0 or non-finite,NQM19-CME,4952091,2019-03-27 17:22:00.004000+00:00,7329.5,{'stop_loss_price': 7329.5}
INVALID_RISK_UNIT,risk_unit == 0 or non-finite,NQM19-CME,4952092,2019-03-27 17:22:00.005000+00:00,7329.5,{'stop_loss_price': 7329.5}
INVALID_RISK_UNIT,risk_unit == 0 or non-finite,NQM19-CME,4952095,2019-03-27 17:22:00.008000+00:00,7329.5,{'stop_loss_price': 7329.5}
INVALID_RISK_UNIT,risk_unit == 0 or non-finite,NQM19-CME,4952096,2019-03-27 17:22:00.009000+00:00,7329.5,{'stop_loss_price': 7329.5}
INVALID_RISK_UNIT,risk_unit == 0 or non-finite,NQM19-CME,4952097,2019-03-27 17:22:00.010000+00:00,7329.5,{'stop_loss_price': 7329.5}
INVALID_RISK_UNIT,risk_unit == 0 or non-finite,NQM19-CME,4952098,2019-03-27 17:22:00.011000+00:00,7329.5,{'stop_loss_price': 7329.5}
INVALID_RISK_UNIT,risk_unit == 0 or non-finite,NQM19-CME,4952099,2019-03-27 17:22:00.012000+00:00,7329.5,{'stop_loss_price': 7329.5}
INVALID_RISK_UNIT,risk_unit == 0 or non-finite,NQM19-CME,4952100,2019-03-27 17:22:00.013000+00:00,7329.5,{'stop_loss_price': 7329.5}
INVALID_RISK_UNIT,risk_unit == 0 or non-finite,NQM19-CME,4957188,2019-03-27 17:28:11.009000+00:00,7335.0,{'stop_loss_price': 7335.0}
INVALID_RISK_UNIT,risk_unit == 0 or non-finite,NQM19-CME,4957189,2019-03-27 17:28:11.010000+00:00,7335.0,{'stop_loss_price': 7335.0}
INVALID_RISK_UNIT,risk_unit == 0 or non-finite,NQM19-CME,4957190,2019-03-27 17:28:11.011000+00:00,7335.0,{'stop_loss_price': 7335.0}
INVALID_RISK_UNIT,risk_unit == 0 or non-finite,NQM19-CME,4957191,2019-03-27 17:28:11.012000+00:00,7335.0,{'stop_loss_price': 7335.0}
INVALID_RISK_UNIT,risk_unit == 0 or non-finite,NQM19-CME,4957192,2019-03-27 17:28:11.013000+00:00,7335.0,{'stop_loss_price': 7335.0}
INVALID_RISK_UNIT,risk_unit == 0 or non-finite,NQM19-CME,4957193,2019-03-27 17:28:11.014000+00:00,7335.0,{'stop_loss_price': 7335.0}
INVALID_RISK_UNIT,risk_unit == 0 or non-finite,NQM19-CME,4957194,2019-03-27 17:28:11.015000+00:00,7335.0,{'stop_loss_price': 7335.0}
INVALID_RISK_UNIT,risk_unit == 0 or non-finite,NQM19-CME,4957195,2019-03-27 17:28:11.016000+00:00,7335.0,{'stop_loss_price': 7335.0}
INVALID_RISK_UNIT,risk_unit == 0 or non-finite,NQM19-CME,4957196,2019-03-27 17:28:11.017000+00:00,7335.0,{'stop_loss_price': 7335.0}
INVALID_RISK_UNIT,risk_unit == 0 or non-finite,NQM19-CME,4957197,2019-03-27 17:28:11.018000+00:00,7335.0,{'stop_loss_price': 7335.0}
INVALID_RISK_UNIT,risk_unit == 0 or non-finite,NQM19-CME,4957198,2019-03-27 17:28:11.019000+00:00,7335.0,{'stop_loss_price': 7335.0}
INVALID_RISK_UNIT,risk_unit == 0 or non-finite,NQM19-CME,4957199,2019-03-27 17:28:11.020000+00:00,7335.0,{'stop_loss_price': 7335.0}
INVALID_RISK_UNIT,risk_unit == 0 or non-finite,NQM19-CME,4957200,2019-03-27 17:28:11.021000+00:00,7335.0,{'stop_loss_price': 7335.0}
INVALID_RISK_UNIT,risk_unit == 0 or non-finite,NQM19-CME,4957201,2019-03-27 17:28:11.022000+00:00,7335.0,{'stop_loss_price': 7335.0}
INVALID_RISK_UNIT,risk_unit == 0 or non-finite,NQM19-CME,4957202,2019-03-27 17:28:11.023000+00:00,7335.0,{'stop_loss_price': 7335.0}
INVALID_RISK_UNIT,risk_unit == 0 or non-finite,NQM19-CME,4957203,2019-03-27 17:28:11.024000+00:00,7335.0,{'stop_loss_price': 7335.0}
INVALID_RISK_UNIT,risk_unit == 0 or non-finite,NQM19-CME,4961793,2019-03-27 17:34:58.012000+00:00,7332.75,{'stop_loss_price': 7332.75}
INVALID_RISK_UNIT,risk_unit == 0 or non-finite,NQM19-CME,4961794,2019-03-27 17:34:58.013000+00:00,7332.75,{'stop_loss_price': 7332.75}
INVALID_RISK_UNIT,risk_unit == 0 or non-finite,NQM19-CME,4961795,2019-03-27 17:34:58.014000+00:00,7332.75,{'stop_loss_price': 7332.75}
INVALID_RISK_UNIT,risk_unit == 0 or non-finite,NQM19-CME,4961796,2019-03-27 17:34:58.015000+00:00,7332.75,{'stop_loss_price': 7332.75}
INVALID_RISK_UNIT,risk_unit == 0 or non-finite,NQM19-CME,4961797,2019-03-27 17:34:58.016000+00:00,7332.75,{'stop_loss_price': 7332.75}
INVALID_RISK_UNIT,risk_unit == 0 or non-finite,NQM19-CME,4961798,2019-03-27 17:34:58.017000+00:00,7332.75,{'stop_loss_price': 7332.75}
INVALID_RISK_UNIT,risk_unit == 0 or non-finite,NQM19-CME,4961799,2019-03-27 17:34:58.018000+00:00,7332.75,{'stop_loss_price': 7332.75}
INVALID_RISK_UNIT,risk_unit == 0 or non-finite,NQM19-CME,4961800,2019-03-27 17:34:58.019000+00:00,7332.75,{'stop_loss_price': 7332.75}
INVALID_RISK_UNIT,risk_unit == 0 or non-finite,NQM19-CME,4961801,2019-03-27 17:34:58.020000+00:00,7332.75,{'stop_loss_price': 7332.75}
INVALID_RISK_UNIT,risk_unit == 0 or non-finite,NQM19-CME,4961802,2019-03-27 17:34:58.021000+00:00,7332.75,{'stop_loss_price': 7332.75}
INVALID_RISK_UNIT,risk_unit == 0 or non-finite,NQM19-CME,4961803,2019-03-27 17:34:58.022000+00:00,7332.75,{'stop_loss_price': 7332.75}
INVALID_RISK_UNIT,risk_unit == 0 or non-finite,NQM19-CME,4961804,2019-03-27 17:34:58.023000+00:00,7332.75,{'stop_loss_price': 7332.75}
INVALID_RISK_UNIT,risk_unit == 0 or non-finite,NQM19-CME,4961814,2019-03-27 17:34:59+00:00,7332.75,{'stop_loss_price': 7332.75}
INVALID_RISK_UNIT,risk_unit == 0 or non-finite,NQM19-CME,4961815,2019-03-27 17:34:59.001000+00:00,7332.75,{'stop_loss_price': 7332.75}
INVALID_RISK_UNIT,risk_unit == 0 or non-finite,NQM19-CME,4961816,2019-03-27 17:34:59.002000+00:00,7332.75,{'stop_loss_price': 7332.75}
INVALID_RISK_UNIT,risk_unit == 0 or non-finite,NQM19-CME,5008163,2019-03-27 18:47:45.002000+00:00,7323.0,{'stop_loss_price': 7323.0}
INVALID_RISK_UNIT,risk_unit == 0 or non-finite,NQM19-CME,5016272,2019-03-27 19:00:16.003000+00:00,7327.25,{'stop_loss_price': 7327.25}
INVALID_RISK_UNIT,risk_unit == 0 or non-finite,NQM19-CME,5019172,2019-03-27 19:04:15.005000+00:00,7324.0,{'stop_loss_price': 7324.0}
INVALID_RISK_UNIT,risk_unit == 0 or non-finite,NQM19-CME,5019173,2019-03-27 19:04:15.006000+00:00,7324.0,{'stop_loss_price': 7324.0}
INVALID_RISK_UNIT,risk_unit == 0 or non-finite,NQM19-CME,5162777,2019-03-28 12:51:55.001000+00:00,7338.0,{'stop_loss_price': 7338.0}
INVALID_RISK_UNIT,risk_unit == 0 or non-finite,NQM19-CME,5162778,2019-03-28 12:51:55.002000+00:00,7338.0,{'stop_loss_price': 7338.0}
INVALID_RISK_UNIT,risk_unit == 0 or non-finite,NQM19-CME,5162785,2019-03-28 12:51:57.002000+00:00,7338.0,{'stop_loss_price': 7338.0}
INVALID_RISK_UNIT,risk_unit == 0 or non-finite,NQM19-CME,5182433,2019-03-28 13:34:06.008000+00:00,7347.25,{'stop_loss_price': 7347.25}
INVALID_RISK_UNIT,risk_unit == 0 or non-finite,NQM19-CME,5182434,2019-03-28 13:34:06.009000+00:00,7347.25,{'stop_loss_price': 7347.25}
INVALID_RISK_UNIT,risk_unit == 0 or non-finite,NQM19-CME,5182435,2019-03-28 13:34:06.010000+00:00,7347.25,{'stop_loss_price': 7347.25}
INVALID_RISK_UNIT,risk_unit == 0 or non-finite,NQM19-CME,5182436,2019-03-28 13:34:06.011000+00:00,7347.25,{'stop_loss_price': 7347.25}
INVALID_RISK_UNIT,risk_unit == 0 or non-finite,NQM19-CME,5182437,2019-03-28 13:34:06.012000+00:00,7347.25,{'stop_loss_price': 7347.25}
INVALID_RISK_UNIT,risk_unit == 0 or non-finite,NQM19-CME,5182438,2019-03-28 13:34:06.013000+00:00,7347.25,{'stop_loss_price': 7347.25}
INVALID_RISK_UNIT,risk_unit == 0 or non-finite,NQM19-CME,5182440,2019-03-28 13:34:06.015000+00:00,7347.25,{'stop_loss_price': 7347.25}
INVALID_RISK_UNIT,risk_unit == 0 or non-finite,NQM19-CME,5187008,2019-03-28 13:35:00.076000+00:00,7331.5,{'stop_loss_price': 7331.5}
INVALID_RISK_UNIT,risk_unit == 0 or non-finite,NQM19-CME,5187009,2019-03-28 13:35:00.077000+00:00,7331.5,{'stop_loss_price': 7331.5}
INVALID_RISK_UNIT,risk_unit == 0 or non-finite,NQM19-CME,5187010,2019-03-28 13:35:00.078000+00:00,7331.5,{'stop_loss_price': 7331.5}
INVALID_RISK_UNIT,risk_unit == 0 or non-finite,NQM19-CME,5191135,2019-03-28 13:36:42.025000+00:00,7335.0,{'stop_loss_price': 7335.0}
INVALID_RISK_UNIT,risk_unit == 0 or non-finite,NQM19-CME,5191136,2019-03-28 13:36:42.026000+00:00,7335.0,{'stop_loss_price': 7335.0}
INVALID_RISK_UNIT,risk_unit == 0 or non-finite,NQM19-CME,5230823,2019-03-28 14:02:54.011000+00:00,7358.75,{'stop_loss_price': 7358.75}
INVALID_RISK_UNIT,risk_unit == 0 or non-finite,NQM19-CME,5230824,2019-03-28 14:02:54.012000+00:00,7358.75,{'stop_loss_price': 7358.75}
INVALID_RISK_UNIT,risk_unit == 0 or non-finite,NQM19-CME,5230825,2019-03-28 14:02:54.013000+00:00,7358.75,{'stop_loss_price': 7358.75}
INVALID_RISK_UNIT,risk_unit == 0 or non-finite,NQM19-CME,5230826,2019-03-28 14:02:54.014000+00:00,7358.75,{'stop_loss_price': 7358.75}
INVALID_RISK_UNIT,risk_unit == 0 or non-finite,NQM19-CME,5230827,2019-03-28 14:02:54.015000+00:00,7358.75,{'stop_loss_price': 7358.75}
INVALID_RISK_UNIT,risk_unit == 0 or non-finite,NQM19-CME,5230828,2019-03-28 14:02:54.016000+00:00,7358.75,{'stop_loss_price': 7358.75}
INVALID_RISK_UNIT,risk_unit == 0 or non-finite,NQM19-CME,5230829,2019-03-28 14:02:54.017000+00:00,7358.75,{'stop_loss_price': 7358.75}
INVALID_RISK_UNIT,risk_unit == 0 or non-finite,NQM19-CME,5230830,2019-03-28 14:02:54.018000+00:00,7358.75,{'stop_loss_price': 7358.75}
INVALID_RISK_UNIT,risk_unit == 0 or non-finite,NQM19-CME,5230831,2019-03-28 14:02:54.019000+00:00,7358.75,{'stop_loss_price': 7358.75}
INVALID_RISK_UNIT,risk_unit == 0 or non-finite,NQM19-CME,5230832,2019-03-28 14:02:54.020000+00:00,7358.75,{'stop_loss_price': 7358.75}
INVALID_RISK_UNIT,risk_unit == 0 or non-finite,NQM19-CME,5230833,2019-03-28 14:02:54.021000+00:00,7358.75,{'stop_loss_price': 7358.75}
INVALID_RISK_UNIT,risk_unit == 0 or non-finite,NQM19-CME,5230834,2019-03-28 14:02:54.022000+00:00,7358.75,{'stop_loss_price': 7358.75}
INVALID_RISK_UNIT,risk_unit == 0 or non-finite,NQM19-CME,5230835,2019-03-28 14:02:54.023000+00:00,7358.75,{'stop_loss_price': 7358.75}
INVALID_RISK_UNIT,risk_unit == 0 or non-finite,NQM19-CME,5230836,2019-03-28 14:02:55+00:00,7358.75,{'stop_loss_price': 7358.75}
INVALID_RISK_UNIT,risk_unit == 0 or non-finite,NQM19-CME,5230837,2019-03-28 14:02:55.001000+00:00,7358.75,{'stop_loss_price': 7358.75}
INVALID_RISK_UNIT,risk_unit == 0 or non-finite,NQM19-CME,5230843,2019-03-28 14:02:55.007000+00:00,7358.75,{'stop_loss_price': 7358.75}
INVALID_RISK_UNIT,risk_unit == 0 or non-finite,NQM19-CME,5230844,2019-03-28 14:02:55.008000+00:00,7358.75,{'stop_loss_price': 7358.75}
INVALID_RISK_UNIT,risk_unit == 0 or non-finite,NQM19-CME,5305240,2019-03-28 15:12:30.005000+00:00,7331.75,{'stop_loss_price': 7331.75}
INVALID_RISK_UNIT,risk_unit == 0 or non-finite,NQM19-CME,5305241,2019-03-28 15:12:30.006000+00:00,7331.75,{'stop_loss_price': 7331.75}
INVALID_RISK_UNIT,risk_unit == 0 or non-finite,NQM19-CME,5305242,2019-03-28 15:12:30.007000+00:00,7331.75,{'stop_loss_price': 7331.75}
INVALID_RISK_UNIT,risk_unit == 0 or non-finite,NQM19-CME,5305243,2019-03-28 15:12:30.008000+00:00,7331.75,{'stop_loss_price': 7331.75}
INVALID_RISK_UNIT,risk_unit == 0 or non-finite,NQM19-CME,5305244,2019-03-28 15:12:30.009000+00:00,7331.75,{'stop_loss_price': 7331.75}
INVALID_RISK_UNIT,risk_unit == 0 or non-finite,NQM19-CME,5305245,2019-03-28 15:12:30.010000+00:00,7331.75,{'stop_loss_price': 7331.75}
INVALID_RISK_UNIT,risk_unit == 0 or non-finite,NQM19-CME,5305246,2019-03-28 15:12:30.011000+00:00,7331.75,{'stop_loss_price': 7331.75}
INVALID_RISK_UNIT,risk_unit == 0 or non-finite,NQM19-CME,5305247,2019-03-28 15:12:30.012000+00:00,7331.75,{'stop_loss_price': 7331.75}
INVALID_RISK_UNIT,risk_unit == 0 or non-finite,NQM19-CME,5305248,2019-03-28 15:12:30.013000+00:00,7331.75,{'stop_loss_price': 7331.75}
INVALID_RISK_UNIT,risk_unit == 0 or non-finite,NQM19-CME,5305249,2019-03-28 15:12:30.014000+00:00,7331.75,{'stop_loss_price': 7331.75}
INVALID_RISK_UNIT,risk_unit == 0 or non-finite,NQM19-CME,5305250,2019-03-28 15:12:30.015000+00:00,7331.75,{'stop_loss_price': 7331.75}
INVALID_RISK_UNIT,risk_unit == 0 or non-finite,NQM19-CME,5305251,2019-03-28 15:12:30.016000+00:00,7331.75,{'stop_loss_price': 7331.75}
INVALID_RISK_UNIT,risk_unit == 0 or non-finite,NQM19-CME,5305252,2019-03-28 15:12:30.017000+00:00,7331.75,{'stop_loss_price': 7331.75}
INVALID_RISK_UNIT,risk_unit == 0 or non-finite,NQM19-CME,5305253,2019-03-28 15:12:30.018000+00:00,7331.75,{'stop_loss_price': 7331.75}
INVALID_RISK_UNIT,risk_unit == 0 or non-finite,NQM19-CME,5305254,2019-03-28 15:12:30.019000+00:00,7331.75,{'stop_loss_price': 7331.75}
INVALID_RISK_UNIT,risk_unit == 0 or non-finite,NQM19-CME,5305255,2019-03-28 15:12:30.020000+00:00,7331.75,{'stop_loss_price': 7331.75}
INVALID_RISK_UNIT,risk_unit == 0 or non-finite,NQM19-CME,5305256,2019-03-28 15:12:30.021000+00:00,7331.75,{'stop_loss_price': 7331.75}
INVALID_RISK_UNIT,risk_unit == 0 or non-finite,NQM19-CME,5305257,2019-03-28 15:12:30.022000+00:00,7331.75,{'stop_loss_price': 7331.75}
INVALID_RISK_UNIT,risk_unit == 0 or non-finite,NQM19-CME,5377459,2019-03-28 16:42:22+00:00,7328.75,{'stop_loss_price': 7328.75}
INVALID_RISK_UNIT,risk_unit == 0 or non-finite,NQM19-CME,5423954,2019-03-28 18:49:32.001000+00:00,7329.5,{'stop_loss_price': 7329.5}
INVALID_RISK_UNIT,risk_unit == 0 or non-finite,NQM19-CME,5478428,2019-03-29 01:43:51.002000+00:00,7365.25,{'stop_loss_price': 7365.25}
INVALID_RISK_UNIT,risk_unit == 0 or non-finite,NQM19-CME,5478429,2019-03-29 01:43:53+00:00,7365.25,{'stop_loss_price': 7365.25}
INVALID_RISK_UNIT,risk_unit == 0 or non-finite,NQM19-CME,5478430,2019-03-29 01:43:57+00:00,7365.25,{'stop_loss_price': 7365.25}
INVALID_RISK_UNIT,risk_unit == 0 or non-finite,NQM19-CME,5478431,2019-03-29 01:43:58+00:00,7365.25,{'stop_loss_price': 7365.25}
INVALID_RISK_UNIT,risk_unit == 0 or non-finite,NQM19-CME,5480078,2019-03-29 02:08:08+00:00,7362.25,{'stop_loss_price': 7362.25}
INVALID_RISK_UNIT,risk_unit == 0 or non-finite,NQM19-CME,5502406,2019-03-29 09:03:31.002000+00:00,7365.75,{'stop_loss_price': 7365.75}
INVALID_RISK_UNIT,risk_unit == 0 or non-finite,NQM19-CME,5539398,2019-03-29 13:30:29.024000+00:00,7397.75,{'stop_loss_price': 7397.75}
INVALID_RISK_UNIT,risk_unit == 0 or non-finite,NQM19-CME,5539399,2019-03-29 13:30:29.025000+00:00,7397.75,{'stop_loss_price': 7397.75}
INVALID_RISK_UNIT,risk_unit == 0 or non-finite,NQM19-CME,5551133,2019-03-29 13:35:35+00:00,7391.5,{'stop_loss_price': 7391.5}
INVALID_RISK_UNIT,risk_unit == 0 or non-finite,NQM19-CME,5551134,2019-03-29 13:35:35.001000+00:00,7391.5,{'stop_loss_price': 7391.5}
INVALID_RISK_UNIT,risk_unit == 0 or non-finite,NQM19-CME,5551135,2019-03-29 13:35:35.002000+00:00,7391.5,{'stop_loss_price': 7391.5}
INVALID_RISK_UNIT,risk_unit == 0 or non-finite,NQM19-CME,5551136,2019-03-29 13:35:35.003000+00:00,7391.5,{'stop_loss_price': 7391.5}
INVALID_RISK_UNIT,risk_unit == 0 or non-finite,NQM19-CME,5551137,2019-03-29 13:35:35.004000+00:00,7391.5,{'stop_loss_price': 7391.5}
INVALID_RISK_UNIT,risk_unit == 0 or non-finite,NQM19-CME,5551138,2019-03-29 13:35:35.005000+00:00,7391.5,{'stop_loss_price': 7391.5}
INVALID_RISK_UNIT,risk_unit == 0 or non-finite,NQM19-CME,5551139,2019-03-29 13:35:35.006000+00:00,7391.5,{'stop_loss_price': 7391.5}
INVALID_RISK_UNIT,risk_unit == 0 or non-finite,NQM19-CME,5551140,2019-03-29 13:35:35.007000+00:00,7391.5,{'stop_loss_price': 7391.5}
INVALID_RISK_UNIT,risk_unit == 0 or non-finite,NQM19-CME,5551141,2019-03-29 13:35:35.008000+00:00,7391.5,{'stop_loss_price': 7391.5}
INVALID_RISK_UNIT,risk_unit == 0 or non-finite,NQM19-CME,5551142,2019-03-29 13:35:35.009000+00:00,7391.5,{'stop_loss_price': 7391.5}
INVALID_RISK_UNIT,risk_unit == 0 or non-finite,NQM19-CME,5551143,2019-03-29 13:35:35.010000+00:00,7391.5,{'stop_loss_price': 7391.5}
INVALID_RISK_UNIT,risk_unit == 0 or non-finite,NQM19-CME,5551144,2019-03-29 13:35:35.011000+00:00,7391.5,{'stop_loss_price': 7391.5}
INVALID_RISK_UNIT,risk_unit == 0 or non-finite,NQM19-CME,5643969,2019-03-29 15:04:19.015000+00:00,7375.75,{'stop_loss_price': 7375.75}
INVALID_RISK_UNIT,risk_unit == 0 or non-finite,NQM19-CME,5652159,2019-03-29 15:15:23+00:00,7381.0,{'stop_loss_price': 7381.0}
INVALID_RISK_UNIT,risk_unit == 0 or non-finite,NQM19-CME,5674911,2019-03-29 15:53:45.011000+00:00,7391.25,{'stop_loss_price': 7391.25}
INVALID_RISK_UNIT,risk_unit == 0 or non-finite,NQM19-CME,5674912,2019-03-29 15:53:45.012000+00:00,7391.25,{'stop_loss_price': 7391.25}
INVALID_RISK_UNIT,risk_unit == 0 or non-finite,NQM19-CME,5674913,2019-03-29 15:53:45.013000+00:00,7391.25,{'stop_loss_price': 7391.25}
INVALID_RISK_UNIT,risk_unit == 0 or non-finite,NQM19-CME,5674914,2019-03-29 15:53:45.014000+00:00,7391.25,{'stop_loss_price': 7391.25}
INVALID_RISK_UNIT,risk_unit == 0 or non-finite,NQM19-CME,5674915,2019-03-29 15:53:45.015000+00:00,7391.25,{'stop_loss_price': 7391.25}
INVALID_RISK_UNIT,risk_unit == 0 or non-finite,NQM19-CME,5674916,2019-03-29 15:53:45.016000+00:00,7391.25,{'stop_loss_price': 7391.25}
INVALID_RISK_UNIT,risk_unit == 0 or non-finite,NQM19-CME,5674917,2019-03-29 15:53:45.017000+00:00,7391.25,{'stop_loss_price': 7391.25}
INVALID_RISK_UNIT,risk_unit == 0 or non-finite,NQM19-CME,5674918,2019-03-29 15:53:45.018000+00:00,7391.25,{'stop_loss_price': 7391.25}
INVALID_RISK_UNIT,risk_unit == 0 or non-finite,NQM19-CME,5674919,2019-03-29 15:53:45.019000+00:00,7391.25,{'stop_loss_price': 7391.25}
INVALID_RISK_UNIT,risk_unit == 0 or non-finite,NQM19-CME,5674920,2019-03-29 15:53:45.020000+00:00,7391.25,{'stop_loss_price': 7391.25}
INVALID_RISK_UNIT,risk_unit == 0 or non-finite,NQM19-CME,5674921,2019-03-29 15:53:45.021000+00:00,7391.25,{'stop_loss_price': 7391.25}
INVALID_RISK_UNIT,risk_unit == 0 or non-finite,NQM19-CME,5674922,2019-03-29 15:53:45.022000+00:00,7391.25,{'stop_loss_price': 7391.25}
INVALID_RISK_UNIT,risk_unit == 0 or non-finite,NQM19-CME,5674923,2019-03-29 15:53:45.023000+00:00,7391.25,{'stop_loss_price': 7391.25}
INVALID_RISK_UNIT,risk_unit == 0 or non-finite,NQM19-CME,5674924,2019-03-29 15:53:45.024000+00:00,7391.25,{'stop_loss_price': 7391.25}
INVALID_RISK_UNIT,risk_unit == 0 or non-finite,NQM19-CME,5674925,2019-03-29 15:53:45.025000+00:00,7391.25,{'stop_loss_price': 7391.25}
INVALID_RISK_UNIT,risk_unit == 0 or non-finite,NQM19-CME,5674926,2019-03-29 15:53:45.026000+00:00,7391.25,{'stop_loss_price': 7391.25}
INVALID_RISK_UNIT,risk_unit == 0 or non-finite,NQM19-CME,5674942,2019-03-29 15:53:48+00:00,7391.25,{'stop_loss_price': 7391.25}
INVALID_RISK_UNIT,risk_unit == 0 or non-finite,NQM19-CME,5674943,2019-03-29 15:53:48.001000+00:00,7391.25,{'stop_loss_price': 7391.25}
INVALID_RISK_UNIT,risk_unit == 0 or non-finite,NQM19-CME,5674944,2019-03-29 15:53:48.002000+00:00,7391.25,{'stop_loss_price': 7391.25}
INVALID_RISK_UNIT,risk_unit == 0 or non-finite,NQM19-CME,5674945,2019-03-29 15:53:48.003000+00:00,7391.25,{'stop_loss_price': 7391.25}
INVALID_RISK_UNIT,risk_unit == 0 or non-finite,NQM19-CME,5738795,2019-03-29 18:45:25+00:00,7390.5,{'stop_loss_price': 7390.5}
INVALID_RISK_UNIT,risk_unit == 0 or non-finite,NQM19-CME,5738796,2019-03-29 18:45:25.001000+00:00,7390.5,{'stop_loss_price': 7390.5}
INVALID_RISK_UNIT,risk_unit == 0 or non-finite,NQM19-CME,5738797,2019-03-29 18:45:25.002000+00:00,7390.5,{'stop_loss_price': 7390.5}
INVALID_RISK_UNIT,risk_unit == 0 or non-finite,NQM19-CME,5738798,2019-03-29 18:45:25.003000+00:00,7390.5,{'stop_loss_price': 7390.5}
INVALID_RISK_UNIT,risk_unit == 0 or non-finite,NQM19-CME,5738799,2019-03-29 18:45:25.004000+00:00,7390.5,{'stop_loss_price': 7390.5}
INVALID_RISK_UNIT,risk_unit == 0 or non-finite,NQM19-CME,5738800,2019-03-29 18:45:25.005000+00:00,7390.5,{'stop_loss_price': 7390.5}
INVALID_RISK_UNIT,risk_unit == 0 or non-finite,NQM19-CME,5738801,2019-03-29 18:45:25.006000+00:00,7390.5,{'stop_loss_price': 7390.5}
INVALID_RISK_UNIT,risk_unit == 0 or non-finite,NQM19-CME,5738802,2019-03-29 18:45:25.007000+00:00,7390.5,{'stop_loss_price': 7390.5}
INVALID_RISK_UNIT,risk_unit == 0 or non-finite,NQM19-CME,5738803,2019-03-29 18:45:25.008000+00:00,7390.5,{'stop_loss_price': 7390.5}
INVALID_RISK_UNIT,risk_unit == 0 or non-finite,NQM19-CME,5738804,2019-03-29 18:45:26+00:00,7390.5,{'stop_loss_price': 7390.5}
INVALID_RISK_UNIT,risk_unit == 0 or non-finite,NQM19-CME,5738805,2019-03-29 18:45:26.001000+00:00,7390.5,{'stop_loss_price': 7390.5}
INVALID_RISK_UNIT,risk_unit == 0 or non-finite,NQM19-CME,5877427,2019-04-01 12:09:18+00:00,7475.25,{'stop_loss_price': 7475.25}
INVALID_RISK_UNIT,risk_unit == 0 or non-finite,NQM19-CME,5877428,2019-04-01 12:09:18.001000+00:00,7475.25,{'stop_loss_price': 7475.25}
INVALID_RISK_UNIT,risk_unit == 0 or non-finite,NQM19-CME,5877429,2019-04-01 12:09:18.002000+00:00,7475.25,{'stop_loss_price': 7475.25}
INVALID_RISK_UNIT,risk_unit == 0 or non-finite,NQM19-CME,5877430,2019-04-01 12:09:18.003000+00:00,7475.25,{'stop_loss_price': 7475.25}
INVALID_RISK_UNIT,risk_unit == 0 or non-finite,NQM19-CME,5877431,2019-04-01 12:09:18.004000+00:00,7475.25,{'stop_loss_price': 7475.25}
INVALID_RISK_UNIT,risk_unit == 0 or non-finite,NQM19-CME,5884900,2019-04-01 12:49:33+00:00,7469.25,{'stop_loss_price': 7469.25}
INVALID_RISK_UNIT,risk_unit == 0 or non-finite,NQM19-CME,5884901,2019-04-01 12:49:33.001000+00:00,7469.25,{'stop_loss_price': 7469.25}
INVALID_RISK_UNIT,risk_unit == 0 or non-finite,NQM19-CME,5884902,2019-04-01 12:49:33.002000+00:00,7469.25,{'stop_loss_price': 7469.25}
INVALID_RISK_UNIT,risk_unit == 0 or non-finite,NQM19-CME,5952287,2019-04-01 14:05:24.003000+00:00,7472.0,{'stop_loss_price': 7472.0}
INVALID_RISK_UNIT,risk_unit == 0 or non-finite,NQM19-CME,5952288,2019-04-01 14:05:24.004000+00:00,7472.0,{'stop_loss_price': 7472.0}
INVALID_RISK_UNIT,risk_unit == 0 or non-finite,NQM19-CME,5952289,2019-04-01 14:05:24.005000+00:00,7472.0,{'stop_loss_price': 7472.0}
INVALID_RISK_UNIT,risk_unit == 0 or non-finite,NQM19-CME,5952290,2019-04-01 14:05:24.006000+00:00,7472.0,{'stop_loss_price': 7472.0}
INVALID_RISK_UNIT,risk_unit == 0 or non-finite,NQM19-CME,5952291,2019-04-01 14:05:24.007000+00:00,7472.0,{'stop_loss_price': 7472.0}
INVALID_RISK_UNIT,risk_unit == 0 or non-finite,NQM19-CME,5952292,2019-04-01 14:05:24.008000+00:00,7472.0,{'stop_loss_price': 7472.0}
INVALID_RISK_UNIT,risk_unit == 0 or non-finite,NQM19-CME,5952293,2019-04-01 14:05:24.009000+00:00,7472.0,{'stop_loss_price': 7472.0}
INVALID_RISK_UNIT,risk_unit == 0 or non-finite,NQM19-CME,5952302,2019-04-01 14:05:25+00:00,7472.0,{'stop_loss_price': 7472.0}
INVALID_RISK_UNIT,risk_unit == 0 or non-finite,NQM19-CME,5952303,2019-04-01 14:05:25.001000+00:00,7472.0,{'stop_loss_price': 7472.0}
INVALID_RISK_UNIT,risk_unit == 0 or non-finite,NQM19-CME,5952304,2019-04-01 14:05:25.002000+00:00,7472.0,{'stop_loss_price': 7472.0}
INVALID_RISK_UNIT,risk_unit == 0 or non-finite,NQM19-CME,6358405,2019-04-02 16:42:25+00:00,7510.75,{'stop_loss_price': 7510.75}
INVALID_RISK_UNIT,risk_unit == 0 or non-finite,NQM19-CME,6358406,2019-04-02 16:42:25.001000+00:00,7510.75,{'stop_loss_price': 7510.75}
INVALID_RISK_UNIT,risk_unit == 0 or non-finite,NQM19-CME,6358407,2019-04-02 16:42:25.002000+00:00,7510.75,{'stop_loss_price': 7510.75}
INVALID_RISK_UNIT,risk_unit == 0 or non-finite,NQM19-CME,6358411,2019-04-02 16:42:29+00:00,7510.75,{'stop_loss_price': 7510.75}
INVALID_RISK_UNIT,risk_unit == 0 or non-finite,NQM19-CME,6358412,2019-04-02 16:42:29.001000+00:00,7510.75,{'stop_loss_price': 7510.75}
INVALID_RISK_UNIT,risk_unit == 0 or non-finite,NQM19-CME,6358413,2019-04-02 16:42:29.002000+00:00,7510.75,{'stop_loss_price': 7510.75}
INVALID_RISK_UNIT,risk_unit == 0 or non-finite,NQM19-CME,6358444,2019-04-02 16:42:38+00:00,7510.75,{'stop_loss_price': 7510.75}
INVALID_RISK_UNIT,risk_unit == 0 or non-finite,NQM19-CME,6358445,2019-04-02 16:42:39+00:00,7510.75,{'stop_loss_price': 7510.75}
INVALID_RISK_UNIT,risk_unit == 0 or non-finite,NQM19-CME,6358446,2019-04-02 16:42:39.001000+00:00,7510.75,{'stop_loss_price': 7510.75}
INVALID_RISK_UNIT,risk_unit == 0 or non-finite,NQM19-CME,6441991,2019-04-03 00:50:52.001000+00:00,7537.25,{'stop_loss_price': 7537.25}
INVALID_RISK_UNIT,risk_unit == 0 or non-finite,NQM19-CME,6441992,2019-04-03 00:50:52.002000+00:00,7537.25,{'stop_loss_price': 7537.25}
INVALID_RISK_UNIT,risk_unit == 0 or non-finite,NQM19-CME,6441993,2019-04-03 00:50:52.003000+00:00,7537.25,{'stop_loss_price': 7537.25}
INVALID_RISK_UNIT,risk_unit == 0 or non-finite,NQM19-CME,6441994,2019-04-03 00:50:52.004000+00:00,7537.25,{'stop_loss_price': 7537.25}
INVALID_RISK_UNIT,risk_unit == 0 or non-finite,NQM19-CME,6445431,2019-04-03 01:00:02+00:00,7550.25,{'stop_loss_price': 7550.25}
INVALID_RISK_UNIT,risk_unit == 0 or non-finite,NQM19-CME,6466291,2019-04-03 05:42:17.011000+00:00,7563.25,{'stop_loss_price': 7563.25}
INVALID_RISK_UNIT,risk_unit == 0 or non-finite,NQM19-CME,6487139,2019-04-03 09:02:42.010000+00:00,7567.25,{'stop_loss_price': 7567.25}
INVALID_RISK_UNIT,risk_unit == 0 or non-finite,NQM19-CME,6487140,2019-04-03 09:02:42.011000+00:00,7567.25,{'stop_loss_price': 7567.25}
INVALID_RISK_UNIT,risk_unit == 0 or non-finite,NQM19-CME,6487141,2019-04-03 09:02:42.012000+00:00,7567.25,{'stop_loss_price': 7567.25}
INVALID_RISK_UNIT,risk_unit == 0 or non-finite,NQM19-CME,6487142,2019-04-03 09:02:42.013000+00:00,7567.25,{'stop_loss_price': 7567.25}
INVALID_RISK_UNIT,risk_unit == 0 or non-finite,NQM19-CME,6487143,2019-04-03 09:02:42.014000+00:00,7567.25,{'stop_loss_price': 7567.25}
INVALID_RISK_UNIT,risk_unit == 0 or non-finite,NQM19-CME,6487144,2019-04-03 09:02:42.015000+00:00,7567.25,{'stop_loss_price': 7567.25}
INVALID_RISK_UNIT,risk_unit == 0 or non-finite,NQM19-CME,6487145,2019-04-03 09:02:42.016000+00:00,7567.25,{'stop_loss_price': 7567.25}
INVALID_RISK_UNIT,risk_unit == 0 or non-finite,NQM19-CME,6510743,2019-04-03 13:09:40+00:00,7566.25,{'stop_loss_price': 7566.25}
INVALID_RISK_UNIT,risk_unit == 0 or non-finite,NQM19-CME,6636998,2019-04-03 15:09:45+00:00,7607.5,{'stop_loss_price': 7607.5}
INVALID_RISK_UNIT,risk_unit == 0 or non-finite,NQM19-CME,6636999,2019-04-03 15:09:45.001000+00:00,7607.5,{'stop_loss_price': 7607.5}
INVALID_RISK_UNIT,risk_unit == 0 or non-finite,NQM19-CME,6637000,2019-04-03 15:09:45.002000+00:00,7607.5,{'stop_loss_price': 7607.5}
INVALID_RISK_UNIT,risk_unit == 0 or non-finite,NQM19-CME,6637001,2019-04-03 15:09:45.003000+00:00,7607.5,{'stop_loss_price': 7607.5}
INVALID_RISK_UNIT,risk_unit == 0 or non-finite,NQM19-CME,6637002,2019-04-03 15:09:45.004000+00:00,7607.5,{'stop_loss_price': 7607.5}
INVALID_RISK_UNIT,risk_unit == 0 or non-finite,NQM19-CME,6637003,2019-04-03 15:09:45.005000+00:00,7607.5,{'stop_loss_price': 7607.5}
INVALID_RISK_UNIT,risk_unit == 0 or non-finite,NQM19-CME,6637004,2019-04-03 15:09:45.006000+00:00,7607.5,{'stop_loss_price': 7607.5}
INVALID_RISK_UNIT,risk_unit == 0 or non-finite,NQM19-CME,6637005,2019-04-03 15:09:45.007000+00:00,7607.5,{'stop_loss_price': 7607.5}
INVALID_RISK_UNIT,risk_unit == 0 or non-finite,NQM19-CME,6637006,2019-04-03 15:09:45.008000+00:00,7607.5,{'stop_loss_price': 7607.5}
INVALID_RISK_UNIT,risk_unit == 0 or non-finite,NQM19-CME,6637007,2019-04-03 15:09:45.009000+00:00,7607.5,{'stop_loss_price': 7607.5}
INVALID_RISK_UNIT,risk_unit == 0 or non-finite,NQM19-CME,6637008,2019-04-03 15:09:45.010000+00:00,7607.5,{'stop_loss_price': 7607.5}
INVALID_RISK_UNIT,risk_unit == 0 or non-finite,NQM19-CME,6637009,2019-04-03 15:09:45.011000+00:00,7607.5,{'stop_loss_price': 7607.5}
INVALID_RISK_UNIT,risk_unit == 0 or non-finite,NQM19-CME,6637010,2019-04-03 15:09:45.012000+00:00,7607.5,{'stop_loss_price': 7607.5}
INVALID_RISK_UNIT,risk_unit == 0 or non-finite,NQM19-CME,6637011,2019-04-03 15:09:45.013000+00:00,7607.5,{'stop_loss_price': 7607.5}
INVALID_RISK_UNIT,risk_unit == 0 or non-finite,NQM19-CME,6637012,2019-04-03 15:09:45.014000+00:00,7607.5,{'stop_loss_price': 7607.5}
INVALID_RISK_UNIT,risk_unit == 0 or non-finite,NQM19-CME,6637013,2019-04-03 15:09:45.015000+00:00,7607.5,{'stop_loss_price': 7607.5}
INVALID_RISK_UNIT,risk_unit == 0 or non-finite,NQM19-CME,6637014,2019-04-03 15:09:45.016000+00:00,7607.5,{'stop_loss_price': 7607.5}
INVALID_RISK_UNIT,risk_unit == 0 or non-finite,NQM19-CME,6637015,2019-04-03 15:09:45.017000+00:00,7607.5,{'stop_loss_price': 7607.5}
INVALID_RISK_UNIT,risk_unit == 0 or non-finite,NQM19-CME,6637016,2019-04-03 15:09:45.018000+00:00,7607.5,{'stop_loss_price': 7607.5}
INVALID_RISK_UNIT,risk_unit == 0 or non-finite,NQM19-CME,6637017,2019-04-03 15:09:45.019000+00:00,7607.5,{'stop_loss_price': 7607.5}
INVALID_RISK_UNIT,risk_unit == 0 or non-finite,NQM19-CME,6637018,2019-04-03 15:09:45.020000+00:00,7607.5,{'stop_loss_price': 7607.5}
INVALID_RISK_UNIT,risk_unit == 0 or non-finite,NQM19-CME,6637019,2019-04-03 15:09:45.021000+00:00,7607.5,{'stop_loss_price': 7607.5}
INVALID_RISK_UNIT,risk_unit == 0 or non-finite,NQM19-CME,6637020,2019-04-03 15:09:45.022000+00:00,7607.5,{'stop_loss_price': 7607.5}
INVALID_RISK_UNIT,risk_unit == 0 or non-finite,NQM19-CME,6637021,2019-04-03 15:09:45.023000+00:00,7607.5,{'stop_loss_price': 7607.5}
INVALID_RISK_UNIT,risk_unit == 0 or non-finite,NQM19-CME,6637022,2019-04-03 15:09:45.024000+00:00,7607.5,{'stop_loss_price': 7607.5}
INVALID_RISK_UNIT,risk_unit == 0 or non-finite,NQM19-CME,6637023,2019-04-03 15:09:45.025000+00:00,7607.5,{'stop_loss_price': 7607.5}
INVALID_RISK_UNIT,risk_unit == 0 or non-finite,NQM19-CME,6637024,2019-04-03 15:09:46+00:00,7607.5,{'stop_loss_price': 7607.5}
INVALID_RISK_UNIT,risk_unit == 0 or non-finite,NQM19-CME,6637025,2019-04-03 15:09:46.001000+00:00,7607.5,{'stop_loss_price': 7607.5}
INVALID_RISK_UNIT,risk_unit == 0 or non-finite,NQM19-CME,6690219,2019-04-03 16:44:11+00:00,7603.5,{'stop_loss_price': 7603.5}
INVALID_RISK_UNIT,risk_unit == 0 or non-finite,NQM19-CME,6690220,2019-04-03 16:44:11.001000+00:00,7603.5,{'stop_loss_price': 7603.5}
INVALID_RISK_UNIT,risk_unit == 0 or non-finite,NQM19-CME,6690221,2019-04-03 16:44:11.002000+00:00,7603.5,{'stop_loss_price': 7603.5}
INVALID_RISK_UNIT,risk_unit == 0 or non-finite,NQM19-CME,6690222,2019-04-03 16:44:11.003000+00:00,7603.5,{'stop_loss_price': 7603.5}
INVALID_RISK_UNIT,risk_unit == 0 or non-finite,NQM19-CME,6690223,2019-04-03 16:44:11.004000+00:00,7603.5,{'stop_loss_price': 7603.5}
INVALID_RISK_UNIT,risk_unit == 0 or non-finite,NQM19-CME,6690224,2019-04-03 16:44:16+00:00,7603.5,{'stop_loss_price': 7603.5}
INVALID_RISK_UNIT,risk_unit == 0 or non-finite,NQM19-CME,6690225,2019-04-03 16:44:20+00:00,7603.5,{'stop_loss_price': 7603.5}
INVALID_RISK_UNIT,risk_unit == 0 or non-finite,NQM19-CME,6690226,2019-04-03 16:44:21+00:00,7603.5,{'stop_loss_price': 7603.5}
INVALID_RISK_UNIT,risk_unit == 0 or non-finite,NQM19-CME,6690227,2019-04-03 16:44:21.001000+00:00,7603.5,{'stop_loss_price': 7603.5}
INVALID_RISK_UNIT,risk_unit == 0 or non-finite,NQM19-CME,6690228,2019-04-03 16:44:21.002000+00:00,7603.5,{'stop_loss_price': 7603.5}
INVALID_RISK_UNIT,risk_unit == 0 or non-finite,NQM19-CME,6690229,2019-04-03 16:44:21.003000+00:00,7603.5,{'stop_loss_price': 7603.5}
INVALID_RISK_UNIT,risk_unit == 0 or non-finite,NQM19-CME,6690230,2019-04-03 16:44:21.004000+00:00,7603.5,{'stop_loss_price': 7603.5}
INVALID_RISK_UNIT,risk_unit == 0 or non-finite,NQM19-CME,6690231,2019-04-03 16:44:21.005000+00:00,7603.5,{'stop_loss_price': 7603.5}
INVALID_RISK_UNIT,risk_unit == 0 or non-finite,NQM19-CME,6690232,2019-04-03 16:44:21.006000+00:00,7603.5,{'stop_loss_price': 7603.5}
INVALID_RISK_UNIT,risk_unit == 0 or non-finite,NQM19-CME,6690233,2019-04-03 16:44:21.007000+00:00,7603.5,{'stop_loss_price': 7603.5}
INVALID_RISK_UNIT,risk_unit == 0 or non-finite,NQM19-CME,6690234,2019-04-03 16:44:21.008000+00:00,7603.5,{'stop_loss_price': 7603.5}
INVALID_RISK_UNIT,risk_unit == 0 or non-finite,NQM19-CME,6690601,2019-04-03 16:45:21.033000+00:00,7602.0,{'stop_loss_price': 7602.0}
INVALID_RISK_UNIT,risk_unit == 0 or non-finite,NQM19-CME,6690602,2019-04-03 16:45:21.034000+00:00,7602.0,{'stop_loss_price': 7602.0}
INVALID_RISK_UNIT,risk_unit == 0 or non-finite,NQM19-CME,6723649,2019-04-03 17:51:18.007000+00:00,7574.0,{'stop_loss_price': 7574.0}
INVALID_RISK_UNIT,risk_unit == 0 or non-finite,NQM19-CME,6723650,2019-04-03 17:51:18.008000+00:00,7574.0,{'stop_loss_price': 7574.0}
INVALID_RISK_UNIT,risk_unit == 0 or non-finite,NQM19-CME,6723651,2019-04-03 17:51:18.009000+00:00,7574.0,{'stop_loss_price': 7574.0}
INVALID_RISK_UNIT,risk_unit == 0 or non-finite,NQM19-CME,6723652,2019-04-03 17:51:18.010000+00:00,7574.0,{'stop_loss_price': 7574.0}
INVALID_RISK_UNIT,risk_unit == 0 or non-finite,NQM19-CME,6723653,2019-04-03 17:51:18.011000+00:00,7574.0,{'stop_loss_price': 7574.0}
INVALID_RISK_UNIT,risk_unit == 0 or non-finite,NQM19-CME,6723654,2019-04-03 17:51:18.012000+00:00,7574.0,{'stop_loss_price': 7574.0}
INVALID_RISK_UNIT,risk_unit == 0 or non-finite,NQM19-CME,6723655,2019-04-03 17:51:18.013000+00:00,7574.0,{'stop_loss_price': 7574.0}
INVALID_RISK_UNIT,risk_unit == 0 or non-finite,NQM19-CME,6723656,2019-04-03 17:51:18.014000+00:00,7574.0,{'stop_loss_price': 7574.0}
INVALID_RISK_UNIT,risk_unit == 0 or non-finite,NQM19-CME,6723657,2019-04-03 17:51:18.015000+00:00,7574.0,{'stop_loss_price': 7574.0}
INVALID_RISK_UNIT,risk_unit == 0 or non-finite,NQM19-CME,6723658,2019-04-03 17:51:18.016000+00:00,7574.0,{'stop_loss_price': 7574.0}
INVALID_RISK_UNIT,risk_unit == 0 or non-finite,NQM19-CME,6723659,2019-04-03 17:51:18.017000+00:00,7574.0,{'stop_loss_price': 7574.0}
INVALID_RISK_UNIT,risk_unit == 0 or non-finite,NQM19-CME,6723660,2019-04-03 17:51:18.018000+00:00,7574.0,{'stop_loss_price': 7574.0}
INVALID_RISK_UNIT,risk_unit == 0 or non-finite,NQM19-CME,6723661,2019-04-03 17:51:19+00:00,7574.0,{'stop_loss_price': 7574.0}
INVALID_RISK_UNIT,risk_unit == 0 or non-finite,NQM19-CME,6723663,2019-04-03 17:51:19.002000+00:00,7574.0,{'stop_loss_price': 7574.0}
INVALID_RISK_UNIT,risk_unit == 0 or non-finite,NQM19-CME,6797511,2019-04-03 19:47:39+00:00,7562.25,{'stop_loss_price': 7562.25}
INVALID_RISK_UNIT,risk_unit == 0 or non-finite,NQM19-CME,6797512,2019-04-03 19:47:39.001000+00:00,7562.25,{'stop_loss_price': 7562.25}
INVALID_RISK_UNIT,risk_unit == 0 or non-finite,NQM19-CME,6797513,2019-04-03 19:47:39.002000+00:00,7562.25,{'stop_loss_price': 7562.25}
INVALID_RISK_UNIT,risk_unit == 0 or non-finite,NQM19-CME,6797514,2019-04-03 19:47:39.003000+00:00,7562.25,{'stop_loss_price': 7562.25}
INVALID_RISK_UNIT,risk_unit == 0 or non-finite,NQM19-CME,6797515,2019-04-03 19:47:39.004000+00:00,7562.25,{'stop_loss_price': 7562.25}
INVALID_RISK_UNIT,risk_unit == 0 or non-finite,NQM19-CME,6797516,2019-04-03 19:47:39.005000+00:00,7562.25,{'stop_loss_price': 7562.25}
INVALID_RISK_UNIT,risk_unit == 0 or non-finite,NQM19-CME,6797517,2019-04-03 19:47:39.006000+00:00,7562.25,{'stop_loss_price': 7562.25}
INVALID_RISK_UNIT,risk_unit == 0 or non-finite,NQM19-CME,6797518,2019-04-03 19:47:39.007000+00:00,7562.25,{'stop_loss_price': 7562.25}
INVALID_RISK_UNIT,risk_unit == 0 or non-finite,NQM19-CME,6797519,2019-04-03 19:47:39.008000+00:00,7562.25,{'stop_loss_price': 7562.25}
INVALID_RISK_UNIT,risk_unit == 0 or non-finite,NQM19-CME,6800552,2019-04-03 19:52:19.003000+00:00,7564.5,{'stop_loss_price': 7564.5}
INVALID_RISK_UNIT,risk_unit == 0 or non-finite,NQM19-CME,6800553,2019-04-03 19:52:19.004000+00:00,7564.5,{'stop_loss_price': 7564.5}
INVALID_RISK_UNIT,risk_unit == 0 or non-finite,NQM19-CME,6800554,2019-04-03 19:52:19.005000+00:00,7564.5,{'stop_loss_price': 7564.5}
INVALID_RISK_UNIT,risk_unit == 0 or non-finite,NQM19-CME,6800555,2019-04-03 19:52:19.006000+00:00,7564.5,{'stop_loss_price': 7564.5}
INVALID_RISK_UNIT,risk_unit == 0 or non-finite,NQM19-CME,6800556,2019-04-03 19:52:19.007000+00:00,7564.5,{'stop_loss_price': 7564.5}
INVALID_RISK_UNIT,risk_unit == 0 or non-finite,NQM19-CME,6800557,2019-04-03 19:52:19.008000+00:00,7564.5,{'stop_loss_price': 7564.5}
INVALID_RISK_UNIT,risk_unit == 0 or non-finite,NQM19-CME,6800558,2019-04-03 19:52:19.009000+00:00,7564.5,{'stop_loss_price': 7564.5}
INVALID_RISK_UNIT,risk_unit == 0 or non-finite,NQM19-CME,6800559,2019-04-03 19:52:19.010000+00:00,7564.5,{'stop_loss_price': 7564.5}
INVALID_RISK_UNIT,risk_unit == 0 or non-finite,NQM19-CME,6800560,2019-04-03 19:52:19.011000+00:00,7564.5,{'stop_loss_price': 7564.5}
INVALID_RISK_UNIT,risk_unit == 0 or non-finite,NQM19-CME,6800561,2019-04-03 19:52:19.012000+00:00,7564.5,{'stop_loss_price': 7564.5}
INVALID_RISK_UNIT,risk_unit == 0 or non-finite,NQM19-CME,6800562,2019-04-03 19:52:19.013000+00:00,7564.5,{'stop_loss_price': 7564.5}
INVALID_RISK_UNIT,risk_unit == 0 or non-finite,NQM19-CME,6800563,2019-04-03 19:52:19.014000+00:00,7564.5,{'stop_loss_price': 7564.5}
INVALID_RISK_UNIT,risk_unit == 0 or non-finite,NQM19-CME,6800564,2019-04-03 19:52:19.015000+00:00,7564.5,{'stop_loss_price': 7564.5}
INVALID_RISK_UNIT,risk_unit == 0 or non-finite,NQM19-CME,6800565,2019-04-03 19:52:19.016000+00:00,7564.5,{'stop_loss_price': 7564.5}
INVALID_RISK_UNIT,risk_unit == 0 or non-finite,NQM19-CME,6800566,2019-04-03 19:52:19.017000+00:00,7564.5,{'stop_loss_price': 7564.5}
INVALID_RISK_UNIT,risk_unit == 0 or non-finite,NQM19-CME,6800567,2019-04-03 19:52:20+00:00,7564.5,{'stop_loss_price': 7564.5}
INVALID_RISK_UNIT,risk_unit == 0 or non-finite,NQM19-CME,6800568,2019-04-03 19:52:20.001000+00:00,7564.5,{'stop_loss_price': 7564.5}
INVALID_RISK_UNIT,risk_unit == 0 or non-finite,NQM19-CME,6800569,2019-04-03 19:52:20.002000+00:00,7564.5,{'stop_loss_price': 7564.5}
INVALID_RISK_UNIT,risk_unit == 0 or non-finite,NQM19-CME,6800570,2019-04-03 19:52:20.003000+00:00,7564.5,{'stop_loss_price': 7564.5}
INVALID_RISK_UNIT,risk_unit == 0 or non-finite,NQM19-CME,6800571,2019-04-03 19:52:20.004000+00:00,7564.5,{'stop_loss_price': 7564.5}
INVALID_RISK_UNIT,risk_unit == 0 or non-finite,NQM19-CME,6800572,2019-04-03 19:52:20.005000+00:00,7564.5,{'stop_loss_price': 7564.5}
INVALID_RISK_UNIT,risk_unit == 0 or non-finite,NQM19-CME,6800573,2019-04-03 19:52:20.006000+00:00,7564.5,{'stop_loss_price': 7564.5}
INVALID_RISK_UNIT,risk_unit == 0 or non-finite,NQM19-CME,6800574,2019-04-03 19:52:20.007000+00:00,7564.5,{'stop_loss_price': 7564.5}
INVALID_RISK_UNIT,risk_unit == 0 or non-finite,NQM19-CME,6800575,2019-04-03 19:52:20.008000+00:00,7564.5,{'stop_loss_price': 7564.5}
INVALID_RISK_UNIT,risk_unit == 0 or non-finite,NQM19-CME,6800576,2019-04-03 19:52:20.009000+00:00,7564.5,{'stop_loss_price': 7564.5}
INVALID_RISK_UNIT,risk_unit == 0 or non-finite,NQM19-CME,6802273,2019-04-03 19:54:15.013000+00:00,7568.25,{'stop_loss_price': 7568.25}
INVALID_RISK_UNIT,risk_unit == 0 or non-finite,NQM19-CME,6802274,2019-04-03 19:54:15.014000+00:00,7568.25,{'stop_loss_price': 7568.25}
INVALID_RISK_UNIT,risk_unit == 0 or non-finite,NQM19-CME,6802275,2019-04-03 19:54:15.015000+00:00,7568.25,{'stop_loss_price': 7568.25}
INVALID_RISK_UNIT,risk_unit == 0 or non-finite,NQM19-CME,6811848,2019-04-03 20:00:16.027000+00:00,7571.5,{'stop_loss_price': 7571.5}
INVALID_RISK_UNIT,risk_unit == 0 or non-finite,NQM19-CME,6811849,2019-04-03 20:00:16.028000+00:00,7571.5,{'stop_loss_price': 7571.5}
INVALID_RISK_UNIT,risk_unit == 0 or non-finite,NQM19-CME,6818843,2019-04-03 20:58:06+00:00,7580.25,{'stop_loss_price': 7580.25}
INVALID_RISK_UNIT,risk_unit == 0 or non-finite,NQM19-CME,6818844,2019-04-03 20:58:06.001000+00:00,7580.25,{'stop_loss_price': 7580.25}
INVALID_RISK_UNIT,risk_unit == 0 or non-finite,NQM19-CME,6818846,2019-04-03 20:58:17+00:00,7580.25,{'stop_loss_price': 7580.25}
INVALID_RISK_UNIT,risk_unit == 0 or non-finite,NQM19-CME,6848171,2019-04-04 06:55:57.003000+00:00,7567.0,{'stop_loss_price': 7567.0}
INVALID_RISK_UNIT,risk_unit == 0 or non-finite,NQM19-CME,6855585,2019-04-04 08:00:11.005000+00:00,7570.0,{'stop_loss_price': 7570.0}
INVALID_RISK_UNIT,risk_unit == 0 or non-finite,NQM19-CME,6855586,2019-04-04 08:00:11.006000+00:00,7570.0,{'stop_loss_price': 7570.0}
INVALID_RISK_UNIT,risk_unit == 0 or non-finite,NQM19-CME,6855587,2019-04-04 08:00:11.007000+00:00,7570.0,{'stop_loss_price': 7570.0}
INVALID_RISK_UNIT,risk_unit == 0 or non-finite,NQM19-CME,6855588,2019-04-04 08:00:11.008000+00:00,7570.0,{'stop_loss_price': 7570.0}
INVALID_RISK_UNIT,risk_unit == 0 or non-finite,NQM19-CME,6855589,2019-04-04 08:00:11.009000+00:00,7570.0,{'stop_loss_price': 7570.0}
INVALID_RISK_UNIT,risk_unit == 0 or non-finite,NQM19-CME,6855590,2019-04-04 08:00:11.010000+00:00,7570.0,{'stop_loss_price': 7570.0}
INVALID_RISK_UNIT,risk_unit == 0 or non-finite,NQM19-CME,6855591,2019-04-04 08:00:11.011000+00:00,7570.0,{'stop_loss_price': 7570.0}
INVALID_RISK_UNIT,risk_unit == 0 or non-finite,NQM19-CME,6855592,2019-04-04 08:00:11.012000+00:00,7570.0,{'stop_loss_price': 7570.0}
INVALID_RISK_UNIT,risk_unit == 0 or non-finite,NQM19-CME,6855593,2019-04-04 08:00:11.013000+00:00,7570.0,{'stop_loss_price': 7570.0}
INVALID_RISK_UNIT,risk_unit == 0 or non-finite,NQM19-CME,6855594,2019-04-04 08:00:11.014000+00:00,7570.0,{'stop_loss_price': 7570.0}
INVALID_RISK_UNIT,risk_unit == 0 or non-finite,NQM19-CME,6855595,2019-04-04 08:00:11.015000+00:00,7570.0,{'stop_loss_price': 7570.0}
INVALID_RISK_UNIT,risk_unit == 0 or non-finite,NQM19-CME,6886420,2019-04-04 13:26:14+00:00,7572.25,{'stop_loss_price': 7572.25}
INVALID_RISK_UNIT,risk_unit == 0 or non-finite,NQM19-CME,6886421,2019-04-04 13:26:14.001000+00:00,7572.25,{'stop_loss_price': 7572.25}
INVALID_RISK_UNIT,risk_unit == 0 or non-finite,NQM19-CME,6886422,2019-04-04 13:26:14.002000+00:00,7572.25,{'stop_loss_price': 7572.25}
INVALID_RISK_UNIT,risk_unit == 0 or non-finite,NQM19-CME,6886423,2019-04-04 13:26:14.003000+00:00,7572.25,{'stop_loss_price': 7572.25}
INVALID_RISK_UNIT,risk_unit == 0 or non-finite,NQM19-CME,6891382,2019-04-04 13:31:23.014000+00:00,7574.5,{'stop_loss_price': 7574.5}
INVALID_RISK_UNIT,risk_unit == 0 or non-finite,NQM19-CME,6932908,2019-04-04 13:57:40.002000+00:00,7590.25,{'stop_loss_price': 7590.25}
INVALID_RISK_UNIT,risk_unit == 0 or non-finite,NQM19-CME,6932909,2019-04-04 13:57:40.003000+00:00,7590.25,{'stop_loss_price': 7590.25}
INVALID_RISK_UNIT,risk_unit == 0 or non-finite,NQM19-CME,6932910,2019-04-04 13:57:40.004000+00:00,7590.25,{'stop_loss_price': 7590.25}
INVALID_RISK_UNIT,risk_unit == 0 or non-finite,NQM19-CME,6943622,2019-04-04 14:09:19.042000+00:00,7582.75,{'stop_loss_price': 7582.75}
INVALID_RISK_UNIT,risk_unit == 0 or non-finite,NQM19-CME,6943623,2019-04-04 14:09:19.043000+00:00,7582.75,{'stop_loss_price': 7582.75}
INVALID_RISK_UNIT,risk_unit == 0 or non-finite,NQM19-CME,6943627,2019-04-04 14:09:19.047000+00:00,7582.75,{'stop_loss_price': 7582.75}
INVALID_RISK_UNIT,risk_unit == 0 or non-finite,NQM19-CME,7019976,2019-04-04 15:12:23.006000+00:00,7559.75,{'stop_loss_price': 7559.75}
INVALID_RISK_UNIT,risk_unit == 0 or non-finite,NQM19-CME,7019977,2019-04-04 15:12:23.007000+00:00,7559.75,{'stop_loss_price': 7559.75}
INVALID_RISK_UNIT,risk_unit == 0 or non-finite,NQM19-CME,7019978,2019-04-04 15:12:23.008000+00:00,7559.75,{'stop_loss_price': 7559.75}
INVALID_RISK_UNIT,risk_unit == 0 or non-finite,NQM19-CME,7019988,2019-04-04 15:12:24.001000+00:00,7559.75,{'stop_loss_price': 7559.75}
INVALID_RISK_UNIT,risk_unit == 0 or non-finite,NQM19-CME,7019989,2019-04-04 15:12:24.002000+00:00,7559.75,{'stop_loss_price': 7559.75}
INVALID_RISK_UNIT,risk_unit == 0 or non-finite,NQM19-CME,7020004,2019-04-04 15:12:29.006000+00:00,7559.75,{'stop_loss_price': 7559.75}
INVALID_RISK_UNIT,risk_unit == 0 or non-finite,NQM19-CME,7020005,2019-04-04 15:12:29.007000+00:00,7559.75,{'stop_loss_price': 7559.75}
INVALID_RISK_UNIT,risk_unit == 0 or non-finite,NQM19-CME,7038653,2019-04-04 15:33:27.023000+00:00,7551.75,{'stop_loss_price': 7551.75}
INVALID_RISK_UNIT,risk_unit == 0 or non-finite,NQM19-CME,7038654,2019-04-04 15:33:27.024000+00:00,7551.75,{'stop_loss_price': 7551.75}
INVALID_RISK_UNIT,risk_unit == 0 or non-finite,NQM19-CME,7038655,2019-04-04 15:33:27.025000+00:00,7551.75,{'stop_loss_price': 7551.75}
INVALID_RISK_UNIT,risk_unit == 0 or non-finite,NQM19-CME,7038656,2019-04-04 15:33:27.026000+00:00,7551.75,{'stop_loss_price': 7551.75}
INVALID_RISK_UNIT,risk_unit == 0 or non-finite,NQM19-CME,7038657,2019-04-04 15:33:27.027000+00:00,7551.75,{'stop_loss_price': 7551.75}
INVALID_RISK_UNIT,risk_unit == 0 or non-finite,NQM19-CME,7038658,2019-04-04 15:33:27.028000+00:00,7551.75,{'stop_loss_price': 7551.75}
INVALID_RISK_UNIT,risk_unit == 0 or non-finite,NQM19-CME,7048008,2019-04-04 15:45:56.006000+00:00,7563.75,{'stop_loss_price': 7563.75}
INVALID_RISK_UNIT,risk_unit == 0 or non-finite,NQM19-CME,7048009,2019-04-04 15:45:56.007000+00:00,7563.75,{'stop_loss_price': 7563.75}
INVALID_RISK_UNIT,risk_unit == 0 or non-finite,NQM19-CME,7048010,2019-04-04 15:45:56.008000+00:00,7563.75,{'stop_loss_price': 7563.75}
INVALID_RISK_UNIT,risk_unit == 0 or non-finite,NQM19-CME,7048014,2019-04-04 15:45:57.001000+00:00,7563.75,{'stop_loss_price': 7563.75}
INVALID_RISK_UNIT,risk_unit == 0 or non-finite,NQM19-CME,7055599,2019-04-04 15:56:25.001000+00:00,7551.25,{'stop_loss_price': 7551.25}
INVALID_RISK_UNIT,risk_unit == 0 or non-finite,NQM19-CME,7055600,2019-04-04 15:56:25.002000+00:00,7551.25,{'stop_loss_price': 7551.25}
INVALID_RISK_UNIT,risk_unit == 0 or non-finite,NQM19-CME,7055601,2019-04-04 15:56:25.003000+00:00,7551.25,{'stop_loss_price': 7551.25}
INVALID_RISK_UNIT,risk_unit == 0 or non-finite,NQM19-CME,7055602,2019-04-04 15:56:25.004000+00:00,7551.25,{'stop_loss_price': 7551.25}
INVALID_RISK_UNIT,risk_unit == 0 or non-finite,NQM19-CME,7069934,2019-04-04 16:18:47.003000+00:00,7536.25,{'stop_loss_price': 7536.25}
INVALID_RISK_UNIT,risk_unit == 0 or non-finite,NQM19-CME,7069935,2019-04-04 16:18:48+00:00,7536.25,{'stop_loss_price': 7536.25}
INVALID_RISK_UNIT,risk_unit == 0 or non-finite,NQM19-CME,7069936,2019-04-04 16:18:48.001000+00:00,7536.25,{'stop_loss_price': 7536.25}
INVALID_RISK_UNIT,risk_unit == 0 or non-finite,NQM19-CME,7069937,2019-04-04 16:18:48.002000+00:00,7536.25,{'stop_loss_price': 7536.25}
INVALID_RISK_UNIT,risk_unit == 0 or non-finite,NQM19-CME,7074615,2019-04-04 16:24:47.002000+00:00,7541.25,{'stop_loss_price': 7541.25}
INVALID_RISK_UNIT,risk_unit == 0 or non-finite,NQM19-CME,7074616,2019-04-04 16:24:47.003000+00:00,7541.25,{'stop_loss_price': 7541.25}
INVALID_RISK_UNIT,risk_unit == 0 or non-finite,NQM19-CME,7074617,2019-04-04 16:24:47.004000+00:00,7541.25,{'stop_loss_price': 7541.25}
INVALID_RISK_UNIT,risk_unit == 0 or non-finite,NQM19-CME,7074618,2019-04-04 16:24:47.005000+00:00,7541.25,{'stop_loss_price': 7541.25}
INVALID_RISK_UNIT,risk_unit == 0 or non-finite,NQM19-CME,7074619,2019-04-04 16:24:47.006000+00:00,7541.25,{'stop_loss_price': 7541.25}
INVALID_RISK_UNIT,risk_unit == 0 or non-finite,NQM19-CME,7074620,2019-04-04 16:24:47.007000+00:00,7541.25,{'stop_loss_price': 7541.25}
INVALID_RISK_UNIT,risk_unit == 0 or non-finite,NQM19-CME,7074621,2019-04-04 16:24:47.008000+00:00,7541.25,{'stop_loss_price': 7541.25}
INVALID_RISK_UNIT,risk_unit == 0 or non-finite,NQM19-CME,7074622,2019-04-04 16:24:47.009000+00:00,7541.25,{'stop_loss_price': 7541.25}
INVALID_RISK_UNIT,risk_unit == 0 or non-finite,NQM19-CME,7074623,2019-04-04 16:24:47.010000+00:00,7541.25,{'stop_loss_price': 7541.25}
INVALID_RISK_UNIT,risk_unit == 0 or non-finite,NQM19-CME,7074624,2019-04-04 16:24:47.011000+00:00,7541.25,{'stop_loss_price': 7541.25}
INVALID_RISK_UNIT,risk_unit == 0 or non-finite,NQM19-CME,7074625,2019-04-04 16:24:47.012000+00:00,7541.25,{'stop_loss_price': 7541.25}
INVALID_RISK_UNIT,risk_unit == 0 or non-finite,NQM19-CME,7074626,2019-04-04 16:24:47.013000+00:00,7541.25,{'stop_loss_price': 7541.25}
INVALID_RISK_UNIT,risk_unit == 0 or non-finite,NQM19-CME,7074627,2019-04-04 16:24:47.014000+00:00,7541.25,{'stop_loss_price': 7541.25}
INVALID_RISK_UNIT,risk_unit == 0 or non-finite,NQM19-CME,7074628,2019-04-04 16:24:47.015000+00:00,7541.25,{'stop_loss_price': 7541.25}
INVALID_RISK_UNIT,risk_unit == 0 or non-finite,NQM19-CME,7074629,2019-04-04 16:24:47.016000+00:00,7541.25,{'stop_loss_price': 7541.25}
INVALID_RISK_UNIT,risk_unit == 0 or non-finite,NQM19-CME,7074630,2019-04-04 16:24:47.017000+00:00,7541.25,{'stop_loss_price': 7541.25}
INVALID_RISK_UNIT,risk_unit == 0 or non-finite,NQM19-CME,7074631,2019-04-04 16:24:47.018000+00:00,7541.25,{'stop_loss_price': 7541.25}
INVALID_RISK_UNIT,risk_unit == 0 or non-finite,NQM19-CME,7134010,2019-04-04 18:37:10.006000+00:00,7562.5,{'stop_loss_price': 7562.5}
INVALID_RISK_UNIT,risk_unit == 0 or non-finite,NQM19-CME,7134011,2019-04-04 18:37:10.007000+00:00,7562.5,{'stop_loss_price': 7562.5}
INVALID_RISK_UNIT,risk_unit == 0 or non-finite,NQM19-CME,7134012,2019-04-04 18:37:10.008000+00:00,7562.5,{'stop_loss_price': 7562.5}
INVALID_RISK_UNIT,risk_unit == 0 or non-finite,NQM19-CME,7134013,2019-04-04 18:37:10.009000+00:00,7562.5,{'stop_loss_price': 7562.5}
INVALID_RISK_UNIT,risk_unit == 0 or non-finite,NQM19-CME,7134014,2019-04-04 18:37:10.010000+00:00,7562.5,{'stop_loss_price': 7562.5}
INVALID_RISK_UNIT,risk_unit == 0 or non-finite,NQM19-CME,7134015,2019-04-04 18:37:10.011000+00:00,7562.5,{'stop_loss_price': 7562.5}
INVALID_RISK_UNIT,risk_unit == 0 or non-finite,NQM19-CME,7134016,2019-04-04 18:37:10.012000+00:00,7562.5,{'stop_loss_price': 7562.5}
INVALID_RISK_UNIT,risk_unit == 0 or non-finite,NQM19-CME,7134017,2019-04-04 18:37:10.013000+00:00,7562.5,{'stop_loss_price': 7562.5}
INVALID_RISK_UNIT,risk_unit == 0 or non-finite,NQM19-CME,7134018,2019-04-04 18:37:10.014000+00:00,7562.5,{'stop_loss_price': 7562.5}
INVALID_RISK_UNIT,risk_unit == 0 or non-finite,NQM19-CME,7134019,2019-04-04 18:37:10.015000+00:00,7562.5,{'stop_loss_price': 7562.5}
INVALID_RISK_UNIT,risk_unit == 0 or non-finite,NQM19-CME,7134020,2019-04-04 18:37:10.016000+00:00,7562.5,{'stop_loss_price': 7562.5}
INVALID_RISK_UNIT,risk_unit == 0 or non-finite,NQM19-CME,7134021,2019-04-04 18:37:10.017000+00:00,7562.5,{'stop_loss_price': 7562.5}
INVALID_RISK_UNIT,risk_unit == 0 or non-finite,NQM19-CME,7134022,2019-04-04 18:37:10.018000+00:00,7562.5,{'stop_loss_price': 7562.5}
INVALID_RISK_UNIT,risk_unit == 0 or non-finite,NQM19-CME,7209807,2019-04-05 06:04:30.016000+00:00,7577.25,{'stop_loss_price': 7577.25}
INVALID_RISK_UNIT,risk_unit == 0 or non-finite,NQM19-CME,7209808,2019-04-05 06:04:30.017000+00:00,7577.25,{'stop_loss_price': 7577.25}
INVALID_RISK_UNIT,risk_unit == 0 or non-finite,NQM19-CME,7209809,2019-04-05 06:04:32+00:00,7577.25,{'stop_loss_price': 7577.25}
INVALID_RISK_UNIT,risk_unit == 0 or non-finite,NQM19-CME,7209840,2019-04-05 06:05:14.004000+00:00,7577.25,{'stop_loss_price': 7577.25}
INVALID_RISK_UNIT,risk_unit == 0 or non-finite,NQM19-CME,7209841,2019-04-05 06:05:14.005000+00:00,7577.25,{'stop_loss_price': 7577.25}
INVALID_RISK_UNIT,risk_unit == 0 or non-finite,NQM19-CME,7209842,2019-04-05 06:05:14.006000+00:00,7577.25,{'stop_loss_price': 7577.25}
INVALID_RISK_UNIT,risk_unit == 0 or non-finite,NQM19-CME,7209843,2019-04-05 06:05:14.007000+00:00,7577.25,{'stop_loss_price': 7577.25}
INVALID_RISK_UNIT,risk_unit == 0 or non-finite,NQM19-CME,7209844,2019-04-05 06:05:14.008000+00:00,7577.25,{'stop_loss_price': 7577.25}
INVALID_RISK_UNIT,risk_unit == 0 or non-finite,NQM19-CME,7209845,2019-04-05 06:05:14.009000+00:00,7577.25,{'stop_loss_price': 7577.25}
INVALID_RISK_UNIT,risk_unit == 0 or non-finite,NQM19-CME,7209846,2019-04-05 06:05:14.010000+00:00,7577.25,{'stop_loss_price': 7577.25}
INVALID_RISK_UNIT,risk_unit == 0 or non-finite,NQM19-CME,7209847,2019-04-05 06:05:14.011000+00:00,7577.25,{'stop_loss_price': 7577.25}
INVALID_RISK_UNIT,risk_unit == 0 or non-finite,NQM19-CME,7209848,2019-04-05 06:05:14.012000+00:00,7577.25,{'stop_loss_price': 7577.25}
INVALID_RISK_UNIT,risk_unit == 0 or non-finite,NQM19-CME,7209849,2019-04-05 06:05:14.013000+00:00,7577.25,{'stop_loss_price': 7577.25}
INVALID_RISK_UNIT,risk_unit == 0 or non-finite,NQM19-CME,7209850,2019-04-05 06:05:14.014000+00:00,7577.25,{'stop_loss_price': 7577.25}
INVALID_RISK_UNIT,risk_unit == 0 or non-finite,NQM19-CME,7209851,2019-04-05 06:05:14.015000+00:00,7577.25,{'stop_loss_price': 7577.25}
INVALID_RISK_UNIT,risk_unit == 0 or non-finite,NQM19-CME,7209852,2019-04-05 06:05:14.016000+00:00,7577.25,{'stop_loss_price': 7577.25}
INVALID_RISK_UNIT,risk_unit == 0 or non-finite,NQM19-CME,7225476,2019-04-05 10:04:56.030000+00:00,7574.25,{'stop_loss_price': 7574.25}
INVALID_RISK_UNIT,risk_unit == 0 or non-finite,NQM19-CME,7225477,2019-04-05 10:04:56.031000+00:00,7574.25,{'stop_loss_price': 7574.25}
INVALID_RISK_UNIT,risk_unit == 0 or non-finite,NQM19-CME,7225478,2019-04-05 10:04:56.032000+00:00,7574.25,{'stop_loss_price': 7574.25}
INVALID_RISK_UNIT,risk_unit == 0 or non-finite,NQM19-CME,7225479,2019-04-05 10:04:56.033000+00:00,7574.25,{'stop_loss_price': 7574.25}
INVALID_RISK_UNIT,risk_unit == 0 or non-finite,NQM19-CME,7225480,2019-04-05 10:04:56.034000+00:00,7574.25,{'stop_loss_price': 7574.25}
INVALID_RISK_UNIT,risk_unit == 0 or non-finite,NQM19-CME,7225481,2019-04-05 10:04:56.035000+00:00,7574.25,{'stop_loss_price': 7574.25}
INVALID_RISK_UNIT,risk_unit == 0 or non-finite,NQM19-CME,7225482,2019-04-05 10:04:56.036000+00:00,7574.25,{'stop_loss_price': 7574.25}
INVALID_RISK_UNIT,risk_unit == 0 or non-finite,NQM19-CME,7225483,2019-04-05 10:04:56.037000+00:00,7574.25,{'stop_loss_price': 7574.25}
INVALID_RISK_UNIT,risk_unit == 0 or non-finite,NQM19-CME,7225484,2019-04-05 10:04:56.038000+00:00,7574.25,{'stop_loss_price': 7574.25}
INVALID_RISK_UNIT,risk_unit == 0 or non-finite,NQM19-CME,7245132,2019-04-05 12:44:01.012000+00:00,7597.0,{'stop_loss_price': 7597.0}
INVALID_RISK_UNIT,risk_unit == 0 or non-finite,NQM19-CME,7245133,2019-04-05 12:44:01.013000+00:00,7597.0,{'stop_loss_price': 7597.0}
INVALID_RISK_UNIT,risk_unit == 0 or non-finite,NQM19-CME,7245134,2019-04-05 12:44:02+00:00,7597.0,{'stop_loss_price': 7597.0}
INVALID_RISK_UNIT,risk_unit == 0 or non-finite,NQM19-CME,7245135,2019-04-05 12:44:02.001000+00:00,7597.0,{'stop_loss_price': 7597.0}
INVALID_RISK_UNIT,risk_unit == 0 or non-finite,NQM19-CME,7245136,2019-04-05 12:44:02.002000+00:00,7597.0,{'stop_loss_price': 7597.0}
INVALID_RISK_UNIT,risk_unit == 0 or non-finite,NQM19-CME,7245145,2019-04-05 12:44:04.002000+00:00,7597.0,{'stop_loss_price': 7597.0}
INVALID_RISK_UNIT,risk_unit == 0 or non-finite,NQM19-CME,7245146,2019-04-05 12:44:04.003000+00:00,7597.0,{'stop_loss_price': 7597.0}
INVALID_RISK_UNIT,risk_unit == 0 or non-finite,NQM19-CME,7245147,2019-04-05 12:44:04.004000+00:00,7597.0,{'stop_loss_price': 7597.0}
INVALID_RISK_UNIT,risk_unit == 0 or non-finite,NQM19-CME,7245148,2019-04-05 12:44:04.005000+00:00,7597.0,{'stop_loss_price': 7597.0}
INVALID_RISK_UNIT,risk_unit == 0 or non-finite,NQM19-CME,7245149,2019-04-05 12:44:04.006000+00:00,7597.0,{'stop_loss_price': 7597.0}
INVALID_RISK_UNIT,risk_unit == 0 or non-finite,NQM19-CME,7245150,2019-04-05 12:44:04.007000+00:00,7597.0,{'stop_loss_price': 7597.0}
INVALID_RISK_UNIT,risk_unit == 0 or non-finite,NQM19-CME,7245151,2019-04-05 12:44:04.008000+00:00,7597.0,{'stop_loss_price': 7597.0}
INVALID_RISK_UNIT,risk_unit == 0 or non-finite,NQM19-CME,7245154,2019-04-05 12:44:05.002000+00:00,7597.0,{'stop_loss_price': 7597.0}
INVALID_RISK_UNIT,risk_unit == 0 or non-finite,NQM19-CME,7245155,2019-04-05 12:44:05.003000+00:00,7597.0,{'stop_loss_price': 7597.0}
INVALID_RISK_UNIT,risk_unit == 0 or non-finite,NQM19-CME,7309847,2019-04-05 14:05:26.043000+00:00,7603.5,{'stop_loss_price': 7603.5}
INVALID_RISK_UNIT,risk_unit == 0 or non-finite,NQM19-CME,7309848,2019-04-05 14:05:27+00:00,7603.5,{'stop_loss_price': 7603.5}
INVALID_RISK_UNIT,risk_unit == 0 or non-finite,NQM19-CME,7367143,2019-04-05 15:20:00.006000+00:00,7595.75,{'stop_loss_price': 7595.75}
INVALID_RISK_UNIT,risk_unit == 0 or non-finite,NQM19-CME,7367144,2019-04-05 15:20:00.007000+00:00,7595.75,{'stop_loss_price': 7595.75}
INVALID_RISK_UNIT,risk_unit == 0 or non-finite,NQM19-CME,7367145,2019-04-05 15:20:00.008000+00:00,7595.75,{'stop_loss_price': 7595.75}
INVALID_RISK_UNIT,risk_unit == 0 or non-finite,NQM19-CME,7367146,2019-04-05 15:20:00.009000+00:00,7595.75,{'stop_loss_price': 7595.75}
INVALID_RISK_UNIT,risk_unit == 0 or non-finite,NQM19-CME,7367147,2019-04-05 15:20:00.010000+00:00,7595.75,{'stop_loss_price': 7595.75}
INVALID_RISK_UNIT,risk_unit == 0 or non-finite,NQM19-CME,7408941,2019-04-05 17:19:49.001000+00:00,7599.25,{'stop_loss_price': 7599.25}
INVALID_RISK_UNIT,risk_unit == 0 or non-finite,NQM19-CME,7466117,2019-04-07 22:11:25+00:00,7611.0,{'stop_loss_price': 7611.0}
INVALID_RISK_UNIT,risk_unit == 0 or non-finite,NQM19-CME,7505335,2019-04-08 09:35:17+00:00,7592.0,{'stop_loss_price': 7592.0}
INVALID_RISK_UNIT,risk_unit == 0 or non-finite,NQM19-CME,7505336,2019-04-08 09:35:17.001000+00:00,7592.0,{'stop_loss_price': 7592.0}
INVALID_RISK_UNIT,risk_unit == 0 or non-finite,NQM19-CME,7505337,2019-04-08 09:35:17.002000+00:00,7592.0,{'stop_loss_price': 7592.0}
INVALID_RISK_UNIT,risk_unit == 0 or non-finite,NQM19-CME,7505338,2019-04-08 09:35:17.003000+00:00,7592.0,{'stop_loss_price': 7592.0}
INVALID_RISK_UNIT,risk_unit == 0 or non-finite,NQM19-CME,7505339,2019-04-08 09:35:21+00:00,7592.0,{'stop_loss_price': 7592.0}
INVALID_RISK_UNIT,risk_unit == 0 or non-finite,NQM19-CME,7505340,2019-04-08 09:35:22+00:00,7592.0,{'stop_loss_price': 7592.0}
INVALID_RISK_UNIT,risk_unit == 0 or non-finite,NQM19-CME,7505341,2019-04-08 09:35:22.001000+00:00,7592.0,{'stop_loss_price': 7592.0}
INVALID_RISK_UNIT,risk_unit == 0 or non-finite,NQM19-CME,7524537,2019-04-08 13:29:01.004000+00:00,7589.25,{'stop_loss_price': 7589.25}
INVALID_RISK_UNIT,risk_unit == 0 or non-finite,NQM19-CME,7567833,2019-04-08 13:56:12.007000+00:00,7576.25,{'stop_loss_price': 7576.25}
INVALID_RISK_UNIT,risk_unit == 0 or non-finite,NQM19-CME,7598350,2019-04-08 14:32:16.013000+00:00,7592.5,{'stop_loss_price': 7592.5}
INVALID_RISK_UNIT,risk_unit == 0 or non-finite,NQM19-CME,7598351,2019-04-08 14:32:16.014000+00:00,7592.5,{'stop_loss_price': 7592.5}
INVALID_RISK_UNIT,risk_unit == 0 or non-finite,NQM19-CME,7598352,2019-04-08 14:32:16.015000+00:00,7592.5,{'stop_loss_price': 7592.5}
INVALID_RISK_UNIT,risk_unit == 0 or non-finite,NQM19-CME,7598353,2019-04-08 14:32:16.016000+00:00,7592.5,{'stop_loss_price': 7592.5}
INVALID_RISK_UNIT,risk_unit == 0 or non-finite,NQM19-CME,7598354,2019-04-08 14:32:16.017000+00:00,7592.5,{'stop_loss_price': 7592.5}
INVALID_RISK_UNIT,risk_unit == 0 or non-finite,NQM19-CME,7598355,2019-04-08 14:32:16.018000+00:00,7592.5,{'stop_loss_price': 7592.5}
INVALID_RISK_UNIT,risk_unit == 0 or non-finite,NQM19-CME,7598356,2019-04-08 14:32:16.019000+00:00,7592.5,{'stop_loss_price': 7592.5}
INVALID_RISK_UNIT,risk_unit == 0 or non-finite,NQM19-CME,7598357,2019-04-08 14:32:16.020000+00:00,7592.5,{'stop_loss_price': 7592.5}
INVALID_RISK_UNIT,risk_unit == 0 or non-finite,NQM19-CME,7598358,2019-04-08 14:32:16.021000+00:00,7592.5,{'stop_loss_price': 7592.5}
INVALID_RISK_UNIT,risk_unit == 0 or non-finite,NQM19-CME,7715702,2019-04-08 19:30:01.012000+00:00,7616.25,{'stop_loss_price': 7616.25}
INVALID_RISK_UNIT,risk_unit == 0 or non-finite,NQM19-CME,7715703,2019-04-08 19:30:01.013000+00:00,7616.25,{'stop_loss_price': 7616.25}
INVALID_RISK_UNIT,risk_unit == 0 or non-finite,NQM19-CME,7715704,2019-04-08 19:30:01.014000+00:00,7616.25,{'stop_loss_price': 7616.25}
INVALID_RISK_UNIT,risk_unit == 0 or non-finite,NQM19-CME,7715705,2019-04-08 19:30:01.015000+00:00,7616.25,{'stop_loss_price': 7616.25}
INVALID_RISK_UNIT,risk_unit == 0 or non-finite,NQM19-CME,7715706,2019-04-08 19:30:01.016000+00:00,7616.25,{'stop_loss_price': 7616.25}
INVALID_RISK_UNIT,risk_unit == 0 or non-finite,NQM19-CME,7715707,2019-04-08 19:30:01.017000+00:00,7616.25,{'stop_loss_price': 7616.25}
INVALID_RISK_UNIT,risk_unit == 0 or non-finite,NQM19-CME,7715708,2019-04-08 19:30:01.018000+00:00,7616.25,{'stop_loss_price': 7616.25}
INVALID_RISK_UNIT,risk_unit == 0 or non-finite,NQM19-CME,7715709,2019-04-08 19:30:01.019000+00:00,7616.25,{'stop_loss_price': 7616.25}
INVALID_RISK_UNIT,risk_unit == 0 or non-finite,NQM19-CME,7715710,2019-04-08 19:30:01.020000+00:00,7616.25,{'stop_loss_price': 7616.25}
INVALID_RISK_UNIT,risk_unit == 0 or non-finite,NQM19-CME,7715711,2019-04-08 19:30:01.021000+00:00,7616.25,{'stop_loss_price': 7616.25}
INVALID_RISK_UNIT,risk_unit == 0 or non-finite,NQM19-CME,7715712,2019-04-08 19:30:01.022000+00:00,7616.25,{'stop_loss_price': 7616.25}
INVALID_RISK_UNIT,risk_unit == 0 or non-finite,NQM19-CME,7715788,2019-04-08 19:30:03.004000+00:00,7616.25,{'stop_loss_price': 7616.25}
INVALID_RISK_UNIT,risk_unit == 0 or non-finite,NQM19-CME,7989191,2019-04-09 18:24:07+00:00,7594.25,{'stop_loss_price': 7594.25}
INVALID_RISK_UNIT,risk_unit == 0 or non-finite,NQM19-CME,7989192,2019-04-09 18:24:07.001000+00:00,7594.25,{'stop_loss_price': 7594.25}
INVALID_RISK_UNIT,risk_unit == 0 or non-finite,NQM19-CME,7989193,2019-04-09 18:24:07.002000+00:00,7594.25,{'stop_loss_price': 7594.25}
INVALID_RISK_UNIT,risk_unit == 0 or non-finite,NQM19-CME,7989194,2019-04-09 18:24:07.003000+00:00,7594.25,{'stop_loss_price': 7594.25}
INVALID_RISK_UNIT,risk_unit == 0 or non-finite,NQM19-CME,7989195,2019-04-09 18:24:09+00:00,7594.25,{'stop_loss_price': 7594.25}
INVALID_RISK_UNIT,risk_unit == 0 or non-finite,NQM19-CME,7989196,2019-04-09 18:24:09.001000+00:00,7594.25,{'stop_loss_price': 7594.25}
INVALID_RISK_UNIT,risk_unit == 0 or non-finite,NQM19-CME,7989197,2019-04-09 18:24:09.002000+00:00,7594.25,{'stop_loss_price': 7594.25}
INVALID_RISK_UNIT,risk_unit == 0 or non-finite,NQM19-CME,7989198,2019-04-09 18:24:09.003000+00:00,7594.25,{'stop_loss_price': 7594.25}
INVALID_RISK_UNIT,risk_unit == 0 or non-finite,NQM19-CME,7989199,2019-04-09 18:24:09.004000+00:00,7594.25,{'stop_loss_price': 7594.25}
INVALID_RISK_UNIT,risk_unit == 0 or non-finite,NQM19-CME,7989200,2019-04-09 18:24:09.005000+00:00,7594.25,{'stop_loss_price': 7594.25}
INVALID_RISK_UNIT,risk_unit == 0 or non-finite,NQM19-CME,7989201,2019-04-09 18:24:10+00:00,7594.25,{'stop_loss_price': 7594.25}
INVALID_RISK_UNIT,risk_unit == 0 or non-finite,NQM19-CME,7989202,2019-04-09 18:24:10.001000+00:00,7594.25,{'stop_loss_price': 7594.25}
INVALID_RISK_UNIT,risk_unit == 0 or non-finite,NQM19-CME,7989203,2019-04-09 18:24:10.002000+00:00,7594.25,{'stop_loss_price': 7594.25}
INVALID_RISK_UNIT,risk_unit == 0 or non-finite,NQM19-CME,7989204,2019-04-09 18:24:10.003000+00:00,7594.25,{'stop_loss_price': 7594.25}
INVALID_RISK_UNIT,risk_unit == 0 or non-finite,NQM19-CME,7989205,2019-04-09 18:24:10.004000+00:00,7594.25,{'stop_loss_price': 7594.25}
INVALID_RISK_UNIT,risk_unit == 0 or non-finite,NQM19-CME,7989207,2019-04-09 18:24:10.006000+00:00,7594.25,{'stop_loss_price': 7594.25}
INVALID_RISK_UNIT,risk_unit == 0 or non-finite,NQM19-CME,8052537,2019-04-10 01:46:50.014000+00:00,7579.5,{'stop_loss_price': 7579.5}
INVALID_RISK_UNIT,risk_unit == 0 or non-finite,NQM19-CME,8052538,2019-04-10 01:46:50.015000+00:00,7579.5,{'stop_loss_price': 7579.5}
INVALID_RISK_UNIT,risk_unit == 0 or non-finite,NQM19-CME,8052539,2019-04-10 01:46:50.016000+00:00,7579.5,{'stop_loss_price': 7579.5}
INVALID_RISK_UNIT,risk_unit == 0 or non-finite,NQM19-CME,8052540,2019-04-10 01:46:50.017000+00:00,7579.5,{'stop_loss_price': 7579.5}
INVALID_RISK_UNIT,risk_unit == 0 or non-finite,NQM19-CME,8052541,2019-04-10 01:46:50.018000+00:00,7579.5,{'stop_loss_price': 7579.5}
INVALID_RISK_UNIT,risk_unit == 0 or non-finite,NQM19-CME,8052542,2019-04-10 01:46:50.019000+00:00,7579.5,{'stop_loss_price': 7579.5}
INVALID_RISK_UNIT,risk_unit == 0 or non-finite,NQM19-CME,8052543,2019-04-10 01:46:50.020000+00:00,7579.5,{'stop_loss_price': 7579.5}
INVALID_RISK_UNIT,risk_unit == 0 or non-finite,NQM19-CME,8052544,2019-04-10 01:46:50.021000+00:00,7579.5,{'stop_loss_price': 7579.5}
INVALID_RISK_UNIT,risk_unit == 0 or non-finite,NQM19-CME,8093938,2019-04-10 12:39:05+00:00,7600.0,{'stop_loss_price': 7600.0}
INVALID_RISK_UNIT,risk_unit == 0 or non-finite,NQM19-CME,8104983,2019-04-10 13:30:15.003000+00:00,7605.25,{'stop_loss_price': 7605.25}
INVALID_RISK_UNIT,risk_unit == 0 or non-finite,NQM19-CME,8104984,2019-04-10 13:30:15.004000+00:00,7605.25,{'stop_loss_price': 7605.25}
INVALID_RISK_UNIT,risk_unit == 0 or non-finite,NQM19-CME,8104985,2019-04-10 13:30:15.005000+00:00,7605.25,{'stop_loss_price': 7605.25}
INVALID_RISK_UNIT,risk_unit == 0 or non-finite,NQM19-CME,8104986,2019-04-10 13:30:15.006000+00:00,7605.25,{'stop_loss_price': 7605.25}
INVALID_RISK_UNIT,risk_unit == 0 or non-finite,NQM19-CME,8104987,2019-04-10 13:30:15.007000+00:00,7605.25,{'stop_loss_price': 7605.25}
INVALID_RISK_UNIT,risk_unit == 0 or non-finite,NQM19-CME,8104988,2019-04-10 13:30:15.008000+00:00,7605.25,{'stop_loss_price': 7605.25}
INVALID_RISK_UNIT,risk_unit == 0 or non-finite,NQM19-CME,8104989,2019-04-10 13:30:15.009000+00:00,7605.25,{'stop_loss_price': 7605.25}
INVALID_RISK_UNIT,risk_unit == 0 or non-finite,NQM19-CME,8104990,2019-04-10 13:30:15.010000+00:00,7605.25,{'stop_loss_price': 7605.25}
INVALID_RISK_UNIT,risk_unit == 0 or non-finite,NQM19-CME,8104991,2019-04-10 13:30:15.011000+00:00,7605.25,{'stop_loss_price': 7605.25}
INVALID_RISK_UNIT,risk_unit == 0 or non-finite,NQM19-CME,8104992,2019-04-10 13:30:15.012000+00:00,7605.25,{'stop_loss_price': 7605.25}
INVALID_RISK_UNIT,risk_unit == 0 or non-finite,NQM19-CME,8104993,2019-04-10 13:30:15.013000+00:00,7605.25,{'stop_loss_price': 7605.25}
INVALID_RISK_UNIT,risk_unit == 0 or non-finite,NQM19-CME,8104994,2019-04-10 13:30:15.014000+00:00,7605.25,{'stop_loss_price': 7605.25}
INVALID_RISK_UNIT,risk_unit == 0 or non-finite,NQM19-CME,8104995,2019-04-10 13:30:15.015000+00:00,7605.25,{'stop_loss_price': 7605.25}
INVALID_RISK_UNIT,risk_unit == 0 or non-finite,NQM19-CME,8104997,2019-04-10 13:30:15.017000+00:00,7605.25,{'stop_loss_price': 7605.25}
INVALID_RISK_UNIT,risk_unit == 0 or non-finite,NQM19-CME,8125784,2019-04-10 13:42:43.025000+00:00,7607.5,{'stop_loss_price': 7607.5}
INVALID_RISK_UNIT,risk_unit == 0 or non-finite,NQM19-CME,8125785,2019-04-10 13:42:43.026000+00:00,7607.5,{'stop_loss_price': 7607.5}
INVALID_RISK_UNIT,risk_unit == 0 or non-finite,NQM19-CME,8125786,2019-04-10 13:42:43.027000+00:00,7607.5,{'stop_loss_price': 7607.5}
INVALID_RISK_UNIT,risk_unit == 0 or non-finite,NQM19-CME,8125787,2019-04-10 13:42:43.028000+00:00,7607.5,{'stop_loss_price': 7607.5}
INVALID_RISK_UNIT,risk_unit == 0 or non-finite,NQM19-CME,8125788,2019-04-10 13:42:43.029000+00:00,7607.5,{'stop_loss_price': 7607.5}
INVALID_RISK_UNIT,risk_unit == 0 or non-finite,NQM19-CME,8125789,2019-04-10 13:42:43.030000+00:00,7607.5,{'stop_loss_price': 7607.5}
INVALID_RISK_UNIT,risk_unit == 0 or non-finite,NQM19-CME,8125790,2019-04-10 13:42:43.031000+00:00,7607.5,{'stop_loss_price': 7607.5}
INVALID_RISK_UNIT,risk_unit == 0 or non-finite,NQM19-CME,8125791,2019-04-10 13:42:43.032000+00:00,7607.5,{'stop_loss_price': 7607.5}
INVALID_RISK_UNIT,risk_unit == 0 or non-finite,NQM19-CME,8125792,2019-04-10 13:42:43.033000+00:00,7607.5,{'stop_loss_price': 7607.5}
INVALID_RISK_UNIT,risk_unit == 0 or non-finite,NQM19-CME,8125793,2019-04-10 13:42:43.034000+00:00,7607.5,{'stop_loss_price': 7607.5}
INVALID_RISK_UNIT,risk_unit == 0 or non-finite,NQM19-CME,8125794,2019-04-10 13:42:43.035000+00:00,7607.5,{'stop_loss_price': 7607.5}
INVALID_RISK_UNIT,risk_unit == 0 or non-finite,NQM19-CME,8178954,2019-04-10 14:45:43.024000+00:00,7617.25,{'stop_loss_price': 7617.25}
INVALID_RISK_UNIT,risk_unit == 0 or non-finite,NQM19-CME,8178955,2019-04-10 14:45:43.025000+00:00,7617.25,{'stop_loss_price': 7617.25}
INVALID_RISK_UNIT,risk_unit == 0 or non-finite,NQM19-CME,8178956,2019-04-10 14:45:43.026000+00:00,7617.25,{'stop_loss_price': 7617.25}
INVALID_RISK_UNIT,risk_unit == 0 or non-finite,NQM19-CME,8178957,2019-04-10 14:45:43.027000+00:00,7617.25,{'stop_loss_price': 7617.25}
INVALID_RISK_UNIT,risk_unit == 0 or non-finite,NQM19-CME,8178958,2019-04-10 14:45:43.028000+00:00,7617.25,{'stop_loss_price': 7617.25}
INVALID_RISK_UNIT,risk_unit == 0 or non-finite,NQM19-CME,8178959,2019-04-10 14:45:43.029000+00:00,7617.25,{'stop_loss_price': 7617.25}
INVALID_RISK_UNIT,risk_unit == 0 or non-finite,NQM19-CME,8178960,2019-04-10 14:45:43.030000+00:00,7617.25,{'stop_loss_price': 7617.25}
INVALID_RISK_UNIT,risk_unit == 0 or non-finite,NQM19-CME,8178961,2019-04-10 14:45:43.031000+00:00,7617.25,{'stop_loss_price': 7617.25}
INVALID_RISK_UNIT,risk_unit == 0 or non-finite,NQM19-CME,8178962,2019-04-10 14:45:43.032000+00:00,7617.25,{'stop_loss_price': 7617.25}
INVALID_RISK_UNIT,risk_unit == 0 or non-finite,NQM19-CME,8178963,2019-04-10 14:45:43.033000+00:00,7617.25,{'stop_loss_price': 7617.25}
INVALID_RISK_UNIT,risk_unit == 0 or non-finite,NQM19-CME,8178964,2019-04-10 14:45:43.034000+00:00,7617.25,{'stop_loss_price': 7617.25}
INVALID_RISK_UNIT,risk_unit == 0 or non-finite,NQM19-CME,8178965,2019-04-10 14:45:43.035000+00:00,7617.25,{'stop_loss_price': 7617.25}
INVALID_RISK_UNIT,risk_unit == 0 or non-finite,NQM19-CME,8178966,2019-04-10 14:45:43.036000+00:00,7617.25,{'stop_loss_price': 7617.25}
INVALID_RISK_UNIT,risk_unit == 0 or non-finite,NQM19-CME,8178967,2019-04-10 14:45:43.037000+00:00,7617.25,{'stop_loss_price': 7617.25}
INVALID_RISK_UNIT,risk_unit == 0 or non-finite,NQM19-CME,8178968,2019-04-10 14:45:43.038000+00:00,7617.25,{'stop_loss_price': 7617.25}
INVALID_RISK_UNIT,risk_unit == 0 or non-finite,NQM19-CME,8178969,2019-04-10 14:45:43.039000+00:00,7617.25,{'stop_loss_price': 7617.25}
INVALID_RISK_UNIT,risk_unit == 0 or non-finite,NQM19-CME,8178970,2019-04-10 14:45:43.040000+00:00,7617.25,{'stop_loss_price': 7617.25}
INVALID_RISK_UNIT,risk_unit == 0 or non-finite,NQM19-CME,8194279,2019-04-10 15:06:03.002000+00:00,7625.5,{'stop_loss_price': 7625.5}
INVALID_RISK_UNIT,risk_unit == 0 or non-finite,NQM19-CME,8194280,2019-04-10 15:06:03.003000+00:00,7625.5,{'stop_loss_price': 7625.5}
INVALID_RISK_UNIT,risk_unit == 0 or non-finite,NQM19-CME,8194285,2019-04-10 15:06:04+00:00,7625.5,{'stop_loss_price': 7625.5}
INVALID_RISK_UNIT,risk_unit == 0 or non-finite,NQM19-CME,8259371,2019-04-10 18:26:18.010000+00:00,7607.0,{'stop_loss_price': 7607.0}
INVALID_RISK_UNIT,risk_unit == 0 or non-finite,NQM19-CME,8259372,2019-04-10 18:26:18.011000+00:00,7607.0,{'stop_loss_price': 7607.0}
INVALID_RISK_UNIT,risk_unit == 0 or non-finite,NQM19-CME,8259373,2019-04-10 18:26:18.012000+00:00,7607.0,{'stop_loss_price': 7607.0}
INVALID_RISK_UNIT,risk_unit == 0 or non-finite,NQM19-CME,8259374,2019-04-10 18:26:18.013000+00:00,7607.0,{'stop_loss_price': 7607.0}
INVALID_RISK_UNIT,risk_unit == 0 or non-finite,NQM19-CME,8259375,2019-04-10 18:26:18.014000+00:00,7607.0,{'stop_loss_price': 7607.0}
INVALID_RISK_UNIT,risk_unit == 0 or non-finite,NQM19-CME,8259376,2019-04-10 18:26:18.015000+00:00,7607.0,{'stop_loss_price': 7607.0}
INVALID_RISK_UNIT,risk_unit == 0 or non-finite,NQM19-CME,8259377,2019-04-10 18:26:18.016000+00:00,7607.0,{'stop_loss_price': 7607.0}
INVALID_RISK_UNIT,risk_unit == 0 or non-finite,NQM19-CME,8259378,2019-04-10 18:26:18.017000+00:00,7607.0,{'stop_loss_price': 7607.0}
INVALID_RISK_UNIT,risk_unit == 0 or non-finite,NQM19-CME,8259379,2019-04-10 18:26:18.018000+00:00,7607.0,{'stop_loss_price': 7607.0}
INVALID_RISK_UNIT,risk_unit == 0 or non-finite,NQM19-CME,8259380,2019-04-10 18:26:18.019000+00:00,7607.0,{'stop_loss_price': 7607.0}
INVALID_RISK_UNIT,risk_unit == 0 or non-finite,NQM19-CME,8259381,2019-04-10 18:26:18.020000+00:00,7607.0,{'stop_loss_price': 7607.0}
INVALID_RISK_UNIT,risk_unit == 0 or non-finite,NQM19-CME,8259382,2019-04-10 18:26:18.021000+00:00,7607.0,{'stop_loss_price': 7607.0}
INVALID_RISK_UNIT,risk_unit == 0 or non-finite,NQM19-CME,8259383,2019-04-10 18:26:18.022000+00:00,7607.0,{'stop_loss_price': 7607.0}
INVALID_RISK_UNIT,risk_unit == 0 or non-finite,NQM19-CME,8259384,2019-04-10 18:26:18.023000+00:00,7607.0,{'stop_loss_price': 7607.0}
INVALID_RISK_UNIT,risk_unit == 0 or non-finite,NQM19-CME,8259385,2019-04-10 18:26:18.024000+00:00,7607.0,{'stop_loss_price': 7607.0}
INVALID_RISK_UNIT,risk_unit == 0 or non-finite,NQM19-CME,8259401,2019-04-10 18:26:20.002000+00:00,7607.0,{'stop_loss_price': 7607.0}
INVALID_RISK_UNIT,risk_unit == 0 or non-finite,NQM19-CME,8259402,2019-04-10 18:26:20.003000+00:00,7607.0,{'stop_loss_price': 7607.0}
INVALID_RISK_UNIT,risk_unit == 0 or non-finite,NQM19-CME,8259411,2019-04-10 18:26:25.001000+00:00,7607.0,{'stop_loss_price': 7607.0}
INVALID_RISK_UNIT,risk_unit == 0 or non-finite,NQM19-CME,8297501,2019-04-10 19:54:04.011000+00:00,7630.75,{'stop_loss_price': 7630.75}
INVALID_RISK_UNIT,risk_unit == 0 or non-finite,NQM19-CME,8297502,2019-04-10 19:54:04.012000+00:00,7630.75,{'stop_loss_price': 7630.75}
INVALID_RISK_UNIT,risk_unit == 0 or non-finite,NQM19-CME,8297503,2019-04-10 19:54:04.013000+00:00,7630.75,{'stop_loss_price': 7630.75}
INVALID_RISK_UNIT,risk_unit == 0 or non-finite,NQM19-CME,8297504,2019-04-10 19:54:04.014000+00:00,7630.75,{'stop_loss_price': 7630.75}
INVALID_RISK_UNIT,risk_unit == 0 or non-finite,NQM19-CME,8297505,2019-04-10 19:54:04.015000+00:00,7630.75,{'stop_loss_price': 7630.75}
INVALID_RISK_UNIT,risk_unit == 0 or non-finite,NQM19-CME,8297506,2019-04-10 19:54:04.016000+00:00,7630.75,{'stop_loss_price': 7630.75}
INVALID_RISK_UNIT,risk_unit == 0 or non-finite,NQM19-CME,8297507,2019-04-10 19:54:04.017000+00:00,7630.75,{'stop_loss_price': 7630.75}
INVALID_RISK_UNIT,risk_unit == 0 or non-finite,NQM19-CME,8297508,2019-04-10 19:54:04.018000+00:00,7630.75,{'stop_loss_price': 7630.75}
INVALID_RISK_UNIT,risk_unit == 0 or non-finite,NQM19-CME,8297509,2019-04-10 19:54:04.019000+00:00,7630.75,{'stop_loss_price': 7630.75}
INVALID_RISK_UNIT,risk_unit == 0 or non-finite,NQM19-CME,8297510,2019-04-10 19:54:04.020000+00:00,7630.75,{'stop_loss_price': 7630.75}
INVALID_RISK_UNIT,risk_unit == 0 or non-finite,NQM19-CME,8297511,2019-04-10 19:54:04.021000+00:00,7630.75,{'stop_loss_price': 7630.75}
INVALID_RISK_UNIT,risk_unit == 0 or non-finite,NQM19-CME,8297512,2019-04-10 19:54:04.022000+00:00,7630.75,{'stop_loss_price': 7630.75}
INVALID_RISK_UNIT,risk_unit == 0 or non-finite,NQM19-CME,8322730,2019-04-11 01:48:31+00:00,7654.25,{'stop_loss_price': 7654.25}
INVALID_RISK_UNIT,risk_unit == 0 or non-finite,NQM19-CME,8322731,2019-04-11 01:48:32+00:00,7654.25,{'stop_loss_price': 7654.25}
INVALID_RISK_UNIT,risk_unit == 0 or non-finite,NQM19-CME,8322732,2019-04-11 01:48:33+00:00,7654.25,{'stop_loss_price': 7654.25}
INVALID_RISK_UNIT,risk_unit == 0 or non-finite,NQM19-CME,8322733,2019-04-11 01:48:33.001000+00:00,7654.25,{'stop_loss_price': 7654.25}
INVALID_RISK_UNIT,risk_unit == 0 or non-finite,NQM19-CME,8322734,2019-04-11 01:48:33.002000+00:00,7654.25,{'stop_loss_price': 7654.25}
INVALID_RISK_UNIT,risk_unit == 0 or non-finite,NQM19-CME,8410042,2019-04-11 13:51:38.007000+00:00,7624.25,{'stop_loss_price': 7624.25}
INVALID_RISK_UNIT,risk_unit == 0 or non-finite,NQM19-CME,8410043,2019-04-11 13:51:38.008000+00:00,7624.25,{'stop_loss_price': 7624.25}
INVALID_RISK_UNIT,risk_unit == 0 or non-finite,NQM19-CME,8410044,2019-04-11 13:51:38.009000+00:00,7624.25,{'stop_loss_price': 7624.25}
INVALID_RISK_UNIT,risk_unit == 0 or non-finite,NQM19-CME,8410045,2019-04-11 13:51:38.010000+00:00,7624.25,{'stop_loss_price': 7624.25}
INVALID_RISK_UNIT,risk_unit == 0 or non-finite,NQM19-CME,8410046,2019-04-11 13:51:38.011000+00:00,7624.25,{'stop_loss_price': 7624.25}
INVALID_RISK_UNIT,risk_unit == 0 or non-finite,NQM19-CME,8437272,2019-04-11 14:18:19.010000+00:00,7625.75,{'stop_loss_price': 7625.75}
INVALID_RISK_UNIT,risk_unit == 0 or non-finite,NQM19-CME,8437273,2019-04-11 14:18:19.011000+00:00,7625.75,{'stop_loss_price': 7625.75}
INVALID_RISK_UNIT,risk_unit == 0 or non-finite,NQM19-CME,8437285,2019-04-11 14:18:20.008000+00:00,7625.75,{'stop_loss_price': 7625.75}
INVALID_RISK_UNIT,risk_unit == 0 or non-finite,NQM19-CME,8599054,2019-04-12 00:35:22+00:00,7616.5,{'stop_loss_price': 7616.5}
INVALID_RISK_UNIT,risk_unit == 0 or non-finite,NQM19-CME,8703811,2019-04-12 13:52:50.069000+00:00,7645.25,{'stop_loss_price': 7645.25}
INVALID_RISK_UNIT,risk_unit == 0 or non-finite,NQM19-CME,8703812,2019-04-12 13:52:50.070000+00:00,7645.25,{'stop_loss_price': 7645.25}
INVALID_RISK_UNIT,risk_unit == 0 or non-finite,NQM19-CME,8703813,2019-04-12 13:52:50.071000+00:00,7645.25,{'stop_loss_price': 7645.25}
INVALID_RISK_UNIT,risk_unit == 0 or non-finite,NQM19-CME,8703814,2019-04-12 13:52:50.072000+00:00,7645.25,{'stop_loss_price': 7645.25}
INVALID_RISK_UNIT,risk_unit == 0 or non-finite,NQM19-CME,8703815,2019-04-12 13:52:50.073000+00:00,7645.25,{'stop_loss_price': 7645.25}
INVALID_RISK_UNIT,risk_unit == 0 or non-finite,NQM19-CME,8703816,2019-04-12 13:52:50.074000+00:00,7645.25,{'stop_loss_price': 7645.25}
INVALID_RISK_UNIT,risk_unit == 0 or non-finite,NQM19-CME,8703817,2019-04-12 13:52:50.075000+00:00,7645.25,{'stop_loss_price': 7645.25}
INVALID_RISK_UNIT,risk_unit == 0 or non-finite,NQM19-CME,8703818,2019-04-12 13:52:50.076000+00:00,7645.25,{'stop_loss_price': 7645.25}
INVALID_RISK_UNIT,risk_unit == 0 or non-finite,NQM19-CME,8703819,2019-04-12 13:52:51+00:00,7645.25,{'stop_loss_price': 7645.25}
INVALID_RISK_UNIT,risk_unit == 0 or non-finite,NQM19-CME,8703820,2019-04-12 13:52:51.001000+00:00,7645.25,{'stop_loss_price': 7645.25}
INVALID_RISK_UNIT,risk_unit == 0 or non-finite,NQM19-CME,8703821,2019-04-12 13:52:51.002000+00:00,7645.25,{'stop_loss_price': 7645.25}
INVALID_RISK_UNIT,risk_unit == 0 or non-finite,NQM19-CME,8703822,2019-04-12 13:52:51.003000+00:00,7645.25,{'stop_loss_price': 7645.25}
INVALID_RISK_UNIT,risk_unit == 0 or non-finite,NQM19-CME,8703823,2019-04-12 13:52:51.004000+00:00,7645.25,{'stop_loss_price': 7645.25}
INVALID_RISK_UNIT,risk_unit == 0 or non-finite,NQM19-CME,8703825,2019-04-12 13:52:51.006000+00:00,7645.25,{'stop_loss_price': 7645.25}
INVALID_RISK_UNIT,risk_unit == 0 or non-finite,NQM19-CME,8723177,2019-04-12 14:15:28.003000+00:00,7639.5,{'stop_loss_price': 7639.5}
INVALID_RISK_UNIT,risk_unit == 0 or non-finite,NQM19-CME,8821174,2019-04-12 18:03:42.011000+00:00,7640.75,{'stop_loss_price': 7640.75}
INVALID_RISK_UNIT,risk_unit == 0 or non-finite,NQM19-CME,8821175,2019-04-12 18:03:42.012000+00:00,7640.75,{'stop_loss_price': 7640.75}
INVALID_RISK_UNIT,risk_unit == 0 or non-finite,NQM19-CME,8821176,2019-04-12 18:03:42.013000+00:00,7640.75,{'stop_loss_price': 7640.75}
INVALID_RISK_UNIT,risk_unit == 0 or non-finite,NQM19-CME,8821177,2019-04-12 18:03:42.014000+00:00,7640.75,{'stop_loss_price': 7640.75}
INVALID_RISK_UNIT,risk_unit == 0 or non-finite,NQM19-CME,8821178,2019-04-12 18:03:42.015000+00:00,7640.75,{'stop_loss_price': 7640.75}
INVALID_RISK_UNIT,risk_unit == 0 or non-finite,NQM19-CME,8821179,2019-04-12 18:03:42.016000+00:00,7640.75,{'stop_loss_price': 7640.75}
INVALID_RISK_UNIT,risk_unit == 0 or non-finite,NQM19-CME,8821180,2019-04-12 18:03:42.017000+00:00,7640.75,{'stop_loss_price': 7640.75}
INVALID_RISK_UNIT,risk_unit == 0 or non-finite,NQM19-CME,8821181,2019-04-12 18:03:42.018000+00:00,7640.75,{'stop_loss_price': 7640.75}
INVALID_RISK_UNIT,risk_unit == 0 or non-finite,NQM19-CME,8821182,2019-04-12 18:03:42.019000+00:00,7640.75,{'stop_loss_price': 7640.75}
INVALID_RISK_UNIT,risk_unit == 0 or non-finite,NQM19-CME,8821183,2019-04-12 18:03:42.020000+00:00,7640.75,{'stop_loss_price': 7640.75}
INVALID_RISK_UNIT,risk_unit == 0 or non-finite,NQM19-CME,8821184,2019-04-12 18:03:42.021000+00:00,7640.75,{'stop_loss_price': 7640.75}
INVALID_RISK_UNIT,risk_unit == 0 or non-finite,NQM19-CME,8821185,2019-04-12 18:03:42.022000+00:00,7640.75,{'stop_loss_price': 7640.75}
INVALID_RISK_UNIT,risk_unit == 0 or non-finite,NQM19-CME,8821186,2019-04-12 18:03:42.023000+00:00,7640.75,{'stop_loss_price': 7640.75}
INVALID_RISK_UNIT,risk_unit == 0 or non-finite,NQM19-CME,8821187,2019-04-12 18:03:42.024000+00:00,7640.75,{'stop_loss_price': 7640.75}
INVALID_RISK_UNIT,risk_unit == 0 or non-finite,NQM19-CME,8821188,2019-04-12 18:03:42.025000+00:00,7640.75,{'stop_loss_price': 7640.75}
INVALID_RISK_UNIT,risk_unit == 0 or non-finite,NQM19-CME,8821196,2019-04-12 18:03:42.033000+00:00,7640.75,{'stop_loss_price': 7640.75}
INVALID_RISK_UNIT,risk_unit == 0 or non-finite,NQM19-CME,8821197,2019-04-12 18:03:42.034000+00:00,7640.75,{'stop_loss_price': 7640.75}
INVALID_RISK_UNIT,risk_unit == 0 or non-finite,NQM19-CME,8821198,2019-04-12 18:03:42.035000+00:00,7640.75,{'stop_loss_price': 7640.75}
INVALID_RISK_UNIT,risk_unit == 0 or non-finite,NQM19-CME,8821199,2019-04-12 18:03:42.036000+00:00,7640.75,{'stop_loss_price': 7640.75}
INVALID_RISK_UNIT,risk_unit == 0 or non-finite,NQM19-CME,8821200,2019-04-12 18:03:42.037000+00:00,7640.75,{'stop_loss_price': 7640.75}
INVALID_RISK_UNIT,risk_unit == 0 or non-finite,NQM19-CME,8821201,2019-04-12 18:03:42.038000+00:00,7640.75,{'stop_loss_price': 7640.75}
INVALID_RISK_UNIT,risk_unit == 0 or non-finite,NQM19-CME,8821215,2019-04-12 18:03:43.013000+00:00,7640.75,{'stop_loss_price': 7640.75}
INVALID_RISK_UNIT,risk_unit == 0 or non-finite,NQM19-CME,8868258,2019-04-15 00:00:49.003000+00:00,7649.75,{'stop_loss_price': 7649.75}
INVALID_RISK_UNIT,risk_unit == 0 or non-finite,NQM19-CME,8868259,2019-04-15 00:00:49.004000+00:00,7649.75,{'stop_loss_price': 7649.75}
INVALID_RISK_UNIT,risk_unit == 0 or non-finite,NQM19-CME,8868260,2019-04-15 00:00:49.005000+00:00,7649.75,{'stop_loss_price': 7649.75}
INVALID_RISK_UNIT,risk_unit == 0 or non-finite,NQM19-CME,8885779,2019-04-15 06:32:07+00:00,7646.25,{'stop_loss_price': 7646.25}
INVALID_RISK_UNIT,risk_unit == 0 or non-finite,NQM19-CME,8885780,2019-04-15 06:32:07.001000+00:00,7646.25,{'stop_loss_price': 7646.25}
INVALID_RISK_UNIT,risk_unit == 0 or non-finite,NQM19-CME,8885781,2019-04-15 06:32:07.002000+00:00,7646.25,{'stop_loss_price': 7646.25}
INVALID_RISK_UNIT,risk_unit == 0 or non-finite,NQM19-CME,8885782,2019-04-15 06:32:07.003000+00:00,7646.25,{'stop_loss_price': 7646.25}
INVALID_RISK_UNIT,risk_unit == 0 or non-finite,NQM19-CME,8885784,2019-04-15 06:32:07.005000+00:00,7646.25,{'stop_loss_price': 7646.25}
INVALID_RISK_UNIT,risk_unit == 0 or non-finite,NQM19-CME,8907315,2019-04-15 13:16:46.002000+00:00,7652.75,{'stop_loss_price': 7652.75}
INVALID_RISK_UNIT,risk_unit == 0 or non-finite,NQM19-CME,8946908,2019-04-15 14:06:42+00:00,7641.25,{'stop_loss_price': 7641.25}
INVALID_RISK_UNIT,risk_unit == 0 or non-finite,NQM19-CME,8946909,2019-04-15 14:06:42.001000+00:00,7641.25,{'stop_loss_price': 7641.25}
INVALID_RISK_UNIT,risk_unit == 0 or non-finite,NQM19-CME,8946910,2019-04-15 14:06:42.002000+00:00,7641.25,{'stop_loss_price': 7641.25}
INVALID_RISK_UNIT,risk_unit == 0 or non-finite,NQM19-CME,8946911,2019-04-15 14:06:42.003000+00:00,7641.25,{'stop_loss_price': 7641.25}
INVALID_RISK_UNIT,risk_unit == 0 or non-finite,NQM19-CME,8946912,2019-04-15 14:06:42.004000+00:00,7641.25,{'stop_loss_price': 7641.25}
INVALID_RISK_UNIT,risk_unit == 0 or non-finite,NQM19-CME,8946913,2019-04-15 14:06:42.005000+00:00,7641.25,{'stop_loss_price': 7641.25}
INVALID_RISK_UNIT,risk_unit == 0 or non-finite,NQM19-CME,8946914,2019-04-15 14:06:42.006000+00:00,7641.25,{'stop_loss_price': 7641.25}
INVALID_RISK_UNIT,risk_unit == 0 or non-finite,NQM19-CME,8946915,2019-04-15 14:06:42.007000+00:00,7641.25,{'stop_loss_price': 7641.25}
INVALID_RISK_UNIT,risk_unit == 0 or non-finite,NQM19-CME,8946916,2019-04-15 14:06:42.008000+00:00,7641.25,{'stop_loss_price': 7641.25}
INVALID_RISK_UNIT,risk_unit == 0 or non-finite,NQM19-CME,8946917,2019-04-15 14:06:42.009000+00:00,7641.25,{'stop_loss_price': 7641.25}
INVALID_RISK_UNIT,risk_unit == 0 or non-finite,NQM19-CME,8946918,2019-04-15 14:06:42.010000+00:00,7641.25,{'stop_loss_price': 7641.25}
INVALID_RISK_UNIT,risk_unit == 0 or non-finite,NQM19-CME,8946919,2019-04-15 14:06:42.011000+00:00,7641.25,{'stop_loss_price': 7641.25}
INVALID_RISK_UNIT,risk_unit == 0 or non-finite,NQM19-CME,8946920,2019-04-15 14:06:42.012000+00:00,7641.25,{'stop_loss_price': 7641.25}
INVALID_RISK_UNIT,risk_unit == 0 or non-finite,NQM19-CME,8946921,2019-04-15 14:06:42.013000+00:00,7641.25,{'stop_loss_price': 7641.25}
INVALID_RISK_UNIT,risk_unit == 0 or non-finite,NQM19-CME,8946922,2019-04-15 14:06:42.014000+00:00,7641.25,{'stop_loss_price': 7641.25}
INVALID_RISK_UNIT,risk_unit == 0 or non-finite,NQM19-CME,8946923,2019-04-15 14:06:42.015000+00:00,7641.25,{'stop_loss_price': 7641.25}
INVALID_RISK_UNIT,risk_unit == 0 or non-finite,NQM19-CME,8946924,2019-04-15 14:06:42.016000+00:00,7641.25,{'stop_loss_price': 7641.25}
INVALID_RISK_UNIT,risk_unit == 0 or non-finite,NQM19-CME,8946925,2019-04-15 14:06:42.017000+00:00,7641.25,{'stop_loss_price': 7641.25}
INVALID_RISK_UNIT,risk_unit == 0 or non-finite,NQM19-CME,8946926,2019-04-15 14:06:42.018000+00:00,7641.25,{'stop_loss_price': 7641.25}
INVALID_RISK_UNIT,risk_unit == 0 or non-finite,NQM19-CME,8946927,2019-04-15 14:06:42.019000+00:00,7641.25,{'stop_loss_price': 7641.25}
INVALID_RISK_UNIT,risk_unit == 0 or non-finite,NQM19-CME,8946928,2019-04-15 14:06:42.020000+00:00,7641.25,{'stop_loss_price': 7641.25}
INVALID_RISK_UNIT,risk_unit == 0 or non-finite,NQM19-CME,8946929,2019-04-15 14:06:42.021000+00:00,7641.25,{'stop_loss_price': 7641.25}
INVALID_RISK_UNIT,risk_unit == 0 or non-finite,NQM19-CME,8946930,2019-04-15 14:06:42.022000+00:00,7641.25,{'stop_loss_price': 7641.25}
INVALID_RISK_UNIT,risk_unit == 0 or non-finite,NQM19-CME,8946931,2019-04-15 14:06:42.023000+00:00,7641.25,{'stop_loss_price': 7641.25}
INVALID_RISK_UNIT,risk_unit == 0 or non-finite,NQM19-CME,8946932,2019-04-15 14:06:42.024000+00:00,7641.25,{'stop_loss_price': 7641.25}
INVALID_RISK_UNIT,risk_unit == 0 or non-finite,NQM19-CME,8946933,2019-04-15 14:06:42.025000+00:00,7641.25,{'stop_loss_price': 7641.25}
INVALID_RISK_UNIT,risk_unit == 0 or non-finite,NQM19-CME,8946934,2019-04-15 14:06:42.026000+00:00,7641.25,{'stop_loss_price': 7641.25}
INVALID_RISK_UNIT,risk_unit == 0 or non-finite,NQM19-CME,8946935,2019-04-15 14:06:42.027000+00:00,7641.25,{'stop_loss_price': 7641.25}
INVALID_RISK_UNIT,risk_unit == 0 or non-finite,NQM19-CME,8946936,2019-04-15 14:06:42.028000+00:00,7641.25,{'stop_loss_price': 7641.25}
INVALID_RISK_UNIT,risk_unit == 0 or non-finite,NQM19-CME,8946939,2019-04-15 14:06:43.002000+00:00,7641.25,{'stop_loss_price': 7641.25}
INVALID_RISK_UNIT,risk_unit == 0 or non-finite,NQM19-CME,8954003,2019-04-15 14:15:49.008000+00:00,7632.75,{'stop_loss_price': 7632.75}
INVALID_RISK_UNIT,risk_unit == 0 or non-finite,NQM19-CME,8954004,2019-04-15 14:15:49.009000+00:00,7632.75,{'stop_loss_price': 7632.75}
INVALID_RISK_UNIT,risk_unit == 0 or non-finite,NQM19-CME,8954005,2019-04-15 14:15:49.010000+00:00,7632.75,{'stop_loss_price': 7632.75}
INVALID_RISK_UNIT,risk_unit == 0 or non-finite,NQM19-CME,8954006,2019-04-15 14:15:49.011000+00:00,7632.75,{'stop_loss_price': 7632.75}
INVALID_RISK_UNIT,risk_unit == 0 or non-finite,NQM19-CME,8954007,2019-04-15 14:15:49.012000+00:00,7632.75,{'stop_loss_price': 7632.75}
INVALID_RISK_UNIT,risk_unit == 0 or non-finite,NQM19-CME,8954008,2019-04-15 14:15:49.013000+00:00,7632.75,{'stop_loss_price': 7632.75}
INVALID_RISK_UNIT,risk_unit == 0 or non-finite,NQM19-CME,8954009,2019-04-15 14:15:49.014000+00:00,7632.75,{'stop_loss_price': 7632.75}
INVALID_RISK_UNIT,risk_unit == 0 or non-finite,NQM19-CME,8954010,2019-04-15 14:15:49.015000+00:00,7632.75,{'stop_loss_price': 7632.75}
INVALID_RISK_UNIT,risk_unit == 0 or non-finite,NQM19-CME,8954011,2019-04-15 14:15:49.016000+00:00,7632.75,{'stop_loss_price': 7632.75}
INVALID_RISK_UNIT,risk_unit == 0 or non-finite,NQM19-CME,8992999,2019-04-15 15:02:00.007000+00:00,7613.75,{'stop_loss_price': 7613.75}
INVALID_RISK_UNIT,risk_unit == 0 or non-finite,NQM19-CME,9035801,2019-04-15 16:36:55.009000+00:00,7622.75,{'stop_loss_price': 7622.75}
INVALID_RISK_UNIT,risk_unit == 0 or non-finite,NQM19-CME,9035802,2019-04-15 16:36:55.010000+00:00,7622.75,{'stop_loss_price': 7622.75}
INVALID_RISK_UNIT,risk_unit == 0 or non-finite,NQM19-CME,9035803,2019-04-15 16:36:55.011000+00:00,7622.75,{'stop_loss_price': 7622.75}
INVALID_RISK_UNIT,risk_unit == 0 or non-finite,NQM19-CME,9035804,2019-04-15 16:36:55.012000+00:00,7622.75,{'stop_loss_price': 7622.75}
INVALID_RISK_UNIT,risk_unit == 0 or non-finite,NQM19-CME,9035805,2019-04-15 16:36:55.013000+00:00,7622.75,{'stop_loss_price': 7622.75}
INVALID_RISK_UNIT,risk_unit == 0 or non-finite,NQM19-CME,9035806,2019-04-15 16:36:55.014000+00:00,7622.75,{'stop_loss_price': 7622.75}
INVALID_RISK_UNIT,risk_unit == 0 or non-finite,NQM19-CME,9035807,2019-04-15 16:36:56+00:00,7622.75,{'stop_loss_price': 7622.75}
INVALID_RISK_UNIT,risk_unit == 0 or non-finite,NQM19-CME,9080541,2019-04-15 19:04:03+00:00,7650.5,{'stop_loss_price': 7650.5}
INVALID_RISK_UNIT,risk_unit == 0 or non-finite,NQM19-CME,9080542,2019-04-15 19:04:03.001000+00:00,7650.5,{'stop_loss_price': 7650.5}
INVALID_RISK_UNIT,risk_unit == 0 or non-finite,NQM19-CME,9080543,2019-04-15 19:04:03.002000+00:00,7650.5,{'stop_loss_price': 7650.5}
INVALID_RISK_UNIT,risk_unit == 0 or non-finite,NQM19-CME,9080544,2019-04-15 19:04:03.003000+00:00,7650.5,{'stop_loss_price': 7650.5}
INVALID_RISK_UNIT,risk_unit == 0 or non-finite,NQM19-CME,9080545,2019-04-15 19:04:03.004000+00:00,7650.5,{'stop_loss_price': 7650.5}
INVALID_RISK_UNIT,risk_unit == 0 or non-finite,NQM19-CME,9080546,2019-04-15 19:04:03.005000+00:00,7650.5,{'stop_loss_price': 7650.5}
INVALID_RISK_UNIT,risk_unit == 0 or non-finite,NQM19-CME,9080547,2019-04-15 19:04:03.006000+00:00,7650.5,{'stop_loss_price': 7650.5}
INVALID_RISK_UNIT,risk_unit == 0 or non-finite,NQM19-CME,9080548,2019-04-15 19:04:03.007000+00:00,7650.5,{'stop_loss_price': 7650.5}
INVALID_RISK_UNIT,risk_unit == 0 or non-finite,NQM19-CME,9080549,2019-04-15 19:04:03.008000+00:00,7650.5,{'stop_loss_price': 7650.5}
INVALID_RISK_UNIT,risk_unit == 0 or non-finite,NQM19-CME,9080550,2019-04-15 19:04:03.009000+00:00,7650.5,{'stop_loss_price': 7650.5}
INVALID_RISK_UNIT,risk_unit == 0 or non-finite,NQM19-CME,9080551,2019-04-15 19:04:03.010000+00:00,7650.5,{'stop_loss_price': 7650.5}
INVALID_RISK_UNIT,risk_unit == 0 or non-finite,NQM19-CME,9080552,2019-04-15 19:04:03.011000+00:00,7650.5,{'stop_loss_price': 7650.5}
INVALID_RISK_UNIT,risk_unit == 0 or non-finite,NQM19-CME,9080553,2019-04-15 19:04:03.012000+00:00,7650.5,{'stop_loss_price': 7650.5}
INVALID_RISK_UNIT,risk_unit == 0 or non-finite,NQM19-CME,9080554,2019-04-15 19:04:03.013000+00:00,7650.5,{'stop_loss_price': 7650.5}
INVALID_RISK_UNIT,risk_unit == 0 or non-finite,NQM19-CME,9080555,2019-04-15 19:04:03.014000+00:00,7650.5,{'stop_loss_price': 7650.5}
INVALID_RISK_UNIT,risk_unit == 0 or non-finite,NQM19-CME,9080556,2019-04-15 19:04:03.015000+00:00,7650.5,{'stop_loss_price': 7650.5}
INVALID_RISK_UNIT,risk_unit == 0 or non-finite,NQM19-CME,9080557,2019-04-15 19:04:03.016000+00:00,7650.5,{'stop_loss_price': 7650.5}
INVALID_RISK_UNIT,risk_unit == 0 or non-finite,NQM19-CME,9080558,2019-04-15 19:04:03.017000+00:00,7650.5,{'stop_loss_price': 7650.5}
INVALID_RISK_UNIT,risk_unit == 0 or non-finite,NQM19-CME,9080559,2019-04-15 19:04:03.018000+00:00,7650.5,{'stop_loss_price': 7650.5}
INVALID_RISK_UNIT,risk_unit == 0 or non-finite,NQM19-CME,9080560,2019-04-15 19:04:03.019000+00:00,7650.5,{'stop_loss_price': 7650.5}
INVALID_RISK_UNIT,risk_unit == 0 or non-finite,NQM19-CME,9164051,2019-04-16 12:40:35+00:00,7674.75,{'stop_loss_price': 7674.75}
INVALID_RISK_UNIT,risk_unit == 0 or non-finite,NQM19-CME,9164052,2019-04-16 12:40:35.001000+00:00,7674.75,{'stop_loss_price': 7674.75}
INVALID_RISK_UNIT,risk_unit == 0 or non-finite,NQM19-CME,9164053,2019-04-16 12:40:35.002000+00:00,7674.75,{'stop_loss_price': 7674.75}
INVALID_RISK_UNIT,risk_unit == 0 or non-finite,NQM19-CME,9164054,2019-04-16 12:40:35.003000+00:00,7674.75,{'stop_loss_price': 7674.75}
INVALID_RISK_UNIT,risk_unit == 0 or non-finite,NQM19-CME,9164055,2019-04-16 12:40:35.004000+00:00,7674.75,{'stop_loss_price': 7674.75}
INVALID_RISK_UNIT,risk_unit == 0 or non-finite,NQM19-CME,9164056,2019-04-16 12:40:35.005000+00:00,7674.75,{'stop_loss_price': 7674.75}
INVALID_RISK_UNIT,risk_unit == 0 or non-finite,NQM19-CME,9164057,2019-04-16 12:40:35.006000+00:00,7674.75,{'stop_loss_price': 7674.75}
INVALID_RISK_UNIT,risk_unit == 0 or non-finite,NQM19-CME,9164058,2019-04-16 12:40:35.007000+00:00,7674.75,{'stop_loss_price': 7674.75}
INVALID_RISK_UNIT,risk_unit == 0 or non-finite,NQM19-CME,9211645,2019-04-16 14:07:04.025000+00:00,7685.25,{'stop_loss_price': 7685.25}
INVALID_RISK_UNIT,risk_unit == 0 or non-finite,NQM19-CME,9211646,2019-04-16 14:07:04.026000+00:00,7685.25,{'stop_loss_price': 7685.25}
INVALID_RISK_UNIT,risk_unit == 0 or non-finite,NQM19-CME,9211647,2019-04-16 14:07:04.027000+00:00,7685.25,{'stop_loss_price': 7685.25}
INVALID_RISK_UNIT,risk_unit == 0 or non-finite,NQM19-CME,9211648,2019-04-16 14:07:04.028000+00:00,7685.25,{'stop_loss_price': 7685.25}
INVALID_RISK_UNIT,risk_unit == 0 or non-finite,NQM19-CME,9211649,2019-04-16 14:07:04.029000+00:00,7685.25,{'stop_loss_price': 7685.25}
INVALID_RISK_UNIT,risk_unit == 0 or non-finite,NQM19-CME,9211650,2019-04-16 14:07:04.030000+00:00,7685.25,{'stop_loss_price': 7685.25}
INVALID_RISK_UNIT,risk_unit == 0 or non-finite,NQM19-CME,9211651,2019-04-16 14:07:04.031000+00:00,7685.25,{'stop_loss_price': 7685.25}
INVALID_RISK_UNIT,risk_unit == 0 or non-finite,NQM19-CME,9211658,2019-04-16 14:07:04.038000+00:00,7685.25,{'stop_loss_price': 7685.25}
INVALID_RISK_UNIT,risk_unit == 0 or non-finite,NQM19-CME,9406493,2019-04-17 01:59:25.041000+00:00,7702.25,{'stop_loss_price': 7702.25}
INVALID_RISK_UNIT,risk_unit == 0 or non-finite,NQM19-CME,9406494,2019-04-17 01:59:25.042000+00:00,7702.25,{'stop_loss_price': 7702.25}
INVALID_RISK_UNIT,risk_unit == 0 or non-finite,NQM19-CME,9406495,2019-04-17 01:59:25.043000+00:00,7702.25,{'stop_loss_price': 7702.25}
INVALID_RISK_UNIT,risk_unit == 0 or non-finite,NQM19-CME,9406496,2019-04-17 01:59:25.044000+00:00,7702.25,{'stop_loss_price': 7702.25}
INVALID_RISK_UNIT,risk_unit == 0 or non-finite,NQM19-CME,9501463,2019-04-17 13:56:13+00:00,7711.75,{'stop_loss_price': 7711.75}
INVALID_RISK_UNIT,risk_unit == 0 or non-finite,NQM19-CME,9501464,2019-04-17 13:56:13.001000+00:00,7711.75,{'stop_loss_price': 7711.75}
INVALID_RISK_UNIT,risk_unit == 0 or non-finite,NQM19-CME,9501465,2019-04-17 13:56:13.002000+00:00,7711.75,{'stop_loss_price': 7711.75}
INVALID_RISK_UNIT,risk_unit == 0 or non-finite,NQM19-CME,9501466,2019-04-17 13:56:13.003000+00:00,7711.75,{'stop_loss_price': 7711.75}
INVALID_RISK_UNIT,risk_unit == 0 or non-finite,NQM19-CME,9501467,2019-04-17 13:56:13.004000+00:00,7711.75,{'stop_loss_price': 7711.75}
INVALID_RISK_UNIT,risk_unit == 0 or non-finite,NQM19-CME,9513369,2019-04-17 14:02:07+00:00,7685.25,{'stop_loss_price': 7685.25}
INVALID_RISK_UNIT,risk_unit == 0 or non-finite,NQM19-CME,9513370,2019-04-17 14:02:07.001000+00:00,7685.25,{'stop_loss_price': 7685.25}
INVALID_RISK_UNIT,risk_unit == 0 or non-finite,NQM19-CME,9513371,2019-04-17 14:02:07.002000+00:00,7685.25,{'stop_loss_price': 7685.25}
INVALID_RISK_UNIT,risk_unit == 0 or non-finite,NQM19-CME,9513372,2019-04-17 14:02:07.003000+00:00,7685.25,{'stop_loss_price': 7685.25}
INVALID_RISK_UNIT,risk_unit == 0 or non-finite,NQM19-CME,9513373,2019-04-17 14:02:07.004000+00:00,7685.25,{'stop_loss_price': 7685.25}
INVALID_RISK_UNIT,risk_unit == 0 or non-finite,NQM19-CME,9513374,2019-04-17 14:02:07.005000+00:00,7685.25,{'stop_loss_price': 7685.25}
INVALID_RISK_UNIT,risk_unit == 0 or non-finite,NQM19-CME,9513375,2019-04-17 14:02:07.006000+00:00,7685.25,{'stop_loss_price': 7685.25}
INVALID_RISK_UNIT,risk_unit == 0 or non-finite,NQM19-CME,9513376,2019-04-17 14:02:07.007000+00:00,7685.25,{'stop_loss_price': 7685.25}
INVALID_RISK_UNIT,risk_unit == 0 or non-finite,NQM19-CME,9513377,2019-04-17 14:02:07.008000+00:00,7685.25,{'stop_loss_price': 7685.25}
INVALID_RISK_UNIT,risk_unit == 0 or non-finite,NQM19-CME,9513378,2019-04-17 14:02:07.009000+00:00,7685.25,{'stop_loss_price': 7685.25}
INVALID_RISK_UNIT,risk_unit == 0 or non-finite,NQM19-CME,9513379,2019-04-17 14:02:07.010000+00:00,7685.25,{'stop_loss_price': 7685.25}
INVALID_RISK_UNIT,risk_unit == 0 or non-finite,NQM19-CME,9559118,2019-04-17 14:41:24.003000+00:00,7711.75,{'stop_loss_price': 7711.75}
INVALID_RISK_UNIT,risk_unit == 0 or non-finite,NQM19-CME,9559119,2019-04-17 14:41:24.004000+00:00,7711.75,{'stop_loss_price': 7711.75}
INVALID_RISK_UNIT,risk_unit == 0 or non-finite,NQM19-CME,9559120,2019-04-17 14:41:24.005000+00:00,7711.75,{'stop_loss_price': 7711.75}
INVALID_RISK_UNIT,risk_unit == 0 or non-finite,NQM19-CME,9559121,2019-04-17 14:41:24.006000+00:00,7711.75,{'stop_loss_price': 7711.75}
INVALID_RISK_UNIT,risk_unit == 0 or non-finite,NQM19-CME,9559122,2019-04-17 14:41:24.007000+00:00,7711.75,{'stop_loss_price': 7711.75}
INVALID_RISK_UNIT,risk_unit == 0 or non-finite,NQM19-CME,9559123,2019-04-17 14:41:24.008000+00:00,7711.75,{'stop_loss_price': 7711.75}
INVALID_RISK_UNIT,risk_unit == 0 or non-finite,NQM19-CME,9559124,2019-04-17 14:41:24.009000+00:00,7711.75,{'stop_loss_price': 7711.75}
INVALID_RISK_UNIT,risk_unit == 0 or non-finite,NQM19-CME,9559125,2019-04-17 14:41:24.010000+00:00,7711.75,{'stop_loss_price': 7711.75}
INVALID_RISK_UNIT,risk_unit == 0 or non-finite,NQM19-CME,9559126,2019-04-17 14:41:24.011000+00:00,7711.75,{'stop_loss_price': 7711.75}
INVALID_RISK_UNIT,risk_unit == 0 or non-finite,NQM19-CME,9559127,2019-04-17 14:41:24.012000+00:00,7711.75,{'stop_loss_price': 7711.75}
INVALID_RISK_UNIT,risk_unit == 0 or non-finite,NQM19-CME,9559128,2019-04-17 14:41:25+00:00,7711.75,{'stop_loss_price': 7711.75}
INVALID_RISK_UNIT,risk_unit == 0 or non-finite,NQM19-CME,9559129,2019-04-17 14:41:25.001000+00:00,7711.75,{'stop_loss_price': 7711.75}
INVALID_RISK_UNIT,risk_unit == 0 or non-finite,NQM19-CME,9559130,2019-04-17 14:41:25.002000+00:00,7711.75,{'stop_loss_price': 7711.75}
INVALID_RISK_UNIT,risk_unit == 0 or non-finite,NQM19-CME,9559131,2019-04-17 14:41:25.003000+00:00,7711.75,{'stop_loss_price': 7711.75}
INVALID_RISK_UNIT,risk_unit == 0 or non-finite,NQM19-CME,9559132,2019-04-17 14:41:25.004000+00:00,7711.75,{'stop_loss_price': 7711.75}
INVALID_RISK_UNIT,risk_unit == 0 or non-finite,NQM19-CME,9559133,2019-04-17 14:41:25.005000+00:00,7711.75,{'stop_loss_price': 7711.75}
INVALID_RISK_UNIT,risk_unit == 0 or non-finite,NQM19-CME,9559134,2019-04-17 14:41:26+00:00,7711.75,{'stop_loss_price': 7711.75}
INVALID_RISK_UNIT,risk_unit == 0 or non-finite,NQM19-CME,9559135,2019-04-17 14:41:26.001000+00:00,7711.75,{'stop_loss_price': 7711.75}
INVALID_RISK_UNIT,risk_unit == 0 or non-finite,NQM19-CME,9559136,2019-04-17 14:41:26.002000+00:00,7711.75,{'stop_loss_price': 7711.75}
INVALID_RISK_UNIT,risk_unit == 0 or non-finite,NQM19-CME,9568540,2019-04-17 14:51:33+00:00,7708.5,{'stop_loss_price': 7708.5}
INVALID_RISK_UNIT,risk_unit == 0 or non-finite,NQM19-CME,9568541,2019-04-17 14:51:33.001000+00:00,7708.5,{'stop_loss_price': 7708.5}
INVALID_RISK_UNIT,risk_unit == 0 or non-finite,NQM19-CME,9568542,2019-04-17 14:51:33.002000+00:00,7708.5,{'stop_loss_price': 7708.5}
INVALID_RISK_UNIT,risk_unit == 0 or non-finite,NQM19-CME,9568544,2019-04-17 14:51:33.004000+00:00,7708.5,{'stop_loss_price': 7708.5}
INVALID_RISK_UNIT,risk_unit == 0 or non-finite,NQM19-CME,9572291,2019-04-17 14:54:48.006000+00:00,7703.25,{'stop_loss_price': 7703.25}
INVALID_RISK_UNIT,risk_unit == 0 or non-finite,NQM19-CME,9573522,2019-04-17 14:57:03.026000+00:00,7701.5,{'stop_loss_price': 7701.5}
INVALID_RISK_UNIT,risk_unit == 0 or non-finite,NQM19-CME,9573523,2019-04-17 14:57:03.027000+00:00,7701.5,{'stop_loss_price': 7701.5}
INVALID_RISK_UNIT,risk_unit == 0 or non-finite,NQM19-CME,9573524,2019-04-17 14:57:03.028000+00:00,7701.5,{'stop_loss_price': 7701.5}
INVALID_RISK_UNIT,risk_unit == 0 or non-finite,NQM19-CME,9573525,2019-04-17 14:57:03.029000+00:00,7701.5,{'stop_loss_price': 7701.5}
INVALID_RISK_UNIT,risk_unit == 0 or non-finite,NQM19-CME,9573526,2019-04-17 14:57:03.030000+00:00,7701.5,{'stop_loss_price': 7701.5}
INVALID_RISK_UNIT,risk_unit == 0 or non-finite,NQM19-CME,9573527,2019-04-17 14:57:03.031000+00:00,7701.5,{'stop_loss_price': 7701.5}
INVALID_RISK_UNIT,risk_unit == 0 or non-finite,NQM19-CME,9573528,2019-04-17 14:57:03.032000+00:00,7701.5,{'stop_loss_price': 7701.5}
INVALID_RISK_UNIT,risk_unit == 0 or non-finite,NQM19-CME,9573550,2019-04-17 14:57:06.003000+00:00,7701.5,{'stop_loss_price': 7701.5}
INVALID_RISK_UNIT,risk_unit == 0 or non-finite,NQM19-CME,9574932,2019-04-17 14:58:20.014000+00:00,7699.25,{'stop_loss_price': 7699.25}
INVALID_RISK_UNIT,risk_unit == 0 or non-finite,NQM19-CME,9574933,2019-04-17 14:58:20.015000+00:00,7699.25,{'stop_loss_price': 7699.25}
INVALID_RISK_UNIT,risk_unit == 0 or non-finite,NQM19-CME,9574934,2019-04-17 14:58:20.016000+00:00,7699.25,{'stop_loss_price': 7699.25}
INVALID_RISK_UNIT,risk_unit == 0 or non-finite,NQM19-CME,9574935,2019-04-17 14:58:20.017000+00:00,7699.25,{'stop_loss_price': 7699.25}
INVALID_RISK_UNIT,risk_unit == 0 or non-finite,NQM19-CME,9574936,2019-04-17 14:58:20.018000+00:00,7699.25,{'stop_loss_price': 7699.25}
INVALID_RISK_UNIT,risk_unit == 0 or non-finite,NQM19-CME,9691650,2019-04-17 18:21:19+00:00,7697.25,{'stop_loss_price': 7697.25}
INVALID_RISK_UNIT,risk_unit == 0 or non-finite,NQM19-CME,9691651,2019-04-17 18:21:19.001000+00:00,7697.25,{'stop_loss_price': 7697.25}
INVALID_RISK_UNIT,risk_unit == 0 or non-finite,NQM19-CME,9691652,2019-04-17 18:21:20+00:00,7697.25,{'stop_loss_price': 7697.25}
INVALID_RISK_UNIT,risk_unit == 0 or non-finite,NQM19-CME,9691653,2019-04-17 18:21:20.001000+00:00,7697.25,{'stop_loss_price': 7697.25}
INVALID_RISK_UNIT,risk_unit == 0 or non-finite,NQM19-CME,9691654,2019-04-17 18:21:20.002000+00:00,7697.25,{'stop_loss_price': 7697.25}
INVALID_RISK_UNIT,risk_unit == 0 or non-finite,NQM19-CME,9691655,2019-04-17 18:21:20.003000+00:00,7697.25,{'stop_loss_price': 7697.25}
INVALID_RISK_UNIT,risk_unit == 0 or non-finite,NQM19-CME,9691656,2019-04-17 18:21:20.004000+00:00,7697.25,{'stop_loss_price': 7697.25}
INVALID_RISK_UNIT,risk_unit == 0 or non-finite,NQM19-CME,9751917,2019-04-17 20:13:08+00:00,7695.5,{'stop_loss_price': 7695.5}
INVALID_RISK_UNIT,risk_unit == 0 or non-finite,NQM19-CME,9751918,2019-04-17 20:13:09+00:00,7695.5,{'stop_loss_price': 7695.5}
INVALID_RISK_UNIT,risk_unit == 0 or non-finite,NQM19-CME,9751919,2019-04-17 20:13:09.001000+00:00,7695.5,{'stop_loss_price': 7695.5}
INVALID_RISK_UNIT,risk_unit == 0 or non-finite,NQM19-CME,9751920,2019-04-17 20:13:09.002000+00:00,7695.5,{'stop_loss_price': 7695.5}
INVALID_RISK_UNIT,risk_unit == 0 or non-finite,NQM19-CME,9751921,2019-04-17 20:13:09.003000+00:00,7695.5,{'stop_loss_price': 7695.5}
INVALID_RISK_UNIT,risk_unit == 0 or non-finite,NQM19-CME,9751922,2019-04-17 20:13:09.004000+00:00,7695.5,{'stop_loss_price': 7695.5}
INVALID_RISK_UNIT,risk_unit == 0 or non-finite,NQM19-CME,9751923,2019-04-17 20:13:09.005000+00:00,7695.5,{'stop_loss_price': 7695.5}
INVALID_RISK_UNIT,risk_unit == 0 or non-finite,NQM19-CME,9957792,2019-04-18 15:17:36.004000+00:00,7693.0,{'stop_loss_price': 7693.0}
INVALID_RISK_UNIT,risk_unit == 0 or non-finite,NQM19-CME,9957793,2019-04-18 15:17:36.005000+00:00,7693.0,{'stop_loss_price': 7693.0}
INVALID_RISK_UNIT,risk_unit == 0 or non-finite,NQM19-CME,9957794,2019-04-18 15:17:36.006000+00:00,7693.0,{'stop_loss_price': 7693.0}
INVALID_RISK_UNIT,risk_unit == 0 or non-finite,NQM19-CME,9957795,2019-04-18 15:17:36.007000+00:00,7693.0,{'stop_loss_price': 7693.0}
INVALID_RISK_UNIT,risk_unit == 0 or non-finite,NQM19-CME,9957796,2019-04-18 15:17:36.008000+00:00,7693.0,{'stop_loss_price': 7693.0}
INVALID_RISK_UNIT,risk_unit == 0 or non-finite,NQM19-CME,9957797,2019-04-18 15:17:36.009000+00:00,7693.0,{'stop_loss_price': 7693.0}
INVALID_RISK_UNIT,risk_unit == 0 or non-finite,NQM19-CME,9957798,2019-04-18 15:17:36.010000+00:00,7693.0,{'stop_loss_price': 7693.0}
INVALID_RISK_UNIT,risk_unit == 0 or non-finite,NQM19-CME,9957799,2019-04-18 15:17:36.011000+00:00,7693.0,{'stop_loss_price': 7693.0}
INVALID_RISK_UNIT,risk_unit == 0 or non-finite,NQM19-CME,9957800,2019-04-18 15:17:36.012000+00:00,7693.0,{'stop_loss_price': 7693.0}
INVALID_RISK_UNIT,risk_unit == 0 or non-finite,NQM19-CME,9957801,2019-04-18 15:17:36.013000+00:00,7693.0,{'stop_loss_price': 7693.0}
INVALID_RISK_UNIT,risk_unit == 0 or non-finite,NQM19-CME,9957802,2019-04-18 15:17:36.014000+00:00,7693.0,{'stop_loss_price': 7693.0}
INVALID_RISK_UNIT,risk_unit == 0 or non-finite,NQM19-CME,9992752,2019-04-18 16:29:46+00:00,7703.25,{'stop_loss_price': 7703.25}
INVALID_RISK_UNIT,risk_unit == 0 or non-finite,NQM19-CME,10007982,2019-04-18 17:26:13.008000+00:00,7699.0,{'stop_loss_price': 7699.0}
INVALID_RISK_UNIT,risk_unit == 0 or non-finite,NQM19-CME,10007983,2019-04-18 17:26:13.009000+00:00,7699.0,{'stop_loss_price': 7699.0}
INVALID_RISK_UNIT,risk_unit == 0 or non-finite,NQM19-CME,10007984,2019-04-18 17:26:13.010000+00:00,7699.0,{'stop_loss_price': 7699.0}
INVALID_RISK_UNIT,risk_unit == 0 or non-finite,NQM19-CME,10007985,2019-04-18 17:26:15+00:00,7699.0,{'stop_loss_price': 7699.0}
INVALID_RISK_UNIT,risk_unit == 0 or non-finite,NQM19-CME,10007986,2019-04-18 17:26:17+00:00,7699.0,{'stop_loss_price': 7699.0}
INVALID_RISK_UNIT,risk_unit == 0 or non-finite,NQM19-CME,10007987,2019-04-18 17:26:18+00:00,7699.0,{'stop_loss_price': 7699.0}
INVALID_RISK_UNIT,risk_unit == 0 or non-finite,NQM19-CME,10007988,2019-04-18 17:26:18.001000+00:00,7699.0,{'stop_loss_price': 7699.0}
INVALID_RISK_UNIT,risk_unit == 0 or non-finite,NQM19-CME,10007989,2019-04-18 17:26:18.002000+00:00,7699.0,{'stop_loss_price': 7699.0}
INVALID_RISK_UNIT,risk_unit == 0 or non-finite,NQM19-CME,10124715,2019-04-22 13:32:59.009000+00:00,7679.25,{'stop_loss_price': 7679.25}
INVALID_RISK_UNIT,risk_unit == 0 or non-finite,NQM19-CME,10124716,2019-04-22 13:33:00+00:00,7679.25,{'stop_loss_price': 7679.25}
INVALID_RISK_UNIT,risk_unit == 0 or non-finite,NQM19-CME,10124717,2019-04-22 13:33:00.001000+00:00,7679.25,{'stop_loss_price': 7679.25}
INVALID_RISK_UNIT,risk_unit == 0 or non-finite,NQM19-CME,10124718,2019-04-22 13:33:00.002000+00:00,7679.25,{'stop_loss_price': 7679.25}
INVALID_RISK_UNIT,risk_unit == 0 or non-finite,NQM19-CME,10179028,2019-04-22 14:42:58+00:00,7704.5,{'stop_loss_price': 7704.5}
INVALID_RISK_UNIT,risk_unit == 0 or non-finite,NQM19-CME,10179029,2019-04-22 14:42:58.001000+00:00,7704.5,{'stop_loss_price': 7704.5}
INVALID_RISK_UNIT,risk_unit == 0 or non-finite,NQM19-CME,10179030,2019-04-22 14:42:58.002000+00:00,7704.5,{'stop_loss_price': 7704.5}
INVALID_RISK_UNIT,risk_unit == 0 or non-finite,NQM19-CME,10179031,2019-04-22 14:42:58.003000+00:00,7704.5,{'stop_loss_price': 7704.5}
INVALID_RISK_UNIT,risk_unit == 0 or non-finite,NQM19-CME,10179032,2019-04-22 14:42:58.004000+00:00,7704.5,{'stop_loss_price': 7704.5}
INVALID_RISK_UNIT,risk_unit == 0 or non-finite,NQM19-CME,10436611,2019-04-23 15:11:14.008000+00:00,7784.5,{'stop_loss_price': 7784.5}
INVALID_RISK_UNIT,risk_unit == 0 or non-finite,NQM19-CME,10436612,2019-04-23 15:11:14.009000+00:00,7784.5,{'stop_loss_price': 7784.5}
INVALID_RISK_UNIT,risk_unit == 0 or non-finite,NQM19-CME,10436613,2019-04-23 15:11:14.010000+00:00,7784.5,{'stop_loss_price': 7784.5}
INVALID_RISK_UNIT,risk_unit == 0 or non-finite,NQM19-CME,10436614,2019-04-23 15:11:14.011000+00:00,7784.5,{'stop_loss_price': 7784.5}
INVALID_RISK_UNIT,risk_unit == 0 or non-finite,NQM19-CME,10436615,2019-04-23 15:11:14.012000+00:00,7784.5,{'stop_loss_price': 7784.5}
INVALID_RISK_UNIT,risk_unit == 0 or non-finite,NQM19-CME,10436616,2019-04-23 15:11:14.013000+00:00,7784.5,{'stop_loss_price': 7784.5}
INVALID_RISK_UNIT,risk_unit == 0 or non-finite,NQM19-CME,10436617,2019-04-23 15:11:14.014000+00:00,7784.5,{'stop_loss_price': 7784.5}
INVALID_RISK_UNIT,risk_unit == 0 or non-finite,NQM19-CME,10436618,2019-04-23 15:11:14.015000+00:00,7784.5,{'stop_loss_price': 7784.5}
INVALID_RISK_UNIT,risk_unit == 0 or non-finite,NQM19-CME,10436619,2019-04-23 15:11:14.016000+00:00,7784.5,{'stop_loss_price': 7784.5}
INVALID_RISK_UNIT,risk_unit == 0 or non-finite,NQM19-CME,10436620,2019-04-23 15:11:14.017000+00:00,7784.5,{'stop_loss_price': 7784.5}
INVALID_RISK_UNIT,risk_unit == 0 or non-finite,NQM19-CME,10436621,2019-04-23 15:11:14.018000+00:00,7784.5,{'stop_loss_price': 7784.5}
INVALID_RISK_UNIT,risk_unit == 0 or non-finite,NQM19-CME,10436650,2019-04-23 15:11:14.047000+00:00,7784.5,{'stop_loss_price': 7784.5}
INVALID_RISK_UNIT,risk_unit == 0 or non-finite,NQM19-CME,10436651,2019-04-23 15:11:14.048000+00:00,7784.5,{'stop_loss_price': 7784.5}
INVALID_RISK_UNIT,risk_unit == 0 or non-finite,NQM19-CME,10436652,2019-04-23 15:11:14.049000+00:00,7784.5,{'stop_loss_price': 7784.5}
INVALID_RISK_UNIT,risk_unit == 0 or non-finite,NQM19-CME,10436653,2019-04-23 15:11:14.050000+00:00,7784.5,{'stop_loss_price': 7784.5}
INVALID_RISK_UNIT,risk_unit == 0 or non-finite,NQM19-CME,10436655,2019-04-23 15:11:14.052000+00:00,7784.5,{'stop_loss_price': 7784.5}
INVALID_RISK_UNIT,risk_unit == 0 or non-finite,NQM19-CME,10482944,2019-04-23 16:06:57+00:00,7826.25,{'stop_loss_price': 7826.25}
INVALID_RISK_UNIT,risk_unit == 0 or non-finite,NQM19-CME,10482945,2019-04-23 16:06:57.001000+00:00,7826.25,{'stop_loss_price': 7826.25}
INVALID_RISK_UNIT,risk_unit == 0 or non-finite,NQM19-CME,10482961,2019-04-23 16:06:57.017000+00:00,7826.25,{'stop_loss_price': 7826.25}
INVALID_RISK_UNIT,risk_unit == 0 or non-finite,NQM19-CME,10482962,2019-04-23 16:06:57.018000+00:00,7826.25,{'stop_loss_price': 7826.25}
INVALID_RISK_UNIT,risk_unit == 0 or non-finite,NQM19-CME,10482963,2019-04-23 16:06:57.019000+00:00,7826.25,{'stop_loss_price': 7826.25}
INVALID_RISK_UNIT,risk_unit == 0 or non-finite,NQM19-CME,10482964,2019-04-23 16:06:57.020000+00:00,7826.25,{'stop_loss_price': 7826.25}
INVALID_RISK_UNIT,risk_unit == 0 or non-finite,NQM19-CME,10482965,2019-04-23 16:06:57.021000+00:00,7826.25,{'stop_loss_price': 7826.25}
INVALID_RISK_UNIT,risk_unit == 0 or non-finite,NQM19-CME,10482966,2019-04-23 16:06:57.022000+00:00,7826.25,{'stop_loss_price': 7826.25}
INVALID_RISK_UNIT,risk_unit == 0 or non-finite,NQM19-CME,10482967,2019-04-23 16:06:57.023000+00:00,7826.25,{'stop_loss_price': 7826.25}
INVALID_RISK_UNIT,risk_unit == 0 or non-finite,NQM19-CME,10482968,2019-04-23 16:06:57.024000+00:00,7826.25,{'stop_loss_price': 7826.25}
INVALID_RISK_UNIT,risk_unit == 0 or non-finite,NQM19-CME,10482969,2019-04-23 16:06:57.025000+00:00,7826.25,{'stop_loss_price': 7826.25}
INVALID_RISK_UNIT,risk_unit == 0 or non-finite,NQM19-CME,10554202,2019-04-23 19:28:59+00:00,7832.0,{'stop_loss_price': 7832.0}
INVALID_RISK_UNIT,risk_unit == 0 or non-finite,NQM19-CME,10554203,2019-04-23 19:28:59.001000+00:00,7832.0,{'stop_loss_price': 7832.0}
INVALID_RISK_UNIT,risk_unit == 0 or non-finite,NQM19-CME,10554204,2019-04-23 19:28:59.002000+00:00,7832.0,{'stop_loss_price': 7832.0}
INVALID_RISK_UNIT,risk_unit == 0 or non-finite,NQM19-CME,10554205,2019-04-23 19:28:59.003000+00:00,7832.0,{'stop_loss_price': 7832.0}
INVALID_RISK_UNIT,risk_unit == 0 or non-finite,NQM19-CME,10554206,2019-04-23 19:28:59.004000+00:00,7832.0,{'stop_loss_price': 7832.0}
INVALID_RISK_UNIT,risk_unit == 0 or non-finite,NQM19-CME,10554207,2019-04-23 19:28:59.005000+00:00,7832.0,{'stop_loss_price': 7832.0}
INVALID_RISK_UNIT,risk_unit == 0 or non-finite,NQM19-CME,10554208,2019-04-23 19:28:59.006000+00:00,7832.0,{'stop_loss_price': 7832.0}
INVALID_RISK_UNIT,risk_unit == 0 or non-finite,NQM19-CME,10554209,2019-04-23 19:28:59.007000+00:00,7832.0,{'stop_loss_price': 7832.0}
INVALID_RISK_UNIT,risk_unit == 0 or non-finite,NQM19-CME,10554210,2019-04-23 19:28:59.008000+00:00,7832.0,{'stop_loss_price': 7832.0}
INVALID_RISK_UNIT,risk_unit == 0 or non-finite,NQM19-CME,10554211,2019-04-23 19:28:59.009000+00:00,7832.0,{'stop_loss_price': 7832.0}
INVALID_RISK_UNIT,risk_unit == 0 or non-finite,NQM19-CME,10554212,2019-04-23 19:28:59.010000+00:00,7832.0,{'stop_loss_price': 7832.0}
INVALID_RISK_UNIT,risk_unit == 0 or non-finite,NQM19-CME,10554213,2019-04-23 19:28:59.011000+00:00,7832.0,{'stop_loss_price': 7832.0}
INVALID_RISK_UNIT,risk_unit == 0 or non-finite,NQM19-CME,10588594,2019-04-23 23:03:10+00:00,7834.25,{'stop_loss_price': 7834.25}
INVALID_RISK_UNIT,risk_unit == 0 or non-finite,NQM19-CME,10631521,2019-04-24 11:33:34.006000+00:00,7838.5,{'stop_loss_price': 7838.5}
INVALID_RISK_UNIT,risk_unit == 0 or non-finite,NQM19-CME,10631522,2019-04-24 11:33:34.007000+00:00,7838.5,{'stop_loss_price': 7838.5}
INVALID_RISK_UNIT,risk_unit == 0 or non-finite,NQM19-CME,10631523,2019-04-24 11:33:34.008000+00:00,7838.5,{'stop_loss_price': 7838.5}
INVALID_RISK_UNIT,risk_unit == 0 or non-finite,NQM19-CME,10751783,2019-04-24 15:02:01+00:00,7844.5,{'stop_loss_price': 7844.5}
INVALID_RISK_UNIT,risk_unit == 0 or non-finite,NQM19-CME,10751784,2019-04-24 15:02:01.001000+00:00,7844.5,{'stop_loss_price': 7844.5}
INVALID_RISK_UNIT,risk_unit == 0 or non-finite,NQM19-CME,10751785,2019-04-24 15:02:01.002000+00:00,7844.5,{'stop_loss_price': 7844.5}
INVALID_RISK_UNIT,risk_unit == 0 or non-finite,NQM19-CME,10751786,2019-04-24 15:02:01.003000+00:00,7844.5,{'stop_loss_price': 7844.5}
INVALID_RISK_UNIT,risk_unit == 0 or non-finite,NQM19-CME,10751787,2019-04-24 15:02:01.004000+00:00,7844.5,{'stop_loss_price': 7844.5}
INVALID_RISK_UNIT,risk_unit == 0 or non-finite,NQM19-CME,10751788,2019-04-24 15:02:01.005000+00:00,7844.5,{'stop_loss_price': 7844.5}
INVALID_RISK_UNIT,risk_unit == 0 or non-finite,NQM19-CME,10751789,2019-04-24 15:02:01.006000+00:00,7844.5,{'stop_loss_price': 7844.5}
INVALID_RISK_UNIT,risk_unit == 0 or non-finite,NQM19-CME,10826181,2019-04-24 18:00:28.008000+00:00,7816.25,{'stop_loss_price': 7816.25}
INVALID_RISK_UNIT,risk_unit == 0 or non-finite,NQM19-CME,10826182,2019-04-24 18:00:28.009000+00:00,7816.25,{'stop_loss_price': 7816.25}
INVALID_RISK_UNIT,risk_unit == 0 or non-finite,NQM19-CME,10826183,2019-04-24 18:00:28.010000+00:00,7816.25,{'stop_loss_price': 7816.25}
INVALID_RISK_UNIT,risk_unit == 0 or non-finite,NQM19-CME,10826184,2019-04-24 18:00:28.011000+00:00,7816.25,{'stop_loss_price': 7816.25}
INVALID_RISK_UNIT,risk_unit == 0 or non-finite,NQM19-CME,10826185,2019-04-24 18:00:28.012000+00:00,7816.25,{'stop_loss_price': 7816.25}
INVALID_RISK_UNIT,risk_unit == 0 or non-finite,NQM19-CME,10826186,2019-04-24 18:00:28.013000+00:00,7816.25,{'stop_loss_price': 7816.25}
INVALID_RISK_UNIT,risk_unit == 0 or non-finite,NQM19-CME,10826187,2019-04-24 18:00:28.014000+00:00,7816.25,{'stop_loss_price': 7816.25}
INVALID_RISK_UNIT,risk_unit == 0 or non-finite,NQM19-CME,10826188,2019-04-24 18:00:28.015000+00:00,7816.25,{'stop_loss_price': 7816.25}
INVALID_RISK_UNIT,risk_unit == 0 or non-finite,NQM19-CME,10826189,2019-04-24 18:00:28.016000+00:00,7816.25,{'stop_loss_price': 7816.25}
INVALID_RISK_UNIT,risk_unit == 0 or non-finite,NQM19-CME,10826190,2019-04-24 18:00:28.017000+00:00,7816.25,{'stop_loss_price': 7816.25}
INVALID_RISK_UNIT,risk_unit == 0 or non-finite,NQM19-CME,10826191,2019-04-24 18:00:28.018000+00:00,7816.25,{'stop_loss_price': 7816.25}
INVALID_RISK_UNIT,risk_unit == 0 or non-finite,NQM19-CME,10826192,2019-04-24 18:00:28.019000+00:00,7816.25,{'stop_loss_price': 7816.25}
INVALID_RISK_UNIT,risk_unit == 0 or non-finite,NQM19-CME,10826193,2019-04-24 18:00:28.020000+00:00,7816.25,{'stop_loss_price': 7816.25}
INVALID_RISK_UNIT,risk_unit == 0 or non-finite,NQM19-CME,11021033,2019-04-25 13:53:11+00:00,7854.0,{'stop_loss_price': 7854.0}
INVALID_RISK_UNIT,risk_unit == 0 or non-finite,NQM19-CME,11021034,2019-04-25 13:53:11.001000+00:00,7854.0,{'stop_loss_price': 7854.0}
INVALID_RISK_UNIT,risk_unit == 0 or non-finite,NQM19-CME,11021035,2019-04-25 13:53:11.002000+00:00,7854.0,{'stop_loss_price': 7854.0}
INVALID_RISK_UNIT,risk_unit == 0 or non-finite,NQM19-CME,11021036,2019-04-25 13:53:11.003000+00:00,7854.0,{'stop_loss_price': 7854.0}
INVALID_RISK_UNIT,risk_unit == 0 or non-finite,NQM19-CME,11078799,2019-04-25 14:24:56+00:00,7804.0,{'stop_loss_price': 7804.0}
INVALID_RISK_UNIT,risk_unit == 0 or non-finite,NQM19-CME,11078800,2019-04-25 14:24:56.001000+00:00,7804.0,{'stop_loss_price': 7804.0}
INVALID_RISK_UNIT,risk_unit == 0 or non-finite,NQM19-CME,11078801,2019-04-25 14:24:56.002000+00:00,7804.0,{'stop_loss_price': 7804.0}
INVALID_RISK_UNIT,risk_unit == 0 or non-finite,NQM19-CME,11078802,2019-04-25 14:24:56.003000+00:00,7804.0,{'stop_loss_price': 7804.0}
INVALID_RISK_UNIT,risk_unit == 0 or non-finite,NQM19-CME,11078803,2019-04-25 14:24:56.004000+00:00,7804.0,{'stop_loss_price': 7804.0}
INVALID_RISK_UNIT,risk_unit == 0 or non-finite,NQM19-CME,11078804,2019-04-25 14:24:56.005000+00:00,7804.0,{'stop_loss_price': 7804.0}
INVALID_RISK_UNIT,risk_unit == 0 or non-finite,NQM19-CME,11078805,2019-04-25 14:24:56.006000+00:00,7804.0,{'stop_loss_price': 7804.0}
INVALID_RISK_UNIT,risk_unit == 0 or non-finite,NQM19-CME,11078806,2019-04-25 14:24:56.007000+00:00,7804.0,{'stop_loss_price': 7804.0}
INVALID_RISK_UNIT,risk_unit == 0 or non-finite,NQM19-CME,11078807,2019-04-25 14:24:56.008000+00:00,7804.0,{'stop_loss_price': 7804.0}
INVALID_RISK_UNIT,risk_unit == 0 or non-finite,NQM19-CME,11078808,2019-04-25 14:24:56.009000+00:00,7804.0,{'stop_loss_price': 7804.0}
INVALID_RISK_UNIT,risk_unit == 0 or non-finite,NQM19-CME,11078809,2019-04-25 14:24:56.010000+00:00,7804.0,{'stop_loss_price': 7804.0}
INVALID_RISK_UNIT,risk_unit == 0 or non-finite,NQM19-CME,11078810,2019-04-25 14:24:56.011000+00:00,7804.0,{'stop_loss_price': 7804.0}
INVALID_RISK_UNIT,risk_unit == 0 or non-finite,NQM19-CME,11085271,2019-04-25 14:29:06+00:00,7812.75,{'stop_loss_price': 7812.75}
INVALID_RISK_UNIT,risk_unit == 0 or non-finite,NQM19-CME,11085272,2019-04-25 14:29:06.001000+00:00,7812.75,{'stop_loss_price': 7812.75}
INVALID_RISK_UNIT,risk_unit == 0 or non-finite,NQM19-CME,11085273,2019-04-25 14:29:06.002000+00:00,7812.75,{'stop_loss_price': 7812.75}
INVALID_RISK_UNIT,risk_unit == 0 or non-finite,NQM19-CME,11085274,2019-04-25 14:29:06.003000+00:00,7812.75,{'stop_loss_price': 7812.75}
INVALID_RISK_UNIT,risk_unit == 0 or non-finite,NQM19-CME,11085275,2019-04-25 14:29:06.004000+00:00,7812.75,{'stop_loss_price': 7812.75}
INVALID_RISK_UNIT,risk_unit == 0 or non-finite,NQM19-CME,11085276,2019-04-25 14:29:06.005000+00:00,7812.75,{'stop_loss_price': 7812.75}
INVALID_RISK_UNIT,risk_unit == 0 or non-finite,NQM19-CME,11085278,2019-04-25 14:29:06.007000+00:00,7812.75,{'stop_loss_price': 7812.75}
INVALID_RISK_UNIT,risk_unit == 0 or non-finite,NQM19-CME,11129398,2019-04-25 15:09:11+00:00,7829.5,{'stop_loss_price': 7829.5}
INVALID_RISK_UNIT,risk_unit == 0 or non-finite,NQM19-CME,11129399,2019-04-25 15:09:11.001000+00:00,7829.5,{'stop_loss_price': 7829.5}
INVALID_RISK_UNIT,risk_unit == 0 or non-finite,NQM19-CME,11129400,2019-04-25 15:09:11.002000+00:00,7829.5,{'stop_loss_price': 7829.5}
INVALID_RISK_UNIT,risk_unit == 0 or non-finite,NQM19-CME,11129401,2019-04-25 15:09:11.003000+00:00,7829.5,{'stop_loss_price': 7829.5}
INVALID_RISK_UNIT,risk_unit == 0 or non-finite,NQM19-CME,11136576,2019-04-25 15:16:45.004000+00:00,7822.5,{'stop_loss_price': 7822.5}
INVALID_RISK_UNIT,risk_unit == 0 or non-finite,NQM19-CME,11136577,2019-04-25 15:16:45.005000+00:00,7822.5,{'stop_loss_price': 7822.5}
INVALID_RISK_UNIT,risk_unit == 0 or non-finite,NQM19-CME,11136578,2019-04-25 15:16:45.006000+00:00,7822.5,{'stop_loss_price': 7822.5}
INVALID_RISK_UNIT,risk_unit == 0 or non-finite,NQM19-CME,11136579,2019-04-25 15:16:45.007000+00:00,7822.5,{'stop_loss_price': 7822.5}
INVALID_RISK_UNIT,risk_unit == 0 or non-finite,NQM19-CME,11136580,2019-04-25 15:16:45.008000+00:00,7822.5,{'stop_loss_price': 7822.5}
INVALID_RISK_UNIT,risk_unit == 0 or non-finite,NQM19-CME,11136581,2019-04-25 15:16:45.009000+00:00,7822.5,{'stop_loss_price': 7822.5}
INVALID_RISK_UNIT,risk_unit == 0 or non-finite,NQM19-CME,11136582,2019-04-25 15:16:45.010000+00:00,7822.5,{'stop_loss_price': 7822.5}
INVALID_RISK_UNIT,risk_unit == 0 or non-finite,NQM19-CME,11136583,2019-04-25 15:16:45.011000+00:00,7822.5,{'stop_loss_price': 7822.5}
INVALID_RISK_UNIT,risk_unit == 0 or non-finite,NQM19-CME,11136584,2019-04-25 15:16:45.012000+00:00,7822.5,{'stop_loss_price': 7822.5}
INVALID_RISK_UNIT,risk_unit == 0 or non-finite,NQM19-CME,11136585,2019-04-25 15:16:45.013000+00:00,7822.5,{'stop_loss_price': 7822.5}
INVALID_RISK_UNIT,risk_unit == 0 or non-finite,NQM19-CME,11136586,2019-04-25 15:16:45.014000+00:00,7822.5,{'stop_loss_price': 7822.5}
INVALID_RISK_UNIT,risk_unit == 0 or non-finite,NQM19-CME,11136587,2019-04-25 15:16:45.015000+00:00,7822.5,{'stop_loss_price': 7822.5}
INVALID_RISK_UNIT,risk_unit == 0 or non-finite,NQM19-CME,11136588,2019-04-25 15:16:45.016000+00:00,7822.5,{'stop_loss_price': 7822.5}
INVALID_RISK_UNIT,risk_unit == 0 or non-finite,NQM19-CME,11136589,2019-04-25 15:16:45.017000+00:00,7822.5,{'stop_loss_price': 7822.5}
INVALID_RISK_UNIT,risk_unit == 0 or non-finite,NQM19-CME,11136590,2019-04-25 15:16:46+00:00,7822.5,{'stop_loss_price': 7822.5}
INVALID_RISK_UNIT,risk_unit == 0 or non-finite,NQM19-CME,11136591,2019-04-25 15:16:46.001000+00:00,7822.5,{'stop_loss_price': 7822.5}
INVALID_RISK_UNIT,risk_unit == 0 or non-finite,NQM19-CME,11136592,2019-04-25 15:16:46.002000+00:00,7822.5,{'stop_loss_price': 7822.5}
INVALID_RISK_UNIT,risk_unit == 0 or non-finite,NQM19-CME,11136593,2019-04-25 15:16:46.003000+00:00,7822.5,{'stop_loss_price': 7822.5}
INVALID_RISK_UNIT,risk_unit == 0 or non-finite,NQM19-CME,11226438,2019-04-25 18:31:24.013000+00:00,7849.0,{'stop_loss_price': 7849.0}
INVALID_RISK_UNIT,risk_unit == 0 or non-finite,NQM19-CME,11226439,2019-04-25 18:31:24.014000+00:00,7849.0,{'stop_loss_price': 7849.0}
INVALID_RISK_UNIT,risk_unit == 0 or non-finite,NQM19-CME,11226440,2019-04-25 18:31:24.015000+00:00,7849.0,{'stop_loss_price': 7849.0}
INVALID_RISK_UNIT,risk_unit == 0 or non-finite,NQM19-CME,11226441,2019-04-25 18:31:24.016000+00:00,7849.0,{'stop_loss_price': 7849.0}
INVALID_RISK_UNIT,risk_unit == 0 or non-finite,NQM19-CME,11226442,2019-04-25 18:31:24.017000+00:00,7849.0,{'stop_loss_price': 7849.0}
INVALID_RISK_UNIT,risk_unit == 0 or non-finite,NQM19-CME,11226443,2019-04-25 18:31:24.018000+00:00,7849.0,{'stop_loss_price': 7849.0}
INVALID_RISK_UNIT,risk_unit == 0 or non-finite,NQM19-CME,11226444,2019-04-25 18:31:24.019000+00:00,7849.0,{'stop_loss_price': 7849.0}
INVALID_RISK_UNIT,risk_unit == 0 or non-finite,NQM19-CME,11226445,2019-04-25 18:31:24.020000+00:00,7849.0,{'stop_loss_price': 7849.0}
INVALID_RISK_UNIT,risk_unit == 0 or non-finite,NQM19-CME,11226446,2019-04-25 18:31:24.021000+00:00,7849.0,{'stop_loss_price': 7849.0}
INVALID_RISK_UNIT,risk_unit == 0 or non-finite,NQM19-CME,11226447,2019-04-25 18:31:24.022000+00:00,7849.0,{'stop_loss_price': 7849.0}
INVALID_RISK_UNIT,risk_unit == 0 or non-finite,NQM19-CME,11226448,2019-04-25 18:31:24.023000+00:00,7849.0,{'stop_loss_price': 7849.0}
INVALID_RISK_UNIT,risk_unit == 0 or non-finite,NQM19-CME,11226449,2019-04-25 18:31:24.024000+00:00,7849.0,{'stop_loss_price': 7849.0}
INVALID_RISK_UNIT,risk_unit == 0 or non-finite,NQM19-CME,11226450,2019-04-25 18:31:24.025000+00:00,7849.0,{'stop_loss_price': 7849.0}
INVALID_RISK_UNIT,risk_unit == 0 or non-finite,NQM19-CME,11226451,2019-04-25 18:31:24.026000+00:00,7849.0,{'stop_loss_price': 7849.0}
INVALID_RISK_UNIT,risk_unit == 0 or non-finite,NQM19-CME,11226452,2019-04-25 18:31:24.027000+00:00,7849.0,{'stop_loss_price': 7849.0}
INVALID_RISK_UNIT,risk_unit == 0 or non-finite,NQM19-CME,11226453,2019-04-25 18:31:24.028000+00:00,7849.0,{'stop_loss_price': 7849.0}
INVALID_RISK_UNIT,risk_unit == 0 or non-finite,NQM19-CME,11226454,2019-04-25 18:31:24.029000+00:00,7849.0,{'stop_loss_price': 7849.0}
INVALID_RISK_UNIT,risk_unit == 0 or non-finite,NQM19-CME,11226455,2019-04-25 18:31:24.030000+00:00,7849.0,{'stop_loss_price': 7849.0}
INVALID_RISK_UNIT,risk_unit == 0 or non-finite,NQM19-CME,11226456,2019-04-25 18:31:24.031000+00:00,7849.0,{'stop_loss_price': 7849.0}
INVALID_RISK_UNIT,risk_unit == 0 or non-finite,NQM19-CME,11227769,2019-04-25 18:37:14.014000+00:00,7846.25,{'stop_loss_price': 7846.25}
INVALID_RISK_UNIT,risk_unit == 0 or non-finite,NQM19-CME,11227770,2019-04-25 18:37:14.015000+00:00,7846.25,{'stop_loss_price': 7846.25}
INVALID_RISK_UNIT,risk_unit == 0 or non-finite,NQM19-CME,11227771,2019-04-25 18:37:14.016000+00:00,7846.25,{'stop_loss_price': 7846.25}
INVALID_RISK_UNIT,risk_unit == 0 or non-finite,NQM19-CME,11227772,2019-04-25 18:37:14.017000+00:00,7846.25,{'stop_loss_price': 7846.25}
INVALID_RISK_UNIT,risk_unit == 0 or non-finite,NQM19-CME,11227773,2019-04-25 18:37:14.018000+00:00,7846.25,{'stop_loss_price': 7846.25}
INVALID_RISK_UNIT,risk_unit == 0 or non-finite,NQM19-CME,11227774,2019-04-25 18:37:14.019000+00:00,7846.25,{'stop_loss_price': 7846.25}
INVALID_RISK_UNIT,risk_unit == 0 or non-finite,NQM19-CME,11227775,2019-04-25 18:37:14.020000+00:00,7846.25,{'stop_loss_price': 7846.25}
INVALID_RISK_UNIT,risk_unit == 0 or non-finite,NQM19-CME,11227780,2019-04-25 18:37:19+00:00,7846.25,{'stop_loss_price': 7846.25}
INVALID_RISK_UNIT,risk_unit == 0 or non-finite,NQM19-CME,11227781,2019-04-25 18:37:20+00:00,7846.25,{'stop_loss_price': 7846.25}
INVALID_RISK_UNIT,risk_unit == 0 or non-finite,NQM19-CME,11227782,2019-04-25 18:37:20.001000+00:00,7846.25,{'stop_loss_price': 7846.25}
INVALID_RISK_UNIT,risk_unit == 0 or non-finite,NQM19-CME,11227783,2019-04-25 18:37:20.002000+00:00,7846.25,{'stop_loss_price': 7846.25}
INVALID_RISK_UNIT,risk_unit == 0 or non-finite,NQM19-CME,11227784,2019-04-25 18:37:26+00:00,7846.25,{'stop_loss_price': 7846.25}
INVALID_RISK_UNIT,risk_unit == 0 or non-finite,NQM19-CME,11227785,2019-04-25 18:37:26.001000+00:00,7846.25,{'stop_loss_price': 7846.25}
INVALID_RISK_UNIT,risk_unit == 0 or non-finite,NQM19-CME,11227786,2019-04-25 18:37:26.002000+00:00,7846.25,{'stop_loss_price': 7846.25}
INVALID_RISK_UNIT,risk_unit == 0 or non-finite,NQM19-CME,11227787,2019-04-25 18:37:26.003000+00:00,7846.25,{'stop_loss_price': 7846.25}
INVALID_RISK_UNIT,risk_unit == 0 or non-finite,NQM19-CME,11227788,2019-04-25 18:37:28+00:00,7846.25,{'stop_loss_price': 7846.25}
INVALID_RISK_UNIT,risk_unit == 0 or non-finite,NQM19-CME,11227789,2019-04-25 18:37:29+00:00,7846.25,{'stop_loss_price': 7846.25}
INVALID_RISK_UNIT,risk_unit == 0 or non-finite,NQM19-CME,11227790,2019-04-25 18:37:31+00:00,7846.25,{'stop_loss_price': 7846.25}
INVALID_RISK_UNIT,risk_unit == 0 or non-finite,NQM19-CME,11227795,2019-04-25 18:37:33+00:00,7846.25,{'stop_loss_price': 7846.25}
INVALID_RISK_UNIT,risk_unit == 0 or non-finite,NQM19-CME,11227796,2019-04-25 18:37:33.001000+00:00,7846.25,{'stop_loss_price': 7846.25}
INVALID_RISK_UNIT,risk_unit == 0 or non-finite,NQM19-CME,11227797,2019-04-25 18:37:34+00:00,7846.25,{'stop_loss_price': 7846.25}
INVALID_RISK_UNIT,risk_unit == 0 or non-finite,NQM19-CME,11250768,2019-04-25 19:47:30+00:00,7847.75,{'stop_loss_price': 7847.75}
INVALID_RISK_UNIT,risk_unit == 0 or non-finite,NQM19-CME,11250769,2019-04-25 19:47:30.001000+00:00,7847.75,{'stop_loss_price': 7847.75}
INVALID_RISK_UNIT,risk_unit == 0 or non-finite,NQM19-CME,11250804,2019-04-25 19:47:36.016000+00:00,7847.75,{'stop_loss_price': 7847.75}
INVALID_RISK_UNIT,risk_unit == 0 or non-finite,NQM19-CME,11250805,2019-04-25 19:47:36.017000+00:00,7847.75,{'stop_loss_price': 7847.75}
INVALID_RISK_UNIT,risk_unit == 0 or non-finite,NQM19-CME,11250806,2019-04-25 19:47:36.018000+00:00,7847.75,{'stop_loss_price': 7847.75}
INVALID_RISK_UNIT,risk_unit == 0 or non-finite,NQM19-CME,11250807,2019-04-25 19:47:36.019000+00:00,7847.75,{'stop_loss_price': 7847.75}
INVALID_RISK_UNIT,risk_unit == 0 or non-finite,NQM19-CME,11267729,2019-04-25 20:01:24.027000+00:00,7831.0,{'stop_loss_price': 7831.0}
INVALID_RISK_UNIT,risk_unit == 0 or non-finite,NQM19-CME,11295228,2019-04-26 00:03:28+00:00,7795.5,{'stop_loss_price': 7795.5}
INVALID_RISK_UNIT,risk_unit == 0 or non-finite,NQM19-CME,11465516,2019-04-26 14:04:06.001000+00:00,7770.75,{'stop_loss_price': 7770.75}
INVALID_RISK_UNIT,risk_unit == 0 or non-finite,NQM19-CME,11465517,2019-04-26 14:04:06.002000+00:00,7770.75,{'stop_loss_price': 7770.75}
INVALID_RISK_UNIT,risk_unit == 0 or non-finite,NQM19-CME,11465518,2019-04-26 14:04:06.003000+00:00,7770.75,{'stop_loss_price': 7770.75}
INVALID_RISK_UNIT,risk_unit == 0 or non-finite,NQM19-CME,11465519,2019-04-26 14:04:06.004000+00:00,7770.75,{'stop_loss_price': 7770.75}
INVALID_RISK_UNIT,risk_unit == 0 or non-finite,NQM19-CME,11465520,2019-04-26 14:04:06.005000+00:00,7770.75,{'stop_loss_price': 7770.75}
INVALID_RISK_UNIT,risk_unit == 0 or non-finite,NQM19-CME,11465521,2019-04-26 14:04:06.006000+00:00,7770.75,{'stop_loss_price': 7770.75}
INVALID_RISK_UNIT,risk_unit == 0 or non-finite,NQM19-CME,11465522,2019-04-26 14:04:06.007000+00:00,7770.75,{'stop_loss_price': 7770.75}
INVALID_RISK_UNIT,risk_unit == 0 or non-finite,NQM19-CME,11465523,2019-04-26 14:04:06.008000+00:00,7770.75,{'stop_loss_price': 7770.75}
INVALID_RISK_UNIT,risk_unit == 0 or non-finite,NQM19-CME,11465524,2019-04-26 14:04:06.009000+00:00,7770.75,{'stop_loss_price': 7770.75}
INVALID_RISK_UNIT,risk_unit == 0 or non-finite,NQM19-CME,11465525,2019-04-26 14:04:06.010000+00:00,7770.75,{'stop_loss_price': 7770.75}
INVALID_RISK_UNIT,risk_unit == 0 or non-finite,NQM19-CME,11465526,2019-04-26 14:04:06.011000+00:00,7770.75,{'stop_loss_price': 7770.75}
INVALID_RISK_UNIT,risk_unit == 0 or non-finite,NQM19-CME,11465527,2019-04-26 14:04:06.012000+00:00,7770.75,{'stop_loss_price': 7770.75}
INVALID_RISK_UNIT,risk_unit == 0 or non-finite,NQM19-CME,11465540,2019-04-26 14:04:06.025000+00:00,7770.75,{'stop_loss_price': 7770.75}
INVALID_RISK_UNIT,risk_unit == 0 or non-finite,NQM19-CME,11472662,2019-04-26 14:07:35.015000+00:00,7778.0,{'stop_loss_price': 7778.0}
INVALID_RISK_UNIT,risk_unit == 0 or non-finite,NQM19-CME,11472663,2019-04-26 14:07:35.016000+00:00,7778.0,{'stop_loss_price': 7778.0}
INVALID_RISK_UNIT,risk_unit == 0 or non-finite,NQM19-CME,11472664,2019-04-26 14:07:35.017000+00:00,7778.0,{'stop_loss_price': 7778.0}
INVALID_RISK_UNIT,risk_unit == 0 or non-finite,NQM19-CME,11472665,2019-04-26 14:07:35.018000+00:00,7778.0,{'stop_loss_price': 7778.0}
INVALID_RISK_UNIT,risk_unit == 0 or non-finite,NQM19-CME,11555397,2019-04-26 15:40:20+00:00,7811.5,{'stop_loss_price': 7811.5}
INVALID_RISK_UNIT,risk_unit == 0 or non-finite,NQM19-CME,11590719,2019-04-26 17:05:23.001000+00:00,7803.0,{'stop_loss_price': 7803.0}
INVALID_RISK_UNIT,risk_unit == 0 or non-finite,NQM19-CME,11590720,2019-04-26 17:05:23.002000+00:00,7803.0,{'stop_loss_price': 7803.0}
INVALID_RISK_UNIT,risk_unit == 0 or non-finite,NQM19-CME,11590721,2019-04-26 17:05:23.003000+00:00,7803.0,{'stop_loss_price': 7803.0}
INVALID_RISK_UNIT,risk_unit == 0 or non-finite,NQM19-CME,11654672,2019-04-26 19:49:15.003000+00:00,7830.25,{'stop_loss_price': 7830.25}
INVALID_RISK_UNIT,risk_unit == 0 or non-finite,NQM19-CME,11654673,2019-04-26 19:49:15.004000+00:00,7830.25,{'stop_loss_price': 7830.25}
INVALID_RISK_UNIT,risk_unit == 0 or non-finite,NQM19-CME,11654674,2019-04-26 19:49:15.005000+00:00,7830.25,{'stop_loss_price': 7830.25}
INVALID_RISK_UNIT,risk_unit == 0 or non-finite,NQM19-CME,11654675,2019-04-26 19:49:15.006000+00:00,7830.25,{'stop_loss_price': 7830.25}
INVALID_RISK_UNIT,risk_unit == 0 or non-finite,NQM19-CME,11654676,2019-04-26 19:49:15.007000+00:00,7830.25,{'stop_loss_price': 7830.25}
INVALID_RISK_UNIT,risk_unit == 0 or non-finite,NQM19-CME,11654677,2019-04-26 19:49:15.008000+00:00,7830.25,{'stop_loss_price': 7830.25}
INVALID_RISK_UNIT,risk_unit == 0 or non-finite,NQM19-CME,11654678,2019-04-26 19:49:15.009000+00:00,7830.25,{'stop_loss_price': 7830.25}
INVALID_RISK_UNIT,risk_unit == 0 or non-finite,NQM19-CME,11654682,2019-04-26 19:49:17+00:00,7830.25,{'stop_loss_price': 7830.25}
INVALID_RISK_UNIT,risk_unit == 0 or non-finite,NQM19-CME,11654683,2019-04-26 19:49:17.001000+00:00,7830.25,{'stop_loss_price': 7830.25}
INVALID_RISK_UNIT,risk_unit == 0 or non-finite,NQM19-CME,11654684,2019-04-26 19:49:17.002000+00:00,7830.25,{'stop_loss_price': 7830.25}
INVALID_RISK_UNIT,risk_unit == 0 or non-finite,NQM19-CME,11654685,2019-04-26 19:49:17.003000+00:00,7830.25,{'stop_loss_price': 7830.25}
INVALID_RISK_UNIT,risk_unit == 0 or non-finite,NQM19-CME,11654686,2019-04-26 19:49:17.004000+00:00,7830.25,{'stop_loss_price': 7830.25}
INVALID_RISK_UNIT,risk_unit == 0 or non-finite,NQM19-CME,11654687,2019-04-26 19:49:17.005000+00:00,7830.25,{'stop_loss_price': 7830.25}
INVALID_RISK_UNIT,risk_unit == 0 or non-finite,NQM19-CME,11702751,2019-04-29 09:25:33.008000+00:00,7839.5,{'stop_loss_price': 7839.5}
INVALID_RISK_UNIT,risk_unit == 0 or non-finite,NQM19-CME,11705715,2019-04-29 10:13:20.016000+00:00,7840.75,{'stop_loss_price': 7840.75}
INVALID_RISK_UNIT,risk_unit == 0 or non-finite,NQM19-CME,11758278,2019-04-29 13:51:24.014000+00:00,7833.5,{'stop_loss_price': 7833.5}
INVALID_RISK_UNIT,risk_unit == 0 or non-finite,NQM19-CME,11758279,2019-04-29 13:51:24.015000+00:00,7833.5,{'stop_loss_price': 7833.5}
INVALID_RISK_UNIT,risk_unit == 0 or non-finite,NQM19-CME,11758280,2019-04-29 13:51:24.016000+00:00,7833.5,{'stop_loss_price': 7833.5}
INVALID_RISK_UNIT,risk_unit == 0 or non-finite,NQM19-CME,11758281,2019-04-29 13:51:24.017000+00:00,7833.5,{'stop_loss_price': 7833.5}
INVALID_RISK_UNIT,risk_unit == 0 or non-finite,NQM19-CME,11758282,2019-04-29 13:51:24.018000+00:00,7833.5,{'stop_loss_price': 7833.5}
INVALID_RISK_UNIT,risk_unit == 0 or non-finite,NQM19-CME,11758283,2019-04-29 13:51:24.019000+00:00,7833.5,{'stop_loss_price': 7833.5}
INVALID_RISK_UNIT,risk_unit == 0 or non-finite,NQM19-CME,11758284,2019-04-29 13:51:24.020000+00:00,7833.5,{'stop_loss_price': 7833.5}
INVALID_RISK_UNIT,risk_unit == 0 or non-finite,NQM19-CME,11758285,2019-04-29 13:51:24.021000+00:00,7833.5,{'stop_loss_price': 7833.5}
INVALID_RISK_UNIT,risk_unit == 0 or non-finite,NQM19-CME,11758286,2019-04-29 13:51:24.022000+00:00,7833.5,{'stop_loss_price': 7833.5}
INVALID_RISK_UNIT,risk_unit == 0 or non-finite,NQM19-CME,11758287,2019-04-29 13:51:24.023000+00:00,7833.5,{'stop_loss_price': 7833.5}
INVALID_RISK_UNIT,risk_unit == 0 or non-finite,NQM19-CME,11758288,2019-04-29 13:51:24.024000+00:00,7833.5,{'stop_loss_price': 7833.5}
INVALID_RISK_UNIT,risk_unit == 0 or non-finite,NQM19-CME,11758289,2019-04-29 13:51:24.025000+00:00,7833.5,{'stop_loss_price': 7833.5}
INVALID_RISK_UNIT,risk_unit == 0 or non-finite,NQM19-CME,11758290,2019-04-29 13:51:24.026000+00:00,7833.5,{'stop_loss_price': 7833.5}
INVALID_RISK_UNIT,risk_unit == 0 or non-finite,NQM19-CME,11758291,2019-04-29 13:51:24.027000+00:00,7833.5,{'stop_loss_price': 7833.5}
INVALID_RISK_UNIT,risk_unit == 0 or non-finite,NQM19-CME,11758292,2019-04-29 13:51:24.028000+00:00,7833.5,{'stop_loss_price': 7833.5}
INVALID_RISK_UNIT,risk_unit == 0 or non-finite,NQM19-CME,11758293,2019-04-29 13:51:24.029000+00:00,7833.5,{'stop_loss_price': 7833.5}
INVALID_RISK_UNIT,risk_unit == 0 or non-finite,NQM19-CME,11758294,2019-04-29 13:51:24.030000+00:00,7833.5,{'stop_loss_price': 7833.5}
INVALID_RISK_UNIT,risk_unit == 0 or non-finite,NQM19-CME,11758295,2019-04-29 13:51:24.031000+00:00,7833.5,{'stop_loss_price': 7833.5}
INVALID_RISK_UNIT,risk_unit == 0 or non-finite,NQM19-CME,11758302,2019-04-29 13:51:24.038000+00:00,7833.5,{'stop_loss_price': 7833.5}
INVALID_RISK_UNIT,risk_unit == 0 or non-finite,NQM19-CME,11758303,2019-04-29 13:51:24.039000+00:00,7833.5,{'stop_loss_price': 7833.5}
INVALID_RISK_UNIT,risk_unit == 0 or non-finite,NQM19-CME,11770893,2019-04-29 14:02:19.018000+00:00,7836.0,{'stop_loss_price': 7836.0}
INVALID_RISK_UNIT,risk_unit == 0 or non-finite,NQM19-CME,11779968,2019-04-29 14:08:51.017000+00:00,7829.0,{'stop_loss_price': 7829.0}
INVALID_RISK_UNIT,risk_unit == 0 or non-finite,NQM19-CME,11811474,2019-04-29 14:50:05.016000+00:00,7858.0,{'stop_loss_price': 7858.0}
INVALID_RISK_UNIT,risk_unit == 0 or non-finite,NQM19-CME,11811475,2019-04-29 14:50:05.017000+00:00,7858.0,{'stop_loss_price': 7858.0}
INVALID_RISK_UNIT,risk_unit == 0 or non-finite,NQM19-CME,11811476,2019-04-29 14:50:05.018000+00:00,7858.0,{'stop_loss_price': 7858.0}
INVALID_RISK_UNIT,risk_unit == 0 or non-finite,NQM19-CME,11811483,2019-04-29 14:50:06.006000+00:00,7858.0,{'stop_loss_price': 7858.0}
INVALID_RISK_UNIT,risk_unit == 0 or non-finite,NQM19-CME,11839677,2019-04-29 15:49:54.006000+00:00,7844.25,{'stop_loss_price': 7844.25}
INVALID_RISK_UNIT,risk_unit == 0 or non-finite,NQM19-CME,11839678,2019-04-29 15:49:54.007000+00:00,7844.25,{'stop_loss_price': 7844.25}
INVALID_RISK_UNIT,risk_unit == 0 or non-finite,NQM19-CME,11839683,2019-04-29 15:49:55.003000+00:00,7844.25,{'stop_loss_price': 7844.25}
INVALID_RISK_UNIT,risk_unit == 0 or non-finite,NQM19-CME,11839684,2019-04-29 15:49:55.004000+00:00,7844.25,{'stop_loss_price': 7844.25}
INVALID_RISK_UNIT,risk_unit == 0 or non-finite,NQM19-CME,11839685,2019-04-29 15:49:55.005000+00:00,7844.25,{'stop_loss_price': 7844.25}
INVALID_RISK_UNIT,risk_unit == 0 or non-finite,NQM19-CME,11839686,2019-04-29 15:49:55.006000+00:00,7844.25,{'stop_loss_price': 7844.25}
INVALID_RISK_UNIT,risk_unit == 0 or non-finite,NQM19-CME,11839687,2019-04-29 15:49:55.007000+00:00,7844.25,{'stop_loss_price': 7844.25}
INVALID_RISK_UNIT,risk_unit == 0 or non-finite,NQM19-CME,11854302,2019-04-29 16:37:40.002000+00:00,7852.5,{'stop_loss_price': 7852.5}
INVALID_RISK_UNIT,risk_unit == 0 or non-finite,NQM19-CME,11854303,2019-04-29 16:37:40.003000+00:00,7852.5,{'stop_loss_price': 7852.5}
INVALID_RISK_UNIT,risk_unit == 0 or non-finite,NQM19-CME,11854304,2019-04-29 16:37:40.004000+00:00,7852.5,{'stop_loss_price': 7852.5}
INVALID_RISK_UNIT,risk_unit == 0 or non-finite,NQM19-CME,11879734,2019-04-29 18:09:53+00:00,7860.75,{'stop_loss_price': 7860.75}
INVALID_RISK_UNIT,risk_unit == 0 or non-finite,NQM19-CME,11882011,2019-04-29 18:18:24.001000+00:00,7863.5,{'stop_loss_price': 7863.5}
INVALID_RISK_UNIT,risk_unit == 0 or non-finite,NQM19-CME,11882012,2019-04-29 18:18:24.002000+00:00,7863.5,{'stop_loss_price': 7863.5}
INVALID_RISK_UNIT,risk_unit == 0 or non-finite,NQM19-CME,11882013,2019-04-29 18:18:24.003000+00:00,7863.5,{'stop_loss_price': 7863.5}
INVALID_RISK_UNIT,risk_unit == 0 or non-finite,NQM19-CME,11882014,2019-04-29 18:18:24.004000+00:00,7863.5,{'stop_loss_price': 7863.5}
INVALID_RISK_UNIT,risk_unit == 0 or non-finite,NQM19-CME,11882016,2019-04-29 18:18:24.006000+00:00,7863.5,{'stop_loss_price': 7863.5}
INVALID_RISK_UNIT,risk_unit == 0 or non-finite,NQM19-CME,11926106,2019-04-29 20:04:07.119000+00:00,7840.75,{'stop_loss_price': 7840.75}
INVALID_RISK_UNIT,risk_unit == 0 or non-finite,NQM19-CME,11926107,2019-04-29 20:04:07.120000+00:00,7840.75,{'stop_loss_price': 7840.75}
INVALID_RISK_UNIT,risk_unit == 0 or non-finite,NQM19-CME,11938601,2019-04-29 20:36:48.013000+00:00,7810.0,{'stop_loss_price': 7810.0}
INVALID_RISK_UNIT,risk_unit == 0 or non-finite,NQM19-CME,11938602,2019-04-29 20:36:48.014000+00:00,7810.0,{'stop_loss_price': 7810.0}
INVALID_RISK_UNIT,risk_unit == 0 or non-finite,NQM19-CME,11938607,2019-04-29 20:36:48.019000+00:00,7810.0,{'stop_loss_price': 7810.0}
INVALID_RISK_UNIT,risk_unit == 0 or non-finite,NQM19-CME,11938608,2019-04-29 20:36:48.020000+00:00,7810.0,{'stop_loss_price': 7810.0}
INVALID_RISK_UNIT,risk_unit == 0 or non-finite,NQM19-CME,11938609,2019-04-29 20:36:48.021000+00:00,7810.0,{'stop_loss_price': 7810.0}
INVALID_RISK_UNIT,risk_unit == 0 or non-finite,NQM19-CME,11938610,2019-04-29 20:36:48.022000+00:00,7810.0,{'stop_loss_price': 7810.0}
INVALID_RISK_UNIT,risk_unit == 0 or non-finite,NQM19-CME,11938612,2019-04-29 20:36:48.024000+00:00,7810.0,{'stop_loss_price': 7810.0}
INVALID_RISK_UNIT,risk_unit == 0 or non-finite,NQM19-CME,11963502,2019-04-30 06:04:57+00:00,7794.5,{'stop_loss_price': 7794.5}
INVALID_RISK_UNIT,risk_unit == 0 or non-finite,NQM19-CME,11963503,2019-04-30 06:04:57.001000+00:00,7794.5,{'stop_loss_price': 7794.5}
INVALID_RISK_UNIT,risk_unit == 0 or non-finite,NQM19-CME,11963505,2019-04-30 06:05:02+00:00,7794.5,{'stop_loss_price': 7794.5}
INVALID_RISK_UNIT,risk_unit == 0 or non-finite,NQM19-CME,11974948,2019-04-30 10:04:55+00:00,7806.0,{'stop_loss_price': 7806.0}
INVALID_RISK_UNIT,risk_unit == 0 or non-finite,NQM19-CME,11974949,2019-04-30 10:04:55.001000+00:00,7806.0,{'stop_loss_price': 7806.0}
INVALID_RISK_UNIT,risk_unit == 0 or non-finite,NQM19-CME,11974950,2019-04-30 10:04:55.002000+00:00,7806.0,{'stop_loss_price': 7806.0}
INVALID_RISK_UNIT,risk_unit == 0 or non-finite,NQM19-CME,11974951,2019-04-30 10:04:55.003000+00:00,7806.0,{'stop_loss_price': 7806.0}
INVALID_RISK_UNIT,risk_unit == 0 or non-finite,NQM19-CME,11974952,2019-04-30 10:04:55.004000+00:00,7806.0,{'stop_loss_price': 7806.0}
INVALID_RISK_UNIT,risk_unit == 0 or non-finite,NQM19-CME,12185981,2019-04-30 16:27:11.013000+00:00,7786.25,{'stop_loss_price': 7786.25}
INVALID_RISK_UNIT,risk_unit == 0 or non-finite,NQM19-CME,12185982,2019-04-30 16:27:11.014000+00:00,7786.25,{'stop_loss_price': 7786.25}
INVALID_RISK_UNIT,risk_unit == 0 or non-finite,NQM19-CME,12185983,2019-04-30 16:27:11.015000+00:00,7786.25,{'stop_loss_price': 7786.25}
INVALID_RISK_UNIT,risk_unit == 0 or non-finite,NQM19-CME,12185984,2019-04-30 16:27:11.016000+00:00,7786.25,{'stop_loss_price': 7786.25}
INVALID_RISK_UNIT,risk_unit == 0 or non-finite,NQM19-CME,12185985,2019-04-30 16:27:11.017000+00:00,7786.25,{'stop_loss_price': 7786.25}
INVALID_RISK_UNIT,risk_unit == 0 or non-finite,NQM19-CME,12192518,2019-04-30 16:41:44.047000+00:00,7790.75,{'stop_loss_price': 7790.75}
INVALID_RISK_UNIT,risk_unit == 0 or non-finite,NQM19-CME,12359694,2019-05-01 13:33:50.004000+00:00,7842.5,{'stop_loss_price': 7842.5}
INVALID_RISK_UNIT,risk_unit == 0 or non-finite,NQM19-CME,12397773,2019-05-01 14:02:53.011000+00:00,7843.25,{'stop_loss_price': 7843.25}
INVALID_RISK_UNIT,risk_unit == 0 or non-finite,NQM19-CME,12397774,2019-05-01 14:02:53.012000+00:00,7843.25,{'stop_loss_price': 7843.25}
INVALID_RISK_UNIT,risk_unit == 0 or non-finite,NQM19-CME,12397777,2019-05-01 14:02:53.015000+00:00,7843.25,{'stop_loss_price': 7843.25}
INVALID_RISK_UNIT,risk_unit == 0 or non-finite,NQM19-CME,12397778,2019-05-01 14:02:53.016000+00:00,7843.25,{'stop_loss_price': 7843.25}
INVALID_RISK_UNIT,risk_unit == 0 or non-finite,NQM19-CME,12422522,2019-05-01 14:24:08.008000+00:00,7844.5,{'stop_loss_price': 7844.5}
INVALID_RISK_UNIT,risk_unit == 0 or non-finite,NQM19-CME,12422523,2019-05-01 14:24:08.009000+00:00,7844.5,{'stop_loss_price': 7844.5}
INVALID_RISK_UNIT,risk_unit == 0 or non-finite,NQM19-CME,12422524,2019-05-01 14:24:08.010000+00:00,7844.5,{'stop_loss_price': 7844.5}
INVALID_RISK_UNIT,risk_unit == 0 or non-finite,NQM19-CME,12422525,2019-05-01 14:24:08.011000+00:00,7844.5,{'stop_loss_price': 7844.5}
INVALID_RISK_UNIT,risk_unit == 0 or non-finite,NQM19-CME,12422526,2019-05-01 14:24:08.012000+00:00,7844.5,{'stop_loss_price': 7844.5}
INVALID_RISK_UNIT,risk_unit == 0 or non-finite,NQM19-CME,12422527,2019-05-01 14:24:08.013000+00:00,7844.5,{'stop_loss_price': 7844.5}
INVALID_RISK_UNIT,risk_unit == 0 or non-finite,NQM19-CME,12422528,2019-05-01 14:24:08.014000+00:00,7844.5,{'stop_loss_price': 7844.5}
INVALID_RISK_UNIT,risk_unit == 0 or non-finite,NQM19-CME,12422529,2019-05-01 14:24:08.015000+00:00,7844.5,{'stop_loss_price': 7844.5}
INVALID_RISK_UNIT,risk_unit == 0 or non-finite,NQM19-CME,12422530,2019-05-01 14:24:08.016000+00:00,7844.5,{'stop_loss_price': 7844.5}
INVALID_RISK_UNIT,risk_unit == 0 or non-finite,NQM19-CME,12446011,2019-05-01 14:56:27.003000+00:00,7843.5,{'stop_loss_price': 7843.5}
INVALID_RISK_UNIT,risk_unit == 0 or non-finite,NQM19-CME,12446012,2019-05-01 14:56:27.004000+00:00,7843.5,{'stop_loss_price': 7843.5}
INVALID_RISK_UNIT,risk_unit == 0 or non-finite,NQM19-CME,12446013,2019-05-01 14:56:27.005000+00:00,7843.5,{'stop_loss_price': 7843.5}
INVALID_RISK_UNIT,risk_unit == 0 or non-finite,NQM19-CME,12446014,2019-05-01 14:56:27.006000+00:00,7843.5,{'stop_loss_price': 7843.5}
INVALID_RISK_UNIT,risk_unit == 0 or non-finite,NQM19-CME,12446022,2019-05-01 14:56:29.001000+00:00,7843.5,{'stop_loss_price': 7843.5}
INVALID_RISK_UNIT,risk_unit == 0 or non-finite,NQM19-CME,12446023,2019-05-01 14:56:29.002000+00:00,7843.5,{'stop_loss_price': 7843.5}
INVALID_RISK_UNIT,risk_unit == 0 or non-finite,NQM19-CME,12446024,2019-05-01 14:56:29.003000+00:00,7843.5,{'stop_loss_price': 7843.5}
INVALID_RISK_UNIT,risk_unit == 0 or non-finite,NQM19-CME,12446025,2019-05-01 14:56:29.004000+00:00,7843.5,{'stop_loss_price': 7843.5}
INVALID_RISK_UNIT,risk_unit == 0 or non-finite,NQM19-CME,12446026,2019-05-01 14:56:29.005000+00:00,7843.5,{'stop_loss_price': 7843.5}
INVALID_RISK_UNIT,risk_unit == 0 or non-finite,NQM19-CME,12507753,2019-05-01 16:39:59+00:00,7838.5,{'stop_loss_price': 7838.5}
INVALID_RISK_UNIT,risk_unit == 0 or non-finite,NQM19-CME,12507754,2019-05-01 16:39:59.001000+00:00,7838.5,{'stop_loss_price': 7838.5}
INVALID_RISK_UNIT,risk_unit == 0 or non-finite,NQM19-CME,12507755,2019-05-01 16:39:59.002000+00:00,7838.5,{'stop_loss_price': 7838.5}
INVALID_RISK_UNIT,risk_unit == 0 or non-finite,NQM19-CME,12507756,2019-05-01 16:39:59.003000+00:00,7838.5,{'stop_loss_price': 7838.5}
INVALID_RISK_UNIT,risk_unit == 0 or non-finite,NQM19-CME,12507757,2019-05-01 16:39:59.004000+00:00,7838.5,{'stop_loss_price': 7838.5}
INVALID_RISK_UNIT,risk_unit == 0 or non-finite,NQM19-CME,12507758,2019-05-01 16:39:59.005000+00:00,7838.5,{'stop_loss_price': 7838.5}
INVALID_RISK_UNIT,risk_unit == 0 or non-finite,NQM19-CME,12507759,2019-05-01 16:39:59.006000+00:00,7838.5,{'stop_loss_price': 7838.5}
INVALID_RISK_UNIT,risk_unit == 0 or non-finite,NQM19-CME,12507760,2019-05-01 16:39:59.007000+00:00,7838.5,{'stop_loss_price': 7838.5}
INVALID_RISK_UNIT,risk_unit == 0 or non-finite,NQM19-CME,12507766,2019-05-01 16:39:59.013000+00:00,7838.5,{'stop_loss_price': 7838.5}
INVALID_RISK_UNIT,risk_unit == 0 or non-finite,NQM19-CME,12507767,2019-05-01 16:39:59.014000+00:00,7838.5,{'stop_loss_price': 7838.5}
INVALID_RISK_UNIT,risk_unit == 0 or non-finite,NQM19-CME,12507768,2019-05-01 16:39:59.015000+00:00,7838.5,{'stop_loss_price': 7838.5}
INVALID_RISK_UNIT,risk_unit == 0 or non-finite,NQM19-CME,12507769,2019-05-01 16:39:59.016000+00:00,7838.5,{'stop_loss_price': 7838.5}
INVALID_RISK_UNIT,risk_unit == 0 or non-finite,NQM19-CME,12507770,2019-05-01 16:39:59.017000+00:00,7838.5,{'stop_loss_price': 7838.5}
INVALID_RISK_UNIT,risk_unit == 0 or non-finite,NQM19-CME,12511427,2019-05-01 16:42:17.008000+00:00,7830.25,{'stop_loss_price': 7830.25}
INVALID_RISK_UNIT,risk_unit == 0 or non-finite,NQM19-CME,12511428,2019-05-01 16:42:17.009000+00:00,7830.25,{'stop_loss_price': 7830.25}
INVALID_RISK_UNIT,risk_unit == 0 or non-finite,NQM19-CME,12511429,2019-05-01 16:42:17.010000+00:00,7830.25,{'stop_loss_price': 7830.25}
INVALID_RISK_UNIT,risk_unit == 0 or non-finite,NQM19-CME,12511430,2019-05-01 16:42:17.011000+00:00,7830.25,{'stop_loss_price': 7830.25}
INVALID_RISK_UNIT,risk_unit == 0 or non-finite,NQM19-CME,12511431,2019-05-01 16:42:17.012000+00:00,7830.25,{'stop_loss_price': 7830.25}
INVALID_RISK_UNIT,risk_unit == 0 or non-finite,NQM19-CME,12511432,2019-05-01 16:42:17.013000+00:00,7830.25,{'stop_loss_price': 7830.25}
INVALID_RISK_UNIT,risk_unit == 0 or non-finite,NQM19-CME,12511433,2019-05-01 16:42:17.014000+00:00,7830.25,{'stop_loss_price': 7830.25}
INVALID_RISK_UNIT,risk_unit == 0 or non-finite,NQM19-CME,12511434,2019-05-01 16:42:17.015000+00:00,7830.25,{'stop_loss_price': 7830.25}
INVALID_RISK_UNIT,risk_unit == 0 or non-finite,NQM19-CME,12511435,2019-05-01 16:42:17.016000+00:00,7830.25,{'stop_loss_price': 7830.25}
INVALID_RISK_UNIT,risk_unit == 0 or non-finite,NQM19-CME,12511436,2019-05-01 16:42:17.017000+00:00,7830.25,{'stop_loss_price': 7830.25}
INVALID_RISK_UNIT,risk_unit == 0 or non-finite,NQM19-CME,12511437,2019-05-01 16:42:17.018000+00:00,7830.25,{'stop_loss_price': 7830.25}
INVALID_RISK_UNIT,risk_unit == 0 or non-finite,NQM19-CME,12511438,2019-05-01 16:42:17.019000+00:00,7830.25,{'stop_loss_price': 7830.25}
INVALID_RISK_UNIT,risk_unit == 0 or non-finite,NQM19-CME,12511439,2019-05-01 16:42:17.020000+00:00,7830.25,{'stop_loss_price': 7830.25}
INVALID_RISK_UNIT,risk_unit == 0 or non-finite,NQM19-CME,12511440,2019-05-01 16:42:17.021000+00:00,7830.25,{'stop_loss_price': 7830.25}
INVALID_RISK_UNIT,risk_unit == 0 or non-finite,NQM19-CME,12558296,2019-05-01 18:05:13.006000+00:00,7858.75,{'stop_loss_price': 7858.75}
INVALID_RISK_UNIT,risk_unit == 0 or non-finite,NQM19-CME,12604652,2019-05-01 18:50:35.011000+00:00,7818.0,{'stop_loss_price': 7818.0}
INVALID_RISK_UNIT,risk_unit == 0 or non-finite,NQM19-CME,12629204,2019-05-01 19:10:18.004000+00:00,7825.0,{'stop_loss_price': 7825.0}
INVALID_RISK_UNIT,risk_unit == 0 or non-finite,NQM19-CME,12629205,2019-05-01 19:10:18.005000+00:00,7825.0,{'stop_loss_price': 7825.0}
INVALID_RISK_UNIT,risk_unit == 0 or non-finite,NQM19-CME,12726481,2019-05-02 03:05:56+00:00,7764.25,{'stop_loss_price': 7764.25}
INVALID_RISK_UNIT,risk_unit == 0 or non-finite,NQM19-CME,12726482,2019-05-02 03:05:56.001000+00:00,7764.25,{'stop_loss_price': 7764.25}
INVALID_RISK_UNIT,risk_unit == 0 or non-finite,NQM19-CME,12726483,2019-05-02 03:05:56.002000+00:00,7764.25,{'stop_loss_price': 7764.25}
INVALID_RISK_UNIT,risk_unit == 0 or non-finite,NQM19-CME,12726484,2019-05-02 03:05:57+00:00,7764.25,{'stop_loss_price': 7764.25}
INVALID_RISK_UNIT,risk_unit == 0 or non-finite,NQM19-CME,12726485,2019-05-02 03:05:57.001000+00:00,7764.25,{'stop_loss_price': 7764.25}
INVALID_RISK_UNIT,risk_unit == 0 or non-finite,NQM19-CME,12726486,2019-05-02 03:05:58+00:00,7764.25,{'stop_loss_price': 7764.25}
INVALID_RISK_UNIT,risk_unit == 0 or non-finite,NQM19-CME,12726487,2019-05-02 03:06:01+00:00,7764.25,{'stop_loss_price': 7764.25}
INVALID_RISK_UNIT,risk_unit == 0 or non-finite,NQM19-CME,12726488,2019-05-02 03:06:01.001000+00:00,7764.25,{'stop_loss_price': 7764.25}
INVALID_RISK_UNIT,risk_unit == 0 or non-finite,NQM19-CME,12726489,2019-05-02 03:06:01.002000+00:00,7764.25,{'stop_loss_price': 7764.25}
INVALID_RISK_UNIT,risk_unit == 0 or non-finite,NQM19-CME,12776521,2019-05-02 12:59:12.011000+00:00,7764.25,{'stop_loss_price': 7764.25}
INVALID_RISK_UNIT,risk_unit == 0 or non-finite,NQM19-CME,12776522,2019-05-02 12:59:12.012000+00:00,7764.25,{'stop_loss_price': 7764.25}
INVALID_RISK_UNIT,risk_unit == 0 or non-finite,NQM19-CME,12776523,2019-05-02 12:59:13+00:00,7764.25,{'stop_loss_price': 7764.25}
INVALID_RISK_UNIT,risk_unit == 0 or non-finite,NQM19-CME,12776524,2019-05-02 12:59:13.001000+00:00,7764.25,{'stop_loss_price': 7764.25}
INVALID_RISK_UNIT,risk_unit == 0 or non-finite,NQM19-CME,12776525,2019-05-02 12:59:14+00:00,7764.25,{'stop_loss_price': 7764.25}
INVALID_RISK_UNIT,risk_unit == 0 or non-finite,NQM19-CME,12776526,2019-05-02 12:59:14.001000+00:00,7764.25,{'stop_loss_price': 7764.25}
INVALID_RISK_UNIT,risk_unit == 0 or non-finite,NQM19-CME,12776527,2019-05-02 12:59:14.002000+00:00,7764.25,{'stop_loss_price': 7764.25}
INVALID_RISK_UNIT,risk_unit == 0 or non-finite,NQM19-CME,12776542,2019-05-02 12:59:15.001000+00:00,7764.25,{'stop_loss_price': 7764.25}
INVALID_RISK_UNIT,risk_unit == 0 or non-finite,NQM19-CME,12776543,2019-05-02 12:59:15.002000+00:00,7764.25,{'stop_loss_price': 7764.25}
INVALID_RISK_UNIT,risk_unit == 0 or non-finite,NQM19-CME,12776544,2019-05-02 12:59:15.003000+00:00,7764.25,{'stop_loss_price': 7764.25}
INVALID_RISK_UNIT,risk_unit == 0 or non-finite,NQM19-CME,12845808,2019-05-02 14:06:16.029000+00:00,7796.0,{'stop_loss_price': 7796.0}
INVALID_RISK_UNIT,risk_unit == 0 or non-finite,NQM19-CME,12845809,2019-05-02 14:06:16.030000+00:00,7796.0,{'stop_loss_price': 7796.0}
INVALID_RISK_UNIT,risk_unit == 0 or non-finite,NQM19-CME,12845815,2019-05-02 14:06:17.004000+00:00,7796.0,{'stop_loss_price': 7796.0}
INVALID_RISK_UNIT,risk_unit == 0 or non-finite,NQM19-CME,12845816,2019-05-02 14:06:17.005000+00:00,7796.0,{'stop_loss_price': 7796.0}
INVALID_RISK_UNIT,risk_unit == 0 or non-finite,NQM19-CME,12845817,2019-05-02 14:06:17.006000+00:00,7796.0,{'stop_loss_price': 7796.0}
INVALID_RISK_UNIT,risk_unit == 0 or non-finite,NQM19-CME,12845818,2019-05-02 14:06:17.007000+00:00,7796.0,{'stop_loss_price': 7796.0}
INVALID_RISK_UNIT,risk_unit == 0 or non-finite,NQM19-CME,12845819,2019-05-02 14:06:17.008000+00:00,7796.0,{'stop_loss_price': 7796.0}
INVALID_RISK_UNIT,risk_unit == 0 or non-finite,NQM19-CME,12845820,2019-05-02 14:06:17.009000+00:00,7796.0,{'stop_loss_price': 7796.0}
INVALID_RISK_UNIT,risk_unit == 0 or non-finite,NQM19-CME,12845821,2019-05-02 14:06:17.010000+00:00,7796.0,{'stop_loss_price': 7796.0}
INVALID_RISK_UNIT,risk_unit == 0 or non-finite,NQM19-CME,12845822,2019-05-02 14:06:17.011000+00:00,7796.0,{'stop_loss_price': 7796.0}
INVALID_RISK_UNIT,risk_unit == 0 or non-finite,NQM19-CME,12845823,2019-05-02 14:06:17.012000+00:00,7796.0,{'stop_loss_price': 7796.0}
INVALID_RISK_UNIT,risk_unit == 0 or non-finite,NQM19-CME,12845824,2019-05-02 14:06:17.013000+00:00,7796.0,{'stop_loss_price': 7796.0}
INVALID_RISK_UNIT,risk_unit == 0 or non-finite,NQM19-CME,12845825,2019-05-02 14:06:17.014000+00:00,7796.0,{'stop_loss_price': 7796.0}
INVALID_RISK_UNIT,risk_unit == 0 or non-finite,NQM19-CME,12845826,2019-05-02 14:06:17.015000+00:00,7796.0,{'stop_loss_price': 7796.0}
INVALID_RISK_UNIT,risk_unit == 0 or non-finite,NQM19-CME,12845827,2019-05-02 14:06:17.016000+00:00,7796.0,{'stop_loss_price': 7796.0}
INVALID_RISK_UNIT,risk_unit == 0 or non-finite,NQM19-CME,12845828,2019-05-02 14:06:17.017000+00:00,7796.0,{'stop_loss_price': 7796.0}
INVALID_RISK_UNIT,risk_unit == 0 or non-finite,NQM19-CME,12845829,2019-05-02 14:06:18+00:00,7796.0,{'stop_loss_price': 7796.0}
INVALID_RISK_UNIT,risk_unit == 0 or non-finite,NQM19-CME,12875812,2019-05-02 14:34:38.003000+00:00,7788.25,{'stop_loss_price': 7788.25}
INVALID_RISK_UNIT,risk_unit == 0 or non-finite,NQM19-CME,12875813,2019-05-02 14:34:38.004000+00:00,7788.25,{'stop_loss_price': 7788.25}
INVALID_RISK_UNIT,risk_unit == 0 or non-finite,NQM19-CME,12918091,2019-05-02 15:16:57.004000+00:00,7765.75,{'stop_loss_price': 7765.75}
INVALID_RISK_UNIT,risk_unit == 0 or non-finite,NQM19-CME,12918092,2019-05-02 15:16:58+00:00,7765.75,{'stop_loss_price': 7765.75}
INVALID_RISK_UNIT,risk_unit == 0 or non-finite,NQM19-CME,12918093,2019-05-02 15:16:58.001000+00:00,7765.75,{'stop_loss_price': 7765.75}
INVALID_RISK_UNIT,risk_unit == 0 or non-finite,NQM19-CME,12956754,2019-05-02 15:37:26.009000+00:00,7745.0,{'stop_loss_price': 7745.0}
INVALID_RISK_UNIT,risk_unit == 0 or non-finite,NQM19-CME,12956755,2019-05-02 15:37:26.010000+00:00,7745.0,{'stop_loss_price': 7745.0}
INVALID_RISK_UNIT,risk_unit == 0 or non-finite,NQM19-CME,13050692,2019-05-02 16:38:07.086000+00:00,7718.75,{'stop_loss_price': 7718.75}
INVALID_RISK_UNIT,risk_unit == 0 or non-finite,NQM19-CME,13050693,2019-05-02 16:38:07.087000+00:00,7718.75,{'stop_loss_price': 7718.75}
INVALID_RISK_UNIT,risk_unit == 0 or non-finite,NQM19-CME,13050694,2019-05-02 16:38:07.088000+00:00,7718.75,{'stop_loss_price': 7718.75}
INVALID_RISK_UNIT,risk_unit == 0 or non-finite,NQM19-CME,13050695,2019-05-02 16:38:07.089000+00:00,7718.75,{'stop_loss_price': 7718.75}
INVALID_RISK_UNIT,risk_unit == 0 or non-finite,NQM19-CME,13050696,2019-05-02 16:38:07.090000+00:00,7718.75,{'stop_loss_price': 7718.75}
INVALID_RISK_UNIT,risk_unit == 0 or non-finite,NQM19-CME,13050697,2019-05-02 16:38:07.091000+00:00,7718.75,{'stop_loss_price': 7718.75}
INVALID_RISK_UNIT,risk_unit == 0 or non-finite,NQM19-CME,13050698,2019-05-02 16:38:07.092000+00:00,7718.75,{'stop_loss_price': 7718.75}
INVALID_RISK_UNIT,risk_unit == 0 or non-finite,NQM19-CME,13050701,2019-05-02 16:38:08+00:00,7718.75,{'stop_loss_price': 7718.75}
INVALID_RISK_UNIT,risk_unit == 0 or non-finite,NQM19-CME,13050702,2019-05-02 16:38:08.001000+00:00,7718.75,{'stop_loss_price': 7718.75}
INVALID_RISK_UNIT,risk_unit == 0 or non-finite,NQM19-CME,13050703,2019-05-02 16:38:08.002000+00:00,7718.75,{'stop_loss_price': 7718.75}
INVALID_RISK_UNIT,risk_unit == 0 or non-finite,NQM19-CME,13098810,2019-05-02 17:38:21.027000+00:00,7739.75,{'stop_loss_price': 7739.75}
INVALID_RISK_UNIT,risk_unit == 0 or non-finite,NQM19-CME,13098811,2019-05-02 17:38:22+00:00,7739.75,{'stop_loss_price': 7739.75}
INVALID_RISK_UNIT,risk_unit == 0 or non-finite,NQM19-CME,13098812,2019-05-02 17:38:22.001000+00:00,7739.75,{'stop_loss_price': 7739.75}
INVALID_RISK_UNIT,risk_unit == 0 or non-finite,NQM19-CME,13098813,2019-05-02 17:38:22.002000+00:00,7739.75,{'stop_loss_price': 7739.75}
INVALID_RISK_UNIT,risk_unit == 0 or non-finite,NQM19-CME,13098814,2019-05-02 17:38:22.003000+00:00,7739.75,{'stop_loss_price': 7739.75}
INVALID_RISK_UNIT,risk_unit == 0 or non-finite,NQM19-CME,13167786,2019-05-02 19:20:42+00:00,7735.0,{'stop_loss_price': 7735.0}
INVALID_RISK_UNIT,risk_unit == 0 or non-finite,NQM19-CME,13167787,2019-05-02 19:20:42.001000+00:00,7735.0,{'stop_loss_price': 7735.0}
INVALID_RISK_UNIT,risk_unit == 0 or non-finite,NQM19-CME,13175212,2019-05-02 19:33:05.014000+00:00,7738.5,{'stop_loss_price': 7738.5}
INVALID_RISK_UNIT,risk_unit == 0 or non-finite,NQM19-CME,13175213,2019-05-02 19:33:05.015000+00:00,7738.5,{'stop_loss_price': 7738.5}
INVALID_RISK_UNIT,risk_unit == 0 or non-finite,NQM19-CME,13175214,2019-05-02 19:33:05.016000+00:00,7738.5,{'stop_loss_price': 7738.5}
INVALID_RISK_UNIT,risk_unit == 0 or non-finite,NQM19-CME,13175215,2019-05-02 19:33:05.017000+00:00,7738.5,{'stop_loss_price': 7738.5}
INVALID_RISK_UNIT,risk_unit == 0 or non-finite,NQM19-CME,13175216,2019-05-02 19:33:05.018000+00:00,7738.5,{'stop_loss_price': 7738.5}
INVALID_RISK_UNIT,risk_unit == 0 or non-finite,NQM19-CME,13175217,2019-05-02 19:33:05.019000+00:00,7738.5,{'stop_loss_price': 7738.5}
INVALID_RISK_UNIT,risk_unit == 0 or non-finite,NQM19-CME,13175218,2019-05-02 19:33:06+00:00,7738.5,{'stop_loss_price': 7738.5}
INVALID_RISK_UNIT,risk_unit == 0 or non-finite,NQM19-CME,13175219,2019-05-02 19:33:06.001000+00:00,7738.5,{'stop_loss_price': 7738.5}
INVALID_RISK_UNIT,risk_unit == 0 or non-finite,NQM19-CME,13175220,2019-05-02 19:33:06.002000+00:00,7738.5,{'stop_loss_price': 7738.5}
INVALID_RISK_UNIT,risk_unit == 0 or non-finite,NQM19-CME,13186360,2019-05-02 19:48:54.007000+00:00,7719.5,{'stop_loss_price': 7719.5}
INVALID_RISK_UNIT,risk_unit == 0 or non-finite,NQM19-CME,13186361,2019-05-02 19:48:54.008000+00:00,7719.5,{'stop_loss_price': 7719.5}
INVALID_RISK_UNIT,risk_unit == 0 or non-finite,NQM19-CME,13186362,2019-05-02 19:48:54.009000+00:00,7719.5,{'stop_loss_price': 7719.5}
INVALID_RISK_UNIT,risk_unit == 0 or non-finite,NQM19-CME,13186363,2019-05-02 19:48:54.010000+00:00,7719.5,{'stop_loss_price': 7719.5}
INVALID_RISK_UNIT,risk_unit == 0 or non-finite,NQM19-CME,13191784,2019-05-02 19:54:48.037000+00:00,7731.25,{'stop_loss_price': 7731.25}
INVALID_RISK_UNIT,risk_unit == 0 or non-finite,NQM19-CME,13191785,2019-05-02 19:54:48.038000+00:00,7731.25,{'stop_loss_price': 7731.25}
INVALID_RISK_UNIT,risk_unit == 0 or non-finite,NQM19-CME,13191786,2019-05-02 19:54:49+00:00,7731.25,{'stop_loss_price': 7731.25}
INVALID_RISK_UNIT,risk_unit == 0 or non-finite,NQM19-CME,13191787,2019-05-02 19:54:49.001000+00:00,7731.25,{'stop_loss_price': 7731.25}
INVALID_RISK_UNIT,risk_unit == 0 or non-finite,NQM19-CME,13323001,2019-05-03 13:51:46.016000+00:00,7802.75,{'stop_loss_price': 7802.75}
INVALID_RISK_UNIT,risk_unit == 0 or non-finite,NQM19-CME,13323002,2019-05-03 13:51:46.017000+00:00,7802.75,{'stop_loss_price': 7802.75}
INVALID_RISK_UNIT,risk_unit == 0 or non-finite,NQM19-CME,13323003,2019-05-03 13:51:46.018000+00:00,7802.75,{'stop_loss_price': 7802.75}
INVALID_RISK_UNIT,risk_unit == 0 or non-finite,NQM19-CME,13361720,2019-05-03 14:20:00.054000+00:00,7805.5,{'stop_loss_price': 7805.5}
INVALID_RISK_UNIT,risk_unit == 0 or non-finite,NQM19-CME,13361721,2019-05-03 14:20:00.055000+00:00,7805.5,{'stop_loss_price': 7805.5}
INVALID_RISK_UNIT,risk_unit == 0 or non-finite,NQM19-CME,13361722,2019-05-03 14:20:00.056000+00:00,7805.5,{'stop_loss_price': 7805.5}
INVALID_RISK_UNIT,risk_unit == 0 or non-finite,NQM19-CME,13361723,2019-05-03 14:20:00.057000+00:00,7805.5,{'stop_loss_price': 7805.5}
INVALID_RISK_UNIT,risk_unit == 0 or non-finite,NQM19-CME,13361724,2019-05-03 14:20:00.058000+00:00,7805.5,{'stop_loss_price': 7805.5}
INVALID_RISK_UNIT,risk_unit == 0 or non-finite,NQM19-CME,13370117,2019-05-03 14:29:02.008000+00:00,7809.75,{'stop_loss_price': 7809.75}
INVALID_RISK_UNIT,risk_unit == 0 or non-finite,NQM19-CME,13577403,2019-05-05 23:00:12.012000+00:00,7750.0,{'stop_loss_price': 7750.0}
INVALID_RISK_UNIT,risk_unit == 0 or non-finite,NQM19-CME,13612960,2019-05-06 01:29:09+00:00,7686.0,{'stop_loss_price': 7686.0}
INVALID_RISK_UNIT,risk_unit == 0 or non-finite,NQM19-CME,13625214,2019-05-06 03:10:14+00:00,7693.0,{'stop_loss_price': 7693.0}
INVALID_RISK_UNIT,risk_unit == 0 or non-finite,NQM19-CME,13625215,2019-05-06 03:10:14.001000+00:00,7693.0,{'stop_loss_price': 7693.0}
INVALID_RISK_UNIT,risk_unit == 0 or non-finite,NQM19-CME,13625216,2019-05-06 03:10:14.002000+00:00,7693.0,{'stop_loss_price': 7693.0}
INVALID_RISK_UNIT,risk_unit == 0 or non-finite,NQM19-CME,13625221,2019-05-06 03:10:23+00:00,7693.0,{'stop_loss_price': 7693.0}
INVALID_RISK_UNIT,risk_unit == 0 or non-finite,NQM19-CME,13636218,2019-05-06 04:59:59+00:00,7719.5,{'stop_loss_price': 7719.5}
INVALID_RISK_UNIT,risk_unit == 0 or non-finite,NQM19-CME,13639239,2019-05-06 05:10:54.005000+00:00,7715.5,{'stop_loss_price': 7715.5}
INVALID_RISK_UNIT,risk_unit == 0 or non-finite,NQM19-CME,13639240,2019-05-06 05:10:54.006000+00:00,7715.5,{'stop_loss_price': 7715.5}
INVALID_RISK_UNIT,risk_unit == 0 or non-finite,NQM19-CME,13639241,2019-05-06 05:10:54.007000+00:00,7715.5,{'stop_loss_price': 7715.5}
INVALID_RISK_UNIT,risk_unit == 0 or non-finite,NQM19-CME,13639242,2019-05-06 05:10:54.008000+00:00,7715.5,{'stop_loss_price': 7715.5}
INVALID_RISK_UNIT,risk_unit == 0 or non-finite,NQM19-CME,13658419,2019-05-06 07:21:57.003000+00:00,7717.75,{'stop_loss_price': 7717.75}
INVALID_RISK_UNIT,risk_unit == 0 or non-finite,NQM19-CME,13686552,2019-05-06 10:00:42.004000+00:00,7692.5,{'stop_loss_price': 7692.5}
INVALID_RISK_UNIT,risk_unit == 0 or non-finite,NQM19-CME,13715859,2019-05-06 12:47:21+00:00,7709.5,{'stop_loss_price': 7709.5}
INVALID_RISK_UNIT,risk_unit == 0 or non-finite,NQM19-CME,13715860,2019-05-06 12:47:21.001000+00:00,7709.5,{'stop_loss_price': 7709.5}
INVALID_RISK_UNIT,risk_unit == 0 or non-finite,NQM19-CME,13715861,2019-05-06 12:47:21.002000+00:00,7709.5,{'stop_loss_price': 7709.5}
INVALID_RISK_UNIT,risk_unit == 0 or non-finite,NQM19-CME,13715862,2019-05-06 12:47:21.003000+00:00,7709.5,{'stop_loss_price': 7709.5}
INVALID_RISK_UNIT,risk_unit == 0 or non-finite,NQM19-CME,13715863,2019-05-06 12:47:21.004000+00:00,7709.5,{'stop_loss_price': 7709.5}
INVALID_RISK_UNIT,risk_unit == 0 or non-finite,NQM19-CME,13715864,2019-05-06 12:47:21.005000+00:00,7709.5,{'stop_loss_price': 7709.5}
INVALID_RISK_UNIT,risk_unit == 0 or non-finite,NQM19-CME,13904662,2019-05-06 15:27:59+00:00,7783.75,{'stop_loss_price': 7783.75}
INVALID_RISK_UNIT,risk_unit == 0 or non-finite,NQM19-CME,13904663,2019-05-06 15:27:59.001000+00:00,7783.75,{'stop_loss_price': 7783.75}
INVALID_RISK_UNIT,risk_unit == 0 or non-finite,NQM19-CME,13904666,2019-05-06 15:27:59.004000+00:00,7783.75,{'stop_loss_price': 7783.75}
INVALID_RISK_UNIT,risk_unit == 0 or non-finite,NQM19-CME,13904667,2019-05-06 15:27:59.005000+00:00,7783.75,{'stop_loss_price': 7783.75}
INVALID_RISK_UNIT,risk_unit == 0 or non-finite,NQM19-CME,13904668,2019-05-06 15:27:59.006000+00:00,7783.75,{'stop_loss_price': 7783.75}
INVALID_RISK_UNIT,risk_unit == 0 or non-finite,NQM19-CME,13904669,2019-05-06 15:27:59.007000+00:00,7783.75,{'stop_loss_price': 7783.75}
INVALID_RISK_UNIT,risk_unit == 0 or non-finite,NQM19-CME,13904670,2019-05-06 15:27:59.008000+00:00,7783.75,{'stop_loss_price': 7783.75}
INVALID_RISK_UNIT,risk_unit == 0 or non-finite,NQM19-CME,13904671,2019-05-06 15:27:59.009000+00:00,7783.75,{'stop_loss_price': 7783.75}
INVALID_RISK_UNIT,risk_unit == 0 or non-finite,NQM19-CME,13904672,2019-05-06 15:27:59.010000+00:00,7783.75,{'stop_loss_price': 7783.75}
INVALID_RISK_UNIT,risk_unit == 0 or non-finite,NQM19-CME,14108341,2019-05-07 00:55:00+00:00,7750.25,{'stop_loss_price': 7750.25}
INVALID_RISK_UNIT,risk_unit == 0 or non-finite,NQM19-CME,14123776,2019-05-07 04:07:32.004000+00:00,7746.25,{'stop_loss_price': 7746.25}
INVALID_RISK_UNIT,risk_unit == 0 or non-finite,NQM19-CME,14123777,2019-05-07 04:07:32.005000+00:00,7746.25,{'stop_loss_price': 7746.25}
INVALID_RISK_UNIT,risk_unit == 0 or non-finite,NQM19-CME,14124381,2019-05-07 04:18:30+00:00,7748.5,{'stop_loss_price': 7748.5}
INVALID_RISK_UNIT,risk_unit == 0 or non-finite,NQM19-CME,14192716,2019-05-07 13:00:39+00:00,7736.75,{'stop_loss_price': 7736.75}
INVALID_RISK_UNIT,risk_unit == 0 or non-finite,NQM19-CME,14192717,2019-05-07 13:00:39.001000+00:00,7736.75,{'stop_loss_price': 7736.75}
INVALID_RISK_UNIT,risk_unit == 0 or non-finite,NQM19-CME,14276022,2019-05-07 13:51:49.080000+00:00,7698.5,{'stop_loss_price': 7698.5}
INVALID_RISK_UNIT,risk_unit == 0 or non-finite,NQM19-CME,14276023,2019-05-07 13:51:49.081000+00:00,7698.5,{'stop_loss_price': 7698.5}
INVALID_RISK_UNIT,risk_unit == 0 or non-finite,NQM19-CME,14276025,2019-05-07 13:51:50.001000+00:00,7698.5,{'stop_loss_price': 7698.5}
INVALID_RISK_UNIT,risk_unit == 0 or non-finite,NQM19-CME,14426939,2019-05-07 15:06:11.014000+00:00,7650.0,{'stop_loss_price': 7650.0}
INVALID_RISK_UNIT,risk_unit == 0 or non-finite,NQM19-CME,14426940,2019-05-07 15:06:11.015000+00:00,7650.0,{'stop_loss_price': 7650.0}
INVALID_RISK_UNIT,risk_unit == 0 or non-finite,NQM19-CME,14426941,2019-05-07 15:06:11.016000+00:00,7650.0,{'stop_loss_price': 7650.0}
INVALID_RISK_UNIT,risk_unit == 0 or non-finite,NQM19-CME,14426942,2019-05-07 15:06:11.017000+00:00,7650.0,{'stop_loss_price': 7650.0}
INVALID_RISK_UNIT,risk_unit == 0 or non-finite,NQM19-CME,14426943,2019-05-07 15:06:11.018000+00:00,7650.0,{'stop_loss_price': 7650.0}
INVALID_RISK_UNIT,risk_unit == 0 or non-finite,NQM19-CME,14426944,2019-05-07 15:06:11.019000+00:00,7650.0,{'stop_loss_price': 7650.0}
INVALID_RISK_UNIT,risk_unit == 0 or non-finite,NQM19-CME,14426945,2019-05-07 15:06:11.020000+00:00,7650.0,{'stop_loss_price': 7650.0}
INVALID_RISK_UNIT,risk_unit == 0 or non-finite,NQM19-CME,14441212,2019-05-07 15:15:46.012000+00:00,7675.5,{'stop_loss_price': 7675.5}
INVALID_RISK_UNIT,risk_unit == 0 or non-finite,NQM19-CME,14441213,2019-05-07 15:15:46.013000+00:00,7675.5,{'stop_loss_price': 7675.5}
INVALID_RISK_UNIT,risk_unit == 0 or non-finite,NQM19-CME,14441214,2019-05-07 15:15:46.014000+00:00,7675.5,{'stop_loss_price': 7675.5}
INVALID_RISK_UNIT,risk_unit == 0 or non-finite,NQM19-CME,14441215,2019-05-07 15:15:46.015000+00:00,7675.5,{'stop_loss_price': 7675.5}
INVALID_RISK_UNIT,risk_unit == 0 or non-finite,NQM19-CME,14441216,2019-05-07 15:15:46.016000+00:00,7675.5,{'stop_loss_price': 7675.5}
INVALID_RISK_UNIT,risk_unit == 0 or non-finite,NQM19-CME,14441217,2019-05-07 15:15:46.017000+00:00,7675.5,{'stop_loss_price': 7675.5}
INVALID_RISK_UNIT,risk_unit == 0 or non-finite,NQM19-CME,14441218,2019-05-07 15:15:46.018000+00:00,7675.5,{'stop_loss_price': 7675.5}
INVALID_RISK_UNIT,risk_unit == 0 or non-finite,NQM19-CME,14441219,2019-05-07 15:15:46.019000+00:00,7675.5,{'stop_loss_price': 7675.5}
INVALID_RISK_UNIT,risk_unit == 0 or non-finite,NQM19-CME,14441223,2019-05-07 15:15:46.023000+00:00,7675.5,{'stop_loss_price': 7675.5}
INVALID_RISK_UNIT,risk_unit == 0 or non-finite,NQM19-CME,14510201,2019-05-07 16:00:54.002000+00:00,7652.75,{'stop_loss_price': 7652.75}
INVALID_RISK_UNIT,risk_unit == 0 or non-finite,NQM19-CME,14510202,2019-05-07 16:00:54.003000+00:00,7652.75,{'stop_loss_price': 7652.75}
INVALID_RISK_UNIT,risk_unit == 0 or non-finite,NQM19-CME,14510203,2019-05-07 16:00:54.004000+00:00,7652.75,{'stop_loss_price': 7652.75}
INVALID_RISK_UNIT,risk_unit == 0 or non-finite,NQM19-CME,14610279,2019-05-07 17:40:40.002000+00:00,7620.25,{'stop_loss_price': 7620.25}
INVALID_RISK_UNIT,risk_unit == 0 or non-finite,NQM19-CME,14610280,2019-05-07 17:40:40.003000+00:00,7620.25,{'stop_loss_price': 7620.25}
INVALID_RISK_UNIT,risk_unit == 0 or non-finite,NQM19-CME,14610281,2019-05-07 17:40:40.004000+00:00,7620.25,{'stop_loss_price': 7620.25}
INVALID_RISK_UNIT,risk_unit == 0 or non-finite,NQM19-CME,14610282,2019-05-07 17:40:40.005000+00:00,7620.25,{'stop_loss_price': 7620.25}
INVALID_RISK_UNIT,risk_unit == 0 or non-finite,NQM19-CME,14610283,2019-05-07 17:40:40.006000+00:00,7620.25,{'stop_loss_price': 7620.25}
INVALID_RISK_UNIT,risk_unit == 0 or non-finite,NQM19-CME,14617471,2019-05-07 17:45:53.004000+00:00,7616.0,{'stop_loss_price': 7616.0}
INVALID_RISK_UNIT,risk_unit == 0 or non-finite,NQM19-CME,14617472,2019-05-07 17:45:53.005000+00:00,7616.0,{'stop_loss_price': 7616.0}
INVALID_RISK_UNIT,risk_unit == 0 or non-finite,NQM19-CME,14650638,2019-05-07 18:17:42.005000+00:00,7620.75,{'stop_loss_price': 7620.75}
INVALID_RISK_UNIT,risk_unit == 0 or non-finite,NQM19-CME,14662692,2019-05-07 18:28:58.001000+00:00,7612.5,{'stop_loss_price': 7612.5}
INVALID_RISK_UNIT,risk_unit == 0 or non-finite,NQM19-CME,14691609,2019-05-07 18:49:58.004000+00:00,7590.25,{'stop_loss_price': 7590.25}
INVALID_RISK_UNIT,risk_unit == 0 or non-finite,NQM19-CME,14691610,2019-05-07 18:49:58.005000+00:00,7590.25,{'stop_loss_price': 7590.25}
INVALID_RISK_UNIT,risk_unit == 0 or non-finite,NQM19-CME,14691611,2019-05-07 18:49:58.006000+00:00,7590.25,{'stop_loss_price': 7590.25}
INVALID_RISK_UNIT,risk_unit == 0 or non-finite,NQM19-CME,14691612,2019-05-07 18:49:58.007000+00:00,7590.25,{'stop_loss_price': 7590.25}
INVALID_RISK_UNIT,risk_unit == 0 or non-finite,NQM19-CME,14691613,2019-05-07 18:49:58.008000+00:00,7590.25,{'stop_loss_price': 7590.25}
INVALID_RISK_UNIT,risk_unit == 0 or non-finite,NQM19-CME,14691614,2019-05-07 18:49:58.009000+00:00,7590.25,{'stop_loss_price': 7590.25}
INVALID_RISK_UNIT,risk_unit == 0 or non-finite,NQM19-CME,14691615,2019-05-07 18:49:58.010000+00:00,7590.25,{'stop_loss_price': 7590.25}
INVALID_RISK_UNIT,risk_unit == 0 or non-finite,NQM19-CME,14696554,2019-05-07 18:53:58.001000+00:00,7600.75,{'stop_loss_price': 7600.75}
INVALID_RISK_UNIT,risk_unit == 0 or non-finite,NQM19-CME,14710714,2019-05-07 19:07:50.005000+00:00,7596.75,{'stop_loss_price': 7596.75}
INVALID_RISK_UNIT,risk_unit == 0 or non-finite,NQM19-CME,14710715,2019-05-07 19:07:50.006000+00:00,7596.75,{'stop_loss_price': 7596.75}
INVALID_RISK_UNIT,risk_unit == 0 or non-finite,NQM19-CME,14710716,2019-05-07 19:07:50.007000+00:00,7596.75,{'stop_loss_price': 7596.75}
INVALID_RISK_UNIT,risk_unit == 0 or non-finite,NQM19-CME,14764653,2019-05-07 19:50:29.005000+00:00,7624.5,{'stop_loss_price': 7624.5}
INVALID_RISK_UNIT,risk_unit == 0 or non-finite,NQM19-CME,14764654,2019-05-07 19:50:29.006000+00:00,7624.5,{'stop_loss_price': 7624.5}
INVALID_RISK_UNIT,risk_unit == 0 or non-finite,NQM19-CME,14764655,2019-05-07 19:50:29.007000+00:00,7624.5,{'stop_loss_price': 7624.5}
INVALID_RISK_UNIT,risk_unit == 0 or non-finite,NQM19-CME,14764656,2019-05-07 19:50:29.008000+00:00,7624.5,{'stop_loss_price': 7624.5}
INVALID_RISK_UNIT,risk_unit == 0 or non-finite,NQM19-CME,14764657,2019-05-07 19:50:29.009000+00:00,7624.5,{'stop_loss_price': 7624.5}
INVALID_RISK_UNIT,risk_unit == 0 or non-finite,NQM19-CME,14789858,2019-05-07 20:00:09.063000+00:00,7657.0,{'stop_loss_price': 7657.0}
INVALID_RISK_UNIT,risk_unit == 0 or non-finite,NQM19-CME,14789859,2019-05-07 20:00:09.064000+00:00,7657.0,{'stop_loss_price': 7657.0}
INVALID_RISK_UNIT,risk_unit == 0 or non-finite,NQM19-CME,14789860,2019-05-07 20:00:09.065000+00:00,7657.0,{'stop_loss_price': 7657.0}
INVALID_RISK_UNIT,risk_unit == 0 or non-finite,NQM19-CME,14789861,2019-05-07 20:00:09.066000+00:00,7657.0,{'stop_loss_price': 7657.0}
INVALID_RISK_UNIT,risk_unit == 0 or non-finite,NQM19-CME,14789883,2019-05-07 20:00:09.088000+00:00,7657.0,{'stop_loss_price': 7657.0}
INVALID_RISK_UNIT,risk_unit == 0 or non-finite,NQM19-CME,14808772,2019-05-07 22:20:00+00:00,7653.75,{'stop_loss_price': 7653.75}
INVALID_RISK_UNIT,risk_unit == 0 or non-finite,NQM19-CME,14808773,2019-05-07 22:20:00.001000+00:00,7653.75,{'stop_loss_price': 7653.75}
INVALID_RISK_UNIT,risk_unit == 0 or non-finite,NQM19-CME,14831401,2019-05-08 03:10:19+00:00,7679.25,{'stop_loss_price': 7679.25}
INVALID_RISK_UNIT,risk_unit == 0 or non-finite,NQM19-CME,14831402,2019-05-08 03:10:19.001000+00:00,7679.25,{'stop_loss_price': 7679.25}
INVALID_RISK_UNIT,risk_unit == 0 or non-finite,NQM19-CME,14831403,2019-05-08 03:10:21+00:00,7679.25,{'stop_loss_price': 7679.25}
INVALID_RISK_UNIT,risk_unit == 0 or non-finite,NQM19-CME,14862167,2019-05-08 09:24:17.003000+00:00,7664.5,{'stop_loss_price': 7664.5}
INVALID_RISK_UNIT,risk_unit == 0 or non-finite,NQM19-CME,14862168,2019-05-08 09:24:18+00:00,7664.5,{'stop_loss_price': 7664.5}
INVALID_RISK_UNIT,risk_unit == 0 or non-finite,NQM19-CME,14883019,2019-05-08 11:13:02+00:00,7615.75,{'stop_loss_price': 7615.75}
INVALID_RISK_UNIT,risk_unit == 0 or non-finite,NQM19-CME,14940780,2019-05-08 13:21:42.005000+00:00,7620.75,{'stop_loss_price': 7620.75}
INVALID_RISK_UNIT,risk_unit == 0 or non-finite,NQM19-CME,14940781,2019-05-08 13:21:42.006000+00:00,7620.75,{'stop_loss_price': 7620.75}
INVALID_RISK_UNIT,risk_unit == 0 or non-finite,NQM19-CME,14940782,2019-05-08 13:21:42.007000+00:00,7620.75,{'stop_loss_price': 7620.75}
INVALID_RISK_UNIT,risk_unit == 0 or non-finite,NQM19-CME,14940783,2019-05-08 13:21:42.008000+00:00,7620.75,{'stop_loss_price': 7620.75}
INVALID_RISK_UNIT,risk_unit == 0 or non-finite,NQM19-CME,14940784,2019-05-08 13:21:42.009000+00:00,7620.75,{'stop_loss_price': 7620.75}
INVALID_RISK_UNIT,risk_unit == 0 or non-finite,NQM19-CME,14940785,2019-05-08 13:21:42.010000+00:00,7620.75,{'stop_loss_price': 7620.75}
INVALID_RISK_UNIT,risk_unit == 0 or non-finite,NQM19-CME,14940786,2019-05-08 13:21:42.011000+00:00,7620.75,{'stop_loss_price': 7620.75}
INVALID_RISK_UNIT,risk_unit == 0 or non-finite,NQM19-CME,14940787,2019-05-08 13:21:43+00:00,7620.75,{'stop_loss_price': 7620.75}
INVALID_RISK_UNIT,risk_unit == 0 or non-finite,NQM19-CME,14940788,2019-05-08 13:21:43.001000+00:00,7620.75,{'stop_loss_price': 7620.75}
INVALID_RISK_UNIT,risk_unit == 0 or non-finite,NQM19-CME,14949110,2019-05-08 13:30:45.231000+00:00,7644.75,{'stop_loss_price': 7644.75}
INVALID_RISK_UNIT,risk_unit == 0 or non-finite,NQM19-CME,14949111,2019-05-08 13:30:45.232000+00:00,7644.75,{'stop_loss_price': 7644.75}
INVALID_RISK_UNIT,risk_unit == 0 or non-finite,NQM19-CME,14949112,2019-05-08 13:30:45.233000+00:00,7644.75,{'stop_loss_price': 7644.75}
INVALID_RISK_UNIT,risk_unit == 0 or non-finite,NQM19-CME,14949113,2019-05-08 13:30:45.234000+00:00,7644.75,{'stop_loss_price': 7644.75}
INVALID_RISK_UNIT,risk_unit == 0 or non-finite,NQM19-CME,14949114,2019-05-08 13:30:45.235000+00:00,7644.75,{'stop_loss_price': 7644.75}
INVALID_RISK_UNIT,risk_unit == 0 or non-finite,NQM19-CME,14967586,2019-05-08 13:34:42.025000+00:00,7621.75,{'stop_loss_price': 7621.75}
INVALID_RISK_UNIT,risk_unit == 0 or non-finite,NQM19-CME,14967587,2019-05-08 13:34:42.026000+00:00,7621.75,{'stop_loss_price': 7621.75}
INVALID_RISK_UNIT,risk_unit == 0 or non-finite,NQM19-CME,14967588,2019-05-08 13:34:42.027000+00:00,7621.75,{'stop_loss_price': 7621.75}
INVALID_RISK_UNIT,risk_unit == 0 or non-finite,NQM19-CME,14967589,2019-05-08 13:34:42.028000+00:00,7621.75,{'stop_loss_price': 7621.75}
INVALID_RISK_UNIT,risk_unit == 0 or non-finite,NQM19-CME,14996342,2019-05-08 13:47:15.080000+00:00,7651.0,{'stop_loss_price': 7651.0}
INVALID_RISK_UNIT,risk_unit == 0 or non-finite,NQM19-CME,14999237,2019-05-08 13:48:24+00:00,7646.75,{'stop_loss_price': 7646.75}
INVALID_RISK_UNIT,risk_unit == 0 or non-finite,NQM19-CME,14999238,2019-05-08 13:48:24.001000+00:00,7646.75,{'stop_loss_price': 7646.75}
INVALID_RISK_UNIT,risk_unit == 0 or non-finite,NQM19-CME,14999239,2019-05-08 13:48:24.002000+00:00,7646.75,{'stop_loss_price': 7646.75}
INVALID_RISK_UNIT,risk_unit == 0 or non-finite,NQM19-CME,14999243,2019-05-08 13:48:24.006000+00:00,7646.75,{'stop_loss_price': 7646.75}
INVALID_RISK_UNIT,risk_unit == 0 or non-finite,NQM19-CME,14999244,2019-05-08 13:48:24.007000+00:00,7646.75,{'stop_loss_price': 7646.75}
INVALID_RISK_UNIT,risk_unit == 0 or non-finite,NQM19-CME,14999245,2019-05-08 13:48:24.008000+00:00,7646.75,{'stop_loss_price': 7646.75}
INVALID_RISK_UNIT,risk_unit == 0 or non-finite,NQM19-CME,14999246,2019-05-08 13:48:24.009000+00:00,7646.75,{'stop_loss_price': 7646.75}
INVALID_RISK_UNIT,risk_unit == 0 or non-finite,NQM19-CME,14999248,2019-05-08 13:48:24.011000+00:00,7646.75,{'stop_loss_price': 7646.75}
INVALID_RISK_UNIT,risk_unit == 0 or non-finite,NQM19-CME,15049793,2019-05-08 14:21:13.007000+00:00,7639.5,{'stop_loss_price': 7639.5}
INVALID_RISK_UNIT,risk_unit == 0 or non-finite,NQM19-CME,15056619,2019-05-08 14:26:06.013000+00:00,7645.75,{'stop_loss_price': 7645.75}
INVALID_RISK_UNIT,risk_unit == 0 or non-finite,NQM19-CME,15056620,2019-05-08 14:26:06.014000+00:00,7645.75,{'stop_loss_price': 7645.75}
INVALID_RISK_UNIT,risk_unit == 0 or non-finite,NQM19-CME,15056621,2019-05-08 14:26:06.015000+00:00,7645.75,{'stop_loss_price': 7645.75}
INVALID_RISK_UNIT,risk_unit == 0 or non-finite,NQM19-CME,15056622,2019-05-08 14:26:06.016000+00:00,7645.75,{'stop_loss_price': 7645.75}
INVALID_RISK_UNIT,risk_unit == 0 or non-finite,NQM19-CME,15056638,2019-05-08 14:26:07.010000+00:00,7645.75,{'stop_loss_price': 7645.75}
INVALID_RISK_UNIT,risk_unit == 0 or non-finite,NQM19-CME,15069640,2019-05-08 14:35:57.018000+00:00,7620.75,{'stop_loss_price': 7620.75}
INVALID_RISK_UNIT,risk_unit == 0 or non-finite,NQM19-CME,15069641,2019-05-08 14:35:57.019000+00:00,7620.75,{'stop_loss_price': 7620.75}
INVALID_RISK_UNIT,risk_unit == 0 or non-finite,NQM19-CME,15069642,2019-05-08 14:35:57.020000+00:00,7620.75,{'stop_loss_price': 7620.75}
INVALID_RISK_UNIT,risk_unit == 0 or non-finite,NQM19-CME,15069643,2019-05-08 14:35:57.021000+00:00,7620.75,{'stop_loss_price': 7620.75}
INVALID_RISK_UNIT,risk_unit == 0 or non-finite,NQM19-CME,15069644,2019-05-08 14:35:57.022000+00:00,7620.75,{'stop_loss_price': 7620.75}
INVALID_RISK_UNIT,risk_unit == 0 or non-finite,NQM19-CME,15069645,2019-05-08 14:35:57.023000+00:00,7620.75,{'stop_loss_price': 7620.75}
INVALID_RISK_UNIT,risk_unit == 0 or non-finite,NQM19-CME,15069646,2019-05-08 14:35:57.024000+00:00,7620.75,{'stop_loss_price': 7620.75}
INVALID_RISK_UNIT,risk_unit == 0 or non-finite,NQM19-CME,15069647,2019-05-08 14:35:57.025000+00:00,7620.75,{'stop_loss_price': 7620.75}
INVALID_RISK_UNIT,risk_unit == 0 or non-finite,NQM19-CME,15069648,2019-05-08 14:35:57.026000+00:00,7620.75,{'stop_loss_price': 7620.75}
INVALID_RISK_UNIT,risk_unit == 0 or non-finite,NQM19-CME,15069649,2019-05-08 14:35:57.027000+00:00,7620.75,{'stop_loss_price': 7620.75}
INVALID_RISK_UNIT,risk_unit == 0 or non-finite,NQM19-CME,15069660,2019-05-08 14:35:58.009000+00:00,7620.75,{'stop_loss_price': 7620.75}
INVALID_RISK_UNIT,risk_unit == 0 or non-finite,NQM19-CME,15089758,2019-05-08 14:55:14.009000+00:00,7647.25,{'stop_loss_price': 7647.25}
INVALID_RISK_UNIT,risk_unit == 0 or non-finite,NQM19-CME,15089759,2019-05-08 14:55:14.010000+00:00,7647.25,{'stop_loss_price': 7647.25}
INVALID_RISK_UNIT,risk_unit == 0 or non-finite,NQM19-CME,15111456,2019-05-08 15:02:51.027000+00:00,7663.75,{'stop_loss_price': 7663.75}
INVALID_RISK_UNIT,risk_unit == 0 or non-finite,NQM19-CME,15132770,2019-05-08 15:16:57.001000+00:00,7680.75,{'stop_loss_price': 7680.75}
INVALID_RISK_UNIT,risk_unit == 0 or non-finite,NQM19-CME,15147658,2019-05-08 15:29:45.019000+00:00,7669.75,{'stop_loss_price': 7669.75}
INVALID_RISK_UNIT,risk_unit == 0 or non-finite,NQM19-CME,15158328,2019-05-08 15:36:17.003000+00:00,7651.5,{'stop_loss_price': 7651.5}
INVALID_RISK_UNIT,risk_unit == 0 or non-finite,NQM19-CME,15158329,2019-05-08 15:36:18+00:00,7651.5,{'stop_loss_price': 7651.5}
INVALID_RISK_UNIT,risk_unit == 0 or non-finite,NQM19-CME,15158330,2019-05-08 15:36:18.001000+00:00,7651.5,{'stop_loss_price': 7651.5}
INVALID_RISK_UNIT,risk_unit == 0 or non-finite,NQM19-CME,15158331,2019-05-08 15:36:18.002000+00:00,7651.5,{'stop_loss_price': 7651.5}
INVALID_RISK_UNIT,risk_unit == 0 or non-finite,NQM19-CME,15158332,2019-05-08 15:36:18.003000+00:00,7651.5,{'stop_loss_price': 7651.5}
INVALID_RISK_UNIT,risk_unit == 0 or non-finite,NQM19-CME,15158436,2019-05-08 15:36:22.017000+00:00,7651.5,{'stop_loss_price': 7651.5}
INVALID_RISK_UNIT,risk_unit == 0 or non-finite,NQM19-CME,15158437,2019-05-08 15:36:22.018000+00:00,7651.5,{'stop_loss_price': 7651.5}
INVALID_RISK_UNIT,risk_unit == 0 or non-finite,NQM19-CME,15158438,2019-05-08 15:36:22.019000+00:00,7651.5,{'stop_loss_price': 7651.5}
INVALID_RISK_UNIT,risk_unit == 0 or non-finite,NQM19-CME,15158440,2019-05-08 15:36:22.021000+00:00,7651.5,{'stop_loss_price': 7651.5}
INVALID_RISK_UNIT,risk_unit == 0 or non-finite,NQM19-CME,15299839,2019-05-08 19:51:35.003000+00:00,7649.75,{'stop_loss_price': 7649.75}
INVALID_RISK_UNIT,risk_unit == 0 or non-finite,NQM19-CME,15299840,2019-05-08 19:51:35.004000+00:00,7649.75,{'stop_loss_price': 7649.75}
INVALID_RISK_UNIT,risk_unit == 0 or non-finite,NQM19-CME,15299841,2019-05-08 19:51:35.005000+00:00,7649.75,{'stop_loss_price': 7649.75}
INVALID_RISK_UNIT,risk_unit == 0 or non-finite,NQM19-CME,15299842,2019-05-08 19:51:35.006000+00:00,7649.75,{'stop_loss_price': 7649.75}
INVALID_RISK_UNIT,risk_unit == 0 or non-finite,NQM19-CME,15299843,2019-05-08 19:51:35.007000+00:00,7649.75,{'stop_loss_price': 7649.75}
INVALID_RISK_UNIT,risk_unit == 0 or non-finite,NQM19-CME,15299844,2019-05-08 19:51:35.008000+00:00,7649.75,{'stop_loss_price': 7649.75}
INVALID_RISK_UNIT,risk_unit == 0 or non-finite,NQM19-CME,15299845,2019-05-08 19:51:35.009000+00:00,7649.75,{'stop_loss_price': 7649.75}
INVALID_RISK_UNIT,risk_unit == 0 or non-finite,NQM19-CME,15299846,2019-05-08 19:51:35.010000+00:00,7649.75,{'stop_loss_price': 7649.75}
INVALID_RISK_UNIT,risk_unit == 0 or non-finite,NQM19-CME,15326679,2019-05-08 20:41:25+00:00,7638.25,{'stop_loss_price': 7638.25}
INVALID_RISK_UNIT,risk_unit == 0 or non-finite,NQM19-CME,15326680,2019-05-08 20:41:25.001000+00:00,7638.25,{'stop_loss_price': 7638.25}
INVALID_RISK_UNIT,risk_unit == 0 or non-finite,NQM19-CME,15365363,2019-05-09 04:56:38.001000+00:00,7595.5,{'stop_loss_price': 7595.5}
INVALID_RISK_UNIT,risk_unit == 0 or non-finite,NQM19-CME,15368783,2019-05-09 05:31:54+00:00,7596.0,{'stop_loss_price': 7596.0}
INVALID_RISK_UNIT,risk_unit == 0 or non-finite,NQM19-CME,15368784,2019-05-09 05:31:54.001000+00:00,7596.0,{'stop_loss_price': 7596.0}
INVALID_RISK_UNIT,risk_unit == 0 or non-finite,NQM19-CME,15368785,2019-05-09 05:31:54.002000+00:00,7596.0,{'stop_loss_price': 7596.0}
INVALID_RISK_UNIT,risk_unit == 0 or non-finite,NQM19-CME,15368786,2019-05-09 05:31:54.003000+00:00,7596.0,{'stop_loss_price': 7596.0}
INVALID_RISK_UNIT,risk_unit == 0 or non-finite,NQM19-CME,15368787,2019-05-09 05:31:54.004000+00:00,7596.0,{'stop_loss_price': 7596.0}
INVALID_RISK_UNIT,risk_unit == 0 or non-finite,NQM19-CME,15368789,2019-05-09 05:31:54.006000+00:00,7596.0,{'stop_loss_price': 7596.0}
INVALID_RISK_UNIT,risk_unit == 0 or non-finite,NQM19-CME,15382733,2019-05-09 07:37:56+00:00,7572.25,{'stop_loss_price': 7572.25}
INVALID_RISK_UNIT,risk_unit == 0 or non-finite,NQM19-CME,15388236,2019-05-09 08:01:18.003000+00:00,7573.0,{'stop_loss_price': 7573.0}
INVALID_RISK_UNIT,risk_unit == 0 or non-finite,NQM19-CME,15413468,2019-05-09 11:30:29+00:00,7583.25,{'stop_loss_price': 7583.25}
INVALID_RISK_UNIT,risk_unit == 0 or non-finite,NQM19-CME,15429690,2019-05-09 12:48:56.001000+00:00,7556.25,{'stop_loss_price': 7556.25}
INVALID_RISK_UNIT,risk_unit == 0 or non-finite,NQM19-CME,15429691,2019-05-09 12:48:56.002000+00:00,7556.25,{'stop_loss_price': 7556.25}
INVALID_RISK_UNIT,risk_unit == 0 or non-finite,NQM19-CME,15429692,2019-05-09 12:48:56.003000+00:00,7556.25,{'stop_loss_price': 7556.25}
INVALID_RISK_UNIT,risk_unit == 0 or non-finite,NQM19-CME,15429693,2019-05-09 12:48:56.004000+00:00,7556.25,{'stop_loss_price': 7556.25}
INVALID_RISK_UNIT,risk_unit == 0 or non-finite,NQM19-CME,15429694,2019-05-09 12:48:56.005000+00:00,7556.25,{'stop_loss_price': 7556.25}
INVALID_RISK_UNIT,risk_unit == 0 or non-finite,NQM19-CME,15451985,2019-05-09 13:30:54.003000+00:00,7550.0,{'stop_loss_price': 7550.0}
INVALID_RISK_UNIT,risk_unit == 0 or non-finite,NQM19-CME,15451986,2019-05-09 13:30:54.004000+00:00,7550.0,{'stop_loss_price': 7550.0}
INVALID_RISK_UNIT,risk_unit == 0 or non-finite,NQM19-CME,15503451,2019-05-09 13:52:56.019000+00:00,7512.0,{'stop_loss_price': 7512.0}
INVALID_RISK_UNIT,risk_unit == 0 or non-finite,NQM19-CME,15503452,2019-05-09 13:52:56.020000+00:00,7512.0,{'stop_loss_price': 7512.0}
INVALID_RISK_UNIT,risk_unit == 0 or non-finite,NQM19-CME,15503453,2019-05-09 13:52:56.021000+00:00,7512.0,{'stop_loss_price': 7512.0}
INVALID_RISK_UNIT,risk_unit == 0 or non-finite,NQM19-CME,15503454,2019-05-09 13:52:56.022000+00:00,7512.0,{'stop_loss_price': 7512.0}
INVALID_RISK_UNIT,risk_unit == 0 or non-finite,NQM19-CME,15503455,2019-05-09 13:52:56.023000+00:00,7512.0,{'stop_loss_price': 7512.0}
INVALID_RISK_UNIT,risk_unit == 0 or non-finite,NQM19-CME,15503458,2019-05-09 13:52:56.026000+00:00,7512.0,{'stop_loss_price': 7512.0}
INVALID_RISK_UNIT,risk_unit == 0 or non-finite,NQM19-CME,15503459,2019-05-09 13:52:56.027000+00:00,7512.0,{'stop_loss_price': 7512.0}
INVALID_RISK_UNIT,risk_unit == 0 or non-finite,NQM19-CME,15503460,2019-05-09 13:52:56.028000+00:00,7512.0,{'stop_loss_price': 7512.0}
INVALID_RISK_UNIT,risk_unit == 0 or non-finite,NQM19-CME,15503461,2019-05-09 13:52:56.029000+00:00,7512.0,{'stop_loss_price': 7512.0}
INVALID_RISK_UNIT,risk_unit == 0 or non-finite,NQM19-CME,15503462,2019-05-09 13:52:56.030000+00:00,7512.0,{'stop_loss_price': 7512.0}
INVALID_RISK_UNIT,risk_unit == 0 or non-finite,NQM19-CME,15504686,2019-05-09 13:53:20+00:00,7507.5,{'stop_loss_price': 7507.5}
INVALID_RISK_UNIT,risk_unit == 0 or non-finite,NQM19-CME,15504687,2019-05-09 13:53:20.001000+00:00,7507.5,{'stop_loss_price': 7507.5}
INVALID_RISK_UNIT,risk_unit == 0 or non-finite,NQM19-CME,15504688,2019-05-09 13:53:20.002000+00:00,7507.5,{'stop_loss_price': 7507.5}
INVALID_RISK_UNIT,risk_unit == 0 or non-finite,NQM19-CME,15504689,2019-05-09 13:53:20.003000+00:00,7507.5,{'stop_loss_price': 7507.5}
INVALID_RISK_UNIT,risk_unit == 0 or non-finite,NQM19-CME,15504690,2019-05-09 13:53:20.004000+00:00,7507.5,{'stop_loss_price': 7507.5}
INVALID_RISK_UNIT,risk_unit == 0 or non-finite,NQM19-CME,15504691,2019-05-09 13:53:20.005000+00:00,7507.5,{'stop_loss_price': 7507.5}
INVALID_RISK_UNIT,risk_unit == 0 or non-finite,NQM19-CME,15504692,2019-05-09 13:53:20.006000+00:00,7507.5,{'stop_loss_price': 7507.5}
INVALID_RISK_UNIT,risk_unit == 0 or non-finite,NQM19-CME,15504697,2019-05-09 13:53:20.011000+00:00,7507.5,{'stop_loss_price': 7507.5}
INVALID_RISK_UNIT,risk_unit == 0 or non-finite,NQM19-CME,15504698,2019-05-09 13:53:20.012000+00:00,7507.5,{'stop_loss_price': 7507.5}
INVALID_RISK_UNIT,risk_unit == 0 or non-finite,NQM19-CME,15504699,2019-05-09 13:53:20.013000+00:00,7507.5,{'stop_loss_price': 7507.5}
INVALID_RISK_UNIT,risk_unit == 0 or non-finite,NQM19-CME,15504700,2019-05-09 13:53:20.014000+00:00,7507.5,{'stop_loss_price': 7507.5}
INVALID_RISK_UNIT,risk_unit == 0 or non-finite,NQM19-CME,15504717,2019-05-09 13:53:20.031000+00:00,7507.5,{'stop_loss_price': 7507.5}
INVALID_RISK_UNIT,risk_unit == 0 or non-finite,NQM19-CME,15576769,2019-05-09 14:30:22.006000+00:00,7489.5,{'stop_loss_price': 7489.5}
INVALID_RISK_UNIT,risk_unit == 0 or non-finite,NQM19-CME,15576770,2019-05-09 14:30:22.007000+00:00,7489.5,{'stop_loss_price': 7489.5}
INVALID_RISK_UNIT,risk_unit == 0 or non-finite,NQM19-CME,15576771,2019-05-09 14:30:22.008000+00:00,7489.5,{'stop_loss_price': 7489.5}
INVALID_RISK_UNIT,risk_unit == 0 or non-finite,NQM19-CME,15576772,2019-05-09 14:30:22.009000+00:00,7489.5,{'stop_loss_price': 7489.5}
INVALID_RISK_UNIT,risk_unit == 0 or non-finite,NQM19-CME,15587834,2019-05-09 14:38:07.021000+00:00,7489.5,{'stop_loss_price': 7489.5}
INVALID_RISK_UNIT,risk_unit == 0 or non-finite,NQM19-CME,15587835,2019-05-09 14:38:07.022000+00:00,7489.5,{'stop_loss_price': 7489.5}
INVALID_RISK_UNIT,risk_unit == 0 or non-finite,NQM19-CME,15587837,2019-05-09 14:38:08+00:00,7489.5,{'stop_loss_price': 7489.5}
INVALID_RISK_UNIT,risk_unit == 0 or non-finite,NQM19-CME,15614973,2019-05-09 14:54:31.035000+00:00,7509.25,{'stop_loss_price': 7509.25}
INVALID_RISK_UNIT,risk_unit == 0 or non-finite,NQM19-CME,15614974,2019-05-09 14:54:31.036000+00:00,7509.25,{'stop_loss_price': 7509.25}
INVALID_RISK_UNIT,risk_unit == 0 or non-finite,NQM19-CME,15614975,2019-05-09 14:54:31.037000+00:00,7509.25,{'stop_loss_price': 7509.25}
INVALID_RISK_UNIT,risk_unit == 0 or non-finite,NQM19-CME,15655072,2019-05-09 15:20:34.002000+00:00,7516.75,{'stop_loss_price': 7516.75}
INVALID_RISK_UNIT,risk_unit == 0 or non-finite,NQM19-CME,15655073,2019-05-09 15:20:34.003000+00:00,7516.75,{'stop_loss_price': 7516.75}
INVALID_RISK_UNIT,risk_unit == 0 or non-finite,NQM19-CME,15655074,2019-05-09 15:20:34.004000+00:00,7516.75,{'stop_loss_price': 7516.75}
INVALID_RISK_UNIT,risk_unit == 0 or non-finite,NQM19-CME,15655075,2019-05-09 15:20:34.005000+00:00,7516.75,{'stop_loss_price': 7516.75}
INVALID_RISK_UNIT,risk_unit == 0 or non-finite,NQM19-CME,15655078,2019-05-09 15:20:34.008000+00:00,7516.75,{'stop_loss_price': 7516.75}
INVALID_RISK_UNIT,risk_unit == 0 or non-finite,NQM19-CME,15655079,2019-05-09 15:20:34.009000+00:00,7516.75,{'stop_loss_price': 7516.75}
INVALID_RISK_UNIT,risk_unit == 0 or non-finite,NQM19-CME,15655080,2019-05-09 15:20:34.010000+00:00,7516.75,{'stop_loss_price': 7516.75}
INVALID_RISK_UNIT,risk_unit == 0 or non-finite,NQM19-CME,15674091,2019-05-09 15:34:56.011000+00:00,7503.5,{'stop_loss_price': 7503.5}
INVALID_RISK_UNIT,risk_unit == 0 or non-finite,NQM19-CME,15674092,2019-05-09 15:34:56.012000+00:00,7503.5,{'stop_loss_price': 7503.5}
INVALID_RISK_UNIT,risk_unit == 0 or non-finite,NQM19-CME,15674093,2019-05-09 15:34:56.013000+00:00,7503.5,{'stop_loss_price': 7503.5}
INVALID_RISK_UNIT,risk_unit == 0 or non-finite,NQM19-CME,15674094,2019-05-09 15:34:56.014000+00:00,7503.5,{'stop_loss_price': 7503.5}
INVALID_RISK_UNIT,risk_unit == 0 or non-finite,NQM19-CME,15674761,2019-05-09 15:35:20+00:00,7508.75,{'stop_loss_price': 7508.75}
INVALID_RISK_UNIT,risk_unit == 0 or non-finite,NQM19-CME,15674762,2019-05-09 15:35:20.001000+00:00,7508.75,{'stop_loss_price': 7508.75}
INVALID_RISK_UNIT,risk_unit == 0 or non-finite,NQM19-CME,15674766,2019-05-09 15:35:20.005000+00:00,7508.75,{'stop_loss_price': 7508.75}
INVALID_RISK_UNIT,risk_unit == 0 or non-finite,NQM19-CME,15674767,2019-05-09 15:35:20.006000+00:00,7508.75,{'stop_loss_price': 7508.75}
INVALID_RISK_UNIT,risk_unit == 0 or non-finite,NQM19-CME,15674768,2019-05-09 15:35:20.007000+00:00,7508.75,{'stop_loss_price': 7508.75}
INVALID_RISK_UNIT,risk_unit == 0 or non-finite,NQM19-CME,15674769,2019-05-09 15:35:20.008000+00:00,7508.75,{'stop_loss_price': 7508.75}
INVALID_RISK_UNIT,risk_unit == 0 or non-finite,NQM19-CME,15674779,2019-05-09 15:35:22+00:00,7508.75,{'stop_loss_price': 7508.75}
INVALID_RISK_UNIT,risk_unit == 0 or non-finite,NQM19-CME,15674780,2019-05-09 15:35:22.001000+00:00,7508.75,{'stop_loss_price': 7508.75}
INVALID_RISK_UNIT,risk_unit == 0 or non-finite,NQM19-CME,15674781,2019-05-09 15:35:22.002000+00:00,7508.75,{'stop_loss_price': 7508.75}
INVALID_RISK_UNIT,risk_unit == 0 or non-finite,NQM19-CME,15713076,2019-05-09 16:11:35.003000+00:00,7524.5,{'stop_loss_price': 7524.5}
INVALID_RISK_UNIT,risk_unit == 0 or non-finite,NQM19-CME,15758218,2019-05-09 16:38:07.025000+00:00,7588.0,{'stop_loss_price': 7588.0}
INVALID_RISK_UNIT,risk_unit == 0 or non-finite,NQM19-CME,15758219,2019-05-09 16:38:07.026000+00:00,7588.0,{'stop_loss_price': 7588.0}
INVALID_RISK_UNIT,risk_unit == 0 or non-finite,NQM19-CME,15758221,2019-05-09 16:38:07.028000+00:00,7588.0,{'stop_loss_price': 7588.0}
INVALID_RISK_UNIT,risk_unit == 0 or non-finite,NQM19-CME,15806540,2019-05-09 17:05:08.001000+00:00,7591.5,{'stop_loss_price': 7591.5}
INVALID_RISK_UNIT,risk_unit == 0 or non-finite,NQM19-CME,15823829,2019-05-09 17:23:57.003000+00:00,7579.25,{'stop_loss_price': 7579.25}
INVALID_RISK_UNIT,risk_unit == 0 or non-finite,NQM19-CME,15859960,2019-05-09 18:07:59.004000+00:00,7583.75,{'stop_loss_price': 7583.75}
INVALID_RISK_UNIT,risk_unit == 0 or non-finite,NQM19-CME,15873264,2019-05-09 18:29:17.013000+00:00,7598.0,{'stop_loss_price': 7598.0}
INVALID_RISK_UNIT,risk_unit == 0 or non-finite,NQM19-CME,15923623,2019-05-09 19:39:07.002000+00:00,7597.25,{'stop_loss_price': 7597.25}
INVALID_RISK_UNIT,risk_unit == 0 or non-finite,NQM19-CME,15948020,2019-05-09 20:01:38+00:00,7594.5,{'stop_loss_price': 7594.5}
INVALID_RISK_UNIT,risk_unit == 0 or non-finite,NQM19-CME,16047002,2019-05-10 05:27:47.001000+00:00,7566.25,{'stop_loss_price': 7566.25}
INVALID_RISK_UNIT,risk_unit == 0 or non-finite,NQM19-CME,16047003,2019-05-10 05:27:47.002000+00:00,7566.25,{'stop_loss_price': 7566.25}
INVALID_RISK_UNIT,risk_unit == 0 or non-finite,NQM19-CME,16047004,2019-05-10 05:27:48+00:00,7566.25,{'stop_loss_price': 7566.25}
INVALID_RISK_UNIT,risk_unit == 0 or non-finite,NQM19-CME,16082575,2019-05-10 09:52:15+00:00,7585.75,{'stop_loss_price': 7585.75}
INVALID_RISK_UNIT,risk_unit == 0 or non-finite,NQM19-CME,16116996,2019-05-10 12:30:43.009000+00:00,7530.25,{'stop_loss_price': 7530.25}
INVALID_RISK_UNIT,risk_unit == 0 or non-finite,NQM19-CME,16140938,2019-05-10 13:31:53+00:00,7566.0,{'stop_loss_price': 7566.0}
INVALID_RISK_UNIT,risk_unit == 0 or non-finite,NQM19-CME,16140939,2019-05-10 13:31:53.001000+00:00,7566.0,{'stop_loss_price': 7566.0}
INVALID_RISK_UNIT,risk_unit == 0 or non-finite,NQM19-CME,16140940,2019-05-10 13:31:53.002000+00:00,7566.0,{'stop_loss_price': 7566.0}
INVALID_RISK_UNIT,risk_unit == 0 or non-finite,NQM19-CME,16140941,2019-05-10 13:31:53.003000+00:00,7566.0,{'stop_loss_price': 7566.0}
INVALID_RISK_UNIT,risk_unit == 0 or non-finite,NQM19-CME,16140942,2019-05-10 13:31:53.004000+00:00,7566.0,{'stop_loss_price': 7566.0}
INVALID_RISK_UNIT,risk_unit == 0 or non-finite,NQM19-CME,16140943,2019-05-10 13:31:53.005000+00:00,7566.0,{'stop_loss_price': 7566.0}
INVALID_RISK_UNIT,risk_unit == 0 or non-finite,NQM19-CME,16140944,2019-05-10 13:31:53.006000+00:00,7566.0,{'stop_loss_price': 7566.0}
INVALID_RISK_UNIT,risk_unit == 0 or non-finite,NQM19-CME,16154899,2019-05-10 13:37:44+00:00,7568.75,{'stop_loss_price': 7568.75}
INVALID_RISK_UNIT,risk_unit == 0 or non-finite,NQM19-CME,16240257,2019-05-10 14:33:35.002000+00:00,7499.5,{'stop_loss_price': 7499.5}
INVALID_RISK_UNIT,risk_unit == 0 or non-finite,NQM19-CME,16240258,2019-05-10 14:33:35.003000+00:00,7499.5,{'stop_loss_price': 7499.5}
INVALID_RISK_UNIT,risk_unit == 0 or non-finite,NQM19-CME,16240259,2019-05-10 14:33:35.004000+00:00,7499.5,{'stop_loss_price': 7499.5}
INVALID_RISK_UNIT,risk_unit == 0 or non-finite,NQM19-CME,16240260,2019-05-10 14:33:35.005000+00:00,7499.5,{'stop_loss_price': 7499.5}
INVALID_RISK_UNIT,risk_unit == 0 or non-finite,NQM19-CME,16240261,2019-05-10 14:33:35.006000+00:00,7499.5,{'stop_loss_price': 7499.5}
INVALID_RISK_UNIT,risk_unit == 0 or non-finite,NQM19-CME,16240262,2019-05-10 14:33:35.007000+00:00,7499.5,{'stop_loss_price': 7499.5}
INVALID_RISK_UNIT,risk_unit == 0 or non-finite,NQM19-CME,16240263,2019-05-10 14:33:35.008000+00:00,7499.5,{'stop_loss_price': 7499.5}
INVALID_RISK_UNIT,risk_unit == 0 or non-finite,NQM19-CME,16240264,2019-05-10 14:33:35.009000+00:00,7499.5,{'stop_loss_price': 7499.5}
INVALID_RISK_UNIT,risk_unit == 0 or non-finite,NQM19-CME,16240265,2019-05-10 14:33:35.010000+00:00,7499.5,{'stop_loss_price': 7499.5}
INVALID_RISK_UNIT,risk_unit == 0 or non-finite,NQM19-CME,16240269,2019-05-10 14:33:35.014000+00:00,7499.5,{'stop_loss_price': 7499.5}
INVALID_RISK_UNIT,risk_unit == 0 or non-finite,NQM19-CME,16277715,2019-05-10 14:48:40.024000+00:00,7477.75,{'stop_loss_price': 7477.75}
INVALID_RISK_UNIT,risk_unit == 0 or non-finite,NQM19-CME,16277716,2019-05-10 14:48:40.025000+00:00,7477.75,{'stop_loss_price': 7477.75}
INVALID_RISK_UNIT,risk_unit == 0 or non-finite,NQM19-CME,16277717,2019-05-10 14:48:40.026000+00:00,7477.75,{'stop_loss_price': 7477.75}
INVALID_RISK_UNIT,risk_unit == 0 or non-finite,NQM19-CME,16277718,2019-05-10 14:48:40.027000+00:00,7477.75,{'stop_loss_price': 7477.75}
INVALID_RISK_UNIT,risk_unit == 0 or non-finite,NQM19-CME,16277719,2019-05-10 14:48:40.028000+00:00,7477.75,{'stop_loss_price': 7477.75}
INVALID_RISK_UNIT,risk_unit == 0 or non-finite,NQM19-CME,16277720,2019-05-10 14:48:40.029000+00:00,7477.75,{'stop_loss_price': 7477.75}
INVALID_RISK_UNIT,risk_unit == 0 or non-finite,NQM19-CME,16277721,2019-05-10 14:48:40.030000+00:00,7477.75,{'stop_loss_price': 7477.75}
INVALID_RISK_UNIT,risk_unit == 0 or non-finite,NQM19-CME,16290349,2019-05-10 14:56:09.020000+00:00,7468.25,{'stop_loss_price': 7468.25}
INVALID_RISK_UNIT,risk_unit == 0 or non-finite,NQM19-CME,16290350,2019-05-10 14:56:09.021000+00:00,7468.25,{'stop_loss_price': 7468.25}
INVALID_RISK_UNIT,risk_unit == 0 or non-finite,NQM19-CME,16308114,2019-05-10 15:06:11.053000+00:00,7466.5,{'stop_loss_price': 7466.5}
INVALID_RISK_UNIT,risk_unit == 0 or non-finite,NQM19-CME,16308115,2019-05-10 15:06:11.054000+00:00,7466.5,{'stop_loss_price': 7466.5}
INVALID_RISK_UNIT,risk_unit == 0 or non-finite,NQM19-CME,16308116,2019-05-10 15:06:11.055000+00:00,7466.5,{'stop_loss_price': 7466.5}
INVALID_RISK_UNIT,risk_unit == 0 or non-finite,NQM19-CME,16308117,2019-05-10 15:06:11.056000+00:00,7466.5,{'stop_loss_price': 7466.5}
INVALID_RISK_UNIT,risk_unit == 0 or non-finite,NQM19-CME,16308118,2019-05-10 15:06:11.057000+00:00,7466.5,{'stop_loss_price': 7466.5}
INVALID_RISK_UNIT,risk_unit == 0 or non-finite,NQM19-CME,16308119,2019-05-10 15:06:11.058000+00:00,7466.5,{'stop_loss_price': 7466.5}
INVALID_RISK_UNIT,risk_unit == 0 or non-finite,NQM19-CME,16308120,2019-05-10 15:06:11.059000+00:00,7466.5,{'stop_loss_price': 7466.5}
INVALID_RISK_UNIT,risk_unit == 0 or non-finite,NQM19-CME,16308121,2019-05-10 15:06:11.060000+00:00,7466.5,{'stop_loss_price': 7466.5}
INVALID_RISK_UNIT,risk_unit == 0 or non-finite,NQM19-CME,16308122,2019-05-10 15:06:11.061000+00:00,7466.5,{'stop_loss_price': 7466.5}
INVALID_RISK_UNIT,risk_unit == 0 or non-finite,NQM19-CME,16318811,2019-05-10 15:15:23.003000+00:00,7456.5,{'stop_loss_price': 7456.5}
INVALID_RISK_UNIT,risk_unit == 0 or non-finite,NQM19-CME,16318812,2019-05-10 15:15:23.004000+00:00,7456.5,{'stop_loss_price': 7456.5}
INVALID_RISK_UNIT,risk_unit == 0 or non-finite,NQM19-CME,16318813,2019-05-10 15:15:23.005000+00:00,7456.5,{'stop_loss_price': 7456.5}
INVALID_RISK_UNIT,risk_unit == 0 or non-finite,NQM19-CME,16318814,2019-05-10 15:15:23.006000+00:00,7456.5,{'stop_loss_price': 7456.5}
INVALID_RISK_UNIT,risk_unit == 0 or non-finite,NQM19-CME,16322189,2019-05-10 15:18:32.003000+00:00,7460.75,{'stop_loss_price': 7460.75}
INVALID_RISK_UNIT,risk_unit == 0 or non-finite,NQM19-CME,16322199,2019-05-10 15:18:32.013000+00:00,7461.0,{'stop_loss_price': 7461.0}
INVALID_RISK_UNIT,risk_unit == 0 or non-finite,NQM19-CME,16417092,2019-05-10 16:16:34.055000+00:00,7497.0,{'stop_loss_price': 7497.0}
INVALID_RISK_UNIT,risk_unit == 0 or non-finite,NQM19-CME,16435295,2019-05-10 16:33:15.001000+00:00,7517.75,{'stop_loss_price': 7517.75}
INVALID_RISK_UNIT,risk_unit == 0 or non-finite,NQM19-CME,16435296,2019-05-10 16:33:15.002000+00:00,7517.75,{'stop_loss_price': 7517.75}
INVALID_RISK_UNIT,risk_unit == 0 or non-finite,NQM19-CME,16435297,2019-05-10 16:33:15.003000+00:00,7517.75,{'stop_loss_price': 7517.75}
INVALID_RISK_UNIT,risk_unit == 0 or non-finite,NQM19-CME,16435298,2019-05-10 16:33:15.004000+00:00,7517.75,{'stop_loss_price': 7517.75}
INVALID_RISK_UNIT,risk_unit == 0 or non-finite,NQM19-CME,16435299,2019-05-10 16:33:15.005000+00:00,7517.75,{'stop_loss_price': 7517.75}
INVALID_RISK_UNIT,risk_unit == 0 or non-finite,NQM19-CME,16435300,2019-05-10 16:33:15.006000+00:00,7517.75,{'stop_loss_price': 7517.75}
INVALID_RISK_UNIT,risk_unit == 0 or non-finite,NQM19-CME,16435301,2019-05-10 16:33:15.007000+00:00,7517.75,{'stop_loss_price': 7517.75}
INVALID_RISK_UNIT,risk_unit == 0 or non-finite,NQM19-CME,16435302,2019-05-10 16:33:15.008000+00:00,7517.75,{'stop_loss_price': 7517.75}
INVALID_RISK_UNIT,risk_unit == 0 or non-finite,NQM19-CME,16435303,2019-05-10 16:33:15.009000+00:00,7517.75,{'stop_loss_price': 7517.75}
INVALID_RISK_UNIT,risk_unit == 0 or non-finite,NQM19-CME,16435304,2019-05-10 16:33:15.010000+00:00,7517.75,{'stop_loss_price': 7517.75}
INVALID_RISK_UNIT,risk_unit == 0 or non-finite,NQM19-CME,16435305,2019-05-10 16:33:15.011000+00:00,7517.75,{'stop_loss_price': 7517.75}
INVALID_RISK_UNIT,risk_unit == 0 or non-finite,NQM19-CME,16439851,2019-05-10 16:34:26.012000+00:00,7526.0,{'stop_loss_price': 7526.0}
INVALID_RISK_UNIT,risk_unit == 0 or non-finite,NQM19-CME,16439852,2019-05-10 16:34:26.013000+00:00,7526.0,{'stop_loss_price': 7526.0}
INVALID_RISK_UNIT,risk_unit == 0 or non-finite,NQM19-CME,16465688,2019-05-10 17:00:48.007000+00:00,7523.25,{'stop_loss_price': 7523.25}
INVALID_RISK_UNIT,risk_unit == 0 or non-finite,NQM19-CME,16465689,2019-05-10 17:00:48.008000+00:00,7523.25,{'stop_loss_price': 7523.25}
INVALID_RISK_UNIT,risk_unit == 0 or non-finite,NQM19-CME,16465692,2019-05-10 17:00:48.011000+00:00,7523.25,{'stop_loss_price': 7523.25}
INVALID_RISK_UNIT,risk_unit == 0 or non-finite,NQM19-CME,16465693,2019-05-10 17:00:48.012000+00:00,7523.25,{'stop_loss_price': 7523.25}
INVALID_RISK_UNIT,risk_unit == 0 or non-finite,NQM19-CME,16500669,2019-05-10 17:33:06+00:00,7549.5,{'stop_loss_price': 7549.5}
INVALID_RISK_UNIT,risk_unit == 0 or non-finite,NQM19-CME,16500670,2019-05-10 17:33:06.001000+00:00,7549.5,{'stop_loss_price': 7549.5}
INVALID_RISK_UNIT,risk_unit == 0 or non-finite,NQM19-CME,16500671,2019-05-10 17:33:06.002000+00:00,7549.5,{'stop_loss_price': 7549.5}
INVALID_RISK_UNIT,risk_unit == 0 or non-finite,NQM19-CME,16500672,2019-05-10 17:33:06.003000+00:00,7549.5,{'stop_loss_price': 7549.5}
INVALID_RISK_UNIT,risk_unit == 0 or non-finite,NQM19-CME,16599194,2019-05-10 19:35:09.015000+00:00,7603.5,{'stop_loss_price': 7603.5}
INVALID_RISK_UNIT,risk_unit == 0 or non-finite,NQM19-CME,16603495,2019-05-10 19:37:57.049000+00:00,7600.75,{'stop_loss_price': 7600.75}
INVALID_RISK_UNIT,risk_unit == 0 or non-finite,NQM19-CME,16603496,2019-05-10 19:37:57.050000+00:00,7600.75,{'stop_loss_price': 7600.75}
INVALID_RISK_UNIT,risk_unit == 0 or non-finite,NQM19-CME,16603497,2019-05-10 19:37:57.051000+00:00,7600.75,{'stop_loss_price': 7600.75}
INVALID_RISK_UNIT,risk_unit == 0 or non-finite,NQM19-CME,16643615,2019-05-10 20:08:20.006000+00:00,7603.75,{'stop_loss_price': 7603.75}
INVALID_RISK_UNIT,risk_unit == 0 or non-finite,NQM19-CME,16643616,2019-05-10 20:08:20.007000+00:00,7603.75,{'stop_loss_price': 7603.75}
INVALID_RISK_UNIT,risk_unit == 0 or non-finite,NQM19-CME,16643617,2019-05-10 20:08:20.008000+00:00,7603.75,{'stop_loss_price': 7603.75}
INVALID_RISK_UNIT,risk_unit == 0 or non-finite,NQM19-CME,16643618,2019-05-10 20:08:20.009000+00:00,7603.75,{'stop_loss_price': 7603.75}
INVALID_RISK_UNIT,risk_unit == 0 or non-finite,NQM19-CME,16643619,2019-05-10 20:08:21+00:00,7603.75,{'stop_loss_price': 7603.75}
INVALID_RISK_UNIT,risk_unit == 0 or non-finite,NQM19-CME,16643620,2019-05-10 20:08:21.001000+00:00,7603.75,{'stop_loss_price': 7603.75}
INVALID_RISK_UNIT,risk_unit == 0 or non-finite,NQM19-CME,16643621,2019-05-10 20:08:21.002000+00:00,7603.75,{'stop_loss_price': 7603.75}
INVALID_RISK_UNIT,risk_unit == 0 or non-finite,NQM19-CME,16643622,2019-05-10 20:08:21.003000+00:00,7603.75,{'stop_loss_price': 7603.75}
INVALID_RISK_UNIT,risk_unit == 0 or non-finite,NQM19-CME,16678455,2019-05-13 01:45:03+00:00,7530.25,{'stop_loss_price': 7530.25}
INVALID_RISK_UNIT,risk_unit == 0 or non-finite,NQM19-CME,16687352,2019-05-13 03:55:30.010000+00:00,7522.75,{'stop_loss_price': 7522.75}
INVALID_RISK_UNIT,risk_unit == 0 or non-finite,NQM19-CME,16687353,2019-05-13 03:55:30.011000+00:00,7522.75,{'stop_loss_price': 7522.75}
INVALID_RISK_UNIT,risk_unit == 0 or non-finite,NQM19-CME,16699428,2019-05-13 07:12:45.003000+00:00,7497.75,{'stop_loss_price': 7497.75}
INVALID_RISK_UNIT,risk_unit == 0 or non-finite,NQM19-CME,16699429,2019-05-13 07:12:45.004000+00:00,7497.75,{'stop_loss_price': 7497.75}
INVALID_RISK_UNIT,risk_unit == 0 or non-finite,NQM19-CME,16699430,2019-05-13 07:12:45.005000+00:00,7497.75,{'stop_loss_price': 7497.75}
INVALID_RISK_UNIT,risk_unit == 0 or non-finite,NQM19-CME,16699431,2019-05-13 07:12:45.006000+00:00,7497.75,{'stop_loss_price': 7497.75}
INVALID_RISK_UNIT,risk_unit == 0 or non-finite,NQM19-CME,16701202,2019-05-13 07:21:38.002000+00:00,7493.5,{'stop_loss_price': 7493.5}
INVALID_RISK_UNIT,risk_unit == 0 or non-finite,NQM19-CME,16734601,2019-05-13 11:38:32.002000+00:00,7479.0,{'stop_loss_price': 7479.0}
INVALID_RISK_UNIT,risk_unit == 0 or non-finite,NQM19-CME,16734602,2019-05-13 11:38:35+00:00,7479.0,{'stop_loss_price': 7479.0}
INVALID_RISK_UNIT,risk_unit == 0 or non-finite,NQM19-CME,16769954,2019-05-13 12:39:25.011000+00:00,7414.0,{'stop_loss_price': 7414.0}
INVALID_RISK_UNIT,risk_unit == 0 or non-finite,NQM19-CME,16769955,2019-05-13 12:39:25.012000+00:00,7414.0,{'stop_loss_price': 7414.0}
INVALID_RISK_UNIT,risk_unit == 0 or non-finite,NQM19-CME,16769956,2019-05-13 12:39:25.013000+00:00,7414.0,{'stop_loss_price': 7414.0}
INVALID_RISK_UNIT,risk_unit == 0 or non-finite,NQM19-CME,16807854,2019-05-13 13:34:10.047000+00:00,7419.5,{'stop_loss_price': 7419.5}
INVALID_RISK_UNIT,risk_unit == 0 or non-finite,NQM19-CME,16807855,2019-05-13 13:34:11+00:00,7419.5,{'stop_loss_price': 7419.5}
INVALID_RISK_UNIT,risk_unit == 0 or non-finite,NQM19-CME,16807856,2019-05-13 13:34:11.001000+00:00,7419.5,{'stop_loss_price': 7419.5}
INVALID_RISK_UNIT,risk_unit == 0 or non-finite,NQM19-CME,16807857,2019-05-13 13:34:11.002000+00:00,7419.5,{'stop_loss_price': 7419.5}
INVALID_RISK_UNIT,risk_unit == 0 or non-finite,NQM19-CME,16820347,2019-05-13 13:39:40.082000+00:00,7436.25,{'stop_loss_price': 7436.25}
INVALID_RISK_UNIT,risk_unit == 0 or non-finite,NQM19-CME,16865581,2019-05-13 13:58:17.022000+00:00,7389.75,{'stop_loss_price': 7389.75}
INVALID_RISK_UNIT,risk_unit == 0 or non-finite,NQM19-CME,16865582,2019-05-13 13:58:17.023000+00:00,7389.75,{'stop_loss_price': 7389.75}
INVALID_RISK_UNIT,risk_unit == 0 or non-finite,NQM19-CME,16865629,2019-05-13 13:58:20.005000+00:00,7389.75,{'stop_loss_price': 7389.75}
INVALID_RISK_UNIT,risk_unit == 0 or non-finite,NQM19-CME,16865630,2019-05-13 13:58:20.006000+00:00,7389.75,{'stop_loss_price': 7389.75}
INVALID_RISK_UNIT,risk_unit == 0 or non-finite,NQM19-CME,16865640,2019-05-13 13:58:21.002000+00:00,7389.75,{'stop_loss_price': 7389.75}
INVALID_RISK_UNIT,risk_unit == 0 or non-finite,NQM19-CME,16865641,2019-05-13 13:58:21.003000+00:00,7389.75,{'stop_loss_price': 7389.75}
INVALID_RISK_UNIT,risk_unit == 0 or non-finite,NQM19-CME,16865642,2019-05-13 13:58:21.004000+00:00,7389.75,{'stop_loss_price': 7389.75}
INVALID_RISK_UNIT,risk_unit == 0 or non-finite,NQM19-CME,16870184,2019-05-13 14:00:59.012000+00:00,7382.25,{'stop_loss_price': 7382.25}
INVALID_RISK_UNIT,risk_unit == 0 or non-finite,NQM19-CME,16874254,2019-05-13 14:02:09.008000+00:00,7367.5,{'stop_loss_price': 7367.5}
INVALID_RISK_UNIT,risk_unit == 0 or non-finite,NQM19-CME,16874255,2019-05-13 14:02:09.009000+00:00,7367.5,{'stop_loss_price': 7367.5}
INVALID_RISK_UNIT,risk_unit == 0 or non-finite,NQM19-CME,16939544,2019-05-13 14:32:38.002000+00:00,7359.5,{'stop_loss_price': 7359.5}
INVALID_RISK_UNIT,risk_unit == 0 or non-finite,NQM19-CME,16939545,2019-05-13 14:32:38.003000+00:00,7359.5,{'stop_loss_price': 7359.5}
INVALID_RISK_UNIT,risk_unit == 0 or non-finite,NQM19-CME,16939546,2019-05-13 14:32:38.004000+00:00,7359.5,{'stop_loss_price': 7359.5}
INVALID_RISK_UNIT,risk_unit == 0 or non-finite,NQM19-CME,16939547,2019-05-13 14:32:38.005000+00:00,7359.5,{'stop_loss_price': 7359.5}
INVALID_RISK_UNIT,risk_unit == 0 or non-finite,NQM19-CME,16939548,2019-05-13 14:32:38.006000+00:00,7359.5,{'stop_loss_price': 7359.5}
INVALID_RISK_UNIT,risk_unit == 0 or non-finite,NQM19-CME,16939549,2019-05-13 14:32:38.007000+00:00,7359.5,{'stop_loss_price': 7359.5}
INVALID_RISK_UNIT,risk_unit == 0 or non-finite,NQM19-CME,16939550,2019-05-13 14:32:38.008000+00:00,7359.5,{'stop_loss_price': 7359.5}
INVALID_RISK_UNIT,risk_unit == 0 or non-finite,NQM19-CME,16939552,2019-05-13 14:32:38.010000+00:00,7359.5,{'stop_loss_price': 7359.5}
INVALID_RISK_UNIT,risk_unit == 0 or non-finite,NQM19-CME,16946376,2019-05-13 14:35:55.020000+00:00,7382.0,{'stop_loss_price': 7382.0}
INVALID_RISK_UNIT,risk_unit == 0 or non-finite,NQM19-CME,16952914,2019-05-13 14:41:09.006000+00:00,7381.5,{'stop_loss_price': 7381.5}
INVALID_RISK_UNIT,risk_unit == 0 or non-finite,NQM19-CME,16952915,2019-05-13 14:41:09.007000+00:00,7381.5,{'stop_loss_price': 7381.5}
INVALID_RISK_UNIT,risk_unit == 0 or non-finite,NQM19-CME,16952916,2019-05-13 14:41:09.008000+00:00,7381.5,{'stop_loss_price': 7381.5}
INVALID_RISK_UNIT,risk_unit == 0 or non-finite,NQM19-CME,16952917,2019-05-13 14:41:09.009000+00:00,7381.5,{'stop_loss_price': 7381.5}
INVALID_RISK_UNIT,risk_unit == 0 or non-finite,NQM19-CME,16952918,2019-05-13 14:41:09.010000+00:00,7381.5,{'stop_loss_price': 7381.5}
INVALID_RISK_UNIT,risk_unit == 0 or non-finite,NQM19-CME,16952919,2019-05-13 14:41:09.011000+00:00,7381.5,{'stop_loss_price': 7381.5}
INVALID_RISK_UNIT,risk_unit == 0 or non-finite,NQM19-CME,16952920,2019-05-13 14:41:09.012000+00:00,7381.5,{'stop_loss_price': 7381.5}
INVALID_RISK_UNIT,risk_unit == 0 or non-finite,NQM19-CME,16954072,2019-05-13 14:41:58.012000+00:00,7385.25,{'stop_loss_price': 7385.25}
INVALID_RISK_UNIT,risk_unit == 0 or non-finite,NQM19-CME,16997241,2019-05-13 15:15:11.008000+00:00,7366.5,{'stop_loss_price': 7366.5}
INVALID_RISK_UNIT,risk_unit == 0 or non-finite,NQM19-CME,16997242,2019-05-13 15:15:11.009000+00:00,7366.5,{'stop_loss_price': 7366.5}
INVALID_RISK_UNIT,risk_unit == 0 or non-finite,NQM19-CME,16997243,2019-05-13 15:15:11.010000+00:00,7366.5,{'stop_loss_price': 7366.5}
INVALID_RISK_UNIT,risk_unit == 0 or non-finite,NQM19-CME,16997244,2019-05-13 15:15:11.011000+00:00,7366.5,{'stop_loss_price': 7366.5}
INVALID_RISK_UNIT,risk_unit == 0 or non-finite,NQM19-CME,16997245,2019-05-13 15:15:12+00:00,7366.5,{'stop_loss_price': 7366.5}
INVALID_RISK_UNIT,risk_unit == 0 or non-finite,NQM19-CME,16997246,2019-05-13 15:15:12.001000+00:00,7366.5,{'stop_loss_price': 7366.5}
INVALID_RISK_UNIT,risk_unit == 0 or non-finite,NQM19-CME,17017648,2019-05-13 15:29:02.037000+00:00,7353.5,{'stop_loss_price': 7353.5}
INVALID_RISK_UNIT,risk_unit == 0 or non-finite,NQM19-CME,17017649,2019-05-13 15:29:02.038000+00:00,7353.5,{'stop_loss_price': 7353.5}
INVALID_RISK_UNIT,risk_unit == 0 or non-finite,NQM19-CME,17017650,2019-05-13 15:29:02.039000+00:00,7353.5,{'stop_loss_price': 7353.5}
INVALID_RISK_UNIT,risk_unit == 0 or non-finite,NQM19-CME,17017651,2019-05-13 15:29:02.040000+00:00,7353.5,{'stop_loss_price': 7353.5}
INVALID_RISK_UNIT,risk_unit == 0 or non-finite,NQM19-CME,17017652,2019-05-13 15:29:02.041000+00:00,7353.5,{'stop_loss_price': 7353.5}
INVALID_RISK_UNIT,risk_unit == 0 or non-finite,NQM19-CME,17017653,2019-05-13 15:29:02.042000+00:00,7353.5,{'stop_loss_price': 7353.5}
INVALID_RISK_UNIT,risk_unit == 0 or non-finite,NQM19-CME,17041694,2019-05-13 15:46:39+00:00,7345.5,{'stop_loss_price': 7345.5}
INVALID_RISK_UNIT,risk_unit == 0 or non-finite,NQM19-CME,17041695,2019-05-13 15:46:39.001000+00:00,7345.5,{'stop_loss_price': 7345.5}
INVALID_RISK_UNIT,risk_unit == 0 or non-finite,NQM19-CME,17041696,2019-05-13 15:46:39.002000+00:00,7345.5,{'stop_loss_price': 7345.5}
INVALID_RISK_UNIT,risk_unit == 0 or non-finite,NQM19-CME,17055554,2019-05-13 15:58:37.006000+00:00,7353.5,{'stop_loss_price': 7353.5}
INVALID_RISK_UNIT,risk_unit == 0 or non-finite,NQM19-CME,17055555,2019-05-13 15:58:37.007000+00:00,7353.5,{'stop_loss_price': 7353.5}
INVALID_RISK_UNIT,risk_unit == 0 or non-finite,NQM19-CME,17055556,2019-05-13 15:58:37.008000+00:00,7353.5,{'stop_loss_price': 7353.5}
INVALID_RISK_UNIT,risk_unit == 0 or non-finite,NQM19-CME,17124267,2019-05-13 17:19:58.004000+00:00,7325.5,{'stop_loss_price': 7325.5}
INVALID_RISK_UNIT,risk_unit == 0 or non-finite,NQM19-CME,17300848,2019-05-13 20:00:29.001000+00:00,7334.0,{'stop_loss_price': 7334.0}
INVALID_RISK_UNIT,risk_unit == 0 or non-finite,NQM19-CME,17300849,2019-05-13 20:00:29.002000+00:00,7334.0,{'stop_loss_price': 7334.0}
INVALID_RISK_UNIT,risk_unit == 0 or non-finite,NQM19-CME,17300850,2019-05-13 20:00:29.003000+00:00,7334.0,{'stop_loss_price': 7334.0}
INVALID_RISK_UNIT,risk_unit == 0 or non-finite,NQM19-CME,17300852,2019-05-13 20:00:29.005000+00:00,7334.0,{'stop_loss_price': 7334.0}
INVALID_RISK_UNIT,risk_unit == 0 or non-finite,NQM19-CME,17310358,2019-05-13 20:32:43+00:00,7311.25,{'stop_loss_price': 7311.25}
INVALID_RISK_UNIT,risk_unit == 0 or non-finite,NQM19-CME,17310359,2019-05-13 20:32:43.001000+00:00,7311.25,{'stop_loss_price': 7311.25}
INVALID_RISK_UNIT,risk_unit == 0 or non-finite,NQM19-CME,17310360,2019-05-13 20:32:43.002000+00:00,7311.25,{'stop_loss_price': 7311.25}
INVALID_RISK_UNIT,risk_unit == 0 or non-finite,NQM19-CME,17310361,2019-05-13 20:32:43.003000+00:00,7311.25,{'stop_loss_price': 7311.25}
INVALID_RISK_UNIT,risk_unit == 0 or non-finite,NQM19-CME,17359919,2019-05-14 06:16:34+00:00,7356.25,{'stop_loss_price': 7356.25}
INVALID_RISK_UNIT,risk_unit == 0 or non-finite,NQM19-CME,17359920,2019-05-14 06:16:34.001000+00:00,7356.25,{'stop_loss_price': 7356.25}
INVALID_RISK_UNIT,risk_unit == 0 or non-finite,NQM19-CME,17359921,2019-05-14 06:16:34.002000+00:00,7356.25,{'stop_loss_price': 7356.25}
INVALID_RISK_UNIT,risk_unit == 0 or non-finite,NQM19-CME,17359923,2019-05-14 06:16:36.001000+00:00,7356.25,{'stop_loss_price': 7356.25}
INVALID_RISK_UNIT,risk_unit == 0 or non-finite,NQM19-CME,17377752,2019-05-14 08:33:30+00:00,7356.5,{'stop_loss_price': 7356.5}
INVALID_RISK_UNIT,risk_unit == 0 or non-finite,NQM19-CME,17377753,2019-05-14 08:33:30.001000+00:00,7356.5,{'stop_loss_price': 7356.5}
INVALID_RISK_UNIT,risk_unit == 0 or non-finite,NQM19-CME,17403336,2019-05-14 11:39:19+00:00,7387.75,{'stop_loss_price': 7387.75}
INVALID_RISK_UNIT,risk_unit == 0 or non-finite,NQM19-CME,17423071,2019-05-14 12:55:56.003000+00:00,7382.0,{'stop_loss_price': 7382.0}
INVALID_RISK_UNIT,risk_unit == 0 or non-finite,NQM19-CME,17423072,2019-05-14 12:55:56.004000+00:00,7382.0,{'stop_loss_price': 7382.0}
INVALID_RISK_UNIT,risk_unit == 0 or non-finite,NQM19-CME,17423073,2019-05-14 12:55:56.005000+00:00,7382.0,{'stop_loss_price': 7382.0}
INVALID_RISK_UNIT,risk_unit == 0 or non-finite,NQM19-CME,17423074,2019-05-14 12:55:56.006000+00:00,7382.0,{'stop_loss_price': 7382.0}
INVALID_RISK_UNIT,risk_unit == 0 or non-finite,NQM19-CME,17423075,2019-05-14 12:55:56.007000+00:00,7382.0,{'stop_loss_price': 7382.0}
INVALID_RISK_UNIT,risk_unit == 0 or non-finite,NQM19-CME,17423076,2019-05-14 12:55:56.008000+00:00,7382.0,{'stop_loss_price': 7382.0}
INVALID_RISK_UNIT,risk_unit == 0 or non-finite,NQM19-CME,17423077,2019-05-14 12:55:56.009000+00:00,7382.0,{'stop_loss_price': 7382.0}
INVALID_RISK_UNIT,risk_unit == 0 or non-finite,NQM19-CME,17423078,2019-05-14 12:55:56.010000+00:00,7382.0,{'stop_loss_price': 7382.0}
INVALID_RISK_UNIT,risk_unit == 0 or non-finite,NQM19-CME,17423079,2019-05-14 12:55:56.011000+00:00,7382.0,{'stop_loss_price': 7382.0}
INVALID_RISK_UNIT,risk_unit == 0 or non-finite,NQM19-CME,17423080,2019-05-14 12:55:56.012000+00:00,7382.0,{'stop_loss_price': 7382.0}
INVALID_RISK_UNIT,risk_unit == 0 or non-finite,NQM19-CME,17511729,2019-05-14 14:08:03.027000+00:00,7377.75,{'stop_loss_price': 7377.75}
INVALID_RISK_UNIT,risk_unit == 0 or non-finite,NQM19-CME,17511730,2019-05-14 14:08:03.028000+00:00,7377.75,{'stop_loss_price': 7377.75}
INVALID_RISK_UNIT,risk_unit == 0 or non-finite,NQM19-CME,17511748,2019-05-14 14:08:03.046000+00:00,7377.75,{'stop_loss_price': 7377.75}
INVALID_RISK_UNIT,risk_unit == 0 or non-finite,NQM19-CME,17511749,2019-05-14 14:08:03.047000+00:00,7377.75,{'stop_loss_price': 7377.75}
INVALID_RISK_UNIT,risk_unit == 0 or non-finite,NQM19-CME,17511750,2019-05-14 14:08:03.048000+00:00,7377.75,{'stop_loss_price': 7377.75}
INVALID_RISK_UNIT,risk_unit == 0 or non-finite,NQM19-CME,17511751,2019-05-14 14:08:03.049000+00:00,7377.75,{'stop_loss_price': 7377.75}
INVALID_RISK_UNIT,risk_unit == 0 or non-finite,NQM19-CME,17511752,2019-05-14 14:08:03.050000+00:00,7377.75,{'stop_loss_price': 7377.75}
INVALID_RISK_UNIT,risk_unit == 0 or non-finite,NQM19-CME,17511755,2019-05-14 14:08:03.053000+00:00,7377.75,{'stop_loss_price': 7377.75}
INVALID_RISK_UNIT,risk_unit == 0 or non-finite,NQM19-CME,17511756,2019-05-14 14:08:03.054000+00:00,7377.75,{'stop_loss_price': 7377.75}
INVALID_RISK_UNIT,risk_unit == 0 or non-finite,NQM19-CME,17511757,2019-05-14 14:08:03.055000+00:00,7377.75,{'stop_loss_price': 7377.75}
INVALID_RISK_UNIT,risk_unit == 0 or non-finite,NQM19-CME,17513581,2019-05-14 14:08:44.008000+00:00,7379.5,{'stop_loss_price': 7379.5}
INVALID_RISK_UNIT,risk_unit == 0 or non-finite,NQM19-CME,17567789,2019-05-14 14:51:21.022000+00:00,7401.25,{'stop_loss_price': 7401.25}
INVALID_RISK_UNIT,risk_unit == 0 or non-finite,NQM19-CME,17587033,2019-05-14 15:08:29.004000+00:00,7410.0,{'stop_loss_price': 7410.0}
INVALID_RISK_UNIT,risk_unit == 0 or non-finite,NQM19-CME,17587034,2019-05-14 15:08:29.005000+00:00,7410.0,{'stop_loss_price': 7410.0}
INVALID_RISK_UNIT,risk_unit == 0 or non-finite,NQM19-CME,17587035,2019-05-14 15:08:29.006000+00:00,7410.0,{'stop_loss_price': 7410.0}
INVALID_RISK_UNIT,risk_unit == 0 or non-finite,NQM19-CME,17587036,2019-05-14 15:08:29.007000+00:00,7410.0,{'stop_loss_price': 7410.0}
INVALID_RISK_UNIT,risk_unit == 0 or non-finite,NQM19-CME,17587037,2019-05-14 15:08:29.008000+00:00,7410.0,{'stop_loss_price': 7410.0}
INVALID_RISK_UNIT,risk_unit == 0 or non-finite,NQM19-CME,17587038,2019-05-14 15:08:29.009000+00:00,7410.0,{'stop_loss_price': 7410.0}
INVALID_RISK_UNIT,risk_unit == 0 or non-finite,NQM19-CME,17609291,2019-05-14 15:27:14.006000+00:00,7432.25,{'stop_loss_price': 7432.25}
INVALID_RISK_UNIT,risk_unit == 0 or non-finite,NQM19-CME,17609292,2019-05-14 15:27:14.007000+00:00,7432.25,{'stop_loss_price': 7432.25}
INVALID_RISK_UNIT,risk_unit == 0 or non-finite,NQM19-CME,17663557,2019-05-14 16:50:33+00:00,7440.25,{'stop_loss_price': 7440.25}
INVALID_RISK_UNIT,risk_unit == 0 or non-finite,NQM19-CME,17684563,2019-05-14 17:44:07+00:00,7454.0,{'stop_loss_price': 7454.0}
INVALID_RISK_UNIT,risk_unit == 0 or non-finite,NQM19-CME,17814119,2019-05-15 05:56:05.006000+00:00,7452.25,{'stop_loss_price': 7452.25}
INVALID_RISK_UNIT,risk_unit == 0 or non-finite,NQM19-CME,17814120,2019-05-15 05:56:05.007000+00:00,7452.25,{'stop_loss_price': 7452.25}
INVALID_RISK_UNIT,risk_unit == 0 or non-finite,NQM19-CME,17814121,2019-05-15 05:56:05.008000+00:00,7452.25,{'stop_loss_price': 7452.25}
INVALID_RISK_UNIT,risk_unit == 0 or non-finite,NQM19-CME,17814122,2019-05-15 05:56:05.009000+00:00,7452.25,{'stop_loss_price': 7452.25}
INVALID_RISK_UNIT,risk_unit == 0 or non-finite,NQM19-CME,17814123,2019-05-15 05:56:05.010000+00:00,7452.25,{'stop_loss_price': 7452.25}
INVALID_RISK_UNIT,risk_unit == 0 or non-finite,NQM19-CME,17814124,2019-05-15 05:56:05.011000+00:00,7452.25,{'stop_loss_price': 7452.25}
INVALID_RISK_UNIT,risk_unit == 0 or non-finite,NQM19-CME,17814127,2019-05-15 05:56:05.014000+00:00,7452.25,{'stop_loss_price': 7452.25}
INVALID_RISK_UNIT,risk_unit == 0 or non-finite,NQM19-CME,17820396,2019-05-15 07:06:21+00:00,7445.25,{'stop_loss_price': 7445.25}
INVALID_RISK_UNIT,risk_unit == 0 or non-finite,NQM19-CME,17820397,2019-05-15 07:06:21.001000+00:00,7445.25,{'stop_loss_price': 7445.25}
INVALID_RISK_UNIT,risk_unit == 0 or non-finite,NQM19-CME,17820398,2019-05-15 07:06:21.002000+00:00,7445.25,{'stop_loss_price': 7445.25}
INVALID_RISK_UNIT,risk_unit == 0 or non-finite,NQM19-CME,17820400,2019-05-15 07:06:23+00:00,7445.25,{'stop_loss_price': 7445.25}
INVALID_RISK_UNIT,risk_unit == 0 or non-finite,NQM19-CME,17843356,2019-05-15 09:45:03+00:00,7410.0,{'stop_loss_price': 7410.0}
INVALID_RISK_UNIT,risk_unit == 0 or non-finite,NQM19-CME,17847548,2019-05-15 10:12:12+00:00,7412.0,{'stop_loss_price': 7412.0}
INVALID_RISK_UNIT,risk_unit == 0 or non-finite,NQM19-CME,17847549,2019-05-15 10:12:12.001000+00:00,7412.0,{'stop_loss_price': 7412.0}
INVALID_RISK_UNIT,risk_unit == 0 or non-finite,NQM19-CME,17847550,2019-05-15 10:12:12.002000+00:00,7412.0,{'stop_loss_price': 7412.0}
INVALID_RISK_UNIT,risk_unit == 0 or non-finite,NQM19-CME,17847551,2019-05-15 10:12:13+00:00,7412.0,{'stop_loss_price': 7412.0}
INVALID_RISK_UNIT,risk_unit == 0 or non-finite,NQM19-CME,17847553,2019-05-15 10:12:13.002000+00:00,7412.0,{'stop_loss_price': 7412.0}
INVALID_RISK_UNIT,risk_unit == 0 or non-finite,NQM19-CME,17849803,2019-05-15 10:26:20+00:00,7396.5,{'stop_loss_price': 7396.5}
INVALID_RISK_UNIT,risk_unit == 0 or non-finite,NQM19-CME,17914903,2019-05-15 13:36:10.024000+00:00,7383.0,{'stop_loss_price': 7383.0}
INVALID_RISK_UNIT,risk_unit == 0 or non-finite,NQM19-CME,17914904,2019-05-15 13:36:10.025000+00:00,7383.0,{'stop_loss_price': 7383.0}
INVALID_RISK_UNIT,risk_unit == 0 or non-finite,NQM19-CME,17914905,2019-05-15 13:36:10.026000+00:00,7383.0,{'stop_loss_price': 7383.0}
INVALID_RISK_UNIT,risk_unit == 0 or non-finite,NQM19-CME,17914909,2019-05-15 13:36:10.030000+00:00,7383.0,{'stop_loss_price': 7383.0}
INVALID_RISK_UNIT,risk_unit == 0 or non-finite,NQM19-CME,17914910,2019-05-15 13:36:10.031000+00:00,7383.0,{'stop_loss_price': 7383.0}
INVALID_RISK_UNIT,risk_unit == 0 or non-finite,NQM19-CME,17914911,2019-05-15 13:36:10.032000+00:00,7383.0,{'stop_loss_price': 7383.0}
INVALID_RISK_UNIT,risk_unit == 0 or non-finite,NQM19-CME,17914913,2019-05-15 13:36:10.034000+00:00,7383.0,{'stop_loss_price': 7383.0}
INVALID_RISK_UNIT,risk_unit == 0 or non-finite,NQM19-CME,18036893,2019-05-15 14:41:52+00:00,7473.25,{'stop_loss_price': 7473.25}
INVALID_RISK_UNIT,risk_unit == 0 or non-finite,NQM19-CME,18036894,2019-05-15 14:41:52.001000+00:00,7473.25,{'stop_loss_price': 7473.25}
INVALID_RISK_UNIT,risk_unit == 0 or non-finite,NQM19-CME,18036895,2019-05-15 14:41:52.002000+00:00,7473.25,{'stop_loss_price': 7473.25}
INVALID_RISK_UNIT,risk_unit == 0 or non-finite,NQM19-CME,18119588,2019-05-15 16:21:59.008000+00:00,7504.0,{'stop_loss_price': 7504.0}
INVALID_RISK_UNIT,risk_unit == 0 or non-finite,NQM19-CME,18119589,2019-05-15 16:22:01+00:00,7504.0,{'stop_loss_price': 7504.0}
INVALID_RISK_UNIT,risk_unit == 0 or non-finite,NQM19-CME,18119590,2019-05-15 16:22:01.001000+00:00,7504.0,{'stop_loss_price': 7504.0}
INVALID_RISK_UNIT,risk_unit == 0 or non-finite,NQM19-CME,18119591,2019-05-15 16:22:01.002000+00:00,7504.0,{'stop_loss_price': 7504.0}
INVALID_RISK_UNIT,risk_unit == 0 or non-finite,NQM19-CME,18119592,2019-05-15 16:22:01.003000+00:00,7504.0,{'stop_loss_price': 7504.0}
INVALID_RISK_UNIT,risk_unit == 0 or non-finite,NQM19-CME,18119593,2019-05-15 16:22:01.004000+00:00,7504.0,{'stop_loss_price': 7504.0}
INVALID_RISK_UNIT,risk_unit == 0 or non-finite,NQM19-CME,18119594,2019-05-15 16:22:01.005000+00:00,7504.0,{'stop_loss_price': 7504.0}
INVALID_RISK_UNIT,risk_unit == 0 or non-finite,NQM19-CME,18119595,2019-05-15 16:22:01.006000+00:00,7504.0,{'stop_loss_price': 7504.0}
INVALID_RISK_UNIT,risk_unit == 0 or non-finite,NQM19-CME,18119596,2019-05-15 16:22:01.007000+00:00,7504.0,{'stop_loss_price': 7504.0}
INVALID_RISK_UNIT,risk_unit == 0 or non-finite,NQM19-CME,18119597,2019-05-15 16:22:01.008000+00:00,7504.0,{'stop_loss_price': 7504.0}
INVALID_RISK_UNIT,risk_unit == 0 or non-finite,NQM19-CME,18119602,2019-05-15 16:22:01.013000+00:00,7504.0,{'stop_loss_price': 7504.0}
INVALID_RISK_UNIT,risk_unit == 0 or non-finite,NQM19-CME,18119603,2019-05-15 16:22:01.014000+00:00,7504.0,{'stop_loss_price': 7504.0}
INVALID_RISK_UNIT,risk_unit == 0 or non-finite,NQM19-CME,18160351,2019-05-15 17:44:49.002000+00:00,7519.0,{'stop_loss_price': 7519.0}
INVALID_RISK_UNIT,risk_unit == 0 or non-finite,NQM19-CME,18160352,2019-05-15 17:44:49.003000+00:00,7519.0,{'stop_loss_price': 7519.0}
INVALID_RISK_UNIT,risk_unit == 0 or non-finite,NQM19-CME,18160353,2019-05-15 17:44:49.004000+00:00,7519.0,{'stop_loss_price': 7519.0}
INVALID_RISK_UNIT,risk_unit == 0 or non-finite,NQM19-CME,18160354,2019-05-15 17:44:50+00:00,7519.0,{'stop_loss_price': 7519.0}
INVALID_RISK_UNIT,risk_unit == 0 or non-finite,NQM19-CME,18160355,2019-05-15 17:44:50.001000+00:00,7519.0,{'stop_loss_price': 7519.0}
INVALID_RISK_UNIT,risk_unit == 0 or non-finite,NQM19-CME,18160357,2019-05-15 17:44:50.003000+00:00,7519.0,{'stop_loss_price': 7519.0}
INVALID_RISK_UNIT,risk_unit == 0 or non-finite,NQM19-CME,18205349,2019-05-15 19:37:38.003000+00:00,7525.25,{'stop_loss_price': 7525.25}
INVALID_RISK_UNIT,risk_unit == 0 or non-finite,NQM19-CME,18315442,2019-05-16 11:07:23.001000+00:00,7559.25,{'stop_loss_price': 7559.25}
INVALID_RISK_UNIT,risk_unit == 0 or non-finite,NQM19-CME,18331595,2019-05-16 12:23:44.011000+00:00,7534.25,{'stop_loss_price': 7534.25}
INVALID_RISK_UNIT,risk_unit == 0 or non-finite,NQM19-CME,18331596,2019-05-16 12:23:44.012000+00:00,7534.25,{'stop_loss_price': 7534.25}
INVALID_RISK_UNIT,risk_unit == 0 or non-finite,NQM19-CME,18373895,2019-05-16 13:38:32.016000+00:00,7543.25,{'stop_loss_price': 7543.25}
INVALID_RISK_UNIT,risk_unit == 0 or non-finite,NQM19-CME,18493002,2019-05-16 15:23:35+00:00,7623.0,{'stop_loss_price': 7623.0}
INVALID_RISK_UNIT,risk_unit == 0 or non-finite,NQM19-CME,18508554,2019-05-16 15:45:56.015000+00:00,7634.25,{'stop_loss_price': 7634.25}
INVALID_RISK_UNIT,risk_unit == 0 or non-finite,NQM19-CME,18508555,2019-05-16 15:45:56.016000+00:00,7634.25,{'stop_loss_price': 7634.25}
INVALID_RISK_UNIT,risk_unit == 0 or non-finite,NQM19-CME,18548318,2019-05-16 17:00:39.024000+00:00,7618.75,{'stop_loss_price': 7618.75}
INVALID_RISK_UNIT,risk_unit == 0 or non-finite,NQM19-CME,18644246,2019-05-16 19:41:42.141000+00:00,7584.75,{'stop_loss_price': 7584.75}
INVALID_RISK_UNIT,risk_unit == 0 or non-finite,NQM19-CME,18644247,2019-05-16 19:41:42.142000+00:00,7584.75,{'stop_loss_price': 7584.75}
INVALID_RISK_UNIT,risk_unit == 0 or non-finite,NQM19-CME,18644248,2019-05-16 19:41:42.143000+00:00,7584.75,{'stop_loss_price': 7584.75}
INVALID_RISK_UNIT,risk_unit == 0 or non-finite,NQM19-CME,18644249,2019-05-16 19:41:42.144000+00:00,7584.75,{'stop_loss_price': 7584.75}
INVALID_RISK_UNIT,risk_unit == 0 or non-finite,NQM19-CME,18644250,2019-05-16 19:41:42.145000+00:00,7584.75,{'stop_loss_price': 7584.75}
INVALID_RISK_UNIT,risk_unit == 0 or non-finite,NQM19-CME,18689444,2019-05-17 02:00:39.001000+00:00,7608.0,{'stop_loss_price': 7608.0}
INVALID_RISK_UNIT,risk_unit == 0 or non-finite,NQM19-CME,18689445,2019-05-17 02:00:39.002000+00:00,7608.0,{'stop_loss_price': 7608.0}
INVALID_RISK_UNIT,risk_unit == 0 or non-finite,NQM19-CME,18694431,2019-05-17 03:08:45+00:00,7589.25,{'stop_loss_price': 7589.25}
INVALID_RISK_UNIT,risk_unit == 0 or non-finite,NQM19-CME,18707643,2019-05-17 05:33:04+00:00,7568.0,{'stop_loss_price': 7568.0}
INVALID_RISK_UNIT,risk_unit == 0 or non-finite,NQM19-CME,18756751,2019-05-17 11:43:42+00:00,7538.0,{'stop_loss_price': 7538.0}
INVALID_RISK_UNIT,risk_unit == 0 or non-finite,NQM19-CME,18767961,2019-05-17 12:17:54.007000+00:00,7524.75,{'stop_loss_price': 7524.75}
INVALID_RISK_UNIT,risk_unit == 0 or non-finite,NQM19-CME,18767962,2019-05-17 12:17:54.008000+00:00,7524.75,{'stop_loss_price': 7524.75}
INVALID_RISK_UNIT,risk_unit == 0 or non-finite,NQM19-CME,18767967,2019-05-17 12:17:57+00:00,7524.75,{'stop_loss_price': 7524.75}
INVALID_RISK_UNIT,risk_unit == 0 or non-finite,NQM19-CME,18806761,2019-05-17 13:31:23.050000+00:00,7530.0,{'stop_loss_price': 7530.0}
INVALID_RISK_UNIT,risk_unit == 0 or non-finite,NQM19-CME,18806762,2019-05-17 13:31:23.051000+00:00,7530.0,{'stop_loss_price': 7530.0}
INVALID_RISK_UNIT,risk_unit == 0 or non-finite,NQM19-CME,18806775,2019-05-17 13:31:24.008000+00:00,7530.0,{'stop_loss_price': 7530.0}
INVALID_RISK_UNIT,risk_unit == 0 or non-finite,NQM19-CME,18806776,2019-05-17 13:31:24.009000+00:00,7530.0,{'stop_loss_price': 7530.0}
INVALID_RISK_UNIT,risk_unit == 0 or non-finite,NQM19-CME,18820487,2019-05-17 13:37:27.043000+00:00,7538.0,{'stop_loss_price': 7538.0}
INVALID_RISK_UNIT,risk_unit == 0 or non-finite,NQM19-CME,18820488,2019-05-17 13:37:27.044000+00:00,7538.0,{'stop_loss_price': 7538.0}
INVALID_RISK_UNIT,risk_unit == 0 or non-finite,NQM19-CME,18820489,2019-05-17 13:37:27.045000+00:00,7538.0,{'stop_loss_price': 7538.0}
INVALID_RISK_UNIT,risk_unit == 0 or non-finite,NQM19-CME,18820490,2019-05-17 13:37:27.046000+00:00,7538.0,{'stop_loss_price': 7538.0}
INVALID_RISK_UNIT,risk_unit == 0 or non-finite,NQM19-CME,18820491,2019-05-17 13:37:27.047000+00:00,7538.0,{'stop_loss_price': 7538.0}
INVALID_RISK_UNIT,risk_unit == 0 or non-finite,NQM19-CME,18820492,2019-05-17 13:37:27.048000+00:00,7538.0,{'stop_loss_price': 7538.0}
INVALID_RISK_UNIT,risk_unit == 0 or non-finite,NQM19-CME,18820493,2019-05-17 13:37:27.049000+00:00,7538.0,{'stop_loss_price': 7538.0}
INVALID_RISK_UNIT,risk_unit == 0 or non-finite,NQM19-CME,18961951,2019-05-17 15:11:45.007000+00:00,7616.5,{'stop_loss_price': 7616.5}
INVALID_RISK_UNIT,risk_unit == 0 or non-finite,NQM19-CME,18961952,2019-05-17 15:11:46+00:00,7616.5,{'stop_loss_price': 7616.5}
INVALID_RISK_UNIT,risk_unit == 0 or non-finite,NQM19-CME,19036614,2019-05-17 16:29:40.006000+00:00,7559.75,{'stop_loss_price': 7559.75}
INVALID_RISK_UNIT,risk_unit == 0 or non-finite,NQM19-CME,19077181,2019-05-17 17:40:32.004000+00:00,7576.25,{'stop_loss_price': 7576.25}
INVALID_RISK_UNIT,risk_unit == 0 or non-finite,NQM19-CME,19077182,2019-05-17 17:40:32.005000+00:00,7576.25,{'stop_loss_price': 7576.25}
INVALID_RISK_UNIT,risk_unit == 0 or non-finite,NQM19-CME,19106991,2019-05-17 18:38:11+00:00,7565.75,{'stop_loss_price': 7565.75}
INVALID_RISK_UNIT,risk_unit == 0 or non-finite,NQM19-CME,19136124,2019-05-17 19:15:12.004000+00:00,7524.25,{'stop_loss_price': 7524.25}
INVALID_RISK_UNIT,risk_unit == 0 or non-finite,NQM19-CME,19136125,2019-05-17 19:15:12.005000+00:00,7524.25,{'stop_loss_price': 7524.25}
INVALID_RISK_UNIT,risk_unit == 0 or non-finite,NQM19-CME,19136126,2019-05-17 19:15:12.006000+00:00,7524.25,{'stop_loss_price': 7524.25}
INVALID_RISK_UNIT,risk_unit == 0 or non-finite,NQM19-CME,19136127,2019-05-17 19:15:12.007000+00:00,7524.25,{'stop_loss_price': 7524.25}
INVALID_RISK_UNIT,risk_unit == 0 or non-finite,NQM19-CME,19136128,2019-05-17 19:15:12.008000+00:00,7524.25,{'stop_loss_price': 7524.25}
INVALID_RISK_UNIT,risk_unit == 0 or non-finite,NQM19-CME,19136129,2019-05-17 19:15:12.009000+00:00,7524.25,{'stop_loss_price': 7524.25}
INVALID_RISK_UNIT,risk_unit == 0 or non-finite,NQM19-CME,19137330,2019-05-17 19:16:02.039000+00:00,7518.75,{'stop_loss_price': 7518.75}
INVALID_RISK_UNIT,risk_unit == 0 or non-finite,NQM19-CME,19137331,2019-05-17 19:16:02.040000+00:00,7518.75,{'stop_loss_price': 7518.75}
INVALID_RISK_UNIT,risk_unit == 0 or non-finite,NQM19-CME,19137332,2019-05-17 19:16:02.041000+00:00,7518.75,{'stop_loss_price': 7518.75}
INVALID_RISK_UNIT,risk_unit == 0 or non-finite,NQM19-CME,19170109,2019-05-17 19:43:59+00:00,7521.5,{'stop_loss_price': 7521.5}
INVALID_RISK_UNIT,risk_unit == 0 or non-finite,NQM19-CME,19170110,2019-05-17 19:43:59.001000+00:00,7521.5,{'stop_loss_price': 7521.5}
INVALID_RISK_UNIT,risk_unit == 0 or non-finite,NQM19-CME,19170111,2019-05-17 19:43:59.002000+00:00,7521.5,{'stop_loss_price': 7521.5}
INVALID_RISK_UNIT,risk_unit == 0 or non-finite,NQM19-CME,19170112,2019-05-17 19:43:59.003000+00:00,7521.5,{'stop_loss_price': 7521.5}
INVALID_RISK_UNIT,risk_unit == 0 or non-finite,NQM19-CME,19170113,2019-05-17 19:43:59.004000+00:00,7521.5,{'stop_loss_price': 7521.5}
INVALID_RISK_UNIT,risk_unit == 0 or non-finite,NQM19-CME,19170141,2019-05-17 19:44:01.007000+00:00,7521.5,{'stop_loss_price': 7521.5}
INVALID_RISK_UNIT,risk_unit == 0 or non-finite,NQM19-CME,19170142,2019-05-17 19:44:01.008000+00:00,7521.5,{'stop_loss_price': 7521.5}
INVALID_RISK_UNIT,risk_unit == 0 or non-finite,NQM19-CME,19170143,2019-05-17 19:44:01.009000+00:00,7521.5,{'stop_loss_price': 7521.5}
INVALID_RISK_UNIT,risk_unit == 0 or non-finite,NQM19-CME,19170144,2019-05-17 19:44:01.010000+00:00,7521.5,{'stop_loss_price': 7521.5}
INVALID_RISK_UNIT,risk_unit == 0 or non-finite,NQM19-CME,19170145,2019-05-17 19:44:01.011000+00:00,7521.5,{'stop_loss_price': 7521.5}
INVALID_RISK_UNIT,risk_unit == 0 or non-finite,NQM19-CME,19170146,2019-05-17 19:44:01.012000+00:00,7521.5,{'stop_loss_price': 7521.5}
INVALID_RISK_UNIT,risk_unit == 0 or non-finite,NQM19-CME,19170147,2019-05-17 19:44:01.013000+00:00,7521.5,{'stop_loss_price': 7521.5}
INVALID_RISK_UNIT,risk_unit == 0 or non-finite,NQM19-CME,19170148,2019-05-17 19:44:01.014000+00:00,7521.5,{'stop_loss_price': 7521.5}
INVALID_RISK_UNIT,risk_unit == 0 or non-finite,NQM19-CME,19170149,2019-05-17 19:44:01.015000+00:00,7521.5,{'stop_loss_price': 7521.5}
INVALID_RISK_UNIT,risk_unit == 0 or non-finite,NQM19-CME,19170150,2019-05-17 19:44:01.016000+00:00,7521.5,{'stop_loss_price': 7521.5}
INVALID_RISK_UNIT,risk_unit == 0 or non-finite,NQM19-CME,19170151,2019-05-17 19:44:01.017000+00:00,7521.5,{'stop_loss_price': 7521.5}
INVALID_RISK_UNIT,risk_unit == 0 or non-finite,NQM19-CME,19170152,2019-05-17 19:44:01.018000+00:00,7521.5,{'stop_loss_price': 7521.5}
INVALID_RISK_UNIT,risk_unit == 0 or non-finite,NQM19-CME,19170153,2019-05-17 19:44:01.019000+00:00,7521.5,{'stop_loss_price': 7521.5}
INVALID_RISK_UNIT,risk_unit == 0 or non-finite,NQM19-CME,19170154,2019-05-17 19:44:01.020000+00:00,7521.5,{'stop_loss_price': 7521.5}
INVALID_RISK_UNIT,risk_unit == 0 or non-finite,NQM19-CME,19170155,2019-05-17 19:44:02+00:00,7521.5,{'stop_loss_price': 7521.5}
INVALID_RISK_UNIT,risk_unit == 0 or non-finite,NQM19-CME,19173881,2019-05-17 19:47:16.005000+00:00,7521.75,{'stop_loss_price': 7521.75}
INVALID_RISK_UNIT,risk_unit == 0 or non-finite,NQM19-CME,19173882,2019-05-17 19:47:16.006000+00:00,7521.75,{'stop_loss_price': 7521.75}
INVALID_RISK_UNIT,risk_unit == 0 or non-finite,NQM19-CME,19173883,2019-05-17 19:47:16.007000+00:00,7521.75,{'stop_loss_price': 7521.75}
INVALID_RISK_UNIT,risk_unit == 0 or non-finite,NQM19-CME,19173884,2019-05-17 19:47:16.008000+00:00,7521.75,{'stop_loss_price': 7521.75}
INVALID_RISK_UNIT,risk_unit == 0 or non-finite,NQM19-CME,19173885,2019-05-17 19:47:16.009000+00:00,7521.75,{'stop_loss_price': 7521.75}
INVALID_RISK_UNIT,risk_unit == 0 or non-finite,NQM19-CME,19173886,2019-05-17 19:47:16.010000+00:00,7521.75,{'stop_loss_price': 7521.75}
INVALID_RISK_UNIT,risk_unit == 0 or non-finite,NQM19-CME,19215974,2019-05-20 00:15:05.004000+00:00,7547.0,{'stop_loss_price': 7547.0}
INVALID_RISK_UNIT,risk_unit == 0 or non-finite,NQM19-CME,19215975,2019-05-20 00:15:05.005000+00:00,7547.0,{'stop_loss_price': 7547.0}
INVALID_RISK_UNIT,risk_unit == 0 or non-finite,NQM19-CME,19215976,2019-05-20 00:15:05.006000+00:00,7547.0,{'stop_loss_price': 7547.0}
INVALID_RISK_UNIT,risk_unit == 0 or non-finite,NQM19-CME,19215977,2019-05-20 00:15:05.007000+00:00,7547.0,{'stop_loss_price': 7547.0}
INVALID_RISK_UNIT,risk_unit == 0 or non-finite,NQM19-CME,19215978,2019-05-20 00:15:05.008000+00:00,7547.0,{'stop_loss_price': 7547.0}
INVALID_RISK_UNIT,risk_unit == 0 or non-finite,NQM19-CME,19241690,2019-05-20 05:04:05.001000+00:00,7539.25,{'stop_loss_price': 7539.25}
INVALID_RISK_UNIT,risk_unit == 0 or non-finite,NQM19-CME,19261741,2019-05-20 08:42:53+00:00,7512.5,{'stop_loss_price': 7512.5}
INVALID_RISK_UNIT,risk_unit == 0 or non-finite,NQM19-CME,19261742,2019-05-20 08:42:53.001000+00:00,7512.5,{'stop_loss_price': 7512.5}
INVALID_RISK_UNIT,risk_unit == 0 or non-finite,NQM19-CME,19261743,2019-05-20 08:42:53.002000+00:00,7512.5,{'stop_loss_price': 7512.5}
INVALID_RISK_UNIT,risk_unit == 0 or non-finite,NQM19-CME,19274253,2019-05-20 09:30:46+00:00,7481.5,{'stop_loss_price': 7481.5}
INVALID_RISK_UNIT,risk_unit == 0 or non-finite,NQM19-CME,19274504,2019-05-20 09:32:20.001000+00:00,7477.5,{'stop_loss_price': 7477.5}
INVALID_RISK_UNIT,risk_unit == 0 or non-finite,NQM19-CME,19282915,2019-05-20 10:14:08.004000+00:00,7450.0,{'stop_loss_price': 7450.0}
INVALID_RISK_UNIT,risk_unit == 0 or non-finite,NQM19-CME,19382388,2019-05-20 13:42:21.026000+00:00,7371.25,{'stop_loss_price': 7371.25}
INVALID_RISK_UNIT,risk_unit == 0 or non-finite,NQM19-CME,19382389,2019-05-20 13:42:21.027000+00:00,7371.25,{'stop_loss_price': 7371.25}
INVALID_RISK_UNIT,risk_unit == 0 or non-finite,NQM19-CME,19382390,2019-05-20 13:42:21.028000+00:00,7371.25,{'stop_loss_price': 7371.25}
INVALID_RISK_UNIT,risk_unit == 0 or non-finite,NQM19-CME,19391956,2019-05-20 13:46:14.007000+00:00,7388.75,{'stop_loss_price': 7388.75}
INVALID_RISK_UNIT,risk_unit == 0 or non-finite,NQM19-CME,19391957,2019-05-20 13:46:14.008000+00:00,7388.75,{'stop_loss_price': 7388.75}
INVALID_RISK_UNIT,risk_unit == 0 or non-finite,NQM19-CME,19391958,2019-05-20 13:46:14.009000+00:00,7388.75,{'stop_loss_price': 7388.75}
INVALID_RISK_UNIT,risk_unit == 0 or non-finite,NQM19-CME,19391964,2019-05-20 13:46:14.015000+00:00,7388.75,{'stop_loss_price': 7388.75}
INVALID_RISK_UNIT,risk_unit == 0 or non-finite,NQM19-CME,19391965,2019-05-20 13:46:14.016000+00:00,7388.75,{'stop_loss_price': 7388.75}
INVALID_RISK_UNIT,risk_unit == 0 or non-finite,NQM19-CME,19391966,2019-05-20 13:46:14.017000+00:00,7388.75,{'stop_loss_price': 7388.75}
INVALID_RISK_UNIT,risk_unit == 0 or non-finite,NQM19-CME,19391967,2019-05-20 13:46:14.018000+00:00,7388.75,{'stop_loss_price': 7388.75}
INVALID_RISK_UNIT,risk_unit == 0 or non-finite,NQM19-CME,19391968,2019-05-20 13:46:14.019000+00:00,7388.75,{'stop_loss_price': 7388.75}
INVALID_RISK_UNIT,risk_unit == 0 or non-finite,NQM19-CME,19437396,2019-05-20 14:07:35.021000+00:00,7398.25,{'stop_loss_price': 7398.25}
INVALID_RISK_UNIT,risk_unit == 0 or non-finite,NQM19-CME,19437397,2019-05-20 14:07:35.022000+00:00,7398.25,{'stop_loss_price': 7398.25}
INVALID_RISK_UNIT,risk_unit == 0 or non-finite,NQM19-CME,19437398,2019-05-20 14:07:35.023000+00:00,7398.25,{'stop_loss_price': 7398.25}
INVALID_RISK_UNIT,risk_unit == 0 or non-finite,NQM19-CME,19437399,2019-05-20 14:07:35.024000+00:00,7398.25,{'stop_loss_price': 7398.25}
INVALID_RISK_UNIT,risk_unit == 0 or non-finite,NQM19-CME,19437400,2019-05-20 14:07:35.025000+00:00,7398.25,{'stop_loss_price': 7398.25}
INVALID_RISK_UNIT,risk_unit == 0 or non-finite,NQM19-CME,19500840,2019-05-20 14:51:42+00:00,7410.5,{'stop_loss_price': 7410.5}
INVALID_RISK_UNIT,risk_unit == 0 or non-finite,NQM19-CME,19500841,2019-05-20 14:51:42.001000+00:00,7410.5,{'stop_loss_price': 7410.5}
INVALID_RISK_UNIT,risk_unit == 0 or non-finite,NQM19-CME,19500842,2019-05-20 14:51:42.002000+00:00,7410.5,{'stop_loss_price': 7410.5}
INVALID_RISK_UNIT,risk_unit == 0 or non-finite,NQM19-CME,19500843,2019-05-20 14:51:42.003000+00:00,7410.5,{'stop_loss_price': 7410.5}
INVALID_RISK_UNIT,risk_unit == 0 or non-finite,NQM19-CME,19500849,2019-05-20 14:51:42.009000+00:00,7410.5,{'stop_loss_price': 7410.5}
INVALID_RISK_UNIT,risk_unit == 0 or non-finite,NQM19-CME,19550428,2019-05-20 15:32:36.020000+00:00,7414.25,{'stop_loss_price': 7414.25}
INVALID_RISK_UNIT,risk_unit == 0 or non-finite,NQM19-CME,19550429,2019-05-20 15:32:36.021000+00:00,7414.25,{'stop_loss_price': 7414.25}
INVALID_RISK_UNIT,risk_unit == 0 or non-finite,NQM19-CME,19550430,2019-05-20 15:32:36.022000+00:00,7414.25,{'stop_loss_price': 7414.25}
INVALID_RISK_UNIT,risk_unit == 0 or non-finite,NQM19-CME,19558157,2019-05-20 15:38:03.015000+00:00,7393.75,{'stop_loss_price': 7393.75}
INVALID_RISK_UNIT,risk_unit == 0 or non-finite,NQM19-CME,19558158,2019-05-20 15:38:03.016000+00:00,7393.75,{'stop_loss_price': 7393.75}
INVALID_RISK_UNIT,risk_unit == 0 or non-finite,NQM19-CME,19558159,2019-05-20 15:38:03.017000+00:00,7393.75,{'stop_loss_price': 7393.75}
INVALID_RISK_UNIT,risk_unit == 0 or non-finite,NQM19-CME,19558179,2019-05-20 15:38:04.006000+00:00,7393.75,{'stop_loss_price': 7393.75}
INVALID_RISK_UNIT,risk_unit == 0 or non-finite,NQM19-CME,19558180,2019-05-20 15:38:04.007000+00:00,7393.75,{'stop_loss_price': 7393.75}
INVALID_RISK_UNIT,risk_unit == 0 or non-finite,NQM19-CME,19558181,2019-05-20 15:38:04.008000+00:00,7393.75,{'stop_loss_price': 7393.75}
INVALID_RISK_UNIT,risk_unit == 0 or non-finite,NQM19-CME,19558182,2019-05-20 15:38:04.009000+00:00,7393.75,{'stop_loss_price': 7393.75}
INVALID_RISK_UNIT,risk_unit == 0 or non-finite,NQM19-CME,19796263,2019-05-21 07:38:45+00:00,7414.25,{'stop_loss_price': 7414.25}
INVALID_RISK_UNIT,risk_unit == 0 or non-finite,NQM19-CME,19818913,2019-05-21 09:59:52.003000+00:00,7453.25,{'stop_loss_price': 7453.25}
INVALID_RISK_UNIT,risk_unit == 0 or non-finite,NQM19-CME,19818914,2019-05-21 09:59:52.004000+00:00,7453.25,{'stop_loss_price': 7453.25}
INVALID_RISK_UNIT,risk_unit == 0 or non-finite,NQM19-CME,19818915,2019-05-21 09:59:52.005000+00:00,7453.25,{'stop_loss_price': 7453.25}
INVALID_RISK_UNIT,risk_unit == 0 or non-finite,NQM19-CME,19818916,2019-05-21 09:59:52.006000+00:00,7453.25,{'stop_loss_price': 7453.25}
INVALID_RISK_UNIT,risk_unit == 0 or non-finite,NQM19-CME,19829706,2019-05-21 11:14:11.001000+00:00,7452.0,{'stop_loss_price': 7452.0}
INVALID_RISK_UNIT,risk_unit == 0 or non-finite,NQM19-CME,19855718,2019-05-21 13:03:35.009000+00:00,7453.75,{'stop_loss_price': 7453.75}
INVALID_RISK_UNIT,risk_unit == 0 or non-finite,NQM19-CME,19855719,2019-05-21 13:03:35.010000+00:00,7453.75,{'stop_loss_price': 7453.75}
INVALID_RISK_UNIT,risk_unit == 0 or non-finite,NQM19-CME,20026625,2019-05-21 16:02:00.066000+00:00,7467.75,{'stop_loss_price': 7467.75}
INVALID_RISK_UNIT,risk_unit == 0 or non-finite,NQM19-CME,20026626,2019-05-21 16:02:00.067000+00:00,7467.75,{'stop_loss_price': 7467.75}
INVALID_RISK_UNIT,risk_unit == 0 or non-finite,NQM19-CME,20026627,2019-05-21 16:02:00.068000+00:00,7467.75,{'stop_loss_price': 7467.75}
INVALID_RISK_UNIT,risk_unit == 0 or non-finite,NQM19-CME,20026628,2019-05-21 16:02:00.069000+00:00,7467.75,{'stop_loss_price': 7467.75}
INVALID_RISK_UNIT,risk_unit == 0 or non-finite,NQM19-CME,20099393,2019-05-21 19:39:00.006000+00:00,7468.5,{'stop_loss_price': 7468.5}
INVALID_RISK_UNIT,risk_unit == 0 or non-finite,NQM19-CME,20099394,2019-05-21 19:39:00.007000+00:00,7468.5,{'stop_loss_price': 7468.5}
INVALID_RISK_UNIT,risk_unit == 0 or non-finite,NQM19-CME,20099395,2019-05-21 19:39:02+00:00,7468.5,{'stop_loss_price': 7468.5}
INVALID_RISK_UNIT,risk_unit == 0 or non-finite,NQM19-CME,20099396,2019-05-21 19:39:02.001000+00:00,7468.5,{'stop_loss_price': 7468.5}
INVALID_RISK_UNIT,risk_unit == 0 or non-finite,NQM19-CME,20099397,2019-05-21 19:39:02.002000+00:00,7468.5,{'stop_loss_price': 7468.5}
INVALID_RISK_UNIT,risk_unit == 0 or non-finite,NQM19-CME,20099398,2019-05-21 19:39:02.003000+00:00,7468.5,{'stop_loss_price': 7468.5}
INVALID_RISK_UNIT,risk_unit == 0 or non-finite,NQM19-CME,20127039,2019-05-22 00:28:01.005000+00:00,7461.0,{'stop_loss_price': 7461.0}
INVALID_RISK_UNIT,risk_unit == 0 or non-finite,NQM19-CME,20127040,2019-05-22 00:28:01.006000+00:00,7461.0,{'stop_loss_price': 7461.0}
INVALID_RISK_UNIT,risk_unit == 0 or non-finite,NQM19-CME,20129010,2019-05-22 00:42:09.005000+00:00,7452.0,{'stop_loss_price': 7452.0}
INVALID_RISK_UNIT,risk_unit == 0 or non-finite,NQM19-CME,20129011,2019-05-22 00:42:09.006000+00:00,7452.0,{'stop_loss_price': 7452.0}
INVALID_RISK_UNIT,risk_unit == 0 or non-finite,NQM19-CME,20129014,2019-05-22 00:42:15.002000+00:00,7452.0,{'stop_loss_price': 7452.0}
INVALID_RISK_UNIT,risk_unit == 0 or non-finite,NQM19-CME,20129015,2019-05-22 00:42:17+00:00,7452.0,{'stop_loss_price': 7452.0}
INVALID_RISK_UNIT,risk_unit == 0 or non-finite,NQM19-CME,20129017,2019-05-22 00:42:19.001000+00:00,7452.0,{'stop_loss_price': 7452.0}
INVALID_RISK_UNIT,risk_unit == 0 or non-finite,NQM19-CME,20132853,2019-05-22 01:26:44.026000+00:00,7460.0,{'stop_loss_price': 7460.0}
INVALID_RISK_UNIT,risk_unit == 0 or non-finite,NQM19-CME,20132854,2019-05-22 01:26:44.027000+00:00,7460.0,{'stop_loss_price': 7460.0}
INVALID_RISK_UNIT,risk_unit == 0 or non-finite,NQM19-CME,20137816,2019-05-22 02:22:18.007000+00:00,7466.5,{'stop_loss_price': 7466.5}
INVALID_RISK_UNIT,risk_unit == 0 or non-finite,NQM19-CME,20217936,2019-05-22 13:07:45.003000+00:00,7419.25,{'stop_loss_price': 7419.25}
INVALID_RISK_UNIT,risk_unit == 0 or non-finite,NQM19-CME,20280347,2019-05-22 14:10:06.005000+00:00,7448.0,{'stop_loss_price': 7448.0}
INVALID_RISK_UNIT,risk_unit == 0 or non-finite,NQM19-CME,20280348,2019-05-22 14:10:06.006000+00:00,7448.0,{'stop_loss_price': 7448.0}
INVALID_RISK_UNIT,risk_unit == 0 or non-finite,NQM19-CME,20280349,2019-05-22 14:10:06.007000+00:00,7448.0,{'stop_loss_price': 7448.0}
INVALID_RISK_UNIT,risk_unit == 0 or non-finite,NQM19-CME,20280350,2019-05-22 14:10:06.008000+00:00,7448.0,{'stop_loss_price': 7448.0}
INVALID_RISK_UNIT,risk_unit == 0 or non-finite,NQM19-CME,20280351,2019-05-22 14:10:06.009000+00:00,7448.0,{'stop_loss_price': 7448.0}
INVALID_RISK_UNIT,risk_unit == 0 or non-finite,NQM19-CME,20291688,2019-05-22 14:15:25.081000+00:00,7461.0,{'stop_loss_price': 7461.0}
INVALID_RISK_UNIT,risk_unit == 0 or non-finite,NQM19-CME,20291689,2019-05-22 14:15:25.082000+00:00,7461.0,{'stop_loss_price': 7461.0}
INVALID_RISK_UNIT,risk_unit == 0 or non-finite,NQM19-CME,20291691,2019-05-22 14:15:25.084000+00:00,7461.0,{'stop_loss_price': 7461.0}
INVALID_RISK_UNIT,risk_unit == 0 or non-finite,NQM19-CME,20443143,2019-05-22 18:03:23.001000+00:00,7442.0,{'stop_loss_price': 7442.0}
INVALID_RISK_UNIT,risk_unit == 0 or non-finite,NQM19-CME,20470391,2019-05-22 19:03:00+00:00,7453.0,{'stop_loss_price': 7453.0}
INVALID_RISK_UNIT,risk_unit == 0 or non-finite,NQM19-CME,20470392,2019-05-22 19:03:00.001000+00:00,7453.0,{'stop_loss_price': 7453.0}
INVALID_RISK_UNIT,risk_unit == 0 or non-finite,NQM19-CME,20470393,2019-05-22 19:03:00.002000+00:00,7453.0,{'stop_loss_price': 7453.0}
INVALID_RISK_UNIT,risk_unit == 0 or non-finite,NQM19-CME,20559686,2019-05-23 08:24:08.001000+00:00,7351.25,{'stop_loss_price': 7351.25}
INVALID_RISK_UNIT,risk_unit == 0 or non-finite,NQM19-CME,20559687,2019-05-23 08:24:08.002000+00:00,7351.25,{'stop_loss_price': 7351.25}
INVALID_RISK_UNIT,risk_unit == 0 or non-finite,NQM19-CME,20559688,2019-05-23 08:24:08.003000+00:00,7351.25,{'stop_loss_price': 7351.25}
INVALID_RISK_UNIT,risk_unit == 0 or non-finite,NQM19-CME,20559689,2019-05-23 08:24:08.004000+00:00,7351.25,{'stop_loss_price': 7351.25}
INVALID_RISK_UNIT,risk_unit == 0 or non-finite,NQM19-CME,20559690,2019-05-23 08:24:08.005000+00:00,7351.25,{'stop_loss_price': 7351.25}
INVALID_RISK_UNIT,risk_unit == 0 or non-finite,NQM19-CME,20559691,2019-05-23 08:24:08.006000+00:00,7351.25,{'stop_loss_price': 7351.25}
INVALID_RISK_UNIT,risk_unit == 0 or non-finite,NQM19-CME,20559692,2019-05-23 08:24:08.007000+00:00,7351.25,{'stop_loss_price': 7351.25}
INVALID_RISK_UNIT,risk_unit == 0 or non-finite,NQM19-CME,20559693,2019-05-23 08:24:08.008000+00:00,7351.25,{'stop_loss_price': 7351.25}
INVALID_RISK_UNIT,risk_unit == 0 or non-finite,NQM19-CME,20559694,2019-05-23 08:24:08.009000+00:00,7351.25,{'stop_loss_price': 7351.25}
INVALID_RISK_UNIT,risk_unit == 0 or non-finite,NQM19-CME,20559697,2019-05-23 08:24:10+00:00,7351.25,{'stop_loss_price': 7351.25}
INVALID_RISK_UNIT,risk_unit == 0 or non-finite,NQM19-CME,20559698,2019-05-23 08:24:11+00:00,7351.25,{'stop_loss_price': 7351.25}
INVALID_RISK_UNIT,risk_unit == 0 or non-finite,NQM19-CME,20559699,2019-05-23 08:24:11.001000+00:00,7351.25,{'stop_loss_price': 7351.25}
INVALID_RISK_UNIT,risk_unit == 0 or non-finite,NQM19-CME,20586122,2019-05-23 10:41:09+00:00,7335.0,{'stop_loss_price': 7335.0}
INVALID_RISK_UNIT,risk_unit == 0 or non-finite,NQM19-CME,20586123,2019-05-23 10:41:09.001000+00:00,7335.0,{'stop_loss_price': 7335.0}
INVALID_RISK_UNIT,risk_unit == 0 or non-finite,NQM19-CME,20586124,2019-05-23 10:41:09.002000+00:00,7335.0,{'stop_loss_price': 7335.0}
INVALID_RISK_UNIT,risk_unit == 0 or non-finite,NQM19-CME,20586125,2019-05-23 10:41:09.003000+00:00,7335.0,{'stop_loss_price': 7335.0}
INVALID_RISK_UNIT,risk_unit == 0 or non-finite,NQM19-CME,20586126,2019-05-23 10:41:09.004000+00:00,7335.0,{'stop_loss_price': 7335.0}
INVALID_RISK_UNIT,risk_unit == 0 or non-finite,NQM19-CME,20586127,2019-05-23 10:41:09.005000+00:00,7335.0,{'stop_loss_price': 7335.0}
INVALID_RISK_UNIT,risk_unit == 0 or non-finite,NQM19-CME,20586128,2019-05-23 10:41:09.006000+00:00,7335.0,{'stop_loss_price': 7335.0}
INVALID_RISK_UNIT,risk_unit == 0 or non-finite,NQM19-CME,20586129,2019-05-23 10:41:09.007000+00:00,7335.0,{'stop_loss_price': 7335.0}
INVALID_RISK_UNIT,risk_unit == 0 or non-finite,NQM19-CME,20586133,2019-05-23 10:41:14+00:00,7335.0,{'stop_loss_price': 7335.0}
INVALID_RISK_UNIT,risk_unit == 0 or non-finite,NQM19-CME,20619430,2019-05-23 13:06:50.003000+00:00,7336.25,{'stop_loss_price': 7336.25}
INVALID_RISK_UNIT,risk_unit == 0 or non-finite,NQM19-CME,20619431,2019-05-23 13:06:50.004000+00:00,7336.25,{'stop_loss_price': 7336.25}
INVALID_RISK_UNIT,risk_unit == 0 or non-finite,NQM19-CME,20619432,2019-05-23 13:06:50.005000+00:00,7336.25,{'stop_loss_price': 7336.25}
INVALID_RISK_UNIT,risk_unit == 0 or non-finite,NQM19-CME,20619433,2019-05-23 13:06:50.006000+00:00,7336.25,{'stop_loss_price': 7336.25}
INVALID_RISK_UNIT,risk_unit == 0 or non-finite,NQM19-CME,20619434,2019-05-23 13:06:50.007000+00:00,7336.25,{'stop_loss_price': 7336.25}
INVALID_RISK_UNIT,risk_unit == 0 or non-finite,NQM19-CME,20619440,2019-05-23 13:06:51+00:00,7336.25,{'stop_loss_price': 7336.25}
INVALID_RISK_UNIT,risk_unit == 0 or non-finite,NQM19-CME,20619441,2019-05-23 13:06:51.001000+00:00,7336.25,{'stop_loss_price': 7336.25}
INVALID_RISK_UNIT,risk_unit == 0 or non-finite,NQM19-CME,20620428,2019-05-23 13:09:04.009000+00:00,7343.0,{'stop_loss_price': 7343.0}
INVALID_RISK_UNIT,risk_unit == 0 or non-finite,NQM19-CME,20620429,2019-05-23 13:09:04.010000+00:00,7343.0,{'stop_loss_price': 7343.0}
INVALID_RISK_UNIT,risk_unit == 0 or non-finite,NQM19-CME,20620430,2019-05-23 13:09:04.011000+00:00,7343.0,{'stop_loss_price': 7343.0}
INVALID_RISK_UNIT,risk_unit == 0 or non-finite,NQM19-CME,20620431,2019-05-23 13:09:04.012000+00:00,7343.0,{'stop_loss_price': 7343.0}
INVALID_RISK_UNIT,risk_unit == 0 or non-finite,NQM19-CME,20658019,2019-05-23 13:43:11.023000+00:00,7320.0,{'stop_loss_price': 7320.0}
INVALID_RISK_UNIT,risk_unit == 0 or non-finite,NQM19-CME,20658020,2019-05-23 13:43:11.024000+00:00,7320.0,{'stop_loss_price': 7320.0}
INVALID_RISK_UNIT,risk_unit == 0 or non-finite,NQM19-CME,20658021,2019-05-23 13:43:11.025000+00:00,7320.0,{'stop_loss_price': 7320.0}
INVALID_RISK_UNIT,risk_unit == 0 or non-finite,NQM19-CME,20658022,2019-05-23 13:43:11.026000+00:00,7320.0,{'stop_loss_price': 7320.0}
INVALID_RISK_UNIT,risk_unit == 0 or non-finite,NQM19-CME,20695095,2019-05-23 14:01:56.026000+00:00,7330.75,{'stop_loss_price': 7330.75}
INVALID_RISK_UNIT,risk_unit == 0 or non-finite,NQM19-CME,20695096,2019-05-23 14:01:56.027000+00:00,7330.75,{'stop_loss_price': 7330.75}
INVALID_RISK_UNIT,risk_unit == 0 or non-finite,NQM19-CME,20695097,2019-05-23 14:01:56.028000+00:00,7330.75,{'stop_loss_price': 7330.75}
INVALID_RISK_UNIT,risk_unit == 0 or non-finite,NQM19-CME,20695098,2019-05-23 14:01:56.029000+00:00,7330.75,{'stop_loss_price': 7330.75}
INVALID_RISK_UNIT,risk_unit == 0 or non-finite,NQM19-CME,20783570,2019-05-23 15:07:04.008000+00:00,7317.5,{'stop_loss_price': 7317.5}
INVALID_RISK_UNIT,risk_unit == 0 or non-finite,NQM19-CME,20837723,2019-05-23 16:00:08.010000+00:00,7292.25,{'stop_loss_price': 7292.25}
INVALID_RISK_UNIT,risk_unit == 0 or non-finite,NQM19-CME,20837724,2019-05-23 16:00:08.011000+00:00,7292.25,{'stop_loss_price': 7292.25}
INVALID_RISK_UNIT,risk_unit == 0 or non-finite,NQM19-CME,20837725,2019-05-23 16:00:08.012000+00:00,7292.25,{'stop_loss_price': 7292.25}
INVALID_RISK_UNIT,risk_unit == 0 or non-finite,NQM19-CME,20837726,2019-05-23 16:00:08.013000+00:00,7292.25,{'stop_loss_price': 7292.25}
INVALID_RISK_UNIT,risk_unit == 0 or non-finite,NQM19-CME,20837727,2019-05-23 16:00:08.014000+00:00,7292.25,{'stop_loss_price': 7292.25}
INVALID_RISK_UNIT,risk_unit == 0 or non-finite,NQM19-CME,20857162,2019-05-23 16:18:17.044000+00:00,7280.0,{'stop_loss_price': 7280.0}
INVALID_RISK_UNIT,risk_unit == 0 or non-finite,NQM19-CME,20857163,2019-05-23 16:18:17.045000+00:00,7280.0,{'stop_loss_price': 7280.0}
INVALID_RISK_UNIT,risk_unit == 0 or non-finite,NQM19-CME,20857164,2019-05-23 16:18:17.046000+00:00,7280.0,{'stop_loss_price': 7280.0}
INVALID_RISK_UNIT,risk_unit == 0 or non-finite,NQM19-CME,20857165,2019-05-23 16:18:17.047000+00:00,7280.0,{'stop_loss_price': 7280.0}
INVALID_RISK_UNIT,risk_unit == 0 or non-finite,NQM19-CME,20857166,2019-05-23 16:18:17.048000+00:00,7280.0,{'stop_loss_price': 7280.0}
INVALID_RISK_UNIT,risk_unit == 0 or non-finite,NQM19-CME,20857167,2019-05-23 16:18:17.049000+00:00,7280.0,{'stop_loss_price': 7280.0}
INVALID_RISK_UNIT,risk_unit == 0 or non-finite,NQM19-CME,20857168,2019-05-23 16:18:17.050000+00:00,7280.0,{'stop_loss_price': 7280.0}
INVALID_RISK_UNIT,risk_unit == 0 or non-finite,NQM19-CME,21043123,2019-05-23 20:38:59+00:00,7316.0,{'stop_loss_price': 7316.0}
INVALID_RISK_UNIT,risk_unit == 0 or non-finite,NQM19-CME,21063272,2019-05-24 02:20:59+00:00,7342.5,{'stop_loss_price': 7342.5}
INVALID_RISK_UNIT,risk_unit == 0 or non-finite,NQM19-CME,21063273,2019-05-24 02:20:59.001000+00:00,7342.5,{'stop_loss_price': 7342.5}
INVALID_RISK_UNIT,risk_unit == 0 or non-finite,NQM19-CME,21063274,2019-05-24 02:20:59.002000+00:00,7342.5,{'stop_loss_price': 7342.5}
INVALID_RISK_UNIT,risk_unit == 0 or non-finite,NQM19-CME,21063275,2019-05-24 02:20:59.003000+00:00,7342.5,{'stop_loss_price': 7342.5}
INVALID_RISK_UNIT,risk_unit == 0 or non-finite,NQM19-CME,21063276,2019-05-24 02:20:59.004000+00:00,7342.5,{'stop_loss_price': 7342.5}
INVALID_RISK_UNIT,risk_unit == 0 or non-finite,NQM19-CME,21063277,2019-05-24 02:20:59.005000+00:00,7342.5,{'stop_loss_price': 7342.5}
INVALID_RISK_UNIT,risk_unit == 0 or non-finite,NQM19-CME,21087864,2019-05-24 08:11:48.016000+00:00,7358.0,{'stop_loss_price': 7358.0}
INVALID_RISK_UNIT,risk_unit == 0 or non-finite,NQM19-CME,21087865,2019-05-24 08:11:48.017000+00:00,7358.0,{'stop_loss_price': 7358.0}
INVALID_RISK_UNIT,risk_unit == 0 or non-finite,NQM19-CME,21087866,2019-05-24 08:11:48.018000+00:00,7358.0,{'stop_loss_price': 7358.0}
INVALID_RISK_UNIT,risk_unit == 0 or non-finite,NQM19-CME,21087870,2019-05-24 08:11:49.003000+00:00,7358.0,{'stop_loss_price': 7358.0}
INVALID_RISK_UNIT,risk_unit == 0 or non-finite,NQM19-CME,21087871,2019-05-24 08:11:49.004000+00:00,7358.0,{'stop_loss_price': 7358.0}
INVALID_RISK_UNIT,risk_unit == 0 or non-finite,NQM19-CME,21087872,2019-05-24 08:11:49.005000+00:00,7358.0,{'stop_loss_price': 7358.0}
INVALID_RISK_UNIT,risk_unit == 0 or non-finite,NQM19-CME,21087873,2019-05-24 08:11:50+00:00,7358.0,{'stop_loss_price': 7358.0}
INVALID_RISK_UNIT,risk_unit == 0 or non-finite,NQM19-CME,21087874,2019-05-24 08:11:50.001000+00:00,7358.0,{'stop_loss_price': 7358.0}
INVALID_RISK_UNIT,risk_unit == 0 or non-finite,NQM19-CME,21101888,2019-05-24 10:59:28+00:00,7352.5,{'stop_loss_price': 7352.5}
INVALID_RISK_UNIT,risk_unit == 0 or non-finite,NQM19-CME,21101889,2019-05-24 10:59:28.001000+00:00,7352.5,{'stop_loss_price': 7352.5}
INVALID_RISK_UNIT,risk_unit == 0 or non-finite,NQM19-CME,21101890,2019-05-24 10:59:28.002000+00:00,7352.5,{'stop_loss_price': 7352.5}
INVALID_RISK_UNIT,risk_unit == 0 or non-finite,NQM19-CME,21117751,2019-05-24 12:31:49.015000+00:00,7338.75,{'stop_loss_price': 7338.75}
INVALID_RISK_UNIT,risk_unit == 0 or non-finite,NQM19-CME,21117752,2019-05-24 12:31:49.016000+00:00,7338.75,{'stop_loss_price': 7338.75}
INVALID_RISK_UNIT,risk_unit == 0 or non-finite,NQM19-CME,21117753,2019-05-24 12:31:49.017000+00:00,7338.75,{'stop_loss_price': 7338.75}
INVALID_RISK_UNIT,risk_unit == 0 or non-finite,NQM19-CME,21117754,2019-05-24 12:31:49.018000+00:00,7338.75,{'stop_loss_price': 7338.75}
INVALID_RISK_UNIT,risk_unit == 0 or non-finite,NQM19-CME,21168649,2019-05-24 13:50:31.003000+00:00,7360.25,{'stop_loss_price': 7360.25}
INVALID_RISK_UNIT,risk_unit == 0 or non-finite,NQM19-CME,21168650,2019-05-24 13:50:31.004000+00:00,7360.25,{'stop_loss_price': 7360.25}
INVALID_RISK_UNIT,risk_unit == 0 or non-finite,NQM19-CME,21168651,2019-05-24 13:50:31.005000+00:00,7360.25,{'stop_loss_price': 7360.25}
INVALID_RISK_UNIT,risk_unit == 0 or non-finite,NQM19-CME,21182777,2019-05-24 14:01:29.001000+00:00,7370.25,{'stop_loss_price': 7370.25}
INVALID_RISK_UNIT,risk_unit == 0 or non-finite,NQM19-CME,21182778,2019-05-24 14:01:29.002000+00:00,7370.25,{'stop_loss_price': 7370.25}
INVALID_RISK_UNIT,risk_unit == 0 or non-finite,NQM19-CME,21182779,2019-05-24 14:01:29.003000+00:00,7370.25,{'stop_loss_price': 7370.25}
INVALID_RISK_UNIT,risk_unit == 0 or non-finite,NQM19-CME,21182780,2019-05-24 14:01:29.004000+00:00,7370.25,{'stop_loss_price': 7370.25}
INVALID_RISK_UNIT,risk_unit == 0 or non-finite,NQM19-CME,21182781,2019-05-24 14:01:29.005000+00:00,7370.25,{'stop_loss_price': 7370.25}
INVALID_RISK_UNIT,risk_unit == 0 or non-finite,NQM19-CME,21182782,2019-05-24 14:01:29.006000+00:00,7370.25,{'stop_loss_price': 7370.25}
INVALID_RISK_UNIT,risk_unit == 0 or non-finite,NQM19-CME,21182783,2019-05-24 14:01:29.007000+00:00,7370.25,{'stop_loss_price': 7370.25}
INVALID_RISK_UNIT,risk_unit == 0 or non-finite,NQM19-CME,21182825,2019-05-24 14:01:29.049000+00:00,7370.25,{'stop_loss_price': 7370.25}
INVALID_RISK_UNIT,risk_unit == 0 or non-finite,NQM19-CME,21182826,2019-05-24 14:01:29.050000+00:00,7370.25,{'stop_loss_price': 7370.25}
INVALID_RISK_UNIT,risk_unit == 0 or non-finite,NQM19-CME,21182827,2019-05-24 14:01:29.051000+00:00,7370.25,{'stop_loss_price': 7370.25}
INVALID_RISK_UNIT,risk_unit == 0 or non-finite,NQM19-CME,21189128,2019-05-24 14:07:43.002000+00:00,7360.75,{'stop_loss_price': 7360.75}
INVALID_RISK_UNIT,risk_unit == 0 or non-finite,NQM19-CME,21189129,2019-05-24 14:07:43.003000+00:00,7360.75,{'stop_loss_price': 7360.75}
INVALID_RISK_UNIT,risk_unit == 0 or non-finite,NQM19-CME,21189142,2019-05-24 14:07:43.016000+00:00,7360.75,{'stop_loss_price': 7360.75}
INVALID_RISK_UNIT,risk_unit == 0 or non-finite,NQM19-CME,21275190,2019-05-24 15:50:00.002000+00:00,7335.0,{'stop_loss_price': 7335.0}
INVALID_RISK_UNIT,risk_unit == 0 or non-finite,NQM19-CME,21312737,2019-05-24 17:13:40.029000+00:00,7335.25,{'stop_loss_price': 7335.25}
INVALID_RISK_UNIT,risk_unit == 0 or non-finite,NQM19-CME,21312738,2019-05-24 17:13:40.030000+00:00,7335.25,{'stop_loss_price': 7335.25}
INVALID_RISK_UNIT,risk_unit == 0 or non-finite,NQM19-CME,21312739,2019-05-24 17:13:40.031000+00:00,7335.25,{'stop_loss_price': 7335.25}
INVALID_RISK_UNIT,risk_unit == 0 or non-finite,NQM19-CME,21312740,2019-05-24 17:13:40.032000+00:00,7335.25,{'stop_loss_price': 7335.25}
INVALID_RISK_UNIT,risk_unit == 0 or non-finite,NQM19-CME,21366767,2019-05-24 19:43:09+00:00,7313.75,{'stop_loss_price': 7313.75}
INVALID_RISK_UNIT,risk_unit == 0 or non-finite,NQM19-CME,21366768,2019-05-24 19:43:09.001000+00:00,7313.75,{'stop_loss_price': 7313.75}
INVALID_RISK_UNIT,risk_unit == 0 or non-finite,NQM19-CME,21366769,2019-05-24 19:43:09.002000+00:00,7313.75,{'stop_loss_price': 7313.75}
INVALID_RISK_UNIT,risk_unit == 0 or non-finite,NQM19-CME,21397132,2019-05-27 00:48:59.001000+00:00,7316.5,{'stop_loss_price': 7316.5}
INVALID_RISK_UNIT,risk_unit == 0 or non-finite,NQM19-CME,21397133,2019-05-27 00:48:59.002000+00:00,7316.5,{'stop_loss_price': 7316.5}
INVALID_RISK_UNIT,risk_unit == 0 or non-finite,NQM19-CME,21397134,2019-05-27 00:48:59.003000+00:00,7316.5,{'stop_loss_price': 7316.5}
INVALID_RISK_UNIT,risk_unit == 0 or non-finite,NQM19-CME,21397135,2019-05-27 00:48:59.004000+00:00,7316.5,{'stop_loss_price': 7316.5}
INVALID_RISK_UNIT,risk_unit == 0 or non-finite,NQM19-CME,21397136,2019-05-27 00:48:59.005000+00:00,7316.5,{'stop_loss_price': 7316.5}
INVALID_RISK_UNIT,risk_unit == 0 or non-finite,NQM19-CME,21401399,2019-05-27 01:56:40+00:00,7308.75,{'stop_loss_price': 7308.75}
INVALID_RISK_UNIT,risk_unit == 0 or non-finite,NQM19-CME,21401400,2019-05-27 01:56:43+00:00,7308.75,{'stop_loss_price': 7308.75}
INVALID_RISK_UNIT,risk_unit == 0 or non-finite,NQM19-CME,21423244,2019-05-27 08:46:21+00:00,7320.5,{'stop_loss_price': 7320.5}
INVALID_RISK_UNIT,risk_unit == 0 or non-finite,NQM19-CME,21441129,2019-05-27 14:36:36+00:00,7316.5,{'stop_loss_price': 7316.5}
INVALID_RISK_UNIT,risk_unit == 0 or non-finite,NQM19-CME,21441130,2019-05-27 14:36:36.001000+00:00,7316.5,{'stop_loss_price': 7316.5}
INVALID_RISK_UNIT,risk_unit == 0 or non-finite,NQM19-CME,21441131,2019-05-27 14:36:36.002000+00:00,7316.5,{'stop_loss_price': 7316.5}
INVALID_RISK_UNIT,risk_unit == 0 or non-finite,NQM19-CME,21441132,2019-05-27 14:36:36.003000+00:00,7316.5,{'stop_loss_price': 7316.5}
INVALID_RISK_UNIT,risk_unit == 0 or non-finite,NQM19-CME,21458301,2019-05-28 01:36:04.007000+00:00,7331.75,{'stop_loss_price': 7331.75}
INVALID_RISK_UNIT,risk_unit == 0 or non-finite,NQM19-CME,21458302,2019-05-28 01:36:04.008000+00:00,7331.75,{'stop_loss_price': 7331.75}
INVALID_RISK_UNIT,risk_unit == 0 or non-finite,NQM19-CME,21493315,2019-05-28 08:51:12+00:00,7305.25,{'stop_loss_price': 7305.25}
INVALID_RISK_UNIT,risk_unit == 0 or non-finite,NQM19-CME,21493316,2019-05-28 08:51:12.001000+00:00,7305.25,{'stop_loss_price': 7305.25}
INVALID_RISK_UNIT,risk_unit == 0 or non-finite,NQM19-CME,21493317,2019-05-28 08:51:12.002000+00:00,7305.25,{'stop_loss_price': 7305.25}
INVALID_RISK_UNIT,risk_unit == 0 or non-finite,NQM19-CME,21493318,2019-05-28 08:51:12.003000+00:00,7305.25,{'stop_loss_price': 7305.25}
INVALID_RISK_UNIT,risk_unit == 0 or non-finite,NQM19-CME,21493319,2019-05-28 08:51:12.004000+00:00,7305.25,{'stop_loss_price': 7305.25}
INVALID_RISK_UNIT,risk_unit == 0 or non-finite,NQM19-CME,21494187,2019-05-28 08:59:24+00:00,7299.5,{'stop_loss_price': 7299.5}
INVALID_RISK_UNIT,risk_unit == 0 or non-finite,NQM19-CME,21544657,2019-05-28 13:31:12.025000+00:00,7335.75,{'stop_loss_price': 7335.75}
INVALID_RISK_UNIT,risk_unit == 0 or non-finite,NQM19-CME,21544710,2019-05-28 13:31:14.018000+00:00,7336.25,{'stop_loss_price': 7336.25}
INVALID_RISK_UNIT,risk_unit == 0 or non-finite,NQM19-CME,21544711,2019-05-28 13:31:14.019000+00:00,7336.25,{'stop_loss_price': 7336.25}
INVALID_RISK_UNIT,risk_unit == 0 or non-finite,NQM19-CME,21544712,2019-05-28 13:31:14.020000+00:00,7336.25,{'stop_loss_price': 7336.25}
INVALID_RISK_UNIT,risk_unit == 0 or non-finite,NQM19-CME,21553838,2019-05-28 13:35:14.079000+00:00,7357.0,{'stop_loss_price': 7357.0}
INVALID_RISK_UNIT,risk_unit == 0 or non-finite,NQM19-CME,21553839,2019-05-28 13:35:14.080000+00:00,7357.0,{'stop_loss_price': 7357.0}
INVALID_RISK_UNIT,risk_unit == 0 or non-finite,NQM19-CME,21553840,2019-05-28 13:35:14.081000+00:00,7357.0,{'stop_loss_price': 7357.0}
INVALID_RISK_UNIT,risk_unit == 0 or non-finite,NQM19-CME,21553841,2019-05-28 13:35:14.082000+00:00,7357.0,{'stop_loss_price': 7357.0}
INVALID_RISK_UNIT,risk_unit == 0 or non-finite,NQM19-CME,21553842,2019-05-28 13:35:14.083000+00:00,7357.0,{'stop_loss_price': 7357.0}
INVALID_RISK_UNIT,risk_unit == 0 or non-finite,NQM19-CME,21553843,2019-05-28 13:35:14.084000+00:00,7357.0,{'stop_loss_price': 7357.0}
INVALID_RISK_UNIT,risk_unit == 0 or non-finite,NQM19-CME,21553844,2019-05-28 13:35:14.085000+00:00,7357.0,{'stop_loss_price': 7357.0}
INVALID_RISK_UNIT,risk_unit == 0 or non-finite,NQM19-CME,21553845,2019-05-28 13:35:14.086000+00:00,7357.0,{'stop_loss_price': 7357.0}
INVALID_RISK_UNIT,risk_unit == 0 or non-finite,NQM19-CME,21602227,2019-05-28 14:16:28.020000+00:00,7338.0,{'stop_loss_price': 7338.0}
INVALID_RISK_UNIT,risk_unit == 0 or non-finite,NQM19-CME,21602228,2019-05-28 14:16:28.021000+00:00,7338.0,{'stop_loss_price': 7338.0}
INVALID_RISK_UNIT,risk_unit == 0 or non-finite,NQM19-CME,21602229,2019-05-28 14:16:28.022000+00:00,7338.0,{'stop_loss_price': 7338.0}
INVALID_RISK_UNIT,risk_unit == 0 or non-finite,NQM19-CME,21602230,2019-05-28 14:16:28.023000+00:00,7338.0,{'stop_loss_price': 7338.0}
INVALID_RISK_UNIT,risk_unit == 0 or non-finite,NQM19-CME,21602231,2019-05-28 14:16:28.024000+00:00,7338.0,{'stop_loss_price': 7338.0}
INVALID_RISK_UNIT,risk_unit == 0 or non-finite,NQM19-CME,21602232,2019-05-28 14:16:28.025000+00:00,7338.0,{'stop_loss_price': 7338.0}
INVALID_RISK_UNIT,risk_unit == 0 or non-finite,NQM19-CME,21602238,2019-05-28 14:16:28.031000+00:00,7338.0,{'stop_loss_price': 7338.0}
INVALID_RISK_UNIT,risk_unit == 0 or non-finite,NQM19-CME,21602239,2019-05-28 14:16:28.032000+00:00,7338.0,{'stop_loss_price': 7338.0}
INVALID_RISK_UNIT,risk_unit == 0 or non-finite,NQM19-CME,21602240,2019-05-28 14:16:28.033000+00:00,7338.0,{'stop_loss_price': 7338.0}
INVALID_RISK_UNIT,risk_unit == 0 or non-finite,NQM19-CME,21644142,2019-05-28 14:55:10.065000+00:00,7323.5,{'stop_loss_price': 7323.5}
INVALID_RISK_UNIT,risk_unit == 0 or non-finite,NQM19-CME,21644143,2019-05-28 14:55:10.066000+00:00,7323.5,{'stop_loss_price': 7323.5}
INVALID_RISK_UNIT,risk_unit == 0 or non-finite,NQM19-CME,21644144,2019-05-28 14:55:10.067000+00:00,7323.5,{'stop_loss_price': 7323.5}
INVALID_RISK_UNIT,risk_unit == 0 or non-finite,NQM19-CME,21644145,2019-05-28 14:55:10.068000+00:00,7323.5,{'stop_loss_price': 7323.5}
INVALID_RISK_UNIT,risk_unit == 0 or non-finite,NQM19-CME,21644146,2019-05-28 14:55:10.069000+00:00,7323.5,{'stop_loss_price': 7323.5}
INVALID_RISK_UNIT,risk_unit == 0 or non-finite,NQM19-CME,21644147,2019-05-28 14:55:10.070000+00:00,7323.5,{'stop_loss_price': 7323.5}
INVALID_RISK_UNIT,risk_unit == 0 or non-finite,NQM19-CME,21644148,2019-05-28 14:55:10.071000+00:00,7323.5,{'stop_loss_price': 7323.5}
INVALID_RISK_UNIT,risk_unit == 0 or non-finite,NQM19-CME,21644149,2019-05-28 14:55:10.072000+00:00,7323.5,{'stop_loss_price': 7323.5}
INVALID_RISK_UNIT,risk_unit == 0 or non-finite,NQM19-CME,21644150,2019-05-28 14:55:10.073000+00:00,7323.5,{'stop_loss_price': 7323.5}
INVALID_RISK_UNIT,risk_unit == 0 or non-finite,NQM19-CME,21644151,2019-05-28 14:55:10.074000+00:00,7323.5,{'stop_loss_price': 7323.5}
INVALID_RISK_UNIT,risk_unit == 0 or non-finite,NQM19-CME,21644152,2019-05-28 14:55:10.075000+00:00,7323.5,{'stop_loss_price': 7323.5}
INVALID_RISK_UNIT,risk_unit == 0 or non-finite,NQM19-CME,21644153,2019-05-28 14:55:10.076000+00:00,7323.5,{'stop_loss_price': 7323.5}
INVALID_RISK_UNIT,risk_unit == 0 or non-finite,NQM19-CME,21644154,2019-05-28 14:55:10.077000+00:00,7323.5,{'stop_loss_price': 7323.5}
INVALID_RISK_UNIT,risk_unit == 0 or non-finite,NQM19-CME,21644155,2019-05-28 14:55:10.078000+00:00,7323.5,{'stop_loss_price': 7323.5}
INVALID_RISK_UNIT,risk_unit == 0 or non-finite,NQM19-CME,21647981,2019-05-28 14:58:18.001000+00:00,7332.0,{'stop_loss_price': 7332.0}
INVALID_RISK_UNIT,risk_unit == 0 or non-finite,NQM19-CME,21647982,2019-05-28 14:58:18.002000+00:00,7332.0,{'stop_loss_price': 7332.0}
INVALID_RISK_UNIT,risk_unit == 0 or non-finite,NQM19-CME,21647983,2019-05-28 14:58:18.003000+00:00,7332.0,{'stop_loss_price': 7332.0}
INVALID_RISK_UNIT,risk_unit == 0 or non-finite,NQM19-CME,21647986,2019-05-28 14:58:18.006000+00:00,7332.0,{'stop_loss_price': 7332.0}
INVALID_RISK_UNIT,risk_unit == 0 or non-finite,NQM19-CME,21656859,2019-05-28 15:06:41.003000+00:00,7343.5,{'stop_loss_price': 7343.5}
INVALID_RISK_UNIT,risk_unit == 0 or non-finite,NQM19-CME,21656860,2019-05-28 15:06:41.004000+00:00,7343.5,{'stop_loss_price': 7343.5}
INVALID_RISK_UNIT,risk_unit == 0 or non-finite,NQM19-CME,21656861,2019-05-28 15:06:41.005000+00:00,7343.5,{'stop_loss_price': 7343.5}
INVALID_RISK_UNIT,risk_unit == 0 or non-finite,NQM19-CME,21656862,2019-05-28 15:06:41.006000+00:00,7343.5,{'stop_loss_price': 7343.5}
INVALID_RISK_UNIT,risk_unit == 0 or non-finite,NQM19-CME,21656863,2019-05-28 15:06:41.007000+00:00,7343.5,{'stop_loss_price': 7343.5}
INVALID_RISK_UNIT,risk_unit == 0 or non-finite,NQM19-CME,21685827,2019-05-28 15:41:17.009000+00:00,7341.75,{'stop_loss_price': 7341.75}
INVALID_RISK_UNIT,risk_unit == 0 or non-finite,NQM19-CME,21685828,2019-05-28 15:41:17.010000+00:00,7341.75,{'stop_loss_price': 7341.75}
INVALID_RISK_UNIT,risk_unit == 0 or non-finite,NQM19-CME,21685829,2019-05-28 15:41:17.011000+00:00,7341.75,{'stop_loss_price': 7341.75}
INVALID_RISK_UNIT,risk_unit == 0 or non-finite,NQM19-CME,21685830,2019-05-28 15:41:17.012000+00:00,7341.75,{'stop_loss_price': 7341.75}
INVALID_RISK_UNIT,risk_unit == 0 or non-finite,NQM19-CME,21685831,2019-05-28 15:41:17.013000+00:00,7341.75,{'stop_loss_price': 7341.75}
INVALID_RISK_UNIT,risk_unit == 0 or non-finite,NQM19-CME,21685832,2019-05-28 15:41:17.014000+00:00,7341.75,{'stop_loss_price': 7341.75}
INVALID_RISK_UNIT,risk_unit == 0 or non-finite,NQM19-CME,21685833,2019-05-28 15:41:17.015000+00:00,7341.75,{'stop_loss_price': 7341.75}
INVALID_RISK_UNIT,risk_unit == 0 or non-finite,NQM19-CME,21685834,2019-05-28 15:41:17.016000+00:00,7341.75,{'stop_loss_price': 7341.75}
INVALID_RISK_UNIT,risk_unit == 0 or non-finite,NQM19-CME,21743370,2019-05-28 17:53:57+00:00,7339.5,{'stop_loss_price': 7339.5}
INVALID_RISK_UNIT,risk_unit == 0 or non-finite,NQM19-CME,21760389,2019-05-28 18:36:01.003000+00:00,7325.5,{'stop_loss_price': 7325.5}
INVALID_RISK_UNIT,risk_unit == 0 or non-finite,NQM19-CME,21760390,2019-05-28 18:36:01.004000+00:00,7325.5,{'stop_loss_price': 7325.5}
INVALID_RISK_UNIT,risk_unit == 0 or non-finite,NQM19-CME,21760391,2019-05-28 18:36:01.005000+00:00,7325.5,{'stop_loss_price': 7325.5}
INVALID_RISK_UNIT,risk_unit == 0 or non-finite,NQM19-CME,21770800,2019-05-28 18:51:35.008000+00:00,7310.25,{'stop_loss_price': 7310.25}
INVALID_RISK_UNIT,risk_unit == 0 or non-finite,NQM19-CME,21770801,2019-05-28 18:51:35.009000+00:00,7310.25,{'stop_loss_price': 7310.25}
INVALID_RISK_UNIT,risk_unit == 0 or non-finite,NQM19-CME,21770802,2019-05-28 18:51:35.010000+00:00,7310.25,{'stop_loss_price': 7310.25}
INVALID_RISK_UNIT,risk_unit == 0 or non-finite,NQM19-CME,21774517,2019-05-28 18:58:44.065000+00:00,7307.75,{'stop_loss_price': 7307.75}
INVALID_RISK_UNIT,risk_unit == 0 or non-finite,NQM19-CME,21774518,2019-05-28 18:58:44.066000+00:00,7307.75,{'stop_loss_price': 7307.75}
INVALID_RISK_UNIT,risk_unit == 0 or non-finite,NQM19-CME,21774519,2019-05-28 18:58:44.067000+00:00,7307.75,{'stop_loss_price': 7307.75}
INVALID_RISK_UNIT,risk_unit == 0 or non-finite,NQM19-CME,21774520,2019-05-28 18:58:44.068000+00:00,7307.75,{'stop_loss_price': 7307.75}
INVALID_RISK_UNIT,risk_unit == 0 or non-finite,NQM19-CME,21774521,2019-05-28 18:58:44.069000+00:00,7307.75,{'stop_loss_price': 7307.75}
INVALID_RISK_UNIT,risk_unit == 0 or non-finite,NQM19-CME,21774522,2019-05-28 18:58:44.070000+00:00,7307.75,{'stop_loss_price': 7307.75}
INVALID_RISK_UNIT,risk_unit == 0 or non-finite,NQM19-CME,21774523,2019-05-28 18:58:44.071000+00:00,7307.75,{'stop_loss_price': 7307.75}
INVALID_RISK_UNIT,risk_unit == 0 or non-finite,NQM19-CME,21774524,2019-05-28 18:58:44.072000+00:00,7307.75,{'stop_loss_price': 7307.75}
INVALID_RISK_UNIT,risk_unit == 0 or non-finite,NQM19-CME,21790000,2019-05-28 19:26:04.001000+00:00,7308.0,{'stop_loss_price': 7308.0}
INVALID_RISK_UNIT,risk_unit == 0 or non-finite,NQM19-CME,21800079,2019-05-28 19:38:13+00:00,7292.5,{'stop_loss_price': 7292.5}
INVALID_RISK_UNIT,risk_unit == 0 or non-finite,NQM19-CME,21800080,2019-05-28 19:38:13.001000+00:00,7292.5,{'stop_loss_price': 7292.5}
INVALID_RISK_UNIT,risk_unit == 0 or non-finite,NQM19-CME,21800081,2019-05-28 19:38:13.002000+00:00,7292.5,{'stop_loss_price': 7292.5}
INVALID_RISK_UNIT,risk_unit == 0 or non-finite,NQM19-CME,21800082,2019-05-28 19:38:13.003000+00:00,7292.5,{'stop_loss_price': 7292.5}
INVALID_RISK_UNIT,risk_unit == 0 or non-finite,NQM19-CME,21800083,2019-05-28 19:38:13.004000+00:00,7292.5,{'stop_loss_price': 7292.5}
INVALID_RISK_UNIT,risk_unit == 0 or non-finite,NQM19-CME,21800084,2019-05-28 19:38:13.005000+00:00,7292.5,{'stop_loss_price': 7292.5}
INVALID_RISK_UNIT,risk_unit == 0 or non-finite,NQM19-CME,21800085,2019-05-28 19:38:13.006000+00:00,7292.5,{'stop_loss_price': 7292.5}
INVALID_RISK_UNIT,risk_unit == 0 or non-finite,NQM19-CME,21800086,2019-05-28 19:38:13.007000+00:00,7292.5,{'stop_loss_price': 7292.5}
INVALID_RISK_UNIT,risk_unit == 0 or non-finite,NQM19-CME,21800089,2019-05-28 19:38:13.010000+00:00,7292.5,{'stop_loss_price': 7292.5}
INVALID_RISK_UNIT,risk_unit == 0 or non-finite,NQM19-CME,21800090,2019-05-28 19:38:13.011000+00:00,7292.5,{'stop_loss_price': 7292.5}
INVALID_RISK_UNIT,risk_unit == 0 or non-finite,NQM19-CME,21800091,2019-05-28 19:38:13.012000+00:00,7292.5,{'stop_loss_price': 7292.5}
INVALID_RISK_UNIT,risk_unit == 0 or non-finite,NQM19-CME,21800092,2019-05-28 19:38:13.013000+00:00,7292.5,{'stop_loss_price': 7292.5}
INVALID_RISK_UNIT,risk_unit == 0 or non-finite,NQM19-CME,21800093,2019-05-28 19:38:13.014000+00:00,7292.5,{'stop_loss_price': 7292.5}
INVALID_RISK_UNIT,risk_unit == 0 or non-finite,NQM19-CME,21800094,2019-05-28 19:38:13.015000+00:00,7292.5,{'stop_loss_price': 7292.5}
INVALID_RISK_UNIT,risk_unit == 0 or non-finite,NQM19-CME,21800095,2019-05-28 19:38:13.016000+00:00,7292.5,{'stop_loss_price': 7292.5}
INVALID_RISK_UNIT,risk_unit == 0 or non-finite,NQM19-CME,21800096,2019-05-28 19:38:13.017000+00:00,7292.5,{'stop_loss_price': 7292.5}
INVALID_RISK_UNIT,risk_unit == 0 or non-finite,NQM19-CME,21800097,2019-05-28 19:38:13.018000+00:00,7292.5,{'stop_loss_price': 7292.5}
INVALID_RISK_UNIT,risk_unit == 0 or non-finite,NQM19-CME,21812002,2019-05-28 19:49:43.001000+00:00,7289.75,{'stop_loss_price': 7289.75}
INVALID_RISK_UNIT,risk_unit == 0 or non-finite,NQM19-CME,21812003,2019-05-28 19:49:43.002000+00:00,7289.75,{'stop_loss_price': 7289.75}
INVALID_RISK_UNIT,risk_unit == 0 or non-finite,NQM19-CME,21812004,2019-05-28 19:49:43.003000+00:00,7289.75,{'stop_loss_price': 7289.75}
INVALID_RISK_UNIT,risk_unit == 0 or non-finite,NQM19-CME,21812005,2019-05-28 19:49:43.004000+00:00,7289.75,{'stop_loss_price': 7289.75}
INVALID_RISK_UNIT,risk_unit == 0 or non-finite,NQM19-CME,21859473,2019-05-29 01:48:44+00:00,7253.75,{'stop_loss_price': 7253.75}
INVALID_RISK_UNIT,risk_unit == 0 or non-finite,NQM19-CME,21859474,2019-05-29 01:48:44.001000+00:00,7253.75,{'stop_loss_price': 7253.75}
INVALID_RISK_UNIT,risk_unit == 0 or non-finite,NQM19-CME,21859475,2019-05-29 01:48:44.002000+00:00,7253.75,{'stop_loss_price': 7253.75}
INVALID_RISK_UNIT,risk_unit == 0 or non-finite,NQM19-CME,21859476,2019-05-29 01:48:44.003000+00:00,7253.75,{'stop_loss_price': 7253.75}
INVALID_RISK_UNIT,risk_unit == 0 or non-finite,NQM19-CME,21924413,2019-05-29 11:28:10.003000+00:00,7236.0,{'stop_loss_price': 7236.0}
INVALID_RISK_UNIT,risk_unit == 0 or non-finite,NQM19-CME,21937704,2019-05-29 12:48:31.003000+00:00,7230.5,{'stop_loss_price': 7230.5}
INVALID_RISK_UNIT,risk_unit == 0 or non-finite,NQM19-CME,21937705,2019-05-29 12:48:32+00:00,7230.5,{'stop_loss_price': 7230.5}
INVALID_RISK_UNIT,risk_unit == 0 or non-finite,NQM19-CME,21937706,2019-05-29 12:48:32.001000+00:00,7230.5,{'stop_loss_price': 7230.5}
INVALID_RISK_UNIT,risk_unit == 0 or non-finite,NQM19-CME,21979218,2019-05-29 13:42:18.010000+00:00,7220.0,{'stop_loss_price': 7220.0}
INVALID_RISK_UNIT,risk_unit == 0 or non-finite,NQM19-CME,21984274,2019-05-29 13:44:51.021000+00:00,7236.25,{'stop_loss_price': 7236.25}
INVALID_RISK_UNIT,risk_unit == 0 or non-finite,NQM19-CME,21999011,2019-05-29 13:53:49.003000+00:00,7224.75,{'stop_loss_price': 7224.75}
INVALID_RISK_UNIT,risk_unit == 0 or non-finite,NQM19-CME,21999012,2019-05-29 13:53:49.004000+00:00,7224.75,{'stop_loss_price': 7224.75}
INVALID_RISK_UNIT,risk_unit == 0 or non-finite,NQM19-CME,21999013,2019-05-29 13:53:49.005000+00:00,7224.75,{'stop_loss_price': 7224.75}
INVALID_RISK_UNIT,risk_unit == 0 or non-finite,NQM19-CME,21999014,2019-05-29 13:53:49.006000+00:00,7224.75,{'stop_loss_price': 7224.75}
INVALID_RISK_UNIT,risk_unit == 0 or non-finite,NQM19-CME,21999015,2019-05-29 13:53:49.007000+00:00,7224.75,{'stop_loss_price': 7224.75}
INVALID_RISK_UNIT,risk_unit == 0 or non-finite,NQM19-CME,22033112,2019-05-29 14:19:24.030000+00:00,7256.0,{'stop_loss_price': 7256.0}
INVALID_RISK_UNIT,risk_unit == 0 or non-finite,NQM19-CME,22033113,2019-05-29 14:19:24.031000+00:00,7256.0,{'stop_loss_price': 7256.0}
INVALID_RISK_UNIT,risk_unit == 0 or non-finite,NQM19-CME,22033114,2019-05-29 14:19:24.032000+00:00,7256.0,{'stop_loss_price': 7256.0}
INVALID_RISK_UNIT,risk_unit == 0 or non-finite,NQM19-CME,22033115,2019-05-29 14:19:24.033000+00:00,7256.0,{'stop_loss_price': 7256.0}
INVALID_RISK_UNIT,risk_unit == 0 or non-finite,NQM19-CME,22033116,2019-05-29 14:19:24.034000+00:00,7256.0,{'stop_loss_price': 7256.0}
INVALID_RISK_UNIT,risk_unit == 0 or non-finite,NQM19-CME,22033117,2019-05-29 14:19:24.035000+00:00,7256.0,{'stop_loss_price': 7256.0}
INVALID_RISK_UNIT,risk_unit == 0 or non-finite,NQM19-CME,22033118,2019-05-29 14:19:24.036000+00:00,7256.0,{'stop_loss_price': 7256.0}
INVALID_RISK_UNIT,risk_unit == 0 or non-finite,NQM19-CME,22033119,2019-05-29 14:19:24.037000+00:00,7256.0,{'stop_loss_price': 7256.0}
INVALID_RISK_UNIT,risk_unit == 0 or non-finite,NQM19-CME,22033124,2019-05-29 14:19:24.042000+00:00,7256.0,{'stop_loss_price': 7256.0}
INVALID_RISK_UNIT,risk_unit == 0 or non-finite,NQM19-CME,22149549,2019-05-29 16:06:13.071000+00:00,7205.25,{'stop_loss_price': 7205.25}
INVALID_RISK_UNIT,risk_unit == 0 or non-finite,NQM19-CME,22149550,2019-05-29 16:06:13.072000+00:00,7205.25,{'stop_loss_price': 7205.25}
INVALID_RISK_UNIT,risk_unit == 0 or non-finite,NQM19-CME,22149551,2019-05-29 16:06:13.073000+00:00,7205.25,{'stop_loss_price': 7205.25}
INVALID_RISK_UNIT,risk_unit == 0 or non-finite,NQM19-CME,22149552,2019-05-29 16:06:13.074000+00:00,7205.25,{'stop_loss_price': 7205.25}
INVALID_RISK_UNIT,risk_unit == 0 or non-finite,NQM19-CME,22235835,2019-05-29 18:39:06.011000+00:00,7209.5,{'stop_loss_price': 7209.5}
INVALID_RISK_UNIT,risk_unit == 0 or non-finite,NQM19-CME,22316395,2019-05-30 01:14:15+00:00,7224.0,{'stop_loss_price': 7224.0}
INVALID_RISK_UNIT,risk_unit == 0 or non-finite,NQM19-CME,22350138,2019-05-30 09:20:23+00:00,7243.25,{'stop_loss_price': 7243.25}
INVALID_RISK_UNIT,risk_unit == 0 or non-finite,NQM19-CME,22350139,2019-05-30 09:20:23.001000+00:00,7243.25,{'stop_loss_price': 7243.25}
INVALID_RISK_UNIT,risk_unit == 0 or non-finite,NQM19-CME,22350140,2019-05-30 09:20:25+00:00,7243.25,{'stop_loss_price': 7243.25}
INVALID_RISK_UNIT,risk_unit == 0 or non-finite,NQM19-CME,22420789,2019-05-30 13:56:03.007000+00:00,7264.75,{'stop_loss_price': 7264.75}
INVALID_RISK_UNIT,risk_unit == 0 or non-finite,NQM19-CME,22420790,2019-05-30 13:56:03.008000+00:00,7264.75,{'stop_loss_price': 7264.75}
INVALID_RISK_UNIT,risk_unit == 0 or non-finite,NQM19-CME,22461668,2019-05-30 14:51:14.006000+00:00,7250.25,{'stop_loss_price': 7250.25}
INVALID_RISK_UNIT,risk_unit == 0 or non-finite,NQM19-CME,22461669,2019-05-30 14:51:14.007000+00:00,7250.25,{'stop_loss_price': 7250.25}
INVALID_RISK_UNIT,risk_unit == 0 or non-finite,NQM19-CME,22461670,2019-05-30 14:51:14.008000+00:00,7250.25,{'stop_loss_price': 7250.25}
INVALID_RISK_UNIT,risk_unit == 0 or non-finite,NQM19-CME,22475759,2019-05-30 15:06:13.001000+00:00,7238.75,{'stop_loss_price': 7238.75}
INVALID_RISK_UNIT,risk_unit == 0 or non-finite,NQM19-CME,22475760,2019-05-30 15:06:13.002000+00:00,7238.75,{'stop_loss_price': 7238.75}
INVALID_RISK_UNIT,risk_unit == 0 or non-finite,NQM19-CME,22475761,2019-05-30 15:06:13.003000+00:00,7238.75,{'stop_loss_price': 7238.75}
INVALID_RISK_UNIT,risk_unit == 0 or non-finite,NQM19-CME,22522439,2019-05-30 16:31:36.003000+00:00,7238.75,{'stop_loss_price': 7238.75}
INVALID_RISK_UNIT,risk_unit == 0 or non-finite,NQM19-CME,22522440,2019-05-30 16:31:36.004000+00:00,7238.75,{'stop_loss_price': 7238.75}
INVALID_RISK_UNIT,risk_unit == 0 or non-finite,NQM19-CME,22522441,2019-05-30 16:31:36.005000+00:00,7238.75,{'stop_loss_price': 7238.75}
INVALID_RISK_UNIT,risk_unit == 0 or non-finite,NQM19-CME,22522442,2019-05-30 16:31:36.006000+00:00,7238.75,{'stop_loss_price': 7238.75}
INVALID_RISK_UNIT,risk_unit == 0 or non-finite,NQM19-CME,22522443,2019-05-30 16:31:37+00:00,7238.75,{'stop_loss_price': 7238.75}
INVALID_RISK_UNIT,risk_unit == 0 or non-finite,NQM19-CME,22529295,2019-05-30 16:45:25.006000+00:00,7254.5,{'stop_loss_price': 7254.5}
INVALID_RISK_UNIT,risk_unit == 0 or non-finite,NQM19-CME,22529296,2019-05-30 16:45:25.007000+00:00,7254.5,{'stop_loss_price': 7254.5}
INVALID_RISK_UNIT,risk_unit == 0 or non-finite,NQM19-CME,22529297,2019-05-30 16:45:25.008000+00:00,7254.5,{'stop_loss_price': 7254.5}
INVALID_RISK_UNIT,risk_unit == 0 or non-finite,NQM19-CME,22529298,2019-05-30 16:45:25.009000+00:00,7254.5,{'stop_loss_price': 7254.5}
INVALID_RISK_UNIT,risk_unit == 0 or non-finite,NQM19-CME,22529299,2019-05-30 16:45:25.010000+00:00,7254.5,{'stop_loss_price': 7254.5}
INVALID_RISK_UNIT,risk_unit == 0 or non-finite,NQM19-CME,22529300,2019-05-30 16:45:26+00:00,7254.5,{'stop_loss_price': 7254.5}
INVALID_RISK_UNIT,risk_unit == 0 or non-finite,NQM19-CME,22529302,2019-05-30 16:45:26.002000+00:00,7254.5,{'stop_loss_price': 7254.5}
INVALID_RISK_UNIT,risk_unit == 0 or non-finite,NQM19-CME,22588273,2019-05-30 18:55:38.046000+00:00,7233.0,{'stop_loss_price': 7233.0}
INVALID_RISK_UNIT,risk_unit == 0 or non-finite,NQM19-CME,22588274,2019-05-30 18:55:38.047000+00:00,7233.0,{'stop_loss_price': 7233.0}
INVALID_RISK_UNIT,risk_unit == 0 or non-finite,NQM19-CME,22588275,2019-05-30 18:55:38.048000+00:00,7233.0,{'stop_loss_price': 7233.0}
INVALID_RISK_UNIT,risk_unit == 0 or non-finite,NQM19-CME,22588279,2019-05-30 18:55:39.001000+00:00,7233.0,{'stop_loss_price': 7233.0}
INVALID_RISK_UNIT,risk_unit == 0 or non-finite,NQM19-CME,22588280,2019-05-30 18:55:39.002000+00:00,7233.0,{'stop_loss_price': 7233.0}
INVALID_RISK_UNIT,risk_unit == 0 or non-finite,NQM19-CME,22588286,2019-05-30 18:55:40+00:00,7233.0,{'stop_loss_price': 7233.0}
INVALID_RISK_UNIT,risk_unit == 0 or non-finite,NQM19-CME,22646969,2019-05-30 23:43:25.002000+00:00,7213.0,{'stop_loss_price': 7213.0}
INVALID_RISK_UNIT,risk_unit == 0 or non-finite,NQM19-CME,22646970,2019-05-30 23:43:25.003000+00:00,7213.0,{'stop_loss_price': 7213.0}
INVALID_RISK_UNIT,risk_unit == 0 or non-finite,NQM19-CME,22647507,2019-05-30 23:45:07+00:00,7210.5,{'stop_loss_price': 7210.5}
INVALID_RISK_UNIT,risk_unit == 0 or non-finite,NQM19-CME,22647508,2019-05-30 23:45:07.001000+00:00,7210.5,{'stop_loss_price': 7210.5}
INVALID_RISK_UNIT,risk_unit == 0 or non-finite,NQM19-CME,22650198,2019-05-30 23:50:25.005000+00:00,7197.0,{'stop_loss_price': 7197.0}
INVALID_RISK_UNIT,risk_unit == 0 or non-finite,NQM19-CME,22660079,2019-05-31 00:18:05+00:00,7182.5,{'stop_loss_price': 7182.5}
INVALID_RISK_UNIT,risk_unit == 0 or non-finite,NQM19-CME,22684105,2019-05-31 03:10:05.014000+00:00,7198.5,{'stop_loss_price': 7198.5}
INVALID_RISK_UNIT,risk_unit == 0 or non-finite,NQM19-CME,22689712,2019-05-31 04:53:55.002000+00:00,7203.0,{'stop_loss_price': 7203.0}
INVALID_RISK_UNIT,risk_unit == 0 or non-finite,NQM19-CME,22689713,2019-05-31 04:53:55.003000+00:00,7203.0,{'stop_loss_price': 7203.0}
INVALID_RISK_UNIT,risk_unit == 0 or non-finite,NQM19-CME,22689714,2019-05-31 04:53:55.004000+00:00,7203.0,{'stop_loss_price': 7203.0}
INVALID_RISK_UNIT,risk_unit == 0 or non-finite,NQM19-CME,22696234,2019-05-31 06:24:14+00:00,7191.75,{'stop_loss_price': 7191.75}
INVALID_RISK_UNIT,risk_unit == 0 or non-finite,NQM19-CME,22696235,2019-05-31 06:24:14.001000+00:00,7191.75,{'stop_loss_price': 7191.75}
INVALID_RISK_UNIT,risk_unit == 0 or non-finite,NQM19-CME,22700539,2019-05-31 07:01:33.004000+00:00,7184.0,{'stop_loss_price': 7184.0}
INVALID_RISK_UNIT,risk_unit == 0 or non-finite,NQM19-CME,22700540,2019-05-31 07:01:33.005000+00:00,7184.0,{'stop_loss_price': 7184.0}
INVALID_RISK_UNIT,risk_unit == 0 or non-finite,NQM19-CME,22700541,2019-05-31 07:01:33.006000+00:00,7184.0,{'stop_loss_price': 7184.0}
INVALID_RISK_UNIT,risk_unit == 0 or non-finite,NQM19-CME,22700542,2019-05-31 07:01:34+00:00,7184.0,{'stop_loss_price': 7184.0}
INVALID_RISK_UNIT,risk_unit == 0 or non-finite,NQM19-CME,22708493,2019-05-31 07:25:37.001000+00:00,7174.25,{'stop_loss_price': 7174.25}
INVALID_RISK_UNIT,risk_unit == 0 or non-finite,NQM19-CME,22708494,2019-05-31 07:25:37.002000+00:00,7174.25,{'stop_loss_price': 7174.25}
INVALID_RISK_UNIT,risk_unit == 0 or non-finite,NQM19-CME,22720583,2019-05-31 08:15:08+00:00,7166.0,{'stop_loss_price': 7166.0}
INVALID_RISK_UNIT,risk_unit == 0 or non-finite,NQM19-CME,22788795,2019-05-31 13:32:52.006000+00:00,7161.25,{'stop_loss_price': 7161.25}
INVALID_RISK_UNIT,risk_unit == 0 or non-finite,NQM19-CME,22788796,2019-05-31 13:32:52.007000+00:00,7161.25,{'stop_loss_price': 7161.25}
INVALID_RISK_UNIT,risk_unit == 0 or non-finite,NQM19-CME,22788797,2019-05-31 13:32:52.008000+00:00,7161.25,{'stop_loss_price': 7161.25}
INVALID_RISK_UNIT,risk_unit == 0 or non-finite,NQM19-CME,22788833,2019-05-31 13:32:53.007000+00:00,7161.25,{'stop_loss_price': 7161.25}
INVALID_RISK_UNIT,risk_unit == 0 or non-finite,NQM19-CME,22788834,2019-05-31 13:32:53.008000+00:00,7161.25,{'stop_loss_price': 7161.25}
INVALID_RISK_UNIT,risk_unit == 0 or non-finite,NQM19-CME,22791600,2019-05-31 13:34:19.001000+00:00,7161.0,{'stop_loss_price': 7161.0}
INVALID_RISK_UNIT,risk_unit == 0 or non-finite,NQM19-CME,22791601,2019-05-31 13:34:19.002000+00:00,7161.0,{'stop_loss_price': 7161.0}
INVALID_RISK_UNIT,risk_unit == 0 or non-finite,NQM19-CME,22791613,2019-05-31 13:34:20.004000+00:00,7161.0,{'stop_loss_price': 7161.0}
INVALID_RISK_UNIT,risk_unit == 0 or non-finite,NQM19-CME,22791614,2019-05-31 13:34:20.005000+00:00,7161.0,{'stop_loss_price': 7161.0}
INVALID_RISK_UNIT,risk_unit == 0 or non-finite,NQM19-CME,22791615,2019-05-31 13:34:20.006000+00:00,7161.0,{'stop_loss_price': 7161.0}
INVALID_RISK_UNIT,risk_unit == 0 or non-finite,NQM19-CME,22791616,2019-05-31 13:34:20.007000+00:00,7161.0,{'stop_loss_price': 7161.0}
INVALID_RISK_UNIT,risk_unit == 0 or non-finite,NQM19-CME,22791617,2019-05-31 13:34:20.008000+00:00,7161.0,{'stop_loss_price': 7161.0}
INVALID_RISK_UNIT,risk_unit == 0 or non-finite,NQM19-CME,22791618,2019-05-31 13:34:20.009000+00:00,7161.0,{'stop_loss_price': 7161.0}
INVALID_RISK_UNIT,risk_unit == 0 or non-finite,NQM19-CME,22791619,2019-05-31 13:34:20.010000+00:00,7161.0,{'stop_loss_price': 7161.0}
INVALID_RISK_UNIT,risk_unit == 0 or non-finite,NQM19-CME,22791620,2019-05-31 13:34:20.011000+00:00,7161.0,{'stop_loss_price': 7161.0}
INVALID_RISK_UNIT,risk_unit == 0 or non-finite,NQM19-CME,22791621,2019-05-31 13:34:20.012000+00:00,7161.0,{'stop_loss_price': 7161.0}
INVALID_RISK_UNIT,risk_unit == 0 or non-finite,NQM19-CME,22791622,2019-05-31 13:34:20.013000+00:00,7161.0,{'stop_loss_price': 7161.0}
INVALID_RISK_UNIT,risk_unit == 0 or non-finite,NQM19-CME,22791623,2019-05-31 13:34:20.014000+00:00,7161.0,{'stop_loss_price': 7161.0}
INVALID_RISK_UNIT,risk_unit == 0 or non-finite,NQM19-CME,22791624,2019-05-31 13:34:20.015000+00:00,7161.0,{'stop_loss_price': 7161.0}
INVALID_RISK_UNIT,risk_unit == 0 or non-finite,NQM19-CME,22825399,2019-05-31 13:51:44.005000+00:00,7136.5,{'stop_loss_price': 7136.5}
INVALID_RISK_UNIT,risk_unit == 0 or non-finite,NQM19-CME,22825400,2019-05-31 13:51:44.006000+00:00,7136.5,{'stop_loss_price': 7136.5}
INVALID_RISK_UNIT,risk_unit == 0 or non-finite,NQM19-CME,22825401,2019-05-31 13:51:44.007000+00:00,7136.5,{'stop_loss_price': 7136.5}
INVALID_RISK_UNIT,risk_unit == 0 or non-finite,NQM19-CME,22825402,2019-05-31 13:51:44.008000+00:00,7136.5,{'stop_loss_price': 7136.5}
INVALID_RISK_UNIT,risk_unit == 0 or non-finite,NQM19-CME,22825403,2019-05-31 13:51:44.009000+00:00,7136.5,{'stop_loss_price': 7136.5}
INVALID_RISK_UNIT,risk_unit == 0 or non-finite,NQM19-CME,22825404,2019-05-31 13:51:44.010000+00:00,7136.5,{'stop_loss_price': 7136.5}
INVALID_RISK_UNIT,risk_unit == 0 or non-finite,NQM19-CME,22825405,2019-05-31 13:51:44.011000+00:00,7136.5,{'stop_loss_price': 7136.5}
INVALID_RISK_UNIT,risk_unit == 0 or non-finite,NQM19-CME,22825406,2019-05-31 13:51:44.012000+00:00,7136.5,{'stop_loss_price': 7136.5}
INVALID_RISK_UNIT,risk_unit == 0 or non-finite,NQM19-CME,22825407,2019-05-31 13:51:44.013000+00:00,7136.5,{'stop_loss_price': 7136.5}
INVALID_RISK_UNIT,risk_unit == 0 or non-finite,NQM19-CME,22840848,2019-05-31 14:02:26.020000+00:00,7153.5,{'stop_loss_price': 7153.5}
INVALID_RISK_UNIT,risk_unit == 0 or non-finite,NQM19-CME,23160023,2019-06-03 08:08:19+00:00,7079.75,{'stop_loss_price': 7079.75}
INVALID_RISK_UNIT,risk_unit == 0 or non-finite,NQM19-CME,23190640,2019-06-03 12:15:15.001000+00:00,7099.0,{'stop_loss_price': 7099.0}
INVALID_RISK_UNIT,risk_unit == 0 or non-finite,NQM19-CME,23190641,2019-06-03 12:15:16+00:00,7099.0,{'stop_loss_price': 7099.0}
INVALID_RISK_UNIT,risk_unit == 0 or non-finite,NQM19-CME,23190642,2019-06-03 12:15:16.001000+00:00,7099.0,{'stop_loss_price': 7099.0}
INVALID_RISK_UNIT,risk_unit == 0 or non-finite,NQM19-CME,23190643,2019-06-03 12:15:16.002000+00:00,7099.0,{'stop_loss_price': 7099.0}
INVALID_RISK_UNIT,risk_unit == 0 or non-finite,NQM19-CME,23209114,2019-06-03 13:31:16.111000+00:00,7126.75,{'stop_loss_price': 7126.75}
INVALID_RISK_UNIT,risk_unit == 0 or non-finite,NQM19-CME,23209115,2019-06-03 13:31:16.112000+00:00,7126.75,{'stop_loss_price': 7126.75}
INVALID_RISK_UNIT,risk_unit == 0 or non-finite,NQM19-CME,23209116,2019-06-03 13:31:16.113000+00:00,7126.75,{'stop_loss_price': 7126.75}
INVALID_RISK_UNIT,risk_unit == 0 or non-finite,NQM19-CME,23209117,2019-06-03 13:31:16.114000+00:00,7126.75,{'stop_loss_price': 7126.75}
INVALID_RISK_UNIT,risk_unit == 0 or non-finite,NQM19-CME,23209118,2019-06-03 13:31:16.115000+00:00,7126.75,{'stop_loss_price': 7126.75}
INVALID_RISK_UNIT,risk_unit == 0 or non-finite,NQM19-CME,23209122,2019-06-03 13:31:16.119000+00:00,7126.75,{'stop_loss_price': 7126.75}
INVALID_RISK_UNIT,risk_unit == 0 or non-finite,NQM19-CME,23212615,2019-06-03 13:31:52.012000+00:00,7129.0,{'stop_loss_price': 7129.0}
INVALID_RISK_UNIT,risk_unit == 0 or non-finite,NQM19-CME,23212616,2019-06-03 13:31:52.013000+00:00,7129.0,{'stop_loss_price': 7129.0}
INVALID_RISK_UNIT,risk_unit == 0 or non-finite,NQM19-CME,23212617,2019-06-03 13:31:52.014000+00:00,7129.0,{'stop_loss_price': 7129.0}
INVALID_RISK_UNIT,risk_unit == 0 or non-finite,NQM19-CME,23212618,2019-06-03 13:31:52.015000+00:00,7129.0,{'stop_loss_price': 7129.0}
INVALID_RISK_UNIT,risk_unit == 0 or non-finite,NQM19-CME,23212619,2019-06-03 13:31:52.016000+00:00,7129.0,{'stop_loss_price': 7129.0}
INVALID_RISK_UNIT,risk_unit == 0 or non-finite,NQM19-CME,23212623,2019-06-03 13:31:52.020000+00:00,7129.0,{'stop_loss_price': 7129.0}
INVALID_RISK_UNIT,risk_unit == 0 or non-finite,NQM19-CME,23218690,2019-06-03 13:34:07.039000+00:00,7128.25,{'stop_loss_price': 7128.25}
INVALID_RISK_UNIT,risk_unit == 0 or non-finite,NQM19-CME,23218691,2019-06-03 13:34:07.040000+00:00,7128.25,{'stop_loss_price': 7128.25}
INVALID_RISK_UNIT,risk_unit == 0 or non-finite,NQM19-CME,23218692,2019-06-03 13:34:07.041000+00:00,7128.25,{'stop_loss_price': 7128.25}
INVALID_RISK_UNIT,risk_unit == 0 or non-finite,NQM19-CME,23218708,2019-06-03 13:34:08.015000+00:00,7128.25,{'stop_loss_price': 7128.25}
INVALID_RISK_UNIT,risk_unit == 0 or non-finite,NQM19-CME,23218709,2019-06-03 13:34:08.016000+00:00,7128.25,{'stop_loss_price': 7128.25}
INVALID_RISK_UNIT,risk_unit == 0 or non-finite,NQM19-CME,23218710,2019-06-03 13:34:08.017000+00:00,7128.25,{'stop_loss_price': 7128.25}
INVALID_RISK_UNIT,risk_unit == 0 or non-finite,NQM19-CME,23218713,2019-06-03 13:34:08.020000+00:00,7128.25,{'stop_loss_price': 7128.25}
INVALID_RISK_UNIT,risk_unit == 0 or non-finite,NQM19-CME,23218714,2019-06-03 13:34:08.021000+00:00,7128.25,{'stop_loss_price': 7128.25}
INVALID_RISK_UNIT,risk_unit == 0 or non-finite,NQM19-CME,23223139,2019-06-03 13:36:08.014000+00:00,7126.75,{'stop_loss_price': 7126.75}
INVALID_RISK_UNIT,risk_unit == 0 or non-finite,NQM19-CME,23252828,2019-06-03 13:48:32.073000+00:00,7061.5,{'stop_loss_price': 7061.5}
INVALID_RISK_UNIT,risk_unit == 0 or non-finite,NQM19-CME,23252829,2019-06-03 13:48:32.074000+00:00,7061.5,{'stop_loss_price': 7061.5}
INVALID_RISK_UNIT,risk_unit == 0 or non-finite,NQM19-CME,23252830,2019-06-03 13:48:32.075000+00:00,7061.5,{'stop_loss_price': 7061.5}
INVALID_RISK_UNIT,risk_unit == 0 or non-finite,NQM19-CME,23252831,2019-06-03 13:48:32.076000+00:00,7061.5,{'stop_loss_price': 7061.5}
INVALID_RISK_UNIT,risk_unit == 0 or non-finite,NQM19-CME,23272475,2019-06-03 13:58:07.047000+00:00,7065.0,{'stop_loss_price': 7065.0}
INVALID_RISK_UNIT,risk_unit == 0 or non-finite,NQM19-CME,23272476,2019-06-03 13:58:07.048000+00:00,7065.0,{'stop_loss_price': 7065.0}
INVALID_RISK_UNIT,risk_unit == 0 or non-finite,NQM19-CME,23272477,2019-06-03 13:58:07.049000+00:00,7065.0,{'stop_loss_price': 7065.0}
INVALID_RISK_UNIT,risk_unit == 0 or non-finite,NQM19-CME,23305169,2019-06-03 14:11:37.014000+00:00,7060.75,{'stop_loss_price': 7060.75}
INVALID_RISK_UNIT,risk_unit == 0 or non-finite,NQM19-CME,23317997,2019-06-03 14:19:29.002000+00:00,7062.75,{'stop_loss_price': 7062.75}
INVALID_RISK_UNIT,risk_unit == 0 or non-finite,NQM19-CME,23335561,2019-06-03 14:32:09+00:00,7082.75,{'stop_loss_price': 7082.75}
INVALID_RISK_UNIT,risk_unit == 0 or non-finite,NQM19-CME,23360344,2019-06-03 14:54:34+00:00,7077.75,{'stop_loss_price': 7077.75}
INVALID_RISK_UNIT,risk_unit == 0 or non-finite,NQM19-CME,23360345,2019-06-03 14:54:34.001000+00:00,7077.75,{'stop_loss_price': 7077.75}
INVALID_RISK_UNIT,risk_unit == 0 or non-finite,NQM19-CME,23377724,2019-06-03 15:09:31+00:00,7084.25,{'stop_loss_price': 7084.25}
INVALID_RISK_UNIT,risk_unit == 0 or non-finite,NQM19-CME,23377725,2019-06-03 15:09:31.001000+00:00,7084.25,{'stop_loss_price': 7084.25}
INVALID_RISK_UNIT,risk_unit == 0 or non-finite,NQM19-CME,23377726,2019-06-03 15:09:31.002000+00:00,7084.25,{'stop_loss_price': 7084.25}
INVALID_RISK_UNIT,risk_unit == 0 or non-finite,NQM19-CME,23377727,2019-06-03 15:09:31.003000+00:00,7084.25,{'stop_loss_price': 7084.25}
INVALID_RISK_UNIT,risk_unit == 0 or non-finite,NQM19-CME,23377728,2019-06-03 15:09:31.004000+00:00,7084.25,{'stop_loss_price': 7084.25}
INVALID_RISK_UNIT,risk_unit == 0 or non-finite,NQM19-CME,23377729,2019-06-03 15:09:31.005000+00:00,7084.25,{'stop_loss_price': 7084.25}
INVALID_RISK_UNIT,risk_unit == 0 or non-finite,NQM19-CME,23377730,2019-06-03 15:09:31.006000+00:00,7084.25,{'stop_loss_price': 7084.25}
INVALID_RISK_UNIT,risk_unit == 0 or non-finite,NQM19-CME,23517771,2019-06-03 17:25:11.243000+00:00,7027.5,{'stop_loss_price': 7027.5}
INVALID_RISK_UNIT,risk_unit == 0 or non-finite,NQM19-CME,23517772,2019-06-03 17:25:11.244000+00:00,7027.5,{'stop_loss_price': 7027.5}
INVALID_RISK_UNIT,risk_unit == 0 or non-finite,NQM19-CME,23517773,2019-06-03 17:25:11.245000+00:00,7027.5,{'stop_loss_price': 7027.5}
INVALID_RISK_UNIT,risk_unit == 0 or non-finite,NQM19-CME,23517774,2019-06-03 17:25:11.246000+00:00,7027.5,{'stop_loss_price': 7027.5}
INVALID_RISK_UNIT,risk_unit == 0 or non-finite,NQM19-CME,23556793,2019-06-03 17:38:28.011000+00:00,6978.25,{'stop_loss_price': 6978.25}
INVALID_RISK_UNIT,risk_unit == 0 or non-finite,NQM19-CME,23558772,2019-06-03 17:39:52.016000+00:00,6974.0,{'stop_loss_price': 6974.0}
INVALID_RISK_UNIT,risk_unit == 0 or non-finite,NQM19-CME,23570064,2019-06-03 17:48:13.006000+00:00,6987.25,{'stop_loss_price': 6987.25}
INVALID_RISK_UNIT,risk_unit == 0 or non-finite,NQM19-CME,23570065,2019-06-03 17:48:13.007000+00:00,6987.25,{'stop_loss_price': 6987.25}
INVALID_RISK_UNIT,risk_unit == 0 or non-finite,NQM19-CME,23633023,2019-06-03 18:51:16+00:00,6978.5,{'stop_loss_price': 6978.5}
INVALID_RISK_UNIT,risk_unit == 0 or non-finite,NQM19-CME,23633024,2019-06-03 18:51:16.001000+00:00,6978.5,{'stop_loss_price': 6978.5}
INVALID_RISK_UNIT,risk_unit == 0 or non-finite,NQM19-CME,23633028,2019-06-03 18:51:17.002000+00:00,6978.5,{'stop_loss_price': 6978.5}
INVALID_RISK_UNIT,risk_unit == 0 or non-finite,NQM19-CME,23633029,2019-06-03 18:51:18+00:00,6978.5,{'stop_loss_price': 6978.5}
INVALID_RISK_UNIT,risk_unit == 0 or non-finite,NQM19-CME,23635567,2019-06-03 18:54:31.012000+00:00,6979.5,{'stop_loss_price': 6979.5}
INVALID_RISK_UNIT,risk_unit == 0 or non-finite,NQM19-CME,23635568,2019-06-03 18:54:31.013000+00:00,6979.5,{'stop_loss_price': 6979.5}
INVALID_RISK_UNIT,risk_unit == 0 or non-finite,NQM19-CME,23635569,2019-06-03 18:54:31.014000+00:00,6979.5,{'stop_loss_price': 6979.5}
INVALID_RISK_UNIT,risk_unit == 0 or non-finite,NQM19-CME,23649755,2019-06-03 19:07:15.020000+00:00,6968.0,{'stop_loss_price': 6968.0}
INVALID_RISK_UNIT,risk_unit == 0 or non-finite,NQM19-CME,23741293,2019-06-03 23:49:01+00:00,7006.0,{'stop_loss_price': 7006.0}
INVALID_RISK_UNIT,risk_unit == 0 or non-finite,NQM19-CME,23745973,2019-06-04 00:27:43+00:00,6993.0,{'stop_loss_price': 6993.0}
INVALID_RISK_UNIT,risk_unit == 0 or non-finite,NQM19-CME,23761316,2019-06-04 04:33:50.002000+00:00,7001.25,{'stop_loss_price': 7001.25}
INVALID_RISK_UNIT,risk_unit == 0 or non-finite,NQM19-CME,23761317,2019-06-04 04:33:50.003000+00:00,7001.25,{'stop_loss_price': 7001.25}
INVALID_RISK_UNIT,risk_unit == 0 or non-finite,NQM19-CME,23761318,2019-06-04 04:33:50.004000+00:00,7001.25,{'stop_loss_price': 7001.25}
INVALID_RISK_UNIT,risk_unit == 0 or non-finite,NQM19-CME,23761319,2019-06-04 04:33:56+00:00,7001.25,{'stop_loss_price': 7001.25}
INVALID_RISK_UNIT,risk_unit == 0 or non-finite,NQM19-CME,23761320,2019-06-04 04:33:56.001000+00:00,7001.25,{'stop_loss_price': 7001.25}
INVALID_RISK_UNIT,risk_unit == 0 or non-finite,NQM19-CME,23761321,2019-06-04 04:34:04+00:00,7001.25,{'stop_loss_price': 7001.25}
INVALID_RISK_UNIT,risk_unit == 0 or non-finite,NQM19-CME,23761326,2019-06-04 04:34:22+00:00,7001.25,{'stop_loss_price': 7001.25}
INVALID_RISK_UNIT,risk_unit == 0 or non-finite,NQM19-CME,23841529,2019-06-04 13:31:16.002000+00:00,7061.75,{'stop_loss_price': 7061.75}
INVALID_RISK_UNIT,risk_unit == 0 or non-finite,NQM19-CME,23845035,2019-06-04 13:32:20.075000+00:00,7051.0,{'stop_loss_price': 7051.0}
INVALID_RISK_UNIT,risk_unit == 0 or non-finite,NQM19-CME,24011197,2019-06-04 15:13:07.011000+00:00,7118.0,{'stop_loss_price': 7118.0}
INVALID_RISK_UNIT,risk_unit == 0 or non-finite,NQM19-CME,24011198,2019-06-04 15:13:07.012000+00:00,7118.0,{'stop_loss_price': 7118.0}
INVALID_RISK_UNIT,risk_unit == 0 or non-finite,NQM19-CME,24011199,2019-06-04 15:13:07.013000+00:00,7118.0,{'stop_loss_price': 7118.0}
INVALID_RISK_UNIT,risk_unit == 0 or non-finite,NQM19-CME,24011229,2019-06-04 15:13:09.016000+00:00,7118.0,{'stop_loss_price': 7118.0}
INVALID_RISK_UNIT,risk_unit == 0 or non-finite,NQM19-CME,24015694,2019-06-04 15:17:52.030000+00:00,7111.75,{'stop_loss_price': 7111.75}
INVALID_RISK_UNIT,risk_unit == 0 or non-finite,NQM19-CME,24015695,2019-06-04 15:17:52.031000+00:00,7111.75,{'stop_loss_price': 7111.75}
INVALID_RISK_UNIT,risk_unit == 0 or non-finite,NQM19-CME,24015696,2019-06-04 15:17:52.032000+00:00,7111.75,{'stop_loss_price': 7111.75}
INVALID_RISK_UNIT,risk_unit == 0 or non-finite,NQM19-CME,24015697,2019-06-04 15:17:52.033000+00:00,7111.75,{'stop_loss_price': 7111.75}
INVALID_RISK_UNIT,risk_unit == 0 or non-finite,NQM19-CME,24015698,2019-06-04 15:17:52.034000+00:00,7111.75,{'stop_loss_price': 7111.75}
INVALID_RISK_UNIT,risk_unit == 0 or non-finite,NQM19-CME,24015699,2019-06-04 15:17:53+00:00,7111.75,{'stop_loss_price': 7111.75}
INVALID_RISK_UNIT,risk_unit == 0 or non-finite,NQM19-CME,24098635,2019-06-04 17:16:24+00:00,7136.5,{'stop_loss_price': 7136.5}
INVALID_RISK_UNIT,risk_unit == 0 or non-finite,NQM19-CME,24170797,2019-06-04 19:55:00.509000+00:00,7158.75,{'stop_loss_price': 7158.75}
INVALID_RISK_UNIT,risk_unit == 0 or non-finite,NQM19-CME,24170798,2019-06-04 19:55:00.510000+00:00,7158.75,{'stop_loss_price': 7158.75}
INVALID_RISK_UNIT,risk_unit == 0 or non-finite,NQM19-CME,24170799,2019-06-04 19:55:00.511000+00:00,7158.75,{'stop_loss_price': 7158.75}
INVALID_RISK_UNIT,risk_unit == 0 or non-finite,NQM19-CME,24189794,2019-06-04 20:10:01.004000+00:00,7174.5,{'stop_loss_price': 7174.5}
INVALID_RISK_UNIT,risk_unit == 0 or non-finite,NQM19-CME,24204756,2019-06-05 00:11:49+00:00,7195.75,{'stop_loss_price': 7195.75}
INVALID_RISK_UNIT,risk_unit == 0 or non-finite,NQM19-CME,24204757,2019-06-05 00:11:49.001000+00:00,7195.75,{'stop_loss_price': 7195.75}
INVALID_RISK_UNIT,risk_unit == 0 or non-finite,NQM19-CME,24204758,2019-06-05 00:11:49.002000+00:00,7195.75,{'stop_loss_price': 7195.75}
INVALID_RISK_UNIT,risk_unit == 0 or non-finite,NQM19-CME,24204759,2019-06-05 00:11:49.003000+00:00,7195.75,{'stop_loss_price': 7195.75}
INVALID_RISK_UNIT,risk_unit == 0 or non-finite,NQM19-CME,24204760,2019-06-05 00:11:49.004000+00:00,7195.75,{'stop_loss_price': 7195.75}
INVALID_RISK_UNIT,risk_unit == 0 or non-finite,NQM19-CME,24204767,2019-06-05 00:11:50.006000+00:00,7195.75,{'stop_loss_price': 7195.75}
INVALID_RISK_UNIT,risk_unit == 0 or non-finite,NQM19-CME,24230127,2019-06-05 06:41:07+00:00,7184.5,{'stop_loss_price': 7184.5}
INVALID_RISK_UNIT,risk_unit == 0 or non-finite,NQM19-CME,24275856,2019-06-05 12:06:50.008000+00:00,7233.25,{'stop_loss_price': 7233.25}
INVALID_RISK_UNIT,risk_unit == 0 or non-finite,NQM19-CME,24275857,2019-06-05 12:06:50.009000+00:00,7233.25,{'stop_loss_price': 7233.25}
INVALID_RISK_UNIT,risk_unit == 0 or non-finite,NQM19-CME,24294001,2019-06-05 13:07:17.002000+00:00,7222.0,{'stop_loss_price': 7222.0}
INVALID_RISK_UNIT,risk_unit == 0 or non-finite,NQM19-CME,24294002,2019-06-05 13:07:17.003000+00:00,7222.0,{'stop_loss_price': 7222.0}
INVALID_RISK_UNIT,risk_unit == 0 or non-finite,NQM19-CME,24294005,2019-06-05 13:07:21.001000+00:00,7222.0,{'stop_loss_price': 7222.0}
INVALID_RISK_UNIT,risk_unit == 0 or non-finite,NQM19-CME,24294006,2019-06-05 13:07:21.002000+00:00,7222.0,{'stop_loss_price': 7222.0}
INVALID_RISK_UNIT,risk_unit == 0 or non-finite,NQM19-CME,24295630,2019-06-05 13:11:12.007000+00:00,7222.25,{'stop_loss_price': 7222.25}
INVALID_RISK_UNIT,risk_unit == 0 or non-finite,NQM19-CME,24311889,2019-06-05 13:32:42.015000+00:00,7226.0,{'stop_loss_price': 7226.0}
INVALID_RISK_UNIT,risk_unit == 0 or non-finite,NQM19-CME,24311890,2019-06-05 13:32:42.016000+00:00,7226.0,{'stop_loss_price': 7226.0}
INVALID_RISK_UNIT,risk_unit == 0 or non-finite,NQM19-CME,24333947,2019-06-05 13:43:28.006000+00:00,7211.75,{'stop_loss_price': 7211.75}
INVALID_RISK_UNIT,risk_unit == 0 or non-finite,NQM19-CME,24342520,2019-06-05 13:47:21.233000+00:00,7198.5,{'stop_loss_price': 7198.5}
INVALID_RISK_UNIT,risk_unit == 0 or non-finite,NQM19-CME,24342521,2019-06-05 13:47:21.234000+00:00,7198.5,{'stop_loss_price': 7198.5}
INVALID_RISK_UNIT,risk_unit == 0 or non-finite,NQM19-CME,24342522,2019-06-05 13:47:21.235000+00:00,7198.5,{'stop_loss_price': 7198.5}
INVALID_RISK_UNIT,risk_unit == 0 or non-finite,NQM19-CME,24342523,2019-06-05 13:47:21.236000+00:00,7198.5,{'stop_loss_price': 7198.5}
INVALID_RISK_UNIT,risk_unit == 0 or non-finite,NQM19-CME,24342524,2019-06-05 13:47:21.237000+00:00,7198.5,{'stop_loss_price': 7198.5}
INVALID_RISK_UNIT,risk_unit == 0 or non-finite,NQM19-CME,24342525,2019-06-05 13:47:21.238000+00:00,7198.5,{'stop_loss_price': 7198.5}
INVALID_RISK_UNIT,risk_unit == 0 or non-finite,NQM19-CME,24342526,2019-06-05 13:47:21.239000+00:00,7198.5,{'stop_loss_price': 7198.5}
INVALID_RISK_UNIT,risk_unit == 0 or non-finite,NQM19-CME,24342527,2019-06-05 13:47:21.240000+00:00,7198.5,{'stop_loss_price': 7198.5}
INVALID_RISK_UNIT,risk_unit == 0 or non-finite,NQM19-CME,24409693,2019-06-05 14:22:44.016000+00:00,7180.25,{'stop_loss_price': 7180.25}
INVALID_RISK_UNIT,risk_unit == 0 or non-finite,NQM19-CME,24427830,2019-06-05 14:33:47.017000+00:00,7163.25,{'stop_loss_price': 7163.25}
INVALID_RISK_UNIT,risk_unit == 0 or non-finite,NQM19-CME,24445423,2019-06-05 14:47:35.003000+00:00,7165.75,{'stop_loss_price': 7165.75}
INVALID_RISK_UNIT,risk_unit == 0 or non-finite,NQM19-CME,24452245,2019-06-05 14:51:54.067000+00:00,7154.25,{'stop_loss_price': 7154.25}
INVALID_RISK_UNIT,risk_unit == 0 or non-finite,NQM19-CME,24483628,2019-06-05 15:17:55+00:00,7182.0,{'stop_loss_price': 7182.0}
INVALID_RISK_UNIT,risk_unit == 0 or non-finite,NQM19-CME,24483629,2019-06-05 15:17:55.001000+00:00,7182.0,{'stop_loss_price': 7182.0}
INVALID_RISK_UNIT,risk_unit == 0 or non-finite,NQM19-CME,24483630,2019-06-05 15:17:55.002000+00:00,7182.0,{'stop_loss_price': 7182.0}
INVALID_RISK_UNIT,risk_unit == 0 or non-finite,NQM19-CME,24483631,2019-06-05 15:17:55.003000+00:00,7182.0,{'stop_loss_price': 7182.0}
INVALID_RISK_UNIT,risk_unit == 0 or non-finite,NQM19-CME,24483632,2019-06-05 15:17:55.004000+00:00,7182.0,{'stop_loss_price': 7182.0}
INVALID_RISK_UNIT,risk_unit == 0 or non-finite,NQM19-CME,24483633,2019-06-05 15:17:55.005000+00:00,7182.0,{'stop_loss_price': 7182.0}
INVALID_RISK_UNIT,risk_unit == 0 or non-finite,NQM19-CME,24513489,2019-06-05 15:49:01+00:00,7197.25,{'stop_loss_price': 7197.25}
INVALID_RISK_UNIT,risk_unit == 0 or non-finite,NQM19-CME,24539658,2019-06-05 16:26:59.002000+00:00,7200.25,{'stop_loss_price': 7200.25}
INVALID_RISK_UNIT,risk_unit == 0 or non-finite,NQM19-CME,24539659,2019-06-05 16:26:59.003000+00:00,7200.25,{'stop_loss_price': 7200.25}
INVALID_RISK_UNIT,risk_unit == 0 or non-finite,NQM19-CME,24539660,2019-06-05 16:26:59.004000+00:00,7200.25,{'stop_loss_price': 7200.25}
INVALID_RISK_UNIT,risk_unit == 0 or non-finite,NQM19-CME,24539661,2019-06-05 16:26:59.005000+00:00,7200.25,{'stop_loss_price': 7200.25}
INVALID_RISK_UNIT,risk_unit == 0 or non-finite,NQM19-CME,24539662,2019-06-05 16:26:59.006000+00:00,7200.25,{'stop_loss_price': 7200.25}
INVALID_RISK_UNIT,risk_unit == 0 or non-finite,NQM19-CME,24539663,2019-06-05 16:27:00+00:00,7200.25,{'stop_loss_price': 7200.25}
INVALID_RISK_UNIT,risk_unit == 0 or non-finite,NQM19-CME,24539664,2019-06-05 16:27:00.001000+00:00,7200.25,{'stop_loss_price': 7200.25}
INVALID_RISK_UNIT,risk_unit == 0 or non-finite,NQM19-CME,24539665,2019-06-05 16:27:00.002000+00:00,7200.25,{'stop_loss_price': 7200.25}
INVALID_RISK_UNIT,risk_unit == 0 or non-finite,NQM19-CME,24539666,2019-06-05 16:27:00.003000+00:00,7200.25,{'stop_loss_price': 7200.25}
INVALID_RISK_UNIT,risk_unit == 0 or non-finite,NQM19-CME,24539667,2019-06-05 16:27:00.004000+00:00,7200.25,{'stop_loss_price': 7200.25}
INVALID_RISK_UNIT,risk_unit == 0 or non-finite,NQM19-CME,24539668,2019-06-05 16:27:00.005000+00:00,7200.25,{'stop_loss_price': 7200.25}
INVALID_RISK_UNIT,risk_unit == 0 or non-finite,NQM19-CME,24539669,2019-06-05 16:27:00.006000+00:00,7200.25,{'stop_loss_price': 7200.25}
INVALID_RISK_UNIT,risk_unit == 0 or non-finite,NQM19-CME,24573906,2019-06-05 17:36:30+00:00,7209.75,{'stop_loss_price': 7209.75}
INVALID_RISK_UNIT,risk_unit == 0 or non-finite,NQM19-CME,24573907,2019-06-05 17:36:30.001000+00:00,7209.75,{'stop_loss_price': 7209.75}
INVALID_RISK_UNIT,risk_unit == 0 or non-finite,NQM19-CME,24573909,2019-06-05 17:36:30.003000+00:00,7209.75,{'stop_loss_price': 7209.75}
INVALID_RISK_UNIT,risk_unit == 0 or non-finite,NQM19-CME,24621232,2019-06-05 19:38:39+00:00,7201.25,{'stop_loss_price': 7201.25}
INVALID_RISK_UNIT,risk_unit == 0 or non-finite,NQM19-CME,24628694,2019-06-05 19:51:27.014000+00:00,7219.25,{'stop_loss_price': 7219.25}
INVALID_RISK_UNIT,risk_unit == 0 or non-finite,NQM19-CME,24628695,2019-06-05 19:51:27.015000+00:00,7219.25,{'stop_loss_price': 7219.25}
INVALID_RISK_UNIT,risk_unit == 0 or non-finite,NQM19-CME,24653690,2019-06-05 23:18:36+00:00,7203.0,{'stop_loss_price': 7203.0}
INVALID_RISK_UNIT,risk_unit == 0 or non-finite,NQM19-CME,24667989,2019-06-06 03:37:53.001000+00:00,7232.0,{'stop_loss_price': 7232.0}
INVALID_RISK_UNIT,risk_unit == 0 or non-finite,NQM19-CME,24728489,2019-06-06 13:07:58+00:00,7233.25,{'stop_loss_price': 7233.25}
INVALID_RISK_UNIT,risk_unit == 0 or non-finite,NQM19-CME,24728490,2019-06-06 13:07:58.001000+00:00,7233.25,{'stop_loss_price': 7233.25}
INVALID_RISK_UNIT,risk_unit == 0 or non-finite,NQM19-CME,24780051,2019-06-06 13:54:30.003000+00:00,7214.25,{'stop_loss_price': 7214.25}
INVALID_RISK_UNIT,risk_unit == 0 or non-finite,NQM19-CME,24780052,2019-06-06 13:54:30.004000+00:00,7214.25,{'stop_loss_price': 7214.25}
INVALID_RISK_UNIT,risk_unit == 0 or non-finite,NQM19-CME,24780053,2019-06-06 13:54:30.005000+00:00,7214.25,{'stop_loss_price': 7214.25}
INVALID_RISK_UNIT,risk_unit == 0 or non-finite,NQM19-CME,24780054,2019-06-06 13:54:30.006000+00:00,7214.25,{'stop_loss_price': 7214.25}
INVALID_RISK_UNIT,risk_unit == 0 or non-finite,NQM19-CME,24780056,2019-06-06 13:54:30.008000+00:00,7214.25,{'stop_loss_price': 7214.25}
INVALID_RISK_UNIT,risk_unit == 0 or non-finite,NQM19-CME,24844320,2019-06-06 15:02:54.001000+00:00,7226.75,{'stop_loss_price': 7226.75}
INVALID_RISK_UNIT,risk_unit == 0 or non-finite,NQM19-CME,24847314,2019-06-06 15:07:10.001000+00:00,7231.0,{'stop_loss_price': 7231.0}
INVALID_RISK_UNIT,risk_unit == 0 or non-finite,NQM19-CME,24932097,2019-06-06 18:33:56.037000+00:00,7258.25,{'stop_loss_price': 7258.25}
INVALID_RISK_UNIT,risk_unit == 0 or non-finite,NQM19-CME,24933245,2019-06-06 18:34:15.039000+00:00,7263.0,{'stop_loss_price': 7263.0}
INVALID_RISK_UNIT,risk_unit == 0 or non-finite,NQM19-CME,24984905,2019-06-06 19:46:07.008000+00:00,7284.0,{'stop_loss_price': 7284.0}
INVALID_RISK_UNIT,risk_unit == 0 or non-finite,NQM19-CME,24984906,2019-06-06 19:46:07.009000+00:00,7284.0,{'stop_loss_price': 7284.0}
INVALID_RISK_UNIT,risk_unit == 0 or non-finite,NQM19-CME,24984907,2019-06-06 19:46:07.010000+00:00,7284.0,{'stop_loss_price': 7284.0}
INVALID_RISK_UNIT,risk_unit == 0 or non-finite,NQM19-CME,24984908,2019-06-06 19:46:07.011000+00:00,7284.0,{'stop_loss_price': 7284.0}
INVALID_RISK_UNIT,risk_unit == 0 or non-finite,NQM19-CME,24984909,2019-06-06 19:46:07.012000+00:00,7284.0,{'stop_loss_price': 7284.0}
INVALID_RISK_UNIT,risk_unit == 0 or non-finite,NQM19-CME,24984910,2019-06-06 19:46:07.013000+00:00,7284.0,{'stop_loss_price': 7284.0}
INVALID_RISK_UNIT,risk_unit == 0 or non-finite,NQM19-CME,24984911,2019-06-06 19:46:07.014000+00:00,7284.0,{'stop_loss_price': 7284.0}
INVALID_RISK_UNIT,risk_unit == 0 or non-finite,NQM19-CME,24984912,2019-06-06 19:46:07.015000+00:00,7284.0,{'stop_loss_price': 7284.0}
INVALID_RISK_UNIT,risk_unit == 0 or non-finite,NQM19-CME,24984913,2019-06-06 19:46:07.016000+00:00,7284.0,{'stop_loss_price': 7284.0}
INVALID_RISK_UNIT,risk_unit == 0 or non-finite,NQM19-CME,24984914,2019-06-06 19:46:07.017000+00:00,7284.0,{'stop_loss_price': 7284.0}
INVALID_RISK_UNIT,risk_unit == 0 or non-finite,NQM19-CME,24984917,2019-06-06 19:46:07.020000+00:00,7284.0,{'stop_loss_price': 7284.0}
INVALID_RISK_UNIT,risk_unit == 0 or non-finite,NQM19-CME,24984918,2019-06-06 19:46:08+00:00,7284.0,{'stop_loss_price': 7284.0}
INVALID_RISK_UNIT,risk_unit == 0 or non-finite,NQM19-CME,24984919,2019-06-06 19:46:08.001000+00:00,7284.0,{'stop_loss_price': 7284.0}
INVALID_RISK_UNIT,risk_unit == 0 or non-finite,NQM19-CME,24995568,2019-06-06 19:57:14.012000+00:00,7275.75,{'stop_loss_price': 7275.75}
INVALID_RISK_UNIT,risk_unit == 0 or non-finite,NQM19-CME,24995569,2019-06-06 19:57:14.013000+00:00,7275.75,{'stop_loss_price': 7275.75}
INVALID_RISK_UNIT,risk_unit == 0 or non-finite,NQM19-CME,24995570,2019-06-06 19:57:14.014000+00:00,7275.75,{'stop_loss_price': 7275.75}
INVALID_RISK_UNIT,risk_unit == 0 or non-finite,NQM19-CME,24995571,2019-06-06 19:57:14.015000+00:00,7275.75,{'stop_loss_price': 7275.75}
INVALID_RISK_UNIT,risk_unit == 0 or non-finite,NQM19-CME,24995572,2019-06-06 19:57:14.016000+00:00,7275.75,{'stop_loss_price': 7275.75}
INVALID_RISK_UNIT,risk_unit == 0 or non-finite,NQM19-CME,24995573,2019-06-06 19:57:14.017000+00:00,7275.75,{'stop_loss_price': 7275.75}
INVALID_RISK_UNIT,risk_unit == 0 or non-finite,NQM19-CME,24995574,2019-06-06 19:57:14.018000+00:00,7275.75,{'stop_loss_price': 7275.75}
INVALID_RISK_UNIT,risk_unit == 0 or non-finite,NQM19-CME,24995575,2019-06-06 19:57:14.019000+00:00,7275.75,{'stop_loss_price': 7275.75}
INVALID_RISK_UNIT,risk_unit == 0 or non-finite,NQM19-CME,24995577,2019-06-06 19:57:15.001000+00:00,7275.75,{'stop_loss_price': 7275.75}
INVALID_RISK_UNIT,risk_unit == 0 or non-finite,NQM19-CME,25013727,2019-06-06 23:32:54.006000+00:00,7272.75,{'stop_loss_price': 7272.75}
INVALID_RISK_UNIT,risk_unit == 0 or non-finite,NQM19-CME,25097900,2019-06-07 13:24:01+00:00,7316.75,{'stop_loss_price': 7316.75}
INVALID_RISK_UNIT,risk_unit == 0 or non-finite,NQM19-CME,25121483,2019-06-07 13:39:03.047000+00:00,7345.75,{'stop_loss_price': 7345.75}
INVALID_RISK_UNIT,risk_unit == 0 or non-finite,NQM19-CME,25121484,2019-06-07 13:39:03.048000+00:00,7345.75,{'stop_loss_price': 7345.75}
INVALID_RISK_UNIT,risk_unit == 0 or non-finite,NQM19-CME,25121485,2019-06-07 13:39:03.049000+00:00,7345.75,{'stop_loss_price': 7345.75}
INVALID_RISK_UNIT,risk_unit == 0 or non-finite,NQM19-CME,25145465,2019-06-07 13:49:25.006000+00:00,7361.75,{'stop_loss_price': 7361.75}
INVALID_RISK_UNIT,risk_unit == 0 or non-finite,NQM19-CME,25145466,2019-06-07 13:49:25.007000+00:00,7361.75,{'stop_loss_price': 7361.75}
INVALID_RISK_UNIT,risk_unit == 0 or non-finite,NQM19-CME,25145467,2019-06-07 13:49:25.008000+00:00,7361.75,{'stop_loss_price': 7361.75}
INVALID_RISK_UNIT,risk_unit == 0 or non-finite,NQM19-CME,25189600,2019-06-07 14:27:10.007000+00:00,7380.75,{'stop_loss_price': 7380.75}
INVALID_RISK_UNIT,risk_unit == 0 or non-finite,NQM19-CME,25272135,2019-06-07 15:28:58.012000+00:00,7422.0,{'stop_loss_price': 7422.0}
INVALID_RISK_UNIT,risk_unit == 0 or non-finite,NQM19-CME,25272136,2019-06-07 15:28:58.013000+00:00,7422.0,{'stop_loss_price': 7422.0}
INVALID_RISK_UNIT,risk_unit == 0 or non-finite,NQM19-CME,25272137,2019-06-07 15:28:58.014000+00:00,7422.0,{'stop_loss_price': 7422.0}
INVALID_RISK_UNIT,risk_unit == 0 or non-finite,NQM19-CME,25272138,2019-06-07 15:28:58.015000+00:00,7422.0,{'stop_loss_price': 7422.0}
INVALID_RISK_UNIT,risk_unit == 0 or non-finite,NQM19-CME,25272139,2019-06-07 15:28:58.016000+00:00,7422.0,{'stop_loss_price': 7422.0}
INVALID_RISK_UNIT,risk_unit == 0 or non-finite,NQM19-CME,25272140,2019-06-07 15:28:58.017000+00:00,7422.0,{'stop_loss_price': 7422.0}
INVALID_RISK_UNIT,risk_unit == 0 or non-finite,NQM19-CME,25304655,2019-06-07 16:22:55.006000+00:00,7426.75,{'stop_loss_price': 7426.75}
INVALID_RISK_UNIT,risk_unit == 0 or non-finite,NQM19-CME,25307656,2019-06-07 16:30:15.005000+00:00,7431.5,{'stop_loss_price': 7431.5}
INVALID_RISK_UNIT,risk_unit == 0 or non-finite,NQM19-CME,25307657,2019-06-07 16:30:15.006000+00:00,7431.5,{'stop_loss_price': 7431.5}
INVALID_RISK_UNIT,risk_unit == 0 or non-finite,NQM19-CME,25307658,2019-06-07 16:30:15.007000+00:00,7431.5,{'stop_loss_price': 7431.5}
INVALID_RISK_UNIT,risk_unit == 0 or non-finite,NQM19-CME,25307659,2019-06-07 16:30:15.008000+00:00,7431.5,{'stop_loss_price': 7431.5}
INVALID_RISK_UNIT,risk_unit == 0 or non-finite,NQM19-CME,25307660,2019-06-07 16:30:15.009000+00:00,7431.5,{'stop_loss_price': 7431.5}
INVALID_RISK_UNIT,risk_unit == 0 or non-finite,NQM19-CME,25307661,2019-06-07 16:30:16+00:00,7431.5,{'stop_loss_price': 7431.5}
INVALID_RISK_UNIT,risk_unit == 0 or non-finite,NQM19-CME,25346789,2019-06-07 18:16:22+00:00,7434.75,{'stop_loss_price': 7434.75}
INVALID_RISK_UNIT,risk_unit == 0 or non-finite,NQM19-CME,25346790,2019-06-07 18:16:22.001000+00:00,7434.75,{'stop_loss_price': 7434.75}
INVALID_RISK_UNIT,risk_unit == 0 or non-finite,NQM19-CME,25346791,2019-06-07 18:16:22.002000+00:00,7434.75,{'stop_loss_price': 7434.75}
INVALID_RISK_UNIT,risk_unit == 0 or non-finite,NQM19-CME,25346794,2019-06-07 18:16:23+00:00,7434.75,{'stop_loss_price': 7434.75}
INVALID_RISK_UNIT,risk_unit == 0 or non-finite,NQM19-CME,25346795,2019-06-07 18:16:23.001000+00:00,7434.75,{'stop_loss_price': 7434.75}
INVALID_RISK_UNIT,risk_unit == 0 or non-finite,NQM19-CME,25346796,2019-06-07 18:16:23.002000+00:00,7434.75,{'stop_loss_price': 7434.75}
INVALID_RISK_UNIT,risk_unit == 0 or non-finite,NQM19-CME,25346797,2019-06-07 18:16:23.003000+00:00,7434.75,{'stop_loss_price': 7434.75}
INVALID_RISK_UNIT,risk_unit == 0 or non-finite,NQM19-CME,25346806,2019-06-07 18:16:26+00:00,7434.75,{'stop_loss_price': 7434.75}
INVALID_RISK_UNIT,risk_unit == 0 or non-finite,NQM19-CME,25346807,2019-06-07 18:16:26.001000+00:00,7434.75,{'stop_loss_price': 7434.75}
INVALID_RISK_UNIT,risk_unit == 0 or non-finite,NQM19-CME,25365567,2019-06-07 19:04:41+00:00,7426.0,{'stop_loss_price': 7426.0}
INVALID_RISK_UNIT,risk_unit == 0 or non-finite,NQM19-CME,25365568,2019-06-07 19:04:41.001000+00:00,7426.0,{'stop_loss_price': 7426.0}
INVALID_RISK_UNIT,risk_unit == 0 or non-finite,NQM19-CME,25365569,2019-06-07 19:04:41.002000+00:00,7426.0,{'stop_loss_price': 7426.0}
INVALID_RISK_UNIT,risk_unit == 0 or non-finite,NQM19-CME,25365570,2019-06-07 19:04:41.003000+00:00,7426.0,{'stop_loss_price': 7426.0}
INVALID_RISK_UNIT,risk_unit == 0 or non-finite,NQM19-CME,25365571,2019-06-07 19:04:41.004000+00:00,7426.0,{'stop_loss_price': 7426.0}
INVALID_RISK_UNIT,risk_unit == 0 or non-finite,NQM19-CME,25365572,2019-06-07 19:04:41.005000+00:00,7426.0,{'stop_loss_price': 7426.0}
INVALID_RISK_UNIT,risk_unit == 0 or non-finite,NQM19-CME,25365573,2019-06-07 19:04:41.006000+00:00,7426.0,{'stop_loss_price': 7426.0}
INVALID_RISK_UNIT,risk_unit == 0 or non-finite,NQM19-CME,25365574,2019-06-07 19:04:41.007000+00:00,7426.0,{'stop_loss_price': 7426.0}
INVALID_RISK_UNIT,risk_unit == 0 or non-finite,NQM19-CME,25365575,2019-06-07 19:04:41.008000+00:00,7426.0,{'stop_loss_price': 7426.0}
INVALID_RISK_UNIT,risk_unit == 0 or non-finite,NQM19-CME,25365576,2019-06-07 19:04:41.009000+00:00,7426.0,{'stop_loss_price': 7426.0}
INVALID_RISK_UNIT,risk_unit == 0 or non-finite,NQM19-CME,25365577,2019-06-07 19:04:41.010000+00:00,7426.0,{'stop_loss_price': 7426.0}
INVALID_RISK_UNIT,risk_unit == 0 or non-finite,NQM19-CME,25365578,2019-06-07 19:04:41.011000+00:00,7426.0,{'stop_loss_price': 7426.0}
INVALID_RISK_UNIT,risk_unit == 0 or non-finite,NQM19-CME,25365579,2019-06-07 19:04:41.012000+00:00,7426.0,{'stop_loss_price': 7426.0}
INVALID_RISK_UNIT,risk_unit == 0 or non-finite,NQM19-CME,25365580,2019-06-07 19:04:41.013000+00:00,7426.0,{'stop_loss_price': 7426.0}
INVALID_RISK_UNIT,risk_unit == 0 or non-finite,NQM19-CME,25365581,2019-06-07 19:04:41.014000+00:00,7426.0,{'stop_loss_price': 7426.0}
INVALID_RISK_UNIT,risk_unit == 0 or non-finite,NQM19-CME,25365582,2019-06-07 19:04:41.015000+00:00,7426.0,{'stop_loss_price': 7426.0}
INVALID_RISK_UNIT,risk_unit == 0 or non-finite,NQM19-CME,25365583,2019-06-07 19:04:41.016000+00:00,7426.0,{'stop_loss_price': 7426.0}
INVALID_RISK_UNIT,risk_unit == 0 or non-finite,NQM19-CME,25367151,2019-06-07 19:08:34+00:00,7422.25,{'stop_loss_price': 7422.25}
INVALID_RISK_UNIT,risk_unit == 0 or non-finite,NQM19-CME,25367152,2019-06-07 19:08:34.001000+00:00,7422.25,{'stop_loss_price': 7422.25}
INVALID_RISK_UNIT,risk_unit == 0 or non-finite,NQM19-CME,25367156,2019-06-07 19:08:35+00:00,7422.25,{'stop_loss_price': 7422.25}
INVALID_RISK_UNIT,risk_unit == 0 or non-finite,NQM19-CME,25367157,2019-06-07 19:08:35.001000+00:00,7422.25,{'stop_loss_price': 7422.25}
INVALID_RISK_UNIT,risk_unit == 0 or non-finite,NQM19-CME,25429926,2019-06-10 02:06:30+00:00,7451.75,{'stop_loss_price': 7451.75}
INVALID_RISK_UNIT,risk_unit == 0 or non-finite,NQM19-CME,25452215,2019-06-10 09:08:18.023000+00:00,7443.5,{'stop_loss_price': 7443.5}
INVALID_RISK_UNIT,risk_unit == 0 or non-finite,NQM19-CME,25452216,2019-06-10 09:08:19+00:00,7443.5,{'stop_loss_price': 7443.5}
INVALID_RISK_UNIT,risk_unit == 0 or non-finite,NQM19-CME,25452217,2019-06-10 09:08:19.001000+00:00,7443.5,{'stop_loss_price': 7443.5}
INVALID_RISK_UNIT,risk_unit == 0 or non-finite,NQM19-CME,25452218,2019-06-10 09:08:19.002000+00:00,7443.5,{'stop_loss_price': 7443.5}
INVALID_RISK_UNIT,risk_unit == 0 or non-finite,NQM19-CME,25452219,2019-06-10 09:08:19.003000+00:00,7443.5,{'stop_loss_price': 7443.5}
INVALID_RISK_UNIT,risk_unit == 0 or non-finite,NQM19-CME,25452220,2019-06-10 09:08:19.004000+00:00,7443.5,{'stop_loss_price': 7443.5}
INVALID_RISK_UNIT,risk_unit == 0 or non-finite,NQM19-CME,25452221,2019-06-10 09:08:19.005000+00:00,7443.5,{'stop_loss_price': 7443.5}
INVALID_RISK_UNIT,risk_unit == 0 or non-finite,NQM19-CME,25481099,2019-06-10 13:20:37.006000+00:00,7469.5,{'stop_loss_price': 7469.5}
INVALID_RISK_UNIT,risk_unit == 0 or non-finite,NQM19-CME,25481100,2019-06-10 13:20:37.007000+00:00,7469.5,{'stop_loss_price': 7469.5}
INVALID_RISK_UNIT,risk_unit == 0 or non-finite,NQM19-CME,25481101,2019-06-10 13:20:37.008000+00:00,7469.5,{'stop_loss_price': 7469.5}
INVALID_RISK_UNIT,risk_unit == 0 or non-finite,NQM19-CME,25481102,2019-06-10 13:20:37.009000+00:00,7469.5,{'stop_loss_price': 7469.5}
INVALID_RISK_UNIT,risk_unit == 0 or non-finite,NQM19-CME,25481103,2019-06-10 13:20:37.010000+00:00,7469.5,{'stop_loss_price': 7469.5}
INVALID_RISK_UNIT,risk_unit == 0 or non-finite,NQM19-CME,25495880,2019-06-10 13:33:57.063000+00:00,7499.0,{'stop_loss_price': 7499.0}
INVALID_RISK_UNIT,risk_unit == 0 or non-finite,NQM19-CME,25518094,2019-06-10 13:44:15.003000+00:00,7511.25,{'stop_loss_price': 7511.25}
INVALID_RISK_UNIT,risk_unit == 0 or non-finite,NQM19-CME,25518095,2019-06-10 13:44:15.004000+00:00,7511.25,{'stop_loss_price': 7511.25}
INVALID_RISK_UNIT,risk_unit == 0 or non-finite,NQM19-CME,25518096,2019-06-10 13:44:15.005000+00:00,7511.25,{'stop_loss_price': 7511.25}
INVALID_RISK_UNIT,risk_unit == 0 or non-finite,NQM19-CME,25518097,2019-06-10 13:44:15.006000+00:00,7511.25,{'stop_loss_price': 7511.25}
INVALID_RISK_UNIT,risk_unit == 0 or non-finite,NQM19-CME,25518098,2019-06-10 13:44:15.007000+00:00,7511.25,{'stop_loss_price': 7511.25}
INVALID_RISK_UNIT,risk_unit == 0 or non-finite,NQM19-CME,25518099,2019-06-10 13:44:15.008000+00:00,7511.25,{'stop_loss_price': 7511.25}
INVALID_RISK_UNIT,risk_unit == 0 or non-finite,NQM19-CME,25518100,2019-06-10 13:44:15.009000+00:00,7511.25,{'stop_loss_price': 7511.25}
INVALID_RISK_UNIT,risk_unit == 0 or non-finite,NQM19-CME,25556206,2019-06-10 14:10:14.024000+00:00,7529.5,{'stop_loss_price': 7529.5}
INVALID_RISK_UNIT,risk_unit == 0 or non-finite,NQM19-CME,25556207,2019-06-10 14:10:14.025000+00:00,7529.5,{'stop_loss_price': 7529.5}
INVALID_RISK_UNIT,risk_unit == 0 or non-finite,NQM19-CME,25556208,2019-06-10 14:10:14.026000+00:00,7529.5,{'stop_loss_price': 7529.5}
INVALID_RISK_UNIT,risk_unit == 0 or non-finite,NQM19-CME,25556209,2019-06-10 14:10:14.027000+00:00,7529.5,{'stop_loss_price': 7529.5}
INVALID_RISK_UNIT,risk_unit == 0 or non-finite,NQM19-CME,25556210,2019-06-10 14:10:14.028000+00:00,7529.5,{'stop_loss_price': 7529.5}
INVALID_RISK_UNIT,risk_unit == 0 or non-finite,NQM19-CME,25556211,2019-06-10 14:10:14.029000+00:00,7529.5,{'stop_loss_price': 7529.5}
INVALID_RISK_UNIT,risk_unit == 0 or non-finite,NQM19-CME,25556212,2019-06-10 14:10:14.030000+00:00,7529.5,{'stop_loss_price': 7529.5}
INVALID_RISK_UNIT,risk_unit == 0 or non-finite,NQM19-CME,25558401,2019-06-10 14:12:03.011000+00:00,7527.75,{'stop_loss_price': 7527.75}
INVALID_RISK_UNIT,risk_unit == 0 or non-finite,NQM19-CME,25585156,2019-06-10 14:41:47.005000+00:00,7531.0,{'stop_loss_price': 7531.0}
INVALID_RISK_UNIT,risk_unit == 0 or non-finite,NQM19-CME,25585157,2019-06-10 14:41:47.006000+00:00,7531.0,{'stop_loss_price': 7531.0}
INVALID_RISK_UNIT,risk_unit == 0 or non-finite,NQM19-CME,25585158,2019-06-10 14:41:47.007000+00:00,7531.0,{'stop_loss_price': 7531.0}
INVALID_RISK_UNIT,risk_unit == 0 or non-finite,NQM19-CME,25585159,2019-06-10 14:41:47.008000+00:00,7531.0,{'stop_loss_price': 7531.0}
INVALID_RISK_UNIT,risk_unit == 0 or non-finite,NQM19-CME,25585160,2019-06-10 14:41:47.009000+00:00,7531.0,{'stop_loss_price': 7531.0}
INVALID_RISK_UNIT,risk_unit == 0 or non-finite,NQM19-CME,25585161,2019-06-10 14:41:47.010000+00:00,7531.0,{'stop_loss_price': 7531.0}
INVALID_RISK_UNIT,risk_unit == 0 or non-finite,NQM19-CME,25585162,2019-06-10 14:41:47.011000+00:00,7531.0,{'stop_loss_price': 7531.0}
INVALID_RISK_UNIT,risk_unit == 0 or non-finite,NQM19-CME,25585163,2019-06-10 14:41:47.012000+00:00,7531.0,{'stop_loss_price': 7531.0}
INVALID_RISK_UNIT,risk_unit == 0 or non-finite,NQM19-CME,25585164,2019-06-10 14:41:47.013000+00:00,7531.0,{'stop_loss_price': 7531.0}
INVALID_RISK_UNIT,risk_unit == 0 or non-finite,NQM19-CME,25585165,2019-06-10 14:41:47.014000+00:00,7531.0,{'stop_loss_price': 7531.0}
INVALID_RISK_UNIT,risk_unit == 0 or non-finite,NQM19-CME,25585166,2019-06-10 14:41:47.015000+00:00,7531.0,{'stop_loss_price': 7531.0}
INVALID_RISK_UNIT,risk_unit == 0 or non-finite,NQM19-CME,25616057,2019-06-10 15:15:32+00:00,7557.5,{'stop_loss_price': 7557.5}
INVALID_RISK_UNIT,risk_unit == 0 or non-finite,NQM19-CME,25616058,2019-06-10 15:15:32.001000+00:00,7557.5,{'stop_loss_price': 7557.5}
INVALID_RISK_UNIT,risk_unit == 0 or non-finite,NQM19-CME,25616059,2019-06-10 15:15:32.002000+00:00,7557.5,{'stop_loss_price': 7557.5}
INVALID_RISK_UNIT,risk_unit == 0 or non-finite,NQM19-CME,25636632,2019-06-10 15:44:41.005000+00:00,7571.75,{'stop_loss_price': 7571.75}
INVALID_RISK_UNIT,risk_unit == 0 or non-finite,NQM19-CME,25636633,2019-06-10 15:44:41.006000+00:00,7571.75,{'stop_loss_price': 7571.75}
INVALID_RISK_UNIT,risk_unit == 0 or non-finite,NQM19-CME,25636634,2019-06-10 15:44:41.007000+00:00,7571.75,{'stop_loss_price': 7571.75}
INVALID_RISK_UNIT,risk_unit == 0 or non-finite,NQM19-CME,25636635,2019-06-10 15:44:41.008000+00:00,7571.75,{'stop_loss_price': 7571.75}
INVALID_RISK_UNIT,risk_unit == 0 or non-finite,NQM19-CME,25636636,2019-06-10 15:44:41.009000+00:00,7571.75,{'stop_loss_price': 7571.75}
INVALID_RISK_UNIT,risk_unit == 0 or non-finite,NQM19-CME,25636637,2019-06-10 15:44:41.010000+00:00,7571.75,{'stop_loss_price': 7571.75}
INVALID_RISK_UNIT,risk_unit == 0 or non-finite,NQM19-CME,25636638,2019-06-10 15:44:41.011000+00:00,7571.75,{'stop_loss_price': 7571.75}
INVALID_RISK_UNIT,risk_unit == 0 or non-finite,NQM19-CME,25636639,2019-06-10 15:44:41.012000+00:00,7571.75,{'stop_loss_price': 7571.75}
INVALID_RISK_UNIT,risk_unit == 0 or non-finite,NQM19-CME,25636640,2019-06-10 15:44:41.013000+00:00,7571.75,{'stop_loss_price': 7571.75}
INVALID_RISK_UNIT,risk_unit == 0 or non-finite,NQM19-CME,25636641,2019-06-10 15:44:41.014000+00:00,7571.75,{'stop_loss_price': 7571.75}
INVALID_RISK_UNIT,risk_unit == 0 or non-finite,NQM19-CME,25668639,2019-06-10 16:35:47.009000+00:00,7541.5,{'stop_loss_price': 7541.5}
INVALID_RISK_UNIT,risk_unit == 0 or non-finite,NQM19-CME,25668640,2019-06-10 16:35:47.010000+00:00,7541.5,{'stop_loss_price': 7541.5}
INVALID_RISK_UNIT,risk_unit == 0 or non-finite,NQM19-CME,25668641,2019-06-10 16:35:48+00:00,7541.5,{'stop_loss_price': 7541.5}
INVALID_RISK_UNIT,risk_unit == 0 or non-finite,NQM19-CME,25668642,2019-06-10 16:35:48.001000+00:00,7541.5,{'stop_loss_price': 7541.5}
INVALID_RISK_UNIT,risk_unit == 0 or non-finite,NQM19-CME,25668643,2019-06-10 16:35:48.002000+00:00,7541.5,{'stop_loss_price': 7541.5}
INVALID_RISK_UNIT,risk_unit == 0 or non-finite,NQM19-CME,25668644,2019-06-10 16:35:48.003000+00:00,7541.5,{'stop_loss_price': 7541.5}
INVALID_RISK_UNIT,risk_unit == 0 or non-finite,NQM19-CME,25668645,2019-06-10 16:35:48.004000+00:00,7541.5,{'stop_loss_price': 7541.5}
INVALID_RISK_UNIT,risk_unit == 0 or non-finite,NQM19-CME,25668647,2019-06-10 16:35:49+00:00,7541.5,{'stop_loss_price': 7541.5}
INVALID_RISK_UNIT,risk_unit == 0 or non-finite,NQM19-CME,25728054,2019-06-10 18:23:19.012000+00:00,7513.75,{'stop_loss_price': 7513.75}
INVALID_RISK_UNIT,risk_unit == 0 or non-finite,NQM19-CME,25730714,2019-06-10 18:27:08.001000+00:00,7520.25,{'stop_loss_price': 7520.25}
INVALID_RISK_UNIT,risk_unit == 0 or non-finite,NQM19-CME,25730715,2019-06-10 18:27:08.002000+00:00,7520.25,{'stop_loss_price': 7520.25}
INVALID_RISK_UNIT,risk_unit == 0 or non-finite,NQM19-CME,25730716,2019-06-10 18:27:08.003000+00:00,7520.25,{'stop_loss_price': 7520.25}
INVALID_RISK_UNIT,risk_unit == 0 or non-finite,NQM19-CME,25730717,2019-06-10 18:27:08.004000+00:00,7520.25,{'stop_loss_price': 7520.25}
INVALID_RISK_UNIT,risk_unit == 0 or non-finite,NQM19-CME,25730718,2019-06-10 18:27:08.005000+00:00,7520.25,{'stop_loss_price': 7520.25}
INVALID_RISK_UNIT,risk_unit == 0 or non-finite,NQM19-CME,25730719,2019-06-10 18:27:08.006000+00:00,7520.25,{'stop_loss_price': 7520.25}
INVALID_RISK_UNIT,risk_unit == 0 or non-finite,NQM19-CME,25753729,2019-06-10 19:18:37.001000+00:00,7525.5,{'stop_loss_price': 7525.5}
INVALID_RISK_UNIT,risk_unit == 0 or non-finite,NQM19-CME,25908689,2019-06-11 13:43:07.060000+00:00,7574.75,{'stop_loss_price': 7574.75}
INVALID_RISK_UNIT,risk_unit == 0 or non-finite,NQM19-CME,25908690,2019-06-11 13:43:07.061000+00:00,7574.75,{'stop_loss_price': 7574.75}
INVALID_RISK_UNIT,risk_unit == 0 or non-finite,NQM19-CME,25908691,2019-06-11 13:43:07.062000+00:00,7574.75,{'stop_loss_price': 7574.75}
INVALID_RISK_UNIT,risk_unit == 0 or non-finite,NQM19-CME,25908693,2019-06-11 13:43:07.064000+00:00,7574.75,{'stop_loss_price': 7574.75}
INVALID_RISK_UNIT,risk_unit == 0 or non-finite,NQM19-CME,26004474,2019-06-11 15:00:47.027000+00:00,7537.5,{'stop_loss_price': 7537.5}
INVALID_RISK_UNIT,risk_unit == 0 or non-finite,NQM19-CME,26004475,2019-06-11 15:00:47.028000+00:00,7537.5,{'stop_loss_price': 7537.5}
INVALID_RISK_UNIT,risk_unit == 0 or non-finite,NQM19-CME,26035620,2019-06-11 15:36:11.008000+00:00,7526.0,{'stop_loss_price': 7526.0}
INVALID_RISK_UNIT,risk_unit == 0 or non-finite,NQM19-CME,26035621,2019-06-11 15:36:11.009000+00:00,7526.0,{'stop_loss_price': 7526.0}
INVALID_RISK_UNIT,risk_unit == 0 or non-finite,NQM19-CME,26036286,2019-06-11 15:37:04.026000+00:00,7524.75,{'stop_loss_price': 7524.75}
INVALID_RISK_UNIT,risk_unit == 0 or non-finite,NQM19-CME,26036287,2019-06-11 15:37:04.027000+00:00,7524.75,{'stop_loss_price': 7524.75}
INVALID_RISK_UNIT,risk_unit == 0 or non-finite,NQM19-CME,26036288,2019-06-11 15:37:04.028000+00:00,7524.75,{'stop_loss_price': 7524.75}
INVALID_RISK_UNIT,risk_unit == 0 or non-finite,NQM19-CME,26091197,2019-06-11 16:51:49.003000+00:00,7503.5,{'stop_loss_price': 7503.5}
INVALID_RISK_UNIT,risk_unit == 0 or non-finite,NQM19-CME,26091198,2019-06-11 16:51:49.004000+00:00,7503.5,{'stop_loss_price': 7503.5}
INVALID_RISK_UNIT,risk_unit == 0 or non-finite,NQM19-CME,26091199,2019-06-11 16:51:49.005000+00:00,7503.5,{'stop_loss_price': 7503.5}
INVALID_RISK_UNIT,risk_unit == 0 or non-finite,NQM19-CME,26091200,2019-06-11 16:51:49.006000+00:00,7503.5,{'stop_loss_price': 7503.5}
INVALID_RISK_UNIT,risk_unit == 0 or non-finite,NQM19-CME,26091201,2019-06-11 16:51:49.007000+00:00,7503.5,{'stop_loss_price': 7503.5}
INVALID_RISK_UNIT,risk_unit == 0 or non-finite,NQM19-CME,26091202,2019-06-11 16:51:49.008000+00:00,7503.5,{'stop_loss_price': 7503.5}
INVALID_RISK_UNIT,risk_unit == 0 or non-finite,NQM19-CME,26091203,2019-06-11 16:51:49.009000+00:00,7503.5,{'stop_loss_price': 7503.5}
INVALID_RISK_UNIT,risk_unit == 0 or non-finite,NQM19-CME,26091204,2019-06-11 16:51:49.010000+00:00,7503.5,{'stop_loss_price': 7503.5}
INVALID_RISK_UNIT,risk_unit == 0 or non-finite,NQM19-CME,26116404,2019-06-11 17:43:32.011000+00:00,7509.0,{'stop_loss_price': 7509.0}
INVALID_RISK_UNIT,risk_unit == 0 or non-finite,NQM19-CME,26133068,2019-06-11 18:16:00.003000+00:00,7528.75,{'stop_loss_price': 7528.75}
INVALID_RISK_UNIT,risk_unit == 0 or non-finite,NQM19-CME,26133069,2019-06-11 18:16:01+00:00,7528.75,{'stop_loss_price': 7528.75}
INVALID_RISK_UNIT,risk_unit == 0 or non-finite,NQM19-CME,26133073,2019-06-11 18:16:03+00:00,7528.75,{'stop_loss_price': 7528.75}
INVALID_RISK_UNIT,risk_unit == 0 or non-finite,NQM19-CME,26133074,2019-06-11 18:16:03.001000+00:00,7528.75,{'stop_loss_price': 7528.75}
INVALID_RISK_UNIT,risk_unit == 0 or non-finite,NQM19-CME,26133075,2019-06-11 18:16:04+00:00,7528.75,{'stop_loss_price': 7528.75}
INVALID_RISK_UNIT,risk_unit == 0 or non-finite,NQM19-CME,26133076,2019-06-11 18:16:04.001000+00:00,7528.75,{'stop_loss_price': 7528.75}
INVALID_RISK_UNIT,risk_unit == 0 or non-finite,NQM19-CME,26133077,2019-06-11 18:16:04.002000+00:00,7528.75,{'stop_loss_price': 7528.75}
INVALID_RISK_UNIT,risk_unit == 0 or non-finite,NQM19-CME,26133078,2019-06-11 18:16:05+00:00,7528.75,{'stop_loss_price': 7528.75}
INVALID_RISK_UNIT,risk_unit == 0 or non-finite,NQM19-CME,26133079,2019-06-11 18:16:05.001000+00:00,7528.75,{'stop_loss_price': 7528.75}
INVALID_RISK_UNIT,risk_unit == 0 or non-finite,NQM19-CME,26133080,2019-06-11 18:16:06+00:00,7528.75,{'stop_loss_price': 7528.75}
INVALID_RISK_UNIT,risk_unit == 0 or non-finite,NQM19-CME,26193568,2019-06-11 23:34:39.003000+00:00,7517.25,{'stop_loss_price': 7517.25}
INVALID_RISK_UNIT,risk_unit == 0 or non-finite,NQM19-CME,26246572,2019-06-12 10:22:03.001000+00:00,7481.0,{'stop_loss_price': 7481.0}
INVALID_RISK_UNIT,risk_unit == 0 or non-finite,NQM19-CME,26246573,2019-06-12 10:22:03.002000+00:00,7481.0,{'stop_loss_price': 7481.0}
INVALID_RISK_UNIT,risk_unit == 0 or non-finite,NQM19-CME,26246574,2019-06-12 10:22:03.003000+00:00,7481.0,{'stop_loss_price': 7481.0}
INVALID_RISK_UNIT,risk_unit == 0 or non-finite,NQM19-CME,26246596,2019-06-12 10:22:05.008000+00:00,7481.25,{'stop_loss_price': 7481.25}
INVALID_RISK_UNIT,risk_unit == 0 or non-finite,NQM19-CME,26246597,2019-06-12 10:22:05.009000+00:00,7481.25,{'stop_loss_price': 7481.25}
INVALID_RISK_UNIT,risk_unit == 0 or non-finite,NQM19-CME,26246598,2019-06-12 10:22:05.010000+00:00,7481.25,{'stop_loss_price': 7481.25}
INVALID_RISK_UNIT,risk_unit == 0 or non-finite,NQM19-CME,26246599,2019-06-12 10:22:05.011000+00:00,7481.25,{'stop_loss_price': 7481.25}
INVALID_RISK_UNIT,risk_unit == 0 or non-finite,NQM19-CME,26246600,2019-06-12 10:22:05.012000+00:00,7481.25,{'stop_loss_price': 7481.25}
INVALID_RISK_UNIT,risk_unit == 0 or non-finite,NQM19-CME,26246601,2019-06-12 10:22:05.013000+00:00,7481.25,{'stop_loss_price': 7481.25}
INVALID_RISK_UNIT,risk_unit == 0 or non-finite,NQM19-CME,26246602,2019-06-12 10:22:05.014000+00:00,7481.25,{'stop_loss_price': 7481.25}
INVALID_RISK_UNIT,risk_unit == 0 or non-finite,NQM19-CME,26246610,2019-06-12 10:22:06+00:00,7481.25,{'stop_loss_price': 7481.25}
INVALID_RISK_UNIT,risk_unit == 0 or non-finite,NQM19-CME,26264955,2019-06-12 12:57:51+00:00,7488.0,{'stop_loss_price': 7488.0}
INVALID_RISK_UNIT,risk_unit == 0 or non-finite,NQM19-CME,26266136,2019-06-12 13:07:04+00:00,7493.0,{'stop_loss_price': 7493.0}
INVALID_RISK_UNIT,risk_unit == 0 or non-finite,NQM19-CME,26266137,2019-06-12 13:07:04.001000+00:00,7493.0,{'stop_loss_price': 7493.0}
INVALID_RISK_UNIT,risk_unit == 0 or non-finite,NQM19-CME,26266138,2019-06-12 13:07:05+00:00,7493.0,{'stop_loss_price': 7493.0}
INVALID_RISK_UNIT,risk_unit == 0 or non-finite,NQM19-CME,26266139,2019-06-12 13:07:05.001000+00:00,7493.0,{'stop_loss_price': 7493.0}
INVALID_RISK_UNIT,risk_unit == 0 or non-finite,NQM19-CME,26266140,2019-06-12 13:07:06+00:00,7493.0,{'stop_loss_price': 7493.0}
INVALID_RISK_UNIT,risk_unit == 0 or non-finite,NQM19-CME,26266141,2019-06-12 13:07:06.001000+00:00,7493.0,{'stop_loss_price': 7493.0}
INVALID_RISK_UNIT,risk_unit == 0 or non-finite,NQM19-CME,26266142,2019-06-12 13:07:06.002000+00:00,7493.0,{'stop_loss_price': 7493.0}
INVALID_RISK_UNIT,risk_unit == 0 or non-finite,NQM19-CME,26266143,2019-06-12 13:07:07+00:00,7493.0,{'stop_loss_price': 7493.0}
INVALID_RISK_UNIT,risk_unit == 0 or non-finite,NQM19-CME,26266144,2019-06-12 13:07:07.001000+00:00,7493.0,{'stop_loss_price': 7493.0}
INVALID_RISK_UNIT,risk_unit == 0 or non-finite,NQM19-CME,26266155,2019-06-12 13:07:18+00:00,7493.0,{'stop_loss_price': 7493.0}
INVALID_RISK_UNIT,risk_unit == 0 or non-finite,NQM19-CME,26266156,2019-06-12 13:07:18.001000+00:00,7493.0,{'stop_loss_price': 7493.0}
INVALID_RISK_UNIT,risk_unit == 0 or non-finite,NQM19-CME,26266157,2019-06-12 13:07:18.002000+00:00,7493.0,{'stop_loss_price': 7493.0}
INVALID_RISK_UNIT,risk_unit == 0 or non-finite,NQM19-CME,26266158,2019-06-12 13:07:18.003000+00:00,7493.0,{'stop_loss_price': 7493.0}
INVALID_RISK_UNIT,risk_unit == 0 or non-finite,NQM19-CME,26266159,2019-06-12 13:07:19+00:00,7493.0,{'stop_loss_price': 7493.0}
INVALID_RISK_UNIT,risk_unit == 0 or non-finite,NQM19-CME,26266160,2019-06-12 13:07:19.001000+00:00,7493.0,{'stop_loss_price': 7493.0}
INVALID_RISK_UNIT,risk_unit == 0 or non-finite,NQM19-CME,26266161,2019-06-12 13:07:19.002000+00:00,7493.0,{'stop_loss_price': 7493.0}
INVALID_RISK_UNIT,risk_unit == 0 or non-finite,NQM19-CME,26266162,2019-06-12 13:07:19.003000+00:00,7493.0,{'stop_loss_price': 7493.0}
INVALID_RISK_UNIT,risk_unit == 0 or non-finite,NQM19-CME,26266163,2019-06-12 13:07:19.004000+00:00,7493.0,{'stop_loss_price': 7493.0}
INVALID_RISK_UNIT,risk_unit == 0 or non-finite,NQM19-CME,26266164,2019-06-12 13:07:21+00:00,7493.0,{'stop_loss_price': 7493.0}
INVALID_RISK_UNIT,risk_unit == 0 or non-finite,NQM19-CME,26315664,2019-06-12 13:52:22.004000+00:00,7502.0,{'stop_loss_price': 7502.0}
INVALID_RISK_UNIT,risk_unit == 0 or non-finite,NQM19-CME,26315665,2019-06-12 13:52:22.005000+00:00,7502.0,{'stop_loss_price': 7502.0}
INVALID_RISK_UNIT,risk_unit == 0 or non-finite,NQM19-CME,26371997,2019-06-12 14:40:32.001000+00:00,7484.5,{'stop_loss_price': 7484.5}
INVALID_RISK_UNIT,risk_unit == 0 or non-finite,NQM19-CME,26371998,2019-06-12 14:40:32.002000+00:00,7484.5,{'stop_loss_price': 7484.5}
INVALID_RISK_UNIT,risk_unit == 0 or non-finite,NQM19-CME,26465698,2019-06-12 17:28:29.002000+00:00,7477.5,{'stop_loss_price': 7477.5}
INVALID_RISK_UNIT,risk_unit == 0 or non-finite,NQM19-CME,26465699,2019-06-12 17:28:29.003000+00:00,7477.5,{'stop_loss_price': 7477.5}
INVALID_RISK_UNIT,risk_unit == 0 or non-finite,NQM19-CME,26465704,2019-06-12 17:28:30.004000+00:00,7477.5,{'stop_loss_price': 7477.5}
INVALID_RISK_UNIT,risk_unit == 0 or non-finite,NQM19-CME,26465705,2019-06-12 17:28:30.005000+00:00,7477.5,{'stop_loss_price': 7477.5}
INVALID_RISK_UNIT,risk_unit == 0 or non-finite,NQM19-CME,26465707,2019-06-12 17:28:30.007000+00:00,7477.5,{'stop_loss_price': 7477.5}
INVALID_RISK_UNIT,risk_unit == 0 or non-finite,NQM19-CME,26535646,2019-06-13 02:10:17.016000+00:00,7428.25,{'stop_loss_price': 7428.25}
INVALID_RISK_UNIT,risk_unit == 0 or non-finite,NQM19-CME,26535647,2019-06-13 02:10:17.017000+00:00,7428.25,{'stop_loss_price': 7428.25}
INVALID_RISK_UNIT,risk_unit == 0 or non-finite,NQM19-CME,26535648,2019-06-13 02:10:17.018000+00:00,7428.25,{'stop_loss_price': 7428.25}
INVALID_RISK_UNIT,risk_unit == 0 or non-finite,NQM19-CME,26541149,2019-06-13 02:32:38+00:00,7437.25,{'stop_loss_price': 7437.25}
INVALID_RISK_UNIT,risk_unit == 0 or non-finite,NQM19-CME,26624514,2019-06-13 13:39:21.002000+00:00,7517.5,{'stop_loss_price': 7517.5}
INVALID_RISK_UNIT,risk_unit == 0 or non-finite,NQM19-CME,26625889,2019-06-13 13:40:50+00:00,7517.5,{'stop_loss_price': 7517.5}
INVALID_RISK_UNIT,risk_unit == 0 or non-finite,NQM19-CME,26643903,2019-06-13 13:55:56+00:00,7530.5,{'stop_loss_price': 7530.5}
INVALID_RISK_UNIT,risk_unit == 0 or non-finite,NQM19-CME,26670363,2019-06-13 14:17:51.017000+00:00,7517.75,{'stop_loss_price': 7517.75}
INVALID_RISK_UNIT,risk_unit == 0 or non-finite,NQM19-CME,26756691,2019-06-13 16:27:08.002000+00:00,7512.5,{'stop_loss_price': 7512.5}
INVALID_RISK_UNIT,risk_unit == 0 or non-finite,NQM19-CME,26756692,2019-06-13 16:27:08.003000+00:00,7512.5,{'stop_loss_price': 7512.5}
INVALID_RISK_UNIT,risk_unit == 0 or non-finite,NQM19-CME,26756693,2019-06-13 16:27:08.004000+00:00,7512.5,{'stop_loss_price': 7512.5}
INVALID_RISK_UNIT,risk_unit == 0 or non-finite,NQM19-CME,26756694,2019-06-13 16:27:08.005000+00:00,7512.5,{'stop_loss_price': 7512.5}
INVALID_RISK_UNIT,risk_unit == 0 or non-finite,NQM19-CME,26756695,2019-06-13 16:27:08.006000+00:00,7512.5,{'stop_loss_price': 7512.5}
INVALID_RISK_UNIT,risk_unit == 0 or non-finite,NQM19-CME,26756696,2019-06-13 16:27:08.007000+00:00,7512.5,{'stop_loss_price': 7512.5}
INVALID_RISK_UNIT,risk_unit == 0 or non-finite,NQM19-CME,26756697,2019-06-13 16:27:08.008000+00:00,7512.5,{'stop_loss_price': 7512.5}
INVALID_RISK_UNIT,risk_unit == 0 or non-finite,NQM19-CME,26756698,2019-06-13 16:27:08.009000+00:00,7512.5,{'stop_loss_price': 7512.5}
INVALID_RISK_UNIT,risk_unit == 0 or non-finite,NQM19-CME,26756700,2019-06-13 16:27:08.011000+00:00,7512.5,{'stop_loss_price': 7512.5}
INVALID_RISK_UNIT,risk_unit == 0 or non-finite,NQM19-CME,26858338,2019-06-14 02:09:06+00:00,7507.0,{'stop_loss_price': 7507.0}
INVALID_RISK_UNIT,risk_unit == 0 or non-finite,NQM19-CME,26858339,2019-06-14 02:09:06.001000+00:00,7507.0,{'stop_loss_price': 7507.0}
INVALID_RISK_UNIT,risk_unit == 0 or non-finite,NQM19-CME,26858341,2019-06-14 02:09:24+00:00,7507.0,{'stop_loss_price': 7507.0}
INVALID_RISK_UNIT,risk_unit == 0 or non-finite,NQM19-CME,26870385,2019-06-14 07:10:21+00:00,7492.75,{'stop_loss_price': 7492.75}
INVALID_RISK_UNIT,risk_unit == 0 or non-finite,NQM19-CME,26870386,2019-06-14 07:10:21.001000+00:00,7492.75,{'stop_loss_price': 7492.75}
INVALID_RISK_UNIT,risk_unit == 0 or non-finite,NQM19-CME,26870428,2019-06-14 07:10:43+00:00,7493.0,{'stop_loss_price': 7493.0}
INVALID_RISK_UNIT,risk_unit == 0 or non-finite,NQM19-CME,26907649,2019-06-14 13:34:00.001000+00:00,7474.5,{'stop_loss_price': 7474.5}
INVALID_RISK_UNIT,risk_unit == 0 or non-finite,NQM19-CME,26936748,2019-06-14 14:14:06.002000+00:00,7475.25,{'stop_loss_price': 7475.25}
INVALID_RISK_UNIT,risk_unit == 0 or non-finite,NQM19-CME,26938977,2019-06-14 14:16:43.029000+00:00,7474.0,{'stop_loss_price': 7474.0}
INVALID_RISK_UNIT,risk_unit == 0 or non-finite,NQM19-CME,26938978,2019-06-14 14:16:43.030000+00:00,7474.0,{'stop_loss_price': 7474.0}
INVALID_RISK_UNIT,risk_unit == 0 or non-finite,NQM19-CME,26938979,2019-06-14 14:16:43.031000+00:00,7474.0,{'stop_loss_price': 7474.0}
INVALID_RISK_UNIT,risk_unit == 0 or non-finite,NQM19-CME,26938980,2019-06-14 14:16:43.032000+00:00,7474.0,{'stop_loss_price': 7474.0}
INVALID_RISK_UNIT,risk_unit == 0 or non-finite,NQM19-CME,26938981,2019-06-14 14:16:43.033000+00:00,7474.0,{'stop_loss_price': 7474.0}
INVALID_RISK_UNIT,risk_unit == 0 or non-finite,NQM19-CME,26938982,2019-06-14 14:16:43.034000+00:00,7474.0,{'stop_loss_price': 7474.0}
