code,message,contract,row_index,timestamp_utc,price,context
INVALID_RISK_UNIT,risk_unit == 0 or non-finite,NQU19-CME,11561,2019-06-17 03:16:49+00:00,7539.25,{'stop_loss_price': 7539.25}
INVALID_RISK_UNIT,risk_unit == 0 or non-finite,NQU19-CME,63130,2019-06-17 13:44:54+00:00,7549.5,{'stop_loss_price': 7549.5}
INVALID_RISK_UNIT,risk_unit == 0 or non-finite,NQU19-CME,63131,2019-06-17 13:44:54.001000+00:00,7549.5,{'stop_loss_price': 7549.5}
INVALID_RISK_UNIT,risk_unit == 0 or non-finite,NQU19-CME,63132,2019-06-17 13:44:54.002000+00:00,7549.5,{'stop_loss_price': 7549.5}
INVALID_RISK_UNIT,risk_unit == 0 or non-finite,NQU19-CME,63133,2019-06-17 13:44:54.003000+00:00,7549.5,{'stop_loss_price': 7549.5}
INVALID_RISK_UNIT,risk_unit == 0 or non-finite,NQU19-CME,63134,2019-06-17 13:44:54.004000+00:00,7549.5,{'stop_loss_price': 7549.5}
INVALID_RISK_UNIT,risk_unit == 0 or non-finite,NQU19-CME,63135,2019-06-17 13:44:54.005000+00:00,7549.5,{'stop_loss_price': 7549.5}
INVALID_RISK_UNIT,risk_unit == 0 or non-finite,NQU19-CME,149972,2019-06-17 16:52:57.006000+00:00,7561.75,{'stop_loss_price': 7561.75}
INVALID_RISK_UNIT,risk_unit == 0 or non-finite,NQU19-CME,149973,2019-06-17 16:52:57.007000+00:00,7561.75,{'stop_loss_price': 7561.75}
INVALID_RISK_UNIT,risk_unit == 0 or non-finite,NQU19-CME,149974,2019-06-17 16:52:57.008000+00:00,7561.75,{'stop_loss_price': 7561.75}
INVALID_RISK_UNIT,risk_unit == 0 or non-finite,NQU19-CME,149975,2019-06-17 16:52:57.009000+00:00,7561.75,{'stop_loss_price': 7561.75}
INVALID_RISK_UNIT,risk_unit == 0 or non-finite,NQU19-CME,149976,2019-06-17 16:52:57.010000+00:00,7561.75,{'stop_loss_price': 7561.75}
INVALID_RISK_UNIT,risk_unit == 0 or non-finite,NQU19-CME,149977,2019-06-17 16:52:57.011000+00:00,7561.75,{'stop_loss_price': 7561.75}
INVALID_RISK_UNIT,risk_unit == 0 or non-finite,NQU19-CME,149978,2019-06-17 16:52:57.012000+00:00,7561.75,{'stop_loss_price': 7561.75}
INVALID_RISK_UNIT,risk_unit == 0 or non-finite,NQU19-CME,149979,2019-06-17 16:52:57.013000+00:00,7561.75,{'stop_loss_price': 7561.75}
INVALID_RISK_UNIT,risk_unit == 0 or non-finite,NQU19-CME,149980,2019-06-17 16:52:57.014000+00:00,7561.75,{'stop_loss_price': 7561.75}
INVALID_RISK_UNIT,risk_unit == 0 or non-finite,NQU19-CME,149981,2019-06-17 16:52:57.015000+00:00,7561.75,{'stop_loss_price': 7561.75}
INVALID_RISK_UNIT,risk_unit == 0 or non-finite,NQU19-CME,149982,2019-06-17 16:52:57.016000+00:00,7561.75,{'stop_loss_price': 7561.75}
INVALID_RISK_UNIT,risk_unit == 0 or non-finite,NQU19-CME,149983,2019-06-17 16:52:57.017000+00:00,7561.75,{'stop_loss_price': 7561.75}
INVALID_RISK_UNIT,risk_unit == 0 or non-finite,NQU19-CME,149984,2019-06-17 16:52:57.018000+00:00,7561.75,{'stop_loss_price': 7561.75}
INVALID_RISK_UNIT,risk_unit == 0 or non-finite,NQU19-CME,149985,2019-06-17 16:52:57.019000+00:00,7561.75,{'stop_loss_price': 7561.75}
INVALID_RISK_UNIT,risk_unit == 0 or non-finite,NQU19-CME,149986,2019-06-17 16:52:57.020000+00:00,7561.75,{'stop_loss_price': 7561.75}
INVALID_RISK_UNIT,risk_unit == 0 or non-finite,NQU19-CME,149987,2019-06-17 16:52:57.021000+00:00,7561.75,{'stop_loss_price': 7561.75}
INVALID_RISK_UNIT,risk_unit == 0 or non-finite,NQU19-CME,149988,2019-06-17 16:52:57.022000+00:00,7561.75,{'stop_loss_price': 7561.75}
INVALID_RISK_UNIT,risk_unit == 0 or non-finite,NQU19-CME,230168,2019-06-18 08:33:27.007000+00:00,7603.0,{'stop_loss_price': 7603.0}
INVALID_RISK_UNIT,risk_unit == 0 or non-finite,NQU19-CME,230169,2019-06-18 08:33:27.008000+00:00,7603.0,{'stop_loss_price': 7603.0}
INVALID_RISK_UNIT,risk_unit == 0 or non-finite,NQU19-CME,230170,2019-06-18 08:33:27.009000+00:00,7603.0,{'stop_loss_price': 7603.0}
INVALID_RISK_UNIT,risk_unit == 0 or non-finite,NQU19-CME,230171,2019-06-18 08:33:27.010000+00:00,7603.0,{'stop_loss_price': 7603.0}
INVALID_RISK_UNIT,risk_unit == 0 or non-finite,NQU19-CME,230174,2019-06-18 08:33:27.013000+00:00,7603.0,{'stop_loss_price': 7603.0}
INVALID_RISK_UNIT,risk_unit == 0 or non-finite,NQU19-CME,260212,2019-06-18 12:19:54+00:00,7643.75,{'stop_loss_price': 7643.75}
INVALID_RISK_UNIT,risk_unit == 0 or non-finite,NQU19-CME,319034,2019-06-18 13:43:15.009000+00:00,7687.0,{'stop_loss_price': 7687.0}
INVALID_RISK_UNIT,risk_unit == 0 or non-finite,NQU19-CME,340182,2019-06-18 13:51:19.012000+00:00,7701.75,{'stop_loss_price': 7701.75}
INVALID_RISK_UNIT,risk_unit == 0 or non-finite,NQU19-CME,340183,2019-06-18 13:51:19.013000+00:00,7701.75,{'stop_loss_price': 7701.75}
INVALID_RISK_UNIT,risk_unit == 0 or non-finite,NQU19-CME,340186,2019-06-18 13:51:19.016000+00:00,7701.75,{'stop_loss_price': 7701.75}
INVALID_RISK_UNIT,risk_unit == 0 or non-finite,NQU19-CME,340187,2019-06-18 13:51:19.017000+00:00,7701.75,{'stop_loss_price': 7701.75}
INVALID_RISK_UNIT,risk_unit == 0 or non-finite,NQU19-CME,340188,2019-06-18 13:51:19.018000+00:00,7701.75,{'stop_loss_price': 7701.75}
INVALID_RISK_UNIT,risk_unit == 0 or non-finite,NQU19-CME,340189,2019-06-18 13:51:19.019000+00:00,7701.75,{'stop_loss_price': 7701.75}
INVALID_RISK_UNIT,risk_unit == 0 or non-finite,NQU19-CME,340190,2019-06-18 13:51:19.020000+00:00,7701.75,{'stop_loss_price': 7701.75}
INVALID_RISK_UNIT,risk_unit == 0 or non-finite,NQU19-CME,340191,2019-06-18 13:51:19.021000+00:00,7701.75,{'stop_loss_price': 7701.75}
INVALID_RISK_UNIT,risk_unit == 0 or non-finite,NQU19-CME,348318,2019-06-18 13:56:35+00:00,7693.75,{'stop_loss_price': 7693.75}
INVALID_RISK_UNIT,risk_unit == 0 or non-finite,NQU19-CME,383084,2019-06-18 14:16:14.011000+00:00,7699.5,{'stop_loss_price': 7699.5}
INVALID_RISK_UNIT,risk_unit == 0 or non-finite,NQU19-CME,424777,2019-06-18 15:11:07.002000+00:00,7718.5,{'stop_loss_price': 7718.5}
INVALID_RISK_UNIT,risk_unit == 0 or non-finite,NQU19-CME,424778,2019-06-18 15:11:07.003000+00:00,7718.5,{'stop_loss_price': 7718.5}
INVALID_RISK_UNIT,risk_unit == 0 or non-finite,NQU19-CME,424779,2019-06-18 15:11:07.004000+00:00,7718.5,{'stop_loss_price': 7718.5}
INVALID_RISK_UNIT,risk_unit == 0 or non-finite,NQU19-CME,424780,2019-06-18 15:11:07.005000+00:00,7718.5,{'stop_loss_price': 7718.5}
INVALID_RISK_UNIT,risk_unit == 0 or non-finite,NQU19-CME,504160,2019-06-18 18:04:21.007000+00:00,7683.75,{'stop_loss_price': 7683.75}
INVALID_RISK_UNIT,risk_unit == 0 or non-finite,NQU19-CME,504161,2019-06-18 18:04:21.008000+00:00,7683.75,{'stop_loss_price': 7683.75}
INVALID_RISK_UNIT,risk_unit == 0 or non-finite,NQU19-CME,504162,2019-06-18 18:04:21.009000+00:00,7683.75,{'stop_loss_price': 7683.75}
INVALID_RISK_UNIT,risk_unit == 0 or non-finite,NQU19-CME,504163,2019-06-18 18:04:21.010000+00:00,7683.75,{'stop_loss_price': 7683.75}
INVALID_RISK_UNIT,risk_unit == 0 or non-finite,NQU19-CME,504164,2019-06-18 18:04:21.011000+00:00,7683.75,{'stop_loss_price': 7683.75}
INVALID_RISK_UNIT,risk_unit == 0 or non-finite,NQU19-CME,504165,2019-06-18 18:04:23+00:00,7683.75,{'stop_loss_price': 7683.75}
INVALID_RISK_UNIT,risk_unit == 0 or non-finite,NQU19-CME,504166,2019-06-18 18:04:23.001000+00:00,7683.75,{'stop_loss_price': 7683.75}
INVALID_RISK_UNIT,risk_unit == 0 or non-finite,NQU19-CME,504167,2019-06-18 18:04:23.002000+00:00,7683.75,{'stop_loss_price': 7683.75}
INVALID_RISK_UNIT,risk_unit == 0 or non-finite,NQU19-CME,504168,2019-06-18 18:04:23.003000+00:00,7683.75,{'stop_loss_price': 7683.75}
INVALID_RISK_UNIT,risk_unit == 0 or non-finite,NQU19-CME,504169,2019-06-18 18:04:24+00:00,7683.75,{'stop_loss_price': 7683.75}
INVALID_RISK_UNIT,risk_unit == 0 or non-finite,NQU19-CME,504175,2019-06-18 18:04:26.004000+00:00,7683.75,{'stop_loss_price': 7683.75}
INVALID_RISK_UNIT,risk_unit == 0 or non-finite,NQU19-CME,504176,2019-06-18 18:04:26.005000+00:00,7683.75,{'stop_loss_price': 7683.75}
INVALID_RISK_UNIT,risk_unit == 0 or non-finite,NQU19-CME,504177,2019-06-18 18:04:26.006000+00:00,7683.75,{'stop_loss_price': 7683.75}
INVALID_RISK_UNIT,risk_unit == 0 or non-finite,NQU19-CME,504178,2019-06-18 18:04:27+00:00,7683.75,{'stop_loss_price': 7683.75}
INVALID_RISK_UNIT,risk_unit == 0 or non-finite,NQU19-CME,505203,2019-06-18 18:06:05+00:00,7679.0,{'stop_loss_price': 7679.0}
INVALID_RISK_UNIT,risk_unit == 0 or non-finite,NQU19-CME,505204,2019-06-18 18:06:05.001000+00:00,7679.0,{'stop_loss_price': 7679.0}
INVALID_RISK_UNIT,risk_unit == 0 or non-finite,NQU19-CME,505205,2019-06-18 18:06:05.002000+00:00,7679.0,{'stop_loss_price': 7679.0}
INVALID_RISK_UNIT,risk_unit == 0 or non-finite,NQU19-CME,505206,2019-06-18 18:06:05.003000+00:00,7679.0,{'stop_loss_price': 7679.0}
INVALID_RISK_UNIT,risk_unit == 0 or non-finite,NQU19-CME,505207,2019-06-18 18:06:05.004000+00:00,7679.0,{'stop_loss_price': 7679.0}
INVALID_RISK_UNIT,risk_unit == 0 or non-finite,NQU19-CME,505208,2019-06-18 18:06:05.005000+00:00,7679.0,{'stop_loss_price': 7679.0}
INVALID_RISK_UNIT,risk_unit == 0 or non-finite,NQU19-CME,505209,2019-06-18 18:06:05.006000+00:00,7679.0,{'stop_loss_price': 7679.0}
INVALID_RISK_UNIT,risk_unit == 0 or non-finite,NQU19-CME,505210,2019-06-18 18:06:05.007000+00:00,7679.0,{'stop_loss_price': 7679.0}
INVALID_RISK_UNIT,risk_unit == 0 or non-finite,NQU19-CME,505214,2019-06-18 18:06:05.011000+00:00,7679.0,{'stop_loss_price': 7679.0}
INVALID_RISK_UNIT,risk_unit == 0 or non-finite,NQU19-CME,596035,2019-06-19 11:43:29+00:00,7677.25,{'stop_loss_price': 7677.25}
INVALID_RISK_UNIT,risk_unit == 0 or non-finite,NQU19-CME,596036,2019-06-19 11:43:30+00:00,7677.25,{'stop_loss_price': 7677.25}
INVALID_RISK_UNIT,risk_unit == 0 or non-finite,NQU19-CME,596037,2019-06-19 11:43:31+00:00,7677.25,{'stop_loss_price': 7677.25}
INVALID_RISK_UNIT,risk_unit == 0 or non-finite,NQU19-CME,596066,2019-06-19 11:44:18+00:00,7677.25,{'stop_loss_price': 7677.25}
INVALID_RISK_UNIT,risk_unit == 0 or non-finite,NQU19-CME,596067,2019-06-19 11:44:19+00:00,7677.25,{'stop_loss_price': 7677.25}
INVALID_RISK_UNIT,risk_unit == 0 or non-finite,NQU19-CME,596068,2019-06-19 11:44:19.001000+00:00,7677.25,{'stop_loss_price': 7677.25}
INVALID_RISK_UNIT,risk_unit == 0 or non-finite,NQU19-CME,596069,2019-06-19 11:44:19.002000+00:00,7677.25,{'stop_loss_price': 7677.25}
INVALID_RISK_UNIT,risk_unit == 0 or non-finite,NQU19-CME,596070,2019-06-19 11:44:20+00:00,7677.25,{'stop_loss_price': 7677.25}
INVALID_RISK_UNIT,risk_unit == 0 or non-finite,NQU19-CME,596071,2019-06-19 11:44:24+00:00,7677.25,{'stop_loss_price': 7677.25}
INVALID_RISK_UNIT,risk_unit == 0 or non-finite,NQU19-CME,596072,2019-06-19 11:44:24.001000+00:00,7677.25,{'stop_loss_price': 7677.25}
INVALID_RISK_UNIT,risk_unit == 0 or non-finite,NQU19-CME,596073,2019-06-19 11:44:24.002000+00:00,7677.25,{'stop_loss_price': 7677.25}
INVALID_RISK_UNIT,risk_unit == 0 or non-finite,NQU19-CME,641138,2019-06-19 13:49:06.004000+00:00,7652.5,{'stop_loss_price': 7652.5}
INVALID_RISK_UNIT,risk_unit == 0 or non-finite,NQU19-CME,641139,2019-06-19 13:49:06.005000+00:00,7652.5,{'stop_loss_price': 7652.5}
INVALID_RISK_UNIT,risk_unit == 0 or non-finite,NQU19-CME,649690,2019-06-19 13:58:21.073000+00:00,7659.5,{'stop_loss_price': 7659.5}
INVALID_RISK_UNIT,risk_unit == 0 or non-finite,NQU19-CME,649691,2019-06-19 13:58:21.074000+00:00,7659.5,{'stop_loss_price': 7659.5}
INVALID_RISK_UNIT,risk_unit == 0 or non-finite,NQU19-CME,649692,2019-06-19 13:58:21.075000+00:00,7659.5,{'stop_loss_price': 7659.5}
INVALID_RISK_UNIT,risk_unit == 0 or non-finite,NQU19-CME,649693,2019-06-19 13:58:21.076000+00:00,7659.5,{'stop_loss_price': 7659.5}
INVALID_RISK_UNIT,risk_unit == 0 or non-finite,NQU19-CME,649694,2019-06-19 13:58:21.077000+00:00,7659.5,{'stop_loss_price': 7659.5}
INVALID_RISK_UNIT,risk_unit == 0 or non-finite,NQU19-CME,649695,2019-06-19 13:58:21.078000+00:00,7659.5,{'stop_loss_price': 7659.5}
INVALID_RISK_UNIT,risk_unit == 0 or non-finite,NQU19-CME,649696,2019-06-19 13:58:21.079000+00:00,7659.5,{'stop_loss_price': 7659.5}
INVALID_RISK_UNIT,risk_unit == 0 or non-finite,NQU19-CME,649697,2019-06-19 13:58:21.080000+00:00,7659.5,{'stop_loss_price': 7659.5}
INVALID_RISK_UNIT,risk_unit == 0 or non-finite,NQU19-CME,649698,2019-06-19 13:58:21.081000+00:00,7659.5,{'stop_loss_price': 7659.5}
INVALID_RISK_UNIT,risk_unit == 0 or non-finite,NQU19-CME,649700,2019-06-19 13:58:21.083000+00:00,7659.5,{'stop_loss_price': 7659.5}
INVALID_RISK_UNIT,risk_unit == 0 or non-finite,NQU19-CME,724987,2019-06-19 17:37:41+00:00,7652.25,{'stop_loss_price': 7652.25}
INVALID_RISK_UNIT,risk_unit == 0 or non-finite,NQU19-CME,769439,2019-06-19 18:14:26.003000+00:00,7678.0,{'stop_loss_price': 7678.0}
INVALID_RISK_UNIT,risk_unit == 0 or non-finite,NQU19-CME,769440,2019-06-19 18:14:26.004000+00:00,7678.0,{'stop_loss_price': 7678.0}
INVALID_RISK_UNIT,risk_unit == 0 or non-finite,NQU19-CME,769441,2019-06-19 18:14:26.005000+00:00,7678.0,{'stop_loss_price': 7678.0}
INVALID_RISK_UNIT,risk_unit == 0 or non-finite,NQU19-CME,899672,2019-06-20 01:53:31+00:00,7745.75,{'stop_loss_price': 7745.75}
INVALID_RISK_UNIT,risk_unit == 0 or non-finite,NQU19-CME,899912,2019-06-20 01:56:47.001000+00:00,7747.25,{'stop_loss_price': 7747.25}
INVALID_RISK_UNIT,risk_unit == 0 or non-finite,NQU19-CME,899913,2019-06-20 01:56:48+00:00,7747.25,{'stop_loss_price': 7747.25}
INVALID_RISK_UNIT,risk_unit == 0 or non-finite,NQU19-CME,899914,2019-06-20 01:56:48.001000+00:00,7747.25,{'stop_loss_price': 7747.25}
INVALID_RISK_UNIT,risk_unit == 0 or non-finite,NQU19-CME,899915,2019-06-20 01:56:48.002000+00:00,7747.25,{'stop_loss_price': 7747.25}
INVALID_RISK_UNIT,risk_unit == 0 or non-finite,NQU19-CME,899918,2019-06-20 01:56:56+00:00,7747.25,{'stop_loss_price': 7747.25}
INVALID_RISK_UNIT,risk_unit == 0 or non-finite,NQU19-CME,899919,2019-06-20 01:56:56.001000+00:00,7747.25,{'stop_loss_price': 7747.25}
INVALID_RISK_UNIT,risk_unit == 0 or non-finite,NQU19-CME,899920,2019-06-20 01:56:57+00:00,7747.25,{'stop_loss_price': 7747.25}
INVALID_RISK_UNIT,risk_unit == 0 or non-finite,NQU19-CME,899921,2019-06-20 01:57:02+00:00,7747.25,{'stop_loss_price': 7747.25}
INVALID_RISK_UNIT,risk_unit == 0 or non-finite,NQU19-CME,899922,2019-06-20 01:57:06+00:00,7747.25,{'stop_loss_price': 7747.25}
INVALID_RISK_UNIT,risk_unit == 0 or non-finite,NQU19-CME,899923,2019-06-20 01:57:06.001000+00:00,7747.25,{'stop_loss_price': 7747.25}
INVALID_RISK_UNIT,risk_unit == 0 or non-finite,NQU19-CME,903445,2019-06-20 02:25:12.004000+00:00,7755.25,{'stop_loss_price': 7755.25}
INVALID_RISK_UNIT,risk_unit == 0 or non-finite,NQU19-CME,940363,2019-06-20 09:38:08+00:00,7796.5,{'stop_loss_price': 7796.5}
INVALID_RISK_UNIT,risk_unit == 0 or non-finite,NQU19-CME,956192,2019-06-20 12:31:00+00:00,7807.75,{'stop_loss_price': 7807.75}
INVALID_RISK_UNIT,risk_unit == 0 or non-finite,NQU19-CME,1035599,2019-06-20 14:09:45+00:00,7786.75,{'stop_loss_price': 7786.75}
INVALID_RISK_UNIT,risk_unit == 0 or non-finite,NQU19-CME,1151519,2019-06-20 16:16:43.013000+00:00,7722.0,{'stop_loss_price': 7722.0}
INVALID_RISK_UNIT,risk_unit == 0 or non-finite,NQU19-CME,1282380,2019-06-20 20:35:21.001000+00:00,7767.5,{'stop_loss_price': 7767.5}
INVALID_RISK_UNIT,risk_unit == 0 or non-finite,NQU19-CME,1282381,2019-06-20 20:35:21.002000+00:00,7767.5,{'stop_loss_price': 7767.5}
INVALID_RISK_UNIT,risk_unit == 0 or non-finite,NQU19-CME,1302152,2019-06-21 03:26:08.001000+00:00,7739.25,{'stop_loss_price': 7739.25}
INVALID_RISK_UNIT,risk_unit == 0 or non-finite,NQU19-CME,1302153,2019-06-21 03:26:08.002000+00:00,7739.25,{'stop_loss_price': 7739.25}
INVALID_RISK_UNIT,risk_unit == 0 or non-finite,NQU19-CME,1302154,2019-06-21 03:26:08.003000+00:00,7739.25,{'stop_loss_price': 7739.25}
INVALID_RISK_UNIT,risk_unit == 0 or non-finite,NQU19-CME,1302155,2019-06-21 03:26:08.004000+00:00,7739.25,{'stop_loss_price': 7739.25}
INVALID_RISK_UNIT,risk_unit == 0 or non-finite,NQU19-CME,1311884,2019-06-21 06:18:56.003000+00:00,7742.25,{'stop_loss_price': 7742.25}
INVALID_RISK_UNIT,risk_unit == 0 or non-finite,NQU19-CME,1311885,2019-06-21 06:18:56.004000+00:00,7742.25,{'stop_loss_price': 7742.25}
INVALID_RISK_UNIT,risk_unit == 0 or non-finite,NQU19-CME,1339922,2019-06-21 11:13:08+00:00,7747.0,{'stop_loss_price': 7747.0}
INVALID_RISK_UNIT,risk_unit == 0 or non-finite,NQU19-CME,1378757,2019-06-21 13:36:06.017000+00:00,7751.25,{'stop_loss_price': 7751.25}
INVALID_RISK_UNIT,risk_unit == 0 or non-finite,NQU19-CME,1378758,2019-06-21 13:36:06.018000+00:00,7751.25,{'stop_loss_price': 7751.25}
INVALID_RISK_UNIT,risk_unit == 0 or non-finite,NQU19-CME,1378759,2019-06-21 13:36:06.019000+00:00,7751.25,{'stop_loss_price': 7751.25}
INVALID_RISK_UNIT,risk_unit == 0 or non-finite,NQU19-CME,1378760,2019-06-21 13:36:06.020000+00:00,7751.25,{'stop_loss_price': 7751.25}
INVALID_RISK_UNIT,risk_unit == 0 or non-finite,NQU19-CME,1378761,2019-06-21 13:36:06.021000+00:00,7751.25,{'stop_loss_price': 7751.25}
INVALID_RISK_UNIT,risk_unit == 0 or non-finite,NQU19-CME,1378772,2019-06-21 13:36:06.032000+00:00,7751.25,{'stop_loss_price': 7751.25}
INVALID_RISK_UNIT,risk_unit == 0 or non-finite,NQU19-CME,1378773,2019-06-21 13:36:06.033000+00:00,7751.25,{'stop_loss_price': 7751.25}
INVALID_RISK_UNIT,risk_unit == 0 or non-finite,NQU19-CME,1378774,2019-06-21 13:36:06.034000+00:00,7751.25,{'stop_loss_price': 7751.25}
INVALID_RISK_UNIT,risk_unit == 0 or non-finite,NQU19-CME,1378775,2019-06-21 13:36:07+00:00,7751.25,{'stop_loss_price': 7751.25}
INVALID_RISK_UNIT,risk_unit == 0 or non-finite,NQU19-CME,1378776,2019-06-21 13:36:07.001000+00:00,7751.25,{'stop_loss_price': 7751.25}
INVALID_RISK_UNIT,risk_unit == 0 or non-finite,NQU19-CME,1378777,2019-06-21 13:36:07.002000+00:00,7751.25,{'stop_loss_price': 7751.25}
INVALID_RISK_UNIT,risk_unit == 0 or non-finite,NQU19-CME,1378778,2019-06-21 13:36:07.003000+00:00,7751.25,{'stop_loss_price': 7751.25}
INVALID_RISK_UNIT,risk_unit == 0 or non-finite,NQU19-CME,1378779,2019-06-21 13:36:07.004000+00:00,7751.25,{'stop_loss_price': 7751.25}
INVALID_RISK_UNIT,risk_unit == 0 or non-finite,NQU19-CME,1378780,2019-06-21 13:36:07.005000+00:00,7751.25,{'stop_loss_price': 7751.25}
INVALID_RISK_UNIT,risk_unit == 0 or non-finite,NQU19-CME,1378781,2019-06-21 13:36:07.006000+00:00,7751.25,{'stop_loss_price': 7751.25}
INVALID_RISK_UNIT,risk_unit == 0 or non-finite,NQU19-CME,1378789,2019-06-21 13:36:07.014000+00:00,7751.25,{'stop_loss_price': 7751.25}
INVALID_RISK_UNIT,risk_unit == 0 or non-finite,NQU19-CME,1436843,2019-06-21 14:40:38.013000+00:00,7768.0,{'stop_loss_price': 7768.0}
INVALID_RISK_UNIT,risk_unit == 0 or non-finite,NQU19-CME,1475998,2019-06-21 15:17:14.005000+00:00,7787.5,{'stop_loss_price': 7787.5}
INVALID_RISK_UNIT,risk_unit == 0 or non-finite,NQU19-CME,1475999,2019-06-21 15:17:14.006000+00:00,7787.5,{'stop_loss_price': 7787.5}
INVALID_RISK_UNIT,risk_unit == 0 or non-finite,NQU19-CME,1476008,2019-06-21 15:17:15.008000+00:00,7787.5,{'stop_loss_price': 7787.5}
INVALID_RISK_UNIT,risk_unit == 0 or non-finite,NQU19-CME,1476009,2019-06-21 15:17:15.009000+00:00,7787.5,{'stop_loss_price': 7787.5}
INVALID_RISK_UNIT,risk_unit == 0 or non-finite,NQU19-CME,1476031,2019-06-21 15:17:15.031000+00:00,7787.5,{'stop_loss_price': 7787.5}
INVALID_RISK_UNIT,risk_unit == 0 or non-finite,NQU19-CME,1476032,2019-06-21 15:17:15.032000+00:00,7787.5,{'stop_loss_price': 7787.5}
INVALID_RISK_UNIT,risk_unit == 0 or non-finite,NQU19-CME,1476033,2019-06-21 15:17:15.033000+00:00,7787.5,{'stop_loss_price': 7787.5}
INVALID_RISK_UNIT,risk_unit == 0 or non-finite,NQU19-CME,1476034,2019-06-21 15:17:16+00:00,7787.5,{'stop_loss_price': 7787.5}
INVALID_RISK_UNIT,risk_unit == 0 or non-finite,NQU19-CME,1476035,2019-06-21 15:17:16.001000+00:00,7787.5,{'stop_loss_price': 7787.5}
INVALID_RISK_UNIT,risk_unit == 0 or non-finite,NQU19-CME,1530761,2019-06-21 17:00:19+00:00,7764.25,{'stop_loss_price': 7764.25}
INVALID_RISK_UNIT,risk_unit == 0 or non-finite,NQU19-CME,1530762,2019-06-21 17:00:19.001000+00:00,7764.25,{'stop_loss_price': 7764.25}
INVALID_RISK_UNIT,risk_unit == 0 or non-finite,NQU19-CME,1530763,2019-06-21 17:00:19.002000+00:00,7764.25,{'stop_loss_price': 7764.25}
INVALID_RISK_UNIT,risk_unit == 0 or non-finite,NQU19-CME,1581125,2019-06-21 19:55:06.004000+00:00,7764.5,{'stop_loss_price': 7764.5}
INVALID_RISK_UNIT,risk_unit == 0 or non-finite,NQU19-CME,1581126,2019-06-21 19:55:06.005000+00:00,7764.5,{'stop_loss_price': 7764.5}
INVALID_RISK_UNIT,risk_unit == 0 or non-finite,NQU19-CME,1595998,2019-06-21 20:11:16.008000+00:00,7761.5,{'stop_loss_price': 7761.5}
INVALID_RISK_UNIT,risk_unit == 0 or non-finite,NQU19-CME,1595999,2019-06-21 20:11:16.009000+00:00,7761.5,{'stop_loss_price': 7761.5}
INVALID_RISK_UNIT,risk_unit == 0 or non-finite,NQU19-CME,1596000,2019-06-21 20:11:16.010000+00:00,7761.5,{'stop_loss_price': 7761.5}
INVALID_RISK_UNIT,risk_unit == 0 or non-finite,NQU19-CME,1596001,2019-06-21 20:11:16.011000+00:00,7761.5,{'stop_loss_price': 7761.5}
INVALID_RISK_UNIT,risk_unit == 0 or non-finite,NQU19-CME,1596002,2019-06-21 20:11:16.012000+00:00,7761.5,{'stop_loss_price': 7761.5}
INVALID_RISK_UNIT,risk_unit == 0 or non-finite,NQU19-CME,1596003,2019-06-21 20:11:16.013000+00:00,7761.5,{'stop_loss_price': 7761.5}
INVALID_RISK_UNIT,risk_unit == 0 or non-finite,NQU19-CME,1596004,2019-06-21 20:11:16.014000+00:00,7761.5,{'stop_loss_price': 7761.5}
INVALID_RISK_UNIT,risk_unit == 0 or non-finite,NQU19-CME,1596005,2019-06-21 20:11:16.015000+00:00,7761.5,{'stop_loss_price': 7761.5}
INVALID_RISK_UNIT,risk_unit == 0 or non-finite,NQU19-CME,1596006,2019-06-21 20:11:16.016000+00:00,7761.5,{'stop_loss_price': 7761.5}
INVALID_RISK_UNIT,risk_unit == 0 or non-finite,NQU19-CME,1596007,2019-06-21 20:11:16.017000+00:00,7761.5,{'stop_loss_price': 7761.5}
INVALID_RISK_UNIT,risk_unit == 0 or non-finite,NQU19-CME,1596008,2019-06-21 20:11:18+00:00,7761.5,{'stop_loss_price': 7761.5}
INVALID_RISK_UNIT,risk_unit == 0 or non-finite,NQU19-CME,1596009,2019-06-21 20:11:18.001000+00:00,7761.5,{'stop_loss_price': 7761.5}
INVALID_RISK_UNIT,risk_unit == 0 or non-finite,NQU19-CME,1596010,2019-06-21 20:11:18.002000+00:00,7761.5,{'stop_loss_price': 7761.5}
INVALID_RISK_UNIT,risk_unit == 0 or non-finite,NQU19-CME,1596011,2019-06-21 20:11:18.003000+00:00,7761.5,{'stop_loss_price': 7761.5}
INVALID_RISK_UNIT,risk_unit == 0 or non-finite,NQU19-CME,1596012,2019-06-21 20:11:18.004000+00:00,7761.5,{'stop_loss_price': 7761.5}
INVALID_RISK_UNIT,risk_unit == 0 or non-finite,NQU19-CME,1596013,2019-06-21 20:11:18.005000+00:00,7761.5,{'stop_loss_price': 7761.5}
INVALID_RISK_UNIT,risk_unit == 0 or non-finite,NQU19-CME,1613007,2019-06-24 01:55:00.011000+00:00,7776.75,{'stop_loss_price': 7776.75}
INVALID_RISK_UNIT,risk_unit == 0 or non-finite,NQU19-CME,1613008,2019-06-24 01:55:00.012000+00:00,7776.75,{'stop_loss_price': 7776.75}
INVALID_RISK_UNIT,risk_unit == 0 or non-finite,NQU19-CME,1613009,2019-06-24 01:55:00.013000+00:00,7776.75,{'stop_loss_price': 7776.75}
INVALID_RISK_UNIT,risk_unit == 0 or non-finite,NQU19-CME,1613010,2019-06-24 01:55:01+00:00,7776.75,{'stop_loss_price': 7776.75}
INVALID_RISK_UNIT,risk_unit == 0 or non-finite,NQU19-CME,1674829,2019-06-24 13:45:00.011000+00:00,7766.25,{'stop_loss_price': 7766.25}
INVALID_RISK_UNIT,risk_unit == 0 or non-finite,NQU19-CME,1863929,2019-06-25 08:09:32.001000+00:00,7740.0,{'stop_loss_price': 7740.0}
INVALID_RISK_UNIT,risk_unit == 0 or non-finite,NQU19-CME,1863930,2019-06-25 08:09:32.002000+00:00,7740.0,{'stop_loss_price': 7740.0}
INVALID_RISK_UNIT,risk_unit == 0 or non-finite,NQU19-CME,1863931,2019-06-25 08:09:32.003000+00:00,7740.0,{'stop_loss_price': 7740.0}
INVALID_RISK_UNIT,risk_unit == 0 or non-finite,NQU19-CME,1863932,2019-06-25 08:09:32.004000+00:00,7740.0,{'stop_loss_price': 7740.0}
INVALID_RISK_UNIT,risk_unit == 0 or non-finite,NQU19-CME,1863933,2019-06-25 08:09:32.005000+00:00,7740.0,{'stop_loss_price': 7740.0}
INVALID_RISK_UNIT,risk_unit == 0 or non-finite,NQU19-CME,1889832,2019-06-25 13:31:30.001000+00:00,7744.25,{'stop_loss_price': 7744.25}
INVALID_RISK_UNIT,risk_unit == 0 or non-finite,NQU19-CME,1889833,2019-06-25 13:31:30.002000+00:00,7744.25,{'stop_loss_price': 7744.25}
INVALID_RISK_UNIT,risk_unit == 0 or non-finite,NQU19-CME,1889834,2019-06-25 13:31:30.003000+00:00,7744.25,{'stop_loss_price': 7744.25}
INVALID_RISK_UNIT,risk_unit == 0 or non-finite,NQU19-CME,1889835,2019-06-25 13:31:30.004000+00:00,7744.25,{'stop_loss_price': 7744.25}
INVALID_RISK_UNIT,risk_unit == 0 or non-finite,NQU19-CME,1889836,2019-06-25 13:31:30.005000+00:00,7744.25,{'stop_loss_price': 7744.25}
INVALID_RISK_UNIT,risk_unit == 0 or non-finite,NQU19-CME,1889837,2019-06-25 13:31:30.006000+00:00,7744.25,{'stop_loss_price': 7744.25}
INVALID_RISK_UNIT,risk_unit == 0 or non-finite,NQU19-CME,1889838,2019-06-25 13:31:30.007000+00:00,7744.25,{'stop_loss_price': 7744.25}
INVALID_RISK_UNIT,risk_unit == 0 or non-finite,NQU19-CME,1889900,2019-06-25 13:31:31.030000+00:00,7744.25,{'stop_loss_price': 7744.25}
INVALID_RISK_UNIT,risk_unit == 0 or non-finite,NQU19-CME,1903737,2019-06-25 13:38:19.097000+00:00,7724.5,{'stop_loss_price': 7724.5}
INVALID_RISK_UNIT,risk_unit == 0 or non-finite,NQU19-CME,1941200,2019-06-25 14:12:39.060000+00:00,7713.5,{'stop_loss_price': 7713.5}
INVALID_RISK_UNIT,risk_unit == 0 or non-finite,NQU19-CME,1946375,2019-06-25 14:16:54+00:00,7712.75,{'stop_loss_price': 7712.75}
INVALID_RISK_UNIT,risk_unit == 0 or non-finite,NQU19-CME,1946376,2019-06-25 14:16:54.001000+00:00,7712.75,{'stop_loss_price': 7712.75}
INVALID_RISK_UNIT,risk_unit == 0 or non-finite,NQU19-CME,1946377,2019-06-25 14:16:54.002000+00:00,7712.75,{'stop_loss_price': 7712.75}
INVALID_RISK_UNIT,risk_unit == 0 or non-finite,NQU19-CME,1948911,2019-06-25 14:20:18.090000+00:00,7707.25,{'stop_loss_price': 7707.25}
INVALID_RISK_UNIT,risk_unit == 0 or non-finite,NQU19-CME,1956161,2019-06-25 14:25:28.014000+00:00,7711.0,{'stop_loss_price': 7711.0}
INVALID_RISK_UNIT,risk_unit == 0 or non-finite,NQU19-CME,1956162,2019-06-25 14:25:28.015000+00:00,7711.0,{'stop_loss_price': 7711.0}
INVALID_RISK_UNIT,risk_unit == 0 or non-finite,NQU19-CME,1956163,2019-06-25 14:25:28.016000+00:00,7711.0,{'stop_loss_price': 7711.0}
INVALID_RISK_UNIT,risk_unit == 0 or non-finite,NQU19-CME,1956164,2019-06-25 14:25:28.017000+00:00,7711.0,{'stop_loss_price': 7711.0}
INVALID_RISK_UNIT,risk_unit == 0 or non-finite,NQU19-CME,1956165,2019-06-25 14:25:28.018000+00:00,7711.0,{'stop_loss_price': 7711.0}
INVALID_RISK_UNIT,risk_unit == 0 or non-finite,NQU19-CME,1956168,2019-06-25 14:25:28.021000+00:00,7711.0,{'stop_loss_price': 7711.0}
INVALID_RISK_UNIT,risk_unit == 0 or non-finite,NQU19-CME,2016272,2019-06-25 16:00:17+00:00,7688.0,{'stop_loss_price': 7688.0}
INVALID_RISK_UNIT,risk_unit == 0 or non-finite,NQU19-CME,2016273,2019-06-25 16:00:17.001000+00:00,7688.0,{'stop_loss_price': 7688.0}
INVALID_RISK_UNIT,risk_unit == 0 or non-finite,NQU19-CME,2016274,2019-06-25 16:00:17.002000+00:00,7688.0,{'stop_loss_price': 7688.0}
INVALID_RISK_UNIT,risk_unit == 0 or non-finite,NQU19-CME,2016275,2019-06-25 16:00:17.003000+00:00,7688.0,{'stop_loss_price': 7688.0}
INVALID_RISK_UNIT,risk_unit == 0 or non-finite,NQU19-CME,2016276,2019-06-25 16:00:17.004000+00:00,7688.0,{'stop_loss_price': 7688.0}
INVALID_RISK_UNIT,risk_unit == 0 or non-finite,NQU19-CME,2016277,2019-06-25 16:00:17.005000+00:00,7688.0,{'stop_loss_price': 7688.0}
INVALID_RISK_UNIT,risk_unit == 0 or non-finite,NQU19-CME,2016278,2019-06-25 16:00:17.006000+00:00,7688.0,{'stop_loss_price': 7688.0}
INVALID_RISK_UNIT,risk_unit == 0 or non-finite,NQU19-CME,2016279,2019-06-25 16:00:17.007000+00:00,7688.0,{'stop_loss_price': 7688.0}
INVALID_RISK_UNIT,risk_unit == 0 or non-finite,NQU19-CME,2016280,2019-06-25 16:00:17.008000+00:00,7688.0,{'stop_loss_price': 7688.0}
INVALID_RISK_UNIT,risk_unit == 0 or non-finite,NQU19-CME,2016281,2019-06-25 16:00:17.009000+00:00,7688.0,{'stop_loss_price': 7688.0}
INVALID_RISK_UNIT,risk_unit == 0 or non-finite,NQU19-CME,2016282,2019-06-25 16:00:17.010000+00:00,7688.0,{'stop_loss_price': 7688.0}
INVALID_RISK_UNIT,risk_unit == 0 or non-finite,NQU19-CME,2016283,2019-06-25 16:00:17.011000+00:00,7688.0,{'stop_loss_price': 7688.0}
INVALID_RISK_UNIT,risk_unit == 0 or non-finite,NQU19-CME,2016284,2019-06-25 16:00:17.012000+00:00,7688.0,{'stop_loss_price': 7688.0}
INVALID_RISK_UNIT,risk_unit == 0 or non-finite,NQU19-CME,2016285,2019-06-25 16:00:17.013000+00:00,7688.0,{'stop_loss_price': 7688.0}
INVALID_RISK_UNIT,risk_unit == 0 or non-finite,NQU19-CME,2016286,2019-06-25 16:00:17.014000+00:00,7688.0,{'stop_loss_price': 7688.0}
INVALID_RISK_UNIT,risk_unit == 0 or non-finite,NQU19-CME,2016287,2019-06-25 16:00:17.015000+00:00,7688.0,{'stop_loss_price': 7688.0}
INVALID_RISK_UNIT,risk_unit == 0 or non-finite,NQU19-CME,2016288,2019-06-25 16:00:18+00:00,7688.0,{'stop_loss_price': 7688.0}
INVALID_RISK_UNIT,risk_unit == 0 or non-finite,NQU19-CME,2016289,2019-06-25 16:00:18.001000+00:00,7688.0,{'stop_loss_price': 7688.0}
INVALID_RISK_UNIT,risk_unit == 0 or non-finite,NQU19-CME,2016290,2019-06-25 16:00:18.002000+00:00,7688.0,{'stop_loss_price': 7688.0}
INVALID_RISK_UNIT,risk_unit == 0 or non-finite,NQU19-CME,2016291,2019-06-25 16:00:18.003000+00:00,7688.0,{'stop_loss_price': 7688.0}
INVALID_RISK_UNIT,risk_unit == 0 or non-finite,NQU19-CME,2016292,2019-06-25 16:00:18.004000+00:00,7688.0,{'stop_loss_price': 7688.0}
INVALID_RISK_UNIT,risk_unit == 0 or non-finite,NQU19-CME,2016293,2019-06-25 16:00:18.005000+00:00,7688.0,{'stop_loss_price': 7688.0}
INVALID_RISK_UNIT,risk_unit == 0 or non-finite,NQU19-CME,2016294,2019-06-25 16:00:18.006000+00:00,7688.0,{'stop_loss_price': 7688.0}
INVALID_RISK_UNIT,risk_unit == 0 or non-finite,NQU19-CME,2016295,2019-06-25 16:00:18.007000+00:00,7688.0,{'stop_loss_price': 7688.0}
INVALID_RISK_UNIT,risk_unit == 0 or non-finite,NQU19-CME,2016296,2019-06-25 16:00:18.008000+00:00,7688.0,{'stop_loss_price': 7688.0}
INVALID_RISK_UNIT,risk_unit == 0 or non-finite,NQU19-CME,2016297,2019-06-25 16:00:19+00:00,7688.0,{'stop_loss_price': 7688.0}
INVALID_RISK_UNIT,risk_unit == 0 or non-finite,NQU19-CME,2016298,2019-06-25 16:00:19.001000+00:00,7688.0,{'stop_loss_price': 7688.0}
INVALID_RISK_UNIT,risk_unit == 0 or non-finite,NQU19-CME,2016299,2019-06-25 16:00:19.002000+00:00,7688.0,{'stop_loss_price': 7688.0}
INVALID_RISK_UNIT,risk_unit == 0 or non-finite,NQU19-CME,2016300,2019-06-25 16:00:19.003000+00:00,7688.0,{'stop_loss_price': 7688.0}
INVALID_RISK_UNIT,risk_unit == 0 or non-finite,NQU19-CME,2016301,2019-06-25 16:00:19.004000+00:00,7688.0,{'stop_loss_price': 7688.0}
INVALID_RISK_UNIT,risk_unit == 0 or non-finite,NQU19-CME,2016302,2019-06-25 16:00:19.005000+00:00,7688.0,{'stop_loss_price': 7688.0}
INVALID_RISK_UNIT,risk_unit == 0 or non-finite,NQU19-CME,2016303,2019-06-25 16:00:19.006000+00:00,7688.0,{'stop_loss_price': 7688.0}
INVALID_RISK_UNIT,risk_unit == 0 or non-finite,NQU19-CME,2069380,2019-06-25 17:29:19.003000+00:00,7667.25,{'stop_loss_price': 7667.25}
INVALID_RISK_UNIT,risk_unit == 0 or non-finite,NQU19-CME,2069381,2019-06-25 17:29:19.004000+00:00,7667.25,{'stop_loss_price': 7667.25}
INVALID_RISK_UNIT,risk_unit == 0 or non-finite,NQU19-CME,2069382,2019-06-25 17:29:19.005000+00:00,7667.25,{'stop_loss_price': 7667.25}
INVALID_RISK_UNIT,risk_unit == 0 or non-finite,NQU19-CME,2069383,2019-06-25 17:29:19.006000+00:00,7667.25,{'stop_loss_price': 7667.25}
INVALID_RISK_UNIT,risk_unit == 0 or non-finite,NQU19-CME,2069384,2019-06-25 17:29:19.007000+00:00,7667.25,{'stop_loss_price': 7667.25}
INVALID_RISK_UNIT,risk_unit == 0 or non-finite,NQU19-CME,2069385,2019-06-25 17:29:19.008000+00:00,7667.25,{'stop_loss_price': 7667.25}
INVALID_RISK_UNIT,risk_unit == 0 or non-finite,NQU19-CME,2069386,2019-06-25 17:29:19.009000+00:00,7667.25,{'stop_loss_price': 7667.25}
INVALID_RISK_UNIT,risk_unit == 0 or non-finite,NQU19-CME,2181502,2019-06-26 00:32:09+00:00,7635.0,{'stop_loss_price': 7635.0}
INVALID_RISK_UNIT,risk_unit == 0 or non-finite,NQU19-CME,2223619,2019-06-26 09:37:45.048000+00:00,7686.75,{'stop_loss_price': 7686.75}
INVALID_RISK_UNIT,risk_unit == 0 or non-finite,NQU19-CME,2304998,2019-06-26 13:49:01.008000+00:00,7701.75,{'stop_loss_price': 7701.75}
INVALID_RISK_UNIT,risk_unit == 0 or non-finite,NQU19-CME,2304999,2019-06-26 13:49:01.009000+00:00,7701.75,{'stop_loss_price': 7701.75}
INVALID_RISK_UNIT,risk_unit == 0 or non-finite,NQU19-CME,2305000,2019-06-26 13:49:01.010000+00:00,7701.75,{'stop_loss_price': 7701.75}
INVALID_RISK_UNIT,risk_unit == 0 or non-finite,NQU19-CME,2305001,2019-06-26 13:49:01.011000+00:00,7701.75,{'stop_loss_price': 7701.75}
INVALID_RISK_UNIT,risk_unit == 0 or non-finite,NQU19-CME,2305002,2019-06-26 13:49:01.012000+00:00,7701.75,{'stop_loss_price': 7701.75}
INVALID_RISK_UNIT,risk_unit == 0 or non-finite,NQU19-CME,2305003,2019-06-26 13:49:01.013000+00:00,7701.75,{'stop_loss_price': 7701.75}
INVALID_RISK_UNIT,risk_unit == 0 or non-finite,NQU19-CME,2305004,2019-06-26 13:49:01.014000+00:00,7701.75,{'stop_loss_price': 7701.75}
INVALID_RISK_UNIT,risk_unit == 0 or non-finite,NQU19-CME,2305005,2019-06-26 13:49:01.015000+00:00,7701.75,{'stop_loss_price': 7701.75}
INVALID_RISK_UNIT,risk_unit == 0 or non-finite,NQU19-CME,2305006,2019-06-26 13:49:01.016000+00:00,7701.75,{'stop_loss_price': 7701.75}
INVALID_RISK_UNIT,risk_unit == 0 or non-finite,NQU19-CME,2311194,2019-06-26 13:52:55.020000+00:00,7696.0,{'stop_loss_price': 7696.0}
INVALID_RISK_UNIT,risk_unit == 0 or non-finite,NQU19-CME,2311195,2019-06-26 13:52:55.021000+00:00,7696.0,{'stop_loss_price': 7696.0}
INVALID_RISK_UNIT,risk_unit == 0 or non-finite,NQU19-CME,2311197,2019-06-26 13:52:56.001000+00:00,7696.0,{'stop_loss_price': 7696.0}
INVALID_RISK_UNIT,risk_unit == 0 or non-finite,NQU19-CME,2362770,2019-06-26 14:50:33+00:00,7695.5,{'stop_loss_price': 7695.5}
INVALID_RISK_UNIT,risk_unit == 0 or non-finite,NQU19-CME,2393446,2019-06-26 15:48:34.006000+00:00,7680.5,{'stop_loss_price': 7680.5}
INVALID_RISK_UNIT,risk_unit == 0 or non-finite,NQU19-CME,2393447,2019-06-26 15:48:34.007000+00:00,7680.5,{'stop_loss_price': 7680.5}
INVALID_RISK_UNIT,risk_unit == 0 or non-finite,NQU19-CME,2393448,2019-06-26 15:48:34.008000+00:00,7680.5,{'stop_loss_price': 7680.5}
INVALID_RISK_UNIT,risk_unit == 0 or non-finite,NQU19-CME,2393449,2019-06-26 15:48:34.009000+00:00,7680.5,{'stop_loss_price': 7680.5}
INVALID_RISK_UNIT,risk_unit == 0 or non-finite,NQU19-CME,2504878,2019-06-27 02:17:02+00:00,7680.75,{'stop_loss_price': 7680.75}
INVALID_RISK_UNIT,risk_unit == 0 or non-finite,NQU19-CME,2504879,2019-06-27 02:17:05+00:00,7680.75,{'stop_loss_price': 7680.75}
INVALID_RISK_UNIT,risk_unit == 0 or non-finite,NQU19-CME,2506320,2019-06-27 02:33:18+00:00,7683.75,{'stop_loss_price': 7683.75}
INVALID_RISK_UNIT,risk_unit == 0 or non-finite,NQU19-CME,2506321,2019-06-27 02:33:18.001000+00:00,7683.75,{'stop_loss_price': 7683.75}
INVALID_RISK_UNIT,risk_unit == 0 or non-finite,NQU19-CME,2506322,2019-06-27 02:33:19+00:00,7683.75,{'stop_loss_price': 7683.75}
INVALID_RISK_UNIT,risk_unit == 0 or non-finite,NQU19-CME,2506323,2019-06-27 02:33:19.001000+00:00,7683.75,{'stop_loss_price': 7683.75}
INVALID_RISK_UNIT,risk_unit == 0 or non-finite,NQU19-CME,2506324,2019-06-27 02:33:19.002000+00:00,7683.75,{'stop_loss_price': 7683.75}
INVALID_RISK_UNIT,risk_unit == 0 or non-finite,NQU19-CME,2506325,2019-06-27 02:33:19.003000+00:00,7683.75,{'stop_loss_price': 7683.75}
INVALID_RISK_UNIT,risk_unit == 0 or non-finite,NQU19-CME,2506326,2019-06-27 02:33:19.004000+00:00,7683.75,{'stop_loss_price': 7683.75}
INVALID_RISK_UNIT,risk_unit == 0 or non-finite,NQU19-CME,2506327,2019-06-27 02:33:19.005000+00:00,7683.75,{'stop_loss_price': 7683.75}
INVALID_RISK_UNIT,risk_unit == 0 or non-finite,NQU19-CME,2506328,2019-06-27 02:33:19.006000+00:00,7683.75,{'stop_loss_price': 7683.75}
INVALID_RISK_UNIT,risk_unit == 0 or non-finite,NQU19-CME,2506329,2019-06-27 02:33:19.007000+00:00,7683.75,{'stop_loss_price': 7683.75}
INVALID_RISK_UNIT,risk_unit == 0 or non-finite,NQU19-CME,2506331,2019-06-27 02:33:21+00:00,7683.75,{'stop_loss_price': 7683.75}
INVALID_RISK_UNIT,risk_unit == 0 or non-finite,NQU19-CME,2509801,2019-06-27 04:05:19+00:00,7681.75,{'stop_loss_price': 7681.75}
INVALID_RISK_UNIT,risk_unit == 0 or non-finite,NQU19-CME,2509802,2019-06-27 04:05:25+00:00,7681.75,{'stop_loss_price': 7681.75}
INVALID_RISK_UNIT,risk_unit == 0 or non-finite,NQU19-CME,2509803,2019-06-27 04:05:28+00:00,7681.75,{'stop_loss_price': 7681.75}
INVALID_RISK_UNIT,risk_unit == 0 or non-finite,NQU19-CME,2509804,2019-06-27 04:05:28.001000+00:00,7681.75,{'stop_loss_price': 7681.75}
INVALID_RISK_UNIT,risk_unit == 0 or non-finite,NQU19-CME,2509806,2019-06-27 04:05:31+00:00,7681.75,{'stop_loss_price': 7681.75}
INVALID_RISK_UNIT,risk_unit == 0 or non-finite,NQU19-CME,2515210,2019-06-27 06:16:39+00:00,7684.5,{'stop_loss_price': 7684.5}
INVALID_RISK_UNIT,risk_unit == 0 or non-finite,NQU19-CME,2531403,2019-06-27 09:12:34.003000+00:00,7689.5,{'stop_loss_price': 7689.5}
INVALID_RISK_UNIT,risk_unit == 0 or non-finite,NQU19-CME,2531404,2019-06-27 09:12:35+00:00,7689.5,{'stop_loss_price': 7689.5}
INVALID_RISK_UNIT,risk_unit == 0 or non-finite,NQU19-CME,2531405,2019-06-27 09:12:35.001000+00:00,7689.5,{'stop_loss_price': 7689.5}
INVALID_RISK_UNIT,risk_unit == 0 or non-finite,NQU19-CME,2531406,2019-06-27 09:12:35.002000+00:00,7689.5,{'stop_loss_price': 7689.5}
INVALID_RISK_UNIT,risk_unit == 0 or non-finite,NQU19-CME,2558004,2019-06-27 11:53:12+00:00,7667.25,{'stop_loss_price': 7667.25}
INVALID_RISK_UNIT,risk_unit == 0 or non-finite,NQU19-CME,2558005,2019-06-27 11:53:12.001000+00:00,7667.25,{'stop_loss_price': 7667.25}
INVALID_RISK_UNIT,risk_unit == 0 or non-finite,NQU19-CME,2558006,2019-06-27 11:53:12.002000+00:00,7667.25,{'stop_loss_price': 7667.25}
INVALID_RISK_UNIT,risk_unit == 0 or non-finite,NQU19-CME,2558007,2019-06-27 11:53:12.003000+00:00,7667.25,{'stop_loss_price': 7667.25}
INVALID_RISK_UNIT,risk_unit == 0 or non-finite,NQU19-CME,2558008,2019-06-27 11:53:12.004000+00:00,7667.25,{'stop_loss_price': 7667.25}
INVALID_RISK_UNIT,risk_unit == 0 or non-finite,NQU19-CME,2558009,2019-06-27 11:53:12.005000+00:00,7667.25,{'stop_loss_price': 7667.25}
INVALID_RISK_UNIT,risk_unit == 0 or non-finite,NQU19-CME,2558010,2019-06-27 11:53:12.006000+00:00,7667.25,{'stop_loss_price': 7667.25}
INVALID_RISK_UNIT,risk_unit == 0 or non-finite,NQU19-CME,2558011,2019-06-27 11:53:12.007000+00:00,7667.25,{'stop_loss_price': 7667.25}
INVALID_RISK_UNIT,risk_unit == 0 or non-finite,NQU19-CME,2558012,2019-06-27 11:53:12.008000+00:00,7667.25,{'stop_loss_price': 7667.25}
INVALID_RISK_UNIT,risk_unit == 0 or non-finite,NQU19-CME,2558013,2019-06-27 11:53:12.009000+00:00,7667.25,{'stop_loss_price': 7667.25}
INVALID_RISK_UNIT,risk_unit == 0 or non-finite,NQU19-CME,2558014,2019-06-27 11:53:12.010000+00:00,7667.25,{'stop_loss_price': 7667.25}
INVALID_RISK_UNIT,risk_unit == 0 or non-finite,NQU19-CME,2652905,2019-06-27 15:09:18.001000+00:00,7692.75,{'stop_loss_price': 7692.75}
INVALID_RISK_UNIT,risk_unit == 0 or non-finite,NQU19-CME,2652906,2019-06-27 15:09:18.002000+00:00,7692.75,{'stop_loss_price': 7692.75}
INVALID_RISK_UNIT,risk_unit == 0 or non-finite,NQU19-CME,2652907,2019-06-27 15:09:18.003000+00:00,7692.75,{'stop_loss_price': 7692.75}
INVALID_RISK_UNIT,risk_unit == 0 or non-finite,NQU19-CME,2652908,2019-06-27 15:09:18.004000+00:00,7692.75,{'stop_loss_price': 7692.75}
INVALID_RISK_UNIT,risk_unit == 0 or non-finite,NQU19-CME,2652909,2019-06-27 15:09:18.005000+00:00,7692.75,{'stop_loss_price': 7692.75}
INVALID_RISK_UNIT,risk_unit == 0 or non-finite,NQU19-CME,2652910,2019-06-27 15:09:18.006000+00:00,7692.75,{'stop_loss_price': 7692.75}
INVALID_RISK_UNIT,risk_unit == 0 or non-finite,NQU19-CME,2652911,2019-06-27 15:09:18.007000+00:00,7692.75,{'stop_loss_price': 7692.75}
INVALID_RISK_UNIT,risk_unit == 0 or non-finite,NQU19-CME,2658294,2019-06-27 15:19:00.085000+00:00,7672.75,{'stop_loss_price': 7672.75}
INVALID_RISK_UNIT,risk_unit == 0 or non-finite,NQU19-CME,2658295,2019-06-27 15:19:00.086000+00:00,7672.75,{'stop_loss_price': 7672.75}
INVALID_RISK_UNIT,risk_unit == 0 or non-finite,NQU19-CME,2658296,2019-06-27 15:19:00.087000+00:00,7672.75,{'stop_loss_price': 7672.75}
INVALID_RISK_UNIT,risk_unit == 0 or non-finite,NQU19-CME,2665645,2019-06-27 15:22:47.022000+00:00,7674.0,{'stop_loss_price': 7674.0}
INVALID_RISK_UNIT,risk_unit == 0 or non-finite,NQU19-CME,2678042,2019-06-27 15:45:38+00:00,7670.5,{'stop_loss_price': 7670.5}
INVALID_RISK_UNIT,risk_unit == 0 or non-finite,NQU19-CME,2678043,2019-06-27 15:45:38.001000+00:00,7670.5,{'stop_loss_price': 7670.5}
INVALID_RISK_UNIT,risk_unit == 0 or non-finite,NQU19-CME,2678044,2019-06-27 15:45:38.002000+00:00,7670.5,{'stop_loss_price': 7670.5}
INVALID_RISK_UNIT,risk_unit == 0 or non-finite,NQU19-CME,2678045,2019-06-27 15:45:38.003000+00:00,7670.5,{'stop_loss_price': 7670.5}
INVALID_RISK_UNIT,risk_unit == 0 or non-finite,NQU19-CME,2682204,2019-06-27 16:00:57+00:00,7673.25,{'stop_loss_price': 7673.25}
INVALID_RISK_UNIT,risk_unit == 0 or non-finite,NQU19-CME,2682205,2019-06-27 16:00:57.001000+00:00,7673.25,{'stop_loss_price': 7673.25}
INVALID_RISK_UNIT,risk_unit == 0 or non-finite,NQU19-CME,2682208,2019-06-27 16:00:57.004000+00:00,7673.25,{'stop_loss_price': 7673.25}
INVALID_RISK_UNIT,risk_unit == 0 or non-finite,NQU19-CME,2682209,2019-06-27 16:00:57.005000+00:00,7673.25,{'stop_loss_price': 7673.25}
INVALID_RISK_UNIT,risk_unit == 0 or non-finite,NQU19-CME,2682210,2019-06-27 16:00:58+00:00,7673.25,{'stop_loss_price': 7673.25}
INVALID_RISK_UNIT,risk_unit == 0 or non-finite,NQU19-CME,2682211,2019-06-27 16:00:59+00:00,7673.25,{'stop_loss_price': 7673.25}
INVALID_RISK_UNIT,risk_unit == 0 or non-finite,NQU19-CME,2682212,2019-06-27 16:00:59.001000+00:00,7673.25,{'stop_loss_price': 7673.25}
INVALID_RISK_UNIT,risk_unit == 0 or non-finite,NQU19-CME,2682213,2019-06-27 16:01:01+00:00,7673.25,{'stop_loss_price': 7673.25}
INVALID_RISK_UNIT,risk_unit == 0 or non-finite,NQU19-CME,2682214,2019-06-27 16:01:01.001000+00:00,7673.25,{'stop_loss_price': 7673.25}
INVALID_RISK_UNIT,risk_unit == 0 or non-finite,NQU19-CME,2682215,2019-06-27 16:01:01.002000+00:00,7673.25,{'stop_loss_price': 7673.25}
INVALID_RISK_UNIT,risk_unit == 0 or non-finite,NQU19-CME,2682216,2019-06-27 16:01:01.003000+00:00,7673.25,{'stop_loss_price': 7673.25}
INVALID_RISK_UNIT,risk_unit == 0 or non-finite,NQU19-CME,2682217,2019-06-27 16:01:01.004000+00:00,7673.25,{'stop_loss_price': 7673.25}
INVALID_RISK_UNIT,risk_unit == 0 or non-finite,NQU19-CME,2682221,2019-06-27 16:01:01.008000+00:00,7673.25,{'stop_loss_price': 7673.25}
INVALID_RISK_UNIT,risk_unit == 0 or non-finite,NQU19-CME,2687790,2019-06-27 16:11:53.001000+00:00,7690.0,{'stop_loss_price': 7690.0}
INVALID_RISK_UNIT,risk_unit == 0 or non-finite,NQU19-CME,2687791,2019-06-27 16:11:53.002000+00:00,7690.0,{'stop_loss_price': 7690.0}
INVALID_RISK_UNIT,risk_unit == 0 or non-finite,NQU19-CME,2739521,2019-06-27 19:57:42+00:00,7687.5,{'stop_loss_price': 7687.5}
INVALID_RISK_UNIT,risk_unit == 0 or non-finite,NQU19-CME,2739522,2019-06-27 19:57:42.001000+00:00,7687.5,{'stop_loss_price': 7687.5}
INVALID_RISK_UNIT,risk_unit == 0 or non-finite,NQU19-CME,2739523,2019-06-27 19:57:42.002000+00:00,7687.5,{'stop_loss_price': 7687.5}
INVALID_RISK_UNIT,risk_unit == 0 or non-finite,NQU19-CME,2739524,2019-06-27 19:57:42.003000+00:00,7687.5,{'stop_loss_price': 7687.5}
INVALID_RISK_UNIT,risk_unit == 0 or non-finite,NQU19-CME,2739553,2019-06-27 19:57:47+00:00,7687.5,{'stop_loss_price': 7687.5}
INVALID_RISK_UNIT,risk_unit == 0 or non-finite,NQU19-CME,2756885,2019-06-28 01:38:06+00:00,7689.0,{'stop_loss_price': 7689.0}
INVALID_RISK_UNIT,risk_unit == 0 or non-finite,NQU19-CME,2762334,2019-06-28 03:00:07+00:00,7674.5,{'stop_loss_price': 7674.5}
INVALID_RISK_UNIT,risk_unit == 0 or non-finite,NQU19-CME,2768747,2019-06-28 06:37:28+00:00,7686.25,{'stop_loss_price': 7686.25}
INVALID_RISK_UNIT,risk_unit == 0 or non-finite,NQU19-CME,3084760,2019-07-01 13:03:01.005000+00:00,7834.75,{'stop_loss_price': 7834.75}
INVALID_RISK_UNIT,risk_unit == 0 or non-finite,NQU19-CME,3084761,2019-07-01 13:03:01.006000+00:00,7834.75,{'stop_loss_price': 7834.75}
INVALID_RISK_UNIT,risk_unit == 0 or non-finite,NQU19-CME,3084762,2019-07-01 13:03:01.007000+00:00,7834.75,{'stop_loss_price': 7834.75}
INVALID_RISK_UNIT,risk_unit == 0 or non-finite,NQU19-CME,3088668,2019-07-01 13:28:01.007000+00:00,7839.25,{'stop_loss_price': 7839.25}
INVALID_RISK_UNIT,risk_unit == 0 or non-finite,NQU19-CME,3088669,2019-07-01 13:28:01.008000+00:00,7839.25,{'stop_loss_price': 7839.25}
INVALID_RISK_UNIT,risk_unit == 0 or non-finite,NQU19-CME,3088670,2019-07-01 13:28:01.009000+00:00,7839.25,{'stop_loss_price': 7839.25}
INVALID_RISK_UNIT,risk_unit == 0 or non-finite,NQU19-CME,3088671,2019-07-01 13:28:01.010000+00:00,7839.25,{'stop_loss_price': 7839.25}
INVALID_RISK_UNIT,risk_unit == 0 or non-finite,NQU19-CME,3106233,2019-07-01 13:37:17+00:00,7836.5,{'stop_loss_price': 7836.5}
INVALID_RISK_UNIT,risk_unit == 0 or non-finite,NQU19-CME,3106234,2019-07-01 13:37:17.001000+00:00,7836.5,{'stop_loss_price': 7836.5}
INVALID_RISK_UNIT,risk_unit == 0 or non-finite,NQU19-CME,3106235,2019-07-01 13:37:17.002000+00:00,7836.5,{'stop_loss_price': 7836.5}
INVALID_RISK_UNIT,risk_unit == 0 or non-finite,NQU19-CME,3106236,2019-07-01 13:37:17.003000+00:00,7836.5,{'stop_loss_price': 7836.5}
INVALID_RISK_UNIT,risk_unit == 0 or non-finite,NQU19-CME,3106237,2019-07-01 13:37:17.004000+00:00,7836.5,{'stop_loss_price': 7836.5}
INVALID_RISK_UNIT,risk_unit == 0 or non-finite,NQU19-CME,3106238,2019-07-01 13:37:17.005000+00:00,7836.5,{'stop_loss_price': 7836.5}
INVALID_RISK_UNIT,risk_unit == 0 or non-finite,NQU19-CME,3106239,2019-07-01 13:37:17.006000+00:00,7836.5,{'stop_loss_price': 7836.5}
INVALID_RISK_UNIT,risk_unit == 0 or non-finite,NQU19-CME,3153100,2019-07-01 14:11:37+00:00,7826.75,{'stop_loss_price': 7826.75}
INVALID_RISK_UNIT,risk_unit == 0 or non-finite,NQU19-CME,3153101,2019-07-01 14:11:37.001000+00:00,7826.75,{'stop_loss_price': 7826.75}
INVALID_RISK_UNIT,risk_unit == 0 or non-finite,NQU19-CME,3153102,2019-07-01 14:11:37.002000+00:00,7826.75,{'stop_loss_price': 7826.75}
INVALID_RISK_UNIT,risk_unit == 0 or non-finite,NQU19-CME,3165799,2019-07-01 14:24:48.118000+00:00,7809.25,{'stop_loss_price': 7809.25}
INVALID_RISK_UNIT,risk_unit == 0 or non-finite,NQU19-CME,3201541,2019-07-01 15:12:14.045000+00:00,7799.25,{'stop_loss_price': 7799.25}
INVALID_RISK_UNIT,risk_unit == 0 or non-finite,NQU19-CME,3201542,2019-07-01 15:12:14.046000+00:00,7799.25,{'stop_loss_price': 7799.25}
INVALID_RISK_UNIT,risk_unit == 0 or non-finite,NQU19-CME,3201543,2019-07-01 15:12:14.047000+00:00,7799.25,{'stop_loss_price': 7799.25}
INVALID_RISK_UNIT,risk_unit == 0 or non-finite,NQU19-CME,3201544,2019-07-01 15:12:14.048000+00:00,7799.25,{'stop_loss_price': 7799.25}
INVALID_RISK_UNIT,risk_unit == 0 or non-finite,NQU19-CME,3201545,2019-07-01 15:12:14.049000+00:00,7799.25,{'stop_loss_price': 7799.25}
INVALID_RISK_UNIT,risk_unit == 0 or non-finite,NQU19-CME,3201546,2019-07-01 15:12:14.050000+00:00,7799.25,{'stop_loss_price': 7799.25}
INVALID_RISK_UNIT,risk_unit == 0 or non-finite,NQU19-CME,3201547,2019-07-01 15:12:14.051000+00:00,7799.25,{'stop_loss_price': 7799.25}
INVALID_RISK_UNIT,risk_unit == 0 or non-finite,NQU19-CME,3201548,2019-07-01 15:12:14.052000+00:00,7799.25,{'stop_loss_price': 7799.25}
INVALID_RISK_UNIT,risk_unit == 0 or non-finite,NQU19-CME,3205536,2019-07-01 15:19:22+00:00,7804.0,{'stop_loss_price': 7804.0}
INVALID_RISK_UNIT,risk_unit == 0 or non-finite,NQU19-CME,3243301,2019-07-01 16:38:17.001000+00:00,7789.0,{'stop_loss_price': 7789.0}
INVALID_RISK_UNIT,risk_unit == 0 or non-finite,NQU19-CME,3275675,2019-07-01 17:37:56.003000+00:00,7776.75,{'stop_loss_price': 7776.75}
INVALID_RISK_UNIT,risk_unit == 0 or non-finite,NQU19-CME,3301665,2019-07-01 18:51:55+00:00,7769.75,{'stop_loss_price': 7769.75}
INVALID_RISK_UNIT,risk_unit == 0 or non-finite,NQU19-CME,3301666,2019-07-01 18:51:55.001000+00:00,7769.75,{'stop_loss_price': 7769.75}
INVALID_RISK_UNIT,risk_unit == 0 or non-finite,NQU19-CME,3301667,2019-07-01 18:51:55.002000+00:00,7769.75,{'stop_loss_price': 7769.75}
INVALID_RISK_UNIT,risk_unit == 0 or non-finite,NQU19-CME,3301668,2019-07-01 18:51:55.003000+00:00,7769.75,{'stop_loss_price': 7769.75}
INVALID_RISK_UNIT,risk_unit == 0 or non-finite,NQU19-CME,3336802,2019-07-01 19:55:44.013000+00:00,7794.25,{'stop_loss_price': 7794.25}
INVALID_RISK_UNIT,risk_unit == 0 or non-finite,NQU19-CME,3336803,2019-07-01 19:55:44.014000+00:00,7794.25,{'stop_loss_price': 7794.25}
INVALID_RISK_UNIT,risk_unit == 0 or non-finite,NQU19-CME,3336804,2019-07-01 19:55:44.015000+00:00,7794.25,{'stop_loss_price': 7794.25}
INVALID_RISK_UNIT,risk_unit == 0 or non-finite,NQU19-CME,3336805,2019-07-01 19:55:44.016000+00:00,7794.25,{'stop_loss_price': 7794.25}
INVALID_RISK_UNIT,risk_unit == 0 or non-finite,NQU19-CME,3336858,2019-07-01 19:55:50.013000+00:00,7794.25,{'stop_loss_price': 7794.25}
INVALID_RISK_UNIT,risk_unit == 0 or non-finite,NQU19-CME,3336859,2019-07-01 19:55:50.014000+00:00,7794.25,{'stop_loss_price': 7794.25}
INVALID_RISK_UNIT,risk_unit == 0 or non-finite,NQU19-CME,3336860,2019-07-01 19:55:50.015000+00:00,7794.25,{'stop_loss_price': 7794.25}
INVALID_RISK_UNIT,risk_unit == 0 or non-finite,NQU19-CME,3336861,2019-07-01 19:55:50.016000+00:00,7794.25,{'stop_loss_price': 7794.25}
INVALID_RISK_UNIT,risk_unit == 0 or non-finite,NQU19-CME,3336862,2019-07-01 19:55:50.017000+00:00,7794.25,{'stop_loss_price': 7794.25}
INVALID_RISK_UNIT,risk_unit == 0 or non-finite,NQU19-CME,3336863,2019-07-01 19:55:50.018000+00:00,7794.25,{'stop_loss_price': 7794.25}
INVALID_RISK_UNIT,risk_unit == 0 or non-finite,NQU19-CME,3336864,2019-07-01 19:55:50.019000+00:00,7794.25,{'stop_loss_price': 7794.25}
INVALID_RISK_UNIT,risk_unit == 0 or non-finite,NQU19-CME,3336865,2019-07-01 19:55:50.020000+00:00,7794.25,{'stop_loss_price': 7794.25}
INVALID_RISK_UNIT,risk_unit == 0 or non-finite,NQU19-CME,3393839,2019-07-02 11:21:29+00:00,7774.25,{'stop_loss_price': 7774.25}
INVALID_RISK_UNIT,risk_unit == 0 or non-finite,NQU19-CME,3401214,2019-07-02 13:03:34+00:00,7785.75,{'stop_loss_price': 7785.75}
INVALID_RISK_UNIT,risk_unit == 0 or non-finite,NQU19-CME,3401215,2019-07-02 13:03:34.001000+00:00,7785.75,{'stop_loss_price': 7785.75}
INVALID_RISK_UNIT,risk_unit == 0 or non-finite,NQU19-CME,3401216,2019-07-02 13:03:37+00:00,7785.75,{'stop_loss_price': 7785.75}
INVALID_RISK_UNIT,risk_unit == 0 or non-finite,NQU19-CME,3401217,2019-07-02 13:03:37.001000+00:00,7785.75,{'stop_loss_price': 7785.75}
INVALID_RISK_UNIT,risk_unit == 0 or non-finite,NQU19-CME,3401219,2019-07-02 13:03:38+00:00,7785.75,{'stop_loss_price': 7785.75}
INVALID_RISK_UNIT,risk_unit == 0 or non-finite,NQU19-CME,3401995,2019-07-02 13:14:09.001000+00:00,7786.5,{'stop_loss_price': 7786.5}
INVALID_RISK_UNIT,risk_unit == 0 or non-finite,NQU19-CME,3401996,2019-07-02 13:14:09.002000+00:00,7786.5,{'stop_loss_price': 7786.5}
INVALID_RISK_UNIT,risk_unit == 0 or non-finite,NQU19-CME,3472873,2019-07-02 14:51:06.004000+00:00,7798.0,{'stop_loss_price': 7798.0}
INVALID_RISK_UNIT,risk_unit == 0 or non-finite,NQU19-CME,3611066,2019-07-03 01:48:29.001000+00:00,7830.25,{'stop_loss_price': 7830.25}
INVALID_RISK_UNIT,risk_unit == 0 or non-finite,NQU19-CME,3611067,2019-07-03 01:48:29.002000+00:00,7830.25,{'stop_loss_price': 7830.25}
INVALID_RISK_UNIT,risk_unit == 0 or non-finite,NQU19-CME,3611072,2019-07-03 01:48:36+00:00,7830.25,{'stop_loss_price': 7830.25}
INVALID_RISK_UNIT,risk_unit == 0 or non-finite,NQU19-CME,3611073,2019-07-03 01:48:36.001000+00:00,7830.25,{'stop_loss_price': 7830.25}
INVALID_RISK_UNIT,risk_unit == 0 or non-finite,NQU19-CME,3722918,2019-07-03 15:02:21.016000+00:00,7870.75,{'stop_loss_price': 7870.75}
INVALID_RISK_UNIT,risk_unit == 0 or non-finite,NQU19-CME,3814813,2019-07-05 00:05:12.001000+00:00,7902.75,{'stop_loss_price': 7902.75}
INVALID_RISK_UNIT,risk_unit == 0 or non-finite,NQU19-CME,3814814,2019-07-05 00:05:12.002000+00:00,7902.75,{'stop_loss_price': 7902.75}
INVALID_RISK_UNIT,risk_unit == 0 or non-finite,NQU19-CME,3814815,2019-07-05 00:05:12.003000+00:00,7902.75,{'stop_loss_price': 7902.75}
INVALID_RISK_UNIT,risk_unit == 0 or non-finite,NQU19-CME,3814816,2019-07-05 00:05:13+00:00,7902.75,{'stop_loss_price': 7902.75}
INVALID_RISK_UNIT,risk_unit == 0 or non-finite,NQU19-CME,3814817,2019-07-05 00:05:17+00:00,7902.75,{'stop_loss_price': 7902.75}
INVALID_RISK_UNIT,risk_unit == 0 or non-finite,NQU19-CME,3814818,2019-07-05 00:05:18+00:00,7902.75,{'stop_loss_price': 7902.75}
INVALID_RISK_UNIT,risk_unit == 0 or non-finite,NQU19-CME,3816025,2019-07-05 00:42:20+00:00,7900.25,{'stop_loss_price': 7900.25}
INVALID_RISK_UNIT,risk_unit == 0 or non-finite,NQU19-CME,3902616,2019-07-05 13:47:35.002000+00:00,7830.5,{'stop_loss_price': 7830.5}
INVALID_RISK_UNIT,risk_unit == 0 or non-finite,NQU19-CME,3914335,2019-07-05 14:00:00.094000+00:00,7809.25,{'stop_loss_price': 7809.25}
INVALID_RISK_UNIT,risk_unit == 0 or non-finite,NQU19-CME,3914336,2019-07-05 14:00:00.095000+00:00,7809.25,{'stop_loss_price': 7809.25}
INVALID_RISK_UNIT,risk_unit == 0 or non-finite,NQU19-CME,3914337,2019-07-05 14:00:00.096000+00:00,7809.25,{'stop_loss_price': 7809.25}
INVALID_RISK_UNIT,risk_unit == 0 or non-finite,NQU19-CME,3914338,2019-07-05 14:00:00.097000+00:00,7809.25,{'stop_loss_price': 7809.25}
INVALID_RISK_UNIT,risk_unit == 0 or non-finite,NQU19-CME,3914339,2019-07-05 14:00:00.098000+00:00,7809.25,{'stop_loss_price': 7809.25}
INVALID_RISK_UNIT,risk_unit == 0 or non-finite,NQU19-CME,3914341,2019-07-05 14:00:00.100000+00:00,7809.25,{'stop_loss_price': 7809.25}
INVALID_RISK_UNIT,risk_unit == 0 or non-finite,NQU19-CME,3992139,2019-07-05 15:57:46.011000+00:00,7826.0,{'stop_loss_price': 7826.0}
INVALID_RISK_UNIT,risk_unit == 0 or non-finite,NQU19-CME,3999001,2019-07-05 16:15:34+00:00,7831.5,{'stop_loss_price': 7831.5}
INVALID_RISK_UNIT,risk_unit == 0 or non-finite,NQU19-CME,4000688,2019-07-05 16:18:28.001000+00:00,7835.0,{'stop_loss_price': 7835.0}
INVALID_RISK_UNIT,risk_unit == 0 or non-finite,NQU19-CME,4000689,2019-07-05 16:18:28.002000+00:00,7835.0,{'stop_loss_price': 7835.0}
INVALID_RISK_UNIT,risk_unit == 0 or non-finite,NQU19-CME,4000690,2019-07-05 16:18:28.003000+00:00,7835.0,{'stop_loss_price': 7835.0}
INVALID_RISK_UNIT,risk_unit == 0 or non-finite,NQU19-CME,4000691,2019-07-05 16:18:28.004000+00:00,7835.0,{'stop_loss_price': 7835.0}
INVALID_RISK_UNIT,risk_unit == 0 or non-finite,NQU19-CME,4000692,2019-07-05 16:18:28.005000+00:00,7835.0,{'stop_loss_price': 7835.0}
INVALID_RISK_UNIT,risk_unit == 0 or non-finite,NQU19-CME,4000693,2019-07-05 16:18:28.006000+00:00,7835.0,{'stop_loss_price': 7835.0}
INVALID_RISK_UNIT,risk_unit == 0 or non-finite,NQU19-CME,4000694,2019-07-05 16:18:28.007000+00:00,7835.0,{'stop_loss_price': 7835.0}
INVALID_RISK_UNIT,risk_unit == 0 or non-finite,NQU19-CME,4000695,2019-07-05 16:18:28.008000+00:00,7835.0,{'stop_loss_price': 7835.0}
INVALID_RISK_UNIT,risk_unit == 0 or non-finite,NQU19-CME,4043100,2019-07-05 18:27:25.009000+00:00,7860.25,{'stop_loss_price': 7860.25}
INVALID_RISK_UNIT,risk_unit == 0 or non-finite,NQU19-CME,4043101,2019-07-05 18:27:25.010000+00:00,7860.25,{'stop_loss_price': 7860.25}
INVALID_RISK_UNIT,risk_unit == 0 or non-finite,NQU19-CME,4043102,2019-07-05 18:27:25.011000+00:00,7860.25,{'stop_loss_price': 7860.25}
INVALID_RISK_UNIT,risk_unit == 0 or non-finite,NQU19-CME,4043103,2019-07-05 18:27:25.012000+00:00,7860.25,{'stop_loss_price': 7860.25}
INVALID_RISK_UNIT,risk_unit == 0 or non-finite,NQU19-CME,4043104,2019-07-05 18:27:25.013000+00:00,7860.25,{'stop_loss_price': 7860.25}
INVALID_RISK_UNIT,risk_unit == 0 or non-finite,NQU19-CME,4043105,2019-07-05 18:27:25.014000+00:00,7860.25,{'stop_loss_price': 7860.25}
INVALID_RISK_UNIT,risk_unit == 0 or non-finite,NQU19-CME,4111567,2019-07-08 04:05:15+00:00,7830.25,{'stop_loss_price': 7830.25}
INVALID_RISK_UNIT,risk_unit == 0 or non-finite,NQU19-CME,4112751,2019-07-08 04:35:33.002000+00:00,7828.75,{'stop_loss_price': 7828.75}
INVALID_RISK_UNIT,risk_unit == 0 or non-finite,NQU19-CME,4112752,2019-07-08 04:35:33.003000+00:00,7828.75,{'stop_loss_price': 7828.75}
INVALID_RISK_UNIT,risk_unit == 0 or non-finite,NQU19-CME,4112753,2019-07-08 04:35:34+00:00,7828.75,{'stop_loss_price': 7828.75}
INVALID_RISK_UNIT,risk_unit == 0 or non-finite,NQU19-CME,4112754,2019-07-08 04:35:34.001000+00:00,7828.75,{'stop_loss_price': 7828.75}
INVALID_RISK_UNIT,risk_unit == 0 or non-finite,NQU19-CME,4112755,2019-07-08 04:35:34.002000+00:00,7828.75,{'stop_loss_price': 7828.75}
INVALID_RISK_UNIT,risk_unit == 0 or non-finite,NQU19-CME,4123332,2019-07-08 07:07:55.001000+00:00,7827.75,{'stop_loss_price': 7827.75}
INVALID_RISK_UNIT,risk_unit == 0 or non-finite,NQU19-CME,4140137,2019-07-08 10:44:28.005000+00:00,7816.25,{'stop_loss_price': 7816.25}
INVALID_RISK_UNIT,risk_unit == 0 or non-finite,NQU19-CME,4140138,2019-07-08 10:44:28.006000+00:00,7816.25,{'stop_loss_price': 7816.25}
INVALID_RISK_UNIT,risk_unit == 0 or non-finite,NQU19-CME,4140139,2019-07-08 10:44:28.007000+00:00,7816.25,{'stop_loss_price': 7816.25}
INVALID_RISK_UNIT,risk_unit == 0 or non-finite,NQU19-CME,4140140,2019-07-08 10:44:34+00:00,7816.25,{'stop_loss_price': 7816.25}
INVALID_RISK_UNIT,risk_unit == 0 or non-finite,NQU19-CME,4140141,2019-07-08 10:44:34.001000+00:00,7816.25,{'stop_loss_price': 7816.25}
INVALID_RISK_UNIT,risk_unit == 0 or non-finite,NQU19-CME,4150175,2019-07-08 13:00:03.002000+00:00,7816.25,{'stop_loss_price': 7816.25}
INVALID_RISK_UNIT,risk_unit == 0 or non-finite,NQU19-CME,4150176,2019-07-08 13:00:03.003000+00:00,7816.25,{'stop_loss_price': 7816.25}
INVALID_RISK_UNIT,risk_unit == 0 or non-finite,NQU19-CME,4150177,2019-07-08 13:00:03.004000+00:00,7816.25,{'stop_loss_price': 7816.25}
INVALID_RISK_UNIT,risk_unit == 0 or non-finite,NQU19-CME,4150178,2019-07-08 13:00:03.005000+00:00,7816.25,{'stop_loss_price': 7816.25}
INVALID_RISK_UNIT,risk_unit == 0 or non-finite,NQU19-CME,4150179,2019-07-08 13:00:03.006000+00:00,7816.25,{'stop_loss_price': 7816.25}
INVALID_RISK_UNIT,risk_unit == 0 or non-finite,NQU19-CME,4150180,2019-07-08 13:00:03.007000+00:00,7816.25,{'stop_loss_price': 7816.25}
INVALID_RISK_UNIT,risk_unit == 0 or non-finite,NQU19-CME,4150181,2019-07-08 13:00:03.008000+00:00,7816.25,{'stop_loss_price': 7816.25}
INVALID_RISK_UNIT,risk_unit == 0 or non-finite,NQU19-CME,4150182,2019-07-08 13:00:03.009000+00:00,7816.25,{'stop_loss_price': 7816.25}
INVALID_RISK_UNIT,risk_unit == 0 or non-finite,NQU19-CME,4150183,2019-07-08 13:00:03.010000+00:00,7816.25,{'stop_loss_price': 7816.25}
INVALID_RISK_UNIT,risk_unit == 0 or non-finite,NQU19-CME,4157079,2019-07-08 13:30:49+00:00,7813.5,{'stop_loss_price': 7813.5}
INVALID_RISK_UNIT,risk_unit == 0 or non-finite,NQU19-CME,4179931,2019-07-08 13:41:03.012000+00:00,7783.25,{'stop_loss_price': 7783.25}
INVALID_RISK_UNIT,risk_unit == 0 or non-finite,NQU19-CME,4179932,2019-07-08 13:41:03.013000+00:00,7783.25,{'stop_loss_price': 7783.25}
INVALID_RISK_UNIT,risk_unit == 0 or non-finite,NQU19-CME,4179935,2019-07-08 13:41:03.016000+00:00,7783.25,{'stop_loss_price': 7783.25}
INVALID_RISK_UNIT,risk_unit == 0 or non-finite,NQU19-CME,4179936,2019-07-08 13:41:03.017000+00:00,7783.25,{'stop_loss_price': 7783.25}
INVALID_RISK_UNIT,risk_unit == 0 or non-finite,NQU19-CME,4179937,2019-07-08 13:41:04+00:00,7783.25,{'stop_loss_price': 7783.25}
INVALID_RISK_UNIT,risk_unit == 0 or non-finite,NQU19-CME,4179938,2019-07-08 13:41:04.001000+00:00,7783.25,{'stop_loss_price': 7783.25}
INVALID_RISK_UNIT,risk_unit == 0 or non-finite,NQU19-CME,4179939,2019-07-08 13:41:04.002000+00:00,7783.25,{'stop_loss_price': 7783.25}
INVALID_RISK_UNIT,risk_unit == 0 or non-finite,NQU19-CME,4179940,2019-07-08 13:41:04.003000+00:00,7783.25,{'stop_loss_price': 7783.25}
INVALID_RISK_UNIT,risk_unit == 0 or non-finite,NQU19-CME,4179941,2019-07-08 13:41:04.004000+00:00,7783.25,{'stop_loss_price': 7783.25}
INVALID_RISK_UNIT,risk_unit == 0 or non-finite,NQU19-CME,4179942,2019-07-08 13:41:04.005000+00:00,7783.25,{'stop_loss_price': 7783.25}
INVALID_RISK_UNIT,risk_unit == 0 or non-finite,NQU19-CME,4179943,2019-07-08 13:41:04.006000+00:00,7783.25,{'stop_loss_price': 7783.25}
INVALID_RISK_UNIT,risk_unit == 0 or non-finite,NQU19-CME,4238659,2019-07-08 14:45:27.006000+00:00,7798.25,{'stop_loss_price': 7798.25}
INVALID_RISK_UNIT,risk_unit == 0 or non-finite,NQU19-CME,4238660,2019-07-08 14:45:27.007000+00:00,7798.25,{'stop_loss_price': 7798.25}
INVALID_RISK_UNIT,risk_unit == 0 or non-finite,NQU19-CME,4238661,2019-07-08 14:45:27.008000+00:00,7798.25,{'stop_loss_price': 7798.25}
INVALID_RISK_UNIT,risk_unit == 0 or non-finite,NQU19-CME,4238662,2019-07-08 14:45:27.009000+00:00,7798.25,{'stop_loss_price': 7798.25}
INVALID_RISK_UNIT,risk_unit == 0 or non-finite,NQU19-CME,4238663,2019-07-08 14:45:27.010000+00:00,7798.25,{'stop_loss_price': 7798.25}
INVALID_RISK_UNIT,risk_unit == 0 or non-finite,NQU19-CME,4238664,2019-07-08 14:45:27.011000+00:00,7798.25,{'stop_loss_price': 7798.25}
INVALID_RISK_UNIT,risk_unit == 0 or non-finite,NQU19-CME,4238666,2019-07-08 14:45:27.013000+00:00,7798.25,{'stop_loss_price': 7798.25}
INVALID_RISK_UNIT,risk_unit == 0 or non-finite,NQU19-CME,4284296,2019-07-08 16:02:37.001000+00:00,7788.25,{'stop_loss_price': 7788.25}
INVALID_RISK_UNIT,risk_unit == 0 or non-finite,NQU19-CME,4301888,2019-07-08 16:48:06+00:00,7794.75,{'stop_loss_price': 7794.75}
INVALID_RISK_UNIT,risk_unit == 0 or non-finite,NQU19-CME,4301889,2019-07-08 16:48:06.001000+00:00,7794.75,{'stop_loss_price': 7794.75}
INVALID_RISK_UNIT,risk_unit == 0 or non-finite,NQU19-CME,4301895,2019-07-08 16:48:06.007000+00:00,7794.75,{'stop_loss_price': 7794.75}
INVALID_RISK_UNIT,risk_unit == 0 or non-finite,NQU19-CME,4301896,2019-07-08 16:48:06.008000+00:00,7794.75,{'stop_loss_price': 7794.75}
INVALID_RISK_UNIT,risk_unit == 0 or non-finite,NQU19-CME,4301897,2019-07-08 16:48:06.009000+00:00,7794.75,{'stop_loss_price': 7794.75}
INVALID_RISK_UNIT,risk_unit == 0 or non-finite,NQU19-CME,4322808,2019-07-08 17:52:16.007000+00:00,7798.25,{'stop_loss_price': 7798.25}
INVALID_RISK_UNIT,risk_unit == 0 or non-finite,NQU19-CME,4322809,2019-07-08 17:52:16.008000+00:00,7798.25,{'stop_loss_price': 7798.25}
INVALID_RISK_UNIT,risk_unit == 0 or non-finite,NQU19-CME,4322810,2019-07-08 17:52:16.009000+00:00,7798.25,{'stop_loss_price': 7798.25}
INVALID_RISK_UNIT,risk_unit == 0 or non-finite,NQU19-CME,4322811,2019-07-08 17:52:16.010000+00:00,7798.25,{'stop_loss_price': 7798.25}
INVALID_RISK_UNIT,risk_unit == 0 or non-finite,NQU19-CME,4322812,2019-07-08 17:52:16.011000+00:00,7798.25,{'stop_loss_price': 7798.25}
INVALID_RISK_UNIT,risk_unit == 0 or non-finite,NQU19-CME,4322813,2019-07-08 17:52:16.012000+00:00,7798.25,{'stop_loss_price': 7798.25}
INVALID_RISK_UNIT,risk_unit == 0 or non-finite,NQU19-CME,4322814,2019-07-08 17:52:16.013000+00:00,7798.25,{'stop_loss_price': 7798.25}
INVALID_RISK_UNIT,risk_unit == 0 or non-finite,NQU19-CME,4322815,2019-07-08 17:52:16.014000+00:00,7798.25,{'stop_loss_price': 7798.25}
INVALID_RISK_UNIT,risk_unit == 0 or non-finite,NQU19-CME,4322816,2019-07-08 17:52:16.015000+00:00,7798.25,{'stop_loss_price': 7798.25}
INVALID_RISK_UNIT,risk_unit == 0 or non-finite,NQU19-CME,4322817,2019-07-08 17:52:16.016000+00:00,7798.25,{'stop_loss_price': 7798.25}
INVALID_RISK_UNIT,risk_unit == 0 or non-finite,NQU19-CME,4322818,2019-07-08 17:52:16.017000+00:00,7798.25,{'stop_loss_price': 7798.25}
INVALID_RISK_UNIT,risk_unit == 0 or non-finite,NQU19-CME,4322819,2019-07-08 17:52:16.018000+00:00,7798.25,{'stop_loss_price': 7798.25}
INVALID_RISK_UNIT,risk_unit == 0 or non-finite,NQU19-CME,4322820,2019-07-08 17:52:16.019000+00:00,7798.25,{'stop_loss_price': 7798.25}
INVALID_RISK_UNIT,risk_unit == 0 or non-finite,NQU19-CME,4322821,2019-07-08 17:52:16.020000+00:00,7798.25,{'stop_loss_price': 7798.25}
INVALID_RISK_UNIT,risk_unit == 0 or non-finite,NQU19-CME,4322822,2019-07-08 17:52:16.021000+00:00,7798.25,{'stop_loss_price': 7798.25}
INVALID_RISK_UNIT,risk_unit == 0 or non-finite,NQU19-CME,4322823,2019-07-08 17:52:16.022000+00:00,7798.25,{'stop_loss_price': 7798.25}
INVALID_RISK_UNIT,risk_unit == 0 or non-finite,NQU19-CME,4322824,2019-07-08 17:52:16.023000+00:00,7798.25,{'stop_loss_price': 7798.25}
INVALID_RISK_UNIT,risk_unit == 0 or non-finite,NQU19-CME,4322825,2019-07-08 17:52:16.024000+00:00,7798.25,{'stop_loss_price': 7798.25}
INVALID_RISK_UNIT,risk_unit == 0 or non-finite,NQU19-CME,4322826,2019-07-08 17:52:16.025000+00:00,7798.25,{'stop_loss_price': 7798.25}
INVALID_RISK_UNIT,risk_unit == 0 or non-finite,NQU19-CME,4322827,2019-07-08 17:52:16.026000+00:00,7798.25,{'stop_loss_price': 7798.25}
INVALID_RISK_UNIT,risk_unit == 0 or non-finite,NQU19-CME,4322828,2019-07-08 17:52:16.027000+00:00,7798.25,{'stop_loss_price': 7798.25}
INVALID_RISK_UNIT,risk_unit == 0 or non-finite,NQU19-CME,4322837,2019-07-08 17:52:17.001000+00:00,7798.25,{'stop_loss_price': 7798.25}
INVALID_RISK_UNIT,risk_unit == 0 or non-finite,NQU19-CME,4322838,2019-07-08 17:52:18+00:00,7798.25,{'stop_loss_price': 7798.25}
INVALID_RISK_UNIT,risk_unit == 0 or non-finite,NQU19-CME,4322839,2019-07-08 17:52:18.001000+00:00,7798.25,{'stop_loss_price': 7798.25}
INVALID_RISK_UNIT,risk_unit == 0 or non-finite,NQU19-CME,4322840,2019-07-08 17:52:18.002000+00:00,7798.25,{'stop_loss_price': 7798.25}
INVALID_RISK_UNIT,risk_unit == 0 or non-finite,NQU19-CME,4322841,2019-07-08 17:52:18.003000+00:00,7798.25,{'stop_loss_price': 7798.25}
INVALID_RISK_UNIT,risk_unit == 0 or non-finite,NQU19-CME,4322842,2019-07-08 17:52:18.004000+00:00,7798.25,{'stop_loss_price': 7798.25}
INVALID_RISK_UNIT,risk_unit == 0 or non-finite,NQU19-CME,4322843,2019-07-08 17:52:18.005000+00:00,7798.25,{'stop_loss_price': 7798.25}
INVALID_RISK_UNIT,risk_unit == 0 or non-finite,NQU19-CME,4322844,2019-07-08 17:52:18.006000+00:00,7798.25,{'stop_loss_price': 7798.25}
INVALID_RISK_UNIT,risk_unit == 0 or non-finite,NQU19-CME,4322845,2019-07-08 17:52:18.007000+00:00,7798.25,{'stop_loss_price': 7798.25}
INVALID_RISK_UNIT,risk_unit == 0 or non-finite,NQU19-CME,4322846,2019-07-08 17:52:18.008000+00:00,7798.25,{'stop_loss_price': 7798.25}
INVALID_RISK_UNIT,risk_unit == 0 or non-finite,NQU19-CME,4407128,2019-07-09 05:42:59.002000+00:00,7766.25,{'stop_loss_price': 7766.25}
INVALID_RISK_UNIT,risk_unit == 0 or non-finite,NQU19-CME,4422852,2019-07-09 08:18:26+00:00,7747.75,{'stop_loss_price': 7747.75}
INVALID_RISK_UNIT,risk_unit == 0 or non-finite,NQU19-CME,4422853,2019-07-09 08:18:26.001000+00:00,7747.75,{'stop_loss_price': 7747.75}
INVALID_RISK_UNIT,risk_unit == 0 or non-finite,NQU19-CME,4422854,2019-07-09 08:18:26.002000+00:00,7747.75,{'stop_loss_price': 7747.75}
INVALID_RISK_UNIT,risk_unit == 0 or non-finite,NQU19-CME,4422855,2019-07-09 08:18:26.003000+00:00,7747.75,{'stop_loss_price': 7747.75}
INVALID_RISK_UNIT,risk_unit == 0 or non-finite,NQU19-CME,4422856,2019-07-09 08:18:26.004000+00:00,7747.75,{'stop_loss_price': 7747.75}
INVALID_RISK_UNIT,risk_unit == 0 or non-finite,NQU19-CME,4422857,2019-07-09 08:18:26.005000+00:00,7747.75,{'stop_loss_price': 7747.75}
INVALID_RISK_UNIT,risk_unit == 0 or non-finite,NQU19-CME,4422858,2019-07-09 08:18:31+00:00,7747.75,{'stop_loss_price': 7747.75}
INVALID_RISK_UNIT,risk_unit == 0 or non-finite,NQU19-CME,4427189,2019-07-09 09:04:55.001000+00:00,7754.75,{'stop_loss_price': 7754.75}
INVALID_RISK_UNIT,risk_unit == 0 or non-finite,NQU19-CME,4427190,2019-07-09 09:04:55.002000+00:00,7754.75,{'stop_loss_price': 7754.75}
INVALID_RISK_UNIT,risk_unit == 0 or non-finite,NQU19-CME,4427191,2019-07-09 09:04:57+00:00,7754.75,{'stop_loss_price': 7754.75}
INVALID_RISK_UNIT,risk_unit == 0 or non-finite,NQU19-CME,4427192,2019-07-09 09:04:57.001000+00:00,7754.75,{'stop_loss_price': 7754.75}
INVALID_RISK_UNIT,risk_unit == 0 or non-finite,NQU19-CME,4427193,2019-07-09 09:05:00+00:00,7754.75,{'stop_loss_price': 7754.75}
INVALID_RISK_UNIT,risk_unit == 0 or non-finite,NQU19-CME,4427194,2019-07-09 09:05:00.001000+00:00,7754.75,{'stop_loss_price': 7754.75}
INVALID_RISK_UNIT,risk_unit == 0 or non-finite,NQU19-CME,4427195,2019-07-09 09:05:02+00:00,7754.75,{'stop_loss_price': 7754.75}
INVALID_RISK_UNIT,risk_unit == 0 or non-finite,NQU19-CME,4427196,2019-07-09 09:05:02.001000+00:00,7754.75,{'stop_loss_price': 7754.75}
INVALID_RISK_UNIT,risk_unit == 0 or non-finite,NQU19-CME,4449005,2019-07-09 13:02:36+00:00,7770.25,{'stop_loss_price': 7770.25}
INVALID_RISK_UNIT,risk_unit == 0 or non-finite,NQU19-CME,4449006,2019-07-09 13:02:36.001000+00:00,7770.25,{'stop_loss_price': 7770.25}
INVALID_RISK_UNIT,risk_unit == 0 or non-finite,NQU19-CME,4449007,2019-07-09 13:02:36.002000+00:00,7770.25,{'stop_loss_price': 7770.25}
INVALID_RISK_UNIT,risk_unit == 0 or non-finite,NQU19-CME,4449008,2019-07-09 13:02:36.003000+00:00,7770.25,{'stop_loss_price': 7770.25}
INVALID_RISK_UNIT,risk_unit == 0 or non-finite,NQU19-CME,4468311,2019-07-09 13:36:09.022000+00:00,7794.0,{'stop_loss_price': 7794.0}
INVALID_RISK_UNIT,risk_unit == 0 or non-finite,NQU19-CME,4468312,2019-07-09 13:36:09.023000+00:00,7794.0,{'stop_loss_price': 7794.0}
INVALID_RISK_UNIT,risk_unit == 0 or non-finite,NQU19-CME,4468313,2019-07-09 13:36:09.024000+00:00,7794.0,{'stop_loss_price': 7794.0}
INVALID_RISK_UNIT,risk_unit == 0 or non-finite,NQU19-CME,4468314,2019-07-09 13:36:09.025000+00:00,7794.0,{'stop_loss_price': 7794.0}
INVALID_RISK_UNIT,risk_unit == 0 or non-finite,NQU19-CME,4468315,2019-07-09 13:36:09.026000+00:00,7794.0,{'stop_loss_price': 7794.0}
INVALID_RISK_UNIT,risk_unit == 0 or non-finite,NQU19-CME,4468316,2019-07-09 13:36:09.027000+00:00,7794.0,{'stop_loss_price': 7794.0}
INVALID_RISK_UNIT,risk_unit == 0 or non-finite,NQU19-CME,4468317,2019-07-09 13:36:09.028000+00:00,7794.0,{'stop_loss_price': 7794.0}
INVALID_RISK_UNIT,risk_unit == 0 or non-finite,NQU19-CME,4468318,2019-07-09 13:36:09.029000+00:00,7794.0,{'stop_loss_price': 7794.0}
INVALID_RISK_UNIT,risk_unit == 0 or non-finite,NQU19-CME,4468319,2019-07-09 13:36:09.030000+00:00,7794.0,{'stop_loss_price': 7794.0}
INVALID_RISK_UNIT,risk_unit == 0 or non-finite,NQU19-CME,4468320,2019-07-09 13:36:09.031000+00:00,7794.0,{'stop_loss_price': 7794.0}
INVALID_RISK_UNIT,risk_unit == 0 or non-finite,NQU19-CME,4468321,2019-07-09 13:36:09.032000+00:00,7794.0,{'stop_loss_price': 7794.0}
INVALID_RISK_UNIT,risk_unit == 0 or non-finite,NQU19-CME,4468322,2019-07-09 13:36:09.033000+00:00,7794.0,{'stop_loss_price': 7794.0}
INVALID_RISK_UNIT,risk_unit == 0 or non-finite,NQU19-CME,4468323,2019-07-09 13:36:09.034000+00:00,7794.0,{'stop_loss_price': 7794.0}
INVALID_RISK_UNIT,risk_unit == 0 or non-finite,NQU19-CME,4468324,2019-07-09 13:36:09.035000+00:00,7794.0,{'stop_loss_price': 7794.0}
INVALID_RISK_UNIT,risk_unit == 0 or non-finite,NQU19-CME,4468325,2019-07-09 13:36:09.036000+00:00,7794.0,{'stop_loss_price': 7794.0}
INVALID_RISK_UNIT,risk_unit == 0 or non-finite,NQU19-CME,4589698,2019-07-09 16:12:34+00:00,7835.0,{'stop_loss_price': 7835.0}
INVALID_RISK_UNIT,risk_unit == 0 or non-finite,NQU19-CME,4589699,2019-07-09 16:12:34.001000+00:00,7835.0,{'stop_loss_price': 7835.0}
INVALID_RISK_UNIT,risk_unit == 0 or non-finite,NQU19-CME,4589700,2019-07-09 16:12:34.002000+00:00,7835.0,{'stop_loss_price': 7835.0}
INVALID_RISK_UNIT,risk_unit == 0 or non-finite,NQU19-CME,4589701,2019-07-09 16:12:34.003000+00:00,7835.0,{'stop_loss_price': 7835.0}
INVALID_RISK_UNIT,risk_unit == 0 or non-finite,NQU19-CME,4589702,2019-07-09 16:12:34.004000+00:00,7835.0,{'stop_loss_price': 7835.0}
INVALID_RISK_UNIT,risk_unit == 0 or non-finite,NQU19-CME,4589703,2019-07-09 16:12:34.005000+00:00,7835.0,{'stop_loss_price': 7835.0}
INVALID_RISK_UNIT,risk_unit == 0 or non-finite,NQU19-CME,4589704,2019-07-09 16:12:34.006000+00:00,7835.0,{'stop_loss_price': 7835.0}
INVALID_RISK_UNIT,risk_unit == 0 or non-finite,NQU19-CME,4589705,2019-07-09 16:12:34.007000+00:00,7835.0,{'stop_loss_price': 7835.0}
INVALID_RISK_UNIT,risk_unit == 0 or non-finite,NQU19-CME,4589706,2019-07-09 16:12:34.008000+00:00,7835.0,{'stop_loss_price': 7835.0}
INVALID_RISK_UNIT,risk_unit == 0 or non-finite,NQU19-CME,4589708,2019-07-09 16:12:35+00:00,7835.0,{'stop_loss_price': 7835.0}
INVALID_RISK_UNIT,risk_unit == 0 or non-finite,NQU19-CME,4677682,2019-07-09 22:42:15+00:00,7846.75,{'stop_loss_price': 7846.75}
INVALID_RISK_UNIT,risk_unit == 0 or non-finite,NQU19-CME,4689536,2019-07-10 02:21:12+00:00,7851.0,{'stop_loss_price': 7851.0}
INVALID_RISK_UNIT,risk_unit == 0 or non-finite,NQU19-CME,4689537,2019-07-10 02:21:12.001000+00:00,7851.0,{'stop_loss_price': 7851.0}
INVALID_RISK_UNIT,risk_unit == 0 or non-finite,NQU19-CME,4760674,2019-07-10 13:15:12.003000+00:00,7903.75,{'stop_loss_price': 7903.75}
INVALID_RISK_UNIT,risk_unit == 0 or non-finite,NQU19-CME,4761778,2019-07-10 13:20:21+00:00,7903.5,{'stop_loss_price': 7903.5}
INVALID_RISK_UNIT,risk_unit == 0 or non-finite,NQU19-CME,4761779,2019-07-10 13:20:21.001000+00:00,7903.5,{'stop_loss_price': 7903.5}
INVALID_RISK_UNIT,risk_unit == 0 or non-finite,NQU19-CME,4852226,2019-07-10 14:27:14.078000+00:00,7918.5,{'stop_loss_price': 7918.5}
INVALID_RISK_UNIT,risk_unit == 0 or non-finite,NQU19-CME,4852227,2019-07-10 14:27:14.079000+00:00,7918.5,{'stop_loss_price': 7918.5}
INVALID_RISK_UNIT,risk_unit == 0 or non-finite,NQU19-CME,4852228,2019-07-10 14:27:14.080000+00:00,7918.5,{'stop_loss_price': 7918.5}
INVALID_RISK_UNIT,risk_unit == 0 or non-finite,NQU19-CME,4852229,2019-07-10 14:27:14.081000+00:00,7918.5,{'stop_loss_price': 7918.5}
INVALID_RISK_UNIT,risk_unit == 0 or non-finite,NQU19-CME,4897001,2019-07-10 15:09:18.034000+00:00,7894.5,{'stop_loss_price': 7894.5}
INVALID_RISK_UNIT,risk_unit == 0 or non-finite,NQU19-CME,4897002,2019-07-10 15:09:18.035000+00:00,7894.5,{'stop_loss_price': 7894.5}
INVALID_RISK_UNIT,risk_unit == 0 or non-finite,NQU19-CME,4934200,2019-07-10 15:55:00.022000+00:00,7917.25,{'stop_loss_price': 7917.25}
INVALID_RISK_UNIT,risk_unit == 0 or non-finite,NQU19-CME,4934201,2019-07-10 15:55:00.023000+00:00,7917.25,{'stop_loss_price': 7917.25}
INVALID_RISK_UNIT,risk_unit == 0 or non-finite,NQU19-CME,4934202,2019-07-10 15:55:00.024000+00:00,7917.25,{'stop_loss_price': 7917.25}
INVALID_RISK_UNIT,risk_unit == 0 or non-finite,NQU19-CME,4938743,2019-07-10 16:03:30+00:00,7918.5,{'stop_loss_price': 7918.5}
INVALID_RISK_UNIT,risk_unit == 0 or non-finite,NQU19-CME,4980436,2019-07-10 18:02:30.001000+00:00,7930.0,{'stop_loss_price': 7930.0}
INVALID_RISK_UNIT,risk_unit == 0 or non-finite,NQU19-CME,4980437,2019-07-10 18:02:30.002000+00:00,7930.0,{'stop_loss_price': 7930.0}
INVALID_RISK_UNIT,risk_unit == 0 or non-finite,NQU19-CME,4980438,2019-07-10 18:02:30.003000+00:00,7930.0,{'stop_loss_price': 7930.0}
INVALID_RISK_UNIT,risk_unit == 0 or non-finite,NQU19-CME,4980439,2019-07-10 18:02:30.004000+00:00,7930.0,{'stop_loss_price': 7930.0}
INVALID_RISK_UNIT,risk_unit == 0 or non-finite,NQU19-CME,4980440,2019-07-10 18:02:30.005000+00:00,7930.0,{'stop_loss_price': 7930.0}
INVALID_RISK_UNIT,risk_unit == 0 or non-finite,NQU19-CME,4980441,2019-07-10 18:02:30.006000+00:00,7930.0,{'stop_loss_price': 7930.0}
INVALID_RISK_UNIT,risk_unit == 0 or non-finite,NQU19-CME,4980442,2019-07-10 18:02:30.007000+00:00,7930.0,{'stop_loss_price': 7930.0}
INVALID_RISK_UNIT,risk_unit == 0 or non-finite,NQU19-CME,4980443,2019-07-10 18:02:30.008000+00:00,7930.0,{'stop_loss_price': 7930.0}
INVALID_RISK_UNIT,risk_unit == 0 or non-finite,NQU19-CME,4980444,2019-07-10 18:02:30.009000+00:00,7930.0,{'stop_loss_price': 7930.0}
INVALID_RISK_UNIT,risk_unit == 0 or non-finite,NQU19-CME,4980445,2019-07-10 18:02:30.010000+00:00,7930.0,{'stop_loss_price': 7930.0}
INVALID_RISK_UNIT,risk_unit == 0 or non-finite,NQU19-CME,4980446,2019-07-10 18:02:30.011000+00:00,7930.0,{'stop_loss_price': 7930.0}
INVALID_RISK_UNIT,risk_unit == 0 or non-finite,NQU19-CME,4980447,2019-07-10 18:02:30.012000+00:00,7930.0,{'stop_loss_price': 7930.0}
INVALID_RISK_UNIT,risk_unit == 0 or non-finite,NQU19-CME,4980448,2019-07-10 18:02:30.013000+00:00,7930.0,{'stop_loss_price': 7930.0}
INVALID_RISK_UNIT,risk_unit == 0 or non-finite,NQU19-CME,4980449,2019-07-10 18:02:31+00:00,7930.0,{'stop_loss_price': 7930.0}
INVALID_RISK_UNIT,risk_unit == 0 or non-finite,NQU19-CME,5025210,2019-07-10 19:37:41.016000+00:00,7920.0,{'stop_loss_price': 7920.0}
INVALID_RISK_UNIT,risk_unit == 0 or non-finite,NQU19-CME,5025211,2019-07-10 19:37:41.017000+00:00,7920.0,{'stop_loss_price': 7920.0}
INVALID_RISK_UNIT,risk_unit == 0 or non-finite,NQU19-CME,5025212,2019-07-10 19:37:41.018000+00:00,7920.0,{'stop_loss_price': 7920.0}
INVALID_RISK_UNIT,risk_unit == 0 or non-finite,NQU19-CME,5025213,2019-07-10 19:37:41.019000+00:00,7920.0,{'stop_loss_price': 7920.0}
INVALID_RISK_UNIT,risk_unit == 0 or non-finite,NQU19-CME,5025214,2019-07-10 19:37:41.020000+00:00,7920.0,{'stop_loss_price': 7920.0}
INVALID_RISK_UNIT,risk_unit == 0 or non-finite,NQU19-CME,5025215,2019-07-10 19:37:41.021000+00:00,7920.0,{'stop_loss_price': 7920.0}
INVALID_RISK_UNIT,risk_unit == 0 or non-finite,NQU19-CME,5025216,2019-07-10 19:37:41.022000+00:00,7920.0,{'stop_loss_price': 7920.0}
INVALID_RISK_UNIT,risk_unit == 0 or non-finite,NQU19-CME,5025217,2019-07-10 19:37:41.023000+00:00,7920.0,{'stop_loss_price': 7920.0}
INVALID_RISK_UNIT,risk_unit == 0 or non-finite,NQU19-CME,5025218,2019-07-10 19:37:41.024000+00:00,7920.0,{'stop_loss_price': 7920.0}
INVALID_RISK_UNIT,risk_unit == 0 or non-finite,NQU19-CME,5025219,2019-07-10 19:37:41.025000+00:00,7920.0,{'stop_loss_price': 7920.0}
INVALID_RISK_UNIT,risk_unit == 0 or non-finite,NQU19-CME,5025220,2019-07-10 19:37:41.026000+00:00,7920.0,{'stop_loss_price': 7920.0}
INVALID_RISK_UNIT,risk_unit == 0 or non-finite,NQU19-CME,5025221,2019-07-10 19:37:41.027000+00:00,7920.0,{'stop_loss_price': 7920.0}
INVALID_RISK_UNIT,risk_unit == 0 or non-finite,NQU19-CME,5025222,2019-07-10 19:37:41.028000+00:00,7920.0,{'stop_loss_price': 7920.0}
INVALID_RISK_UNIT,risk_unit == 0 or non-finite,NQU19-CME,5025223,2019-07-10 19:37:41.029000+00:00,7920.0,{'stop_loss_price': 7920.0}
INVALID_RISK_UNIT,risk_unit == 0 or non-finite,NQU19-CME,5025224,2019-07-10 19:37:41.030000+00:00,7920.0,{'stop_loss_price': 7920.0}
INVALID_RISK_UNIT,risk_unit == 0 or non-finite,NQU19-CME,5025225,2019-07-10 19:37:41.031000+00:00,7920.0,{'stop_loss_price': 7920.0}
INVALID_RISK_UNIT,risk_unit == 0 or non-finite,NQU19-CME,5046101,2019-07-10 20:49:49+00:00,7927.75,{'stop_loss_price': 7927.75}
INVALID_RISK_UNIT,risk_unit == 0 or non-finite,NQU19-CME,5046102,2019-07-10 20:49:49.001000+00:00,7927.75,{'stop_loss_price': 7927.75}
INVALID_RISK_UNIT,risk_unit == 0 or non-finite,NQU19-CME,5046113,2019-07-10 20:50:00.008000+00:00,7927.75,{'stop_loss_price': 7927.75}
INVALID_RISK_UNIT,risk_unit == 0 or non-finite,NQU19-CME,5046114,2019-07-10 20:50:00.009000+00:00,7927.75,{'stop_loss_price': 7927.75}
INVALID_RISK_UNIT,risk_unit == 0 or non-finite,NQU19-CME,5046115,2019-07-10 20:50:00.010000+00:00,7927.75,{'stop_loss_price': 7927.75}
INVALID_RISK_UNIT,risk_unit == 0 or non-finite,NQU19-CME,5046116,2019-07-10 20:50:00.011000+00:00,7927.75,{'stop_loss_price': 7927.75}
INVALID_RISK_UNIT,risk_unit == 0 or non-finite,NQU19-CME,5107213,2019-07-11 12:50:09.007000+00:00,7936.25,{'stop_loss_price': 7936.25}
INVALID_RISK_UNIT,risk_unit == 0 or non-finite,NQU19-CME,5107214,2019-07-11 12:50:09.008000+00:00,7936.25,{'stop_loss_price': 7936.25}
INVALID_RISK_UNIT,risk_unit == 0 or non-finite,NQU19-CME,5107215,2019-07-11 12:50:09.009000+00:00,7936.25,{'stop_loss_price': 7936.25}
INVALID_RISK_UNIT,risk_unit == 0 or non-finite,NQU19-CME,5107216,2019-07-11 12:50:09.010000+00:00,7936.25,{'stop_loss_price': 7936.25}
INVALID_RISK_UNIT,risk_unit == 0 or non-finite,NQU19-CME,5107217,2019-07-11 12:50:09.011000+00:00,7936.25,{'stop_loss_price': 7936.25}
INVALID_RISK_UNIT,risk_unit == 0 or non-finite,NQU19-CME,5107218,2019-07-11 12:50:09.012000+00:00,7936.25,{'stop_loss_price': 7936.25}
INVALID_RISK_UNIT,risk_unit == 0 or non-finite,NQU19-CME,5173233,2019-07-11 14:09:22+00:00,7938.0,{'stop_loss_price': 7938.0}
INVALID_RISK_UNIT,risk_unit == 0 or non-finite,NQU19-CME,5173234,2019-07-11 14:09:22.001000+00:00,7938.0,{'stop_loss_price': 7938.0}
INVALID_RISK_UNIT,risk_unit == 0 or non-finite,NQU19-CME,5208131,2019-07-11 14:47:34.005000+00:00,7926.25,{'stop_loss_price': 7926.25}
INVALID_RISK_UNIT,risk_unit == 0 or non-finite,NQU19-CME,5208132,2019-07-11 14:47:34.006000+00:00,7926.25,{'stop_loss_price': 7926.25}
INVALID_RISK_UNIT,risk_unit == 0 or non-finite,NQU19-CME,5208133,2019-07-11 14:47:34.007000+00:00,7926.25,{'stop_loss_price': 7926.25}
INVALID_RISK_UNIT,risk_unit == 0 or non-finite,NQU19-CME,5208134,2019-07-11 14:47:34.008000+00:00,7926.25,{'stop_loss_price': 7926.25}
INVALID_RISK_UNIT,risk_unit == 0 or non-finite,NQU19-CME,5208135,2019-07-11 14:47:34.009000+00:00,7926.25,{'stop_loss_price': 7926.25}
INVALID_RISK_UNIT,risk_unit == 0 or non-finite,NQU19-CME,5208136,2019-07-11 14:47:34.010000+00:00,7926.25,{'stop_loss_price': 7926.25}
INVALID_RISK_UNIT,risk_unit == 0 or non-finite,NQU19-CME,5208137,2019-07-11 14:47:34.011000+00:00,7926.25,{'stop_loss_price': 7926.25}
INVALID_RISK_UNIT,risk_unit == 0 or non-finite,NQU19-CME,5208138,2019-07-11 14:47:34.012000+00:00,7926.25,{'stop_loss_price': 7926.25}
INVALID_RISK_UNIT,risk_unit == 0 or non-finite,NQU19-CME,5208139,2019-07-11 14:47:34.013000+00:00,7926.25,{'stop_loss_price': 7926.25}
INVALID_RISK_UNIT,risk_unit == 0 or non-finite,NQU19-CME,5208140,2019-07-11 14:47:34.014000+00:00,7926.25,{'stop_loss_price': 7926.25}
INVALID_RISK_UNIT,risk_unit == 0 or non-finite,NQU19-CME,5333123,2019-07-11 18:20:04.009000+00:00,7898.75,{'stop_loss_price': 7898.75}
INVALID_RISK_UNIT,risk_unit == 0 or non-finite,NQU19-CME,5409660,2019-07-12 03:45:08+00:00,7937.5,{'stop_loss_price': 7937.5}
INVALID_RISK_UNIT,risk_unit == 0 or non-finite,NQU19-CME,5409661,2019-07-12 03:45:09+00:00,7937.5,{'stop_loss_price': 7937.5}
INVALID_RISK_UNIT,risk_unit == 0 or non-finite,NQU19-CME,5409662,2019-07-12 03:45:16+00:00,7937.5,{'stop_loss_price': 7937.5}
INVALID_RISK_UNIT,risk_unit == 0 or non-finite,NQU19-CME,5411410,2019-07-12 04:57:25+00:00,7932.75,{'stop_loss_price': 7932.75}
INVALID_RISK_UNIT,risk_unit == 0 or non-finite,NQU19-CME,5421437,2019-07-12 08:04:01.012000+00:00,7937.25,{'stop_loss_price': 7937.25}
INVALID_RISK_UNIT,risk_unit == 0 or non-finite,NQU19-CME,5421438,2019-07-12 08:04:03+00:00,7937.25,{'stop_loss_price': 7937.25}
INVALID_RISK_UNIT,risk_unit == 0 or non-finite,NQU19-CME,5421439,2019-07-12 08:04:03.001000+00:00,7937.25,{'stop_loss_price': 7937.25}
INVALID_RISK_UNIT,risk_unit == 0 or non-finite,NQU19-CME,5421440,2019-07-12 08:04:03.002000+00:00,7937.25,{'stop_loss_price': 7937.25}
INVALID_RISK_UNIT,risk_unit == 0 or non-finite,NQU19-CME,5421441,2019-07-12 08:04:03.003000+00:00,7937.25,{'stop_loss_price': 7937.25}
INVALID_RISK_UNIT,risk_unit == 0 or non-finite,NQU19-CME,5421442,2019-07-12 08:04:05+00:00,7937.25,{'stop_loss_price': 7937.25}
INVALID_RISK_UNIT,risk_unit == 0 or non-finite,NQU19-CME,5421453,2019-07-12 08:04:09+00:00,7937.25,{'stop_loss_price': 7937.25}
INVALID_RISK_UNIT,risk_unit == 0 or non-finite,NQU19-CME,5426408,2019-07-12 09:00:06+00:00,7940.75,{'stop_loss_price': 7940.75}
INVALID_RISK_UNIT,risk_unit == 0 or non-finite,NQU19-CME,5426409,2019-07-12 09:00:06.001000+00:00,7940.75,{'stop_loss_price': 7940.75}
INVALID_RISK_UNIT,risk_unit == 0 or non-finite,NQU19-CME,5426410,2019-07-12 09:00:06.002000+00:00,7940.75,{'stop_loss_price': 7940.75}
INVALID_RISK_UNIT,risk_unit == 0 or non-finite,NQU19-CME,5426411,2019-07-12 09:00:06.003000+00:00,7940.75,{'stop_loss_price': 7940.75}
INVALID_RISK_UNIT,risk_unit == 0 or non-finite,NQU19-CME,5426412,2019-07-12 09:00:06.004000+00:00,7940.75,{'stop_loss_price': 7940.75}
INVALID_RISK_UNIT,risk_unit == 0 or non-finite,NQU19-CME,5426413,2019-07-12 09:00:06.005000+00:00,7940.75,{'stop_loss_price': 7940.75}
INVALID_RISK_UNIT,risk_unit == 0 or non-finite,NQU19-CME,5426414,2019-07-12 09:00:06.006000+00:00,7940.75,{'stop_loss_price': 7940.75}
INVALID_RISK_UNIT,risk_unit == 0 or non-finite,NQU19-CME,5426415,2019-07-12 09:00:06.007000+00:00,7940.75,{'stop_loss_price': 7940.75}
INVALID_RISK_UNIT,risk_unit == 0 or non-finite,NQU19-CME,5426416,2019-07-12 09:00:06.008000+00:00,7940.75,{'stop_loss_price': 7940.75}
INVALID_RISK_UNIT,risk_unit == 0 or non-finite,NQU19-CME,5486956,2019-07-12 14:04:32.009000+00:00,7944.25,{'stop_loss_price': 7944.25}
INVALID_RISK_UNIT,risk_unit == 0 or non-finite,NQU19-CME,5486957,2019-07-12 14:04:32.010000+00:00,7944.25,{'stop_loss_price': 7944.25}
INVALID_RISK_UNIT,risk_unit == 0 or non-finite,NQU19-CME,5486958,2019-07-12 14:04:32.011000+00:00,7944.25,{'stop_loss_price': 7944.25}
INVALID_RISK_UNIT,risk_unit == 0 or non-finite,NQU19-CME,5486959,2019-07-12 14:04:32.012000+00:00,7944.25,{'stop_loss_price': 7944.25}
INVALID_RISK_UNIT,risk_unit == 0 or non-finite,NQU19-CME,5486960,2019-07-12 14:04:32.013000+00:00,7944.25,{'stop_loss_price': 7944.25}
INVALID_RISK_UNIT,risk_unit == 0 or non-finite,NQU19-CME,5486963,2019-07-12 14:04:34+00:00,7944.25,{'stop_loss_price': 7944.25}
INVALID_RISK_UNIT,risk_unit == 0 or non-finite,NQU19-CME,5486964,2019-07-12 14:04:34.001000+00:00,7944.25,{'stop_loss_price': 7944.25}
INVALID_RISK_UNIT,risk_unit == 0 or non-finite,NQU19-CME,5486965,2019-07-12 14:04:34.002000+00:00,7944.25,{'stop_loss_price': 7944.25}
INVALID_RISK_UNIT,risk_unit == 0 or non-finite,NQU19-CME,5498589,2019-07-12 14:16:39.005000+00:00,7935.5,{'stop_loss_price': 7935.5}
INVALID_RISK_UNIT,risk_unit == 0 or non-finite,NQU19-CME,5498590,2019-07-12 14:16:39.006000+00:00,7935.5,{'stop_loss_price': 7935.5}
INVALID_RISK_UNIT,risk_unit == 0 or non-finite,NQU19-CME,5498592,2019-07-12 14:16:40.001000+00:00,7935.5,{'stop_loss_price': 7935.5}
INVALID_RISK_UNIT,risk_unit == 0 or non-finite,NQU19-CME,5511964,2019-07-12 14:33:42.030000+00:00,7933.0,{'stop_loss_price': 7933.0}
INVALID_RISK_UNIT,risk_unit == 0 or non-finite,NQU19-CME,5562737,2019-07-12 16:10:09+00:00,7951.5,{'stop_loss_price': 7951.5}
INVALID_RISK_UNIT,risk_unit == 0 or non-finite,NQU19-CME,5574307,2019-07-12 16:46:50.011000+00:00,7952.75,{'stop_loss_price': 7952.75}
INVALID_RISK_UNIT,risk_unit == 0 or non-finite,NQU19-CME,5596674,2019-07-12 18:27:03.004000+00:00,7952.75,{'stop_loss_price': 7952.75}
INVALID_RISK_UNIT,risk_unit == 0 or non-finite,NQU19-CME,5596675,2019-07-12 18:27:03.005000+00:00,7952.75,{'stop_loss_price': 7952.75}
INVALID_RISK_UNIT,risk_unit == 0 or non-finite,NQU19-CME,5596676,2019-07-12 18:27:03.006000+00:00,7952.75,{'stop_loss_price': 7952.75}
INVALID_RISK_UNIT,risk_unit == 0 or non-finite,NQU19-CME,5596677,2019-07-12 18:27:03.007000+00:00,7952.75,{'stop_loss_price': 7952.75}
INVALID_RISK_UNIT,risk_unit == 0 or non-finite,NQU19-CME,5596678,2019-07-12 18:27:06+00:00,7952.75,{'stop_loss_price': 7952.75}
INVALID_RISK_UNIT,risk_unit == 0 or non-finite,NQU19-CME,5596679,2019-07-12 18:27:06.001000+00:00,7952.75,{'stop_loss_price': 7952.75}
INVALID_RISK_UNIT,risk_unit == 0 or non-finite,NQU19-CME,5596680,2019-07-12 18:27:06.002000+00:00,7952.75,{'stop_loss_price': 7952.75}
INVALID_RISK_UNIT,risk_unit == 0 or non-finite,NQU19-CME,5596681,2019-07-12 18:27:07+00:00,7952.75,{'stop_loss_price': 7952.75}
INVALID_RISK_UNIT,risk_unit == 0 or non-finite,NQU19-CME,5596682,2019-07-12 18:27:08+00:00,7952.75,{'stop_loss_price': 7952.75}
INVALID_RISK_UNIT,risk_unit == 0 or non-finite,NQU19-CME,5596683,2019-07-12 18:27:08.001000+00:00,7952.75,{'stop_loss_price': 7952.75}
INVALID_RISK_UNIT,risk_unit == 0 or non-finite,NQU19-CME,5596684,2019-07-12 18:27:08.002000+00:00,7952.75,{'stop_loss_price': 7952.75}
INVALID_RISK_UNIT,risk_unit == 0 or non-finite,NQU19-CME,5596724,2019-07-12 18:27:25.006000+00:00,7952.75,{'stop_loss_price': 7952.75}
INVALID_RISK_UNIT,risk_unit == 0 or non-finite,NQU19-CME,5596725,2019-07-12 18:27:25.007000+00:00,7952.75,{'stop_loss_price': 7952.75}
INVALID_RISK_UNIT,risk_unit == 0 or non-finite,NQU19-CME,5596726,2019-07-12 18:27:25.008000+00:00,7952.75,{'stop_loss_price': 7952.75}
INVALID_RISK_UNIT,risk_unit == 0 or non-finite,NQU19-CME,5596727,2019-07-12 18:27:25.009000+00:00,7952.75,{'stop_loss_price': 7952.75}
INVALID_RISK_UNIT,risk_unit == 0 or non-finite,NQU19-CME,5596733,2019-07-12 18:27:29.005000+00:00,7952.75,{'stop_loss_price': 7952.75}
INVALID_RISK_UNIT,risk_unit == 0 or non-finite,NQU19-CME,5596734,2019-07-12 18:27:29.006000+00:00,7952.75,{'stop_loss_price': 7952.75}
INVALID_RISK_UNIT,risk_unit == 0 or non-finite,NQU19-CME,5596735,2019-07-12 18:27:29.007000+00:00,7952.75,{'stop_loss_price': 7952.75}
INVALID_RISK_UNIT,risk_unit == 0 or non-finite,NQU19-CME,5596736,2019-07-12 18:27:29.008000+00:00,7952.75,{'stop_loss_price': 7952.75}
INVALID_RISK_UNIT,risk_unit == 0 or non-finite,NQU19-CME,5596737,2019-07-12 18:27:29.009000+00:00,7952.75,{'stop_loss_price': 7952.75}
INVALID_RISK_UNIT,risk_unit == 0 or non-finite,NQU19-CME,5596738,2019-07-12 18:27:29.010000+00:00,7952.75,{'stop_loss_price': 7952.75}
INVALID_RISK_UNIT,risk_unit == 0 or non-finite,NQU19-CME,5596739,2019-07-12 18:27:29.011000+00:00,7952.75,{'stop_loss_price': 7952.75}
INVALID_RISK_UNIT,risk_unit == 0 or non-finite,NQU19-CME,5596740,2019-07-12 18:27:29.012000+00:00,7952.75,{'stop_loss_price': 7952.75}
INVALID_RISK_UNIT,risk_unit == 0 or non-finite,NQU19-CME,5596741,2019-07-12 18:27:30+00:00,7952.75,{'stop_loss_price': 7952.75}
INVALID_RISK_UNIT,risk_unit == 0 or non-finite,NQU19-CME,5596742,2019-07-12 18:27:30.001000+00:00,7952.75,{'stop_loss_price': 7952.75}
INVALID_RISK_UNIT,risk_unit == 0 or non-finite,NQU19-CME,5596743,2019-07-12 18:27:30.002000+00:00,7952.75,{'stop_loss_price': 7952.75}
INVALID_RISK_UNIT,risk_unit == 0 or non-finite,NQU19-CME,5596755,2019-07-12 18:27:38+00:00,7952.75,{'stop_loss_price': 7952.75}
INVALID_RISK_UNIT,risk_unit == 0 or non-finite,NQU19-CME,5596756,2019-07-12 18:27:38.001000+00:00,7952.75,{'stop_loss_price': 7952.75}
INVALID_RISK_UNIT,risk_unit == 0 or non-finite,NQU19-CME,5596757,2019-07-12 18:27:38.002000+00:00,7952.75,{'stop_loss_price': 7952.75}
INVALID_RISK_UNIT,risk_unit == 0 or non-finite,NQU19-CME,5596758,2019-07-12 18:27:38.003000+00:00,7952.75,{'stop_loss_price': 7952.75}
INVALID_RISK_UNIT,risk_unit == 0 or non-finite,NQU19-CME,5596759,2019-07-12 18:27:38.004000+00:00,7952.75,{'stop_loss_price': 7952.75}
INVALID_RISK_UNIT,risk_unit == 0 or non-finite,NQU19-CME,5596760,2019-07-12 18:27:40+00:00,7952.75,{'stop_loss_price': 7952.75}
INVALID_RISK_UNIT,risk_unit == 0 or non-finite,NQU19-CME,5596761,2019-07-12 18:27:40.001000+00:00,7952.75,{'stop_loss_price': 7952.75}
INVALID_RISK_UNIT,risk_unit == 0 or non-finite,NQU19-CME,5596762,2019-07-12 18:27:40.002000+00:00,7952.75,{'stop_loss_price': 7952.75}
INVALID_RISK_UNIT,risk_unit == 0 or non-finite,NQU19-CME,5596772,2019-07-12 18:27:53+00:00,7952.75,{'stop_loss_price': 7952.75}
INVALID_RISK_UNIT,risk_unit == 0 or non-finite,NQU19-CME,5596773,2019-07-12 18:27:53.001000+00:00,7952.75,{'stop_loss_price': 7952.75}
INVALID_RISK_UNIT,risk_unit == 0 or non-finite,NQU19-CME,5606947,2019-07-12 19:04:04+00:00,7953.75,{'stop_loss_price': 7953.75}
INVALID_RISK_UNIT,risk_unit == 0 or non-finite,NQU19-CME,5640383,2019-07-14 23:44:28+00:00,7956.75,{'stop_loss_price': 7956.75}
INVALID_RISK_UNIT,risk_unit == 0 or non-finite,NQU19-CME,5659759,2019-07-15 07:13:23+00:00,7977.5,{'stop_loss_price': 7977.5}
INVALID_RISK_UNIT,risk_unit == 0 or non-finite,NQU19-CME,5659760,2019-07-15 07:13:23.001000+00:00,7977.5,{'stop_loss_price': 7977.5}
INVALID_RISK_UNIT,risk_unit == 0 or non-finite,NQU19-CME,5659761,2019-07-15 07:13:23.002000+00:00,7977.5,{'stop_loss_price': 7977.5}
INVALID_RISK_UNIT,risk_unit == 0 or non-finite,NQU19-CME,5659762,2019-07-15 07:13:23.003000+00:00,7977.5,{'stop_loss_price': 7977.5}
INVALID_RISK_UNIT,risk_unit == 0 or non-finite,NQU19-CME,5659763,2019-07-15 07:13:23.004000+00:00,7977.5,{'stop_loss_price': 7977.5}
INVALID_RISK_UNIT,risk_unit == 0 or non-finite,NQU19-CME,5659764,2019-07-15 07:13:24+00:00,7977.5,{'stop_loss_price': 7977.5}
INVALID_RISK_UNIT,risk_unit == 0 or non-finite,NQU19-CME,5672625,2019-07-15 10:15:06+00:00,7967.25,{'stop_loss_price': 7967.25}
INVALID_RISK_UNIT,risk_unit == 0 or non-finite,NQU19-CME,5672626,2019-07-15 10:15:06.001000+00:00,7967.25,{'stop_loss_price': 7967.25}
INVALID_RISK_UNIT,risk_unit == 0 or non-finite,NQU19-CME,5672627,2019-07-15 10:15:06.002000+00:00,7967.25,{'stop_loss_price': 7967.25}
INVALID_RISK_UNIT,risk_unit == 0 or non-finite,NQU19-CME,5672628,2019-07-15 10:15:06.003000+00:00,7967.25,{'stop_loss_price': 7967.25}
INVALID_RISK_UNIT,risk_unit == 0 or non-finite,NQU19-CME,5858980,2019-07-16 04:43:45+00:00,7994.75,{'stop_loss_price': 7994.75}
INVALID_RISK_UNIT,risk_unit == 0 or non-finite,NQU19-CME,5872020,2019-07-16 10:02:31+00:00,7989.75,{'stop_loss_price': 7989.75}
INVALID_RISK_UNIT,risk_unit == 0 or non-finite,NQU19-CME,5872021,2019-07-16 10:02:34+00:00,7989.75,{'stop_loss_price': 7989.75}
INVALID_RISK_UNIT,risk_unit == 0 or non-finite,NQU19-CME,5875642,2019-07-16 11:03:10+00:00,7989.5,{'stop_loss_price': 7989.5}
INVALID_RISK_UNIT,risk_unit == 0 or non-finite,NQU19-CME,5875643,2019-07-16 11:03:10.001000+00:00,7989.5,{'stop_loss_price': 7989.5}
INVALID_RISK_UNIT,risk_unit == 0 or non-finite,NQU19-CME,5875644,2019-07-16 11:03:17+00:00,7989.5,{'stop_loss_price': 7989.5}
INVALID_RISK_UNIT,risk_unit == 0 or non-finite,NQU19-CME,5931023,2019-07-16 14:20:05.001000+00:00,7970.5,{'stop_loss_price': 7970.5}
INVALID_RISK_UNIT,risk_unit == 0 or non-finite,NQU19-CME,5931024,2019-07-16 14:20:05.002000+00:00,7970.5,{'stop_loss_price': 7970.5}
INVALID_RISK_UNIT,risk_unit == 0 or non-finite,NQU19-CME,5943813,2019-07-16 14:45:55.003000+00:00,7982.5,{'stop_loss_price': 7982.5}
INVALID_RISK_UNIT,risk_unit == 0 or non-finite,NQU19-CME,5943814,2019-07-16 14:45:55.004000+00:00,7982.5,{'stop_loss_price': 7982.5}
INVALID_RISK_UNIT,risk_unit == 0 or non-finite,NQU19-CME,5943815,2019-07-16 14:45:55.005000+00:00,7982.5,{'stop_loss_price': 7982.5}
INVALID_RISK_UNIT,risk_unit == 0 or non-finite,NQU19-CME,5954335,2019-07-16 15:10:30.003000+00:00,7977.0,{'stop_loss_price': 7977.0}
INVALID_RISK_UNIT,risk_unit == 0 or non-finite,NQU19-CME,6022481,2019-07-16 17:01:47.013000+00:00,7955.75,{'stop_loss_price': 7955.75}
INVALID_RISK_UNIT,risk_unit == 0 or non-finite,NQU19-CME,6022482,2019-07-16 17:01:47.014000+00:00,7955.75,{'stop_loss_price': 7955.75}
INVALID_RISK_UNIT,risk_unit == 0 or non-finite,NQU19-CME,6022483,2019-07-16 17:01:47.015000+00:00,7955.75,{'stop_loss_price': 7955.75}
INVALID_RISK_UNIT,risk_unit == 0 or non-finite,NQU19-CME,6022484,2019-07-16 17:01:47.016000+00:00,7955.75,{'stop_loss_price': 7955.75}
INVALID_RISK_UNIT,risk_unit == 0 or non-finite,NQU19-CME,6022485,2019-07-16 17:01:47.017000+00:00,7955.75,{'stop_loss_price': 7955.75}
INVALID_RISK_UNIT,risk_unit == 0 or non-finite,NQU19-CME,6022486,2019-07-16 17:01:47.018000+00:00,7955.75,{'stop_loss_price': 7955.75}
INVALID_RISK_UNIT,risk_unit == 0 or non-finite,NQU19-CME,6022487,2019-07-16 17:01:47.019000+00:00,7955.75,{'stop_loss_price': 7955.75}
INVALID_RISK_UNIT,risk_unit == 0 or non-finite,NQU19-CME,6022488,2019-07-16 17:01:47.020000+00:00,7955.75,{'stop_loss_price': 7955.75}
INVALID_RISK_UNIT,risk_unit == 0 or non-finite,NQU19-CME,6022489,2019-07-16 17:01:47.021000+00:00,7955.75,{'stop_loss_price': 7955.75}
INVALID_RISK_UNIT,risk_unit == 0 or non-finite,NQU19-CME,6022490,2019-07-16 17:01:47.022000+00:00,7955.75,{'stop_loss_price': 7955.75}
INVALID_RISK_UNIT,risk_unit == 0 or non-finite,NQU19-CME,6022491,2019-07-16 17:01:47.023000+00:00,7955.75,{'stop_loss_price': 7955.75}
INVALID_RISK_UNIT,risk_unit == 0 or non-finite,NQU19-CME,6022492,2019-07-16 17:01:47.024000+00:00,7955.75,{'stop_loss_price': 7955.75}
INVALID_RISK_UNIT,risk_unit == 0 or non-finite,NQU19-CME,6022493,2019-07-16 17:01:47.025000+00:00,7955.75,{'stop_loss_price': 7955.75}
INVALID_RISK_UNIT,risk_unit == 0 or non-finite,NQU19-CME,6022494,2019-07-16 17:01:47.026000+00:00,7955.75,{'stop_loss_price': 7955.75}
INVALID_RISK_UNIT,risk_unit == 0 or non-finite,NQU19-CME,6022495,2019-07-16 17:01:47.027000+00:00,7955.75,{'stop_loss_price': 7955.75}
INVALID_RISK_UNIT,risk_unit == 0 or non-finite,NQU19-CME,6022496,2019-07-16 17:01:47.028000+00:00,7955.75,{'stop_loss_price': 7955.75}
INVALID_RISK_UNIT,risk_unit == 0 or non-finite,NQU19-CME,6022497,2019-07-16 17:01:47.029000+00:00,7955.75,{'stop_loss_price': 7955.75}
INVALID_RISK_UNIT,risk_unit == 0 or non-finite,NQU19-CME,6022501,2019-07-16 17:01:48.002000+00:00,7955.75,{'stop_loss_price': 7955.75}
INVALID_RISK_UNIT,risk_unit == 0 or non-finite,NQU19-CME,6049611,2019-07-16 18:07:12+00:00,7947.5,{'stop_loss_price': 7947.5}
INVALID_RISK_UNIT,risk_unit == 0 or non-finite,NQU19-CME,6049612,2019-07-16 18:07:12.001000+00:00,7947.5,{'stop_loss_price': 7947.5}
INVALID_RISK_UNIT,risk_unit == 0 or non-finite,NQU19-CME,6049613,2019-07-16 18:07:12.002000+00:00,7947.5,{'stop_loss_price': 7947.5}
INVALID_RISK_UNIT,risk_unit == 0 or non-finite,NQU19-CME,6049614,2019-07-16 18:07:12.003000+00:00,7947.5,{'stop_loss_price': 7947.5}
INVALID_RISK_UNIT,risk_unit == 0 or non-finite,NQU19-CME,6049615,2019-07-16 18:07:13+00:00,7947.5,{'stop_loss_price': 7947.5}
INVALID_RISK_UNIT,risk_unit == 0 or non-finite,NQU19-CME,6049616,2019-07-16 18:07:14+00:00,7947.5,{'stop_loss_price': 7947.5}
INVALID_RISK_UNIT,risk_unit == 0 or non-finite,NQU19-CME,6049617,2019-07-16 18:07:14.001000+00:00,7947.5,{'stop_loss_price': 7947.5}
INVALID_RISK_UNIT,risk_unit == 0 or non-finite,NQU19-CME,6049618,2019-07-16 18:07:14.002000+00:00,7947.5,{'stop_loss_price': 7947.5}
INVALID_RISK_UNIT,risk_unit == 0 or non-finite,NQU19-CME,6049619,2019-07-16 18:07:14.003000+00:00,7947.5,{'stop_loss_price': 7947.5}
INVALID_RISK_UNIT,risk_unit == 0 or non-finite,NQU19-CME,6096478,2019-07-16 20:00:48.037000+00:00,7947.25,{'stop_loss_price': 7947.25}
INVALID_RISK_UNIT,risk_unit == 0 or non-finite,NQU19-CME,6096479,2019-07-16 20:00:48.038000+00:00,7947.25,{'stop_loss_price': 7947.25}
INVALID_RISK_UNIT,risk_unit == 0 or non-finite,NQU19-CME,6096480,2019-07-16 20:00:48.039000+00:00,7947.25,{'stop_loss_price': 7947.25}
INVALID_RISK_UNIT,risk_unit == 0 or non-finite,NQU19-CME,6142352,2019-07-17 13:08:46+00:00,7945.5,{'stop_loss_price': 7945.5}
INVALID_RISK_UNIT,risk_unit == 0 or non-finite,NQU19-CME,6142353,2019-07-17 13:08:46.001000+00:00,7945.5,{'stop_loss_price': 7945.5}
INVALID_RISK_UNIT,risk_unit == 0 or non-finite,NQU19-CME,6224505,2019-07-17 14:54:32.096000+00:00,7922.25,{'stop_loss_price': 7922.25}
INVALID_RISK_UNIT,risk_unit == 0 or non-finite,NQU19-CME,6224506,2019-07-17 14:54:32.097000+00:00,7922.25,{'stop_loss_price': 7922.25}
INVALID_RISK_UNIT,risk_unit == 0 or non-finite,NQU19-CME,6224507,2019-07-17 14:54:32.098000+00:00,7922.25,{'stop_loss_price': 7922.25}
INVALID_RISK_UNIT,risk_unit == 0 or non-finite,NQU19-CME,6266895,2019-07-17 16:37:53.009000+00:00,7945.25,{'stop_loss_price': 7945.25}
INVALID_RISK_UNIT,risk_unit == 0 or non-finite,NQU19-CME,6266896,2019-07-17 16:37:53.010000+00:00,7945.25,{'stop_loss_price': 7945.25}
INVALID_RISK_UNIT,risk_unit == 0 or non-finite,NQU19-CME,6266897,2019-07-17 16:37:53.011000+00:00,7945.25,{'stop_loss_price': 7945.25}
INVALID_RISK_UNIT,risk_unit == 0 or non-finite,NQU19-CME,6266914,2019-07-17 16:37:55.008000+00:00,7945.25,{'stop_loss_price': 7945.25}
INVALID_RISK_UNIT,risk_unit == 0 or non-finite,NQU19-CME,6266915,2019-07-17 16:37:55.009000+00:00,7945.25,{'stop_loss_price': 7945.25}
INVALID_RISK_UNIT,risk_unit == 0 or non-finite,NQU19-CME,6266916,2019-07-17 16:37:55.010000+00:00,7945.25,{'stop_loss_price': 7945.25}
INVALID_RISK_UNIT,risk_unit == 0 or non-finite,NQU19-CME,6266917,2019-07-17 16:37:55.011000+00:00,7945.25,{'stop_loss_price': 7945.25}
INVALID_RISK_UNIT,risk_unit == 0 or non-finite,NQU19-CME,6266918,2019-07-17 16:37:55.012000+00:00,7945.25,{'stop_loss_price': 7945.25}
INVALID_RISK_UNIT,risk_unit == 0 or non-finite,NQU19-CME,6266919,2019-07-17 16:37:55.013000+00:00,7945.25,{'stop_loss_price': 7945.25}
INVALID_RISK_UNIT,risk_unit == 0 or non-finite,NQU19-CME,6266920,2019-07-17 16:37:55.014000+00:00,7945.25,{'stop_loss_price': 7945.25}
INVALID_RISK_UNIT,risk_unit == 0 or non-finite,NQU19-CME,6266921,2019-07-17 16:37:55.015000+00:00,7945.25,{'stop_loss_price': 7945.25}
INVALID_RISK_UNIT,risk_unit == 0 or non-finite,NQU19-CME,6266922,2019-07-17 16:37:55.016000+00:00,7945.25,{'stop_loss_price': 7945.25}
INVALID_RISK_UNIT,risk_unit == 0 or non-finite,NQU19-CME,6266923,2019-07-17 16:37:55.017000+00:00,7945.25,{'stop_loss_price': 7945.25}
INVALID_RISK_UNIT,risk_unit == 0 or non-finite,NQU19-CME,6266925,2019-07-17 16:37:55.019000+00:00,7945.25,{'stop_loss_price': 7945.25}
INVALID_RISK_UNIT,risk_unit == 0 or non-finite,NQU19-CME,6305340,2019-07-17 19:08:04.001000+00:00,7932.5,{'stop_loss_price': 7932.5}
INVALID_RISK_UNIT,risk_unit == 0 or non-finite,NQU19-CME,6344276,2019-07-17 20:06:03.011000+00:00,7896.25,{'stop_loss_price': 7896.25}
INVALID_RISK_UNIT,risk_unit == 0 or non-finite,NQU19-CME,6344277,2019-07-17 20:06:03.012000+00:00,7896.25,{'stop_loss_price': 7896.25}
INVALID_RISK_UNIT,risk_unit == 0 or non-finite,NQU19-CME,6344278,2019-07-17 20:06:03.013000+00:00,7896.25,{'stop_loss_price': 7896.25}
INVALID_RISK_UNIT,risk_unit == 0 or non-finite,NQU19-CME,6344279,2019-07-17 20:06:03.014000+00:00,7896.25,{'stop_loss_price': 7896.25}
INVALID_RISK_UNIT,risk_unit == 0 or non-finite,NQU19-CME,6344280,2019-07-17 20:06:03.015000+00:00,7896.25,{'stop_loss_price': 7896.25}
INVALID_RISK_UNIT,risk_unit == 0 or non-finite,NQU19-CME,6344281,2019-07-17 20:06:03.016000+00:00,7896.25,{'stop_loss_price': 7896.25}
INVALID_RISK_UNIT,risk_unit == 0 or non-finite,NQU19-CME,6344286,2019-07-17 20:06:04.001000+00:00,7896.25,{'stop_loss_price': 7896.25}
INVALID_RISK_UNIT,risk_unit == 0 or non-finite,NQU19-CME,6344287,2019-07-17 20:06:04.002000+00:00,7896.25,{'stop_loss_price': 7896.25}
INVALID_RISK_UNIT,risk_unit == 0 or non-finite,NQU19-CME,6344288,2019-07-17 20:06:04.003000+00:00,7896.25,{'stop_loss_price': 7896.25}
INVALID_RISK_UNIT,risk_unit == 0 or non-finite,NQU19-CME,6344289,2019-07-17 20:06:04.004000+00:00,7896.25,{'stop_loss_price': 7896.25}
INVALID_RISK_UNIT,risk_unit == 0 or non-finite,NQU19-CME,6373035,2019-07-18 02:59:08+00:00,7856.0,{'stop_loss_price': 7856.0}
INVALID_RISK_UNIT,risk_unit == 0 or non-finite,NQU19-CME,6373036,2019-07-18 02:59:08.001000+00:00,7856.0,{'stop_loss_price': 7856.0}
INVALID_RISK_UNIT,risk_unit == 0 or non-finite,NQU19-CME,6426311,2019-07-18 13:29:31.002000+00:00,7870.5,{'stop_loss_price': 7870.5}
INVALID_RISK_UNIT,risk_unit == 0 or non-finite,NQU19-CME,6426312,2019-07-18 13:29:31.003000+00:00,7870.5,{'stop_loss_price': 7870.5}
INVALID_RISK_UNIT,risk_unit == 0 or non-finite,NQU19-CME,6426313,2019-07-18 13:29:31.004000+00:00,7870.5,{'stop_loss_price': 7870.5}
INVALID_RISK_UNIT,risk_unit == 0 or non-finite,NQU19-CME,6426314,2019-07-18 13:29:31.005000+00:00,7870.5,{'stop_loss_price': 7870.5}
INVALID_RISK_UNIT,risk_unit == 0 or non-finite,NQU19-CME,6426315,2019-07-18 13:29:31.006000+00:00,7870.5,{'stop_loss_price': 7870.5}
INVALID_RISK_UNIT,risk_unit == 0 or non-finite,NQU19-CME,6426316,2019-07-18 13:29:31.007000+00:00,7870.5,{'stop_loss_price': 7870.5}
INVALID_RISK_UNIT,risk_unit == 0 or non-finite,NQU19-CME,6426317,2019-07-18 13:29:31.008000+00:00,7870.5,{'stop_loss_price': 7870.5}
INVALID_RISK_UNIT,risk_unit == 0 or non-finite,NQU19-CME,6451913,2019-07-18 13:40:53.042000+00:00,7891.25,{'stop_loss_price': 7891.25}
INVALID_RISK_UNIT,risk_unit == 0 or non-finite,NQU19-CME,6451914,2019-07-18 13:40:53.043000+00:00,7891.25,{'stop_loss_price': 7891.25}
INVALID_RISK_UNIT,risk_unit == 0 or non-finite,NQU19-CME,6451916,2019-07-18 13:40:54+00:00,7891.25,{'stop_loss_price': 7891.25}
INVALID_RISK_UNIT,risk_unit == 0 or non-finite,NQU19-CME,6500389,2019-07-18 14:32:00.016000+00:00,7897.25,{'stop_loss_price': 7897.25}
INVALID_RISK_UNIT,risk_unit == 0 or non-finite,NQU19-CME,6500390,2019-07-18 14:32:00.017000+00:00,7897.25,{'stop_loss_price': 7897.25}
INVALID_RISK_UNIT,risk_unit == 0 or non-finite,NQU19-CME,6500391,2019-07-18 14:32:00.018000+00:00,7897.25,{'stop_loss_price': 7897.25}
INVALID_RISK_UNIT,risk_unit == 0 or non-finite,NQU19-CME,6517160,2019-07-18 14:55:23.003000+00:00,7876.0,{'stop_loss_price': 7876.0}
INVALID_RISK_UNIT,risk_unit == 0 or non-finite,NQU19-CME,6517161,2019-07-18 14:55:23.004000+00:00,7876.0,{'stop_loss_price': 7876.0}
INVALID_RISK_UNIT,risk_unit == 0 or non-finite,NQU19-CME,6517162,2019-07-18 14:55:23.005000+00:00,7876.0,{'stop_loss_price': 7876.0}
INVALID_RISK_UNIT,risk_unit == 0 or non-finite,NQU19-CME,6517169,2019-07-18 14:55:24.002000+00:00,7876.0,{'stop_loss_price': 7876.0}
INVALID_RISK_UNIT,risk_unit == 0 or non-finite,NQU19-CME,6517170,2019-07-18 14:55:24.003000+00:00,7876.0,{'stop_loss_price': 7876.0}
INVALID_RISK_UNIT,risk_unit == 0 or non-finite,NQU19-CME,6517171,2019-07-18 14:55:25+00:00,7876.0,{'stop_loss_price': 7876.0}
INVALID_RISK_UNIT,risk_unit == 0 or non-finite,NQU19-CME,6517172,2019-07-18 14:55:25.001000+00:00,7876.0,{'stop_loss_price': 7876.0}
INVALID_RISK_UNIT,risk_unit == 0 or non-finite,NQU19-CME,6517173,2019-07-18 14:55:25.002000+00:00,7876.0,{'stop_loss_price': 7876.0}
INVALID_RISK_UNIT,risk_unit == 0 or non-finite,NQU19-CME,6517174,2019-07-18 14:55:25.003000+00:00,7876.0,{'stop_loss_price': 7876.0}
INVALID_RISK_UNIT,risk_unit == 0 or non-finite,NQU19-CME,6517175,2019-07-18 14:55:25.004000+00:00,7876.0,{'stop_loss_price': 7876.0}
INVALID_RISK_UNIT,risk_unit == 0 or non-finite,NQU19-CME,6517176,2019-07-18 14:55:25.005000+00:00,7876.0,{'stop_loss_price': 7876.0}
INVALID_RISK_UNIT,risk_unit == 0 or non-finite,NQU19-CME,6517177,2019-07-18 14:55:25.006000+00:00,7876.0,{'stop_loss_price': 7876.0}
INVALID_RISK_UNIT,risk_unit == 0 or non-finite,NQU19-CME,6517178,2019-07-18 14:55:25.007000+00:00,7876.0,{'stop_loss_price': 7876.0}
INVALID_RISK_UNIT,risk_unit == 0 or non-finite,NQU19-CME,6517179,2019-07-18 14:55:25.008000+00:00,7876.0,{'stop_loss_price': 7876.0}
INVALID_RISK_UNIT,risk_unit == 0 or non-finite,NQU19-CME,6531065,2019-07-18 15:17:12.010000+00:00,7870.25,{'stop_loss_price': 7870.25}
INVALID_RISK_UNIT,risk_unit == 0 or non-finite,NQU19-CME,6531066,2019-07-18 15:17:12.011000+00:00,7870.25,{'stop_loss_price': 7870.25}
INVALID_RISK_UNIT,risk_unit == 0 or non-finite,NQU19-CME,6531067,2019-07-18 15:17:12.012000+00:00,7870.25,{'stop_loss_price': 7870.25}
INVALID_RISK_UNIT,risk_unit == 0 or non-finite,NQU19-CME,6531068,2019-07-18 15:17:12.013000+00:00,7870.25,{'stop_loss_price': 7870.25}
INVALID_RISK_UNIT,risk_unit == 0 or non-finite,NQU19-CME,6531069,2019-07-18 15:17:12.014000+00:00,7870.25,{'stop_loss_price': 7870.25}
INVALID_RISK_UNIT,risk_unit == 0 or non-finite,NQU19-CME,6531070,2019-07-18 15:17:12.015000+00:00,7870.25,{'stop_loss_price': 7870.25}
INVALID_RISK_UNIT,risk_unit == 0 or non-finite,NQU19-CME,6531071,2019-07-18 15:17:12.016000+00:00,7870.25,{'stop_loss_price': 7870.25}
INVALID_RISK_UNIT,risk_unit == 0 or non-finite,NQU19-CME,6531072,2019-07-18 15:17:12.017000+00:00,7870.25,{'stop_loss_price': 7870.25}
INVALID_RISK_UNIT,risk_unit == 0 or non-finite,NQU19-CME,6531073,2019-07-18 15:17:12.018000+00:00,7870.25,{'stop_loss_price': 7870.25}
INVALID_RISK_UNIT,risk_unit == 0 or non-finite,NQU19-CME,6531074,2019-07-18 15:17:12.019000+00:00,7870.25,{'stop_loss_price': 7870.25}
INVALID_RISK_UNIT,risk_unit == 0 or non-finite,NQU19-CME,6531075,2019-07-18 15:17:12.020000+00:00,7870.25,{'stop_loss_price': 7870.25}
INVALID_RISK_UNIT,risk_unit == 0 or non-finite,NQU19-CME,6531076,2019-07-18 15:17:13+00:00,7870.25,{'stop_loss_price': 7870.25}
INVALID_RISK_UNIT,risk_unit == 0 or non-finite,NQU19-CME,6531077,2019-07-18 15:17:14+00:00,7870.25,{'stop_loss_price': 7870.25}
INVALID_RISK_UNIT,risk_unit == 0 or non-finite,NQU19-CME,6531078,2019-07-18 15:17:14.001000+00:00,7870.25,{'stop_loss_price': 7870.25}
INVALID_RISK_UNIT,risk_unit == 0 or non-finite,NQU19-CME,6531079,2019-07-18 15:17:14.002000+00:00,7870.25,{'stop_loss_price': 7870.25}
INVALID_RISK_UNIT,risk_unit == 0 or non-finite,NQU19-CME,6531080,2019-07-18 15:17:15+00:00,7870.25,{'stop_loss_price': 7870.25}
INVALID_RISK_UNIT,risk_unit == 0 or non-finite,NQU19-CME,6531081,2019-07-18 15:17:15.001000+00:00,7870.25,{'stop_loss_price': 7870.25}
INVALID_RISK_UNIT,risk_unit == 0 or non-finite,NQU19-CME,6555978,2019-07-18 15:49:56.003000+00:00,7846.75,{'stop_loss_price': 7846.75}
INVALID_RISK_UNIT,risk_unit == 0 or non-finite,NQU19-CME,6555979,2019-07-18 15:49:56.004000+00:00,7846.75,{'stop_loss_price': 7846.75}
INVALID_RISK_UNIT,risk_unit == 0 or non-finite,NQU19-CME,6566091,2019-07-18 16:07:42.002000+00:00,7854.5,{'stop_loss_price': 7854.5}
INVALID_RISK_UNIT,risk_unit == 0 or non-finite,NQU19-CME,6566092,2019-07-18 16:07:42.003000+00:00,7854.5,{'stop_loss_price': 7854.5}
INVALID_RISK_UNIT,risk_unit == 0 or non-finite,NQU19-CME,6566093,2019-07-18 16:07:42.004000+00:00,7854.5,{'stop_loss_price': 7854.5}
INVALID_RISK_UNIT,risk_unit == 0 or non-finite,NQU19-CME,6566094,2019-07-18 16:07:42.005000+00:00,7854.5,{'stop_loss_price': 7854.5}
INVALID_RISK_UNIT,risk_unit == 0 or non-finite,NQU19-CME,6566095,2019-07-18 16:07:42.006000+00:00,7854.5,{'stop_loss_price': 7854.5}
INVALID_RISK_UNIT,risk_unit == 0 or non-finite,NQU19-CME,6566096,2019-07-18 16:07:42.007000+00:00,7854.5,{'stop_loss_price': 7854.5}
INVALID_RISK_UNIT,risk_unit == 0 or non-finite,NQU19-CME,6566098,2019-07-18 16:07:42.009000+00:00,7854.5,{'stop_loss_price': 7854.5}
INVALID_RISK_UNIT,risk_unit == 0 or non-finite,NQU19-CME,6660093,2019-07-18 19:31:47.001000+00:00,7912.0,{'stop_loss_price': 7912.0}
INVALID_RISK_UNIT,risk_unit == 0 or non-finite,NQU19-CME,6660094,2019-07-18 19:31:47.002000+00:00,7912.0,{'stop_loss_price': 7912.0}
INVALID_RISK_UNIT,risk_unit == 0 or non-finite,NQU19-CME,6660095,2019-07-18 19:31:47.003000+00:00,7912.0,{'stop_loss_price': 7912.0}
INVALID_RISK_UNIT,risk_unit == 0 or non-finite,NQU19-CME,6707856,2019-07-18 23:11:45+00:00,7949.0,{'stop_loss_price': 7949.0}
INVALID_RISK_UNIT,risk_unit == 0 or non-finite,NQU19-CME,6707857,2019-07-18 23:11:45.001000+00:00,7949.0,{'stop_loss_price': 7949.0}
INVALID_RISK_UNIT,risk_unit == 0 or non-finite,NQU19-CME,6707858,2019-07-18 23:11:46+00:00,7949.0,{'stop_loss_price': 7949.0}
INVALID_RISK_UNIT,risk_unit == 0 or non-finite,NQU19-CME,6707859,2019-07-18 23:11:47+00:00,7949.0,{'stop_loss_price': 7949.0}
INVALID_RISK_UNIT,risk_unit == 0 or non-finite,NQU19-CME,6707863,2019-07-18 23:11:49+00:00,7949.0,{'stop_loss_price': 7949.0}
INVALID_RISK_UNIT,risk_unit == 0 or non-finite,NQU19-CME,6814433,2019-07-19 14:00:50.011000+00:00,7952.25,{'stop_loss_price': 7952.25}
INVALID_RISK_UNIT,risk_unit == 0 or non-finite,NQU19-CME,6814434,2019-07-19 14:00:51+00:00,7952.25,{'stop_loss_price': 7952.25}
INVALID_RISK_UNIT,risk_unit == 0 or non-finite,NQU19-CME,6814435,2019-07-19 14:00:51.001000+00:00,7952.25,{'stop_loss_price': 7952.25}
INVALID_RISK_UNIT,risk_unit == 0 or non-finite,NQU19-CME,6814436,2019-07-19 14:00:52+00:00,7952.25,{'stop_loss_price': 7952.25}
INVALID_RISK_UNIT,risk_unit == 0 or non-finite,NQU19-CME,6814437,2019-07-19 14:00:52.001000+00:00,7952.25,{'stop_loss_price': 7952.25}
INVALID_RISK_UNIT,risk_unit == 0 or non-finite,NQU19-CME,6814438,2019-07-19 14:00:53+00:00,7952.25,{'stop_loss_price': 7952.25}
INVALID_RISK_UNIT,risk_unit == 0 or non-finite,NQU19-CME,6814441,2019-07-19 14:00:53.003000+00:00,7952.25,{'stop_loss_price': 7952.25}
INVALID_RISK_UNIT,risk_unit == 0 or non-finite,NQU19-CME,6814442,2019-07-19 14:00:53.004000+00:00,7952.25,{'stop_loss_price': 7952.25}
INVALID_RISK_UNIT,risk_unit == 0 or non-finite,NQU19-CME,6814443,2019-07-19 14:00:53.005000+00:00,7952.25,{'stop_loss_price': 7952.25}
INVALID_RISK_UNIT,risk_unit == 0 or non-finite,NQU19-CME,6814444,2019-07-19 14:00:53.006000+00:00,7952.25,{'stop_loss_price': 7952.25}
INVALID_RISK_UNIT,risk_unit == 0 or non-finite,NQU19-CME,6832105,2019-07-19 14:18:13.002000+00:00,7946.75,{'stop_loss_price': 7946.75}
INVALID_RISK_UNIT,risk_unit == 0 or non-finite,NQU19-CME,6832106,2019-07-19 14:18:13.003000+00:00,7946.75,{'stop_loss_price': 7946.75}
INVALID_RISK_UNIT,risk_unit == 0 or non-finite,NQU19-CME,6832107,2019-07-19 14:18:13.004000+00:00,7946.75,{'stop_loss_price': 7946.75}
INVALID_RISK_UNIT,risk_unit == 0 or non-finite,NQU19-CME,6832108,2019-07-19 14:18:13.005000+00:00,7946.75,{'stop_loss_price': 7946.75}
INVALID_RISK_UNIT,risk_unit == 0 or non-finite,NQU19-CME,6832109,2019-07-19 14:18:13.006000+00:00,7946.75,{'stop_loss_price': 7946.75}
INVALID_RISK_UNIT,risk_unit == 0 or non-finite,NQU19-CME,6832110,2019-07-19 14:18:13.007000+00:00,7946.75,{'stop_loss_price': 7946.75}
INVALID_RISK_UNIT,risk_unit == 0 or non-finite,NQU19-CME,6832111,2019-07-19 14:18:13.008000+00:00,7946.75,{'stop_loss_price': 7946.75}
INVALID_RISK_UNIT,risk_unit == 0 or non-finite,NQU19-CME,6832112,2019-07-19 14:18:13.009000+00:00,7946.75,{'stop_loss_price': 7946.75}
INVALID_RISK_UNIT,risk_unit == 0 or non-finite,NQU19-CME,6832113,2019-07-19 14:18:13.010000+00:00,7946.75,{'stop_loss_price': 7946.75}
INVALID_RISK_UNIT,risk_unit == 0 or non-finite,NQU19-CME,6832114,2019-07-19 14:18:13.011000+00:00,7946.75,{'stop_loss_price': 7946.75}
INVALID_RISK_UNIT,risk_unit == 0 or non-finite,NQU19-CME,6832115,2019-07-19 14:18:13.012000+00:00,7946.75,{'stop_loss_price': 7946.75}
INVALID_RISK_UNIT,risk_unit == 0 or non-finite,NQU19-CME,6832116,2019-07-19 14:18:13.013000+00:00,7946.75,{'stop_loss_price': 7946.75}
INVALID_RISK_UNIT,risk_unit == 0 or non-finite,NQU19-CME,6832117,2019-07-19 14:18:13.014000+00:00,7946.75,{'stop_loss_price': 7946.75}
INVALID_RISK_UNIT,risk_unit == 0 or non-finite,NQU19-CME,6832118,2019-07-19 14:18:13.015000+00:00,7946.75,{'stop_loss_price': 7946.75}
INVALID_RISK_UNIT,risk_unit == 0 or non-finite,NQU19-CME,6832119,2019-07-19 14:18:13.016000+00:00,7946.75,{'stop_loss_price': 7946.75}
INVALID_RISK_UNIT,risk_unit == 0 or non-finite,NQU19-CME,6832120,2019-07-19 14:18:13.017000+00:00,7946.75,{'stop_loss_price': 7946.75}
INVALID_RISK_UNIT,risk_unit == 0 or non-finite,NQU19-CME,6832121,2019-07-19 14:18:13.018000+00:00,7946.75,{'stop_loss_price': 7946.75}
INVALID_RISK_UNIT,risk_unit == 0 or non-finite,NQU19-CME,6832122,2019-07-19 14:18:13.019000+00:00,7946.75,{'stop_loss_price': 7946.75}
INVALID_RISK_UNIT,risk_unit == 0 or non-finite,NQU19-CME,6832123,2019-07-19 14:18:13.020000+00:00,7946.75,{'stop_loss_price': 7946.75}
INVALID_RISK_UNIT,risk_unit == 0 or non-finite,NQU19-CME,6832124,2019-07-19 14:18:13.021000+00:00,7946.75,{'stop_loss_price': 7946.75}
INVALID_RISK_UNIT,risk_unit == 0 or non-finite,NQU19-CME,6832125,2019-07-19 14:18:13.022000+00:00,7946.75,{'stop_loss_price': 7946.75}
INVALID_RISK_UNIT,risk_unit == 0 or non-finite,NQU19-CME,6832126,2019-07-19 14:18:13.023000+00:00,7946.75,{'stop_loss_price': 7946.75}
INVALID_RISK_UNIT,risk_unit == 0 or non-finite,NQU19-CME,6832127,2019-07-19 14:18:13.024000+00:00,7946.75,{'stop_loss_price': 7946.75}
INVALID_RISK_UNIT,risk_unit == 0 or non-finite,NQU19-CME,6832128,2019-07-19 14:18:13.025000+00:00,7946.75,{'stop_loss_price': 7946.75}
INVALID_RISK_UNIT,risk_unit == 0 or non-finite,NQU19-CME,6832129,2019-07-19 14:18:13.026000+00:00,7946.75,{'stop_loss_price': 7946.75}
INVALID_RISK_UNIT,risk_unit == 0 or non-finite,NQU19-CME,6832130,2019-07-19 14:18:13.027000+00:00,7946.75,{'stop_loss_price': 7946.75}
INVALID_RISK_UNIT,risk_unit == 0 or non-finite,NQU19-CME,6832131,2019-07-19 14:18:13.028000+00:00,7946.75,{'stop_loss_price': 7946.75}
INVALID_RISK_UNIT,risk_unit == 0 or non-finite,NQU19-CME,6832133,2019-07-19 14:18:13.030000+00:00,7946.75,{'stop_loss_price': 7946.75}
INVALID_RISK_UNIT,risk_unit == 0 or non-finite,NQU19-CME,6851871,2019-07-19 14:41:05.007000+00:00,7930.5,{'stop_loss_price': 7930.5}
INVALID_RISK_UNIT,risk_unit == 0 or non-finite,NQU19-CME,6896658,2019-07-19 15:39:58.006000+00:00,7917.5,{'stop_loss_price': 7917.5}
INVALID_RISK_UNIT,risk_unit == 0 or non-finite,NQU19-CME,6914415,2019-07-19 16:00:33.006000+00:00,7913.0,{'stop_loss_price': 7913.0}
INVALID_RISK_UNIT,risk_unit == 0 or non-finite,NQU19-CME,6914416,2019-07-19 16:00:33.007000+00:00,7913.0,{'stop_loss_price': 7913.0}
INVALID_RISK_UNIT,risk_unit == 0 or non-finite,NQU19-CME,6914417,2019-07-19 16:00:33.008000+00:00,7913.0,{'stop_loss_price': 7913.0}
INVALID_RISK_UNIT,risk_unit == 0 or non-finite,NQU19-CME,6914418,2019-07-19 16:00:33.009000+00:00,7913.0,{'stop_loss_price': 7913.0}
INVALID_RISK_UNIT,risk_unit == 0 or non-finite,NQU19-CME,6914419,2019-07-19 16:00:33.010000+00:00,7913.0,{'stop_loss_price': 7913.0}
INVALID_RISK_UNIT,risk_unit == 0 or non-finite,NQU19-CME,6914420,2019-07-19 16:00:33.011000+00:00,7913.0,{'stop_loss_price': 7913.0}
INVALID_RISK_UNIT,risk_unit == 0 or non-finite,NQU19-CME,6914421,2019-07-19 16:00:33.012000+00:00,7913.0,{'stop_loss_price': 7913.0}
INVALID_RISK_UNIT,risk_unit == 0 or non-finite,NQU19-CME,6914422,2019-07-19 16:00:33.013000+00:00,7913.0,{'stop_loss_price': 7913.0}
INVALID_RISK_UNIT,risk_unit == 0 or non-finite,NQU19-CME,6914423,2019-07-19 16:00:33.014000+00:00,7913.0,{'stop_loss_price': 7913.0}
INVALID_RISK_UNIT,risk_unit == 0 or non-finite,NQU19-CME,6914424,2019-07-19 16:00:33.015000+00:00,7913.0,{'stop_loss_price': 7913.0}
INVALID_RISK_UNIT,risk_unit == 0 or non-finite,NQU19-CME,6914425,2019-07-19 16:00:33.016000+00:00,7913.0,{'stop_loss_price': 7913.0}
INVALID_RISK_UNIT,risk_unit == 0 or non-finite,NQU19-CME,6914426,2019-07-19 16:00:33.017000+00:00,7913.0,{'stop_loss_price': 7913.0}
INVALID_RISK_UNIT,risk_unit == 0 or non-finite,NQU19-CME,6914427,2019-07-19 16:00:33.018000+00:00,7913.0,{'stop_loss_price': 7913.0}
INVALID_RISK_UNIT,risk_unit == 0 or non-finite,NQU19-CME,6914447,2019-07-19 16:00:37.003000+00:00,7913.0,{'stop_loss_price': 7913.0}
INVALID_RISK_UNIT,risk_unit == 0 or non-finite,NQU19-CME,6914448,2019-07-19 16:00:37.004000+00:00,7913.0,{'stop_loss_price': 7913.0}
INVALID_RISK_UNIT,risk_unit == 0 or non-finite,NQU19-CME,6933597,2019-07-19 16:43:18.008000+00:00,7933.5,{'stop_loss_price': 7933.5}
INVALID_RISK_UNIT,risk_unit == 0 or non-finite,NQU19-CME,6933598,2019-07-19 16:43:18.009000+00:00,7933.5,{'stop_loss_price': 7933.5}
INVALID_RISK_UNIT,risk_unit == 0 or non-finite,NQU19-CME,6933599,2019-07-19 16:43:18.010000+00:00,7933.5,{'stop_loss_price': 7933.5}
INVALID_RISK_UNIT,risk_unit == 0 or non-finite,NQU19-CME,6933600,2019-07-19 16:43:18.011000+00:00,7933.5,{'stop_loss_price': 7933.5}
INVALID_RISK_UNIT,risk_unit == 0 or non-finite,NQU19-CME,6933601,2019-07-19 16:43:18.012000+00:00,7933.5,{'stop_loss_price': 7933.5}
INVALID_RISK_UNIT,risk_unit == 0 or non-finite,NQU19-CME,6933602,2019-07-19 16:43:18.013000+00:00,7933.5,{'stop_loss_price': 7933.5}
INVALID_RISK_UNIT,risk_unit == 0 or non-finite,NQU19-CME,6933603,2019-07-19 16:43:18.014000+00:00,7933.5,{'stop_loss_price': 7933.5}
INVALID_RISK_UNIT,risk_unit == 0 or non-finite,NQU19-CME,6933604,2019-07-19 16:43:18.015000+00:00,7933.5,{'stop_loss_price': 7933.5}
INVALID_RISK_UNIT,risk_unit == 0 or non-finite,NQU19-CME,6933605,2019-07-19 16:43:18.016000+00:00,7933.5,{'stop_loss_price': 7933.5}
INVALID_RISK_UNIT,risk_unit == 0 or non-finite,NQU19-CME,6933606,2019-07-19 16:43:18.017000+00:00,7933.5,{'stop_loss_price': 7933.5}
INVALID_RISK_UNIT,risk_unit == 0 or non-finite,NQU19-CME,6933607,2019-07-19 16:43:18.018000+00:00,7933.5,{'stop_loss_price': 7933.5}
INVALID_RISK_UNIT,risk_unit == 0 or non-finite,NQU19-CME,6933608,2019-07-19 16:43:18.019000+00:00,7933.5,{'stop_loss_price': 7933.5}
INVALID_RISK_UNIT,risk_unit == 0 or non-finite,NQU19-CME,6933609,2019-07-19 16:43:18.020000+00:00,7933.5,{'stop_loss_price': 7933.5}
INVALID_RISK_UNIT,risk_unit == 0 or non-finite,NQU19-CME,6933610,2019-07-19 16:43:18.021000+00:00,7933.5,{'stop_loss_price': 7933.5}
INVALID_RISK_UNIT,risk_unit == 0 or non-finite,NQU19-CME,6933611,2019-07-19 16:43:18.022000+00:00,7933.5,{'stop_loss_price': 7933.5}
INVALID_RISK_UNIT,risk_unit == 0 or non-finite,NQU19-CME,6933612,2019-07-19 16:43:18.023000+00:00,7933.5,{'stop_loss_price': 7933.5}
INVALID_RISK_UNIT,risk_unit == 0 or non-finite,NQU19-CME,6933625,2019-07-19 16:43:19.006000+00:00,7933.5,{'stop_loss_price': 7933.5}
INVALID_RISK_UNIT,risk_unit == 0 or non-finite,NQU19-CME,6933626,2019-07-19 16:43:19.007000+00:00,7933.5,{'stop_loss_price': 7933.5}
INVALID_RISK_UNIT,risk_unit == 0 or non-finite,NQU19-CME,6933627,2019-07-19 16:43:19.008000+00:00,7933.5,{'stop_loss_price': 7933.5}
INVALID_RISK_UNIT,risk_unit == 0 or non-finite,NQU19-CME,6933628,2019-07-19 16:43:19.009000+00:00,7933.5,{'stop_loss_price': 7933.5}
INVALID_RISK_UNIT,risk_unit == 0 or non-finite,NQU19-CME,6933629,2019-07-19 16:43:19.010000+00:00,7933.5,{'stop_loss_price': 7933.5}
INVALID_RISK_UNIT,risk_unit == 0 or non-finite,NQU19-CME,6933630,2019-07-19 16:43:20+00:00,7933.5,{'stop_loss_price': 7933.5}
INVALID_RISK_UNIT,risk_unit == 0 or non-finite,NQU19-CME,6933631,2019-07-19 16:43:20.001000+00:00,7933.5,{'stop_loss_price': 7933.5}
INVALID_RISK_UNIT,risk_unit == 0 or non-finite,NQU19-CME,6935959,2019-07-19 16:50:52+00:00,7932.5,{'stop_loss_price': 7932.5}
INVALID_RISK_UNIT,risk_unit == 0 or non-finite,NQU19-CME,6935960,2019-07-19 16:50:52.001000+00:00,7932.5,{'stop_loss_price': 7932.5}
INVALID_RISK_UNIT,risk_unit == 0 or non-finite,NQU19-CME,6935961,2019-07-19 16:50:52.002000+00:00,7932.5,{'stop_loss_price': 7932.5}
INVALID_RISK_UNIT,risk_unit == 0 or non-finite,NQU19-CME,6935962,2019-07-19 16:50:53+00:00,7932.5,{'stop_loss_price': 7932.5}
INVALID_RISK_UNIT,risk_unit == 0 or non-finite,NQU19-CME,6935963,2019-07-19 16:50:53.001000+00:00,7932.5,{'stop_loss_price': 7932.5}
INVALID_RISK_UNIT,risk_unit == 0 or non-finite,NQU19-CME,7058065,2019-07-19 20:00:02.131000+00:00,7855.75,{'stop_loss_price': 7855.75}
INVALID_RISK_UNIT,risk_unit == 0 or non-finite,NQU19-CME,7119658,2019-07-22 11:35:05.002000+00:00,7875.75,{'stop_loss_price': 7875.75}
INVALID_RISK_UNIT,risk_unit == 0 or non-finite,NQU19-CME,7217774,2019-07-22 14:35:32.008000+00:00,7902.75,{'stop_loss_price': 7902.75}
INVALID_RISK_UNIT,risk_unit == 0 or non-finite,NQU19-CME,7217775,2019-07-22 14:35:32.009000+00:00,7902.75,{'stop_loss_price': 7902.75}
INVALID_RISK_UNIT,risk_unit == 0 or non-finite,NQU19-CME,7243679,2019-07-22 15:06:51.008000+00:00,7901.75,{'stop_loss_price': 7901.75}
INVALID_RISK_UNIT,risk_unit == 0 or non-finite,NQU19-CME,7288612,2019-07-22 16:38:08.007000+00:00,7908.0,{'stop_loss_price': 7908.0}
INVALID_RISK_UNIT,risk_unit == 0 or non-finite,NQU19-CME,7288613,2019-07-22 16:38:08.008000+00:00,7908.0,{'stop_loss_price': 7908.0}
INVALID_RISK_UNIT,risk_unit == 0 or non-finite,NQU19-CME,7288614,2019-07-22 16:38:08.009000+00:00,7908.0,{'stop_loss_price': 7908.0}
INVALID_RISK_UNIT,risk_unit == 0 or non-finite,NQU19-CME,7288615,2019-07-22 16:38:08.010000+00:00,7908.0,{'stop_loss_price': 7908.0}
INVALID_RISK_UNIT,risk_unit == 0 or non-finite,NQU19-CME,7288616,2019-07-22 16:38:08.011000+00:00,7908.0,{'stop_loss_price': 7908.0}
INVALID_RISK_UNIT,risk_unit == 0 or non-finite,NQU19-CME,7288617,2019-07-22 16:38:09+00:00,7908.0,{'stop_loss_price': 7908.0}
INVALID_RISK_UNIT,risk_unit == 0 or non-finite,NQU19-CME,7320486,2019-07-22 18:31:34.013000+00:00,7913.75,{'stop_loss_price': 7913.75}
INVALID_RISK_UNIT,risk_unit == 0 or non-finite,NQU19-CME,7320487,2019-07-22 18:31:34.014000+00:00,7913.75,{'stop_loss_price': 7913.75}
INVALID_RISK_UNIT,risk_unit == 0 or non-finite,NQU19-CME,7341128,2019-07-22 19:18:54+00:00,7922.5,{'stop_loss_price': 7922.5}
INVALID_RISK_UNIT,risk_unit == 0 or non-finite,NQU19-CME,7341129,2019-07-22 19:18:54.001000+00:00,7922.5,{'stop_loss_price': 7922.5}
INVALID_RISK_UNIT,risk_unit == 0 or non-finite,NQU19-CME,7341130,2019-07-22 19:18:54.002000+00:00,7922.5,{'stop_loss_price': 7922.5}
INVALID_RISK_UNIT,risk_unit == 0 or non-finite,NQU19-CME,7341131,2019-07-22 19:18:55+00:00,7922.5,{'stop_loss_price': 7922.5}
INVALID_RISK_UNIT,risk_unit == 0 or non-finite,NQU19-CME,7341132,2019-07-22 19:18:55.001000+00:00,7922.5,{'stop_loss_price': 7922.5}
INVALID_RISK_UNIT,risk_unit == 0 or non-finite,NQU19-CME,7341133,2019-07-22 19:18:55.002000+00:00,7922.5,{'stop_loss_price': 7922.5}
INVALID_RISK_UNIT,risk_unit == 0 or non-finite,NQU19-CME,7341134,2019-07-22 19:18:55.003000+00:00,7922.5,{'stop_loss_price': 7922.5}
INVALID_RISK_UNIT,risk_unit == 0 or non-finite,NQU19-CME,7341135,2019-07-22 19:18:55.004000+00:00,7922.5,{'stop_loss_price': 7922.5}
INVALID_RISK_UNIT,risk_unit == 0 or non-finite,NQU19-CME,7341136,2019-07-22 19:18:55.005000+00:00,7922.5,{'stop_loss_price': 7922.5}
INVALID_RISK_UNIT,risk_unit == 0 or non-finite,NQU19-CME,7341137,2019-07-22 19:18:56+00:00,7922.5,{'stop_loss_price': 7922.5}
INVALID_RISK_UNIT,risk_unit == 0 or non-finite,NQU19-CME,7341138,2019-07-22 19:18:56.001000+00:00,7922.5,{'stop_loss_price': 7922.5}
INVALID_RISK_UNIT,risk_unit == 0 or non-finite,NQU19-CME,7520164,2019-07-23 15:15:26.004000+00:00,7933.5,{'stop_loss_price': 7933.5}
INVALID_RISK_UNIT,risk_unit == 0 or non-finite,NQU19-CME,7520165,2019-07-23 15:15:26.005000+00:00,7933.5,{'stop_loss_price': 7933.5}
INVALID_RISK_UNIT,risk_unit == 0 or non-finite,NQU19-CME,7520166,2019-07-23 15:15:26.006000+00:00,7933.5,{'stop_loss_price': 7933.5}
INVALID_RISK_UNIT,risk_unit == 0 or non-finite,NQU19-CME,7520167,2019-07-23 15:15:26.007000+00:00,7933.5,{'stop_loss_price': 7933.5}
INVALID_RISK_UNIT,risk_unit == 0 or non-finite,NQU19-CME,7520168,2019-07-23 15:15:26.008000+00:00,7933.5,{'stop_loss_price': 7933.5}
INVALID_RISK_UNIT,risk_unit == 0 or non-finite,NQU19-CME,7520169,2019-07-23 15:15:26.009000+00:00,7933.5,{'stop_loss_price': 7933.5}
INVALID_RISK_UNIT,risk_unit == 0 or non-finite,NQU19-CME,7520170,2019-07-23 15:15:26.010000+00:00,7933.5,{'stop_loss_price': 7933.5}
INVALID_RISK_UNIT,risk_unit == 0 or non-finite,NQU19-CME,7520173,2019-07-23 15:15:27+00:00,7933.5,{'stop_loss_price': 7933.5}
INVALID_RISK_UNIT,risk_unit == 0 or non-finite,NQU19-CME,7520174,2019-07-23 15:15:27.001000+00:00,7933.5,{'stop_loss_price': 7933.5}
INVALID_RISK_UNIT,risk_unit == 0 or non-finite,NQU19-CME,7520175,2019-07-23 15:15:27.002000+00:00,7933.5,{'stop_loss_price': 7933.5}
INVALID_RISK_UNIT,risk_unit == 0 or non-finite,NQU19-CME,7520176,2019-07-23 15:15:27.003000+00:00,7933.5,{'stop_loss_price': 7933.5}
INVALID_RISK_UNIT,risk_unit == 0 or non-finite,NQU19-CME,7520177,2019-07-23 15:15:27.004000+00:00,7933.5,{'stop_loss_price': 7933.5}
INVALID_RISK_UNIT,risk_unit == 0 or non-finite,NQU19-CME,7523473,2019-07-23 15:22:47.010000+00:00,7939.25,{'stop_loss_price': 7939.25}
INVALID_RISK_UNIT,risk_unit == 0 or non-finite,NQU19-CME,7523474,2019-07-23 15:22:47.011000+00:00,7939.25,{'stop_loss_price': 7939.25}
INVALID_RISK_UNIT,risk_unit == 0 or non-finite,NQU19-CME,7523475,2019-07-23 15:22:47.012000+00:00,7939.25,{'stop_loss_price': 7939.25}
INVALID_RISK_UNIT,risk_unit == 0 or non-finite,NQU19-CME,7523476,2019-07-23 15:22:47.013000+00:00,7939.25,{'stop_loss_price': 7939.25}
INVALID_RISK_UNIT,risk_unit == 0 or non-finite,NQU19-CME,7523477,2019-07-23 15:22:47.014000+00:00,7939.25,{'stop_loss_price': 7939.25}
INVALID_RISK_UNIT,risk_unit == 0 or non-finite,NQU19-CME,7523478,2019-07-23 15:22:47.015000+00:00,7939.25,{'stop_loss_price': 7939.25}
INVALID_RISK_UNIT,risk_unit == 0 or non-finite,NQU19-CME,7523479,2019-07-23 15:22:47.016000+00:00,7939.25,{'stop_loss_price': 7939.25}
INVALID_RISK_UNIT,risk_unit == 0 or non-finite,NQU19-CME,7523480,2019-07-23 15:22:47.017000+00:00,7939.25,{'stop_loss_price': 7939.25}
INVALID_RISK_UNIT,risk_unit == 0 or non-finite,NQU19-CME,7523481,2019-07-23 15:22:47.018000+00:00,7939.25,{'stop_loss_price': 7939.25}
INVALID_RISK_UNIT,risk_unit == 0 or non-finite,NQU19-CME,7523482,2019-07-23 15:22:47.019000+00:00,7939.25,{'stop_loss_price': 7939.25}
INVALID_RISK_UNIT,risk_unit == 0 or non-finite,NQU19-CME,7523483,2019-07-23 15:22:47.020000+00:00,7939.25,{'stop_loss_price': 7939.25}
INVALID_RISK_UNIT,risk_unit == 0 or non-finite,NQU19-CME,7556366,2019-07-23 16:16:51.011000+00:00,7920.75,{'stop_loss_price': 7920.75}
INVALID_RISK_UNIT,risk_unit == 0 or non-finite,NQU19-CME,7556367,2019-07-23 16:16:51.012000+00:00,7920.75,{'stop_loss_price': 7920.75}
INVALID_RISK_UNIT,risk_unit == 0 or non-finite,NQU19-CME,7556368,2019-07-23 16:16:51.013000+00:00,7920.75,{'stop_loss_price': 7920.75}
INVALID_RISK_UNIT,risk_unit == 0 or non-finite,NQU19-CME,7556369,2019-07-23 16:16:52+00:00,7920.75,{'stop_loss_price': 7920.75}
INVALID_RISK_UNIT,risk_unit == 0 or non-finite,NQU19-CME,7556370,2019-07-23 16:16:52.001000+00:00,7920.75,{'stop_loss_price': 7920.75}
INVALID_RISK_UNIT,risk_unit == 0 or non-finite,NQU19-CME,7556371,2019-07-23 16:16:54+00:00,7920.75,{'stop_loss_price': 7920.75}
INVALID_RISK_UNIT,risk_unit == 0 or non-finite,NQU19-CME,7556372,2019-07-23 16:16:54.001000+00:00,7920.75,{'stop_loss_price': 7920.75}
INVALID_RISK_UNIT,risk_unit == 0 or non-finite,NQU19-CME,7556373,2019-07-23 16:16:54.002000+00:00,7920.75,{'stop_loss_price': 7920.75}
INVALID_RISK_UNIT,risk_unit == 0 or non-finite,NQU19-CME,7556381,2019-07-23 16:16:54.010000+00:00,7920.75,{'stop_loss_price': 7920.75}
INVALID_RISK_UNIT,risk_unit == 0 or non-finite,NQU19-CME,7556382,2019-07-23 16:16:54.011000+00:00,7920.75,{'stop_loss_price': 7920.75}
INVALID_RISK_UNIT,risk_unit == 0 or non-finite,NQU19-CME,7556383,2019-07-23 16:16:56+00:00,7920.75,{'stop_loss_price': 7920.75}
INVALID_RISK_UNIT,risk_unit == 0 or non-finite,NQU19-CME,7556394,2019-07-23 16:17:00.006000+00:00,7920.75,{'stop_loss_price': 7920.75}
INVALID_RISK_UNIT,risk_unit == 0 or non-finite,NQU19-CME,7556395,2019-07-23 16:17:00.007000+00:00,7920.75,{'stop_loss_price': 7920.75}
INVALID_RISK_UNIT,risk_unit == 0 or non-finite,NQU19-CME,7556396,2019-07-23 16:17:00.008000+00:00,7920.75,{'stop_loss_price': 7920.75}
INVALID_RISK_UNIT,risk_unit == 0 or non-finite,NQU19-CME,7556397,2019-07-23 16:17:00.009000+00:00,7920.75,{'stop_loss_price': 7920.75}
INVALID_RISK_UNIT,risk_unit == 0 or non-finite,NQU19-CME,7556398,2019-07-23 16:17:00.010000+00:00,7920.75,{'stop_loss_price': 7920.75}
INVALID_RISK_UNIT,risk_unit == 0 or non-finite,NQU19-CME,7556399,2019-07-23 16:17:00.011000+00:00,7920.75,{'stop_loss_price': 7920.75}
INVALID_RISK_UNIT,risk_unit == 0 or non-finite,NQU19-CME,7556400,2019-07-23 16:17:00.012000+00:00,7920.75,{'stop_loss_price': 7920.75}
INVALID_RISK_UNIT,risk_unit == 0 or non-finite,NQU19-CME,7556401,2019-07-23 16:17:00.013000+00:00,7920.75,{'stop_loss_price': 7920.75}
INVALID_RISK_UNIT,risk_unit == 0 or non-finite,NQU19-CME,7556402,2019-07-23 16:17:00.014000+00:00,7920.75,{'stop_loss_price': 7920.75}
INVALID_RISK_UNIT,risk_unit == 0 or non-finite,NQU19-CME,7556403,2019-07-23 16:17:00.015000+00:00,7920.75,{'stop_loss_price': 7920.75}
INVALID_RISK_UNIT,risk_unit == 0 or non-finite,NQU19-CME,7556404,2019-07-23 16:17:00.016000+00:00,7920.75,{'stop_loss_price': 7920.75}
INVALID_RISK_UNIT,risk_unit == 0 or non-finite,NQU19-CME,7556405,2019-07-23 16:17:00.017000+00:00,7920.75,{'stop_loss_price': 7920.75}
INVALID_RISK_UNIT,risk_unit == 0 or non-finite,NQU19-CME,7558820,2019-07-23 16:21:48+00:00,7922.75,{'stop_loss_price': 7922.75}
INVALID_RISK_UNIT,risk_unit == 0 or non-finite,NQU19-CME,7558821,2019-07-23 16:21:48.001000+00:00,7922.75,{'stop_loss_price': 7922.75}
INVALID_RISK_UNIT,risk_unit == 0 or non-finite,NQU19-CME,7558822,2019-07-23 16:21:48.002000+00:00,7922.75,{'stop_loss_price': 7922.75}
INVALID_RISK_UNIT,risk_unit == 0 or non-finite,NQU19-CME,7558823,2019-07-23 16:21:48.003000+00:00,7922.75,{'stop_loss_price': 7922.75}
INVALID_RISK_UNIT,risk_unit == 0 or non-finite,NQU19-CME,7558824,2019-07-23 16:21:48.004000+00:00,7922.75,{'stop_loss_price': 7922.75}
INVALID_RISK_UNIT,risk_unit == 0 or non-finite,NQU19-CME,7558825,2019-07-23 16:21:48.005000+00:00,7922.75,{'stop_loss_price': 7922.75}
INVALID_RISK_UNIT,risk_unit == 0 or non-finite,NQU19-CME,7558826,2019-07-23 16:21:48.006000+00:00,7922.75,{'stop_loss_price': 7922.75}
INVALID_RISK_UNIT,risk_unit == 0 or non-finite,NQU19-CME,7558827,2019-07-23 16:21:48.007000+00:00,7922.75,{'stop_loss_price': 7922.75}
INVALID_RISK_UNIT,risk_unit == 0 or non-finite,NQU19-CME,7558828,2019-07-23 16:21:48.008000+00:00,7922.75,{'stop_loss_price': 7922.75}
INVALID_RISK_UNIT,risk_unit == 0 or non-finite,NQU19-CME,7558829,2019-07-23 16:21:48.009000+00:00,7922.75,{'stop_loss_price': 7922.75}
INVALID_RISK_UNIT,risk_unit == 0 or non-finite,NQU19-CME,7558830,2019-07-23 16:21:48.010000+00:00,7922.75,{'stop_loss_price': 7922.75}
INVALID_RISK_UNIT,risk_unit == 0 or non-finite,NQU19-CME,7558831,2019-07-23 16:21:48.011000+00:00,7922.75,{'stop_loss_price': 7922.75}
INVALID_RISK_UNIT,risk_unit == 0 or non-finite,NQU19-CME,7558832,2019-07-23 16:21:49+00:00,7922.75,{'stop_loss_price': 7922.75}
INVALID_RISK_UNIT,risk_unit == 0 or non-finite,NQU19-CME,7558833,2019-07-23 16:21:49.001000+00:00,7922.75,{'stop_loss_price': 7922.75}
INVALID_RISK_UNIT,risk_unit == 0 or non-finite,NQU19-CME,7558835,2019-07-23 16:21:50+00:00,7922.75,{'stop_loss_price': 7922.75}
INVALID_RISK_UNIT,risk_unit == 0 or non-finite,NQU19-CME,7660190,2019-07-23 20:14:30.004000+00:00,7983.0,{'stop_loss_price': 7983.0}
INVALID_RISK_UNIT,risk_unit == 0 or non-finite,NQU19-CME,7678794,2019-07-24 01:15:58+00:00,7952.25,{'stop_loss_price': 7952.25}
INVALID_RISK_UNIT,risk_unit == 0 or non-finite,NQU19-CME,7678795,2019-07-24 01:16:00+00:00,7952.25,{'stop_loss_price': 7952.25}
INVALID_RISK_UNIT,risk_unit == 0 or non-finite,NQU19-CME,7678830,2019-07-24 01:16:23+00:00,7952.5,{'stop_loss_price': 7952.5}
INVALID_RISK_UNIT,risk_unit == 0 or non-finite,NQU19-CME,7678831,2019-07-24 01:16:23.001000+00:00,7952.5,{'stop_loss_price': 7952.5}
INVALID_RISK_UNIT,risk_unit == 0 or non-finite,NQU19-CME,7678832,2019-07-24 01:16:23.002000+00:00,7952.5,{'stop_loss_price': 7952.5}
INVALID_RISK_UNIT,risk_unit == 0 or non-finite,NQU19-CME,7678833,2019-07-24 01:16:23.003000+00:00,7952.5,{'stop_loss_price': 7952.5}
INVALID_RISK_UNIT,risk_unit == 0 or non-finite,NQU19-CME,7678834,2019-07-24 01:16:23.004000+00:00,7952.5,{'stop_loss_price': 7952.5}
INVALID_RISK_UNIT,risk_unit == 0 or non-finite,NQU19-CME,7678835,2019-07-24 01:16:23.005000+00:00,7952.5,{'stop_loss_price': 7952.5}
INVALID_RISK_UNIT,risk_unit == 0 or non-finite,NQU19-CME,7678836,2019-07-24 01:16:23.006000+00:00,7952.5,{'stop_loss_price': 7952.5}
INVALID_RISK_UNIT,risk_unit == 0 or non-finite,NQU19-CME,7678837,2019-07-24 01:16:23.007000+00:00,7952.5,{'stop_loss_price': 7952.5}
INVALID_RISK_UNIT,risk_unit == 0 or non-finite,NQU19-CME,7707530,2019-07-24 08:48:49+00:00,7930.5,{'stop_loss_price': 7930.5}
INVALID_RISK_UNIT,risk_unit == 0 or non-finite,NQU19-CME,7719636,2019-07-24 11:17:47.001000+00:00,7947.5,{'stop_loss_price': 7947.5}
INVALID_RISK_UNIT,risk_unit == 0 or non-finite,NQU19-CME,7729812,2019-07-24 12:30:11+00:00,7952.25,{'stop_loss_price': 7952.25}
INVALID_RISK_UNIT,risk_unit == 0 or non-finite,NQU19-CME,7729813,2019-07-24 12:30:11.001000+00:00,7952.25,{'stop_loss_price': 7952.25}
INVALID_RISK_UNIT,risk_unit == 0 or non-finite,NQU19-CME,7729814,2019-07-24 12:30:12+00:00,7952.25,{'stop_loss_price': 7952.25}
INVALID_RISK_UNIT,risk_unit == 0 or non-finite,NQU19-CME,7729815,2019-07-24 12:30:12.001000+00:00,7952.25,{'stop_loss_price': 7952.25}
INVALID_RISK_UNIT,risk_unit == 0 or non-finite,NQU19-CME,7729816,2019-07-24 12:30:12.002000+00:00,7952.25,{'stop_loss_price': 7952.25}
INVALID_RISK_UNIT,risk_unit == 0 or non-finite,NQU19-CME,7729817,2019-07-24 12:30:12.003000+00:00,7952.25,{'stop_loss_price': 7952.25}
INVALID_RISK_UNIT,risk_unit == 0 or non-finite,NQU19-CME,7729818,2019-07-24 12:30:13+00:00,7952.25,{'stop_loss_price': 7952.25}
INVALID_RISK_UNIT,risk_unit == 0 or non-finite,NQU19-CME,7729819,2019-07-24 12:30:13.001000+00:00,7952.25,{'stop_loss_price': 7952.25}
INVALID_RISK_UNIT,risk_unit == 0 or non-finite,NQU19-CME,7739561,2019-07-24 13:30:02.003000+00:00,7939.75,{'stop_loss_price': 7939.75}
INVALID_RISK_UNIT,risk_unit == 0 or non-finite,NQU19-CME,7739562,2019-07-24 13:30:02.004000+00:00,7939.75,{'stop_loss_price': 7939.75}
INVALID_RISK_UNIT,risk_unit == 0 or non-finite,NQU19-CME,7739563,2019-07-24 13:30:02.005000+00:00,7939.75,{'stop_loss_price': 7939.75}
INVALID_RISK_UNIT,risk_unit == 0 or non-finite,NQU19-CME,7739564,2019-07-24 13:30:02.006000+00:00,7939.75,{'stop_loss_price': 7939.75}
INVALID_RISK_UNIT,risk_unit == 0 or non-finite,NQU19-CME,7739565,2019-07-24 13:30:02.007000+00:00,7939.75,{'stop_loss_price': 7939.75}
INVALID_RISK_UNIT,risk_unit == 0 or non-finite,NQU19-CME,7739566,2019-07-24 13:30:02.008000+00:00,7939.75,{'stop_loss_price': 7939.75}
INVALID_RISK_UNIT,risk_unit == 0 or non-finite,NQU19-CME,7750924,2019-07-24 13:36:37.017000+00:00,7953.75,{'stop_loss_price': 7953.75}
INVALID_RISK_UNIT,risk_unit == 0 or non-finite,NQU19-CME,7750925,2019-07-24 13:36:37.018000+00:00,7953.75,{'stop_loss_price': 7953.75}
INVALID_RISK_UNIT,risk_unit == 0 or non-finite,NQU19-CME,7750926,2019-07-24 13:36:37.019000+00:00,7953.75,{'stop_loss_price': 7953.75}
INVALID_RISK_UNIT,risk_unit == 0 or non-finite,NQU19-CME,7750927,2019-07-24 13:36:37.020000+00:00,7953.75,{'stop_loss_price': 7953.75}
INVALID_RISK_UNIT,risk_unit == 0 or non-finite,NQU19-CME,7750928,2019-07-24 13:36:37.021000+00:00,7953.75,{'stop_loss_price': 7953.75}
INVALID_RISK_UNIT,risk_unit == 0 or non-finite,NQU19-CME,7750929,2019-07-24 13:36:37.022000+00:00,7953.75,{'stop_loss_price': 7953.75}
INVALID_RISK_UNIT,risk_unit == 0 or non-finite,NQU19-CME,7765978,2019-07-24 13:49:12+00:00,7969.5,{'stop_loss_price': 7969.5}
INVALID_RISK_UNIT,risk_unit == 0 or non-finite,NQU19-CME,7765979,2019-07-24 13:49:12.001000+00:00,7969.5,{'stop_loss_price': 7969.5}
INVALID_RISK_UNIT,risk_unit == 0 or non-finite,NQU19-CME,7815724,2019-07-24 14:48:14.016000+00:00,7983.25,{'stop_loss_price': 7983.25}
INVALID_RISK_UNIT,risk_unit == 0 or non-finite,NQU19-CME,7815725,2019-07-24 14:48:14.017000+00:00,7983.25,{'stop_loss_price': 7983.25}
INVALID_RISK_UNIT,risk_unit == 0 or non-finite,NQU19-CME,7815726,2019-07-24 14:48:14.018000+00:00,7983.25,{'stop_loss_price': 7983.25}
INVALID_RISK_UNIT,risk_unit == 0 or non-finite,NQU19-CME,7815727,2019-07-24 14:48:14.019000+00:00,7983.25,{'stop_loss_price': 7983.25}
INVALID_RISK_UNIT,risk_unit == 0 or non-finite,NQU19-CME,7815728,2019-07-24 14:48:14.020000+00:00,7983.25,{'stop_loss_price': 7983.25}
INVALID_RISK_UNIT,risk_unit == 0 or non-finite,NQU19-CME,7838645,2019-07-24 15:22:17.008000+00:00,7972.5,{'stop_loss_price': 7972.5}
INVALID_RISK_UNIT,risk_unit == 0 or non-finite,NQU19-CME,7838646,2019-07-24 15:22:17.009000+00:00,7972.5,{'stop_loss_price': 7972.5}
INVALID_RISK_UNIT,risk_unit == 0 or non-finite,NQU19-CME,7838647,2019-07-24 15:22:17.010000+00:00,7972.5,{'stop_loss_price': 7972.5}
INVALID_RISK_UNIT,risk_unit == 0 or non-finite,NQU19-CME,7838648,2019-07-24 15:22:17.011000+00:00,7972.5,{'stop_loss_price': 7972.5}
INVALID_RISK_UNIT,risk_unit == 0 or non-finite,NQU19-CME,7838649,2019-07-24 15:22:17.012000+00:00,7972.5,{'stop_loss_price': 7972.5}
INVALID_RISK_UNIT,risk_unit == 0 or non-finite,NQU19-CME,7838650,2019-07-24 15:22:17.013000+00:00,7972.5,{'stop_loss_price': 7972.5}
INVALID_RISK_UNIT,risk_unit == 0 or non-finite,NQU19-CME,7838651,2019-07-24 15:22:17.014000+00:00,7972.5,{'stop_loss_price': 7972.5}
INVALID_RISK_UNIT,risk_unit == 0 or non-finite,NQU19-CME,7838652,2019-07-24 15:22:17.015000+00:00,7972.5,{'stop_loss_price': 7972.5}
INVALID_RISK_UNIT,risk_unit == 0 or non-finite,NQU19-CME,7838653,2019-07-24 15:22:17.016000+00:00,7972.5,{'stop_loss_price': 7972.5}
INVALID_RISK_UNIT,risk_unit == 0 or non-finite,NQU19-CME,7838654,2019-07-24 15:22:17.017000+00:00,7972.5,{'stop_loss_price': 7972.5}
INVALID_RISK_UNIT,risk_unit == 0 or non-finite,NQU19-CME,7838655,2019-07-24 15:22:17.018000+00:00,7972.5,{'stop_loss_price': 7972.5}
INVALID_RISK_UNIT,risk_unit == 0 or non-finite,NQU19-CME,7838656,2019-07-24 15:22:17.019000+00:00,7972.5,{'stop_loss_price': 7972.5}
INVALID_RISK_UNIT,risk_unit == 0 or non-finite,NQU19-CME,7838657,2019-07-24 15:22:17.020000+00:00,7972.5,{'stop_loss_price': 7972.5}
INVALID_RISK_UNIT,risk_unit == 0 or non-finite,NQU19-CME,7839626,2019-07-24 15:23:57.019000+00:00,7974.0,{'stop_loss_price': 7974.0}
INVALID_RISK_UNIT,risk_unit == 0 or non-finite,NQU19-CME,7839627,2019-07-24 15:23:57.020000+00:00,7974.0,{'stop_loss_price': 7974.0}
INVALID_RISK_UNIT,risk_unit == 0 or non-finite,NQU19-CME,7839628,2019-07-24 15:23:57.021000+00:00,7974.0,{'stop_loss_price': 7974.0}
INVALID_RISK_UNIT,risk_unit == 0 or non-finite,NQU19-CME,7839629,2019-07-24 15:23:57.022000+00:00,7974.0,{'stop_loss_price': 7974.0}
INVALID_RISK_UNIT,risk_unit == 0 or non-finite,NQU19-CME,7839630,2019-07-24 15:23:57.023000+00:00,7974.0,{'stop_loss_price': 7974.0}
INVALID_RISK_UNIT,risk_unit == 0 or non-finite,NQU19-CME,7839631,2019-07-24 15:23:57.024000+00:00,7974.0,{'stop_loss_price': 7974.0}
INVALID_RISK_UNIT,risk_unit == 0 or non-finite,NQU19-CME,7839632,2019-07-24 15:23:58+00:00,7974.0,{'stop_loss_price': 7974.0}
INVALID_RISK_UNIT,risk_unit == 0 or non-finite,NQU19-CME,7839640,2019-07-24 15:23:59.002000+00:00,7974.0,{'stop_loss_price': 7974.0}
INVALID_RISK_UNIT,risk_unit == 0 or non-finite,NQU19-CME,7839641,2019-07-24 15:23:59.003000+00:00,7974.0,{'stop_loss_price': 7974.0}
INVALID_RISK_UNIT,risk_unit == 0 or non-finite,NQU19-CME,7839642,2019-07-24 15:23:59.004000+00:00,7974.0,{'stop_loss_price': 7974.0}
INVALID_RISK_UNIT,risk_unit == 0 or non-finite,NQU19-CME,7948547,2019-07-24 19:59:56.009000+00:00,8024.75,{'stop_loss_price': 8024.75}
INVALID_RISK_UNIT,risk_unit == 0 or non-finite,NQU19-CME,7948548,2019-07-24 19:59:56.010000+00:00,8024.75,{'stop_loss_price': 8024.75}
INVALID_RISK_UNIT,risk_unit == 0 or non-finite,NQU19-CME,7948549,2019-07-24 19:59:56.011000+00:00,8024.75,{'stop_loss_price': 8024.75}
INVALID_RISK_UNIT,risk_unit == 0 or non-finite,NQU19-CME,7948550,2019-07-24 19:59:56.012000+00:00,8024.75,{'stop_loss_price': 8024.75}
INVALID_RISK_UNIT,risk_unit == 0 or non-finite,NQU19-CME,7948551,2019-07-24 19:59:56.013000+00:00,8024.75,{'stop_loss_price': 8024.75}
INVALID_RISK_UNIT,risk_unit == 0 or non-finite,NQU19-CME,7948552,2019-07-24 19:59:56.014000+00:00,8024.75,{'stop_loss_price': 8024.75}
INVALID_RISK_UNIT,risk_unit == 0 or non-finite,NQU19-CME,7948553,2019-07-24 19:59:56.015000+00:00,8024.75,{'stop_loss_price': 8024.75}
INVALID_RISK_UNIT,risk_unit == 0 or non-finite,NQU19-CME,7948554,2019-07-24 19:59:56.016000+00:00,8024.75,{'stop_loss_price': 8024.75}
INVALID_RISK_UNIT,risk_unit == 0 or non-finite,NQU19-CME,7948555,2019-07-24 19:59:56.017000+00:00,8024.75,{'stop_loss_price': 8024.75}
INVALID_RISK_UNIT,risk_unit == 0 or non-finite,NQU19-CME,7948556,2019-07-24 19:59:56.018000+00:00,8024.75,{'stop_loss_price': 8024.75}
INVALID_RISK_UNIT,risk_unit == 0 or non-finite,NQU19-CME,7948557,2019-07-24 19:59:56.019000+00:00,8024.75,{'stop_loss_price': 8024.75}
INVALID_RISK_UNIT,risk_unit == 0 or non-finite,NQU19-CME,7958114,2019-07-24 20:07:34+00:00,8042.25,{'stop_loss_price': 8042.25}
INVALID_RISK_UNIT,risk_unit == 0 or non-finite,NQU19-CME,8023155,2019-07-25 13:05:28.008000+00:00,7999.0,{'stop_loss_price': 7999.0}
INVALID_RISK_UNIT,risk_unit == 0 or non-finite,NQU19-CME,8066612,2019-07-25 13:45:09.023000+00:00,7967.75,{'stop_loss_price': 7967.75}
INVALID_RISK_UNIT,risk_unit == 0 or non-finite,NQU19-CME,8066613,2019-07-25 13:45:09.024000+00:00,7967.75,{'stop_loss_price': 7967.75}
INVALID_RISK_UNIT,risk_unit == 0 or non-finite,NQU19-CME,8066619,2019-07-25 13:45:09.030000+00:00,7967.75,{'stop_loss_price': 7967.75}
INVALID_RISK_UNIT,risk_unit == 0 or non-finite,NQU19-CME,8066620,2019-07-25 13:45:09.031000+00:00,7967.75,{'stop_loss_price': 7967.75}
INVALID_RISK_UNIT,risk_unit == 0 or non-finite,NQU19-CME,8074230,2019-07-25 13:48:24.074000+00:00,7950.5,{'stop_loss_price': 7950.5}
INVALID_RISK_UNIT,risk_unit == 0 or non-finite,NQU19-CME,8074231,2019-07-25 13:48:24.075000+00:00,7950.5,{'stop_loss_price': 7950.5}
INVALID_RISK_UNIT,risk_unit == 0 or non-finite,NQU19-CME,8272729,2019-07-25 18:59:22+00:00,7950.75,{'stop_loss_price': 7950.75}
INVALID_RISK_UNIT,risk_unit == 0 or non-finite,NQU19-CME,8272730,2019-07-25 18:59:22.001000+00:00,7950.75,{'stop_loss_price': 7950.75}
INVALID_RISK_UNIT,risk_unit == 0 or non-finite,NQU19-CME,8272731,2019-07-25 18:59:22.002000+00:00,7950.75,{'stop_loss_price': 7950.75}
INVALID_RISK_UNIT,risk_unit == 0 or non-finite,NQU19-CME,8272732,2019-07-25 18:59:22.003000+00:00,7950.75,{'stop_loss_price': 7950.75}
INVALID_RISK_UNIT,risk_unit == 0 or non-finite,NQU19-CME,8272733,2019-07-25 18:59:22.004000+00:00,7950.75,{'stop_loss_price': 7950.75}
INVALID_RISK_UNIT,risk_unit == 0 or non-finite,NQU19-CME,8272737,2019-07-25 18:59:22.008000+00:00,7950.75,{'stop_loss_price': 7950.75}
INVALID_RISK_UNIT,risk_unit == 0 or non-finite,NQU19-CME,8378670,2019-07-26 12:16:50.006000+00:00,8003.75,{'stop_loss_price': 8003.75}
INVALID_RISK_UNIT,risk_unit == 0 or non-finite,NQU19-CME,8378671,2019-07-26 12:16:51+00:00,8003.75,{'stop_loss_price': 8003.75}
INVALID_RISK_UNIT,risk_unit == 0 or non-finite,NQU19-CME,8378672,2019-07-26 12:16:51.001000+00:00,8003.75,{'stop_loss_price': 8003.75}
INVALID_RISK_UNIT,risk_unit == 0 or non-finite,NQU19-CME,8378673,2019-07-26 12:16:51.002000+00:00,8003.75,{'stop_loss_price': 8003.75}
INVALID_RISK_UNIT,risk_unit == 0 or non-finite,NQU19-CME,8378674,2019-07-26 12:16:51.003000+00:00,8003.75,{'stop_loss_price': 8003.75}
INVALID_RISK_UNIT,risk_unit == 0 or non-finite,NQU19-CME,8378675,2019-07-26 12:16:51.004000+00:00,8003.75,{'stop_loss_price': 8003.75}
INVALID_RISK_UNIT,risk_unit == 0 or non-finite,NQU19-CME,8378676,2019-07-26 12:16:51.005000+00:00,8003.75,{'stop_loss_price': 8003.75}
INVALID_RISK_UNIT,risk_unit == 0 or non-finite,NQU19-CME,8378677,2019-07-26 12:16:51.006000+00:00,8003.75,{'stop_loss_price': 8003.75}
INVALID_RISK_UNIT,risk_unit == 0 or non-finite,NQU19-CME,8440799,2019-07-26 13:57:22.007000+00:00,8030.0,{'stop_loss_price': 8030.0}
INVALID_RISK_UNIT,risk_unit == 0 or non-finite,NQU19-CME,8457170,2019-07-26 14:12:42.042000+00:00,8017.75,{'stop_loss_price': 8017.75}
INVALID_RISK_UNIT,risk_unit == 0 or non-finite,NQU19-CME,8457171,2019-07-26 14:12:42.043000+00:00,8017.75,{'stop_loss_price': 8017.75}
INVALID_RISK_UNIT,risk_unit == 0 or non-finite,NQU19-CME,8457172,2019-07-26 14:12:42.044000+00:00,8017.75,{'stop_loss_price': 8017.75}
INVALID_RISK_UNIT,risk_unit == 0 or non-finite,NQU19-CME,8457173,2019-07-26 14:12:42.045000+00:00,8017.75,{'stop_loss_price': 8017.75}
INVALID_RISK_UNIT,risk_unit == 0 or non-finite,NQU19-CME,8457174,2019-07-26 14:12:42.046000+00:00,8017.75,{'stop_loss_price': 8017.75}
INVALID_RISK_UNIT,risk_unit == 0 or non-finite,NQU19-CME,8457175,2019-07-26 14:12:42.047000+00:00,8017.75,{'stop_loss_price': 8017.75}
INVALID_RISK_UNIT,risk_unit == 0 or non-finite,NQU19-CME,8457176,2019-07-26 14:12:42.048000+00:00,8017.75,{'stop_loss_price': 8017.75}
INVALID_RISK_UNIT,risk_unit == 0 or non-finite,NQU19-CME,8457177,2019-07-26 14:12:42.049000+00:00,8017.75,{'stop_loss_price': 8017.75}
INVALID_RISK_UNIT,risk_unit == 0 or non-finite,NQU19-CME,8457187,2019-07-26 14:12:42.059000+00:00,8017.75,{'stop_loss_price': 8017.75}
INVALID_RISK_UNIT,risk_unit == 0 or non-finite,NQU19-CME,8476987,2019-07-26 14:40:52.005000+00:00,8008.25,{'stop_loss_price': 8008.25}
INVALID_RISK_UNIT,risk_unit == 0 or non-finite,NQU19-CME,8476988,2019-07-26 14:40:52.006000+00:00,8008.25,{'stop_loss_price': 8008.25}
INVALID_RISK_UNIT,risk_unit == 0 or non-finite,NQU19-CME,8476989,2019-07-26 14:40:52.007000+00:00,8008.25,{'stop_loss_price': 8008.25}
INVALID_RISK_UNIT,risk_unit == 0 or non-finite,NQU19-CME,8476990,2019-07-26 14:40:52.008000+00:00,8008.25,{'stop_loss_price': 8008.25}
INVALID_RISK_UNIT,risk_unit == 0 or non-finite,NQU19-CME,8476991,2019-07-26 14:40:52.009000+00:00,8008.25,{'stop_loss_price': 8008.25}
INVALID_RISK_UNIT,risk_unit == 0 or non-finite,NQU19-CME,8476992,2019-07-26 14:40:52.010000+00:00,8008.25,{'stop_loss_price': 8008.25}
INVALID_RISK_UNIT,risk_unit == 0 or non-finite,NQU19-CME,8476993,2019-07-26 14:40:52.011000+00:00,8008.25,{'stop_loss_price': 8008.25}
INVALID_RISK_UNIT,risk_unit == 0 or non-finite,NQU19-CME,8476994,2019-07-26 14:40:52.012000+00:00,8008.25,{'stop_loss_price': 8008.25}
INVALID_RISK_UNIT,risk_unit == 0 or non-finite,NQU19-CME,8476995,2019-07-26 14:40:52.013000+00:00,8008.25,{'stop_loss_price': 8008.25}
INVALID_RISK_UNIT,risk_unit == 0 or non-finite,NQU19-CME,8513337,2019-07-26 15:47:23+00:00,8026.25,{'stop_loss_price': 8026.25}
INVALID_RISK_UNIT,risk_unit == 0 or non-finite,NQU19-CME,8513338,2019-07-26 15:47:23.001000+00:00,8026.25,{'stop_loss_price': 8026.25}
INVALID_RISK_UNIT,risk_unit == 0 or non-finite,NQU19-CME,8513339,2019-07-26 15:47:23.002000+00:00,8026.25,{'stop_loss_price': 8026.25}
INVALID_RISK_UNIT,risk_unit == 0 or non-finite,NQU19-CME,8513348,2019-07-26 15:47:26.001000+00:00,8026.25,{'stop_loss_price': 8026.25}
INVALID_RISK_UNIT,risk_unit == 0 or non-finite,NQU19-CME,8513349,2019-07-26 15:47:26.002000+00:00,8026.25,{'stop_loss_price': 8026.25}
INVALID_RISK_UNIT,risk_unit == 0 or non-finite,NQU19-CME,8513350,2019-07-26 15:47:27+00:00,8026.25,{'stop_loss_price': 8026.25}
INVALID_RISK_UNIT,risk_unit == 0 or non-finite,NQU19-CME,8513351,2019-07-26 15:47:27.001000+00:00,8026.25,{'stop_loss_price': 8026.25}
INVALID_RISK_UNIT,risk_unit == 0 or non-finite,NQU19-CME,8513352,2019-07-26 15:47:27.002000+00:00,8026.25,{'stop_loss_price': 8026.25}
INVALID_RISK_UNIT,risk_unit == 0 or non-finite,NQU19-CME,8525738,2019-07-26 16:19:33.014000+00:00,8026.5,{'stop_loss_price': 8026.5}
INVALID_RISK_UNIT,risk_unit == 0 or non-finite,NQU19-CME,8525739,2019-07-26 16:19:33.015000+00:00,8026.5,{'stop_loss_price': 8026.5}
INVALID_RISK_UNIT,risk_unit == 0 or non-finite,NQU19-CME,8525740,2019-07-26 16:19:33.016000+00:00,8026.5,{'stop_loss_price': 8026.5}
INVALID_RISK_UNIT,risk_unit == 0 or non-finite,NQU19-CME,8525741,2019-07-26 16:19:33.017000+00:00,8026.5,{'stop_loss_price': 8026.5}
INVALID_RISK_UNIT,risk_unit == 0 or non-finite,NQU19-CME,8525742,2019-07-26 16:19:33.018000+00:00,8026.5,{'stop_loss_price': 8026.5}
INVALID_RISK_UNIT,risk_unit == 0 or non-finite,NQU19-CME,8525743,2019-07-26 16:19:33.019000+00:00,8026.5,{'stop_loss_price': 8026.5}
INVALID_RISK_UNIT,risk_unit == 0 or non-finite,NQU19-CME,8525744,2019-07-26 16:19:33.020000+00:00,8026.5,{'stop_loss_price': 8026.5}
INVALID_RISK_UNIT,risk_unit == 0 or non-finite,NQU19-CME,8566004,2019-07-26 18:59:49.005000+00:00,8035.25,{'stop_loss_price': 8035.25}
INVALID_RISK_UNIT,risk_unit == 0 or non-finite,NQU19-CME,8566005,2019-07-26 18:59:49.006000+00:00,8035.25,{'stop_loss_price': 8035.25}
INVALID_RISK_UNIT,risk_unit == 0 or non-finite,NQU19-CME,8566006,2019-07-26 18:59:49.007000+00:00,8035.25,{'stop_loss_price': 8035.25}
INVALID_RISK_UNIT,risk_unit == 0 or non-finite,NQU19-CME,8566007,2019-07-26 18:59:49.008000+00:00,8035.25,{'stop_loss_price': 8035.25}
INVALID_RISK_UNIT,risk_unit == 0 or non-finite,NQU19-CME,8566008,2019-07-26 18:59:49.009000+00:00,8035.25,{'stop_loss_price': 8035.25}
INVALID_RISK_UNIT,risk_unit == 0 or non-finite,NQU19-CME,8566009,2019-07-26 18:59:49.010000+00:00,8035.25,{'stop_loss_price': 8035.25}
INVALID_RISK_UNIT,risk_unit == 0 or non-finite,NQU19-CME,8566010,2019-07-26 18:59:49.011000+00:00,8035.25,{'stop_loss_price': 8035.25}
INVALID_RISK_UNIT,risk_unit == 0 or non-finite,NQU19-CME,8566011,2019-07-26 18:59:49.012000+00:00,8035.25,{'stop_loss_price': 8035.25}
INVALID_RISK_UNIT,risk_unit == 0 or non-finite,NQU19-CME,8566012,2019-07-26 18:59:49.013000+00:00,8035.25,{'stop_loss_price': 8035.25}
INVALID_RISK_UNIT,risk_unit == 0 or non-finite,NQU19-CME,8566013,2019-07-26 18:59:49.014000+00:00,8035.25,{'stop_loss_price': 8035.25}
INVALID_RISK_UNIT,risk_unit == 0 or non-finite,NQU19-CME,8566015,2019-07-26 18:59:50+00:00,8035.25,{'stop_loss_price': 8035.25}
INVALID_RISK_UNIT,risk_unit == 0 or non-finite,NQU19-CME,8613196,2019-07-29 05:05:07+00:00,8008.0,{'stop_loss_price': 8008.0}
INVALID_RISK_UNIT,risk_unit == 0 or non-finite,NQU19-CME,8614487,2019-07-29 05:56:13+00:00,8008.75,{'stop_loss_price': 8008.75}
INVALID_RISK_UNIT,risk_unit == 0 or non-finite,NQU19-CME,8680600,2019-07-29 13:52:59.016000+00:00,7979.75,{'stop_loss_price': 7979.75}
INVALID_RISK_UNIT,risk_unit == 0 or non-finite,NQU19-CME,8680601,2019-07-29 13:52:59.017000+00:00,7979.75,{'stop_loss_price': 7979.75}
INVALID_RISK_UNIT,risk_unit == 0 or non-finite,NQU19-CME,8680602,2019-07-29 13:52:59.018000+00:00,7979.75,{'stop_loss_price': 7979.75}
INVALID_RISK_UNIT,risk_unit == 0 or non-finite,NQU19-CME,8680603,2019-07-29 13:52:59.019000+00:00,7979.75,{'stop_loss_price': 7979.75}
INVALID_RISK_UNIT,risk_unit == 0 or non-finite,NQU19-CME,8680604,2019-07-29 13:52:59.020000+00:00,7979.75,{'stop_loss_price': 7979.75}
INVALID_RISK_UNIT,risk_unit == 0 or non-finite,NQU19-CME,8680605,2019-07-29 13:52:59.021000+00:00,7979.75,{'stop_loss_price': 7979.75}
INVALID_RISK_UNIT,risk_unit == 0 or non-finite,NQU19-CME,8680606,2019-07-29 13:52:59.022000+00:00,7979.75,{'stop_loss_price': 7979.75}
INVALID_RISK_UNIT,risk_unit == 0 or non-finite,NQU19-CME,8680607,2019-07-29 13:52:59.023000+00:00,7979.75,{'stop_loss_price': 7979.75}
INVALID_RISK_UNIT,risk_unit == 0 or non-finite,NQU19-CME,8680608,2019-07-29 13:52:59.024000+00:00,7979.75,{'stop_loss_price': 7979.75}
INVALID_RISK_UNIT,risk_unit == 0 or non-finite,NQU19-CME,8680609,2019-07-29 13:52:59.025000+00:00,7979.75,{'stop_loss_price': 7979.75}
INVALID_RISK_UNIT,risk_unit == 0 or non-finite,NQU19-CME,8680610,2019-07-29 13:52:59.026000+00:00,7979.75,{'stop_loss_price': 7979.75}
INVALID_RISK_UNIT,risk_unit == 0 or non-finite,NQU19-CME,8680611,2019-07-29 13:52:59.027000+00:00,7979.75,{'stop_loss_price': 7979.75}
INVALID_RISK_UNIT,risk_unit == 0 or non-finite,NQU19-CME,8680612,2019-07-29 13:52:59.028000+00:00,7979.75,{'stop_loss_price': 7979.75}
INVALID_RISK_UNIT,risk_unit == 0 or non-finite,NQU19-CME,8680613,2019-07-29 13:52:59.029000+00:00,7979.75,{'stop_loss_price': 7979.75}
INVALID_RISK_UNIT,risk_unit == 0 or non-finite,NQU19-CME,8680614,2019-07-29 13:52:59.030000+00:00,7979.75,{'stop_loss_price': 7979.75}
INVALID_RISK_UNIT,risk_unit == 0 or non-finite,NQU19-CME,8680615,2019-07-29 13:52:59.031000+00:00,7979.75,{'stop_loss_price': 7979.75}
INVALID_RISK_UNIT,risk_unit == 0 or non-finite,NQU19-CME,8680616,2019-07-29 13:52:59.032000+00:00,7979.75,{'stop_loss_price': 7979.75}
INVALID_RISK_UNIT,risk_unit == 0 or non-finite,NQU19-CME,8680618,2019-07-29 13:52:59.034000+00:00,7979.75,{'stop_loss_price': 7979.75}
INVALID_RISK_UNIT,risk_unit == 0 or non-finite,NQU19-CME,8770624,2019-07-29 15:59:53+00:00,7987.5,{'stop_loss_price': 7987.5}
INVALID_RISK_UNIT,risk_unit == 0 or non-finite,NQU19-CME,8770625,2019-07-29 15:59:53.001000+00:00,7987.5,{'stop_loss_price': 7987.5}
INVALID_RISK_UNIT,risk_unit == 0 or non-finite,NQU19-CME,8770626,2019-07-29 15:59:54+00:00,7987.5,{'stop_loss_price': 7987.5}
INVALID_RISK_UNIT,risk_unit == 0 or non-finite,NQU19-CME,8770629,2019-07-29 15:59:56.002000+00:00,7987.5,{'stop_loss_price': 7987.5}
INVALID_RISK_UNIT,risk_unit == 0 or non-finite,NQU19-CME,8770630,2019-07-29 15:59:57+00:00,7987.5,{'stop_loss_price': 7987.5}
INVALID_RISK_UNIT,risk_unit == 0 or non-finite,NQU19-CME,8770645,2019-07-29 16:00:00.011000+00:00,7987.5,{'stop_loss_price': 7987.5}
INVALID_RISK_UNIT,risk_unit == 0 or non-finite,NQU19-CME,8770646,2019-07-29 16:00:00.012000+00:00,7987.5,{'stop_loss_price': 7987.5}
INVALID_RISK_UNIT,risk_unit == 0 or non-finite,NQU19-CME,8770647,2019-07-29 16:00:00.013000+00:00,7987.5,{'stop_loss_price': 7987.5}
INVALID_RISK_UNIT,risk_unit == 0 or non-finite,NQU19-CME,8770648,2019-07-29 16:00:01+00:00,7987.5,{'stop_loss_price': 7987.5}
INVALID_RISK_UNIT,risk_unit == 0 or non-finite,NQU19-CME,8770649,2019-07-29 16:00:02+00:00,7987.5,{'stop_loss_price': 7987.5}
INVALID_RISK_UNIT,risk_unit == 0 or non-finite,NQU19-CME,8770650,2019-07-29 16:00:02.001000+00:00,7987.5,{'stop_loss_price': 7987.5}
INVALID_RISK_UNIT,risk_unit == 0 or non-finite,NQU19-CME,8770651,2019-07-29 16:00:02.002000+00:00,7987.5,{'stop_loss_price': 7987.5}
INVALID_RISK_UNIT,risk_unit == 0 or non-finite,NQU19-CME,8770652,2019-07-29 16:00:02.003000+00:00,7987.5,{'stop_loss_price': 7987.5}
INVALID_RISK_UNIT,risk_unit == 0 or non-finite,NQU19-CME,8913662,2019-07-30 11:51:23.002000+00:00,7944.75,{'stop_loss_price': 7944.75}
INVALID_RISK_UNIT,risk_unit == 0 or non-finite,NQU19-CME,8913663,2019-07-30 11:51:23.003000+00:00,7944.75,{'stop_loss_price': 7944.75}
INVALID_RISK_UNIT,risk_unit == 0 or non-finite,NQU19-CME,8913664,2019-07-30 11:51:23.004000+00:00,7944.75,{'stop_loss_price': 7944.75}
INVALID_RISK_UNIT,risk_unit == 0 or non-finite,NQU19-CME,8913665,2019-07-30 11:51:23.005000+00:00,7944.75,{'stop_loss_price': 7944.75}
INVALID_RISK_UNIT,risk_unit == 0 or non-finite,NQU19-CME,8913666,2019-07-30 11:51:23.006000+00:00,7944.75,{'stop_loss_price': 7944.75}
INVALID_RISK_UNIT,risk_unit == 0 or non-finite,NQU19-CME,8913667,2019-07-30 11:51:23.007000+00:00,7944.75,{'stop_loss_price': 7944.75}
INVALID_RISK_UNIT,risk_unit == 0 or non-finite,NQU19-CME,8913668,2019-07-30 11:51:23.008000+00:00,7944.75,{'stop_loss_price': 7944.75}
INVALID_RISK_UNIT,risk_unit == 0 or non-finite,NQU19-CME,8913669,2019-07-30 11:51:23.009000+00:00,7944.75,{'stop_loss_price': 7944.75}
INVALID_RISK_UNIT,risk_unit == 0 or non-finite,NQU19-CME,9010231,2019-07-30 14:10:08.004000+00:00,7968.25,{'stop_loss_price': 7968.25}
INVALID_RISK_UNIT,risk_unit == 0 or non-finite,NQU19-CME,9040942,2019-07-30 14:48:57.005000+00:00,7962.75,{'stop_loss_price': 7962.75}
INVALID_RISK_UNIT,risk_unit == 0 or non-finite,NQU19-CME,9040943,2019-07-30 14:48:59+00:00,7962.75,{'stop_loss_price': 7962.75}
INVALID_RISK_UNIT,risk_unit == 0 or non-finite,NQU19-CME,9040944,2019-07-30 14:48:59.001000+00:00,7962.75,{'stop_loss_price': 7962.75}
INVALID_RISK_UNIT,risk_unit == 0 or non-finite,NQU19-CME,9142658,2019-07-30 19:07:14.004000+00:00,7976.5,{'stop_loss_price': 7976.5}
INVALID_RISK_UNIT,risk_unit == 0 or non-finite,NQU19-CME,9142659,2019-07-30 19:07:14.005000+00:00,7976.5,{'stop_loss_price': 7976.5}
INVALID_RISK_UNIT,risk_unit == 0 or non-finite,NQU19-CME,9142660,2019-07-30 19:07:14.006000+00:00,7976.5,{'stop_loss_price': 7976.5}
INVALID_RISK_UNIT,risk_unit == 0 or non-finite,NQU19-CME,9142661,2019-07-30 19:07:14.007000+00:00,7976.5,{'stop_loss_price': 7976.5}
INVALID_RISK_UNIT,risk_unit == 0 or non-finite,NQU19-CME,9142662,2019-07-30 19:07:14.008000+00:00,7976.5,{'stop_loss_price': 7976.5}
INVALID_RISK_UNIT,risk_unit == 0 or non-finite,NQU19-CME,9142663,2019-07-30 19:07:14.009000+00:00,7976.5,{'stop_loss_price': 7976.5}
INVALID_RISK_UNIT,risk_unit == 0 or non-finite,NQU19-CME,9142664,2019-07-30 19:07:14.010000+00:00,7976.5,{'stop_loss_price': 7976.5}
INVALID_RISK_UNIT,risk_unit == 0 or non-finite,NQU19-CME,9142665,2019-07-30 19:07:14.011000+00:00,7976.5,{'stop_loss_price': 7976.5}
INVALID_RISK_UNIT,risk_unit == 0 or non-finite,NQU19-CME,9142666,2019-07-30 19:07:14.012000+00:00,7976.5,{'stop_loss_price': 7976.5}
INVALID_RISK_UNIT,risk_unit == 0 or non-finite,NQU19-CME,9163741,2019-07-30 19:52:16.014000+00:00,7965.75,{'stop_loss_price': 7965.75}
INVALID_RISK_UNIT,risk_unit == 0 or non-finite,NQU19-CME,9163742,2019-07-30 19:52:16.015000+00:00,7965.75,{'stop_loss_price': 7965.75}
INVALID_RISK_UNIT,risk_unit == 0 or non-finite,NQU19-CME,9163743,2019-07-30 19:52:16.016000+00:00,7965.75,{'stop_loss_price': 7965.75}
INVALID_RISK_UNIT,risk_unit == 0 or non-finite,NQU19-CME,9163755,2019-07-30 19:52:17.001000+00:00,7965.75,{'stop_loss_price': 7965.75}
INVALID_RISK_UNIT,risk_unit == 0 or non-finite,NQU19-CME,9175176,2019-07-30 20:03:12+00:00,7965.75,{'stop_loss_price': 7965.75}
INVALID_RISK_UNIT,risk_unit == 0 or non-finite,NQU19-CME,9175177,2019-07-30 20:03:12.001000+00:00,7965.75,{'stop_loss_price': 7965.75}
INVALID_RISK_UNIT,risk_unit == 0 or non-finite,NQU19-CME,9175178,2019-07-30 20:03:12.002000+00:00,7965.75,{'stop_loss_price': 7965.75}
INVALID_RISK_UNIT,risk_unit == 0 or non-finite,NQU19-CME,9175179,2019-07-30 20:03:12.003000+00:00,7965.75,{'stop_loss_price': 7965.75}
INVALID_RISK_UNIT,risk_unit == 0 or non-finite,NQU19-CME,9175180,2019-07-30 20:03:12.004000+00:00,7965.75,{'stop_loss_price': 7965.75}
INVALID_RISK_UNIT,risk_unit == 0 or non-finite,NQU19-CME,9175181,2019-07-30 20:03:12.005000+00:00,7965.75,{'stop_loss_price': 7965.75}
INVALID_RISK_UNIT,risk_unit == 0 or non-finite,NQU19-CME,9175182,2019-07-30 20:03:12.006000+00:00,7965.75,{'stop_loss_price': 7965.75}
INVALID_RISK_UNIT,risk_unit == 0 or non-finite,NQU19-CME,9175183,2019-07-30 20:03:12.007000+00:00,7965.75,{'stop_loss_price': 7965.75}
INVALID_RISK_UNIT,risk_unit == 0 or non-finite,NQU19-CME,9175184,2019-07-30 20:03:12.008000+00:00,7965.75,{'stop_loss_price': 7965.75}
INVALID_RISK_UNIT,risk_unit == 0 or non-finite,NQU19-CME,9175185,2019-07-30 20:03:12.009000+00:00,7965.75,{'stop_loss_price': 7965.75}
INVALID_RISK_UNIT,risk_unit == 0 or non-finite,NQU19-CME,9200018,2019-07-31 02:42:54+00:00,7989.0,{'stop_loss_price': 7989.0}
INVALID_RISK_UNIT,risk_unit == 0 or non-finite,NQU19-CME,9200019,2019-07-31 02:42:55+00:00,7989.0,{'stop_loss_price': 7989.0}
INVALID_RISK_UNIT,risk_unit == 0 or non-finite,NQU19-CME,9200020,2019-07-31 02:42:55.001000+00:00,7989.0,{'stop_loss_price': 7989.0}
INVALID_RISK_UNIT,risk_unit == 0 or non-finite,NQU19-CME,9200021,2019-07-31 02:42:56+00:00,7989.0,{'stop_loss_price': 7989.0}
INVALID_RISK_UNIT,risk_unit == 0 or non-finite,NQU19-CME,9200022,2019-07-31 02:42:56.001000+00:00,7989.0,{'stop_loss_price': 7989.0}
INVALID_RISK_UNIT,risk_unit == 0 or non-finite,NQU19-CME,9229713,2019-07-31 09:26:48+00:00,7996.0,{'stop_loss_price': 7996.0}
INVALID_RISK_UNIT,risk_unit == 0 or non-finite,NQU19-CME,9229714,2019-07-31 09:26:48.001000+00:00,7996.0,{'stop_loss_price': 7996.0}
INVALID_RISK_UNIT,risk_unit == 0 or non-finite,NQU19-CME,9229715,2019-07-31 09:26:48.002000+00:00,7996.0,{'stop_loss_price': 7996.0}
INVALID_RISK_UNIT,risk_unit == 0 or non-finite,NQU19-CME,9229716,2019-07-31 09:26:51+00:00,7996.0,{'stop_loss_price': 7996.0}
INVALID_RISK_UNIT,risk_unit == 0 or non-finite,NQU19-CME,9229717,2019-07-31 09:26:52+00:00,7996.0,{'stop_loss_price': 7996.0}
INVALID_RISK_UNIT,risk_unit == 0 or non-finite,NQU19-CME,9229718,2019-07-31 09:26:53+00:00,7996.0,{'stop_loss_price': 7996.0}
INVALID_RISK_UNIT,risk_unit == 0 or non-finite,NQU19-CME,9232935,2019-07-31 10:19:55.002000+00:00,7992.0,{'stop_loss_price': 7992.0}
INVALID_RISK_UNIT,risk_unit == 0 or non-finite,NQU19-CME,9247907,2019-07-31 13:03:29+00:00,7992.0,{'stop_loss_price': 7992.0}
INVALID_RISK_UNIT,risk_unit == 0 or non-finite,NQU19-CME,9247908,2019-07-31 13:03:29.001000+00:00,7992.0,{'stop_loss_price': 7992.0}
INVALID_RISK_UNIT,risk_unit == 0 or non-finite,NQU19-CME,9247909,2019-07-31 13:03:29.002000+00:00,7992.0,{'stop_loss_price': 7992.0}
INVALID_RISK_UNIT,risk_unit == 0 or non-finite,NQU19-CME,9247910,2019-07-31 13:03:29.003000+00:00,7992.0,{'stop_loss_price': 7992.0}
INVALID_RISK_UNIT,risk_unit == 0 or non-finite,NQU19-CME,9247911,2019-07-31 13:03:29.004000+00:00,7992.0,{'stop_loss_price': 7992.0}
INVALID_RISK_UNIT,risk_unit == 0 or non-finite,NQU19-CME,9260058,2019-07-31 13:32:05.049000+00:00,7975.25,{'stop_loss_price': 7975.25}
INVALID_RISK_UNIT,risk_unit == 0 or non-finite,NQU19-CME,9462242,2019-07-31 18:39:02.050000+00:00,7928.5,{'stop_loss_price': 7928.5}
INVALID_RISK_UNIT,risk_unit == 0 or non-finite,NQU19-CME,9473249,2019-07-31 18:42:07.011000+00:00,7925.0,{'stop_loss_price': 7925.0}
INVALID_RISK_UNIT,risk_unit == 0 or non-finite,NQU19-CME,9473557,2019-07-31 18:42:13.074000+00:00,7922.5,{'stop_loss_price': 7922.5}
INVALID_RISK_UNIT,risk_unit == 0 or non-finite,NQU19-CME,9473558,2019-07-31 18:42:13.075000+00:00,7922.5,{'stop_loss_price': 7922.5}
INVALID_RISK_UNIT,risk_unit == 0 or non-finite,NQU19-CME,9473559,2019-07-31 18:42:13.076000+00:00,7922.5,{'stop_loss_price': 7922.5}
INVALID_RISK_UNIT,risk_unit == 0 or non-finite,NQU19-CME,9473560,2019-07-31 18:42:13.077000+00:00,7922.5,{'stop_loss_price': 7922.5}
INVALID_RISK_UNIT,risk_unit == 0 or non-finite,NQU19-CME,9473561,2019-07-31 18:42:13.078000+00:00,7922.5,{'stop_loss_price': 7922.5}
INVALID_RISK_UNIT,risk_unit == 0 or non-finite,NQU19-CME,9473562,2019-07-31 18:42:13.079000+00:00,7922.5,{'stop_loss_price': 7922.5}
INVALID_RISK_UNIT,risk_unit == 0 or non-finite,NQU19-CME,9602786,2019-07-31 19:37:17.016000+00:00,7897.25,{'stop_loss_price': 7897.25}
INVALID_RISK_UNIT,risk_unit == 0 or non-finite,NQU19-CME,9602787,2019-07-31 19:37:17.017000+00:00,7897.25,{'stop_loss_price': 7897.25}
INVALID_RISK_UNIT,risk_unit == 0 or non-finite,NQU19-CME,9664894,2019-07-31 22:43:24+00:00,7837.75,{'stop_loss_price': 7837.75}
INVALID_RISK_UNIT,risk_unit == 0 or non-finite,NQU19-CME,9669489,2019-07-31 23:59:59.004000+00:00,7837.5,{'stop_loss_price': 7837.5}
INVALID_RISK_UNIT,risk_unit == 0 or non-finite,NQU19-CME,9669490,2019-07-31 23:59:59.005000+00:00,7837.5,{'stop_loss_price': 7837.5}
INVALID_RISK_UNIT,risk_unit == 0 or non-finite,NQU19-CME,9669491,2019-07-31 23:59:59.006000+00:00,7837.5,{'stop_loss_price': 7837.5}
INVALID_RISK_UNIT,risk_unit == 0 or non-finite,NQU19-CME,9669492,2019-07-31 23:59:59.007000+00:00,7837.5,{'stop_loss_price': 7837.5}
INVALID_RISK_UNIT,risk_unit == 0 or non-finite,NQU19-CME,9669493,2019-07-31 23:59:59.008000+00:00,7837.5,{'stop_loss_price': 7837.5}
INVALID_RISK_UNIT,risk_unit == 0 or non-finite,NQU19-CME,9674537,2019-08-01 00:35:34.004000+00:00,7842.75,{'stop_loss_price': 7842.75}
INVALID_RISK_UNIT,risk_unit == 0 or non-finite,NQU19-CME,9674538,2019-08-01 00:35:34.005000+00:00,7842.75,{'stop_loss_price': 7842.75}
INVALID_RISK_UNIT,risk_unit == 0 or non-finite,NQU19-CME,9674539,2019-08-01 00:35:34.006000+00:00,7842.75,{'stop_loss_price': 7842.75}
INVALID_RISK_UNIT,risk_unit == 0 or non-finite,NQU19-CME,9674540,2019-08-01 00:35:34.007000+00:00,7842.75,{'stop_loss_price': 7842.75}
INVALID_RISK_UNIT,risk_unit == 0 or non-finite,NQU19-CME,9674541,2019-08-01 00:35:34.008000+00:00,7842.75,{'stop_loss_price': 7842.75}
INVALID_RISK_UNIT,risk_unit == 0 or non-finite,NQU19-CME,9674542,2019-08-01 00:35:34.009000+00:00,7842.75,{'stop_loss_price': 7842.75}
INVALID_RISK_UNIT,risk_unit == 0 or non-finite,NQU19-CME,9674543,2019-08-01 00:35:34.010000+00:00,7842.75,{'stop_loss_price': 7842.75}
INVALID_RISK_UNIT,risk_unit == 0 or non-finite,NQU19-CME,9674544,2019-08-01 00:35:34.011000+00:00,7842.75,{'stop_loss_price': 7842.75}
INVALID_RISK_UNIT,risk_unit == 0 or non-finite,NQU19-CME,9674545,2019-08-01 00:35:34.012000+00:00,7842.75,{'stop_loss_price': 7842.75}
INVALID_RISK_UNIT,risk_unit == 0 or non-finite,NQU19-CME,9674546,2019-08-01 00:35:34.013000+00:00,7842.75,{'stop_loss_price': 7842.75}
INVALID_RISK_UNIT,risk_unit == 0 or non-finite,NQU19-CME,9678370,2019-08-01 01:19:56.002000+00:00,7852.5,{'stop_loss_price': 7852.5}
INVALID_RISK_UNIT,risk_unit == 0 or non-finite,NQU19-CME,9678371,2019-08-01 01:19:57+00:00,7852.5,{'stop_loss_price': 7852.5}
INVALID_RISK_UNIT,risk_unit == 0 or non-finite,NQU19-CME,9678372,2019-08-01 01:20:00+00:00,7852.5,{'stop_loss_price': 7852.5}
INVALID_RISK_UNIT,risk_unit == 0 or non-finite,NQU19-CME,9678386,2019-08-01 01:20:09+00:00,7852.5,{'stop_loss_price': 7852.5}
INVALID_RISK_UNIT,risk_unit == 0 or non-finite,NQU19-CME,9781229,2019-08-01 13:34:56.048000+00:00,7911.0,{'stop_loss_price': 7911.0}
INVALID_RISK_UNIT,risk_unit == 0 or non-finite,NQU19-CME,9781230,2019-08-01 13:34:56.049000+00:00,7911.0,{'stop_loss_price': 7911.0}
INVALID_RISK_UNIT,risk_unit == 0 or non-finite,NQU19-CME,9781231,2019-08-01 13:34:56.050000+00:00,7911.0,{'stop_loss_price': 7911.0}
INVALID_RISK_UNIT,risk_unit == 0 or non-finite,NQU19-CME,9781232,2019-08-01 13:34:57+00:00,7911.0,{'stop_loss_price': 7911.0}
INVALID_RISK_UNIT,risk_unit == 0 or non-finite,NQU19-CME,9783117,2019-08-01 13:35:33.008000+00:00,7915.5,{'stop_loss_price': 7915.5}
INVALID_RISK_UNIT,risk_unit == 0 or non-finite,NQU19-CME,9783118,2019-08-01 13:35:33.009000+00:00,7915.5,{'stop_loss_price': 7915.5}
INVALID_RISK_UNIT,risk_unit == 0 or non-finite,NQU19-CME,9789085,2019-08-01 13:37:28.038000+00:00,7914.75,{'stop_loss_price': 7914.75}
INVALID_RISK_UNIT,risk_unit == 0 or non-finite,NQU19-CME,9789086,2019-08-01 13:37:28.039000+00:00,7914.75,{'stop_loss_price': 7914.75}
INVALID_RISK_UNIT,risk_unit == 0 or non-finite,NQU19-CME,9789087,2019-08-01 13:37:28.040000+00:00,7914.75,{'stop_loss_price': 7914.75}
INVALID_RISK_UNIT,risk_unit == 0 or non-finite,NQU19-CME,9789088,2019-08-01 13:37:28.041000+00:00,7914.75,{'stop_loss_price': 7914.75}
INVALID_RISK_UNIT,risk_unit == 0 or non-finite,NQU19-CME,9792626,2019-08-01 13:39:12.032000+00:00,7923.25,{'stop_loss_price': 7923.25}
INVALID_RISK_UNIT,risk_unit == 0 or non-finite,NQU19-CME,9799787,2019-08-01 13:42:26.037000+00:00,7918.25,{'stop_loss_price': 7918.25}
INVALID_RISK_UNIT,risk_unit == 0 or non-finite,NQU19-CME,9835481,2019-08-01 14:06:22.009000+00:00,7934.75,{'stop_loss_price': 7934.75}
INVALID_RISK_UNIT,risk_unit == 0 or non-finite,NQU19-CME,9835482,2019-08-01 14:06:22.010000+00:00,7934.75,{'stop_loss_price': 7934.75}
INVALID_RISK_UNIT,risk_unit == 0 or non-finite,NQU19-CME,9835483,2019-08-01 14:06:22.011000+00:00,7934.75,{'stop_loss_price': 7934.75}
INVALID_RISK_UNIT,risk_unit == 0 or non-finite,NQU19-CME,9903571,2019-08-01 14:54:46.003000+00:00,7994.0,{'stop_loss_price': 7994.0}
INVALID_RISK_UNIT,risk_unit == 0 or non-finite,NQU19-CME,9903572,2019-08-01 14:54:46.004000+00:00,7994.0,{'stop_loss_price': 7994.0}
INVALID_RISK_UNIT,risk_unit == 0 or non-finite,NQU19-CME,9903573,2019-08-01 14:54:46.005000+00:00,7994.0,{'stop_loss_price': 7994.0}
INVALID_RISK_UNIT,risk_unit == 0 or non-finite,NQU19-CME,9903574,2019-08-01 14:54:46.006000+00:00,7994.0,{'stop_loss_price': 7994.0}
INVALID_RISK_UNIT,risk_unit == 0 or non-finite,NQU19-CME,9903575,2019-08-01 14:54:46.007000+00:00,7994.0,{'stop_loss_price': 7994.0}
INVALID_RISK_UNIT,risk_unit == 0 or non-finite,NQU19-CME,9903576,2019-08-01 14:54:46.008000+00:00,7994.0,{'stop_loss_price': 7994.0}
INVALID_RISK_UNIT,risk_unit == 0 or non-finite,NQU19-CME,9903577,2019-08-01 14:54:46.009000+00:00,7994.0,{'stop_loss_price': 7994.0}
INVALID_RISK_UNIT,risk_unit == 0 or non-finite,NQU19-CME,9903578,2019-08-01 14:54:46.010000+00:00,7994.0,{'stop_loss_price': 7994.0}
INVALID_RISK_UNIT,risk_unit == 0 or non-finite,NQU19-CME,9903579,2019-08-01 14:54:46.011000+00:00,7994.0,{'stop_loss_price': 7994.0}
INVALID_RISK_UNIT,risk_unit == 0 or non-finite,NQU19-CME,9903580,2019-08-01 14:54:46.012000+00:00,7994.0,{'stop_loss_price': 7994.0}
INVALID_RISK_UNIT,risk_unit == 0 or non-finite,NQU19-CME,9903581,2019-08-01 14:54:46.013000+00:00,7994.0,{'stop_loss_price': 7994.0}
INVALID_RISK_UNIT,risk_unit == 0 or non-finite,NQU19-CME,9957475,2019-08-01 15:41:45.014000+00:00,8005.75,{'stop_loss_price': 8005.75}
INVALID_RISK_UNIT,risk_unit == 0 or non-finite,NQU19-CME,9957476,2019-08-01 15:41:45.015000+00:00,8005.75,{'stop_loss_price': 8005.75}
INVALID_RISK_UNIT,risk_unit == 0 or non-finite,NQU19-CME,10018070,2019-08-01 17:29:07.145000+00:00,7936.75,{'stop_loss_price': 7936.75}
INVALID_RISK_UNIT,risk_unit == 0 or non-finite,NQU19-CME,10047837,2019-08-01 17:34:53.078000+00:00,7903.25,{'stop_loss_price': 7903.25}
INVALID_RISK_UNIT,risk_unit == 0 or non-finite,NQU19-CME,10047838,2019-08-01 17:34:53.079000+00:00,7903.25,{'stop_loss_price': 7903.25}
INVALID_RISK_UNIT,risk_unit == 0 or non-finite,NQU19-CME,10047839,2019-08-01 17:34:53.080000+00:00,7903.25,{'stop_loss_price': 7903.25}
INVALID_RISK_UNIT,risk_unit == 0 or non-finite,NQU19-CME,10047840,2019-08-01 17:34:53.081000+00:00,7903.25,{'stop_loss_price': 7903.25}
INVALID_RISK_UNIT,risk_unit == 0 or non-finite,NQU19-CME,10047841,2019-08-01 17:34:53.082000+00:00,7903.25,{'stop_loss_price': 7903.25}
INVALID_RISK_UNIT,risk_unit == 0 or non-finite,NQU19-CME,10047842,2019-08-01 17:34:53.083000+00:00,7903.25,{'stop_loss_price': 7903.25}
INVALID_RISK_UNIT,risk_unit == 0 or non-finite,NQU19-CME,10047843,2019-08-01 17:34:53.084000+00:00,7903.25,{'stop_loss_price': 7903.25}
INVALID_RISK_UNIT,risk_unit == 0 or non-finite,NQU19-CME,10047844,2019-08-01 17:34:53.085000+00:00,7903.25,{'stop_loss_price': 7903.25}
INVALID_RISK_UNIT,risk_unit == 0 or non-finite,NQU19-CME,10047845,2019-08-01 17:34:53.086000+00:00,7903.25,{'stop_loss_price': 7903.25}
INVALID_RISK_UNIT,risk_unit == 0 or non-finite,NQU19-CME,10047846,2019-08-01 17:34:53.087000+00:00,7903.25,{'stop_loss_price': 7903.25}
INVALID_RISK_UNIT,risk_unit == 0 or non-finite,NQU19-CME,10059593,2019-08-01 17:37:38.007000+00:00,7912.75,{'stop_loss_price': 7912.75}
INVALID_RISK_UNIT,risk_unit == 0 or non-finite,NQU19-CME,10059594,2019-08-01 17:37:38.008000+00:00,7912.75,{'stop_loss_price': 7912.75}
INVALID_RISK_UNIT,risk_unit == 0 or non-finite,NQU19-CME,10059595,2019-08-01 17:37:38.009000+00:00,7912.75,{'stop_loss_price': 7912.75}
INVALID_RISK_UNIT,risk_unit == 0 or non-finite,NQU19-CME,10086579,2019-08-01 17:46:42.032000+00:00,7855.25,{'stop_loss_price': 7855.25}
INVALID_RISK_UNIT,risk_unit == 0 or non-finite,NQU19-CME,10086580,2019-08-01 17:46:42.033000+00:00,7855.25,{'stop_loss_price': 7855.25}
INVALID_RISK_UNIT,risk_unit == 0 or non-finite,NQU19-CME,10138808,2019-08-01 18:09:05.074000+00:00,7840.75,{'stop_loss_price': 7840.75}
INVALID_RISK_UNIT,risk_unit == 0 or non-finite,NQU19-CME,10211701,2019-08-01 18:49:15.009000+00:00,7815.25,{'stop_loss_price': 7815.25}
INVALID_RISK_UNIT,risk_unit == 0 or non-finite,NQU19-CME,10230592,2019-08-01 19:03:42.016000+00:00,7808.25,{'stop_loss_price': 7808.25}
INVALID_RISK_UNIT,risk_unit == 0 or non-finite,NQU19-CME,10230593,2019-08-01 19:03:42.017000+00:00,7808.25,{'stop_loss_price': 7808.25}
INVALID_RISK_UNIT,risk_unit == 0 or non-finite,NQU19-CME,10305889,2019-08-01 20:02:32.017000+00:00,7822.0,{'stop_loss_price': 7822.0}
INVALID_RISK_UNIT,risk_unit == 0 or non-finite,NQU19-CME,10305890,2019-08-01 20:02:32.018000+00:00,7822.0,{'stop_loss_price': 7822.0}
INVALID_RISK_UNIT,risk_unit == 0 or non-finite,NQU19-CME,10305891,2019-08-01 20:02:32.019000+00:00,7822.0,{'stop_loss_price': 7822.0}
INVALID_RISK_UNIT,risk_unit == 0 or non-finite,NQU19-CME,10342227,2019-08-02 01:20:00+00:00,7779.75,{'stop_loss_price': 7779.75}
INVALID_RISK_UNIT,risk_unit == 0 or non-finite,NQU19-CME,10342228,2019-08-02 01:20:00.001000+00:00,7779.75,{'stop_loss_price': 7779.75}
INVALID_RISK_UNIT,risk_unit == 0 or non-finite,NQU19-CME,10342229,2019-08-02 01:20:00.002000+00:00,7779.75,{'stop_loss_price': 7779.75}
INVALID_RISK_UNIT,risk_unit == 0 or non-finite,NQU19-CME,10342230,2019-08-02 01:20:00.003000+00:00,7779.75,{'stop_loss_price': 7779.75}
INVALID_RISK_UNIT,risk_unit == 0 or non-finite,NQU19-CME,10352726,2019-08-02 02:49:16+00:00,7770.0,{'stop_loss_price': 7770.0}
INVALID_RISK_UNIT,risk_unit == 0 or non-finite,NQU19-CME,10357711,2019-08-02 04:25:45+00:00,7784.0,{'stop_loss_price': 7784.0}
INVALID_RISK_UNIT,risk_unit == 0 or non-finite,NQU19-CME,10357712,2019-08-02 04:25:46+00:00,7784.0,{'stop_loss_price': 7784.0}
INVALID_RISK_UNIT,risk_unit == 0 or non-finite,NQU19-CME,10371847,2019-08-02 07:12:04.003000+00:00,7794.0,{'stop_loss_price': 7794.0}
INVALID_RISK_UNIT,risk_unit == 0 or non-finite,NQU19-CME,10371848,2019-08-02 07:12:04.004000+00:00,7794.0,{'stop_loss_price': 7794.0}
INVALID_RISK_UNIT,risk_unit == 0 or non-finite,NQU19-CME,10376839,2019-08-02 07:31:56+00:00,7769.5,{'stop_loss_price': 7769.5}
INVALID_RISK_UNIT,risk_unit == 0 or non-finite,NQU19-CME,10376840,2019-08-02 07:31:56.001000+00:00,7769.5,{'stop_loss_price': 7769.5}
INVALID_RISK_UNIT,risk_unit == 0 or non-finite,NQU19-CME,10376841,2019-08-02 07:31:56.002000+00:00,7769.5,{'stop_loss_price': 7769.5}
INVALID_RISK_UNIT,risk_unit == 0 or non-finite,NQU19-CME,10376842,2019-08-02 07:31:56.003000+00:00,7769.5,{'stop_loss_price': 7769.5}
INVALID_RISK_UNIT,risk_unit == 0 or non-finite,NQU19-CME,10376843,2019-08-02 07:31:56.004000+00:00,7769.5,{'stop_loss_price': 7769.5}
INVALID_RISK_UNIT,risk_unit == 0 or non-finite,NQU19-CME,10386852,2019-08-02 08:24:20+00:00,7746.5,{'stop_loss_price': 7746.5}
INVALID_RISK_UNIT,risk_unit == 0 or non-finite,NQU19-CME,10397866,2019-08-02 09:36:13.001000+00:00,7757.75,{'stop_loss_price': 7757.75}
INVALID_RISK_UNIT,risk_unit == 0 or non-finite,NQU19-CME,10400522,2019-08-02 10:00:00.001000+00:00,7752.25,{'stop_loss_price': 7752.25}
INVALID_RISK_UNIT,risk_unit == 0 or non-finite,NQU19-CME,10406957,2019-08-02 10:43:13.038000+00:00,7762.75,{'stop_loss_price': 7762.75}
INVALID_RISK_UNIT,risk_unit == 0 or non-finite,NQU19-CME,10406958,2019-08-02 10:43:13.039000+00:00,7762.75,{'stop_loss_price': 7762.75}
INVALID_RISK_UNIT,risk_unit == 0 or non-finite,NQU19-CME,10406959,2019-08-02 10:43:13.040000+00:00,7762.75,{'stop_loss_price': 7762.75}
INVALID_RISK_UNIT,risk_unit == 0 or non-finite,NQU19-CME,10419516,2019-08-02 12:30:59+00:00,7755.5,{'stop_loss_price': 7755.5}
INVALID_RISK_UNIT,risk_unit == 0 or non-finite,NQU19-CME,10419517,2019-08-02 12:30:59.001000+00:00,7755.5,{'stop_loss_price': 7755.5}
INVALID_RISK_UNIT,risk_unit == 0 or non-finite,NQU19-CME,10419518,2019-08-02 12:30:59.002000+00:00,7755.5,{'stop_loss_price': 7755.5}
INVALID_RISK_UNIT,risk_unit == 0 or non-finite,NQU19-CME,10419519,2019-08-02 12:30:59.003000+00:00,7755.5,{'stop_loss_price': 7755.5}
INVALID_RISK_UNIT,risk_unit == 0 or non-finite,NQU19-CME,10421720,2019-08-02 12:34:16.008000+00:00,7739.0,{'stop_loss_price': 7739.0}
INVALID_RISK_UNIT,risk_unit == 0 or non-finite,NQU19-CME,10444089,2019-08-02 13:02:49.006000+00:00,7794.5,{'stop_loss_price': 7794.5}
INVALID_RISK_UNIT,risk_unit == 0 or non-finite,NQU19-CME,10444090,2019-08-02 13:02:49.007000+00:00,7794.5,{'stop_loss_price': 7794.5}
INVALID_RISK_UNIT,risk_unit == 0 or non-finite,NQU19-CME,10444096,2019-08-02 13:02:50.005000+00:00,7794.5,{'stop_loss_price': 7794.5}
INVALID_RISK_UNIT,risk_unit == 0 or non-finite,NQU19-CME,10444097,2019-08-02 13:02:50.006000+00:00,7794.5,{'stop_loss_price': 7794.5}
INVALID_RISK_UNIT,risk_unit == 0 or non-finite,NQU19-CME,10444476,2019-08-02 13:02:54.046000+00:00,7789.25,{'stop_loss_price': 7789.25}
INVALID_RISK_UNIT,risk_unit == 0 or non-finite,NQU19-CME,10444477,2019-08-02 13:02:54.047000+00:00,7789.25,{'stop_loss_price': 7789.25}
INVALID_RISK_UNIT,risk_unit == 0 or non-finite,NQU19-CME,10444478,2019-08-02 13:02:54.048000+00:00,7789.25,{'stop_loss_price': 7789.25}
INVALID_RISK_UNIT,risk_unit == 0 or non-finite,NQU19-CME,10459080,2019-08-02 13:18:15.025000+00:00,7757.5,{'stop_loss_price': 7757.5}
INVALID_RISK_UNIT,risk_unit == 0 or non-finite,NQU19-CME,10504879,2019-08-02 13:43:28.007000+00:00,7747.25,{'stop_loss_price': 7747.25}
INVALID_RISK_UNIT,risk_unit == 0 or non-finite,NQU19-CME,10504880,2019-08-02 13:43:28.008000+00:00,7747.25,{'stop_loss_price': 7747.25}
INVALID_RISK_UNIT,risk_unit == 0 or non-finite,NQU19-CME,10504882,2019-08-02 13:43:28.010000+00:00,7747.25,{'stop_loss_price': 7747.25}
INVALID_RISK_UNIT,risk_unit == 0 or non-finite,NQU19-CME,10531204,2019-08-02 13:56:01.025000+00:00,7730.25,{'stop_loss_price': 7730.25}
INVALID_RISK_UNIT,risk_unit == 0 or non-finite,NQU19-CME,10580632,2019-08-02 14:26:27.002000+00:00,7700.25,{'stop_loss_price': 7700.25}
INVALID_RISK_UNIT,risk_unit == 0 or non-finite,NQU19-CME,10580633,2019-08-02 14:26:27.003000+00:00,7700.25,{'stop_loss_price': 7700.25}
INVALID_RISK_UNIT,risk_unit == 0 or non-finite,NQU19-CME,10580634,2019-08-02 14:26:27.004000+00:00,7700.25,{'stop_loss_price': 7700.25}
INVALID_RISK_UNIT,risk_unit == 0 or non-finite,NQU19-CME,10580635,2019-08-02 14:26:27.005000+00:00,7700.25,{'stop_loss_price': 7700.25}
INVALID_RISK_UNIT,risk_unit == 0 or non-finite,NQU19-CME,10580636,2019-08-02 14:26:27.006000+00:00,7700.25,{'stop_loss_price': 7700.25}
INVALID_RISK_UNIT,risk_unit == 0 or non-finite,NQU19-CME,10580637,2019-08-02 14:26:27.007000+00:00,7700.25,{'stop_loss_price': 7700.25}
INVALID_RISK_UNIT,risk_unit == 0 or non-finite,NQU19-CME,10580638,2019-08-02 14:26:27.008000+00:00,7700.25,{'stop_loss_price': 7700.25}
INVALID_RISK_UNIT,risk_unit == 0 or non-finite,NQU19-CME,10580639,2019-08-02 14:26:27.009000+00:00,7700.25,{'stop_loss_price': 7700.25}
INVALID_RISK_UNIT,risk_unit == 0 or non-finite,NQU19-CME,10580671,2019-08-02 14:26:30.008000+00:00,7700.25,{'stop_loss_price': 7700.25}
INVALID_RISK_UNIT,risk_unit == 0 or non-finite,NQU19-CME,10580672,2019-08-02 14:26:30.009000+00:00,7700.25,{'stop_loss_price': 7700.25}
INVALID_RISK_UNIT,risk_unit == 0 or non-finite,NQU19-CME,10580673,2019-08-02 14:26:30.010000+00:00,7700.25,{'stop_loss_price': 7700.25}
INVALID_RISK_UNIT,risk_unit == 0 or non-finite,NQU19-CME,10580674,2019-08-02 14:26:30.011000+00:00,7700.25,{'stop_loss_price': 7700.25}
INVALID_RISK_UNIT,risk_unit == 0 or non-finite,NQU19-CME,10580675,2019-08-02 14:26:30.012000+00:00,7700.25,{'stop_loss_price': 7700.25}
INVALID_RISK_UNIT,risk_unit == 0 or non-finite,NQU19-CME,10610890,2019-08-02 14:44:28.003000+00:00,7668.5,{'stop_loss_price': 7668.5}
INVALID_RISK_UNIT,risk_unit == 0 or non-finite,NQU19-CME,10610891,2019-08-02 14:44:28.004000+00:00,7668.5,{'stop_loss_price': 7668.5}
INVALID_RISK_UNIT,risk_unit == 0 or non-finite,NQU19-CME,10610892,2019-08-02 14:44:28.005000+00:00,7668.5,{'stop_loss_price': 7668.5}
INVALID_RISK_UNIT,risk_unit == 0 or non-finite,NQU19-CME,10610895,2019-08-02 14:44:28.008000+00:00,7668.5,{'stop_loss_price': 7668.5}
INVALID_RISK_UNIT,risk_unit == 0 or non-finite,NQU19-CME,10610896,2019-08-02 14:44:28.009000+00:00,7668.5,{'stop_loss_price': 7668.5}
INVALID_RISK_UNIT,risk_unit == 0 or non-finite,NQU19-CME,10610897,2019-08-02 14:44:28.010000+00:00,7668.5,{'stop_loss_price': 7668.5}
INVALID_RISK_UNIT,risk_unit == 0 or non-finite,NQU19-CME,10610898,2019-08-02 14:44:28.011000+00:00,7668.5,{'stop_loss_price': 7668.5}
INVALID_RISK_UNIT,risk_unit == 0 or non-finite,NQU19-CME,10610905,2019-08-02 14:44:29+00:00,7668.5,{'stop_loss_price': 7668.5}
INVALID_RISK_UNIT,risk_unit == 0 or non-finite,NQU19-CME,10610906,2019-08-02 14:44:29.001000+00:00,7668.5,{'stop_loss_price': 7668.5}
INVALID_RISK_UNIT,risk_unit == 0 or non-finite,NQU19-CME,10610907,2019-08-02 14:44:29.002000+00:00,7668.5,{'stop_loss_price': 7668.5}
INVALID_RISK_UNIT,risk_unit == 0 or non-finite,NQU19-CME,10610908,2019-08-02 14:44:29.003000+00:00,7668.5,{'stop_loss_price': 7668.5}
INVALID_RISK_UNIT,risk_unit == 0 or non-finite,NQU19-CME,10610909,2019-08-02 14:44:29.004000+00:00,7668.5,{'stop_loss_price': 7668.5}
INVALID_RISK_UNIT,risk_unit == 0 or non-finite,NQU19-CME,10610914,2019-08-02 14:44:29.009000+00:00,7668.5,{'stop_loss_price': 7668.5}
INVALID_RISK_UNIT,risk_unit == 0 or non-finite,NQU19-CME,10610915,2019-08-02 14:44:29.010000+00:00,7668.5,{'stop_loss_price': 7668.5}
INVALID_RISK_UNIT,risk_unit == 0 or non-finite,NQU19-CME,10610916,2019-08-02 14:44:29.011000+00:00,7668.5,{'stop_loss_price': 7668.5}
INVALID_RISK_UNIT,risk_unit == 0 or non-finite,NQU19-CME,10618884,2019-08-02 14:50:00.001000+00:00,7663.75,{'stop_loss_price': 7663.75}
INVALID_RISK_UNIT,risk_unit == 0 or non-finite,NQU19-CME,10618885,2019-08-02 14:50:00.002000+00:00,7663.75,{'stop_loss_price': 7663.75}
INVALID_RISK_UNIT,risk_unit == 0 or non-finite,NQU19-CME,10618886,2019-08-02 14:50:00.003000+00:00,7663.75,{'stop_loss_price': 7663.75}
INVALID_RISK_UNIT,risk_unit == 0 or non-finite,NQU19-CME,10618887,2019-08-02 14:50:00.004000+00:00,7663.75,{'stop_loss_price': 7663.75}
INVALID_RISK_UNIT,risk_unit == 0 or non-finite,NQU19-CME,10618926,2019-08-02 14:50:00.043000+00:00,7663.75,{'stop_loss_price': 7663.75}
INVALID_RISK_UNIT,risk_unit == 0 or non-finite,NQU19-CME,10618927,2019-08-02 14:50:00.044000+00:00,7663.75,{'stop_loss_price': 7663.75}
INVALID_RISK_UNIT,risk_unit == 0 or non-finite,NQU19-CME,10618928,2019-08-02 14:50:00.045000+00:00,7663.75,{'stop_loss_price': 7663.75}
INVALID_RISK_UNIT,risk_unit == 0 or non-finite,NQU19-CME,10618929,2019-08-02 14:50:00.046000+00:00,7663.75,{'stop_loss_price': 7663.75}
INVALID_RISK_UNIT,risk_unit == 0 or non-finite,NQU19-CME,10641322,2019-08-02 15:04:55.002000+00:00,7657.0,{'stop_loss_price': 7657.0}
INVALID_RISK_UNIT,risk_unit == 0 or non-finite,NQU19-CME,10641323,2019-08-02 15:04:55.003000+00:00,7657.0,{'stop_loss_price': 7657.0}
INVALID_RISK_UNIT,risk_unit == 0 or non-finite,NQU19-CME,10641324,2019-08-02 15:04:55.004000+00:00,7657.0,{'stop_loss_price': 7657.0}
INVALID_RISK_UNIT,risk_unit == 0 or non-finite,NQU19-CME,10641325,2019-08-02 15:04:55.005000+00:00,7657.0,{'stop_loss_price': 7657.0}
INVALID_RISK_UNIT,risk_unit == 0 or non-finite,NQU19-CME,10641326,2019-08-02 15:04:55.006000+00:00,7657.0,{'stop_loss_price': 7657.0}
INVALID_RISK_UNIT,risk_unit == 0 or non-finite,NQU19-CME,10641327,2019-08-02 15:04:55.007000+00:00,7657.0,{'stop_loss_price': 7657.0}
INVALID_RISK_UNIT,risk_unit == 0 or non-finite,NQU19-CME,10641328,2019-08-02 15:04:55.008000+00:00,7657.0,{'stop_loss_price': 7657.0}
INVALID_RISK_UNIT,risk_unit == 0 or non-finite,NQU19-CME,10641329,2019-08-02 15:04:55.009000+00:00,7657.0,{'stop_loss_price': 7657.0}
INVALID_RISK_UNIT,risk_unit == 0 or non-finite,NQU19-CME,10641330,2019-08-02 15:04:55.010000+00:00,7657.0,{'stop_loss_price': 7657.0}
INVALID_RISK_UNIT,risk_unit == 0 or non-finite,NQU19-CME,10641331,2019-08-02 15:04:55.011000+00:00,7657.0,{'stop_loss_price': 7657.0}
INVALID_RISK_UNIT,risk_unit == 0 or non-finite,NQU19-CME,10696538,2019-08-02 15:45:36.024000+00:00,7665.5,{'stop_loss_price': 7665.5}
INVALID_RISK_UNIT,risk_unit == 0 or non-finite,NQU19-CME,10696539,2019-08-02 15:45:36.025000+00:00,7665.5,{'stop_loss_price': 7665.5}
INVALID_RISK_UNIT,risk_unit == 0 or non-finite,NQU19-CME,10696540,2019-08-02 15:45:36.026000+00:00,7665.5,{'stop_loss_price': 7665.5}
INVALID_RISK_UNIT,risk_unit == 0 or non-finite,NQU19-CME,10696541,2019-08-02 15:45:36.027000+00:00,7665.5,{'stop_loss_price': 7665.5}
INVALID_RISK_UNIT,risk_unit == 0 or non-finite,NQU19-CME,10696542,2019-08-02 15:45:36.028000+00:00,7665.5,{'stop_loss_price': 7665.5}
INVALID_RISK_UNIT,risk_unit == 0 or non-finite,NQU19-CME,10696543,2019-08-02 15:45:37+00:00,7665.5,{'stop_loss_price': 7665.5}
INVALID_RISK_UNIT,risk_unit == 0 or non-finite,NQU19-CME,10791988,2019-08-02 17:26:18.001000+00:00,7661.5,{'stop_loss_price': 7661.5}
INVALID_RISK_UNIT,risk_unit == 0 or non-finite,NQU19-CME,10819747,2019-08-02 18:06:57+00:00,7678.0,{'stop_loss_price': 7678.0}
INVALID_RISK_UNIT,risk_unit == 0 or non-finite,NQU19-CME,10819748,2019-08-02 18:06:57.001000+00:00,7678.0,{'stop_loss_price': 7678.0}
INVALID_RISK_UNIT,risk_unit == 0 or non-finite,NQU19-CME,10819749,2019-08-02 18:06:57.002000+00:00,7678.0,{'stop_loss_price': 7678.0}
INVALID_RISK_UNIT,risk_unit == 0 or non-finite,NQU19-CME,10819750,2019-08-02 18:06:57.003000+00:00,7678.0,{'stop_loss_price': 7678.0}
INVALID_RISK_UNIT,risk_unit == 0 or non-finite,NQU19-CME,10824533,2019-08-02 18:14:10.002000+00:00,7683.0,{'stop_loss_price': 7683.0}
INVALID_RISK_UNIT,risk_unit == 0 or non-finite,NQU19-CME,10824534,2019-08-02 18:14:10.003000+00:00,7683.0,{'stop_loss_price': 7683.0}
INVALID_RISK_UNIT,risk_unit == 0 or non-finite,NQU19-CME,10824535,2019-08-02 18:14:10.004000+00:00,7683.0,{'stop_loss_price': 7683.0}
INVALID_RISK_UNIT,risk_unit == 0 or non-finite,NQU19-CME,10824536,2019-08-02 18:14:10.005000+00:00,7683.0,{'stop_loss_price': 7683.0}
INVALID_RISK_UNIT,risk_unit == 0 or non-finite,NQU19-CME,10852839,2019-08-02 18:47:29.025000+00:00,7686.0,{'stop_loss_price': 7686.0}
INVALID_RISK_UNIT,risk_unit == 0 or non-finite,NQU19-CME,11016401,2019-08-05 03:19:53.018000+00:00,7582.25,{'stop_loss_price': 7582.25}
INVALID_RISK_UNIT,risk_unit == 0 or non-finite,NQU19-CME,11019429,2019-08-05 03:31:16+00:00,7580.75,{'stop_loss_price': 7580.75}
INVALID_RISK_UNIT,risk_unit == 0 or non-finite,NQU19-CME,11019430,2019-08-05 03:31:16.001000+00:00,7580.75,{'stop_loss_price': 7580.75}
INVALID_RISK_UNIT,risk_unit == 0 or non-finite,NQU19-CME,11019431,2019-08-05 03:31:16.002000+00:00,7580.75,{'stop_loss_price': 7580.75}
INVALID_RISK_UNIT,risk_unit == 0 or non-finite,NQU19-CME,11019434,2019-08-05 03:31:17+00:00,7580.75,{'stop_loss_price': 7580.75}
INVALID_RISK_UNIT,risk_unit == 0 or non-finite,NQU19-CME,11019435,2019-08-05 03:31:20+00:00,7580.75,{'stop_loss_price': 7580.75}
INVALID_RISK_UNIT,risk_unit == 0 or non-finite,NQU19-CME,11035566,2019-08-05 06:06:41+00:00,7611.25,{'stop_loss_price': 7611.25}
INVALID_RISK_UNIT,risk_unit == 0 or non-finite,NQU19-CME,11035567,2019-08-05 06:06:41.001000+00:00,7611.25,{'stop_loss_price': 7611.25}
INVALID_RISK_UNIT,risk_unit == 0 or non-finite,NQU19-CME,11035568,2019-08-05 06:06:42+00:00,7611.25,{'stop_loss_price': 7611.25}
INVALID_RISK_UNIT,risk_unit == 0 or non-finite,NQU19-CME,11035569,2019-08-05 06:06:42.001000+00:00,7611.25,{'stop_loss_price': 7611.25}
INVALID_RISK_UNIT,risk_unit == 0 or non-finite,NQU19-CME,11039462,2019-08-05 06:36:46.009000+00:00,7595.75,{'stop_loss_price': 7595.75}
INVALID_RISK_UNIT,risk_unit == 0 or non-finite,NQU19-CME,11039463,2019-08-05 06:36:46.010000+00:00,7595.75,{'stop_loss_price': 7595.75}
INVALID_RISK_UNIT,risk_unit == 0 or non-finite,NQU19-CME,11039464,2019-08-05 06:36:46.011000+00:00,7595.75,{'stop_loss_price': 7595.75}
INVALID_RISK_UNIT,risk_unit == 0 or non-finite,NQU19-CME,11039465,2019-08-05 06:36:46.012000+00:00,7595.75,{'stop_loss_price': 7595.75}
INVALID_RISK_UNIT,risk_unit == 0 or non-finite,NQU19-CME,11039466,2019-08-05 06:36:46.013000+00:00,7595.75,{'stop_loss_price': 7595.75}
INVALID_RISK_UNIT,risk_unit == 0 or non-finite,NQU19-CME,11040756,2019-08-05 06:51:49.002000+00:00,7602.25,{'stop_loss_price': 7602.25}
INVALID_RISK_UNIT,risk_unit == 0 or non-finite,NQU19-CME,11098881,2019-08-05 11:30:21+00:00,7553.5,{'stop_loss_price': 7553.5}
INVALID_RISK_UNIT,risk_unit == 0 or non-finite,NQU19-CME,11098882,2019-08-05 11:30:21.001000+00:00,7553.5,{'stop_loss_price': 7553.5}
INVALID_RISK_UNIT,risk_unit == 0 or non-finite,NQU19-CME,11098883,2019-08-05 11:30:21.002000+00:00,7553.5,{'stop_loss_price': 7553.5}
INVALID_RISK_UNIT,risk_unit == 0 or non-finite,NQU19-CME,11098884,2019-08-05 11:30:21.003000+00:00,7553.5,{'stop_loss_price': 7553.5}
INVALID_RISK_UNIT,risk_unit == 0 or non-finite,NQU19-CME,11098885,2019-08-05 11:30:21.004000+00:00,7553.5,{'stop_loss_price': 7553.5}
INVALID_RISK_UNIT,risk_unit == 0 or non-finite,NQU19-CME,11123474,2019-08-05 12:46:40.002000+00:00,7537.0,{'stop_loss_price': 7537.0}
INVALID_RISK_UNIT,risk_unit == 0 or non-finite,NQU19-CME,11123475,2019-08-05 12:46:40.003000+00:00,7537.0,{'stop_loss_price': 7537.0}
INVALID_RISK_UNIT,risk_unit == 0 or non-finite,NQU19-CME,11123476,2019-08-05 12:46:40.004000+00:00,7537.0,{'stop_loss_price': 7537.0}
INVALID_RISK_UNIT,risk_unit == 0 or non-finite,NQU19-CME,11123477,2019-08-05 12:46:40.005000+00:00,7537.0,{'stop_loss_price': 7537.0}
INVALID_RISK_UNIT,risk_unit == 0 or non-finite,NQU19-CME,11123478,2019-08-05 12:46:40.006000+00:00,7537.0,{'stop_loss_price': 7537.0}
INVALID_RISK_UNIT,risk_unit == 0 or non-finite,NQU19-CME,11166317,2019-08-05 13:39:20.010000+00:00,7522.25,{'stop_loss_price': 7522.25}
INVALID_RISK_UNIT,risk_unit == 0 or non-finite,NQU19-CME,11166318,2019-08-05 13:39:20.011000+00:00,7522.25,{'stop_loss_price': 7522.25}
INVALID_RISK_UNIT,risk_unit == 0 or non-finite,NQU19-CME,11180603,2019-08-05 13:44:42+00:00,7494.0,{'stop_loss_price': 7494.0}
INVALID_RISK_UNIT,risk_unit == 0 or non-finite,NQU19-CME,11180604,2019-08-05 13:44:42.001000+00:00,7494.0,{'stop_loss_price': 7494.0}
INVALID_RISK_UNIT,risk_unit == 0 or non-finite,NQU19-CME,11180605,2019-08-05 13:44:42.002000+00:00,7494.0,{'stop_loss_price': 7494.0}
INVALID_RISK_UNIT,risk_unit == 0 or non-finite,NQU19-CME,11180606,2019-08-05 13:44:42.003000+00:00,7494.0,{'stop_loss_price': 7494.0}
INVALID_RISK_UNIT,risk_unit == 0 or non-finite,NQU19-CME,11225333,2019-08-05 14:04:25.029000+00:00,7490.75,{'stop_loss_price': 7490.75}
INVALID_RISK_UNIT,risk_unit == 0 or non-finite,NQU19-CME,11225334,2019-08-05 14:04:25.030000+00:00,7490.75,{'stop_loss_price': 7490.75}
INVALID_RISK_UNIT,risk_unit == 0 or non-finite,NQU19-CME,11225335,2019-08-05 14:04:25.031000+00:00,7490.75,{'stop_loss_price': 7490.75}
INVALID_RISK_UNIT,risk_unit == 0 or non-finite,NQU19-CME,11225336,2019-08-05 14:04:25.032000+00:00,7490.75,{'stop_loss_price': 7490.75}
INVALID_RISK_UNIT,risk_unit == 0 or non-finite,NQU19-CME,11225337,2019-08-05 14:04:25.033000+00:00,7490.75,{'stop_loss_price': 7490.75}
INVALID_RISK_UNIT,risk_unit == 0 or non-finite,NQU19-CME,11225338,2019-08-05 14:04:25.034000+00:00,7490.75,{'stop_loss_price': 7490.75}
INVALID_RISK_UNIT,risk_unit == 0 or non-finite,NQU19-CME,11225339,2019-08-05 14:04:25.035000+00:00,7490.75,{'stop_loss_price': 7490.75}
INVALID_RISK_UNIT,risk_unit == 0 or non-finite,NQU19-CME,11225340,2019-08-05 14:04:25.036000+00:00,7490.75,{'stop_loss_price': 7490.75}
INVALID_RISK_UNIT,risk_unit == 0 or non-finite,NQU19-CME,11225341,2019-08-05 14:04:25.037000+00:00,7490.75,{'stop_loss_price': 7490.75}
INVALID_RISK_UNIT,risk_unit == 0 or non-finite,NQU19-CME,11225342,2019-08-05 14:04:25.038000+00:00,7490.75,{'stop_loss_price': 7490.75}
INVALID_RISK_UNIT,risk_unit == 0 or non-finite,NQU19-CME,11235121,2019-08-05 14:10:08.042000+00:00,7488.0,{'stop_loss_price': 7488.0}
INVALID_RISK_UNIT,risk_unit == 0 or non-finite,NQU19-CME,11235122,2019-08-05 14:10:08.043000+00:00,7488.0,{'stop_loss_price': 7488.0}
INVALID_RISK_UNIT,risk_unit == 0 or non-finite,NQU19-CME,11341245,2019-08-05 15:26:33.002000+00:00,7485.75,{'stop_loss_price': 7485.75}
INVALID_RISK_UNIT,risk_unit == 0 or non-finite,NQU19-CME,11356566,2019-08-05 15:42:42.005000+00:00,7478.0,{'stop_loss_price': 7478.0}
INVALID_RISK_UNIT,risk_unit == 0 or non-finite,NQU19-CME,11388084,2019-08-05 16:10:31+00:00,7455.5,{'stop_loss_price': 7455.5}
INVALID_RISK_UNIT,risk_unit == 0 or non-finite,NQU19-CME,11388085,2019-08-05 16:10:31.001000+00:00,7455.5,{'stop_loss_price': 7455.5}
INVALID_RISK_UNIT,risk_unit == 0 or non-finite,NQU19-CME,11388086,2019-08-05 16:10:31.002000+00:00,7455.5,{'stop_loss_price': 7455.5}
INVALID_RISK_UNIT,risk_unit == 0 or non-finite,NQU19-CME,11388087,2019-08-05 16:10:31.003000+00:00,7455.5,{'stop_loss_price': 7455.5}
INVALID_RISK_UNIT,risk_unit == 0 or non-finite,NQU19-CME,11388088,2019-08-05 16:10:31.004000+00:00,7455.5,{'stop_loss_price': 7455.5}
INVALID_RISK_UNIT,risk_unit == 0 or non-finite,NQU19-CME,11388089,2019-08-05 16:10:31.005000+00:00,7455.5,{'stop_loss_price': 7455.5}
INVALID_RISK_UNIT,risk_unit == 0 or non-finite,NQU19-CME,11388090,2019-08-05 16:10:31.006000+00:00,7455.5,{'stop_loss_price': 7455.5}
INVALID_RISK_UNIT,risk_unit == 0 or non-finite,NQU19-CME,11388091,2019-08-05 16:10:32+00:00,7455.5,{'stop_loss_price': 7455.5}
INVALID_RISK_UNIT,risk_unit == 0 or non-finite,NQU19-CME,11388092,2019-08-05 16:10:32.001000+00:00,7455.5,{'stop_loss_price': 7455.5}
INVALID_RISK_UNIT,risk_unit == 0 or non-finite,NQU19-CME,11407730,2019-08-05 16:33:00+00:00,7460.25,{'stop_loss_price': 7460.25}
INVALID_RISK_UNIT,risk_unit == 0 or non-finite,NQU19-CME,11407731,2019-08-05 16:33:00.001000+00:00,7460.25,{'stop_loss_price': 7460.25}
INVALID_RISK_UNIT,risk_unit == 0 or non-finite,NQU19-CME,11407732,2019-08-05 16:33:00.002000+00:00,7460.25,{'stop_loss_price': 7460.25}
INVALID_RISK_UNIT,risk_unit == 0 or non-finite,NQU19-CME,11407733,2019-08-05 16:33:00.003000+00:00,7460.25,{'stop_loss_price': 7460.25}
INVALID_RISK_UNIT,risk_unit == 0 or non-finite,NQU19-CME,11489216,2019-08-05 17:45:21.011000+00:00,7430.25,{'stop_loss_price': 7430.25}
INVALID_RISK_UNIT,risk_unit == 0 or non-finite,NQU19-CME,11489217,2019-08-05 17:45:21.012000+00:00,7430.25,{'stop_loss_price': 7430.25}
INVALID_RISK_UNIT,risk_unit == 0 or non-finite,NQU19-CME,11489218,2019-08-05 17:45:21.013000+00:00,7430.25,{'stop_loss_price': 7430.25}
INVALID_RISK_UNIT,risk_unit == 0 or non-finite,NQU19-CME,11489219,2019-08-05 17:45:22+00:00,7430.25,{'stop_loss_price': 7430.25}
INVALID_RISK_UNIT,risk_unit == 0 or non-finite,NQU19-CME,11489220,2019-08-05 17:45:22.001000+00:00,7430.25,{'stop_loss_price': 7430.25}
INVALID_RISK_UNIT,risk_unit == 0 or non-finite,NQU19-CME,11489221,2019-08-05 17:45:22.002000+00:00,7430.25,{'stop_loss_price': 7430.25}
INVALID_RISK_UNIT,risk_unit == 0 or non-finite,NQU19-CME,11489222,2019-08-05 17:45:22.003000+00:00,7430.25,{'stop_loss_price': 7430.25}
INVALID_RISK_UNIT,risk_unit == 0 or non-finite,NQU19-CME,11489223,2019-08-05 17:45:23+00:00,7430.25,{'stop_loss_price': 7430.25}
INVALID_RISK_UNIT,risk_unit == 0 or non-finite,NQU19-CME,11507419,2019-08-05 18:08:49.001000+00:00,7412.75,{'stop_loss_price': 7412.75}
INVALID_RISK_UNIT,risk_unit == 0 or non-finite,NQU19-CME,11516960,2019-08-05 18:22:20.017000+00:00,7409.0,{'stop_loss_price': 7409.0}
INVALID_RISK_UNIT,risk_unit == 0 or non-finite,NQU19-CME,11516961,2019-08-05 18:22:20.018000+00:00,7409.0,{'stop_loss_price': 7409.0}
INVALID_RISK_UNIT,risk_unit == 0 or non-finite,NQU19-CME,11516962,2019-08-05 18:22:20.019000+00:00,7409.0,{'stop_loss_price': 7409.0}
INVALID_RISK_UNIT,risk_unit == 0 or non-finite,NQU19-CME,11516963,2019-08-05 18:22:20.020000+00:00,7409.0,{'stop_loss_price': 7409.0}
INVALID_RISK_UNIT,risk_unit == 0 or non-finite,NQU19-CME,11516964,2019-08-05 18:22:20.021000+00:00,7409.0,{'stop_loss_price': 7409.0}
INVALID_RISK_UNIT,risk_unit == 0 or non-finite,NQU19-CME,11516965,2019-08-05 18:22:20.022000+00:00,7409.0,{'stop_loss_price': 7409.0}
INVALID_RISK_UNIT,risk_unit == 0 or non-finite,NQU19-CME,11516966,2019-08-05 18:22:20.023000+00:00,7409.0,{'stop_loss_price': 7409.0}
INVALID_RISK_UNIT,risk_unit == 0 or non-finite,NQU19-CME,11516979,2019-08-05 18:22:20.036000+00:00,7409.0,{'stop_loss_price': 7409.0}
INVALID_RISK_UNIT,risk_unit == 0 or non-finite,NQU19-CME,11516980,2019-08-05 18:22:20.037000+00:00,7409.0,{'stop_loss_price': 7409.0}
INVALID_RISK_UNIT,risk_unit == 0 or non-finite,NQU19-CME,11516981,2019-08-05 18:22:20.038000+00:00,7409.0,{'stop_loss_price': 7409.0}
INVALID_RISK_UNIT,risk_unit == 0 or non-finite,NQU19-CME,11627760,2019-08-05 19:37:46+00:00,7419.75,{'stop_loss_price': 7419.75}
INVALID_RISK_UNIT,risk_unit == 0 or non-finite,NQU19-CME,11627761,2019-08-05 19:37:46.001000+00:00,7419.75,{'stop_loss_price': 7419.75}
INVALID_RISK_UNIT,risk_unit == 0 or non-finite,NQU19-CME,11627764,2019-08-05 19:37:46.004000+00:00,7419.75,{'stop_loss_price': 7419.75}
INVALID_RISK_UNIT,risk_unit == 0 or non-finite,NQU19-CME,11627765,2019-08-05 19:37:46.005000+00:00,7419.75,{'stop_loss_price': 7419.75}
INVALID_RISK_UNIT,risk_unit == 0 or non-finite,NQU19-CME,11627766,2019-08-05 19:37:46.006000+00:00,7419.75,{'stop_loss_price': 7419.75}
INVALID_RISK_UNIT,risk_unit == 0 or non-finite,NQU19-CME,11627767,2019-08-05 19:37:46.007000+00:00,7419.75,{'stop_loss_price': 7419.75}
INVALID_RISK_UNIT,risk_unit == 0 or non-finite,NQU19-CME,11627768,2019-08-05 19:37:46.008000+00:00,7419.75,{'stop_loss_price': 7419.75}
INVALID_RISK_UNIT,risk_unit == 0 or non-finite,NQU19-CME,11627769,2019-08-05 19:37:46.009000+00:00,7419.75,{'stop_loss_price': 7419.75}
INVALID_RISK_UNIT,risk_unit == 0 or non-finite,NQU19-CME,11627786,2019-08-05 19:37:46.026000+00:00,7419.75,{'stop_loss_price': 7419.75}
INVALID_RISK_UNIT,risk_unit == 0 or non-finite,NQU19-CME,11627787,2019-08-05 19:37:46.027000+00:00,7419.75,{'stop_loss_price': 7419.75}
INVALID_RISK_UNIT,risk_unit == 0 or non-finite,NQU19-CME,11627788,2019-08-05 19:37:46.028000+00:00,7419.75,{'stop_loss_price': 7419.75}
INVALID_RISK_UNIT,risk_unit == 0 or non-finite,NQU19-CME,11662106,2019-08-05 19:57:15.215000+00:00,7438.5,{'stop_loss_price': 7438.5}
INVALID_RISK_UNIT,risk_unit == 0 or non-finite,NQU19-CME,11701166,2019-08-05 22:31:43.019000+00:00,7304.75,{'stop_loss_price': 7304.75}
INVALID_RISK_UNIT,risk_unit == 0 or non-finite,NQU19-CME,11788440,2019-08-06 02:27:57.001000+00:00,7313.5,{'stop_loss_price': 7313.5}
INVALID_RISK_UNIT,risk_unit == 0 or non-finite,NQU19-CME,11788441,2019-08-06 02:27:57.002000+00:00,7313.5,{'stop_loss_price': 7313.5}
INVALID_RISK_UNIT,risk_unit == 0 or non-finite,NQU19-CME,11788442,2019-08-06 02:27:57.003000+00:00,7313.5,{'stop_loss_price': 7313.5}
INVALID_RISK_UNIT,risk_unit == 0 or non-finite,NQU19-CME,11788443,2019-08-06 02:27:57.004000+00:00,7313.5,{'stop_loss_price': 7313.5}
INVALID_RISK_UNIT,risk_unit == 0 or non-finite,NQU19-CME,11797121,2019-08-06 03:07:23.012000+00:00,7339.5,{'stop_loss_price': 7339.5}
INVALID_RISK_UNIT,risk_unit == 0 or non-finite,NQU19-CME,11797122,2019-08-06 03:07:23.013000+00:00,7339.5,{'stop_loss_price': 7339.5}
INVALID_RISK_UNIT,risk_unit == 0 or non-finite,NQU19-CME,11797128,2019-08-06 03:07:25+00:00,7339.5,{'stop_loss_price': 7339.5}
INVALID_RISK_UNIT,risk_unit == 0 or non-finite,NQU19-CME,11804575,2019-08-06 03:38:23.001000+00:00,7381.0,{'stop_loss_price': 7381.0}
INVALID_RISK_UNIT,risk_unit == 0 or non-finite,NQU19-CME,11821591,2019-08-06 04:10:53+00:00,7436.75,{'stop_loss_price': 7436.75}
INVALID_RISK_UNIT,risk_unit == 0 or non-finite,NQU19-CME,11823340,2019-08-06 04:15:44+00:00,7440.75,{'stop_loss_price': 7440.75}
INVALID_RISK_UNIT,risk_unit == 0 or non-finite,NQU19-CME,11842614,2019-08-06 05:28:31.001000+00:00,7424.25,{'stop_loss_price': 7424.25}
INVALID_RISK_UNIT,risk_unit == 0 or non-finite,NQU19-CME,11842615,2019-08-06 05:28:31.002000+00:00,7424.25,{'stop_loss_price': 7424.25}
INVALID_RISK_UNIT,risk_unit == 0 or non-finite,NQU19-CME,12058944,2019-08-06 14:03:03+00:00,7529.25,{'stop_loss_price': 7529.25}
INVALID_RISK_UNIT,risk_unit == 0 or non-finite,NQU19-CME,12091727,2019-08-06 14:19:49.021000+00:00,7472.5,{'stop_loss_price': 7472.5}
INVALID_RISK_UNIT,risk_unit == 0 or non-finite,NQU19-CME,12091728,2019-08-06 14:19:49.022000+00:00,7472.5,{'stop_loss_price': 7472.5}
INVALID_RISK_UNIT,risk_unit == 0 or non-finite,NQU19-CME,12126432,2019-08-06 14:43:26.052000+00:00,7511.25,{'stop_loss_price': 7511.25}
INVALID_RISK_UNIT,risk_unit == 0 or non-finite,NQU19-CME,12126433,2019-08-06 14:43:26.053000+00:00,7511.25,{'stop_loss_price': 7511.25}
INVALID_RISK_UNIT,risk_unit == 0 or non-finite,NQU19-CME,12126434,2019-08-06 14:43:26.054000+00:00,7511.25,{'stop_loss_price': 7511.25}
INVALID_RISK_UNIT,risk_unit == 0 or non-finite,NQU19-CME,12126435,2019-08-06 14:43:27+00:00,7511.25,{'stop_loss_price': 7511.25}
INVALID_RISK_UNIT,risk_unit == 0 or non-finite,NQU19-CME,12126436,2019-08-06 14:43:27.001000+00:00,7511.25,{'stop_loss_price': 7511.25}
INVALID_RISK_UNIT,risk_unit == 0 or non-finite,NQU19-CME,12138120,2019-08-06 14:51:31.023000+00:00,7482.75,{'stop_loss_price': 7482.75}
INVALID_RISK_UNIT,risk_unit == 0 or non-finite,NQU19-CME,12138121,2019-08-06 14:51:31.024000+00:00,7482.75,{'stop_loss_price': 7482.75}
INVALID_RISK_UNIT,risk_unit == 0 or non-finite,NQU19-CME,12164426,2019-08-06 15:15:11.008000+00:00,7463.0,{'stop_loss_price': 7463.0}
INVALID_RISK_UNIT,risk_unit == 0 or non-finite,NQU19-CME,12164427,2019-08-06 15:15:11.009000+00:00,7463.0,{'stop_loss_price': 7463.0}
INVALID_RISK_UNIT,risk_unit == 0 or non-finite,NQU19-CME,12170463,2019-08-06 15:18:49.001000+00:00,7455.25,{'stop_loss_price': 7455.25}
INVALID_RISK_UNIT,risk_unit == 0 or non-finite,NQU19-CME,12170464,2019-08-06 15:18:49.002000+00:00,7455.25,{'stop_loss_price': 7455.25}
INVALID_RISK_UNIT,risk_unit == 0 or non-finite,NQU19-CME,12170465,2019-08-06 15:18:49.003000+00:00,7455.25,{'stop_loss_price': 7455.25}
INVALID_RISK_UNIT,risk_unit == 0 or non-finite,NQU19-CME,12170466,2019-08-06 15:18:49.004000+00:00,7455.25,{'stop_loss_price': 7455.25}
INVALID_RISK_UNIT,risk_unit == 0 or non-finite,NQU19-CME,12170467,2019-08-06 15:18:49.005000+00:00,7455.25,{'stop_loss_price': 7455.25}
INVALID_RISK_UNIT,risk_unit == 0 or non-finite,NQU19-CME,12170468,2019-08-06 15:18:49.006000+00:00,7455.25,{'stop_loss_price': 7455.25}
INVALID_RISK_UNIT,risk_unit == 0 or non-finite,NQU19-CME,12170469,2019-08-06 15:18:49.007000+00:00,7455.25,{'stop_loss_price': 7455.25}
INVALID_RISK_UNIT,risk_unit == 0 or non-finite,NQU19-CME,12170470,2019-08-06 15:18:49.008000+00:00,7455.25,{'stop_loss_price': 7455.25}
INVALID_RISK_UNIT,risk_unit == 0 or non-finite,NQU19-CME,12265418,2019-08-06 16:50:41.001000+00:00,7458.75,{'stop_loss_price': 7458.75}
INVALID_RISK_UNIT,risk_unit == 0 or non-finite,NQU19-CME,12265419,2019-08-06 16:50:41.002000+00:00,7458.75,{'stop_loss_price': 7458.75}
INVALID_RISK_UNIT,risk_unit == 0 or non-finite,NQU19-CME,12317727,2019-08-06 18:14:49.009000+00:00,7509.0,{'stop_loss_price': 7509.0}
INVALID_RISK_UNIT,risk_unit == 0 or non-finite,NQU19-CME,12317728,2019-08-06 18:14:49.010000+00:00,7509.0,{'stop_loss_price': 7509.0}
INVALID_RISK_UNIT,risk_unit == 0 or non-finite,NQU19-CME,12342982,2019-08-06 18:40:42.024000+00:00,7534.75,{'stop_loss_price': 7534.75}
INVALID_RISK_UNIT,risk_unit == 0 or non-finite,NQU19-CME,12384130,2019-08-06 19:38:19.011000+00:00,7524.25,{'stop_loss_price': 7524.25}
INVALID_RISK_UNIT,risk_unit == 0 or non-finite,NQU19-CME,12384131,2019-08-06 19:38:19.012000+00:00,7524.25,{'stop_loss_price': 7524.25}
INVALID_RISK_UNIT,risk_unit == 0 or non-finite,NQU19-CME,12384132,2019-08-06 19:38:20+00:00,7524.25,{'stop_loss_price': 7524.25}
INVALID_RISK_UNIT,risk_unit == 0 or non-finite,NQU19-CME,12384133,2019-08-06 19:38:20.001000+00:00,7524.25,{'stop_loss_price': 7524.25}
INVALID_RISK_UNIT,risk_unit == 0 or non-finite,NQU19-CME,12384134,2019-08-06 19:38:20.002000+00:00,7524.25,{'stop_loss_price': 7524.25}
INVALID_RISK_UNIT,risk_unit == 0 or non-finite,NQU19-CME,12384143,2019-08-06 19:38:22+00:00,7524.25,{'stop_loss_price': 7524.25}
INVALID_RISK_UNIT,risk_unit == 0 or non-finite,NQU19-CME,12384144,2019-08-06 19:38:23+00:00,7524.25,{'stop_loss_price': 7524.25}
INVALID_RISK_UNIT,risk_unit == 0 or non-finite,NQU19-CME,12384145,2019-08-06 19:38:23.001000+00:00,7524.25,{'stop_loss_price': 7524.25}
INVALID_RISK_UNIT,risk_unit == 0 or non-finite,NQU19-CME,12384146,2019-08-06 19:38:24+00:00,7524.25,{'stop_loss_price': 7524.25}
INVALID_RISK_UNIT,risk_unit == 0 or non-finite,NQU19-CME,12384147,2019-08-06 19:38:24.001000+00:00,7524.25,{'stop_loss_price': 7524.25}
INVALID_RISK_UNIT,risk_unit == 0 or non-finite,NQU19-CME,12434621,2019-08-07 00:06:06+00:00,7496.25,{'stop_loss_price': 7496.25}
INVALID_RISK_UNIT,risk_unit == 0 or non-finite,NQU19-CME,12436181,2019-08-07 00:11:33.004000+00:00,7491.75,{'stop_loss_price': 7491.75}
INVALID_RISK_UNIT,risk_unit == 0 or non-finite,NQU19-CME,12436182,2019-08-07 00:11:33.005000+00:00,7491.75,{'stop_loss_price': 7491.75}
INVALID_RISK_UNIT,risk_unit == 0 or non-finite,NQU19-CME,12436183,2019-08-07 00:11:33.006000+00:00,7491.75,{'stop_loss_price': 7491.75}
INVALID_RISK_UNIT,risk_unit == 0 or non-finite,NQU19-CME,12436184,2019-08-07 00:11:33.007000+00:00,7491.75,{'stop_loss_price': 7491.75}
INVALID_RISK_UNIT,risk_unit == 0 or non-finite,NQU19-CME,12436185,2019-08-07 00:11:33.008000+00:00,7491.75,{'stop_loss_price': 7491.75}
INVALID_RISK_UNIT,risk_unit == 0 or non-finite,NQU19-CME,12441864,2019-08-07 00:54:38+00:00,7493.5,{'stop_loss_price': 7493.5}
INVALID_RISK_UNIT,risk_unit == 0 or non-finite,NQU19-CME,12546242,2019-08-07 11:57:46.001000+00:00,7526.5,{'stop_loss_price': 7526.5}
INVALID_RISK_UNIT,risk_unit == 0 or non-finite,NQU19-CME,12546243,2019-08-07 11:57:46.002000+00:00,7526.5,{'stop_loss_price': 7526.5}
INVALID_RISK_UNIT,risk_unit == 0 or non-finite,NQU19-CME,12546244,2019-08-07 11:57:46.003000+00:00,7526.5,{'stop_loss_price': 7526.5}
INVALID_RISK_UNIT,risk_unit == 0 or non-finite,NQU19-CME,12546245,2019-08-07 11:57:46.004000+00:00,7526.5,{'stop_loss_price': 7526.5}
INVALID_RISK_UNIT,risk_unit == 0 or non-finite,NQU19-CME,12546246,2019-08-07 11:57:46.005000+00:00,7526.5,{'stop_loss_price': 7526.5}
INVALID_RISK_UNIT,risk_unit == 0 or non-finite,NQU19-CME,12546248,2019-08-07 11:57:47.001000+00:00,7526.5,{'stop_loss_price': 7526.5}
INVALID_RISK_UNIT,risk_unit == 0 or non-finite,NQU19-CME,12566062,2019-08-07 12:27:44.006000+00:00,7492.25,{'stop_loss_price': 7492.25}
INVALID_RISK_UNIT,risk_unit == 0 or non-finite,NQU19-CME,12591749,2019-08-07 13:02:47+00:00,7433.5,{'stop_loss_price': 7433.5}
INVALID_RISK_UNIT,risk_unit == 0 or non-finite,NQU19-CME,12615262,2019-08-07 13:29:25.013000+00:00,7451.25,{'stop_loss_price': 7451.25}
INVALID_RISK_UNIT,risk_unit == 0 or non-finite,NQU19-CME,12634048,2019-08-07 13:33:56.011000+00:00,7435.75,{'stop_loss_price': 7435.75}
INVALID_RISK_UNIT,risk_unit == 0 or non-finite,NQU19-CME,12664875,2019-08-07 13:45:46.011000+00:00,7412.0,{'stop_loss_price': 7412.0}
INVALID_RISK_UNIT,risk_unit == 0 or non-finite,NQU19-CME,12664876,2019-08-07 13:45:46.012000+00:00,7412.0,{'stop_loss_price': 7412.0}
INVALID_RISK_UNIT,risk_unit == 0 or non-finite,NQU19-CME,12664877,2019-08-07 13:45:46.013000+00:00,7412.0,{'stop_loss_price': 7412.0}
INVALID_RISK_UNIT,risk_unit == 0 or non-finite,NQU19-CME,12664878,2019-08-07 13:45:46.014000+00:00,7412.0,{'stop_loss_price': 7412.0}
INVALID_RISK_UNIT,risk_unit == 0 or non-finite,NQU19-CME,12664879,2019-08-07 13:45:46.015000+00:00,7412.0,{'stop_loss_price': 7412.0}
INVALID_RISK_UNIT,risk_unit == 0 or non-finite,NQU19-CME,12699084,2019-08-07 14:00:32+00:00,7424.25,{'stop_loss_price': 7424.25}
INVALID_RISK_UNIT,risk_unit == 0 or non-finite,NQU19-CME,12699085,2019-08-07 14:00:32.001000+00:00,7424.25,{'stop_loss_price': 7424.25}
INVALID_RISK_UNIT,risk_unit == 0 or non-finite,NQU19-CME,12732726,2019-08-07 14:16:09.009000+00:00,7476.75,{'stop_loss_price': 7476.75}
INVALID_RISK_UNIT,risk_unit == 0 or non-finite,NQU19-CME,12736998,2019-08-07 14:17:20.016000+00:00,7492.5,{'stop_loss_price': 7492.5}
INVALID_RISK_UNIT,risk_unit == 0 or non-finite,NQU19-CME,12736999,2019-08-07 14:17:20.017000+00:00,7492.5,{'stop_loss_price': 7492.5}
INVALID_RISK_UNIT,risk_unit == 0 or non-finite,NQU19-CME,12737001,2019-08-07 14:17:20.019000+00:00,7492.5,{'stop_loss_price': 7492.5}
INVALID_RISK_UNIT,risk_unit == 0 or non-finite,NQU19-CME,12770374,2019-08-07 14:35:19.073000+00:00,7500.75,{'stop_loss_price': 7500.75}
INVALID_RISK_UNIT,risk_unit == 0 or non-finite,NQU19-CME,12770375,2019-08-07 14:35:19.074000+00:00,7500.75,{'stop_loss_price': 7500.75}
INVALID_RISK_UNIT,risk_unit == 0 or non-finite,NQU19-CME,12770376,2019-08-07 14:35:19.075000+00:00,7500.75,{'stop_loss_price': 7500.75}
INVALID_RISK_UNIT,risk_unit == 0 or non-finite,NQU19-CME,12770377,2019-08-07 14:35:19.076000+00:00,7500.75,{'stop_loss_price': 7500.75}
INVALID_RISK_UNIT,risk_unit == 0 or non-finite,NQU19-CME,12770381,2019-08-07 14:35:20.003000+00:00,7500.75,{'stop_loss_price': 7500.75}
INVALID_RISK_UNIT,risk_unit == 0 or non-finite,NQU19-CME,12770382,2019-08-07 14:35:20.004000+00:00,7500.75,{'stop_loss_price': 7500.75}
INVALID_RISK_UNIT,risk_unit == 0 or non-finite,NQU19-CME,12770383,2019-08-07 14:35:20.005000+00:00,7500.75,{'stop_loss_price': 7500.75}
INVALID_RISK_UNIT,risk_unit == 0 or non-finite,NQU19-CME,12770400,2019-08-07 14:35:20.022000+00:00,7500.75,{'stop_loss_price': 7500.75}
INVALID_RISK_UNIT,risk_unit == 0 or non-finite,NQU19-CME,12770401,2019-08-07 14:35:20.023000+00:00,7500.75,{'stop_loss_price': 7500.75}
INVALID_RISK_UNIT,risk_unit == 0 or non-finite,NQU19-CME,12770402,2019-08-07 14:35:20.024000+00:00,7500.75,{'stop_loss_price': 7500.75}
INVALID_RISK_UNIT,risk_unit == 0 or non-finite,NQU19-CME,12770403,2019-08-07 14:35:20.025000+00:00,7500.75,{'stop_loss_price': 7500.75}
INVALID_RISK_UNIT,risk_unit == 0 or non-finite,NQU19-CME,12795369,2019-08-07 14:47:19.010000+00:00,7491.75,{'stop_loss_price': 7491.75}
INVALID_RISK_UNIT,risk_unit == 0 or non-finite,NQU19-CME,12799808,2019-08-07 14:49:37.006000+00:00,7506.5,{'stop_loss_price': 7506.5}
INVALID_RISK_UNIT,risk_unit == 0 or non-finite,NQU19-CME,12799809,2019-08-07 14:49:37.007000+00:00,7506.5,{'stop_loss_price': 7506.5}
INVALID_RISK_UNIT,risk_unit == 0 or non-finite,NQU19-CME,12799810,2019-08-07 14:49:37.008000+00:00,7506.5,{'stop_loss_price': 7506.5}
INVALID_RISK_UNIT,risk_unit == 0 or non-finite,NQU19-CME,12799811,2019-08-07 14:49:37.009000+00:00,7506.5,{'stop_loss_price': 7506.5}
INVALID_RISK_UNIT,risk_unit == 0 or non-finite,NQU19-CME,12799812,2019-08-07 14:49:37.010000+00:00,7506.5,{'stop_loss_price': 7506.5}
INVALID_RISK_UNIT,risk_unit == 0 or non-finite,NQU19-CME,12799813,2019-08-07 14:49:37.011000+00:00,7506.5,{'stop_loss_price': 7506.5}
INVALID_RISK_UNIT,risk_unit == 0 or non-finite,NQU19-CME,12799814,2019-08-07 14:49:37.012000+00:00,7506.5,{'stop_loss_price': 7506.5}
INVALID_RISK_UNIT,risk_unit == 0 or non-finite,NQU19-CME,12799816,2019-08-07 14:49:37.014000+00:00,7506.5,{'stop_loss_price': 7506.5}
INVALID_RISK_UNIT,risk_unit == 0 or non-finite,NQU19-CME,12807830,2019-08-07 14:51:58.013000+00:00,7529.75,{'stop_loss_price': 7529.75}
INVALID_RISK_UNIT,risk_unit == 0 or non-finite,NQU19-CME,12807831,2019-08-07 14:51:58.014000+00:00,7529.75,{'stop_loss_price': 7529.75}
INVALID_RISK_UNIT,risk_unit == 0 or non-finite,NQU19-CME,12807832,2019-08-07 14:51:58.015000+00:00,7529.75,{'stop_loss_price': 7529.75}
INVALID_RISK_UNIT,risk_unit == 0 or non-finite,NQU19-CME,12807833,2019-08-07 14:51:58.016000+00:00,7529.75,{'stop_loss_price': 7529.75}
INVALID_RISK_UNIT,risk_unit == 0 or non-finite,NQU19-CME,12807834,2019-08-07 14:51:58.017000+00:00,7529.75,{'stop_loss_price': 7529.75}
INVALID_RISK_UNIT,risk_unit == 0 or non-finite,NQU19-CME,12827045,2019-08-07 15:01:21.014000+00:00,7511.25,{'stop_loss_price': 7511.25}
INVALID_RISK_UNIT,risk_unit == 0 or non-finite,NQU19-CME,12835109,2019-08-07 15:06:38.010000+00:00,7493.75,{'stop_loss_price': 7493.75}
INVALID_RISK_UNIT,risk_unit == 0 or non-finite,NQU19-CME,12835110,2019-08-07 15:06:38.011000+00:00,7493.75,{'stop_loss_price': 7493.75}
INVALID_RISK_UNIT,risk_unit == 0 or non-finite,NQU19-CME,12838352,2019-08-07 15:09:04.027000+00:00,7505.75,{'stop_loss_price': 7505.75}
INVALID_RISK_UNIT,risk_unit == 0 or non-finite,NQU19-CME,12843577,2019-08-07 15:12:40.013000+00:00,7518.75,{'stop_loss_price': 7518.75}
INVALID_RISK_UNIT,risk_unit == 0 or non-finite,NQU19-CME,12849779,2019-08-07 15:17:27.002000+00:00,7504.75,{'stop_loss_price': 7504.75}
INVALID_RISK_UNIT,risk_unit == 0 or non-finite,NQU19-CME,12849780,2019-08-07 15:17:27.003000+00:00,7504.75,{'stop_loss_price': 7504.75}
INVALID_RISK_UNIT,risk_unit == 0 or non-finite,NQU19-CME,12894780,2019-08-07 15:53:13.035000+00:00,7469.0,{'stop_loss_price': 7469.0}
INVALID_RISK_UNIT,risk_unit == 0 or non-finite,NQU19-CME,12942833,2019-08-07 16:34:42.005000+00:00,7472.75,{'stop_loss_price': 7472.75}
INVALID_RISK_UNIT,risk_unit == 0 or non-finite,NQU19-CME,12964805,2019-08-07 16:57:20.006000+00:00,7487.25,{'stop_loss_price': 7487.25}
INVALID_RISK_UNIT,risk_unit == 0 or non-finite,NQU19-CME,12964806,2019-08-07 16:57:20.007000+00:00,7487.25,{'stop_loss_price': 7487.25}
INVALID_RISK_UNIT,risk_unit == 0 or non-finite,NQU19-CME,12964807,2019-08-07 16:57:20.008000+00:00,7487.25,{'stop_loss_price': 7487.25}
INVALID_RISK_UNIT,risk_unit == 0 or non-finite,NQU19-CME,12964808,2019-08-07 16:57:20.009000+00:00,7487.25,{'stop_loss_price': 7487.25}
INVALID_RISK_UNIT,risk_unit == 0 or non-finite,NQU19-CME,12964809,2019-08-07 16:57:20.010000+00:00,7487.25,{'stop_loss_price': 7487.25}
INVALID_RISK_UNIT,risk_unit == 0 or non-finite,NQU19-CME,12964810,2019-08-07 16:57:20.011000+00:00,7487.25,{'stop_loss_price': 7487.25}
INVALID_RISK_UNIT,risk_unit == 0 or non-finite,NQU19-CME,12964811,2019-08-07 16:57:20.012000+00:00,7487.25,{'stop_loss_price': 7487.25}
INVALID_RISK_UNIT,risk_unit == 0 or non-finite,NQU19-CME,12964812,2019-08-07 16:57:20.013000+00:00,7487.25,{'stop_loss_price': 7487.25}
INVALID_RISK_UNIT,risk_unit == 0 or non-finite,NQU19-CME,12964813,2019-08-07 16:57:20.014000+00:00,7487.25,{'stop_loss_price': 7487.25}
INVALID_RISK_UNIT,risk_unit == 0 or non-finite,NQU19-CME,12964829,2019-08-07 16:57:22.002000+00:00,7487.25,{'stop_loss_price': 7487.25}
INVALID_RISK_UNIT,risk_unit == 0 or non-finite,NQU19-CME,12964830,2019-08-07 16:57:22.003000+00:00,7487.25,{'stop_loss_price': 7487.25}
INVALID_RISK_UNIT,risk_unit == 0 or non-finite,NQU19-CME,12964831,2019-08-07 16:57:23+00:00,7487.25,{'stop_loss_price': 7487.25}
INVALID_RISK_UNIT,risk_unit == 0 or non-finite,NQU19-CME,12983851,2019-08-07 17:20:49.032000+00:00,7494.0,{'stop_loss_price': 7494.0}
INVALID_RISK_UNIT,risk_unit == 0 or non-finite,NQU19-CME,12983852,2019-08-07 17:20:49.033000+00:00,7494.0,{'stop_loss_price': 7494.0}
INVALID_RISK_UNIT,risk_unit == 0 or non-finite,NQU19-CME,13052421,2019-08-07 18:26:12.005000+00:00,7513.75,{'stop_loss_price': 7513.75}
INVALID_RISK_UNIT,risk_unit == 0 or non-finite,NQU19-CME,13052422,2019-08-07 18:26:12.006000+00:00,7513.75,{'stop_loss_price': 7513.75}
INVALID_RISK_UNIT,risk_unit == 0 or non-finite,NQU19-CME,13052423,2019-08-07 18:26:12.007000+00:00,7513.75,{'stop_loss_price': 7513.75}
INVALID_RISK_UNIT,risk_unit == 0 or non-finite,NQU19-CME,13052424,2019-08-07 18:26:12.008000+00:00,7513.75,{'stop_loss_price': 7513.75}
INVALID_RISK_UNIT,risk_unit == 0 or non-finite,NQU19-CME,13052425,2019-08-07 18:26:12.009000+00:00,7513.75,{'stop_loss_price': 7513.75}
INVALID_RISK_UNIT,risk_unit == 0 or non-finite,NQU19-CME,13052426,2019-08-07 18:26:12.010000+00:00,7513.75,{'stop_loss_price': 7513.75}
INVALID_RISK_UNIT,risk_unit == 0 or non-finite,NQU19-CME,13052427,2019-08-07 18:26:12.011000+00:00,7513.75,{'stop_loss_price': 7513.75}
INVALID_RISK_UNIT,risk_unit == 0 or non-finite,NQU19-CME,13052428,2019-08-07 18:26:12.012000+00:00,7513.75,{'stop_loss_price': 7513.75}
INVALID_RISK_UNIT,risk_unit == 0 or non-finite,NQU19-CME,13052429,2019-08-07 18:26:12.013000+00:00,7513.75,{'stop_loss_price': 7513.75}
INVALID_RISK_UNIT,risk_unit == 0 or non-finite,NQU19-CME,13052430,2019-08-07 18:26:12.014000+00:00,7513.75,{'stop_loss_price': 7513.75}
INVALID_RISK_UNIT,risk_unit == 0 or non-finite,NQU19-CME,13052431,2019-08-07 18:26:12.015000+00:00,7513.75,{'stop_loss_price': 7513.75}
INVALID_RISK_UNIT,risk_unit == 0 or non-finite,NQU19-CME,13052436,2019-08-07 18:26:13.004000+00:00,7513.75,{'stop_loss_price': 7513.75}
INVALID_RISK_UNIT,risk_unit == 0 or non-finite,NQU19-CME,13052437,2019-08-07 18:26:13.005000+00:00,7513.75,{'stop_loss_price': 7513.75}
INVALID_RISK_UNIT,risk_unit == 0 or non-finite,NQU19-CME,13060638,2019-08-07 18:32:59.003000+00:00,7536.0,{'stop_loss_price': 7536.0}
INVALID_RISK_UNIT,risk_unit == 0 or non-finite,NQU19-CME,13060639,2019-08-07 18:32:59.004000+00:00,7536.0,{'stop_loss_price': 7536.0}
INVALID_RISK_UNIT,risk_unit == 0 or non-finite,NQU19-CME,13060640,2019-08-07 18:32:59.005000+00:00,7536.0,{'stop_loss_price': 7536.0}
INVALID_RISK_UNIT,risk_unit == 0 or non-finite,NQU19-CME,13060641,2019-08-07 18:32:59.006000+00:00,7536.0,{'stop_loss_price': 7536.0}
INVALID_RISK_UNIT,risk_unit == 0 or non-finite,NQU19-CME,13072814,2019-08-07 18:44:19.011000+00:00,7546.25,{'stop_loss_price': 7546.25}
INVALID_RISK_UNIT,risk_unit == 0 or non-finite,NQU19-CME,13072815,2019-08-07 18:44:19.012000+00:00,7546.25,{'stop_loss_price': 7546.25}
INVALID_RISK_UNIT,risk_unit == 0 or non-finite,NQU19-CME,13072816,2019-08-07 18:44:19.013000+00:00,7546.25,{'stop_loss_price': 7546.25}
INVALID_RISK_UNIT,risk_unit == 0 or non-finite,NQU19-CME,13072817,2019-08-07 18:44:19.014000+00:00,7546.25,{'stop_loss_price': 7546.25}
INVALID_RISK_UNIT,risk_unit == 0 or non-finite,NQU19-CME,13072818,2019-08-07 18:44:19.015000+00:00,7546.25,{'stop_loss_price': 7546.25}
INVALID_RISK_UNIT,risk_unit == 0 or non-finite,NQU19-CME,13117941,2019-08-07 19:24:56.005000+00:00,7554.75,{'stop_loss_price': 7554.75}
INVALID_RISK_UNIT,risk_unit == 0 or non-finite,NQU19-CME,13117942,2019-08-07 19:24:56.006000+00:00,7554.75,{'stop_loss_price': 7554.75}
INVALID_RISK_UNIT,risk_unit == 0 or non-finite,NQU19-CME,13117943,2019-08-07 19:24:56.007000+00:00,7554.75,{'stop_loss_price': 7554.75}
INVALID_RISK_UNIT,risk_unit == 0 or non-finite,NQU19-CME,13120298,2019-08-07 19:27:40.014000+00:00,7554.75,{'stop_loss_price': 7554.75}
INVALID_RISK_UNIT,risk_unit == 0 or non-finite,NQU19-CME,13120299,2019-08-07 19:27:40.015000+00:00,7554.75,{'stop_loss_price': 7554.75}
INVALID_RISK_UNIT,risk_unit == 0 or non-finite,NQU19-CME,13120311,2019-08-07 19:27:43.003000+00:00,7554.75,{'stop_loss_price': 7554.75}
INVALID_RISK_UNIT,risk_unit == 0 or non-finite,NQU19-CME,13120312,2019-08-07 19:27:43.004000+00:00,7554.75,{'stop_loss_price': 7554.75}
INVALID_RISK_UNIT,risk_unit == 0 or non-finite,NQU19-CME,13120318,2019-08-07 19:27:44.003000+00:00,7554.75,{'stop_loss_price': 7554.75}
INVALID_RISK_UNIT,risk_unit == 0 or non-finite,NQU19-CME,13120319,2019-08-07 19:27:44.004000+00:00,7554.75,{'stop_loss_price': 7554.75}
INVALID_RISK_UNIT,risk_unit == 0 or non-finite,NQU19-CME,13120320,2019-08-07 19:27:44.005000+00:00,7554.75,{'stop_loss_price': 7554.75}
INVALID_RISK_UNIT,risk_unit == 0 or non-finite,NQU19-CME,13174810,2019-08-07 22:38:44+00:00,7557.0,{'stop_loss_price': 7557.0}
INVALID_RISK_UNIT,risk_unit == 0 or non-finite,NQU19-CME,13174811,2019-08-07 22:38:44.001000+00:00,7557.0,{'stop_loss_price': 7557.0}
INVALID_RISK_UNIT,risk_unit == 0 or non-finite,NQU19-CME,13174812,2019-08-07 22:38:44.002000+00:00,7557.0,{'stop_loss_price': 7557.0}
INVALID_RISK_UNIT,risk_unit == 0 or non-finite,NQU19-CME,13174818,2019-08-07 22:38:44.008000+00:00,7557.0,{'stop_loss_price': 7557.0}
INVALID_RISK_UNIT,risk_unit == 0 or non-finite,NQU19-CME,13177205,2019-08-07 23:16:17+00:00,7563.0,{'stop_loss_price': 7563.0}
INVALID_RISK_UNIT,risk_unit == 0 or non-finite,NQU19-CME,13177206,2019-08-07 23:16:18+00:00,7563.0,{'stop_loss_price': 7563.0}
INVALID_RISK_UNIT,risk_unit == 0 or non-finite,NQU19-CME,13204434,2019-08-08 02:04:45+00:00,7593.25,{'stop_loss_price': 7593.25}
INVALID_RISK_UNIT,risk_unit == 0 or non-finite,NQU19-CME,13204767,2019-08-08 02:06:57+00:00,7590.0,{'stop_loss_price': 7590.0}
INVALID_RISK_UNIT,risk_unit == 0 or non-finite,NQU19-CME,13204768,2019-08-08 02:06:57.001000+00:00,7590.0,{'stop_loss_price': 7590.0}
INVALID_RISK_UNIT,risk_unit == 0 or non-finite,NQU19-CME,13204769,2019-08-08 02:06:57.002000+00:00,7590.0,{'stop_loss_price': 7590.0}
INVALID_RISK_UNIT,risk_unit == 0 or non-finite,NQU19-CME,13204770,2019-08-08 02:06:57.003000+00:00,7590.0,{'stop_loss_price': 7590.0}
INVALID_RISK_UNIT,risk_unit == 0 or non-finite,NQU19-CME,13204771,2019-08-08 02:06:57.004000+00:00,7590.0,{'stop_loss_price': 7590.0}
INVALID_RISK_UNIT,risk_unit == 0 or non-finite,NQU19-CME,13204772,2019-08-08 02:06:57.005000+00:00,7590.0,{'stop_loss_price': 7590.0}
INVALID_RISK_UNIT,risk_unit == 0 or non-finite,NQU19-CME,13204773,2019-08-08 02:06:57.006000+00:00,7590.0,{'stop_loss_price': 7590.0}
INVALID_RISK_UNIT,risk_unit == 0 or non-finite,NQU19-CME,13204774,2019-08-08 02:06:57.007000+00:00,7590.0,{'stop_loss_price': 7590.0}
INVALID_RISK_UNIT,risk_unit == 0 or non-finite,NQU19-CME,13204775,2019-08-08 02:06:57.008000+00:00,7590.0,{'stop_loss_price': 7590.0}
INVALID_RISK_UNIT,risk_unit == 0 or non-finite,NQU19-CME,13204776,2019-08-08 02:06:57.009000+00:00,7590.0,{'stop_loss_price': 7590.0}
INVALID_RISK_UNIT,risk_unit == 0 or non-finite,NQU19-CME,13204777,2019-08-08 02:06:57.010000+00:00,7590.0,{'stop_loss_price': 7590.0}
INVALID_RISK_UNIT,risk_unit == 0 or non-finite,NQU19-CME,13204780,2019-08-08 02:06:57.013000+00:00,7590.0,{'stop_loss_price': 7590.0}
INVALID_RISK_UNIT,risk_unit == 0 or non-finite,NQU19-CME,13204781,2019-08-08 02:06:57.014000+00:00,7590.0,{'stop_loss_price': 7590.0}
INVALID_RISK_UNIT,risk_unit == 0 or non-finite,NQU19-CME,13204782,2019-08-08 02:06:57.015000+00:00,7590.0,{'stop_loss_price': 7590.0}
INVALID_RISK_UNIT,risk_unit == 0 or non-finite,NQU19-CME,13204783,2019-08-08 02:06:57.016000+00:00,7590.0,{'stop_loss_price': 7590.0}
INVALID_RISK_UNIT,risk_unit == 0 or non-finite,NQU19-CME,13214883,2019-08-08 03:39:58+00:00,7595.5,{'stop_loss_price': 7595.5}
INVALID_RISK_UNIT,risk_unit == 0 or non-finite,NQU19-CME,13280642,2019-08-08 12:39:03.019000+00:00,7591.25,{'stop_loss_price': 7591.25}
INVALID_RISK_UNIT,risk_unit == 0 or non-finite,NQU19-CME,13296597,2019-08-08 13:28:51.007000+00:00,7608.75,{'stop_loss_price': 7608.75}
INVALID_RISK_UNIT,risk_unit == 0 or non-finite,NQU19-CME,13296598,2019-08-08 13:28:51.008000+00:00,7608.75,{'stop_loss_price': 7608.75}
INVALID_RISK_UNIT,risk_unit == 0 or non-finite,NQU19-CME,13313680,2019-08-08 13:35:30.007000+00:00,7590.5,{'stop_loss_price': 7590.5}
INVALID_RISK_UNIT,risk_unit == 0 or non-finite,NQU19-CME,13313681,2019-08-08 13:35:30.008000+00:00,7590.5,{'stop_loss_price': 7590.5}
INVALID_RISK_UNIT,risk_unit == 0 or non-finite,NQU19-CME,13313682,2019-08-08 13:35:30.009000+00:00,7590.5,{'stop_loss_price': 7590.5}
INVALID_RISK_UNIT,risk_unit == 0 or non-finite,NQU19-CME,13326322,2019-08-08 13:42:19+00:00,7592.75,{'stop_loss_price': 7592.75}
INVALID_RISK_UNIT,risk_unit == 0 or non-finite,NQU19-CME,13326323,2019-08-08 13:42:19.001000+00:00,7592.75,{'stop_loss_price': 7592.75}
INVALID_RISK_UNIT,risk_unit == 0 or non-finite,NQU19-CME,13326324,2019-08-08 13:42:19.002000+00:00,7592.75,{'stop_loss_price': 7592.75}
INVALID_RISK_UNIT,risk_unit == 0 or non-finite,NQU19-CME,13326326,2019-08-08 13:42:19.004000+00:00,7592.75,{'stop_loss_price': 7592.75}
INVALID_RISK_UNIT,risk_unit == 0 or non-finite,NQU19-CME,13381887,2019-08-08 14:12:56.028000+00:00,7623.75,{'stop_loss_price': 7623.75}
INVALID_RISK_UNIT,risk_unit == 0 or non-finite,NQU19-CME,13381888,2019-08-08 14:12:56.029000+00:00,7623.75,{'stop_loss_price': 7623.75}
INVALID_RISK_UNIT,risk_unit == 0 or non-finite,NQU19-CME,13381889,2019-08-08 14:12:56.030000+00:00,7623.75,{'stop_loss_price': 7623.75}
INVALID_RISK_UNIT,risk_unit == 0 or non-finite,NQU19-CME,13381890,2019-08-08 14:12:56.031000+00:00,7623.75,{'stop_loss_price': 7623.75}
INVALID_RISK_UNIT,risk_unit == 0 or non-finite,NQU19-CME,13381891,2019-08-08 14:12:56.032000+00:00,7623.75,{'stop_loss_price': 7623.75}
INVALID_RISK_UNIT,risk_unit == 0 or non-finite,NQU19-CME,13381892,2019-08-08 14:12:56.033000+00:00,7623.75,{'stop_loss_price': 7623.75}
INVALID_RISK_UNIT,risk_unit == 0 or non-finite,NQU19-CME,13381893,2019-08-08 14:12:56.034000+00:00,7623.75,{'stop_loss_price': 7623.75}
INVALID_RISK_UNIT,risk_unit == 0 or non-finite,NQU19-CME,13401790,2019-08-08 14:32:18.003000+00:00,7642.75,{'stop_loss_price': 7642.75}
INVALID_RISK_UNIT,risk_unit == 0 or non-finite,NQU19-CME,13401791,2019-08-08 14:32:18.004000+00:00,7642.75,{'stop_loss_price': 7642.75}
INVALID_RISK_UNIT,risk_unit == 0 or non-finite,NQU19-CME,13401792,2019-08-08 14:32:18.005000+00:00,7642.75,{'stop_loss_price': 7642.75}
INVALID_RISK_UNIT,risk_unit == 0 or non-finite,NQU19-CME,13401793,2019-08-08 14:32:18.006000+00:00,7642.75,{'stop_loss_price': 7642.75}
INVALID_RISK_UNIT,risk_unit == 0 or non-finite,NQU19-CME,13401794,2019-08-08 14:32:18.007000+00:00,7642.75,{'stop_loss_price': 7642.75}
INVALID_RISK_UNIT,risk_unit == 0 or non-finite,NQU19-CME,13401795,2019-08-08 14:32:18.008000+00:00,7642.75,{'stop_loss_price': 7642.75}
INVALID_RISK_UNIT,risk_unit == 0 or non-finite,NQU19-CME,13401796,2019-08-08 14:32:18.009000+00:00,7642.75,{'stop_loss_price': 7642.75}
INVALID_RISK_UNIT,risk_unit == 0 or non-finite,NQU19-CME,13402658,2019-08-08 14:32:56+00:00,7645.75,{'stop_loss_price': 7645.75}
INVALID_RISK_UNIT,risk_unit == 0 or non-finite,NQU19-CME,13402659,2019-08-08 14:32:56.001000+00:00,7645.75,{'stop_loss_price': 7645.75}
INVALID_RISK_UNIT,risk_unit == 0 or non-finite,NQU19-CME,13453246,2019-08-08 15:31:53.005000+00:00,7665.25,{'stop_loss_price': 7665.25}
INVALID_RISK_UNIT,risk_unit == 0 or non-finite,NQU19-CME,13453247,2019-08-08 15:31:53.006000+00:00,7665.25,{'stop_loss_price': 7665.25}
INVALID_RISK_UNIT,risk_unit == 0 or non-finite,NQU19-CME,13453248,2019-08-08 15:31:53.007000+00:00,7665.25,{'stop_loss_price': 7665.25}
INVALID_RISK_UNIT,risk_unit == 0 or non-finite,NQU19-CME,13453249,2019-08-08 15:31:53.008000+00:00,7665.25,{'stop_loss_price': 7665.25}
INVALID_RISK_UNIT,risk_unit == 0 or non-finite,NQU19-CME,13453250,2019-08-08 15:31:53.009000+00:00,7665.25,{'stop_loss_price': 7665.25}
INVALID_RISK_UNIT,risk_unit == 0 or non-finite,NQU19-CME,13453251,2019-08-08 15:31:53.010000+00:00,7665.25,{'stop_loss_price': 7665.25}
INVALID_RISK_UNIT,risk_unit == 0 or non-finite,NQU19-CME,13453252,2019-08-08 15:31:53.011000+00:00,7665.25,{'stop_loss_price': 7665.25}
INVALID_RISK_UNIT,risk_unit == 0 or non-finite,NQU19-CME,13453254,2019-08-08 15:31:53.013000+00:00,7665.25,{'stop_loss_price': 7665.25}
INVALID_RISK_UNIT,risk_unit == 0 or non-finite,NQU19-CME,13481163,2019-08-08 16:09:41+00:00,7688.25,{'stop_loss_price': 7688.25}
INVALID_RISK_UNIT,risk_unit == 0 or non-finite,NQU19-CME,13481164,2019-08-08 16:09:41.001000+00:00,7688.25,{'stop_loss_price': 7688.25}
INVALID_RISK_UNIT,risk_unit == 0 or non-finite,NQU19-CME,13481165,2019-08-08 16:09:41.002000+00:00,7688.25,{'stop_loss_price': 7688.25}
INVALID_RISK_UNIT,risk_unit == 0 or non-finite,NQU19-CME,13481166,2019-08-08 16:09:41.003000+00:00,7688.25,{'stop_loss_price': 7688.25}
INVALID_RISK_UNIT,risk_unit == 0 or non-finite,NQU19-CME,13481167,2019-08-08 16:09:41.004000+00:00,7688.25,{'stop_loss_price': 7688.25}
INVALID_RISK_UNIT,risk_unit == 0 or non-finite,NQU19-CME,13481168,2019-08-08 16:09:41.005000+00:00,7688.25,{'stop_loss_price': 7688.25}
INVALID_RISK_UNIT,risk_unit == 0 or non-finite,NQU19-CME,13481169,2019-08-08 16:09:41.006000+00:00,7688.25,{'stop_loss_price': 7688.25}
INVALID_RISK_UNIT,risk_unit == 0 or non-finite,NQU19-CME,13481170,2019-08-08 16:09:41.007000+00:00,7688.25,{'stop_loss_price': 7688.25}
INVALID_RISK_UNIT,risk_unit == 0 or non-finite,NQU19-CME,13481171,2019-08-08 16:09:41.008000+00:00,7688.25,{'stop_loss_price': 7688.25}
INVALID_RISK_UNIT,risk_unit == 0 or non-finite,NQU19-CME,13481172,2019-08-08 16:09:41.009000+00:00,7688.25,{'stop_loss_price': 7688.25}
INVALID_RISK_UNIT,risk_unit == 0 or non-finite,NQU19-CME,13481173,2019-08-08 16:09:41.010000+00:00,7688.25,{'stop_loss_price': 7688.25}
INVALID_RISK_UNIT,risk_unit == 0 or non-finite,NQU19-CME,13481174,2019-08-08 16:09:41.011000+00:00,7688.25,{'stop_loss_price': 7688.25}
INVALID_RISK_UNIT,risk_unit == 0 or non-finite,NQU19-CME,13481175,2019-08-08 16:09:41.012000+00:00,7688.25,{'stop_loss_price': 7688.25}
INVALID_RISK_UNIT,risk_unit == 0 or non-finite,NQU19-CME,13481176,2019-08-08 16:09:41.013000+00:00,7688.25,{'stop_loss_price': 7688.25}
INVALID_RISK_UNIT,risk_unit == 0 or non-finite,NQU19-CME,13481180,2019-08-08 16:09:41.017000+00:00,7688.25,{'stop_loss_price': 7688.25}
INVALID_RISK_UNIT,risk_unit == 0 or non-finite,NQU19-CME,13481181,2019-08-08 16:09:41.018000+00:00,7688.25,{'stop_loss_price': 7688.25}
INVALID_RISK_UNIT,risk_unit == 0 or non-finite,NQU19-CME,13565090,2019-08-08 18:45:58+00:00,7711.75,{'stop_loss_price': 7711.75}
INVALID_RISK_UNIT,risk_unit == 0 or non-finite,NQU19-CME,13565091,2019-08-08 18:45:58.001000+00:00,7711.75,{'stop_loss_price': 7711.75}
INVALID_RISK_UNIT,risk_unit == 0 or non-finite,NQU19-CME,13565092,2019-08-08 18:45:58.002000+00:00,7711.75,{'stop_loss_price': 7711.75}
INVALID_RISK_UNIT,risk_unit == 0 or non-finite,NQU19-CME,13565093,2019-08-08 18:45:58.003000+00:00,7711.75,{'stop_loss_price': 7711.75}
INVALID_RISK_UNIT,risk_unit == 0 or non-finite,NQU19-CME,13578340,2019-08-08 19:03:31+00:00,7710.75,{'stop_loss_price': 7710.75}
INVALID_RISK_UNIT,risk_unit == 0 or non-finite,NQU19-CME,13578341,2019-08-08 19:03:31.001000+00:00,7710.75,{'stop_loss_price': 7710.75}
INVALID_RISK_UNIT,risk_unit == 0 or non-finite,NQU19-CME,13578342,2019-08-08 19:03:31.002000+00:00,7710.75,{'stop_loss_price': 7710.75}
INVALID_RISK_UNIT,risk_unit == 0 or non-finite,NQU19-CME,13578343,2019-08-08 19:03:31.003000+00:00,7710.75,{'stop_loss_price': 7710.75}
INVALID_RISK_UNIT,risk_unit == 0 or non-finite,NQU19-CME,13578344,2019-08-08 19:03:31.004000+00:00,7710.75,{'stop_loss_price': 7710.75}
INVALID_RISK_UNIT,risk_unit == 0 or non-finite,NQU19-CME,13578345,2019-08-08 19:03:31.005000+00:00,7710.75,{'stop_loss_price': 7710.75}
INVALID_RISK_UNIT,risk_unit == 0 or non-finite,NQU19-CME,13744226,2019-08-09 10:51:10.007000+00:00,7676.25,{'stop_loss_price': 7676.25}
INVALID_RISK_UNIT,risk_unit == 0 or non-finite,NQU19-CME,13792668,2019-08-09 13:38:36+00:00,7716.5,{'stop_loss_price': 7716.5}
INVALID_RISK_UNIT,risk_unit == 0 or non-finite,NQU19-CME,13792669,2019-08-09 13:38:36.001000+00:00,7716.5,{'stop_loss_price': 7716.5}
INVALID_RISK_UNIT,risk_unit == 0 or non-finite,NQU19-CME,13792670,2019-08-09 13:38:36.002000+00:00,7716.5,{'stop_loss_price': 7716.5}
INVALID_RISK_UNIT,risk_unit == 0 or non-finite,NQU19-CME,13792671,2019-08-09 13:38:36.003000+00:00,7716.5,{'stop_loss_price': 7716.5}
INVALID_RISK_UNIT,risk_unit == 0 or non-finite,NQU19-CME,13792682,2019-08-09 13:38:37.004000+00:00,7716.5,{'stop_loss_price': 7716.5}
INVALID_RISK_UNIT,risk_unit == 0 or non-finite,NQU19-CME,13792683,2019-08-09 13:38:37.005000+00:00,7716.5,{'stop_loss_price': 7716.5}
INVALID_RISK_UNIT,risk_unit == 0 or non-finite,NQU19-CME,13792684,2019-08-09 13:38:37.006000+00:00,7716.5,{'stop_loss_price': 7716.5}
INVALID_RISK_UNIT,risk_unit == 0 or non-finite,NQU19-CME,13792685,2019-08-09 13:38:37.007000+00:00,7716.5,{'stop_loss_price': 7716.5}
INVALID_RISK_UNIT,risk_unit == 0 or non-finite,NQU19-CME,13792686,2019-08-09 13:38:37.008000+00:00,7716.5,{'stop_loss_price': 7716.5}
INVALID_RISK_UNIT,risk_unit == 0 or non-finite,NQU19-CME,13792687,2019-08-09 13:38:37.009000+00:00,7716.5,{'stop_loss_price': 7716.5}
INVALID_RISK_UNIT,risk_unit == 0 or non-finite,NQU19-CME,13809643,2019-08-09 13:49:28.013000+00:00,7684.0,{'stop_loss_price': 7684.0}
INVALID_RISK_UNIT,risk_unit == 0 or non-finite,NQU19-CME,13809644,2019-08-09 13:49:28.014000+00:00,7684.0,{'stop_loss_price': 7684.0}
INVALID_RISK_UNIT,risk_unit == 0 or non-finite,NQU19-CME,13809645,2019-08-09 13:49:28.015000+00:00,7684.0,{'stop_loss_price': 7684.0}
INVALID_RISK_UNIT,risk_unit == 0 or non-finite,NQU19-CME,13969225,2019-08-09 15:48:39.002000+00:00,7616.5,{'stop_loss_price': 7616.5}
INVALID_RISK_UNIT,risk_unit == 0 or non-finite,NQU19-CME,13969226,2019-08-09 15:48:39.003000+00:00,7616.5,{'stop_loss_price': 7616.5}
INVALID_RISK_UNIT,risk_unit == 0 or non-finite,NQU19-CME,13984683,2019-08-09 16:02:27.122000+00:00,7611.25,{'stop_loss_price': 7611.25}
INVALID_RISK_UNIT,risk_unit == 0 or non-finite,NQU19-CME,14097178,2019-08-09 18:08:27.001000+00:00,7667.25,{'stop_loss_price': 7667.25}
INVALID_RISK_UNIT,risk_unit == 0 or non-finite,NQU19-CME,14108585,2019-08-09 18:30:17.006000+00:00,7675.5,{'stop_loss_price': 7675.5}
INVALID_RISK_UNIT,risk_unit == 0 or non-finite,NQU19-CME,14108586,2019-08-09 18:30:17.007000+00:00,7675.5,{'stop_loss_price': 7675.5}
INVALID_RISK_UNIT,risk_unit == 0 or non-finite,NQU19-CME,14108587,2019-08-09 18:30:17.008000+00:00,7675.5,{'stop_loss_price': 7675.5}
INVALID_RISK_UNIT,risk_unit == 0 or non-finite,NQU19-CME,14108588,2019-08-09 18:30:17.009000+00:00,7675.5,{'stop_loss_price': 7675.5}
INVALID_RISK_UNIT,risk_unit == 0 or non-finite,NQU19-CME,14108589,2019-08-09 18:30:17.010000+00:00,7675.5,{'stop_loss_price': 7675.5}
INVALID_RISK_UNIT,risk_unit == 0 or non-finite,NQU19-CME,14108590,2019-08-09 18:30:17.011000+00:00,7675.5,{'stop_loss_price': 7675.5}
INVALID_RISK_UNIT,risk_unit == 0 or non-finite,NQU19-CME,14108591,2019-08-09 18:30:17.012000+00:00,7675.5,{'stop_loss_price': 7675.5}
INVALID_RISK_UNIT,risk_unit == 0 or non-finite,NQU19-CME,14108593,2019-08-09 18:30:17.014000+00:00,7675.5,{'stop_loss_price': 7675.5}
INVALID_RISK_UNIT,risk_unit == 0 or non-finite,NQU19-CME,14138043,2019-08-09 19:19:23.004000+00:00,7678.0,{'stop_loss_price': 7678.0}
INVALID_RISK_UNIT,risk_unit == 0 or non-finite,NQU19-CME,14138044,2019-08-09 19:19:24+00:00,7678.0,{'stop_loss_price': 7678.0}
INVALID_RISK_UNIT,risk_unit == 0 or non-finite,NQU19-CME,14159011,2019-08-09 19:50:03.004000+00:00,7676.5,{'stop_loss_price': 7676.5}
INVALID_RISK_UNIT,risk_unit == 0 or non-finite,NQU19-CME,14159012,2019-08-09 19:50:03.005000+00:00,7676.5,{'stop_loss_price': 7676.5}
INVALID_RISK_UNIT,risk_unit == 0 or non-finite,NQU19-CME,14159013,2019-08-09 19:50:03.006000+00:00,7676.5,{'stop_loss_price': 7676.5}
INVALID_RISK_UNIT,risk_unit == 0 or non-finite,NQU19-CME,14159014,2019-08-09 19:50:03.007000+00:00,7676.5,{'stop_loss_price': 7676.5}
INVALID_RISK_UNIT,risk_unit == 0 or non-finite,NQU19-CME,14159015,2019-08-09 19:50:03.008000+00:00,7676.5,{'stop_loss_price': 7676.5}
INVALID_RISK_UNIT,risk_unit == 0 or non-finite,NQU19-CME,14159016,2019-08-09 19:50:03.009000+00:00,7676.5,{'stop_loss_price': 7676.5}
INVALID_RISK_UNIT,risk_unit == 0 or non-finite,NQU19-CME,14189377,2019-08-11 22:34:27.001000+00:00,7662.75,{'stop_loss_price': 7662.75}
INVALID_RISK_UNIT,risk_unit == 0 or non-finite,NQU19-CME,14195566,2019-08-12 00:02:00+00:00,7640.25,{'stop_loss_price': 7640.25}
INVALID_RISK_UNIT,risk_unit == 0 or non-finite,NQU19-CME,14195567,2019-08-12 00:02:00.001000+00:00,7640.25,{'stop_loss_price': 7640.25}
INVALID_RISK_UNIT,risk_unit == 0 or non-finite,NQU19-CME,14195568,2019-08-12 00:02:00.002000+00:00,7640.25,{'stop_loss_price': 7640.25}
INVALID_RISK_UNIT,risk_unit == 0 or non-finite,NQU19-CME,14195569,2019-08-12 00:02:00.003000+00:00,7640.25,{'stop_loss_price': 7640.25}
INVALID_RISK_UNIT,risk_unit == 0 or non-finite,NQU19-CME,14195570,2019-08-12 00:02:00.004000+00:00,7640.25,{'stop_loss_price': 7640.25}
INVALID_RISK_UNIT,risk_unit == 0 or non-finite,NQU19-CME,14223430,2019-08-12 05:26:00+00:00,7684.0,{'stop_loss_price': 7684.0}
INVALID_RISK_UNIT,risk_unit == 0 or non-finite,NQU19-CME,14311160,2019-08-12 12:42:24.004000+00:00,7607.5,{'stop_loss_price': 7607.5}
INVALID_RISK_UNIT,risk_unit == 0 or non-finite,NQU19-CME,14311161,2019-08-12 12:42:24.005000+00:00,7607.5,{'stop_loss_price': 7607.5}
INVALID_RISK_UNIT,risk_unit == 0 or non-finite,NQU19-CME,14311163,2019-08-12 12:42:25.001000+00:00,7607.5,{'stop_loss_price': 7607.5}
INVALID_RISK_UNIT,risk_unit == 0 or non-finite,NQU19-CME,14335803,2019-08-12 13:32:05.010000+00:00,7615.25,{'stop_loss_price': 7615.25}
INVALID_RISK_UNIT,risk_unit == 0 or non-finite,NQU19-CME,14340492,2019-08-12 13:33:47.010000+00:00,7605.25,{'stop_loss_price': 7605.25}
INVALID_RISK_UNIT,risk_unit == 0 or non-finite,NQU19-CME,14340493,2019-08-12 13:33:47.011000+00:00,7605.25,{'stop_loss_price': 7605.25}
INVALID_RISK_UNIT,risk_unit == 0 or non-finite,NQU19-CME,14340494,2019-08-12 13:33:47.012000+00:00,7605.25,{'stop_loss_price': 7605.25}
INVALID_RISK_UNIT,risk_unit == 0 or non-finite,NQU19-CME,14340495,2019-08-12 13:33:47.013000+00:00,7605.25,{'stop_loss_price': 7605.25}
INVALID_RISK_UNIT,risk_unit == 0 or non-finite,NQU19-CME,14340496,2019-08-12 13:33:47.014000+00:00,7605.25,{'stop_loss_price': 7605.25}
INVALID_RISK_UNIT,risk_unit == 0 or non-finite,NQU19-CME,14546654,2019-08-12 17:27:56.007000+00:00,7609.25,{'stop_loss_price': 7609.25}
INVALID_RISK_UNIT,risk_unit == 0 or non-finite,NQU19-CME,14601264,2019-08-12 18:45:49.012000+00:00,7545.5,{'stop_loss_price': 7545.5}
INVALID_RISK_UNIT,risk_unit == 0 or non-finite,NQU19-CME,14601265,2019-08-12 18:45:49.013000+00:00,7545.5,{'stop_loss_price': 7545.5}
INVALID_RISK_UNIT,risk_unit == 0 or non-finite,NQU19-CME,14601269,2019-08-12 18:45:49.017000+00:00,7545.5,{'stop_loss_price': 7545.5}
INVALID_RISK_UNIT,risk_unit == 0 or non-finite,NQU19-CME,14716159,2019-08-13 05:21:51.004000+00:00,7583.0,{'stop_loss_price': 7583.0}
INVALID_RISK_UNIT,risk_unit == 0 or non-finite,NQU19-CME,14795106,2019-08-13 11:28:06.004000+00:00,7547.25,{'stop_loss_price': 7547.25}
INVALID_RISK_UNIT,risk_unit == 0 or non-finite,NQU19-CME,14795107,2019-08-13 11:28:06.005000+00:00,7547.25,{'stop_loss_price': 7547.25}
INVALID_RISK_UNIT,risk_unit == 0 or non-finite,NQU19-CME,14795108,2019-08-13 11:28:07+00:00,7547.25,{'stop_loss_price': 7547.25}
INVALID_RISK_UNIT,risk_unit == 0 or non-finite,NQU19-CME,14795109,2019-08-13 11:28:07.001000+00:00,7547.25,{'stop_loss_price': 7547.25}
INVALID_RISK_UNIT,risk_unit == 0 or non-finite,NQU19-CME,14795113,2019-08-13 11:28:11+00:00,7547.25,{'stop_loss_price': 7547.25}
INVALID_RISK_UNIT,risk_unit == 0 or non-finite,NQU19-CME,14821452,2019-08-13 13:07:20+00:00,7547.5,{'stop_loss_price': 7547.5}
INVALID_RISK_UNIT,risk_unit == 0 or non-finite,NQU19-CME,14868659,2019-08-13 13:41:17.052000+00:00,7615.75,{'stop_loss_price': 7615.75}
INVALID_RISK_UNIT,risk_unit == 0 or non-finite,NQU19-CME,14927425,2019-08-13 13:54:08.127000+00:00,7727.25,{'stop_loss_price': 7727.25}
INVALID_RISK_UNIT,risk_unit == 0 or non-finite,NQU19-CME,15010237,2019-08-13 14:33:59.006000+00:00,7765.0,{'stop_loss_price': 7765.0}
INVALID_RISK_UNIT,risk_unit == 0 or non-finite,NQU19-CME,15010238,2019-08-13 14:33:59.007000+00:00,7765.0,{'stop_loss_price': 7765.0}
INVALID_RISK_UNIT,risk_unit == 0 or non-finite,NQU19-CME,15010239,2019-08-13 14:33:59.008000+00:00,7765.0,{'stop_loss_price': 7765.0}
INVALID_RISK_UNIT,risk_unit == 0 or non-finite,NQU19-CME,15010240,2019-08-13 14:33:59.009000+00:00,7765.0,{'stop_loss_price': 7765.0}
INVALID_RISK_UNIT,risk_unit == 0 or non-finite,NQU19-CME,15010241,2019-08-13 14:33:59.010000+00:00,7765.0,{'stop_loss_price': 7765.0}
INVALID_RISK_UNIT,risk_unit == 0 or non-finite,NQU19-CME,15010242,2019-08-13 14:33:59.011000+00:00,7765.0,{'stop_loss_price': 7765.0}
INVALID_RISK_UNIT,risk_unit == 0 or non-finite,NQU19-CME,15010243,2019-08-13 14:33:59.012000+00:00,7765.0,{'stop_loss_price': 7765.0}
INVALID_RISK_UNIT,risk_unit == 0 or non-finite,NQU19-CME,15010244,2019-08-13 14:33:59.013000+00:00,7765.0,{'stop_loss_price': 7765.0}
INVALID_RISK_UNIT,risk_unit == 0 or non-finite,NQU19-CME,15010245,2019-08-13 14:33:59.014000+00:00,7765.0,{'stop_loss_price': 7765.0}
INVALID_RISK_UNIT,risk_unit == 0 or non-finite,NQU19-CME,15010246,2019-08-13 14:33:59.015000+00:00,7765.0,{'stop_loss_price': 7765.0}
INVALID_RISK_UNIT,risk_unit == 0 or non-finite,NQU19-CME,15010247,2019-08-13 14:33:59.016000+00:00,7765.0,{'stop_loss_price': 7765.0}
INVALID_RISK_UNIT,risk_unit == 0 or non-finite,NQU19-CME,15010248,2019-08-13 14:33:59.017000+00:00,7765.0,{'stop_loss_price': 7765.0}
INVALID_RISK_UNIT,risk_unit == 0 or non-finite,NQU19-CME,15010250,2019-08-13 14:33:59.019000+00:00,7765.0,{'stop_loss_price': 7765.0}
INVALID_RISK_UNIT,risk_unit == 0 or non-finite,NQU19-CME,15053217,2019-08-13 15:06:55.001000+00:00,7735.25,{'stop_loss_price': 7735.25}
INVALID_RISK_UNIT,risk_unit == 0 or non-finite,NQU19-CME,15058866,2019-08-13 15:13:26.121000+00:00,7738.5,{'stop_loss_price': 7738.5}
INVALID_RISK_UNIT,risk_unit == 0 or non-finite,NQU19-CME,15074520,2019-08-13 15:22:00.038000+00:00,7705.0,{'stop_loss_price': 7705.0}
INVALID_RISK_UNIT,risk_unit == 0 or non-finite,NQU19-CME,15074521,2019-08-13 15:22:00.039000+00:00,7705.0,{'stop_loss_price': 7705.0}
INVALID_RISK_UNIT,risk_unit == 0 or non-finite,NQU19-CME,15074522,2019-08-13 15:22:00.040000+00:00,7705.0,{'stop_loss_price': 7705.0}
INVALID_RISK_UNIT,risk_unit == 0 or non-finite,NQU19-CME,15074523,2019-08-13 15:22:00.041000+00:00,7705.0,{'stop_loss_price': 7705.0}
INVALID_RISK_UNIT,risk_unit == 0 or non-finite,NQU19-CME,15074524,2019-08-13 15:22:00.042000+00:00,7705.0,{'stop_loss_price': 7705.0}
INVALID_RISK_UNIT,risk_unit == 0 or non-finite,NQU19-CME,15074525,2019-08-13 15:22:00.043000+00:00,7705.0,{'stop_loss_price': 7705.0}
INVALID_RISK_UNIT,risk_unit == 0 or non-finite,NQU19-CME,15074526,2019-08-13 15:22:00.044000+00:00,7705.0,{'stop_loss_price': 7705.0}
INVALID_RISK_UNIT,risk_unit == 0 or non-finite,NQU19-CME,15133766,2019-08-13 16:27:02.006000+00:00,7741.5,{'stop_loss_price': 7741.5}
INVALID_RISK_UNIT,risk_unit == 0 or non-finite,NQU19-CME,15133767,2019-08-13 16:27:02.007000+00:00,7741.5,{'stop_loss_price': 7741.5}
INVALID_RISK_UNIT,risk_unit == 0 or non-finite,NQU19-CME,15133768,2019-08-13 16:27:02.008000+00:00,7741.5,{'stop_loss_price': 7741.5}
INVALID_RISK_UNIT,risk_unit == 0 or non-finite,NQU19-CME,15133769,2019-08-13 16:27:02.009000+00:00,7741.5,{'stop_loss_price': 7741.5}
INVALID_RISK_UNIT,risk_unit == 0 or non-finite,NQU19-CME,15133770,2019-08-13 16:27:02.010000+00:00,7741.5,{'stop_loss_price': 7741.5}
INVALID_RISK_UNIT,risk_unit == 0 or non-finite,NQU19-CME,15133771,2019-08-13 16:27:02.011000+00:00,7741.5,{'stop_loss_price': 7741.5}
INVALID_RISK_UNIT,risk_unit == 0 or non-finite,NQU19-CME,15171700,2019-08-13 17:24:49.010000+00:00,7725.5,{'stop_loss_price': 7725.5}
INVALID_RISK_UNIT,risk_unit == 0 or non-finite,NQU19-CME,15177995,2019-08-13 17:34:12.008000+00:00,7736.75,{'stop_loss_price': 7736.75}
INVALID_RISK_UNIT,risk_unit == 0 or non-finite,NQU19-CME,15177996,2019-08-13 17:34:12.009000+00:00,7736.75,{'stop_loss_price': 7736.75}
INVALID_RISK_UNIT,risk_unit == 0 or non-finite,NQU19-CME,15177997,2019-08-13 17:34:12.010000+00:00,7736.75,{'stop_loss_price': 7736.75}
INVALID_RISK_UNIT,risk_unit == 0 or non-finite,NQU19-CME,15177998,2019-08-13 17:34:12.011000+00:00,7736.75,{'stop_loss_price': 7736.75}
INVALID_RISK_UNIT,risk_unit == 0 or non-finite,NQU19-CME,15177999,2019-08-13 17:34:12.012000+00:00,7736.75,{'stop_loss_price': 7736.75}
INVALID_RISK_UNIT,risk_unit == 0 or non-finite,NQU19-CME,15178017,2019-08-13 17:34:17.009000+00:00,7736.75,{'stop_loss_price': 7736.75}
INVALID_RISK_UNIT,risk_unit == 0 or non-finite,NQU19-CME,15178018,2019-08-13 17:34:17.010000+00:00,7736.75,{'stop_loss_price': 7736.75}
INVALID_RISK_UNIT,risk_unit == 0 or non-finite,NQU19-CME,15178019,2019-08-13 17:34:17.011000+00:00,7736.75,{'stop_loss_price': 7736.75}
INVALID_RISK_UNIT,risk_unit == 0 or non-finite,NQU19-CME,15180410,2019-08-13 17:39:19.006000+00:00,7735.0,{'stop_loss_price': 7735.0}
INVALID_RISK_UNIT,risk_unit == 0 or non-finite,NQU19-CME,15183582,2019-08-13 17:45:51+00:00,7738.5,{'stop_loss_price': 7738.5}
INVALID_RISK_UNIT,risk_unit == 0 or non-finite,NQU19-CME,15200778,2019-08-13 18:33:45.006000+00:00,7761.0,{'stop_loss_price': 7761.0}
INVALID_RISK_UNIT,risk_unit == 0 or non-finite,NQU19-CME,15200779,2019-08-13 18:33:45.007000+00:00,7761.0,{'stop_loss_price': 7761.0}
INVALID_RISK_UNIT,risk_unit == 0 or non-finite,NQU19-CME,15200780,2019-08-13 18:33:45.008000+00:00,7761.0,{'stop_loss_price': 7761.0}
INVALID_RISK_UNIT,risk_unit == 0 or non-finite,NQU19-CME,15200781,2019-08-13 18:33:45.009000+00:00,7761.0,{'stop_loss_price': 7761.0}
INVALID_RISK_UNIT,risk_unit == 0 or non-finite,NQU19-CME,15215330,2019-08-13 19:05:36.004000+00:00,7740.75,{'stop_loss_price': 7740.75}
INVALID_RISK_UNIT,risk_unit == 0 or non-finite,NQU19-CME,15215331,2019-08-13 19:05:36.005000+00:00,7740.75,{'stop_loss_price': 7740.75}
INVALID_RISK_UNIT,risk_unit == 0 or non-finite,NQU19-CME,15215332,2019-08-13 19:05:36.006000+00:00,7740.75,{'stop_loss_price': 7740.75}
INVALID_RISK_UNIT,risk_unit == 0 or non-finite,NQU19-CME,15215333,2019-08-13 19:05:36.007000+00:00,7740.75,{'stop_loss_price': 7740.75}
INVALID_RISK_UNIT,risk_unit == 0 or non-finite,NQU19-CME,15268966,2019-08-13 23:46:04.001000+00:00,7750.5,{'stop_loss_price': 7750.5}
INVALID_RISK_UNIT,risk_unit == 0 or non-finite,NQU19-CME,15268967,2019-08-13 23:46:04.002000+00:00,7750.5,{'stop_loss_price': 7750.5}
INVALID_RISK_UNIT,risk_unit == 0 or non-finite,NQU19-CME,15278153,2019-08-14 00:43:13.043000+00:00,7739.25,{'stop_loss_price': 7739.25}
INVALID_RISK_UNIT,risk_unit == 0 or non-finite,NQU19-CME,15286310,2019-08-14 01:35:14+00:00,7740.75,{'stop_loss_price': 7740.75}
INVALID_RISK_UNIT,risk_unit == 0 or non-finite,NQU19-CME,15289743,2019-08-14 02:00:00.120000+00:00,7734.5,{'stop_loss_price': 7734.5}
INVALID_RISK_UNIT,risk_unit == 0 or non-finite,NQU19-CME,15289744,2019-08-14 02:00:00.121000+00:00,7734.5,{'stop_loss_price': 7734.5}
INVALID_RISK_UNIT,risk_unit == 0 or non-finite,NQU19-CME,15289746,2019-08-14 02:00:00.123000+00:00,7734.5,{'stop_loss_price': 7734.5}
INVALID_RISK_UNIT,risk_unit == 0 or non-finite,NQU19-CME,15328032,2019-08-14 08:27:41+00:00,7726.75,{'stop_loss_price': 7726.75}
INVALID_RISK_UNIT,risk_unit == 0 or non-finite,NQU19-CME,15328033,2019-08-14 08:27:41.001000+00:00,7726.75,{'stop_loss_price': 7726.75}
INVALID_RISK_UNIT,risk_unit == 0 or non-finite,NQU19-CME,15348054,2019-08-14 10:09:55.001000+00:00,7677.5,{'stop_loss_price': 7677.5}
INVALID_RISK_UNIT,risk_unit == 0 or non-finite,NQU19-CME,15348055,2019-08-14 10:09:55.002000+00:00,7677.5,{'stop_loss_price': 7677.5}
INVALID_RISK_UNIT,risk_unit == 0 or non-finite,NQU19-CME,15389370,2019-08-14 12:10:37.042000+00:00,7618.75,{'stop_loss_price': 7618.75}
INVALID_RISK_UNIT,risk_unit == 0 or non-finite,NQU19-CME,15389371,2019-08-14 12:10:37.043000+00:00,7618.75,{'stop_loss_price': 7618.75}
INVALID_RISK_UNIT,risk_unit == 0 or non-finite,NQU19-CME,15428980,2019-08-14 13:24:16.003000+00:00,7609.25,{'stop_loss_price': 7609.25}
INVALID_RISK_UNIT,risk_unit == 0 or non-finite,NQU19-CME,15428981,2019-08-14 13:24:16.004000+00:00,7609.25,{'stop_loss_price': 7609.25}
INVALID_RISK_UNIT,risk_unit == 0 or non-finite,NQU19-CME,15428982,2019-08-14 13:24:16.005000+00:00,7609.25,{'stop_loss_price': 7609.25}
INVALID_RISK_UNIT,risk_unit == 0 or non-finite,NQU19-CME,15428983,2019-08-14 13:24:16.006000+00:00,7609.25,{'stop_loss_price': 7609.25}
INVALID_RISK_UNIT,risk_unit == 0 or non-finite,NQU19-CME,15428984,2019-08-14 13:24:16.007000+00:00,7609.25,{'stop_loss_price': 7609.25}
INVALID_RISK_UNIT,risk_unit == 0 or non-finite,NQU19-CME,15454417,2019-08-14 13:36:16+00:00,7622.0,{'stop_loss_price': 7622.0}
INVALID_RISK_UNIT,risk_unit == 0 or non-finite,NQU19-CME,15460498,2019-08-14 13:39:07.004000+00:00,7621.25,{'stop_loss_price': 7621.25}
INVALID_RISK_UNIT,risk_unit == 0 or non-finite,NQU19-CME,15483531,2019-08-14 13:48:35+00:00,7597.5,{'stop_loss_price': 7597.5}
INVALID_RISK_UNIT,risk_unit == 0 or non-finite,NQU19-CME,15483658,2019-08-14 13:48:42.004000+00:00,7598.75,{'stop_loss_price': 7598.75}
INVALID_RISK_UNIT,risk_unit == 0 or non-finite,NQU19-CME,15536014,2019-08-14 14:25:21.006000+00:00,7593.0,{'stop_loss_price': 7593.0}
INVALID_RISK_UNIT,risk_unit == 0 or non-finite,NQU19-CME,15574223,2019-08-14 14:57:34.067000+00:00,7579.0,{'stop_loss_price': 7579.0}
INVALID_RISK_UNIT,risk_unit == 0 or non-finite,NQU19-CME,15641492,2019-08-14 15:42:38.004000+00:00,7542.25,{'stop_loss_price': 7542.25}
INVALID_RISK_UNIT,risk_unit == 0 or non-finite,NQU19-CME,15641493,2019-08-14 15:42:38.005000+00:00,7542.25,{'stop_loss_price': 7542.25}
INVALID_RISK_UNIT,risk_unit == 0 or non-finite,NQU19-CME,15641494,2019-08-14 15:42:38.006000+00:00,7542.25,{'stop_loss_price': 7542.25}
INVALID_RISK_UNIT,risk_unit == 0 or non-finite,NQU19-CME,15641495,2019-08-14 15:42:38.007000+00:00,7542.25,{'stop_loss_price': 7542.25}
INVALID_RISK_UNIT,risk_unit == 0 or non-finite,NQU19-CME,15732623,2019-08-14 16:57:00+00:00,7504.5,{'stop_loss_price': 7504.5}
INVALID_RISK_UNIT,risk_unit == 0 or non-finite,NQU19-CME,15755903,2019-08-14 17:16:54.005000+00:00,7506.0,{'stop_loss_price': 7506.0}
INVALID_RISK_UNIT,risk_unit == 0 or non-finite,NQU19-CME,15777465,2019-08-14 17:34:00.024000+00:00,7530.5,{'stop_loss_price': 7530.5}
INVALID_RISK_UNIT,risk_unit == 0 or non-finite,NQU19-CME,15876009,2019-08-14 19:16:44.001000+00:00,7515.25,{'stop_loss_price': 7515.25}
INVALID_RISK_UNIT,risk_unit == 0 or non-finite,NQU19-CME,15876010,2019-08-14 19:16:44.002000+00:00,7515.25,{'stop_loss_price': 7515.25}
INVALID_RISK_UNIT,risk_unit == 0 or non-finite,NQU19-CME,15876011,2019-08-14 19:16:44.003000+00:00,7515.25,{'stop_loss_price': 7515.25}
INVALID_RISK_UNIT,risk_unit == 0 or non-finite,NQU19-CME,15876012,2019-08-14 19:16:44.004000+00:00,7515.25,{'stop_loss_price': 7515.25}
INVALID_RISK_UNIT,risk_unit == 0 or non-finite,NQU19-CME,15876013,2019-08-14 19:16:44.005000+00:00,7515.25,{'stop_loss_price': 7515.25}
INVALID_RISK_UNIT,risk_unit == 0 or non-finite,NQU19-CME,15876014,2019-08-14 19:16:44.006000+00:00,7515.25,{'stop_loss_price': 7515.25}
INVALID_RISK_UNIT,risk_unit == 0 or non-finite,NQU19-CME,15893007,2019-08-14 19:28:08.007000+00:00,7511.25,{'stop_loss_price': 7511.25}
INVALID_RISK_UNIT,risk_unit == 0 or non-finite,NQU19-CME,15934511,2019-08-14 19:50:49.006000+00:00,7509.75,{'stop_loss_price': 7509.75}
INVALID_RISK_UNIT,risk_unit == 0 or non-finite,NQU19-CME,15934512,2019-08-14 19:50:49.007000+00:00,7509.75,{'stop_loss_price': 7509.75}
INVALID_RISK_UNIT,risk_unit == 0 or non-finite,NQU19-CME,15953255,2019-08-14 19:59:55.168000+00:00,7499.75,{'stop_loss_price': 7499.75}
INVALID_RISK_UNIT,risk_unit == 0 or non-finite,NQU19-CME,15953256,2019-08-14 19:59:55.169000+00:00,7499.75,{'stop_loss_price': 7499.75}
INVALID_RISK_UNIT,risk_unit == 0 or non-finite,NQU19-CME,15953257,2019-08-14 19:59:55.170000+00:00,7499.75,{'stop_loss_price': 7499.75}
INVALID_RISK_UNIT,risk_unit == 0 or non-finite,NQU19-CME,15953258,2019-08-14 19:59:55.171000+00:00,7499.75,{'stop_loss_price': 7499.75}
INVALID_RISK_UNIT,risk_unit == 0 or non-finite,NQU19-CME,15953259,2019-08-14 19:59:55.172000+00:00,7499.75,{'stop_loss_price': 7499.75}
INVALID_RISK_UNIT,risk_unit == 0 or non-finite,NQU19-CME,15953260,2019-08-14 19:59:55.173000+00:00,7499.75,{'stop_loss_price': 7499.75}
INVALID_RISK_UNIT,risk_unit == 0 or non-finite,NQU19-CME,15953261,2019-08-14 19:59:55.174000+00:00,7499.75,{'stop_loss_price': 7499.75}
INVALID_RISK_UNIT,risk_unit == 0 or non-finite,NQU19-CME,15953262,2019-08-14 19:59:55.175000+00:00,7499.75,{'stop_loss_price': 7499.75}
INVALID_RISK_UNIT,risk_unit == 0 or non-finite,NQU19-CME,15953263,2019-08-14 19:59:55.176000+00:00,7499.75,{'stop_loss_price': 7499.75}
INVALID_RISK_UNIT,risk_unit == 0 or non-finite,NQU19-CME,15953264,2019-08-14 19:59:55.177000+00:00,7499.75,{'stop_loss_price': 7499.75}
INVALID_RISK_UNIT,risk_unit == 0 or non-finite,NQU19-CME,15953265,2019-08-14 19:59:55.178000+00:00,7499.75,{'stop_loss_price': 7499.75}
INVALID_RISK_UNIT,risk_unit == 0 or non-finite,NQU19-CME,15953266,2019-08-14 19:59:55.179000+00:00,7499.75,{'stop_loss_price': 7499.75}
INVALID_RISK_UNIT,risk_unit == 0 or non-finite,NQU19-CME,15953271,2019-08-14 19:59:55.184000+00:00,7499.75,{'stop_loss_price': 7499.75}
INVALID_RISK_UNIT,risk_unit == 0 or non-finite,NQU19-CME,16004270,2019-08-15 01:55:43+00:00,7526.75,{'stop_loss_price': 7526.75}
INVALID_RISK_UNIT,risk_unit == 0 or non-finite,NQU19-CME,16004271,2019-08-15 01:55:43.001000+00:00,7526.75,{'stop_loss_price': 7526.75}
INVALID_RISK_UNIT,risk_unit == 0 or non-finite,NQU19-CME,16004272,2019-08-15 01:55:43.002000+00:00,7526.75,{'stop_loss_price': 7526.75}
INVALID_RISK_UNIT,risk_unit == 0 or non-finite,NQU19-CME,16004274,2019-08-15 01:55:43.004000+00:00,7526.75,{'stop_loss_price': 7526.75}
INVALID_RISK_UNIT,risk_unit == 0 or non-finite,NQU19-CME,16059373,2019-08-15 08:17:05.003000+00:00,7530.75,{'stop_loss_price': 7530.75}
INVALID_RISK_UNIT,risk_unit == 0 or non-finite,NQU19-CME,16059374,2019-08-15 08:17:05.004000+00:00,7530.75,{'stop_loss_price': 7530.75}
INVALID_RISK_UNIT,risk_unit == 0 or non-finite,NQU19-CME,16059377,2019-08-15 08:17:06.002000+00:00,7530.75,{'stop_loss_price': 7530.75}
INVALID_RISK_UNIT,risk_unit == 0 or non-finite,NQU19-CME,16059378,2019-08-15 08:17:06.003000+00:00,7530.75,{'stop_loss_price': 7530.75}
INVALID_RISK_UNIT,risk_unit == 0 or non-finite,NQU19-CME,16059379,2019-08-15 08:17:06.004000+00:00,7530.75,{'stop_loss_price': 7530.75}
INVALID_RISK_UNIT,risk_unit == 0 or non-finite,NQU19-CME,16073272,2019-08-15 09:02:27+00:00,7520.75,{'stop_loss_price': 7520.75}
INVALID_RISK_UNIT,risk_unit == 0 or non-finite,NQU19-CME,16083228,2019-08-15 09:17:01.001000+00:00,7502.25,{'stop_loss_price': 7502.25}
INVALID_RISK_UNIT,risk_unit == 0 or non-finite,NQU19-CME,16083229,2019-08-15 09:17:01.002000+00:00,7502.25,{'stop_loss_price': 7502.25}
INVALID_RISK_UNIT,risk_unit == 0 or non-finite,NQU19-CME,16083230,2019-08-15 09:17:01.003000+00:00,7502.25,{'stop_loss_price': 7502.25}
INVALID_RISK_UNIT,risk_unit == 0 or non-finite,NQU19-CME,16083231,2019-08-15 09:17:01.004000+00:00,7502.25,{'stop_loss_price': 7502.25}
INVALID_RISK_UNIT,risk_unit == 0 or non-finite,NQU19-CME,16083232,2019-08-15 09:17:01.005000+00:00,7502.25,{'stop_loss_price': 7502.25}
INVALID_RISK_UNIT,risk_unit == 0 or non-finite,NQU19-CME,16083233,2019-08-15 09:17:01.006000+00:00,7502.25,{'stop_loss_price': 7502.25}
INVALID_RISK_UNIT,risk_unit == 0 or non-finite,NQU19-CME,16085455,2019-08-15 09:27:04+00:00,7505.25,{'stop_loss_price': 7505.25}
INVALID_RISK_UNIT,risk_unit == 0 or non-finite,NQU19-CME,16085456,2019-08-15 09:27:04.001000+00:00,7505.25,{'stop_loss_price': 7505.25}
INVALID_RISK_UNIT,risk_unit == 0 or non-finite,NQU19-CME,16108408,2019-08-15 10:08:18.002000+00:00,7440.25,{'stop_loss_price': 7440.25}
INVALID_RISK_UNIT,risk_unit == 0 or non-finite,NQU19-CME,16125407,2019-08-15 10:37:42.019000+00:00,7405.5,{'stop_loss_price': 7405.5}
INVALID_RISK_UNIT,risk_unit == 0 or non-finite,NQU19-CME,16130365,2019-08-15 10:45:04+00:00,7403.5,{'stop_loss_price': 7403.5}
INVALID_RISK_UNIT,risk_unit == 0 or non-finite,NQU19-CME,16135238,2019-08-15 10:56:27.012000+00:00,7414.0,{'stop_loss_price': 7414.0}
INVALID_RISK_UNIT,risk_unit == 0 or non-finite,NQU19-CME,16135239,2019-08-15 10:56:27.013000+00:00,7414.0,{'stop_loss_price': 7414.0}
INVALID_RISK_UNIT,risk_unit == 0 or non-finite,NQU19-CME,16135240,2019-08-15 10:56:27.014000+00:00,7414.0,{'stop_loss_price': 7414.0}
INVALID_RISK_UNIT,risk_unit == 0 or non-finite,NQU19-CME,16135438,2019-08-15 10:56:39.001000+00:00,7417.5,{'stop_loss_price': 7417.5}
INVALID_RISK_UNIT,risk_unit == 0 or non-finite,NQU19-CME,16193025,2019-08-15 12:24:12.105000+00:00,7501.25,{'stop_loss_price': 7501.25}
INVALID_RISK_UNIT,risk_unit == 0 or non-finite,NQU19-CME,16193026,2019-08-15 12:24:12.106000+00:00,7501.25,{'stop_loss_price': 7501.25}
INVALID_RISK_UNIT,risk_unit == 0 or non-finite,NQU19-CME,16208125,2019-08-15 12:55:49.028000+00:00,7544.25,{'stop_loss_price': 7544.25}
INVALID_RISK_UNIT,risk_unit == 0 or non-finite,NQU19-CME,16234973,2019-08-15 13:28:01.003000+00:00,7511.75,{'stop_loss_price': 7511.75}
INVALID_RISK_UNIT,risk_unit == 0 or non-finite,NQU19-CME,16271618,2019-08-15 13:41:44.019000+00:00,7472.0,{'stop_loss_price': 7472.0}
INVALID_RISK_UNIT,risk_unit == 0 or non-finite,NQU19-CME,16322926,2019-08-15 14:14:35.002000+00:00,7516.25,{'stop_loss_price': 7516.25}
INVALID_RISK_UNIT,risk_unit == 0 or non-finite,NQU19-CME,16322927,2019-08-15 14:14:35.003000+00:00,7516.25,{'stop_loss_price': 7516.25}
INVALID_RISK_UNIT,risk_unit == 0 or non-finite,NQU19-CME,16332792,2019-08-15 14:24:07+00:00,7508.75,{'stop_loss_price': 7508.75}
INVALID_RISK_UNIT,risk_unit == 0 or non-finite,NQU19-CME,16332793,2019-08-15 14:24:07.001000+00:00,7508.75,{'stop_loss_price': 7508.75}
INVALID_RISK_UNIT,risk_unit == 0 or non-finite,NQU19-CME,16332794,2019-08-15 14:24:07.002000+00:00,7508.75,{'stop_loss_price': 7508.75}
INVALID_RISK_UNIT,risk_unit == 0 or non-finite,NQU19-CME,16332795,2019-08-15 14:24:07.003000+00:00,7508.75,{'stop_loss_price': 7508.75}
INVALID_RISK_UNIT,risk_unit == 0 or non-finite,NQU19-CME,16332796,2019-08-15 14:24:07.004000+00:00,7508.75,{'stop_loss_price': 7508.75}
INVALID_RISK_UNIT,risk_unit == 0 or non-finite,NQU19-CME,16353073,2019-08-15 14:43:49.001000+00:00,7499.75,{'stop_loss_price': 7499.75}
INVALID_RISK_UNIT,risk_unit == 0 or non-finite,NQU19-CME,16355229,2019-08-15 14:45:55.027000+00:00,7506.5,{'stop_loss_price': 7506.5}
INVALID_RISK_UNIT,risk_unit == 0 or non-finite,NQU19-CME,16366129,2019-08-15 15:00:28.013000+00:00,7494.25,{'stop_loss_price': 7494.25}
INVALID_RISK_UNIT,risk_unit == 0 or non-finite,NQU19-CME,16366130,2019-08-15 15:00:28.014000+00:00,7494.25,{'stop_loss_price': 7494.25}
INVALID_RISK_UNIT,risk_unit == 0 or non-finite,NQU19-CME,16366131,2019-08-15 15:00:28.015000+00:00,7494.25,{'stop_loss_price': 7494.25}
INVALID_RISK_UNIT,risk_unit == 0 or non-finite,NQU19-CME,16366132,2019-08-15 15:00:28.016000+00:00,7494.25,{'stop_loss_price': 7494.25}
INVALID_RISK_UNIT,risk_unit == 0 or non-finite,NQU19-CME,16366133,2019-08-15 15:00:28.017000+00:00,7494.25,{'stop_loss_price': 7494.25}
INVALID_RISK_UNIT,risk_unit == 0 or non-finite,NQU19-CME,16366134,2019-08-15 15:00:28.018000+00:00,7494.25,{'stop_loss_price': 7494.25}
INVALID_RISK_UNIT,risk_unit == 0 or non-finite,NQU19-CME,16366135,2019-08-15 15:00:28.019000+00:00,7494.25,{'stop_loss_price': 7494.25}
INVALID_RISK_UNIT,risk_unit == 0 or non-finite,NQU19-CME,16366136,2019-08-15 15:00:28.020000+00:00,7494.25,{'stop_loss_price': 7494.25}
INVALID_RISK_UNIT,risk_unit == 0 or non-finite,NQU19-CME,16366137,2019-08-15 15:00:28.021000+00:00,7494.25,{'stop_loss_price': 7494.25}
INVALID_RISK_UNIT,risk_unit == 0 or non-finite,NQU19-CME,16374627,2019-08-15 15:08:23.062000+00:00,7470.25,{'stop_loss_price': 7470.25}
INVALID_RISK_UNIT,risk_unit == 0 or non-finite,NQU19-CME,16374628,2019-08-15 15:08:23.063000+00:00,7470.25,{'stop_loss_price': 7470.25}
INVALID_RISK_UNIT,risk_unit == 0 or non-finite,NQU19-CME,16374629,2019-08-15 15:08:23.064000+00:00,7470.25,{'stop_loss_price': 7470.25}
INVALID_RISK_UNIT,risk_unit == 0 or non-finite,NQU19-CME,16374630,2019-08-15 15:08:23.065000+00:00,7470.25,{'stop_loss_price': 7470.25}
INVALID_RISK_UNIT,risk_unit == 0 or non-finite,NQU19-CME,16374631,2019-08-15 15:08:23.066000+00:00,7470.25,{'stop_loss_price': 7470.25}
INVALID_RISK_UNIT,risk_unit == 0 or non-finite,NQU19-CME,16374632,2019-08-15 15:08:23.067000+00:00,7470.25,{'stop_loss_price': 7470.25}
INVALID_RISK_UNIT,risk_unit == 0 or non-finite,NQU19-CME,16387205,2019-08-15 15:20:31.008000+00:00,7456.25,{'stop_loss_price': 7456.25}
INVALID_RISK_UNIT,risk_unit == 0 or non-finite,NQU19-CME,16434240,2019-08-15 16:15:01.002000+00:00,7512.0,{'stop_loss_price': 7512.0}
INVALID_RISK_UNIT,risk_unit == 0 or non-finite,NQU19-CME,16434241,2019-08-15 16:15:01.003000+00:00,7512.0,{'stop_loss_price': 7512.0}
INVALID_RISK_UNIT,risk_unit == 0 or non-finite,NQU19-CME,16434242,2019-08-15 16:15:01.004000+00:00,7512.0,{'stop_loss_price': 7512.0}
INVALID_RISK_UNIT,risk_unit == 0 or non-finite,NQU19-CME,16463960,2019-08-15 17:07:05.009000+00:00,7500.5,{'stop_loss_price': 7500.5}
INVALID_RISK_UNIT,risk_unit == 0 or non-finite,NQU19-CME,16463961,2019-08-15 17:07:05.010000+00:00,7500.5,{'stop_loss_price': 7500.5}
INVALID_RISK_UNIT,risk_unit == 0 or non-finite,NQU19-CME,16472928,2019-08-15 17:24:16.008000+00:00,7503.25,{'stop_loss_price': 7503.25}
INVALID_RISK_UNIT,risk_unit == 0 or non-finite,NQU19-CME,16472929,2019-08-15 17:24:16.009000+00:00,7503.25,{'stop_loss_price': 7503.25}
INVALID_RISK_UNIT,risk_unit == 0 or non-finite,NQU19-CME,16472930,2019-08-15 17:24:16.010000+00:00,7503.25,{'stop_loss_price': 7503.25}
INVALID_RISK_UNIT,risk_unit == 0 or non-finite,NQU19-CME,16472931,2019-08-15 17:24:16.011000+00:00,7503.25,{'stop_loss_price': 7503.25}
INVALID_RISK_UNIT,risk_unit == 0 or non-finite,NQU19-CME,16472932,2019-08-15 17:24:16.012000+00:00,7503.25,{'stop_loss_price': 7503.25}
INVALID_RISK_UNIT,risk_unit == 0 or non-finite,NQU19-CME,16472934,2019-08-15 17:24:16.014000+00:00,7503.25,{'stop_loss_price': 7503.25}
INVALID_RISK_UNIT,risk_unit == 0 or non-finite,NQU19-CME,16545500,2019-08-15 18:52:57+00:00,7477.5,{'stop_loss_price': 7477.5}
INVALID_RISK_UNIT,risk_unit == 0 or non-finite,NQU19-CME,16589796,2019-08-15 19:56:21.018000+00:00,7502.0,{'stop_loss_price': 7502.0}
INVALID_RISK_UNIT,risk_unit == 0 or non-finite,NQU19-CME,16589797,2019-08-15 19:56:21.019000+00:00,7502.0,{'stop_loss_price': 7502.0}
INVALID_RISK_UNIT,risk_unit == 0 or non-finite,NQU19-CME,16589798,2019-08-15 19:56:21.020000+00:00,7502.0,{'stop_loss_price': 7502.0}
INVALID_RISK_UNIT,risk_unit == 0 or non-finite,NQU19-CME,16589799,2019-08-15 19:56:21.021000+00:00,7502.0,{'stop_loss_price': 7502.0}
INVALID_RISK_UNIT,risk_unit == 0 or non-finite,NQU19-CME,16617422,2019-08-16 01:38:22.001000+00:00,7536.75,{'stop_loss_price': 7536.75}
INVALID_RISK_UNIT,risk_unit == 0 or non-finite,NQU19-CME,16630803,2019-08-16 04:43:07.008000+00:00,7540.25,{'stop_loss_price': 7540.25}
INVALID_RISK_UNIT,risk_unit == 0 or non-finite,NQU19-CME,16630804,2019-08-16 04:43:07.009000+00:00,7540.25,{'stop_loss_price': 7540.25}
INVALID_RISK_UNIT,risk_unit == 0 or non-finite,NQU19-CME,16630805,2019-08-16 04:43:07.010000+00:00,7540.25,{'stop_loss_price': 7540.25}
INVALID_RISK_UNIT,risk_unit == 0 or non-finite,NQU19-CME,16630806,2019-08-16 04:43:07.011000+00:00,7540.25,{'stop_loss_price': 7540.25}
INVALID_RISK_UNIT,risk_unit == 0 or non-finite,NQU19-CME,16630807,2019-08-16 04:43:07.012000+00:00,7540.25,{'stop_loss_price': 7540.25}
INVALID_RISK_UNIT,risk_unit == 0 or non-finite,NQU19-CME,16656070,2019-08-16 08:34:17.002000+00:00,7572.75,{'stop_loss_price': 7572.75}
INVALID_RISK_UNIT,risk_unit == 0 or non-finite,NQU19-CME,16656071,2019-08-16 08:34:17.003000+00:00,7572.75,{'stop_loss_price': 7572.75}
INVALID_RISK_UNIT,risk_unit == 0 or non-finite,NQU19-CME,16711856,2019-08-16 13:16:36.002000+00:00,7557.25,{'stop_loss_price': 7557.25}
INVALID_RISK_UNIT,risk_unit == 0 or non-finite,NQU19-CME,16711857,2019-08-16 13:16:36.003000+00:00,7557.25,{'stop_loss_price': 7557.25}
INVALID_RISK_UNIT,risk_unit == 0 or non-finite,NQU19-CME,16711858,2019-08-16 13:16:36.004000+00:00,7557.25,{'stop_loss_price': 7557.25}
INVALID_RISK_UNIT,risk_unit == 0 or non-finite,NQU19-CME,16711859,2019-08-16 13:16:36.005000+00:00,7557.25,{'stop_loss_price': 7557.25}
INVALID_RISK_UNIT,risk_unit == 0 or non-finite,NQU19-CME,16711860,2019-08-16 13:16:36.006000+00:00,7557.25,{'stop_loss_price': 7557.25}
INVALID_RISK_UNIT,risk_unit == 0 or non-finite,NQU19-CME,16711865,2019-08-16 13:16:36.011000+00:00,7557.25,{'stop_loss_price': 7557.25}
INVALID_RISK_UNIT,risk_unit == 0 or non-finite,NQU19-CME,16750473,2019-08-16 13:50:03.006000+00:00,7568.75,{'stop_loss_price': 7568.75}
INVALID_RISK_UNIT,risk_unit == 0 or non-finite,NQU19-CME,16750474,2019-08-16 13:50:03.007000+00:00,7568.75,{'stop_loss_price': 7568.75}
INVALID_RISK_UNIT,risk_unit == 0 or non-finite,NQU19-CME,16774434,2019-08-16 14:16:06.053000+00:00,7570.25,{'stop_loss_price': 7570.25}
INVALID_RISK_UNIT,risk_unit == 0 or non-finite,NQU19-CME,16774435,2019-08-16 14:16:06.054000+00:00,7570.25,{'stop_loss_price': 7570.25}
INVALID_RISK_UNIT,risk_unit == 0 or non-finite,NQU19-CME,16774436,2019-08-16 14:16:06.055000+00:00,7570.25,{'stop_loss_price': 7570.25}
INVALID_RISK_UNIT,risk_unit == 0 or non-finite,NQU19-CME,16774437,2019-08-16 14:16:06.056000+00:00,7570.25,{'stop_loss_price': 7570.25}
INVALID_RISK_UNIT,risk_unit == 0 or non-finite,NQU19-CME,16774439,2019-08-16 14:16:06.058000+00:00,7570.25,{'stop_loss_price': 7570.25}
INVALID_RISK_UNIT,risk_unit == 0 or non-finite,NQU19-CME,16784545,2019-08-16 14:21:32.115000+00:00,7600.25,{'stop_loss_price': 7600.25}
INVALID_RISK_UNIT,risk_unit == 0 or non-finite,NQU19-CME,16784546,2019-08-16 14:21:32.116000+00:00,7600.25,{'stop_loss_price': 7600.25}
INVALID_RISK_UNIT,risk_unit == 0 or non-finite,NQU19-CME,16784548,2019-08-16 14:21:32.118000+00:00,7600.25,{'stop_loss_price': 7600.25}
INVALID_RISK_UNIT,risk_unit == 0 or non-finite,NQU19-CME,16791984,2019-08-16 14:23:22.015000+00:00,7590.25,{'stop_loss_price': 7590.25}
INVALID_RISK_UNIT,risk_unit == 0 or non-finite,NQU19-CME,16826879,2019-08-16 14:53:21.005000+00:00,7613.0,{'stop_loss_price': 7613.0}
INVALID_RISK_UNIT,risk_unit == 0 or non-finite,NQU19-CME,16826880,2019-08-16 14:53:21.006000+00:00,7613.0,{'stop_loss_price': 7613.0}
INVALID_RISK_UNIT,risk_unit == 0 or non-finite,NQU19-CME,16826881,2019-08-16 14:53:21.007000+00:00,7613.0,{'stop_loss_price': 7613.0}
INVALID_RISK_UNIT,risk_unit == 0 or non-finite,NQU19-CME,16898560,2019-08-16 16:33:03+00:00,7607.0,{'stop_loss_price': 7607.0}
INVALID_RISK_UNIT,risk_unit == 0 or non-finite,NQU19-CME,16898561,2019-08-16 16:33:03.001000+00:00,7607.0,{'stop_loss_price': 7607.0}
INVALID_RISK_UNIT,risk_unit == 0 or non-finite,NQU19-CME,16946795,2019-08-16 19:07:49.004000+00:00,7620.0,{'stop_loss_price': 7620.0}
INVALID_RISK_UNIT,risk_unit == 0 or non-finite,NQU19-CME,16946796,2019-08-16 19:07:49.005000+00:00,7620.0,{'stop_loss_price': 7620.0}
INVALID_RISK_UNIT,risk_unit == 0 or non-finite,NQU19-CME,16946797,2019-08-16 19:07:49.006000+00:00,7620.0,{'stop_loss_price': 7620.0}
INVALID_RISK_UNIT,risk_unit == 0 or non-finite,NQU19-CME,16946798,2019-08-16 19:07:49.007000+00:00,7620.0,{'stop_loss_price': 7620.0}
INVALID_RISK_UNIT,risk_unit == 0 or non-finite,NQU19-CME,16946799,2019-08-16 19:07:49.008000+00:00,7620.0,{'stop_loss_price': 7620.0}
INVALID_RISK_UNIT,risk_unit == 0 or non-finite,NQU19-CME,16946800,2019-08-16 19:07:49.009000+00:00,7620.0,{'stop_loss_price': 7620.0}
INVALID_RISK_UNIT,risk_unit == 0 or non-finite,NQU19-CME,16990208,2019-08-18 22:04:00.011000+00:00,7646.75,{'stop_loss_price': 7646.75}
INVALID_RISK_UNIT,risk_unit == 0 or non-finite,NQU19-CME,16990209,2019-08-18 22:04:01+00:00,7646.75,{'stop_loss_price': 7646.75}
INVALID_RISK_UNIT,risk_unit == 0 or non-finite,NQU19-CME,16990215,2019-08-18 22:04:02+00:00,7646.75,{'stop_loss_price': 7646.75}
INVALID_RISK_UNIT,risk_unit == 0 or non-finite,NQU19-CME,16990216,2019-08-18 22:04:02.001000+00:00,7646.75,{'stop_loss_price': 7646.75}
INVALID_RISK_UNIT,risk_unit == 0 or non-finite,NQU19-CME,17069382,2019-08-19 10:57:00.009000+00:00,7706.75,{'stop_loss_price': 7706.75}
INVALID_RISK_UNIT,risk_unit == 0 or non-finite,NQU19-CME,17069383,2019-08-19 10:57:00.010000+00:00,7706.75,{'stop_loss_price': 7706.75}
INVALID_RISK_UNIT,risk_unit == 0 or non-finite,NQU19-CME,17069384,2019-08-19 10:57:00.011000+00:00,7706.75,{'stop_loss_price': 7706.75}
INVALID_RISK_UNIT,risk_unit == 0 or non-finite,NQU19-CME,17072374,2019-08-19 11:05:40+00:00,7696.75,{'stop_loss_price': 7696.75}
INVALID_RISK_UNIT,risk_unit == 0 or non-finite,NQU19-CME,17072375,2019-08-19 11:05:41+00:00,7696.75,{'stop_loss_price': 7696.75}
INVALID_RISK_UNIT,risk_unit == 0 or non-finite,NQU19-CME,17211965,2019-08-19 15:28:04+00:00,7733.25,{'stop_loss_price': 7733.25}
INVALID_RISK_UNIT,risk_unit == 0 or non-finite,NQU19-CME,17211966,2019-08-19 15:28:04.001000+00:00,7733.25,{'stop_loss_price': 7733.25}
INVALID_RISK_UNIT,risk_unit == 0 or non-finite,NQU19-CME,17211967,2019-08-19 15:28:04.002000+00:00,7733.25,{'stop_loss_price': 7733.25}
INVALID_RISK_UNIT,risk_unit == 0 or non-finite,NQU19-CME,17211968,2019-08-19 15:28:04.003000+00:00,7733.25,{'stop_loss_price': 7733.25}
INVALID_RISK_UNIT,risk_unit == 0 or non-finite,NQU19-CME,17211969,2019-08-19 15:28:04.004000+00:00,7733.25,{'stop_loss_price': 7733.25}
INVALID_RISK_UNIT,risk_unit == 0 or non-finite,NQU19-CME,17211970,2019-08-19 15:28:04.005000+00:00,7733.25,{'stop_loss_price': 7733.25}
INVALID_RISK_UNIT,risk_unit == 0 or non-finite,NQU19-CME,17222666,2019-08-19 15:47:55.005000+00:00,7740.75,{'stop_loss_price': 7740.75}
INVALID_RISK_UNIT,risk_unit == 0 or non-finite,NQU19-CME,17240795,2019-08-19 16:30:30+00:00,7732.25,{'stop_loss_price': 7732.25}
INVALID_RISK_UNIT,risk_unit == 0 or non-finite,NQU19-CME,17240796,2019-08-19 16:30:30.001000+00:00,7732.25,{'stop_loss_price': 7732.25}
INVALID_RISK_UNIT,risk_unit == 0 or non-finite,NQU19-CME,17240797,2019-08-19 16:30:30.002000+00:00,7732.25,{'stop_loss_price': 7732.25}
INVALID_RISK_UNIT,risk_unit == 0 or non-finite,NQU19-CME,17240798,2019-08-19 16:30:30.003000+00:00,7732.25,{'stop_loss_price': 7732.25}
INVALID_RISK_UNIT,risk_unit == 0 or non-finite,NQU19-CME,17240799,2019-08-19 16:30:30.004000+00:00,7732.25,{'stop_loss_price': 7732.25}
INVALID_RISK_UNIT,risk_unit == 0 or non-finite,NQU19-CME,17240800,2019-08-19 16:30:30.005000+00:00,7732.25,{'stop_loss_price': 7732.25}
INVALID_RISK_UNIT,risk_unit == 0 or non-finite,NQU19-CME,17240805,2019-08-19 16:30:31.004000+00:00,7732.25,{'stop_loss_price': 7732.25}
INVALID_RISK_UNIT,risk_unit == 0 or non-finite,NQU19-CME,17240806,2019-08-19 16:30:31.005000+00:00,7732.25,{'stop_loss_price': 7732.25}
INVALID_RISK_UNIT,risk_unit == 0 or non-finite,NQU19-CME,17240807,2019-08-19 16:30:32+00:00,7732.25,{'stop_loss_price': 7732.25}
INVALID_RISK_UNIT,risk_unit == 0 or non-finite,NQU19-CME,17240808,2019-08-19 16:30:32.001000+00:00,7732.25,{'stop_loss_price': 7732.25}
INVALID_RISK_UNIT,risk_unit == 0 or non-finite,NQU19-CME,17240809,2019-08-19 16:30:32.002000+00:00,7732.25,{'stop_loss_price': 7732.25}
INVALID_RISK_UNIT,risk_unit == 0 or non-finite,NQU19-CME,17240810,2019-08-19 16:30:32.003000+00:00,7732.25,{'stop_loss_price': 7732.25}
INVALID_RISK_UNIT,risk_unit == 0 or non-finite,NQU19-CME,17240811,2019-08-19 16:30:32.004000+00:00,7732.25,{'stop_loss_price': 7732.25}
INVALID_RISK_UNIT,risk_unit == 0 or non-finite,NQU19-CME,17240812,2019-08-19 16:30:32.005000+00:00,7732.25,{'stop_loss_price': 7732.25}
INVALID_RISK_UNIT,risk_unit == 0 or non-finite,NQU19-CME,17241778,2019-08-19 16:34:13.006000+00:00,7729.25,{'stop_loss_price': 7729.25}
INVALID_RISK_UNIT,risk_unit == 0 or non-finite,NQU19-CME,17241779,2019-08-19 16:34:13.007000+00:00,7729.25,{'stop_loss_price': 7729.25}
INVALID_RISK_UNIT,risk_unit == 0 or non-finite,NQU19-CME,17241780,2019-08-19 16:34:13.008000+00:00,7729.25,{'stop_loss_price': 7729.25}
INVALID_RISK_UNIT,risk_unit == 0 or non-finite,NQU19-CME,17241781,2019-08-19 16:34:13.009000+00:00,7729.25,{'stop_loss_price': 7729.25}
INVALID_RISK_UNIT,risk_unit == 0 or non-finite,NQU19-CME,17241782,2019-08-19 16:34:13.010000+00:00,7729.25,{'stop_loss_price': 7729.25}
INVALID_RISK_UNIT,risk_unit == 0 or non-finite,NQU19-CME,17288881,2019-08-19 19:04:46.001000+00:00,7730.25,{'stop_loss_price': 7730.25}
INVALID_RISK_UNIT,risk_unit == 0 or non-finite,NQU19-CME,17288882,2019-08-19 19:04:46.002000+00:00,7730.25,{'stop_loss_price': 7730.25}
INVALID_RISK_UNIT,risk_unit == 0 or non-finite,NQU19-CME,17288883,2019-08-19 19:04:47+00:00,7730.25,{'stop_loss_price': 7730.25}
INVALID_RISK_UNIT,risk_unit == 0 or non-finite,NQU19-CME,17288884,2019-08-19 19:04:47.001000+00:00,7730.25,{'stop_loss_price': 7730.25}
INVALID_RISK_UNIT,risk_unit == 0 or non-finite,NQU19-CME,17288885,2019-08-19 19:04:47.002000+00:00,7730.25,{'stop_loss_price': 7730.25}
INVALID_RISK_UNIT,risk_unit == 0 or non-finite,NQU19-CME,17288886,2019-08-19 19:04:47.003000+00:00,7730.25,{'stop_loss_price': 7730.25}
INVALID_RISK_UNIT,risk_unit == 0 or non-finite,NQU19-CME,17288887,2019-08-19 19:04:47.004000+00:00,7730.25,{'stop_loss_price': 7730.25}
INVALID_RISK_UNIT,risk_unit == 0 or non-finite,NQU19-CME,17288888,2019-08-19 19:04:47.005000+00:00,7730.25,{'stop_loss_price': 7730.25}
INVALID_RISK_UNIT,risk_unit == 0 or non-finite,NQU19-CME,17288889,2019-08-19 19:04:47.006000+00:00,7730.25,{'stop_loss_price': 7730.25}
INVALID_RISK_UNIT,risk_unit == 0 or non-finite,NQU19-CME,17288890,2019-08-19 19:04:47.007000+00:00,7730.25,{'stop_loss_price': 7730.25}
INVALID_RISK_UNIT,risk_unit == 0 or non-finite,NQU19-CME,17288891,2019-08-19 19:04:47.008000+00:00,7730.25,{'stop_loss_price': 7730.25}
INVALID_RISK_UNIT,risk_unit == 0 or non-finite,NQU19-CME,17288892,2019-08-19 19:04:47.009000+00:00,7730.25,{'stop_loss_price': 7730.25}
INVALID_RISK_UNIT,risk_unit == 0 or non-finite,NQU19-CME,17288893,2019-08-19 19:04:47.010000+00:00,7730.25,{'stop_loss_price': 7730.25}
INVALID_RISK_UNIT,risk_unit == 0 or non-finite,NQU19-CME,17288894,2019-08-19 19:04:47.011000+00:00,7730.25,{'stop_loss_price': 7730.25}
INVALID_RISK_UNIT,risk_unit == 0 or non-finite,NQU19-CME,17288895,2019-08-19 19:04:47.012000+00:00,7730.25,{'stop_loss_price': 7730.25}
INVALID_RISK_UNIT,risk_unit == 0 or non-finite,NQU19-CME,17288896,2019-08-19 19:04:47.013000+00:00,7730.25,{'stop_loss_price': 7730.25}
INVALID_RISK_UNIT,risk_unit == 0 or non-finite,NQU19-CME,17288897,2019-08-19 19:04:47.014000+00:00,7730.25,{'stop_loss_price': 7730.25}
INVALID_RISK_UNIT,risk_unit == 0 or non-finite,NQU19-CME,17288898,2019-08-19 19:04:47.015000+00:00,7730.25,{'stop_loss_price': 7730.25}
INVALID_RISK_UNIT,risk_unit == 0 or non-finite,NQU19-CME,17288899,2019-08-19 19:04:49+00:00,7730.25,{'stop_loss_price': 7730.25}
INVALID_RISK_UNIT,risk_unit == 0 or non-finite,NQU19-CME,17334468,2019-08-20 00:44:07.005000+00:00,7707.25,{'stop_loss_price': 7707.25}
INVALID_RISK_UNIT,risk_unit == 0 or non-finite,NQU19-CME,17357674,2019-08-20 06:29:58+00:00,7739.0,{'stop_loss_price': 7739.0}
INVALID_RISK_UNIT,risk_unit == 0 or non-finite,NQU19-CME,17357675,2019-08-20 06:29:58.001000+00:00,7739.0,{'stop_loss_price': 7739.0}
INVALID_RISK_UNIT,risk_unit == 0 or non-finite,NQU19-CME,17357676,2019-08-20 06:29:58.002000+00:00,7739.0,{'stop_loss_price': 7739.0}
INVALID_RISK_UNIT,risk_unit == 0 or non-finite,NQU19-CME,17357677,2019-08-20 06:29:58.003000+00:00,7739.0,{'stop_loss_price': 7739.0}
INVALID_RISK_UNIT,risk_unit == 0 or non-finite,NQU19-CME,17365773,2019-08-20 07:33:19+00:00,7744.25,{'stop_loss_price': 7744.25}
INVALID_RISK_UNIT,risk_unit == 0 or non-finite,NQU19-CME,17365774,2019-08-20 07:33:19.001000+00:00,7744.25,{'stop_loss_price': 7744.25}
INVALID_RISK_UNIT,risk_unit == 0 or non-finite,NQU19-CME,17381792,2019-08-20 09:23:53.009000+00:00,7730.0,{'stop_loss_price': 7730.0}
INVALID_RISK_UNIT,risk_unit == 0 or non-finite,NQU19-CME,17393218,2019-08-20 11:03:36.002000+00:00,7732.0,{'stop_loss_price': 7732.0}
INVALID_RISK_UNIT,risk_unit == 0 or non-finite,NQU19-CME,17452439,2019-08-20 13:42:21.006000+00:00,7689.75,{'stop_loss_price': 7689.75}
INVALID_RISK_UNIT,risk_unit == 0 or non-finite,NQU19-CME,17452440,2019-08-20 13:42:21.007000+00:00,7689.75,{'stop_loss_price': 7689.75}
INVALID_RISK_UNIT,risk_unit == 0 or non-finite,NQU19-CME,17553881,2019-08-20 15:40:45.006000+00:00,7718.75,{'stop_loss_price': 7718.75}
INVALID_RISK_UNIT,risk_unit == 0 or non-finite,NQU19-CME,17614144,2019-08-20 18:20:25.013000+00:00,7689.5,{'stop_loss_price': 7689.5}
INVALID_RISK_UNIT,risk_unit == 0 or non-finite,NQU19-CME,17614145,2019-08-20 18:20:25.014000+00:00,7689.5,{'stop_loss_price': 7689.5}
INVALID_RISK_UNIT,risk_unit == 0 or non-finite,NQU19-CME,17614146,2019-08-20 18:20:25.015000+00:00,7689.5,{'stop_loss_price': 7689.5}
INVALID_RISK_UNIT,risk_unit == 0 or non-finite,NQU19-CME,17614147,2019-08-20 18:20:25.016000+00:00,7689.5,{'stop_loss_price': 7689.5}
INVALID_RISK_UNIT,risk_unit == 0 or non-finite,NQU19-CME,17614178,2019-08-20 18:20:25.047000+00:00,7689.5,{'stop_loss_price': 7689.5}
INVALID_RISK_UNIT,risk_unit == 0 or non-finite,NQU19-CME,17623632,2019-08-20 18:34:11.003000+00:00,7695.75,{'stop_loss_price': 7695.75}
INVALID_RISK_UNIT,risk_unit == 0 or non-finite,NQU19-CME,17666606,2019-08-20 20:00:07.019000+00:00,7672.5,{'stop_loss_price': 7672.5}
INVALID_RISK_UNIT,risk_unit == 0 or non-finite,NQU19-CME,17666607,2019-08-20 20:00:07.020000+00:00,7672.5,{'stop_loss_price': 7672.5}
INVALID_RISK_UNIT,risk_unit == 0 or non-finite,NQU19-CME,17666608,2019-08-20 20:00:07.021000+00:00,7672.5,{'stop_loss_price': 7672.5}
INVALID_RISK_UNIT,risk_unit == 0 or non-finite,NQU19-CME,17666609,2019-08-20 20:00:07.022000+00:00,7672.5,{'stop_loss_price': 7672.5}
INVALID_RISK_UNIT,risk_unit == 0 or non-finite,NQU19-CME,17670474,2019-08-20 20:04:55+00:00,7666.0,{'stop_loss_price': 7666.0}
INVALID_RISK_UNIT,risk_unit == 0 or non-finite,NQU19-CME,17720698,2019-08-21 08:43:16.001000+00:00,7733.0,{'stop_loss_price': 7733.0}
INVALID_RISK_UNIT,risk_unit == 0 or non-finite,NQU19-CME,17720699,2019-08-21 08:43:16.002000+00:00,7733.0,{'stop_loss_price': 7733.0}
INVALID_RISK_UNIT,risk_unit == 0 or non-finite,NQU19-CME,17720700,2019-08-21 08:43:16.003000+00:00,7733.0,{'stop_loss_price': 7733.0}
INVALID_RISK_UNIT,risk_unit == 0 or non-finite,NQU19-CME,17764722,2019-08-21 13:06:55.005000+00:00,7751.25,{'stop_loss_price': 7751.25}
INVALID_RISK_UNIT,risk_unit == 0 or non-finite,NQU19-CME,17765353,2019-08-21 13:08:41.007000+00:00,7746.25,{'stop_loss_price': 7746.25}
INVALID_RISK_UNIT,risk_unit == 0 or non-finite,NQU19-CME,17786107,2019-08-21 13:36:49.034000+00:00,7740.25,{'stop_loss_price': 7740.25}
INVALID_RISK_UNIT,risk_unit == 0 or non-finite,NQU19-CME,17786108,2019-08-21 13:36:50+00:00,7740.25,{'stop_loss_price': 7740.25}
INVALID_RISK_UNIT,risk_unit == 0 or non-finite,NQU19-CME,17796491,2019-08-21 13:43:11.029000+00:00,7762.0,{'stop_loss_price': 7762.0}
INVALID_RISK_UNIT,risk_unit == 0 or non-finite,NQU19-CME,17796492,2019-08-21 13:43:11.030000+00:00,7762.0,{'stop_loss_price': 7762.0}
INVALID_RISK_UNIT,risk_unit == 0 or non-finite,NQU19-CME,17796493,2019-08-21 13:43:11.031000+00:00,7762.0,{'stop_loss_price': 7762.0}
INVALID_RISK_UNIT,risk_unit == 0 or non-finite,NQU19-CME,17825347,2019-08-21 14:17:30.022000+00:00,7749.75,{'stop_loss_price': 7749.75}
INVALID_RISK_UNIT,risk_unit == 0 or non-finite,NQU19-CME,17825348,2019-08-21 14:17:30.023000+00:00,7749.75,{'stop_loss_price': 7749.75}
INVALID_RISK_UNIT,risk_unit == 0 or non-finite,NQU19-CME,17825354,2019-08-21 14:17:32.003000+00:00,7749.75,{'stop_loss_price': 7749.75}
INVALID_RISK_UNIT,risk_unit == 0 or non-finite,NQU19-CME,17837898,2019-08-21 14:36:54.007000+00:00,7748.25,{'stop_loss_price': 7748.25}
INVALID_RISK_UNIT,risk_unit == 0 or non-finite,NQU19-CME,17837899,2019-08-21 14:36:54.008000+00:00,7748.25,{'stop_loss_price': 7748.25}
INVALID_RISK_UNIT,risk_unit == 0 or non-finite,NQU19-CME,17837900,2019-08-21 14:36:54.009000+00:00,7748.25,{'stop_loss_price': 7748.25}
INVALID_RISK_UNIT,risk_unit == 0 or non-finite,NQU19-CME,17947310,2019-08-21 19:32:09.005000+00:00,7736.75,{'stop_loss_price': 7736.75}
INVALID_RISK_UNIT,risk_unit == 0 or non-finite,NQU19-CME,17947311,2019-08-21 19:32:09.006000+00:00,7736.75,{'stop_loss_price': 7736.75}
INVALID_RISK_UNIT,risk_unit == 0 or non-finite,NQU19-CME,17947312,2019-08-21 19:32:10+00:00,7736.75,{'stop_loss_price': 7736.75}
INVALID_RISK_UNIT,risk_unit == 0 or non-finite,NQU19-CME,17947313,2019-08-21 19:32:10.001000+00:00,7736.75,{'stop_loss_price': 7736.75}
INVALID_RISK_UNIT,risk_unit == 0 or non-finite,NQU19-CME,17947314,2019-08-21 19:32:10.002000+00:00,7736.75,{'stop_loss_price': 7736.75}
INVALID_RISK_UNIT,risk_unit == 0 or non-finite,NQU19-CME,17947315,2019-08-21 19:32:10.003000+00:00,7736.75,{'stop_loss_price': 7736.75}
INVALID_RISK_UNIT,risk_unit == 0 or non-finite,NQU19-CME,17947316,2019-08-21 19:32:11+00:00,7736.75,{'stop_loss_price': 7736.75}
INVALID_RISK_UNIT,risk_unit == 0 or non-finite,NQU19-CME,17947317,2019-08-21 19:32:11.001000+00:00,7736.75,{'stop_loss_price': 7736.75}
INVALID_RISK_UNIT,risk_unit == 0 or non-finite,NQU19-CME,17947318,2019-08-21 19:32:11.002000+00:00,7736.75,{'stop_loss_price': 7736.75}
INVALID_RISK_UNIT,risk_unit == 0 or non-finite,NQU19-CME,17947319,2019-08-21 19:32:12+00:00,7736.75,{'stop_loss_price': 7736.75}
INVALID_RISK_UNIT,risk_unit == 0 or non-finite,NQU19-CME,17947320,2019-08-21 19:32:12.001000+00:00,7736.75,{'stop_loss_price': 7736.75}
INVALID_RISK_UNIT,risk_unit == 0 or non-finite,NQU19-CME,17947323,2019-08-21 19:32:17+00:00,7736.75,{'stop_loss_price': 7736.75}
INVALID_RISK_UNIT,risk_unit == 0 or non-finite,NQU19-CME,17947324,2019-08-21 19:32:17.001000+00:00,7736.75,{'stop_loss_price': 7736.75}
INVALID_RISK_UNIT,risk_unit == 0 or non-finite,NQU19-CME,17947325,2019-08-21 19:32:17.002000+00:00,7736.75,{'stop_loss_price': 7736.75}
INVALID_RISK_UNIT,risk_unit == 0 or non-finite,NQU19-CME,17947326,2019-08-21 19:32:17.003000+00:00,7736.75,{'stop_loss_price': 7736.75}
INVALID_RISK_UNIT,risk_unit == 0 or non-finite,NQU19-CME,17947327,2019-08-21 19:32:17.004000+00:00,7736.75,{'stop_loss_price': 7736.75}
INVALID_RISK_UNIT,risk_unit == 0 or non-finite,NQU19-CME,17947328,2019-08-21 19:32:17.005000+00:00,7736.75,{'stop_loss_price': 7736.75}
INVALID_RISK_UNIT,risk_unit == 0 or non-finite,NQU19-CME,17947329,2019-08-21 19:32:17.006000+00:00,7736.75,{'stop_loss_price': 7736.75}
INVALID_RISK_UNIT,risk_unit == 0 or non-finite,NQU19-CME,17947330,2019-08-21 19:32:17.007000+00:00,7736.75,{'stop_loss_price': 7736.75}
INVALID_RISK_UNIT,risk_unit == 0 or non-finite,NQU19-CME,17947331,2019-08-21 19:32:17.008000+00:00,7736.75,{'stop_loss_price': 7736.75}
INVALID_RISK_UNIT,risk_unit == 0 or non-finite,NQU19-CME,17947332,2019-08-21 19:32:17.009000+00:00,7736.75,{'stop_loss_price': 7736.75}
INVALID_RISK_UNIT,risk_unit == 0 or non-finite,NQU19-CME,17947965,2019-08-21 19:32:41.019000+00:00,7740.25,{'stop_loss_price': 7740.25}
INVALID_RISK_UNIT,risk_unit == 0 or non-finite,NQU19-CME,17947966,2019-08-21 19:32:41.020000+00:00,7740.25,{'stop_loss_price': 7740.25}
INVALID_RISK_UNIT,risk_unit == 0 or non-finite,NQU19-CME,17947967,2019-08-21 19:32:41.021000+00:00,7740.25,{'stop_loss_price': 7740.25}
INVALID_RISK_UNIT,risk_unit == 0 or non-finite,NQU19-CME,17947968,2019-08-21 19:32:41.022000+00:00,7740.25,{'stop_loss_price': 7740.25}
INVALID_RISK_UNIT,risk_unit == 0 or non-finite,NQU19-CME,17947969,2019-08-21 19:32:41.023000+00:00,7740.25,{'stop_loss_price': 7740.25}
INVALID_RISK_UNIT,risk_unit == 0 or non-finite,NQU19-CME,17947970,2019-08-21 19:32:41.024000+00:00,7740.25,{'stop_loss_price': 7740.25}
INVALID_RISK_UNIT,risk_unit == 0 or non-finite,NQU19-CME,17947971,2019-08-21 19:32:41.025000+00:00,7740.25,{'stop_loss_price': 7740.25}
INVALID_RISK_UNIT,risk_unit == 0 or non-finite,NQU19-CME,17947972,2019-08-21 19:32:41.026000+00:00,7740.25,{'stop_loss_price': 7740.25}
INVALID_RISK_UNIT,risk_unit == 0 or non-finite,NQU19-CME,17947973,2019-08-21 19:32:41.027000+00:00,7740.25,{'stop_loss_price': 7740.25}
INVALID_RISK_UNIT,risk_unit == 0 or non-finite,NQU19-CME,17947975,2019-08-21 19:32:42+00:00,7740.25,{'stop_loss_price': 7740.25}
INVALID_RISK_UNIT,risk_unit == 0 or non-finite,NQU19-CME,17973361,2019-08-21 22:38:39.001000+00:00,7771.5,{'stop_loss_price': 7771.5}
INVALID_RISK_UNIT,risk_unit == 0 or non-finite,NQU19-CME,17973362,2019-08-21 22:38:39.002000+00:00,7771.5,{'stop_loss_price': 7771.5}
INVALID_RISK_UNIT,risk_unit == 0 or non-finite,NQU19-CME,17973363,2019-08-21 22:38:39.003000+00:00,7771.5,{'stop_loss_price': 7771.5}
INVALID_RISK_UNIT,risk_unit == 0 or non-finite,NQU19-CME,18009877,2019-08-22 06:55:18.003000+00:00,7736.25,{'stop_loss_price': 7736.25}
INVALID_RISK_UNIT,risk_unit == 0 or non-finite,NQU19-CME,18011846,2019-08-22 07:05:00.002000+00:00,7732.0,{'stop_loss_price': 7732.0}
INVALID_RISK_UNIT,risk_unit == 0 or non-finite,NQU19-CME,18052227,2019-08-22 10:06:41.002000+00:00,7719.5,{'stop_loss_price': 7719.5}
INVALID_RISK_UNIT,risk_unit == 0 or non-finite,NQU19-CME,18052228,2019-08-22 10:06:41.003000+00:00,7719.5,{'stop_loss_price': 7719.5}
INVALID_RISK_UNIT,risk_unit == 0 or non-finite,NQU19-CME,18052229,2019-08-22 10:06:41.004000+00:00,7719.5,{'stop_loss_price': 7719.5}
INVALID_RISK_UNIT,risk_unit == 0 or non-finite,NQU19-CME,18052230,2019-08-22 10:06:41.005000+00:00,7719.5,{'stop_loss_price': 7719.5}
INVALID_RISK_UNIT,risk_unit == 0 or non-finite,NQU19-CME,18079071,2019-08-22 12:39:36+00:00,7754.25,{'stop_loss_price': 7754.25}
INVALID_RISK_UNIT,risk_unit == 0 or non-finite,NQU19-CME,18079072,2019-08-22 12:39:36.001000+00:00,7754.25,{'stop_loss_price': 7754.25}
INVALID_RISK_UNIT,risk_unit == 0 or non-finite,NQU19-CME,18079073,2019-08-22 12:39:36.002000+00:00,7754.25,{'stop_loss_price': 7754.25}
INVALID_RISK_UNIT,risk_unit == 0 or non-finite,NQU19-CME,18079074,2019-08-22 12:39:36.003000+00:00,7754.25,{'stop_loss_price': 7754.25}
INVALID_RISK_UNIT,risk_unit == 0 or non-finite,NQU19-CME,18079075,2019-08-22 12:39:36.004000+00:00,7754.25,{'stop_loss_price': 7754.25}
INVALID_RISK_UNIT,risk_unit == 0 or non-finite,NQU19-CME,18079076,2019-08-22 12:39:36.005000+00:00,7754.25,{'stop_loss_price': 7754.25}
INVALID_RISK_UNIT,risk_unit == 0 or non-finite,NQU19-CME,18105884,2019-08-22 13:36:06.003000+00:00,7763.5,{'stop_loss_price': 7763.5}
INVALID_RISK_UNIT,risk_unit == 0 or non-finite,NQU19-CME,18115850,2019-08-22 13:43:45+00:00,7769.5,{'stop_loss_price': 7769.5}
INVALID_RISK_UNIT,risk_unit == 0 or non-finite,NQU19-CME,18115851,2019-08-22 13:43:45.001000+00:00,7769.5,{'stop_loss_price': 7769.5}
INVALID_RISK_UNIT,risk_unit == 0 or non-finite,NQU19-CME,18115852,2019-08-22 13:43:45.002000+00:00,7769.5,{'stop_loss_price': 7769.5}
INVALID_RISK_UNIT,risk_unit == 0 or non-finite,NQU19-CME,18115866,2019-08-22 13:43:46.007000+00:00,7769.5,{'stop_loss_price': 7769.5}
INVALID_RISK_UNIT,risk_unit == 0 or non-finite,NQU19-CME,18115867,2019-08-22 13:43:46.008000+00:00,7769.5,{'stop_loss_price': 7769.5}
INVALID_RISK_UNIT,risk_unit == 0 or non-finite,NQU19-CME,18115868,2019-08-22 13:43:46.009000+00:00,7769.5,{'stop_loss_price': 7769.5}
INVALID_RISK_UNIT,risk_unit == 0 or non-finite,NQU19-CME,18115869,2019-08-22 13:43:46.010000+00:00,7769.5,{'stop_loss_price': 7769.5}
INVALID_RISK_UNIT,risk_unit == 0 or non-finite,NQU19-CME,18126589,2019-08-22 13:51:34.009000+00:00,7759.25,{'stop_loss_price': 7759.25}
INVALID_RISK_UNIT,risk_unit == 0 or non-finite,NQU19-CME,18126590,2019-08-22 13:51:34.010000+00:00,7759.25,{'stop_loss_price': 7759.25}
INVALID_RISK_UNIT,risk_unit == 0 or non-finite,NQU19-CME,18126591,2019-08-22 13:51:34.011000+00:00,7759.25,{'stop_loss_price': 7759.25}
INVALID_RISK_UNIT,risk_unit == 0 or non-finite,NQU19-CME,18126592,2019-08-22 13:51:34.012000+00:00,7759.25,{'stop_loss_price': 7759.25}
INVALID_RISK_UNIT,risk_unit == 0 or non-finite,NQU19-CME,18126593,2019-08-22 13:51:34.013000+00:00,7759.25,{'stop_loss_price': 7759.25}
INVALID_RISK_UNIT,risk_unit == 0 or non-finite,NQU19-CME,18136600,2019-08-22 14:05:30.023000+00:00,7752.0,{'stop_loss_price': 7752.0}
INVALID_RISK_UNIT,risk_unit == 0 or non-finite,NQU19-CME,18136601,2019-08-22 14:05:30.024000+00:00,7752.0,{'stop_loss_price': 7752.0}
INVALID_RISK_UNIT,risk_unit == 0 or non-finite,NQU19-CME,18136602,2019-08-22 14:05:30.025000+00:00,7752.0,{'stop_loss_price': 7752.0}
INVALID_RISK_UNIT,risk_unit == 0 or non-finite,NQU19-CME,18187798,2019-08-22 14:37:57.010000+00:00,7673.25,{'stop_loss_price': 7673.25}
INVALID_RISK_UNIT,risk_unit == 0 or non-finite,NQU19-CME,18187799,2019-08-22 14:37:57.011000+00:00,7673.25,{'stop_loss_price': 7673.25}
INVALID_RISK_UNIT,risk_unit == 0 or non-finite,NQU19-CME,18187800,2019-08-22 14:37:57.012000+00:00,7673.25,{'stop_loss_price': 7673.25}
INVALID_RISK_UNIT,risk_unit == 0 or non-finite,NQU19-CME,18187801,2019-08-22 14:37:57.013000+00:00,7673.25,{'stop_loss_price': 7673.25}
INVALID_RISK_UNIT,risk_unit == 0 or non-finite,NQU19-CME,18187802,2019-08-22 14:37:57.014000+00:00,7673.25,{'stop_loss_price': 7673.25}
INVALID_RISK_UNIT,risk_unit == 0 or non-finite,NQU19-CME,18187803,2019-08-22 14:37:57.015000+00:00,7673.25,{'stop_loss_price': 7673.25}
INVALID_RISK_UNIT,risk_unit == 0 or non-finite,NQU19-CME,18187804,2019-08-22 14:37:57.016000+00:00,7673.25,{'stop_loss_price': 7673.25}
INVALID_RISK_UNIT,risk_unit == 0 or non-finite,NQU19-CME,18187805,2019-08-22 14:37:57.017000+00:00,7673.25,{'stop_loss_price': 7673.25}
INVALID_RISK_UNIT,risk_unit == 0 or non-finite,NQU19-CME,18187808,2019-08-22 14:37:57.020000+00:00,7673.25,{'stop_loss_price': 7673.25}
INVALID_RISK_UNIT,risk_unit == 0 or non-finite,NQU19-CME,18187809,2019-08-22 14:37:57.021000+00:00,7673.25,{'stop_loss_price': 7673.25}
INVALID_RISK_UNIT,risk_unit == 0 or non-finite,NQU19-CME,18187810,2019-08-22 14:37:57.022000+00:00,7673.25,{'stop_loss_price': 7673.25}
INVALID_RISK_UNIT,risk_unit == 0 or non-finite,NQU19-CME,18218344,2019-08-22 14:59:40.004000+00:00,7656.5,{'stop_loss_price': 7656.5}
INVALID_RISK_UNIT,risk_unit == 0 or non-finite,NQU19-CME,18218345,2019-08-22 14:59:40.005000+00:00,7656.5,{'stop_loss_price': 7656.5}
INVALID_RISK_UNIT,risk_unit == 0 or non-finite,NQU19-CME,18218346,2019-08-22 14:59:40.006000+00:00,7656.5,{'stop_loss_price': 7656.5}
INVALID_RISK_UNIT,risk_unit == 0 or non-finite,NQU19-CME,18218347,2019-08-22 14:59:40.007000+00:00,7656.5,{'stop_loss_price': 7656.5}
INVALID_RISK_UNIT,risk_unit == 0 or non-finite,NQU19-CME,18218348,2019-08-22 14:59:40.008000+00:00,7656.5,{'stop_loss_price': 7656.5}
INVALID_RISK_UNIT,risk_unit == 0 or non-finite,NQU19-CME,18218349,2019-08-22 14:59:40.009000+00:00,7656.5,{'stop_loss_price': 7656.5}
INVALID_RISK_UNIT,risk_unit == 0 or non-finite,NQU19-CME,18218350,2019-08-22 14:59:40.010000+00:00,7656.5,{'stop_loss_price': 7656.5}
INVALID_RISK_UNIT,risk_unit == 0 or non-finite,NQU19-CME,18218351,2019-08-22 14:59:40.011000+00:00,7656.5,{'stop_loss_price': 7656.5}
INVALID_RISK_UNIT,risk_unit == 0 or non-finite,NQU19-CME,18218352,2019-08-22 14:59:40.012000+00:00,7656.5,{'stop_loss_price': 7656.5}
INVALID_RISK_UNIT,risk_unit == 0 or non-finite,NQU19-CME,18218353,2019-08-22 14:59:40.013000+00:00,7656.5,{'stop_loss_price': 7656.5}
INVALID_RISK_UNIT,risk_unit == 0 or non-finite,NQU19-CME,18218354,2019-08-22 14:59:40.014000+00:00,7656.5,{'stop_loss_price': 7656.5}
INVALID_RISK_UNIT,risk_unit == 0 or non-finite,NQU19-CME,18218355,2019-08-22 14:59:40.015000+00:00,7656.5,{'stop_loss_price': 7656.5}
INVALID_RISK_UNIT,risk_unit == 0 or non-finite,NQU19-CME,18218358,2019-08-22 14:59:40.018000+00:00,7656.5,{'stop_loss_price': 7656.5}
INVALID_RISK_UNIT,risk_unit == 0 or non-finite,NQU19-CME,18218359,2019-08-22 14:59:40.019000+00:00,7656.5,{'stop_loss_price': 7656.5}
INVALID_RISK_UNIT,risk_unit == 0 or non-finite,NQU19-CME,18218360,2019-08-22 14:59:40.020000+00:00,7656.5,{'stop_loss_price': 7656.5}
INVALID_RISK_UNIT,risk_unit == 0 or non-finite,NQU19-CME,18276341,2019-08-22 16:12:09.002000+00:00,7701.75,{'stop_loss_price': 7701.75}
INVALID_RISK_UNIT,risk_unit == 0 or non-finite,NQU19-CME,18276342,2019-08-22 16:12:09.003000+00:00,7701.75,{'stop_loss_price': 7701.75}
INVALID_RISK_UNIT,risk_unit == 0 or non-finite,NQU19-CME,18276343,2019-08-22 16:12:09.004000+00:00,7701.75,{'stop_loss_price': 7701.75}
INVALID_RISK_UNIT,risk_unit == 0 or non-finite,NQU19-CME,18312837,2019-08-22 17:42:49.003000+00:00,7728.75,{'stop_loss_price': 7728.75}
INVALID_RISK_UNIT,risk_unit == 0 or non-finite,NQU19-CME,18312838,2019-08-22 17:42:49.004000+00:00,7728.75,{'stop_loss_price': 7728.75}
INVALID_RISK_UNIT,risk_unit == 0 or non-finite,NQU19-CME,18312839,2019-08-22 17:42:49.005000+00:00,7728.75,{'stop_loss_price': 7728.75}
INVALID_RISK_UNIT,risk_unit == 0 or non-finite,NQU19-CME,18312840,2019-08-22 17:42:49.006000+00:00,7728.75,{'stop_loss_price': 7728.75}
INVALID_RISK_UNIT,risk_unit == 0 or non-finite,NQU19-CME,18312841,2019-08-22 17:42:49.007000+00:00,7728.75,{'stop_loss_price': 7728.75}
INVALID_RISK_UNIT,risk_unit == 0 or non-finite,NQU19-CME,18312842,2019-08-22 17:42:49.008000+00:00,7728.75,{'stop_loss_price': 7728.75}
INVALID_RISK_UNIT,risk_unit == 0 or non-finite,NQU19-CME,18312843,2019-08-22 17:42:49.009000+00:00,7728.75,{'stop_loss_price': 7728.75}
INVALID_RISK_UNIT,risk_unit == 0 or non-finite,NQU19-CME,18312844,2019-08-22 17:42:49.010000+00:00,7728.75,{'stop_loss_price': 7728.75}
INVALID_RISK_UNIT,risk_unit == 0 or non-finite,NQU19-CME,18312922,2019-08-22 17:43:01+00:00,7728.75,{'stop_loss_price': 7728.75}
INVALID_RISK_UNIT,risk_unit == 0 or non-finite,NQU19-CME,18312923,2019-08-22 17:43:01.001000+00:00,7728.75,{'stop_loss_price': 7728.75}
INVALID_RISK_UNIT,risk_unit == 0 or non-finite,NQU19-CME,18312924,2019-08-22 17:43:01.002000+00:00,7728.75,{'stop_loss_price': 7728.75}
INVALID_RISK_UNIT,risk_unit == 0 or non-finite,NQU19-CME,18312925,2019-08-22 17:43:01.003000+00:00,7728.75,{'stop_loss_price': 7728.75}
INVALID_RISK_UNIT,risk_unit == 0 or non-finite,NQU19-CME,18312930,2019-08-22 17:43:01.008000+00:00,7728.75,{'stop_loss_price': 7728.75}
INVALID_RISK_UNIT,risk_unit == 0 or non-finite,NQU19-CME,18312931,2019-08-22 17:43:01.009000+00:00,7728.75,{'stop_loss_price': 7728.75}
INVALID_RISK_UNIT,risk_unit == 0 or non-finite,NQU19-CME,18312932,2019-08-22 17:43:01.010000+00:00,7728.75,{'stop_loss_price': 7728.75}
INVALID_RISK_UNIT,risk_unit == 0 or non-finite,NQU19-CME,18356426,2019-08-22 19:39:02+00:00,7727.25,{'stop_loss_price': 7727.25}
INVALID_RISK_UNIT,risk_unit == 0 or non-finite,NQU19-CME,18356427,2019-08-22 19:39:02.001000+00:00,7727.25,{'stop_loss_price': 7727.25}
INVALID_RISK_UNIT,risk_unit == 0 or non-finite,NQU19-CME,18356428,2019-08-22 19:39:02.002000+00:00,7727.25,{'stop_loss_price': 7727.25}
INVALID_RISK_UNIT,risk_unit == 0 or non-finite,NQU19-CME,18356429,2019-08-22 19:39:02.003000+00:00,7727.25,{'stop_loss_price': 7727.25}
INVALID_RISK_UNIT,risk_unit == 0 or non-finite,NQU19-CME,18356430,2019-08-22 19:39:02.004000+00:00,7727.25,{'stop_loss_price': 7727.25}
INVALID_RISK_UNIT,risk_unit == 0 or non-finite,NQU19-CME,18356431,2019-08-22 19:39:02.005000+00:00,7727.25,{'stop_loss_price': 7727.25}
INVALID_RISK_UNIT,risk_unit == 0 or non-finite,NQU19-CME,18356432,2019-08-22 19:39:02.006000+00:00,7727.25,{'stop_loss_price': 7727.25}
INVALID_RISK_UNIT,risk_unit == 0 or non-finite,NQU19-CME,18356433,2019-08-22 19:39:02.007000+00:00,7727.25,{'stop_loss_price': 7727.25}
INVALID_RISK_UNIT,risk_unit == 0 or non-finite,NQU19-CME,18356436,2019-08-22 19:39:02.010000+00:00,7727.25,{'stop_loss_price': 7727.25}
INVALID_RISK_UNIT,risk_unit == 0 or non-finite,NQU19-CME,18356437,2019-08-22 19:39:02.011000+00:00,7727.25,{'stop_loss_price': 7727.25}
INVALID_RISK_UNIT,risk_unit == 0 or non-finite,NQU19-CME,18356473,2019-08-22 19:39:17+00:00,7727.25,{'stop_loss_price': 7727.25}
INVALID_RISK_UNIT,risk_unit == 0 or non-finite,NQU19-CME,18356474,2019-08-22 19:39:17.001000+00:00,7727.25,{'stop_loss_price': 7727.25}
INVALID_RISK_UNIT,risk_unit == 0 or non-finite,NQU19-CME,18356475,2019-08-22 19:39:17.002000+00:00,7727.25,{'stop_loss_price': 7727.25}
INVALID_RISK_UNIT,risk_unit == 0 or non-finite,NQU19-CME,18378701,2019-08-22 20:05:01+00:00,7712.0,{'stop_loss_price': 7712.0}
INVALID_RISK_UNIT,risk_unit == 0 or non-finite,NQU19-CME,18378702,2019-08-22 20:05:01.001000+00:00,7712.0,{'stop_loss_price': 7712.0}
INVALID_RISK_UNIT,risk_unit == 0 or non-finite,NQU19-CME,18378703,2019-08-22 20:05:01.002000+00:00,7712.0,{'stop_loss_price': 7712.0}
INVALID_RISK_UNIT,risk_unit == 0 or non-finite,NQU19-CME,18378704,2019-08-22 20:05:01.003000+00:00,7712.0,{'stop_loss_price': 7712.0}
INVALID_RISK_UNIT,risk_unit == 0 or non-finite,NQU19-CME,18378705,2019-08-22 20:05:01.004000+00:00,7712.0,{'stop_loss_price': 7712.0}
INVALID_RISK_UNIT,risk_unit == 0 or non-finite,NQU19-CME,18378706,2019-08-22 20:05:01.005000+00:00,7712.0,{'stop_loss_price': 7712.0}
INVALID_RISK_UNIT,risk_unit == 0 or non-finite,NQU19-CME,18465879,2019-08-23 12:04:48.014000+00:00,7658.5,{'stop_loss_price': 7658.5}
INVALID_RISK_UNIT,risk_unit == 0 or non-finite,NQU19-CME,18489541,2019-08-23 12:30:52.009000+00:00,7654.75,{'stop_loss_price': 7654.75}
INVALID_RISK_UNIT,risk_unit == 0 or non-finite,NQU19-CME,18490005,2019-08-23 12:31:39.002000+00:00,7651.75,{'stop_loss_price': 7651.75}
INVALID_RISK_UNIT,risk_unit == 0 or non-finite,NQU19-CME,18494669,2019-08-23 12:40:33.062000+00:00,7667.25,{'stop_loss_price': 7667.25}
INVALID_RISK_UNIT,risk_unit == 0 or non-finite,NQU19-CME,18494670,2019-08-23 12:40:33.063000+00:00,7667.25,{'stop_loss_price': 7667.25}
INVALID_RISK_UNIT,risk_unit == 0 or non-finite,NQU19-CME,18494671,2019-08-23 12:40:33.064000+00:00,7667.25,{'stop_loss_price': 7667.25}
INVALID_RISK_UNIT,risk_unit == 0 or non-finite,NQU19-CME,18494672,2019-08-23 12:40:33.065000+00:00,7667.25,{'stop_loss_price': 7667.25}
INVALID_RISK_UNIT,risk_unit == 0 or non-finite,NQU19-CME,18531734,2019-08-23 13:37:26.016000+00:00,7666.0,{'stop_loss_price': 7666.0}
INVALID_RISK_UNIT,risk_unit == 0 or non-finite,NQU19-CME,18531735,2019-08-23 13:37:26.017000+00:00,7666.0,{'stop_loss_price': 7666.0}
INVALID_RISK_UNIT,risk_unit == 0 or non-finite,NQU19-CME,18560174,2019-08-23 14:01:19.030000+00:00,7655.25,{'stop_loss_price': 7655.25}
INVALID_RISK_UNIT,risk_unit == 0 or non-finite,NQU19-CME,18586438,2019-08-23 14:10:22.083000+00:00,7657.25,{'stop_loss_price': 7657.25}
INVALID_RISK_UNIT,risk_unit == 0 or non-finite,NQU19-CME,18603773,2019-08-23 14:22:03.027000+00:00,7691.75,{'stop_loss_price': 7691.75}
INVALID_RISK_UNIT,risk_unit == 0 or non-finite,NQU19-CME,18636457,2019-08-23 14:42:16.007000+00:00,7719.5,{'stop_loss_price': 7719.5}
INVALID_RISK_UNIT,risk_unit == 0 or non-finite,NQU19-CME,18636458,2019-08-23 14:42:16.008000+00:00,7719.5,{'stop_loss_price': 7719.5}
INVALID_RISK_UNIT,risk_unit == 0 or non-finite,NQU19-CME,18636459,2019-08-23 14:42:16.009000+00:00,7719.5,{'stop_loss_price': 7719.5}
INVALID_RISK_UNIT,risk_unit == 0 or non-finite,NQU19-CME,18636460,2019-08-23 14:42:16.010000+00:00,7719.5,{'stop_loss_price': 7719.5}
INVALID_RISK_UNIT,risk_unit == 0 or non-finite,NQU19-CME,18636461,2019-08-23 14:42:16.011000+00:00,7719.5,{'stop_loss_price': 7719.5}
INVALID_RISK_UNIT,risk_unit == 0 or non-finite,NQU19-CME,18636462,2019-08-23 14:42:16.012000+00:00,7719.5,{'stop_loss_price': 7719.5}
INVALID_RISK_UNIT,risk_unit == 0 or non-finite,NQU19-CME,18636463,2019-08-23 14:42:16.013000+00:00,7719.5,{'stop_loss_price': 7719.5}
INVALID_RISK_UNIT,risk_unit == 0 or non-finite,NQU19-CME,18636464,2019-08-23 14:42:16.014000+00:00,7719.5,{'stop_loss_price': 7719.5}
INVALID_RISK_UNIT,risk_unit == 0 or non-finite,NQU19-CME,18636465,2019-08-23 14:42:16.015000+00:00,7719.5,{'stop_loss_price': 7719.5}
INVALID_RISK_UNIT,risk_unit == 0 or non-finite,NQU19-CME,18636466,2019-08-23 14:42:16.016000+00:00,7719.5,{'stop_loss_price': 7719.5}
INVALID_RISK_UNIT,risk_unit == 0 or non-finite,NQU19-CME,18636467,2019-08-23 14:42:16.017000+00:00,7719.5,{'stop_loss_price': 7719.5}
INVALID_RISK_UNIT,risk_unit == 0 or non-finite,NQU19-CME,18673681,2019-08-23 15:02:43.010000+00:00,7626.0,{'stop_loss_price': 7626.0}
INVALID_RISK_UNIT,risk_unit == 0 or non-finite,NQU19-CME,18695663,2019-08-23 15:09:48.054000+00:00,7574.5,{'stop_loss_price': 7574.5}
INVALID_RISK_UNIT,risk_unit == 0 or non-finite,NQU19-CME,18696233,2019-08-23 15:09:56.079000+00:00,7574.25,{'stop_loss_price': 7574.25}
INVALID_RISK_UNIT,risk_unit == 0 or non-finite,NQU19-CME,18702273,2019-08-23 15:11:01.093000+00:00,7582.0,{'stop_loss_price': 7582.0}
INVALID_RISK_UNIT,risk_unit == 0 or non-finite,NQU19-CME,18718722,2019-08-23 15:17:56.023000+00:00,7590.5,{'stop_loss_price': 7590.5}
INVALID_RISK_UNIT,risk_unit == 0 or non-finite,NQU19-CME,18738535,2019-08-23 15:28:04.001000+00:00,7577.25,{'stop_loss_price': 7577.25}
INVALID_RISK_UNIT,risk_unit == 0 or non-finite,NQU19-CME,18752002,2019-08-23 15:36:10.031000+00:00,7551.5,{'stop_loss_price': 7551.5}
INVALID_RISK_UNIT,risk_unit == 0 or non-finite,NQU19-CME,18753755,2019-08-23 15:36:52.085000+00:00,7545.75,{'stop_loss_price': 7545.75}
INVALID_RISK_UNIT,risk_unit == 0 or non-finite,NQU19-CME,18821928,2019-08-23 16:34:29.011000+00:00,7537.25,{'stop_loss_price': 7537.25}
INVALID_RISK_UNIT,risk_unit == 0 or non-finite,NQU19-CME,18821929,2019-08-23 16:34:29.012000+00:00,7537.25,{'stop_loss_price': 7537.25}
INVALID_RISK_UNIT,risk_unit == 0 or non-finite,NQU19-CME,18821931,2019-08-23 16:34:30+00:00,7537.25,{'stop_loss_price': 7537.25}
INVALID_RISK_UNIT,risk_unit == 0 or non-finite,NQU19-CME,18835316,2019-08-23 16:54:26.002000+00:00,7518.0,{'stop_loss_price': 7518.0}
INVALID_RISK_UNIT,risk_unit == 0 or non-finite,NQU19-CME,18835317,2019-08-23 16:54:26.003000+00:00,7518.0,{'stop_loss_price': 7518.0}
INVALID_RISK_UNIT,risk_unit == 0 or non-finite,NQU19-CME,18835318,2019-08-23 16:54:26.004000+00:00,7518.0,{'stop_loss_price': 7518.0}
INVALID_RISK_UNIT,risk_unit == 0 or non-finite,NQU19-CME,18835319,2019-08-23 16:54:26.005000+00:00,7518.0,{'stop_loss_price': 7518.0}
INVALID_RISK_UNIT,risk_unit == 0 or non-finite,NQU19-CME,18835320,2019-08-23 16:54:26.006000+00:00,7518.0,{'stop_loss_price': 7518.0}
INVALID_RISK_UNIT,risk_unit == 0 or non-finite,NQU19-CME,18835321,2019-08-23 16:54:26.007000+00:00,7518.0,{'stop_loss_price': 7518.0}
INVALID_RISK_UNIT,risk_unit == 0 or non-finite,NQU19-CME,18835322,2019-08-23 16:54:26.008000+00:00,7518.0,{'stop_loss_price': 7518.0}
INVALID_RISK_UNIT,risk_unit == 0 or non-finite,NQU19-CME,18835324,2019-08-23 16:54:26.010000+00:00,7518.0,{'stop_loss_price': 7518.0}
INVALID_RISK_UNIT,risk_unit == 0 or non-finite,NQU19-CME,18844058,2019-08-23 17:03:50.006000+00:00,7525.75,{'stop_loss_price': 7525.75}
INVALID_RISK_UNIT,risk_unit == 0 or non-finite,NQU19-CME,18844059,2019-08-23 17:03:50.007000+00:00,7525.75,{'stop_loss_price': 7525.75}
INVALID_RISK_UNIT,risk_unit == 0 or non-finite,NQU19-CME,18844060,2019-08-23 17:03:50.008000+00:00,7525.75,{'stop_loss_price': 7525.75}
INVALID_RISK_UNIT,risk_unit == 0 or non-finite,NQU19-CME,18844061,2019-08-23 17:03:50.009000+00:00,7525.75,{'stop_loss_price': 7525.75}
INVALID_RISK_UNIT,risk_unit == 0 or non-finite,NQU19-CME,18844062,2019-08-23 17:03:50.010000+00:00,7525.75,{'stop_loss_price': 7525.75}
INVALID_RISK_UNIT,risk_unit == 0 or non-finite,NQU19-CME,18844063,2019-08-23 17:03:50.011000+00:00,7525.75,{'stop_loss_price': 7525.75}
INVALID_RISK_UNIT,risk_unit == 0 or non-finite,NQU19-CME,18844064,2019-08-23 17:03:50.012000+00:00,7525.75,{'stop_loss_price': 7525.75}
INVALID_RISK_UNIT,risk_unit == 0 or non-finite,NQU19-CME,18953130,2019-08-23 19:16:50.013000+00:00,7495.25,{'stop_loss_price': 7495.25}
INVALID_RISK_UNIT,risk_unit == 0 or non-finite,NQU19-CME,18953131,2019-08-23 19:16:50.014000+00:00,7495.25,{'stop_loss_price': 7495.25}
INVALID_RISK_UNIT,risk_unit == 0 or non-finite,NQU19-CME,18953132,2019-08-23 19:16:50.015000+00:00,7495.25,{'stop_loss_price': 7495.25}
INVALID_RISK_UNIT,risk_unit == 0 or non-finite,NQU19-CME,18953133,2019-08-23 19:16:50.016000+00:00,7495.25,{'stop_loss_price': 7495.25}
INVALID_RISK_UNIT,risk_unit == 0 or non-finite,NQU19-CME,18953134,2019-08-23 19:16:50.017000+00:00,7495.25,{'stop_loss_price': 7495.25}
INVALID_RISK_UNIT,risk_unit == 0 or non-finite,NQU19-CME,18954293,2019-08-23 19:18:51.006000+00:00,7493.25,{'stop_loss_price': 7493.25}
INVALID_RISK_UNIT,risk_unit == 0 or non-finite,NQU19-CME,18984252,2019-08-23 19:51:33.005000+00:00,7468.5,{'stop_loss_price': 7468.5}
INVALID_RISK_UNIT,risk_unit == 0 or non-finite,NQU19-CME,18984253,2019-08-23 19:51:33.006000+00:00,7468.5,{'stop_loss_price': 7468.5}
INVALID_RISK_UNIT,risk_unit == 0 or non-finite,NQU19-CME,18984254,2019-08-23 19:51:33.007000+00:00,7468.5,{'stop_loss_price': 7468.5}
INVALID_RISK_UNIT,risk_unit == 0 or non-finite,NQU19-CME,18984255,2019-08-23 19:51:33.008000+00:00,7468.5,{'stop_loss_price': 7468.5}
INVALID_RISK_UNIT,risk_unit == 0 or non-finite,NQU19-CME,18984256,2019-08-23 19:51:33.009000+00:00,7468.5,{'stop_loss_price': 7468.5}
INVALID_RISK_UNIT,risk_unit == 0 or non-finite,NQU19-CME,18984257,2019-08-23 19:51:33.010000+00:00,7468.5,{'stop_loss_price': 7468.5}
INVALID_RISK_UNIT,risk_unit == 0 or non-finite,NQU19-CME,18984258,2019-08-23 19:51:33.011000+00:00,7468.5,{'stop_loss_price': 7468.5}
INVALID_RISK_UNIT,risk_unit == 0 or non-finite,NQU19-CME,19004430,2019-08-23 19:58:35.015000+00:00,7460.0,{'stop_loss_price': 7460.0}
INVALID_RISK_UNIT,risk_unit == 0 or non-finite,NQU19-CME,19004431,2019-08-23 19:58:35.016000+00:00,7460.0,{'stop_loss_price': 7460.0}
INVALID_RISK_UNIT,risk_unit == 0 or non-finite,NQU19-CME,19004432,2019-08-23 19:58:35.017000+00:00,7460.0,{'stop_loss_price': 7460.0}
INVALID_RISK_UNIT,risk_unit == 0 or non-finite,NQU19-CME,19004433,2019-08-23 19:58:35.018000+00:00,7460.0,{'stop_loss_price': 7460.0}
INVALID_RISK_UNIT,risk_unit == 0 or non-finite,NQU19-CME,19004434,2019-08-23 19:58:35.019000+00:00,7460.0,{'stop_loss_price': 7460.0}
INVALID_RISK_UNIT,risk_unit == 0 or non-finite,NQU19-CME,19004435,2019-08-23 19:58:35.020000+00:00,7460.0,{'stop_loss_price': 7460.0}
INVALID_RISK_UNIT,risk_unit == 0 or non-finite,NQU19-CME,19004436,2019-08-23 19:58:35.021000+00:00,7460.0,{'stop_loss_price': 7460.0}
INVALID_RISK_UNIT,risk_unit == 0 or non-finite,NQU19-CME,19009871,2019-08-23 19:59:33.031000+00:00,7469.0,{'stop_loss_price': 7469.0}
INVALID_RISK_UNIT,risk_unit == 0 or non-finite,NQU19-CME,19009872,2019-08-23 19:59:33.032000+00:00,7469.0,{'stop_loss_price': 7469.0}
INVALID_RISK_UNIT,risk_unit == 0 or non-finite,NQU19-CME,19009873,2019-08-23 19:59:33.033000+00:00,7469.0,{'stop_loss_price': 7469.0}
INVALID_RISK_UNIT,risk_unit == 0 or non-finite,NQU19-CME,19014716,2019-08-23 20:00:00.084000+00:00,7473.5,{'stop_loss_price': 7473.5}
INVALID_RISK_UNIT,risk_unit == 0 or non-finite,NQU19-CME,19035647,2019-08-23 20:30:26.003000+00:00,7498.5,{'stop_loss_price': 7498.5}
INVALID_RISK_UNIT,risk_unit == 0 or non-finite,NQU19-CME,19063555,2019-08-26 00:27:27.002000+00:00,7438.75,{'stop_loss_price': 7438.75}
INVALID_RISK_UNIT,risk_unit == 0 or non-finite,NQU19-CME,19063556,2019-08-26 00:27:27.003000+00:00,7438.75,{'stop_loss_price': 7438.75}
INVALID_RISK_UNIT,risk_unit == 0 or non-finite,NQU19-CME,19068527,2019-08-26 00:46:05.002000+00:00,7427.25,{'stop_loss_price': 7427.25}
INVALID_RISK_UNIT,risk_unit == 0 or non-finite,NQU19-CME,19070059,2019-08-26 00:50:53.027000+00:00,7406.75,{'stop_loss_price': 7406.75}
INVALID_RISK_UNIT,risk_unit == 0 or non-finite,NQU19-CME,19070060,2019-08-26 00:50:53.028000+00:00,7406.75,{'stop_loss_price': 7406.75}
INVALID_RISK_UNIT,risk_unit == 0 or non-finite,NQU19-CME,19170998,2019-08-26 08:28:29.060000+00:00,7563.75,{'stop_loss_price': 7563.75}
INVALID_RISK_UNIT,risk_unit == 0 or non-finite,NQU19-CME,19170999,2019-08-26 08:28:29.061000+00:00,7563.75,{'stop_loss_price': 7563.75}
INVALID_RISK_UNIT,risk_unit == 0 or non-finite,NQU19-CME,19171000,2019-08-26 08:28:29.062000+00:00,7563.75,{'stop_loss_price': 7563.75}
INVALID_RISK_UNIT,risk_unit == 0 or non-finite,NQU19-CME,19175595,2019-08-26 08:40:25.002000+00:00,7596.75,{'stop_loss_price': 7596.75}
INVALID_RISK_UNIT,risk_unit == 0 or non-finite,NQU19-CME,19175596,2019-08-26 08:40:25.003000+00:00,7596.75,{'stop_loss_price': 7596.75}
INVALID_RISK_UNIT,risk_unit == 0 or non-finite,NQU19-CME,19175597,2019-08-26 08:40:25.004000+00:00,7596.75,{'stop_loss_price': 7596.75}
INVALID_RISK_UNIT,risk_unit == 0 or non-finite,NQU19-CME,19175598,2019-08-26 08:40:25.005000+00:00,7596.75,{'stop_loss_price': 7596.75}
INVALID_RISK_UNIT,risk_unit == 0 or non-finite,NQU19-CME,19175599,2019-08-26 08:40:25.006000+00:00,7596.75,{'stop_loss_price': 7596.75}
INVALID_RISK_UNIT,risk_unit == 0 or non-finite,NQU19-CME,19175601,2019-08-26 08:40:25.008000+00:00,7596.75,{'stop_loss_price': 7596.75}
INVALID_RISK_UNIT,risk_unit == 0 or non-finite,NQU19-CME,19178709,2019-08-26 08:46:32+00:00,7591.75,{'stop_loss_price': 7591.75}
INVALID_RISK_UNIT,risk_unit == 0 or non-finite,NQU19-CME,19189800,2019-08-26 09:34:27.001000+00:00,7584.75,{'stop_loss_price': 7584.75}
INVALID_RISK_UNIT,risk_unit == 0 or non-finite,NQU19-CME,19216482,2019-08-26 10:42:41.001000+00:00,7562.25,{'stop_loss_price': 7562.25}
INVALID_RISK_UNIT,risk_unit == 0 or non-finite,NQU19-CME,19216483,2019-08-26 10:42:41.002000+00:00,7562.25,{'stop_loss_price': 7562.25}
INVALID_RISK_UNIT,risk_unit == 0 or non-finite,NQU19-CME,19216484,2019-08-26 10:42:41.003000+00:00,7562.25,{'stop_loss_price': 7562.25}
INVALID_RISK_UNIT,risk_unit == 0 or non-finite,NQU19-CME,19220550,2019-08-26 10:55:19.007000+00:00,7560.0,{'stop_loss_price': 7560.0}
INVALID_RISK_UNIT,risk_unit == 0 or non-finite,NQU19-CME,19220551,2019-08-26 10:55:19.008000+00:00,7560.0,{'stop_loss_price': 7560.0}
INVALID_RISK_UNIT,risk_unit == 0 or non-finite,NQU19-CME,19233129,2019-08-26 11:47:16.049000+00:00,7565.25,{'stop_loss_price': 7565.25}
INVALID_RISK_UNIT,risk_unit == 0 or non-finite,NQU19-CME,19233130,2019-08-26 11:47:16.050000+00:00,7565.25,{'stop_loss_price': 7565.25}
INVALID_RISK_UNIT,risk_unit == 0 or non-finite,NQU19-CME,19233131,2019-08-26 11:47:16.051000+00:00,7565.25,{'stop_loss_price': 7565.25}
INVALID_RISK_UNIT,risk_unit == 0 or non-finite,NQU19-CME,19269396,2019-08-26 13:25:45.003000+00:00,7557.0,{'stop_loss_price': 7557.0}
INVALID_RISK_UNIT,risk_unit == 0 or non-finite,NQU19-CME,19296613,2019-08-26 13:37:06.011000+00:00,7556.25,{'stop_loss_price': 7556.25}
INVALID_RISK_UNIT,risk_unit == 0 or non-finite,NQU19-CME,19296614,2019-08-26 13:37:06.012000+00:00,7556.25,{'stop_loss_price': 7556.25}
INVALID_RISK_UNIT,risk_unit == 0 or non-finite,NQU19-CME,19308395,2019-08-26 13:41:58.012000+00:00,7548.75,{'stop_loss_price': 7548.75}
INVALID_RISK_UNIT,risk_unit == 0 or non-finite,NQU19-CME,19310505,2019-08-26 13:43:13.008000+00:00,7544.5,{'stop_loss_price': 7544.5}
INVALID_RISK_UNIT,risk_unit == 0 or non-finite,NQU19-CME,19448584,2019-08-26 15:42:27+00:00,7552.5,{'stop_loss_price': 7552.5}
INVALID_RISK_UNIT,risk_unit == 0 or non-finite,NQU19-CME,19448585,2019-08-26 15:42:27.001000+00:00,7552.5,{'stop_loss_price': 7552.5}
INVALID_RISK_UNIT,risk_unit == 0 or non-finite,NQU19-CME,19448586,2019-08-26 15:42:27.002000+00:00,7552.5,{'stop_loss_price': 7552.5}
INVALID_RISK_UNIT,risk_unit == 0 or non-finite,NQU19-CME,19448587,2019-08-26 15:42:27.003000+00:00,7552.5,{'stop_loss_price': 7552.5}
INVALID_RISK_UNIT,risk_unit == 0 or non-finite,NQU19-CME,19448588,2019-08-26 15:42:28+00:00,7552.5,{'stop_loss_price': 7552.5}
INVALID_RISK_UNIT,risk_unit == 0 or non-finite,NQU19-CME,19469924,2019-08-26 16:23:14.001000+00:00,7558.25,{'stop_loss_price': 7558.25}
INVALID_RISK_UNIT,risk_unit == 0 or non-finite,NQU19-CME,19469925,2019-08-26 16:23:14.002000+00:00,7558.25,{'stop_loss_price': 7558.25}
INVALID_RISK_UNIT,risk_unit == 0 or non-finite,NQU19-CME,19469926,2019-08-26 16:23:14.003000+00:00,7558.25,{'stop_loss_price': 7558.25}
INVALID_RISK_UNIT,risk_unit == 0 or non-finite,NQU19-CME,19469927,2019-08-26 16:23:14.004000+00:00,7558.25,{'stop_loss_price': 7558.25}
INVALID_RISK_UNIT,risk_unit == 0 or non-finite,NQU19-CME,19469928,2019-08-26 16:23:14.005000+00:00,7558.25,{'stop_loss_price': 7558.25}
INVALID_RISK_UNIT,risk_unit == 0 or non-finite,NQU19-CME,19474357,2019-08-26 16:25:28.006000+00:00,7574.75,{'stop_loss_price': 7574.75}
INVALID_RISK_UNIT,risk_unit == 0 or non-finite,NQU19-CME,19474358,2019-08-26 16:25:28.007000+00:00,7574.75,{'stop_loss_price': 7574.75}
INVALID_RISK_UNIT,risk_unit == 0 or non-finite,NQU19-CME,19474359,2019-08-26 16:25:28.008000+00:00,7574.75,{'stop_loss_price': 7574.75}
INVALID_RISK_UNIT,risk_unit == 0 or non-finite,NQU19-CME,19474360,2019-08-26 16:25:28.009000+00:00,7574.75,{'stop_loss_price': 7574.75}
INVALID_RISK_UNIT,risk_unit == 0 or non-finite,NQU19-CME,19474361,2019-08-26 16:25:28.010000+00:00,7574.75,{'stop_loss_price': 7574.75}
INVALID_RISK_UNIT,risk_unit == 0 or non-finite,NQU19-CME,19474362,2019-08-26 16:25:28.011000+00:00,7574.75,{'stop_loss_price': 7574.75}
INVALID_RISK_UNIT,risk_unit == 0 or non-finite,NQU19-CME,19474363,2019-08-26 16:25:28.012000+00:00,7574.75,{'stop_loss_price': 7574.75}
INVALID_RISK_UNIT,risk_unit == 0 or non-finite,NQU19-CME,19512672,2019-08-26 18:02:12.012000+00:00,7548.0,{'stop_loss_price': 7548.0}
INVALID_RISK_UNIT,risk_unit == 0 or non-finite,NQU19-CME,19512673,2019-08-26 18:02:12.013000+00:00,7548.0,{'stop_loss_price': 7548.0}
INVALID_RISK_UNIT,risk_unit == 0 or non-finite,NQU19-CME,19512674,2019-08-26 18:02:12.014000+00:00,7548.0,{'stop_loss_price': 7548.0}
INVALID_RISK_UNIT,risk_unit == 0 or non-finite,NQU19-CME,19518046,2019-08-26 18:15:01.015000+00:00,7542.0,{'stop_loss_price': 7542.0}
INVALID_RISK_UNIT,risk_unit == 0 or non-finite,NQU19-CME,19518047,2019-08-26 18:15:01.016000+00:00,7542.0,{'stop_loss_price': 7542.0}
INVALID_RISK_UNIT,risk_unit == 0 or non-finite,NQU19-CME,19518048,2019-08-26 18:15:01.017000+00:00,7542.0,{'stop_loss_price': 7542.0}
INVALID_RISK_UNIT,risk_unit == 0 or non-finite,NQU19-CME,19518049,2019-08-26 18:15:01.018000+00:00,7542.0,{'stop_loss_price': 7542.0}
INVALID_RISK_UNIT,risk_unit == 0 or non-finite,NQU19-CME,19518050,2019-08-26 18:15:01.019000+00:00,7542.0,{'stop_loss_price': 7542.0}
INVALID_RISK_UNIT,risk_unit == 0 or non-finite,NQU19-CME,19518051,2019-08-26 18:15:01.020000+00:00,7542.0,{'stop_loss_price': 7542.0}
INVALID_RISK_UNIT,risk_unit == 0 or non-finite,NQU19-CME,19518052,2019-08-26 18:15:01.021000+00:00,7542.0,{'stop_loss_price': 7542.0}
INVALID_RISK_UNIT,risk_unit == 0 or non-finite,NQU19-CME,19518053,2019-08-26 18:15:01.022000+00:00,7542.0,{'stop_loss_price': 7542.0}
INVALID_RISK_UNIT,risk_unit == 0 or non-finite,NQU19-CME,19518054,2019-08-26 18:15:01.023000+00:00,7542.0,{'stop_loss_price': 7542.0}
INVALID_RISK_UNIT,risk_unit == 0 or non-finite,NQU19-CME,19548586,2019-08-26 19:24:32.001000+00:00,7558.25,{'stop_loss_price': 7558.25}
INVALID_RISK_UNIT,risk_unit == 0 or non-finite,NQU19-CME,19616109,2019-08-27 04:24:08+00:00,7593.5,{'stop_loss_price': 7593.5}
INVALID_RISK_UNIT,risk_unit == 0 or non-finite,NQU19-CME,19616110,2019-08-27 04:24:08.001000+00:00,7593.5,{'stop_loss_price': 7593.5}
INVALID_RISK_UNIT,risk_unit == 0 or non-finite,NQU19-CME,19627471,2019-08-27 06:34:02.004000+00:00,7564.0,{'stop_loss_price': 7564.0}
INVALID_RISK_UNIT,risk_unit == 0 or non-finite,NQU19-CME,19627472,2019-08-27 06:34:02.005000+00:00,7564.0,{'stop_loss_price': 7564.0}
INVALID_RISK_UNIT,risk_unit == 0 or non-finite,NQU19-CME,19627473,2019-08-27 06:34:02.006000+00:00,7564.0,{'stop_loss_price': 7564.0}
INVALID_RISK_UNIT,risk_unit == 0 or non-finite,NQU19-CME,19627474,2019-08-27 06:34:02.007000+00:00,7564.0,{'stop_loss_price': 7564.0}
INVALID_RISK_UNIT,risk_unit == 0 or non-finite,NQU19-CME,19627475,2019-08-27 06:34:02.008000+00:00,7564.0,{'stop_loss_price': 7564.0}
INVALID_RISK_UNIT,risk_unit == 0 or non-finite,NQU19-CME,19627476,2019-08-27 06:34:02.009000+00:00,7564.0,{'stop_loss_price': 7564.0}
INVALID_RISK_UNIT,risk_unit == 0 or non-finite,NQU19-CME,19647907,2019-08-27 08:13:25+00:00,7574.25,{'stop_loss_price': 7574.25}
INVALID_RISK_UNIT,risk_unit == 0 or non-finite,NQU19-CME,19670637,2019-08-27 10:12:00.004000+00:00,7601.5,{'stop_loss_price': 7601.5}
INVALID_RISK_UNIT,risk_unit == 0 or non-finite,NQU19-CME,19675010,2019-08-27 10:46:18.002000+00:00,7597.0,{'stop_loss_price': 7597.0}
INVALID_RISK_UNIT,risk_unit == 0 or non-finite,NQU19-CME,19675011,2019-08-27 10:46:18.003000+00:00,7597.0,{'stop_loss_price': 7597.0}
INVALID_RISK_UNIT,risk_unit == 0 or non-finite,NQU19-CME,19675012,2019-08-27 10:46:18.004000+00:00,7597.0,{'stop_loss_price': 7597.0}
INVALID_RISK_UNIT,risk_unit == 0 or non-finite,NQU19-CME,19675013,2019-08-27 10:46:18.005000+00:00,7597.0,{'stop_loss_price': 7597.0}
INVALID_RISK_UNIT,risk_unit == 0 or non-finite,NQU19-CME,19689573,2019-08-27 12:26:07.142000+00:00,7622.75,{'stop_loss_price': 7622.75}
INVALID_RISK_UNIT,risk_unit == 0 or non-finite,NQU19-CME,19738550,2019-08-27 13:47:17+00:00,7637.5,{'stop_loss_price': 7637.5}
INVALID_RISK_UNIT,risk_unit == 0 or non-finite,NQU19-CME,19738551,2019-08-27 13:47:17.001000+00:00,7637.5,{'stop_loss_price': 7637.5}
INVALID_RISK_UNIT,risk_unit == 0 or non-finite,NQU19-CME,19738552,2019-08-27 13:47:17.002000+00:00,7637.5,{'stop_loss_price': 7637.5}
INVALID_RISK_UNIT,risk_unit == 0 or non-finite,NQU19-CME,19738553,2019-08-27 13:47:17.003000+00:00,7637.5,{'stop_loss_price': 7637.5}
INVALID_RISK_UNIT,risk_unit == 0 or non-finite,NQU19-CME,19738554,2019-08-27 13:47:17.004000+00:00,7637.5,{'stop_loss_price': 7637.5}
INVALID_RISK_UNIT,risk_unit == 0 or non-finite,NQU19-CME,19738556,2019-08-27 13:47:17.006000+00:00,7637.5,{'stop_loss_price': 7637.5}
INVALID_RISK_UNIT,risk_unit == 0 or non-finite,NQU19-CME,19796719,2019-08-27 14:42:25.009000+00:00,7618.0,{'stop_loss_price': 7618.0}
INVALID_RISK_UNIT,risk_unit == 0 or non-finite,NQU19-CME,19800693,2019-08-27 14:47:11.005000+00:00,7618.5,{'stop_loss_price': 7618.5}
INVALID_RISK_UNIT,risk_unit == 0 or non-finite,NQU19-CME,19800694,2019-08-27 14:47:11.006000+00:00,7618.5,{'stop_loss_price': 7618.5}
INVALID_RISK_UNIT,risk_unit == 0 or non-finite,NQU19-CME,19800695,2019-08-27 14:47:11.007000+00:00,7618.5,{'stop_loss_price': 7618.5}
INVALID_RISK_UNIT,risk_unit == 0 or non-finite,NQU19-CME,19800696,2019-08-27 14:47:12+00:00,7618.5,{'stop_loss_price': 7618.5}
INVALID_RISK_UNIT,risk_unit == 0 or non-finite,NQU19-CME,19800697,2019-08-27 14:47:12.001000+00:00,7618.5,{'stop_loss_price': 7618.5}
INVALID_RISK_UNIT,risk_unit == 0 or non-finite,NQU19-CME,19808898,2019-08-27 14:57:47.002000+00:00,7608.75,{'stop_loss_price': 7608.75}
INVALID_RISK_UNIT,risk_unit == 0 or non-finite,NQU19-CME,19808899,2019-08-27 14:57:47.003000+00:00,7608.75,{'stop_loss_price': 7608.75}
INVALID_RISK_UNIT,risk_unit == 0 or non-finite,NQU19-CME,19808900,2019-08-27 14:57:47.004000+00:00,7608.75,{'stop_loss_price': 7608.75}
INVALID_RISK_UNIT,risk_unit == 0 or non-finite,NQU19-CME,19808901,2019-08-27 14:57:47.005000+00:00,7608.75,{'stop_loss_price': 7608.75}
INVALID_RISK_UNIT,risk_unit == 0 or non-finite,NQU19-CME,19808902,2019-08-27 14:57:47.006000+00:00,7608.75,{'stop_loss_price': 7608.75}
INVALID_RISK_UNIT,risk_unit == 0 or non-finite,NQU19-CME,19808904,2019-08-27 14:57:47.008000+00:00,7608.75,{'stop_loss_price': 7608.75}
INVALID_RISK_UNIT,risk_unit == 0 or non-finite,NQU19-CME,19883616,2019-08-27 16:20:03.009000+00:00,7572.5,{'stop_loss_price': 7572.5}
INVALID_RISK_UNIT,risk_unit == 0 or non-finite,NQU19-CME,19945431,2019-08-27 17:42:25+00:00,7580.75,{'stop_loss_price': 7580.75}
INVALID_RISK_UNIT,risk_unit == 0 or non-finite,NQU19-CME,20096097,2019-08-28 07:29:49.027000+00:00,7580.75,{'stop_loss_price': 7580.75}
INVALID_RISK_UNIT,risk_unit == 0 or non-finite,NQU19-CME,20107646,2019-08-28 08:17:27+00:00,7584.75,{'stop_loss_price': 7584.75}
INVALID_RISK_UNIT,risk_unit == 0 or non-finite,NQU19-CME,20107647,2019-08-28 08:17:27.001000+00:00,7584.75,{'stop_loss_price': 7584.75}
INVALID_RISK_UNIT,risk_unit == 0 or non-finite,NQU19-CME,20107648,2019-08-28 08:17:27.002000+00:00,7584.75,{'stop_loss_price': 7584.75}
INVALID_RISK_UNIT,risk_unit == 0 or non-finite,NQU19-CME,20190705,2019-08-28 13:30:03.253000+00:00,7549.25,{'stop_loss_price': 7549.25}
INVALID_RISK_UNIT,risk_unit == 0 or non-finite,NQU19-CME,20193755,2019-08-28 13:30:53+00:00,7545.0,{'stop_loss_price': 7545.0}
INVALID_RISK_UNIT,risk_unit == 0 or non-finite,NQU19-CME,20193756,2019-08-28 13:30:53.001000+00:00,7545.0,{'stop_loss_price': 7545.0}
INVALID_RISK_UNIT,risk_unit == 0 or non-finite,NQU19-CME,20193757,2019-08-28 13:30:53.002000+00:00,7545.0,{'stop_loss_price': 7545.0}
INVALID_RISK_UNIT,risk_unit == 0 or non-finite,NQU19-CME,20198095,2019-08-28 13:32:20.004000+00:00,7527.0,{'stop_loss_price': 7527.0}
INVALID_RISK_UNIT,risk_unit == 0 or non-finite,NQU19-CME,20207136,2019-08-28 13:35:19.007000+00:00,7520.0,{'stop_loss_price': 7520.0}
INVALID_RISK_UNIT,risk_unit == 0 or non-finite,NQU19-CME,20232332,2019-08-28 13:47:04.018000+00:00,7532.25,{'stop_loss_price': 7532.25}
INVALID_RISK_UNIT,risk_unit == 0 or non-finite,NQU19-CME,20232333,2019-08-28 13:47:04.019000+00:00,7532.25,{'stop_loss_price': 7532.25}
INVALID_RISK_UNIT,risk_unit == 0 or non-finite,NQU19-CME,20285544,2019-08-28 14:31:28.006000+00:00,7566.25,{'stop_loss_price': 7566.25}
INVALID_RISK_UNIT,risk_unit == 0 or non-finite,NQU19-CME,20285545,2019-08-28 14:31:28.007000+00:00,7566.25,{'stop_loss_price': 7566.25}
INVALID_RISK_UNIT,risk_unit == 0 or non-finite,NQU19-CME,20285550,2019-08-28 14:31:28.012000+00:00,7566.25,{'stop_loss_price': 7566.25}
INVALID_RISK_UNIT,risk_unit == 0 or non-finite,NQU19-CME,20411370,2019-08-28 18:36:34.024000+00:00,7590.75,{'stop_loss_price': 7590.75}
INVALID_RISK_UNIT,risk_unit == 0 or non-finite,NQU19-CME,20463919,2019-08-28 23:12:20+00:00,7582.5,{'stop_loss_price': 7582.5}
INVALID_RISK_UNIT,risk_unit == 0 or non-finite,NQU19-CME,20463920,2019-08-28 23:12:20.001000+00:00,7582.5,{'stop_loss_price': 7582.5}
INVALID_RISK_UNIT,risk_unit == 0 or non-finite,NQU19-CME,20463921,2019-08-28 23:12:21+00:00,7582.5,{'stop_loss_price': 7582.5}
INVALID_RISK_UNIT,risk_unit == 0 or non-finite,NQU19-CME,20542943,2019-08-29 09:09:34.013000+00:00,7685.75,{'stop_loss_price': 7685.75}
INVALID_RISK_UNIT,risk_unit == 0 or non-finite,NQU19-CME,20624087,2019-08-29 13:43:30.013000+00:00,7709.0,{'stop_loss_price': 7709.0}
INVALID_RISK_UNIT,risk_unit == 0 or non-finite,NQU19-CME,20624088,2019-08-29 13:43:30.014000+00:00,7709.0,{'stop_loss_price': 7709.0}
INVALID_RISK_UNIT,risk_unit == 0 or non-finite,NQU19-CME,20624089,2019-08-29 13:43:30.015000+00:00,7709.0,{'stop_loss_price': 7709.0}
INVALID_RISK_UNIT,risk_unit == 0 or non-finite,NQU19-CME,20624090,2019-08-29 13:43:30.016000+00:00,7709.0,{'stop_loss_price': 7709.0}
INVALID_RISK_UNIT,risk_unit == 0 or non-finite,NQU19-CME,20624091,2019-08-29 13:43:30.017000+00:00,7709.0,{'stop_loss_price': 7709.0}
INVALID_RISK_UNIT,risk_unit == 0 or non-finite,NQU19-CME,20624092,2019-08-29 13:43:30.018000+00:00,7709.0,{'stop_loss_price': 7709.0}
INVALID_RISK_UNIT,risk_unit == 0 or non-finite,NQU19-CME,20624093,2019-08-29 13:43:30.019000+00:00,7709.0,{'stop_loss_price': 7709.0}
INVALID_RISK_UNIT,risk_unit == 0 or non-finite,NQU19-CME,20624094,2019-08-29 13:43:30.020000+00:00,7709.0,{'stop_loss_price': 7709.0}
INVALID_RISK_UNIT,risk_unit == 0 or non-finite,NQU19-CME,20624095,2019-08-29 13:43:30.021000+00:00,7709.0,{'stop_loss_price': 7709.0}
INVALID_RISK_UNIT,risk_unit == 0 or non-finite,NQU19-CME,20624096,2019-08-29 13:43:30.022000+00:00,7709.0,{'stop_loss_price': 7709.0}
INVALID_RISK_UNIT,risk_unit == 0 or non-finite,NQU19-CME,20624097,2019-08-29 13:43:31+00:00,7709.0,{'stop_loss_price': 7709.0}
INVALID_RISK_UNIT,risk_unit == 0 or non-finite,NQU19-CME,20674713,2019-08-29 14:33:03.022000+00:00,7701.25,{'stop_loss_price': 7701.25}
INVALID_RISK_UNIT,risk_unit == 0 or non-finite,NQU19-CME,20674714,2019-08-29 14:33:03.023000+00:00,7701.25,{'stop_loss_price': 7701.25}
INVALID_RISK_UNIT,risk_unit == 0 or non-finite,NQU19-CME,20674715,2019-08-29 14:33:03.024000+00:00,7701.25,{'stop_loss_price': 7701.25}
INVALID_RISK_UNIT,risk_unit == 0 or non-finite,NQU19-CME,20674716,2019-08-29 14:33:03.025000+00:00,7701.25,{'stop_loss_price': 7701.25}
INVALID_RISK_UNIT,risk_unit == 0 or non-finite,NQU19-CME,20674717,2019-08-29 14:33:03.026000+00:00,7701.25,{'stop_loss_price': 7701.25}
INVALID_RISK_UNIT,risk_unit == 0 or non-finite,NQU19-CME,20674719,2019-08-29 14:33:03.028000+00:00,7701.25,{'stop_loss_price': 7701.25}
INVALID_RISK_UNIT,risk_unit == 0 or non-finite,NQU19-CME,20803506,2019-08-29 18:43:25.002000+00:00,7714.5,{'stop_loss_price': 7714.5}
INVALID_RISK_UNIT,risk_unit == 0 or non-finite,NQU19-CME,20803507,2019-08-29 18:43:25.003000+00:00,7714.5,{'stop_loss_price': 7714.5}
INVALID_RISK_UNIT,risk_unit == 0 or non-finite,NQU19-CME,20803508,2019-08-29 18:43:25.004000+00:00,7714.5,{'stop_loss_price': 7714.5}
INVALID_RISK_UNIT,risk_unit == 0 or non-finite,NQU19-CME,20823421,2019-08-29 19:39:43+00:00,7708.5,{'stop_loss_price': 7708.5}
INVALID_RISK_UNIT,risk_unit == 0 or non-finite,NQU19-CME,20832258,2019-08-29 19:55:42.010000+00:00,7704.25,{'stop_loss_price': 7704.25}
INVALID_RISK_UNIT,risk_unit == 0 or non-finite,NQU19-CME,20832259,2019-08-29 19:55:42.011000+00:00,7704.25,{'stop_loss_price': 7704.25}
INVALID_RISK_UNIT,risk_unit == 0 or non-finite,NQU19-CME,20832260,2019-08-29 19:55:42.012000+00:00,7704.25,{'stop_loss_price': 7704.25}
INVALID_RISK_UNIT,risk_unit == 0 or non-finite,NQU19-CME,20832261,2019-08-29 19:55:42.013000+00:00,7704.25,{'stop_loss_price': 7704.25}
INVALID_RISK_UNIT,risk_unit == 0 or non-finite,NQU19-CME,20832262,2019-08-29 19:55:42.014000+00:00,7704.25,{'stop_loss_price': 7704.25}
INVALID_RISK_UNIT,risk_unit == 0 or non-finite,NQU19-CME,20832263,2019-08-29 19:55:42.015000+00:00,7704.25,{'stop_loss_price': 7704.25}
INVALID_RISK_UNIT,risk_unit == 0 or non-finite,NQU19-CME,20832264,2019-08-29 19:55:42.016000+00:00,7704.25,{'stop_loss_price': 7704.25}
INVALID_RISK_UNIT,risk_unit == 0 or non-finite,NQU19-CME,20832265,2019-08-29 19:55:42.017000+00:00,7704.25,{'stop_loss_price': 7704.25}
INVALID_RISK_UNIT,risk_unit == 0 or non-finite,NQU19-CME,20832266,2019-08-29 19:55:42.018000+00:00,7704.25,{'stop_loss_price': 7704.25}
INVALID_RISK_UNIT,risk_unit == 0 or non-finite,NQU19-CME,20832267,2019-08-29 19:55:43+00:00,7704.25,{'stop_loss_price': 7704.25}
INVALID_RISK_UNIT,risk_unit == 0 or non-finite,NQU19-CME,20888377,2019-08-30 06:48:43.001000+00:00,7705.5,{'stop_loss_price': 7705.5}
INVALID_RISK_UNIT,risk_unit == 0 or non-finite,NQU19-CME,20889074,2019-08-30 06:54:02.034000+00:00,7711.75,{'stop_loss_price': 7711.75}
INVALID_RISK_UNIT,risk_unit == 0 or non-finite,NQU19-CME,20889075,2019-08-30 06:54:02.035000+00:00,7711.75,{'stop_loss_price': 7711.75}
INVALID_RISK_UNIT,risk_unit == 0 or non-finite,NQU19-CME,20889076,2019-08-30 06:54:02.036000+00:00,7711.75,{'stop_loss_price': 7711.75}
INVALID_RISK_UNIT,risk_unit == 0 or non-finite,NQU19-CME,20889077,2019-08-30 06:54:02.037000+00:00,7711.75,{'stop_loss_price': 7711.75}
INVALID_RISK_UNIT,risk_unit == 0 or non-finite,NQU19-CME,20902773,2019-08-30 07:31:06+00:00,7726.0,{'stop_loss_price': 7726.0}
INVALID_RISK_UNIT,risk_unit == 0 or non-finite,NQU19-CME,20904850,2019-08-30 07:40:41+00:00,7728.0,{'stop_loss_price': 7728.0}
INVALID_RISK_UNIT,risk_unit == 0 or non-finite,NQU19-CME,20907325,2019-08-30 07:51:50.002000+00:00,7732.5,{'stop_loss_price': 7732.5}
INVALID_RISK_UNIT,risk_unit == 0 or non-finite,NQU19-CME,20907326,2019-08-30 07:51:50.003000+00:00,7732.5,{'stop_loss_price': 7732.5}
INVALID_RISK_UNIT,risk_unit == 0 or non-finite,NQU19-CME,20923017,2019-08-30 09:25:12+00:00,7757.25,{'stop_loss_price': 7757.25}
INVALID_RISK_UNIT,risk_unit == 0 or non-finite,NQU19-CME,21029078,2019-08-30 14:27:52.002000+00:00,7704.0,{'stop_loss_price': 7704.0}
INVALID_RISK_UNIT,risk_unit == 0 or non-finite,NQU19-CME,21031889,2019-08-30 14:31:01.016000+00:00,7710.75,{'stop_loss_price': 7710.75}
INVALID_RISK_UNIT,risk_unit == 0 or non-finite,NQU19-CME,21031890,2019-08-30 14:31:01.017000+00:00,7710.75,{'stop_loss_price': 7710.75}
INVALID_RISK_UNIT,risk_unit == 0 or non-finite,NQU19-CME,21031891,2019-08-30 14:31:01.018000+00:00,7710.75,{'stop_loss_price': 7710.75}
INVALID_RISK_UNIT,risk_unit == 0 or non-finite,NQU19-CME,21031892,2019-08-30 14:31:01.019000+00:00,7710.75,{'stop_loss_price': 7710.75}
INVALID_RISK_UNIT,risk_unit == 0 or non-finite,NQU19-CME,21031893,2019-08-30 14:31:01.020000+00:00,7710.75,{'stop_loss_price': 7710.75}
INVALID_RISK_UNIT,risk_unit == 0 or non-finite,NQU19-CME,21031894,2019-08-30 14:31:01.021000+00:00,7710.75,{'stop_loss_price': 7710.75}
INVALID_RISK_UNIT,risk_unit == 0 or non-finite,NQU19-CME,21031895,2019-08-30 14:31:01.022000+00:00,7710.75,{'stop_loss_price': 7710.75}
INVALID_RISK_UNIT,risk_unit == 0 or non-finite,NQU19-CME,21031896,2019-08-30 14:31:01.023000+00:00,7710.75,{'stop_loss_price': 7710.75}
INVALID_RISK_UNIT,risk_unit == 0 or non-finite,NQU19-CME,21046549,2019-08-30 14:50:32+00:00,7713.0,{'stop_loss_price': 7713.0}
INVALID_RISK_UNIT,risk_unit == 0 or non-finite,NQU19-CME,21046550,2019-08-30 14:50:32.001000+00:00,7713.0,{'stop_loss_price': 7713.0}
INVALID_RISK_UNIT,risk_unit == 0 or non-finite,NQU19-CME,21046551,2019-08-30 14:50:32.002000+00:00,7713.0,{'stop_loss_price': 7713.0}
INVALID_RISK_UNIT,risk_unit == 0 or non-finite,NQU19-CME,21051811,2019-08-30 14:58:51.007000+00:00,7706.0,{'stop_loss_price': 7706.0}
INVALID_RISK_UNIT,risk_unit == 0 or non-finite,NQU19-CME,21051812,2019-08-30 14:58:51.008000+00:00,7706.0,{'stop_loss_price': 7706.0}
INVALID_RISK_UNIT,risk_unit == 0 or non-finite,NQU19-CME,21061581,2019-08-30 15:03:55.018000+00:00,7685.0,{'stop_loss_price': 7685.0}
INVALID_RISK_UNIT,risk_unit == 0 or non-finite,NQU19-CME,21127017,2019-08-30 16:19:05.005000+00:00,7678.5,{'stop_loss_price': 7678.5}
INVALID_RISK_UNIT,risk_unit == 0 or non-finite,NQU19-CME,21248912,2019-09-02 00:17:14.005000+00:00,7633.0,{'stop_loss_price': 7633.0}
INVALID_RISK_UNIT,risk_unit == 0 or non-finite,NQU19-CME,21248913,2019-09-02 00:17:14.006000+00:00,7633.0,{'stop_loss_price': 7633.0}
INVALID_RISK_UNIT,risk_unit == 0 or non-finite,NQU19-CME,21248914,2019-09-02 00:17:14.007000+00:00,7633.0,{'stop_loss_price': 7633.0}
INVALID_RISK_UNIT,risk_unit == 0 or non-finite,NQU19-CME,21248915,2019-09-02 00:17:14.008000+00:00,7633.0,{'stop_loss_price': 7633.0}
INVALID_RISK_UNIT,risk_unit == 0 or non-finite,NQU19-CME,21248916,2019-09-02 00:17:21+00:00,7633.0,{'stop_loss_price': 7633.0}
INVALID_RISK_UNIT,risk_unit == 0 or non-finite,NQU19-CME,21248917,2019-09-02 00:17:21.001000+00:00,7633.0,{'stop_loss_price': 7633.0}
INVALID_RISK_UNIT,risk_unit == 0 or non-finite,NQU19-CME,21264171,2019-09-02 03:32:14+00:00,7633.5,{'stop_loss_price': 7633.5}
INVALID_RISK_UNIT,risk_unit == 0 or non-finite,NQU19-CME,21268286,2019-09-02 05:21:06+00:00,7641.5,{'stop_loss_price': 7641.5}
INVALID_RISK_UNIT,risk_unit == 0 or non-finite,NQU19-CME,21268287,2019-09-02 05:21:06.001000+00:00,7641.5,{'stop_loss_price': 7641.5}
INVALID_RISK_UNIT,risk_unit == 0 or non-finite,NQU19-CME,21268288,2019-09-02 05:21:06.002000+00:00,7641.5,{'stop_loss_price': 7641.5}
INVALID_RISK_UNIT,risk_unit == 0 or non-finite,NQU19-CME,21268289,2019-09-02 05:21:06.003000+00:00,7641.5,{'stop_loss_price': 7641.5}
INVALID_RISK_UNIT,risk_unit == 0 or non-finite,NQU19-CME,21268290,2019-09-02 05:21:06.004000+00:00,7641.5,{'stop_loss_price': 7641.5}
INVALID_RISK_UNIT,risk_unit == 0 or non-finite,NQU19-CME,21268291,2019-09-02 05:21:06.005000+00:00,7641.5,{'stop_loss_price': 7641.5}
INVALID_RISK_UNIT,risk_unit == 0 or non-finite,NQU19-CME,21283432,2019-09-02 07:52:19.001000+00:00,7667.25,{'stop_loss_price': 7667.25}
INVALID_RISK_UNIT,risk_unit == 0 or non-finite,NQU19-CME,21283433,2019-09-02 07:52:19.002000+00:00,7667.25,{'stop_loss_price': 7667.25}
INVALID_RISK_UNIT,risk_unit == 0 or non-finite,NQU19-CME,21283434,2019-09-02 07:52:19.003000+00:00,7667.25,{'stop_loss_price': 7667.25}
INVALID_RISK_UNIT,risk_unit == 0 or non-finite,NQU19-CME,21283435,2019-09-02 07:52:19.004000+00:00,7667.25,{'stop_loss_price': 7667.25}
INVALID_RISK_UNIT,risk_unit == 0 or non-finite,NQU19-CME,21283436,2019-09-02 07:52:19.005000+00:00,7667.25,{'stop_loss_price': 7667.25}
INVALID_RISK_UNIT,risk_unit == 0 or non-finite,NQU19-CME,21283443,2019-09-02 07:52:24+00:00,7667.25,{'stop_loss_price': 7667.25}
INVALID_RISK_UNIT,risk_unit == 0 or non-finite,NQU19-CME,21323304,2019-09-02 14:11:28+00:00,7656.75,{'stop_loss_price': 7656.75}
INVALID_RISK_UNIT,risk_unit == 0 or non-finite,NQU19-CME,21323305,2019-09-02 14:11:28.001000+00:00,7656.75,{'stop_loss_price': 7656.75}
INVALID_RISK_UNIT,risk_unit == 0 or non-finite,NQU19-CME,21329808,2019-09-02 14:56:50.001000+00:00,7667.5,{'stop_loss_price': 7667.5}
INVALID_RISK_UNIT,risk_unit == 0 or non-finite,NQU19-CME,21402724,2019-09-03 06:23:22.001000+00:00,7651.25,{'stop_loss_price': 7651.25}
INVALID_RISK_UNIT,risk_unit == 0 or non-finite,NQU19-CME,21402725,2019-09-03 06:23:22.002000+00:00,7651.25,{'stop_loss_price': 7651.25}
INVALID_RISK_UNIT,risk_unit == 0 or non-finite,NQU19-CME,21402726,2019-09-03 06:23:22.003000+00:00,7651.25,{'stop_loss_price': 7651.25}
INVALID_RISK_UNIT,risk_unit == 0 or non-finite,NQU19-CME,21402727,2019-09-03 06:23:22.004000+00:00,7651.25,{'stop_loss_price': 7651.25}
INVALID_RISK_UNIT,risk_unit == 0 or non-finite,NQU19-CME,21402728,2019-09-03 06:23:22.005000+00:00,7651.25,{'stop_loss_price': 7651.25}
INVALID_RISK_UNIT,risk_unit == 0 or non-finite,NQU19-CME,21427268,2019-09-03 08:08:45.002000+00:00,7616.75,{'stop_loss_price': 7616.75}
INVALID_RISK_UNIT,risk_unit == 0 or non-finite,NQU19-CME,21427269,2019-09-03 08:08:45.003000+00:00,7616.75,{'stop_loss_price': 7616.75}
INVALID_RISK_UNIT,risk_unit == 0 or non-finite,NQU19-CME,21427270,2019-09-03 08:08:45.004000+00:00,7616.75,{'stop_loss_price': 7616.75}
INVALID_RISK_UNIT,risk_unit == 0 or non-finite,NQU19-CME,21427271,2019-09-03 08:08:45.005000+00:00,7616.75,{'stop_loss_price': 7616.75}
INVALID_RISK_UNIT,risk_unit == 0 or non-finite,NQU19-CME,21479860,2019-09-03 12:47:18+00:00,7655.25,{'stop_loss_price': 7655.25}
INVALID_RISK_UNIT,risk_unit == 0 or non-finite,NQU19-CME,21486398,2019-09-03 13:12:06.001000+00:00,7649.5,{'stop_loss_price': 7649.5}
INVALID_RISK_UNIT,risk_unit == 0 or non-finite,NQU19-CME,21486399,2019-09-03 13:12:06.002000+00:00,7649.5,{'stop_loss_price': 7649.5}
INVALID_RISK_UNIT,risk_unit == 0 or non-finite,NQU19-CME,21486400,2019-09-03 13:12:06.003000+00:00,7649.5,{'stop_loss_price': 7649.5}
INVALID_RISK_UNIT,risk_unit == 0 or non-finite,NQU19-CME,21486409,2019-09-03 13:12:06.012000+00:00,7649.5,{'stop_loss_price': 7649.5}
INVALID_RISK_UNIT,risk_unit == 0 or non-finite,NQU19-CME,21489827,2019-09-03 13:18:53.001000+00:00,7644.0,{'stop_loss_price': 7644.0}
INVALID_RISK_UNIT,risk_unit == 0 or non-finite,NQU19-CME,21491973,2019-09-03 13:28:00.066000+00:00,7636.75,{'stop_loss_price': 7636.75}
INVALID_RISK_UNIT,risk_unit == 0 or non-finite,NQU19-CME,21525321,2019-09-03 13:47:38.082000+00:00,7662.75,{'stop_loss_price': 7662.75}
INVALID_RISK_UNIT,risk_unit == 0 or non-finite,NQU19-CME,21556839,2019-09-03 14:04:48.047000+00:00,7612.25,{'stop_loss_price': 7612.25}
INVALID_RISK_UNIT,risk_unit == 0 or non-finite,NQU19-CME,21556847,2019-09-03 14:04:48.055000+00:00,7612.0,{'stop_loss_price': 7612.0}
INVALID_RISK_UNIT,risk_unit == 0 or non-finite,NQU19-CME,21556848,2019-09-03 14:04:48.056000+00:00,7612.0,{'stop_loss_price': 7612.0}
INVALID_RISK_UNIT,risk_unit == 0 or non-finite,NQU19-CME,21556849,2019-09-03 14:04:48.057000+00:00,7612.0,{'stop_loss_price': 7612.0}
INVALID_RISK_UNIT,risk_unit == 0 or non-finite,NQU19-CME,21583632,2019-09-03 14:18:56.018000+00:00,7613.0,{'stop_loss_price': 7613.0}
INVALID_RISK_UNIT,risk_unit == 0 or non-finite,NQU19-CME,21583633,2019-09-03 14:18:56.019000+00:00,7613.0,{'stop_loss_price': 7613.0}
INVALID_RISK_UNIT,risk_unit == 0 or non-finite,NQU19-CME,21583634,2019-09-03 14:18:56.020000+00:00,7613.0,{'stop_loss_price': 7613.0}
INVALID_RISK_UNIT,risk_unit == 0 or non-finite,NQU19-CME,21583635,2019-09-03 14:18:56.021000+00:00,7613.0,{'stop_loss_price': 7613.0}
INVALID_RISK_UNIT,risk_unit == 0 or non-finite,NQU19-CME,21583636,2019-09-03 14:18:56.022000+00:00,7613.0,{'stop_loss_price': 7613.0}
INVALID_RISK_UNIT,risk_unit == 0 or non-finite,NQU19-CME,21583640,2019-09-03 14:18:56.026000+00:00,7613.0,{'stop_loss_price': 7613.0}
INVALID_RISK_UNIT,risk_unit == 0 or non-finite,NQU19-CME,21611188,2019-09-03 14:42:14.052000+00:00,7642.25,{'stop_loss_price': 7642.25}
INVALID_RISK_UNIT,risk_unit == 0 or non-finite,NQU19-CME,21620006,2019-09-03 14:49:36.012000+00:00,7637.0,{'stop_loss_price': 7637.0}
INVALID_RISK_UNIT,risk_unit == 0 or non-finite,NQU19-CME,21659380,2019-09-03 15:32:00.007000+00:00,7627.5,{'stop_loss_price': 7627.5}
INVALID_RISK_UNIT,risk_unit == 0 or non-finite,NQU19-CME,21719207,2019-09-03 17:22:59.005000+00:00,7606.25,{'stop_loss_price': 7606.25}
INVALID_RISK_UNIT,risk_unit == 0 or non-finite,NQU19-CME,21724693,2019-09-03 17:37:36.001000+00:00,7598.75,{'stop_loss_price': 7598.75}
INVALID_RISK_UNIT,risk_unit == 0 or non-finite,NQU19-CME,21801415,2019-09-03 20:05:43.001000+00:00,7610.25,{'stop_loss_price': 7610.25}
INVALID_RISK_UNIT,risk_unit == 0 or non-finite,NQU19-CME,21801416,2019-09-03 20:05:43.002000+00:00,7610.25,{'stop_loss_price': 7610.25}
INVALID_RISK_UNIT,risk_unit == 0 or non-finite,NQU19-CME,21801417,2019-09-03 20:05:43.003000+00:00,7610.25,{'stop_loss_price': 7610.25}
INVALID_RISK_UNIT,risk_unit == 0 or non-finite,NQU19-CME,21801418,2019-09-03 20:05:43.004000+00:00,7610.25,{'stop_loss_price': 7610.25}
INVALID_RISK_UNIT,risk_unit == 0 or non-finite,NQU19-CME,21801419,2019-09-03 20:05:46+00:00,7610.25,{'stop_loss_price': 7610.25}
INVALID_RISK_UNIT,risk_unit == 0 or non-finite,NQU19-CME,21801420,2019-09-03 20:05:46.001000+00:00,7610.25,{'stop_loss_price': 7610.25}
INVALID_RISK_UNIT,risk_unit == 0 or non-finite,NQU19-CME,21803044,2019-09-03 20:13:01+00:00,7619.5,{'stop_loss_price': 7619.5}
INVALID_RISK_UNIT,risk_unit == 0 or non-finite,NQU19-CME,21803045,2019-09-03 20:13:01.001000+00:00,7619.5,{'stop_loss_price': 7619.5}
INVALID_RISK_UNIT,risk_unit == 0 or non-finite,NQU19-CME,21803046,2019-09-03 20:13:01.002000+00:00,7619.5,{'stop_loss_price': 7619.5}
INVALID_RISK_UNIT,risk_unit == 0 or non-finite,NQU19-CME,21803047,2019-09-03 20:13:01.003000+00:00,7619.5,{'stop_loss_price': 7619.5}
INVALID_RISK_UNIT,risk_unit == 0 or non-finite,NQU19-CME,21804894,2019-09-03 20:32:43+00:00,7615.5,{'stop_loss_price': 7615.5}
INVALID_RISK_UNIT,risk_unit == 0 or non-finite,NQU19-CME,21828322,2019-09-04 01:48:08+00:00,7653.75,{'stop_loss_price': 7653.75}
INVALID_RISK_UNIT,risk_unit == 0 or non-finite,NQU19-CME,21828323,2019-09-04 01:48:09+00:00,7653.75,{'stop_loss_price': 7653.75}
INVALID_RISK_UNIT,risk_unit == 0 or non-finite,NQU19-CME,21828324,2019-09-04 01:48:09.001000+00:00,7653.75,{'stop_loss_price': 7653.75}
INVALID_RISK_UNIT,risk_unit == 0 or non-finite,NQU19-CME,21836097,2019-09-04 03:16:02+00:00,7653.25,{'stop_loss_price': 7653.25}
INVALID_RISK_UNIT,risk_unit == 0 or non-finite,NQU19-CME,21836098,2019-09-04 03:16:02.001000+00:00,7653.25,{'stop_loss_price': 7653.25}
INVALID_RISK_UNIT,risk_unit == 0 or non-finite,NQU19-CME,21836099,2019-09-04 03:16:02.002000+00:00,7653.25,{'stop_loss_price': 7653.25}
INVALID_RISK_UNIT,risk_unit == 0 or non-finite,NQU19-CME,21836121,2019-09-04 03:17:02+00:00,7653.25,{'stop_loss_price': 7653.25}
INVALID_RISK_UNIT,risk_unit == 0 or non-finite,NQU19-CME,21836122,2019-09-04 03:17:02.001000+00:00,7653.25,{'stop_loss_price': 7653.25}
INVALID_RISK_UNIT,risk_unit == 0 or non-finite,NQU19-CME,21859785,2019-09-04 06:22:55+00:00,7705.25,{'stop_loss_price': 7705.25}
INVALID_RISK_UNIT,risk_unit == 0 or non-finite,NQU19-CME,21887552,2019-09-04 08:50:04.006000+00:00,7719.0,{'stop_loss_price': 7719.0}
INVALID_RISK_UNIT,risk_unit == 0 or non-finite,NQU19-CME,21887553,2019-09-04 08:50:04.007000+00:00,7719.0,{'stop_loss_price': 7719.0}
INVALID_RISK_UNIT,risk_unit == 0 or non-finite,NQU19-CME,21887554,2019-09-04 08:50:04.008000+00:00,7719.0,{'stop_loss_price': 7719.0}
INVALID_RISK_UNIT,risk_unit == 0 or non-finite,NQU19-CME,21887555,2019-09-04 08:50:04.009000+00:00,7719.0,{'stop_loss_price': 7719.0}
INVALID_RISK_UNIT,risk_unit == 0 or non-finite,NQU19-CME,21887556,2019-09-04 08:50:04.010000+00:00,7719.0,{'stop_loss_price': 7719.0}
INVALID_RISK_UNIT,risk_unit == 0 or non-finite,NQU19-CME,21887557,2019-09-04 08:50:05+00:00,7719.0,{'stop_loss_price': 7719.0}
INVALID_RISK_UNIT,risk_unit == 0 or non-finite,NQU19-CME,21887560,2019-09-04 08:50:07+00:00,7719.0,{'stop_loss_price': 7719.0}
INVALID_RISK_UNIT,risk_unit == 0 or non-finite,NQU19-CME,21887561,2019-09-04 08:50:08+00:00,7719.0,{'stop_loss_price': 7719.0}
INVALID_RISK_UNIT,risk_unit == 0 or non-finite,NQU19-CME,21891712,2019-09-04 09:21:58+00:00,7717.0,{'stop_loss_price': 7717.0}
INVALID_RISK_UNIT,risk_unit == 0 or non-finite,NQU19-CME,21891713,2019-09-04 09:21:58.001000+00:00,7717.0,{'stop_loss_price': 7717.0}
INVALID_RISK_UNIT,risk_unit == 0 or non-finite,NQU19-CME,21891714,2019-09-04 09:21:58.002000+00:00,7717.0,{'stop_loss_price': 7717.0}
INVALID_RISK_UNIT,risk_unit == 0 or non-finite,NQU19-CME,21891718,2019-09-04 09:22:00.003000+00:00,7717.0,{'stop_loss_price': 7717.0}
INVALID_RISK_UNIT,risk_unit == 0 or non-finite,NQU19-CME,21891719,2019-09-04 09:22:02+00:00,7717.0,{'stop_loss_price': 7717.0}
INVALID_RISK_UNIT,risk_unit == 0 or non-finite,NQU19-CME,21891720,2019-09-04 09:22:02.001000+00:00,7717.0,{'stop_loss_price': 7717.0}
INVALID_RISK_UNIT,risk_unit == 0 or non-finite,NQU19-CME,21912469,2019-09-04 11:36:53.004000+00:00,7696.75,{'stop_loss_price': 7696.75}
INVALID_RISK_UNIT,risk_unit == 0 or non-finite,NQU19-CME,21912470,2019-09-04 11:36:53.005000+00:00,7696.75,{'stop_loss_price': 7696.75}
INVALID_RISK_UNIT,risk_unit == 0 or non-finite,NQU19-CME,21912471,2019-09-04 11:36:54+00:00,7696.75,{'stop_loss_price': 7696.75}
INVALID_RISK_UNIT,risk_unit == 0 or non-finite,NQU19-CME,21984674,2019-09-04 14:11:49.012000+00:00,7669.75,{'stop_loss_price': 7669.75}
INVALID_RISK_UNIT,risk_unit == 0 or non-finite,NQU19-CME,22007167,2019-09-04 14:40:11.079000+00:00,7675.25,{'stop_loss_price': 7675.25}
INVALID_RISK_UNIT,risk_unit == 0 or non-finite,NQU19-CME,22007168,2019-09-04 14:40:11.080000+00:00,7675.25,{'stop_loss_price': 7675.25}
INVALID_RISK_UNIT,risk_unit == 0 or non-finite,NQU19-CME,22007169,2019-09-04 14:40:11.081000+00:00,7675.25,{'stop_loss_price': 7675.25}
INVALID_RISK_UNIT,risk_unit == 0 or non-finite,NQU19-CME,22191584,2019-09-05 02:11:57+00:00,7834.25,{'stop_loss_price': 7834.25}
INVALID_RISK_UNIT,risk_unit == 0 or non-finite,NQU19-CME,22191585,2019-09-05 02:11:57.001000+00:00,7834.25,{'stop_loss_price': 7834.25}
INVALID_RISK_UNIT,risk_unit == 0 or non-finite,NQU19-CME,22191586,2019-09-05 02:11:57.002000+00:00,7834.25,{'stop_loss_price': 7834.25}
INVALID_RISK_UNIT,risk_unit == 0 or non-finite,NQU19-CME,22225493,2019-09-05 06:42:47+00:00,7795.75,{'stop_loss_price': 7795.75}
INVALID_RISK_UNIT,risk_unit == 0 or non-finite,NQU19-CME,22225494,2019-09-05 06:42:47.001000+00:00,7795.75,{'stop_loss_price': 7795.75}
INVALID_RISK_UNIT,risk_unit == 0 or non-finite,NQU19-CME,22225495,2019-09-05 06:42:47.002000+00:00,7795.75,{'stop_loss_price': 7795.75}
INVALID_RISK_UNIT,risk_unit == 0 or non-finite,NQU19-CME,22225496,2019-09-05 06:42:47.003000+00:00,7795.75,{'stop_loss_price': 7795.75}
INVALID_RISK_UNIT,risk_unit == 0 or non-finite,NQU19-CME,22225497,2019-09-05 06:42:47.004000+00:00,7795.75,{'stop_loss_price': 7795.75}
INVALID_RISK_UNIT,risk_unit == 0 or non-finite,NQU19-CME,22233074,2019-09-05 07:18:14.006000+00:00,7778.25,{'stop_loss_price': 7778.25}
INVALID_RISK_UNIT,risk_unit == 0 or non-finite,NQU19-CME,22240724,2019-09-05 07:45:27.002000+00:00,7787.75,{'stop_loss_price': 7787.75}
INVALID_RISK_UNIT,risk_unit == 0 or non-finite,NQU19-CME,22240725,2019-09-05 07:45:27.003000+00:00,7787.75,{'stop_loss_price': 7787.75}
INVALID_RISK_UNIT,risk_unit == 0 or non-finite,NQU19-CME,22240726,2019-09-05 07:45:27.004000+00:00,7787.75,{'stop_loss_price': 7787.75}
INVALID_RISK_UNIT,risk_unit == 0 or non-finite,NQU19-CME,22240727,2019-09-05 07:45:27.005000+00:00,7787.75,{'stop_loss_price': 7787.75}
INVALID_RISK_UNIT,risk_unit == 0 or non-finite,NQU19-CME,22242346,2019-09-05 07:50:32.064000+00:00,7784.25,{'stop_loss_price': 7784.25}
INVALID_RISK_UNIT,risk_unit == 0 or non-finite,NQU19-CME,22294303,2019-09-05 13:29:09.033000+00:00,7807.5,{'stop_loss_price': 7807.5}
INVALID_RISK_UNIT,risk_unit == 0 or non-finite,NQU19-CME,22329389,2019-09-05 13:49:40+00:00,7835.75,{'stop_loss_price': 7835.75}
INVALID_RISK_UNIT,risk_unit == 0 or non-finite,NQU19-CME,22329390,2019-09-05 13:49:40.001000+00:00,7835.75,{'stop_loss_price': 7835.75}
INVALID_RISK_UNIT,risk_unit == 0 or non-finite,NQU19-CME,22329391,2019-09-05 13:49:40.002000+00:00,7835.75,{'stop_loss_price': 7835.75}
INVALID_RISK_UNIT,risk_unit == 0 or non-finite,NQU19-CME,22344092,2019-09-05 14:00:45.006000+00:00,7850.25,{'stop_loss_price': 7850.25}
INVALID_RISK_UNIT,risk_unit == 0 or non-finite,NQU19-CME,22344093,2019-09-05 14:00:45.007000+00:00,7850.25,{'stop_loss_price': 7850.25}
INVALID_RISK_UNIT,risk_unit == 0 or non-finite,NQU19-CME,22349372,2019-09-05 14:02:59.004000+00:00,7858.25,{'stop_loss_price': 7858.25}
INVALID_RISK_UNIT,risk_unit == 0 or non-finite,NQU19-CME,22419537,2019-09-05 15:11:43.003000+00:00,7864.5,{'stop_loss_price': 7864.5}
INVALID_RISK_UNIT,risk_unit == 0 or non-finite,NQU19-CME,22436249,2019-09-05 15:41:01.008000+00:00,7864.5,{'stop_loss_price': 7864.5}
INVALID_RISK_UNIT,risk_unit == 0 or non-finite,NQU19-CME,22579263,2019-09-06 05:58:20+00:00,7862.75,{'stop_loss_price': 7862.75}
INVALID_RISK_UNIT,risk_unit == 0 or non-finite,NQU19-CME,22599738,2019-09-06 09:24:24.053000+00:00,7885.0,{'stop_loss_price': 7885.0}
INVALID_RISK_UNIT,risk_unit == 0 or non-finite,NQU19-CME,22629600,2019-09-06 12:37:47+00:00,7877.0,{'stop_loss_price': 7877.0}
INVALID_RISK_UNIT,risk_unit == 0 or non-finite,NQU19-CME,22632336,2019-09-06 12:42:13.006000+00:00,7890.5,{'stop_loss_price': 7890.5}
INVALID_RISK_UNIT,risk_unit == 0 or non-finite,NQU19-CME,22658930,2019-09-06 13:35:34.036000+00:00,7847.0,{'stop_loss_price': 7847.0}
INVALID_RISK_UNIT,risk_unit == 0 or non-finite,NQU19-CME,22667900,2019-09-06 13:41:48+00:00,7845.75,{'stop_loss_price': 7845.75}
INVALID_RISK_UNIT,risk_unit == 0 or non-finite,NQU19-CME,22707902,2019-09-06 14:23:08+00:00,7852.5,{'stop_loss_price': 7852.5}
INVALID_RISK_UNIT,risk_unit == 0 or non-finite,NQU19-CME,22707903,2019-09-06 14:23:08.001000+00:00,7852.5,{'stop_loss_price': 7852.5}
INVALID_RISK_UNIT,risk_unit == 0 or non-finite,NQU19-CME,22707905,2019-09-06 14:23:09+00:00,7852.5,{'stop_loss_price': 7852.5}
INVALID_RISK_UNIT,risk_unit == 0 or non-finite,NQU19-CME,22715404,2019-09-06 14:33:57+00:00,7859.0,{'stop_loss_price': 7859.0}
INVALID_RISK_UNIT,risk_unit == 0 or non-finite,NQU19-CME,22715405,2019-09-06 14:33:57.001000+00:00,7859.0,{'stop_loss_price': 7859.0}
INVALID_RISK_UNIT,risk_unit == 0 or non-finite,NQU19-CME,22715406,2019-09-06 14:33:57.002000+00:00,7859.0,{'stop_loss_price': 7859.0}
INVALID_RISK_UNIT,risk_unit == 0 or non-finite,NQU19-CME,22715407,2019-09-06 14:33:57.003000+00:00,7859.0,{'stop_loss_price': 7859.0}
INVALID_RISK_UNIT,risk_unit == 0 or non-finite,NQU19-CME,22715408,2019-09-06 14:33:57.004000+00:00,7859.0,{'stop_loss_price': 7859.0}
INVALID_RISK_UNIT,risk_unit == 0 or non-finite,NQU19-CME,22715409,2019-09-06 14:33:57.005000+00:00,7859.0,{'stop_loss_price': 7859.0}
INVALID_RISK_UNIT,risk_unit == 0 or non-finite,NQU19-CME,22715410,2019-09-06 14:33:57.006000+00:00,7859.0,{'stop_loss_price': 7859.0}
INVALID_RISK_UNIT,risk_unit == 0 or non-finite,NQU19-CME,22715411,2019-09-06 14:33:57.007000+00:00,7859.0,{'stop_loss_price': 7859.0}
INVALID_RISK_UNIT,risk_unit == 0 or non-finite,NQU19-CME,22877713,2019-09-09 04:33:43+00:00,7871.25,{'stop_loss_price': 7871.25}
INVALID_RISK_UNIT,risk_unit == 0 or non-finite,NQU19-CME,22877714,2019-09-09 04:33:52+00:00,7871.25,{'stop_loss_price': 7871.25}
INVALID_RISK_UNIT,risk_unit == 0 or non-finite,NQU19-CME,22877715,2019-09-09 04:33:52.001000+00:00,7871.25,{'stop_loss_price': 7871.25}
INVALID_RISK_UNIT,risk_unit == 0 or non-finite,NQU19-CME,22877716,2019-09-09 04:33:54+00:00,7871.25,{'stop_loss_price': 7871.25}
INVALID_RISK_UNIT,risk_unit == 0 or non-finite,NQU19-CME,22994777,2019-09-09 14:30:25+00:00,7859.25,{'stop_loss_price': 7859.25}
INVALID_RISK_UNIT,risk_unit == 0 or non-finite,NQU19-CME,23076668,2019-09-09 16:51:43+00:00,7816.25,{'stop_loss_price': 7816.25}
INVALID_RISK_UNIT,risk_unit == 0 or non-finite,NQU19-CME,23076669,2019-09-09 16:51:43.001000+00:00,7816.25,{'stop_loss_price': 7816.25}
INVALID_RISK_UNIT,risk_unit == 0 or non-finite,NQU19-CME,23076670,2019-09-09 16:51:44+00:00,7816.25,{'stop_loss_price': 7816.25}
INVALID_RISK_UNIT,risk_unit == 0 or non-finite,NQU19-CME,23076671,2019-09-09 16:51:44.001000+00:00,7816.25,{'stop_loss_price': 7816.25}
INVALID_RISK_UNIT,risk_unit == 0 or non-finite,NQU19-CME,23076672,2019-09-09 16:51:44.002000+00:00,7816.25,{'stop_loss_price': 7816.25}
INVALID_RISK_UNIT,risk_unit == 0 or non-finite,NQU19-CME,23076673,2019-09-09 16:51:44.003000+00:00,7816.25,{'stop_loss_price': 7816.25}
INVALID_RISK_UNIT,risk_unit == 0 or non-finite,NQU19-CME,23076674,2019-09-09 16:51:44.004000+00:00,7816.25,{'stop_loss_price': 7816.25}
INVALID_RISK_UNIT,risk_unit == 0 or non-finite,NQU19-CME,23076675,2019-09-09 16:51:44.005000+00:00,7816.25,{'stop_loss_price': 7816.25}
INVALID_RISK_UNIT,risk_unit == 0 or non-finite,NQU19-CME,23076676,2019-09-09 16:51:45+00:00,7816.25,{'stop_loss_price': 7816.25}
INVALID_RISK_UNIT,risk_unit == 0 or non-finite,NQU19-CME,23076677,2019-09-09 16:51:45.001000+00:00,7816.25,{'stop_loss_price': 7816.25}
INVALID_RISK_UNIT,risk_unit == 0 or non-finite,NQU19-CME,23076678,2019-09-09 16:51:45.002000+00:00,7816.25,{'stop_loss_price': 7816.25}
INVALID_RISK_UNIT,risk_unit == 0 or non-finite,NQU19-CME,23076679,2019-09-09 16:51:45.003000+00:00,7816.25,{'stop_loss_price': 7816.25}
INVALID_RISK_UNIT,risk_unit == 0 or non-finite,NQU19-CME,23076680,2019-09-09 16:51:45.004000+00:00,7816.25,{'stop_loss_price': 7816.25}
INVALID_RISK_UNIT,risk_unit == 0 or non-finite,NQU19-CME,23076695,2019-09-09 16:51:53+00:00,7816.25,{'stop_loss_price': 7816.25}
INVALID_RISK_UNIT,risk_unit == 0 or non-finite,NQU19-CME,23076696,2019-09-09 16:51:53.001000+00:00,7816.25,{'stop_loss_price': 7816.25}
INVALID_RISK_UNIT,risk_unit == 0 or non-finite,NQU19-CME,23076697,2019-09-09 16:51:53.002000+00:00,7816.25,{'stop_loss_price': 7816.25}
INVALID_RISK_UNIT,risk_unit == 0 or non-finite,NQU19-CME,23076698,2019-09-09 16:51:53.003000+00:00,7816.25,{'stop_loss_price': 7816.25}
INVALID_RISK_UNIT,risk_unit == 0 or non-finite,NQU19-CME,23076699,2019-09-09 16:51:53.004000+00:00,7816.25,{'stop_loss_price': 7816.25}
INVALID_RISK_UNIT,risk_unit == 0 or non-finite,NQU19-CME,23076700,2019-09-09 16:51:53.005000+00:00,7816.25,{'stop_loss_price': 7816.25}
INVALID_RISK_UNIT,risk_unit == 0 or non-finite,NQU19-CME,23076701,2019-09-09 16:51:53.006000+00:00,7816.25,{'stop_loss_price': 7816.25}
INVALID_RISK_UNIT,risk_unit == 0 or non-finite,NQU19-CME,23122339,2019-09-09 18:36:17.002000+00:00,7805.75,{'stop_loss_price': 7805.75}
INVALID_RISK_UNIT,risk_unit == 0 or non-finite,NQU19-CME,23122340,2019-09-09 18:36:18+00:00,7805.75,{'stop_loss_price': 7805.75}
INVALID_RISK_UNIT,risk_unit == 0 or non-finite,NQU19-CME,23122341,2019-09-09 18:36:18.001000+00:00,7805.75,{'stop_loss_price': 7805.75}
INVALID_RISK_UNIT,risk_unit == 0 or non-finite,NQU19-CME,23122342,2019-09-09 18:36:18.002000+00:00,7805.75,{'stop_loss_price': 7805.75}
INVALID_RISK_UNIT,risk_unit == 0 or non-finite,NQU19-CME,23122343,2019-09-09 18:36:18.003000+00:00,7805.75,{'stop_loss_price': 7805.75}
INVALID_RISK_UNIT,risk_unit == 0 or non-finite,NQU19-CME,23122344,2019-09-09 18:36:18.004000+00:00,7805.75,{'stop_loss_price': 7805.75}
INVALID_RISK_UNIT,risk_unit == 0 or non-finite,NQU19-CME,23122345,2019-09-09 18:36:18.005000+00:00,7805.75,{'stop_loss_price': 7805.75}
INVALID_RISK_UNIT,risk_unit == 0 or non-finite,NQU19-CME,23122346,2019-09-09 18:36:18.006000+00:00,7805.75,{'stop_loss_price': 7805.75}
INVALID_RISK_UNIT,risk_unit == 0 or non-finite,NQU19-CME,23122347,2019-09-09 18:36:18.007000+00:00,7805.75,{'stop_loss_price': 7805.75}
INVALID_RISK_UNIT,risk_unit == 0 or non-finite,NQU19-CME,23122348,2019-09-09 18:36:18.008000+00:00,7805.75,{'stop_loss_price': 7805.75}
INVALID_RISK_UNIT,risk_unit == 0 or non-finite,NQU19-CME,23135645,2019-09-09 19:05:11.004000+00:00,7819.25,{'stop_loss_price': 7819.25}
INVALID_RISK_UNIT,risk_unit == 0 or non-finite,NQU19-CME,23135646,2019-09-09 19:05:11.005000+00:00,7819.25,{'stop_loss_price': 7819.25}
INVALID_RISK_UNIT,risk_unit == 0 or non-finite,NQU19-CME,23135647,2019-09-09 19:05:11.006000+00:00,7819.25,{'stop_loss_price': 7819.25}
INVALID_RISK_UNIT,risk_unit == 0 or non-finite,NQU19-CME,23135648,2019-09-09 19:05:11.007000+00:00,7819.25,{'stop_loss_price': 7819.25}
INVALID_RISK_UNIT,risk_unit == 0 or non-finite,NQU19-CME,23135649,2019-09-09 19:05:11.008000+00:00,7819.25,{'stop_loss_price': 7819.25}
INVALID_RISK_UNIT,risk_unit == 0 or non-finite,NQU19-CME,23135650,2019-09-09 19:05:11.009000+00:00,7819.25,{'stop_loss_price': 7819.25}
INVALID_RISK_UNIT,risk_unit == 0 or non-finite,NQU19-CME,23135651,2019-09-09 19:05:11.010000+00:00,7819.25,{'stop_loss_price': 7819.25}
INVALID_RISK_UNIT,risk_unit == 0 or non-finite,NQU19-CME,23135652,2019-09-09 19:05:11.011000+00:00,7819.25,{'stop_loss_price': 7819.25}
INVALID_RISK_UNIT,risk_unit == 0 or non-finite,NQU19-CME,23135653,2019-09-09 19:05:11.012000+00:00,7819.25,{'stop_loss_price': 7819.25}
INVALID_RISK_UNIT,risk_unit == 0 or non-finite,NQU19-CME,23135654,2019-09-09 19:05:11.013000+00:00,7819.25,{'stop_loss_price': 7819.25}
INVALID_RISK_UNIT,risk_unit == 0 or non-finite,NQU19-CME,23135655,2019-09-09 19:05:11.014000+00:00,7819.25,{'stop_loss_price': 7819.25}
INVALID_RISK_UNIT,risk_unit == 0 or non-finite,NQU19-CME,23135656,2019-09-09 19:05:11.015000+00:00,7819.25,{'stop_loss_price': 7819.25}
INVALID_RISK_UNIT,risk_unit == 0 or non-finite,NQU19-CME,23135657,2019-09-09 19:05:11.016000+00:00,7819.25,{'stop_loss_price': 7819.25}
INVALID_RISK_UNIT,risk_unit == 0 or non-finite,NQU19-CME,23135658,2019-09-09 19:05:11.017000+00:00,7819.25,{'stop_loss_price': 7819.25}
INVALID_RISK_UNIT,risk_unit == 0 or non-finite,NQU19-CME,23135659,2019-09-09 19:05:11.018000+00:00,7819.25,{'stop_loss_price': 7819.25}
INVALID_RISK_UNIT,risk_unit == 0 or non-finite,NQU19-CME,23185556,2019-09-10 01:35:04.001000+00:00,7847.0,{'stop_loss_price': 7847.0}
INVALID_RISK_UNIT,risk_unit == 0 or non-finite,NQU19-CME,23185557,2019-09-10 01:35:04.002000+00:00,7847.0,{'stop_loss_price': 7847.0}
INVALID_RISK_UNIT,risk_unit == 0 or non-finite,NQU19-CME,23185561,2019-09-10 01:35:10+00:00,7847.0,{'stop_loss_price': 7847.0}
INVALID_RISK_UNIT,risk_unit == 0 or non-finite,NQU19-CME,23203762,2019-09-10 06:17:49.006000+00:00,7807.0,{'stop_loss_price': 7807.0}
INVALID_RISK_UNIT,risk_unit == 0 or non-finite,NQU19-CME,23203763,2019-09-10 06:17:49.007000+00:00,7807.0,{'stop_loss_price': 7807.0}
INVALID_RISK_UNIT,risk_unit == 0 or non-finite,NQU19-CME,23203764,2019-09-10 06:17:50+00:00,7807.0,{'stop_loss_price': 7807.0}
INVALID_RISK_UNIT,risk_unit == 0 or non-finite,NQU19-CME,23207994,2019-09-10 07:03:26+00:00,7822.25,{'stop_loss_price': 7822.25}
INVALID_RISK_UNIT,risk_unit == 0 or non-finite,NQU19-CME,23250618,2019-09-10 12:17:42.001000+00:00,7806.25,{'stop_loss_price': 7806.25}
INVALID_RISK_UNIT,risk_unit == 0 or non-finite,NQU19-CME,23250619,2019-09-10 12:17:42.002000+00:00,7806.25,{'stop_loss_price': 7806.25}
INVALID_RISK_UNIT,risk_unit == 0 or non-finite,NQU19-CME,23268881,2019-09-10 13:32:18.004000+00:00,7787.5,{'stop_loss_price': 7787.5}
INVALID_RISK_UNIT,risk_unit == 0 or non-finite,NQU19-CME,23268882,2019-09-10 13:32:18.005000+00:00,7787.5,{'stop_loss_price': 7787.5}
INVALID_RISK_UNIT,risk_unit == 0 or non-finite,NQU19-CME,23268883,2019-09-10 13:32:18.006000+00:00,7787.5,{'stop_loss_price': 7787.5}
INVALID_RISK_UNIT,risk_unit == 0 or non-finite,NQU19-CME,23268884,2019-09-10 13:32:18.007000+00:00,7787.5,{'stop_loss_price': 7787.5}
INVALID_RISK_UNIT,risk_unit == 0 or non-finite,NQU19-CME,23336878,2019-09-10 14:14:07+00:00,7762.25,{'stop_loss_price': 7762.25}
INVALID_RISK_UNIT,risk_unit == 0 or non-finite,NQU19-CME,23336879,2019-09-10 14:14:07.001000+00:00,7762.25,{'stop_loss_price': 7762.25}
INVALID_RISK_UNIT,risk_unit == 0 or non-finite,NQU19-CME,23336881,2019-09-10 14:14:07.003000+00:00,7762.25,{'stop_loss_price': 7762.25}
INVALID_RISK_UNIT,risk_unit == 0 or non-finite,NQU19-CME,23371291,2019-09-10 14:44:40.001000+00:00,7775.25,{'stop_loss_price': 7775.25}
INVALID_RISK_UNIT,risk_unit == 0 or non-finite,NQU19-CME,23371292,2019-09-10 14:44:40.002000+00:00,7775.25,{'stop_loss_price': 7775.25}
INVALID_RISK_UNIT,risk_unit == 0 or non-finite,NQU19-CME,23371293,2019-09-10 14:44:40.003000+00:00,7775.25,{'stop_loss_price': 7775.25}
INVALID_RISK_UNIT,risk_unit == 0 or non-finite,NQU19-CME,23371294,2019-09-10 14:44:40.004000+00:00,7775.25,{'stop_loss_price': 7775.25}
INVALID_RISK_UNIT,risk_unit == 0 or non-finite,NQU19-CME,23371295,2019-09-10 14:44:40.005000+00:00,7775.25,{'stop_loss_price': 7775.25}
INVALID_RISK_UNIT,risk_unit == 0 or non-finite,NQU19-CME,23429320,2019-09-10 15:58:02.005000+00:00,7783.0,{'stop_loss_price': 7783.0}
INVALID_RISK_UNIT,risk_unit == 0 or non-finite,NQU19-CME,23429321,2019-09-10 15:58:02.006000+00:00,7783.0,{'stop_loss_price': 7783.0}
INVALID_RISK_UNIT,risk_unit == 0 or non-finite,NQU19-CME,23429322,2019-09-10 15:58:02.007000+00:00,7783.0,{'stop_loss_price': 7783.0}
INVALID_RISK_UNIT,risk_unit == 0 or non-finite,NQU19-CME,23429323,2019-09-10 15:58:02.008000+00:00,7783.0,{'stop_loss_price': 7783.0}
INVALID_RISK_UNIT,risk_unit == 0 or non-finite,NQU19-CME,23429324,2019-09-10 15:58:02.009000+00:00,7783.0,{'stop_loss_price': 7783.0}
INVALID_RISK_UNIT,risk_unit == 0 or non-finite,NQU19-CME,23429327,2019-09-10 15:58:02.012000+00:00,7783.0,{'stop_loss_price': 7783.0}
INVALID_RISK_UNIT,risk_unit == 0 or non-finite,NQU19-CME,23429328,2019-09-10 15:58:03+00:00,7783.0,{'stop_loss_price': 7783.0}
INVALID_RISK_UNIT,risk_unit == 0 or non-finite,NQU19-CME,23429331,2019-09-10 15:58:03.003000+00:00,7783.0,{'stop_loss_price': 7783.0}
INVALID_RISK_UNIT,risk_unit == 0 or non-finite,NQU19-CME,23429332,2019-09-10 15:58:03.004000+00:00,7783.0,{'stop_loss_price': 7783.0}
INVALID_RISK_UNIT,risk_unit == 0 or non-finite,NQU19-CME,23429333,2019-09-10 15:58:03.005000+00:00,7783.0,{'stop_loss_price': 7783.0}
INVALID_RISK_UNIT,risk_unit == 0 or non-finite,NQU19-CME,23429342,2019-09-10 15:58:04.005000+00:00,7783.0,{'stop_loss_price': 7783.0}
INVALID_RISK_UNIT,risk_unit == 0 or non-finite,NQU19-CME,23429343,2019-09-10 15:58:05+00:00,7783.0,{'stop_loss_price': 7783.0}
INVALID_RISK_UNIT,risk_unit == 0 or non-finite,NQU19-CME,23429344,2019-09-10 15:58:05.001000+00:00,7783.0,{'stop_loss_price': 7783.0}
INVALID_RISK_UNIT,risk_unit == 0 or non-finite,NQU19-CME,23429345,2019-09-10 15:58:05.002000+00:00,7783.0,{'stop_loss_price': 7783.0}
INVALID_RISK_UNIT,risk_unit == 0 or non-finite,NQU19-CME,23429346,2019-09-10 15:58:05.003000+00:00,7783.0,{'stop_loss_price': 7783.0}
INVALID_RISK_UNIT,risk_unit == 0 or non-finite,NQU19-CME,23429347,2019-09-10 15:58:05.004000+00:00,7783.0,{'stop_loss_price': 7783.0}
INVALID_RISK_UNIT,risk_unit == 0 or non-finite,NQU19-CME,23429348,2019-09-10 15:58:05.005000+00:00,7783.0,{'stop_loss_price': 7783.0}
INVALID_RISK_UNIT,risk_unit == 0 or non-finite,NQU19-CME,23429349,2019-09-10 15:58:05.006000+00:00,7783.0,{'stop_loss_price': 7783.0}
INVALID_RISK_UNIT,risk_unit == 0 or non-finite,NQU19-CME,23429350,2019-09-10 15:58:06+00:00,7783.0,{'stop_loss_price': 7783.0}
INVALID_RISK_UNIT,risk_unit == 0 or non-finite,NQU19-CME,23429351,2019-09-10 15:58:06.001000+00:00,7783.0,{'stop_loss_price': 7783.0}
INVALID_RISK_UNIT,risk_unit == 0 or non-finite,NQU19-CME,23429352,2019-09-10 15:58:06.002000+00:00,7783.0,{'stop_loss_price': 7783.0}
INVALID_RISK_UNIT,risk_unit == 0 or non-finite,NQU19-CME,23429353,2019-09-10 15:58:06.003000+00:00,7783.0,{'stop_loss_price': 7783.0}
INVALID_RISK_UNIT,risk_unit == 0 or non-finite,NQU19-CME,23429354,2019-09-10 15:58:07+00:00,7783.0,{'stop_loss_price': 7783.0}
INVALID_RISK_UNIT,risk_unit == 0 or non-finite,NQU19-CME,23429355,2019-09-10 15:58:07.001000+00:00,7783.0,{'stop_loss_price': 7783.0}
INVALID_RISK_UNIT,risk_unit == 0 or non-finite,NQU19-CME,23429356,2019-09-10 15:58:07.002000+00:00,7783.0,{'stop_loss_price': 7783.0}
INVALID_RISK_UNIT,risk_unit == 0 or non-finite,NQU19-CME,23432771,2019-09-10 16:02:26.014000+00:00,7777.75,{'stop_loss_price': 7777.75}
INVALID_RISK_UNIT,risk_unit == 0 or non-finite,NQU19-CME,23432772,2019-09-10 16:02:26.015000+00:00,7777.75,{'stop_loss_price': 7777.75}
INVALID_RISK_UNIT,risk_unit == 0 or non-finite,NQU19-CME,23432773,2019-09-10 16:02:26.016000+00:00,7777.75,{'stop_loss_price': 7777.75}
INVALID_RISK_UNIT,risk_unit == 0 or non-finite,NQU19-CME,23432774,2019-09-10 16:02:26.017000+00:00,7777.75,{'stop_loss_price': 7777.75}
INVALID_RISK_UNIT,risk_unit == 0 or non-finite,NQU19-CME,23432775,2019-09-10 16:02:26.018000+00:00,7777.75,{'stop_loss_price': 7777.75}
INVALID_RISK_UNIT,risk_unit == 0 or non-finite,NQU19-CME,23432776,2019-09-10 16:02:26.019000+00:00,7777.75,{'stop_loss_price': 7777.75}
INVALID_RISK_UNIT,risk_unit == 0 or non-finite,NQU19-CME,23432777,2019-09-10 16:02:26.020000+00:00,7777.75,{'stop_loss_price': 7777.75}
INVALID_RISK_UNIT,risk_unit == 0 or non-finite,NQU19-CME,23432778,2019-09-10 16:02:27+00:00,7777.75,{'stop_loss_price': 7777.75}
INVALID_RISK_UNIT,risk_unit == 0 or non-finite,NQU19-CME,23432779,2019-09-10 16:02:27.001000+00:00,7777.75,{'stop_loss_price': 7777.75}
INVALID_RISK_UNIT,risk_unit == 0 or non-finite,NQU19-CME,23432780,2019-09-10 16:02:27.002000+00:00,7777.75,{'stop_loss_price': 7777.75}
INVALID_RISK_UNIT,risk_unit == 0 or non-finite,NQU19-CME,23432781,2019-09-10 16:02:27.003000+00:00,7777.75,{'stop_loss_price': 7777.75}
INVALID_RISK_UNIT,risk_unit == 0 or non-finite,NQU19-CME,23432782,2019-09-10 16:02:27.004000+00:00,7777.75,{'stop_loss_price': 7777.75}
INVALID_RISK_UNIT,risk_unit == 0 or non-finite,NQU19-CME,23432783,2019-09-10 16:02:27.005000+00:00,7777.75,{'stop_loss_price': 7777.75}
INVALID_RISK_UNIT,risk_unit == 0 or non-finite,NQU19-CME,23477215,2019-09-10 17:19:10.001000+00:00,7780.75,{'stop_loss_price': 7780.75}
INVALID_RISK_UNIT,risk_unit == 0 or non-finite,NQU19-CME,23477216,2019-09-10 17:19:10.002000+00:00,7780.75,{'stop_loss_price': 7780.75}
INVALID_RISK_UNIT,risk_unit == 0 or non-finite,NQU19-CME,23477217,2019-09-10 17:19:10.003000+00:00,7780.75,{'stop_loss_price': 7780.75}
INVALID_RISK_UNIT,risk_unit == 0 or non-finite,NQU19-CME,23477218,2019-09-10 17:19:10.004000+00:00,7780.75,{'stop_loss_price': 7780.75}
INVALID_RISK_UNIT,risk_unit == 0 or non-finite,NQU19-CME,23477219,2019-09-10 17:19:10.005000+00:00,7780.75,{'stop_loss_price': 7780.75}
INVALID_RISK_UNIT,risk_unit == 0 or non-finite,NQU19-CME,23477220,2019-09-10 17:19:10.006000+00:00,7780.75,{'stop_loss_price': 7780.75}
INVALID_RISK_UNIT,risk_unit == 0 or non-finite,NQU19-CME,23477221,2019-09-10 17:19:10.007000+00:00,7780.75,{'stop_loss_price': 7780.75}
INVALID_RISK_UNIT,risk_unit == 0 or non-finite,NQU19-CME,23477222,2019-09-10 17:19:10.008000+00:00,7780.75,{'stop_loss_price': 7780.75}
INVALID_RISK_UNIT,risk_unit == 0 or non-finite,NQU19-CME,23477248,2019-09-10 17:19:11.007000+00:00,7780.75,{'stop_loss_price': 7780.75}
INVALID_RISK_UNIT,risk_unit == 0 or non-finite,NQU19-CME,23501424,2019-09-10 18:12:51.004000+00:00,7776.75,{'stop_loss_price': 7776.75}
INVALID_RISK_UNIT,risk_unit == 0 or non-finite,NQU19-CME,23501425,2019-09-10 18:12:51.005000+00:00,7776.75,{'stop_loss_price': 7776.75}
INVALID_RISK_UNIT,risk_unit == 0 or non-finite,NQU19-CME,23501428,2019-09-10 18:12:52.002000+00:00,7776.75,{'stop_loss_price': 7776.75}
INVALID_RISK_UNIT,risk_unit == 0 or non-finite,NQU19-CME,23501429,2019-09-10 18:12:52.003000+00:00,7776.75,{'stop_loss_price': 7776.75}
INVALID_RISK_UNIT,risk_unit == 0 or non-finite,NQU19-CME,23501430,2019-09-10 18:12:52.004000+00:00,7776.75,{'stop_loss_price': 7776.75}
INVALID_RISK_UNIT,risk_unit == 0 or non-finite,NQU19-CME,23501431,2019-09-10 18:12:52.005000+00:00,7776.75,{'stop_loss_price': 7776.75}
INVALID_RISK_UNIT,risk_unit == 0 or non-finite,NQU19-CME,23541629,2019-09-10 19:46:51.028000+00:00,7785.75,{'stop_loss_price': 7785.75}
INVALID_RISK_UNIT,risk_unit == 0 or non-finite,NQU19-CME,23541630,2019-09-10 19:46:51.029000+00:00,7785.75,{'stop_loss_price': 7785.75}
INVALID_RISK_UNIT,risk_unit == 0 or non-finite,NQU19-CME,23541631,2019-09-10 19:46:51.030000+00:00,7785.75,{'stop_loss_price': 7785.75}
INVALID_RISK_UNIT,risk_unit == 0 or non-finite,NQU19-CME,23541632,2019-09-10 19:46:51.031000+00:00,7785.75,{'stop_loss_price': 7785.75}
INVALID_RISK_UNIT,risk_unit == 0 or non-finite,NQU19-CME,23541633,2019-09-10 19:46:51.032000+00:00,7785.75,{'stop_loss_price': 7785.75}
INVALID_RISK_UNIT,risk_unit == 0 or non-finite,NQU19-CME,23541634,2019-09-10 19:46:51.033000+00:00,7785.75,{'stop_loss_price': 7785.75}
INVALID_RISK_UNIT,risk_unit == 0 or non-finite,NQU19-CME,23541635,2019-09-10 19:46:51.034000+00:00,7785.75,{'stop_loss_price': 7785.75}
INVALID_RISK_UNIT,risk_unit == 0 or non-finite,NQU19-CME,23541636,2019-09-10 19:46:51.035000+00:00,7785.75,{'stop_loss_price': 7785.75}
INVALID_RISK_UNIT,risk_unit == 0 or non-finite,NQU19-CME,23541637,2019-09-10 19:46:51.036000+00:00,7785.75,{'stop_loss_price': 7785.75}
INVALID_RISK_UNIT,risk_unit == 0 or non-finite,NQU19-CME,23541638,2019-09-10 19:46:51.037000+00:00,7785.75,{'stop_loss_price': 7785.75}
INVALID_RISK_UNIT,risk_unit == 0 or non-finite,NQU19-CME,23541639,2019-09-10 19:46:51.038000+00:00,7785.75,{'stop_loss_price': 7785.75}
INVALID_RISK_UNIT,risk_unit == 0 or non-finite,NQU19-CME,23541640,2019-09-10 19:46:51.039000+00:00,7785.75,{'stop_loss_price': 7785.75}
INVALID_RISK_UNIT,risk_unit == 0 or non-finite,NQU19-CME,23541641,2019-09-10 19:46:51.040000+00:00,7785.75,{'stop_loss_price': 7785.75}
INVALID_RISK_UNIT,risk_unit == 0 or non-finite,NQU19-CME,23541642,2019-09-10 19:46:51.041000+00:00,7785.75,{'stop_loss_price': 7785.75}
INVALID_RISK_UNIT,risk_unit == 0 or non-finite,NQU19-CME,23541643,2019-09-10 19:46:51.042000+00:00,7785.75,{'stop_loss_price': 7785.75}
INVALID_RISK_UNIT,risk_unit == 0 or non-finite,NQU19-CME,23568679,2019-09-11 00:10:47.025000+00:00,7802.75,{'stop_loss_price': 7802.75}
INVALID_RISK_UNIT,risk_unit == 0 or non-finite,NQU19-CME,23568680,2019-09-11 00:10:47.026000+00:00,7802.75,{'stop_loss_price': 7802.75}
INVALID_RISK_UNIT,risk_unit == 0 or non-finite,NQU19-CME,23568681,2019-09-11 00:10:47.027000+00:00,7802.75,{'stop_loss_price': 7802.75}
INVALID_RISK_UNIT,risk_unit == 0 or non-finite,NQU19-CME,23568774,2019-09-11 00:11:03.005000+00:00,7802.0,{'stop_loss_price': 7802.0}
INVALID_RISK_UNIT,risk_unit == 0 or non-finite,NQU19-CME,23568775,2019-09-11 00:11:03.006000+00:00,7802.0,{'stop_loss_price': 7802.0}
INVALID_RISK_UNIT,risk_unit == 0 or non-finite,NQU19-CME,23568776,2019-09-11 00:11:03.007000+00:00,7802.0,{'stop_loss_price': 7802.0}
INVALID_RISK_UNIT,risk_unit == 0 or non-finite,NQU19-CME,23568777,2019-09-11 00:11:03.008000+00:00,7802.0,{'stop_loss_price': 7802.0}
INVALID_RISK_UNIT,risk_unit == 0 or non-finite,NQU19-CME,23568778,2019-09-11 00:11:03.009000+00:00,7802.0,{'stop_loss_price': 7802.0}
INVALID_RISK_UNIT,risk_unit == 0 or non-finite,NQU19-CME,23568779,2019-09-11 00:11:03.010000+00:00,7802.0,{'stop_loss_price': 7802.0}
INVALID_RISK_UNIT,risk_unit == 0 or non-finite,NQU19-CME,23568780,2019-09-11 00:11:03.011000+00:00,7802.0,{'stop_loss_price': 7802.0}
INVALID_RISK_UNIT,risk_unit == 0 or non-finite,NQU19-CME,23568781,2019-09-11 00:11:03.012000+00:00,7802.0,{'stop_loss_price': 7802.0}
INVALID_RISK_UNIT,risk_unit == 0 or non-finite,NQU19-CME,23570688,2019-09-11 00:45:29+00:00,7798.5,{'stop_loss_price': 7798.5}
INVALID_RISK_UNIT,risk_unit == 0 or non-finite,NQU19-CME,23570689,2019-09-11 00:45:30+00:00,7798.5,{'stop_loss_price': 7798.5}
INVALID_RISK_UNIT,risk_unit == 0 or non-finite,NQU19-CME,23570690,2019-09-11 00:45:32+00:00,7798.5,{'stop_loss_price': 7798.5}
INVALID_RISK_UNIT,risk_unit == 0 or non-finite,NQU19-CME,23570691,2019-09-11 00:45:32.001000+00:00,7798.5,{'stop_loss_price': 7798.5}
INVALID_RISK_UNIT,risk_unit == 0 or non-finite,NQU19-CME,23570692,2019-09-11 00:45:32.002000+00:00,7798.5,{'stop_loss_price': 7798.5}
INVALID_RISK_UNIT,risk_unit == 0 or non-finite,NQU19-CME,23575997,2019-09-11 02:08:37+00:00,7796.0,{'stop_loss_price': 7796.0}
INVALID_RISK_UNIT,risk_unit == 0 or non-finite,NQU19-CME,23613075,2019-09-11 08:27:22.022000+00:00,7820.5,{'stop_loss_price': 7820.5}
INVALID_RISK_UNIT,risk_unit == 0 or non-finite,NQU19-CME,23718081,2019-09-11 14:01:10.010000+00:00,7846.5,{'stop_loss_price': 7846.5}
INVALID_RISK_UNIT,risk_unit == 0 or non-finite,NQU19-CME,23745320,2019-09-11 14:25:17.078000+00:00,7859.75,{'stop_loss_price': 7859.75}
INVALID_RISK_UNIT,risk_unit == 0 or non-finite,NQU19-CME,23745321,2019-09-11 14:25:17.079000+00:00,7859.75,{'stop_loss_price': 7859.75}
INVALID_RISK_UNIT,risk_unit == 0 or non-finite,NQU19-CME,23745322,2019-09-11 14:25:17.080000+00:00,7859.75,{'stop_loss_price': 7859.75}
INVALID_RISK_UNIT,risk_unit == 0 or non-finite,NQU19-CME,23745323,2019-09-11 14:25:17.081000+00:00,7859.75,{'stop_loss_price': 7859.75}
INVALID_RISK_UNIT,risk_unit == 0 or non-finite,NQU19-CME,23745324,2019-09-11 14:25:17.082000+00:00,7859.75,{'stop_loss_price': 7859.75}
INVALID_RISK_UNIT,risk_unit == 0 or non-finite,NQU19-CME,23745325,2019-09-11 14:25:17.083000+00:00,7859.75,{'stop_loss_price': 7859.75}
INVALID_RISK_UNIT,risk_unit == 0 or non-finite,NQU19-CME,23745326,2019-09-11 14:25:17.084000+00:00,7859.75,{'stop_loss_price': 7859.75}
INVALID_RISK_UNIT,risk_unit == 0 or non-finite,NQU19-CME,23745327,2019-09-11 14:25:17.085000+00:00,7859.75,{'stop_loss_price': 7859.75}
INVALID_RISK_UNIT,risk_unit == 0 or non-finite,NQU19-CME,23745328,2019-09-11 14:25:17.086000+00:00,7859.75,{'stop_loss_price': 7859.75}
INVALID_RISK_UNIT,risk_unit == 0 or non-finite,NQU19-CME,23745329,2019-09-11 14:25:17.087000+00:00,7859.75,{'stop_loss_price': 7859.75}
INVALID_RISK_UNIT,risk_unit == 0 or non-finite,NQU19-CME,23762629,2019-09-11 14:48:20.004000+00:00,7860.25,{'stop_loss_price': 7860.25}
INVALID_RISK_UNIT,risk_unit == 0 or non-finite,NQU19-CME,23818180,2019-09-11 16:47:04.003000+00:00,7885.5,{'stop_loss_price': 7885.5}
INVALID_RISK_UNIT,risk_unit == 0 or non-finite,NQU19-CME,23818181,2019-09-11 16:47:04.004000+00:00,7885.5,{'stop_loss_price': 7885.5}
INVALID_RISK_UNIT,risk_unit == 0 or non-finite,NQU19-CME,23862644,2019-09-11 19:20:43+00:00,7873.25,{'stop_loss_price': 7873.25}
INVALID_RISK_UNIT,risk_unit == 0 or non-finite,NQU19-CME,23897927,2019-09-11 22:00:10+00:00,7893.0,{'stop_loss_price': 7893.0}
INVALID_RISK_UNIT,risk_unit == 0 or non-finite,NQU19-CME,23897928,2019-09-11 22:00:10.001000+00:00,7893.0,{'stop_loss_price': 7893.0}
INVALID_RISK_UNIT,risk_unit == 0 or non-finite,NQU19-CME,23897929,2019-09-11 22:00:10.002000+00:00,7893.0,{'stop_loss_price': 7893.0}
INVALID_RISK_UNIT,risk_unit == 0 or non-finite,NQU19-CME,23897930,2019-09-11 22:00:10.003000+00:00,7893.0,{'stop_loss_price': 7893.0}
INVALID_RISK_UNIT,risk_unit == 0 or non-finite,NQU19-CME,23897939,2019-09-11 22:00:16+00:00,7893.0,{'stop_loss_price': 7893.0}
INVALID_RISK_UNIT,risk_unit == 0 or non-finite,NQU19-CME,23897940,2019-09-11 22:00:16.001000+00:00,7893.0,{'stop_loss_price': 7893.0}
INVALID_RISK_UNIT,risk_unit == 0 or non-finite,NQU19-CME,23943346,2019-09-12 06:26:44.002000+00:00,7927.25,{'stop_loss_price': 7927.25}
INVALID_RISK_UNIT,risk_unit == 0 or non-finite,NQU19-CME,23943347,2019-09-12 06:26:44.003000+00:00,7927.25,{'stop_loss_price': 7927.25}
INVALID_RISK_UNIT,risk_unit == 0 or non-finite,NQU19-CME,23973365,2019-09-12 11:45:19.032000+00:00,7907.0,{'stop_loss_price': 7907.0}
INVALID_RISK_UNIT,risk_unit == 0 or non-finite,NQU19-CME,24008561,2019-09-12 13:30:38.023000+00:00,7934.5,{'stop_loss_price': 7934.5}
INVALID_RISK_UNIT,risk_unit == 0 or non-finite,NQU19-CME,24008562,2019-09-12 13:30:38.024000+00:00,7934.5,{'stop_loss_price': 7934.5}
INVALID_RISK_UNIT,risk_unit == 0 or non-finite,NQU19-CME,24008563,2019-09-12 13:30:38.025000+00:00,7934.5,{'stop_loss_price': 7934.5}
INVALID_RISK_UNIT,risk_unit == 0 or non-finite,NQU19-CME,24008564,2019-09-12 13:30:38.026000+00:00,7934.5,{'stop_loss_price': 7934.5}
INVALID_RISK_UNIT,risk_unit == 0 or non-finite,NQU19-CME,24008565,2019-09-12 13:30:38.027000+00:00,7934.5,{'stop_loss_price': 7934.5}
INVALID_RISK_UNIT,risk_unit == 0 or non-finite,NQU19-CME,24008566,2019-09-12 13:30:38.028000+00:00,7934.5,{'stop_loss_price': 7934.5}
INVALID_RISK_UNIT,risk_unit == 0 or non-finite,NQU19-CME,24008567,2019-09-12 13:30:38.029000+00:00,7934.5,{'stop_loss_price': 7934.5}
INVALID_RISK_UNIT,risk_unit == 0 or non-finite,NQU19-CME,24008568,2019-09-12 13:30:38.030000+00:00,7934.5,{'stop_loss_price': 7934.5}
INVALID_RISK_UNIT,risk_unit == 0 or non-finite,NQU19-CME,24008569,2019-09-12 13:30:38.031000+00:00,7934.5,{'stop_loss_price': 7934.5}
INVALID_RISK_UNIT,risk_unit == 0 or non-finite,NQU19-CME,24008570,2019-09-12 13:30:38.032000+00:00,7934.5,{'stop_loss_price': 7934.5}
INVALID_RISK_UNIT,risk_unit == 0 or non-finite,NQU19-CME,24008571,2019-09-12 13:30:38.033000+00:00,7934.5,{'stop_loss_price': 7934.5}
INVALID_RISK_UNIT,risk_unit == 0 or non-finite,NQU19-CME,24008572,2019-09-12 13:30:38.034000+00:00,7934.5,{'stop_loss_price': 7934.5}
INVALID_RISK_UNIT,risk_unit == 0 or non-finite,NQU19-CME,24012742,2019-09-12 13:31:35.036000+00:00,7943.75,{'stop_loss_price': 7943.75}
INVALID_RISK_UNIT,risk_unit == 0 or non-finite,NQU19-CME,24040926,2019-09-12 13:45:46.035000+00:00,7931.25,{'stop_loss_price': 7931.25}
INVALID_RISK_UNIT,risk_unit == 0 or non-finite,NQU19-CME,24135137,2019-09-12 14:51:22.031000+00:00,7922.0,{'stop_loss_price': 7922.0}
INVALID_RISK_UNIT,risk_unit == 0 or non-finite,NQU19-CME,24146340,2019-09-12 14:56:15.001000+00:00,7935.0,{'stop_loss_price': 7935.0}
INVALID_RISK_UNIT,risk_unit == 0 or non-finite,NQU19-CME,24146341,2019-09-12 14:56:15.002000+00:00,7935.0,{'stop_loss_price': 7935.0}
INVALID_RISK_UNIT,risk_unit == 0 or non-finite,NQU19-CME,24153700,2019-09-12 15:04:48.007000+00:00,7932.25,{'stop_loss_price': 7932.25}
INVALID_RISK_UNIT,risk_unit == 0 or non-finite,NQU19-CME,24153701,2019-09-12 15:04:48.008000+00:00,7932.25,{'stop_loss_price': 7932.25}
INVALID_RISK_UNIT,risk_unit == 0 or non-finite,NQU19-CME,24153702,2019-09-12 15:04:48.009000+00:00,7932.25,{'stop_loss_price': 7932.25}
INVALID_RISK_UNIT,risk_unit == 0 or non-finite,NQU19-CME,24153703,2019-09-12 15:04:48.010000+00:00,7932.25,{'stop_loss_price': 7932.25}
INVALID_RISK_UNIT,risk_unit == 0 or non-finite,NQU19-CME,24153704,2019-09-12 15:04:48.011000+00:00,7932.25,{'stop_loss_price': 7932.25}
INVALID_RISK_UNIT,risk_unit == 0 or non-finite,NQU19-CME,24178794,2019-09-12 15:54:30.004000+00:00,7951.5,{'stop_loss_price': 7951.5}
INVALID_RISK_UNIT,risk_unit == 0 or non-finite,NQU19-CME,24259692,2019-09-12 19:55:35.018000+00:00,7929.25,{'stop_loss_price': 7929.25}
INVALID_RISK_UNIT,risk_unit == 0 or non-finite,NQU19-CME,24259693,2019-09-12 19:55:35.019000+00:00,7929.25,{'stop_loss_price': 7929.25}
INVALID_RISK_UNIT,risk_unit == 0 or non-finite,NQU19-CME,24259694,2019-09-12 19:55:35.020000+00:00,7929.25,{'stop_loss_price': 7929.25}
INVALID_RISK_UNIT,risk_unit == 0 or non-finite,NQU19-CME,24259695,2019-09-12 19:55:35.021000+00:00,7929.25,{'stop_loss_price': 7929.25}
INVALID_RISK_UNIT,risk_unit == 0 or non-finite,NQU19-CME,24259696,2019-09-12 19:55:35.022000+00:00,7929.25,{'stop_loss_price': 7929.25}
INVALID_RISK_UNIT,risk_unit == 0 or non-finite,NQU19-CME,24259697,2019-09-12 19:55:35.023000+00:00,7929.25,{'stop_loss_price': 7929.25}
INVALID_RISK_UNIT,risk_unit == 0 or non-finite,NQU19-CME,24266285,2019-09-12 19:59:58.140000+00:00,7921.75,{'stop_loss_price': 7921.75}
INVALID_RISK_UNIT,risk_unit == 0 or non-finite,NQU19-CME,24266286,2019-09-12 19:59:58.141000+00:00,7921.75,{'stop_loss_price': 7921.75}
INVALID_RISK_UNIT,risk_unit == 0 or non-finite,NQU19-CME,24266287,2019-09-12 19:59:58.142000+00:00,7921.75,{'stop_loss_price': 7921.75}
INVALID_RISK_UNIT,risk_unit == 0 or non-finite,NQU19-CME,24266288,2019-09-12 19:59:58.143000+00:00,7921.75,{'stop_loss_price': 7921.75}
INVALID_RISK_UNIT,risk_unit == 0 or non-finite,NQU19-CME,24266289,2019-09-12 19:59:58.144000+00:00,7921.75,{'stop_loss_price': 7921.75}
INVALID_RISK_UNIT,risk_unit == 0 or non-finite,NQU19-CME,24276456,2019-09-13 00:05:01+00:00,7929.0,{'stop_loss_price': 7929.0}
INVALID_RISK_UNIT,risk_unit == 0 or non-finite,NQU19-CME,24289304,2019-09-13 07:14:08.002000+00:00,7934.25,{'stop_loss_price': 7934.25}
INVALID_RISK_UNIT,risk_unit == 0 or non-finite,NQU19-CME,24291488,2019-09-13 07:36:44+00:00,7947.0,{'stop_loss_price': 7947.0}
