code,message,contract,row_index,timestamp_utc,price,context
INVALID_RISK_UNIT,risk_unit == 0 or non-finite,NQZ13-CME,1297,2013-09-15 22:12:00+00:00,3204.25,{'stop_loss_price': 3204.25}
INVALID_RISK_UNIT,risk_unit == 0 or non-finite,NQZ13-CME,1298,2013-09-15 22:12:00.001000+00:00,3204.25,{'stop_loss_price': 3204.25}
INVALID_RISK_UNIT,risk_unit == 0 or non-finite,NQZ13-CME,1299,2013-09-15 22:12:00.002000+00:00,3204.25,{'stop_loss_price': 3204.25}
INVALID_RISK_UNIT,risk_unit == 0 or non-finite,NQZ13-CME,1300,2013-09-15 22:12:04+00:00,3204.25,{'stop_loss_price': 3204.25}
INVALID_RISK_UNIT,risk_unit == 0 or non-finite,NQZ13-CME,1301,2013-09-15 22:12:04.001000+00:00,3204.25,{'stop_loss_price': 3204.25}
INVALID_RISK_UNIT,risk_unit == 0 or non-finite,NQZ13-CME,1302,2013-09-15 22:12:08+00:00,3204.25,{'stop_loss_price': 3204.25}
INVALID_RISK_UNIT,risk_unit == 0 or non-finite,NQZ13-CME,1309,2013-09-15 22:12:46+00:00,3204.25,{'stop_loss_price': 3204.25}
INVALID_RISK_UNIT,risk_unit == 0 or non-finite,NQZ13-CME,1310,2013-09-15 22:12:46.001000+00:00,3204.25,{'stop_loss_price': 3204.25}
INVALID_RISK_UNIT,risk_unit == 0 or non-finite,NQZ13-CME,57121,2013-09-16 14:58:03+00:00,3175.25,{'stop_loss_price': 3175.25}
INVALID_RISK_UNIT,risk_unit == 0 or non-finite,NQZ13-CME,57122,2013-09-16 14:58:03.001000+00:00,3175.25,{'stop_loss_price': 3175.25}
INVALID_RISK_UNIT,risk_unit == 0 or non-finite,NQZ13-CME,57123,2013-09-16 14:58:03.002000+00:00,3175.25,{'stop_loss_price': 3175.25}
INVALID_RISK_UNIT,risk_unit == 0 or non-finite,NQZ13-CME,57124,2013-09-16 14:58:03.003000+00:00,3175.25,{'stop_loss_price': 3175.25}
INVALID_RISK_UNIT,risk_unit == 0 or non-finite,NQZ13-CME,57125,2013-09-16 14:58:03.004000+00:00,3175.25,{'stop_loss_price': 3175.25}
INVALID_RISK_UNIT,risk_unit == 0 or non-finite,NQZ13-CME,57128,2013-09-16 14:58:07+00:00,3175.25,{'stop_loss_price': 3175.25}
INVALID_RISK_UNIT,risk_unit == 0 or non-finite,NQZ13-CME,57129,2013-09-16 14:58:07.001000+00:00,3175.25,{'stop_loss_price': 3175.25}
INVALID_RISK_UNIT,risk_unit == 0 or non-finite,NQZ13-CME,57130,2013-09-16 14:58:07.002000+00:00,3175.25,{'stop_loss_price': 3175.25}
INVALID_RISK_UNIT,risk_unit == 0 or non-finite,NQZ13-CME,57131,2013-09-16 14:58:07.003000+00:00,3175.25,{'stop_loss_price': 3175.25}
INVALID_RISK_UNIT,risk_unit == 0 or non-finite,NQZ13-CME,57132,2013-09-16 14:58:07.004000+00:00,3175.25,{'stop_loss_price': 3175.25}
INVALID_RISK_UNIT,risk_unit == 0 or non-finite,NQZ13-CME,57133,2013-09-16 14:58:07.005000+00:00,3175.25,{'stop_loss_price': 3175.25}
INVALID_RISK_UNIT,risk_unit == 0 or non-finite,NQZ13-CME,57134,2013-09-16 14:58:07.006000+00:00,3175.25,{'stop_loss_price': 3175.25}
INVALID_RISK_UNIT,risk_unit == 0 or non-finite,NQZ13-CME,57135,2013-09-16 14:58:07.007000+00:00,3175.25,{'stop_loss_price': 3175.25}
INVALID_RISK_UNIT,risk_unit == 0 or non-finite,NQZ13-CME,57136,2013-09-16 14:58:07.008000+00:00,3175.25,{'stop_loss_price': 3175.25}
INVALID_RISK_UNIT,risk_unit == 0 or non-finite,NQZ13-CME,57137,2013-09-16 14:58:07.009000+00:00,3175.25,{'stop_loss_price': 3175.25}
INVALID_RISK_UNIT,risk_unit == 0 or non-finite,NQZ13-CME,60817,2013-09-16 15:11:45.001000+00:00,3176.5,{'stop_loss_price': 3176.5}
INVALID_RISK_UNIT,risk_unit == 0 or non-finite,NQZ13-CME,60818,2013-09-16 15:11:45.002000+00:00,3176.5,{'stop_loss_price': 3176.5}
INVALID_RISK_UNIT,risk_unit == 0 or non-finite,NQZ13-CME,60825,2013-09-16 15:11:52+00:00,3176.5,{'stop_loss_price': 3176.5}
INVALID_RISK_UNIT,risk_unit == 0 or non-finite,NQZ13-CME,60826,2013-09-16 15:11:52.001000+00:00,3176.5,{'stop_loss_price': 3176.5}
INVALID_RISK_UNIT,risk_unit == 0 or non-finite,NQZ13-CME,60827,2013-09-16 15:11:52.002000+00:00,3176.5,{'stop_loss_price': 3176.5}
INVALID_RISK_UNIT,risk_unit == 0 or non-finite,NQZ13-CME,60828,2013-09-16 15:11:52.003000+00:00,3176.5,{'stop_loss_price': 3176.5}
INVALID_RISK_UNIT,risk_unit == 0 or non-finite,NQZ13-CME,60829,2013-09-16 15:11:52.004000+00:00,3176.5,{'stop_loss_price': 3176.5}
INVALID_RISK_UNIT,risk_unit == 0 or non-finite,NQZ13-CME,60830,2013-09-16 15:11:52.005000+00:00,3176.5,{'stop_loss_price': 3176.5}
INVALID_RISK_UNIT,risk_unit == 0 or non-finite,NQZ13-CME,60831,2013-09-16 15:11:52.006000+00:00,3176.5,{'stop_loss_price': 3176.5}
INVALID_RISK_UNIT,risk_unit == 0 or non-finite,NQZ13-CME,60832,2013-09-16 15:11:52.007000+00:00,3176.5,{'stop_loss_price': 3176.5}
INVALID_RISK_UNIT,risk_unit == 0 or non-finite,NQZ13-CME,60833,2013-09-16 15:11:52.008000+00:00,3176.5,{'stop_loss_price': 3176.5}
INVALID_RISK_UNIT,risk_unit == 0 or non-finite,NQZ13-CME,60834,2013-09-16 15:11:52.009000+00:00,3176.5,{'stop_loss_price': 3176.5}
INVALID_RISK_UNIT,risk_unit == 0 or non-finite,NQZ13-CME,60835,2013-09-16 15:11:54+00:00,3176.5,{'stop_loss_price': 3176.5}
INVALID_RISK_UNIT,risk_unit == 0 or non-finite,NQZ13-CME,60836,2013-09-16 15:11:54.001000+00:00,3176.5,{'stop_loss_price': 3176.5}
INVALID_RISK_UNIT,risk_unit == 0 or non-finite,NQZ13-CME,60837,2013-09-16 15:11:54.002000+00:00,3176.5,{'stop_loss_price': 3176.5}
INVALID_RISK_UNIT,risk_unit == 0 or non-finite,NQZ13-CME,60838,2013-09-16 15:11:54.003000+00:00,3176.5,{'stop_loss_price': 3176.5}
INVALID_RISK_UNIT,risk_unit == 0 or non-finite,NQZ13-CME,60839,2013-09-16 15:11:54.004000+00:00,3176.5,{'stop_loss_price': 3176.5}
INVALID_RISK_UNIT,risk_unit == 0 or non-finite,NQZ13-CME,60840,2013-09-16 15:11:56+00:00,3176.5,{'stop_loss_price': 3176.5}
INVALID_RISK_UNIT,risk_unit == 0 or non-finite,NQZ13-CME,60841,2013-09-16 15:11:57+00:00,3176.5,{'stop_loss_price': 3176.5}
INVALID_RISK_UNIT,risk_unit == 0 or non-finite,NQZ13-CME,60842,2013-09-16 15:11:58+00:00,3176.5,{'stop_loss_price': 3176.5}
INVALID_RISK_UNIT,risk_unit == 0 or non-finite,NQZ13-CME,60843,2013-09-16 15:11:58.001000+00:00,3176.5,{'stop_loss_price': 3176.5}
INVALID_RISK_UNIT,risk_unit == 0 or non-finite,NQZ13-CME,109383,2013-09-16 19:53:16+00:00,3160.0,{'stop_loss_price': 3160.0}
INVALID_RISK_UNIT,risk_unit == 0 or non-finite,NQZ13-CME,109384,2013-09-16 19:53:16.001000+00:00,3160.0,{'stop_loss_price': 3160.0}
INVALID_RISK_UNIT,risk_unit == 0 or non-finite,NQZ13-CME,109385,2013-09-16 19:53:16.002000+00:00,3160.0,{'stop_loss_price': 3160.0}
INVALID_RISK_UNIT,risk_unit == 0 or non-finite,NQZ13-CME,109386,2013-09-16 19:53:16.003000+00:00,3160.0,{'stop_loss_price': 3160.0}
INVALID_RISK_UNIT,risk_unit == 0 or non-finite,NQZ13-CME,203864,2013-09-18 08:42:54+00:00,3192.0,{'stop_loss_price': 3192.0}
INVALID_RISK_UNIT,risk_unit == 0 or non-finite,NQZ13-CME,203865,2013-09-18 08:42:54.001000+00:00,3192.0,{'stop_loss_price': 3192.0}
INVALID_RISK_UNIT,risk_unit == 0 or non-finite,NQZ13-CME,203866,2013-09-18 08:42:54.002000+00:00,3192.0,{'stop_loss_price': 3192.0}
INVALID_RISK_UNIT,risk_unit == 0 or non-finite,NQZ13-CME,203867,2013-09-18 08:42:54.003000+00:00,3192.0,{'stop_loss_price': 3192.0}
INVALID_RISK_UNIT,risk_unit == 0 or non-finite,NQZ13-CME,203868,2013-09-18 08:42:54.004000+00:00,3192.0,{'stop_loss_price': 3192.0}
INVALID_RISK_UNIT,risk_unit == 0 or non-finite,NQZ13-CME,300252,2013-09-18 18:57:36.014000+00:00,3222.75,{'stop_loss_price': 3222.75}
INVALID_RISK_UNIT,risk_unit == 0 or non-finite,NQZ13-CME,300253,2013-09-18 18:57:36.015000+00:00,3222.75,{'stop_loss_price': 3222.75}
INVALID_RISK_UNIT,risk_unit == 0 or non-finite,NQZ13-CME,300254,2013-09-18 18:57:36.016000+00:00,3222.75,{'stop_loss_price': 3222.75}
INVALID_RISK_UNIT,risk_unit == 0 or non-finite,NQZ13-CME,300255,2013-09-18 18:57:36.017000+00:00,3222.75,{'stop_loss_price': 3222.75}
INVALID_RISK_UNIT,risk_unit == 0 or non-finite,NQZ13-CME,300256,2013-09-18 18:57:36.018000+00:00,3222.75,{'stop_loss_price': 3222.75}
INVALID_RISK_UNIT,risk_unit == 0 or non-finite,NQZ13-CME,300265,2013-09-18 18:57:36.027000+00:00,3222.75,{'stop_loss_price': 3222.75}
INVALID_RISK_UNIT,risk_unit == 0 or non-finite,NQZ13-CME,300266,2013-09-18 18:57:36.028000+00:00,3222.75,{'stop_loss_price': 3222.75}
INVALID_RISK_UNIT,risk_unit == 0 or non-finite,NQZ13-CME,300267,2013-09-18 18:57:36.029000+00:00,3222.75,{'stop_loss_price': 3222.75}
INVALID_RISK_UNIT,risk_unit == 0 or non-finite,NQZ13-CME,300268,2013-09-18 18:57:36.030000+00:00,3222.75,{'stop_loss_price': 3222.75}
INVALID_RISK_UNIT,risk_unit == 0 or non-finite,NQZ13-CME,300269,2013-09-18 18:57:36.031000+00:00,3222.75,{'stop_loss_price': 3222.75}
INVALID_RISK_UNIT,risk_unit == 0 or non-finite,NQZ13-CME,300270,2013-09-18 18:57:36.032000+00:00,3222.75,{'stop_loss_price': 3222.75}
INVALID_RISK_UNIT,risk_unit == 0 or non-finite,NQZ13-CME,300271,2013-09-18 18:57:36.033000+00:00,3222.75,{'stop_loss_price': 3222.75}
INVALID_RISK_UNIT,risk_unit == 0 or non-finite,NQZ13-CME,300272,2013-09-18 18:57:36.034000+00:00,3222.75,{'stop_loss_price': 3222.75}
INVALID_RISK_UNIT,risk_unit == 0 or non-finite,NQZ13-CME,300273,2013-09-18 18:57:37+00:00,3222.75,{'stop_loss_price': 3222.75}
INVALID_RISK_UNIT,risk_unit == 0 or non-finite,NQZ13-CME,300274,2013-09-18 18:57:37.001000+00:00,3222.75,{'stop_loss_price': 3222.75}
INVALID_RISK_UNIT,risk_unit == 0 or non-finite,NQZ13-CME,300275,2013-09-18 18:57:37.002000+00:00,3222.75,{'stop_loss_price': 3222.75}
INVALID_RISK_UNIT,risk_unit == 0 or non-finite,NQZ13-CME,300276,2013-09-18 18:57:37.003000+00:00,3222.75,{'stop_loss_price': 3222.75}
INVALID_RISK_UNIT,risk_unit == 0 or non-finite,NQZ13-CME,300277,2013-09-18 18:57:37.004000+00:00,3222.75,{'stop_loss_price': 3222.75}
INVALID_RISK_UNIT,risk_unit == 0 or non-finite,NQZ13-CME,300278,2013-09-18 18:57:37.005000+00:00,3222.75,{'stop_loss_price': 3222.75}
INVALID_RISK_UNIT,risk_unit == 0 or non-finite,NQZ13-CME,300279,2013-09-18 18:57:37.006000+00:00,3222.75,{'stop_loss_price': 3222.75}
INVALID_RISK_UNIT,risk_unit == 0 or non-finite,NQZ13-CME,300280,2013-09-18 18:57:37.007000+00:00,3222.75,{'stop_loss_price': 3222.75}
INVALID_RISK_UNIT,risk_unit == 0 or non-finite,NQZ13-CME,300281,2013-09-18 18:57:37.008000+00:00,3222.75,{'stop_loss_price': 3222.75}
INVALID_RISK_UNIT,risk_unit == 0 or non-finite,NQZ13-CME,300282,2013-09-18 18:57:37.009000+00:00,3222.75,{'stop_loss_price': 3222.75}
INVALID_RISK_UNIT,risk_unit == 0 or non-finite,NQZ13-CME,300283,2013-09-18 18:57:37.010000+00:00,3222.75,{'stop_loss_price': 3222.75}
INVALID_RISK_UNIT,risk_unit == 0 or non-finite,NQZ13-CME,300284,2013-09-18 18:57:37.011000+00:00,3222.75,{'stop_loss_price': 3222.75}
INVALID_RISK_UNIT,risk_unit == 0 or non-finite,NQZ13-CME,346998,2013-09-19 12:38:06.001000+00:00,3230.5,{'stop_loss_price': 3230.5}
INVALID_RISK_UNIT,risk_unit == 0 or non-finite,NQZ13-CME,346999,2013-09-19 12:38:06.002000+00:00,3230.5,{'stop_loss_price': 3230.5}
INVALID_RISK_UNIT,risk_unit == 0 or non-finite,NQZ13-CME,366245,2013-09-19 13:47:50.002000+00:00,3228.5,{'stop_loss_price': 3228.5}
INVALID_RISK_UNIT,risk_unit == 0 or non-finite,NQZ13-CME,366246,2013-09-19 13:47:50.003000+00:00,3228.5,{'stop_loss_price': 3228.5}
INVALID_RISK_UNIT,risk_unit == 0 or non-finite,NQZ13-CME,366247,2013-09-19 13:47:50.004000+00:00,3228.5,{'stop_loss_price': 3228.5}
INVALID_RISK_UNIT,risk_unit == 0 or non-finite,NQZ13-CME,366253,2013-09-19 13:47:51.001000+00:00,3228.5,{'stop_loss_price': 3228.5}
INVALID_RISK_UNIT,risk_unit == 0 or non-finite,NQZ13-CME,366254,2013-09-19 13:47:51.002000+00:00,3228.5,{'stop_loss_price': 3228.5}
INVALID_RISK_UNIT,risk_unit == 0 or non-finite,NQZ13-CME,366255,2013-09-19 13:47:51.003000+00:00,3228.5,{'stop_loss_price': 3228.5}
INVALID_RISK_UNIT,risk_unit == 0 or non-finite,NQZ13-CME,366256,2013-09-19 13:47:51.004000+00:00,3228.5,{'stop_loss_price': 3228.5}
INVALID_RISK_UNIT,risk_unit == 0 or non-finite,NQZ13-CME,366257,2013-09-19 13:47:51.005000+00:00,3228.5,{'stop_loss_price': 3228.5}
INVALID_RISK_UNIT,risk_unit == 0 or non-finite,NQZ13-CME,366258,2013-09-19 13:47:51.006000+00:00,3228.5,{'stop_loss_price': 3228.5}
INVALID_RISK_UNIT,risk_unit == 0 or non-finite,NQZ13-CME,366259,2013-09-19 13:47:51.007000+00:00,3228.5,{'stop_loss_price': 3228.5}
INVALID_RISK_UNIT,risk_unit == 0 or non-finite,NQZ13-CME,415731,2013-09-19 18:12:34+00:00,3227.75,{'stop_loss_price': 3227.75}
INVALID_RISK_UNIT,risk_unit == 0 or non-finite,NQZ13-CME,415732,2013-09-19 18:12:34.001000+00:00,3227.75,{'stop_loss_price': 3227.75}
INVALID_RISK_UNIT,risk_unit == 0 or non-finite,NQZ13-CME,415733,2013-09-19 18:12:34.002000+00:00,3227.75,{'stop_loss_price': 3227.75}
INVALID_RISK_UNIT,risk_unit == 0 or non-finite,NQZ13-CME,415734,2013-09-19 18:12:34.003000+00:00,3227.75,{'stop_loss_price': 3227.75}
INVALID_RISK_UNIT,risk_unit == 0 or non-finite,NQZ13-CME,415738,2013-09-19 18:12:43+00:00,3227.75,{'stop_loss_price': 3227.75}
INVALID_RISK_UNIT,risk_unit == 0 or non-finite,NQZ13-CME,415739,2013-09-19 18:12:43.001000+00:00,3227.75,{'stop_loss_price': 3227.75}
INVALID_RISK_UNIT,risk_unit == 0 or non-finite,NQZ13-CME,415740,2013-09-19 18:12:43.002000+00:00,3227.75,{'stop_loss_price': 3227.75}
INVALID_RISK_UNIT,risk_unit == 0 or non-finite,NQZ13-CME,415741,2013-09-19 18:12:43.003000+00:00,3227.75,{'stop_loss_price': 3227.75}
INVALID_RISK_UNIT,risk_unit == 0 or non-finite,NQZ13-CME,415742,2013-09-19 18:12:43.004000+00:00,3227.75,{'stop_loss_price': 3227.75}
INVALID_RISK_UNIT,risk_unit == 0 or non-finite,NQZ13-CME,415743,2013-09-19 18:12:43.005000+00:00,3227.75,{'stop_loss_price': 3227.75}
INVALID_RISK_UNIT,risk_unit == 0 or non-finite,NQZ13-CME,415744,2013-09-19 18:12:43.006000+00:00,3227.75,{'stop_loss_price': 3227.75}
INVALID_RISK_UNIT,risk_unit == 0 or non-finite,NQZ13-CME,415745,2013-09-19 18:12:43.007000+00:00,3227.75,{'stop_loss_price': 3227.75}
INVALID_RISK_UNIT,risk_unit == 0 or non-finite,NQZ13-CME,415746,2013-09-19 18:12:43.008000+00:00,3227.75,{'stop_loss_price': 3227.75}
INVALID_RISK_UNIT,risk_unit == 0 or non-finite,NQZ13-CME,415747,2013-09-19 18:12:43.009000+00:00,3227.75,{'stop_loss_price': 3227.75}
INVALID_RISK_UNIT,risk_unit == 0 or non-finite,NQZ13-CME,415748,2013-09-19 18:12:43.010000+00:00,3227.75,{'stop_loss_price': 3227.75}
INVALID_RISK_UNIT,risk_unit == 0 or non-finite,NQZ13-CME,415749,2013-09-19 18:12:43.011000+00:00,3227.75,{'stop_loss_price': 3227.75}
INVALID_RISK_UNIT,risk_unit == 0 or non-finite,NQZ13-CME,415750,2013-09-19 18:12:43.012000+00:00,3227.75,{'stop_loss_price': 3227.75}
INVALID_RISK_UNIT,risk_unit == 0 or non-finite,NQZ13-CME,415751,2013-09-19 18:12:43.013000+00:00,3227.75,{'stop_loss_price': 3227.75}
INVALID_RISK_UNIT,risk_unit == 0 or non-finite,NQZ13-CME,415752,2013-09-19 18:12:43.014000+00:00,3227.75,{'stop_loss_price': 3227.75}
INVALID_RISK_UNIT,risk_unit == 0 or non-finite,NQZ13-CME,415753,2013-09-19 18:12:43.015000+00:00,3227.75,{'stop_loss_price': 3227.75}
INVALID_RISK_UNIT,risk_unit == 0 or non-finite,NQZ13-CME,415754,2013-09-19 18:12:43.016000+00:00,3227.75,{'stop_loss_price': 3227.75}
INVALID_RISK_UNIT,risk_unit == 0 or non-finite,NQZ13-CME,415755,2013-09-19 18:12:43.017000+00:00,3227.75,{'stop_loss_price': 3227.75}
INVALID_RISK_UNIT,risk_unit == 0 or non-finite,NQZ13-CME,434134,2013-09-19 20:01:48+00:00,3230.75,{'stop_loss_price': 3230.75}
INVALID_RISK_UNIT,risk_unit == 0 or non-finite,NQZ13-CME,434135,2013-09-19 20:01:48.001000+00:00,3230.75,{'stop_loss_price': 3230.75}
INVALID_RISK_UNIT,risk_unit == 0 or non-finite,NQZ13-CME,434136,2013-09-19 20:01:48.002000+00:00,3230.75,{'stop_loss_price': 3230.75}
INVALID_RISK_UNIT,risk_unit == 0 or non-finite,NQZ13-CME,434137,2013-09-19 20:01:48.003000+00:00,3230.75,{'stop_loss_price': 3230.75}
INVALID_RISK_UNIT,risk_unit == 0 or non-finite,NQZ13-CME,434138,2013-09-19 20:01:48.004000+00:00,3230.75,{'stop_loss_price': 3230.75}
INVALID_RISK_UNIT,risk_unit == 0 or non-finite,NQZ13-CME,434139,2013-09-19 20:01:48.005000+00:00,3230.75,{'stop_loss_price': 3230.75}
INVALID_RISK_UNIT,risk_unit == 0 or non-finite,NQZ13-CME,434140,2013-09-19 20:01:48.006000+00:00,3230.75,{'stop_loss_price': 3230.75}
INVALID_RISK_UNIT,risk_unit == 0 or non-finite,NQZ13-CME,434141,2013-09-19 20:01:48.007000+00:00,3230.75,{'stop_loss_price': 3230.75}
INVALID_RISK_UNIT,risk_unit == 0 or non-finite,NQZ13-CME,434142,2013-09-19 20:01:48.008000+00:00,3230.75,{'stop_loss_price': 3230.75}
INVALID_RISK_UNIT,risk_unit == 0 or non-finite,NQZ13-CME,434143,2013-09-19 20:01:48.009000+00:00,3230.75,{'stop_loss_price': 3230.75}
INVALID_RISK_UNIT,risk_unit == 0 or non-finite,NQZ13-CME,434144,2013-09-19 20:01:48.010000+00:00,3230.75,{'stop_loss_price': 3230.75}
INVALID_RISK_UNIT,risk_unit == 0 or non-finite,NQZ13-CME,434145,2013-09-19 20:01:48.011000+00:00,3230.75,{'stop_loss_price': 3230.75}
INVALID_RISK_UNIT,risk_unit == 0 or non-finite,NQZ13-CME,434146,2013-09-19 20:01:48.012000+00:00,3230.75,{'stop_loss_price': 3230.75}
INVALID_RISK_UNIT,risk_unit == 0 or non-finite,NQZ13-CME,434147,2013-09-19 20:01:48.013000+00:00,3230.75,{'stop_loss_price': 3230.75}
INVALID_RISK_UNIT,risk_unit == 0 or non-finite,NQZ13-CME,434148,2013-09-19 20:01:48.014000+00:00,3230.75,{'stop_loss_price': 3230.75}
INVALID_RISK_UNIT,risk_unit == 0 or non-finite,NQZ13-CME,434149,2013-09-19 20:01:48.015000+00:00,3230.75,{'stop_loss_price': 3230.75}
INVALID_RISK_UNIT,risk_unit == 0 or non-finite,NQZ13-CME,434150,2013-09-19 20:01:48.016000+00:00,3230.75,{'stop_loss_price': 3230.75}
INVALID_RISK_UNIT,risk_unit == 0 or non-finite,NQZ13-CME,434151,2013-09-19 20:01:48.017000+00:00,3230.75,{'stop_loss_price': 3230.75}
INVALID_RISK_UNIT,risk_unit == 0 or non-finite,NQZ13-CME,434152,2013-09-19 20:01:48.018000+00:00,3230.75,{'stop_loss_price': 3230.75}
INVALID_RISK_UNIT,risk_unit == 0 or non-finite,NQZ13-CME,434153,2013-09-19 20:01:48.019000+00:00,3230.75,{'stop_loss_price': 3230.75}
INVALID_RISK_UNIT,risk_unit == 0 or non-finite,NQZ13-CME,434154,2013-09-19 20:01:48.020000+00:00,3230.75,{'stop_loss_price': 3230.75}
INVALID_RISK_UNIT,risk_unit == 0 or non-finite,NQZ13-CME,434155,2013-09-19 20:01:48.021000+00:00,3230.75,{'stop_loss_price': 3230.75}
INVALID_RISK_UNIT,risk_unit == 0 or non-finite,NQZ13-CME,434156,2013-09-19 20:01:48.022000+00:00,3230.75,{'stop_loss_price': 3230.75}
INVALID_RISK_UNIT,risk_unit == 0 or non-finite,NQZ13-CME,434157,2013-09-19 20:01:48.023000+00:00,3230.75,{'stop_loss_price': 3230.75}
INVALID_RISK_UNIT,risk_unit == 0 or non-finite,NQZ13-CME,434158,2013-09-19 20:01:48.024000+00:00,3230.75,{'stop_loss_price': 3230.75}
INVALID_RISK_UNIT,risk_unit == 0 or non-finite,NQZ13-CME,434159,2013-09-19 20:01:48.025000+00:00,3230.75,{'stop_loss_price': 3230.75}
INVALID_RISK_UNIT,risk_unit == 0 or non-finite,NQZ13-CME,434160,2013-09-19 20:01:48.026000+00:00,3230.75,{'stop_loss_price': 3230.75}
INVALID_RISK_UNIT,risk_unit == 0 or non-finite,NQZ13-CME,434161,2013-09-19 20:01:48.027000+00:00,3230.75,{'stop_loss_price': 3230.75}
INVALID_RISK_UNIT,risk_unit == 0 or non-finite,NQZ13-CME,434162,2013-09-19 20:01:48.028000+00:00,3230.75,{'stop_loss_price': 3230.75}
INVALID_RISK_UNIT,risk_unit == 0 or non-finite,NQZ13-CME,434163,2013-09-19 20:01:48.029000+00:00,3230.75,{'stop_loss_price': 3230.75}
INVALID_RISK_UNIT,risk_unit == 0 or non-finite,NQZ13-CME,515527,2013-09-20 17:27:09.017000+00:00,3224.0,{'stop_loss_price': 3224.0}
INVALID_RISK_UNIT,risk_unit == 0 or non-finite,NQZ13-CME,573857,2013-09-23 13:26:47.020000+00:00,3232.25,{'stop_loss_price': 3232.25}
INVALID_RISK_UNIT,risk_unit == 0 or non-finite,NQZ13-CME,593802,2013-09-23 13:58:30.022000+00:00,3221.5,{'stop_loss_price': 3221.5}
INVALID_RISK_UNIT,risk_unit == 0 or non-finite,NQZ13-CME,593803,2013-09-23 13:58:30.023000+00:00,3221.5,{'stop_loss_price': 3221.5}
INVALID_RISK_UNIT,risk_unit == 0 or non-finite,NQZ13-CME,593804,2013-09-23 13:58:30.024000+00:00,3221.5,{'stop_loss_price': 3221.5}
INVALID_RISK_UNIT,risk_unit == 0 or non-finite,NQZ13-CME,598486,2013-09-23 14:08:02+00:00,3216.0,{'stop_loss_price': 3216.0}
INVALID_RISK_UNIT,risk_unit == 0 or non-finite,NQZ13-CME,598487,2013-09-23 14:08:02.001000+00:00,3216.0,{'stop_loss_price': 3216.0}
INVALID_RISK_UNIT,risk_unit == 0 or non-finite,NQZ13-CME,598488,2013-09-23 14:08:02.002000+00:00,3216.0,{'stop_loss_price': 3216.0}
INVALID_RISK_UNIT,risk_unit == 0 or non-finite,NQZ13-CME,598489,2013-09-23 14:08:02.003000+00:00,3216.0,{'stop_loss_price': 3216.0}
INVALID_RISK_UNIT,risk_unit == 0 or non-finite,NQZ13-CME,598490,2013-09-23 14:08:02.004000+00:00,3216.0,{'stop_loss_price': 3216.0}
INVALID_RISK_UNIT,risk_unit == 0 or non-finite,NQZ13-CME,598491,2013-09-23 14:08:02.005000+00:00,3216.0,{'stop_loss_price': 3216.0}
INVALID_RISK_UNIT,risk_unit == 0 or non-finite,NQZ13-CME,598492,2013-09-23 14:08:02.006000+00:00,3216.0,{'stop_loss_price': 3216.0}
INVALID_RISK_UNIT,risk_unit == 0 or non-finite,NQZ13-CME,598493,2013-09-23 14:08:02.007000+00:00,3216.0,{'stop_loss_price': 3216.0}
INVALID_RISK_UNIT,risk_unit == 0 or non-finite,NQZ13-CME,598494,2013-09-23 14:08:02.008000+00:00,3216.0,{'stop_loss_price': 3216.0}
INVALID_RISK_UNIT,risk_unit == 0 or non-finite,NQZ13-CME,598495,2013-09-23 14:08:02.009000+00:00,3216.0,{'stop_loss_price': 3216.0}
INVALID_RISK_UNIT,risk_unit == 0 or non-finite,NQZ13-CME,818192,2013-09-25 13:48:32.002000+00:00,3207.25,{'stop_loss_price': 3207.25}
INVALID_RISK_UNIT,risk_unit == 0 or non-finite,NQZ13-CME,818193,2013-09-25 13:48:32.003000+00:00,3207.25,{'stop_loss_price': 3207.25}
INVALID_RISK_UNIT,risk_unit == 0 or non-finite,NQZ13-CME,818194,2013-09-25 13:48:32.004000+00:00,3207.25,{'stop_loss_price': 3207.25}
INVALID_RISK_UNIT,risk_unit == 0 or non-finite,NQZ13-CME,818195,2013-09-25 13:48:32.005000+00:00,3207.25,{'stop_loss_price': 3207.25}
INVALID_RISK_UNIT,risk_unit == 0 or non-finite,NQZ13-CME,818196,2013-09-25 13:48:32.006000+00:00,3207.25,{'stop_loss_price': 3207.25}
INVALID_RISK_UNIT,risk_unit == 0 or non-finite,NQZ13-CME,818197,2013-09-25 13:48:32.007000+00:00,3207.25,{'stop_loss_price': 3207.25}
INVALID_RISK_UNIT,risk_unit == 0 or non-finite,NQZ13-CME,818198,2013-09-25 13:48:32.008000+00:00,3207.25,{'stop_loss_price': 3207.25}
INVALID_RISK_UNIT,risk_unit == 0 or non-finite,NQZ13-CME,818199,2013-09-25 13:48:32.009000+00:00,3207.25,{'stop_loss_price': 3207.25}
INVALID_RISK_UNIT,risk_unit == 0 or non-finite,NQZ13-CME,818200,2013-09-25 13:48:32.010000+00:00,3207.25,{'stop_loss_price': 3207.25}
INVALID_RISK_UNIT,risk_unit == 0 or non-finite,NQZ13-CME,818201,2013-09-25 13:48:35+00:00,3207.25,{'stop_loss_price': 3207.25}
INVALID_RISK_UNIT,risk_unit == 0 or non-finite,NQZ13-CME,818202,2013-09-25 13:48:35.001000+00:00,3207.25,{'stop_loss_price': 3207.25}
INVALID_RISK_UNIT,risk_unit == 0 or non-finite,NQZ13-CME,883308,2013-09-25 17:28:44+00:00,3210.5,{'stop_loss_price': 3210.5}
INVALID_RISK_UNIT,risk_unit == 0 or non-finite,NQZ13-CME,883309,2013-09-25 17:28:44.001000+00:00,3210.5,{'stop_loss_price': 3210.5}
INVALID_RISK_UNIT,risk_unit == 0 or non-finite,NQZ13-CME,883310,2013-09-25 17:28:44.002000+00:00,3210.5,{'stop_loss_price': 3210.5}
INVALID_RISK_UNIT,risk_unit == 0 or non-finite,NQZ13-CME,883311,2013-09-25 17:28:44.003000+00:00,3210.5,{'stop_loss_price': 3210.5}
INVALID_RISK_UNIT,risk_unit == 0 or non-finite,NQZ13-CME,883312,2013-09-25 17:28:44.004000+00:00,3210.5,{'stop_loss_price': 3210.5}
INVALID_RISK_UNIT,risk_unit == 0 or non-finite,NQZ13-CME,883313,2013-09-25 17:28:44.005000+00:00,3210.5,{'stop_loss_price': 3210.5}
INVALID_RISK_UNIT,risk_unit == 0 or non-finite,NQZ13-CME,883314,2013-09-25 17:28:44.006000+00:00,3210.5,{'stop_loss_price': 3210.5}
INVALID_RISK_UNIT,risk_unit == 0 or non-finite,NQZ13-CME,883315,2013-09-25 17:28:44.007000+00:00,3210.5,{'stop_loss_price': 3210.5}
INVALID_RISK_UNIT,risk_unit == 0 or non-finite,NQZ13-CME,883316,2013-09-25 17:28:44.008000+00:00,3210.5,{'stop_loss_price': 3210.5}
INVALID_RISK_UNIT,risk_unit == 0 or non-finite,NQZ13-CME,883317,2013-09-25 17:28:44.009000+00:00,3210.5,{'stop_loss_price': 3210.5}
INVALID_RISK_UNIT,risk_unit == 0 or non-finite,NQZ13-CME,883318,2013-09-25 17:28:44.010000+00:00,3210.5,{'stop_loss_price': 3210.5}
INVALID_RISK_UNIT,risk_unit == 0 or non-finite,NQZ13-CME,883319,2013-09-25 17:28:44.011000+00:00,3210.5,{'stop_loss_price': 3210.5}
INVALID_RISK_UNIT,risk_unit == 0 or non-finite,NQZ13-CME,883320,2013-09-25 17:28:44.012000+00:00,3210.5,{'stop_loss_price': 3210.5}
INVALID_RISK_UNIT,risk_unit == 0 or non-finite,NQZ13-CME,883321,2013-09-25 17:28:44.013000+00:00,3210.5,{'stop_loss_price': 3210.5}
INVALID_RISK_UNIT,risk_unit == 0 or non-finite,NQZ13-CME,883322,2013-09-25 17:28:46+00:00,3210.5,{'stop_loss_price': 3210.5}
INVALID_RISK_UNIT,risk_unit == 0 or non-finite,NQZ13-CME,883323,2013-09-25 17:28:49+00:00,3210.5,{'stop_loss_price': 3210.5}
INVALID_RISK_UNIT,risk_unit == 0 or non-finite,NQZ13-CME,883324,2013-09-25 17:28:49.001000+00:00,3210.5,{'stop_loss_price': 3210.5}
INVALID_RISK_UNIT,risk_unit == 0 or non-finite,NQZ13-CME,883325,2013-09-25 17:28:49.002000+00:00,3210.5,{'stop_loss_price': 3210.5}
INVALID_RISK_UNIT,risk_unit == 0 or non-finite,NQZ13-CME,883326,2013-09-25 17:28:49.003000+00:00,3210.5,{'stop_loss_price': 3210.5}
INVALID_RISK_UNIT,risk_unit == 0 or non-finite,NQZ13-CME,883327,2013-09-25 17:28:49.004000+00:00,3210.5,{'stop_loss_price': 3210.5}
INVALID_RISK_UNIT,risk_unit == 0 or non-finite,NQZ13-CME,883328,2013-09-25 17:28:49.005000+00:00,3210.5,{'stop_loss_price': 3210.5}
INVALID_RISK_UNIT,risk_unit == 0 or non-finite,NQZ13-CME,883329,2013-09-25 17:28:49.006000+00:00,3210.5,{'stop_loss_price': 3210.5}
INVALID_RISK_UNIT,risk_unit == 0 or non-finite,NQZ13-CME,883330,2013-09-25 17:28:49.007000+00:00,3210.5,{'stop_loss_price': 3210.5}
INVALID_RISK_UNIT,risk_unit == 0 or non-finite,NQZ13-CME,883331,2013-09-25 17:28:49.008000+00:00,3210.5,{'stop_loss_price': 3210.5}
INVALID_RISK_UNIT,risk_unit == 0 or non-finite,NQZ13-CME,883332,2013-09-25 17:28:49.009000+00:00,3210.5,{'stop_loss_price': 3210.5}
INVALID_RISK_UNIT,risk_unit == 0 or non-finite,NQZ13-CME,883333,2013-09-25 17:28:49.010000+00:00,3210.5,{'stop_loss_price': 3210.5}
INVALID_RISK_UNIT,risk_unit == 0 or non-finite,NQZ13-CME,883334,2013-09-25 17:28:49.011000+00:00,3210.5,{'stop_loss_price': 3210.5}
INVALID_RISK_UNIT,risk_unit == 0 or non-finite,NQZ13-CME,883335,2013-09-25 17:28:49.012000+00:00,3210.5,{'stop_loss_price': 3210.5}
INVALID_RISK_UNIT,risk_unit == 0 or non-finite,NQZ13-CME,883336,2013-09-25 17:28:49.013000+00:00,3210.5,{'stop_loss_price': 3210.5}
INVALID_RISK_UNIT,risk_unit == 0 or non-finite,NQZ13-CME,883337,2013-09-25 17:28:49.014000+00:00,3210.5,{'stop_loss_price': 3210.5}
INVALID_RISK_UNIT,risk_unit == 0 or non-finite,NQZ13-CME,883338,2013-09-25 17:28:49.015000+00:00,3210.5,{'stop_loss_price': 3210.5}
INVALID_RISK_UNIT,risk_unit == 0 or non-finite,NQZ13-CME,883339,2013-09-25 17:28:50+00:00,3210.5,{'stop_loss_price': 3210.5}
INVALID_RISK_UNIT,risk_unit == 0 or non-finite,NQZ13-CME,883340,2013-09-25 17:28:50.001000+00:00,3210.5,{'stop_loss_price': 3210.5}
INVALID_RISK_UNIT,risk_unit == 0 or non-finite,NQZ13-CME,883351,2013-09-25 17:28:55+00:00,3210.5,{'stop_loss_price': 3210.5}
INVALID_RISK_UNIT,risk_unit == 0 or non-finite,NQZ13-CME,883352,2013-09-25 17:28:55.001000+00:00,3210.5,{'stop_loss_price': 3210.5}
INVALID_RISK_UNIT,risk_unit == 0 or non-finite,NQZ13-CME,883353,2013-09-25 17:28:55.002000+00:00,3210.5,{'stop_loss_price': 3210.5}
INVALID_RISK_UNIT,risk_unit == 0 or non-finite,NQZ13-CME,883354,2013-09-25 17:28:55.003000+00:00,3210.5,{'stop_loss_price': 3210.5}
INVALID_RISK_UNIT,risk_unit == 0 or non-finite,NQZ13-CME,883355,2013-09-25 17:28:55.004000+00:00,3210.5,{'stop_loss_price': 3210.5}
INVALID_RISK_UNIT,risk_unit == 0 or non-finite,NQZ13-CME,883356,2013-09-25 17:28:55.005000+00:00,3210.5,{'stop_loss_price': 3210.5}
INVALID_RISK_UNIT,risk_unit == 0 or non-finite,NQZ13-CME,883357,2013-09-25 17:28:55.006000+00:00,3210.5,{'stop_loss_price': 3210.5}
INVALID_RISK_UNIT,risk_unit == 0 or non-finite,NQZ13-CME,883358,2013-09-25 17:28:55.007000+00:00,3210.5,{'stop_loss_price': 3210.5}
INVALID_RISK_UNIT,risk_unit == 0 or non-finite,NQZ13-CME,883359,2013-09-25 17:28:55.008000+00:00,3210.5,{'stop_loss_price': 3210.5}
INVALID_RISK_UNIT,risk_unit == 0 or non-finite,NQZ13-CME,883360,2013-09-25 17:29:00+00:00,3210.5,{'stop_loss_price': 3210.5}
INVALID_RISK_UNIT,risk_unit == 0 or non-finite,NQZ13-CME,883361,2013-09-25 17:29:00.001000+00:00,3210.5,{'stop_loss_price': 3210.5}
INVALID_RISK_UNIT,risk_unit == 0 or non-finite,NQZ13-CME,883362,2013-09-25 17:29:00.002000+00:00,3210.5,{'stop_loss_price': 3210.5}
INVALID_RISK_UNIT,risk_unit == 0 or non-finite,NQZ13-CME,883363,2013-09-25 17:29:00.003000+00:00,3210.5,{'stop_loss_price': 3210.5}
INVALID_RISK_UNIT,risk_unit == 0 or non-finite,NQZ13-CME,883364,2013-09-25 17:29:00.004000+00:00,3210.5,{'stop_loss_price': 3210.5}
INVALID_RISK_UNIT,risk_unit == 0 or non-finite,NQZ13-CME,883365,2013-09-25 17:29:00.005000+00:00,3210.5,{'stop_loss_price': 3210.5}
INVALID_RISK_UNIT,risk_unit == 0 or non-finite,NQZ13-CME,883366,2013-09-25 17:29:00.006000+00:00,3210.5,{'stop_loss_price': 3210.5}
INVALID_RISK_UNIT,risk_unit == 0 or non-finite,NQZ13-CME,883367,2013-09-25 17:29:00.007000+00:00,3210.5,{'stop_loss_price': 3210.5}
INVALID_RISK_UNIT,risk_unit == 0 or non-finite,NQZ13-CME,883368,2013-09-25 17:29:00.008000+00:00,3210.5,{'stop_loss_price': 3210.5}
INVALID_RISK_UNIT,risk_unit == 0 or non-finite,NQZ13-CME,883369,2013-09-25 17:29:00.009000+00:00,3210.5,{'stop_loss_price': 3210.5}
INVALID_RISK_UNIT,risk_unit == 0 or non-finite,NQZ13-CME,883370,2013-09-25 17:29:00.010000+00:00,3210.5,{'stop_loss_price': 3210.5}
INVALID_RISK_UNIT,risk_unit == 0 or non-finite,NQZ13-CME,943990,2013-09-26 12:59:39+00:00,3216.75,{'stop_loss_price': 3216.75}
INVALID_RISK_UNIT,risk_unit == 0 or non-finite,NQZ13-CME,943991,2013-09-26 12:59:39.001000+00:00,3216.75,{'stop_loss_price': 3216.75}
INVALID_RISK_UNIT,risk_unit == 0 or non-finite,NQZ13-CME,943993,2013-09-26 13:00:00+00:00,3216.75,{'stop_loss_price': 3216.75}
INVALID_RISK_UNIT,risk_unit == 0 or non-finite,NQZ13-CME,1141147,2013-09-27 18:40:10.008000+00:00,3218.25,{'stop_loss_price': 3218.25}
INVALID_RISK_UNIT,risk_unit == 0 or non-finite,NQZ13-CME,1141148,2013-09-27 18:40:10.009000+00:00,3218.25,{'stop_loss_price': 3218.25}
INVALID_RISK_UNIT,risk_unit == 0 or non-finite,NQZ13-CME,1141149,2013-09-27 18:40:10.010000+00:00,3218.25,{'stop_loss_price': 3218.25}
INVALID_RISK_UNIT,risk_unit == 0 or non-finite,NQZ13-CME,1141150,2013-09-27 18:40:10.011000+00:00,3218.25,{'stop_loss_price': 3218.25}
INVALID_RISK_UNIT,risk_unit == 0 or non-finite,NQZ13-CME,1141151,2013-09-27 18:40:10.012000+00:00,3218.25,{'stop_loss_price': 3218.25}
INVALID_RISK_UNIT,risk_unit == 0 or non-finite,NQZ13-CME,1141152,2013-09-27 18:40:10.013000+00:00,3218.25,{'stop_loss_price': 3218.25}
INVALID_RISK_UNIT,risk_unit == 0 or non-finite,NQZ13-CME,1141153,2013-09-27 18:40:10.014000+00:00,3218.25,{'stop_loss_price': 3218.25}
INVALID_RISK_UNIT,risk_unit == 0 or non-finite,NQZ13-CME,1141154,2013-09-27 18:40:10.015000+00:00,3218.25,{'stop_loss_price': 3218.25}
INVALID_RISK_UNIT,risk_unit == 0 or non-finite,NQZ13-CME,1141155,2013-09-27 18:40:10.016000+00:00,3218.25,{'stop_loss_price': 3218.25}
INVALID_RISK_UNIT,risk_unit == 0 or non-finite,NQZ13-CME,1141156,2013-09-27 18:40:10.017000+00:00,3218.25,{'stop_loss_price': 3218.25}
INVALID_RISK_UNIT,risk_unit == 0 or non-finite,NQZ13-CME,1141157,2013-09-27 18:40:10.018000+00:00,3218.25,{'stop_loss_price': 3218.25}
INVALID_RISK_UNIT,risk_unit == 0 or non-finite,NQZ13-CME,1141158,2013-09-27 18:40:10.019000+00:00,3218.25,{'stop_loss_price': 3218.25}
INVALID_RISK_UNIT,risk_unit == 0 or non-finite,NQZ13-CME,1141159,2013-09-27 18:40:10.020000+00:00,3218.25,{'stop_loss_price': 3218.25}
INVALID_RISK_UNIT,risk_unit == 0 or non-finite,NQZ13-CME,1141160,2013-09-27 18:40:10.021000+00:00,3218.25,{'stop_loss_price': 3218.25}
INVALID_RISK_UNIT,risk_unit == 0 or non-finite,NQZ13-CME,1141161,2013-09-27 18:40:10.022000+00:00,3218.25,{'stop_loss_price': 3218.25}
INVALID_RISK_UNIT,risk_unit == 0 or non-finite,NQZ13-CME,1141162,2013-09-27 18:40:10.023000+00:00,3218.25,{'stop_loss_price': 3218.25}
INVALID_RISK_UNIT,risk_unit == 0 or non-finite,NQZ13-CME,1141163,2013-09-27 18:40:10.024000+00:00,3218.25,{'stop_loss_price': 3218.25}
INVALID_RISK_UNIT,risk_unit == 0 or non-finite,NQZ13-CME,1141164,2013-09-27 18:40:10.025000+00:00,3218.25,{'stop_loss_price': 3218.25}
INVALID_RISK_UNIT,risk_unit == 0 or non-finite,NQZ13-CME,1141165,2013-09-27 18:40:10.026000+00:00,3218.25,{'stop_loss_price': 3218.25}
INVALID_RISK_UNIT,risk_unit == 0 or non-finite,NQZ13-CME,1141166,2013-09-27 18:40:10.027000+00:00,3218.25,{'stop_loss_price': 3218.25}
INVALID_RISK_UNIT,risk_unit == 0 or non-finite,NQZ13-CME,1141167,2013-09-27 18:40:10.028000+00:00,3218.25,{'stop_loss_price': 3218.25}
INVALID_RISK_UNIT,risk_unit == 0 or non-finite,NQZ13-CME,1141168,2013-09-27 18:40:10.029000+00:00,3218.25,{'stop_loss_price': 3218.25}
INVALID_RISK_UNIT,risk_unit == 0 or non-finite,NQZ13-CME,1141169,2013-09-27 18:40:14+00:00,3218.25,{'stop_loss_price': 3218.25}
INVALID_RISK_UNIT,risk_unit == 0 or non-finite,NQZ13-CME,1141170,2013-09-27 18:40:14.001000+00:00,3218.25,{'stop_loss_price': 3218.25}
INVALID_RISK_UNIT,risk_unit == 0 or non-finite,NQZ13-CME,1141171,2013-09-27 18:40:14.002000+00:00,3218.25,{'stop_loss_price': 3218.25}
INVALID_RISK_UNIT,risk_unit == 0 or non-finite,NQZ13-CME,1141172,2013-09-27 18:40:14.003000+00:00,3218.25,{'stop_loss_price': 3218.25}
INVALID_RISK_UNIT,risk_unit == 0 or non-finite,NQZ13-CME,1183376,2013-09-30 13:29:39.001000+00:00,3190.25,{'stop_loss_price': 3190.25}
INVALID_RISK_UNIT,risk_unit == 0 or non-finite,NQZ13-CME,1183377,2013-09-30 13:29:39.002000+00:00,3190.25,{'stop_loss_price': 3190.25}
INVALID_RISK_UNIT,risk_unit == 0 or non-finite,NQZ13-CME,1232810,2013-09-30 15:15:03.011000+00:00,3209.75,{'stop_loss_price': 3209.75}
INVALID_RISK_UNIT,risk_unit == 0 or non-finite,NQZ13-CME,1232811,2013-09-30 15:15:03.012000+00:00,3209.75,{'stop_loss_price': 3209.75}
INVALID_RISK_UNIT,risk_unit == 0 or non-finite,NQZ13-CME,1232812,2013-09-30 15:15:03.013000+00:00,3209.75,{'stop_loss_price': 3209.75}
INVALID_RISK_UNIT,risk_unit == 0 or non-finite,NQZ13-CME,1458853,2013-10-02 07:45:31+00:00,3226.75,{'stop_loss_price': 3226.75}
INVALID_RISK_UNIT,risk_unit == 0 or non-finite,NQZ13-CME,1462095,2013-10-02 08:55:50+00:00,3226.75,{'stop_loss_price': 3226.75}
INVALID_RISK_UNIT,risk_unit == 0 or non-finite,NQZ13-CME,1501526,2013-10-02 14:03:13+00:00,3232.75,{'stop_loss_price': 3232.75}
INVALID_RISK_UNIT,risk_unit == 0 or non-finite,NQZ13-CME,1501527,2013-10-02 14:03:13.001000+00:00,3232.75,{'stop_loss_price': 3232.75}
INVALID_RISK_UNIT,risk_unit == 0 or non-finite,NQZ13-CME,1501528,2013-10-02 14:03:13.002000+00:00,3232.75,{'stop_loss_price': 3232.75}
INVALID_RISK_UNIT,risk_unit == 0 or non-finite,NQZ13-CME,1501529,2013-10-02 14:03:13.003000+00:00,3232.75,{'stop_loss_price': 3232.75}
INVALID_RISK_UNIT,risk_unit == 0 or non-finite,NQZ13-CME,1501530,2013-10-02 14:03:13.004000+00:00,3232.75,{'stop_loss_price': 3232.75}
INVALID_RISK_UNIT,risk_unit == 0 or non-finite,NQZ13-CME,1501531,2013-10-02 14:03:13.005000+00:00,3232.75,{'stop_loss_price': 3232.75}
INVALID_RISK_UNIT,risk_unit == 0 or non-finite,NQZ13-CME,1501532,2013-10-02 14:03:13.006000+00:00,3232.75,{'stop_loss_price': 3232.75}
INVALID_RISK_UNIT,risk_unit == 0 or non-finite,NQZ13-CME,1501533,2013-10-02 14:03:13.007000+00:00,3232.75,{'stop_loss_price': 3232.75}
INVALID_RISK_UNIT,risk_unit == 0 or non-finite,NQZ13-CME,1501534,2013-10-02 14:03:14+00:00,3232.75,{'stop_loss_price': 3232.75}
INVALID_RISK_UNIT,risk_unit == 0 or non-finite,NQZ13-CME,1501535,2013-10-02 14:03:14.001000+00:00,3232.75,{'stop_loss_price': 3232.75}
INVALID_RISK_UNIT,risk_unit == 0 or non-finite,NQZ13-CME,1501536,2013-10-02 14:03:14.002000+00:00,3232.75,{'stop_loss_price': 3232.75}
INVALID_RISK_UNIT,risk_unit == 0 or non-finite,NQZ13-CME,1501537,2013-10-02 14:03:14.003000+00:00,3232.75,{'stop_loss_price': 3232.75}
INVALID_RISK_UNIT,risk_unit == 0 or non-finite,NQZ13-CME,1501538,2013-10-02 14:03:14.004000+00:00,3232.75,{'stop_loss_price': 3232.75}
INVALID_RISK_UNIT,risk_unit == 0 or non-finite,NQZ13-CME,1510127,2013-10-02 14:16:09+00:00,3225.25,{'stop_loss_price': 3225.25}
INVALID_RISK_UNIT,risk_unit == 0 or non-finite,NQZ13-CME,1521101,2013-10-02 14:53:51+00:00,3231.5,{'stop_loss_price': 3231.5}
INVALID_RISK_UNIT,risk_unit == 0 or non-finite,NQZ13-CME,1521102,2013-10-02 14:53:51.001000+00:00,3231.5,{'stop_loss_price': 3231.5}
INVALID_RISK_UNIT,risk_unit == 0 or non-finite,NQZ13-CME,1521103,2013-10-02 14:53:52+00:00,3231.5,{'stop_loss_price': 3231.5}
INVALID_RISK_UNIT,risk_unit == 0 or non-finite,NQZ13-CME,1521104,2013-10-02 14:53:53+00:00,3231.5,{'stop_loss_price': 3231.5}
INVALID_RISK_UNIT,risk_unit == 0 or non-finite,NQZ13-CME,1521105,2013-10-02 14:53:53.001000+00:00,3231.5,{'stop_loss_price': 3231.5}
INVALID_RISK_UNIT,risk_unit == 0 or non-finite,NQZ13-CME,1521106,2013-10-02 14:53:53.002000+00:00,3231.5,{'stop_loss_price': 3231.5}
INVALID_RISK_UNIT,risk_unit == 0 or non-finite,NQZ13-CME,1521107,2013-10-02 14:53:53.003000+00:00,3231.5,{'stop_loss_price': 3231.5}
INVALID_RISK_UNIT,risk_unit == 0 or non-finite,NQZ13-CME,1521108,2013-10-02 14:53:53.004000+00:00,3231.5,{'stop_loss_price': 3231.5}
INVALID_RISK_UNIT,risk_unit == 0 or non-finite,NQZ13-CME,1521109,2013-10-02 14:53:53.005000+00:00,3231.5,{'stop_loss_price': 3231.5}
INVALID_RISK_UNIT,risk_unit == 0 or non-finite,NQZ13-CME,1521110,2013-10-02 14:53:53.006000+00:00,3231.5,{'stop_loss_price': 3231.5}
INVALID_RISK_UNIT,risk_unit == 0 or non-finite,NQZ13-CME,1521111,2013-10-02 14:53:53.007000+00:00,3231.5,{'stop_loss_price': 3231.5}
INVALID_RISK_UNIT,risk_unit == 0 or non-finite,NQZ13-CME,1521112,2013-10-02 14:53:53.008000+00:00,3231.5,{'stop_loss_price': 3231.5}
INVALID_RISK_UNIT,risk_unit == 0 or non-finite,NQZ13-CME,1521113,2013-10-02 14:53:53.009000+00:00,3231.5,{'stop_loss_price': 3231.5}
INVALID_RISK_UNIT,risk_unit == 0 or non-finite,NQZ13-CME,1549885,2013-10-02 16:49:54.001000+00:00,3243.5,{'stop_loss_price': 3243.5}
INVALID_RISK_UNIT,risk_unit == 0 or non-finite,NQZ13-CME,1549886,2013-10-02 16:49:54.002000+00:00,3243.5,{'stop_loss_price': 3243.5}
INVALID_RISK_UNIT,risk_unit == 0 or non-finite,NQZ13-CME,1596715,2013-10-03 07:20:48+00:00,3237.5,{'stop_loss_price': 3237.5}
INVALID_RISK_UNIT,risk_unit == 0 or non-finite,NQZ13-CME,1596716,2013-10-03 07:21:13+00:00,3237.5,{'stop_loss_price': 3237.5}
INVALID_RISK_UNIT,risk_unit == 0 or non-finite,NQZ13-CME,1596717,2013-10-03 07:21:13.001000+00:00,3237.5,{'stop_loss_price': 3237.5}
INVALID_RISK_UNIT,risk_unit == 0 or non-finite,NQZ13-CME,1632719,2013-10-03 14:06:34.003000+00:00,3225.25,{'stop_loss_price': 3225.25}
INVALID_RISK_UNIT,risk_unit == 0 or non-finite,NQZ13-CME,1632720,2013-10-03 14:06:34.004000+00:00,3225.25,{'stop_loss_price': 3225.25}
INVALID_RISK_UNIT,risk_unit == 0 or non-finite,NQZ13-CME,1632721,2013-10-03 14:06:34.005000+00:00,3225.25,{'stop_loss_price': 3225.25}
INVALID_RISK_UNIT,risk_unit == 0 or non-finite,NQZ13-CME,1632722,2013-10-03 14:06:34.006000+00:00,3225.25,{'stop_loss_price': 3225.25}
INVALID_RISK_UNIT,risk_unit == 0 or non-finite,NQZ13-CME,1632723,2013-10-03 14:06:34.007000+00:00,3225.25,{'stop_loss_price': 3225.25}
INVALID_RISK_UNIT,risk_unit == 0 or non-finite,NQZ13-CME,1632724,2013-10-03 14:06:34.008000+00:00,3225.25,{'stop_loss_price': 3225.25}
INVALID_RISK_UNIT,risk_unit == 0 or non-finite,NQZ13-CME,1632725,2013-10-03 14:06:34.009000+00:00,3225.25,{'stop_loss_price': 3225.25}
INVALID_RISK_UNIT,risk_unit == 0 or non-finite,NQZ13-CME,1632726,2013-10-03 14:06:34.010000+00:00,3225.25,{'stop_loss_price': 3225.25}
INVALID_RISK_UNIT,risk_unit == 0 or non-finite,NQZ13-CME,1632727,2013-10-03 14:06:34.011000+00:00,3225.25,{'stop_loss_price': 3225.25}
INVALID_RISK_UNIT,risk_unit == 0 or non-finite,NQZ13-CME,1632728,2013-10-03 14:06:34.012000+00:00,3225.25,{'stop_loss_price': 3225.25}
INVALID_RISK_UNIT,risk_unit == 0 or non-finite,NQZ13-CME,1632729,2013-10-03 14:06:34.013000+00:00,3225.25,{'stop_loss_price': 3225.25}
INVALID_RISK_UNIT,risk_unit == 0 or non-finite,NQZ13-CME,1632730,2013-10-03 14:06:34.014000+00:00,3225.25,{'stop_loss_price': 3225.25}
INVALID_RISK_UNIT,risk_unit == 0 or non-finite,NQZ13-CME,1632731,2013-10-03 14:06:34.015000+00:00,3225.25,{'stop_loss_price': 3225.25}
INVALID_RISK_UNIT,risk_unit == 0 or non-finite,NQZ13-CME,1632732,2013-10-03 14:06:34.016000+00:00,3225.25,{'stop_loss_price': 3225.25}
INVALID_RISK_UNIT,risk_unit == 0 or non-finite,NQZ13-CME,1632733,2013-10-03 14:06:34.017000+00:00,3225.25,{'stop_loss_price': 3225.25}
INVALID_RISK_UNIT,risk_unit == 0 or non-finite,NQZ13-CME,1632734,2013-10-03 14:06:34.018000+00:00,3225.25,{'stop_loss_price': 3225.25}
INVALID_RISK_UNIT,risk_unit == 0 or non-finite,NQZ13-CME,1632735,2013-10-03 14:06:34.019000+00:00,3225.25,{'stop_loss_price': 3225.25}
INVALID_RISK_UNIT,risk_unit == 0 or non-finite,NQZ13-CME,1632736,2013-10-03 14:06:34.020000+00:00,3225.25,{'stop_loss_price': 3225.25}
INVALID_RISK_UNIT,risk_unit == 0 or non-finite,NQZ13-CME,1632737,2013-10-03 14:06:34.021000+00:00,3225.25,{'stop_loss_price': 3225.25}
INVALID_RISK_UNIT,risk_unit == 0 or non-finite,NQZ13-CME,1632738,2013-10-03 14:06:34.022000+00:00,3225.25,{'stop_loss_price': 3225.25}
INVALID_RISK_UNIT,risk_unit == 0 or non-finite,NQZ13-CME,1632739,2013-10-03 14:06:34.023000+00:00,3225.25,{'stop_loss_price': 3225.25}
INVALID_RISK_UNIT,risk_unit == 0 or non-finite,NQZ13-CME,1651980,2013-10-03 14:39:32+00:00,3216.5,{'stop_loss_price': 3216.5}
INVALID_RISK_UNIT,risk_unit == 0 or non-finite,NQZ13-CME,1651981,2013-10-03 14:39:32.001000+00:00,3216.5,{'stop_loss_price': 3216.5}
INVALID_RISK_UNIT,risk_unit == 0 or non-finite,NQZ13-CME,1651982,2013-10-03 14:39:32.002000+00:00,3216.5,{'stop_loss_price': 3216.5}
INVALID_RISK_UNIT,risk_unit == 0 or non-finite,NQZ13-CME,1651983,2013-10-03 14:39:32.003000+00:00,3216.5,{'stop_loss_price': 3216.5}
INVALID_RISK_UNIT,risk_unit == 0 or non-finite,NQZ13-CME,1651984,2013-10-03 14:39:32.004000+00:00,3216.5,{'stop_loss_price': 3216.5}
INVALID_RISK_UNIT,risk_unit == 0 or non-finite,NQZ13-CME,1651985,2013-10-03 14:39:32.005000+00:00,3216.5,{'stop_loss_price': 3216.5}
INVALID_RISK_UNIT,risk_unit == 0 or non-finite,NQZ13-CME,1651986,2013-10-03 14:39:32.006000+00:00,3216.5,{'stop_loss_price': 3216.5}
INVALID_RISK_UNIT,risk_unit == 0 or non-finite,NQZ13-CME,1651987,2013-10-03 14:39:32.007000+00:00,3216.5,{'stop_loss_price': 3216.5}
INVALID_RISK_UNIT,risk_unit == 0 or non-finite,NQZ13-CME,1651988,2013-10-03 14:39:32.008000+00:00,3216.5,{'stop_loss_price': 3216.5}
INVALID_RISK_UNIT,risk_unit == 0 or non-finite,NQZ13-CME,1651989,2013-10-03 14:39:32.009000+00:00,3216.5,{'stop_loss_price': 3216.5}
INVALID_RISK_UNIT,risk_unit == 0 or non-finite,NQZ13-CME,1651990,2013-10-03 14:39:32.010000+00:00,3216.5,{'stop_loss_price': 3216.5}
INVALID_RISK_UNIT,risk_unit == 0 or non-finite,NQZ13-CME,1651991,2013-10-03 14:39:32.011000+00:00,3216.5,{'stop_loss_price': 3216.5}
INVALID_RISK_UNIT,risk_unit == 0 or non-finite,NQZ13-CME,1709708,2013-10-03 16:41:45+00:00,3193.25,{'stop_loss_price': 3193.25}
INVALID_RISK_UNIT,risk_unit == 0 or non-finite,NQZ13-CME,1791029,2013-10-03 20:33:34+00:00,3202.25,{'stop_loss_price': 3202.25}
INVALID_RISK_UNIT,risk_unit == 0 or non-finite,NQZ13-CME,1847724,2013-10-04 14:52:05+00:00,3224.25,{'stop_loss_price': 3224.25}
INVALID_RISK_UNIT,risk_unit == 0 or non-finite,NQZ13-CME,1847725,2013-10-04 14:52:05.001000+00:00,3224.25,{'stop_loss_price': 3224.25}
INVALID_RISK_UNIT,risk_unit == 0 or non-finite,NQZ13-CME,1847726,2013-10-04 14:52:05.002000+00:00,3224.25,{'stop_loss_price': 3224.25}
INVALID_RISK_UNIT,risk_unit == 0 or non-finite,NQZ13-CME,1847727,2013-10-04 14:52:05.003000+00:00,3224.25,{'stop_loss_price': 3224.25}
INVALID_RISK_UNIT,risk_unit == 0 or non-finite,NQZ13-CME,1847728,2013-10-04 14:52:05.004000+00:00,3224.25,{'stop_loss_price': 3224.25}
INVALID_RISK_UNIT,risk_unit == 0 or non-finite,NQZ13-CME,1902418,2013-10-04 19:56:17+00:00,3235.25,{'stop_loss_price': 3235.25}
INVALID_RISK_UNIT,risk_unit == 0 or non-finite,NQZ13-CME,1902419,2013-10-04 19:56:17.001000+00:00,3235.25,{'stop_loss_price': 3235.25}
INVALID_RISK_UNIT,risk_unit == 0 or non-finite,NQZ13-CME,1902420,2013-10-04 19:56:17.002000+00:00,3235.25,{'stop_loss_price': 3235.25}
INVALID_RISK_UNIT,risk_unit == 0 or non-finite,NQZ13-CME,1902421,2013-10-04 19:56:17.003000+00:00,3235.25,{'stop_loss_price': 3235.25}
INVALID_RISK_UNIT,risk_unit == 0 or non-finite,NQZ13-CME,1902422,2013-10-04 19:56:17.004000+00:00,3235.25,{'stop_loss_price': 3235.25}
INVALID_RISK_UNIT,risk_unit == 0 or non-finite,NQZ13-CME,1902423,2013-10-04 19:56:17.005000+00:00,3235.25,{'stop_loss_price': 3235.25}
INVALID_RISK_UNIT,risk_unit == 0 or non-finite,NQZ13-CME,1902424,2013-10-04 19:56:17.006000+00:00,3235.25,{'stop_loss_price': 3235.25}
INVALID_RISK_UNIT,risk_unit == 0 or non-finite,NQZ13-CME,1902425,2013-10-04 19:56:17.007000+00:00,3235.25,{'stop_loss_price': 3235.25}
INVALID_RISK_UNIT,risk_unit == 0 or non-finite,NQZ13-CME,1902426,2013-10-04 19:56:17.008000+00:00,3235.25,{'stop_loss_price': 3235.25}
INVALID_RISK_UNIT,risk_unit == 0 or non-finite,NQZ13-CME,1902427,2013-10-04 19:56:17.009000+00:00,3235.25,{'stop_loss_price': 3235.25}
INVALID_RISK_UNIT,risk_unit == 0 or non-finite,NQZ13-CME,1902428,2013-10-04 19:56:17.010000+00:00,3235.25,{'stop_loss_price': 3235.25}
INVALID_RISK_UNIT,risk_unit == 0 or non-finite,NQZ13-CME,1902429,2013-10-04 19:56:17.011000+00:00,3235.25,{'stop_loss_price': 3235.25}
INVALID_RISK_UNIT,risk_unit == 0 or non-finite,NQZ13-CME,1902430,2013-10-04 19:56:17.012000+00:00,3235.25,{'stop_loss_price': 3235.25}
INVALID_RISK_UNIT,risk_unit == 0 or non-finite,NQZ13-CME,1902431,2013-10-04 19:56:17.013000+00:00,3235.25,{'stop_loss_price': 3235.25}
INVALID_RISK_UNIT,risk_unit == 0 or non-finite,NQZ13-CME,1902432,2013-10-04 19:56:17.014000+00:00,3235.25,{'stop_loss_price': 3235.25}
INVALID_RISK_UNIT,risk_unit == 0 or non-finite,NQZ13-CME,1902433,2013-10-04 19:56:17.015000+00:00,3235.25,{'stop_loss_price': 3235.25}
INVALID_RISK_UNIT,risk_unit == 0 or non-finite,NQZ13-CME,1902434,2013-10-04 19:56:17.016000+00:00,3235.25,{'stop_loss_price': 3235.25}
INVALID_RISK_UNIT,risk_unit == 0 or non-finite,NQZ13-CME,1902435,2013-10-04 19:56:17.017000+00:00,3235.25,{'stop_loss_price': 3235.25}
INVALID_RISK_UNIT,risk_unit == 0 or non-finite,NQZ13-CME,1902436,2013-10-04 19:56:17.018000+00:00,3235.25,{'stop_loss_price': 3235.25}
INVALID_RISK_UNIT,risk_unit == 0 or non-finite,NQZ13-CME,1913002,2013-10-07 05:43:37+00:00,3220.0,{'stop_loss_price': 3220.0}
INVALID_RISK_UNIT,risk_unit == 0 or non-finite,NQZ13-CME,1964020,2013-10-07 14:34:01+00:00,3231.0,{'stop_loss_price': 3231.0}
INVALID_RISK_UNIT,risk_unit == 0 or non-finite,NQZ13-CME,1964021,2013-10-07 14:34:01.001000+00:00,3231.0,{'stop_loss_price': 3231.0}
INVALID_RISK_UNIT,risk_unit == 0 or non-finite,NQZ13-CME,1964022,2013-10-07 14:34:01.002000+00:00,3231.0,{'stop_loss_price': 3231.0}
INVALID_RISK_UNIT,risk_unit == 0 or non-finite,NQZ13-CME,1964023,2013-10-07 14:34:01.003000+00:00,3231.0,{'stop_loss_price': 3231.0}
INVALID_RISK_UNIT,risk_unit == 0 or non-finite,NQZ13-CME,1964024,2013-10-07 14:34:01.004000+00:00,3231.0,{'stop_loss_price': 3231.0}
INVALID_RISK_UNIT,risk_unit == 0 or non-finite,NQZ13-CME,1964025,2013-10-07 14:34:01.005000+00:00,3231.0,{'stop_loss_price': 3231.0}
INVALID_RISK_UNIT,risk_unit == 0 or non-finite,NQZ13-CME,1964026,2013-10-07 14:34:01.006000+00:00,3231.0,{'stop_loss_price': 3231.0}
INVALID_RISK_UNIT,risk_unit == 0 or non-finite,NQZ13-CME,1964027,2013-10-07 14:34:01.007000+00:00,3231.0,{'stop_loss_price': 3231.0}
INVALID_RISK_UNIT,risk_unit == 0 or non-finite,NQZ13-CME,1964038,2013-10-07 14:34:14+00:00,3231.0,{'stop_loss_price': 3231.0}
INVALID_RISK_UNIT,risk_unit == 0 or non-finite,NQZ13-CME,1964039,2013-10-07 14:34:15+00:00,3231.0,{'stop_loss_price': 3231.0}
INVALID_RISK_UNIT,risk_unit == 0 or non-finite,NQZ13-CME,1964040,2013-10-07 14:34:15.001000+00:00,3231.0,{'stop_loss_price': 3231.0}
INVALID_RISK_UNIT,risk_unit == 0 or non-finite,NQZ13-CME,1964041,2013-10-07 14:34:15.002000+00:00,3231.0,{'stop_loss_price': 3231.0}
INVALID_RISK_UNIT,risk_unit == 0 or non-finite,NQZ13-CME,1964042,2013-10-07 14:34:18+00:00,3231.0,{'stop_loss_price': 3231.0}
INVALID_RISK_UNIT,risk_unit == 0 or non-finite,NQZ13-CME,1979668,2013-10-07 15:35:24.018000+00:00,3224.25,{'stop_loss_price': 3224.25}
INVALID_RISK_UNIT,risk_unit == 0 or non-finite,NQZ13-CME,1979669,2013-10-07 15:35:24.019000+00:00,3224.25,{'stop_loss_price': 3224.25}
INVALID_RISK_UNIT,risk_unit == 0 or non-finite,NQZ13-CME,1979670,2013-10-07 15:35:24.020000+00:00,3224.25,{'stop_loss_price': 3224.25}
INVALID_RISK_UNIT,risk_unit == 0 or non-finite,NQZ13-CME,1979671,2013-10-07 15:35:24.021000+00:00,3224.25,{'stop_loss_price': 3224.25}
INVALID_RISK_UNIT,risk_unit == 0 or non-finite,NQZ13-CME,1979672,2013-10-07 15:35:24.022000+00:00,3224.25,{'stop_loss_price': 3224.25}
INVALID_RISK_UNIT,risk_unit == 0 or non-finite,NQZ13-CME,1979673,2013-10-07 15:35:24.023000+00:00,3224.25,{'stop_loss_price': 3224.25}
INVALID_RISK_UNIT,risk_unit == 0 or non-finite,NQZ13-CME,1996256,2013-10-07 17:10:15+00:00,3213.75,{'stop_loss_price': 3213.75}
INVALID_RISK_UNIT,risk_unit == 0 or non-finite,NQZ13-CME,1996257,2013-10-07 17:10:15.001000+00:00,3213.75,{'stop_loss_price': 3213.75}
INVALID_RISK_UNIT,risk_unit == 0 or non-finite,NQZ13-CME,1996258,2013-10-07 17:10:16+00:00,3213.75,{'stop_loss_price': 3213.75}
INVALID_RISK_UNIT,risk_unit == 0 or non-finite,NQZ13-CME,1996259,2013-10-07 17:10:16.001000+00:00,3213.75,{'stop_loss_price': 3213.75}
INVALID_RISK_UNIT,risk_unit == 0 or non-finite,NQZ13-CME,1996260,2013-10-07 17:10:16.002000+00:00,3213.75,{'stop_loss_price': 3213.75}
INVALID_RISK_UNIT,risk_unit == 0 or non-finite,NQZ13-CME,1996261,2013-10-07 17:10:17+00:00,3213.75,{'stop_loss_price': 3213.75}
INVALID_RISK_UNIT,risk_unit == 0 or non-finite,NQZ13-CME,1996262,2013-10-07 17:10:17.001000+00:00,3213.75,{'stop_loss_price': 3213.75}
INVALID_RISK_UNIT,risk_unit == 0 or non-finite,NQZ13-CME,2214548,2013-10-08 18:16:26.015000+00:00,3145.5,{'stop_loss_price': 3145.5}
INVALID_RISK_UNIT,risk_unit == 0 or non-finite,NQZ13-CME,2214549,2013-10-08 18:16:26.016000+00:00,3145.5,{'stop_loss_price': 3145.5}
INVALID_RISK_UNIT,risk_unit == 0 or non-finite,NQZ13-CME,2214550,2013-10-08 18:16:26.017000+00:00,3145.5,{'stop_loss_price': 3145.5}
INVALID_RISK_UNIT,risk_unit == 0 or non-finite,NQZ13-CME,2214551,2013-10-08 18:16:26.018000+00:00,3145.5,{'stop_loss_price': 3145.5}
INVALID_RISK_UNIT,risk_unit == 0 or non-finite,NQZ13-CME,2214552,2013-10-08 18:16:26.019000+00:00,3145.5,{'stop_loss_price': 3145.5}
INVALID_RISK_UNIT,risk_unit == 0 or non-finite,NQZ13-CME,2214553,2013-10-08 18:16:26.020000+00:00,3145.5,{'stop_loss_price': 3145.5}
INVALID_RISK_UNIT,risk_unit == 0 or non-finite,NQZ13-CME,2423303,2013-10-09 16:57:55.021000+00:00,3119.0,{'stop_loss_price': 3119.0}
INVALID_RISK_UNIT,risk_unit == 0 or non-finite,NQZ13-CME,2423304,2013-10-09 16:57:55.022000+00:00,3119.0,{'stop_loss_price': 3119.0}
INVALID_RISK_UNIT,risk_unit == 0 or non-finite,NQZ13-CME,2507624,2013-10-09 19:59:57+00:00,3135.25,{'stop_loss_price': 3135.25}
INVALID_RISK_UNIT,risk_unit == 0 or non-finite,NQZ13-CME,2507625,2013-10-09 19:59:57.001000+00:00,3135.25,{'stop_loss_price': 3135.25}
INVALID_RISK_UNIT,risk_unit == 0 or non-finite,NQZ13-CME,2507626,2013-10-09 19:59:57.002000+00:00,3135.25,{'stop_loss_price': 3135.25}
INVALID_RISK_UNIT,risk_unit == 0 or non-finite,NQZ13-CME,2507627,2013-10-09 19:59:57.003000+00:00,3135.25,{'stop_loss_price': 3135.25}
INVALID_RISK_UNIT,risk_unit == 0 or non-finite,NQZ13-CME,2507628,2013-10-09 19:59:57.004000+00:00,3135.25,{'stop_loss_price': 3135.25}
INVALID_RISK_UNIT,risk_unit == 0 or non-finite,NQZ13-CME,2507629,2013-10-09 19:59:57.005000+00:00,3135.25,{'stop_loss_price': 3135.25}
INVALID_RISK_UNIT,risk_unit == 0 or non-finite,NQZ13-CME,2507659,2013-10-09 19:59:58.001000+00:00,3135.25,{'stop_loss_price': 3135.25}
INVALID_RISK_UNIT,risk_unit == 0 or non-finite,NQZ13-CME,2507660,2013-10-09 19:59:58.002000+00:00,3135.25,{'stop_loss_price': 3135.25}
INVALID_RISK_UNIT,risk_unit == 0 or non-finite,NQZ13-CME,2507661,2013-10-09 19:59:58.003000+00:00,3135.25,{'stop_loss_price': 3135.25}
INVALID_RISK_UNIT,risk_unit == 0 or non-finite,NQZ13-CME,2507662,2013-10-09 19:59:58.004000+00:00,3135.25,{'stop_loss_price': 3135.25}
INVALID_RISK_UNIT,risk_unit == 0 or non-finite,NQZ13-CME,2507663,2013-10-09 19:59:58.005000+00:00,3135.25,{'stop_loss_price': 3135.25}
INVALID_RISK_UNIT,risk_unit == 0 or non-finite,NQZ13-CME,2507664,2013-10-09 19:59:58.006000+00:00,3135.25,{'stop_loss_price': 3135.25}
INVALID_RISK_UNIT,risk_unit == 0 or non-finite,NQZ13-CME,2507665,2013-10-09 19:59:58.007000+00:00,3135.25,{'stop_loss_price': 3135.25}
INVALID_RISK_UNIT,risk_unit == 0 or non-finite,NQZ13-CME,2507666,2013-10-09 19:59:58.008000+00:00,3135.25,{'stop_loss_price': 3135.25}
INVALID_RISK_UNIT,risk_unit == 0 or non-finite,NQZ13-CME,2507667,2013-10-09 19:59:58.009000+00:00,3135.25,{'stop_loss_price': 3135.25}
INVALID_RISK_UNIT,risk_unit == 0 or non-finite,NQZ13-CME,2507668,2013-10-09 19:59:58.010000+00:00,3135.25,{'stop_loss_price': 3135.25}
INVALID_RISK_UNIT,risk_unit == 0 or non-finite,NQZ13-CME,2507669,2013-10-09 19:59:58.011000+00:00,3135.25,{'stop_loss_price': 3135.25}
INVALID_RISK_UNIT,risk_unit == 0 or non-finite,NQZ13-CME,2507670,2013-10-09 19:59:58.012000+00:00,3135.25,{'stop_loss_price': 3135.25}
INVALID_RISK_UNIT,risk_unit == 0 or non-finite,NQZ13-CME,2507671,2013-10-09 19:59:58.013000+00:00,3135.25,{'stop_loss_price': 3135.25}
INVALID_RISK_UNIT,risk_unit == 0 or non-finite,NQZ13-CME,2507672,2013-10-09 19:59:58.014000+00:00,3135.25,{'stop_loss_price': 3135.25}
INVALID_RISK_UNIT,risk_unit == 0 or non-finite,NQZ13-CME,2507673,2013-10-09 19:59:58.015000+00:00,3135.25,{'stop_loss_price': 3135.25}
INVALID_RISK_UNIT,risk_unit == 0 or non-finite,NQZ13-CME,2507674,2013-10-09 19:59:58.016000+00:00,3135.25,{'stop_loss_price': 3135.25}
INVALID_RISK_UNIT,risk_unit == 0 or non-finite,NQZ13-CME,2507675,2013-10-09 19:59:58.017000+00:00,3135.25,{'stop_loss_price': 3135.25}
INVALID_RISK_UNIT,risk_unit == 0 or non-finite,NQZ13-CME,2550701,2013-10-10 13:36:44.019000+00:00,3176.5,{'stop_loss_price': 3176.5}
INVALID_RISK_UNIT,risk_unit == 0 or non-finite,NQZ13-CME,2550702,2013-10-10 13:36:44.020000+00:00,3176.5,{'stop_loss_price': 3176.5}
INVALID_RISK_UNIT,risk_unit == 0 or non-finite,NQZ13-CME,2550703,2013-10-10 13:36:44.021000+00:00,3176.5,{'stop_loss_price': 3176.5}
INVALID_RISK_UNIT,risk_unit == 0 or non-finite,NQZ13-CME,2550704,2013-10-10 13:36:44.022000+00:00,3176.5,{'stop_loss_price': 3176.5}
INVALID_RISK_UNIT,risk_unit == 0 or non-finite,NQZ13-CME,2550705,2013-10-10 13:36:44.023000+00:00,3176.5,{'stop_loss_price': 3176.5}
INVALID_RISK_UNIT,risk_unit == 0 or non-finite,NQZ13-CME,2550706,2013-10-10 13:36:44.024000+00:00,3176.5,{'stop_loss_price': 3176.5}
INVALID_RISK_UNIT,risk_unit == 0 or non-finite,NQZ13-CME,2550707,2013-10-10 13:36:44.025000+00:00,3176.5,{'stop_loss_price': 3176.5}
INVALID_RISK_UNIT,risk_unit == 0 or non-finite,NQZ13-CME,2550708,2013-10-10 13:36:44.026000+00:00,3176.5,{'stop_loss_price': 3176.5}
INVALID_RISK_UNIT,risk_unit == 0 or non-finite,NQZ13-CME,2550709,2013-10-10 13:36:44.027000+00:00,3176.5,{'stop_loss_price': 3176.5}
INVALID_RISK_UNIT,risk_unit == 0 or non-finite,NQZ13-CME,2550710,2013-10-10 13:36:44.028000+00:00,3176.5,{'stop_loss_price': 3176.5}
INVALID_RISK_UNIT,risk_unit == 0 or non-finite,NQZ13-CME,2550711,2013-10-10 13:36:44.029000+00:00,3176.5,{'stop_loss_price': 3176.5}
INVALID_RISK_UNIT,risk_unit == 0 or non-finite,NQZ13-CME,2578158,2013-10-10 14:21:10+00:00,3179.5,{'stop_loss_price': 3179.5}
INVALID_RISK_UNIT,risk_unit == 0 or non-finite,NQZ13-CME,2687649,2013-10-10 20:00:15.041000+00:00,3199.5,{'stop_loss_price': 3199.5}
INVALID_RISK_UNIT,risk_unit == 0 or non-finite,NQZ13-CME,2687650,2013-10-10 20:00:15.042000+00:00,3199.5,{'stop_loss_price': 3199.5}
INVALID_RISK_UNIT,risk_unit == 0 or non-finite,NQZ13-CME,2687652,2013-10-10 20:00:16.001000+00:00,3199.5,{'stop_loss_price': 3199.5}
INVALID_RISK_UNIT,risk_unit == 0 or non-finite,NQZ13-CME,2749322,2013-10-11 14:27:24.011000+00:00,3213.25,{'stop_loss_price': 3213.25}
INVALID_RISK_UNIT,risk_unit == 0 or non-finite,NQZ13-CME,2819045,2013-10-11 19:50:00.026000+00:00,3220.75,{'stop_loss_price': 3220.75}
INVALID_RISK_UNIT,risk_unit == 0 or non-finite,NQZ13-CME,2819046,2013-10-11 19:50:00.027000+00:00,3220.75,{'stop_loss_price': 3220.75}
INVALID_RISK_UNIT,risk_unit == 0 or non-finite,NQZ13-CME,2819047,2013-10-11 19:50:00.028000+00:00,3220.75,{'stop_loss_price': 3220.75}
INVALID_RISK_UNIT,risk_unit == 0 or non-finite,NQZ13-CME,2819048,2013-10-11 19:50:00.029000+00:00,3220.75,{'stop_loss_price': 3220.75}
INVALID_RISK_UNIT,risk_unit == 0 or non-finite,NQZ13-CME,2819049,2013-10-11 19:50:00.030000+00:00,3220.75,{'stop_loss_price': 3220.75}
INVALID_RISK_UNIT,risk_unit == 0 or non-finite,NQZ13-CME,2819050,2013-10-11 19:50:00.031000+00:00,3220.75,{'stop_loss_price': 3220.75}
INVALID_RISK_UNIT,risk_unit == 0 or non-finite,NQZ13-CME,2819051,2013-10-11 19:50:00.032000+00:00,3220.75,{'stop_loss_price': 3220.75}
INVALID_RISK_UNIT,risk_unit == 0 or non-finite,NQZ13-CME,2819052,2013-10-11 19:50:00.033000+00:00,3220.75,{'stop_loss_price': 3220.75}
INVALID_RISK_UNIT,risk_unit == 0 or non-finite,NQZ13-CME,2819054,2013-10-11 19:50:00.035000+00:00,3220.75,{'stop_loss_price': 3220.75}
INVALID_RISK_UNIT,risk_unit == 0 or non-finite,NQZ13-CME,2846303,2013-10-14 13:09:26.003000+00:00,3207.5,{'stop_loss_price': 3207.5}
INVALID_RISK_UNIT,risk_unit == 0 or non-finite,NQZ13-CME,2846304,2013-10-14 13:09:26.004000+00:00,3207.5,{'stop_loss_price': 3207.5}
INVALID_RISK_UNIT,risk_unit == 0 or non-finite,NQZ13-CME,2846309,2013-10-14 13:09:38+00:00,3207.5,{'stop_loss_price': 3207.5}
INVALID_RISK_UNIT,risk_unit == 0 or non-finite,NQZ13-CME,2846310,2013-10-14 13:09:49+00:00,3207.5,{'stop_loss_price': 3207.5}
INVALID_RISK_UNIT,risk_unit == 0 or non-finite,NQZ13-CME,2846311,2013-10-14 13:09:49.001000+00:00,3207.5,{'stop_loss_price': 3207.5}
INVALID_RISK_UNIT,risk_unit == 0 or non-finite,NQZ13-CME,2846312,2013-10-14 13:09:49.002000+00:00,3207.5,{'stop_loss_price': 3207.5}
INVALID_RISK_UNIT,risk_unit == 0 or non-finite,NQZ13-CME,2846313,2013-10-14 13:09:49.003000+00:00,3207.5,{'stop_loss_price': 3207.5}
INVALID_RISK_UNIT,risk_unit == 0 or non-finite,NQZ13-CME,2846314,2013-10-14 13:09:49.004000+00:00,3207.5,{'stop_loss_price': 3207.5}
INVALID_RISK_UNIT,risk_unit == 0 or non-finite,NQZ13-CME,2846315,2013-10-14 13:09:49.005000+00:00,3207.5,{'stop_loss_price': 3207.5}
INVALID_RISK_UNIT,risk_unit == 0 or non-finite,NQZ13-CME,2976491,2013-10-15 13:21:05.003000+00:00,3247.75,{'stop_loss_price': 3247.75}
INVALID_RISK_UNIT,risk_unit == 0 or non-finite,NQZ13-CME,2976492,2013-10-15 13:21:05.004000+00:00,3247.75,{'stop_loss_price': 3247.75}
INVALID_RISK_UNIT,risk_unit == 0 or non-finite,NQZ13-CME,2976493,2013-10-15 13:21:05.005000+00:00,3247.75,{'stop_loss_price': 3247.75}
INVALID_RISK_UNIT,risk_unit == 0 or non-finite,NQZ13-CME,2976495,2013-10-15 13:21:05.007000+00:00,3247.75,{'stop_loss_price': 3247.75}
INVALID_RISK_UNIT,risk_unit == 0 or non-finite,NQZ13-CME,3015454,2013-10-15 14:24:21+00:00,3255.0,{'stop_loss_price': 3255.0}
INVALID_RISK_UNIT,risk_unit == 0 or non-finite,NQZ13-CME,3015455,2013-10-15 14:24:21.001000+00:00,3255.0,{'stop_loss_price': 3255.0}
INVALID_RISK_UNIT,risk_unit == 0 or non-finite,NQZ13-CME,3015458,2013-10-15 14:24:24.001000+00:00,3255.0,{'stop_loss_price': 3255.0}
INVALID_RISK_UNIT,risk_unit == 0 or non-finite,NQZ13-CME,3017264,2013-10-15 14:32:58.003000+00:00,3256.0,{'stop_loss_price': 3256.0}
INVALID_RISK_UNIT,risk_unit == 0 or non-finite,NQZ13-CME,3017265,2013-10-15 14:32:58.004000+00:00,3256.0,{'stop_loss_price': 3256.0}
INVALID_RISK_UNIT,risk_unit == 0 or non-finite,NQZ13-CME,3017266,2013-10-15 14:32:58.005000+00:00,3256.0,{'stop_loss_price': 3256.0}
INVALID_RISK_UNIT,risk_unit == 0 or non-finite,NQZ13-CME,3017267,2013-10-15 14:32:58.006000+00:00,3256.0,{'stop_loss_price': 3256.0}
INVALID_RISK_UNIT,risk_unit == 0 or non-finite,NQZ13-CME,3017268,2013-10-15 14:32:58.007000+00:00,3256.0,{'stop_loss_price': 3256.0}
INVALID_RISK_UNIT,risk_unit == 0 or non-finite,NQZ13-CME,3017269,2013-10-15 14:32:58.008000+00:00,3256.0,{'stop_loss_price': 3256.0}
INVALID_RISK_UNIT,risk_unit == 0 or non-finite,NQZ13-CME,3017270,2013-10-15 14:32:58.009000+00:00,3256.0,{'stop_loss_price': 3256.0}
INVALID_RISK_UNIT,risk_unit == 0 or non-finite,NQZ13-CME,3017271,2013-10-15 14:32:58.010000+00:00,3256.0,{'stop_loss_price': 3256.0}
INVALID_RISK_UNIT,risk_unit == 0 or non-finite,NQZ13-CME,3017272,2013-10-15 14:32:58.011000+00:00,3256.0,{'stop_loss_price': 3256.0}
INVALID_RISK_UNIT,risk_unit == 0 or non-finite,NQZ13-CME,3017273,2013-10-15 14:32:58.012000+00:00,3256.0,{'stop_loss_price': 3256.0}
INVALID_RISK_UNIT,risk_unit == 0 or non-finite,NQZ13-CME,3017274,2013-10-15 14:32:58.013000+00:00,3256.0,{'stop_loss_price': 3256.0}
INVALID_RISK_UNIT,risk_unit == 0 or non-finite,NQZ13-CME,3048333,2013-10-15 15:46:57.011000+00:00,3254.0,{'stop_loss_price': 3254.0}
INVALID_RISK_UNIT,risk_unit == 0 or non-finite,NQZ13-CME,3048334,2013-10-15 15:46:57.012000+00:00,3254.0,{'stop_loss_price': 3254.0}
INVALID_RISK_UNIT,risk_unit == 0 or non-finite,NQZ13-CME,3048335,2013-10-15 15:46:57.013000+00:00,3254.0,{'stop_loss_price': 3254.0}
INVALID_RISK_UNIT,risk_unit == 0 or non-finite,NQZ13-CME,3048336,2013-10-15 15:46:57.014000+00:00,3254.0,{'stop_loss_price': 3254.0}
INVALID_RISK_UNIT,risk_unit == 0 or non-finite,NQZ13-CME,3048337,2013-10-15 15:46:57.015000+00:00,3254.0,{'stop_loss_price': 3254.0}
INVALID_RISK_UNIT,risk_unit == 0 or non-finite,NQZ13-CME,3048338,2013-10-15 15:46:57.016000+00:00,3254.0,{'stop_loss_price': 3254.0}
INVALID_RISK_UNIT,risk_unit == 0 or non-finite,NQZ13-CME,3048339,2013-10-15 15:46:57.017000+00:00,3254.0,{'stop_loss_price': 3254.0}
INVALID_RISK_UNIT,risk_unit == 0 or non-finite,NQZ13-CME,3048340,2013-10-15 15:46:57.018000+00:00,3254.0,{'stop_loss_price': 3254.0}
INVALID_RISK_UNIT,risk_unit == 0 or non-finite,NQZ13-CME,3048341,2013-10-15 15:46:57.019000+00:00,3254.0,{'stop_loss_price': 3254.0}
INVALID_RISK_UNIT,risk_unit == 0 or non-finite,NQZ13-CME,3048342,2013-10-15 15:46:57.020000+00:00,3254.0,{'stop_loss_price': 3254.0}
INVALID_RISK_UNIT,risk_unit == 0 or non-finite,NQZ13-CME,3048343,2013-10-15 15:46:57.021000+00:00,3254.0,{'stop_loss_price': 3254.0}
INVALID_RISK_UNIT,risk_unit == 0 or non-finite,NQZ13-CME,3055521,2013-10-15 16:13:34.001000+00:00,3252.0,{'stop_loss_price': 3252.0}
INVALID_RISK_UNIT,risk_unit == 0 or non-finite,NQZ13-CME,3055522,2013-10-15 16:13:34.002000+00:00,3252.0,{'stop_loss_price': 3252.0}
INVALID_RISK_UNIT,risk_unit == 0 or non-finite,NQZ13-CME,3055523,2013-10-15 16:13:34.003000+00:00,3252.0,{'stop_loss_price': 3252.0}
INVALID_RISK_UNIT,risk_unit == 0 or non-finite,NQZ13-CME,3055524,2013-10-15 16:13:34.004000+00:00,3252.0,{'stop_loss_price': 3252.0}
INVALID_RISK_UNIT,risk_unit == 0 or non-finite,NQZ13-CME,3055525,2013-10-15 16:13:34.005000+00:00,3252.0,{'stop_loss_price': 3252.0}
INVALID_RISK_UNIT,risk_unit == 0 or non-finite,NQZ13-CME,3055526,2013-10-15 16:13:34.006000+00:00,3252.0,{'stop_loss_price': 3252.0}
INVALID_RISK_UNIT,risk_unit == 0 or non-finite,NQZ13-CME,3055527,2013-10-15 16:13:34.007000+00:00,3252.0,{'stop_loss_price': 3252.0}
INVALID_RISK_UNIT,risk_unit == 0 or non-finite,NQZ13-CME,3055528,2013-10-15 16:13:34.008000+00:00,3252.0,{'stop_loss_price': 3252.0}
INVALID_RISK_UNIT,risk_unit == 0 or non-finite,NQZ13-CME,3055529,2013-10-15 16:13:34.009000+00:00,3252.0,{'stop_loss_price': 3252.0}
INVALID_RISK_UNIT,risk_unit == 0 or non-finite,NQZ13-CME,3055530,2013-10-15 16:13:34.010000+00:00,3252.0,{'stop_loss_price': 3252.0}
INVALID_RISK_UNIT,risk_unit == 0 or non-finite,NQZ13-CME,3055531,2013-10-15 16:13:34.011000+00:00,3252.0,{'stop_loss_price': 3252.0}
INVALID_RISK_UNIT,risk_unit == 0 or non-finite,NQZ13-CME,3055532,2013-10-15 16:13:34.012000+00:00,3252.0,{'stop_loss_price': 3252.0}
INVALID_RISK_UNIT,risk_unit == 0 or non-finite,NQZ13-CME,3055533,2013-10-15 16:13:34.013000+00:00,3252.0,{'stop_loss_price': 3252.0}
INVALID_RISK_UNIT,risk_unit == 0 or non-finite,NQZ13-CME,3055534,2013-10-15 16:13:34.014000+00:00,3252.0,{'stop_loss_price': 3252.0}
INVALID_RISK_UNIT,risk_unit == 0 or non-finite,NQZ13-CME,3055535,2013-10-15 16:13:34.015000+00:00,3252.0,{'stop_loss_price': 3252.0}
INVALID_RISK_UNIT,risk_unit == 0 or non-finite,NQZ13-CME,3055536,2013-10-15 16:13:34.016000+00:00,3252.0,{'stop_loss_price': 3252.0}
INVALID_RISK_UNIT,risk_unit == 0 or non-finite,NQZ13-CME,3055537,2013-10-15 16:13:34.017000+00:00,3252.0,{'stop_loss_price': 3252.0}
INVALID_RISK_UNIT,risk_unit == 0 or non-finite,NQZ13-CME,3055538,2013-10-15 16:13:34.018000+00:00,3252.0,{'stop_loss_price': 3252.0}
INVALID_RISK_UNIT,risk_unit == 0 or non-finite,NQZ13-CME,3055539,2013-10-15 16:13:34.019000+00:00,3252.0,{'stop_loss_price': 3252.0}
INVALID_RISK_UNIT,risk_unit == 0 or non-finite,NQZ13-CME,3055540,2013-10-15 16:13:34.020000+00:00,3252.0,{'stop_loss_price': 3252.0}
INVALID_RISK_UNIT,risk_unit == 0 or non-finite,NQZ13-CME,3055541,2013-10-15 16:13:34.021000+00:00,3252.0,{'stop_loss_price': 3252.0}
INVALID_RISK_UNIT,risk_unit == 0 or non-finite,NQZ13-CME,3055542,2013-10-15 16:13:34.022000+00:00,3252.0,{'stop_loss_price': 3252.0}
INVALID_RISK_UNIT,risk_unit == 0 or non-finite,NQZ13-CME,3055543,2013-10-15 16:13:35+00:00,3252.0,{'stop_loss_price': 3252.0}
INVALID_RISK_UNIT,risk_unit == 0 or non-finite,NQZ13-CME,3055544,2013-10-15 16:13:35.001000+00:00,3252.0,{'stop_loss_price': 3252.0}
INVALID_RISK_UNIT,risk_unit == 0 or non-finite,NQZ13-CME,3055545,2013-10-15 16:13:35.002000+00:00,3252.0,{'stop_loss_price': 3252.0}
INVALID_RISK_UNIT,risk_unit == 0 or non-finite,NQZ13-CME,3055546,2013-10-15 16:13:35.003000+00:00,3252.0,{'stop_loss_price': 3252.0}
INVALID_RISK_UNIT,risk_unit == 0 or non-finite,NQZ13-CME,3096938,2013-10-15 18:46:12.011000+00:00,3237.75,{'stop_loss_price': 3237.75}
INVALID_RISK_UNIT,risk_unit == 0 or non-finite,NQZ13-CME,3096939,2013-10-15 18:46:13+00:00,3237.75,{'stop_loss_price': 3237.75}
INVALID_RISK_UNIT,risk_unit == 0 or non-finite,NQZ13-CME,3096940,2013-10-15 18:46:13.001000+00:00,3237.75,{'stop_loss_price': 3237.75}
INVALID_RISK_UNIT,risk_unit == 0 or non-finite,NQZ13-CME,3096941,2013-10-15 18:46:13.002000+00:00,3237.75,{'stop_loss_price': 3237.75}
INVALID_RISK_UNIT,risk_unit == 0 or non-finite,NQZ13-CME,3096942,2013-10-15 18:46:13.003000+00:00,3237.75,{'stop_loss_price': 3237.75}
INVALID_RISK_UNIT,risk_unit == 0 or non-finite,NQZ13-CME,3096943,2013-10-15 18:46:13.004000+00:00,3237.75,{'stop_loss_price': 3237.75}
INVALID_RISK_UNIT,risk_unit == 0 or non-finite,NQZ13-CME,3096944,2013-10-15 18:46:13.005000+00:00,3237.75,{'stop_loss_price': 3237.75}
INVALID_RISK_UNIT,risk_unit == 0 or non-finite,NQZ13-CME,3096945,2013-10-15 18:46:13.006000+00:00,3237.75,{'stop_loss_price': 3237.75}
INVALID_RISK_UNIT,risk_unit == 0 or non-finite,NQZ13-CME,3150561,2013-10-16 07:14:57.005000+00:00,3248.5,{'stop_loss_price': 3248.5}
INVALID_RISK_UNIT,risk_unit == 0 or non-finite,NQZ13-CME,3150562,2013-10-16 07:14:57.006000+00:00,3248.5,{'stop_loss_price': 3248.5}
INVALID_RISK_UNIT,risk_unit == 0 or non-finite,NQZ13-CME,3150563,2013-10-16 07:14:57.007000+00:00,3248.5,{'stop_loss_price': 3248.5}
INVALID_RISK_UNIT,risk_unit == 0 or non-finite,NQZ13-CME,3150564,2013-10-16 07:14:57.008000+00:00,3248.5,{'stop_loss_price': 3248.5}
INVALID_RISK_UNIT,risk_unit == 0 or non-finite,NQZ13-CME,3150565,2013-10-16 07:14:57.009000+00:00,3248.5,{'stop_loss_price': 3248.5}
INVALID_RISK_UNIT,risk_unit == 0 or non-finite,NQZ13-CME,3169312,2013-10-16 13:36:55+00:00,3258.0,{'stop_loss_price': 3258.0}
INVALID_RISK_UNIT,risk_unit == 0 or non-finite,NQZ13-CME,3169313,2013-10-16 13:36:55.001000+00:00,3258.0,{'stop_loss_price': 3258.0}
INVALID_RISK_UNIT,risk_unit == 0 or non-finite,NQZ13-CME,3183817,2013-10-16 13:57:27.003000+00:00,3268.5,{'stop_loss_price': 3268.5}
INVALID_RISK_UNIT,risk_unit == 0 or non-finite,NQZ13-CME,3183818,2013-10-16 13:57:27.004000+00:00,3268.5,{'stop_loss_price': 3268.5}
INVALID_RISK_UNIT,risk_unit == 0 or non-finite,NQZ13-CME,3183819,2013-10-16 13:57:27.005000+00:00,3268.5,{'stop_loss_price': 3268.5}
INVALID_RISK_UNIT,risk_unit == 0 or non-finite,NQZ13-CME,3183821,2013-10-16 13:57:27.007000+00:00,3268.5,{'stop_loss_price': 3268.5}
INVALID_RISK_UNIT,risk_unit == 0 or non-finite,NQZ13-CME,3242632,2013-10-16 17:01:17+00:00,3272.25,{'stop_loss_price': 3272.25}
INVALID_RISK_UNIT,risk_unit == 0 or non-finite,NQZ13-CME,3242633,2013-10-16 17:01:17.001000+00:00,3272.25,{'stop_loss_price': 3272.25}
INVALID_RISK_UNIT,risk_unit == 0 or non-finite,NQZ13-CME,3242634,2013-10-16 17:01:17.002000+00:00,3272.25,{'stop_loss_price': 3272.25}
INVALID_RISK_UNIT,risk_unit == 0 or non-finite,NQZ13-CME,3242635,2013-10-16 17:01:17.003000+00:00,3272.25,{'stop_loss_price': 3272.25}
INVALID_RISK_UNIT,risk_unit == 0 or non-finite,NQZ13-CME,3242636,2013-10-16 17:01:17.004000+00:00,3272.25,{'stop_loss_price': 3272.25}
INVALID_RISK_UNIT,risk_unit == 0 or non-finite,NQZ13-CME,3242637,2013-10-16 17:01:17.005000+00:00,3272.25,{'stop_loss_price': 3272.25}
INVALID_RISK_UNIT,risk_unit == 0 or non-finite,NQZ13-CME,3242638,2013-10-16 17:01:17.006000+00:00,3272.25,{'stop_loss_price': 3272.25}
INVALID_RISK_UNIT,risk_unit == 0 or non-finite,NQZ13-CME,3242639,2013-10-16 17:01:17.007000+00:00,3272.25,{'stop_loss_price': 3272.25}
INVALID_RISK_UNIT,risk_unit == 0 or non-finite,NQZ13-CME,3242640,2013-10-16 17:01:17.008000+00:00,3272.25,{'stop_loss_price': 3272.25}
INVALID_RISK_UNIT,risk_unit == 0 or non-finite,NQZ13-CME,3330663,2013-10-17 15:15:59.031000+00:00,3277.25,{'stop_loss_price': 3277.25}
INVALID_RISK_UNIT,risk_unit == 0 or non-finite,NQZ13-CME,3640634,2013-10-22 13:33:23.229000+00:00,3369.0,{'stop_loss_price': 3369.0}
INVALID_RISK_UNIT,risk_unit == 0 or non-finite,NQZ13-CME,3640635,2013-10-22 13:33:23.230000+00:00,3369.0,{'stop_loss_price': 3369.0}
INVALID_RISK_UNIT,risk_unit == 0 or non-finite,NQZ13-CME,3640636,2013-10-22 13:33:23.231000+00:00,3369.0,{'stop_loss_price': 3369.0}
INVALID_RISK_UNIT,risk_unit == 0 or non-finite,NQZ13-CME,3640638,2013-10-22 13:33:23.233000+00:00,3369.0,{'stop_loss_price': 3369.0}
INVALID_RISK_UNIT,risk_unit == 0 or non-finite,NQZ13-CME,3689990,2013-10-22 14:55:24.004000+00:00,3341.5,{'stop_loss_price': 3341.5}
INVALID_RISK_UNIT,risk_unit == 0 or non-finite,NQZ13-CME,3689991,2013-10-22 14:55:24.005000+00:00,3341.5,{'stop_loss_price': 3341.5}
INVALID_RISK_UNIT,risk_unit == 0 or non-finite,NQZ13-CME,3689992,2013-10-22 14:55:24.006000+00:00,3341.5,{'stop_loss_price': 3341.5}
INVALID_RISK_UNIT,risk_unit == 0 or non-finite,NQZ13-CME,3689993,2013-10-22 14:55:24.007000+00:00,3341.5,{'stop_loss_price': 3341.5}
INVALID_RISK_UNIT,risk_unit == 0 or non-finite,NQZ13-CME,3690000,2013-10-22 14:55:24.014000+00:00,3341.5,{'stop_loss_price': 3341.5}
INVALID_RISK_UNIT,risk_unit == 0 or non-finite,NQZ13-CME,3690001,2013-10-22 14:55:24.015000+00:00,3341.5,{'stop_loss_price': 3341.5}
INVALID_RISK_UNIT,risk_unit == 0 or non-finite,NQZ13-CME,3709864,2013-10-22 15:14:53.142000+00:00,3348.25,{'stop_loss_price': 3348.25}
INVALID_RISK_UNIT,risk_unit == 0 or non-finite,NQZ13-CME,3776495,2013-10-22 19:18:08+00:00,3365.25,{'stop_loss_price': 3365.25}
INVALID_RISK_UNIT,risk_unit == 0 or non-finite,NQZ13-CME,3793125,2013-10-22 20:05:42+00:00,3361.5,{'stop_loss_price': 3361.5}
INVALID_RISK_UNIT,risk_unit == 0 or non-finite,NQZ13-CME,3793126,2013-10-22 20:05:42.001000+00:00,3361.5,{'stop_loss_price': 3361.5}
INVALID_RISK_UNIT,risk_unit == 0 or non-finite,NQZ13-CME,3793127,2013-10-22 20:05:42.002000+00:00,3361.5,{'stop_loss_price': 3361.5}
INVALID_RISK_UNIT,risk_unit == 0 or non-finite,NQZ13-CME,3793128,2013-10-22 20:05:42.003000+00:00,3361.5,{'stop_loss_price': 3361.5}
INVALID_RISK_UNIT,risk_unit == 0 or non-finite,NQZ13-CME,3793129,2013-10-22 20:05:45+00:00,3361.5,{'stop_loss_price': 3361.5}
INVALID_RISK_UNIT,risk_unit == 0 or non-finite,NQZ13-CME,3793130,2013-10-22 20:05:45.001000+00:00,3361.5,{'stop_loss_price': 3361.5}
INVALID_RISK_UNIT,risk_unit == 0 or non-finite,NQZ13-CME,3793131,2013-10-22 20:05:45.002000+00:00,3361.5,{'stop_loss_price': 3361.5}
INVALID_RISK_UNIT,risk_unit == 0 or non-finite,NQZ13-CME,3793132,2013-10-22 20:05:45.003000+00:00,3361.5,{'stop_loss_price': 3361.5}
INVALID_RISK_UNIT,risk_unit == 0 or non-finite,NQZ13-CME,3793133,2013-10-22 20:05:45.004000+00:00,3361.5,{'stop_loss_price': 3361.5}
INVALID_RISK_UNIT,risk_unit == 0 or non-finite,NQZ13-CME,3793134,2013-10-22 20:05:45.005000+00:00,3361.5,{'stop_loss_price': 3361.5}
INVALID_RISK_UNIT,risk_unit == 0 or non-finite,NQZ13-CME,3793135,2013-10-22 20:05:45.006000+00:00,3361.5,{'stop_loss_price': 3361.5}
INVALID_RISK_UNIT,risk_unit == 0 or non-finite,NQZ13-CME,3793136,2013-10-22 20:05:45.007000+00:00,3361.5,{'stop_loss_price': 3361.5}
INVALID_RISK_UNIT,risk_unit == 0 or non-finite,NQZ13-CME,3793137,2013-10-22 20:05:45.008000+00:00,3361.5,{'stop_loss_price': 3361.5}
INVALID_RISK_UNIT,risk_unit == 0 or non-finite,NQZ13-CME,3793138,2013-10-22 20:05:49+00:00,3361.5,{'stop_loss_price': 3361.5}
INVALID_RISK_UNIT,risk_unit == 0 or non-finite,NQZ13-CME,3793139,2013-10-22 20:05:52+00:00,3361.5,{'stop_loss_price': 3361.5}
INVALID_RISK_UNIT,risk_unit == 0 or non-finite,NQZ13-CME,3793140,2013-10-22 20:05:53+00:00,3361.5,{'stop_loss_price': 3361.5}
INVALID_RISK_UNIT,risk_unit == 0 or non-finite,NQZ13-CME,3793141,2013-10-22 20:05:53.001000+00:00,3361.5,{'stop_loss_price': 3361.5}
INVALID_RISK_UNIT,risk_unit == 0 or non-finite,NQZ13-CME,3793142,2013-10-22 20:05:53.002000+00:00,3361.5,{'stop_loss_price': 3361.5}
INVALID_RISK_UNIT,risk_unit == 0 or non-finite,NQZ13-CME,3793143,2013-10-22 20:05:53.003000+00:00,3361.5,{'stop_loss_price': 3361.5}
INVALID_RISK_UNIT,risk_unit == 0 or non-finite,NQZ13-CME,3922986,2013-10-23 19:17:06+00:00,3335.25,{'stop_loss_price': 3335.25}
INVALID_RISK_UNIT,risk_unit == 0 or non-finite,NQZ13-CME,3922987,2013-10-23 19:17:06.001000+00:00,3335.25,{'stop_loss_price': 3335.25}
INVALID_RISK_UNIT,risk_unit == 0 or non-finite,NQZ13-CME,3922988,2013-10-23 19:17:06.002000+00:00,3335.25,{'stop_loss_price': 3335.25}
INVALID_RISK_UNIT,risk_unit == 0 or non-finite,NQZ13-CME,3922989,2013-10-23 19:17:06.003000+00:00,3335.25,{'stop_loss_price': 3335.25}
INVALID_RISK_UNIT,risk_unit == 0 or non-finite,NQZ13-CME,3922990,2013-10-23 19:17:06.004000+00:00,3335.25,{'stop_loss_price': 3335.25}
INVALID_RISK_UNIT,risk_unit == 0 or non-finite,NQZ13-CME,3922991,2013-10-23 19:17:06.005000+00:00,3335.25,{'stop_loss_price': 3335.25}
INVALID_RISK_UNIT,risk_unit == 0 or non-finite,NQZ13-CME,3922992,2013-10-23 19:17:06.006000+00:00,3335.25,{'stop_loss_price': 3335.25}
INVALID_RISK_UNIT,risk_unit == 0 or non-finite,NQZ13-CME,3922993,2013-10-23 19:17:06.007000+00:00,3335.25,{'stop_loss_price': 3335.25}
INVALID_RISK_UNIT,risk_unit == 0 or non-finite,NQZ13-CME,3922994,2013-10-23 19:17:06.008000+00:00,3335.25,{'stop_loss_price': 3335.25}
INVALID_RISK_UNIT,risk_unit == 0 or non-finite,NQZ13-CME,3922995,2013-10-23 19:17:06.009000+00:00,3335.25,{'stop_loss_price': 3335.25}
INVALID_RISK_UNIT,risk_unit == 0 or non-finite,NQZ13-CME,3922996,2013-10-23 19:17:06.010000+00:00,3335.25,{'stop_loss_price': 3335.25}
INVALID_RISK_UNIT,risk_unit == 0 or non-finite,NQZ13-CME,3922997,2013-10-23 19:17:06.011000+00:00,3335.25,{'stop_loss_price': 3335.25}
INVALID_RISK_UNIT,risk_unit == 0 or non-finite,NQZ13-CME,3922998,2013-10-23 19:17:06.012000+00:00,3335.25,{'stop_loss_price': 3335.25}
INVALID_RISK_UNIT,risk_unit == 0 or non-finite,NQZ13-CME,3922999,2013-10-23 19:17:06.013000+00:00,3335.25,{'stop_loss_price': 3335.25}
INVALID_RISK_UNIT,risk_unit == 0 or non-finite,NQZ13-CME,3923000,2013-10-23 19:17:06.014000+00:00,3335.25,{'stop_loss_price': 3335.25}
INVALID_RISK_UNIT,risk_unit == 0 or non-finite,NQZ13-CME,3923001,2013-10-23 19:17:06.015000+00:00,3335.25,{'stop_loss_price': 3335.25}
INVALID_RISK_UNIT,risk_unit == 0 or non-finite,NQZ13-CME,3923002,2013-10-23 19:17:06.016000+00:00,3335.25,{'stop_loss_price': 3335.25}
INVALID_RISK_UNIT,risk_unit == 0 or non-finite,NQZ13-CME,3924312,2013-10-23 19:20:15+00:00,3333.25,{'stop_loss_price': 3333.25}
INVALID_RISK_UNIT,risk_unit == 0 or non-finite,NQZ13-CME,3924313,2013-10-23 19:20:15.001000+00:00,3333.25,{'stop_loss_price': 3333.25}
INVALID_RISK_UNIT,risk_unit == 0 or non-finite,NQZ13-CME,3924314,2013-10-23 19:20:15.002000+00:00,3333.25,{'stop_loss_price': 3333.25}
INVALID_RISK_UNIT,risk_unit == 0 or non-finite,NQZ13-CME,3924315,2013-10-23 19:20:15.003000+00:00,3333.25,{'stop_loss_price': 3333.25}
INVALID_RISK_UNIT,risk_unit == 0 or non-finite,NQZ13-CME,3924316,2013-10-23 19:20:15.004000+00:00,3333.25,{'stop_loss_price': 3333.25}
INVALID_RISK_UNIT,risk_unit == 0 or non-finite,NQZ13-CME,3924317,2013-10-23 19:20:15.005000+00:00,3333.25,{'stop_loss_price': 3333.25}
INVALID_RISK_UNIT,risk_unit == 0 or non-finite,NQZ13-CME,3924318,2013-10-23 19:20:15.006000+00:00,3333.25,{'stop_loss_price': 3333.25}
INVALID_RISK_UNIT,risk_unit == 0 or non-finite,NQZ13-CME,3924319,2013-10-23 19:20:16+00:00,3333.25,{'stop_loss_price': 3333.25}
INVALID_RISK_UNIT,risk_unit == 0 or non-finite,NQZ13-CME,3924320,2013-10-23 19:20:17+00:00,3333.25,{'stop_loss_price': 3333.25}
INVALID_RISK_UNIT,risk_unit == 0 or non-finite,NQZ13-CME,3924321,2013-10-23 19:20:17.001000+00:00,3333.25,{'stop_loss_price': 3333.25}
INVALID_RISK_UNIT,risk_unit == 0 or non-finite,NQZ13-CME,3924322,2013-10-23 19:20:17.002000+00:00,3333.25,{'stop_loss_price': 3333.25}
INVALID_RISK_UNIT,risk_unit == 0 or non-finite,NQZ13-CME,3924323,2013-10-23 19:20:17.003000+00:00,3333.25,{'stop_loss_price': 3333.25}
INVALID_RISK_UNIT,risk_unit == 0 or non-finite,NQZ13-CME,3924324,2013-10-23 19:20:17.004000+00:00,3333.25,{'stop_loss_price': 3333.25}
INVALID_RISK_UNIT,risk_unit == 0 or non-finite,NQZ13-CME,3924327,2013-10-23 19:20:18.002000+00:00,3333.25,{'stop_loss_price': 3333.25}
INVALID_RISK_UNIT,risk_unit == 0 or non-finite,NQZ13-CME,3924328,2013-10-23 19:20:18.003000+00:00,3333.25,{'stop_loss_price': 3333.25}
INVALID_RISK_UNIT,risk_unit == 0 or non-finite,NQZ13-CME,3924329,2013-10-23 19:20:18.004000+00:00,3333.25,{'stop_loss_price': 3333.25}
INVALID_RISK_UNIT,risk_unit == 0 or non-finite,NQZ13-CME,3924330,2013-10-23 19:20:18.005000+00:00,3333.25,{'stop_loss_price': 3333.25}
INVALID_RISK_UNIT,risk_unit == 0 or non-finite,NQZ13-CME,3924331,2013-10-23 19:20:18.006000+00:00,3333.25,{'stop_loss_price': 3333.25}
INVALID_RISK_UNIT,risk_unit == 0 or non-finite,NQZ13-CME,3924332,2013-10-23 19:20:18.007000+00:00,3333.25,{'stop_loss_price': 3333.25}
INVALID_RISK_UNIT,risk_unit == 0 or non-finite,NQZ13-CME,3924333,2013-10-23 19:20:18.008000+00:00,3333.25,{'stop_loss_price': 3333.25}
INVALID_RISK_UNIT,risk_unit == 0 or non-finite,NQZ13-CME,3924335,2013-10-23 19:20:20+00:00,3333.25,{'stop_loss_price': 3333.25}
INVALID_RISK_UNIT,risk_unit == 0 or non-finite,NQZ13-CME,3969651,2013-10-24 13:43:23+00:00,3339.25,{'stop_loss_price': 3339.25}
INVALID_RISK_UNIT,risk_unit == 0 or non-finite,NQZ13-CME,3969652,2013-10-24 13:43:23.001000+00:00,3339.25,{'stop_loss_price': 3339.25}
INVALID_RISK_UNIT,risk_unit == 0 or non-finite,NQZ13-CME,3969653,2013-10-24 13:43:23.002000+00:00,3339.25,{'stop_loss_price': 3339.25}
INVALID_RISK_UNIT,risk_unit == 0 or non-finite,NQZ13-CME,3969654,2013-10-24 13:43:23.003000+00:00,3339.25,{'stop_loss_price': 3339.25}
INVALID_RISK_UNIT,risk_unit == 0 or non-finite,NQZ13-CME,3969655,2013-10-24 13:43:23.004000+00:00,3339.25,{'stop_loss_price': 3339.25}
INVALID_RISK_UNIT,risk_unit == 0 or non-finite,NQZ13-CME,3969656,2013-10-24 13:43:23.005000+00:00,3339.25,{'stop_loss_price': 3339.25}
INVALID_RISK_UNIT,risk_unit == 0 or non-finite,NQZ13-CME,3969657,2013-10-24 13:43:23.006000+00:00,3339.25,{'stop_loss_price': 3339.25}
INVALID_RISK_UNIT,risk_unit == 0 or non-finite,NQZ13-CME,3969658,2013-10-24 13:43:23.007000+00:00,3339.25,{'stop_loss_price': 3339.25}
INVALID_RISK_UNIT,risk_unit == 0 or non-finite,NQZ13-CME,3969659,2013-10-24 13:43:23.008000+00:00,3339.25,{'stop_loss_price': 3339.25}
INVALID_RISK_UNIT,risk_unit == 0 or non-finite,NQZ13-CME,3969660,2013-10-24 13:43:23.009000+00:00,3339.25,{'stop_loss_price': 3339.25}
INVALID_RISK_UNIT,risk_unit == 0 or non-finite,NQZ13-CME,4005421,2013-10-24 15:55:20+00:00,3355.5,{'stop_loss_price': 3355.5}
INVALID_RISK_UNIT,risk_unit == 0 or non-finite,NQZ13-CME,4005422,2013-10-24 15:55:20.001000+00:00,3355.5,{'stop_loss_price': 3355.5}
INVALID_RISK_UNIT,risk_unit == 0 or non-finite,NQZ13-CME,4005423,2013-10-24 15:55:22+00:00,3355.5,{'stop_loss_price': 3355.5}
INVALID_RISK_UNIT,risk_unit == 0 or non-finite,NQZ13-CME,4005424,2013-10-24 15:55:24+00:00,3355.5,{'stop_loss_price': 3355.5}
INVALID_RISK_UNIT,risk_unit == 0 or non-finite,NQZ13-CME,4005425,2013-10-24 15:55:24.001000+00:00,3355.5,{'stop_loss_price': 3355.5}
INVALID_RISK_UNIT,risk_unit == 0 or non-finite,NQZ13-CME,4005426,2013-10-24 15:55:24.002000+00:00,3355.5,{'stop_loss_price': 3355.5}
INVALID_RISK_UNIT,risk_unit == 0 or non-finite,NQZ13-CME,4005427,2013-10-24 15:55:24.003000+00:00,3355.5,{'stop_loss_price': 3355.5}
INVALID_RISK_UNIT,risk_unit == 0 or non-finite,NQZ13-CME,4005428,2013-10-24 15:55:24.004000+00:00,3355.5,{'stop_loss_price': 3355.5}
INVALID_RISK_UNIT,risk_unit == 0 or non-finite,NQZ13-CME,4287995,2013-10-29 00:30:23+00:00,3372.0,{'stop_loss_price': 3372.0}
INVALID_RISK_UNIT,risk_unit == 0 or non-finite,NQZ13-CME,4353013,2013-10-29 15:26:56+00:00,3381.0,{'stop_loss_price': 3381.0}
INVALID_RISK_UNIT,risk_unit == 0 or non-finite,NQZ13-CME,4354635,2013-10-29 15:32:12+00:00,3377.5,{'stop_loss_price': 3377.5}
INVALID_RISK_UNIT,risk_unit == 0 or non-finite,NQZ13-CME,4354636,2013-10-29 15:32:12.001000+00:00,3377.5,{'stop_loss_price': 3377.5}
INVALID_RISK_UNIT,risk_unit == 0 or non-finite,NQZ13-CME,4354637,2013-10-29 15:32:12.002000+00:00,3377.5,{'stop_loss_price': 3377.5}
INVALID_RISK_UNIT,risk_unit == 0 or non-finite,NQZ13-CME,4354638,2013-10-29 15:32:12.003000+00:00,3377.5,{'stop_loss_price': 3377.5}
INVALID_RISK_UNIT,risk_unit == 0 or non-finite,NQZ13-CME,4354639,2013-10-29 15:32:12.004000+00:00,3377.5,{'stop_loss_price': 3377.5}
INVALID_RISK_UNIT,risk_unit == 0 or non-finite,NQZ13-CME,4354640,2013-10-29 15:32:12.005000+00:00,3377.5,{'stop_loss_price': 3377.5}
INVALID_RISK_UNIT,risk_unit == 0 or non-finite,NQZ13-CME,4354641,2013-10-29 15:32:12.006000+00:00,3377.5,{'stop_loss_price': 3377.5}
INVALID_RISK_UNIT,risk_unit == 0 or non-finite,NQZ13-CME,4354642,2013-10-29 15:32:12.007000+00:00,3377.5,{'stop_loss_price': 3377.5}
INVALID_RISK_UNIT,risk_unit == 0 or non-finite,NQZ13-CME,4354643,2013-10-29 15:32:12.008000+00:00,3377.5,{'stop_loss_price': 3377.5}
INVALID_RISK_UNIT,risk_unit == 0 or non-finite,NQZ13-CME,4354644,2013-10-29 15:32:12.009000+00:00,3377.5,{'stop_loss_price': 3377.5}
INVALID_RISK_UNIT,risk_unit == 0 or non-finite,NQZ13-CME,4354645,2013-10-29 15:32:12.010000+00:00,3377.5,{'stop_loss_price': 3377.5}
INVALID_RISK_UNIT,risk_unit == 0 or non-finite,NQZ13-CME,4354646,2013-10-29 15:32:12.011000+00:00,3377.5,{'stop_loss_price': 3377.5}
INVALID_RISK_UNIT,risk_unit == 0 or non-finite,NQZ13-CME,4354647,2013-10-29 15:32:12.012000+00:00,3377.5,{'stop_loss_price': 3377.5}
INVALID_RISK_UNIT,risk_unit == 0 or non-finite,NQZ13-CME,4354648,2013-10-29 15:32:12.013000+00:00,3377.5,{'stop_loss_price': 3377.5}
INVALID_RISK_UNIT,risk_unit == 0 or non-finite,NQZ13-CME,4479346,2013-10-30 16:47:16.006000+00:00,3385.5,{'stop_loss_price': 3385.5}
INVALID_RISK_UNIT,risk_unit == 0 or non-finite,NQZ13-CME,4479347,2013-10-30 16:47:16.007000+00:00,3385.5,{'stop_loss_price': 3385.5}
INVALID_RISK_UNIT,risk_unit == 0 or non-finite,NQZ13-CME,4479348,2013-10-30 16:47:18+00:00,3385.5,{'stop_loss_price': 3385.5}
INVALID_RISK_UNIT,risk_unit == 0 or non-finite,NQZ13-CME,4479349,2013-10-30 16:47:18.001000+00:00,3385.5,{'stop_loss_price': 3385.5}
INVALID_RISK_UNIT,risk_unit == 0 or non-finite,NQZ13-CME,4479350,2013-10-30 16:47:18.002000+00:00,3385.5,{'stop_loss_price': 3385.5}
INVALID_RISK_UNIT,risk_unit == 0 or non-finite,NQZ13-CME,4479351,2013-10-30 16:47:18.003000+00:00,3385.5,{'stop_loss_price': 3385.5}
INVALID_RISK_UNIT,risk_unit == 0 or non-finite,NQZ13-CME,4479352,2013-10-30 16:47:18.004000+00:00,3385.5,{'stop_loss_price': 3385.5}
INVALID_RISK_UNIT,risk_unit == 0 or non-finite,NQZ13-CME,4479353,2013-10-30 16:47:18.005000+00:00,3385.5,{'stop_loss_price': 3385.5}
INVALID_RISK_UNIT,risk_unit == 0 or non-finite,NQZ13-CME,4479354,2013-10-30 16:47:18.006000+00:00,3385.5,{'stop_loss_price': 3385.5}
INVALID_RISK_UNIT,risk_unit == 0 or non-finite,NQZ13-CME,4479355,2013-10-30 16:47:18.007000+00:00,3385.5,{'stop_loss_price': 3385.5}
INVALID_RISK_UNIT,risk_unit == 0 or non-finite,NQZ13-CME,4479356,2013-10-30 16:47:18.008000+00:00,3385.5,{'stop_loss_price': 3385.5}
INVALID_RISK_UNIT,risk_unit == 0 or non-finite,NQZ13-CME,4479357,2013-10-30 16:47:18.009000+00:00,3385.5,{'stop_loss_price': 3385.5}
INVALID_RISK_UNIT,risk_unit == 0 or non-finite,NQZ13-CME,4479358,2013-10-30 16:47:18.010000+00:00,3385.5,{'stop_loss_price': 3385.5}
INVALID_RISK_UNIT,risk_unit == 0 or non-finite,NQZ13-CME,4479359,2013-10-30 16:47:18.011000+00:00,3385.5,{'stop_loss_price': 3385.5}
INVALID_RISK_UNIT,risk_unit == 0 or non-finite,NQZ13-CME,4546572,2013-10-30 19:40:47.004000+00:00,3382.25,{'stop_loss_price': 3382.25}
INVALID_RISK_UNIT,risk_unit == 0 or non-finite,NQZ13-CME,4546573,2013-10-30 19:40:47.005000+00:00,3382.25,{'stop_loss_price': 3382.25}
INVALID_RISK_UNIT,risk_unit == 0 or non-finite,NQZ13-CME,4546574,2013-10-30 19:40:47.006000+00:00,3382.25,{'stop_loss_price': 3382.25}
INVALID_RISK_UNIT,risk_unit == 0 or non-finite,NQZ13-CME,4546575,2013-10-30 19:40:47.007000+00:00,3382.25,{'stop_loss_price': 3382.25}
INVALID_RISK_UNIT,risk_unit == 0 or non-finite,NQZ13-CME,4546576,2013-10-30 19:40:47.008000+00:00,3382.25,{'stop_loss_price': 3382.25}
INVALID_RISK_UNIT,risk_unit == 0 or non-finite,NQZ13-CME,4546577,2013-10-30 19:40:47.009000+00:00,3382.25,{'stop_loss_price': 3382.25}
INVALID_RISK_UNIT,risk_unit == 0 or non-finite,NQZ13-CME,4546578,2013-10-30 19:40:48+00:00,3382.25,{'stop_loss_price': 3382.25}
INVALID_RISK_UNIT,risk_unit == 0 or non-finite,NQZ13-CME,4546579,2013-10-30 19:40:48.001000+00:00,3382.25,{'stop_loss_price': 3382.25}
INVALID_RISK_UNIT,risk_unit == 0 or non-finite,NQZ13-CME,4546580,2013-10-30 19:40:48.002000+00:00,3382.25,{'stop_loss_price': 3382.25}
INVALID_RISK_UNIT,risk_unit == 0 or non-finite,NQZ13-CME,4546581,2013-10-30 19:40:48.003000+00:00,3382.25,{'stop_loss_price': 3382.25}
INVALID_RISK_UNIT,risk_unit == 0 or non-finite,NQZ13-CME,4546582,2013-10-30 19:40:48.004000+00:00,3382.25,{'stop_loss_price': 3382.25}
INVALID_RISK_UNIT,risk_unit == 0 or non-finite,NQZ13-CME,4546583,2013-10-30 19:40:48.005000+00:00,3382.25,{'stop_loss_price': 3382.25}
INVALID_RISK_UNIT,risk_unit == 0 or non-finite,NQZ13-CME,4546584,2013-10-30 19:40:48.006000+00:00,3382.25,{'stop_loss_price': 3382.25}
INVALID_RISK_UNIT,risk_unit == 0 or non-finite,NQZ13-CME,4546585,2013-10-30 19:40:48.007000+00:00,3382.25,{'stop_loss_price': 3382.25}
INVALID_RISK_UNIT,risk_unit == 0 or non-finite,NQZ13-CME,4546586,2013-10-30 19:40:48.008000+00:00,3382.25,{'stop_loss_price': 3382.25}
INVALID_RISK_UNIT,risk_unit == 0 or non-finite,NQZ13-CME,4546587,2013-10-30 19:40:48.009000+00:00,3382.25,{'stop_loss_price': 3382.25}
INVALID_RISK_UNIT,risk_unit == 0 or non-finite,NQZ13-CME,4546588,2013-10-30 19:40:48.010000+00:00,3382.25,{'stop_loss_price': 3382.25}
INVALID_RISK_UNIT,risk_unit == 0 or non-finite,NQZ13-CME,4546589,2013-10-30 19:40:48.011000+00:00,3382.25,{'stop_loss_price': 3382.25}
INVALID_RISK_UNIT,risk_unit == 0 or non-finite,NQZ13-CME,4546590,2013-10-30 19:40:48.012000+00:00,3382.25,{'stop_loss_price': 3382.25}
INVALID_RISK_UNIT,risk_unit == 0 or non-finite,NQZ13-CME,4546591,2013-10-30 19:40:49+00:00,3382.25,{'stop_loss_price': 3382.25}
INVALID_RISK_UNIT,risk_unit == 0 or non-finite,NQZ13-CME,4546592,2013-10-30 19:40:49.001000+00:00,3382.25,{'stop_loss_price': 3382.25}
INVALID_RISK_UNIT,risk_unit == 0 or non-finite,NQZ13-CME,4546593,2013-10-30 19:40:49.002000+00:00,3382.25,{'stop_loss_price': 3382.25}
INVALID_RISK_UNIT,risk_unit == 0 or non-finite,NQZ13-CME,4546594,2013-10-30 19:40:49.003000+00:00,3382.25,{'stop_loss_price': 3382.25}
INVALID_RISK_UNIT,risk_unit == 0 or non-finite,NQZ13-CME,4599597,2013-10-31 13:54:53+00:00,3367.5,{'stop_loss_price': 3367.5}
INVALID_RISK_UNIT,risk_unit == 0 or non-finite,NQZ13-CME,4599598,2013-10-31 13:54:53.001000+00:00,3367.5,{'stop_loss_price': 3367.5}
INVALID_RISK_UNIT,risk_unit == 0 or non-finite,NQZ13-CME,4599599,2013-10-31 13:54:53.002000+00:00,3367.5,{'stop_loss_price': 3367.5}
INVALID_RISK_UNIT,risk_unit == 0 or non-finite,NQZ13-CME,4599600,2013-10-31 13:54:53.003000+00:00,3367.5,{'stop_loss_price': 3367.5}
INVALID_RISK_UNIT,risk_unit == 0 or non-finite,NQZ13-CME,4599601,2013-10-31 13:54:53.004000+00:00,3367.5,{'stop_loss_price': 3367.5}
INVALID_RISK_UNIT,risk_unit == 0 or non-finite,NQZ13-CME,4599602,2013-10-31 13:54:53.005000+00:00,3367.5,{'stop_loss_price': 3367.5}
INVALID_RISK_UNIT,risk_unit == 0 or non-finite,NQZ13-CME,4599603,2013-10-31 13:54:53.006000+00:00,3367.5,{'stop_loss_price': 3367.5}
INVALID_RISK_UNIT,risk_unit == 0 or non-finite,NQZ13-CME,4599604,2013-10-31 13:54:53.007000+00:00,3367.5,{'stop_loss_price': 3367.5}
INVALID_RISK_UNIT,risk_unit == 0 or non-finite,NQZ13-CME,4599605,2013-10-31 13:54:53.008000+00:00,3367.5,{'stop_loss_price': 3367.5}
INVALID_RISK_UNIT,risk_unit == 0 or non-finite,NQZ13-CME,4599606,2013-10-31 13:54:53.009000+00:00,3367.5,{'stop_loss_price': 3367.5}
INVALID_RISK_UNIT,risk_unit == 0 or non-finite,NQZ13-CME,4599607,2013-10-31 13:54:53.010000+00:00,3367.5,{'stop_loss_price': 3367.5}
INVALID_RISK_UNIT,risk_unit == 0 or non-finite,NQZ13-CME,4599608,2013-10-31 13:54:53.011000+00:00,3367.5,{'stop_loss_price': 3367.5}
INVALID_RISK_UNIT,risk_unit == 0 or non-finite,NQZ13-CME,4599609,2013-10-31 13:54:53.012000+00:00,3367.5,{'stop_loss_price': 3367.5}
INVALID_RISK_UNIT,risk_unit == 0 or non-finite,NQZ13-CME,4599610,2013-10-31 13:54:53.013000+00:00,3367.5,{'stop_loss_price': 3367.5}
INVALID_RISK_UNIT,risk_unit == 0 or non-finite,NQZ13-CME,4599611,2013-10-31 13:54:53.014000+00:00,3367.5,{'stop_loss_price': 3367.5}
INVALID_RISK_UNIT,risk_unit == 0 or non-finite,NQZ13-CME,4599612,2013-10-31 13:54:53.015000+00:00,3367.5,{'stop_loss_price': 3367.5}
INVALID_RISK_UNIT,risk_unit == 0 or non-finite,NQZ13-CME,4599613,2013-10-31 13:54:54+00:00,3367.5,{'stop_loss_price': 3367.5}
INVALID_RISK_UNIT,risk_unit == 0 or non-finite,NQZ13-CME,4599614,2013-10-31 13:54:54.001000+00:00,3367.5,{'stop_loss_price': 3367.5}
INVALID_RISK_UNIT,risk_unit == 0 or non-finite,NQZ13-CME,4599615,2013-10-31 13:54:54.002000+00:00,3367.5,{'stop_loss_price': 3367.5}
INVALID_RISK_UNIT,risk_unit == 0 or non-finite,NQZ13-CME,4599616,2013-10-31 13:54:54.003000+00:00,3367.5,{'stop_loss_price': 3367.5}
INVALID_RISK_UNIT,risk_unit == 0 or non-finite,NQZ13-CME,4599617,2013-10-31 13:54:54.004000+00:00,3367.5,{'stop_loss_price': 3367.5}
INVALID_RISK_UNIT,risk_unit == 0 or non-finite,NQZ13-CME,4599618,2013-10-31 13:54:54.005000+00:00,3367.5,{'stop_loss_price': 3367.5}
INVALID_RISK_UNIT,risk_unit == 0 or non-finite,NQZ13-CME,4599619,2013-10-31 13:54:54.006000+00:00,3367.5,{'stop_loss_price': 3367.5}
INVALID_RISK_UNIT,risk_unit == 0 or non-finite,NQZ13-CME,4599620,2013-10-31 13:54:55+00:00,3367.5,{'stop_loss_price': 3367.5}
INVALID_RISK_UNIT,risk_unit == 0 or non-finite,NQZ13-CME,4599621,2013-10-31 13:54:55.001000+00:00,3367.5,{'stop_loss_price': 3367.5}
INVALID_RISK_UNIT,risk_unit == 0 or non-finite,NQZ13-CME,4599622,2013-10-31 13:54:55.002000+00:00,3367.5,{'stop_loss_price': 3367.5}
INVALID_RISK_UNIT,risk_unit == 0 or non-finite,NQZ13-CME,4599623,2013-10-31 13:54:55.003000+00:00,3367.5,{'stop_loss_price': 3367.5}
INVALID_RISK_UNIT,risk_unit == 0 or non-finite,NQZ13-CME,4689135,2013-10-31 19:32:36.004000+00:00,3379.5,{'stop_loss_price': 3379.5}
INVALID_RISK_UNIT,risk_unit == 0 or non-finite,NQZ13-CME,4689136,2013-10-31 19:32:36.005000+00:00,3379.5,{'stop_loss_price': 3379.5}
INVALID_RISK_UNIT,risk_unit == 0 or non-finite,NQZ13-CME,4689137,2013-10-31 19:32:36.006000+00:00,3379.5,{'stop_loss_price': 3379.5}
INVALID_RISK_UNIT,risk_unit == 0 or non-finite,NQZ13-CME,4689138,2013-10-31 19:32:36.007000+00:00,3379.5,{'stop_loss_price': 3379.5}
INVALID_RISK_UNIT,risk_unit == 0 or non-finite,NQZ13-CME,4689139,2013-10-31 19:32:36.008000+00:00,3379.5,{'stop_loss_price': 3379.5}
INVALID_RISK_UNIT,risk_unit == 0 or non-finite,NQZ13-CME,4689140,2013-10-31 19:32:36.009000+00:00,3379.5,{'stop_loss_price': 3379.5}
INVALID_RISK_UNIT,risk_unit == 0 or non-finite,NQZ13-CME,4689141,2013-10-31 19:32:36.010000+00:00,3379.5,{'stop_loss_price': 3379.5}
INVALID_RISK_UNIT,risk_unit == 0 or non-finite,NQZ13-CME,4689142,2013-10-31 19:32:36.011000+00:00,3379.5,{'stop_loss_price': 3379.5}
INVALID_RISK_UNIT,risk_unit == 0 or non-finite,NQZ13-CME,4689143,2013-10-31 19:32:36.012000+00:00,3379.5,{'stop_loss_price': 3379.5}
INVALID_RISK_UNIT,risk_unit == 0 or non-finite,NQZ13-CME,4689144,2013-10-31 19:32:36.013000+00:00,3379.5,{'stop_loss_price': 3379.5}
INVALID_RISK_UNIT,risk_unit == 0 or non-finite,NQZ13-CME,4689145,2013-10-31 19:32:36.014000+00:00,3379.5,{'stop_loss_price': 3379.5}
INVALID_RISK_UNIT,risk_unit == 0 or non-finite,NQZ13-CME,4689146,2013-10-31 19:32:36.015000+00:00,3379.5,{'stop_loss_price': 3379.5}
INVALID_RISK_UNIT,risk_unit == 0 or non-finite,NQZ13-CME,4689147,2013-10-31 19:32:36.016000+00:00,3379.5,{'stop_loss_price': 3379.5}
INVALID_RISK_UNIT,risk_unit == 0 or non-finite,NQZ13-CME,4689148,2013-10-31 19:32:36.017000+00:00,3379.5,{'stop_loss_price': 3379.5}
INVALID_RISK_UNIT,risk_unit == 0 or non-finite,NQZ13-CME,4689149,2013-10-31 19:32:36.018000+00:00,3379.5,{'stop_loss_price': 3379.5}
INVALID_RISK_UNIT,risk_unit == 0 or non-finite,NQZ13-CME,4689150,2013-10-31 19:32:36.019000+00:00,3379.5,{'stop_loss_price': 3379.5}
INVALID_RISK_UNIT,risk_unit == 0 or non-finite,NQZ13-CME,4689151,2013-10-31 19:32:36.020000+00:00,3379.5,{'stop_loss_price': 3379.5}
INVALID_RISK_UNIT,risk_unit == 0 or non-finite,NQZ13-CME,4689152,2013-10-31 19:32:36.021000+00:00,3379.5,{'stop_loss_price': 3379.5}
INVALID_RISK_UNIT,risk_unit == 0 or non-finite,NQZ13-CME,4689153,2013-10-31 19:32:36.022000+00:00,3379.5,{'stop_loss_price': 3379.5}
INVALID_RISK_UNIT,risk_unit == 0 or non-finite,NQZ13-CME,4689154,2013-10-31 19:32:36.023000+00:00,3379.5,{'stop_loss_price': 3379.5}
INVALID_RISK_UNIT,risk_unit == 0 or non-finite,NQZ13-CME,4689155,2013-10-31 19:32:38+00:00,3379.5,{'stop_loss_price': 3379.5}
INVALID_RISK_UNIT,risk_unit == 0 or non-finite,NQZ13-CME,4689156,2013-10-31 19:32:38.001000+00:00,3379.5,{'stop_loss_price': 3379.5}
INVALID_RISK_UNIT,risk_unit == 0 or non-finite,NQZ13-CME,4689157,2013-10-31 19:32:38.002000+00:00,3379.5,{'stop_loss_price': 3379.5}
INVALID_RISK_UNIT,risk_unit == 0 or non-finite,NQZ13-CME,4689158,2013-10-31 19:32:38.003000+00:00,3379.5,{'stop_loss_price': 3379.5}
INVALID_RISK_UNIT,risk_unit == 0 or non-finite,NQZ13-CME,4689159,2013-10-31 19:32:38.004000+00:00,3379.5,{'stop_loss_price': 3379.5}
INVALID_RISK_UNIT,risk_unit == 0 or non-finite,NQZ13-CME,4689160,2013-10-31 19:32:38.005000+00:00,3379.5,{'stop_loss_price': 3379.5}
INVALID_RISK_UNIT,risk_unit == 0 or non-finite,NQZ13-CME,4689161,2013-10-31 19:32:38.006000+00:00,3379.5,{'stop_loss_price': 3379.5}
INVALID_RISK_UNIT,risk_unit == 0 or non-finite,NQZ13-CME,4689162,2013-10-31 19:32:39+00:00,3379.5,{'stop_loss_price': 3379.5}
INVALID_RISK_UNIT,risk_unit == 0 or non-finite,NQZ13-CME,4689163,2013-10-31 19:32:39.001000+00:00,3379.5,{'stop_loss_price': 3379.5}
INVALID_RISK_UNIT,risk_unit == 0 or non-finite,NQZ13-CME,4689164,2013-10-31 19:32:39.002000+00:00,3379.5,{'stop_loss_price': 3379.5}
INVALID_RISK_UNIT,risk_unit == 0 or non-finite,NQZ13-CME,4689165,2013-10-31 19:32:39.003000+00:00,3379.5,{'stop_loss_price': 3379.5}
INVALID_RISK_UNIT,risk_unit == 0 or non-finite,NQZ13-CME,4689166,2013-10-31 19:32:39.004000+00:00,3379.5,{'stop_loss_price': 3379.5}
INVALID_RISK_UNIT,risk_unit == 0 or non-finite,NQZ13-CME,4689167,2013-10-31 19:32:39.005000+00:00,3379.5,{'stop_loss_price': 3379.5}
INVALID_RISK_UNIT,risk_unit == 0 or non-finite,NQZ13-CME,4808755,2013-11-01 18:19:50.002000+00:00,3366.25,{'stop_loss_price': 3366.25}
INVALID_RISK_UNIT,risk_unit == 0 or non-finite,NQZ13-CME,4808756,2013-11-01 18:19:50.003000+00:00,3366.25,{'stop_loss_price': 3366.25}
INVALID_RISK_UNIT,risk_unit == 0 or non-finite,NQZ13-CME,4808757,2013-11-01 18:19:50.004000+00:00,3366.25,{'stop_loss_price': 3366.25}
INVALID_RISK_UNIT,risk_unit == 0 or non-finite,NQZ13-CME,4808758,2013-11-01 18:19:50.005000+00:00,3366.25,{'stop_loss_price': 3366.25}
INVALID_RISK_UNIT,risk_unit == 0 or non-finite,NQZ13-CME,4808759,2013-11-01 18:19:50.006000+00:00,3366.25,{'stop_loss_price': 3366.25}
INVALID_RISK_UNIT,risk_unit == 0 or non-finite,NQZ13-CME,4808760,2013-11-01 18:19:50.007000+00:00,3366.25,{'stop_loss_price': 3366.25}
INVALID_RISK_UNIT,risk_unit == 0 or non-finite,NQZ13-CME,4808761,2013-11-01 18:19:50.008000+00:00,3366.25,{'stop_loss_price': 3366.25}
INVALID_RISK_UNIT,risk_unit == 0 or non-finite,NQZ13-CME,4808762,2013-11-01 18:19:50.009000+00:00,3366.25,{'stop_loss_price': 3366.25}
INVALID_RISK_UNIT,risk_unit == 0 or non-finite,NQZ13-CME,4808763,2013-11-01 18:19:50.010000+00:00,3366.25,{'stop_loss_price': 3366.25}
INVALID_RISK_UNIT,risk_unit == 0 or non-finite,NQZ13-CME,4808764,2013-11-01 18:19:50.011000+00:00,3366.25,{'stop_loss_price': 3366.25}
INVALID_RISK_UNIT,risk_unit == 0 or non-finite,NQZ13-CME,4808765,2013-11-01 18:19:50.012000+00:00,3366.25,{'stop_loss_price': 3366.25}
INVALID_RISK_UNIT,risk_unit == 0 or non-finite,NQZ13-CME,4808766,2013-11-01 18:19:50.013000+00:00,3366.25,{'stop_loss_price': 3366.25}
INVALID_RISK_UNIT,risk_unit == 0 or non-finite,NQZ13-CME,4808777,2013-11-01 18:19:53.002000+00:00,3366.25,{'stop_loss_price': 3366.25}
INVALID_RISK_UNIT,risk_unit == 0 or non-finite,NQZ13-CME,4808778,2013-11-01 18:19:57+00:00,3366.25,{'stop_loss_price': 3366.25}
INVALID_RISK_UNIT,risk_unit == 0 or non-finite,NQZ13-CME,4808779,2013-11-01 18:19:57.001000+00:00,3366.25,{'stop_loss_price': 3366.25}
INVALID_RISK_UNIT,risk_unit == 0 or non-finite,NQZ13-CME,4808780,2013-11-01 18:19:57.002000+00:00,3366.25,{'stop_loss_price': 3366.25}
INVALID_RISK_UNIT,risk_unit == 0 or non-finite,NQZ13-CME,4808782,2013-11-01 18:20:03+00:00,3366.25,{'stop_loss_price': 3366.25}
INVALID_RISK_UNIT,risk_unit == 0 or non-finite,NQZ13-CME,4818240,2013-11-01 19:20:35.002000+00:00,3370.75,{'stop_loss_price': 3370.75}
INVALID_RISK_UNIT,risk_unit == 0 or non-finite,NQZ13-CME,4818241,2013-11-01 19:20:35.003000+00:00,3370.75,{'stop_loss_price': 3370.75}
INVALID_RISK_UNIT,risk_unit == 0 or non-finite,NQZ13-CME,4818242,2013-11-01 19:20:35.004000+00:00,3370.75,{'stop_loss_price': 3370.75}
INVALID_RISK_UNIT,risk_unit == 0 or non-finite,NQZ13-CME,4818243,2013-11-01 19:20:35.005000+00:00,3370.75,{'stop_loss_price': 3370.75}
INVALID_RISK_UNIT,risk_unit == 0 or non-finite,NQZ13-CME,4818244,2013-11-01 19:20:35.006000+00:00,3370.75,{'stop_loss_price': 3370.75}
INVALID_RISK_UNIT,risk_unit == 0 or non-finite,NQZ13-CME,4966098,2013-11-05 15:26:20+00:00,3363.0,{'stop_loss_price': 3363.0}
INVALID_RISK_UNIT,risk_unit == 0 or non-finite,NQZ13-CME,4966099,2013-11-05 15:26:20.001000+00:00,3363.0,{'stop_loss_price': 3363.0}
INVALID_RISK_UNIT,risk_unit == 0 or non-finite,NQZ13-CME,4966100,2013-11-05 15:26:20.002000+00:00,3363.0,{'stop_loss_price': 3363.0}
INVALID_RISK_UNIT,risk_unit == 0 or non-finite,NQZ13-CME,4966102,2013-11-05 15:26:21+00:00,3363.0,{'stop_loss_price': 3363.0}
INVALID_RISK_UNIT,risk_unit == 0 or non-finite,NQZ13-CME,5027505,2013-11-05 20:38:56.014000+00:00,3385.25,{'stop_loss_price': 3385.25}
INVALID_RISK_UNIT,risk_unit == 0 or non-finite,NQZ13-CME,5027506,2013-11-05 20:38:56.015000+00:00,3385.25,{'stop_loss_price': 3385.25}
INVALID_RISK_UNIT,risk_unit == 0 or non-finite,NQZ13-CME,5027507,2013-11-05 20:38:56.016000+00:00,3385.25,{'stop_loss_price': 3385.25}
INVALID_RISK_UNIT,risk_unit == 0 or non-finite,NQZ13-CME,5027508,2013-11-05 20:38:56.017000+00:00,3385.25,{'stop_loss_price': 3385.25}
INVALID_RISK_UNIT,risk_unit == 0 or non-finite,NQZ13-CME,5027509,2013-11-05 20:38:56.018000+00:00,3385.25,{'stop_loss_price': 3385.25}
INVALID_RISK_UNIT,risk_unit == 0 or non-finite,NQZ13-CME,5027510,2013-11-05 20:38:56.019000+00:00,3385.25,{'stop_loss_price': 3385.25}
INVALID_RISK_UNIT,risk_unit == 0 or non-finite,NQZ13-CME,5027511,2013-11-05 20:38:56.020000+00:00,3385.25,{'stop_loss_price': 3385.25}
INVALID_RISK_UNIT,risk_unit == 0 or non-finite,NQZ13-CME,5027512,2013-11-05 20:38:56.021000+00:00,3385.25,{'stop_loss_price': 3385.25}
INVALID_RISK_UNIT,risk_unit == 0 or non-finite,NQZ13-CME,5027513,2013-11-05 20:38:56.022000+00:00,3385.25,{'stop_loss_price': 3385.25}
INVALID_RISK_UNIT,risk_unit == 0 or non-finite,NQZ13-CME,5027514,2013-11-05 20:38:56.023000+00:00,3385.25,{'stop_loss_price': 3385.25}
INVALID_RISK_UNIT,risk_unit == 0 or non-finite,NQZ13-CME,5027515,2013-11-05 20:38:56.024000+00:00,3385.25,{'stop_loss_price': 3385.25}
INVALID_RISK_UNIT,risk_unit == 0 or non-finite,NQZ13-CME,5027516,2013-11-05 20:38:56.025000+00:00,3385.25,{'stop_loss_price': 3385.25}
INVALID_RISK_UNIT,risk_unit == 0 or non-finite,NQZ13-CME,5027517,2013-11-05 20:38:56.026000+00:00,3385.25,{'stop_loss_price': 3385.25}
INVALID_RISK_UNIT,risk_unit == 0 or non-finite,NQZ13-CME,5027518,2013-11-05 20:38:56.027000+00:00,3385.25,{'stop_loss_price': 3385.25}
INVALID_RISK_UNIT,risk_unit == 0 or non-finite,NQZ13-CME,5027519,2013-11-05 20:38:56.028000+00:00,3385.25,{'stop_loss_price': 3385.25}
INVALID_RISK_UNIT,risk_unit == 0 or non-finite,NQZ13-CME,5027520,2013-11-05 20:38:56.029000+00:00,3385.25,{'stop_loss_price': 3385.25}
INVALID_RISK_UNIT,risk_unit == 0 or non-finite,NQZ13-CME,5027521,2013-11-05 20:38:56.030000+00:00,3385.25,{'stop_loss_price': 3385.25}
INVALID_RISK_UNIT,risk_unit == 0 or non-finite,NQZ13-CME,5027522,2013-11-05 20:38:56.031000+00:00,3385.25,{'stop_loss_price': 3385.25}
INVALID_RISK_UNIT,risk_unit == 0 or non-finite,NQZ13-CME,5027523,2013-11-05 20:38:56.032000+00:00,3385.25,{'stop_loss_price': 3385.25}
INVALID_RISK_UNIT,risk_unit == 0 or non-finite,NQZ13-CME,5027524,2013-11-05 20:38:56.033000+00:00,3385.25,{'stop_loss_price': 3385.25}
INVALID_RISK_UNIT,risk_unit == 0 or non-finite,NQZ13-CME,5027525,2013-11-05 20:38:56.034000+00:00,3385.25,{'stop_loss_price': 3385.25}
INVALID_RISK_UNIT,risk_unit == 0 or non-finite,NQZ13-CME,5027526,2013-11-05 20:38:56.035000+00:00,3385.25,{'stop_loss_price': 3385.25}
INVALID_RISK_UNIT,risk_unit == 0 or non-finite,NQZ13-CME,5027527,2013-11-05 20:38:56.036000+00:00,3385.25,{'stop_loss_price': 3385.25}
INVALID_RISK_UNIT,risk_unit == 0 or non-finite,NQZ13-CME,5027528,2013-11-05 20:38:56.037000+00:00,3385.25,{'stop_loss_price': 3385.25}
INVALID_RISK_UNIT,risk_unit == 0 or non-finite,NQZ13-CME,5027529,2013-11-05 20:38:56.038000+00:00,3385.25,{'stop_loss_price': 3385.25}
INVALID_RISK_UNIT,risk_unit == 0 or non-finite,NQZ13-CME,5027530,2013-11-05 20:38:56.039000+00:00,3385.25,{'stop_loss_price': 3385.25}
INVALID_RISK_UNIT,risk_unit == 0 or non-finite,NQZ13-CME,5027531,2013-11-05 20:38:56.040000+00:00,3385.25,{'stop_loss_price': 3385.25}
INVALID_RISK_UNIT,risk_unit == 0 or non-finite,NQZ13-CME,5027532,2013-11-05 20:38:56.041000+00:00,3385.25,{'stop_loss_price': 3385.25}
INVALID_RISK_UNIT,risk_unit == 0 or non-finite,NQZ13-CME,5027533,2013-11-05 20:38:56.042000+00:00,3385.25,{'stop_loss_price': 3385.25}
INVALID_RISK_UNIT,risk_unit == 0 or non-finite,NQZ13-CME,5027534,2013-11-05 20:38:56.043000+00:00,3385.25,{'stop_loss_price': 3385.25}
INVALID_RISK_UNIT,risk_unit == 0 or non-finite,NQZ13-CME,5027535,2013-11-05 20:38:56.044000+00:00,3385.25,{'stop_loss_price': 3385.25}
INVALID_RISK_UNIT,risk_unit == 0 or non-finite,NQZ13-CME,5027536,2013-11-05 20:38:56.045000+00:00,3385.25,{'stop_loss_price': 3385.25}
INVALID_RISK_UNIT,risk_unit == 0 or non-finite,NQZ13-CME,5027537,2013-11-05 20:38:56.046000+00:00,3385.25,{'stop_loss_price': 3385.25}
INVALID_RISK_UNIT,risk_unit == 0 or non-finite,NQZ13-CME,5027538,2013-11-05 20:38:56.047000+00:00,3385.25,{'stop_loss_price': 3385.25}
INVALID_RISK_UNIT,risk_unit == 0 or non-finite,NQZ13-CME,5027539,2013-11-05 20:38:56.048000+00:00,3385.25,{'stop_loss_price': 3385.25}
INVALID_RISK_UNIT,risk_unit == 0 or non-finite,NQZ13-CME,5027540,2013-11-05 20:38:56.049000+00:00,3385.25,{'stop_loss_price': 3385.25}
INVALID_RISK_UNIT,risk_unit == 0 or non-finite,NQZ13-CME,5027541,2013-11-05 20:38:56.050000+00:00,3385.25,{'stop_loss_price': 3385.25}
INVALID_RISK_UNIT,risk_unit == 0 or non-finite,NQZ13-CME,5027542,2013-11-05 20:38:56.051000+00:00,3385.25,{'stop_loss_price': 3385.25}
INVALID_RISK_UNIT,risk_unit == 0 or non-finite,NQZ13-CME,5027543,2013-11-05 20:38:56.052000+00:00,3385.25,{'stop_loss_price': 3385.25}
INVALID_RISK_UNIT,risk_unit == 0 or non-finite,NQZ13-CME,5027544,2013-11-05 20:38:56.053000+00:00,3385.25,{'stop_loss_price': 3385.25}
INVALID_RISK_UNIT,risk_unit == 0 or non-finite,NQZ13-CME,5027545,2013-11-05 20:38:56.054000+00:00,3385.25,{'stop_loss_price': 3385.25}
INVALID_RISK_UNIT,risk_unit == 0 or non-finite,NQZ13-CME,5027546,2013-11-05 20:38:56.055000+00:00,3385.25,{'stop_loss_price': 3385.25}
INVALID_RISK_UNIT,risk_unit == 0 or non-finite,NQZ13-CME,5027547,2013-11-05 20:38:56.056000+00:00,3385.25,{'stop_loss_price': 3385.25}
INVALID_RISK_UNIT,risk_unit == 0 or non-finite,NQZ13-CME,5027548,2013-11-05 20:38:56.057000+00:00,3385.25,{'stop_loss_price': 3385.25}
INVALID_RISK_UNIT,risk_unit == 0 or non-finite,NQZ13-CME,5027549,2013-11-05 20:38:56.058000+00:00,3385.25,{'stop_loss_price': 3385.25}
INVALID_RISK_UNIT,risk_unit == 0 or non-finite,NQZ13-CME,5027550,2013-11-05 20:38:56.059000+00:00,3385.25,{'stop_loss_price': 3385.25}
INVALID_RISK_UNIT,risk_unit == 0 or non-finite,NQZ13-CME,5027551,2013-11-05 20:38:56.060000+00:00,3385.25,{'stop_loss_price': 3385.25}
INVALID_RISK_UNIT,risk_unit == 0 or non-finite,NQZ13-CME,5027552,2013-11-05 20:38:56.061000+00:00,3385.25,{'stop_loss_price': 3385.25}
INVALID_RISK_UNIT,risk_unit == 0 or non-finite,NQZ13-CME,5027553,2013-11-05 20:38:57+00:00,3385.25,{'stop_loss_price': 3385.25}
INVALID_RISK_UNIT,risk_unit == 0 or non-finite,NQZ13-CME,5027554,2013-11-05 20:38:57.001000+00:00,3385.25,{'stop_loss_price': 3385.25}
INVALID_RISK_UNIT,risk_unit == 0 or non-finite,NQZ13-CME,5027555,2013-11-05 20:38:57.002000+00:00,3385.25,{'stop_loss_price': 3385.25}
INVALID_RISK_UNIT,risk_unit == 0 or non-finite,NQZ13-CME,5027556,2013-11-05 20:38:57.003000+00:00,3385.25,{'stop_loss_price': 3385.25}
INVALID_RISK_UNIT,risk_unit == 0 or non-finite,NQZ13-CME,5027557,2013-11-05 20:38:57.004000+00:00,3385.25,{'stop_loss_price': 3385.25}
INVALID_RISK_UNIT,risk_unit == 0 or non-finite,NQZ13-CME,5027558,2013-11-05 20:38:57.005000+00:00,3385.25,{'stop_loss_price': 3385.25}
INVALID_RISK_UNIT,risk_unit == 0 or non-finite,NQZ13-CME,5027559,2013-11-05 20:38:57.006000+00:00,3385.25,{'stop_loss_price': 3385.25}
INVALID_RISK_UNIT,risk_unit == 0 or non-finite,NQZ13-CME,5027560,2013-11-05 20:38:57.007000+00:00,3385.25,{'stop_loss_price': 3385.25}
INVALID_RISK_UNIT,risk_unit == 0 or non-finite,NQZ13-CME,5027561,2013-11-05 20:38:57.008000+00:00,3385.25,{'stop_loss_price': 3385.25}
INVALID_RISK_UNIT,risk_unit == 0 or non-finite,NQZ13-CME,5027562,2013-11-05 20:38:58+00:00,3385.25,{'stop_loss_price': 3385.25}
INVALID_RISK_UNIT,risk_unit == 0 or non-finite,NQZ13-CME,5027563,2013-11-05 20:38:58.001000+00:00,3385.25,{'stop_loss_price': 3385.25}
INVALID_RISK_UNIT,risk_unit == 0 or non-finite,NQZ13-CME,5027564,2013-11-05 20:38:58.002000+00:00,3385.25,{'stop_loss_price': 3385.25}
INVALID_RISK_UNIT,risk_unit == 0 or non-finite,NQZ13-CME,5027565,2013-11-05 20:38:59+00:00,3385.25,{'stop_loss_price': 3385.25}
INVALID_RISK_UNIT,risk_unit == 0 or non-finite,NQZ13-CME,5027568,2013-11-05 20:39:04+00:00,3385.25,{'stop_loss_price': 3385.25}
INVALID_RISK_UNIT,risk_unit == 0 or non-finite,NQZ13-CME,5027569,2013-11-05 20:39:04.001000+00:00,3385.25,{'stop_loss_price': 3385.25}
INVALID_RISK_UNIT,risk_unit == 0 or non-finite,NQZ13-CME,5027570,2013-11-05 20:39:04.002000+00:00,3385.25,{'stop_loss_price': 3385.25}
INVALID_RISK_UNIT,risk_unit == 0 or non-finite,NQZ13-CME,5027571,2013-11-05 20:39:04.003000+00:00,3385.25,{'stop_loss_price': 3385.25}
INVALID_RISK_UNIT,risk_unit == 0 or non-finite,NQZ13-CME,5027572,2013-11-05 20:39:04.004000+00:00,3385.25,{'stop_loss_price': 3385.25}
INVALID_RISK_UNIT,risk_unit == 0 or non-finite,NQZ13-CME,5027573,2013-11-05 20:39:04.005000+00:00,3385.25,{'stop_loss_price': 3385.25}
INVALID_RISK_UNIT,risk_unit == 0 or non-finite,NQZ13-CME,5027574,2013-11-05 20:39:04.006000+00:00,3385.25,{'stop_loss_price': 3385.25}
INVALID_RISK_UNIT,risk_unit == 0 or non-finite,NQZ13-CME,5027575,2013-11-05 20:39:04.007000+00:00,3385.25,{'stop_loss_price': 3385.25}
INVALID_RISK_UNIT,risk_unit == 0 or non-finite,NQZ13-CME,5027576,2013-11-05 20:39:04.008000+00:00,3385.25,{'stop_loss_price': 3385.25}
INVALID_RISK_UNIT,risk_unit == 0 or non-finite,NQZ13-CME,5027577,2013-11-05 20:39:04.009000+00:00,3385.25,{'stop_loss_price': 3385.25}
INVALID_RISK_UNIT,risk_unit == 0 or non-finite,NQZ13-CME,5027578,2013-11-05 20:39:04.010000+00:00,3385.25,{'stop_loss_price': 3385.25}
INVALID_RISK_UNIT,risk_unit == 0 or non-finite,NQZ13-CME,5027579,2013-11-05 20:39:04.011000+00:00,3385.25,{'stop_loss_price': 3385.25}
INVALID_RISK_UNIT,risk_unit == 0 or non-finite,NQZ13-CME,5027580,2013-11-05 20:39:04.012000+00:00,3385.25,{'stop_loss_price': 3385.25}
INVALID_RISK_UNIT,risk_unit == 0 or non-finite,NQZ13-CME,5027581,2013-11-05 20:39:04.013000+00:00,3385.25,{'stop_loss_price': 3385.25}
INVALID_RISK_UNIT,risk_unit == 0 or non-finite,NQZ13-CME,5027582,2013-11-05 20:39:04.014000+00:00,3385.25,{'stop_loss_price': 3385.25}
INVALID_RISK_UNIT,risk_unit == 0 or non-finite,NQZ13-CME,5027583,2013-11-05 20:39:04.015000+00:00,3385.25,{'stop_loss_price': 3385.25}
INVALID_RISK_UNIT,risk_unit == 0 or non-finite,NQZ13-CME,5027584,2013-11-05 20:39:04.016000+00:00,3385.25,{'stop_loss_price': 3385.25}
INVALID_RISK_UNIT,risk_unit == 0 or non-finite,NQZ13-CME,5027585,2013-11-05 20:39:04.017000+00:00,3385.25,{'stop_loss_price': 3385.25}
INVALID_RISK_UNIT,risk_unit == 0 or non-finite,NQZ13-CME,5027586,2013-11-05 20:39:04.018000+00:00,3385.25,{'stop_loss_price': 3385.25}
INVALID_RISK_UNIT,risk_unit == 0 or non-finite,NQZ13-CME,5027587,2013-11-05 20:39:04.019000+00:00,3385.25,{'stop_loss_price': 3385.25}
INVALID_RISK_UNIT,risk_unit == 0 or non-finite,NQZ13-CME,5172846,2013-11-07 12:45:31.011000+00:00,3373.75,{'stop_loss_price': 3373.75}
INVALID_RISK_UNIT,risk_unit == 0 or non-finite,NQZ13-CME,5172847,2013-11-07 12:45:31.012000+00:00,3373.75,{'stop_loss_price': 3373.75}
INVALID_RISK_UNIT,risk_unit == 0 or non-finite,NQZ13-CME,5172848,2013-11-07 12:45:31.013000+00:00,3373.75,{'stop_loss_price': 3373.75}
INVALID_RISK_UNIT,risk_unit == 0 or non-finite,NQZ13-CME,5172849,2013-11-07 12:45:31.014000+00:00,3373.75,{'stop_loss_price': 3373.75}
INVALID_RISK_UNIT,risk_unit == 0 or non-finite,NQZ13-CME,5172850,2013-11-07 12:45:31.015000+00:00,3373.75,{'stop_loss_price': 3373.75}
INVALID_RISK_UNIT,risk_unit == 0 or non-finite,NQZ13-CME,5299342,2013-11-07 17:53:39+00:00,3345.25,{'stop_loss_price': 3345.25}
INVALID_RISK_UNIT,risk_unit == 0 or non-finite,NQZ13-CME,5299343,2013-11-07 17:53:39.001000+00:00,3345.25,{'stop_loss_price': 3345.25}
INVALID_RISK_UNIT,risk_unit == 0 or non-finite,NQZ13-CME,5346145,2013-11-07 20:12:40.002000+00:00,3327.5,{'stop_loss_price': 3327.5}
INVALID_RISK_UNIT,risk_unit == 0 or non-finite,NQZ13-CME,5346146,2013-11-07 20:12:40.003000+00:00,3327.5,{'stop_loss_price': 3327.5}
INVALID_RISK_UNIT,risk_unit == 0 or non-finite,NQZ13-CME,5346147,2013-11-07 20:12:40.004000+00:00,3327.5,{'stop_loss_price': 3327.5}
INVALID_RISK_UNIT,risk_unit == 0 or non-finite,NQZ13-CME,5346148,2013-11-07 20:12:40.005000+00:00,3327.5,{'stop_loss_price': 3327.5}
INVALID_RISK_UNIT,risk_unit == 0 or non-finite,NQZ13-CME,5346149,2013-11-07 20:12:42+00:00,3327.5,{'stop_loss_price': 3327.5}
INVALID_RISK_UNIT,risk_unit == 0 or non-finite,NQZ13-CME,5346150,2013-11-07 20:12:42.001000+00:00,3327.5,{'stop_loss_price': 3327.5}
INVALID_RISK_UNIT,risk_unit == 0 or non-finite,NQZ13-CME,5346151,2013-11-07 20:12:42.002000+00:00,3327.5,{'stop_loss_price': 3327.5}
INVALID_RISK_UNIT,risk_unit == 0 or non-finite,NQZ13-CME,5346152,2013-11-07 20:12:42.003000+00:00,3327.5,{'stop_loss_price': 3327.5}
INVALID_RISK_UNIT,risk_unit == 0 or non-finite,NQZ13-CME,5346153,2013-11-07 20:12:42.004000+00:00,3327.5,{'stop_loss_price': 3327.5}
INVALID_RISK_UNIT,risk_unit == 0 or non-finite,NQZ13-CME,5346154,2013-11-07 20:12:44+00:00,3327.5,{'stop_loss_price': 3327.5}
INVALID_RISK_UNIT,risk_unit == 0 or non-finite,NQZ13-CME,5346155,2013-11-07 20:12:49+00:00,3327.5,{'stop_loss_price': 3327.5}
INVALID_RISK_UNIT,risk_unit == 0 or non-finite,NQZ13-CME,5346156,2013-11-07 20:12:49.001000+00:00,3327.5,{'stop_loss_price': 3327.5}
INVALID_RISK_UNIT,risk_unit == 0 or non-finite,NQZ13-CME,5346157,2013-11-07 20:12:49.002000+00:00,3327.5,{'stop_loss_price': 3327.5}
INVALID_RISK_UNIT,risk_unit == 0 or non-finite,NQZ13-CME,5346158,2013-11-07 20:12:49.003000+00:00,3327.5,{'stop_loss_price': 3327.5}
INVALID_RISK_UNIT,risk_unit == 0 or non-finite,NQZ13-CME,5346407,2013-11-07 20:13:36+00:00,3326.25,{'stop_loss_price': 3326.25}
INVALID_RISK_UNIT,risk_unit == 0 or non-finite,NQZ13-CME,5346408,2013-11-07 20:13:36.001000+00:00,3326.25,{'stop_loss_price': 3326.25}
INVALID_RISK_UNIT,risk_unit == 0 or non-finite,NQZ13-CME,5346409,2013-11-07 20:13:36.002000+00:00,3326.25,{'stop_loss_price': 3326.25}
INVALID_RISK_UNIT,risk_unit == 0 or non-finite,NQZ13-CME,5346410,2013-11-07 20:13:36.003000+00:00,3326.25,{'stop_loss_price': 3326.25}
INVALID_RISK_UNIT,risk_unit == 0 or non-finite,NQZ13-CME,5346411,2013-11-07 20:13:36.004000+00:00,3326.25,{'stop_loss_price': 3326.25}
INVALID_RISK_UNIT,risk_unit == 0 or non-finite,NQZ13-CME,5350664,2013-11-07 20:28:59.011000+00:00,3322.75,{'stop_loss_price': 3322.75}
INVALID_RISK_UNIT,risk_unit == 0 or non-finite,NQZ13-CME,5350665,2013-11-07 20:29:00+00:00,3322.75,{'stop_loss_price': 3322.75}
INVALID_RISK_UNIT,risk_unit == 0 or non-finite,NQZ13-CME,5350666,2013-11-07 20:29:00.001000+00:00,3322.75,{'stop_loss_price': 3322.75}
INVALID_RISK_UNIT,risk_unit == 0 or non-finite,NQZ13-CME,5350667,2013-11-07 20:29:00.002000+00:00,3322.75,{'stop_loss_price': 3322.75}
INVALID_RISK_UNIT,risk_unit == 0 or non-finite,NQZ13-CME,5350668,2013-11-07 20:29:00.003000+00:00,3322.75,{'stop_loss_price': 3322.75}
INVALID_RISK_UNIT,risk_unit == 0 or non-finite,NQZ13-CME,5350669,2013-11-07 20:29:00.004000+00:00,3322.75,{'stop_loss_price': 3322.75}
INVALID_RISK_UNIT,risk_unit == 0 or non-finite,NQZ13-CME,5350670,2013-11-07 20:29:00.005000+00:00,3322.75,{'stop_loss_price': 3322.75}
INVALID_RISK_UNIT,risk_unit == 0 or non-finite,NQZ13-CME,5350671,2013-11-07 20:29:00.006000+00:00,3322.75,{'stop_loss_price': 3322.75}
INVALID_RISK_UNIT,risk_unit == 0 or non-finite,NQZ13-CME,5350672,2013-11-07 20:29:00.007000+00:00,3322.75,{'stop_loss_price': 3322.75}
INVALID_RISK_UNIT,risk_unit == 0 or non-finite,NQZ13-CME,5350673,2013-11-07 20:29:00.008000+00:00,3322.75,{'stop_loss_price': 3322.75}
INVALID_RISK_UNIT,risk_unit == 0 or non-finite,NQZ13-CME,5350674,2013-11-07 20:29:00.009000+00:00,3322.75,{'stop_loss_price': 3322.75}
INVALID_RISK_UNIT,risk_unit == 0 or non-finite,NQZ13-CME,5350675,2013-11-07 20:29:00.010000+00:00,3322.75,{'stop_loss_price': 3322.75}
INVALID_RISK_UNIT,risk_unit == 0 or non-finite,NQZ13-CME,5350676,2013-11-07 20:29:00.011000+00:00,3322.75,{'stop_loss_price': 3322.75}
INVALID_RISK_UNIT,risk_unit == 0 or non-finite,NQZ13-CME,5386056,2013-11-08 09:09:44.002000+00:00,3331.0,{'stop_loss_price': 3331.0}
INVALID_RISK_UNIT,risk_unit == 0 or non-finite,NQZ13-CME,5386057,2013-11-08 09:09:44.003000+00:00,3331.0,{'stop_loss_price': 3331.0}
INVALID_RISK_UNIT,risk_unit == 0 or non-finite,NQZ13-CME,5386058,2013-11-08 09:09:44.004000+00:00,3331.0,{'stop_loss_price': 3331.0}
INVALID_RISK_UNIT,risk_unit == 0 or non-finite,NQZ13-CME,5386059,2013-11-08 09:09:44.005000+00:00,3331.0,{'stop_loss_price': 3331.0}
INVALID_RISK_UNIT,risk_unit == 0 or non-finite,NQZ13-CME,5386060,2013-11-08 09:09:44.006000+00:00,3331.0,{'stop_loss_price': 3331.0}
INVALID_RISK_UNIT,risk_unit == 0 or non-finite,NQZ13-CME,5386061,2013-11-08 09:09:48+00:00,3331.0,{'stop_loss_price': 3331.0}
INVALID_RISK_UNIT,risk_unit == 0 or non-finite,NQZ13-CME,5386062,2013-11-08 09:09:48.001000+00:00,3331.0,{'stop_loss_price': 3331.0}
INVALID_RISK_UNIT,risk_unit == 0 or non-finite,NQZ13-CME,5559797,2013-11-11 13:48:57+00:00,3358.5,{'stop_loss_price': 3358.5}
INVALID_RISK_UNIT,risk_unit == 0 or non-finite,NQZ13-CME,5559798,2013-11-11 13:48:57.001000+00:00,3358.5,{'stop_loss_price': 3358.5}
INVALID_RISK_UNIT,risk_unit == 0 or non-finite,NQZ13-CME,5559799,2013-11-11 13:48:57.002000+00:00,3358.5,{'stop_loss_price': 3358.5}
INVALID_RISK_UNIT,risk_unit == 0 or non-finite,NQZ13-CME,5559800,2013-11-11 13:48:57.003000+00:00,3358.5,{'stop_loss_price': 3358.5}
INVALID_RISK_UNIT,risk_unit == 0 or non-finite,NQZ13-CME,5559801,2013-11-11 13:48:57.004000+00:00,3358.5,{'stop_loss_price': 3358.5}
INVALID_RISK_UNIT,risk_unit == 0 or non-finite,NQZ13-CME,5559802,2013-11-11 13:48:57.005000+00:00,3358.5,{'stop_loss_price': 3358.5}
INVALID_RISK_UNIT,risk_unit == 0 or non-finite,NQZ13-CME,5559803,2013-11-11 13:48:57.006000+00:00,3358.5,{'stop_loss_price': 3358.5}
INVALID_RISK_UNIT,risk_unit == 0 or non-finite,NQZ13-CME,5559804,2013-11-11 13:48:57.007000+00:00,3358.5,{'stop_loss_price': 3358.5}
INVALID_RISK_UNIT,risk_unit == 0 or non-finite,NQZ13-CME,5559805,2013-11-11 13:48:57.008000+00:00,3358.5,{'stop_loss_price': 3358.5}
INVALID_RISK_UNIT,risk_unit == 0 or non-finite,NQZ13-CME,5559806,2013-11-11 13:48:57.009000+00:00,3358.5,{'stop_loss_price': 3358.5}
INVALID_RISK_UNIT,risk_unit == 0 or non-finite,NQZ13-CME,5559807,2013-11-11 13:48:57.010000+00:00,3358.5,{'stop_loss_price': 3358.5}
INVALID_RISK_UNIT,risk_unit == 0 or non-finite,NQZ13-CME,5559808,2013-11-11 13:48:57.011000+00:00,3358.5,{'stop_loss_price': 3358.5}
INVALID_RISK_UNIT,risk_unit == 0 or non-finite,NQZ13-CME,5559809,2013-11-11 13:48:57.012000+00:00,3358.5,{'stop_loss_price': 3358.5}
INVALID_RISK_UNIT,risk_unit == 0 or non-finite,NQZ13-CME,5559810,2013-11-11 13:48:57.013000+00:00,3358.5,{'stop_loss_price': 3358.5}
INVALID_RISK_UNIT,risk_unit == 0 or non-finite,NQZ13-CME,5559811,2013-11-11 13:48:57.014000+00:00,3358.5,{'stop_loss_price': 3358.5}
INVALID_RISK_UNIT,risk_unit == 0 or non-finite,NQZ13-CME,5559812,2013-11-11 13:48:57.015000+00:00,3358.5,{'stop_loss_price': 3358.5}
INVALID_RISK_UNIT,risk_unit == 0 or non-finite,NQZ13-CME,5559816,2013-11-11 13:48:57.019000+00:00,3358.5,{'stop_loss_price': 3358.5}
INVALID_RISK_UNIT,risk_unit == 0 or non-finite,NQZ13-CME,5584126,2013-11-11 15:03:40.020000+00:00,3362.5,{'stop_loss_price': 3362.5}
INVALID_RISK_UNIT,risk_unit == 0 or non-finite,NQZ13-CME,5584127,2013-11-11 15:03:40.021000+00:00,3362.5,{'stop_loss_price': 3362.5}
INVALID_RISK_UNIT,risk_unit == 0 or non-finite,NQZ13-CME,5584128,2013-11-11 15:03:40.022000+00:00,3362.5,{'stop_loss_price': 3362.5}
INVALID_RISK_UNIT,risk_unit == 0 or non-finite,NQZ13-CME,5584129,2013-11-11 15:03:40.023000+00:00,3362.5,{'stop_loss_price': 3362.5}
INVALID_RISK_UNIT,risk_unit == 0 or non-finite,NQZ13-CME,5584130,2013-11-11 15:03:40.024000+00:00,3362.5,{'stop_loss_price': 3362.5}
INVALID_RISK_UNIT,risk_unit == 0 or non-finite,NQZ13-CME,5584131,2013-11-11 15:03:43+00:00,3362.5,{'stop_loss_price': 3362.5}
INVALID_RISK_UNIT,risk_unit == 0 or non-finite,NQZ13-CME,5584132,2013-11-11 15:03:43.001000+00:00,3362.5,{'stop_loss_price': 3362.5}
INVALID_RISK_UNIT,risk_unit == 0 or non-finite,NQZ13-CME,5584133,2013-11-11 15:03:43.002000+00:00,3362.5,{'stop_loss_price': 3362.5}
INVALID_RISK_UNIT,risk_unit == 0 or non-finite,NQZ13-CME,5584134,2013-11-11 15:03:43.003000+00:00,3362.5,{'stop_loss_price': 3362.5}
INVALID_RISK_UNIT,risk_unit == 0 or non-finite,NQZ13-CME,5584135,2013-11-11 15:03:43.004000+00:00,3362.5,{'stop_loss_price': 3362.5}
INVALID_RISK_UNIT,risk_unit == 0 or non-finite,NQZ13-CME,5584136,2013-11-11 15:03:43.005000+00:00,3362.5,{'stop_loss_price': 3362.5}
INVALID_RISK_UNIT,risk_unit == 0 or non-finite,NQZ13-CME,5584137,2013-11-11 15:03:43.006000+00:00,3362.5,{'stop_loss_price': 3362.5}
INVALID_RISK_UNIT,risk_unit == 0 or non-finite,NQZ13-CME,5584138,2013-11-11 15:03:44+00:00,3362.5,{'stop_loss_price': 3362.5}
INVALID_RISK_UNIT,risk_unit == 0 or non-finite,NQZ13-CME,5584139,2013-11-11 15:03:45+00:00,3362.5,{'stop_loss_price': 3362.5}
INVALID_RISK_UNIT,risk_unit == 0 or non-finite,NQZ13-CME,5584140,2013-11-11 15:03:45.001000+00:00,3362.5,{'stop_loss_price': 3362.5}
INVALID_RISK_UNIT,risk_unit == 0 or non-finite,NQZ13-CME,5584141,2013-11-11 15:03:45.002000+00:00,3362.5,{'stop_loss_price': 3362.5}
INVALID_RISK_UNIT,risk_unit == 0 or non-finite,NQZ13-CME,5584142,2013-11-11 15:03:45.003000+00:00,3362.5,{'stop_loss_price': 3362.5}
INVALID_RISK_UNIT,risk_unit == 0 or non-finite,NQZ13-CME,5584143,2013-11-11 15:03:45.004000+00:00,3362.5,{'stop_loss_price': 3362.5}
INVALID_RISK_UNIT,risk_unit == 0 or non-finite,NQZ13-CME,5584144,2013-11-11 15:03:45.005000+00:00,3362.5,{'stop_loss_price': 3362.5}
INVALID_RISK_UNIT,risk_unit == 0 or non-finite,NQZ13-CME,5584145,2013-11-11 15:03:45.006000+00:00,3362.5,{'stop_loss_price': 3362.5}
INVALID_RISK_UNIT,risk_unit == 0 or non-finite,NQZ13-CME,5584146,2013-11-11 15:03:45.007000+00:00,3362.5,{'stop_loss_price': 3362.5}
INVALID_RISK_UNIT,risk_unit == 0 or non-finite,NQZ13-CME,5584147,2013-11-11 15:03:45.008000+00:00,3362.5,{'stop_loss_price': 3362.5}
INVALID_RISK_UNIT,risk_unit == 0 or non-finite,NQZ13-CME,5584148,2013-11-11 15:03:46+00:00,3362.5,{'stop_loss_price': 3362.5}
INVALID_RISK_UNIT,risk_unit == 0 or non-finite,NQZ13-CME,5584149,2013-11-11 15:03:46.001000+00:00,3362.5,{'stop_loss_price': 3362.5}
INVALID_RISK_UNIT,risk_unit == 0 or non-finite,NQZ13-CME,5584150,2013-11-11 15:03:46.002000+00:00,3362.5,{'stop_loss_price': 3362.5}
INVALID_RISK_UNIT,risk_unit == 0 or non-finite,NQZ13-CME,5584151,2013-11-11 15:03:46.003000+00:00,3362.5,{'stop_loss_price': 3362.5}
INVALID_RISK_UNIT,risk_unit == 0 or non-finite,NQZ13-CME,5584152,2013-11-11 15:03:46.004000+00:00,3362.5,{'stop_loss_price': 3362.5}
INVALID_RISK_UNIT,risk_unit == 0 or non-finite,NQZ13-CME,5584153,2013-11-11 15:03:47+00:00,3362.5,{'stop_loss_price': 3362.5}
INVALID_RISK_UNIT,risk_unit == 0 or non-finite,NQZ13-CME,5584154,2013-11-11 15:03:47.001000+00:00,3362.5,{'stop_loss_price': 3362.5}
INVALID_RISK_UNIT,risk_unit == 0 or non-finite,NQZ13-CME,5584155,2013-11-11 15:03:47.002000+00:00,3362.5,{'stop_loss_price': 3362.5}
INVALID_RISK_UNIT,risk_unit == 0 or non-finite,NQZ13-CME,5584157,2013-11-11 15:03:49+00:00,3362.5,{'stop_loss_price': 3362.5}
INVALID_RISK_UNIT,risk_unit == 0 or non-finite,NQZ13-CME,5608730,2013-11-11 16:31:51.003000+00:00,3353.5,{'stop_loss_price': 3353.5}
INVALID_RISK_UNIT,risk_unit == 0 or non-finite,NQZ13-CME,5617257,2013-11-11 17:45:31.001000+00:00,3358.25,{'stop_loss_price': 3358.25}
INVALID_RISK_UNIT,risk_unit == 0 or non-finite,NQZ13-CME,5617258,2013-11-11 17:45:31.002000+00:00,3358.25,{'stop_loss_price': 3358.25}
INVALID_RISK_UNIT,risk_unit == 0 or non-finite,NQZ13-CME,5617259,2013-11-11 17:45:31.003000+00:00,3358.25,{'stop_loss_price': 3358.25}
INVALID_RISK_UNIT,risk_unit == 0 or non-finite,NQZ13-CME,5653026,2013-11-12 13:50:54+00:00,3345.75,{'stop_loss_price': 3345.75}
INVALID_RISK_UNIT,risk_unit == 0 or non-finite,NQZ13-CME,5653027,2013-11-12 13:50:54.001000+00:00,3345.75,{'stop_loss_price': 3345.75}
INVALID_RISK_UNIT,risk_unit == 0 or non-finite,NQZ13-CME,5653028,2013-11-12 13:50:54.002000+00:00,3345.75,{'stop_loss_price': 3345.75}
INVALID_RISK_UNIT,risk_unit == 0 or non-finite,NQZ13-CME,5653029,2013-11-12 13:50:54.003000+00:00,3345.75,{'stop_loss_price': 3345.75}
INVALID_RISK_UNIT,risk_unit == 0 or non-finite,NQZ13-CME,5653030,2013-11-12 13:50:54.004000+00:00,3345.75,{'stop_loss_price': 3345.75}
INVALID_RISK_UNIT,risk_unit == 0 or non-finite,NQZ13-CME,5653031,2013-11-12 13:50:54.005000+00:00,3345.75,{'stop_loss_price': 3345.75}
INVALID_RISK_UNIT,risk_unit == 0 or non-finite,NQZ13-CME,5653032,2013-11-12 13:50:54.006000+00:00,3345.75,{'stop_loss_price': 3345.75}
INVALID_RISK_UNIT,risk_unit == 0 or non-finite,NQZ13-CME,5653033,2013-11-12 13:50:54.007000+00:00,3345.75,{'stop_loss_price': 3345.75}
INVALID_RISK_UNIT,risk_unit == 0 or non-finite,NQZ13-CME,5653034,2013-11-12 13:50:54.008000+00:00,3345.75,{'stop_loss_price': 3345.75}
INVALID_RISK_UNIT,risk_unit == 0 or non-finite,NQZ13-CME,5653035,2013-11-12 13:50:54.009000+00:00,3345.75,{'stop_loss_price': 3345.75}
INVALID_RISK_UNIT,risk_unit == 0 or non-finite,NQZ13-CME,5653036,2013-11-12 13:50:54.010000+00:00,3345.75,{'stop_loss_price': 3345.75}
INVALID_RISK_UNIT,risk_unit == 0 or non-finite,NQZ13-CME,5653037,2013-11-12 13:50:54.011000+00:00,3345.75,{'stop_loss_price': 3345.75}
INVALID_RISK_UNIT,risk_unit == 0 or non-finite,NQZ13-CME,5653038,2013-11-12 13:50:54.012000+00:00,3345.75,{'stop_loss_price': 3345.75}
INVALID_RISK_UNIT,risk_unit == 0 or non-finite,NQZ13-CME,5653039,2013-11-12 13:50:54.013000+00:00,3345.75,{'stop_loss_price': 3345.75}
INVALID_RISK_UNIT,risk_unit == 0 or non-finite,NQZ13-CME,5684745,2013-11-12 15:26:36.004000+00:00,3361.75,{'stop_loss_price': 3361.75}
INVALID_RISK_UNIT,risk_unit == 0 or non-finite,NQZ13-CME,5684746,2013-11-12 15:26:36.005000+00:00,3361.75,{'stop_loss_price': 3361.75}
INVALID_RISK_UNIT,risk_unit == 0 or non-finite,NQZ13-CME,5684747,2013-11-12 15:26:36.006000+00:00,3361.75,{'stop_loss_price': 3361.75}
INVALID_RISK_UNIT,risk_unit == 0 or non-finite,NQZ13-CME,5684748,2013-11-12 15:26:36.007000+00:00,3361.75,{'stop_loss_price': 3361.75}
INVALID_RISK_UNIT,risk_unit == 0 or non-finite,NQZ13-CME,5684749,2013-11-12 15:26:36.008000+00:00,3361.75,{'stop_loss_price': 3361.75}
INVALID_RISK_UNIT,risk_unit == 0 or non-finite,NQZ13-CME,5684750,2013-11-12 15:26:37+00:00,3361.75,{'stop_loss_price': 3361.75}
INVALID_RISK_UNIT,risk_unit == 0 or non-finite,NQZ13-CME,5684751,2013-11-12 15:26:37.001000+00:00,3361.75,{'stop_loss_price': 3361.75}
INVALID_RISK_UNIT,risk_unit == 0 or non-finite,NQZ13-CME,5698460,2013-11-12 16:18:40.004000+00:00,3357.75,{'stop_loss_price': 3357.75}
INVALID_RISK_UNIT,risk_unit == 0 or non-finite,NQZ13-CME,5698461,2013-11-12 16:18:40.005000+00:00,3357.75,{'stop_loss_price': 3357.75}
INVALID_RISK_UNIT,risk_unit == 0 or non-finite,NQZ13-CME,5698468,2013-11-12 16:18:49+00:00,3357.75,{'stop_loss_price': 3357.75}
INVALID_RISK_UNIT,risk_unit == 0 or non-finite,NQZ13-CME,5698469,2013-11-12 16:18:49.001000+00:00,3357.75,{'stop_loss_price': 3357.75}
INVALID_RISK_UNIT,risk_unit == 0 or non-finite,NQZ13-CME,5698470,2013-11-12 16:18:49.002000+00:00,3357.75,{'stop_loss_price': 3357.75}
INVALID_RISK_UNIT,risk_unit == 0 or non-finite,NQZ13-CME,5698471,2013-11-12 16:18:49.003000+00:00,3357.75,{'stop_loss_price': 3357.75}
INVALID_RISK_UNIT,risk_unit == 0 or non-finite,NQZ13-CME,5698472,2013-11-12 16:18:49.004000+00:00,3357.75,{'stop_loss_price': 3357.75}
INVALID_RISK_UNIT,risk_unit == 0 or non-finite,NQZ13-CME,5698473,2013-11-12 16:18:49.005000+00:00,3357.75,{'stop_loss_price': 3357.75}
INVALID_RISK_UNIT,risk_unit == 0 or non-finite,NQZ13-CME,5698474,2013-11-12 16:18:49.006000+00:00,3357.75,{'stop_loss_price': 3357.75}
INVALID_RISK_UNIT,risk_unit == 0 or non-finite,NQZ13-CME,5698475,2013-11-12 16:18:49.007000+00:00,3357.75,{'stop_loss_price': 3357.75}
INVALID_RISK_UNIT,risk_unit == 0 or non-finite,NQZ13-CME,5698476,2013-11-12 16:18:49.008000+00:00,3357.75,{'stop_loss_price': 3357.75}
INVALID_RISK_UNIT,risk_unit == 0 or non-finite,NQZ13-CME,5698477,2013-11-12 16:18:49.009000+00:00,3357.75,{'stop_loss_price': 3357.75}
INVALID_RISK_UNIT,risk_unit == 0 or non-finite,NQZ13-CME,5698478,2013-11-12 16:18:49.010000+00:00,3357.75,{'stop_loss_price': 3357.75}
INVALID_RISK_UNIT,risk_unit == 0 or non-finite,NQZ13-CME,5698479,2013-11-12 16:18:49.011000+00:00,3357.75,{'stop_loss_price': 3357.75}
INVALID_RISK_UNIT,risk_unit == 0 or non-finite,NQZ13-CME,5698480,2013-11-12 16:18:49.012000+00:00,3357.75,{'stop_loss_price': 3357.75}
INVALID_RISK_UNIT,risk_unit == 0 or non-finite,NQZ13-CME,5698481,2013-11-12 16:18:49.013000+00:00,3357.75,{'stop_loss_price': 3357.75}
INVALID_RISK_UNIT,risk_unit == 0 or non-finite,NQZ13-CME,5698482,2013-11-12 16:18:49.014000+00:00,3357.75,{'stop_loss_price': 3357.75}
INVALID_RISK_UNIT,risk_unit == 0 or non-finite,NQZ13-CME,5698483,2013-11-12 16:18:49.015000+00:00,3357.75,{'stop_loss_price': 3357.75}
INVALID_RISK_UNIT,risk_unit == 0 or non-finite,NQZ13-CME,5698484,2013-11-12 16:18:49.016000+00:00,3357.75,{'stop_loss_price': 3357.75}
INVALID_RISK_UNIT,risk_unit == 0 or non-finite,NQZ13-CME,5698485,2013-11-12 16:18:49.017000+00:00,3357.75,{'stop_loss_price': 3357.75}
INVALID_RISK_UNIT,risk_unit == 0 or non-finite,NQZ13-CME,5698486,2013-11-12 16:18:52+00:00,3357.75,{'stop_loss_price': 3357.75}
INVALID_RISK_UNIT,risk_unit == 0 or non-finite,NQZ13-CME,5698487,2013-11-12 16:18:52.001000+00:00,3357.75,{'stop_loss_price': 3357.75}
INVALID_RISK_UNIT,risk_unit == 0 or non-finite,NQZ13-CME,5698488,2013-11-12 16:18:52.002000+00:00,3357.75,{'stop_loss_price': 3357.75}
INVALID_RISK_UNIT,risk_unit == 0 or non-finite,NQZ13-CME,5698489,2013-11-12 16:18:52.003000+00:00,3357.75,{'stop_loss_price': 3357.75}
INVALID_RISK_UNIT,risk_unit == 0 or non-finite,NQZ13-CME,5698490,2013-11-12 16:18:52.004000+00:00,3357.75,{'stop_loss_price': 3357.75}
INVALID_RISK_UNIT,risk_unit == 0 or non-finite,NQZ13-CME,5698491,2013-11-12 16:18:53+00:00,3357.75,{'stop_loss_price': 3357.75}
INVALID_RISK_UNIT,risk_unit == 0 or non-finite,NQZ13-CME,5698492,2013-11-12 16:18:53.001000+00:00,3357.75,{'stop_loss_price': 3357.75}
INVALID_RISK_UNIT,risk_unit == 0 or non-finite,NQZ13-CME,5698493,2013-11-12 16:18:53.002000+00:00,3357.75,{'stop_loss_price': 3357.75}
INVALID_RISK_UNIT,risk_unit == 0 or non-finite,NQZ13-CME,5698494,2013-11-12 16:18:53.003000+00:00,3357.75,{'stop_loss_price': 3357.75}
INVALID_RISK_UNIT,risk_unit == 0 or non-finite,NQZ13-CME,5698495,2013-11-12 16:18:53.004000+00:00,3357.75,{'stop_loss_price': 3357.75}
INVALID_RISK_UNIT,risk_unit == 0 or non-finite,NQZ13-CME,5698503,2013-11-12 16:18:59+00:00,3357.75,{'stop_loss_price': 3357.75}
INVALID_RISK_UNIT,risk_unit == 0 or non-finite,NQZ13-CME,5698504,2013-11-12 16:18:59.001000+00:00,3357.75,{'stop_loss_price': 3357.75}
INVALID_RISK_UNIT,risk_unit == 0 or non-finite,NQZ13-CME,5698505,2013-11-12 16:19:00+00:00,3357.75,{'stop_loss_price': 3357.75}
INVALID_RISK_UNIT,risk_unit == 0 or non-finite,NQZ13-CME,5698506,2013-11-12 16:19:00.001000+00:00,3357.75,{'stop_loss_price': 3357.75}
INVALID_RISK_UNIT,risk_unit == 0 or non-finite,NQZ13-CME,5698507,2013-11-12 16:19:00.002000+00:00,3357.75,{'stop_loss_price': 3357.75}
INVALID_RISK_UNIT,risk_unit == 0 or non-finite,NQZ13-CME,5698508,2013-11-12 16:19:00.003000+00:00,3357.75,{'stop_loss_price': 3357.75}
INVALID_RISK_UNIT,risk_unit == 0 or non-finite,NQZ13-CME,5698509,2013-11-12 16:19:00.004000+00:00,3357.75,{'stop_loss_price': 3357.75}
INVALID_RISK_UNIT,risk_unit == 0 or non-finite,NQZ13-CME,5698510,2013-11-12 16:19:00.005000+00:00,3357.75,{'stop_loss_price': 3357.75}
INVALID_RISK_UNIT,risk_unit == 0 or non-finite,NQZ13-CME,5698511,2013-11-12 16:19:00.006000+00:00,3357.75,{'stop_loss_price': 3357.75}
INVALID_RISK_UNIT,risk_unit == 0 or non-finite,NQZ13-CME,5707388,2013-11-12 16:48:05.010000+00:00,3351.25,{'stop_loss_price': 3351.25}
INVALID_RISK_UNIT,risk_unit == 0 or non-finite,NQZ13-CME,5707389,2013-11-12 16:48:05.011000+00:00,3351.25,{'stop_loss_price': 3351.25}
INVALID_RISK_UNIT,risk_unit == 0 or non-finite,NQZ13-CME,5707390,2013-11-12 16:48:05.012000+00:00,3351.25,{'stop_loss_price': 3351.25}
INVALID_RISK_UNIT,risk_unit == 0 or non-finite,NQZ13-CME,5707391,2013-11-12 16:48:05.013000+00:00,3351.25,{'stop_loss_price': 3351.25}
INVALID_RISK_UNIT,risk_unit == 0 or non-finite,NQZ13-CME,5707392,2013-11-12 16:48:05.014000+00:00,3351.25,{'stop_loss_price': 3351.25}
INVALID_RISK_UNIT,risk_unit == 0 or non-finite,NQZ13-CME,5707393,2013-11-12 16:48:05.015000+00:00,3351.25,{'stop_loss_price': 3351.25}
INVALID_RISK_UNIT,risk_unit == 0 or non-finite,NQZ13-CME,5707394,2013-11-12 16:48:05.016000+00:00,3351.25,{'stop_loss_price': 3351.25}
INVALID_RISK_UNIT,risk_unit == 0 or non-finite,NQZ13-CME,5707395,2013-11-12 16:48:05.017000+00:00,3351.25,{'stop_loss_price': 3351.25}
INVALID_RISK_UNIT,risk_unit == 0 or non-finite,NQZ13-CME,5707396,2013-11-12 16:48:05.018000+00:00,3351.25,{'stop_loss_price': 3351.25}
INVALID_RISK_UNIT,risk_unit == 0 or non-finite,NQZ13-CME,5707397,2013-11-12 16:48:05.019000+00:00,3351.25,{'stop_loss_price': 3351.25}
INVALID_RISK_UNIT,risk_unit == 0 or non-finite,NQZ13-CME,5707398,2013-11-12 16:48:05.020000+00:00,3351.25,{'stop_loss_price': 3351.25}
INVALID_RISK_UNIT,risk_unit == 0 or non-finite,NQZ13-CME,5707399,2013-11-12 16:48:05.021000+00:00,3351.25,{'stop_loss_price': 3351.25}
INVALID_RISK_UNIT,risk_unit == 0 or non-finite,NQZ13-CME,5707400,2013-11-12 16:48:05.022000+00:00,3351.25,{'stop_loss_price': 3351.25}
INVALID_RISK_UNIT,risk_unit == 0 or non-finite,NQZ13-CME,5707401,2013-11-12 16:48:05.023000+00:00,3351.25,{'stop_loss_price': 3351.25}
INVALID_RISK_UNIT,risk_unit == 0 or non-finite,NQZ13-CME,5713168,2013-11-12 17:09:20+00:00,3348.75,{'stop_loss_price': 3348.75}
INVALID_RISK_UNIT,risk_unit == 0 or non-finite,NQZ13-CME,5713169,2013-11-12 17:09:20.001000+00:00,3348.75,{'stop_loss_price': 3348.75}
INVALID_RISK_UNIT,risk_unit == 0 or non-finite,NQZ13-CME,5713170,2013-11-12 17:09:20.002000+00:00,3348.75,{'stop_loss_price': 3348.75}
INVALID_RISK_UNIT,risk_unit == 0 or non-finite,NQZ13-CME,5713171,2013-11-12 17:09:21+00:00,3348.75,{'stop_loss_price': 3348.75}
INVALID_RISK_UNIT,risk_unit == 0 or non-finite,NQZ13-CME,5713172,2013-11-12 17:09:21.001000+00:00,3348.75,{'stop_loss_price': 3348.75}
INVALID_RISK_UNIT,risk_unit == 0 or non-finite,NQZ13-CME,5713173,2013-11-12 17:09:21.002000+00:00,3348.75,{'stop_loss_price': 3348.75}
INVALID_RISK_UNIT,risk_unit == 0 or non-finite,NQZ13-CME,5713174,2013-11-12 17:09:21.003000+00:00,3348.75,{'stop_loss_price': 3348.75}
INVALID_RISK_UNIT,risk_unit == 0 or non-finite,NQZ13-CME,5713175,2013-11-12 17:09:21.004000+00:00,3348.75,{'stop_loss_price': 3348.75}
INVALID_RISK_UNIT,risk_unit == 0 or non-finite,NQZ13-CME,5713176,2013-11-12 17:09:21.005000+00:00,3348.75,{'stop_loss_price': 3348.75}
INVALID_RISK_UNIT,risk_unit == 0 or non-finite,NQZ13-CME,5713177,2013-11-12 17:09:21.006000+00:00,3348.75,{'stop_loss_price': 3348.75}
INVALID_RISK_UNIT,risk_unit == 0 or non-finite,NQZ13-CME,5713178,2013-11-12 17:09:21.007000+00:00,3348.75,{'stop_loss_price': 3348.75}
INVALID_RISK_UNIT,risk_unit == 0 or non-finite,NQZ13-CME,5713179,2013-11-12 17:09:21.008000+00:00,3348.75,{'stop_loss_price': 3348.75}
INVALID_RISK_UNIT,risk_unit == 0 or non-finite,NQZ13-CME,5713180,2013-11-12 17:09:21.009000+00:00,3348.75,{'stop_loss_price': 3348.75}
INVALID_RISK_UNIT,risk_unit == 0 or non-finite,NQZ13-CME,5713181,2013-11-12 17:09:21.010000+00:00,3348.75,{'stop_loss_price': 3348.75}
INVALID_RISK_UNIT,risk_unit == 0 or non-finite,NQZ13-CME,5713182,2013-11-12 17:09:21.011000+00:00,3348.75,{'stop_loss_price': 3348.75}
INVALID_RISK_UNIT,risk_unit == 0 or non-finite,NQZ13-CME,5713183,2013-11-12 17:09:21.012000+00:00,3348.75,{'stop_loss_price': 3348.75}
INVALID_RISK_UNIT,risk_unit == 0 or non-finite,NQZ13-CME,5713184,2013-11-12 17:09:21.013000+00:00,3348.75,{'stop_loss_price': 3348.75}
INVALID_RISK_UNIT,risk_unit == 0 or non-finite,NQZ13-CME,5713185,2013-11-12 17:09:21.014000+00:00,3348.75,{'stop_loss_price': 3348.75}
INVALID_RISK_UNIT,risk_unit == 0 or non-finite,NQZ13-CME,5713186,2013-11-12 17:09:21.015000+00:00,3348.75,{'stop_loss_price': 3348.75}
INVALID_RISK_UNIT,risk_unit == 0 or non-finite,NQZ13-CME,5713187,2013-11-12 17:09:21.016000+00:00,3348.75,{'stop_loss_price': 3348.75}
INVALID_RISK_UNIT,risk_unit == 0 or non-finite,NQZ13-CME,5713188,2013-11-12 17:09:21.017000+00:00,3348.75,{'stop_loss_price': 3348.75}
INVALID_RISK_UNIT,risk_unit == 0 or non-finite,NQZ13-CME,5791159,2013-11-13 14:49:27.016000+00:00,3351.5,{'stop_loss_price': 3351.5}
INVALID_RISK_UNIT,risk_unit == 0 or non-finite,NQZ13-CME,5791160,2013-11-13 14:49:27.017000+00:00,3351.5,{'stop_loss_price': 3351.5}
INVALID_RISK_UNIT,risk_unit == 0 or non-finite,NQZ13-CME,5791170,2013-11-13 14:49:27.027000+00:00,3351.5,{'stop_loss_price': 3351.5}
INVALID_RISK_UNIT,risk_unit == 0 or non-finite,NQZ13-CME,5904142,2013-11-14 06:53:22+00:00,3400.25,{'stop_loss_price': 3400.25}
INVALID_RISK_UNIT,risk_unit == 0 or non-finite,NQZ13-CME,5968931,2013-11-14 15:54:21+00:00,3401.75,{'stop_loss_price': 3401.75}
INVALID_RISK_UNIT,risk_unit == 0 or non-finite,NQZ13-CME,6029971,2013-11-15 03:45:00.006000+00:00,3417.0,{'stop_loss_price': 3417.0}
INVALID_RISK_UNIT,risk_unit == 0 or non-finite,NQZ13-CME,6029972,2013-11-15 03:45:00.007000+00:00,3417.0,{'stop_loss_price': 3417.0}
INVALID_RISK_UNIT,risk_unit == 0 or non-finite,NQZ13-CME,6029973,2013-11-15 03:45:00.008000+00:00,3417.0,{'stop_loss_price': 3417.0}
INVALID_RISK_UNIT,risk_unit == 0 or non-finite,NQZ13-CME,6029974,2013-11-15 03:45:00.009000+00:00,3417.0,{'stop_loss_price': 3417.0}
INVALID_RISK_UNIT,risk_unit == 0 or non-finite,NQZ13-CME,6029975,2013-11-15 03:45:00.010000+00:00,3417.0,{'stop_loss_price': 3417.0}
INVALID_RISK_UNIT,risk_unit == 0 or non-finite,NQZ13-CME,6038338,2013-11-15 12:10:51.003000+00:00,3418.5,{'stop_loss_price': 3418.5}
INVALID_RISK_UNIT,risk_unit == 0 or non-finite,NQZ13-CME,6038339,2013-11-15 12:10:51.004000+00:00,3418.5,{'stop_loss_price': 3418.5}
INVALID_RISK_UNIT,risk_unit == 0 or non-finite,NQZ13-CME,6038340,2013-11-15 12:10:51.005000+00:00,3418.5,{'stop_loss_price': 3418.5}
INVALID_RISK_UNIT,risk_unit == 0 or non-finite,NQZ13-CME,6038341,2013-11-15 12:10:51.006000+00:00,3418.5,{'stop_loss_price': 3418.5}
INVALID_RISK_UNIT,risk_unit == 0 or non-finite,NQZ13-CME,6038342,2013-11-15 12:10:52+00:00,3418.5,{'stop_loss_price': 3418.5}
INVALID_RISK_UNIT,risk_unit == 0 or non-finite,NQZ13-CME,6038343,2013-11-15 12:10:52.001000+00:00,3418.5,{'stop_loss_price': 3418.5}
INVALID_RISK_UNIT,risk_unit == 0 or non-finite,NQZ13-CME,6038344,2013-11-15 12:10:52.002000+00:00,3418.5,{'stop_loss_price': 3418.5}
INVALID_RISK_UNIT,risk_unit == 0 or non-finite,NQZ13-CME,6038345,2013-11-15 12:10:52.003000+00:00,3418.5,{'stop_loss_price': 3418.5}
INVALID_RISK_UNIT,risk_unit == 0 or non-finite,NQZ13-CME,6038346,2013-11-15 12:10:52.004000+00:00,3418.5,{'stop_loss_price': 3418.5}
INVALID_RISK_UNIT,risk_unit == 0 or non-finite,NQZ13-CME,6038347,2013-11-15 12:10:52.005000+00:00,3418.5,{'stop_loss_price': 3418.5}
INVALID_RISK_UNIT,risk_unit == 0 or non-finite,NQZ13-CME,6038348,2013-11-15 12:11:01+00:00,3418.5,{'stop_loss_price': 3418.5}
INVALID_RISK_UNIT,risk_unit == 0 or non-finite,NQZ13-CME,6038349,2013-11-15 12:11:01.001000+00:00,3418.5,{'stop_loss_price': 3418.5}
INVALID_RISK_UNIT,risk_unit == 0 or non-finite,NQZ13-CME,6038350,2013-11-15 12:11:01.002000+00:00,3418.5,{'stop_loss_price': 3418.5}
INVALID_RISK_UNIT,risk_unit == 0 or non-finite,NQZ13-CME,6038351,2013-11-15 12:11:01.003000+00:00,3418.5,{'stop_loss_price': 3418.5}
INVALID_RISK_UNIT,risk_unit == 0 or non-finite,NQZ13-CME,6038352,2013-11-15 12:11:01.004000+00:00,3418.5,{'stop_loss_price': 3418.5}
INVALID_RISK_UNIT,risk_unit == 0 or non-finite,NQZ13-CME,6038353,2013-11-15 12:11:01.005000+00:00,3418.5,{'stop_loss_price': 3418.5}
INVALID_RISK_UNIT,risk_unit == 0 or non-finite,NQZ13-CME,6094642,2013-11-15 18:21:56+00:00,3412.0,{'stop_loss_price': 3412.0}
INVALID_RISK_UNIT,risk_unit == 0 or non-finite,NQZ13-CME,6116236,2013-11-15 21:04:06+00:00,3418.5,{'stop_loss_price': 3418.5}
INVALID_RISK_UNIT,risk_unit == 0 or non-finite,NQZ13-CME,6116237,2013-11-15 21:04:06.001000+00:00,3418.5,{'stop_loss_price': 3418.5}
INVALID_RISK_UNIT,risk_unit == 0 or non-finite,NQZ13-CME,6116238,2013-11-15 21:04:07+00:00,3418.5,{'stop_loss_price': 3418.5}
INVALID_RISK_UNIT,risk_unit == 0 or non-finite,NQZ13-CME,6116260,2013-11-15 21:04:41+00:00,3418.5,{'stop_loss_price': 3418.5}
INVALID_RISK_UNIT,risk_unit == 0 or non-finite,NQZ13-CME,6116261,2013-11-15 21:04:41.001000+00:00,3418.5,{'stop_loss_price': 3418.5}
INVALID_RISK_UNIT,risk_unit == 0 or non-finite,NQZ13-CME,6116266,2013-11-15 21:04:45.004000+00:00,3418.5,{'stop_loss_price': 3418.5}
INVALID_RISK_UNIT,risk_unit == 0 or non-finite,NQZ13-CME,6116267,2013-11-15 21:04:45.005000+00:00,3418.5,{'stop_loss_price': 3418.5}
INVALID_RISK_UNIT,risk_unit == 0 or non-finite,NQZ13-CME,6116268,2013-11-15 21:04:45.006000+00:00,3418.5,{'stop_loss_price': 3418.5}
INVALID_RISK_UNIT,risk_unit == 0 or non-finite,NQZ13-CME,6116269,2013-11-15 21:04:45.007000+00:00,3418.5,{'stop_loss_price': 3418.5}
INVALID_RISK_UNIT,risk_unit == 0 or non-finite,NQZ13-CME,6116270,2013-11-15 21:04:45.008000+00:00,3418.5,{'stop_loss_price': 3418.5}
INVALID_RISK_UNIT,risk_unit == 0 or non-finite,NQZ13-CME,6116271,2013-11-15 21:04:45.009000+00:00,3418.5,{'stop_loss_price': 3418.5}
INVALID_RISK_UNIT,risk_unit == 0 or non-finite,NQZ13-CME,6116272,2013-11-15 21:04:45.010000+00:00,3418.5,{'stop_loss_price': 3418.5}
INVALID_RISK_UNIT,risk_unit == 0 or non-finite,NQZ13-CME,6116273,2013-11-15 21:04:45.011000+00:00,3418.5,{'stop_loss_price': 3418.5}
INVALID_RISK_UNIT,risk_unit == 0 or non-finite,NQZ13-CME,6116274,2013-11-15 21:04:45.012000+00:00,3418.5,{'stop_loss_price': 3418.5}
INVALID_RISK_UNIT,risk_unit == 0 or non-finite,NQZ13-CME,6116275,2013-11-15 21:04:45.013000+00:00,3418.5,{'stop_loss_price': 3418.5}
INVALID_RISK_UNIT,risk_unit == 0 or non-finite,NQZ13-CME,6116276,2013-11-15 21:04:45.014000+00:00,3418.5,{'stop_loss_price': 3418.5}
INVALID_RISK_UNIT,risk_unit == 0 or non-finite,NQZ13-CME,6116277,2013-11-15 21:04:45.015000+00:00,3418.5,{'stop_loss_price': 3418.5}
INVALID_RISK_UNIT,risk_unit == 0 or non-finite,NQZ13-CME,6116278,2013-11-15 21:04:45.016000+00:00,3418.5,{'stop_loss_price': 3418.5}
INVALID_RISK_UNIT,risk_unit == 0 or non-finite,NQZ13-CME,6116279,2013-11-15 21:04:45.017000+00:00,3418.5,{'stop_loss_price': 3418.5}
INVALID_RISK_UNIT,risk_unit == 0 or non-finite,NQZ13-CME,6116280,2013-11-15 21:04:45.018000+00:00,3418.5,{'stop_loss_price': 3418.5}
INVALID_RISK_UNIT,risk_unit == 0 or non-finite,NQZ13-CME,6116281,2013-11-15 21:04:45.019000+00:00,3418.5,{'stop_loss_price': 3418.5}
INVALID_RISK_UNIT,risk_unit == 0 or non-finite,NQZ13-CME,6116282,2013-11-15 21:04:45.020000+00:00,3418.5,{'stop_loss_price': 3418.5}
INVALID_RISK_UNIT,risk_unit == 0 or non-finite,NQZ13-CME,6116283,2013-11-15 21:04:45.021000+00:00,3418.5,{'stop_loss_price': 3418.5}
INVALID_RISK_UNIT,risk_unit == 0 or non-finite,NQZ13-CME,6116284,2013-11-15 21:04:45.022000+00:00,3418.5,{'stop_loss_price': 3418.5}
INVALID_RISK_UNIT,risk_unit == 0 or non-finite,NQZ13-CME,6166340,2013-11-18 15:47:52+00:00,3412.5,{'stop_loss_price': 3412.5}
INVALID_RISK_UNIT,risk_unit == 0 or non-finite,NQZ13-CME,6332018,2013-11-19 18:16:38.007000+00:00,3381.75,{'stop_loss_price': 3381.75}
INVALID_RISK_UNIT,risk_unit == 0 or non-finite,NQZ13-CME,6332019,2013-11-19 18:16:38.008000+00:00,3381.75,{'stop_loss_price': 3381.75}
INVALID_RISK_UNIT,risk_unit == 0 or non-finite,NQZ13-CME,6332020,2013-11-19 18:16:38.009000+00:00,3381.75,{'stop_loss_price': 3381.75}
INVALID_RISK_UNIT,risk_unit == 0 or non-finite,NQZ13-CME,6332021,2013-11-19 18:16:38.010000+00:00,3381.75,{'stop_loss_price': 3381.75}
INVALID_RISK_UNIT,risk_unit == 0 or non-finite,NQZ13-CME,6332022,2013-11-19 18:16:38.011000+00:00,3381.75,{'stop_loss_price': 3381.75}
INVALID_RISK_UNIT,risk_unit == 0 or non-finite,NQZ13-CME,6332023,2013-11-19 18:16:38.012000+00:00,3381.75,{'stop_loss_price': 3381.75}
INVALID_RISK_UNIT,risk_unit == 0 or non-finite,NQZ13-CME,6332024,2013-11-19 18:16:38.013000+00:00,3381.75,{'stop_loss_price': 3381.75}
INVALID_RISK_UNIT,risk_unit == 0 or non-finite,NQZ13-CME,6332025,2013-11-19 18:16:38.014000+00:00,3381.75,{'stop_loss_price': 3381.75}
INVALID_RISK_UNIT,risk_unit == 0 or non-finite,NQZ13-CME,6332026,2013-11-19 18:16:38.015000+00:00,3381.75,{'stop_loss_price': 3381.75}
INVALID_RISK_UNIT,risk_unit == 0 or non-finite,NQZ13-CME,6332027,2013-11-19 18:16:38.016000+00:00,3381.75,{'stop_loss_price': 3381.75}
INVALID_RISK_UNIT,risk_unit == 0 or non-finite,NQZ13-CME,6332028,2013-11-19 18:16:38.017000+00:00,3381.75,{'stop_loss_price': 3381.75}
INVALID_RISK_UNIT,risk_unit == 0 or non-finite,NQZ13-CME,6332029,2013-11-19 18:16:38.018000+00:00,3381.75,{'stop_loss_price': 3381.75}
INVALID_RISK_UNIT,risk_unit == 0 or non-finite,NQZ13-CME,6332030,2013-11-19 18:16:38.019000+00:00,3381.75,{'stop_loss_price': 3381.75}
INVALID_RISK_UNIT,risk_unit == 0 or non-finite,NQZ13-CME,6332031,2013-11-19 18:16:38.020000+00:00,3381.75,{'stop_loss_price': 3381.75}
INVALID_RISK_UNIT,risk_unit == 0 or non-finite,NQZ13-CME,6332032,2013-11-19 18:16:38.021000+00:00,3381.75,{'stop_loss_price': 3381.75}
INVALID_RISK_UNIT,risk_unit == 0 or non-finite,NQZ13-CME,6332033,2013-11-19 18:16:38.022000+00:00,3381.75,{'stop_loss_price': 3381.75}
INVALID_RISK_UNIT,risk_unit == 0 or non-finite,NQZ13-CME,6332034,2013-11-19 18:16:38.023000+00:00,3381.75,{'stop_loss_price': 3381.75}
INVALID_RISK_UNIT,risk_unit == 0 or non-finite,NQZ13-CME,6332035,2013-11-19 18:16:38.024000+00:00,3381.75,{'stop_loss_price': 3381.75}
INVALID_RISK_UNIT,risk_unit == 0 or non-finite,NQZ13-CME,6332036,2013-11-19 18:16:38.025000+00:00,3381.75,{'stop_loss_price': 3381.75}
INVALID_RISK_UNIT,risk_unit == 0 or non-finite,NQZ13-CME,6332037,2013-11-19 18:16:38.026000+00:00,3381.75,{'stop_loss_price': 3381.75}
INVALID_RISK_UNIT,risk_unit == 0 or non-finite,NQZ13-CME,6332038,2013-11-19 18:16:38.027000+00:00,3381.75,{'stop_loss_price': 3381.75}
INVALID_RISK_UNIT,risk_unit == 0 or non-finite,NQZ13-CME,6332039,2013-11-19 18:16:38.028000+00:00,3381.75,{'stop_loss_price': 3381.75}
INVALID_RISK_UNIT,risk_unit == 0 or non-finite,NQZ13-CME,6332040,2013-11-19 18:16:38.029000+00:00,3381.75,{'stop_loss_price': 3381.75}
INVALID_RISK_UNIT,risk_unit == 0 or non-finite,NQZ13-CME,6332041,2013-11-19 18:16:38.030000+00:00,3381.75,{'stop_loss_price': 3381.75}
INVALID_RISK_UNIT,risk_unit == 0 or non-finite,NQZ13-CME,6332042,2013-11-19 18:16:38.031000+00:00,3381.75,{'stop_loss_price': 3381.75}
INVALID_RISK_UNIT,risk_unit == 0 or non-finite,NQZ13-CME,6332043,2013-11-19 18:16:38.032000+00:00,3381.75,{'stop_loss_price': 3381.75}
INVALID_RISK_UNIT,risk_unit == 0 or non-finite,NQZ13-CME,6332044,2013-11-19 18:16:38.033000+00:00,3381.75,{'stop_loss_price': 3381.75}
INVALID_RISK_UNIT,risk_unit == 0 or non-finite,NQZ13-CME,6332045,2013-11-19 18:16:38.034000+00:00,3381.75,{'stop_loss_price': 3381.75}
INVALID_RISK_UNIT,risk_unit == 0 or non-finite,NQZ13-CME,6332046,2013-11-19 18:16:38.035000+00:00,3381.75,{'stop_loss_price': 3381.75}
INVALID_RISK_UNIT,risk_unit == 0 or non-finite,NQZ13-CME,6332047,2013-11-19 18:16:38.036000+00:00,3381.75,{'stop_loss_price': 3381.75}
INVALID_RISK_UNIT,risk_unit == 0 or non-finite,NQZ13-CME,6332048,2013-11-19 18:16:38.037000+00:00,3381.75,{'stop_loss_price': 3381.75}
INVALID_RISK_UNIT,risk_unit == 0 or non-finite,NQZ13-CME,6332049,2013-11-19 18:16:38.038000+00:00,3381.75,{'stop_loss_price': 3381.75}
INVALID_RISK_UNIT,risk_unit == 0 or non-finite,NQZ13-CME,6332050,2013-11-19 18:16:38.039000+00:00,3381.75,{'stop_loss_price': 3381.75}
INVALID_RISK_UNIT,risk_unit == 0 or non-finite,NQZ13-CME,6332051,2013-11-19 18:16:38.040000+00:00,3381.75,{'stop_loss_price': 3381.75}
INVALID_RISK_UNIT,risk_unit == 0 or non-finite,NQZ13-CME,6332052,2013-11-19 18:16:38.041000+00:00,3381.75,{'stop_loss_price': 3381.75}
INVALID_RISK_UNIT,risk_unit == 0 or non-finite,NQZ13-CME,6332053,2013-11-19 18:16:38.042000+00:00,3381.75,{'stop_loss_price': 3381.75}
INVALID_RISK_UNIT,risk_unit == 0 or non-finite,NQZ13-CME,6332054,2013-11-19 18:16:38.043000+00:00,3381.75,{'stop_loss_price': 3381.75}
INVALID_RISK_UNIT,risk_unit == 0 or non-finite,NQZ13-CME,6332055,2013-11-19 18:16:38.044000+00:00,3381.75,{'stop_loss_price': 3381.75}
INVALID_RISK_UNIT,risk_unit == 0 or non-finite,NQZ13-CME,6332056,2013-11-19 18:16:38.045000+00:00,3381.75,{'stop_loss_price': 3381.75}
INVALID_RISK_UNIT,risk_unit == 0 or non-finite,NQZ13-CME,6332057,2013-11-19 18:16:38.046000+00:00,3381.75,{'stop_loss_price': 3381.75}
INVALID_RISK_UNIT,risk_unit == 0 or non-finite,NQZ13-CME,6332058,2013-11-19 18:16:38.047000+00:00,3381.75,{'stop_loss_price': 3381.75}
INVALID_RISK_UNIT,risk_unit == 0 or non-finite,NQZ13-CME,6332059,2013-11-19 18:16:38.048000+00:00,3381.75,{'stop_loss_price': 3381.75}
INVALID_RISK_UNIT,risk_unit == 0 or non-finite,NQZ13-CME,6332060,2013-11-19 18:16:38.049000+00:00,3381.75,{'stop_loss_price': 3381.75}
INVALID_RISK_UNIT,risk_unit == 0 or non-finite,NQZ13-CME,6335622,2013-11-19 18:26:32.015000+00:00,3377.75,{'stop_loss_price': 3377.75}
INVALID_RISK_UNIT,risk_unit == 0 or non-finite,NQZ13-CME,6335623,2013-11-19 18:26:33+00:00,3377.75,{'stop_loss_price': 3377.75}
INVALID_RISK_UNIT,risk_unit == 0 or non-finite,NQZ13-CME,6335624,2013-11-19 18:26:33.001000+00:00,3377.75,{'stop_loss_price': 3377.75}
INVALID_RISK_UNIT,risk_unit == 0 or non-finite,NQZ13-CME,6335626,2013-11-19 18:26:33.003000+00:00,3377.75,{'stop_loss_price': 3377.75}
INVALID_RISK_UNIT,risk_unit == 0 or non-finite,NQZ13-CME,6448272,2013-11-20 15:40:54+00:00,3384.5,{'stop_loss_price': 3384.5}
INVALID_RISK_UNIT,risk_unit == 0 or non-finite,NQZ13-CME,6448273,2013-11-20 15:40:54.001000+00:00,3384.5,{'stop_loss_price': 3384.5}
INVALID_RISK_UNIT,risk_unit == 0 or non-finite,NQZ13-CME,6448274,2013-11-20 15:40:54.002000+00:00,3384.5,{'stop_loss_price': 3384.5}
INVALID_RISK_UNIT,risk_unit == 0 or non-finite,NQZ13-CME,6448275,2013-11-20 15:40:54.003000+00:00,3384.5,{'stop_loss_price': 3384.5}
INVALID_RISK_UNIT,risk_unit == 0 or non-finite,NQZ13-CME,6448276,2013-11-20 15:40:54.004000+00:00,3384.5,{'stop_loss_price': 3384.5}
INVALID_RISK_UNIT,risk_unit == 0 or non-finite,NQZ13-CME,6448277,2013-11-20 15:40:54.005000+00:00,3384.5,{'stop_loss_price': 3384.5}
INVALID_RISK_UNIT,risk_unit == 0 or non-finite,NQZ13-CME,6448278,2013-11-20 15:40:54.006000+00:00,3384.5,{'stop_loss_price': 3384.5}
INVALID_RISK_UNIT,risk_unit == 0 or non-finite,NQZ13-CME,6448279,2013-11-20 15:40:54.007000+00:00,3384.5,{'stop_loss_price': 3384.5}
INVALID_RISK_UNIT,risk_unit == 0 or non-finite,NQZ13-CME,6448280,2013-11-20 15:40:54.008000+00:00,3384.5,{'stop_loss_price': 3384.5}
INVALID_RISK_UNIT,risk_unit == 0 or non-finite,NQZ13-CME,6448281,2013-11-20 15:40:54.009000+00:00,3384.5,{'stop_loss_price': 3384.5}
INVALID_RISK_UNIT,risk_unit == 0 or non-finite,NQZ13-CME,6448282,2013-11-20 15:40:54.010000+00:00,3384.5,{'stop_loss_price': 3384.5}
INVALID_RISK_UNIT,risk_unit == 0 or non-finite,NQZ13-CME,6448283,2013-11-20 15:40:54.011000+00:00,3384.5,{'stop_loss_price': 3384.5}
INVALID_RISK_UNIT,risk_unit == 0 or non-finite,NQZ13-CME,6448284,2013-11-20 15:40:54.012000+00:00,3384.5,{'stop_loss_price': 3384.5}
INVALID_RISK_UNIT,risk_unit == 0 or non-finite,NQZ13-CME,6448285,2013-11-20 15:40:54.013000+00:00,3384.5,{'stop_loss_price': 3384.5}
INVALID_RISK_UNIT,risk_unit == 0 or non-finite,NQZ13-CME,6448286,2013-11-20 15:40:55+00:00,3384.5,{'stop_loss_price': 3384.5}
INVALID_RISK_UNIT,risk_unit == 0 or non-finite,NQZ13-CME,6448287,2013-11-20 15:40:55.001000+00:00,3384.5,{'stop_loss_price': 3384.5}
INVALID_RISK_UNIT,risk_unit == 0 or non-finite,NQZ13-CME,6448288,2013-11-20 15:40:55.002000+00:00,3384.5,{'stop_loss_price': 3384.5}
INVALID_RISK_UNIT,risk_unit == 0 or non-finite,NQZ13-CME,6448289,2013-11-20 15:40:55.003000+00:00,3384.5,{'stop_loss_price': 3384.5}
INVALID_RISK_UNIT,risk_unit == 0 or non-finite,NQZ13-CME,6448290,2013-11-20 15:40:55.004000+00:00,3384.5,{'stop_loss_price': 3384.5}
INVALID_RISK_UNIT,risk_unit == 0 or non-finite,NQZ13-CME,6449780,2013-11-20 15:45:20+00:00,3386.0,{'stop_loss_price': 3386.0}
INVALID_RISK_UNIT,risk_unit == 0 or non-finite,NQZ13-CME,6449781,2013-11-20 15:45:20.001000+00:00,3386.0,{'stop_loss_price': 3386.0}
INVALID_RISK_UNIT,risk_unit == 0 or non-finite,NQZ13-CME,6449782,2013-11-20 15:45:20.002000+00:00,3386.0,{'stop_loss_price': 3386.0}
INVALID_RISK_UNIT,risk_unit == 0 or non-finite,NQZ13-CME,6449783,2013-11-20 15:45:22+00:00,3386.0,{'stop_loss_price': 3386.0}
INVALID_RISK_UNIT,risk_unit == 0 or non-finite,NQZ13-CME,6449784,2013-11-20 15:45:22.001000+00:00,3386.0,{'stop_loss_price': 3386.0}
INVALID_RISK_UNIT,risk_unit == 0 or non-finite,NQZ13-CME,6449785,2013-11-20 15:45:22.002000+00:00,3386.0,{'stop_loss_price': 3386.0}
INVALID_RISK_UNIT,risk_unit == 0 or non-finite,NQZ13-CME,6449787,2013-11-20 15:45:22.004000+00:00,3386.0,{'stop_loss_price': 3386.0}
INVALID_RISK_UNIT,risk_unit == 0 or non-finite,NQZ13-CME,6487331,2013-11-20 19:01:03.044000+00:00,3384.5,{'stop_loss_price': 3384.5}
INVALID_RISK_UNIT,risk_unit == 0 or non-finite,NQZ13-CME,6487332,2013-11-20 19:01:03.045000+00:00,3384.5,{'stop_loss_price': 3384.5}
INVALID_RISK_UNIT,risk_unit == 0 or non-finite,NQZ13-CME,6487333,2013-11-20 19:01:03.046000+00:00,3384.5,{'stop_loss_price': 3384.5}
INVALID_RISK_UNIT,risk_unit == 0 or non-finite,NQZ13-CME,6487334,2013-11-20 19:01:03.047000+00:00,3384.5,{'stop_loss_price': 3384.5}
INVALID_RISK_UNIT,risk_unit == 0 or non-finite,NQZ13-CME,6487335,2013-11-20 19:01:03.048000+00:00,3384.5,{'stop_loss_price': 3384.5}
INVALID_RISK_UNIT,risk_unit == 0 or non-finite,NQZ13-CME,6487336,2013-11-20 19:01:03.049000+00:00,3384.5,{'stop_loss_price': 3384.5}
INVALID_RISK_UNIT,risk_unit == 0 or non-finite,NQZ13-CME,6487337,2013-11-20 19:01:03.050000+00:00,3384.5,{'stop_loss_price': 3384.5}
INVALID_RISK_UNIT,risk_unit == 0 or non-finite,NQZ13-CME,6487338,2013-11-20 19:01:03.051000+00:00,3384.5,{'stop_loss_price': 3384.5}
INVALID_RISK_UNIT,risk_unit == 0 or non-finite,NQZ13-CME,6487339,2013-11-20 19:01:03.052000+00:00,3384.5,{'stop_loss_price': 3384.5}
INVALID_RISK_UNIT,risk_unit == 0 or non-finite,NQZ13-CME,6487340,2013-11-20 19:01:03.053000+00:00,3384.5,{'stop_loss_price': 3384.5}
INVALID_RISK_UNIT,risk_unit == 0 or non-finite,NQZ13-CME,6675562,2013-11-22 09:00:14.003000+00:00,3406.75,{'stop_loss_price': 3406.75}
INVALID_RISK_UNIT,risk_unit == 0 or non-finite,NQZ13-CME,6675563,2013-11-22 09:00:14.004000+00:00,3406.75,{'stop_loss_price': 3406.75}
INVALID_RISK_UNIT,risk_unit == 0 or non-finite,NQZ13-CME,6675564,2013-11-22 09:00:14.005000+00:00,3406.75,{'stop_loss_price': 3406.75}
INVALID_RISK_UNIT,risk_unit == 0 or non-finite,NQZ13-CME,6675565,2013-11-22 09:00:14.006000+00:00,3406.75,{'stop_loss_price': 3406.75}
INVALID_RISK_UNIT,risk_unit == 0 or non-finite,NQZ13-CME,6675566,2013-11-22 09:00:14.007000+00:00,3406.75,{'stop_loss_price': 3406.75}
INVALID_RISK_UNIT,risk_unit == 0 or non-finite,NQZ13-CME,6675567,2013-11-22 09:00:14.008000+00:00,3406.75,{'stop_loss_price': 3406.75}
INVALID_RISK_UNIT,risk_unit == 0 or non-finite,NQZ13-CME,6675568,2013-11-22 09:00:14.009000+00:00,3406.75,{'stop_loss_price': 3406.75}
