code,message,contract,row_index,timestamp_utc,price,context
INVALID_RISK_UNIT,risk_unit == 0 or non-finite,NQZ21-CME,18382,2021-09-13 02:25:00.220000+00:00,15442.75,{'stop_loss_price': 15442.75}
INVALID_RISK_UNIT,risk_unit == 0 or non-finite,NQZ21-CME,18383,2021-09-13 02:25:00.220001+00:00,15442.75,{'stop_loss_price': 15442.75}
INVALID_RISK_UNIT,risk_unit == 0 or non-finite,NQZ21-CME,20579,2021-09-13 03:11:16.794000+00:00,15444.75,{'stop_loss_price': 15444.75}
INVALID_RISK_UNIT,risk_unit == 0 or non-finite,NQZ21-CME,20580,2021-09-13 03:11:16.794001+00:00,15444.75,{'stop_loss_price': 15444.75}
INVALID_RISK_UNIT,risk_unit == 0 or non-finite,NQZ21-CME,46665,2021-09-13 10:49:37.935000+00:00,15516.75,{'stop_loss_price': 15516.75}
INVALID_RISK_UNIT,risk_unit == 0 or non-finite,NQZ21-CME,46666,2021-09-13 10:49:37.935001+00:00,15516.75,{'stop_loss_price': 15516.75}
INVALID_RISK_UNIT,risk_unit == 0 or non-finite,NQZ21-CME,46667,2021-09-13 10:49:37.935002+00:00,15516.75,{'stop_loss_price': 15516.75}
INVALID_RISK_UNIT,risk_unit == 0 or non-finite,NQZ21-CME,88157,2021-09-13 13:38:45.856000+00:00,15498.25,{'stop_loss_price': 15498.25}
INVALID_RISK_UNIT,risk_unit == 0 or non-finite,NQZ21-CME,88158,2021-09-13 13:38:45.900000+00:00,15498.25,{'stop_loss_price': 15498.25}
INVALID_RISK_UNIT,risk_unit == 0 or non-finite,NQZ21-CME,88159,2021-09-13 13:38:45.900001+00:00,15498.25,{'stop_loss_price': 15498.25}
INVALID_RISK_UNIT,risk_unit == 0 or non-finite,NQZ21-CME,88160,2021-09-13 13:38:45.900002+00:00,15498.25,{'stop_loss_price': 15498.25}
INVALID_RISK_UNIT,risk_unit == 0 or non-finite,NQZ21-CME,102043,2021-09-13 13:44:08.208000+00:00,15452.0,{'stop_loss_price': 15452.0}
INVALID_RISK_UNIT,risk_unit == 0 or non-finite,NQZ21-CME,102044,2021-09-13 13:44:08.352000+00:00,15452.0,{'stop_loss_price': 15452.0}
INVALID_RISK_UNIT,risk_unit == 0 or non-finite,NQZ21-CME,102045,2021-09-13 13:44:08.352001+00:00,15452.0,{'stop_loss_price': 15452.0}
INVALID_RISK_UNIT,risk_unit == 0 or non-finite,NQZ21-CME,102046,2021-09-13 13:44:08.446000+00:00,15452.0,{'stop_loss_price': 15452.0}
INVALID_RISK_UNIT,risk_unit == 0 or non-finite,NQZ21-CME,102047,2021-09-13 13:44:08.446001+00:00,15452.0,{'stop_loss_price': 15452.0}
INVALID_RISK_UNIT,risk_unit == 0 or non-finite,NQZ21-CME,113641,2021-09-13 13:50:42.181000+00:00,15466.25,{'stop_loss_price': 15466.25}
INVALID_RISK_UNIT,risk_unit == 0 or non-finite,NQZ21-CME,133354,2021-09-13 14:01:43.149003+00:00,15405.5,{'stop_loss_price': 15405.5}
INVALID_RISK_UNIT,risk_unit == 0 or non-finite,NQZ21-CME,133355,2021-09-13 14:01:43.191000+00:00,15405.5,{'stop_loss_price': 15405.5}
INVALID_RISK_UNIT,risk_unit == 0 or non-finite,NQZ21-CME,137891,2021-09-13 14:02:58.863000+00:00,15418.0,{'stop_loss_price': 15418.0}
INVALID_RISK_UNIT,risk_unit == 0 or non-finite,NQZ21-CME,139465,2021-09-13 14:04:07.423000+00:00,15421.75,{'stop_loss_price': 15421.75}
INVALID_RISK_UNIT,risk_unit == 0 or non-finite,NQZ21-CME,147534,2021-09-13 14:10:13.488006+00:00,15389.25,{'stop_loss_price': 15389.25}
INVALID_RISK_UNIT,risk_unit == 0 or non-finite,NQZ21-CME,150421,2021-09-13 14:12:03.656003+00:00,15381.25,{'stop_loss_price': 15381.25}
INVALID_RISK_UNIT,risk_unit == 0 or non-finite,NQZ21-CME,166174,2021-09-13 14:22:49.286000+00:00,15377.25,{'stop_loss_price': 15377.25}
INVALID_RISK_UNIT,risk_unit == 0 or non-finite,NQZ21-CME,182949,2021-09-13 14:36:58.872001+00:00,15378.0,{'stop_loss_price': 15378.0}
INVALID_RISK_UNIT,risk_unit == 0 or non-finite,NQZ21-CME,184983,2021-09-13 14:38:51.606000+00:00,15394.5,{'stop_loss_price': 15394.5}
INVALID_RISK_UNIT,risk_unit == 0 or non-finite,NQZ21-CME,186465,2021-09-13 14:40:11.678000+00:00,15395.0,{'stop_loss_price': 15395.0}
INVALID_RISK_UNIT,risk_unit == 0 or non-finite,NQZ21-CME,187728,2021-09-13 14:41:06.354000+00:00,15401.75,{'stop_loss_price': 15401.75}
INVALID_RISK_UNIT,risk_unit == 0 or non-finite,NQZ21-CME,191013,2021-09-13 14:45:41.702000+00:00,15416.5,{'stop_loss_price': 15416.5}
INVALID_RISK_UNIT,risk_unit == 0 or non-finite,NQZ21-CME,222590,2021-09-13 15:15:07.003000+00:00,15365.0,{'stop_loss_price': 15365.0}
INVALID_RISK_UNIT,risk_unit == 0 or non-finite,NQZ21-CME,222591,2021-09-13 15:15:07.020000+00:00,15365.0,{'stop_loss_price': 15365.0}
INVALID_RISK_UNIT,risk_unit == 0 or non-finite,NQZ21-CME,227911,2021-09-13 15:17:41.449000+00:00,15356.5,{'stop_loss_price': 15356.5}
INVALID_RISK_UNIT,risk_unit == 0 or non-finite,NQZ21-CME,240786,2021-09-13 15:31:39.077000+00:00,15387.75,{'stop_loss_price': 15387.75}
INVALID_RISK_UNIT,risk_unit == 0 or non-finite,NQZ21-CME,240787,2021-09-13 15:31:39.077001+00:00,15387.75,{'stop_loss_price': 15387.75}
INVALID_RISK_UNIT,risk_unit == 0 or non-finite,NQZ21-CME,252216,2021-09-13 15:46:07.764000+00:00,15403.75,{'stop_loss_price': 15403.75}
INVALID_RISK_UNIT,risk_unit == 0 or non-finite,NQZ21-CME,252217,2021-09-13 15:46:07.764001+00:00,15403.75,{'stop_loss_price': 15403.75}
INVALID_RISK_UNIT,risk_unit == 0 or non-finite,NQZ21-CME,252218,2021-09-13 15:46:07.764002+00:00,15403.75,{'stop_loss_price': 15403.75}
INVALID_RISK_UNIT,risk_unit == 0 or non-finite,NQZ21-CME,373992,2021-09-13 19:10:14.850000+00:00,15389.5,{'stop_loss_price': 15389.5}
INVALID_RISK_UNIT,risk_unit == 0 or non-finite,NQZ21-CME,375824,2021-09-13 19:11:33.228000+00:00,15392.25,{'stop_loss_price': 15392.25}
INVALID_RISK_UNIT,risk_unit == 0 or non-finite,NQZ21-CME,408631,2021-09-13 19:54:33.270000+00:00,15419.5,{'stop_loss_price': 15419.5}
INVALID_RISK_UNIT,risk_unit == 0 or non-finite,NQZ21-CME,434603,2021-09-14 03:40:50.169000+00:00,15450.25,{'stop_loss_price': 15450.25}
INVALID_RISK_UNIT,risk_unit == 0 or non-finite,NQZ21-CME,435688,2021-09-14 04:36:10.543000+00:00,15454.5,{'stop_loss_price': 15454.5}
INVALID_RISK_UNIT,risk_unit == 0 or non-finite,NQZ21-CME,435689,2021-09-14 04:36:15.393000+00:00,15454.5,{'stop_loss_price': 15454.5}
INVALID_RISK_UNIT,risk_unit == 0 or non-finite,NQZ21-CME,435690,2021-09-14 04:36:20.105000+00:00,15454.5,{'stop_loss_price': 15454.5}
INVALID_RISK_UNIT,risk_unit == 0 or non-finite,NQZ21-CME,495854,2021-09-14 13:30:01.941000+00:00,15500.0,{'stop_loss_price': 15500.0}
INVALID_RISK_UNIT,risk_unit == 0 or non-finite,NQZ21-CME,528971,2021-09-14 13:40:13.742000+00:00,15477.25,{'stop_loss_price': 15477.25}
INVALID_RISK_UNIT,risk_unit == 0 or non-finite,NQZ21-CME,533659,2021-09-14 13:43:31.579000+00:00,15465.75,{'stop_loss_price': 15465.75}
INVALID_RISK_UNIT,risk_unit == 0 or non-finite,NQZ21-CME,533660,2021-09-14 13:43:31.589000+00:00,15465.75,{'stop_loss_price': 15465.75}
INVALID_RISK_UNIT,risk_unit == 0 or non-finite,NQZ21-CME,578162,2021-09-14 14:13:04.018000+00:00,15427.0,{'stop_loss_price': 15427.0}
INVALID_RISK_UNIT,risk_unit == 0 or non-finite,NQZ21-CME,584483,2021-09-14 14:18:24.766000+00:00,15431.75,{'stop_loss_price': 15431.75}
INVALID_RISK_UNIT,risk_unit == 0 or non-finite,NQZ21-CME,584484,2021-09-14 14:18:24.766001+00:00,15431.75,{'stop_loss_price': 15431.75}
INVALID_RISK_UNIT,risk_unit == 0 or non-finite,NQZ21-CME,600013,2021-09-14 14:33:46.185000+00:00,15435.5,{'stop_loss_price': 15435.5}
INVALID_RISK_UNIT,risk_unit == 0 or non-finite,NQZ21-CME,600014,2021-09-14 14:33:46.185001+00:00,15435.5,{'stop_loss_price': 15435.5}
INVALID_RISK_UNIT,risk_unit == 0 or non-finite,NQZ21-CME,644691,2021-09-14 15:21:37.348000+00:00,15438.0,{'stop_loss_price': 15438.0}
INVALID_RISK_UNIT,risk_unit == 0 or non-finite,NQZ21-CME,644692,2021-09-14 15:21:37.348001+00:00,15438.0,{'stop_loss_price': 15438.0}
INVALID_RISK_UNIT,risk_unit == 0 or non-finite,NQZ21-CME,644693,2021-09-14 15:21:37.480000+00:00,15438.0,{'stop_loss_price': 15438.0}
INVALID_RISK_UNIT,risk_unit == 0 or non-finite,NQZ21-CME,658037,2021-09-14 15:40:39.329000+00:00,15467.0,{'stop_loss_price': 15467.0}
INVALID_RISK_UNIT,risk_unit == 0 or non-finite,NQZ21-CME,658038,2021-09-14 15:40:39.329001+00:00,15467.0,{'stop_loss_price': 15467.0}
INVALID_RISK_UNIT,risk_unit == 0 or non-finite,NQZ21-CME,690549,2021-09-14 16:43:47.673000+00:00,15424.0,{'stop_loss_price': 15424.0}
INVALID_RISK_UNIT,risk_unit == 0 or non-finite,NQZ21-CME,690550,2021-09-14 16:43:47.683000+00:00,15424.0,{'stop_loss_price': 15424.0}
INVALID_RISK_UNIT,risk_unit == 0 or non-finite,NQZ21-CME,690551,2021-09-14 16:43:48.589000+00:00,15424.0,{'stop_loss_price': 15424.0}
INVALID_RISK_UNIT,risk_unit == 0 or non-finite,NQZ21-CME,690552,2021-09-14 16:43:48.589001+00:00,15424.0,{'stop_loss_price': 15424.0}
INVALID_RISK_UNIT,risk_unit == 0 or non-finite,NQZ21-CME,690553,2021-09-14 16:43:48.589002+00:00,15424.0,{'stop_loss_price': 15424.0}
INVALID_RISK_UNIT,risk_unit == 0 or non-finite,NQZ21-CME,690554,2021-09-14 16:43:48.589003+00:00,15424.0,{'stop_loss_price': 15424.0}
INVALID_RISK_UNIT,risk_unit == 0 or non-finite,NQZ21-CME,740247,2021-09-14 18:10:15.955000+00:00,15410.75,{'stop_loss_price': 15410.75}
INVALID_RISK_UNIT,risk_unit == 0 or non-finite,NQZ21-CME,857732,2021-09-15 03:01:11.299000+00:00,15393.0,{'stop_loss_price': 15393.0}
INVALID_RISK_UNIT,risk_unit == 0 or non-finite,NQZ21-CME,857733,2021-09-15 03:01:13.155000+00:00,15393.0,{'stop_loss_price': 15393.0}
INVALID_RISK_UNIT,risk_unit == 0 or non-finite,NQZ21-CME,885074,2021-09-15 10:53:16.855000+00:00,15414.75,{'stop_loss_price': 15414.75}
INVALID_RISK_UNIT,risk_unit == 0 or non-finite,NQZ21-CME,892266,2021-09-15 12:08:37.441000+00:00,15400.25,{'stop_loss_price': 15400.25}
INVALID_RISK_UNIT,risk_unit == 0 or non-finite,NQZ21-CME,892267,2021-09-15 12:08:37.441001+00:00,15400.25,{'stop_loss_price': 15400.25}
INVALID_RISK_UNIT,risk_unit == 0 or non-finite,NQZ21-CME,892268,2021-09-15 12:08:37.489000+00:00,15400.25,{'stop_loss_price': 15400.25}
INVALID_RISK_UNIT,risk_unit == 0 or non-finite,NQZ21-CME,898141,2021-09-15 12:35:19.268000+00:00,15407.0,{'stop_loss_price': 15407.0}
INVALID_RISK_UNIT,risk_unit == 0 or non-finite,NQZ21-CME,944824,2021-09-15 13:40:00.348000+00:00,15352.5,{'stop_loss_price': 15352.5}
INVALID_RISK_UNIT,risk_unit == 0 or non-finite,NQZ21-CME,950352,2021-09-15 13:42:03.400000+00:00,15342.75,{'stop_loss_price': 15342.75}
INVALID_RISK_UNIT,risk_unit == 0 or non-finite,NQZ21-CME,950353,2021-09-15 13:42:03.400001+00:00,15342.75,{'stop_loss_price': 15342.75}
INVALID_RISK_UNIT,risk_unit == 0 or non-finite,NQZ21-CME,950354,2021-09-15 13:42:03.400002+00:00,15342.75,{'stop_loss_price': 15342.75}
INVALID_RISK_UNIT,risk_unit == 0 or non-finite,NQZ21-CME,950355,2021-09-15 13:42:03.400003+00:00,15342.75,{'stop_loss_price': 15342.75}
INVALID_RISK_UNIT,risk_unit == 0 or non-finite,NQZ21-CME,950356,2021-09-15 13:42:03.400004+00:00,15342.75,{'stop_loss_price': 15342.75}
INVALID_RISK_UNIT,risk_unit == 0 or non-finite,NQZ21-CME,950357,2021-09-15 13:42:03.400005+00:00,15342.75,{'stop_loss_price': 15342.75}
INVALID_RISK_UNIT,risk_unit == 0 or non-finite,NQZ21-CME,950359,2021-09-15 13:42:03.400007+00:00,15342.75,{'stop_loss_price': 15342.75}
INVALID_RISK_UNIT,risk_unit == 0 or non-finite,NQZ21-CME,975295,2021-09-15 13:54:04.176035+00:00,15349.75,{'stop_loss_price': 15349.75}
INVALID_RISK_UNIT,risk_unit == 0 or non-finite,NQZ21-CME,975296,2021-09-15 13:54:04.176036+00:00,15349.75,{'stop_loss_price': 15349.75}
INVALID_RISK_UNIT,risk_unit == 0 or non-finite,NQZ21-CME,975297,2021-09-15 13:54:04.176037+00:00,15349.75,{'stop_loss_price': 15349.75}
INVALID_RISK_UNIT,risk_unit == 0 or non-finite,NQZ21-CME,975298,2021-09-15 13:54:04.176038+00:00,15349.75,{'stop_loss_price': 15349.75}
INVALID_RISK_UNIT,risk_unit == 0 or non-finite,NQZ21-CME,975299,2021-09-15 13:54:04.176039+00:00,15349.75,{'stop_loss_price': 15349.75}
INVALID_RISK_UNIT,risk_unit == 0 or non-finite,NQZ21-CME,975300,2021-09-15 13:54:04.176040+00:00,15349.75,{'stop_loss_price': 15349.75}
INVALID_RISK_UNIT,risk_unit == 0 or non-finite,NQZ21-CME,975301,2021-09-15 13:54:04.176041+00:00,15349.75,{'stop_loss_price': 15349.75}
INVALID_RISK_UNIT,risk_unit == 0 or non-finite,NQZ21-CME,975302,2021-09-15 13:54:04.176042+00:00,15349.75,{'stop_loss_price': 15349.75}
INVALID_RISK_UNIT,risk_unit == 0 or non-finite,NQZ21-CME,975303,2021-09-15 13:54:04.176043+00:00,15349.75,{'stop_loss_price': 15349.75}
INVALID_RISK_UNIT,risk_unit == 0 or non-finite,NQZ21-CME,975304,2021-09-15 13:54:04.176044+00:00,15349.75,{'stop_loss_price': 15349.75}
INVALID_RISK_UNIT,risk_unit == 0 or non-finite,NQZ21-CME,975305,2021-09-15 13:54:04.176045+00:00,15349.75,{'stop_loss_price': 15349.75}
INVALID_RISK_UNIT,risk_unit == 0 or non-finite,NQZ21-CME,975306,2021-09-15 13:54:04.176046+00:00,15349.75,{'stop_loss_price': 15349.75}
INVALID_RISK_UNIT,risk_unit == 0 or non-finite,NQZ21-CME,975307,2021-09-15 13:54:04.176047+00:00,15349.75,{'stop_loss_price': 15349.75}
INVALID_RISK_UNIT,risk_unit == 0 or non-finite,NQZ21-CME,980209,2021-09-15 13:56:43.024000+00:00,15358.25,{'stop_loss_price': 15358.25}
INVALID_RISK_UNIT,risk_unit == 0 or non-finite,NQZ21-CME,980210,2021-09-15 13:56:43.024001+00:00,15358.25,{'stop_loss_price': 15358.25}
INVALID_RISK_UNIT,risk_unit == 0 or non-finite,NQZ21-CME,980211,2021-09-15 13:56:43.026000+00:00,15358.25,{'stop_loss_price': 15358.25}
INVALID_RISK_UNIT,risk_unit == 0 or non-finite,NQZ21-CME,984057,2021-09-15 13:59:18.339000+00:00,15361.25,{'stop_loss_price': 15361.25}
INVALID_RISK_UNIT,risk_unit == 0 or non-finite,NQZ21-CME,995059,2021-09-15 14:05:56.724000+00:00,15368.25,{'stop_loss_price': 15368.25}
INVALID_RISK_UNIT,risk_unit == 0 or non-finite,NQZ21-CME,1039854,2021-09-15 14:35:46.145000+00:00,15370.0,{'stop_loss_price': 15370.0}
INVALID_RISK_UNIT,risk_unit == 0 or non-finite,NQZ21-CME,1039855,2021-09-15 14:35:46.145001+00:00,15370.0,{'stop_loss_price': 15370.0}
INVALID_RISK_UNIT,risk_unit == 0 or non-finite,NQZ21-CME,1039856,2021-09-15 14:35:46.145002+00:00,15370.0,{'stop_loss_price': 15370.0}
INVALID_RISK_UNIT,risk_unit == 0 or non-finite,NQZ21-CME,1039857,2021-09-15 14:35:46.145003+00:00,15370.0,{'stop_loss_price': 15370.0}
INVALID_RISK_UNIT,risk_unit == 0 or non-finite,NQZ21-CME,1039858,2021-09-15 14:35:46.145004+00:00,15370.0,{'stop_loss_price': 15370.0}
INVALID_RISK_UNIT,risk_unit == 0 or non-finite,NQZ21-CME,1060953,2021-09-15 14:56:25.986000+00:00,15357.25,{'stop_loss_price': 15357.25}
INVALID_RISK_UNIT,risk_unit == 0 or non-finite,NQZ21-CME,1060954,2021-09-15 14:56:25.986001+00:00,15357.25,{'stop_loss_price': 15357.25}
INVALID_RISK_UNIT,risk_unit == 0 or non-finite,NQZ21-CME,1060955,2021-09-15 14:56:25.986002+00:00,15357.25,{'stop_loss_price': 15357.25}
INVALID_RISK_UNIT,risk_unit == 0 or non-finite,NQZ21-CME,1060956,2021-09-15 14:56:25.986003+00:00,15357.25,{'stop_loss_price': 15357.25}
INVALID_RISK_UNIT,risk_unit == 0 or non-finite,NQZ21-CME,1060957,2021-09-15 14:56:25.986004+00:00,15357.25,{'stop_loss_price': 15357.25}
INVALID_RISK_UNIT,risk_unit == 0 or non-finite,NQZ21-CME,1093616,2021-09-15 15:35:29.648000+00:00,15351.5,{'stop_loss_price': 15351.5}
INVALID_RISK_UNIT,risk_unit == 0 or non-finite,NQZ21-CME,1098597,2021-09-15 15:44:03.380000+00:00,15348.75,{'stop_loss_price': 15348.75}
INVALID_RISK_UNIT,risk_unit == 0 or non-finite,NQZ21-CME,1098677,2021-09-15 15:44:14.682000+00:00,15351.0,{'stop_loss_price': 15351.0}
INVALID_RISK_UNIT,risk_unit == 0 or non-finite,NQZ21-CME,1101781,2021-09-15 15:49:22.707000+00:00,15338.75,{'stop_loss_price': 15338.75}
INVALID_RISK_UNIT,risk_unit == 0 or non-finite,NQZ21-CME,1117395,2021-09-15 16:21:18.693000+00:00,15361.25,{'stop_loss_price': 15361.25}
INVALID_RISK_UNIT,risk_unit == 0 or non-finite,NQZ21-CME,1117396,2021-09-15 16:21:18.693001+00:00,15361.25,{'stop_loss_price': 15361.25}
INVALID_RISK_UNIT,risk_unit == 0 or non-finite,NQZ21-CME,1117397,2021-09-15 16:21:18.695000+00:00,15361.25,{'stop_loss_price': 15361.25}
INVALID_RISK_UNIT,risk_unit == 0 or non-finite,NQZ21-CME,1117398,2021-09-15 16:21:18.695001+00:00,15361.25,{'stop_loss_price': 15361.25}
INVALID_RISK_UNIT,risk_unit == 0 or non-finite,NQZ21-CME,1117399,2021-09-15 16:21:18.695002+00:00,15361.25,{'stop_loss_price': 15361.25}
INVALID_RISK_UNIT,risk_unit == 0 or non-finite,NQZ21-CME,1117400,2021-09-15 16:21:18.696000+00:00,15361.25,{'stop_loss_price': 15361.25}
INVALID_RISK_UNIT,risk_unit == 0 or non-finite,NQZ21-CME,1177432,2021-09-15 17:53:58.280000+00:00,15464.25,{'stop_loss_price': 15464.25}
INVALID_RISK_UNIT,risk_unit == 0 or non-finite,NQZ21-CME,1177433,2021-09-15 17:53:58.280001+00:00,15464.25,{'stop_loss_price': 15464.25}
INVALID_RISK_UNIT,risk_unit == 0 or non-finite,NQZ21-CME,1177434,2021-09-15 17:53:58.280002+00:00,15464.25,{'stop_loss_price': 15464.25}
INVALID_RISK_UNIT,risk_unit == 0 or non-finite,NQZ21-CME,1177435,2021-09-15 17:53:58.281000+00:00,15464.25,{'stop_loss_price': 15464.25}
INVALID_RISK_UNIT,risk_unit == 0 or non-finite,NQZ21-CME,1177436,2021-09-15 17:53:58.281001+00:00,15464.25,{'stop_loss_price': 15464.25}
INVALID_RISK_UNIT,risk_unit == 0 or non-finite,NQZ21-CME,1177437,2021-09-15 17:53:58.281002+00:00,15464.25,{'stop_loss_price': 15464.25}
INVALID_RISK_UNIT,risk_unit == 0 or non-finite,NQZ21-CME,1239616,2021-09-15 19:47:03.337000+00:00,15512.0,{'stop_loss_price': 15512.0}
INVALID_RISK_UNIT,risk_unit == 0 or non-finite,NQZ21-CME,1239617,2021-09-15 19:47:03.337001+00:00,15512.0,{'stop_loss_price': 15512.0}
INVALID_RISK_UNIT,risk_unit == 0 or non-finite,NQZ21-CME,1239618,2021-09-15 19:47:03.337002+00:00,15512.0,{'stop_loss_price': 15512.0}
INVALID_RISK_UNIT,risk_unit == 0 or non-finite,NQZ21-CME,1239619,2021-09-15 19:47:03.337003+00:00,15512.0,{'stop_loss_price': 15512.0}
INVALID_RISK_UNIT,risk_unit == 0 or non-finite,NQZ21-CME,1239620,2021-09-15 19:47:03.337004+00:00,15512.0,{'stop_loss_price': 15512.0}
INVALID_RISK_UNIT,risk_unit == 0 or non-finite,NQZ21-CME,1239621,2021-09-15 19:47:03.337005+00:00,15512.0,{'stop_loss_price': 15512.0}
INVALID_RISK_UNIT,risk_unit == 0 or non-finite,NQZ21-CME,1239622,2021-09-15 19:47:03.337006+00:00,15512.0,{'stop_loss_price': 15512.0}
INVALID_RISK_UNIT,risk_unit == 0 or non-finite,NQZ21-CME,1337707,2021-09-16 13:30:49.971000+00:00,15428.25,{'stop_loss_price': 15428.25}
INVALID_RISK_UNIT,risk_unit == 0 or non-finite,NQZ21-CME,1337708,2021-09-16 13:30:49.971001+00:00,15428.25,{'stop_loss_price': 15428.25}
INVALID_RISK_UNIT,risk_unit == 0 or non-finite,NQZ21-CME,1346152,2021-09-16 13:33:14.783000+00:00,15455.5,{'stop_loss_price': 15455.5}
INVALID_RISK_UNIT,risk_unit == 0 or non-finite,NQZ21-CME,1358546,2021-09-16 13:37:31.806000+00:00,15450.75,{'stop_loss_price': 15450.75}
INVALID_RISK_UNIT,risk_unit == 0 or non-finite,NQZ21-CME,1360171,2021-09-16 13:38:30.028000+00:00,15453.25,{'stop_loss_price': 15453.25}
INVALID_RISK_UNIT,risk_unit == 0 or non-finite,NQZ21-CME,1360172,2021-09-16 13:38:30.028001+00:00,15453.25,{'stop_loss_price': 15453.25}
INVALID_RISK_UNIT,risk_unit == 0 or non-finite,NQZ21-CME,1360177,2021-09-16 13:38:30.155003+00:00,15453.25,{'stop_loss_price': 15453.25}
INVALID_RISK_UNIT,risk_unit == 0 or non-finite,NQZ21-CME,1360178,2021-09-16 13:38:30.155004+00:00,15453.25,{'stop_loss_price': 15453.25}
INVALID_RISK_UNIT,risk_unit == 0 or non-finite,NQZ21-CME,1360179,2021-09-16 13:38:30.155005+00:00,15453.25,{'stop_loss_price': 15453.25}
INVALID_RISK_UNIT,risk_unit == 0 or non-finite,NQZ21-CME,1360180,2021-09-16 13:38:30.155006+00:00,15453.25,{'stop_loss_price': 15453.25}
INVALID_RISK_UNIT,risk_unit == 0 or non-finite,NQZ21-CME,1360181,2021-09-16 13:38:30.155007+00:00,15453.25,{'stop_loss_price': 15453.25}
INVALID_RISK_UNIT,risk_unit == 0 or non-finite,NQZ21-CME,1360182,2021-09-16 13:38:30.485000+00:00,15453.25,{'stop_loss_price': 15453.25}
INVALID_RISK_UNIT,risk_unit == 0 or non-finite,NQZ21-CME,1360183,2021-09-16 13:38:30.486000+00:00,15453.25,{'stop_loss_price': 15453.25}
INVALID_RISK_UNIT,risk_unit == 0 or non-finite,NQZ21-CME,1361865,2021-09-16 13:39:41.176004+00:00,15449.0,{'stop_loss_price': 15449.0}
INVALID_RISK_UNIT,risk_unit == 0 or non-finite,NQZ21-CME,1361866,2021-09-16 13:39:41.176005+00:00,15449.0,{'stop_loss_price': 15449.0}
INVALID_RISK_UNIT,risk_unit == 0 or non-finite,NQZ21-CME,1361881,2021-09-16 13:39:41.724000+00:00,15449.0,{'stop_loss_price': 15449.0}
INVALID_RISK_UNIT,risk_unit == 0 or non-finite,NQZ21-CME,1385761,2021-09-16 13:51:02.553000+00:00,15414.5,{'stop_loss_price': 15414.5}
INVALID_RISK_UNIT,risk_unit == 0 or non-finite,NQZ21-CME,1434091,2021-09-16 14:20:50.951000+00:00,15373.25,{'stop_loss_price': 15373.25}
INVALID_RISK_UNIT,risk_unit == 0 or non-finite,NQZ21-CME,1467619,2021-09-16 14:53:34.254000+00:00,15386.75,{'stop_loss_price': 15386.75}
INVALID_RISK_UNIT,risk_unit == 0 or non-finite,NQZ21-CME,1467620,2021-09-16 14:53:34.254001+00:00,15386.75,{'stop_loss_price': 15386.75}
INVALID_RISK_UNIT,risk_unit == 0 or non-finite,NQZ21-CME,1467621,2021-09-16 14:53:34.254002+00:00,15386.75,{'stop_loss_price': 15386.75}
INVALID_RISK_UNIT,risk_unit == 0 or non-finite,NQZ21-CME,1467622,2021-09-16 14:53:34.254003+00:00,15386.75,{'stop_loss_price': 15386.75}
INVALID_RISK_UNIT,risk_unit == 0 or non-finite,NQZ21-CME,1506778,2021-09-16 15:38:05.785000+00:00,15389.25,{'stop_loss_price': 15389.25}
INVALID_RISK_UNIT,risk_unit == 0 or non-finite,NQZ21-CME,1513450,2021-09-16 15:47:40.820000+00:00,15390.0,{'stop_loss_price': 15390.0}
INVALID_RISK_UNIT,risk_unit == 0 or non-finite,NQZ21-CME,1513451,2021-09-16 15:47:40.820001+00:00,15390.0,{'stop_loss_price': 15390.0}
INVALID_RISK_UNIT,risk_unit == 0 or non-finite,NQZ21-CME,1513452,2021-09-16 15:47:40.820002+00:00,15390.0,{'stop_loss_price': 15390.0}
INVALID_RISK_UNIT,risk_unit == 0 or non-finite,NQZ21-CME,1513453,2021-09-16 15:47:40.820003+00:00,15390.0,{'stop_loss_price': 15390.0}
INVALID_RISK_UNIT,risk_unit == 0 or non-finite,NQZ21-CME,1513454,2021-09-16 15:47:40.820004+00:00,15390.0,{'stop_loss_price': 15390.0}
INVALID_RISK_UNIT,risk_unit == 0 or non-finite,NQZ21-CME,1563616,2021-09-16 17:44:56.093000+00:00,15421.75,{'stop_loss_price': 15421.75}
INVALID_RISK_UNIT,risk_unit == 0 or non-finite,NQZ21-CME,1563617,2021-09-16 17:44:56.093001+00:00,15421.75,{'stop_loss_price': 15421.75}
INVALID_RISK_UNIT,risk_unit == 0 or non-finite,NQZ21-CME,1584099,2021-09-16 18:10:57.372000+00:00,15486.25,{'stop_loss_price': 15486.25}
INVALID_RISK_UNIT,risk_unit == 0 or non-finite,NQZ21-CME,1584100,2021-09-16 18:10:57.372001+00:00,15486.25,{'stop_loss_price': 15486.25}
INVALID_RISK_UNIT,risk_unit == 0 or non-finite,NQZ21-CME,1584101,2021-09-16 18:10:57.372002+00:00,15486.25,{'stop_loss_price': 15486.25}
INVALID_RISK_UNIT,risk_unit == 0 or non-finite,NQZ21-CME,1584102,2021-09-16 18:10:57.372003+00:00,15486.25,{'stop_loss_price': 15486.25}
INVALID_RISK_UNIT,risk_unit == 0 or non-finite,NQZ21-CME,1584103,2021-09-16 18:10:57.581000+00:00,15486.25,{'stop_loss_price': 15486.25}
INVALID_RISK_UNIT,risk_unit == 0 or non-finite,NQZ21-CME,1594673,2021-09-16 18:31:28.594000+00:00,15476.25,{'stop_loss_price': 15476.25}
INVALID_RISK_UNIT,risk_unit == 0 or non-finite,NQZ21-CME,1626424,2021-09-16 19:19:22.201000+00:00,15507.75,{'stop_loss_price': 15507.75}
INVALID_RISK_UNIT,risk_unit == 0 or non-finite,NQZ21-CME,1626425,2021-09-16 19:19:22.201001+00:00,15507.75,{'stop_loss_price': 15507.75}
INVALID_RISK_UNIT,risk_unit == 0 or non-finite,NQZ21-CME,1626426,2021-09-16 19:19:22.201002+00:00,15507.75,{'stop_loss_price': 15507.75}
INVALID_RISK_UNIT,risk_unit == 0 or non-finite,NQZ21-CME,1626427,2021-09-16 19:19:22.201003+00:00,15507.75,{'stop_loss_price': 15507.75}
INVALID_RISK_UNIT,risk_unit == 0 or non-finite,NQZ21-CME,1695216,2021-09-17 07:13:28.356000+00:00,15514.25,{'stop_loss_price': 15514.25}
INVALID_RISK_UNIT,risk_unit == 0 or non-finite,NQZ21-CME,1751280,2021-09-17 13:31:34.075000+00:00,15456.0,{'stop_loss_price': 15456.0}
INVALID_RISK_UNIT,risk_unit == 0 or non-finite,NQZ21-CME,1757297,2021-09-17 13:33:23.089000+00:00,15464.75,{'stop_loss_price': 15464.75}
INVALID_RISK_UNIT,risk_unit == 0 or non-finite,NQZ21-CME,1757298,2021-09-17 13:33:23.089001+00:00,15464.75,{'stop_loss_price': 15464.75}
INVALID_RISK_UNIT,risk_unit == 0 or non-finite,NQZ21-CME,1757299,2021-09-17 13:33:23.089002+00:00,15464.75,{'stop_loss_price': 15464.75}
INVALID_RISK_UNIT,risk_unit == 0 or non-finite,NQZ21-CME,1762899,2021-09-17 13:35:05.559000+00:00,15434.75,{'stop_loss_price': 15434.75}
INVALID_RISK_UNIT,risk_unit == 0 or non-finite,NQZ21-CME,1786322,2021-09-17 13:46:01.674000+00:00,15432.75,{'stop_loss_price': 15432.75}
INVALID_RISK_UNIT,risk_unit == 0 or non-finite,NQZ21-CME,1813225,2021-09-17 14:03:15.855001+00:00,15389.5,{'stop_loss_price': 15389.5}
INVALID_RISK_UNIT,risk_unit == 0 or non-finite,NQZ21-CME,1813226,2021-09-17 14:03:15.855002+00:00,15389.5,{'stop_loss_price': 15389.5}
INVALID_RISK_UNIT,risk_unit == 0 or non-finite,NQZ21-CME,1822478,2021-09-17 14:08:35.042000+00:00,15396.25,{'stop_loss_price': 15396.25}
INVALID_RISK_UNIT,risk_unit == 0 or non-finite,NQZ21-CME,1822479,2021-09-17 14:08:35.042001+00:00,15396.25,{'stop_loss_price': 15396.25}
INVALID_RISK_UNIT,risk_unit == 0 or non-finite,NQZ21-CME,1822480,2021-09-17 14:08:35.042002+00:00,15396.25,{'stop_loss_price': 15396.25}
INVALID_RISK_UNIT,risk_unit == 0 or non-finite,NQZ21-CME,1822481,2021-09-17 14:08:35.042003+00:00,15396.25,{'stop_loss_price': 15396.25}
INVALID_RISK_UNIT,risk_unit == 0 or non-finite,NQZ21-CME,1822482,2021-09-17 14:08:35.042004+00:00,15396.25,{'stop_loss_price': 15396.25}
INVALID_RISK_UNIT,risk_unit == 0 or non-finite,NQZ21-CME,1822483,2021-09-17 14:08:35.042005+00:00,15396.25,{'stop_loss_price': 15396.25}
INVALID_RISK_UNIT,risk_unit == 0 or non-finite,NQZ21-CME,1822484,2021-09-17 14:08:35.042006+00:00,15396.25,{'stop_loss_price': 15396.25}
INVALID_RISK_UNIT,risk_unit == 0 or non-finite,NQZ21-CME,1822485,2021-09-17 14:08:35.043000+00:00,15396.25,{'stop_loss_price': 15396.25}
INVALID_RISK_UNIT,risk_unit == 0 or non-finite,NQZ21-CME,1822486,2021-09-17 14:08:35.043001+00:00,15396.25,{'stop_loss_price': 15396.25}
INVALID_RISK_UNIT,risk_unit == 0 or non-finite,NQZ21-CME,1822496,2021-09-17 14:08:36.405000+00:00,15396.25,{'stop_loss_price': 15396.25}
INVALID_RISK_UNIT,risk_unit == 0 or non-finite,NQZ21-CME,1825394,2021-09-17 14:10:36.312003+00:00,15382.0,{'stop_loss_price': 15382.0}
INVALID_RISK_UNIT,risk_unit == 0 or non-finite,NQZ21-CME,1825395,2021-09-17 14:10:36.312004+00:00,15382.0,{'stop_loss_price': 15382.0}
INVALID_RISK_UNIT,risk_unit == 0 or non-finite,NQZ21-CME,1825396,2021-09-17 14:10:36.442000+00:00,15382.0,{'stop_loss_price': 15382.0}
INVALID_RISK_UNIT,risk_unit == 0 or non-finite,NQZ21-CME,1825397,2021-09-17 14:10:36.444000+00:00,15382.0,{'stop_loss_price': 15382.0}
INVALID_RISK_UNIT,risk_unit == 0 or non-finite,NQZ21-CME,1836239,2021-09-17 14:16:48.924000+00:00,15373.25,{'stop_loss_price': 15373.25}
INVALID_RISK_UNIT,risk_unit == 0 or non-finite,NQZ21-CME,1836240,2021-09-17 14:16:48.924001+00:00,15373.25,{'stop_loss_price': 15373.25}
INVALID_RISK_UNIT,risk_unit == 0 or non-finite,NQZ21-CME,1836241,2021-09-17 14:16:48.924002+00:00,15373.25,{'stop_loss_price': 15373.25}
INVALID_RISK_UNIT,risk_unit == 0 or non-finite,NQZ21-CME,1854465,2021-09-17 14:30:12.142002+00:00,15378.75,{'stop_loss_price': 15378.75}
INVALID_RISK_UNIT,risk_unit == 0 or non-finite,NQZ21-CME,1854466,2021-09-17 14:30:12.143000+00:00,15378.75,{'stop_loss_price': 15378.75}
INVALID_RISK_UNIT,risk_unit == 0 or non-finite,NQZ21-CME,1854467,2021-09-17 14:30:12.143001+00:00,15378.75,{'stop_loss_price': 15378.75}
INVALID_RISK_UNIT,risk_unit == 0 or non-finite,NQZ21-CME,1854468,2021-09-17 14:30:12.143002+00:00,15378.75,{'stop_loss_price': 15378.75}
INVALID_RISK_UNIT,risk_unit == 0 or non-finite,NQZ21-CME,1854469,2021-09-17 14:30:12.182000+00:00,15378.75,{'stop_loss_price': 15378.75}
INVALID_RISK_UNIT,risk_unit == 0 or non-finite,NQZ21-CME,1910766,2021-09-17 15:09:55.024000+00:00,15332.75,{'stop_loss_price': 15332.75}
INVALID_RISK_UNIT,risk_unit == 0 or non-finite,NQZ21-CME,1931902,2021-09-17 15:23:07.537000+00:00,15357.5,{'stop_loss_price': 15357.5}
INVALID_RISK_UNIT,risk_unit == 0 or non-finite,NQZ21-CME,1931903,2021-09-17 15:23:07.537001+00:00,15357.5,{'stop_loss_price': 15357.5}
INVALID_RISK_UNIT,risk_unit == 0 or non-finite,NQZ21-CME,1931904,2021-09-17 15:23:07.537002+00:00,15357.5,{'stop_loss_price': 15357.5}
INVALID_RISK_UNIT,risk_unit == 0 or non-finite,NQZ21-CME,1931905,2021-09-17 15:23:07.537003+00:00,15357.5,{'stop_loss_price': 15357.5}
INVALID_RISK_UNIT,risk_unit == 0 or non-finite,NQZ21-CME,1931906,2021-09-17 15:23:07.545000+00:00,15357.5,{'stop_loss_price': 15357.5}
INVALID_RISK_UNIT,risk_unit == 0 or non-finite,NQZ21-CME,1933419,2021-09-17 15:25:11.642000+00:00,15354.0,{'stop_loss_price': 15354.0}
INVALID_RISK_UNIT,risk_unit == 0 or non-finite,NQZ21-CME,1936128,2021-09-17 15:28:21.531000+00:00,15343.0,{'stop_loss_price': 15343.0}
INVALID_RISK_UNIT,risk_unit == 0 or non-finite,NQZ21-CME,2005478,2021-09-17 16:19:47.845000+00:00,15328.0,{'stop_loss_price': 15328.0}
INVALID_RISK_UNIT,risk_unit == 0 or non-finite,NQZ21-CME,2005479,2021-09-17 16:19:48.099000+00:00,15328.0,{'stop_loss_price': 15328.0}
INVALID_RISK_UNIT,risk_unit == 0 or non-finite,NQZ21-CME,2005480,2021-09-17 16:19:48.099001+00:00,15328.0,{'stop_loss_price': 15328.0}
INVALID_RISK_UNIT,risk_unit == 0 or non-finite,NQZ21-CME,2005481,2021-09-17 16:19:48.099002+00:00,15328.0,{'stop_loss_price': 15328.0}
INVALID_RISK_UNIT,risk_unit == 0 or non-finite,NQZ21-CME,2005482,2021-09-17 16:19:48.099003+00:00,15328.0,{'stop_loss_price': 15328.0}
INVALID_RISK_UNIT,risk_unit == 0 or non-finite,NQZ21-CME,2005483,2021-09-17 16:19:48.099004+00:00,15328.0,{'stop_loss_price': 15328.0}
INVALID_RISK_UNIT,risk_unit == 0 or non-finite,NQZ21-CME,2005484,2021-09-17 16:19:48.099005+00:00,15328.0,{'stop_loss_price': 15328.0}
INVALID_RISK_UNIT,risk_unit == 0 or non-finite,NQZ21-CME,2006057,2021-09-17 16:20:22.054000+00:00,15330.75,{'stop_loss_price': 15330.75}
INVALID_RISK_UNIT,risk_unit == 0 or non-finite,NQZ21-CME,2006058,2021-09-17 16:20:22.054001+00:00,15330.75,{'stop_loss_price': 15330.75}
INVALID_RISK_UNIT,risk_unit == 0 or non-finite,NQZ21-CME,2020979,2021-09-17 16:37:09.410002+00:00,15359.25,{'stop_loss_price': 15359.25}
INVALID_RISK_UNIT,risk_unit == 0 or non-finite,NQZ21-CME,2020980,2021-09-17 16:37:09.410003+00:00,15359.25,{'stop_loss_price': 15359.25}
INVALID_RISK_UNIT,risk_unit == 0 or non-finite,NQZ21-CME,2020981,2021-09-17 16:37:09.410004+00:00,15359.25,{'stop_loss_price': 15359.25}
INVALID_RISK_UNIT,risk_unit == 0 or non-finite,NQZ21-CME,2020983,2021-09-17 16:37:09.656000+00:00,15359.25,{'stop_loss_price': 15359.25}
INVALID_RISK_UNIT,risk_unit == 0 or non-finite,NQZ21-CME,2029421,2021-09-17 16:49:00.164000+00:00,15348.5,{'stop_loss_price': 15348.5}
INVALID_RISK_UNIT,risk_unit == 0 or non-finite,NQZ21-CME,2029422,2021-09-17 16:49:00.166000+00:00,15348.5,{'stop_loss_price': 15348.5}
INVALID_RISK_UNIT,risk_unit == 0 or non-finite,NQZ21-CME,2029423,2021-09-17 16:49:00.167000+00:00,15348.5,{'stop_loss_price': 15348.5}
INVALID_RISK_UNIT,risk_unit == 0 or non-finite,NQZ21-CME,2042171,2021-09-17 17:03:13.498000+00:00,15332.75,{'stop_loss_price': 15332.75}
INVALID_RISK_UNIT,risk_unit == 0 or non-finite,NQZ21-CME,2049116,2021-09-17 17:12:57.341000+00:00,15335.25,{'stop_loss_price': 15335.25}
INVALID_RISK_UNIT,risk_unit == 0 or non-finite,NQZ21-CME,2049117,2021-09-17 17:12:57.341001+00:00,15335.25,{'stop_loss_price': 15335.25}
INVALID_RISK_UNIT,risk_unit == 0 or non-finite,NQZ21-CME,2049119,2021-09-17 17:12:58.731000+00:00,15335.25,{'stop_loss_price': 15335.25}
INVALID_RISK_UNIT,risk_unit == 0 or non-finite,NQZ21-CME,2057123,2021-09-17 17:23:09.651000+00:00,15315.5,{'stop_loss_price': 15315.5}
INVALID_RISK_UNIT,risk_unit == 0 or non-finite,NQZ21-CME,2078365,2021-09-17 17:47:53.248000+00:00,15288.5,{'stop_loss_price': 15288.5}
INVALID_RISK_UNIT,risk_unit == 0 or non-finite,NQZ21-CME,2096714,2021-09-17 18:05:47.376000+00:00,15304.5,{'stop_loss_price': 15304.5}
INVALID_RISK_UNIT,risk_unit == 0 or non-finite,NQZ21-CME,2096715,2021-09-17 18:05:47.376001+00:00,15304.5,{'stop_loss_price': 15304.5}
INVALID_RISK_UNIT,risk_unit == 0 or non-finite,NQZ21-CME,2096716,2021-09-17 18:05:47.376002+00:00,15304.5,{'stop_loss_price': 15304.5}
INVALID_RISK_UNIT,risk_unit == 0 or non-finite,NQZ21-CME,2096717,2021-09-17 18:05:47.376003+00:00,15304.5,{'stop_loss_price': 15304.5}
INVALID_RISK_UNIT,risk_unit == 0 or non-finite,NQZ21-CME,2096718,2021-09-17 18:05:47.376004+00:00,15304.5,{'stop_loss_price': 15304.5}
INVALID_RISK_UNIT,risk_unit == 0 or non-finite,NQZ21-CME,2096719,2021-09-17 18:05:47.376005+00:00,15304.5,{'stop_loss_price': 15304.5}
INVALID_RISK_UNIT,risk_unit == 0 or non-finite,NQZ21-CME,2096720,2021-09-17 18:05:47.376006+00:00,15304.5,{'stop_loss_price': 15304.5}
INVALID_RISK_UNIT,risk_unit == 0 or non-finite,NQZ21-CME,2096721,2021-09-17 18:05:47.376007+00:00,15304.5,{'stop_loss_price': 15304.5}
INVALID_RISK_UNIT,risk_unit == 0 or non-finite,NQZ21-CME,2096726,2021-09-17 18:05:47.844000+00:00,15304.5,{'stop_loss_price': 15304.5}
INVALID_RISK_UNIT,risk_unit == 0 or non-finite,NQZ21-CME,2143085,2021-09-17 19:04:31.495001+00:00,15319.75,{'stop_loss_price': 15319.75}
INVALID_RISK_UNIT,risk_unit == 0 or non-finite,NQZ21-CME,2143086,2021-09-17 19:04:31.495002+00:00,15319.75,{'stop_loss_price': 15319.75}
INVALID_RISK_UNIT,risk_unit == 0 or non-finite,NQZ21-CME,2143087,2021-09-17 19:04:31.495003+00:00,15319.75,{'stop_loss_price': 15319.75}
INVALID_RISK_UNIT,risk_unit == 0 or non-finite,NQZ21-CME,2143088,2021-09-17 19:04:31.535000+00:00,15319.75,{'stop_loss_price': 15319.75}
INVALID_RISK_UNIT,risk_unit == 0 or non-finite,NQZ21-CME,2143092,2021-09-17 19:04:31.767000+00:00,15319.75,{'stop_loss_price': 15319.75}
INVALID_RISK_UNIT,risk_unit == 0 or non-finite,NQZ21-CME,2171248,2021-09-17 19:41:08.939000+00:00,15316.75,{'stop_loss_price': 15316.75}
INVALID_RISK_UNIT,risk_unit == 0 or non-finite,NQZ21-CME,2171249,2021-09-17 19:41:08.939001+00:00,15316.75,{'stop_loss_price': 15316.75}
INVALID_RISK_UNIT,risk_unit == 0 or non-finite,NQZ21-CME,2247530,2021-09-20 02:49:08.703001+00:00,15226.5,{'stop_loss_price': 15226.5}
INVALID_RISK_UNIT,risk_unit == 0 or non-finite,NQZ21-CME,2247531,2021-09-20 02:49:08.703002+00:00,15226.5,{'stop_loss_price': 15226.5}
INVALID_RISK_UNIT,risk_unit == 0 or non-finite,NQZ21-CME,2247532,2021-09-20 02:49:08.704000+00:00,15226.5,{'stop_loss_price': 15226.5}
INVALID_RISK_UNIT,risk_unit == 0 or non-finite,NQZ21-CME,2252564,2021-09-20 03:16:35.667000+00:00,15237.5,{'stop_loss_price': 15237.5}
INVALID_RISK_UNIT,risk_unit == 0 or non-finite,NQZ21-CME,2255995,2021-09-20 04:10:20.706000+00:00,15234.5,{'stop_loss_price': 15234.5}
INVALID_RISK_UNIT,risk_unit == 0 or non-finite,NQZ21-CME,2296449,2021-09-20 08:21:09.614000+00:00,15158.0,{'stop_loss_price': 15158.0}
INVALID_RISK_UNIT,risk_unit == 0 or non-finite,NQZ21-CME,2351267,2021-09-20 12:30:43.764000+00:00,15051.5,{'stop_loss_price': 15051.5}
INVALID_RISK_UNIT,risk_unit == 0 or non-finite,NQZ21-CME,2365552,2021-09-20 13:12:56.625000+00:00,15076.25,{'stop_loss_price': 15076.25}
INVALID_RISK_UNIT,risk_unit == 0 or non-finite,NQZ21-CME,2413975,2021-09-20 13:38:58.424000+00:00,15107.5,{'stop_loss_price': 15107.5}
INVALID_RISK_UNIT,risk_unit == 0 or non-finite,NQZ21-CME,2413976,2021-09-20 13:38:58.424001+00:00,15107.5,{'stop_loss_price': 15107.5}
INVALID_RISK_UNIT,risk_unit == 0 or non-finite,NQZ21-CME,2413977,2021-09-20 13:38:58.437000+00:00,15107.5,{'stop_loss_price': 15107.5}
INVALID_RISK_UNIT,risk_unit == 0 or non-finite,NQZ21-CME,2413999,2021-09-20 13:38:58.991000+00:00,15107.5,{'stop_loss_price': 15107.5}
INVALID_RISK_UNIT,risk_unit == 0 or non-finite,NQZ21-CME,2414000,2021-09-20 13:38:58.991001+00:00,15107.5,{'stop_loss_price': 15107.5}
INVALID_RISK_UNIT,risk_unit == 0 or non-finite,NQZ21-CME,2414001,2021-09-20 13:38:58.991002+00:00,15107.5,{'stop_loss_price': 15107.5}
INVALID_RISK_UNIT,risk_unit == 0 or non-finite,NQZ21-CME,2414002,2021-09-20 13:38:59.018000+00:00,15107.5,{'stop_loss_price': 15107.5}
INVALID_RISK_UNIT,risk_unit == 0 or non-finite,NQZ21-CME,2414003,2021-09-20 13:38:59.018001+00:00,15107.5,{'stop_loss_price': 15107.5}
INVALID_RISK_UNIT,risk_unit == 0 or non-finite,NQZ21-CME,2470984,2021-09-20 14:04:52.097000+00:00,15071.5,{'stop_loss_price': 15071.5}
INVALID_RISK_UNIT,risk_unit == 0 or non-finite,NQZ21-CME,2478473,2021-09-20 14:08:29.056000+00:00,15068.0,{'stop_loss_price': 15068.0}
INVALID_RISK_UNIT,risk_unit == 0 or non-finite,NQZ21-CME,2504898,2021-09-20 14:22:53.463000+00:00,15028.25,{'stop_loss_price': 15028.25}
INVALID_RISK_UNIT,risk_unit == 0 or non-finite,NQZ21-CME,2518644,2021-09-20 14:30:13.444000+00:00,15033.25,{'stop_loss_price': 15033.25}
INVALID_RISK_UNIT,risk_unit == 0 or non-finite,NQZ21-CME,2519931,2021-09-20 14:30:51.337000+00:00,15047.0,{'stop_loss_price': 15047.0}
INVALID_RISK_UNIT,risk_unit == 0 or non-finite,NQZ21-CME,2552344,2021-09-20 14:48:17.992000+00:00,15004.5,{'stop_loss_price': 15004.5}
INVALID_RISK_UNIT,risk_unit == 0 or non-finite,NQZ21-CME,2552345,2021-09-20 14:48:17.992001+00:00,15004.5,{'stop_loss_price': 15004.5}
INVALID_RISK_UNIT,risk_unit == 0 or non-finite,NQZ21-CME,2587015,2021-09-20 15:07:13.263000+00:00,15007.5,{'stop_loss_price': 15007.5}
INVALID_RISK_UNIT,risk_unit == 0 or non-finite,NQZ21-CME,2589821,2021-09-20 15:09:06+00:00,15023.5,{'stop_loss_price': 15023.5}
INVALID_RISK_UNIT,risk_unit == 0 or non-finite,NQZ21-CME,2594028,2021-09-20 15:12:08.494000+00:00,15008.5,{'stop_loss_price': 15008.5}
INVALID_RISK_UNIT,risk_unit == 0 or non-finite,NQZ21-CME,2594029,2021-09-20 15:12:08.494001+00:00,15008.5,{'stop_loss_price': 15008.5}
INVALID_RISK_UNIT,risk_unit == 0 or non-finite,NQZ21-CME,2604739,2021-09-20 15:20:08.416000+00:00,15035.25,{'stop_loss_price': 15035.25}
INVALID_RISK_UNIT,risk_unit == 0 or non-finite,NQZ21-CME,2604740,2021-09-20 15:20:08.416001+00:00,15035.25,{'stop_loss_price': 15035.25}
INVALID_RISK_UNIT,risk_unit == 0 or non-finite,NQZ21-CME,2604741,2021-09-20 15:20:08.416002+00:00,15035.25,{'stop_loss_price': 15035.25}
INVALID_RISK_UNIT,risk_unit == 0 or non-finite,NQZ21-CME,2604742,2021-09-20 15:20:08.416003+00:00,15035.25,{'stop_loss_price': 15035.25}
INVALID_RISK_UNIT,risk_unit == 0 or non-finite,NQZ21-CME,2604743,2021-09-20 15:20:08.416004+00:00,15035.25,{'stop_loss_price': 15035.25}
INVALID_RISK_UNIT,risk_unit == 0 or non-finite,NQZ21-CME,2615231,2021-09-20 15:29:08.260000+00:00,15021.5,{'stop_loss_price': 15021.5}
INVALID_RISK_UNIT,risk_unit == 0 or non-finite,NQZ21-CME,2646670,2021-09-20 15:54:44.265000+00:00,14968.75,{'stop_loss_price': 14968.75}
INVALID_RISK_UNIT,risk_unit == 0 or non-finite,NQZ21-CME,2646671,2021-09-20 15:54:44.373000+00:00,14968.75,{'stop_loss_price': 14968.75}
INVALID_RISK_UNIT,risk_unit == 0 or non-finite,NQZ21-CME,2666013,2021-09-20 16:10:55.748000+00:00,14926.75,{'stop_loss_price': 14926.75}
INVALID_RISK_UNIT,risk_unit == 0 or non-finite,NQZ21-CME,2698417,2021-09-20 16:43:21.650000+00:00,14920.5,{'stop_loss_price': 14920.5}
INVALID_RISK_UNIT,risk_unit == 0 or non-finite,NQZ21-CME,2731066,2021-09-20 17:15:47.190000+00:00,14901.25,{'stop_loss_price': 14901.25}
INVALID_RISK_UNIT,risk_unit == 0 or non-finite,NQZ21-CME,2731067,2021-09-20 17:15:47.190001+00:00,14901.25,{'stop_loss_price': 14901.25}
INVALID_RISK_UNIT,risk_unit == 0 or non-finite,NQZ21-CME,2739281,2021-09-20 17:25:21.831000+00:00,14924.0,{'stop_loss_price': 14924.0}
INVALID_RISK_UNIT,risk_unit == 0 or non-finite,NQZ21-CME,2824438,2021-09-20 18:54:17.873000+00:00,14833.25,{'stop_loss_price': 14833.25}
INVALID_RISK_UNIT,risk_unit == 0 or non-finite,NQZ21-CME,2824439,2021-09-20 18:54:17.887000+00:00,14833.25,{'stop_loss_price': 14833.25}
INVALID_RISK_UNIT,risk_unit == 0 or non-finite,NQZ21-CME,2824440,2021-09-20 18:54:17.887001+00:00,14833.25,{'stop_loss_price': 14833.25}
INVALID_RISK_UNIT,risk_unit == 0 or non-finite,NQZ21-CME,2824441,2021-09-20 18:54:17.993000+00:00,14833.25,{'stop_loss_price': 14833.25}
INVALID_RISK_UNIT,risk_unit == 0 or non-finite,NQZ21-CME,2824442,2021-09-20 18:54:17.993001+00:00,14833.25,{'stop_loss_price': 14833.25}
INVALID_RISK_UNIT,risk_unit == 0 or non-finite,NQZ21-CME,2824443,2021-09-20 18:54:17.993002+00:00,14833.25,{'stop_loss_price': 14833.25}
INVALID_RISK_UNIT,risk_unit == 0 or non-finite,NQZ21-CME,2824451,2021-09-20 18:54:18.015000+00:00,14833.25,{'stop_loss_price': 14833.25}
INVALID_RISK_UNIT,risk_unit == 0 or non-finite,NQZ21-CME,2824452,2021-09-20 18:54:18.016000+00:00,14833.25,{'stop_loss_price': 14833.25}
INVALID_RISK_UNIT,risk_unit == 0 or non-finite,NQZ21-CME,2859704,2021-09-20 19:15:54.837000+00:00,14824.75,{'stop_loss_price': 14824.75}
INVALID_RISK_UNIT,risk_unit == 0 or non-finite,NQZ21-CME,2859705,2021-09-20 19:15:54.837001+00:00,14824.75,{'stop_loss_price': 14824.75}
INVALID_RISK_UNIT,risk_unit == 0 or non-finite,NQZ21-CME,2859706,2021-09-20 19:15:54.837002+00:00,14824.75,{'stop_loss_price': 14824.75}
INVALID_RISK_UNIT,risk_unit == 0 or non-finite,NQZ21-CME,2904471,2021-09-20 19:42:09.574000+00:00,14916.0,{'stop_loss_price': 14916.0}
INVALID_RISK_UNIT,risk_unit == 0 or non-finite,NQZ21-CME,2904472,2021-09-20 19:42:09.574001+00:00,14916.0,{'stop_loss_price': 14916.0}
INVALID_RISK_UNIT,risk_unit == 0 or non-finite,NQZ21-CME,2919468,2021-09-20 19:50:05.415000+00:00,14946.5,{'stop_loss_price': 14946.5}
INVALID_RISK_UNIT,risk_unit == 0 or non-finite,NQZ21-CME,2919469,2021-09-20 19:50:05.452000+00:00,14946.5,{'stop_loss_price': 14946.5}
INVALID_RISK_UNIT,risk_unit == 0 or non-finite,NQZ21-CME,3001273,2021-09-21 03:19:12.593001+00:00,15054.25,{'stop_loss_price': 15054.25}
INVALID_RISK_UNIT,risk_unit == 0 or non-finite,NQZ21-CME,3002739,2021-09-21 03:42:26.668000+00:00,15062.0,{'stop_loss_price': 15062.0}
INVALID_RISK_UNIT,risk_unit == 0 or non-finite,NQZ21-CME,3007387,2021-09-21 05:07:02.291000+00:00,15073.0,{'stop_loss_price': 15073.0}
INVALID_RISK_UNIT,risk_unit == 0 or non-finite,NQZ21-CME,3016371,2021-09-21 06:32:16.514000+00:00,15084.0,{'stop_loss_price': 15084.0}
INVALID_RISK_UNIT,risk_unit == 0 or non-finite,NQZ21-CME,3016372,2021-09-21 06:32:16.514001+00:00,15084.0,{'stop_loss_price': 15084.0}
INVALID_RISK_UNIT,risk_unit == 0 or non-finite,NQZ21-CME,3016373,2021-09-21 06:32:16.514002+00:00,15084.0,{'stop_loss_price': 15084.0}
INVALID_RISK_UNIT,risk_unit == 0 or non-finite,NQZ21-CME,3064843,2021-09-21 12:19:13.106000+00:00,15109.5,{'stop_loss_price': 15109.5}
INVALID_RISK_UNIT,risk_unit == 0 or non-finite,NQZ21-CME,3082533,2021-09-21 13:25:51.782000+00:00,15074.25,{'stop_loss_price': 15074.25}
INVALID_RISK_UNIT,risk_unit == 0 or non-finite,NQZ21-CME,3085547,2021-09-21 13:30:05.535000+00:00,15089.0,{'stop_loss_price': 15089.0}
INVALID_RISK_UNIT,risk_unit == 0 or non-finite,NQZ21-CME,3103230,2021-09-21 13:34:11.707000+00:00,15030.0,{'stop_loss_price': 15030.0}
INVALID_RISK_UNIT,risk_unit == 0 or non-finite,NQZ21-CME,3103231,2021-09-21 13:34:11.708000+00:00,15030.0,{'stop_loss_price': 15030.0}
INVALID_RISK_UNIT,risk_unit == 0 or non-finite,NQZ21-CME,3103262,2021-09-21 13:34:12.141000+00:00,15030.0,{'stop_loss_price': 15030.0}
INVALID_RISK_UNIT,risk_unit == 0 or non-finite,NQZ21-CME,3105434,2021-09-21 13:34:51.180000+00:00,15053.25,{'stop_loss_price': 15053.25}
INVALID_RISK_UNIT,risk_unit == 0 or non-finite,NQZ21-CME,3105435,2021-09-21 13:34:51.180001+00:00,15053.25,{'stop_loss_price': 15053.25}
INVALID_RISK_UNIT,risk_unit == 0 or non-finite,NQZ21-CME,3105439,2021-09-21 13:34:51.250000+00:00,15053.25,{'stop_loss_price': 15053.25}
INVALID_RISK_UNIT,risk_unit == 0 or non-finite,NQZ21-CME,3145797,2021-09-21 13:51:29.820000+00:00,15117.5,{'stop_loss_price': 15117.5}
INVALID_RISK_UNIT,risk_unit == 0 or non-finite,NQZ21-CME,3188988,2021-09-21 14:12:26.461000+00:00,15006.0,{'stop_loss_price': 15006.0}
INVALID_RISK_UNIT,risk_unit == 0 or non-finite,NQZ21-CME,3227215,2021-09-21 14:38:06.949000+00:00,15026.5,{'stop_loss_price': 15026.5}
INVALID_RISK_UNIT,risk_unit == 0 or non-finite,NQZ21-CME,3227995,2021-09-21 14:38:41.134000+00:00,15020.0,{'stop_loss_price': 15020.0}
INVALID_RISK_UNIT,risk_unit == 0 or non-finite,NQZ21-CME,3227996,2021-09-21 14:38:41.134001+00:00,15020.0,{'stop_loss_price': 15020.0}
INVALID_RISK_UNIT,risk_unit == 0 or non-finite,NQZ21-CME,3227997,2021-09-21 14:38:41.134002+00:00,15020.0,{'stop_loss_price': 15020.0}
INVALID_RISK_UNIT,risk_unit == 0 or non-finite,NQZ21-CME,3227998,2021-09-21 14:38:41.187000+00:00,15020.0,{'stop_loss_price': 15020.0}
INVALID_RISK_UNIT,risk_unit == 0 or non-finite,NQZ21-CME,3227999,2021-09-21 14:38:41.187001+00:00,15020.0,{'stop_loss_price': 15020.0}
INVALID_RISK_UNIT,risk_unit == 0 or non-finite,NQZ21-CME,3228001,2021-09-21 14:38:41.230000+00:00,15020.0,{'stop_loss_price': 15020.0}
INVALID_RISK_UNIT,risk_unit == 0 or non-finite,NQZ21-CME,3229336,2021-09-21 14:39:32.098003+00:00,15022.25,{'stop_loss_price': 15022.25}
INVALID_RISK_UNIT,risk_unit == 0 or non-finite,NQZ21-CME,3229337,2021-09-21 14:39:32.098004+00:00,15022.25,{'stop_loss_price': 15022.25}
INVALID_RISK_UNIT,risk_unit == 0 or non-finite,NQZ21-CME,3280301,2021-09-21 15:09:58.882000+00:00,15049.0,{'stop_loss_price': 15049.0}
INVALID_RISK_UNIT,risk_unit == 0 or non-finite,NQZ21-CME,3344148,2021-09-21 16:12:54.309000+00:00,15110.25,{'stop_loss_price': 15110.25}
INVALID_RISK_UNIT,risk_unit == 0 or non-finite,NQZ21-CME,3360395,2021-09-21 16:35:14.343000+00:00,15087.25,{'stop_loss_price': 15087.25}
INVALID_RISK_UNIT,risk_unit == 0 or non-finite,NQZ21-CME,3360396,2021-09-21 16:35:14.343001+00:00,15087.25,{'stop_loss_price': 15087.25}
INVALID_RISK_UNIT,risk_unit == 0 or non-finite,NQZ21-CME,3360397,2021-09-21 16:35:14.343002+00:00,15087.25,{'stop_loss_price': 15087.25}
INVALID_RISK_UNIT,risk_unit == 0 or non-finite,NQZ21-CME,3376051,2021-09-21 16:58:52.505005+00:00,15064.75,{'stop_loss_price': 15064.75}
INVALID_RISK_UNIT,risk_unit == 0 or non-finite,NQZ21-CME,3376052,2021-09-21 16:58:52.505006+00:00,15064.75,{'stop_loss_price': 15064.75}
INVALID_RISK_UNIT,risk_unit == 0 or non-finite,NQZ21-CME,3376053,2021-09-21 16:58:52.505007+00:00,15064.75,{'stop_loss_price': 15064.75}
INVALID_RISK_UNIT,risk_unit == 0 or non-finite,NQZ21-CME,3376054,2021-09-21 16:58:52.505008+00:00,15064.75,{'stop_loss_price': 15064.75}
INVALID_RISK_UNIT,risk_unit == 0 or non-finite,NQZ21-CME,3376055,2021-09-21 16:58:52.505009+00:00,15064.75,{'stop_loss_price': 15064.75}
INVALID_RISK_UNIT,risk_unit == 0 or non-finite,NQZ21-CME,3376056,2021-09-21 16:58:52.505010+00:00,15064.75,{'stop_loss_price': 15064.75}
INVALID_RISK_UNIT,risk_unit == 0 or non-finite,NQZ21-CME,3376057,2021-09-21 16:58:52.505011+00:00,15064.75,{'stop_loss_price': 15064.75}
INVALID_RISK_UNIT,risk_unit == 0 or non-finite,NQZ21-CME,3376058,2021-09-21 16:58:52.505012+00:00,15064.75,{'stop_loss_price': 15064.75}
INVALID_RISK_UNIT,risk_unit == 0 or non-finite,NQZ21-CME,3376059,2021-09-21 16:58:52.505013+00:00,15064.75,{'stop_loss_price': 15064.75}
INVALID_RISK_UNIT,risk_unit == 0 or non-finite,NQZ21-CME,3400998,2021-09-21 17:27:57.531000+00:00,15031.25,{'stop_loss_price': 15031.25}
INVALID_RISK_UNIT,risk_unit == 0 or non-finite,NQZ21-CME,3400999,2021-09-21 17:27:57.531001+00:00,15031.25,{'stop_loss_price': 15031.25}
INVALID_RISK_UNIT,risk_unit == 0 or non-finite,NQZ21-CME,3401000,2021-09-21 17:27:57.531002+00:00,15031.25,{'stop_loss_price': 15031.25}
INVALID_RISK_UNIT,risk_unit == 0 or non-finite,NQZ21-CME,3401001,2021-09-21 17:27:57.531003+00:00,15031.25,{'stop_loss_price': 15031.25}
INVALID_RISK_UNIT,risk_unit == 0 or non-finite,NQZ21-CME,3401002,2021-09-21 17:27:57.531004+00:00,15031.25,{'stop_loss_price': 15031.25}
INVALID_RISK_UNIT,risk_unit == 0 or non-finite,NQZ21-CME,3401003,2021-09-21 17:27:57.532000+00:00,15031.25,{'stop_loss_price': 15031.25}
INVALID_RISK_UNIT,risk_unit == 0 or non-finite,NQZ21-CME,3401004,2021-09-21 17:27:57.532001+00:00,15031.25,{'stop_loss_price': 15031.25}
INVALID_RISK_UNIT,risk_unit == 0 or non-finite,NQZ21-CME,3401005,2021-09-21 17:27:57.542000+00:00,15031.25,{'stop_loss_price': 15031.25}
INVALID_RISK_UNIT,risk_unit == 0 or non-finite,NQZ21-CME,3401006,2021-09-21 17:27:57.553000+00:00,15031.25,{'stop_loss_price': 15031.25}
INVALID_RISK_UNIT,risk_unit == 0 or non-finite,NQZ21-CME,3448983,2021-09-21 18:25:03.687000+00:00,15017.5,{'stop_loss_price': 15017.5}
INVALID_RISK_UNIT,risk_unit == 0 or non-finite,NQZ21-CME,3448984,2021-09-21 18:25:03.687001+00:00,15017.5,{'stop_loss_price': 15017.5}
INVALID_RISK_UNIT,risk_unit == 0 or non-finite,NQZ21-CME,3448985,2021-09-21 18:25:03.687002+00:00,15017.5,{'stop_loss_price': 15017.5}
INVALID_RISK_UNIT,risk_unit == 0 or non-finite,NQZ21-CME,3533131,2021-09-21 19:53:14.397000+00:00,15048.5,{'stop_loss_price': 15048.5}
INVALID_RISK_UNIT,risk_unit == 0 or non-finite,NQZ21-CME,3557374,2021-09-21 20:21:39.165000+00:00,14972.25,{'stop_loss_price': 14972.25}
INVALID_RISK_UNIT,risk_unit == 0 or non-finite,NQZ21-CME,3589858,2021-09-22 01:34:26.265000+00:00,15051.75,{'stop_loss_price': 15051.75}
INVALID_RISK_UNIT,risk_unit == 0 or non-finite,NQZ21-CME,3591039,2021-09-22 01:41:01.805000+00:00,15049.5,{'stop_loss_price': 15049.5}
INVALID_RISK_UNIT,risk_unit == 0 or non-finite,NQZ21-CME,3596920,2021-09-22 02:14:28.087000+00:00,15021.0,{'stop_loss_price': 15021.0}
INVALID_RISK_UNIT,risk_unit == 0 or non-finite,NQZ21-CME,3611271,2021-09-22 05:26:35.875000+00:00,15064.5,{'stop_loss_price': 15064.5}
INVALID_RISK_UNIT,risk_unit == 0 or non-finite,NQZ21-CME,3612917,2021-09-22 05:48:41.514000+00:00,15059.5,{'stop_loss_price': 15059.5}
INVALID_RISK_UNIT,risk_unit == 0 or non-finite,NQZ21-CME,3624497,2021-09-22 07:31:31.105000+00:00,15080.0,{'stop_loss_price': 15080.0}
INVALID_RISK_UNIT,risk_unit == 0 or non-finite,NQZ21-CME,3624498,2021-09-22 07:31:31.105001+00:00,15080.0,{'stop_loss_price': 15080.0}
INVALID_RISK_UNIT,risk_unit == 0 or non-finite,NQZ21-CME,3641569,2021-09-22 10:48:52.802000+00:00,15072.0,{'stop_loss_price': 15072.0}
INVALID_RISK_UNIT,risk_unit == 0 or non-finite,NQZ21-CME,3665864,2021-09-22 13:30:10.989000+00:00,15055.25,{'stop_loss_price': 15055.25}
INVALID_RISK_UNIT,risk_unit == 0 or non-finite,NQZ21-CME,3698201,2021-09-22 13:42:26.318000+00:00,15036.75,{'stop_loss_price': 15036.75}
INVALID_RISK_UNIT,risk_unit == 0 or non-finite,NQZ21-CME,3698202,2021-09-22 13:42:26.530000+00:00,15036.75,{'stop_loss_price': 15036.75}
INVALID_RISK_UNIT,risk_unit == 0 or non-finite,NQZ21-CME,3698203,2021-09-22 13:42:26.530001+00:00,15036.75,{'stop_loss_price': 15036.75}
INVALID_RISK_UNIT,risk_unit == 0 or non-finite,NQZ21-CME,3698204,2021-09-22 13:42:26.531000+00:00,15036.75,{'stop_loss_price': 15036.75}
INVALID_RISK_UNIT,risk_unit == 0 or non-finite,NQZ21-CME,3710524,2021-09-22 13:50:12.415000+00:00,15029.5,{'stop_loss_price': 15029.5}
INVALID_RISK_UNIT,risk_unit == 0 or non-finite,NQZ21-CME,3710525,2021-09-22 13:50:12.415001+00:00,15029.5,{'stop_loss_price': 15029.5}
INVALID_RISK_UNIT,risk_unit == 0 or non-finite,NQZ21-CME,3710526,2021-09-22 13:50:12.415002+00:00,15029.5,{'stop_loss_price': 15029.5}
INVALID_RISK_UNIT,risk_unit == 0 or non-finite,NQZ21-CME,3710527,2021-09-22 13:50:12.415003+00:00,15029.5,{'stop_loss_price': 15029.5}
INVALID_RISK_UNIT,risk_unit == 0 or non-finite,NQZ21-CME,3710528,2021-09-22 13:50:12.415004+00:00,15029.5,{'stop_loss_price': 15029.5}
INVALID_RISK_UNIT,risk_unit == 0 or non-finite,NQZ21-CME,3710529,2021-09-22 13:50:12.415005+00:00,15029.5,{'stop_loss_price': 15029.5}
INVALID_RISK_UNIT,risk_unit == 0 or non-finite,NQZ21-CME,3710533,2021-09-22 13:50:12.570000+00:00,15029.5,{'stop_loss_price': 15029.5}
INVALID_RISK_UNIT,risk_unit == 0 or non-finite,NQZ21-CME,3723918,2021-09-22 13:59:25.049000+00:00,15065.75,{'stop_loss_price': 15065.75}
INVALID_RISK_UNIT,risk_unit == 0 or non-finite,NQZ21-CME,3723919,2021-09-22 13:59:25.059000+00:00,15065.75,{'stop_loss_price': 15065.75}
INVALID_RISK_UNIT,risk_unit == 0 or non-finite,NQZ21-CME,3732403,2021-09-22 14:03:00.738000+00:00,15094.5,{'stop_loss_price': 15094.5}
INVALID_RISK_UNIT,risk_unit == 0 or non-finite,NQZ21-CME,3778717,2021-09-22 14:40:51.630000+00:00,15124.75,{'stop_loss_price': 15124.75}
INVALID_RISK_UNIT,risk_unit == 0 or non-finite,NQZ21-CME,3847714,2021-09-22 15:58:48.501000+00:00,15179.25,{'stop_loss_price': 15179.25}
INVALID_RISK_UNIT,risk_unit == 0 or non-finite,NQZ21-CME,3847715,2021-09-22 15:58:48.509000+00:00,15179.25,{'stop_loss_price': 15179.25}
INVALID_RISK_UNIT,risk_unit == 0 or non-finite,NQZ21-CME,3852746,2021-09-22 16:04:38.775000+00:00,15170.25,{'stop_loss_price': 15170.25}
INVALID_RISK_UNIT,risk_unit == 0 or non-finite,NQZ21-CME,3856570,2021-09-22 16:08:59.772000+00:00,15161.5,{'stop_loss_price': 15161.5}
INVALID_RISK_UNIT,risk_unit == 0 or non-finite,NQZ21-CME,3867997,2021-09-22 16:30:01.050000+00:00,15172.25,{'stop_loss_price': 15172.25}
INVALID_RISK_UNIT,risk_unit == 0 or non-finite,NQZ21-CME,3867998,2021-09-22 16:30:01.051000+00:00,15172.25,{'stop_loss_price': 15172.25}
INVALID_RISK_UNIT,risk_unit == 0 or non-finite,NQZ21-CME,3867999,2021-09-22 16:30:01.051001+00:00,15172.25,{'stop_loss_price': 15172.25}
INVALID_RISK_UNIT,risk_unit == 0 or non-finite,NQZ21-CME,3894483,2021-09-22 17:21:44.104000+00:00,15136.0,{'stop_loss_price': 15136.0}
INVALID_RISK_UNIT,risk_unit == 0 or non-finite,NQZ21-CME,3894484,2021-09-22 17:21:44.115000+00:00,15136.0,{'stop_loss_price': 15136.0}
INVALID_RISK_UNIT,risk_unit == 0 or non-finite,NQZ21-CME,3957562,2021-09-22 18:22:38.224000+00:00,15188.0,{'stop_loss_price': 15188.0}
INVALID_RISK_UNIT,risk_unit == 0 or non-finite,NQZ21-CME,3959692,2021-09-22 18:23:22.648000+00:00,15180.75,{'stop_loss_price': 15180.75}
INVALID_RISK_UNIT,risk_unit == 0 or non-finite,NQZ21-CME,3984341,2021-09-22 18:40:17.250000+00:00,15147.0,{'stop_loss_price': 15147.0}
INVALID_RISK_UNIT,risk_unit == 0 or non-finite,NQZ21-CME,4012471,2021-09-22 18:57:27.001000+00:00,15117.5,{'stop_loss_price': 15117.5}
INVALID_RISK_UNIT,risk_unit == 0 or non-finite,NQZ21-CME,4064665,2021-09-22 19:43:38.373000+00:00,15183.25,{'stop_loss_price': 15183.25}
INVALID_RISK_UNIT,risk_unit == 0 or non-finite,NQZ21-CME,4064666,2021-09-22 19:43:38.373001+00:00,15183.25,{'stop_loss_price': 15183.25}
INVALID_RISK_UNIT,risk_unit == 0 or non-finite,NQZ21-CME,4064667,2021-09-22 19:43:38.373002+00:00,15183.25,{'stop_loss_price': 15183.25}
INVALID_RISK_UNIT,risk_unit == 0 or non-finite,NQZ21-CME,4072265,2021-09-22 19:50:27.953001+00:00,15159.0,{'stop_loss_price': 15159.0}
INVALID_RISK_UNIT,risk_unit == 0 or non-finite,NQZ21-CME,4072266,2021-09-22 19:50:27.953002+00:00,15159.0,{'stop_loss_price': 15159.0}
INVALID_RISK_UNIT,risk_unit == 0 or non-finite,NQZ21-CME,4072267,2021-09-22 19:50:28.016000+00:00,15159.0,{'stop_loss_price': 15159.0}
INVALID_RISK_UNIT,risk_unit == 0 or non-finite,NQZ21-CME,4072268,2021-09-22 19:50:28.016001+00:00,15159.0,{'stop_loss_price': 15159.0}
INVALID_RISK_UNIT,risk_unit == 0 or non-finite,NQZ21-CME,4072269,2021-09-22 19:50:28.219000+00:00,15159.0,{'stop_loss_price': 15159.0}
INVALID_RISK_UNIT,risk_unit == 0 or non-finite,NQZ21-CME,4072271,2021-09-22 19:50:28.394000+00:00,15159.0,{'stop_loss_price': 15159.0}
INVALID_RISK_UNIT,risk_unit == 0 or non-finite,NQZ21-CME,4073720,2021-09-22 19:51:06.970001+00:00,15172.0,{'stop_loss_price': 15172.0}
INVALID_RISK_UNIT,risk_unit == 0 or non-finite,NQZ21-CME,4073721,2021-09-22 19:51:06.970002+00:00,15172.0,{'stop_loss_price': 15172.0}
INVALID_RISK_UNIT,risk_unit == 0 or non-finite,NQZ21-CME,4073722,2021-09-22 19:51:06.970003+00:00,15172.0,{'stop_loss_price': 15172.0}
INVALID_RISK_UNIT,risk_unit == 0 or non-finite,NQZ21-CME,4073723,2021-09-22 19:51:06.970004+00:00,15172.0,{'stop_loss_price': 15172.0}
INVALID_RISK_UNIT,risk_unit == 0 or non-finite,NQZ21-CME,4094803,2021-09-22 20:10:30.145000+00:00,15164.25,{'stop_loss_price': 15164.25}
INVALID_RISK_UNIT,risk_unit == 0 or non-finite,NQZ21-CME,4110917,2021-09-23 01:37:04.095000+00:00,15213.5,{'stop_loss_price': 15213.5}
INVALID_RISK_UNIT,risk_unit == 0 or non-finite,NQZ21-CME,4128507,2021-09-23 06:53:57.876000+00:00,15214.75,{'stop_loss_price': 15214.75}
INVALID_RISK_UNIT,risk_unit == 0 or non-finite,NQZ21-CME,4128508,2021-09-23 06:53:58.094000+00:00,15214.75,{'stop_loss_price': 15214.75}
INVALID_RISK_UNIT,risk_unit == 0 or non-finite,NQZ21-CME,4128509,2021-09-23 06:53:58.094001+00:00,15214.75,{'stop_loss_price': 15214.75}
INVALID_RISK_UNIT,risk_unit == 0 or non-finite,NQZ21-CME,4128510,2021-09-23 06:53:58.094002+00:00,15214.75,{'stop_loss_price': 15214.75}
INVALID_RISK_UNIT,risk_unit == 0 or non-finite,NQZ21-CME,4139414,2021-09-23 07:52:39.309002+00:00,15255.0,{'stop_loss_price': 15255.0}
INVALID_RISK_UNIT,risk_unit == 0 or non-finite,NQZ21-CME,4139415,2021-09-23 07:52:39.309003+00:00,15255.0,{'stop_loss_price': 15255.0}
INVALID_RISK_UNIT,risk_unit == 0 or non-finite,NQZ21-CME,4139416,2021-09-23 07:52:39.860000+00:00,15255.0,{'stop_loss_price': 15255.0}
INVALID_RISK_UNIT,risk_unit == 0 or non-finite,NQZ21-CME,4139417,2021-09-23 07:52:39.860001+00:00,15255.0,{'stop_loss_price': 15255.0}
INVALID_RISK_UNIT,risk_unit == 0 or non-finite,NQZ21-CME,4139418,2021-09-23 07:52:39.860002+00:00,15255.0,{'stop_loss_price': 15255.0}
INVALID_RISK_UNIT,risk_unit == 0 or non-finite,NQZ21-CME,4139419,2021-09-23 07:52:39.861000+00:00,15255.0,{'stop_loss_price': 15255.0}
INVALID_RISK_UNIT,risk_unit == 0 or non-finite,NQZ21-CME,4173979,2021-09-23 11:23:29.413000+00:00,15252.5,{'stop_loss_price': 15252.5}
INVALID_RISK_UNIT,risk_unit == 0 or non-finite,NQZ21-CME,4173980,2021-09-23 11:23:29.413001+00:00,15252.5,{'stop_loss_price': 15252.5}
INVALID_RISK_UNIT,risk_unit == 0 or non-finite,NQZ21-CME,4177804,2021-09-23 11:58:12.088000+00:00,15231.5,{'stop_loss_price': 15231.5}
INVALID_RISK_UNIT,risk_unit == 0 or non-finite,NQZ21-CME,4192019,2021-09-23 12:59:48.757000+00:00,15208.75,{'stop_loss_price': 15208.75}
INVALID_RISK_UNIT,risk_unit == 0 or non-finite,NQZ21-CME,4201277,2021-09-23 13:14:53.443000+00:00,15190.25,{'stop_loss_price': 15190.25}
INVALID_RISK_UNIT,risk_unit == 0 or non-finite,NQZ21-CME,4201278,2021-09-23 13:14:53.443001+00:00,15190.25,{'stop_loss_price': 15190.25}
INVALID_RISK_UNIT,risk_unit == 0 or non-finite,NQZ21-CME,4201279,2021-09-23 13:14:53.444000+00:00,15190.25,{'stop_loss_price': 15190.25}
INVALID_RISK_UNIT,risk_unit == 0 or non-finite,NQZ21-CME,4225344,2021-09-23 13:33:56.625000+00:00,15204.0,{'stop_loss_price': 15204.0}
INVALID_RISK_UNIT,risk_unit == 0 or non-finite,NQZ21-CME,4228509,2021-09-23 13:34:42.631000+00:00,15197.25,{'stop_loss_price': 15197.25}
INVALID_RISK_UNIT,risk_unit == 0 or non-finite,NQZ21-CME,4371027,2021-09-23 15:15:59.632000+00:00,15295.25,{'stop_loss_price': 15295.25}
INVALID_RISK_UNIT,risk_unit == 0 or non-finite,NQZ21-CME,4371028,2021-09-23 15:15:59.632001+00:00,15295.25,{'stop_loss_price': 15295.25}
INVALID_RISK_UNIT,risk_unit == 0 or non-finite,NQZ21-CME,4371029,2021-09-23 15:15:59.632002+00:00,15295.25,{'stop_loss_price': 15295.25}
INVALID_RISK_UNIT,risk_unit == 0 or non-finite,NQZ21-CME,4371030,2021-09-23 15:15:59.632003+00:00,15295.25,{'stop_loss_price': 15295.25}
INVALID_RISK_UNIT,risk_unit == 0 or non-finite,NQZ21-CME,4421508,2021-09-23 16:16:31.832000+00:00,15287.5,{'stop_loss_price': 15287.5}
INVALID_RISK_UNIT,risk_unit == 0 or non-finite,NQZ21-CME,4421509,2021-09-23 16:16:31.832001+00:00,15287.5,{'stop_loss_price': 15287.5}
INVALID_RISK_UNIT,risk_unit == 0 or non-finite,NQZ21-CME,4421510,2021-09-23 16:16:31.832002+00:00,15287.5,{'stop_loss_price': 15287.5}
INVALID_RISK_UNIT,risk_unit == 0 or non-finite,NQZ21-CME,4421511,2021-09-23 16:16:31.832003+00:00,15287.5,{'stop_loss_price': 15287.5}
INVALID_RISK_UNIT,risk_unit == 0 or non-finite,NQZ21-CME,4421512,2021-09-23 16:16:31.832004+00:00,15287.5,{'stop_loss_price': 15287.5}
INVALID_RISK_UNIT,risk_unit == 0 or non-finite,NQZ21-CME,4421513,2021-09-23 16:16:31.834000+00:00,15287.5,{'stop_loss_price': 15287.5}
INVALID_RISK_UNIT,risk_unit == 0 or non-finite,NQZ21-CME,4421520,2021-09-23 16:16:32.443000+00:00,15287.5,{'stop_loss_price': 15287.5}
INVALID_RISK_UNIT,risk_unit == 0 or non-finite,NQZ21-CME,4461633,2021-09-23 17:33:08.948000+00:00,15339.5,{'stop_loss_price': 15339.5}
INVALID_RISK_UNIT,risk_unit == 0 or non-finite,NQZ21-CME,4461634,2021-09-23 17:33:08.994000+00:00,15339.5,{'stop_loss_price': 15339.5}
INVALID_RISK_UNIT,risk_unit == 0 or non-finite,NQZ21-CME,4461635,2021-09-23 17:33:08.995000+00:00,15339.5,{'stop_loss_price': 15339.5}
INVALID_RISK_UNIT,risk_unit == 0 or non-finite,NQZ21-CME,4461636,2021-09-23 17:33:08.995001+00:00,15339.5,{'stop_loss_price': 15339.5}
INVALID_RISK_UNIT,risk_unit == 0 or non-finite,NQZ21-CME,4461637,2021-09-23 17:33:08.995002+00:00,15339.5,{'stop_loss_price': 15339.5}
INVALID_RISK_UNIT,risk_unit == 0 or non-finite,NQZ21-CME,4461638,2021-09-23 17:33:08.995003+00:00,15339.5,{'stop_loss_price': 15339.5}
INVALID_RISK_UNIT,risk_unit == 0 or non-finite,NQZ21-CME,4461639,2021-09-23 17:33:08.996000+00:00,15339.5,{'stop_loss_price': 15339.5}
INVALID_RISK_UNIT,risk_unit == 0 or non-finite,NQZ21-CME,4531654,2021-09-23 19:55:29.080000+00:00,15306.0,{'stop_loss_price': 15306.0}
INVALID_RISK_UNIT,risk_unit == 0 or non-finite,NQZ21-CME,4531655,2021-09-23 19:55:29.080001+00:00,15306.0,{'stop_loss_price': 15306.0}
INVALID_RISK_UNIT,risk_unit == 0 or non-finite,NQZ21-CME,4531656,2021-09-23 19:55:29.081000+00:00,15306.0,{'stop_loss_price': 15306.0}
INVALID_RISK_UNIT,risk_unit == 0 or non-finite,NQZ21-CME,4531657,2021-09-23 19:55:29.123000+00:00,15306.0,{'stop_loss_price': 15306.0}
INVALID_RISK_UNIT,risk_unit == 0 or non-finite,NQZ21-CME,4531658,2021-09-23 19:55:29.132000+00:00,15306.0,{'stop_loss_price': 15306.0}
INVALID_RISK_UNIT,risk_unit == 0 or non-finite,NQZ21-CME,4585027,2021-09-24 07:06:40.848000+00:00,15228.75,{'stop_loss_price': 15228.75}
INVALID_RISK_UNIT,risk_unit == 0 or non-finite,NQZ21-CME,4585175,2021-09-24 07:07:11.113000+00:00,15232.5,{'stop_loss_price': 15232.5}
INVALID_RISK_UNIT,risk_unit == 0 or non-finite,NQZ21-CME,4589659,2021-09-24 07:31:18.483000+00:00,15222.75,{'stop_loss_price': 15222.75}
INVALID_RISK_UNIT,risk_unit == 0 or non-finite,NQZ21-CME,4652145,2021-09-24 13:30:59.939000+00:00,15197.5,{'stop_loss_price': 15197.5}
INVALID_RISK_UNIT,risk_unit == 0 or non-finite,NQZ21-CME,4652146,2021-09-24 13:30:59.952000+00:00,15197.5,{'stop_loss_price': 15197.5}
INVALID_RISK_UNIT,risk_unit == 0 or non-finite,NQZ21-CME,4652147,2021-09-24 13:31:00.004000+00:00,15197.5,{'stop_loss_price': 15197.5}
INVALID_RISK_UNIT,risk_unit == 0 or non-finite,NQZ21-CME,4652541,2021-09-24 13:31:02.612000+00:00,15205.75,{'stop_loss_price': 15205.75}
INVALID_RISK_UNIT,risk_unit == 0 or non-finite,NQZ21-CME,4652542,2021-09-24 13:31:02.636000+00:00,15205.75,{'stop_loss_price': 15205.75}
INVALID_RISK_UNIT,risk_unit == 0 or non-finite,NQZ21-CME,4654283,2021-09-24 13:31:27.386000+00:00,15209.5,{'stop_loss_price': 15209.5}
INVALID_RISK_UNIT,risk_unit == 0 or non-finite,NQZ21-CME,4672726,2021-09-24 13:36:43.666002+00:00,15218.75,{'stop_loss_price': 15218.75}
INVALID_RISK_UNIT,risk_unit == 0 or non-finite,NQZ21-CME,4672727,2021-09-24 13:36:43.666003+00:00,15218.75,{'stop_loss_price': 15218.75}
INVALID_RISK_UNIT,risk_unit == 0 or non-finite,NQZ21-CME,4672728,2021-09-24 13:36:43.666004+00:00,15218.75,{'stop_loss_price': 15218.75}
INVALID_RISK_UNIT,risk_unit == 0 or non-finite,NQZ21-CME,4672729,2021-09-24 13:36:43.666005+00:00,15218.75,{'stop_loss_price': 15218.75}
INVALID_RISK_UNIT,risk_unit == 0 or non-finite,NQZ21-CME,4672730,2021-09-24 13:36:43.666006+00:00,15218.75,{'stop_loss_price': 15218.75}
INVALID_RISK_UNIT,risk_unit == 0 or non-finite,NQZ21-CME,4672731,2021-09-24 13:36:43.666007+00:00,15218.75,{'stop_loss_price': 15218.75}
INVALID_RISK_UNIT,risk_unit == 0 or non-finite,NQZ21-CME,4672732,2021-09-24 13:36:43.666008+00:00,15218.75,{'stop_loss_price': 15218.75}
INVALID_RISK_UNIT,risk_unit == 0 or non-finite,NQZ21-CME,4678136,2021-09-24 13:38:10.463000+00:00,15234.5,{'stop_loss_price': 15234.5}
INVALID_RISK_UNIT,risk_unit == 0 or non-finite,NQZ21-CME,4700383,2021-09-24 13:50:05.086000+00:00,15206.0,{'stop_loss_price': 15206.0}
INVALID_RISK_UNIT,risk_unit == 0 or non-finite,NQZ21-CME,4700384,2021-09-24 13:50:05.086001+00:00,15206.0,{'stop_loss_price': 15206.0}
INVALID_RISK_UNIT,risk_unit == 0 or non-finite,NQZ21-CME,4706661,2021-09-24 13:53:54.987000+00:00,15211.25,{'stop_loss_price': 15211.25}
INVALID_RISK_UNIT,risk_unit == 0 or non-finite,NQZ21-CME,4732900,2021-09-24 14:10:08.715000+00:00,15240.5,{'stop_loss_price': 15240.5}
INVALID_RISK_UNIT,risk_unit == 0 or non-finite,NQZ21-CME,4732901,2021-09-24 14:10:08.715001+00:00,15240.5,{'stop_loss_price': 15240.5}
INVALID_RISK_UNIT,risk_unit == 0 or non-finite,NQZ21-CME,4774810,2021-09-24 14:44:44.088000+00:00,15235.25,{'stop_loss_price': 15235.25}
INVALID_RISK_UNIT,risk_unit == 0 or non-finite,NQZ21-CME,4774811,2021-09-24 14:44:44.120000+00:00,15235.25,{'stop_loss_price': 15235.25}
INVALID_RISK_UNIT,risk_unit == 0 or non-finite,NQZ21-CME,4785869,2021-09-24 14:51:40.694000+00:00,15222.0,{'stop_loss_price': 15222.0}
INVALID_RISK_UNIT,risk_unit == 0 or non-finite,NQZ21-CME,4785870,2021-09-24 14:51:40.694001+00:00,15222.0,{'stop_loss_price': 15222.0}
INVALID_RISK_UNIT,risk_unit == 0 or non-finite,NQZ21-CME,4785871,2021-09-24 14:51:40.883000+00:00,15222.0,{'stop_loss_price': 15222.0}
INVALID_RISK_UNIT,risk_unit == 0 or non-finite,NQZ21-CME,4785873,2021-09-24 14:51:41.108000+00:00,15222.0,{'stop_loss_price': 15222.0}
INVALID_RISK_UNIT,risk_unit == 0 or non-finite,NQZ21-CME,4835278,2021-09-24 15:54:02.503000+00:00,15255.75,{'stop_loss_price': 15255.75}
INVALID_RISK_UNIT,risk_unit == 0 or non-finite,NQZ21-CME,4835279,2021-09-24 15:54:02.503001+00:00,15255.75,{'stop_loss_price': 15255.75}
INVALID_RISK_UNIT,risk_unit == 0 or non-finite,NQZ21-CME,4873351,2021-09-24 17:04:56.236000+00:00,15280.5,{'stop_loss_price': 15280.5}
INVALID_RISK_UNIT,risk_unit == 0 or non-finite,NQZ21-CME,4880105,2021-09-24 17:20:46.204000+00:00,15285.0,{'stop_loss_price': 15285.0}
INVALID_RISK_UNIT,risk_unit == 0 or non-finite,NQZ21-CME,4890075,2021-09-24 17:45:38.560000+00:00,15279.5,{'stop_loss_price': 15279.5}
INVALID_RISK_UNIT,risk_unit == 0 or non-finite,NQZ21-CME,4890076,2021-09-24 17:45:38.560001+00:00,15279.5,{'stop_loss_price': 15279.5}
INVALID_RISK_UNIT,risk_unit == 0 or non-finite,NQZ21-CME,4890083,2021-09-24 17:45:39.551000+00:00,15279.5,{'stop_loss_price': 15279.5}
INVALID_RISK_UNIT,risk_unit == 0 or non-finite,NQZ21-CME,4904496,2021-09-24 18:22:04.194000+00:00,15270.5,{'stop_loss_price': 15270.5}
INVALID_RISK_UNIT,risk_unit == 0 or non-finite,NQZ21-CME,4906170,2021-09-24 18:28:26.432000+00:00,15269.5,{'stop_loss_price': 15269.5}
INVALID_RISK_UNIT,risk_unit == 0 or non-finite,NQZ21-CME,4906171,2021-09-24 18:28:26.441000+00:00,15269.5,{'stop_loss_price': 15269.5}
INVALID_RISK_UNIT,risk_unit == 0 or non-finite,NQZ21-CME,4988325,2021-09-27 02:43:10.963000+00:00,15386.25,{'stop_loss_price': 15386.25}
INVALID_RISK_UNIT,risk_unit == 0 or non-finite,NQZ21-CME,4988326,2021-09-27 02:43:14.884000+00:00,15386.25,{'stop_loss_price': 15386.25}
INVALID_RISK_UNIT,risk_unit == 0 or non-finite,NQZ21-CME,4988327,2021-09-27 02:43:15.337000+00:00,15386.25,{'stop_loss_price': 15386.25}
INVALID_RISK_UNIT,risk_unit == 0 or non-finite,NQZ21-CME,4988328,2021-09-27 02:43:15.337001+00:00,15386.25,{'stop_loss_price': 15386.25}
INVALID_RISK_UNIT,risk_unit == 0 or non-finite,NQZ21-CME,4993958,2021-09-27 05:26:38.749000+00:00,15372.0,{'stop_loss_price': 15372.0}
INVALID_RISK_UNIT,risk_unit == 0 or non-finite,NQZ21-CME,5046885,2021-09-27 12:13:26.841000+00:00,15212.0,{'stop_loss_price': 15212.0}
INVALID_RISK_UNIT,risk_unit == 0 or non-finite,NQZ21-CME,5166380,2021-09-27 13:55:54.319000+00:00,15098.0,{'stop_loss_price': 15098.0}
INVALID_RISK_UNIT,risk_unit == 0 or non-finite,NQZ21-CME,5180690,2021-09-27 14:04:23.158000+00:00,15114.25,{'stop_loss_price': 15114.25}
INVALID_RISK_UNIT,risk_unit == 0 or non-finite,NQZ21-CME,5185660,2021-09-27 14:07:04.386000+00:00,15138.5,{'stop_loss_price': 15138.5}
INVALID_RISK_UNIT,risk_unit == 0 or non-finite,NQZ21-CME,5185661,2021-09-27 14:07:04.387000+00:00,15138.5,{'stop_loss_price': 15138.5}
INVALID_RISK_UNIT,risk_unit == 0 or non-finite,NQZ21-CME,5185662,2021-09-27 14:07:04.387001+00:00,15138.5,{'stop_loss_price': 15138.5}
INVALID_RISK_UNIT,risk_unit == 0 or non-finite,NQZ21-CME,5185663,2021-09-27 14:07:04.387002+00:00,15138.5,{'stop_loss_price': 15138.5}
INVALID_RISK_UNIT,risk_unit == 0 or non-finite,NQZ21-CME,5185664,2021-09-27 14:07:04.387003+00:00,15138.5,{'stop_loss_price': 15138.5}
INVALID_RISK_UNIT,risk_unit == 0 or non-finite,NQZ21-CME,5186958,2021-09-27 14:07:17.450000+00:00,15154.25,{'stop_loss_price': 15154.25}
INVALID_RISK_UNIT,risk_unit == 0 or non-finite,NQZ21-CME,5250785,2021-09-27 15:06:19.027000+00:00,15213.75,{'stop_loss_price': 15213.75}
INVALID_RISK_UNIT,risk_unit == 0 or non-finite,NQZ21-CME,5250786,2021-09-27 15:06:19.342000+00:00,15213.75,{'stop_loss_price': 15213.75}
INVALID_RISK_UNIT,risk_unit == 0 or non-finite,NQZ21-CME,5261554,2021-09-27 15:15:22.312000+00:00,15191.0,{'stop_loss_price': 15191.0}
INVALID_RISK_UNIT,risk_unit == 0 or non-finite,NQZ21-CME,5261555,2021-09-27 15:15:22.312001+00:00,15191.0,{'stop_loss_price': 15191.0}
INVALID_RISK_UNIT,risk_unit == 0 or non-finite,NQZ21-CME,5261556,2021-09-27 15:15:22.312002+00:00,15191.0,{'stop_loss_price': 15191.0}
INVALID_RISK_UNIT,risk_unit == 0 or non-finite,NQZ21-CME,5261557,2021-09-27 15:15:22.316000+00:00,15191.0,{'stop_loss_price': 15191.0}
INVALID_RISK_UNIT,risk_unit == 0 or non-finite,NQZ21-CME,5261558,2021-09-27 15:15:22.669000+00:00,15191.0,{'stop_loss_price': 15191.0}
INVALID_RISK_UNIT,risk_unit == 0 or non-finite,NQZ21-CME,5261559,2021-09-27 15:15:22.669001+00:00,15191.0,{'stop_loss_price': 15191.0}
INVALID_RISK_UNIT,risk_unit == 0 or non-finite,NQZ21-CME,5271334,2021-09-27 15:27:04.385000+00:00,15165.75,{'stop_loss_price': 15165.75}
INVALID_RISK_UNIT,risk_unit == 0 or non-finite,NQZ21-CME,5274649,2021-09-27 15:29:25.725000+00:00,15165.5,{'stop_loss_price': 15165.5}
INVALID_RISK_UNIT,risk_unit == 0 or non-finite,NQZ21-CME,5291023,2021-09-27 15:45:06.131000+00:00,15142.75,{'stop_loss_price': 15142.75}
INVALID_RISK_UNIT,risk_unit == 0 or non-finite,NQZ21-CME,5296406,2021-09-27 15:49:17.199002+00:00,15140.0,{'stop_loss_price': 15140.0}
INVALID_RISK_UNIT,risk_unit == 0 or non-finite,NQZ21-CME,5296407,2021-09-27 15:49:17.200000+00:00,15140.0,{'stop_loss_price': 15140.0}
INVALID_RISK_UNIT,risk_unit == 0 or non-finite,NQZ21-CME,5296408,2021-09-27 15:49:17.200001+00:00,15140.0,{'stop_loss_price': 15140.0}
INVALID_RISK_UNIT,risk_unit == 0 or non-finite,NQZ21-CME,5305762,2021-09-27 16:01:38.088000+00:00,15132.75,{'stop_loss_price': 15132.75}
INVALID_RISK_UNIT,risk_unit == 0 or non-finite,NQZ21-CME,5305763,2021-09-27 16:01:38.130000+00:00,15132.75,{'stop_loss_price': 15132.75}
INVALID_RISK_UNIT,risk_unit == 0 or non-finite,NQZ21-CME,5386124,2021-09-27 18:32:58.541000+00:00,15206.0,{'stop_loss_price': 15206.0}
INVALID_RISK_UNIT,risk_unit == 0 or non-finite,NQZ21-CME,5386125,2021-09-27 18:32:58.541001+00:00,15206.0,{'stop_loss_price': 15206.0}
INVALID_RISK_UNIT,risk_unit == 0 or non-finite,NQZ21-CME,5386126,2021-09-27 18:32:58.541002+00:00,15206.0,{'stop_loss_price': 15206.0}
INVALID_RISK_UNIT,risk_unit == 0 or non-finite,NQZ21-CME,5386127,2021-09-27 18:32:58.541003+00:00,15206.0,{'stop_loss_price': 15206.0}
INVALID_RISK_UNIT,risk_unit == 0 or non-finite,NQZ21-CME,5386128,2021-09-27 18:32:58.541004+00:00,15206.0,{'stop_loss_price': 15206.0}
INVALID_RISK_UNIT,risk_unit == 0 or non-finite,NQZ21-CME,5386129,2021-09-27 18:32:58.541005+00:00,15206.0,{'stop_loss_price': 15206.0}
INVALID_RISK_UNIT,risk_unit == 0 or non-finite,NQZ21-CME,5394631,2021-09-27 18:51:58.125000+00:00,15205.5,{'stop_loss_price': 15205.5}
INVALID_RISK_UNIT,risk_unit == 0 or non-finite,NQZ21-CME,5394632,2021-09-27 18:51:58.125001+00:00,15205.5,{'stop_loss_price': 15205.5}
INVALID_RISK_UNIT,risk_unit == 0 or non-finite,NQZ21-CME,5394633,2021-09-27 18:51:58.125002+00:00,15205.5,{'stop_loss_price': 15205.5}
INVALID_RISK_UNIT,risk_unit == 0 or non-finite,NQZ21-CME,5394634,2021-09-27 18:51:58.127000+00:00,15205.5,{'stop_loss_price': 15205.5}
INVALID_RISK_UNIT,risk_unit == 0 or non-finite,NQZ21-CME,5394635,2021-09-27 18:51:58.127001+00:00,15205.5,{'stop_loss_price': 15205.5}
INVALID_RISK_UNIT,risk_unit == 0 or non-finite,NQZ21-CME,5418943,2021-09-27 19:38:38.555000+00:00,15213.25,{'stop_loss_price': 15213.25}
INVALID_RISK_UNIT,risk_unit == 0 or non-finite,NQZ21-CME,5418944,2021-09-27 19:38:38.555001+00:00,15213.25,{'stop_loss_price': 15213.25}
INVALID_RISK_UNIT,risk_unit == 0 or non-finite,NQZ21-CME,5418948,2021-09-27 19:38:38.862000+00:00,15213.25,{'stop_loss_price': 15213.25}
INVALID_RISK_UNIT,risk_unit == 0 or non-finite,NQZ21-CME,5418949,2021-09-27 19:38:38.863000+00:00,15213.25,{'stop_loss_price': 15213.25}
INVALID_RISK_UNIT,risk_unit == 0 or non-finite,NQZ21-CME,5418950,2021-09-27 19:38:39.452000+00:00,15213.25,{'stop_loss_price': 15213.25}
INVALID_RISK_UNIT,risk_unit == 0 or non-finite,NQZ21-CME,5418951,2021-09-27 19:38:39.452001+00:00,15213.25,{'stop_loss_price': 15213.25}
INVALID_RISK_UNIT,risk_unit == 0 or non-finite,NQZ21-CME,5418952,2021-09-27 19:38:39.452002+00:00,15213.25,{'stop_loss_price': 15213.25}
INVALID_RISK_UNIT,risk_unit == 0 or non-finite,NQZ21-CME,5472110,2021-09-28 03:47:57.287000+00:00,15169.75,{'stop_loss_price': 15169.75}
INVALID_RISK_UNIT,risk_unit == 0 or non-finite,NQZ21-CME,5481166,2021-09-28 05:58:07.991006+00:00,15188.5,{'stop_loss_price': 15188.5}
INVALID_RISK_UNIT,risk_unit == 0 or non-finite,NQZ21-CME,5481167,2021-09-28 05:58:07.991007+00:00,15188.5,{'stop_loss_price': 15188.5}
INVALID_RISK_UNIT,risk_unit == 0 or non-finite,NQZ21-CME,5481168,2021-09-28 05:58:07.991008+00:00,15188.5,{'stop_loss_price': 15188.5}
INVALID_RISK_UNIT,risk_unit == 0 or non-finite,NQZ21-CME,5481169,2021-09-28 05:58:07.991009+00:00,15188.5,{'stop_loss_price': 15188.5}
INVALID_RISK_UNIT,risk_unit == 0 or non-finite,NQZ21-CME,5481170,2021-09-28 05:58:07.991010+00:00,15188.5,{'stop_loss_price': 15188.5}
INVALID_RISK_UNIT,risk_unit == 0 or non-finite,NQZ21-CME,5481171,2021-09-28 05:58:10.418000+00:00,15188.5,{'stop_loss_price': 15188.5}
INVALID_RISK_UNIT,risk_unit == 0 or non-finite,NQZ21-CME,5481175,2021-09-28 05:58:14.253001+00:00,15188.5,{'stop_loss_price': 15188.5}
INVALID_RISK_UNIT,risk_unit == 0 or non-finite,NQZ21-CME,5481176,2021-09-28 05:58:18.759000+00:00,15188.5,{'stop_loss_price': 15188.5}
INVALID_RISK_UNIT,risk_unit == 0 or non-finite,NQZ21-CME,5496127,2021-09-28 06:59:52.753000+00:00,15069.5,{'stop_loss_price': 15069.5}
INVALID_RISK_UNIT,risk_unit == 0 or non-finite,NQZ21-CME,5496128,2021-09-28 06:59:52.753001+00:00,15069.5,{'stop_loss_price': 15069.5}
INVALID_RISK_UNIT,risk_unit == 0 or non-finite,NQZ21-CME,5496129,2021-09-28 06:59:52.753002+00:00,15069.5,{'stop_loss_price': 15069.5}
INVALID_RISK_UNIT,risk_unit == 0 or non-finite,NQZ21-CME,5496130,2021-09-28 06:59:52.753003+00:00,15069.5,{'stop_loss_price': 15069.5}
INVALID_RISK_UNIT,risk_unit == 0 or non-finite,NQZ21-CME,5535370,2021-09-28 09:09:01.283000+00:00,15002.0,{'stop_loss_price': 15002.0}
INVALID_RISK_UNIT,risk_unit == 0 or non-finite,NQZ21-CME,5563161,2021-09-28 11:07:19.871000+00:00,14973.25,{'stop_loss_price': 14973.25}
INVALID_RISK_UNIT,risk_unit == 0 or non-finite,NQZ21-CME,5580698,2021-09-28 12:09:37.439000+00:00,14972.25,{'stop_loss_price': 14972.25}
INVALID_RISK_UNIT,risk_unit == 0 or non-finite,NQZ21-CME,5596807,2021-09-28 13:11:00.256000+00:00,14983.75,{'stop_loss_price': 14983.75}
INVALID_RISK_UNIT,risk_unit == 0 or non-finite,NQZ21-CME,5686133,2021-09-28 13:59:44.275000+00:00,14955.25,{'stop_loss_price': 14955.25}
INVALID_RISK_UNIT,risk_unit == 0 or non-finite,NQZ21-CME,5686134,2021-09-28 13:59:44.275001+00:00,14955.25,{'stop_loss_price': 14955.25}
INVALID_RISK_UNIT,risk_unit == 0 or non-finite,NQZ21-CME,5688503,2021-09-28 14:00:20.932000+00:00,14929.25,{'stop_loss_price': 14929.25}
INVALID_RISK_UNIT,risk_unit == 0 or non-finite,NQZ21-CME,5688504,2021-09-28 14:00:20.932001+00:00,14929.25,{'stop_loss_price': 14929.25}
INVALID_RISK_UNIT,risk_unit == 0 or non-finite,NQZ21-CME,5736962,2021-09-28 14:21:30.079000+00:00,14836.75,{'stop_loss_price': 14836.75}
INVALID_RISK_UNIT,risk_unit == 0 or non-finite,NQZ21-CME,5736963,2021-09-28 14:21:30.079001+00:00,14836.75,{'stop_loss_price': 14836.75}
INVALID_RISK_UNIT,risk_unit == 0 or non-finite,NQZ21-CME,5736964,2021-09-28 14:21:30.079002+00:00,14836.75,{'stop_loss_price': 14836.75}
INVALID_RISK_UNIT,risk_unit == 0 or non-finite,NQZ21-CME,5736965,2021-09-28 14:21:30.079003+00:00,14836.75,{'stop_loss_price': 14836.75}
INVALID_RISK_UNIT,risk_unit == 0 or non-finite,NQZ21-CME,5761099,2021-09-28 14:31:57.431000+00:00,14869.25,{'stop_loss_price': 14869.25}
INVALID_RISK_UNIT,risk_unit == 0 or non-finite,NQZ21-CME,5761100,2021-09-28 14:31:57.431001+00:00,14869.25,{'stop_loss_price': 14869.25}
INVALID_RISK_UNIT,risk_unit == 0 or non-finite,NQZ21-CME,5768805,2021-09-28 14:35:33.035002+00:00,14838.25,{'stop_loss_price': 14838.25}
INVALID_RISK_UNIT,risk_unit == 0 or non-finite,NQZ21-CME,5768806,2021-09-28 14:35:33.140000+00:00,14838.25,{'stop_loss_price': 14838.25}
INVALID_RISK_UNIT,risk_unit == 0 or non-finite,NQZ21-CME,5863742,2021-09-28 15:29:02.027000+00:00,14786.25,{'stop_loss_price': 14786.25}
INVALID_RISK_UNIT,risk_unit == 0 or non-finite,NQZ21-CME,5927316,2021-09-28 16:15:10.275000+00:00,14828.75,{'stop_loss_price': 14828.75}
INVALID_RISK_UNIT,risk_unit == 0 or non-finite,NQZ21-CME,5982154,2021-09-28 17:14:27.490000+00:00,14756.25,{'stop_loss_price': 14756.25}
INVALID_RISK_UNIT,risk_unit == 0 or non-finite,NQZ21-CME,5988204,2021-09-28 17:21:30.274000+00:00,14771.25,{'stop_loss_price': 14771.25}
INVALID_RISK_UNIT,risk_unit == 0 or non-finite,NQZ21-CME,6000384,2021-09-28 17:34:10.144000+00:00,14796.5,{'stop_loss_price': 14796.5}
INVALID_RISK_UNIT,risk_unit == 0 or non-finite,NQZ21-CME,6008393,2021-09-28 17:44:38.642000+00:00,14802.25,{'stop_loss_price': 14802.25}
INVALID_RISK_UNIT,risk_unit == 0 or non-finite,NQZ21-CME,6008394,2021-09-28 17:44:38.642001+00:00,14802.25,{'stop_loss_price': 14802.25}
INVALID_RISK_UNIT,risk_unit == 0 or non-finite,NQZ21-CME,6008395,2021-09-28 17:44:38.642002+00:00,14802.25,{'stop_loss_price': 14802.25}
INVALID_RISK_UNIT,risk_unit == 0 or non-finite,NQZ21-CME,6018482,2021-09-28 17:59:22.759000+00:00,14772.5,{'stop_loss_price': 14772.5}
INVALID_RISK_UNIT,risk_unit == 0 or non-finite,NQZ21-CME,6018483,2021-09-28 17:59:22.759001+00:00,14772.5,{'stop_loss_price': 14772.5}
INVALID_RISK_UNIT,risk_unit == 0 or non-finite,NQZ21-CME,6018484,2021-09-28 17:59:22.760000+00:00,14772.5,{'stop_loss_price': 14772.5}
INVALID_RISK_UNIT,risk_unit == 0 or non-finite,NQZ21-CME,6018485,2021-09-28 17:59:22.971000+00:00,14772.5,{'stop_loss_price': 14772.5}
INVALID_RISK_UNIT,risk_unit == 0 or non-finite,NQZ21-CME,6018488,2021-09-28 17:59:23.094000+00:00,14772.5,{'stop_loss_price': 14772.5}
INVALID_RISK_UNIT,risk_unit == 0 or non-finite,NQZ21-CME,6018489,2021-09-28 17:59:23.212000+00:00,14772.5,{'stop_loss_price': 14772.5}
INVALID_RISK_UNIT,risk_unit == 0 or non-finite,NQZ21-CME,6018490,2021-09-28 17:59:23.221000+00:00,14772.5,{'stop_loss_price': 14772.5}
INVALID_RISK_UNIT,risk_unit == 0 or non-finite,NQZ21-CME,6018491,2021-09-28 17:59:23.221001+00:00,14772.5,{'stop_loss_price': 14772.5}
INVALID_RISK_UNIT,risk_unit == 0 or non-finite,NQZ21-CME,6018492,2021-09-28 17:59:23.221002+00:00,14772.5,{'stop_loss_price': 14772.5}
INVALID_RISK_UNIT,risk_unit == 0 or non-finite,NQZ21-CME,6018493,2021-09-28 17:59:23.221003+00:00,14772.5,{'stop_loss_price': 14772.5}
INVALID_RISK_UNIT,risk_unit == 0 or non-finite,NQZ21-CME,6080282,2021-09-28 18:55:53.886000+00:00,14853.25,{'stop_loss_price': 14853.25}
INVALID_RISK_UNIT,risk_unit == 0 or non-finite,NQZ21-CME,6092675,2021-09-28 19:06:51.299000+00:00,14858.75,{'stop_loss_price': 14858.75}
INVALID_RISK_UNIT,risk_unit == 0 or non-finite,NQZ21-CME,6100458,2021-09-28 19:13:37.446000+00:00,14858.0,{'stop_loss_price': 14858.0}
INVALID_RISK_UNIT,risk_unit == 0 or non-finite,NQZ21-CME,6100904,2021-09-28 19:14:25.104000+00:00,14855.75,{'stop_loss_price': 14855.75}
INVALID_RISK_UNIT,risk_unit == 0 or non-finite,NQZ21-CME,6118368,2021-09-28 19:29:17.333000+00:00,14813.25,{'stop_loss_price': 14813.25}
INVALID_RISK_UNIT,risk_unit == 0 or non-finite,NQZ21-CME,6124379,2021-09-28 19:34:19.429000+00:00,14810.0,{'stop_loss_price': 14810.0}
INVALID_RISK_UNIT,risk_unit == 0 or non-finite,NQZ21-CME,6131796,2021-09-28 19:39:43.963000+00:00,14797.25,{'stop_loss_price': 14797.25}
INVALID_RISK_UNIT,risk_unit == 0 or non-finite,NQZ21-CME,6131797,2021-09-28 19:39:43.963001+00:00,14797.25,{'stop_loss_price': 14797.25}
INVALID_RISK_UNIT,risk_unit == 0 or non-finite,NQZ21-CME,6152401,2021-09-28 19:54:03.471000+00:00,14769.75,{'stop_loss_price': 14769.75}
INVALID_RISK_UNIT,risk_unit == 0 or non-finite,NQZ21-CME,6152402,2021-09-28 19:54:03.471001+00:00,14769.75,{'stop_loss_price': 14769.75}
INVALID_RISK_UNIT,risk_unit == 0 or non-finite,NQZ21-CME,6152403,2021-09-28 19:54:03.472000+00:00,14769.75,{'stop_loss_price': 14769.75}
INVALID_RISK_UNIT,risk_unit == 0 or non-finite,NQZ21-CME,6176280,2021-09-28 20:01:23.268000+00:00,14771.75,{'stop_loss_price': 14771.75}
INVALID_RISK_UNIT,risk_unit == 0 or non-finite,NQZ21-CME,6179741,2021-09-28 20:05:43.471007+00:00,14774.5,{'stop_loss_price': 14774.5}
INVALID_RISK_UNIT,risk_unit == 0 or non-finite,NQZ21-CME,6179742,2021-09-28 20:05:43.515000+00:00,14774.5,{'stop_loss_price': 14774.5}
INVALID_RISK_UNIT,risk_unit == 0 or non-finite,NQZ21-CME,6179743,2021-09-28 20:05:43.516000+00:00,14774.5,{'stop_loss_price': 14774.5}
INVALID_RISK_UNIT,risk_unit == 0 or non-finite,NQZ21-CME,6182136,2021-09-28 20:09:40.496000+00:00,14761.25,{'stop_loss_price': 14761.25}
INVALID_RISK_UNIT,risk_unit == 0 or non-finite,NQZ21-CME,6182137,2021-09-28 20:09:40.496001+00:00,14761.25,{'stop_loss_price': 14761.25}
INVALID_RISK_UNIT,risk_unit == 0 or non-finite,NQZ21-CME,6188703,2021-09-28 20:41:51.580002+00:00,14758.5,{'stop_loss_price': 14758.5}
INVALID_RISK_UNIT,risk_unit == 0 or non-finite,NQZ21-CME,6188704,2021-09-28 20:41:51.580003+00:00,14758.5,{'stop_loss_price': 14758.5}
INVALID_RISK_UNIT,risk_unit == 0 or non-finite,NQZ21-CME,6188705,2021-09-28 20:41:51.580004+00:00,14758.5,{'stop_loss_price': 14758.5}
INVALID_RISK_UNIT,risk_unit == 0 or non-finite,NQZ21-CME,6188706,2021-09-28 20:41:51.580005+00:00,14758.5,{'stop_loss_price': 14758.5}
INVALID_RISK_UNIT,risk_unit == 0 or non-finite,NQZ21-CME,6207280,2021-09-29 00:50:18.859003+00:00,14825.75,{'stop_loss_price': 14825.75}
INVALID_RISK_UNIT,risk_unit == 0 or non-finite,NQZ21-CME,6227068,2021-09-29 02:47:01.010000+00:00,14842.0,{'stop_loss_price': 14842.0}
INVALID_RISK_UNIT,risk_unit == 0 or non-finite,NQZ21-CME,6227069,2021-09-29 02:47:01.010001+00:00,14842.0,{'stop_loss_price': 14842.0}
INVALID_RISK_UNIT,risk_unit == 0 or non-finite,NQZ21-CME,6227070,2021-09-29 02:47:01.010002+00:00,14842.0,{'stop_loss_price': 14842.0}
INVALID_RISK_UNIT,risk_unit == 0 or non-finite,NQZ21-CME,6257570,2021-09-29 07:01:59.132000+00:00,14866.25,{'stop_loss_price': 14866.25}
INVALID_RISK_UNIT,risk_unit == 0 or non-finite,NQZ21-CME,6257571,2021-09-29 07:01:59.132001+00:00,14866.25,{'stop_loss_price': 14866.25}
INVALID_RISK_UNIT,risk_unit == 0 or non-finite,NQZ21-CME,6274400,2021-09-29 08:07:01.773000+00:00,14897.25,{'stop_loss_price': 14897.25}
INVALID_RISK_UNIT,risk_unit == 0 or non-finite,NQZ21-CME,6274401,2021-09-29 08:07:01.773001+00:00,14897.25,{'stop_loss_price': 14897.25}
INVALID_RISK_UNIT,risk_unit == 0 or non-finite,NQZ21-CME,6274402,2021-09-29 08:07:01.773002+00:00,14897.25,{'stop_loss_price': 14897.25}
INVALID_RISK_UNIT,risk_unit == 0 or non-finite,NQZ21-CME,6348381,2021-09-29 13:33:27.903000+00:00,14839.25,{'stop_loss_price': 14839.25}
INVALID_RISK_UNIT,risk_unit == 0 or non-finite,NQZ21-CME,6434455,2021-09-29 14:14:44.315000+00:00,14855.0,{'stop_loss_price': 14855.0}
INVALID_RISK_UNIT,risk_unit == 0 or non-finite,NQZ21-CME,6434456,2021-09-29 14:14:44.351000+00:00,14855.0,{'stop_loss_price': 14855.0}
INVALID_RISK_UNIT,risk_unit == 0 or non-finite,NQZ21-CME,6434457,2021-09-29 14:14:44.351001+00:00,14855.0,{'stop_loss_price': 14855.0}
INVALID_RISK_UNIT,risk_unit == 0 or non-finite,NQZ21-CME,6434458,2021-09-29 14:14:44.351002+00:00,14855.0,{'stop_loss_price': 14855.0}
INVALID_RISK_UNIT,risk_unit == 0 or non-finite,NQZ21-CME,6434459,2021-09-29 14:14:44.594000+00:00,14855.0,{'stop_loss_price': 14855.0}
INVALID_RISK_UNIT,risk_unit == 0 or non-finite,NQZ21-CME,6434460,2021-09-29 14:14:44.597000+00:00,14855.0,{'stop_loss_price': 14855.0}
INVALID_RISK_UNIT,risk_unit == 0 or non-finite,NQZ21-CME,6434461,2021-09-29 14:14:44.597001+00:00,14855.0,{'stop_loss_price': 14855.0}
INVALID_RISK_UNIT,risk_unit == 0 or non-finite,NQZ21-CME,6434462,2021-09-29 14:14:44.597002+00:00,14855.0,{'stop_loss_price': 14855.0}
INVALID_RISK_UNIT,risk_unit == 0 or non-finite,NQZ21-CME,6434469,2021-09-29 14:14:45.181000+00:00,14855.0,{'stop_loss_price': 14855.0}
INVALID_RISK_UNIT,risk_unit == 0 or non-finite,NQZ21-CME,6443800,2021-09-29 14:21:42.096000+00:00,14889.25,{'stop_loss_price': 14889.25}
INVALID_RISK_UNIT,risk_unit == 0 or non-finite,NQZ21-CME,6443801,2021-09-29 14:21:42.096001+00:00,14889.25,{'stop_loss_price': 14889.25}
INVALID_RISK_UNIT,risk_unit == 0 or non-finite,NQZ21-CME,6479060,2021-09-29 14:47:06.775000+00:00,14839.0,{'stop_loss_price': 14839.0}
INVALID_RISK_UNIT,risk_unit == 0 or non-finite,NQZ21-CME,6531825,2021-09-29 15:39:39.700000+00:00,14762.5,{'stop_loss_price': 14762.5}
INVALID_RISK_UNIT,risk_unit == 0 or non-finite,NQZ21-CME,6531826,2021-09-29 15:39:39.700001+00:00,14762.5,{'stop_loss_price': 14762.5}
INVALID_RISK_UNIT,risk_unit == 0 or non-finite,NQZ21-CME,6537645,2021-09-29 15:43:54.690012+00:00,14772.25,{'stop_loss_price': 14772.25}
INVALID_RISK_UNIT,risk_unit == 0 or non-finite,NQZ21-CME,6537646,2021-09-29 15:43:54.690013+00:00,14772.25,{'stop_loss_price': 14772.25}
INVALID_RISK_UNIT,risk_unit == 0 or non-finite,NQZ21-CME,6560943,2021-09-29 16:11:00.108000+00:00,14772.75,{'stop_loss_price': 14772.75}
INVALID_RISK_UNIT,risk_unit == 0 or non-finite,NQZ21-CME,6560944,2021-09-29 16:11:00.108001+00:00,14772.75,{'stop_loss_price': 14772.75}
INVALID_RISK_UNIT,risk_unit == 0 or non-finite,NQZ21-CME,6560945,2021-09-29 16:11:00.108002+00:00,14772.75,{'stop_loss_price': 14772.75}
INVALID_RISK_UNIT,risk_unit == 0 or non-finite,NQZ21-CME,6589173,2021-09-29 16:37:36.586001+00:00,14746.0,{'stop_loss_price': 14746.0}
INVALID_RISK_UNIT,risk_unit == 0 or non-finite,NQZ21-CME,6589174,2021-09-29 16:37:36.586002+00:00,14746.0,{'stop_loss_price': 14746.0}
INVALID_RISK_UNIT,risk_unit == 0 or non-finite,NQZ21-CME,6642217,2021-09-29 17:36:28.111000+00:00,14725.25,{'stop_loss_price': 14725.25}
INVALID_RISK_UNIT,risk_unit == 0 or non-finite,NQZ21-CME,6651278,2021-09-29 17:45:52.899000+00:00,14735.5,{'stop_loss_price': 14735.5}
INVALID_RISK_UNIT,risk_unit == 0 or non-finite,NQZ21-CME,6666703,2021-09-29 18:06:28.335000+00:00,14771.5,{'stop_loss_price': 14771.5}
INVALID_RISK_UNIT,risk_unit == 0 or non-finite,NQZ21-CME,6676048,2021-09-29 18:13:46.890000+00:00,14829.0,{'stop_loss_price': 14829.0}
INVALID_RISK_UNIT,risk_unit == 0 or non-finite,NQZ21-CME,6676049,2021-09-29 18:13:46.890001+00:00,14829.0,{'stop_loss_price': 14829.0}
INVALID_RISK_UNIT,risk_unit == 0 or non-finite,NQZ21-CME,6697484,2021-09-29 18:43:50.513000+00:00,14841.0,{'stop_loss_price': 14841.0}
INVALID_RISK_UNIT,risk_unit == 0 or non-finite,NQZ21-CME,6708147,2021-09-29 19:00:01.998000+00:00,14843.0,{'stop_loss_price': 14843.0}
INVALID_RISK_UNIT,risk_unit == 0 or non-finite,NQZ21-CME,6718135,2021-09-29 19:16:32.403000+00:00,14822.75,{'stop_loss_price': 14822.75}
INVALID_RISK_UNIT,risk_unit == 0 or non-finite,NQZ21-CME,6798229,2021-09-30 04:44:58.702000+00:00,14837.0,{'stop_loss_price': 14837.0}
INVALID_RISK_UNIT,risk_unit == 0 or non-finite,NQZ21-CME,6811173,2021-09-30 06:53:01.297000+00:00,14849.0,{'stop_loss_price': 14849.0}
INVALID_RISK_UNIT,risk_unit == 0 or non-finite,NQZ21-CME,6811174,2021-09-30 06:53:02.821000+00:00,14849.0,{'stop_loss_price': 14849.0}
INVALID_RISK_UNIT,risk_unit == 0 or non-finite,NQZ21-CME,6811176,2021-09-30 06:53:07.411000+00:00,14849.0,{'stop_loss_price': 14849.0}
INVALID_RISK_UNIT,risk_unit == 0 or non-finite,NQZ21-CME,6829667,2021-09-30 08:25:54.198000+00:00,14849.5,{'stop_loss_price': 14849.5}
INVALID_RISK_UNIT,risk_unit == 0 or non-finite,NQZ21-CME,6859020,2021-09-30 12:23:33.257000+00:00,14806.25,{'stop_loss_price': 14806.25}
INVALID_RISK_UNIT,risk_unit == 0 or non-finite,NQZ21-CME,6872053,2021-09-30 13:11:15.234003+00:00,14787.25,{'stop_loss_price': 14787.25}
INVALID_RISK_UNIT,risk_unit == 0 or non-finite,NQZ21-CME,6872054,2021-09-30 13:11:15.234004+00:00,14787.25,{'stop_loss_price': 14787.25}
INVALID_RISK_UNIT,risk_unit == 0 or non-finite,NQZ21-CME,6872055,2021-09-30 13:11:15.234005+00:00,14787.25,{'stop_loss_price': 14787.25}
INVALID_RISK_UNIT,risk_unit == 0 or non-finite,NQZ21-CME,6872056,2021-09-30 13:11:15.234006+00:00,14787.25,{'stop_loss_price': 14787.25}
INVALID_RISK_UNIT,risk_unit == 0 or non-finite,NQZ21-CME,6872057,2021-09-30 13:11:15.234007+00:00,14787.25,{'stop_loss_price': 14787.25}
INVALID_RISK_UNIT,risk_unit == 0 or non-finite,NQZ21-CME,6872058,2021-09-30 13:11:15.234008+00:00,14787.25,{'stop_loss_price': 14787.25}
INVALID_RISK_UNIT,risk_unit == 0 or non-finite,NQZ21-CME,6892229,2021-09-30 13:34:01.503000+00:00,14850.75,{'stop_loss_price': 14850.75}
INVALID_RISK_UNIT,risk_unit == 0 or non-finite,NQZ21-CME,6896904,2021-09-30 13:35:49.569000+00:00,14863.0,{'stop_loss_price': 14863.0}
INVALID_RISK_UNIT,risk_unit == 0 or non-finite,NQZ21-CME,6918610,2021-09-30 13:46:08.036001+00:00,14818.75,{'stop_loss_price': 14818.75}
INVALID_RISK_UNIT,risk_unit == 0 or non-finite,NQZ21-CME,6918611,2021-09-30 13:46:08.036002+00:00,14818.75,{'stop_loss_price': 14818.75}
INVALID_RISK_UNIT,risk_unit == 0 or non-finite,NQZ21-CME,6918612,2021-09-30 13:46:08.036003+00:00,14818.75,{'stop_loss_price': 14818.75}
INVALID_RISK_UNIT,risk_unit == 0 or non-finite,NQZ21-CME,6918613,2021-09-30 13:46:08.036004+00:00,14818.75,{'stop_loss_price': 14818.75}
INVALID_RISK_UNIT,risk_unit == 0 or non-finite,NQZ21-CME,6918614,2021-09-30 13:46:08.036005+00:00,14818.75,{'stop_loss_price': 14818.75}
INVALID_RISK_UNIT,risk_unit == 0 or non-finite,NQZ21-CME,6918615,2021-09-30 13:46:08.036006+00:00,14818.75,{'stop_loss_price': 14818.75}
INVALID_RISK_UNIT,risk_unit == 0 or non-finite,NQZ21-CME,6918616,2021-09-30 13:46:08.036007+00:00,14818.75,{'stop_loss_price': 14818.75}
INVALID_RISK_UNIT,risk_unit == 0 or non-finite,NQZ21-CME,6964003,2021-09-30 14:10:26.628008+00:00,14831.5,{'stop_loss_price': 14831.5}
INVALID_RISK_UNIT,risk_unit == 0 or non-finite,NQZ21-CME,6964004,2021-09-30 14:10:26.628009+00:00,14831.5,{'stop_loss_price': 14831.5}
INVALID_RISK_UNIT,risk_unit == 0 or non-finite,NQZ21-CME,6964005,2021-09-30 14:10:26.628010+00:00,14831.5,{'stop_loss_price': 14831.5}
INVALID_RISK_UNIT,risk_unit == 0 or non-finite,NQZ21-CME,6964006,2021-09-30 14:10:26.628011+00:00,14831.5,{'stop_loss_price': 14831.5}
INVALID_RISK_UNIT,risk_unit == 0 or non-finite,NQZ21-CME,6964007,2021-09-30 14:10:26.628012+00:00,14831.5,{'stop_loss_price': 14831.5}
INVALID_RISK_UNIT,risk_unit == 0 or non-finite,NQZ21-CME,6964008,2021-09-30 14:10:26.628013+00:00,14831.5,{'stop_loss_price': 14831.5}
INVALID_RISK_UNIT,risk_unit == 0 or non-finite,NQZ21-CME,6964009,2021-09-30 14:10:26.628014+00:00,14831.5,{'stop_loss_price': 14831.5}
INVALID_RISK_UNIT,risk_unit == 0 or non-finite,NQZ21-CME,6981369,2021-09-30 14:18:51.498000+00:00,14854.25,{'stop_loss_price': 14854.25}
INVALID_RISK_UNIT,risk_unit == 0 or non-finite,NQZ21-CME,6981370,2021-09-30 14:18:51.498001+00:00,14854.25,{'stop_loss_price': 14854.25}
INVALID_RISK_UNIT,risk_unit == 0 or non-finite,NQZ21-CME,6997789,2021-09-30 14:28:21.498000+00:00,14831.5,{'stop_loss_price': 14831.5}
INVALID_RISK_UNIT,risk_unit == 0 or non-finite,NQZ21-CME,7008702,2021-09-30 14:34:07.200000+00:00,14810.0,{'stop_loss_price': 14810.0}
INVALID_RISK_UNIT,risk_unit == 0 or non-finite,NQZ21-CME,7008703,2021-09-30 14:34:07.200001+00:00,14810.0,{'stop_loss_price': 14810.0}
INVALID_RISK_UNIT,risk_unit == 0 or non-finite,NQZ21-CME,7048876,2021-09-30 15:07:03.700000+00:00,14812.25,{'stop_loss_price': 14812.25}
INVALID_RISK_UNIT,risk_unit == 0 or non-finite,NQZ21-CME,7060163,2021-09-30 15:19:16.709000+00:00,14835.0,{'stop_loss_price': 14835.0}
INVALID_RISK_UNIT,risk_unit == 0 or non-finite,NQZ21-CME,7060164,2021-09-30 15:19:16.710000+00:00,14835.0,{'stop_loss_price': 14835.0}
INVALID_RISK_UNIT,risk_unit == 0 or non-finite,NQZ21-CME,7060165,2021-09-30 15:19:16.721000+00:00,14835.0,{'stop_loss_price': 14835.0}
INVALID_RISK_UNIT,risk_unit == 0 or non-finite,NQZ21-CME,7060166,2021-09-30 15:19:16.731000+00:00,14835.0,{'stop_loss_price': 14835.0}
INVALID_RISK_UNIT,risk_unit == 0 or non-finite,NQZ21-CME,7086483,2021-09-30 15:40:36.073000+00:00,14746.25,{'stop_loss_price': 14746.25}
INVALID_RISK_UNIT,risk_unit == 0 or non-finite,NQZ21-CME,7108339,2021-09-30 15:53:52.725000+00:00,14733.75,{'stop_loss_price': 14733.75}
INVALID_RISK_UNIT,risk_unit == 0 or non-finite,NQZ21-CME,7128562,2021-09-30 16:09:46.883000+00:00,14701.5,{'stop_loss_price': 14701.5}
INVALID_RISK_UNIT,risk_unit == 0 or non-finite,NQZ21-CME,7128563,2021-09-30 16:09:46.883001+00:00,14701.5,{'stop_loss_price': 14701.5}
INVALID_RISK_UNIT,risk_unit == 0 or non-finite,NQZ21-CME,7128566,2021-09-30 16:09:47.029000+00:00,14701.5,{'stop_loss_price': 14701.5}
INVALID_RISK_UNIT,risk_unit == 0 or non-finite,NQZ21-CME,7130172,2021-09-30 16:10:43.318003+00:00,14704.0,{'stop_loss_price': 14704.0}
INVALID_RISK_UNIT,risk_unit == 0 or non-finite,NQZ21-CME,7130173,2021-09-30 16:10:43.318004+00:00,14704.0,{'stop_loss_price': 14704.0}
INVALID_RISK_UNIT,risk_unit == 0 or non-finite,NQZ21-CME,7130174,2021-09-30 16:10:43.318005+00:00,14704.0,{'stop_loss_price': 14704.0}
INVALID_RISK_UNIT,risk_unit == 0 or non-finite,NQZ21-CME,7130175,2021-09-30 16:10:43.318006+00:00,14704.0,{'stop_loss_price': 14704.0}
INVALID_RISK_UNIT,risk_unit == 0 or non-finite,NQZ21-CME,7130176,2021-09-30 16:10:43.318007+00:00,14704.0,{'stop_loss_price': 14704.0}
INVALID_RISK_UNIT,risk_unit == 0 or non-finite,NQZ21-CME,7141347,2021-09-30 16:16:12.632000+00:00,14703.75,{'stop_loss_price': 14703.75}
INVALID_RISK_UNIT,risk_unit == 0 or non-finite,NQZ21-CME,7141348,2021-09-30 16:16:12.653000+00:00,14703.75,{'stop_loss_price': 14703.75}
INVALID_RISK_UNIT,risk_unit == 0 or non-finite,NQZ21-CME,7141349,2021-09-30 16:16:12.653001+00:00,14703.75,{'stop_loss_price': 14703.75}
INVALID_RISK_UNIT,risk_unit == 0 or non-finite,NQZ21-CME,7153630,2021-09-30 16:25:47.489000+00:00,14711.25,{'stop_loss_price': 14711.25}
INVALID_RISK_UNIT,risk_unit == 0 or non-finite,NQZ21-CME,7153631,2021-09-30 16:25:47.489001+00:00,14711.25,{'stop_loss_price': 14711.25}
INVALID_RISK_UNIT,risk_unit == 0 or non-finite,NQZ21-CME,7153632,2021-09-30 16:25:47.730000+00:00,14711.25,{'stop_loss_price': 14711.25}
INVALID_RISK_UNIT,risk_unit == 0 or non-finite,NQZ21-CME,7153633,2021-09-30 16:25:47.939000+00:00,14711.25,{'stop_loss_price': 14711.25}
INVALID_RISK_UNIT,risk_unit == 0 or non-finite,NQZ21-CME,7153634,2021-09-30 16:25:48.014000+00:00,14711.25,{'stop_loss_price': 14711.25}
INVALID_RISK_UNIT,risk_unit == 0 or non-finite,NQZ21-CME,7153635,2021-09-30 16:25:48.014001+00:00,14711.25,{'stop_loss_price': 14711.25}
INVALID_RISK_UNIT,risk_unit == 0 or non-finite,NQZ21-CME,7153636,2021-09-30 16:25:48.014002+00:00,14711.25,{'stop_loss_price': 14711.25}
INVALID_RISK_UNIT,risk_unit == 0 or non-finite,NQZ21-CME,7153637,2021-09-30 16:25:48.148000+00:00,14711.25,{'stop_loss_price': 14711.25}
INVALID_RISK_UNIT,risk_unit == 0 or non-finite,NQZ21-CME,7191491,2021-09-30 17:04:15.705000+00:00,14735.75,{'stop_loss_price': 14735.75}
INVALID_RISK_UNIT,risk_unit == 0 or non-finite,NQZ21-CME,7211063,2021-09-30 17:25:25.615003+00:00,14735.75,{'stop_loss_price': 14735.75}
INVALID_RISK_UNIT,risk_unit == 0 or non-finite,NQZ21-CME,7211064,2021-09-30 17:25:25.615004+00:00,14735.75,{'stop_loss_price': 14735.75}
INVALID_RISK_UNIT,risk_unit == 0 or non-finite,NQZ21-CME,7211065,2021-09-30 17:25:25.616000+00:00,14735.75,{'stop_loss_price': 14735.75}
INVALID_RISK_UNIT,risk_unit == 0 or non-finite,NQZ21-CME,7211070,2021-09-30 17:25:25.767000+00:00,14735.75,{'stop_loss_price': 14735.75}
INVALID_RISK_UNIT,risk_unit == 0 or non-finite,NQZ21-CME,7212607,2021-09-30 17:27:05.864000+00:00,14733.75,{'stop_loss_price': 14733.75}
INVALID_RISK_UNIT,risk_unit == 0 or non-finite,NQZ21-CME,7212608,2021-09-30 17:27:05.864001+00:00,14733.75,{'stop_loss_price': 14733.75}
INVALID_RISK_UNIT,risk_unit == 0 or non-finite,NQZ21-CME,7212609,2021-09-30 17:27:05.864002+00:00,14733.75,{'stop_loss_price': 14733.75}
INVALID_RISK_UNIT,risk_unit == 0 or non-finite,NQZ21-CME,7212610,2021-09-30 17:27:05.864003+00:00,14733.75,{'stop_loss_price': 14733.75}
INVALID_RISK_UNIT,risk_unit == 0 or non-finite,NQZ21-CME,7288712,2021-09-30 18:49:25.057000+00:00,14798.75,{'stop_loss_price': 14798.75}
INVALID_RISK_UNIT,risk_unit == 0 or non-finite,NQZ21-CME,7293033,2021-09-30 18:51:44.607004+00:00,14806.25,{'stop_loss_price': 14806.25}
INVALID_RISK_UNIT,risk_unit == 0 or non-finite,NQZ21-CME,7293034,2021-09-30 18:51:44.607005+00:00,14806.25,{'stop_loss_price': 14806.25}
INVALID_RISK_UNIT,risk_unit == 0 or non-finite,NQZ21-CME,7293035,2021-09-30 18:51:44.607006+00:00,14806.25,{'stop_loss_price': 14806.25}
INVALID_RISK_UNIT,risk_unit == 0 or non-finite,NQZ21-CME,7293036,2021-09-30 18:51:44.607007+00:00,14806.25,{'stop_loss_price': 14806.25}
INVALID_RISK_UNIT,risk_unit == 0 or non-finite,NQZ21-CME,7293038,2021-09-30 18:51:44.610000+00:00,14806.25,{'stop_loss_price': 14806.25}
INVALID_RISK_UNIT,risk_unit == 0 or non-finite,NQZ21-CME,7309473,2021-09-30 19:09:05.897000+00:00,14791.5,{'stop_loss_price': 14791.5}
INVALID_RISK_UNIT,risk_unit == 0 or non-finite,NQZ21-CME,7316395,2021-09-30 19:16:29.126000+00:00,14810.25,{'stop_loss_price': 14810.25}
INVALID_RISK_UNIT,risk_unit == 0 or non-finite,NQZ21-CME,7324379,2021-09-30 19:27:00.033001+00:00,14782.25,{'stop_loss_price': 14782.25}
INVALID_RISK_UNIT,risk_unit == 0 or non-finite,NQZ21-CME,7324380,2021-09-30 19:27:00.033002+00:00,14782.25,{'stop_loss_price': 14782.25}
INVALID_RISK_UNIT,risk_unit == 0 or non-finite,NQZ21-CME,7324381,2021-09-30 19:27:00.033003+00:00,14782.25,{'stop_loss_price': 14782.25}
INVALID_RISK_UNIT,risk_unit == 0 or non-finite,NQZ21-CME,7324382,2021-09-30 19:27:00.033004+00:00,14782.25,{'stop_loss_price': 14782.25}
INVALID_RISK_UNIT,risk_unit == 0 or non-finite,NQZ21-CME,7324383,2021-09-30 19:27:00.033005+00:00,14782.25,{'stop_loss_price': 14782.25}
INVALID_RISK_UNIT,risk_unit == 0 or non-finite,NQZ21-CME,7324384,2021-09-30 19:27:00.033006+00:00,14782.25,{'stop_loss_price': 14782.25}
INVALID_RISK_UNIT,risk_unit == 0 or non-finite,NQZ21-CME,7336569,2021-09-30 19:38:51.761002+00:00,14774.75,{'stop_loss_price': 14774.75}
INVALID_RISK_UNIT,risk_unit == 0 or non-finite,NQZ21-CME,7336570,2021-09-30 19:38:51.761003+00:00,14774.75,{'stop_loss_price': 14774.75}
INVALID_RISK_UNIT,risk_unit == 0 or non-finite,NQZ21-CME,7439813,2021-10-01 02:49:14.104001+00:00,14603.0,{'stop_loss_price': 14603.0}
INVALID_RISK_UNIT,risk_unit == 0 or non-finite,NQZ21-CME,7482697,2021-10-01 07:41:18.830000+00:00,14616.25,{'stop_loss_price': 14616.25}
INVALID_RISK_UNIT,risk_unit == 0 or non-finite,NQZ21-CME,7489887,2021-10-01 08:11:29.424000+00:00,14602.0,{'stop_loss_price': 14602.0}
INVALID_RISK_UNIT,risk_unit == 0 or non-finite,NQZ21-CME,7489888,2021-10-01 08:11:29.435000+00:00,14602.0,{'stop_loss_price': 14602.0}
INVALID_RISK_UNIT,risk_unit == 0 or non-finite,NQZ21-CME,7493392,2021-10-01 08:22:58.775000+00:00,14598.5,{'stop_loss_price': 14598.5}
INVALID_RISK_UNIT,risk_unit == 0 or non-finite,NQZ21-CME,7550906,2021-10-01 13:02:59.317000+00:00,14712.0,{'stop_loss_price': 14712.0}
INVALID_RISK_UNIT,risk_unit == 0 or non-finite,NQZ21-CME,7673333,2021-10-01 14:17:38.077002+00:00,14570.5,{'stop_loss_price': 14570.5}
INVALID_RISK_UNIT,risk_unit == 0 or non-finite,NQZ21-CME,7673334,2021-10-01 14:17:38.077003+00:00,14570.5,{'stop_loss_price': 14570.5}
INVALID_RISK_UNIT,risk_unit == 0 or non-finite,NQZ21-CME,7673335,2021-10-01 14:17:38.077004+00:00,14570.5,{'stop_loss_price': 14570.5}
INVALID_RISK_UNIT,risk_unit == 0 or non-finite,NQZ21-CME,7673336,2021-10-01 14:17:38.077005+00:00,14570.5,{'stop_loss_price': 14570.5}
INVALID_RISK_UNIT,risk_unit == 0 or non-finite,NQZ21-CME,7673337,2021-10-01 14:17:38.077006+00:00,14570.5,{'stop_loss_price': 14570.5}
INVALID_RISK_UNIT,risk_unit == 0 or non-finite,NQZ21-CME,7705780,2021-10-01 14:38:34.029013+00:00,14553.5,{'stop_loss_price': 14553.5}
INVALID_RISK_UNIT,risk_unit == 0 or non-finite,NQZ21-CME,7705781,2021-10-01 14:38:34.029014+00:00,14553.5,{'stop_loss_price': 14553.5}
INVALID_RISK_UNIT,risk_unit == 0 or non-finite,NQZ21-CME,7705782,2021-10-01 14:38:34.029015+00:00,14553.5,{'stop_loss_price': 14553.5}
INVALID_RISK_UNIT,risk_unit == 0 or non-finite,NQZ21-CME,7705783,2021-10-01 14:38:34.029016+00:00,14553.5,{'stop_loss_price': 14553.5}
INVALID_RISK_UNIT,risk_unit == 0 or non-finite,NQZ21-CME,7705784,2021-10-01 14:38:34.029017+00:00,14553.5,{'stop_loss_price': 14553.5}
INVALID_RISK_UNIT,risk_unit == 0 or non-finite,NQZ21-CME,7705785,2021-10-01 14:38:34.029018+00:00,14553.5,{'stop_loss_price': 14553.5}
INVALID_RISK_UNIT,risk_unit == 0 or non-finite,NQZ21-CME,7705786,2021-10-01 14:38:34.029019+00:00,14553.5,{'stop_loss_price': 14553.5}
INVALID_RISK_UNIT,risk_unit == 0 or non-finite,NQZ21-CME,7713713,2021-10-01 14:42:37.281000+00:00,14559.0,{'stop_loss_price': 14559.0}
INVALID_RISK_UNIT,risk_unit == 0 or non-finite,NQZ21-CME,7713787,2021-10-01 14:42:45.042000+00:00,14559.5,{'stop_loss_price': 14559.5}
INVALID_RISK_UNIT,risk_unit == 0 or non-finite,NQZ21-CME,7713788,2021-10-01 14:42:45.042001+00:00,14559.5,{'stop_loss_price': 14559.5}
INVALID_RISK_UNIT,risk_unit == 0 or non-finite,NQZ21-CME,7713789,2021-10-01 14:42:45.042002+00:00,14559.5,{'stop_loss_price': 14559.5}
INVALID_RISK_UNIT,risk_unit == 0 or non-finite,NQZ21-CME,7713790,2021-10-01 14:42:45.042003+00:00,14559.5,{'stop_loss_price': 14559.5}
INVALID_RISK_UNIT,risk_unit == 0 or non-finite,NQZ21-CME,7758820,2021-10-01 15:14:45.976000+00:00,14664.0,{'stop_loss_price': 14664.0}
INVALID_RISK_UNIT,risk_unit == 0 or non-finite,NQZ21-CME,7768256,2021-10-01 15:21:56.564003+00:00,14665.25,{'stop_loss_price': 14665.25}
INVALID_RISK_UNIT,risk_unit == 0 or non-finite,NQZ21-CME,7768257,2021-10-01 15:21:56.564004+00:00,14665.25,{'stop_loss_price': 14665.25}
INVALID_RISK_UNIT,risk_unit == 0 or non-finite,NQZ21-CME,7768258,2021-10-01 15:21:56.564005+00:00,14665.25,{'stop_loss_price': 14665.25}
INVALID_RISK_UNIT,risk_unit == 0 or non-finite,NQZ21-CME,7778750,2021-10-01 15:30:59.876000+00:00,14663.5,{'stop_loss_price': 14663.5}
INVALID_RISK_UNIT,risk_unit == 0 or non-finite,NQZ21-CME,7778751,2021-10-01 15:30:59.876001+00:00,14663.5,{'stop_loss_price': 14663.5}
INVALID_RISK_UNIT,risk_unit == 0 or non-finite,NQZ21-CME,7778752,2021-10-01 15:30:59.876002+00:00,14663.5,{'stop_loss_price': 14663.5}
INVALID_RISK_UNIT,risk_unit == 0 or non-finite,NQZ21-CME,7778753,2021-10-01 15:30:59.876003+00:00,14663.5,{'stop_loss_price': 14663.5}
INVALID_RISK_UNIT,risk_unit == 0 or non-finite,NQZ21-CME,7781461,2021-10-01 15:33:20.803000+00:00,14679.75,{'stop_loss_price': 14679.75}
INVALID_RISK_UNIT,risk_unit == 0 or non-finite,NQZ21-CME,7781462,2021-10-01 15:33:20.803001+00:00,14679.75,{'stop_loss_price': 14679.75}
INVALID_RISK_UNIT,risk_unit == 0 or non-finite,NQZ21-CME,7803631,2021-10-01 15:57:00.564000+00:00,14683.25,{'stop_loss_price': 14683.25}
INVALID_RISK_UNIT,risk_unit == 0 or non-finite,NQZ21-CME,7824368,2021-10-01 16:23:28.887000+00:00,14676.5,{'stop_loss_price': 14676.5}
INVALID_RISK_UNIT,risk_unit == 0 or non-finite,NQZ21-CME,7824369,2021-10-01 16:23:28.887001+00:00,14676.5,{'stop_loss_price': 14676.5}
INVALID_RISK_UNIT,risk_unit == 0 or non-finite,NQZ21-CME,7824370,2021-10-01 16:23:28.887002+00:00,14676.5,{'stop_loss_price': 14676.5}
INVALID_RISK_UNIT,risk_unit == 0 or non-finite,NQZ21-CME,7839047,2021-10-01 16:45:31.360000+00:00,14681.0,{'stop_loss_price': 14681.0}
INVALID_RISK_UNIT,risk_unit == 0 or non-finite,NQZ21-CME,7845342,2021-10-01 16:53:18.517000+00:00,14662.0,{'stop_loss_price': 14662.0}
INVALID_RISK_UNIT,risk_unit == 0 or non-finite,NQZ21-CME,7847307,2021-10-01 16:55:30.620000+00:00,14663.5,{'stop_loss_price': 14663.5}
INVALID_RISK_UNIT,risk_unit == 0 or non-finite,NQZ21-CME,7890338,2021-10-01 18:00:05.137000+00:00,14719.75,{'stop_loss_price': 14719.75}
INVALID_RISK_UNIT,risk_unit == 0 or non-finite,NQZ21-CME,7890339,2021-10-01 18:00:05.174000+00:00,14719.75,{'stop_loss_price': 14719.75}
INVALID_RISK_UNIT,risk_unit == 0 or non-finite,NQZ21-CME,7890340,2021-10-01 18:00:05.174001+00:00,14719.75,{'stop_loss_price': 14719.75}
INVALID_RISK_UNIT,risk_unit == 0 or non-finite,NQZ21-CME,7890341,2021-10-01 18:00:05.174002+00:00,14719.75,{'stop_loss_price': 14719.75}
INVALID_RISK_UNIT,risk_unit == 0 or non-finite,NQZ21-CME,7890344,2021-10-01 18:00:05.239001+00:00,14719.75,{'stop_loss_price': 14719.75}
INVALID_RISK_UNIT,risk_unit == 0 or non-finite,NQZ21-CME,7929667,2021-10-01 19:06:09.531000+00:00,14795.75,{'stop_loss_price': 14795.75}
INVALID_RISK_UNIT,risk_unit == 0 or non-finite,NQZ21-CME,7929668,2021-10-01 19:06:09.531001+00:00,14795.75,{'stop_loss_price': 14795.75}
INVALID_RISK_UNIT,risk_unit == 0 or non-finite,NQZ21-CME,7929669,2021-10-01 19:06:09.531002+00:00,14795.75,{'stop_loss_price': 14795.75}
INVALID_RISK_UNIT,risk_unit == 0 or non-finite,NQZ21-CME,7929670,2021-10-01 19:06:09.531003+00:00,14795.75,{'stop_loss_price': 14795.75}
INVALID_RISK_UNIT,risk_unit == 0 or non-finite,NQZ21-CME,7966820,2021-10-01 19:51:00.749000+00:00,14779.0,{'stop_loss_price': 14779.0}
INVALID_RISK_UNIT,risk_unit == 0 or non-finite,NQZ21-CME,7966821,2021-10-01 19:51:00.749001+00:00,14779.0,{'stop_loss_price': 14779.0}
INVALID_RISK_UNIT,risk_unit == 0 or non-finite,NQZ21-CME,8126206,2021-10-04 13:31:39.225000+00:00,14711.75,{'stop_loss_price': 14711.75}
INVALID_RISK_UNIT,risk_unit == 0 or non-finite,NQZ21-CME,8134873,2021-10-04 13:34:01.867000+00:00,14679.75,{'stop_loss_price': 14679.75}
INVALID_RISK_UNIT,risk_unit == 0 or non-finite,NQZ21-CME,8134874,2021-10-04 13:34:01.867001+00:00,14679.75,{'stop_loss_price': 14679.75}
INVALID_RISK_UNIT,risk_unit == 0 or non-finite,NQZ21-CME,8150268,2021-10-04 13:39:17.226001+00:00,14657.5,{'stop_loss_price': 14657.5}
INVALID_RISK_UNIT,risk_unit == 0 or non-finite,NQZ21-CME,8150269,2021-10-04 13:39:17.226002+00:00,14657.5,{'stop_loss_price': 14657.5}
INVALID_RISK_UNIT,risk_unit == 0 or non-finite,NQZ21-CME,8150270,2021-10-04 13:39:17.226003+00:00,14657.5,{'stop_loss_price': 14657.5}
INVALID_RISK_UNIT,risk_unit == 0 or non-finite,NQZ21-CME,8150271,2021-10-04 13:39:17.226004+00:00,14657.5,{'stop_loss_price': 14657.5}
INVALID_RISK_UNIT,risk_unit == 0 or non-finite,NQZ21-CME,8150272,2021-10-04 13:39:17.226005+00:00,14657.5,{'stop_loss_price': 14657.5}
INVALID_RISK_UNIT,risk_unit == 0 or non-finite,NQZ21-CME,8150273,2021-10-04 13:39:17.226006+00:00,14657.5,{'stop_loss_price': 14657.5}
INVALID_RISK_UNIT,risk_unit == 0 or non-finite,NQZ21-CME,8150274,2021-10-04 13:39:17.226007+00:00,14657.5,{'stop_loss_price': 14657.5}
INVALID_RISK_UNIT,risk_unit == 0 or non-finite,NQZ21-CME,8151281,2021-10-04 13:39:51.533000+00:00,14656.0,{'stop_loss_price': 14656.0}
INVALID_RISK_UNIT,risk_unit == 0 or non-finite,NQZ21-CME,8156076,2021-10-04 13:41:06.683000+00:00,14631.0,{'stop_loss_price': 14631.0}
INVALID_RISK_UNIT,risk_unit == 0 or non-finite,NQZ21-CME,8156077,2021-10-04 13:41:06.683001+00:00,14631.0,{'stop_loss_price': 14631.0}
INVALID_RISK_UNIT,risk_unit == 0 or non-finite,NQZ21-CME,8156078,2021-10-04 13:41:06.684000+00:00,14631.0,{'stop_loss_price': 14631.0}
INVALID_RISK_UNIT,risk_unit == 0 or non-finite,NQZ21-CME,8156081,2021-10-04 13:41:06.753000+00:00,14631.0,{'stop_loss_price': 14631.0}
INVALID_RISK_UNIT,risk_unit == 0 or non-finite,NQZ21-CME,8210877,2021-10-04 14:03:11.432000+00:00,14555.5,{'stop_loss_price': 14555.5}
INVALID_RISK_UNIT,risk_unit == 0 or non-finite,NQZ21-CME,8210878,2021-10-04 14:03:11.440000+00:00,14555.5,{'stop_loss_price': 14555.5}
INVALID_RISK_UNIT,risk_unit == 0 or non-finite,NQZ21-CME,8210879,2021-10-04 14:03:11.440001+00:00,14555.5,{'stop_loss_price': 14555.5}
INVALID_RISK_UNIT,risk_unit == 0 or non-finite,NQZ21-CME,8217394,2021-10-04 14:06:08.779000+00:00,14567.0,{'stop_loss_price': 14567.0}
INVALID_RISK_UNIT,risk_unit == 0 or non-finite,NQZ21-CME,8262663,2021-10-04 14:29:20.555000+00:00,14519.75,{'stop_loss_price': 14519.75}
INVALID_RISK_UNIT,risk_unit == 0 or non-finite,NQZ21-CME,8299159,2021-10-04 14:40:03.109000+00:00,14448.75,{'stop_loss_price': 14448.75}
INVALID_RISK_UNIT,risk_unit == 0 or non-finite,NQZ21-CME,8299160,2021-10-04 14:40:03.109001+00:00,14448.75,{'stop_loss_price': 14448.75}
INVALID_RISK_UNIT,risk_unit == 0 or non-finite,NQZ21-CME,8299161,2021-10-04 14:40:03.109002+00:00,14448.75,{'stop_loss_price': 14448.75}
INVALID_RISK_UNIT,risk_unit == 0 or non-finite,NQZ21-CME,8299173,2021-10-04 14:40:03.169000+00:00,14448.5,{'stop_loss_price': 14448.5}
INVALID_RISK_UNIT,risk_unit == 0 or non-finite,NQZ21-CME,8299174,2021-10-04 14:40:03.171000+00:00,14448.5,{'stop_loss_price': 14448.5}
INVALID_RISK_UNIT,risk_unit == 0 or non-finite,NQZ21-CME,8299178,2021-10-04 14:40:03.196000+00:00,14448.5,{'stop_loss_price': 14448.5}
INVALID_RISK_UNIT,risk_unit == 0 or non-finite,NQZ21-CME,8327723,2021-10-04 14:53:16.771000+00:00,14426.25,{'stop_loss_price': 14426.25}
INVALID_RISK_UNIT,risk_unit == 0 or non-finite,NQZ21-CME,8357504,2021-10-04 15:07:17.041000+00:00,14440.75,{'stop_loss_price': 14440.75}
INVALID_RISK_UNIT,risk_unit == 0 or non-finite,NQZ21-CME,8371025,2021-10-04 15:15:03.285000+00:00,14455.5,{'stop_loss_price': 14455.5}
INVALID_RISK_UNIT,risk_unit == 0 or non-finite,NQZ21-CME,8421275,2021-10-04 15:44:40.736000+00:00,14400.5,{'stop_loss_price': 14400.5}
INVALID_RISK_UNIT,risk_unit == 0 or non-finite,NQZ21-CME,8460175,2021-10-04 16:20:23.254000+00:00,14431.0,{'stop_loss_price': 14431.0}
INVALID_RISK_UNIT,risk_unit == 0 or non-finite,NQZ21-CME,8519657,2021-10-04 17:11:15.758000+00:00,14415.5,{'stop_loss_price': 14415.5}
INVALID_RISK_UNIT,risk_unit == 0 or non-finite,NQZ21-CME,8519658,2021-10-04 17:11:15.758001+00:00,14415.5,{'stop_loss_price': 14415.5}
INVALID_RISK_UNIT,risk_unit == 0 or non-finite,NQZ21-CME,8523401,2021-10-04 17:15:01.491001+00:00,14429.5,{'stop_loss_price': 14429.5}
INVALID_RISK_UNIT,risk_unit == 0 or non-finite,NQZ21-CME,8539579,2021-10-04 17:31:40.474000+00:00,14403.75,{'stop_loss_price': 14403.75}
INVALID_RISK_UNIT,risk_unit == 0 or non-finite,NQZ21-CME,8540471,2021-10-04 17:32:43.204000+00:00,14403.0,{'stop_loss_price': 14403.0}
INVALID_RISK_UNIT,risk_unit == 0 or non-finite,NQZ21-CME,8540472,2021-10-04 17:32:43.204001+00:00,14403.0,{'stop_loss_price': 14403.0}
INVALID_RISK_UNIT,risk_unit == 0 or non-finite,NQZ21-CME,8540473,2021-10-04 17:32:43.204002+00:00,14403.0,{'stop_loss_price': 14403.0}
INVALID_RISK_UNIT,risk_unit == 0 or non-finite,NQZ21-CME,8542874,2021-10-04 17:35:07.589000+00:00,14410.75,{'stop_loss_price': 14410.75}
INVALID_RISK_UNIT,risk_unit == 0 or non-finite,NQZ21-CME,8571886,2021-10-04 18:07:52.821000+00:00,14446.75,{'stop_loss_price': 14446.75}
INVALID_RISK_UNIT,risk_unit == 0 or non-finite,NQZ21-CME,8571887,2021-10-04 18:07:52.821001+00:00,14446.75,{'stop_loss_price': 14446.75}
INVALID_RISK_UNIT,risk_unit == 0 or non-finite,NQZ21-CME,8571888,2021-10-04 18:07:52.821002+00:00,14446.75,{'stop_loss_price': 14446.75}
INVALID_RISK_UNIT,risk_unit == 0 or non-finite,NQZ21-CME,8581450,2021-10-04 18:18:32.816000+00:00,14435.0,{'stop_loss_price': 14435.0}
INVALID_RISK_UNIT,risk_unit == 0 or non-finite,NQZ21-CME,8601374,2021-10-04 18:39:52.372002+00:00,14430.25,{'stop_loss_price': 14430.25}
INVALID_RISK_UNIT,risk_unit == 0 or non-finite,NQZ21-CME,8601375,2021-10-04 18:39:52.374000+00:00,14430.25,{'stop_loss_price': 14430.25}
INVALID_RISK_UNIT,risk_unit == 0 or non-finite,NQZ21-CME,8606516,2021-10-04 18:45:46.746000+00:00,14439.75,{'stop_loss_price': 14439.75}
INVALID_RISK_UNIT,risk_unit == 0 or non-finite,NQZ21-CME,8611529,2021-10-04 18:50:34.231000+00:00,14459.0,{'stop_loss_price': 14459.0}
INVALID_RISK_UNIT,risk_unit == 0 or non-finite,NQZ21-CME,8613866,2021-10-04 18:52:59.145000+00:00,14449.5,{'stop_loss_price': 14449.5}
INVALID_RISK_UNIT,risk_unit == 0 or non-finite,NQZ21-CME,8613867,2021-10-04 18:52:59.145001+00:00,14449.5,{'stop_loss_price': 14449.5}
INVALID_RISK_UNIT,risk_unit == 0 or non-finite,NQZ21-CME,8613868,2021-10-04 18:52:59.145002+00:00,14449.5,{'stop_loss_price': 14449.5}
INVALID_RISK_UNIT,risk_unit == 0 or non-finite,NQZ21-CME,8616237,2021-10-04 18:56:14.915006+00:00,14451.5,{'stop_loss_price': 14451.5}
INVALID_RISK_UNIT,risk_unit == 0 or non-finite,NQZ21-CME,8616238,2021-10-04 18:56:14.915007+00:00,14451.5,{'stop_loss_price': 14451.5}
INVALID_RISK_UNIT,risk_unit == 0 or non-finite,NQZ21-CME,8616239,2021-10-04 18:56:14.915008+00:00,14451.5,{'stop_loss_price': 14451.5}
INVALID_RISK_UNIT,risk_unit == 0 or non-finite,NQZ21-CME,8616244,2021-10-04 18:56:14.927000+00:00,14451.5,{'stop_loss_price': 14451.5}
INVALID_RISK_UNIT,risk_unit == 0 or non-finite,NQZ21-CME,8616245,2021-10-04 18:56:14.927001+00:00,14451.5,{'stop_loss_price': 14451.5}
INVALID_RISK_UNIT,risk_unit == 0 or non-finite,NQZ21-CME,8672113,2021-10-04 19:44:20.886000+00:00,14444.0,{'stop_loss_price': 14444.0}
INVALID_RISK_UNIT,risk_unit == 0 or non-finite,NQZ21-CME,8722856,2021-10-04 20:50:45.078002+00:00,14492.5,{'stop_loss_price': 14492.5}
INVALID_RISK_UNIT,risk_unit == 0 or non-finite,NQZ21-CME,8731485,2021-10-04 23:47:14.316000+00:00,14486.75,{'stop_loss_price': 14486.75}
INVALID_RISK_UNIT,risk_unit == 0 or non-finite,NQZ21-CME,8731486,2021-10-04 23:47:14.316001+00:00,14486.75,{'stop_loss_price': 14486.75}
INVALID_RISK_UNIT,risk_unit == 0 or non-finite,NQZ21-CME,8806859,2021-10-05 09:39:42.373000+00:00,14536.0,{'stop_loss_price': 14536.0}
INVALID_RISK_UNIT,risk_unit == 0 or non-finite,NQZ21-CME,8857709,2021-10-05 13:33:00.212000+00:00,14550.0,{'stop_loss_price': 14550.0}
INVALID_RISK_UNIT,risk_unit == 0 or non-finite,NQZ21-CME,8862343,2021-10-05 13:34:16.935000+00:00,14535.0,{'stop_loss_price': 14535.0}
INVALID_RISK_UNIT,risk_unit == 0 or non-finite,NQZ21-CME,8890188,2021-10-05 13:43:12.311000+00:00,14545.5,{'stop_loss_price': 14545.5}
INVALID_RISK_UNIT,risk_unit == 0 or non-finite,NQZ21-CME,8890189,2021-10-05 13:43:12.311001+00:00,14545.5,{'stop_loss_price': 14545.5}
INVALID_RISK_UNIT,risk_unit == 0 or non-finite,NQZ21-CME,8890190,2021-10-05 13:43:12.312000+00:00,14545.5,{'stop_loss_price': 14545.5}
INVALID_RISK_UNIT,risk_unit == 0 or non-finite,NQZ21-CME,8890191,2021-10-05 13:43:12.312001+00:00,14545.5,{'stop_loss_price': 14545.5}
INVALID_RISK_UNIT,risk_unit == 0 or non-finite,NQZ21-CME,8897187,2021-10-05 13:46:23.891000+00:00,14556.0,{'stop_loss_price': 14556.0}
INVALID_RISK_UNIT,risk_unit == 0 or non-finite,NQZ21-CME,8903739,2021-10-05 13:49:40.658004+00:00,14566.25,{'stop_loss_price': 14566.25}
INVALID_RISK_UNIT,risk_unit == 0 or non-finite,NQZ21-CME,9029762,2021-10-05 15:24:52.799000+00:00,14688.5,{'stop_loss_price': 14688.5}
INVALID_RISK_UNIT,risk_unit == 0 or non-finite,NQZ21-CME,9044194,2021-10-05 15:40:55.172000+00:00,14673.5,{'stop_loss_price': 14673.5}
INVALID_RISK_UNIT,risk_unit == 0 or non-finite,NQZ21-CME,9044195,2021-10-05 15:40:55.265000+00:00,14673.5,{'stop_loss_price': 14673.5}
INVALID_RISK_UNIT,risk_unit == 0 or non-finite,NQZ21-CME,9044197,2021-10-05 15:40:55.406000+00:00,14673.5,{'stop_loss_price': 14673.5}
INVALID_RISK_UNIT,risk_unit == 0 or non-finite,NQZ21-CME,9116819,2021-10-05 17:30:58.693000+00:00,14724.25,{'stop_loss_price': 14724.25}
INVALID_RISK_UNIT,risk_unit == 0 or non-finite,NQZ21-CME,9127718,2021-10-05 17:48:59.850000+00:00,14734.5,{'stop_loss_price': 14734.5}
INVALID_RISK_UNIT,risk_unit == 0 or non-finite,NQZ21-CME,9293428,2021-10-06 06:26:48.706000+00:00,14567.5,{'stop_loss_price': 14567.5}
INVALID_RISK_UNIT,risk_unit == 0 or non-finite,NQZ21-CME,9293429,2021-10-06 06:26:48.706001+00:00,14567.5,{'stop_loss_price': 14567.5}
INVALID_RISK_UNIT,risk_unit == 0 or non-finite,NQZ21-CME,9293430,2021-10-06 06:26:48.706002+00:00,14567.5,{'stop_loss_price': 14567.5}
INVALID_RISK_UNIT,risk_unit == 0 or non-finite,NQZ21-CME,9294954,2021-10-06 06:39:14.504000+00:00,14565.0,{'stop_loss_price': 14565.0}
INVALID_RISK_UNIT,risk_unit == 0 or non-finite,NQZ21-CME,9299271,2021-10-06 07:02:55.444000+00:00,14558.25,{'stop_loss_price': 14558.25}
INVALID_RISK_UNIT,risk_unit == 0 or non-finite,NQZ21-CME,9299272,2021-10-06 07:02:55.444001+00:00,14558.25,{'stop_loss_price': 14558.25}
INVALID_RISK_UNIT,risk_unit == 0 or non-finite,NQZ21-CME,9299273,2021-10-06 07:02:55.444002+00:00,14558.25,{'stop_loss_price': 14558.25}
INVALID_RISK_UNIT,risk_unit == 0 or non-finite,NQZ21-CME,9299274,2021-10-06 07:02:55.444003+00:00,14558.25,{'stop_loss_price': 14558.25}
INVALID_RISK_UNIT,risk_unit == 0 or non-finite,NQZ21-CME,9299275,2021-10-06 07:02:55.773000+00:00,14558.25,{'stop_loss_price': 14558.25}
INVALID_RISK_UNIT,risk_unit == 0 or non-finite,NQZ21-CME,9299280,2021-10-06 07:02:55.894000+00:00,14558.25,{'stop_loss_price': 14558.25}
INVALID_RISK_UNIT,risk_unit == 0 or non-finite,NQZ21-CME,9325921,2021-10-06 08:17:24.851000+00:00,14485.5,{'stop_loss_price': 14485.5}
INVALID_RISK_UNIT,risk_unit == 0 or non-finite,NQZ21-CME,9342649,2021-10-06 09:36:06.714000+00:00,14432.25,{'stop_loss_price': 14432.25}
INVALID_RISK_UNIT,risk_unit == 0 or non-finite,NQZ21-CME,9361179,2021-10-06 11:28:12.827000+00:00,14467.5,{'stop_loss_price': 14467.5}
INVALID_RISK_UNIT,risk_unit == 0 or non-finite,NQZ21-CME,9361180,2021-10-06 11:28:12.827001+00:00,14467.5,{'stop_loss_price': 14467.5}
INVALID_RISK_UNIT,risk_unit == 0 or non-finite,NQZ21-CME,9361208,2021-10-06 11:28:17.032016+00:00,14467.5,{'stop_loss_price': 14467.5}
INVALID_RISK_UNIT,risk_unit == 0 or non-finite,NQZ21-CME,9361209,2021-10-06 11:28:17.032017+00:00,14467.5,{'stop_loss_price': 14467.5}
INVALID_RISK_UNIT,risk_unit == 0 or non-finite,NQZ21-CME,9361210,2021-10-06 11:28:17.032018+00:00,14467.5,{'stop_loss_price': 14467.5}
INVALID_RISK_UNIT,risk_unit == 0 or non-finite,NQZ21-CME,9361211,2021-10-06 11:28:17.032019+00:00,14467.5,{'stop_loss_price': 14467.5}
INVALID_RISK_UNIT,risk_unit == 0 or non-finite,NQZ21-CME,9361212,2021-10-06 11:28:17.032020+00:00,14467.5,{'stop_loss_price': 14467.5}
INVALID_RISK_UNIT,risk_unit == 0 or non-finite,NQZ21-CME,9361213,2021-10-06 11:28:17.032021+00:00,14467.5,{'stop_loss_price': 14467.5}
INVALID_RISK_UNIT,risk_unit == 0 or non-finite,NQZ21-CME,9375901,2021-10-06 12:24:22.317000+00:00,14491.5,{'stop_loss_price': 14491.5}
INVALID_RISK_UNIT,risk_unit == 0 or non-finite,NQZ21-CME,9384151,2021-10-06 12:48:27.093000+00:00,14515.0,{'stop_loss_price': 14515.0}
INVALID_RISK_UNIT,risk_unit == 0 or non-finite,NQZ21-CME,9409840,2021-10-06 13:32:24.920000+00:00,14553.25,{'stop_loss_price': 14553.25}
INVALID_RISK_UNIT,risk_unit == 0 or non-finite,NQZ21-CME,9422743,2021-10-06 13:36:53.214000+00:00,14590.0,{'stop_loss_price': 14590.0}
INVALID_RISK_UNIT,risk_unit == 0 or non-finite,NQZ21-CME,9434099,2021-10-06 13:41:35.171000+00:00,14605.0,{'stop_loss_price': 14605.0}
INVALID_RISK_UNIT,risk_unit == 0 or non-finite,NQZ21-CME,9460995,2021-10-06 13:52:59.139000+00:00,14581.25,{'stop_loss_price': 14581.25}
INVALID_RISK_UNIT,risk_unit == 0 or non-finite,NQZ21-CME,9460996,2021-10-06 13:52:59.139001+00:00,14581.25,{'stop_loss_price': 14581.25}
INVALID_RISK_UNIT,risk_unit == 0 or non-finite,NQZ21-CME,9460997,2021-10-06 13:52:59.140000+00:00,14581.25,{'stop_loss_price': 14581.25}
INVALID_RISK_UNIT,risk_unit == 0 or non-finite,NQZ21-CME,9507532,2021-10-06 14:08:04.755000+00:00,14517.75,{'stop_loss_price': 14517.75}
INVALID_RISK_UNIT,risk_unit == 0 or non-finite,NQZ21-CME,9507533,2021-10-06 14:08:04.762000+00:00,14517.75,{'stop_loss_price': 14517.75}
INVALID_RISK_UNIT,risk_unit == 0 or non-finite,NQZ21-CME,9507534,2021-10-06 14:08:04.762001+00:00,14517.75,{'stop_loss_price': 14517.75}
INVALID_RISK_UNIT,risk_unit == 0 or non-finite,NQZ21-CME,9507535,2021-10-06 14:08:04.763000+00:00,14517.75,{'stop_loss_price': 14517.75}
INVALID_RISK_UNIT,risk_unit == 0 or non-finite,NQZ21-CME,9507536,2021-10-06 14:08:04.766000+00:00,14517.75,{'stop_loss_price': 14517.75}
INVALID_RISK_UNIT,risk_unit == 0 or non-finite,NQZ21-CME,9602280,2021-10-06 14:48:06.836000+00:00,14633.5,{'stop_loss_price': 14633.5}
INVALID_RISK_UNIT,risk_unit == 0 or non-finite,NQZ21-CME,9609168,2021-10-06 14:51:10.545000+00:00,14664.25,{'stop_loss_price': 14664.25}
INVALID_RISK_UNIT,risk_unit == 0 or non-finite,NQZ21-CME,9609169,2021-10-06 14:51:10.545001+00:00,14664.25,{'stop_loss_price': 14664.25}
INVALID_RISK_UNIT,risk_unit == 0 or non-finite,NQZ21-CME,9609170,2021-10-06 14:51:10.545002+00:00,14664.25,{'stop_loss_price': 14664.25}
INVALID_RISK_UNIT,risk_unit == 0 or non-finite,NQZ21-CME,9651248,2021-10-06 15:21:22.950000+00:00,14599.25,{'stop_loss_price': 14599.25}
INVALID_RISK_UNIT,risk_unit == 0 or non-finite,NQZ21-CME,9651249,2021-10-06 15:21:22.950001+00:00,14599.25,{'stop_loss_price': 14599.25}
INVALID_RISK_UNIT,risk_unit == 0 or non-finite,NQZ21-CME,9651250,2021-10-06 15:21:22.950002+00:00,14599.25,{'stop_loss_price': 14599.25}
INVALID_RISK_UNIT,risk_unit == 0 or non-finite,NQZ21-CME,9651251,2021-10-06 15:21:22.950003+00:00,14599.25,{'stop_loss_price': 14599.25}
INVALID_RISK_UNIT,risk_unit == 0 or non-finite,NQZ21-CME,9651252,2021-10-06 15:21:22.950004+00:00,14599.25,{'stop_loss_price': 14599.25}
INVALID_RISK_UNIT,risk_unit == 0 or non-finite,NQZ21-CME,9651253,2021-10-06 15:21:22.993000+00:00,14599.25,{'stop_loss_price': 14599.25}
INVALID_RISK_UNIT,risk_unit == 0 or non-finite,NQZ21-CME,9708610,2021-10-06 16:10:40.190000+00:00,14604.5,{'stop_loss_price': 14604.5}
INVALID_RISK_UNIT,risk_unit == 0 or non-finite,NQZ21-CME,9736465,2021-10-06 16:40:42.387000+00:00,14605.5,{'stop_loss_price': 14605.5}
INVALID_RISK_UNIT,risk_unit == 0 or non-finite,NQZ21-CME,9736466,2021-10-06 16:40:42.804000+00:00,14605.5,{'stop_loss_price': 14605.5}
INVALID_RISK_UNIT,risk_unit == 0 or non-finite,NQZ21-CME,9759522,2021-10-06 17:09:13.902000+00:00,14588.25,{'stop_loss_price': 14588.25}
INVALID_RISK_UNIT,risk_unit == 0 or non-finite,NQZ21-CME,9759523,2021-10-06 17:09:13.902001+00:00,14588.25,{'stop_loss_price': 14588.25}
INVALID_RISK_UNIT,risk_unit == 0 or non-finite,NQZ21-CME,9786633,2021-10-06 17:38:40.577000+00:00,14687.0,{'stop_loss_price': 14687.0}
INVALID_RISK_UNIT,risk_unit == 0 or non-finite,NQZ21-CME,9786634,2021-10-06 17:38:40.577001+00:00,14687.0,{'stop_loss_price': 14687.0}
INVALID_RISK_UNIT,risk_unit == 0 or non-finite,NQZ21-CME,9786635,2021-10-06 17:38:40.577002+00:00,14687.0,{'stop_loss_price': 14687.0}
INVALID_RISK_UNIT,risk_unit == 0 or non-finite,NQZ21-CME,9786636,2021-10-06 17:38:40.580000+00:00,14687.0,{'stop_loss_price': 14687.0}
INVALID_RISK_UNIT,risk_unit == 0 or non-finite,NQZ21-CME,9786637,2021-10-06 17:38:40.580001+00:00,14687.0,{'stop_loss_price': 14687.0}
INVALID_RISK_UNIT,risk_unit == 0 or non-finite,NQZ21-CME,9797232,2021-10-06 17:50:52.782000+00:00,14686.75,{'stop_loss_price': 14686.75}
INVALID_RISK_UNIT,risk_unit == 0 or non-finite,NQZ21-CME,9820352,2021-10-06 18:11:42.414000+00:00,14723.25,{'stop_loss_price': 14723.25}
INVALID_RISK_UNIT,risk_unit == 0 or non-finite,NQZ21-CME,9820353,2021-10-06 18:11:42.414001+00:00,14723.25,{'stop_loss_price': 14723.25}
INVALID_RISK_UNIT,risk_unit == 0 or non-finite,NQZ21-CME,9854839,2021-10-06 18:56:59.481000+00:00,14723.0,{'stop_loss_price': 14723.0}
INVALID_RISK_UNIT,risk_unit == 0 or non-finite,NQZ21-CME,9856109,2021-10-06 18:58:40.114000+00:00,14717.75,{'stop_loss_price': 14717.75}
INVALID_RISK_UNIT,risk_unit == 0 or non-finite,NQZ21-CME,9856110,2021-10-06 18:58:40.114001+00:00,14717.75,{'stop_loss_price': 14717.75}
INVALID_RISK_UNIT,risk_unit == 0 or non-finite,NQZ21-CME,9897200,2021-10-06 19:50:28.983004+00:00,14733.75,{'stop_loss_price': 14733.75}
INVALID_RISK_UNIT,risk_unit == 0 or non-finite,NQZ21-CME,9897201,2021-10-06 19:50:28.983005+00:00,14733.75,{'stop_loss_price': 14733.75}
INVALID_RISK_UNIT,risk_unit == 0 or non-finite,NQZ21-CME,9897202,2021-10-06 19:50:28.983006+00:00,14733.75,{'stop_loss_price': 14733.75}
INVALID_RISK_UNIT,risk_unit == 0 or non-finite,NQZ21-CME,9897203,2021-10-06 19:50:28.983007+00:00,14733.75,{'stop_loss_price': 14733.75}
INVALID_RISK_UNIT,risk_unit == 0 or non-finite,NQZ21-CME,9927103,2021-10-06 22:55:42.764000+00:00,14809.25,{'stop_loss_price': 14809.25}
INVALID_RISK_UNIT,risk_unit == 0 or non-finite,NQZ21-CME,9928434,2021-10-06 23:04:36.258000+00:00,14826.5,{'stop_loss_price': 14826.5}
INVALID_RISK_UNIT,risk_unit == 0 or non-finite,NQZ21-CME,9973633,2021-10-07 07:01:34.093000+00:00,14880.75,{'stop_loss_price': 14880.75}
INVALID_RISK_UNIT,risk_unit == 0 or non-finite,NQZ21-CME,10025730,2021-10-07 12:50:46.307000+00:00,14925.75,{'stop_loss_price': 14925.75}
INVALID_RISK_UNIT,risk_unit == 0 or non-finite,NQZ21-CME,10025731,2021-10-07 12:50:46.307001+00:00,14925.75,{'stop_loss_price': 14925.75}
INVALID_RISK_UNIT,risk_unit == 0 or non-finite,NQZ21-CME,10036814,2021-10-07 13:25:02.817000+00:00,14880.25,{'stop_loss_price': 14880.25}
INVALID_RISK_UNIT,risk_unit == 0 or non-finite,NQZ21-CME,10036815,2021-10-07 13:25:02.817001+00:00,14880.25,{'stop_loss_price': 14880.25}
INVALID_RISK_UNIT,risk_unit == 0 or non-finite,NQZ21-CME,10116452,2021-10-07 14:02:46.246000+00:00,14972.25,{'stop_loss_price': 14972.25}
INVALID_RISK_UNIT,risk_unit == 0 or non-finite,NQZ21-CME,10116453,2021-10-07 14:02:46.247000+00:00,14972.25,{'stop_loss_price': 14972.25}
INVALID_RISK_UNIT,risk_unit == 0 or non-finite,NQZ21-CME,10116454,2021-10-07 14:02:46.247001+00:00,14972.25,{'stop_loss_price': 14972.25}
INVALID_RISK_UNIT,risk_unit == 0 or non-finite,NQZ21-CME,10138750,2021-10-07 14:20:52.448000+00:00,14982.0,{'stop_loss_price': 14982.0}
INVALID_RISK_UNIT,risk_unit == 0 or non-finite,NQZ21-CME,10146073,2021-10-07 14:27:19.555000+00:00,14982.25,{'stop_loss_price': 14982.25}
INVALID_RISK_UNIT,risk_unit == 0 or non-finite,NQZ21-CME,10146074,2021-10-07 14:27:19.555001+00:00,14982.25,{'stop_loss_price': 14982.25}
INVALID_RISK_UNIT,risk_unit == 0 or non-finite,NQZ21-CME,10146076,2021-10-07 14:27:19.950001+00:00,14982.25,{'stop_loss_price': 14982.25}
INVALID_RISK_UNIT,risk_unit == 0 or non-finite,NQZ21-CME,10153523,2021-10-07 14:34:49.886000+00:00,14988.25,{'stop_loss_price': 14988.25}
INVALID_RISK_UNIT,risk_unit == 0 or non-finite,NQZ21-CME,10168744,2021-10-07 14:53:27.496000+00:00,14983.0,{'stop_loss_price': 14983.0}
INVALID_RISK_UNIT,risk_unit == 0 or non-finite,NQZ21-CME,10170212,2021-10-07 14:56:19.096000+00:00,14988.25,{'stop_loss_price': 14988.25}
INVALID_RISK_UNIT,risk_unit == 0 or non-finite,NQZ21-CME,10170213,2021-10-07 14:56:19.096001+00:00,14988.25,{'stop_loss_price': 14988.25}
INVALID_RISK_UNIT,risk_unit == 0 or non-finite,NQZ21-CME,10170214,2021-10-07 14:56:19.096002+00:00,14988.25,{'stop_loss_price': 14988.25}
INVALID_RISK_UNIT,risk_unit == 0 or non-finite,NQZ21-CME,10170215,2021-10-07 14:56:19.096003+00:00,14988.25,{'stop_loss_price': 14988.25}
INVALID_RISK_UNIT,risk_unit == 0 or non-finite,NQZ21-CME,10170216,2021-10-07 14:56:19.096004+00:00,14988.25,{'stop_loss_price': 14988.25}
INVALID_RISK_UNIT,risk_unit == 0 or non-finite,NQZ21-CME,10214904,2021-10-07 16:07:04.712000+00:00,14991.25,{'stop_loss_price': 14991.25}
INVALID_RISK_UNIT,risk_unit == 0 or non-finite,NQZ21-CME,10234144,2021-10-07 16:46:27.537000+00:00,14972.75,{'stop_loss_price': 14972.75}
INVALID_RISK_UNIT,risk_unit == 0 or non-finite,NQZ21-CME,10248235,2021-10-07 17:27:09.410000+00:00,14973.5,{'stop_loss_price': 14973.5}
INVALID_RISK_UNIT,risk_unit == 0 or non-finite,NQZ21-CME,10257360,2021-10-07 17:55:35.607000+00:00,14971.75,{'stop_loss_price': 14971.75}
INVALID_RISK_UNIT,risk_unit == 0 or non-finite,NQZ21-CME,10257361,2021-10-07 17:55:36.421000+00:00,14971.75,{'stop_loss_price': 14971.75}
INVALID_RISK_UNIT,risk_unit == 0 or non-finite,NQZ21-CME,10257362,2021-10-07 17:55:36.707000+00:00,14971.75,{'stop_loss_price': 14971.75}
INVALID_RISK_UNIT,risk_unit == 0 or non-finite,NQZ21-CME,10257363,2021-10-07 17:55:36.707001+00:00,14971.75,{'stop_loss_price': 14971.75}
INVALID_RISK_UNIT,risk_unit == 0 or non-finite,NQZ21-CME,10257366,2021-10-07 17:55:37.198000+00:00,14971.75,{'stop_loss_price': 14971.75}
INVALID_RISK_UNIT,risk_unit == 0 or non-finite,NQZ21-CME,10257367,2021-10-07 17:55:37.198001+00:00,14971.75,{'stop_loss_price': 14971.75}
INVALID_RISK_UNIT,risk_unit == 0 or non-finite,NQZ21-CME,10257368,2021-10-07 17:55:37.198002+00:00,14971.75,{'stop_loss_price': 14971.75}
INVALID_RISK_UNIT,risk_unit == 0 or non-finite,NQZ21-CME,10262170,2021-10-07 18:03:32.376000+00:00,14953.0,{'stop_loss_price': 14953.0}
INVALID_RISK_UNIT,risk_unit == 0 or non-finite,NQZ21-CME,10262171,2021-10-07 18:03:32.376001+00:00,14953.0,{'stop_loss_price': 14953.0}
INVALID_RISK_UNIT,risk_unit == 0 or non-finite,NQZ21-CME,10293242,2021-10-07 18:55:10.700000+00:00,14924.0,{'stop_loss_price': 14924.0}
INVALID_RISK_UNIT,risk_unit == 0 or non-finite,NQZ21-CME,10293243,2021-10-07 18:55:10.833000+00:00,14924.0,{'stop_loss_price': 14924.0}
INVALID_RISK_UNIT,risk_unit == 0 or non-finite,NQZ21-CME,10302538,2021-10-07 19:07:00.981002+00:00,14939.25,{'stop_loss_price': 14939.25}
INVALID_RISK_UNIT,risk_unit == 0 or non-finite,NQZ21-CME,10302539,2021-10-07 19:07:01.041000+00:00,14939.25,{'stop_loss_price': 14939.25}
INVALID_RISK_UNIT,risk_unit == 0 or non-finite,NQZ21-CME,10314824,2021-10-07 19:27:13.334000+00:00,14933.75,{'stop_loss_price': 14933.75}
INVALID_RISK_UNIT,risk_unit == 0 or non-finite,NQZ21-CME,10314825,2021-10-07 19:27:13.334001+00:00,14933.75,{'stop_loss_price': 14933.75}
INVALID_RISK_UNIT,risk_unit == 0 or non-finite,NQZ21-CME,10314826,2021-10-07 19:27:13.334002+00:00,14933.75,{'stop_loss_price': 14933.75}
INVALID_RISK_UNIT,risk_unit == 0 or non-finite,NQZ21-CME,10393141,2021-10-08 03:25:14.941000+00:00,14889.5,{'stop_loss_price': 14889.5}
INVALID_RISK_UNIT,risk_unit == 0 or non-finite,NQZ21-CME,10401624,2021-10-08 05:40:21.483001+00:00,14859.0,{'stop_loss_price': 14859.0}
INVALID_RISK_UNIT,risk_unit == 0 or non-finite,NQZ21-CME,10438826,2021-10-08 11:10:50.220000+00:00,14892.25,{'stop_loss_price': 14892.25}
INVALID_RISK_UNIT,risk_unit == 0 or non-finite,NQZ21-CME,10491185,2021-10-08 13:03:02.157000+00:00,14958.0,{'stop_loss_price': 14958.0}
INVALID_RISK_UNIT,risk_unit == 0 or non-finite,NQZ21-CME,10550340,2021-10-08 13:45:55.576000+00:00,14885.5,{'stop_loss_price': 14885.5}
INVALID_RISK_UNIT,risk_unit == 0 or non-finite,NQZ21-CME,10555297,2021-10-08 13:47:08.983000+00:00,14868.75,{'stop_loss_price': 14868.75}
INVALID_RISK_UNIT,risk_unit == 0 or non-finite,NQZ21-CME,10572985,2021-10-08 13:57:11.774000+00:00,14885.25,{'stop_loss_price': 14885.25}
INVALID_RISK_UNIT,risk_unit == 0 or non-finite,NQZ21-CME,10575145,2021-10-08 13:58:44.712000+00:00,14871.25,{'stop_loss_price': 14871.25}
INVALID_RISK_UNIT,risk_unit == 0 or non-finite,NQZ21-CME,10595601,2021-10-08 14:11:23.868000+00:00,14878.75,{'stop_loss_price': 14878.75}
INVALID_RISK_UNIT,risk_unit == 0 or non-finite,NQZ21-CME,10604311,2021-10-08 14:17:38.090000+00:00,14893.25,{'stop_loss_price': 14893.25}
INVALID_RISK_UNIT,risk_unit == 0 or non-finite,NQZ21-CME,10604312,2021-10-08 14:17:38.090001+00:00,14893.25,{'stop_loss_price': 14893.25}
INVALID_RISK_UNIT,risk_unit == 0 or non-finite,NQZ21-CME,10632532,2021-10-08 14:40:32.833000+00:00,14856.0,{'stop_loss_price': 14856.0}
INVALID_RISK_UNIT,risk_unit == 0 or non-finite,NQZ21-CME,10632533,2021-10-08 14:40:32.833001+00:00,14856.0,{'stop_loss_price': 14856.0}
INVALID_RISK_UNIT,risk_unit == 0 or non-finite,NQZ21-CME,10632534,2021-10-08 14:40:32.833002+00:00,14856.0,{'stop_loss_price': 14856.0}
INVALID_RISK_UNIT,risk_unit == 0 or non-finite,NQZ21-CME,10634265,2021-10-08 14:41:00.014000+00:00,14839.5,{'stop_loss_price': 14839.5}
INVALID_RISK_UNIT,risk_unit == 0 or non-finite,NQZ21-CME,10665116,2021-10-08 15:03:18.853000+00:00,14857.25,{'stop_loss_price': 14857.25}
INVALID_RISK_UNIT,risk_unit == 0 or non-finite,NQZ21-CME,10671424,2021-10-08 15:09:53.209000+00:00,14856.75,{'stop_loss_price': 14856.75}
INVALID_RISK_UNIT,risk_unit == 0 or non-finite,NQZ21-CME,10769056,2021-10-08 17:25:37.013000+00:00,14797.5,{'stop_loss_price': 14797.5}
INVALID_RISK_UNIT,risk_unit == 0 or non-finite,NQZ21-CME,10776694,2021-10-08 17:39:00.096000+00:00,14798.5,{'stop_loss_price': 14798.5}
INVALID_RISK_UNIT,risk_unit == 0 or non-finite,NQZ21-CME,10776695,2021-10-08 17:39:00.096001+00:00,14798.5,{'stop_loss_price': 14798.5}
INVALID_RISK_UNIT,risk_unit == 0 or non-finite,NQZ21-CME,10785064,2021-10-08 17:57:11.523000+00:00,14827.25,{'stop_loss_price': 14827.25}
INVALID_RISK_UNIT,risk_unit == 0 or non-finite,NQZ21-CME,10806403,2021-10-08 18:37:42.307000+00:00,14852.25,{'stop_loss_price': 14852.25}
INVALID_RISK_UNIT,risk_unit == 0 or non-finite,NQZ21-CME,10828585,2021-10-08 19:25:45.996000+00:00,14844.0,{'stop_loss_price': 14844.0}
INVALID_RISK_UNIT,risk_unit == 0 or non-finite,NQZ21-CME,10828586,2021-10-08 19:25:45.996001+00:00,14844.0,{'stop_loss_price': 14844.0}
INVALID_RISK_UNIT,risk_unit == 0 or non-finite,NQZ21-CME,10835196,2021-10-08 19:36:42.736000+00:00,14823.25,{'stop_loss_price': 14823.25}
INVALID_RISK_UNIT,risk_unit == 0 or non-finite,NQZ21-CME,10835197,2021-10-08 19:36:42.736001+00:00,14823.25,{'stop_loss_price': 14823.25}
INVALID_RISK_UNIT,risk_unit == 0 or non-finite,NQZ21-CME,10835198,2021-10-08 19:36:42.737000+00:00,14823.25,{'stop_loss_price': 14823.25}
INVALID_RISK_UNIT,risk_unit == 0 or non-finite,NQZ21-CME,10835199,2021-10-08 19:36:42.788000+00:00,14823.25,{'stop_loss_price': 14823.25}
INVALID_RISK_UNIT,risk_unit == 0 or non-finite,NQZ21-CME,10835200,2021-10-08 19:36:42.789000+00:00,14823.25,{'stop_loss_price': 14823.25}
INVALID_RISK_UNIT,risk_unit == 0 or non-finite,NQZ21-CME,10835201,2021-10-08 19:36:42.789001+00:00,14823.25,{'stop_loss_price': 14823.25}
INVALID_RISK_UNIT,risk_unit == 0 or non-finite,NQZ21-CME,10835204,2021-10-08 19:36:42.860000+00:00,14823.25,{'stop_loss_price': 14823.25}
INVALID_RISK_UNIT,risk_unit == 0 or non-finite,NQZ21-CME,10835205,2021-10-08 19:36:43.010000+00:00,14823.25,{'stop_loss_price': 14823.25}
INVALID_RISK_UNIT,risk_unit == 0 or non-finite,NQZ21-CME,10865767,2021-10-08 20:31:22.057002+00:00,14797.75,{'stop_loss_price': 14797.75}
INVALID_RISK_UNIT,risk_unit == 0 or non-finite,NQZ21-CME,10865768,2021-10-08 20:31:22.057003+00:00,14797.75,{'stop_loss_price': 14797.75}
INVALID_RISK_UNIT,risk_unit == 0 or non-finite,NQZ21-CME,10869373,2021-10-10 22:13:07.628000+00:00,14786.5,{'stop_loss_price': 14786.5}
INVALID_RISK_UNIT,risk_unit == 0 or non-finite,NQZ21-CME,10897836,2021-10-11 02:15:24.136000+00:00,14761.75,{'stop_loss_price': 14761.75}
INVALID_RISK_UNIT,risk_unit == 0 or non-finite,NQZ21-CME,10917521,2021-10-11 06:31:05.200000+00:00,14730.25,{'stop_loss_price': 14730.25}
INVALID_RISK_UNIT,risk_unit == 0 or non-finite,NQZ21-CME,10919629,2021-10-11 06:38:45.676000+00:00,14745.75,{'stop_loss_price': 14745.75}
INVALID_RISK_UNIT,risk_unit == 0 or non-finite,NQZ21-CME,10944374,2021-10-11 09:37:28.578000+00:00,14753.25,{'stop_loss_price': 14753.25}
INVALID_RISK_UNIT,risk_unit == 0 or non-finite,NQZ21-CME,10950325,2021-10-11 10:45:17.691000+00:00,14701.0,{'stop_loss_price': 14701.0}
INVALID_RISK_UNIT,risk_unit == 0 or non-finite,NQZ21-CME,10960107,2021-10-11 11:44:32.295000+00:00,14711.0,{'stop_loss_price': 14711.0}
INVALID_RISK_UNIT,risk_unit == 0 or non-finite,NQZ21-CME,10967489,2021-10-11 12:18:43.333000+00:00,14699.25,{'stop_loss_price': 14699.25}
INVALID_RISK_UNIT,risk_unit == 0 or non-finite,NQZ21-CME,10967490,2021-10-11 12:18:43.334000+00:00,14699.25,{'stop_loss_price': 14699.25}
INVALID_RISK_UNIT,risk_unit == 0 or non-finite,NQZ21-CME,10967491,2021-10-11 12:18:43.334001+00:00,14699.25,{'stop_loss_price': 14699.25}
INVALID_RISK_UNIT,risk_unit == 0 or non-finite,NQZ21-CME,10972154,2021-10-11 12:36:24.578001+00:00,14725.25,{'stop_loss_price': 14725.25}
INVALID_RISK_UNIT,risk_unit == 0 or non-finite,NQZ21-CME,10972155,2021-10-11 12:36:24.578002+00:00,14725.25,{'stop_loss_price': 14725.25}
INVALID_RISK_UNIT,risk_unit == 0 or non-finite,NQZ21-CME,10972156,2021-10-11 12:36:24.578003+00:00,14725.25,{'stop_loss_price': 14725.25}
INVALID_RISK_UNIT,risk_unit == 0 or non-finite,NQZ21-CME,10972157,2021-10-11 12:36:24.578004+00:00,14725.25,{'stop_loss_price': 14725.25}
INVALID_RISK_UNIT,risk_unit == 0 or non-finite,NQZ21-CME,10972158,2021-10-11 12:36:24.578005+00:00,14725.25,{'stop_loss_price': 14725.25}
INVALID_RISK_UNIT,risk_unit == 0 or non-finite,NQZ21-CME,11005029,2021-10-11 13:35:13.703000+00:00,14789.25,{'stop_loss_price': 14789.25}
INVALID_RISK_UNIT,risk_unit == 0 or non-finite,NQZ21-CME,11053540,2021-10-11 14:03:47.313000+00:00,14869.75,{'stop_loss_price': 14869.75}
INVALID_RISK_UNIT,risk_unit == 0 or non-finite,NQZ21-CME,11069622,2021-10-11 14:20:05.661008+00:00,14890.25,{'stop_loss_price': 14890.25}
INVALID_RISK_UNIT,risk_unit == 0 or non-finite,NQZ21-CME,11085684,2021-10-11 14:40:51.685000+00:00,14868.0,{'stop_loss_price': 14868.0}
INVALID_RISK_UNIT,risk_unit == 0 or non-finite,NQZ21-CME,11106207,2021-10-11 15:12:58.581000+00:00,14878.0,{'stop_loss_price': 14878.0}
INVALID_RISK_UNIT,risk_unit == 0 or non-finite,NQZ21-CME,11106208,2021-10-11 15:12:58.670000+00:00,14878.0,{'stop_loss_price': 14878.0}
INVALID_RISK_UNIT,risk_unit == 0 or non-finite,NQZ21-CME,11106209,2021-10-11 15:12:58.671000+00:00,14878.0,{'stop_loss_price': 14878.0}
INVALID_RISK_UNIT,risk_unit == 0 or non-finite,NQZ21-CME,11106210,2021-10-11 15:12:58.671001+00:00,14878.0,{'stop_loss_price': 14878.0}
INVALID_RISK_UNIT,risk_unit == 0 or non-finite,NQZ21-CME,11106211,2021-10-11 15:12:58.767000+00:00,14878.0,{'stop_loss_price': 14878.0}
INVALID_RISK_UNIT,risk_unit == 0 or non-finite,NQZ21-CME,11106212,2021-10-11 15:12:58.767001+00:00,14878.0,{'stop_loss_price': 14878.0}
INVALID_RISK_UNIT,risk_unit == 0 or non-finite,NQZ21-CME,11106213,2021-10-11 15:12:58.767002+00:00,14878.0,{'stop_loss_price': 14878.0}
INVALID_RISK_UNIT,risk_unit == 0 or non-finite,NQZ21-CME,11106214,2021-10-11 15:12:58.768000+00:00,14878.0,{'stop_loss_price': 14878.0}
INVALID_RISK_UNIT,risk_unit == 0 or non-finite,NQZ21-CME,11112762,2021-10-11 15:22:32.324000+00:00,14864.75,{'stop_loss_price': 14864.75}
INVALID_RISK_UNIT,risk_unit == 0 or non-finite,NQZ21-CME,11119184,2021-10-11 15:33:22.249000+00:00,14865.0,{'stop_loss_price': 14865.0}
INVALID_RISK_UNIT,risk_unit == 0 or non-finite,NQZ21-CME,11119185,2021-10-11 15:33:22.250000+00:00,14865.0,{'stop_loss_price': 14865.0}
INVALID_RISK_UNIT,risk_unit == 0 or non-finite,NQZ21-CME,11123078,2021-10-11 15:40:31.473000+00:00,14881.5,{'stop_loss_price': 14881.5}
INVALID_RISK_UNIT,risk_unit == 0 or non-finite,NQZ21-CME,11123079,2021-10-11 15:40:31.473001+00:00,14881.5,{'stop_loss_price': 14881.5}
INVALID_RISK_UNIT,risk_unit == 0 or non-finite,NQZ21-CME,11123080,2021-10-11 15:40:31.581000+00:00,14881.5,{'stop_loss_price': 14881.5}
INVALID_RISK_UNIT,risk_unit == 0 or non-finite,NQZ21-CME,11123081,2021-10-11 15:40:31.620000+00:00,14881.5,{'stop_loss_price': 14881.5}
INVALID_RISK_UNIT,risk_unit == 0 or non-finite,NQZ21-CME,11123082,2021-10-11 15:40:31.628000+00:00,14881.5,{'stop_loss_price': 14881.5}
INVALID_RISK_UNIT,risk_unit == 0 or non-finite,NQZ21-CME,11123092,2021-10-11 15:40:32.029001+00:00,14881.5,{'stop_loss_price': 14881.5}
INVALID_RISK_UNIT,risk_unit == 0 or non-finite,NQZ21-CME,11123093,2021-10-11 15:40:32.029002+00:00,14881.5,{'stop_loss_price': 14881.5}
INVALID_RISK_UNIT,risk_unit == 0 or non-finite,NQZ21-CME,11123094,2021-10-11 15:40:32.029003+00:00,14881.5,{'stop_loss_price': 14881.5}
INVALID_RISK_UNIT,risk_unit == 0 or non-finite,NQZ21-CME,11123095,2021-10-11 15:40:32.029004+00:00,14881.5,{'stop_loss_price': 14881.5}
INVALID_RISK_UNIT,risk_unit == 0 or non-finite,NQZ21-CME,11123096,2021-10-11 15:40:32.029005+00:00,14881.5,{'stop_loss_price': 14881.5}
INVALID_RISK_UNIT,risk_unit == 0 or non-finite,NQZ21-CME,11123097,2021-10-11 15:40:32.029006+00:00,14881.5,{'stop_loss_price': 14881.5}
INVALID_RISK_UNIT,risk_unit == 0 or non-finite,NQZ21-CME,11130388,2021-10-11 15:55:01.073000+00:00,14864.0,{'stop_loss_price': 14864.0}
INVALID_RISK_UNIT,risk_unit == 0 or non-finite,NQZ21-CME,11130389,2021-10-11 15:55:01.073001+00:00,14864.0,{'stop_loss_price': 14864.0}
INVALID_RISK_UNIT,risk_unit == 0 or non-finite,NQZ21-CME,11130390,2021-10-11 15:55:01.073002+00:00,14864.0,{'stop_loss_price': 14864.0}
INVALID_RISK_UNIT,risk_unit == 0 or non-finite,NQZ21-CME,11136342,2021-10-11 16:04:56.740000+00:00,14836.25,{'stop_loss_price': 14836.25}
INVALID_RISK_UNIT,risk_unit == 0 or non-finite,NQZ21-CME,11136343,2021-10-11 16:04:56.864000+00:00,14836.25,{'stop_loss_price': 14836.25}
INVALID_RISK_UNIT,risk_unit == 0 or non-finite,NQZ21-CME,11136344,2021-10-11 16:04:56.864001+00:00,14836.25,{'stop_loss_price': 14836.25}
INVALID_RISK_UNIT,risk_unit == 0 or non-finite,NQZ21-CME,11136359,2021-10-11 16:04:57.329000+00:00,14836.25,{'stop_loss_price': 14836.25}
INVALID_RISK_UNIT,risk_unit == 0 or non-finite,NQZ21-CME,11136360,2021-10-11 16:04:57.366000+00:00,14836.25,{'stop_loss_price': 14836.25}
INVALID_RISK_UNIT,risk_unit == 0 or non-finite,NQZ21-CME,11170107,2021-10-11 16:56:55.983000+00:00,14830.25,{'stop_loss_price': 14830.25}
INVALID_RISK_UNIT,risk_unit == 0 or non-finite,NQZ21-CME,11170108,2021-10-11 16:56:55.993000+00:00,14830.25,{'stop_loss_price': 14830.25}
INVALID_RISK_UNIT,risk_unit == 0 or non-finite,NQZ21-CME,11170109,2021-10-11 16:56:55.993001+00:00,14830.25,{'stop_loss_price': 14830.25}
INVALID_RISK_UNIT,risk_unit == 0 or non-finite,NQZ21-CME,11170110,2021-10-11 16:56:56+00:00,14830.25,{'stop_loss_price': 14830.25}
INVALID_RISK_UNIT,risk_unit == 0 or non-finite,NQZ21-CME,11170111,2021-10-11 16:56:56.817000+00:00,14830.25,{'stop_loss_price': 14830.25}
INVALID_RISK_UNIT,risk_unit == 0 or non-finite,NQZ21-CME,11177331,2021-10-11 17:04:45.210000+00:00,14801.25,{'stop_loss_price': 14801.25}
INVALID_RISK_UNIT,risk_unit == 0 or non-finite,NQZ21-CME,11183481,2021-10-11 17:11:31.187000+00:00,14808.0,{'stop_loss_price': 14808.0}
INVALID_RISK_UNIT,risk_unit == 0 or non-finite,NQZ21-CME,11183482,2021-10-11 17:11:31.187001+00:00,14808.0,{'stop_loss_price': 14808.0}
INVALID_RISK_UNIT,risk_unit == 0 or non-finite,NQZ21-CME,11183483,2021-10-11 17:11:31.193000+00:00,14808.0,{'stop_loss_price': 14808.0}
INVALID_RISK_UNIT,risk_unit == 0 or non-finite,NQZ21-CME,11183484,2021-10-11 17:11:31.193001+00:00,14808.0,{'stop_loss_price': 14808.0}
INVALID_RISK_UNIT,risk_unit == 0 or non-finite,NQZ21-CME,11230132,2021-10-11 18:15:22.054000+00:00,14808.75,{'stop_loss_price': 14808.75}
INVALID_RISK_UNIT,risk_unit == 0 or non-finite,NQZ21-CME,11233105,2021-10-11 18:19:04.752000+00:00,14805.75,{'stop_loss_price': 14805.75}
INVALID_RISK_UNIT,risk_unit == 0 or non-finite,NQZ21-CME,11233106,2021-10-11 18:19:04.752001+00:00,14805.75,{'stop_loss_price': 14805.75}
INVALID_RISK_UNIT,risk_unit == 0 or non-finite,NQZ21-CME,11262861,2021-10-11 19:02:04.855000+00:00,14798.5,{'stop_loss_price': 14798.5}
INVALID_RISK_UNIT,risk_unit == 0 or non-finite,NQZ21-CME,11262862,2021-10-11 19:02:04.855001+00:00,14798.5,{'stop_loss_price': 14798.5}
INVALID_RISK_UNIT,risk_unit == 0 or non-finite,NQZ21-CME,11262863,2021-10-11 19:02:05.060000+00:00,14798.5,{'stop_loss_price': 14798.5}
INVALID_RISK_UNIT,risk_unit == 0 or non-finite,NQZ21-CME,11262864,2021-10-11 19:02:05.060001+00:00,14798.5,{'stop_loss_price': 14798.5}
INVALID_RISK_UNIT,risk_unit == 0 or non-finite,NQZ21-CME,11262865,2021-10-11 19:02:05.060002+00:00,14798.5,{'stop_loss_price': 14798.5}
INVALID_RISK_UNIT,risk_unit == 0 or non-finite,NQZ21-CME,11262866,2021-10-11 19:02:05.060003+00:00,14798.5,{'stop_loss_price': 14798.5}
INVALID_RISK_UNIT,risk_unit == 0 or non-finite,NQZ21-CME,11262867,2021-10-11 19:02:05.060004+00:00,14798.5,{'stop_loss_price': 14798.5}
INVALID_RISK_UNIT,risk_unit == 0 or non-finite,NQZ21-CME,11262873,2021-10-11 19:02:05.061000+00:00,14798.5,{'stop_loss_price': 14798.5}
INVALID_RISK_UNIT,risk_unit == 0 or non-finite,NQZ21-CME,11284359,2021-10-11 19:33:19.046000+00:00,14754.5,{'stop_loss_price': 14754.5}
INVALID_RISK_UNIT,risk_unit == 0 or non-finite,NQZ21-CME,11324011,2021-10-11 20:13:30.937000+00:00,14689.0,{'stop_loss_price': 14689.0}
INVALID_RISK_UNIT,risk_unit == 0 or non-finite,NQZ21-CME,11324012,2021-10-11 20:13:30.937001+00:00,14689.0,{'stop_loss_price': 14689.0}
INVALID_RISK_UNIT,risk_unit == 0 or non-finite,NQZ21-CME,11324013,2021-10-11 20:13:30.937002+00:00,14689.0,{'stop_loss_price': 14689.0}
INVALID_RISK_UNIT,risk_unit == 0 or non-finite,NQZ21-CME,11324016,2021-10-11 20:13:35.514000+00:00,14689.0,{'stop_loss_price': 14689.0}
INVALID_RISK_UNIT,risk_unit == 0 or non-finite,NQZ21-CME,11324017,2021-10-11 20:13:35.514001+00:00,14689.0,{'stop_loss_price': 14689.0}
INVALID_RISK_UNIT,risk_unit == 0 or non-finite,NQZ21-CME,11324018,2021-10-11 20:13:37.472000+00:00,14689.0,{'stop_loss_price': 14689.0}
INVALID_RISK_UNIT,risk_unit == 0 or non-finite,NQZ21-CME,11324019,2021-10-11 20:13:45.959000+00:00,14689.0,{'stop_loss_price': 14689.0}
INVALID_RISK_UNIT,risk_unit == 0 or non-finite,NQZ21-CME,11324020,2021-10-11 20:13:45.959001+00:00,14689.0,{'stop_loss_price': 14689.0}
INVALID_RISK_UNIT,risk_unit == 0 or non-finite,NQZ21-CME,11366957,2021-10-12 05:27:06.068000+00:00,14655.25,{'stop_loss_price': 14655.25}
INVALID_RISK_UNIT,risk_unit == 0 or non-finite,NQZ21-CME,11366958,2021-10-12 05:27:06.069000+00:00,14655.25,{'stop_loss_price': 14655.25}
INVALID_RISK_UNIT,risk_unit == 0 or non-finite,NQZ21-CME,11373112,2021-10-12 06:26:43.033000+00:00,14624.0,{'stop_loss_price': 14624.0}
INVALID_RISK_UNIT,risk_unit == 0 or non-finite,NQZ21-CME,11380166,2021-10-12 07:06:55.318006+00:00,14597.25,{'stop_loss_price': 14597.25}
INVALID_RISK_UNIT,risk_unit == 0 or non-finite,NQZ21-CME,11380167,2021-10-12 07:06:55.318007+00:00,14597.25,{'stop_loss_price': 14597.25}
INVALID_RISK_UNIT,risk_unit == 0 or non-finite,NQZ21-CME,11405517,2021-10-12 09:40:51.098000+00:00,14720.75,{'stop_loss_price': 14720.75}
INVALID_RISK_UNIT,risk_unit == 0 or non-finite,NQZ21-CME,11405518,2021-10-12 09:40:51.098001+00:00,14720.75,{'stop_loss_price': 14720.75}
INVALID_RISK_UNIT,risk_unit == 0 or non-finite,NQZ21-CME,11405519,2021-10-12 09:40:51.098002+00:00,14720.75,{'stop_loss_price': 14720.75}
INVALID_RISK_UNIT,risk_unit == 0 or non-finite,NQZ21-CME,11405520,2021-10-12 09:40:51.098003+00:00,14720.75,{'stop_loss_price': 14720.75}
INVALID_RISK_UNIT,risk_unit == 0 or non-finite,NQZ21-CME,11405521,2021-10-12 09:40:51.108000+00:00,14720.75,{'stop_loss_price': 14720.75}
INVALID_RISK_UNIT,risk_unit == 0 or non-finite,NQZ21-CME,11405522,2021-10-12 09:40:51.108001+00:00,14720.75,{'stop_loss_price': 14720.75}
INVALID_RISK_UNIT,risk_unit == 0 or non-finite,NQZ21-CME,11405523,2021-10-12 09:40:51.108002+00:00,14720.75,{'stop_loss_price': 14720.75}
INVALID_RISK_UNIT,risk_unit == 0 or non-finite,NQZ21-CME,11405524,2021-10-12 09:40:52.184000+00:00,14720.75,{'stop_loss_price': 14720.75}
INVALID_RISK_UNIT,risk_unit == 0 or non-finite,NQZ21-CME,11413211,2021-10-12 10:58:48.866000+00:00,14747.0,{'stop_loss_price': 14747.0}
INVALID_RISK_UNIT,risk_unit == 0 or non-finite,NQZ21-CME,11414196,2021-10-12 11:04:41.530000+00:00,14735.0,{'stop_loss_price': 14735.0}
INVALID_RISK_UNIT,risk_unit == 0 or non-finite,NQZ21-CME,11442399,2021-10-12 13:16:05.545000+00:00,14759.75,{'stop_loss_price': 14759.75}
INVALID_RISK_UNIT,risk_unit == 0 or non-finite,NQZ21-CME,11533315,2021-10-12 14:00:19.420000+00:00,14671.0,{'stop_loss_price': 14671.0}
INVALID_RISK_UNIT,risk_unit == 0 or non-finite,NQZ21-CME,11534597,2021-10-12 14:00:53.886001+00:00,14687.5,{'stop_loss_price': 14687.5}
INVALID_RISK_UNIT,risk_unit == 0 or non-finite,NQZ21-CME,11544307,2021-10-12 14:04:35.910000+00:00,14713.5,{'stop_loss_price': 14713.5}
INVALID_RISK_UNIT,risk_unit == 0 or non-finite,NQZ21-CME,11645895,2021-10-12 15:09:34.842003+00:00,14697.5,{'stop_loss_price': 14697.5}
INVALID_RISK_UNIT,risk_unit == 0 or non-finite,NQZ21-CME,11645896,2021-10-12 15:09:34.842004+00:00,14697.5,{'stop_loss_price': 14697.5}
INVALID_RISK_UNIT,risk_unit == 0 or non-finite,NQZ21-CME,11645897,2021-10-12 15:09:34.842005+00:00,14697.5,{'stop_loss_price': 14697.5}
INVALID_RISK_UNIT,risk_unit == 0 or non-finite,NQZ21-CME,11645898,2021-10-12 15:09:34.842006+00:00,14697.5,{'stop_loss_price': 14697.5}
INVALID_RISK_UNIT,risk_unit == 0 or non-finite,NQZ21-CME,11645899,2021-10-12 15:09:34.842007+00:00,14697.5,{'stop_loss_price': 14697.5}
INVALID_RISK_UNIT,risk_unit == 0 or non-finite,NQZ21-CME,11645900,2021-10-12 15:09:34.842008+00:00,14697.5,{'stop_loss_price': 14697.5}
INVALID_RISK_UNIT,risk_unit == 0 or non-finite,NQZ21-CME,11645901,2021-10-12 15:09:34.928000+00:00,14697.5,{'stop_loss_price': 14697.5}
INVALID_RISK_UNIT,risk_unit == 0 or non-finite,NQZ21-CME,11654016,2021-10-12 15:18:27.340000+00:00,14668.25,{'stop_loss_price': 14668.25}
INVALID_RISK_UNIT,risk_unit == 0 or non-finite,NQZ21-CME,11654017,2021-10-12 15:18:27.340001+00:00,14668.25,{'stop_loss_price': 14668.25}
INVALID_RISK_UNIT,risk_unit == 0 or non-finite,NQZ21-CME,11684069,2021-10-12 15:57:33.608000+00:00,14695.0,{'stop_loss_price': 14695.0}
INVALID_RISK_UNIT,risk_unit == 0 or non-finite,NQZ21-CME,11684070,2021-10-12 15:57:33.608001+00:00,14695.0,{'stop_loss_price': 14695.0}
INVALID_RISK_UNIT,risk_unit == 0 or non-finite,NQZ21-CME,11684071,2021-10-12 15:57:33.608002+00:00,14695.0,{'stop_loss_price': 14695.0}
INVALID_RISK_UNIT,risk_unit == 0 or non-finite,NQZ21-CME,11687608,2021-10-12 16:00:31.583000+00:00,14722.0,{'stop_loss_price': 14722.0}
INVALID_RISK_UNIT,risk_unit == 0 or non-finite,NQZ21-CME,11716548,2021-10-12 16:37:21.123000+00:00,14666.25,{'stop_loss_price': 14666.25}
INVALID_RISK_UNIT,risk_unit == 0 or non-finite,NQZ21-CME,11723983,2021-10-12 16:49:39.535003+00:00,14666.25,{'stop_loss_price': 14666.25}
INVALID_RISK_UNIT,risk_unit == 0 or non-finite,NQZ21-CME,11723984,2021-10-12 16:49:39.535004+00:00,14666.25,{'stop_loss_price': 14666.25}
INVALID_RISK_UNIT,risk_unit == 0 or non-finite,NQZ21-CME,11723985,2021-10-12 16:49:39.535005+00:00,14666.25,{'stop_loss_price': 14666.25}
INVALID_RISK_UNIT,risk_unit == 0 or non-finite,NQZ21-CME,11723986,2021-10-12 16:49:39.535006+00:00,14666.25,{'stop_loss_price': 14666.25}
INVALID_RISK_UNIT,risk_unit == 0 or non-finite,NQZ21-CME,11723987,2021-10-12 16:49:39.535007+00:00,14666.25,{'stop_loss_price': 14666.25}
INVALID_RISK_UNIT,risk_unit == 0 or non-finite,NQZ21-CME,11723988,2021-10-12 16:49:39.535008+00:00,14666.25,{'stop_loss_price': 14666.25}
INVALID_RISK_UNIT,risk_unit == 0 or non-finite,NQZ21-CME,11745578,2021-10-12 17:27:37.030000+00:00,14663.0,{'stop_loss_price': 14663.0}
INVALID_RISK_UNIT,risk_unit == 0 or non-finite,NQZ21-CME,11760675,2021-10-12 17:55:08.732032+00:00,14660.5,{'stop_loss_price': 14660.5}
INVALID_RISK_UNIT,risk_unit == 0 or non-finite,NQZ21-CME,11760676,2021-10-12 17:55:08.732033+00:00,14660.5,{'stop_loss_price': 14660.5}
INVALID_RISK_UNIT,risk_unit == 0 or non-finite,NQZ21-CME,11760677,2021-10-12 17:55:08.732034+00:00,14660.5,{'stop_loss_price': 14660.5}
INVALID_RISK_UNIT,risk_unit == 0 or non-finite,NQZ21-CME,11760678,2021-10-12 17:55:08.732035+00:00,14660.5,{'stop_loss_price': 14660.5}
INVALID_RISK_UNIT,risk_unit == 0 or non-finite,NQZ21-CME,11760679,2021-10-12 17:55:08.732036+00:00,14660.5,{'stop_loss_price': 14660.5}
INVALID_RISK_UNIT,risk_unit == 0 or non-finite,NQZ21-CME,11760680,2021-10-12 17:55:08.732037+00:00,14660.5,{'stop_loss_price': 14660.5}
INVALID_RISK_UNIT,risk_unit == 0 or non-finite,NQZ21-CME,11760681,2021-10-12 17:55:08.732038+00:00,14660.5,{'stop_loss_price': 14660.5}
INVALID_RISK_UNIT,risk_unit == 0 or non-finite,NQZ21-CME,11760682,2021-10-12 17:55:08.732039+00:00,14660.5,{'stop_loss_price': 14660.5}
INVALID_RISK_UNIT,risk_unit == 0 or non-finite,NQZ21-CME,11760683,2021-10-12 17:55:08.737000+00:00,14660.5,{'stop_loss_price': 14660.5}
INVALID_RISK_UNIT,risk_unit == 0 or non-finite,NQZ21-CME,11760684,2021-10-12 17:55:08.737001+00:00,14660.5,{'stop_loss_price': 14660.5}
INVALID_RISK_UNIT,risk_unit == 0 or non-finite,NQZ21-CME,11760685,2021-10-12 17:55:08.738000+00:00,14660.5,{'stop_loss_price': 14660.5}
INVALID_RISK_UNIT,risk_unit == 0 or non-finite,NQZ21-CME,11760688,2021-10-12 17:55:08.872000+00:00,14660.5,{'stop_loss_price': 14660.5}
INVALID_RISK_UNIT,risk_unit == 0 or non-finite,NQZ21-CME,11776000,2021-10-12 18:17:45.485000+00:00,14705.25,{'stop_loss_price': 14705.25}
INVALID_RISK_UNIT,risk_unit == 0 or non-finite,NQZ21-CME,11776001,2021-10-12 18:17:45.485001+00:00,14705.25,{'stop_loss_price': 14705.25}
INVALID_RISK_UNIT,risk_unit == 0 or non-finite,NQZ21-CME,11776002,2021-10-12 18:17:45.485002+00:00,14705.25,{'stop_loss_price': 14705.25}
INVALID_RISK_UNIT,risk_unit == 0 or non-finite,NQZ21-CME,11776003,2021-10-12 18:17:45.485003+00:00,14705.25,{'stop_loss_price': 14705.25}
INVALID_RISK_UNIT,risk_unit == 0 or non-finite,NQZ21-CME,11776004,2021-10-12 18:17:45.488000+00:00,14705.25,{'stop_loss_price': 14705.25}
INVALID_RISK_UNIT,risk_unit == 0 or non-finite,NQZ21-CME,11776005,2021-10-12 18:17:45.488001+00:00,14705.25,{'stop_loss_price': 14705.25}
INVALID_RISK_UNIT,risk_unit == 0 or non-finite,NQZ21-CME,11786417,2021-10-12 18:31:46.637001+00:00,14690.75,{'stop_loss_price': 14690.75}
INVALID_RISK_UNIT,risk_unit == 0 or non-finite,NQZ21-CME,11786418,2021-10-12 18:31:46.637002+00:00,14690.75,{'stop_loss_price': 14690.75}
INVALID_RISK_UNIT,risk_unit == 0 or non-finite,NQZ21-CME,11786419,2021-10-12 18:31:46.637003+00:00,14690.75,{'stop_loss_price': 14690.75}
INVALID_RISK_UNIT,risk_unit == 0 or non-finite,NQZ21-CME,11792743,2021-10-12 18:42:22.041000+00:00,14679.75,{'stop_loss_price': 14679.75}
INVALID_RISK_UNIT,risk_unit == 0 or non-finite,NQZ21-CME,11792744,2021-10-12 18:42:22.041001+00:00,14679.75,{'stop_loss_price': 14679.75}
INVALID_RISK_UNIT,risk_unit == 0 or non-finite,NQZ21-CME,11792745,2021-10-12 18:42:22.041002+00:00,14679.75,{'stop_loss_price': 14679.75}
INVALID_RISK_UNIT,risk_unit == 0 or non-finite,NQZ21-CME,11807631,2021-10-12 19:07:18.168000+00:00,14656.5,{'stop_loss_price': 14656.5}
INVALID_RISK_UNIT,risk_unit == 0 or non-finite,NQZ21-CME,11807632,2021-10-12 19:07:18.169000+00:00,14656.5,{'stop_loss_price': 14656.5}
INVALID_RISK_UNIT,risk_unit == 0 or non-finite,NQZ21-CME,11807633,2021-10-12 19:07:18.169001+00:00,14656.5,{'stop_loss_price': 14656.5}
INVALID_RISK_UNIT,risk_unit == 0 or non-finite,NQZ21-CME,11813968,2021-10-12 19:17:13.802000+00:00,14648.25,{'stop_loss_price': 14648.25}
INVALID_RISK_UNIT,risk_unit == 0 or non-finite,NQZ21-CME,11817783,2021-10-12 19:22:27.174000+00:00,14661.25,{'stop_loss_price': 14661.25}
INVALID_RISK_UNIT,risk_unit == 0 or non-finite,NQZ21-CME,11820098,2021-10-12 19:25:06.210000+00:00,14669.0,{'stop_loss_price': 14669.0}
INVALID_RISK_UNIT,risk_unit == 0 or non-finite,NQZ21-CME,11820099,2021-10-12 19:25:06.210001+00:00,14669.0,{'stop_loss_price': 14669.0}
INVALID_RISK_UNIT,risk_unit == 0 or non-finite,NQZ21-CME,11820100,2021-10-12 19:25:06.211000+00:00,14669.0,{'stop_loss_price': 14669.0}
INVALID_RISK_UNIT,risk_unit == 0 or non-finite,NQZ21-CME,11820102,2021-10-12 19:25:07.020000+00:00,14669.0,{'stop_loss_price': 14669.0}
INVALID_RISK_UNIT,risk_unit == 0 or non-finite,NQZ21-CME,11879584,2021-10-13 00:00:23.118000+00:00,14605.75,{'stop_loss_price': 14605.75}
INVALID_RISK_UNIT,risk_unit == 0 or non-finite,NQZ21-CME,11879585,2021-10-13 00:00:23.118001+00:00,14605.75,{'stop_loss_price': 14605.75}
INVALID_RISK_UNIT,risk_unit == 0 or non-finite,NQZ21-CME,11879586,2021-10-13 00:00:23.645000+00:00,14605.75,{'stop_loss_price': 14605.75}
INVALID_RISK_UNIT,risk_unit == 0 or non-finite,NQZ21-CME,11893367,2021-10-13 02:48:46.795000+00:00,14600.0,{'stop_loss_price': 14600.0}
INVALID_RISK_UNIT,risk_unit == 0 or non-finite,NQZ21-CME,11903158,2021-10-13 06:00:53.281000+00:00,14620.5,{'stop_loss_price': 14620.5}
INVALID_RISK_UNIT,risk_unit == 0 or non-finite,NQZ21-CME,11915763,2021-10-13 07:32:31.267000+00:00,14631.25,{'stop_loss_price': 14631.25}
INVALID_RISK_UNIT,risk_unit == 0 or non-finite,NQZ21-CME,11917934,2021-10-13 07:38:04.424000+00:00,14659.25,{'stop_loss_price': 14659.25}
INVALID_RISK_UNIT,risk_unit == 0 or non-finite,NQZ21-CME,11922817,2021-10-13 08:08:13.468000+00:00,14667.25,{'stop_loss_price': 14667.25}
INVALID_RISK_UNIT,risk_unit == 0 or non-finite,NQZ21-CME,11972294,2021-10-13 12:40:26.324000+00:00,14667.25,{'stop_loss_price': 14667.25}
INVALID_RISK_UNIT,risk_unit == 0 or non-finite,NQZ21-CME,11976737,2021-10-13 12:44:53.376001+00:00,14650.25,{'stop_loss_price': 14650.25}
INVALID_RISK_UNIT,risk_unit == 0 or non-finite,NQZ21-CME,11976738,2021-10-13 12:44:53.377000+00:00,14650.25,{'stop_loss_price': 14650.25}
INVALID_RISK_UNIT,risk_unit == 0 or non-finite,NQZ21-CME,11976739,2021-10-13 12:44:53.433000+00:00,14650.25,{'stop_loss_price': 14650.25}
INVALID_RISK_UNIT,risk_unit == 0 or non-finite,NQZ21-CME,11976740,2021-10-13 12:44:53.476000+00:00,14650.25,{'stop_loss_price': 14650.25}
INVALID_RISK_UNIT,risk_unit == 0 or non-finite,NQZ21-CME,11976741,2021-10-13 12:44:53.477000+00:00,14650.25,{'stop_loss_price': 14650.25}
INVALID_RISK_UNIT,risk_unit == 0 or non-finite,NQZ21-CME,12001637,2021-10-13 13:29:28.856008+00:00,14745.0,{'stop_loss_price': 14745.0}
INVALID_RISK_UNIT,risk_unit == 0 or non-finite,NQZ21-CME,12016134,2021-10-13 13:32:43.738000+00:00,14723.5,{'stop_loss_price': 14723.5}
INVALID_RISK_UNIT,risk_unit == 0 or non-finite,NQZ21-CME,12016135,2021-10-13 13:32:43.738001+00:00,14723.5,{'stop_loss_price': 14723.5}
INVALID_RISK_UNIT,risk_unit == 0 or non-finite,NQZ21-CME,12070819,2021-10-13 13:52:19.305000+00:00,14711.75,{'stop_loss_price': 14711.75}
INVALID_RISK_UNIT,risk_unit == 0 or non-finite,NQZ21-CME,12104239,2021-10-13 14:09:41.150000+00:00,14718.5,{'stop_loss_price': 14718.5}
INVALID_RISK_UNIT,risk_unit == 0 or non-finite,NQZ21-CME,12112496,2021-10-13 14:12:48.827004+00:00,14684.5,{'stop_loss_price': 14684.5}
INVALID_RISK_UNIT,risk_unit == 0 or non-finite,NQZ21-CME,12112497,2021-10-13 14:12:48.838000+00:00,14684.5,{'stop_loss_price': 14684.5}
INVALID_RISK_UNIT,risk_unit == 0 or non-finite,NQZ21-CME,12112498,2021-10-13 14:12:48.907000+00:00,14684.5,{'stop_loss_price': 14684.5}
INVALID_RISK_UNIT,risk_unit == 0 or non-finite,NQZ21-CME,12112499,2021-10-13 14:12:48.909000+00:00,14684.5,{'stop_loss_price': 14684.5}
INVALID_RISK_UNIT,risk_unit == 0 or non-finite,NQZ21-CME,12143797,2021-10-13 14:32:13.431000+00:00,14687.25,{'stop_loss_price': 14687.25}
INVALID_RISK_UNIT,risk_unit == 0 or non-finite,NQZ21-CME,12143798,2021-10-13 14:32:13.432000+00:00,14687.25,{'stop_loss_price': 14687.25}
INVALID_RISK_UNIT,risk_unit == 0 or non-finite,NQZ21-CME,12143799,2021-10-13 14:32:13.556000+00:00,14687.25,{'stop_loss_price': 14687.25}
INVALID_RISK_UNIT,risk_unit == 0 or non-finite,NQZ21-CME,12143860,2021-10-13 14:32:17.628000+00:00,14689.0,{'stop_loss_price': 14689.0}
INVALID_RISK_UNIT,risk_unit == 0 or non-finite,NQZ21-CME,12154870,2021-10-13 14:41:25.215000+00:00,14708.25,{'stop_loss_price': 14708.25}
INVALID_RISK_UNIT,risk_unit == 0 or non-finite,NQZ21-CME,12209569,2021-10-13 15:46:37.455000+00:00,14714.0,{'stop_loss_price': 14714.0}
INVALID_RISK_UNIT,risk_unit == 0 or non-finite,NQZ21-CME,12209570,2021-10-13 15:46:37.592000+00:00,14714.0,{'stop_loss_price': 14714.0}
INVALID_RISK_UNIT,risk_unit == 0 or non-finite,NQZ21-CME,12230565,2021-10-13 16:22:53.939000+00:00,14704.5,{'stop_loss_price': 14704.5}
INVALID_RISK_UNIT,risk_unit == 0 or non-finite,NQZ21-CME,12266733,2021-10-13 17:34:46.168000+00:00,14757.0,{'stop_loss_price': 14757.0}
INVALID_RISK_UNIT,risk_unit == 0 or non-finite,NQZ21-CME,12266734,2021-10-13 17:34:46.168001+00:00,14757.0,{'stop_loss_price': 14757.0}
INVALID_RISK_UNIT,risk_unit == 0 or non-finite,NQZ21-CME,12296717,2021-10-13 18:15:00.161000+00:00,14772.75,{'stop_loss_price': 14772.75}
INVALID_RISK_UNIT,risk_unit == 0 or non-finite,NQZ21-CME,12315340,2021-10-13 18:43:07.666000+00:00,14731.75,{'stop_loss_price': 14731.75}
INVALID_RISK_UNIT,risk_unit == 0 or non-finite,NQZ21-CME,12315341,2021-10-13 18:43:07.666001+00:00,14731.75,{'stop_loss_price': 14731.75}
INVALID_RISK_UNIT,risk_unit == 0 or non-finite,NQZ21-CME,12315345,2021-10-13 18:43:08.482000+00:00,14731.75,{'stop_loss_price': 14731.75}
INVALID_RISK_UNIT,risk_unit == 0 or non-finite,NQZ21-CME,12315346,2021-10-13 18:43:08.482001+00:00,14731.75,{'stop_loss_price': 14731.75}
INVALID_RISK_UNIT,risk_unit == 0 or non-finite,NQZ21-CME,12315347,2021-10-13 18:43:08.482002+00:00,14731.75,{'stop_loss_price': 14731.75}
INVALID_RISK_UNIT,risk_unit == 0 or non-finite,NQZ21-CME,12315348,2021-10-13 18:43:08.483000+00:00,14731.75,{'stop_loss_price': 14731.75}
INVALID_RISK_UNIT,risk_unit == 0 or non-finite,NQZ21-CME,12315349,2021-10-13 18:43:08.483001+00:00,14731.75,{'stop_loss_price': 14731.75}
INVALID_RISK_UNIT,risk_unit == 0 or non-finite,NQZ21-CME,12315526,2021-10-13 18:43:19.234000+00:00,14729.0,{'stop_loss_price': 14729.0}
INVALID_RISK_UNIT,risk_unit == 0 or non-finite,NQZ21-CME,12320017,2021-10-13 18:51:43.012009+00:00,14747.0,{'stop_loss_price': 14747.0}
INVALID_RISK_UNIT,risk_unit == 0 or non-finite,NQZ21-CME,12320018,2021-10-13 18:51:43.012010+00:00,14747.0,{'stop_loss_price': 14747.0}
INVALID_RISK_UNIT,risk_unit == 0 or non-finite,NQZ21-CME,12320019,2021-10-13 18:51:43.012011+00:00,14747.0,{'stop_loss_price': 14747.0}
INVALID_RISK_UNIT,risk_unit == 0 or non-finite,NQZ21-CME,12320020,2021-10-13 18:51:43.012012+00:00,14747.0,{'stop_loss_price': 14747.0}
INVALID_RISK_UNIT,risk_unit == 0 or non-finite,NQZ21-CME,12320021,2021-10-13 18:51:43.012013+00:00,14747.0,{'stop_loss_price': 14747.0}
INVALID_RISK_UNIT,risk_unit == 0 or non-finite,NQZ21-CME,12320023,2021-10-13 18:51:43.332000+00:00,14747.0,{'stop_loss_price': 14747.0}
INVALID_RISK_UNIT,risk_unit == 0 or non-finite,NQZ21-CME,12327684,2021-10-13 19:08:10.336000+00:00,14753.0,{'stop_loss_price': 14753.0}
INVALID_RISK_UNIT,risk_unit == 0 or non-finite,NQZ21-CME,12342370,2021-10-13 19:36:16.531000+00:00,14747.75,{'stop_loss_price': 14747.75}
INVALID_RISK_UNIT,risk_unit == 0 or non-finite,NQZ21-CME,12355856,2021-10-13 19:55:08.344000+00:00,14755.75,{'stop_loss_price': 14755.75}
INVALID_RISK_UNIT,risk_unit == 0 or non-finite,NQZ21-CME,12363085,2021-10-13 19:59:58.270005+00:00,14764.25,{'stop_loss_price': 14764.25}
INVALID_RISK_UNIT,risk_unit == 0 or non-finite,NQZ21-CME,12363086,2021-10-13 19:59:58.271000+00:00,14764.25,{'stop_loss_price': 14764.25}
INVALID_RISK_UNIT,risk_unit == 0 or non-finite,NQZ21-CME,12372949,2021-10-13 22:17:13.227000+00:00,14785.0,{'stop_loss_price': 14785.0}
INVALID_RISK_UNIT,risk_unit == 0 or non-finite,NQZ21-CME,12389996,2021-10-14 03:34:54.038000+00:00,14814.5,{'stop_loss_price': 14814.5}
INVALID_RISK_UNIT,risk_unit == 0 or non-finite,NQZ21-CME,12392922,2021-10-14 05:20:54.233000+00:00,14823.0,{'stop_loss_price': 14823.0}
INVALID_RISK_UNIT,risk_unit == 0 or non-finite,NQZ21-CME,12441633,2021-10-14 12:23:29.711000+00:00,14931.75,{'stop_loss_price': 14931.75}
INVALID_RISK_UNIT,risk_unit == 0 or non-finite,NQZ21-CME,12463635,2021-10-14 13:30:20.049000+00:00,14914.25,{'stop_loss_price': 14914.25}
INVALID_RISK_UNIT,risk_unit == 0 or non-finite,NQZ21-CME,12463636,2021-10-14 13:30:20.049001+00:00,14914.25,{'stop_loss_price': 14914.25}
INVALID_RISK_UNIT,risk_unit == 0 or non-finite,NQZ21-CME,12463637,2021-10-14 13:30:20.049002+00:00,14914.25,{'stop_loss_price': 14914.25}
INVALID_RISK_UNIT,risk_unit == 0 or non-finite,NQZ21-CME,12516724,2021-10-14 13:51:23.305000+00:00,14941.75,{'stop_loss_price': 14941.75}
INVALID_RISK_UNIT,risk_unit == 0 or non-finite,NQZ21-CME,12533818,2021-10-14 14:02:09.231000+00:00,14968.25,{'stop_loss_price': 14968.25}
INVALID_RISK_UNIT,risk_unit == 0 or non-finite,NQZ21-CME,12539243,2021-10-14 14:05:21.858000+00:00,14976.5,{'stop_loss_price': 14976.5}
INVALID_RISK_UNIT,risk_unit == 0 or non-finite,NQZ21-CME,12571209,2021-10-14 14:34:36.662000+00:00,14972.0,{'stop_loss_price': 14972.0}
INVALID_RISK_UNIT,risk_unit == 0 or non-finite,NQZ21-CME,12574573,2021-10-14 14:38:49.965000+00:00,14981.5,{'stop_loss_price': 14981.5}
INVALID_RISK_UNIT,risk_unit == 0 or non-finite,NQZ21-CME,12574574,2021-10-14 14:38:49.965001+00:00,14981.5,{'stop_loss_price': 14981.5}
INVALID_RISK_UNIT,risk_unit == 0 or non-finite,NQZ21-CME,12574575,2021-10-14 14:38:49.965002+00:00,14981.5,{'stop_loss_price': 14981.5}
INVALID_RISK_UNIT,risk_unit == 0 or non-finite,NQZ21-CME,12592932,2021-10-14 15:02:09.465000+00:00,14984.75,{'stop_loss_price': 14984.75}
INVALID_RISK_UNIT,risk_unit == 0 or non-finite,NQZ21-CME,12592933,2021-10-14 15:02:09.517000+00:00,14984.75,{'stop_loss_price': 14984.75}
INVALID_RISK_UNIT,risk_unit == 0 or non-finite,NQZ21-CME,12605708,2021-10-14 15:25:02.878000+00:00,14988.5,{'stop_loss_price': 14988.5}
INVALID_RISK_UNIT,risk_unit == 0 or non-finite,NQZ21-CME,12605709,2021-10-14 15:25:03.113000+00:00,14988.5,{'stop_loss_price': 14988.5}
INVALID_RISK_UNIT,risk_unit == 0 or non-finite,NQZ21-CME,12605711,2021-10-14 15:25:03.554000+00:00,14988.5,{'stop_loss_price': 14988.5}
INVALID_RISK_UNIT,risk_unit == 0 or non-finite,NQZ21-CME,12622270,2021-10-14 15:48:32.757000+00:00,15010.5,{'stop_loss_price': 15010.5}
INVALID_RISK_UNIT,risk_unit == 0 or non-finite,NQZ21-CME,12622271,2021-10-14 15:48:33.341000+00:00,15010.5,{'stop_loss_price': 15010.5}
INVALID_RISK_UNIT,risk_unit == 0 or non-finite,NQZ21-CME,12622272,2021-10-14 15:48:33.341001+00:00,15010.5,{'stop_loss_price': 15010.5}
INVALID_RISK_UNIT,risk_unit == 0 or non-finite,NQZ21-CME,12622273,2021-10-14 15:48:33.341002+00:00,15010.5,{'stop_loss_price': 15010.5}
INVALID_RISK_UNIT,risk_unit == 0 or non-finite,NQZ21-CME,12622274,2021-10-14 15:48:33.341003+00:00,15010.5,{'stop_loss_price': 15010.5}
INVALID_RISK_UNIT,risk_unit == 0 or non-finite,NQZ21-CME,12622275,2021-10-14 15:48:34.074000+00:00,15010.5,{'stop_loss_price': 15010.5}
INVALID_RISK_UNIT,risk_unit == 0 or non-finite,NQZ21-CME,12686442,2021-10-14 18:50:18.011000+00:00,15037.0,{'stop_loss_price': 15037.0}
INVALID_RISK_UNIT,risk_unit == 0 or non-finite,NQZ21-CME,12686443,2021-10-14 18:50:18.011001+00:00,15037.0,{'stop_loss_price': 15037.0}
INVALID_RISK_UNIT,risk_unit == 0 or non-finite,NQZ21-CME,12686444,2021-10-14 18:50:18.011002+00:00,15037.0,{'stop_loss_price': 15037.0}
INVALID_RISK_UNIT,risk_unit == 0 or non-finite,NQZ21-CME,12686445,2021-10-14 18:50:18.011003+00:00,15037.0,{'stop_loss_price': 15037.0}
INVALID_RISK_UNIT,risk_unit == 0 or non-finite,NQZ21-CME,12686446,2021-10-14 18:50:18.011004+00:00,15037.0,{'stop_loss_price': 15037.0}
INVALID_RISK_UNIT,risk_unit == 0 or non-finite,NQZ21-CME,12686447,2021-10-14 18:50:18.011005+00:00,15037.0,{'stop_loss_price': 15037.0}
INVALID_RISK_UNIT,risk_unit == 0 or non-finite,NQZ21-CME,12686448,2021-10-14 18:50:18.011006+00:00,15037.0,{'stop_loss_price': 15037.0}
INVALID_RISK_UNIT,risk_unit == 0 or non-finite,NQZ21-CME,12694663,2021-10-14 19:15:24.655000+00:00,15027.75,{'stop_loss_price': 15027.75}
INVALID_RISK_UNIT,risk_unit == 0 or non-finite,NQZ21-CME,12713756,2021-10-14 19:49:10.211000+00:00,15026.75,{'stop_loss_price': 15026.75}
INVALID_RISK_UNIT,risk_unit == 0 or non-finite,NQZ21-CME,12713757,2021-10-14 19:49:10.211001+00:00,15026.75,{'stop_loss_price': 15026.75}
INVALID_RISK_UNIT,risk_unit == 0 or non-finite,NQZ21-CME,12738799,2021-10-14 20:01:38.580000+00:00,15042.5,{'stop_loss_price': 15042.5}
INVALID_RISK_UNIT,risk_unit == 0 or non-finite,NQZ21-CME,12738800,2021-10-14 20:01:38.580001+00:00,15042.5,{'stop_loss_price': 15042.5}
INVALID_RISK_UNIT,risk_unit == 0 or non-finite,NQZ21-CME,12738802,2021-10-14 20:01:39.167000+00:00,15042.5,{'stop_loss_price': 15042.5}
INVALID_RISK_UNIT,risk_unit == 0 or non-finite,NQZ21-CME,12753125,2021-10-15 00:03:03.651000+00:00,15065.0,{'stop_loss_price': 15065.0}
INVALID_RISK_UNIT,risk_unit == 0 or non-finite,NQZ21-CME,12753126,2021-10-15 00:03:03.651001+00:00,15065.0,{'stop_loss_price': 15065.0}
INVALID_RISK_UNIT,risk_unit == 0 or non-finite,NQZ21-CME,12753127,2021-10-15 00:03:03.920000+00:00,15065.0,{'stop_loss_price': 15065.0}
INVALID_RISK_UNIT,risk_unit == 0 or non-finite,NQZ21-CME,12763794,2021-10-15 01:38:21.902000+00:00,15039.0,{'stop_loss_price': 15039.0}
INVALID_RISK_UNIT,risk_unit == 0 or non-finite,NQZ21-CME,12788472,2021-10-15 07:00:12.067000+00:00,15075.5,{'stop_loss_price': 15075.5}
INVALID_RISK_UNIT,risk_unit == 0 or non-finite,NQZ21-CME,12788987,2021-10-15 07:02:10.509000+00:00,15070.25,{'stop_loss_price': 15070.25}
INVALID_RISK_UNIT,risk_unit == 0 or non-finite,NQZ21-CME,12802308,2021-10-15 08:28:00.819000+00:00,15072.75,{'stop_loss_price': 15072.75}
INVALID_RISK_UNIT,risk_unit == 0 or non-finite,NQZ21-CME,12855981,2021-10-15 13:31:51.034000+00:00,15052.75,{'stop_loss_price': 15052.75}
INVALID_RISK_UNIT,risk_unit == 0 or non-finite,NQZ21-CME,12869246,2021-10-15 13:36:41.301000+00:00,15069.75,{'stop_loss_price': 15069.75}
INVALID_RISK_UNIT,risk_unit == 0 or non-finite,NQZ21-CME,12908084,2021-10-15 14:03:07.890000+00:00,15059.5,{'stop_loss_price': 15059.5}
INVALID_RISK_UNIT,risk_unit == 0 or non-finite,NQZ21-CME,12909189,2021-10-15 14:03:25.229000+00:00,15054.0,{'stop_loss_price': 15054.0}
INVALID_RISK_UNIT,risk_unit == 0 or non-finite,NQZ21-CME,12909190,2021-10-15 14:03:25.229001+00:00,15054.0,{'stop_loss_price': 15054.0}
INVALID_RISK_UNIT,risk_unit == 0 or non-finite,NQZ21-CME,12909191,2021-10-15 14:03:25.229002+00:00,15054.0,{'stop_loss_price': 15054.0}
INVALID_RISK_UNIT,risk_unit == 0 or non-finite,NQZ21-CME,12909237,2021-10-15 14:03:27.538000+00:00,15053.75,{'stop_loss_price': 15053.75}
INVALID_RISK_UNIT,risk_unit == 0 or non-finite,NQZ21-CME,12909238,2021-10-15 14:03:27.538001+00:00,15053.75,{'stop_loss_price': 15053.75}
INVALID_RISK_UNIT,risk_unit == 0 or non-finite,NQZ21-CME,12922242,2021-10-15 14:14:46.961000+00:00,15062.25,{'stop_loss_price': 15062.25}
INVALID_RISK_UNIT,risk_unit == 0 or non-finite,NQZ21-CME,12922243,2021-10-15 14:14:46.962000+00:00,15062.25,{'stop_loss_price': 15062.25}
INVALID_RISK_UNIT,risk_unit == 0 or non-finite,NQZ21-CME,12922244,2021-10-15 14:14:46.962001+00:00,15062.25,{'stop_loss_price': 15062.25}
INVALID_RISK_UNIT,risk_unit == 0 or non-finite,NQZ21-CME,12922245,2021-10-15 14:14:46.962002+00:00,15062.25,{'stop_loss_price': 15062.25}
INVALID_RISK_UNIT,risk_unit == 0 or non-finite,NQZ21-CME,12922246,2021-10-15 14:14:46.962003+00:00,15062.25,{'stop_loss_price': 15062.25}
INVALID_RISK_UNIT,risk_unit == 0 or non-finite,NQZ21-CME,12976052,2021-10-15 15:12:05.675000+00:00,15112.5,{'stop_loss_price': 15112.5}
INVALID_RISK_UNIT,risk_unit == 0 or non-finite,NQZ21-CME,13017134,2021-10-15 16:11:28.699000+00:00,15082.75,{'stop_loss_price': 15082.75}
INVALID_RISK_UNIT,risk_unit == 0 or non-finite,NQZ21-CME,13017135,2021-10-15 16:11:28.699001+00:00,15082.75,{'stop_loss_price': 15082.75}
INVALID_RISK_UNIT,risk_unit == 0 or non-finite,NQZ21-CME,13017149,2021-10-15 16:11:29.272000+00:00,15082.75,{'stop_loss_price': 15082.75}
INVALID_RISK_UNIT,risk_unit == 0 or non-finite,NQZ21-CME,13036954,2021-10-15 16:54:00.131000+00:00,15095.75,{'stop_loss_price': 15095.75}
INVALID_RISK_UNIT,risk_unit == 0 or non-finite,NQZ21-CME,13036955,2021-10-15 16:54:00.131001+00:00,15095.75,{'stop_loss_price': 15095.75}
INVALID_RISK_UNIT,risk_unit == 0 or non-finite,NQZ21-CME,13036956,2021-10-15 16:54:00.131002+00:00,15095.75,{'stop_loss_price': 15095.75}
INVALID_RISK_UNIT,risk_unit == 0 or non-finite,NQZ21-CME,13036957,2021-10-15 16:54:00.131003+00:00,15095.75,{'stop_loss_price': 15095.75}
INVALID_RISK_UNIT,risk_unit == 0 or non-finite,NQZ21-CME,13036958,2021-10-15 16:54:00.131004+00:00,15095.75,{'stop_loss_price': 15095.75}
INVALID_RISK_UNIT,risk_unit == 0 or non-finite,NQZ21-CME,13071028,2021-10-15 18:30:03.525000+00:00,15111.5,{'stop_loss_price': 15111.5}
INVALID_RISK_UNIT,risk_unit == 0 or non-finite,NQZ21-CME,13071029,2021-10-15 18:30:03.527000+00:00,15111.5,{'stop_loss_price': 15111.5}
INVALID_RISK_UNIT,risk_unit == 0 or non-finite,NQZ21-CME,13071030,2021-10-15 18:30:03.527001+00:00,15111.5,{'stop_loss_price': 15111.5}
INVALID_RISK_UNIT,risk_unit == 0 or non-finite,NQZ21-CME,13071031,2021-10-15 18:30:04.398000+00:00,15111.5,{'stop_loss_price': 15111.5}
INVALID_RISK_UNIT,risk_unit == 0 or non-finite,NQZ21-CME,13164923,2021-10-18 04:22:05.845000+00:00,15089.0,{'stop_loss_price': 15089.0}
INVALID_RISK_UNIT,risk_unit == 0 or non-finite,NQZ21-CME,13166609,2021-10-18 05:04:21.072000+00:00,15090.5,{'stop_loss_price': 15090.5}
INVALID_RISK_UNIT,risk_unit == 0 or non-finite,NQZ21-CME,13166610,2021-10-18 05:04:21.072001+00:00,15090.5,{'stop_loss_price': 15090.5}
INVALID_RISK_UNIT,risk_unit == 0 or non-finite,NQZ21-CME,13230903,2021-10-18 13:01:56.940000+00:00,15071.5,{'stop_loss_price': 15071.5}
INVALID_RISK_UNIT,risk_unit == 0 or non-finite,NQZ21-CME,13233692,2021-10-18 13:12:07.168000+00:00,15060.25,{'stop_loss_price': 15060.25}
INVALID_RISK_UNIT,risk_unit == 0 or non-finite,NQZ21-CME,13255567,2021-10-18 13:35:00.041000+00:00,15061.5,{'stop_loss_price': 15061.5}
INVALID_RISK_UNIT,risk_unit == 0 or non-finite,NQZ21-CME,13255568,2021-10-18 13:35:00.041001+00:00,15061.5,{'stop_loss_price': 15061.5}
INVALID_RISK_UNIT,risk_unit == 0 or non-finite,NQZ21-CME,13255569,2021-10-18 13:35:00.101000+00:00,15061.5,{'stop_loss_price': 15061.5}
INVALID_RISK_UNIT,risk_unit == 0 or non-finite,NQZ21-CME,13265269,2021-10-18 13:38:45.023000+00:00,15081.75,{'stop_loss_price': 15081.75}
INVALID_RISK_UNIT,risk_unit == 0 or non-finite,NQZ21-CME,13319664,2021-10-18 14:15:45.556000+00:00,15150.25,{'stop_loss_price': 15150.25}
INVALID_RISK_UNIT,risk_unit == 0 or non-finite,NQZ21-CME,13345963,2021-10-18 14:47:47.845000+00:00,15147.5,{'stop_loss_price': 15147.5}
INVALID_RISK_UNIT,risk_unit == 0 or non-finite,NQZ21-CME,13383501,2021-10-18 15:40:00.365000+00:00,15196.25,{'stop_loss_price': 15196.25}
INVALID_RISK_UNIT,risk_unit == 0 or non-finite,NQZ21-CME,13383502,2021-10-18 15:40:00.365001+00:00,15196.25,{'stop_loss_price': 15196.25}
INVALID_RISK_UNIT,risk_unit == 0 or non-finite,NQZ21-CME,13443661,2021-10-18 18:23:22.402000+00:00,15247.75,{'stop_loss_price': 15247.75}
INVALID_RISK_UNIT,risk_unit == 0 or non-finite,NQZ21-CME,13450501,2021-10-18 18:40:44.213000+00:00,15254.5,{'stop_loss_price': 15254.5}
INVALID_RISK_UNIT,risk_unit == 0 or non-finite,NQZ21-CME,13566662,2021-10-19 10:29:16.800000+00:00,15343.5,{'stop_loss_price': 15343.5}
INVALID_RISK_UNIT,risk_unit == 0 or non-finite,NQZ21-CME,13578296,2021-10-19 12:07:43.516000+00:00,15355.0,{'stop_loss_price': 15355.0}
INVALID_RISK_UNIT,risk_unit == 0 or non-finite,NQZ21-CME,13578297,2021-10-19 12:07:43.516001+00:00,15355.0,{'stop_loss_price': 15355.0}
INVALID_RISK_UNIT,risk_unit == 0 or non-finite,NQZ21-CME,13578298,2021-10-19 12:07:43.516002+00:00,15355.0,{'stop_loss_price': 15355.0}
INVALID_RISK_UNIT,risk_unit == 0 or non-finite,NQZ21-CME,13578299,2021-10-19 12:07:43.516003+00:00,15355.0,{'stop_loss_price': 15355.0}
INVALID_RISK_UNIT,risk_unit == 0 or non-finite,NQZ21-CME,13578300,2021-10-19 12:07:43.520000+00:00,15355.0,{'stop_loss_price': 15355.0}
INVALID_RISK_UNIT,risk_unit == 0 or non-finite,NQZ21-CME,13578304,2021-10-19 12:07:46.770000+00:00,15355.0,{'stop_loss_price': 15355.0}
INVALID_RISK_UNIT,risk_unit == 0 or non-finite,NQZ21-CME,13585028,2021-10-19 12:48:50.322000+00:00,15336.25,{'stop_loss_price': 15336.25}
INVALID_RISK_UNIT,risk_unit == 0 or non-finite,NQZ21-CME,13585029,2021-10-19 12:48:50.481000+00:00,15336.25,{'stop_loss_price': 15336.25}
INVALID_RISK_UNIT,risk_unit == 0 or non-finite,NQZ21-CME,13585030,2021-10-19 12:48:50.553000+00:00,15336.25,{'stop_loss_price': 15336.25}
INVALID_RISK_UNIT,risk_unit == 0 or non-finite,NQZ21-CME,13589389,2021-10-19 13:12:04.619000+00:00,15323.75,{'stop_loss_price': 15323.75}
INVALID_RISK_UNIT,risk_unit == 0 or non-finite,NQZ21-CME,13601225,2021-10-19 13:31:10.010000+00:00,15315.0,{'stop_loss_price': 15315.0}
INVALID_RISK_UNIT,risk_unit == 0 or non-finite,NQZ21-CME,13601226,2021-10-19 13:31:10.010001+00:00,15315.0,{'stop_loss_price': 15315.0}
INVALID_RISK_UNIT,risk_unit == 0 or non-finite,NQZ21-CME,13612054,2021-10-19 13:35:18.838000+00:00,15307.25,{'stop_loss_price': 15307.25}
INVALID_RISK_UNIT,risk_unit == 0 or non-finite,NQZ21-CME,13612055,2021-10-19 13:35:18.840000+00:00,15307.25,{'stop_loss_price': 15307.25}
INVALID_RISK_UNIT,risk_unit == 0 or non-finite,NQZ21-CME,13649965,2021-10-19 13:53:15.974000+00:00,15351.5,{'stop_loss_price': 15351.5}
INVALID_RISK_UNIT,risk_unit == 0 or non-finite,NQZ21-CME,13649966,2021-10-19 13:53:15.974001+00:00,15351.5,{'stop_loss_price': 15351.5}
INVALID_RISK_UNIT,risk_unit == 0 or non-finite,NQZ21-CME,13649967,2021-10-19 13:53:15.974002+00:00,15351.5,{'stop_loss_price': 15351.5}
INVALID_RISK_UNIT,risk_unit == 0 or non-finite,NQZ21-CME,13664341,2021-10-19 14:01:42.470000+00:00,15314.5,{'stop_loss_price': 15314.5}
INVALID_RISK_UNIT,risk_unit == 0 or non-finite,NQZ21-CME,13750691,2021-10-19 15:57:48.896000+00:00,15378.75,{'stop_loss_price': 15378.75}
INVALID_RISK_UNIT,risk_unit == 0 or non-finite,NQZ21-CME,13750692,2021-10-19 15:57:48.896001+00:00,15378.75,{'stop_loss_price': 15378.75}
INVALID_RISK_UNIT,risk_unit == 0 or non-finite,NQZ21-CME,13750694,2021-10-19 15:57:50.203000+00:00,15378.75,{'stop_loss_price': 15378.75}
INVALID_RISK_UNIT,risk_unit == 0 or non-finite,NQZ21-CME,13769453,2021-10-19 16:59:06.260000+00:00,15392.5,{'stop_loss_price': 15392.5}
INVALID_RISK_UNIT,risk_unit == 0 or non-finite,NQZ21-CME,13771779,2021-10-19 17:03:33.055000+00:00,15385.5,{'stop_loss_price': 15385.5}
INVALID_RISK_UNIT,risk_unit == 0 or non-finite,NQZ21-CME,13837213,2021-10-19 19:54:55.701009+00:00,15387.0,{'stop_loss_price': 15387.0}
INVALID_RISK_UNIT,risk_unit == 0 or non-finite,NQZ21-CME,13837214,2021-10-19 19:54:55.701010+00:00,15387.0,{'stop_loss_price': 15387.0}
INVALID_RISK_UNIT,risk_unit == 0 or non-finite,NQZ21-CME,13837215,2021-10-19 19:54:55.701011+00:00,15387.0,{'stop_loss_price': 15387.0}
INVALID_RISK_UNIT,risk_unit == 0 or non-finite,NQZ21-CME,13837216,2021-10-19 19:54:55.701012+00:00,15387.0,{'stop_loss_price': 15387.0}
INVALID_RISK_UNIT,risk_unit == 0 or non-finite,NQZ21-CME,13837217,2021-10-19 19:54:55.701013+00:00,15387.0,{'stop_loss_price': 15387.0}
INVALID_RISK_UNIT,risk_unit == 0 or non-finite,NQZ21-CME,13837218,2021-10-19 19:54:55.701014+00:00,15387.0,{'stop_loss_price': 15387.0}
INVALID_RISK_UNIT,risk_unit == 0 or non-finite,NQZ21-CME,13837219,2021-10-19 19:54:55.701015+00:00,15387.0,{'stop_loss_price': 15387.0}
INVALID_RISK_UNIT,risk_unit == 0 or non-finite,NQZ21-CME,13837220,2021-10-19 19:54:55.701016+00:00,15387.0,{'stop_loss_price': 15387.0}
INVALID_RISK_UNIT,risk_unit == 0 or non-finite,NQZ21-CME,13853634,2021-10-19 20:11:22.191000+00:00,15417.75,{'stop_loss_price': 15417.75}
INVALID_RISK_UNIT,risk_unit == 0 or non-finite,NQZ21-CME,13853635,2021-10-19 20:11:22.191001+00:00,15417.75,{'stop_loss_price': 15417.75}
INVALID_RISK_UNIT,risk_unit == 0 or non-finite,NQZ21-CME,13861863,2021-10-19 23:14:26.068002+00:00,15405.0,{'stop_loss_price': 15405.0}
INVALID_RISK_UNIT,risk_unit == 0 or non-finite,NQZ21-CME,13861864,2021-10-19 23:14:26.068003+00:00,15405.0,{'stop_loss_price': 15405.0}
INVALID_RISK_UNIT,risk_unit == 0 or non-finite,NQZ21-CME,13861865,2021-10-19 23:14:26.068004+00:00,15405.0,{'stop_loss_price': 15405.0}
INVALID_RISK_UNIT,risk_unit == 0 or non-finite,NQZ21-CME,13874062,2021-10-20 02:05:41.578000+00:00,15377.0,{'stop_loss_price': 15377.0}
INVALID_RISK_UNIT,risk_unit == 0 or non-finite,NQZ21-CME,13893700,2021-10-20 07:29:08.305009+00:00,15405.25,{'stop_loss_price': 15405.25}
INVALID_RISK_UNIT,risk_unit == 0 or non-finite,NQZ21-CME,13893701,2021-10-20 07:29:08.305010+00:00,15405.25,{'stop_loss_price': 15405.25}
INVALID_RISK_UNIT,risk_unit == 0 or non-finite,NQZ21-CME,13893706,2021-10-20 07:29:09.053000+00:00,15405.25,{'stop_loss_price': 15405.25}
INVALID_RISK_UNIT,risk_unit == 0 or non-finite,NQZ21-CME,13898403,2021-10-20 08:00:38.378000+00:00,15378.5,{'stop_loss_price': 15378.5}
INVALID_RISK_UNIT,risk_unit == 0 or non-finite,NQZ21-CME,13898404,2021-10-20 08:00:38.378001+00:00,15378.5,{'stop_loss_price': 15378.5}
INVALID_RISK_UNIT,risk_unit == 0 or non-finite,NQZ21-CME,13898405,2021-10-20 08:00:38.378002+00:00,15378.5,{'stop_loss_price': 15378.5}
INVALID_RISK_UNIT,risk_unit == 0 or non-finite,NQZ21-CME,13898416,2021-10-20 08:00:38.380000+00:00,15378.5,{'stop_loss_price': 15378.5}
INVALID_RISK_UNIT,risk_unit == 0 or non-finite,NQZ21-CME,13898417,2021-10-20 08:00:38.380001+00:00,15378.5,{'stop_loss_price': 15378.5}
INVALID_RISK_UNIT,risk_unit == 0 or non-finite,NQZ21-CME,13903348,2021-10-20 08:54:45.890000+00:00,15392.75,{'stop_loss_price': 15392.75}
INVALID_RISK_UNIT,risk_unit == 0 or non-finite,NQZ21-CME,13903349,2021-10-20 08:54:45.890001+00:00,15392.75,{'stop_loss_price': 15392.75}
INVALID_RISK_UNIT,risk_unit == 0 or non-finite,NQZ21-CME,13903351,2021-10-20 08:54:53.005000+00:00,15392.75,{'stop_loss_price': 15392.75}
INVALID_RISK_UNIT,risk_unit == 0 or non-finite,NQZ21-CME,13946986,2021-10-20 13:33:51.095000+00:00,15420.75,{'stop_loss_price': 15420.75}
INVALID_RISK_UNIT,risk_unit == 0 or non-finite,NQZ21-CME,13949960,2021-10-20 13:35:12.655000+00:00,15413.5,{'stop_loss_price': 15413.5}
INVALID_RISK_UNIT,risk_unit == 0 or non-finite,NQZ21-CME,13973548,2021-10-20 13:46:05.032000+00:00,15423.5,{'stop_loss_price': 15423.5}
INVALID_RISK_UNIT,risk_unit == 0 or non-finite,NQZ21-CME,13973549,2021-10-20 13:46:05.032001+00:00,15423.5,{'stop_loss_price': 15423.5}
INVALID_RISK_UNIT,risk_unit == 0 or non-finite,NQZ21-CME,13973550,2021-10-20 13:46:05.032002+00:00,15423.5,{'stop_loss_price': 15423.5}
INVALID_RISK_UNIT,risk_unit == 0 or non-finite,NQZ21-CME,13981833,2021-10-20 13:50:46.355000+00:00,15427.75,{'stop_loss_price': 15427.75}
INVALID_RISK_UNIT,risk_unit == 0 or non-finite,NQZ21-CME,13998763,2021-10-20 14:00:25.099000+00:00,15400.75,{'stop_loss_price': 15400.75}
INVALID_RISK_UNIT,risk_unit == 0 or non-finite,NQZ21-CME,13998764,2021-10-20 14:00:25.099001+00:00,15400.75,{'stop_loss_price': 15400.75}
INVALID_RISK_UNIT,risk_unit == 0 or non-finite,NQZ21-CME,13998765,2021-10-20 14:00:25.099002+00:00,15400.75,{'stop_loss_price': 15400.75}
INVALID_RISK_UNIT,risk_unit == 0 or non-finite,NQZ21-CME,13998766,2021-10-20 14:00:25.099003+00:00,15400.75,{'stop_loss_price': 15400.75}
INVALID_RISK_UNIT,risk_unit == 0 or non-finite,NQZ21-CME,13998767,2021-10-20 14:00:25.099004+00:00,15400.75,{'stop_loss_price': 15400.75}
INVALID_RISK_UNIT,risk_unit == 0 or non-finite,NQZ21-CME,14011211,2021-10-20 14:07:59.271001+00:00,15392.5,{'stop_loss_price': 15392.5}
INVALID_RISK_UNIT,risk_unit == 0 or non-finite,NQZ21-CME,14013157,2021-10-20 14:09:33.812000+00:00,15401.5,{'stop_loss_price': 15401.5}
INVALID_RISK_UNIT,risk_unit == 0 or non-finite,NQZ21-CME,14016187,2021-10-20 14:12:42.562000+00:00,15407.25,{'stop_loss_price': 15407.25}
INVALID_RISK_UNIT,risk_unit == 0 or non-finite,NQZ21-CME,14016188,2021-10-20 14:12:42.562001+00:00,15407.25,{'stop_loss_price': 15407.25}
INVALID_RISK_UNIT,risk_unit == 0 or non-finite,NQZ21-CME,14016189,2021-10-20 14:12:42.562002+00:00,15407.25,{'stop_loss_price': 15407.25}
INVALID_RISK_UNIT,risk_unit == 0 or non-finite,NQZ21-CME,14016196,2021-10-20 14:12:43.225000+00:00,15407.25,{'stop_loss_price': 15407.25}
INVALID_RISK_UNIT,risk_unit == 0 or non-finite,NQZ21-CME,14018892,2021-10-20 14:14:29.054000+00:00,15414.0,{'stop_loss_price': 15414.0}
INVALID_RISK_UNIT,risk_unit == 0 or non-finite,NQZ21-CME,14028803,2021-10-20 14:22:52.099000+00:00,15426.5,{'stop_loss_price': 15426.5}
INVALID_RISK_UNIT,risk_unit == 0 or non-finite,NQZ21-CME,14034870,2021-10-20 14:29:01.725000+00:00,15431.25,{'stop_loss_price': 15431.25}
INVALID_RISK_UNIT,risk_unit == 0 or non-finite,NQZ21-CME,14034871,2021-10-20 14:29:01.725001+00:00,15431.25,{'stop_loss_price': 15431.25}
INVALID_RISK_UNIT,risk_unit == 0 or non-finite,NQZ21-CME,14047392,2021-10-20 14:38:38.655000+00:00,15435.5,{'stop_loss_price': 15435.5}
INVALID_RISK_UNIT,risk_unit == 0 or non-finite,NQZ21-CME,14047393,2021-10-20 14:38:38.743000+00:00,15435.5,{'stop_loss_price': 15435.5}
INVALID_RISK_UNIT,risk_unit == 0 or non-finite,NQZ21-CME,14047394,2021-10-20 14:38:38.743001+00:00,15435.5,{'stop_loss_price': 15435.5}
INVALID_RISK_UNIT,risk_unit == 0 or non-finite,NQZ21-CME,14047395,2021-10-20 14:38:39.064000+00:00,15435.5,{'stop_loss_price': 15435.5}
INVALID_RISK_UNIT,risk_unit == 0 or non-finite,NQZ21-CME,14047396,2021-10-20 14:38:39.299000+00:00,15435.5,{'stop_loss_price': 15435.5}
INVALID_RISK_UNIT,risk_unit == 0 or non-finite,NQZ21-CME,14083880,2021-10-20 15:16:08.535000+00:00,15399.25,{'stop_loss_price': 15399.25}
INVALID_RISK_UNIT,risk_unit == 0 or non-finite,NQZ21-CME,14083881,2021-10-20 15:16:08.535001+00:00,15399.25,{'stop_loss_price': 15399.25}
INVALID_RISK_UNIT,risk_unit == 0 or non-finite,NQZ21-CME,14083882,2021-10-20 15:16:08.539000+00:00,15399.25,{'stop_loss_price': 15399.25}
INVALID_RISK_UNIT,risk_unit == 0 or non-finite,NQZ21-CME,14083885,2021-10-20 15:16:08.812000+00:00,15399.25,{'stop_loss_price': 15399.25}
INVALID_RISK_UNIT,risk_unit == 0 or non-finite,NQZ21-CME,14083886,2021-10-20 15:16:08.812001+00:00,15399.25,{'stop_loss_price': 15399.25}
INVALID_RISK_UNIT,risk_unit == 0 or non-finite,NQZ21-CME,14086200,2021-10-20 15:19:28.471000+00:00,15406.25,{'stop_loss_price': 15406.25}
INVALID_RISK_UNIT,risk_unit == 0 or non-finite,NQZ21-CME,14086201,2021-10-20 15:19:28.474000+00:00,15406.25,{'stop_loss_price': 15406.25}
INVALID_RISK_UNIT,risk_unit == 0 or non-finite,NQZ21-CME,14086203,2021-10-20 15:19:28.490001+00:00,15406.25,{'stop_loss_price': 15406.25}
INVALID_RISK_UNIT,risk_unit == 0 or non-finite,NQZ21-CME,14098503,2021-10-20 15:33:46.153000+00:00,15403.25,{'stop_loss_price': 15403.25}
INVALID_RISK_UNIT,risk_unit == 0 or non-finite,NQZ21-CME,14098504,2021-10-20 15:33:46.153001+00:00,15403.25,{'stop_loss_price': 15403.25}
INVALID_RISK_UNIT,risk_unit == 0 or non-finite,NQZ21-CME,14105437,2021-10-20 15:46:09.978000+00:00,15412.0,{'stop_loss_price': 15412.0}
INVALID_RISK_UNIT,risk_unit == 0 or non-finite,NQZ21-CME,14105438,2021-10-20 15:46:09.978001+00:00,15412.0,{'stop_loss_price': 15412.0}
INVALID_RISK_UNIT,risk_unit == 0 or non-finite,NQZ21-CME,14105439,2021-10-20 15:46:09.978002+00:00,15412.0,{'stop_loss_price': 15412.0}
INVALID_RISK_UNIT,risk_unit == 0 or non-finite,NQZ21-CME,14105440,2021-10-20 15:46:09.978003+00:00,15412.0,{'stop_loss_price': 15412.0}
INVALID_RISK_UNIT,risk_unit == 0 or non-finite,NQZ21-CME,14105441,2021-10-20 15:46:09.978004+00:00,15412.0,{'stop_loss_price': 15412.0}
INVALID_RISK_UNIT,risk_unit == 0 or non-finite,NQZ21-CME,14105442,2021-10-20 15:46:09.978005+00:00,15412.0,{'stop_loss_price': 15412.0}
INVALID_RISK_UNIT,risk_unit == 0 or non-finite,NQZ21-CME,14105443,2021-10-20 15:46:09.978006+00:00,15412.0,{'stop_loss_price': 15412.0}
INVALID_RISK_UNIT,risk_unit == 0 or non-finite,NQZ21-CME,14105444,2021-10-20 15:46:09.979000+00:00,15412.0,{'stop_loss_price': 15412.0}
INVALID_RISK_UNIT,risk_unit == 0 or non-finite,NQZ21-CME,14105447,2021-10-20 15:46:10.143001+00:00,15412.0,{'stop_loss_price': 15412.0}
INVALID_RISK_UNIT,risk_unit == 0 or non-finite,NQZ21-CME,14105448,2021-10-20 15:46:10.143002+00:00,15412.0,{'stop_loss_price': 15412.0}
INVALID_RISK_UNIT,risk_unit == 0 or non-finite,NQZ21-CME,14105449,2021-10-20 15:46:10.143003+00:00,15412.0,{'stop_loss_price': 15412.0}
INVALID_RISK_UNIT,risk_unit == 0 or non-finite,NQZ21-CME,14140807,2021-10-20 17:01:07.566000+00:00,15392.75,{'stop_loss_price': 15392.75}
INVALID_RISK_UNIT,risk_unit == 0 or non-finite,NQZ21-CME,14140808,2021-10-20 17:01:07.566001+00:00,15392.75,{'stop_loss_price': 15392.75}
INVALID_RISK_UNIT,risk_unit == 0 or non-finite,NQZ21-CME,14140809,2021-10-20 17:01:07.566002+00:00,15392.75,{'stop_loss_price': 15392.75}
INVALID_RISK_UNIT,risk_unit == 0 or non-finite,NQZ21-CME,14140810,2021-10-20 17:01:07.566003+00:00,15392.75,{'stop_loss_price': 15392.75}
INVALID_RISK_UNIT,risk_unit == 0 or non-finite,NQZ21-CME,14207509,2021-10-20 18:50:17.199000+00:00,15369.5,{'stop_loss_price': 15369.5}
INVALID_RISK_UNIT,risk_unit == 0 or non-finite,NQZ21-CME,14207510,2021-10-20 18:50:17.199001+00:00,15369.5,{'stop_loss_price': 15369.5}
INVALID_RISK_UNIT,risk_unit == 0 or non-finite,NQZ21-CME,14207511,2021-10-20 18:50:17.227000+00:00,15369.5,{'stop_loss_price': 15369.5}
INVALID_RISK_UNIT,risk_unit == 0 or non-finite,NQZ21-CME,14207518,2021-10-20 18:50:18.242001+00:00,15369.5,{'stop_loss_price': 15369.5}
INVALID_RISK_UNIT,risk_unit == 0 or non-finite,NQZ21-CME,14207519,2021-10-20 18:50:18.242002+00:00,15369.5,{'stop_loss_price': 15369.5}
INVALID_RISK_UNIT,risk_unit == 0 or non-finite,NQZ21-CME,14207520,2021-10-20 18:50:18.242003+00:00,15369.5,{'stop_loss_price': 15369.5}
INVALID_RISK_UNIT,risk_unit == 0 or non-finite,NQZ21-CME,14207521,2021-10-20 18:50:18.242004+00:00,15369.5,{'stop_loss_price': 15369.5}
INVALID_RISK_UNIT,risk_unit == 0 or non-finite,NQZ21-CME,14207522,2021-10-20 18:50:18.242005+00:00,15369.5,{'stop_loss_price': 15369.5}
INVALID_RISK_UNIT,risk_unit == 0 or non-finite,NQZ21-CME,14207523,2021-10-20 18:50:18.242006+00:00,15369.5,{'stop_loss_price': 15369.5}
INVALID_RISK_UNIT,risk_unit == 0 or non-finite,NQZ21-CME,14207524,2021-10-20 18:50:18.242007+00:00,15369.5,{'stop_loss_price': 15369.5}
INVALID_RISK_UNIT,risk_unit == 0 or non-finite,NQZ21-CME,14223719,2021-10-20 19:21:10.653000+00:00,15373.75,{'stop_loss_price': 15373.75}
INVALID_RISK_UNIT,risk_unit == 0 or non-finite,NQZ21-CME,14223720,2021-10-20 19:21:10.653001+00:00,15373.75,{'stop_loss_price': 15373.75}
INVALID_RISK_UNIT,risk_unit == 0 or non-finite,NQZ21-CME,14223721,2021-10-20 19:21:10.653002+00:00,15373.75,{'stop_loss_price': 15373.75}
INVALID_RISK_UNIT,risk_unit == 0 or non-finite,NQZ21-CME,14223724,2021-10-20 19:21:10.757000+00:00,15373.75,{'stop_loss_price': 15373.75}
INVALID_RISK_UNIT,risk_unit == 0 or non-finite,NQZ21-CME,14223725,2021-10-20 19:21:10.916000+00:00,15373.75,{'stop_loss_price': 15373.75}
INVALID_RISK_UNIT,risk_unit == 0 or non-finite,NQZ21-CME,14223730,2021-10-20 19:21:13.222000+00:00,15373.75,{'stop_loss_price': 15373.75}
INVALID_RISK_UNIT,risk_unit == 0 or non-finite,NQZ21-CME,14223731,2021-10-20 19:21:13.222001+00:00,15373.75,{'stop_loss_price': 15373.75}
INVALID_RISK_UNIT,risk_unit == 0 or non-finite,NQZ21-CME,14223732,2021-10-20 19:21:13.224000+00:00,15373.75,{'stop_loss_price': 15373.75}
INVALID_RISK_UNIT,risk_unit == 0 or non-finite,NQZ21-CME,14238907,2021-10-20 19:46:24.407000+00:00,15372.0,{'stop_loss_price': 15372.0}
INVALID_RISK_UNIT,risk_unit == 0 or non-finite,NQZ21-CME,14238908,2021-10-20 19:46:24.408000+00:00,15372.0,{'stop_loss_price': 15372.0}
INVALID_RISK_UNIT,risk_unit == 0 or non-finite,NQZ21-CME,14238909,2021-10-20 19:46:24.408001+00:00,15372.0,{'stop_loss_price': 15372.0}
INVALID_RISK_UNIT,risk_unit == 0 or non-finite,NQZ21-CME,14238910,2021-10-20 19:46:24.408002+00:00,15372.0,{'stop_loss_price': 15372.0}
INVALID_RISK_UNIT,risk_unit == 0 or non-finite,NQZ21-CME,14238911,2021-10-20 19:46:24.408003+00:00,15372.0,{'stop_loss_price': 15372.0}
INVALID_RISK_UNIT,risk_unit == 0 or non-finite,NQZ21-CME,14238912,2021-10-20 19:46:24.408004+00:00,15372.0,{'stop_loss_price': 15372.0}
INVALID_RISK_UNIT,risk_unit == 0 or non-finite,NQZ21-CME,14238913,2021-10-20 19:46:24.408005+00:00,15372.0,{'stop_loss_price': 15372.0}
INVALID_RISK_UNIT,risk_unit == 0 or non-finite,NQZ21-CME,14238915,2021-10-20 19:46:24.494000+00:00,15372.0,{'stop_loss_price': 15372.0}
INVALID_RISK_UNIT,risk_unit == 0 or non-finite,NQZ21-CME,14244310,2021-10-20 19:53:38.437000+00:00,15367.25,{'stop_loss_price': 15367.25}
INVALID_RISK_UNIT,risk_unit == 0 or non-finite,NQZ21-CME,14244311,2021-10-20 19:53:38.650000+00:00,15367.25,{'stop_loss_price': 15367.25}
INVALID_RISK_UNIT,risk_unit == 0 or non-finite,NQZ21-CME,14276602,2021-10-21 01:51:51.644000+00:00,15356.75,{'stop_loss_price': 15356.75}
INVALID_RISK_UNIT,risk_unit == 0 or non-finite,NQZ21-CME,14277349,2021-10-21 02:03:48.255000+00:00,15359.5,{'stop_loss_price': 15359.5}
INVALID_RISK_UNIT,risk_unit == 0 or non-finite,NQZ21-CME,14277350,2021-10-21 02:03:48.255001+00:00,15359.5,{'stop_loss_price': 15359.5}
INVALID_RISK_UNIT,risk_unit == 0 or non-finite,NQZ21-CME,14278476,2021-10-21 02:28:16.567000+00:00,15365.0,{'stop_loss_price': 15365.0}
INVALID_RISK_UNIT,risk_unit == 0 or non-finite,NQZ21-CME,14278477,2021-10-21 02:28:16.925000+00:00,15365.0,{'stop_loss_price': 15365.0}
INVALID_RISK_UNIT,risk_unit == 0 or non-finite,NQZ21-CME,14278479,2021-10-21 02:28:17.983000+00:00,15365.0,{'stop_loss_price': 15365.0}
INVALID_RISK_UNIT,risk_unit == 0 or non-finite,NQZ21-CME,14298204,2021-10-21 07:06:33.628000+00:00,15319.75,{'stop_loss_price': 15319.75}
INVALID_RISK_UNIT,risk_unit == 0 or non-finite,NQZ21-CME,14298205,2021-10-21 07:06:33.629000+00:00,15319.75,{'stop_loss_price': 15319.75}
INVALID_RISK_UNIT,risk_unit == 0 or non-finite,NQZ21-CME,14316712,2021-10-21 10:32:37.126000+00:00,15354.0,{'stop_loss_price': 15354.0}
INVALID_RISK_UNIT,risk_unit == 0 or non-finite,NQZ21-CME,14316713,2021-10-21 10:32:37.211000+00:00,15354.0,{'stop_loss_price': 15354.0}
INVALID_RISK_UNIT,risk_unit == 0 or non-finite,NQZ21-CME,14330102,2021-10-21 12:21:42.433000+00:00,15327.25,{'stop_loss_price': 15327.25}
INVALID_RISK_UNIT,risk_unit == 0 or non-finite,NQZ21-CME,14359523,2021-10-21 13:33:44.539001+00:00,15348.0,{'stop_loss_price': 15348.0}
INVALID_RISK_UNIT,risk_unit == 0 or non-finite,NQZ21-CME,14376804,2021-10-21 13:41:19.606000+00:00,15369.25,{'stop_loss_price': 15369.25}
INVALID_RISK_UNIT,risk_unit == 0 or non-finite,NQZ21-CME,14376805,2021-10-21 13:41:19.606001+00:00,15369.25,{'stop_loss_price': 15369.25}
INVALID_RISK_UNIT,risk_unit == 0 or non-finite,NQZ21-CME,14376806,2021-10-21 13:41:19.606002+00:00,15369.25,{'stop_loss_price': 15369.25}
INVALID_RISK_UNIT,risk_unit == 0 or non-finite,NQZ21-CME,14376807,2021-10-21 13:41:19.606003+00:00,15369.25,{'stop_loss_price': 15369.25}
INVALID_RISK_UNIT,risk_unit == 0 or non-finite,NQZ21-CME,14390070,2021-10-21 13:49:16.483000+00:00,15373.0,{'stop_loss_price': 15373.0}
INVALID_RISK_UNIT,risk_unit == 0 or non-finite,NQZ21-CME,14390071,2021-10-21 13:49:16.483001+00:00,15373.0,{'stop_loss_price': 15373.0}
INVALID_RISK_UNIT,risk_unit == 0 or non-finite,NQZ21-CME,14390072,2021-10-21 13:49:16.487000+00:00,15373.0,{'stop_loss_price': 15373.0}
INVALID_RISK_UNIT,risk_unit == 0 or non-finite,NQZ21-CME,14390073,2021-10-21 13:49:16.487001+00:00,15373.0,{'stop_loss_price': 15373.0}
INVALID_RISK_UNIT,risk_unit == 0 or non-finite,NQZ21-CME,14390074,2021-10-21 13:49:16.487002+00:00,15373.0,{'stop_loss_price': 15373.0}
INVALID_RISK_UNIT,risk_unit == 0 or non-finite,NQZ21-CME,14390075,2021-10-21 13:49:16.488000+00:00,15373.0,{'stop_loss_price': 15373.0}
INVALID_RISK_UNIT,risk_unit == 0 or non-finite,NQZ21-CME,14390076,2021-10-21 13:49:16.488001+00:00,15373.0,{'stop_loss_price': 15373.0}
INVALID_RISK_UNIT,risk_unit == 0 or non-finite,NQZ21-CME,14390077,2021-10-21 13:49:16.488002+00:00,15373.0,{'stop_loss_price': 15373.0}
INVALID_RISK_UNIT,risk_unit == 0 or non-finite,NQZ21-CME,14390078,2021-10-21 13:49:16.488003+00:00,15373.0,{'stop_loss_price': 15373.0}
INVALID_RISK_UNIT,risk_unit == 0 or non-finite,NQZ21-CME,14390079,2021-10-21 13:49:16.497000+00:00,15373.0,{'stop_loss_price': 15373.0}
INVALID_RISK_UNIT,risk_unit == 0 or non-finite,NQZ21-CME,14390105,2021-10-21 13:49:16.940000+00:00,15372.75,{'stop_loss_price': 15372.75}
INVALID_RISK_UNIT,risk_unit == 0 or non-finite,NQZ21-CME,14406661,2021-10-21 14:01:30.180000+00:00,15382.5,{'stop_loss_price': 15382.5}
INVALID_RISK_UNIT,risk_unit == 0 or non-finite,NQZ21-CME,14439049,2021-10-21 14:30:25.719000+00:00,15423.5,{'stop_loss_price': 15423.5}
INVALID_RISK_UNIT,risk_unit == 0 or non-finite,NQZ21-CME,14519286,2021-10-21 16:09:18.366000+00:00,15408.0,{'stop_loss_price': 15408.0}
INVALID_RISK_UNIT,risk_unit == 0 or non-finite,NQZ21-CME,14519287,2021-10-21 16:09:18.399000+00:00,15408.0,{'stop_loss_price': 15408.0}
INVALID_RISK_UNIT,risk_unit == 0 or non-finite,NQZ21-CME,14572525,2021-10-21 18:21:58.618000+00:00,15425.5,{'stop_loss_price': 15425.5}
INVALID_RISK_UNIT,risk_unit == 0 or non-finite,NQZ21-CME,14572526,2021-10-21 18:21:58.618001+00:00,15425.5,{'stop_loss_price': 15425.5}
INVALID_RISK_UNIT,risk_unit == 0 or non-finite,NQZ21-CME,14572527,2021-10-21 18:22:01.009000+00:00,15425.5,{'stop_loss_price': 15425.5}
INVALID_RISK_UNIT,risk_unit == 0 or non-finite,NQZ21-CME,14572528,2021-10-21 18:22:01.009001+00:00,15425.5,{'stop_loss_price': 15425.5}
INVALID_RISK_UNIT,risk_unit == 0 or non-finite,NQZ21-CME,14572529,2021-10-21 18:22:02.456000+00:00,15425.5,{'stop_loss_price': 15425.5}
INVALID_RISK_UNIT,risk_unit == 0 or non-finite,NQZ21-CME,14572530,2021-10-21 18:22:02.456001+00:00,15425.5,{'stop_loss_price': 15425.5}
INVALID_RISK_UNIT,risk_unit == 0 or non-finite,NQZ21-CME,14572531,2021-10-21 18:22:02.456002+00:00,15425.5,{'stop_loss_price': 15425.5}
INVALID_RISK_UNIT,risk_unit == 0 or non-finite,NQZ21-CME,14572532,2021-10-21 18:22:02.457000+00:00,15425.5,{'stop_loss_price': 15425.5}
INVALID_RISK_UNIT,risk_unit == 0 or non-finite,NQZ21-CME,14572533,2021-10-21 18:22:03.228000+00:00,15425.5,{'stop_loss_price': 15425.5}
INVALID_RISK_UNIT,risk_unit == 0 or non-finite,NQZ21-CME,14572534,2021-10-21 18:22:03.319000+00:00,15425.5,{'stop_loss_price': 15425.5}
INVALID_RISK_UNIT,risk_unit == 0 or non-finite,NQZ21-CME,14572535,2021-10-21 18:22:03.319001+00:00,15425.5,{'stop_loss_price': 15425.5}
INVALID_RISK_UNIT,risk_unit == 0 or non-finite,NQZ21-CME,14611898,2021-10-21 19:41:31.227001+00:00,15459.75,{'stop_loss_price': 15459.75}
INVALID_RISK_UNIT,risk_unit == 0 or non-finite,NQZ21-CME,14611899,2021-10-21 19:41:31.227002+00:00,15459.75,{'stop_loss_price': 15459.75}
INVALID_RISK_UNIT,risk_unit == 0 or non-finite,NQZ21-CME,14615091,2021-10-21 19:49:13.590000+00:00,15459.25,{'stop_loss_price': 15459.25}
INVALID_RISK_UNIT,risk_unit == 0 or non-finite,NQZ21-CME,14616714,2021-10-21 19:51:23.428000+00:00,15457.75,{'stop_loss_price': 15457.75}
INVALID_RISK_UNIT,risk_unit == 0 or non-finite,NQZ21-CME,14674710,2021-10-22 01:33:01.734000+00:00,15411.75,{'stop_loss_price': 15411.75}
INVALID_RISK_UNIT,risk_unit == 0 or non-finite,NQZ21-CME,14677552,2021-10-22 02:11:21.729000+00:00,15395.5,{'stop_loss_price': 15395.5}
INVALID_RISK_UNIT,risk_unit == 0 or non-finite,NQZ21-CME,14677553,2021-10-22 02:11:22.243000+00:00,15395.5,{'stop_loss_price': 15395.5}
INVALID_RISK_UNIT,risk_unit == 0 or non-finite,NQZ21-CME,14677554,2021-10-22 02:11:22.243001+00:00,15395.5,{'stop_loss_price': 15395.5}
INVALID_RISK_UNIT,risk_unit == 0 or non-finite,NQZ21-CME,14677555,2021-10-22 02:11:22.243002+00:00,15395.5,{'stop_loss_price': 15395.5}
INVALID_RISK_UNIT,risk_unit == 0 or non-finite,NQZ21-CME,14677556,2021-10-22 02:11:23.495000+00:00,15395.5,{'stop_loss_price': 15395.5}
INVALID_RISK_UNIT,risk_unit == 0 or non-finite,NQZ21-CME,14693405,2021-10-22 07:11:13.424000+00:00,15400.5,{'stop_loss_price': 15400.5}
INVALID_RISK_UNIT,risk_unit == 0 or non-finite,NQZ21-CME,14706827,2021-10-22 09:30:02.347000+00:00,15423.75,{'stop_loss_price': 15423.75}
INVALID_RISK_UNIT,risk_unit == 0 or non-finite,NQZ21-CME,14729092,2021-10-22 13:04:00.249000+00:00,15427.75,{'stop_loss_price': 15427.75}
INVALID_RISK_UNIT,risk_unit == 0 or non-finite,NQZ21-CME,14729093,2021-10-22 13:04:00.249001+00:00,15427.75,{'stop_loss_price': 15427.75}
INVALID_RISK_UNIT,risk_unit == 0 or non-finite,NQZ21-CME,14729094,2021-10-22 13:04:00.249002+00:00,15427.75,{'stop_loss_price': 15427.75}
INVALID_RISK_UNIT,risk_unit == 0 or non-finite,NQZ21-CME,14729095,2021-10-22 13:04:00.863000+00:00,15427.75,{'stop_loss_price': 15427.75}
INVALID_RISK_UNIT,risk_unit == 0 or non-finite,NQZ21-CME,14729100,2021-10-22 13:04:01.738000+00:00,15427.75,{'stop_loss_price': 15427.75}
INVALID_RISK_UNIT,risk_unit == 0 or non-finite,NQZ21-CME,14729101,2021-10-22 13:04:01.738001+00:00,15427.75,{'stop_loss_price': 15427.75}
INVALID_RISK_UNIT,risk_unit == 0 or non-finite,NQZ21-CME,14729102,2021-10-22 13:04:01.738002+00:00,15427.75,{'stop_loss_price': 15427.75}
INVALID_RISK_UNIT,risk_unit == 0 or non-finite,NQZ21-CME,14749267,2021-10-22 13:34:14.783025+00:00,15433.5,{'stop_loss_price': 15433.5}
INVALID_RISK_UNIT,risk_unit == 0 or non-finite,NQZ21-CME,14777147,2021-10-22 13:48:29.422000+00:00,15397.75,{'stop_loss_price': 15397.75}
INVALID_RISK_UNIT,risk_unit == 0 or non-finite,NQZ21-CME,14777148,2021-10-22 13:48:29.472000+00:00,15397.75,{'stop_loss_price': 15397.75}
INVALID_RISK_UNIT,risk_unit == 0 or non-finite,NQZ21-CME,14777151,2021-10-22 13:48:29.540000+00:00,15397.75,{'stop_loss_price': 15397.75}
INVALID_RISK_UNIT,risk_unit == 0 or non-finite,NQZ21-CME,14777152,2021-10-22 13:48:29.541000+00:00,15397.75,{'stop_loss_price': 15397.75}
INVALID_RISK_UNIT,risk_unit == 0 or non-finite,NQZ21-CME,14777153,2021-10-22 13:48:29.541001+00:00,15397.75,{'stop_loss_price': 15397.75}
INVALID_RISK_UNIT,risk_unit == 0 or non-finite,NQZ21-CME,14777313,2021-10-22 13:48:33.388000+00:00,15399.25,{'stop_loss_price': 15399.25}
INVALID_RISK_UNIT,risk_unit == 0 or non-finite,NQZ21-CME,14777314,2021-10-22 13:48:33.388001+00:00,15399.25,{'stop_loss_price': 15399.25}
INVALID_RISK_UNIT,risk_unit == 0 or non-finite,NQZ21-CME,14777315,2021-10-22 13:48:33.388002+00:00,15399.25,{'stop_loss_price': 15399.25}
INVALID_RISK_UNIT,risk_unit == 0 or non-finite,NQZ21-CME,14866910,2021-10-22 14:58:52.524000+00:00,15404.75,{'stop_loss_price': 15404.75}
INVALID_RISK_UNIT,risk_unit == 0 or non-finite,NQZ21-CME,14866911,2021-10-22 14:58:52.703000+00:00,15404.75,{'stop_loss_price': 15404.75}
INVALID_RISK_UNIT,risk_unit == 0 or non-finite,NQZ21-CME,14866912,2021-10-22 14:58:53.047000+00:00,15404.75,{'stop_loss_price': 15404.75}
INVALID_RISK_UNIT,risk_unit == 0 or non-finite,NQZ21-CME,14869143,2021-10-22 15:01:24.004000+00:00,15413.0,{'stop_loss_price': 15413.0}
INVALID_RISK_UNIT,risk_unit == 0 or non-finite,NQZ21-CME,14887068,2021-10-22 15:16:57.828000+00:00,15364.25,{'stop_loss_price': 15364.25}
INVALID_RISK_UNIT,risk_unit == 0 or non-finite,NQZ21-CME,14904242,2021-10-22 15:25:19.773000+00:00,15319.75,{'stop_loss_price': 15319.75}
INVALID_RISK_UNIT,risk_unit == 0 or non-finite,NQZ21-CME,14904243,2021-10-22 15:25:19.774000+00:00,15319.75,{'stop_loss_price': 15319.75}
INVALID_RISK_UNIT,risk_unit == 0 or non-finite,NQZ21-CME,14904244,2021-10-22 15:25:19.774001+00:00,15319.75,{'stop_loss_price': 15319.75}
INVALID_RISK_UNIT,risk_unit == 0 or non-finite,NQZ21-CME,14904245,2021-10-22 15:25:19.774002+00:00,15319.75,{'stop_loss_price': 15319.75}
INVALID_RISK_UNIT,risk_unit == 0 or non-finite,NQZ21-CME,14941796,2021-10-22 15:44:08.623000+00:00,15300.5,{'stop_loss_price': 15300.5}
INVALID_RISK_UNIT,risk_unit == 0 or non-finite,NQZ21-CME,14944824,2021-10-22 15:45:40.736000+00:00,15292.75,{'stop_loss_price': 15292.75}
INVALID_RISK_UNIT,risk_unit == 0 or non-finite,NQZ21-CME,14984799,2021-10-22 16:18:52.583000+00:00,15319.25,{'stop_loss_price': 15319.25}
INVALID_RISK_UNIT,risk_unit == 0 or non-finite,NQZ21-CME,14997703,2021-10-22 16:37:09.271000+00:00,15339.0,{'stop_loss_price': 15339.0}
INVALID_RISK_UNIT,risk_unit == 0 or non-finite,NQZ21-CME,14997704,2021-10-22 16:37:09.271001+00:00,15339.0,{'stop_loss_price': 15339.0}
INVALID_RISK_UNIT,risk_unit == 0 or non-finite,NQZ21-CME,14997705,2021-10-22 16:37:09.273000+00:00,15339.0,{'stop_loss_price': 15339.0}
INVALID_RISK_UNIT,risk_unit == 0 or non-finite,NQZ21-CME,14997706,2021-10-22 16:37:09.353000+00:00,15339.0,{'stop_loss_price': 15339.0}
INVALID_RISK_UNIT,risk_unit == 0 or non-finite,NQZ21-CME,14997707,2021-10-22 16:37:09.586000+00:00,15339.0,{'stop_loss_price': 15339.0}
INVALID_RISK_UNIT,risk_unit == 0 or non-finite,NQZ21-CME,14997708,2021-10-22 16:37:09.711000+00:00,15339.0,{'stop_loss_price': 15339.0}
INVALID_RISK_UNIT,risk_unit == 0 or non-finite,NQZ21-CME,15005691,2021-10-22 16:45:42.129000+00:00,15358.75,{'stop_loss_price': 15358.75}
INVALID_RISK_UNIT,risk_unit == 0 or non-finite,NQZ21-CME,15017171,2021-10-22 16:57:31.009003+00:00,15345.0,{'stop_loss_price': 15345.0}
INVALID_RISK_UNIT,risk_unit == 0 or non-finite,NQZ21-CME,15017172,2021-10-22 16:57:31.009004+00:00,15345.0,{'stop_loss_price': 15345.0}
INVALID_RISK_UNIT,risk_unit == 0 or non-finite,NQZ21-CME,15017174,2021-10-22 16:57:31.013001+00:00,15345.0,{'stop_loss_price': 15345.0}
INVALID_RISK_UNIT,risk_unit == 0 or non-finite,NQZ21-CME,15025366,2021-10-22 17:09:28.557000+00:00,15353.75,{'stop_loss_price': 15353.75}
INVALID_RISK_UNIT,risk_unit == 0 or non-finite,NQZ21-CME,15025367,2021-10-22 17:09:28.557001+00:00,15353.75,{'stop_loss_price': 15353.75}
INVALID_RISK_UNIT,risk_unit == 0 or non-finite,NQZ21-CME,15031851,2021-10-22 17:22:51.505000+00:00,15345.75,{'stop_loss_price': 15345.75}
INVALID_RISK_UNIT,risk_unit == 0 or non-finite,NQZ21-CME,15031852,2021-10-22 17:22:51.505001+00:00,15345.75,{'stop_loss_price': 15345.75}
INVALID_RISK_UNIT,risk_unit == 0 or non-finite,NQZ21-CME,15063374,2021-10-22 18:12:00.729000+00:00,15342.0,{'stop_loss_price': 15342.0}
INVALID_RISK_UNIT,risk_unit == 0 or non-finite,NQZ21-CME,15063375,2021-10-22 18:12:00.729001+00:00,15342.0,{'stop_loss_price': 15342.0}
INVALID_RISK_UNIT,risk_unit == 0 or non-finite,NQZ21-CME,15063393,2021-10-22 18:12:04.566000+00:00,15342.0,{'stop_loss_price': 15342.0}
INVALID_RISK_UNIT,risk_unit == 0 or non-finite,NQZ21-CME,15063394,2021-10-22 18:12:04.566001+00:00,15342.0,{'stop_loss_price': 15342.0}
INVALID_RISK_UNIT,risk_unit == 0 or non-finite,NQZ21-CME,15063395,2021-10-22 18:12:04.566002+00:00,15342.0,{'stop_loss_price': 15342.0}
INVALID_RISK_UNIT,risk_unit == 0 or non-finite,NQZ21-CME,15070526,2021-10-22 18:27:12.068000+00:00,15351.25,{'stop_loss_price': 15351.25}
INVALID_RISK_UNIT,risk_unit == 0 or non-finite,NQZ21-CME,15078255,2021-10-22 18:38:25.080000+00:00,15373.0,{'stop_loss_price': 15373.0}
INVALID_RISK_UNIT,risk_unit == 0 or non-finite,NQZ21-CME,15078256,2021-10-22 18:38:25.080001+00:00,15373.0,{'stop_loss_price': 15373.0}
INVALID_RISK_UNIT,risk_unit == 0 or non-finite,NQZ21-CME,15078257,2021-10-22 18:38:25.080002+00:00,15373.0,{'stop_loss_price': 15373.0}
INVALID_RISK_UNIT,risk_unit == 0 or non-finite,NQZ21-CME,15078258,2021-10-22 18:38:25.080003+00:00,15373.0,{'stop_loss_price': 15373.0}
INVALID_RISK_UNIT,risk_unit == 0 or non-finite,NQZ21-CME,15078259,2021-10-22 18:38:25.304000+00:00,15373.0,{'stop_loss_price': 15373.0}
INVALID_RISK_UNIT,risk_unit == 0 or non-finite,NQZ21-CME,15078260,2021-10-22 18:38:25.307000+00:00,15373.0,{'stop_loss_price': 15373.0}
INVALID_RISK_UNIT,risk_unit == 0 or non-finite,NQZ21-CME,15078262,2021-10-22 18:38:25.798000+00:00,15373.0,{'stop_loss_price': 15373.0}
INVALID_RISK_UNIT,risk_unit == 0 or non-finite,NQZ21-CME,15096644,2021-10-22 19:12:09.588000+00:00,15336.75,{'stop_loss_price': 15336.75}
INVALID_RISK_UNIT,risk_unit == 0 or non-finite,NQZ21-CME,15096645,2021-10-22 19:12:09.588001+00:00,15336.75,{'stop_loss_price': 15336.75}
INVALID_RISK_UNIT,risk_unit == 0 or non-finite,NQZ21-CME,15096646,2021-10-22 19:12:09.588002+00:00,15336.75,{'stop_loss_price': 15336.75}
INVALID_RISK_UNIT,risk_unit == 0 or non-finite,NQZ21-CME,15116068,2021-10-22 19:41:00.008000+00:00,15340.5,{'stop_loss_price': 15340.5}
INVALID_RISK_UNIT,risk_unit == 0 or non-finite,NQZ21-CME,15146151,2021-10-24 22:01:26.951000+00:00,15305.75,{'stop_loss_price': 15305.75}
INVALID_RISK_UNIT,risk_unit == 0 or non-finite,NQZ21-CME,15150545,2021-10-24 22:52:47.375000+00:00,15314.0,{'stop_loss_price': 15314.0}
INVALID_RISK_UNIT,risk_unit == 0 or non-finite,NQZ21-CME,15158466,2021-10-25 00:53:42.654000+00:00,15335.0,{'stop_loss_price': 15335.0}
INVALID_RISK_UNIT,risk_unit == 0 or non-finite,NQZ21-CME,15169325,2021-10-25 04:15:59.048000+00:00,15354.5,{'stop_loss_price': 15354.5}
INVALID_RISK_UNIT,risk_unit == 0 or non-finite,NQZ21-CME,15169326,2021-10-25 04:15:59.049000+00:00,15354.5,{'stop_loss_price': 15354.5}
INVALID_RISK_UNIT,risk_unit == 0 or non-finite,NQZ21-CME,15169327,2021-10-25 04:15:59.295000+00:00,15354.5,{'stop_loss_price': 15354.5}
INVALID_RISK_UNIT,risk_unit == 0 or non-finite,NQZ21-CME,15249479,2021-10-25 13:40:32.641000+00:00,15341.5,{'stop_loss_price': 15341.5}
INVALID_RISK_UNIT,risk_unit == 0 or non-finite,NQZ21-CME,15269151,2021-10-25 13:48:52.415002+00:00,15358.5,{'stop_loss_price': 15358.5}
INVALID_RISK_UNIT,risk_unit == 0 or non-finite,NQZ21-CME,15296893,2021-10-25 14:06:23.209000+00:00,15386.25,{'stop_loss_price': 15386.25}
INVALID_RISK_UNIT,risk_unit == 0 or non-finite,NQZ21-CME,15296894,2021-10-25 14:06:23.209001+00:00,15386.25,{'stop_loss_price': 15386.25}
INVALID_RISK_UNIT,risk_unit == 0 or non-finite,NQZ21-CME,15296895,2021-10-25 14:06:23.249000+00:00,15386.25,{'stop_loss_price': 15386.25}
INVALID_RISK_UNIT,risk_unit == 0 or non-finite,NQZ21-CME,15296896,2021-10-25 14:06:23.249001+00:00,15386.25,{'stop_loss_price': 15386.25}
INVALID_RISK_UNIT,risk_unit == 0 or non-finite,NQZ21-CME,15296897,2021-10-25 14:06:23.249002+00:00,15386.25,{'stop_loss_price': 15386.25}
INVALID_RISK_UNIT,risk_unit == 0 or non-finite,NQZ21-CME,15296898,2021-10-25 14:06:23.386000+00:00,15386.25,{'stop_loss_price': 15386.25}
INVALID_RISK_UNIT,risk_unit == 0 or non-finite,NQZ21-CME,15296899,2021-10-25 14:06:23.543000+00:00,15386.25,{'stop_loss_price': 15386.25}
INVALID_RISK_UNIT,risk_unit == 0 or non-finite,NQZ21-CME,15296900,2021-10-25 14:06:23.544000+00:00,15386.25,{'stop_loss_price': 15386.25}
INVALID_RISK_UNIT,risk_unit == 0 or non-finite,NQZ21-CME,15296901,2021-10-25 14:06:23.545000+00:00,15386.25,{'stop_loss_price': 15386.25}
INVALID_RISK_UNIT,risk_unit == 0 or non-finite,NQZ21-CME,15307564,2021-10-25 14:16:30.576000+00:00,15392.75,{'stop_loss_price': 15392.75}
INVALID_RISK_UNIT,risk_unit == 0 or non-finite,NQZ21-CME,15336048,2021-10-25 14:42:19.602000+00:00,15398.5,{'stop_loss_price': 15398.5}
INVALID_RISK_UNIT,risk_unit == 0 or non-finite,NQZ21-CME,15346023,2021-10-25 14:57:07.705000+00:00,15406.5,{'stop_loss_price': 15406.5}
INVALID_RISK_UNIT,risk_unit == 0 or non-finite,NQZ21-CME,15379756,2021-10-25 15:44:55.703000+00:00,15421.5,{'stop_loss_price': 15421.5}
INVALID_RISK_UNIT,risk_unit == 0 or non-finite,NQZ21-CME,15435663,2021-10-25 17:21:45.407000+00:00,15499.75,{'stop_loss_price': 15499.75}
INVALID_RISK_UNIT,risk_unit == 0 or non-finite,NQZ21-CME,15435664,2021-10-25 17:21:45.407001+00:00,15499.75,{'stop_loss_price': 15499.75}
INVALID_RISK_UNIT,risk_unit == 0 or non-finite,NQZ21-CME,15435665,2021-10-25 17:21:45.407002+00:00,15499.75,{'stop_loss_price': 15499.75}
INVALID_RISK_UNIT,risk_unit == 0 or non-finite,NQZ21-CME,15435666,2021-10-25 17:21:45.407003+00:00,15499.75,{'stop_loss_price': 15499.75}
INVALID_RISK_UNIT,risk_unit == 0 or non-finite,NQZ21-CME,15435678,2021-10-25 17:21:47.242000+00:00,15499.75,{'stop_loss_price': 15499.75}
INVALID_RISK_UNIT,risk_unit == 0 or non-finite,NQZ21-CME,15495881,2021-10-25 19:08:55.712000+00:00,15511.0,{'stop_loss_price': 15511.0}
INVALID_RISK_UNIT,risk_unit == 0 or non-finite,NQZ21-CME,15495882,2021-10-25 19:08:55.712001+00:00,15511.0,{'stop_loss_price': 15511.0}
INVALID_RISK_UNIT,risk_unit == 0 or non-finite,NQZ21-CME,15495883,2021-10-25 19:08:55.712002+00:00,15511.0,{'stop_loss_price': 15511.0}
INVALID_RISK_UNIT,risk_unit == 0 or non-finite,NQZ21-CME,15495884,2021-10-25 19:08:55.712003+00:00,15511.0,{'stop_loss_price': 15511.0}
INVALID_RISK_UNIT,risk_unit == 0 or non-finite,NQZ21-CME,15495885,2021-10-25 19:08:55.712004+00:00,15511.0,{'stop_loss_price': 15511.0}
INVALID_RISK_UNIT,risk_unit == 0 or non-finite,NQZ21-CME,15495886,2021-10-25 19:08:56.739000+00:00,15511.0,{'stop_loss_price': 15511.0}
INVALID_RISK_UNIT,risk_unit == 0 or non-finite,NQZ21-CME,15495887,2021-10-25 19:08:57.904000+00:00,15511.0,{'stop_loss_price': 15511.0}
INVALID_RISK_UNIT,risk_unit == 0 or non-finite,NQZ21-CME,15495892,2021-10-25 19:08:58.412000+00:00,15511.0,{'stop_loss_price': 15511.0}
INVALID_RISK_UNIT,risk_unit == 0 or non-finite,NQZ21-CME,15570281,2021-10-26 01:31:36.542000+00:00,15571.5,{'stop_loss_price': 15571.5}
INVALID_RISK_UNIT,risk_unit == 0 or non-finite,NQZ21-CME,15579523,2021-10-26 05:38:49.471000+00:00,15574.75,{'stop_loss_price': 15574.75}
INVALID_RISK_UNIT,risk_unit == 0 or non-finite,NQZ21-CME,15604671,2021-10-26 09:42:27.816000+00:00,15593.5,{'stop_loss_price': 15593.5}
INVALID_RISK_UNIT,risk_unit == 0 or non-finite,NQZ21-CME,15604672,2021-10-26 09:42:27.817000+00:00,15593.5,{'stop_loss_price': 15593.5}
INVALID_RISK_UNIT,risk_unit == 0 or non-finite,NQZ21-CME,15678849,2021-10-26 13:42:51.991001+00:00,15641.25,{'stop_loss_price': 15641.25}
INVALID_RISK_UNIT,risk_unit == 0 or non-finite,NQZ21-CME,15678850,2021-10-26 13:42:51.992000+00:00,15641.25,{'stop_loss_price': 15641.25}
INVALID_RISK_UNIT,risk_unit == 0 or non-finite,NQZ21-CME,15723519,2021-10-26 14:08:13.647001+00:00,15660.75,{'stop_loss_price': 15660.75}
INVALID_RISK_UNIT,risk_unit == 0 or non-finite,NQZ21-CME,15749726,2021-10-26 14:26:46.659000+00:00,15683.0,{'stop_loss_price': 15683.0}
INVALID_RISK_UNIT,risk_unit == 0 or non-finite,NQZ21-CME,15764177,2021-10-26 14:43:58.270000+00:00,15680.5,{'stop_loss_price': 15680.5}
INVALID_RISK_UNIT,risk_unit == 0 or non-finite,NQZ21-CME,15786559,2021-10-26 15:04:14.127000+00:00,15662.0,{'stop_loss_price': 15662.0}
INVALID_RISK_UNIT,risk_unit == 0 or non-finite,NQZ21-CME,15786560,2021-10-26 15:04:14.127001+00:00,15662.0,{'stop_loss_price': 15662.0}
INVALID_RISK_UNIT,risk_unit == 0 or non-finite,NQZ21-CME,15786561,2021-10-26 15:04:14.127002+00:00,15662.0,{'stop_loss_price': 15662.0}
INVALID_RISK_UNIT,risk_unit == 0 or non-finite,NQZ21-CME,15786562,2021-10-26 15:04:14.127003+00:00,15662.0,{'stop_loss_price': 15662.0}
INVALID_RISK_UNIT,risk_unit == 0 or non-finite,NQZ21-CME,15819817,2021-10-26 15:35:03.071000+00:00,15599.25,{'stop_loss_price': 15599.25}
INVALID_RISK_UNIT,risk_unit == 0 or non-finite,NQZ21-CME,15820045,2021-10-26 15:35:05.632000+00:00,15598.0,{'stop_loss_price': 15598.0}
INVALID_RISK_UNIT,risk_unit == 0 or non-finite,NQZ21-CME,15820046,2021-10-26 15:35:05.673000+00:00,15598.0,{'stop_loss_price': 15598.0}
INVALID_RISK_UNIT,risk_unit == 0 or non-finite,NQZ21-CME,15820047,2021-10-26 15:35:05.673001+00:00,15598.0,{'stop_loss_price': 15598.0}
INVALID_RISK_UNIT,risk_unit == 0 or non-finite,NQZ21-CME,15820048,2021-10-26 15:35:05.673002+00:00,15598.0,{'stop_loss_price': 15598.0}
INVALID_RISK_UNIT,risk_unit == 0 or non-finite,NQZ21-CME,15823084,2021-10-26 15:36:23.324000+00:00,15612.5,{'stop_loss_price': 15612.5}
INVALID_RISK_UNIT,risk_unit == 0 or non-finite,NQZ21-CME,15823085,2021-10-26 15:36:23.324001+00:00,15612.5,{'stop_loss_price': 15612.5}
INVALID_RISK_UNIT,risk_unit == 0 or non-finite,NQZ21-CME,15824203,2021-10-26 15:37:05.314000+00:00,15617.25,{'stop_loss_price': 15617.25}
INVALID_RISK_UNIT,risk_unit == 0 or non-finite,NQZ21-CME,15824204,2021-10-26 15:37:05.314001+00:00,15617.25,{'stop_loss_price': 15617.25}
INVALID_RISK_UNIT,risk_unit == 0 or non-finite,NQZ21-CME,15824205,2021-10-26 15:37:05.314002+00:00,15617.25,{'stop_loss_price': 15617.25}
INVALID_RISK_UNIT,risk_unit == 0 or non-finite,NQZ21-CME,15824208,2021-10-26 15:37:05.431000+00:00,15617.25,{'stop_loss_price': 15617.25}
INVALID_RISK_UNIT,risk_unit == 0 or non-finite,NQZ21-CME,15849720,2021-10-26 15:58:52.024000+00:00,15591.0,{'stop_loss_price': 15591.0}
INVALID_RISK_UNIT,risk_unit == 0 or non-finite,NQZ21-CME,15849721,2021-10-26 15:58:52.050000+00:00,15591.0,{'stop_loss_price': 15591.0}
INVALID_RISK_UNIT,risk_unit == 0 or non-finite,NQZ21-CME,15849727,2021-10-26 15:58:53.039000+00:00,15591.0,{'stop_loss_price': 15591.0}
INVALID_RISK_UNIT,risk_unit == 0 or non-finite,NQZ21-CME,15849728,2021-10-26 15:58:53.744000+00:00,15591.0,{'stop_loss_price': 15591.0}
INVALID_RISK_UNIT,risk_unit == 0 or non-finite,NQZ21-CME,15849733,2021-10-26 15:58:54.343000+00:00,15591.0,{'stop_loss_price': 15591.0}
INVALID_RISK_UNIT,risk_unit == 0 or non-finite,NQZ21-CME,15849734,2021-10-26 15:58:54.343001+00:00,15591.0,{'stop_loss_price': 15591.0}
INVALID_RISK_UNIT,risk_unit == 0 or non-finite,NQZ21-CME,15923069,2021-10-26 16:59:13.685000+00:00,15529.0,{'stop_loss_price': 15529.0}
INVALID_RISK_UNIT,risk_unit == 0 or non-finite,NQZ21-CME,15927488,2021-10-26 17:02:12.610000+00:00,15543.75,{'stop_loss_price': 15543.75}
INVALID_RISK_UNIT,risk_unit == 0 or non-finite,NQZ21-CME,15927489,2021-10-26 17:02:12.610001+00:00,15543.75,{'stop_loss_price': 15543.75}
INVALID_RISK_UNIT,risk_unit == 0 or non-finite,NQZ21-CME,15938098,2021-10-26 17:13:01.222001+00:00,15536.0,{'stop_loss_price': 15536.0}
INVALID_RISK_UNIT,risk_unit == 0 or non-finite,NQZ21-CME,15947490,2021-10-26 17:23:49.928000+00:00,15520.75,{'stop_loss_price': 15520.75}
INVALID_RISK_UNIT,risk_unit == 0 or non-finite,NQZ21-CME,15947491,2021-10-26 17:23:49.928001+00:00,15520.75,{'stop_loss_price': 15520.75}
INVALID_RISK_UNIT,risk_unit == 0 or non-finite,NQZ21-CME,15954533,2021-10-26 17:30:33.773000+00:00,15547.75,{'stop_loss_price': 15547.75}
INVALID_RISK_UNIT,risk_unit == 0 or non-finite,NQZ21-CME,15978362,2021-10-26 18:01:31.857000+00:00,15565.75,{'stop_loss_price': 15565.75}
INVALID_RISK_UNIT,risk_unit == 0 or non-finite,NQZ21-CME,15978363,2021-10-26 18:01:32.508000+00:00,15565.75,{'stop_loss_price': 15565.75}
INVALID_RISK_UNIT,risk_unit == 0 or non-finite,NQZ21-CME,15978364,2021-10-26 18:01:32.941000+00:00,15565.75,{'stop_loss_price': 15565.75}
INVALID_RISK_UNIT,risk_unit == 0 or non-finite,NQZ21-CME,15988173,2021-10-26 18:17:25.904000+00:00,15564.75,{'stop_loss_price': 15564.75}
INVALID_RISK_UNIT,risk_unit == 0 or non-finite,NQZ21-CME,16021436,2021-10-26 19:18:35.899001+00:00,15577.5,{'stop_loss_price': 15577.5}
INVALID_RISK_UNIT,risk_unit == 0 or non-finite,NQZ21-CME,16021437,2021-10-26 19:18:35.899002+00:00,15577.5,{'stop_loss_price': 15577.5}
INVALID_RISK_UNIT,risk_unit == 0 or non-finite,NQZ21-CME,16021438,2021-10-26 19:18:35.899003+00:00,15577.5,{'stop_loss_price': 15577.5}
INVALID_RISK_UNIT,risk_unit == 0 or non-finite,NQZ21-CME,16021439,2021-10-26 19:18:35.899004+00:00,15577.5,{'stop_loss_price': 15577.5}
INVALID_RISK_UNIT,risk_unit == 0 or non-finite,NQZ21-CME,16021440,2021-10-26 19:18:35.899005+00:00,15577.5,{'stop_loss_price': 15577.5}
INVALID_RISK_UNIT,risk_unit == 0 or non-finite,NQZ21-CME,16021441,2021-10-26 19:18:35.899006+00:00,15577.5,{'stop_loss_price': 15577.5}
INVALID_RISK_UNIT,risk_unit == 0 or non-finite,NQZ21-CME,16021442,2021-10-26 19:18:35.899007+00:00,15577.5,{'stop_loss_price': 15577.5}
INVALID_RISK_UNIT,risk_unit == 0 or non-finite,NQZ21-CME,16021443,2021-10-26 19:18:35.899008+00:00,15577.5,{'stop_loss_price': 15577.5}
INVALID_RISK_UNIT,risk_unit == 0 or non-finite,NQZ21-CME,16050301,2021-10-26 19:54:51.169000+00:00,15559.75,{'stop_loss_price': 15559.75}
INVALID_RISK_UNIT,risk_unit == 0 or non-finite,NQZ21-CME,16050302,2021-10-26 19:54:51.169001+00:00,15559.75,{'stop_loss_price': 15559.75}
INVALID_RISK_UNIT,risk_unit == 0 or non-finite,NQZ21-CME,16148425,2021-10-27 12:12:05.179000+00:00,15521.5,{'stop_loss_price': 15521.5}
INVALID_RISK_UNIT,risk_unit == 0 or non-finite,NQZ21-CME,16180915,2021-10-27 13:32:12.088000+00:00,15594.5,{'stop_loss_price': 15594.5}
INVALID_RISK_UNIT,risk_unit == 0 or non-finite,NQZ21-CME,16180916,2021-10-27 13:32:12.088001+00:00,15594.5,{'stop_loss_price': 15594.5}
INVALID_RISK_UNIT,risk_unit == 0 or non-finite,NQZ21-CME,16180918,2021-10-27 13:32:12.095000+00:00,15594.5,{'stop_loss_price': 15594.5}
INVALID_RISK_UNIT,risk_unit == 0 or non-finite,NQZ21-CME,16210464,2021-10-27 13:42:46.694000+00:00,15615.25,{'stop_loss_price': 15615.25}
INVALID_RISK_UNIT,risk_unit == 0 or non-finite,NQZ21-CME,16220312,2021-10-27 13:47:13.065000+00:00,15632.0,{'stop_loss_price': 15632.0}
INVALID_RISK_UNIT,risk_unit == 0 or non-finite,NQZ21-CME,16234719,2021-10-27 13:56:57.469000+00:00,15636.0,{'stop_loss_price': 15636.0}
INVALID_RISK_UNIT,risk_unit == 0 or non-finite,NQZ21-CME,16279182,2021-10-27 14:21:52.959000+00:00,15602.5,{'stop_loss_price': 15602.5}
INVALID_RISK_UNIT,risk_unit == 0 or non-finite,NQZ21-CME,16279183,2021-10-27 14:21:52.959001+00:00,15602.5,{'stop_loss_price': 15602.5}
INVALID_RISK_UNIT,risk_unit == 0 or non-finite,NQZ21-CME,16280773,2021-10-27 14:22:41.342000+00:00,15606.25,{'stop_loss_price': 15606.25}
INVALID_RISK_UNIT,risk_unit == 0 or non-finite,NQZ21-CME,16286369,2021-10-27 14:26:56.808000+00:00,15622.5,{'stop_loss_price': 15622.5}
INVALID_RISK_UNIT,risk_unit == 0 or non-finite,NQZ21-CME,16286370,2021-10-27 14:26:56.808001+00:00,15622.5,{'stop_loss_price': 15622.5}
INVALID_RISK_UNIT,risk_unit == 0 or non-finite,NQZ21-CME,16314494,2021-10-27 14:47:37.124000+00:00,15615.0,{'stop_loss_price': 15615.0}
INVALID_RISK_UNIT,risk_unit == 0 or non-finite,NQZ21-CME,16353057,2021-10-27 15:24:46.684000+00:00,15643.25,{'stop_loss_price': 15643.25}
INVALID_RISK_UNIT,risk_unit == 0 or non-finite,NQZ21-CME,16353058,2021-10-27 15:24:46.746000+00:00,15643.25,{'stop_loss_price': 15643.25}
INVALID_RISK_UNIT,risk_unit == 0 or non-finite,NQZ21-CME,16360001,2021-10-27 15:33:18.406000+00:00,15643.5,{'stop_loss_price': 15643.5}
INVALID_RISK_UNIT,risk_unit == 0 or non-finite,NQZ21-CME,16360002,2021-10-27 15:33:18.406001+00:00,15643.5,{'stop_loss_price': 15643.5}
INVALID_RISK_UNIT,risk_unit == 0 or non-finite,NQZ21-CME,16392103,2021-10-27 16:16:29.380000+00:00,15674.75,{'stop_loss_price': 15674.75}
INVALID_RISK_UNIT,risk_unit == 0 or non-finite,NQZ21-CME,16392104,2021-10-27 16:16:29.382000+00:00,15674.75,{'stop_loss_price': 15674.75}
INVALID_RISK_UNIT,risk_unit == 0 or non-finite,NQZ21-CME,16392105,2021-10-27 16:16:29.643000+00:00,15674.75,{'stop_loss_price': 15674.75}
INVALID_RISK_UNIT,risk_unit == 0 or non-finite,NQZ21-CME,16392106,2021-10-27 16:16:29.674000+00:00,15674.75,{'stop_loss_price': 15674.75}
INVALID_RISK_UNIT,risk_unit == 0 or non-finite,NQZ21-CME,16392107,2021-10-27 16:16:29.846000+00:00,15674.75,{'stop_loss_price': 15674.75}
INVALID_RISK_UNIT,risk_unit == 0 or non-finite,NQZ21-CME,16392108,2021-10-27 16:16:29.846001+00:00,15674.75,{'stop_loss_price': 15674.75}
INVALID_RISK_UNIT,risk_unit == 0 or non-finite,NQZ21-CME,16407496,2021-10-27 16:44:49.200000+00:00,15682.0,{'stop_loss_price': 15682.0}
INVALID_RISK_UNIT,risk_unit == 0 or non-finite,NQZ21-CME,16420550,2021-10-27 17:07:11.687000+00:00,15688.0,{'stop_loss_price': 15688.0}
INVALID_RISK_UNIT,risk_unit == 0 or non-finite,NQZ21-CME,16420551,2021-10-27 17:07:11.810000+00:00,15688.0,{'stop_loss_price': 15688.0}
INVALID_RISK_UNIT,risk_unit == 0 or non-finite,NQZ21-CME,16423362,2021-10-27 17:10:40.742000+00:00,15687.5,{'stop_loss_price': 15687.5}
INVALID_RISK_UNIT,risk_unit == 0 or non-finite,NQZ21-CME,16423363,2021-10-27 17:10:40.742001+00:00,15687.5,{'stop_loss_price': 15687.5}
INVALID_RISK_UNIT,risk_unit == 0 or non-finite,NQZ21-CME,16423364,2021-10-27 17:10:40.751000+00:00,15687.5,{'stop_loss_price': 15687.5}
INVALID_RISK_UNIT,risk_unit == 0 or non-finite,NQZ21-CME,16423365,2021-10-27 17:10:40.752000+00:00,15687.5,{'stop_loss_price': 15687.5}
INVALID_RISK_UNIT,risk_unit == 0 or non-finite,NQZ21-CME,16431992,2021-10-27 17:25:41.750000+00:00,15710.5,{'stop_loss_price': 15710.5}
INVALID_RISK_UNIT,risk_unit == 0 or non-finite,NQZ21-CME,16462289,2021-10-27 18:33:34.431000+00:00,15692.75,{'stop_loss_price': 15692.75}
INVALID_RISK_UNIT,risk_unit == 0 or non-finite,NQZ21-CME,16462290,2021-10-27 18:33:34.431001+00:00,15692.75,{'stop_loss_price': 15692.75}
INVALID_RISK_UNIT,risk_unit == 0 or non-finite,NQZ21-CME,16462291,2021-10-27 18:33:34.431002+00:00,15692.75,{'stop_loss_price': 15692.75}
INVALID_RISK_UNIT,risk_unit == 0 or non-finite,NQZ21-CME,16611512,2021-10-28 11:15:47.416000+00:00,15676.5,{'stop_loss_price': 15676.5}
INVALID_RISK_UNIT,risk_unit == 0 or non-finite,NQZ21-CME,16611513,2021-10-28 11:15:48.175000+00:00,15676.5,{'stop_loss_price': 15676.5}
INVALID_RISK_UNIT,risk_unit == 0 or non-finite,NQZ21-CME,16633899,2021-10-28 13:12:32.135000+00:00,15662.75,{'stop_loss_price': 15662.75}
INVALID_RISK_UNIT,risk_unit == 0 or non-finite,NQZ21-CME,16658092,2021-10-28 13:34:38.877003+00:00,15659.0,{'stop_loss_price': 15659.0}
INVALID_RISK_UNIT,risk_unit == 0 or non-finite,NQZ21-CME,16658093,2021-10-28 13:34:38.877004+00:00,15659.0,{'stop_loss_price': 15659.0}
INVALID_RISK_UNIT,risk_unit == 0 or non-finite,NQZ21-CME,16658094,2021-10-28 13:34:38.877005+00:00,15659.0,{'stop_loss_price': 15659.0}
INVALID_RISK_UNIT,risk_unit == 0 or non-finite,NQZ21-CME,16658095,2021-10-28 13:34:38.877006+00:00,15659.0,{'stop_loss_price': 15659.0}
INVALID_RISK_UNIT,risk_unit == 0 or non-finite,NQZ21-CME,16658096,2021-10-28 13:34:38.877007+00:00,15659.0,{'stop_loss_price': 15659.0}
INVALID_RISK_UNIT,risk_unit == 0 or non-finite,NQZ21-CME,16658097,2021-10-28 13:34:38.877008+00:00,15659.0,{'stop_loss_price': 15659.0}
INVALID_RISK_UNIT,risk_unit == 0 or non-finite,NQZ21-CME,16664714,2021-10-28 13:36:37.542001+00:00,15643.5,{'stop_loss_price': 15643.5}
INVALID_RISK_UNIT,risk_unit == 0 or non-finite,NQZ21-CME,16669674,2021-10-28 13:38:24.809000+00:00,15647.0,{'stop_loss_price': 15647.0}
INVALID_RISK_UNIT,risk_unit == 0 or non-finite,NQZ21-CME,16669675,2021-10-28 13:38:24.911000+00:00,15647.0,{'stop_loss_price': 15647.0}
INVALID_RISK_UNIT,risk_unit == 0 or non-finite,NQZ21-CME,16669676,2021-10-28 13:38:24.911001+00:00,15647.0,{'stop_loss_price': 15647.0}
INVALID_RISK_UNIT,risk_unit == 0 or non-finite,NQZ21-CME,16687329,2021-10-28 13:46:37.085000+00:00,15682.25,{'stop_loss_price': 15682.25}
INVALID_RISK_UNIT,risk_unit == 0 or non-finite,NQZ21-CME,16711813,2021-10-28 14:01:26.648000+00:00,15664.5,{'stop_loss_price': 15664.5}
INVALID_RISK_UNIT,risk_unit == 0 or non-finite,NQZ21-CME,16719007,2021-10-28 14:06:00.006000+00:00,15667.5,{'stop_loss_price': 15667.5}
INVALID_RISK_UNIT,risk_unit == 0 or non-finite,NQZ21-CME,16756873,2021-10-28 14:31:46.146000+00:00,15705.25,{'stop_loss_price': 15705.25}
INVALID_RISK_UNIT,risk_unit == 0 or non-finite,NQZ21-CME,16774568,2021-10-28 14:46:01.969000+00:00,15732.0,{'stop_loss_price': 15732.0}
INVALID_RISK_UNIT,risk_unit == 0 or non-finite,NQZ21-CME,16774569,2021-10-28 14:46:01.969001+00:00,15732.0,{'stop_loss_price': 15732.0}
INVALID_RISK_UNIT,risk_unit == 0 or non-finite,NQZ21-CME,16774570,2021-10-28 14:46:01.969002+00:00,15732.0,{'stop_loss_price': 15732.0}
INVALID_RISK_UNIT,risk_unit == 0 or non-finite,NQZ21-CME,16774571,2021-10-28 14:46:01.969003+00:00,15732.0,{'stop_loss_price': 15732.0}
INVALID_RISK_UNIT,risk_unit == 0 or non-finite,NQZ21-CME,16774572,2021-10-28 14:46:01.969004+00:00,15732.0,{'stop_loss_price': 15732.0}
INVALID_RISK_UNIT,risk_unit == 0 or non-finite,NQZ21-CME,16774573,2021-10-28 14:46:01.969005+00:00,15732.0,{'stop_loss_price': 15732.0}
INVALID_RISK_UNIT,risk_unit == 0 or non-finite,NQZ21-CME,16774574,2021-10-28 14:46:01.969006+00:00,15732.0,{'stop_loss_price': 15732.0}
INVALID_RISK_UNIT,risk_unit == 0 or non-finite,NQZ21-CME,16774575,2021-10-28 14:46:01.969007+00:00,15732.0,{'stop_loss_price': 15732.0}
INVALID_RISK_UNIT,risk_unit == 0 or non-finite,NQZ21-CME,16814393,2021-10-28 15:23:48.545000+00:00,15739.0,{'stop_loss_price': 15739.0}
INVALID_RISK_UNIT,risk_unit == 0 or non-finite,NQZ21-CME,16814394,2021-10-28 15:23:48.545001+00:00,15739.0,{'stop_loss_price': 15739.0}
INVALID_RISK_UNIT,risk_unit == 0 or non-finite,NQZ21-CME,16814395,2021-10-28 15:23:48.545002+00:00,15739.0,{'stop_loss_price': 15739.0}
INVALID_RISK_UNIT,risk_unit == 0 or non-finite,NQZ21-CME,16814396,2021-10-28 15:23:48.545003+00:00,15739.0,{'stop_loss_price': 15739.0}
INVALID_RISK_UNIT,risk_unit == 0 or non-finite,NQZ21-CME,16826207,2021-10-28 15:43:47.406000+00:00,15745.5,{'stop_loss_price': 15745.5}
INVALID_RISK_UNIT,risk_unit == 0 or non-finite,NQZ21-CME,16826208,2021-10-28 15:43:47.406001+00:00,15745.5,{'stop_loss_price': 15745.5}
INVALID_RISK_UNIT,risk_unit == 0 or non-finite,NQZ21-CME,16826209,2021-10-28 15:43:47.406002+00:00,15745.5,{'stop_loss_price': 15745.5}
INVALID_RISK_UNIT,risk_unit == 0 or non-finite,NQZ21-CME,16826210,2021-10-28 15:43:47.406003+00:00,15745.5,{'stop_loss_price': 15745.5}
INVALID_RISK_UNIT,risk_unit == 0 or non-finite,NQZ21-CME,16841903,2021-10-28 16:04:47.561000+00:00,15724.75,{'stop_loss_price': 15724.75}
INVALID_RISK_UNIT,risk_unit == 0 or non-finite,NQZ21-CME,16852173,2021-10-28 16:18:58.937000+00:00,15747.25,{'stop_loss_price': 15747.25}
INVALID_RISK_UNIT,risk_unit == 0 or non-finite,NQZ21-CME,16852174,2021-10-28 16:18:58.937001+00:00,15747.25,{'stop_loss_price': 15747.25}
INVALID_RISK_UNIT,risk_unit == 0 or non-finite,NQZ21-CME,16852175,2021-10-28 16:18:58.937002+00:00,15747.25,{'stop_loss_price': 15747.25}
INVALID_RISK_UNIT,risk_unit == 0 or non-finite,NQZ21-CME,16878085,2021-10-28 17:01:13.596000+00:00,15702.0,{'stop_loss_price': 15702.0}
INVALID_RISK_UNIT,risk_unit == 0 or non-finite,NQZ21-CME,16895072,2021-10-28 17:34:06.078000+00:00,15730.5,{'stop_loss_price': 15730.5}
INVALID_RISK_UNIT,risk_unit == 0 or non-finite,NQZ21-CME,16895073,2021-10-28 17:34:06.078001+00:00,15730.5,{'stop_loss_price': 15730.5}
INVALID_RISK_UNIT,risk_unit == 0 or non-finite,NQZ21-CME,16895074,2021-10-28 17:34:06.078002+00:00,15730.5,{'stop_loss_price': 15730.5}
INVALID_RISK_UNIT,risk_unit == 0 or non-finite,NQZ21-CME,16895075,2021-10-28 17:34:06.078003+00:00,15730.5,{'stop_loss_price': 15730.5}
INVALID_RISK_UNIT,risk_unit == 0 or non-finite,NQZ21-CME,16895076,2021-10-28 17:34:06.078004+00:00,15730.5,{'stop_loss_price': 15730.5}
INVALID_RISK_UNIT,risk_unit == 0 or non-finite,NQZ21-CME,16895077,2021-10-28 17:34:06.078005+00:00,15730.5,{'stop_loss_price': 15730.5}
INVALID_RISK_UNIT,risk_unit == 0 or non-finite,NQZ21-CME,16895078,2021-10-28 17:34:06.149000+00:00,15730.5,{'stop_loss_price': 15730.5}
INVALID_RISK_UNIT,risk_unit == 0 or non-finite,NQZ21-CME,16895081,2021-10-28 17:34:06.544000+00:00,15730.5,{'stop_loss_price': 15730.5}
INVALID_RISK_UNIT,risk_unit == 0 or non-finite,NQZ21-CME,16994429,2021-10-28 20:10:42.364008+00:00,15720.0,{'stop_loss_price': 15720.0}
INVALID_RISK_UNIT,risk_unit == 0 or non-finite,NQZ21-CME,16994430,2021-10-28 20:10:42.364009+00:00,15720.0,{'stop_loss_price': 15720.0}
INVALID_RISK_UNIT,risk_unit == 0 or non-finite,NQZ21-CME,17005565,2021-10-28 20:41:28.239000+00:00,15651.5,{'stop_loss_price': 15651.5}
INVALID_RISK_UNIT,risk_unit == 0 or non-finite,NQZ21-CME,17034296,2021-10-29 04:54:26.027000+00:00,15647.25,{'stop_loss_price': 15647.25}
INVALID_RISK_UNIT,risk_unit == 0 or non-finite,NQZ21-CME,17052081,2021-10-29 07:34:53.799000+00:00,15645.75,{'stop_loss_price': 15645.75}
INVALID_RISK_UNIT,risk_unit == 0 or non-finite,NQZ21-CME,17052082,2021-10-29 07:34:55.991000+00:00,15645.75,{'stop_loss_price': 15645.75}
INVALID_RISK_UNIT,risk_unit == 0 or non-finite,NQZ21-CME,17052083,2021-10-29 07:34:59.619000+00:00,15645.75,{'stop_loss_price': 15645.75}
INVALID_RISK_UNIT,risk_unit == 0 or non-finite,NQZ21-CME,17185162,2021-10-29 14:10:02.020000+00:00,15699.0,{'stop_loss_price': 15699.0}
INVALID_RISK_UNIT,risk_unit == 0 or non-finite,NQZ21-CME,17185163,2021-10-29 14:10:02.020001+00:00,15699.0,{'stop_loss_price': 15699.0}
INVALID_RISK_UNIT,risk_unit == 0 or non-finite,NQZ21-CME,17198194,2021-10-29 14:19:44.919000+00:00,15681.0,{'stop_loss_price': 15681.0}
INVALID_RISK_UNIT,risk_unit == 0 or non-finite,NQZ21-CME,17198195,2021-10-29 14:19:45.014000+00:00,15681.0,{'stop_loss_price': 15681.0}
INVALID_RISK_UNIT,risk_unit == 0 or non-finite,NQZ21-CME,17198196,2021-10-29 14:19:45.346000+00:00,15681.0,{'stop_loss_price': 15681.0}
INVALID_RISK_UNIT,risk_unit == 0 or non-finite,NQZ21-CME,17220744,2021-10-29 14:43:08.645028+00:00,15671.75,{'stop_loss_price': 15671.75}
INVALID_RISK_UNIT,risk_unit == 0 or non-finite,NQZ21-CME,17220745,2021-10-29 14:43:08.645029+00:00,15671.75,{'stop_loss_price': 15671.75}
INVALID_RISK_UNIT,risk_unit == 0 or non-finite,NQZ21-CME,17220746,2021-10-29 14:43:08.645030+00:00,15671.75,{'stop_loss_price': 15671.75}
INVALID_RISK_UNIT,risk_unit == 0 or non-finite,NQZ21-CME,17220747,2021-10-29 14:43:08.645031+00:00,15671.75,{'stop_loss_price': 15671.75}
INVALID_RISK_UNIT,risk_unit == 0 or non-finite,NQZ21-CME,17220748,2021-10-29 14:43:08.645032+00:00,15671.75,{'stop_loss_price': 15671.75}
INVALID_RISK_UNIT,risk_unit == 0 or non-finite,NQZ21-CME,17220755,2021-10-29 14:43:08.996000+00:00,15671.75,{'stop_loss_price': 15671.75}
INVALID_RISK_UNIT,risk_unit == 0 or non-finite,NQZ21-CME,17220756,2021-10-29 14:43:08.997000+00:00,15671.75,{'stop_loss_price': 15671.75}
INVALID_RISK_UNIT,risk_unit == 0 or non-finite,NQZ21-CME,17227923,2021-10-29 14:50:47.743000+00:00,15694.75,{'stop_loss_price': 15694.75}
INVALID_RISK_UNIT,risk_unit == 0 or non-finite,NQZ21-CME,17261234,2021-10-29 15:31:22.044000+00:00,15732.75,{'stop_loss_price': 15732.75}
INVALID_RISK_UNIT,risk_unit == 0 or non-finite,NQZ21-CME,17261235,2021-10-29 15:31:22.044001+00:00,15732.75,{'stop_loss_price': 15732.75}
INVALID_RISK_UNIT,risk_unit == 0 or non-finite,NQZ21-CME,17261236,2021-10-29 15:31:22.044002+00:00,15732.75,{'stop_loss_price': 15732.75}
INVALID_RISK_UNIT,risk_unit == 0 or non-finite,NQZ21-CME,17273790,2021-10-29 15:49:15.975000+00:00,15729.25,{'stop_loss_price': 15729.25}
INVALID_RISK_UNIT,risk_unit == 0 or non-finite,NQZ21-CME,17276196,2021-10-29 15:54:43.613000+00:00,15737.25,{'stop_loss_price': 15737.25}
INVALID_RISK_UNIT,risk_unit == 0 or non-finite,NQZ21-CME,17276197,2021-10-29 15:54:43.613001+00:00,15737.25,{'stop_loss_price': 15737.25}
INVALID_RISK_UNIT,risk_unit == 0 or non-finite,NQZ21-CME,17276198,2021-10-29 15:54:43.624000+00:00,15737.25,{'stop_loss_price': 15737.25}
INVALID_RISK_UNIT,risk_unit == 0 or non-finite,NQZ21-CME,17276199,2021-10-29 15:54:44.167000+00:00,15737.25,{'stop_loss_price': 15737.25}
INVALID_RISK_UNIT,risk_unit == 0 or non-finite,NQZ21-CME,17276201,2021-10-29 15:54:44.379000+00:00,15737.25,{'stop_loss_price': 15737.25}
INVALID_RISK_UNIT,risk_unit == 0 or non-finite,NQZ21-CME,17337862,2021-10-29 17:48:04.125000+00:00,15777.5,{'stop_loss_price': 15777.5}
INVALID_RISK_UNIT,risk_unit == 0 or non-finite,NQZ21-CME,17337863,2021-10-29 17:48:04.125001+00:00,15777.5,{'stop_loss_price': 15777.5}
INVALID_RISK_UNIT,risk_unit == 0 or non-finite,NQZ21-CME,17337864,2021-10-29 17:48:04.127000+00:00,15777.5,{'stop_loss_price': 15777.5}
INVALID_RISK_UNIT,risk_unit == 0 or non-finite,NQZ21-CME,17337865,2021-10-29 17:48:04.127001+00:00,15777.5,{'stop_loss_price': 15777.5}
INVALID_RISK_UNIT,risk_unit == 0 or non-finite,NQZ21-CME,17337866,2021-10-29 17:48:04.127002+00:00,15777.5,{'stop_loss_price': 15777.5}
INVALID_RISK_UNIT,risk_unit == 0 or non-finite,NQZ21-CME,17337867,2021-10-29 17:48:04.127003+00:00,15777.5,{'stop_loss_price': 15777.5}
INVALID_RISK_UNIT,risk_unit == 0 or non-finite,NQZ21-CME,17337868,2021-10-29 17:48:04.127004+00:00,15777.5,{'stop_loss_price': 15777.5}
INVALID_RISK_UNIT,risk_unit == 0 or non-finite,NQZ21-CME,17337869,2021-10-29 17:48:04.127005+00:00,15777.5,{'stop_loss_price': 15777.5}
INVALID_RISK_UNIT,risk_unit == 0 or non-finite,NQZ21-CME,17337871,2021-10-29 17:48:04.163000+00:00,15777.5,{'stop_loss_price': 15777.5}
INVALID_RISK_UNIT,risk_unit == 0 or non-finite,NQZ21-CME,17376775,2021-10-29 19:04:22.312000+00:00,15779.0,{'stop_loss_price': 15779.0}
INVALID_RISK_UNIT,risk_unit == 0 or non-finite,NQZ21-CME,17390261,2021-10-29 19:27:26.456000+00:00,15778.5,{'stop_loss_price': 15778.5}
INVALID_RISK_UNIT,risk_unit == 0 or non-finite,NQZ21-CME,17464574,2021-11-01 05:32:59.870002+00:00,15887.25,{'stop_loss_price': 15887.25}
INVALID_RISK_UNIT,risk_unit == 0 or non-finite,NQZ21-CME,17464575,2021-11-01 05:33:00.119000+00:00,15887.25,{'stop_loss_price': 15887.25}
INVALID_RISK_UNIT,risk_unit == 0 or non-finite,NQZ21-CME,17464576,2021-11-01 05:33:00.119001+00:00,15887.25,{'stop_loss_price': 15887.25}
INVALID_RISK_UNIT,risk_unit == 0 or non-finite,NQZ21-CME,17473864,2021-11-01 08:22:29.227000+00:00,15895.75,{'stop_loss_price': 15895.75}
INVALID_RISK_UNIT,risk_unit == 0 or non-finite,NQZ21-CME,17473865,2021-11-01 08:22:29.227001+00:00,15895.75,{'stop_loss_price': 15895.75}
INVALID_RISK_UNIT,risk_unit == 0 or non-finite,NQZ21-CME,17490008,2021-11-01 12:32:15.919000+00:00,15880.5,{'stop_loss_price': 15880.5}
INVALID_RISK_UNIT,risk_unit == 0 or non-finite,NQZ21-CME,17510693,2021-11-01 13:31:26.513000+00:00,15840.0,{'stop_loss_price': 15840.0}
INVALID_RISK_UNIT,risk_unit == 0 or non-finite,NQZ21-CME,17510694,2021-11-01 13:31:26.515000+00:00,15840.0,{'stop_loss_price': 15840.0}
INVALID_RISK_UNIT,risk_unit == 0 or non-finite,NQZ21-CME,17528354,2021-11-01 13:37:30.208000+00:00,15817.25,{'stop_loss_price': 15817.25}
INVALID_RISK_UNIT,risk_unit == 0 or non-finite,NQZ21-CME,17539915,2021-11-01 13:43:12.166000+00:00,15825.25,{'stop_loss_price': 15825.25}
INVALID_RISK_UNIT,risk_unit == 0 or non-finite,NQZ21-CME,17545802,2021-11-01 13:46:59.581001+00:00,15825.25,{'stop_loss_price': 15825.25}
INVALID_RISK_UNIT,risk_unit == 0 or non-finite,NQZ21-CME,17588394,2021-11-01 14:10:14.336000+00:00,15799.0,{'stop_loss_price': 15799.0}
INVALID_RISK_UNIT,risk_unit == 0 or non-finite,NQZ21-CME,17599693,2021-11-01 14:19:57.440001+00:00,15802.25,{'stop_loss_price': 15802.25}
INVALID_RISK_UNIT,risk_unit == 0 or non-finite,NQZ21-CME,17599694,2021-11-01 14:19:57.440002+00:00,15802.25,{'stop_loss_price': 15802.25}
INVALID_RISK_UNIT,risk_unit == 0 or non-finite,NQZ21-CME,17629588,2021-11-01 14:48:02.348000+00:00,15814.0,{'stop_loss_price': 15814.0}
INVALID_RISK_UNIT,risk_unit == 0 or non-finite,NQZ21-CME,17629589,2021-11-01 14:48:02.349000+00:00,15814.0,{'stop_loss_price': 15814.0}
INVALID_RISK_UNIT,risk_unit == 0 or non-finite,NQZ21-CME,17629590,2021-11-01 14:48:02.349001+00:00,15814.0,{'stop_loss_price': 15814.0}
INVALID_RISK_UNIT,risk_unit == 0 or non-finite,NQZ21-CME,17629592,2021-11-01 14:48:02.357001+00:00,15814.0,{'stop_loss_price': 15814.0}
INVALID_RISK_UNIT,risk_unit == 0 or non-finite,NQZ21-CME,17641847,2021-11-01 15:00:12.161000+00:00,15810.0,{'stop_loss_price': 15810.0}
INVALID_RISK_UNIT,risk_unit == 0 or non-finite,NQZ21-CME,17661768,2021-11-01 15:25:41.155000+00:00,15842.75,{'stop_loss_price': 15842.75}
INVALID_RISK_UNIT,risk_unit == 0 or non-finite,NQZ21-CME,17661769,2021-11-01 15:25:41.155001+00:00,15842.75,{'stop_loss_price': 15842.75}
INVALID_RISK_UNIT,risk_unit == 0 or non-finite,NQZ21-CME,17661770,2021-11-01 15:25:41.504000+00:00,15842.75,{'stop_loss_price': 15842.75}
INVALID_RISK_UNIT,risk_unit == 0 or non-finite,NQZ21-CME,17661771,2021-11-01 15:25:41.693000+00:00,15842.75,{'stop_loss_price': 15842.75}
INVALID_RISK_UNIT,risk_unit == 0 or non-finite,NQZ21-CME,17661772,2021-11-01 15:25:41.693001+00:00,15842.75,{'stop_loss_price': 15842.75}
INVALID_RISK_UNIT,risk_unit == 0 or non-finite,NQZ21-CME,17661773,2021-11-01 15:25:41.693002+00:00,15842.75,{'stop_loss_price': 15842.75}
INVALID_RISK_UNIT,risk_unit == 0 or non-finite,NQZ21-CME,17661774,2021-11-01 15:25:41.693003+00:00,15842.75,{'stop_loss_price': 15842.75}
INVALID_RISK_UNIT,risk_unit == 0 or non-finite,NQZ21-CME,17661775,2021-11-01 15:25:41.695000+00:00,15842.75,{'stop_loss_price': 15842.75}
INVALID_RISK_UNIT,risk_unit == 0 or non-finite,NQZ21-CME,17661776,2021-11-01 15:25:41.695001+00:00,15842.75,{'stop_loss_price': 15842.75}
INVALID_RISK_UNIT,risk_unit == 0 or non-finite,NQZ21-CME,17661777,2021-11-01 15:25:41.695002+00:00,15842.75,{'stop_loss_price': 15842.75}
INVALID_RISK_UNIT,risk_unit == 0 or non-finite,NQZ21-CME,17661778,2021-11-01 15:25:41.695003+00:00,15842.75,{'stop_loss_price': 15842.75}
INVALID_RISK_UNIT,risk_unit == 0 or non-finite,NQZ21-CME,17661779,2021-11-01 15:25:41.695004+00:00,15842.75,{'stop_loss_price': 15842.75}
INVALID_RISK_UNIT,risk_unit == 0 or non-finite,NQZ21-CME,17661780,2021-11-01 15:25:41.695005+00:00,15842.75,{'stop_loss_price': 15842.75}
INVALID_RISK_UNIT,risk_unit == 0 or non-finite,NQZ21-CME,17669705,2021-11-01 15:41:15.158000+00:00,15842.75,{'stop_loss_price': 15842.75}
INVALID_RISK_UNIT,risk_unit == 0 or non-finite,NQZ21-CME,17744270,2021-11-01 18:15:17.095000+00:00,15802.75,{'stop_loss_price': 15802.75}
INVALID_RISK_UNIT,risk_unit == 0 or non-finite,NQZ21-CME,17791306,2021-11-01 19:48:59.563000+00:00,15865.0,{'stop_loss_price': 15865.0}
INVALID_RISK_UNIT,risk_unit == 0 or non-finite,NQZ21-CME,17791307,2021-11-01 19:48:59.563001+00:00,15865.0,{'stop_loss_price': 15865.0}
INVALID_RISK_UNIT,risk_unit == 0 or non-finite,NQZ21-CME,17857652,2021-11-02 11:50:59.979000+00:00,15867.25,{'stop_loss_price': 15867.25}
INVALID_RISK_UNIT,risk_unit == 0 or non-finite,NQZ21-CME,17880082,2021-11-02 13:33:56.650000+00:00,15881.25,{'stop_loss_price': 15881.25}
INVALID_RISK_UNIT,risk_unit == 0 or non-finite,NQZ21-CME,17899803,2021-11-02 13:41:00.758000+00:00,15933.25,{'stop_loss_price': 15933.25}
INVALID_RISK_UNIT,risk_unit == 0 or non-finite,NQZ21-CME,17904039,2021-11-02 13:43:30.298000+00:00,15933.75,{'stop_loss_price': 15933.75}
INVALID_RISK_UNIT,risk_unit == 0 or non-finite,NQZ21-CME,17944944,2021-11-02 14:09:59.972000+00:00,15921.75,{'stop_loss_price': 15921.75}
INVALID_RISK_UNIT,risk_unit == 0 or non-finite,NQZ21-CME,17944945,2021-11-02 14:09:59.972001+00:00,15921.75,{'stop_loss_price': 15921.75}
INVALID_RISK_UNIT,risk_unit == 0 or non-finite,NQZ21-CME,17944946,2021-11-02 14:09:59.973000+00:00,15921.75,{'stop_loss_price': 15921.75}
INVALID_RISK_UNIT,risk_unit == 0 or non-finite,NQZ21-CME,17944947,2021-11-02 14:09:59.973001+00:00,15921.75,{'stop_loss_price': 15921.75}
INVALID_RISK_UNIT,risk_unit == 0 or non-finite,NQZ21-CME,17962058,2021-11-02 14:20:14.798000+00:00,15921.75,{'stop_loss_price': 15921.75}
INVALID_RISK_UNIT,risk_unit == 0 or non-finite,NQZ21-CME,17982346,2021-11-02 14:38:20.430000+00:00,15957.75,{'stop_loss_price': 15957.75}
INVALID_RISK_UNIT,risk_unit == 0 or non-finite,NQZ21-CME,17982347,2021-11-02 14:38:20.430001+00:00,15957.75,{'stop_loss_price': 15957.75}
INVALID_RISK_UNIT,risk_unit == 0 or non-finite,NQZ21-CME,17982350,2021-11-02 14:38:20.502002+00:00,15957.75,{'stop_loss_price': 15957.75}
INVALID_RISK_UNIT,risk_unit == 0 or non-finite,NQZ21-CME,17982351,2021-11-02 14:38:20.587000+00:00,15957.75,{'stop_loss_price': 15957.75}
INVALID_RISK_UNIT,risk_unit == 0 or non-finite,NQZ21-CME,18064201,2021-11-02 16:25:05.850005+00:00,15940.5,{'stop_loss_price': 15940.5}
INVALID_RISK_UNIT,risk_unit == 0 or non-finite,NQZ21-CME,18064202,2021-11-02 16:25:05.850006+00:00,15940.5,{'stop_loss_price': 15940.5}
INVALID_RISK_UNIT,risk_unit == 0 or non-finite,NQZ21-CME,18064203,2021-11-02 16:25:05.850007+00:00,15940.5,{'stop_loss_price': 15940.5}
INVALID_RISK_UNIT,risk_unit == 0 or non-finite,NQZ21-CME,18064204,2021-11-02 16:25:05.850008+00:00,15940.5,{'stop_loss_price': 15940.5}
INVALID_RISK_UNIT,risk_unit == 0 or non-finite,NQZ21-CME,18064205,2021-11-02 16:25:05.850009+00:00,15940.5,{'stop_loss_price': 15940.5}
INVALID_RISK_UNIT,risk_unit == 0 or non-finite,NQZ21-CME,18064206,2021-11-02 16:25:05.850010+00:00,15940.5,{'stop_loss_price': 15940.5}
INVALID_RISK_UNIT,risk_unit == 0 or non-finite,NQZ21-CME,18064207,2021-11-02 16:25:05.850011+00:00,15940.5,{'stop_loss_price': 15940.5}
INVALID_RISK_UNIT,risk_unit == 0 or non-finite,NQZ21-CME,18064208,2021-11-02 16:25:05.850012+00:00,15940.5,{'stop_loss_price': 15940.5}
INVALID_RISK_UNIT,risk_unit == 0 or non-finite,NQZ21-CME,18064209,2021-11-02 16:25:05.850013+00:00,15940.5,{'stop_loss_price': 15940.5}
INVALID_RISK_UNIT,risk_unit == 0 or non-finite,NQZ21-CME,18069165,2021-11-02 16:33:52.553000+00:00,15932.25,{'stop_loss_price': 15932.25}
INVALID_RISK_UNIT,risk_unit == 0 or non-finite,NQZ21-CME,18071847,2021-11-02 16:40:38.525000+00:00,15933.75,{'stop_loss_price': 15933.75}
INVALID_RISK_UNIT,risk_unit == 0 or non-finite,NQZ21-CME,18071848,2021-11-02 16:40:38.525001+00:00,15933.75,{'stop_loss_price': 15933.75}
INVALID_RISK_UNIT,risk_unit == 0 or non-finite,NQZ21-CME,18071849,2021-11-02 16:40:38.527000+00:00,15933.75,{'stop_loss_price': 15933.75}
INVALID_RISK_UNIT,risk_unit == 0 or non-finite,NQZ21-CME,18071850,2021-11-02 16:40:38.529000+00:00,15933.75,{'stop_loss_price': 15933.75}
INVALID_RISK_UNIT,risk_unit == 0 or non-finite,NQZ21-CME,18092120,2021-11-02 17:24:04.691000+00:00,15957.25,{'stop_loss_price': 15957.25}
INVALID_RISK_UNIT,risk_unit == 0 or non-finite,NQZ21-CME,18092121,2021-11-02 17:24:04.778000+00:00,15957.25,{'stop_loss_price': 15957.25}
INVALID_RISK_UNIT,risk_unit == 0 or non-finite,NQZ21-CME,18092122,2021-11-02 17:24:05.304000+00:00,15957.25,{'stop_loss_price': 15957.25}
INVALID_RISK_UNIT,risk_unit == 0 or non-finite,NQZ21-CME,18092123,2021-11-02 17:24:05.313000+00:00,15957.25,{'stop_loss_price': 15957.25}
INVALID_RISK_UNIT,risk_unit == 0 or non-finite,NQZ21-CME,18092124,2021-11-02 17:24:05.366000+00:00,15957.25,{'stop_loss_price': 15957.25}
INVALID_RISK_UNIT,risk_unit == 0 or non-finite,NQZ21-CME,18092125,2021-11-02 17:24:05.366001+00:00,15957.25,{'stop_loss_price': 15957.25}
INVALID_RISK_UNIT,risk_unit == 0 or non-finite,NQZ21-CME,18092126,2021-11-02 17:24:05.369000+00:00,15957.25,{'stop_loss_price': 15957.25}
INVALID_RISK_UNIT,risk_unit == 0 or non-finite,NQZ21-CME,18092127,2021-11-02 17:24:05.370000+00:00,15957.25,{'stop_loss_price': 15957.25}
INVALID_RISK_UNIT,risk_unit == 0 or non-finite,NQZ21-CME,18092130,2021-11-02 17:24:05.594000+00:00,15957.25,{'stop_loss_price': 15957.25}
INVALID_RISK_UNIT,risk_unit == 0 or non-finite,NQZ21-CME,18092131,2021-11-02 17:24:05.595000+00:00,15957.25,{'stop_loss_price': 15957.25}
INVALID_RISK_UNIT,risk_unit == 0 or non-finite,NQZ21-CME,18092134,2021-11-02 17:24:06.978000+00:00,15957.25,{'stop_loss_price': 15957.25}
INVALID_RISK_UNIT,risk_unit == 0 or non-finite,NQZ21-CME,18122883,2021-11-02 18:26:48.607000+00:00,15914.0,{'stop_loss_price': 15914.0}
INVALID_RISK_UNIT,risk_unit == 0 or non-finite,NQZ21-CME,18122884,2021-11-02 18:26:48.607001+00:00,15914.0,{'stop_loss_price': 15914.0}
INVALID_RISK_UNIT,risk_unit == 0 or non-finite,NQZ21-CME,18122885,2021-11-02 18:26:48.607002+00:00,15914.0,{'stop_loss_price': 15914.0}
INVALID_RISK_UNIT,risk_unit == 0 or non-finite,NQZ21-CME,18125007,2021-11-02 18:31:22.490000+00:00,15920.25,{'stop_loss_price': 15920.25}
INVALID_RISK_UNIT,risk_unit == 0 or non-finite,NQZ21-CME,18149871,2021-11-02 19:19:06.611000+00:00,15946.75,{'stop_loss_price': 15946.75}
INVALID_RISK_UNIT,risk_unit == 0 or non-finite,NQZ21-CME,18149872,2021-11-02 19:19:06.611001+00:00,15946.75,{'stop_loss_price': 15946.75}
INVALID_RISK_UNIT,risk_unit == 0 or non-finite,NQZ21-CME,18167291,2021-11-02 19:47:18.507000+00:00,15975.0,{'stop_loss_price': 15975.0}
INVALID_RISK_UNIT,risk_unit == 0 or non-finite,NQZ21-CME,18167292,2021-11-02 19:47:18.507001+00:00,15975.0,{'stop_loss_price': 15975.0}
INVALID_RISK_UNIT,risk_unit == 0 or non-finite,NQZ21-CME,18175791,2021-11-02 19:54:42.742000+00:00,15955.75,{'stop_loss_price': 15955.75}
INVALID_RISK_UNIT,risk_unit == 0 or non-finite,NQZ21-CME,18175792,2021-11-02 19:54:42.742001+00:00,15955.75,{'stop_loss_price': 15955.75}
INVALID_RISK_UNIT,risk_unit == 0 or non-finite,NQZ21-CME,18175793,2021-11-02 19:54:42.742002+00:00,15955.75,{'stop_loss_price': 15955.75}
INVALID_RISK_UNIT,risk_unit == 0 or non-finite,NQZ21-CME,18175794,2021-11-02 19:54:42.742003+00:00,15955.75,{'stop_loss_price': 15955.75}
INVALID_RISK_UNIT,risk_unit == 0 or non-finite,NQZ21-CME,18175795,2021-11-02 19:54:42.742004+00:00,15955.75,{'stop_loss_price': 15955.75}
INVALID_RISK_UNIT,risk_unit == 0 or non-finite,NQZ21-CME,18175796,2021-11-02 19:54:42.785000+00:00,15955.75,{'stop_loss_price': 15955.75}
INVALID_RISK_UNIT,risk_unit == 0 or non-finite,NQZ21-CME,18205315,2021-11-03 07:05:54.772000+00:00,15956.25,{'stop_loss_price': 15956.25}
INVALID_RISK_UNIT,risk_unit == 0 or non-finite,NQZ21-CME,18218954,2021-11-03 11:14:24.955000+00:00,15970.5,{'stop_loss_price': 15970.5}
INVALID_RISK_UNIT,risk_unit == 0 or non-finite,NQZ21-CME,18220031,2021-11-03 11:32:38.709000+00:00,15977.5,{'stop_loss_price': 15977.5}
INVALID_RISK_UNIT,risk_unit == 0 or non-finite,NQZ21-CME,18222964,2021-11-03 12:03:01.784000+00:00,15986.5,{'stop_loss_price': 15986.5}
INVALID_RISK_UNIT,risk_unit == 0 or non-finite,NQZ21-CME,18222965,2021-11-03 12:03:01.784001+00:00,15986.5,{'stop_loss_price': 15986.5}
INVALID_RISK_UNIT,risk_unit == 0 or non-finite,NQZ21-CME,18222966,2021-11-03 12:03:01.784002+00:00,15986.5,{'stop_loss_price': 15986.5}
INVALID_RISK_UNIT,risk_unit == 0 or non-finite,NQZ21-CME,18235188,2021-11-03 13:30:19.860000+00:00,15986.75,{'stop_loss_price': 15986.75}
INVALID_RISK_UNIT,risk_unit == 0 or non-finite,NQZ21-CME,18242104,2021-11-03 13:31:53.469000+00:00,15978.75,{'stop_loss_price': 15978.75}
INVALID_RISK_UNIT,risk_unit == 0 or non-finite,NQZ21-CME,18242105,2021-11-03 13:31:53.469001+00:00,15978.75,{'stop_loss_price': 15978.75}
INVALID_RISK_UNIT,risk_unit == 0 or non-finite,NQZ21-CME,18242106,2021-11-03 13:31:53.469002+00:00,15978.75,{'stop_loss_price': 15978.75}
INVALID_RISK_UNIT,risk_unit == 0 or non-finite,NQZ21-CME,18242107,2021-11-03 13:31:53.558000+00:00,15978.75,{'stop_loss_price': 15978.75}
INVALID_RISK_UNIT,risk_unit == 0 or non-finite,NQZ21-CME,18242108,2021-11-03 13:31:53.583000+00:00,15978.75,{'stop_loss_price': 15978.75}
INVALID_RISK_UNIT,risk_unit == 0 or non-finite,NQZ21-CME,18242109,2021-11-03 13:31:53.583001+00:00,15978.75,{'stop_loss_price': 15978.75}
INVALID_RISK_UNIT,risk_unit == 0 or non-finite,NQZ21-CME,18242110,2021-11-03 13:31:53.583002+00:00,15978.75,{'stop_loss_price': 15978.75}
INVALID_RISK_UNIT,risk_unit == 0 or non-finite,NQZ21-CME,18242113,2021-11-03 13:31:53.735000+00:00,15978.75,{'stop_loss_price': 15978.75}
INVALID_RISK_UNIT,risk_unit == 0 or non-finite,NQZ21-CME,18242114,2021-11-03 13:31:53.735001+00:00,15978.75,{'stop_loss_price': 15978.75}
INVALID_RISK_UNIT,risk_unit == 0 or non-finite,NQZ21-CME,18271094,2021-11-03 13:42:12.199000+00:00,15980.0,{'stop_loss_price': 15980.0}
INVALID_RISK_UNIT,risk_unit == 0 or non-finite,NQZ21-CME,18274654,2021-11-03 13:44:23.986000+00:00,15977.25,{'stop_loss_price': 15977.25}
INVALID_RISK_UNIT,risk_unit == 0 or non-finite,NQZ21-CME,18274655,2021-11-03 13:44:23.986001+00:00,15977.25,{'stop_loss_price': 15977.25}
INVALID_RISK_UNIT,risk_unit == 0 or non-finite,NQZ21-CME,18274656,2021-11-03 13:44:23.986002+00:00,15977.25,{'stop_loss_price': 15977.25}
INVALID_RISK_UNIT,risk_unit == 0 or non-finite,NQZ21-CME,18382364,2021-11-03 15:48:29.985000+00:00,15966.5,{'stop_loss_price': 15966.5}
INVALID_RISK_UNIT,risk_unit == 0 or non-finite,NQZ21-CME,18382365,2021-11-03 15:48:29.985001+00:00,15966.5,{'stop_loss_price': 15966.5}
INVALID_RISK_UNIT,risk_unit == 0 or non-finite,NQZ21-CME,18382366,2021-11-03 15:48:29.985002+00:00,15966.5,{'stop_loss_price': 15966.5}
INVALID_RISK_UNIT,risk_unit == 0 or non-finite,NQZ21-CME,18382367,2021-11-03 15:48:29.987000+00:00,15966.5,{'stop_loss_price': 15966.5}
INVALID_RISK_UNIT,risk_unit == 0 or non-finite,NQZ21-CME,18382368,2021-11-03 15:48:29.987001+00:00,15966.5,{'stop_loss_price': 15966.5}
INVALID_RISK_UNIT,risk_unit == 0 or non-finite,NQZ21-CME,18416056,2021-11-03 17:14:03.932000+00:00,15977.0,{'stop_loss_price': 15977.0}
INVALID_RISK_UNIT,risk_unit == 0 or non-finite,NQZ21-CME,18416057,2021-11-03 17:14:03.932001+00:00,15977.0,{'stop_loss_price': 15977.0}
INVALID_RISK_UNIT,risk_unit == 0 or non-finite,NQZ21-CME,18416058,2021-11-03 17:14:03.932002+00:00,15977.0,{'stop_loss_price': 15977.0}
INVALID_RISK_UNIT,risk_unit == 0 or non-finite,NQZ21-CME,18416059,2021-11-03 17:14:04.065000+00:00,15977.0,{'stop_loss_price': 15977.0}
INVALID_RISK_UNIT,risk_unit == 0 or non-finite,NQZ21-CME,18416060,2021-11-03 17:14:04.065001+00:00,15977.0,{'stop_loss_price': 15977.0}
INVALID_RISK_UNIT,risk_unit == 0 or non-finite,NQZ21-CME,18416065,2021-11-03 17:14:05.222000+00:00,15977.0,{'stop_loss_price': 15977.0}
INVALID_RISK_UNIT,risk_unit == 0 or non-finite,NQZ21-CME,18509051,2021-11-03 18:49:50.259000+00:00,16064.5,{'stop_loss_price': 16064.5}
INVALID_RISK_UNIT,risk_unit == 0 or non-finite,NQZ21-CME,18509052,2021-11-03 18:49:50.259001+00:00,16064.5,{'stop_loss_price': 16064.5}
INVALID_RISK_UNIT,risk_unit == 0 or non-finite,NQZ21-CME,18537626,2021-11-03 19:12:00.619000+00:00,16093.0,{'stop_loss_price': 16093.0}
INVALID_RISK_UNIT,risk_unit == 0 or non-finite,NQZ21-CME,18639182,2021-11-04 12:17:04.426002+00:00,16191.75,{'stop_loss_price': 16191.75}
INVALID_RISK_UNIT,risk_unit == 0 or non-finite,NQZ21-CME,18643138,2021-11-04 12:44:31.526000+00:00,16174.25,{'stop_loss_price': 16174.25}
INVALID_RISK_UNIT,risk_unit == 0 or non-finite,NQZ21-CME,18653462,2021-11-04 13:30:34.122000+00:00,16168.0,{'stop_loss_price': 16168.0}
INVALID_RISK_UNIT,risk_unit == 0 or non-finite,NQZ21-CME,18653463,2021-11-04 13:30:34.122001+00:00,16168.0,{'stop_loss_price': 16168.0}
INVALID_RISK_UNIT,risk_unit == 0 or non-finite,NQZ21-CME,18653464,2021-11-04 13:30:34.122002+00:00,16168.0,{'stop_loss_price': 16168.0}
INVALID_RISK_UNIT,risk_unit == 0 or non-finite,NQZ21-CME,18671922,2021-11-04 13:37:29.364000+00:00,16176.25,{'stop_loss_price': 16176.25}
INVALID_RISK_UNIT,risk_unit == 0 or non-finite,NQZ21-CME,18676622,2021-11-04 13:39:48.710000+00:00,16182.75,{'stop_loss_price': 16182.75}
INVALID_RISK_UNIT,risk_unit == 0 or non-finite,NQZ21-CME,18677449,2021-11-04 13:40:07.897004+00:00,16177.5,{'stop_loss_price': 16177.5}
INVALID_RISK_UNIT,risk_unit == 0 or non-finite,NQZ21-CME,18677450,2021-11-04 13:40:07.897005+00:00,16177.5,{'stop_loss_price': 16177.5}
INVALID_RISK_UNIT,risk_unit == 0 or non-finite,NQZ21-CME,18677451,2021-11-04 13:40:07.897006+00:00,16177.5,{'stop_loss_price': 16177.5}
INVALID_RISK_UNIT,risk_unit == 0 or non-finite,NQZ21-CME,18690319,2021-11-04 13:46:24.999000+00:00,16216.25,{'stop_loss_price': 16216.25}
INVALID_RISK_UNIT,risk_unit == 0 or non-finite,NQZ21-CME,18690320,2021-11-04 13:46:24.999001+00:00,16216.25,{'stop_loss_price': 16216.25}
INVALID_RISK_UNIT,risk_unit == 0 or non-finite,NQZ21-CME,18690322,2021-11-04 13:46:25.157000+00:00,16216.25,{'stop_loss_price': 16216.25}
INVALID_RISK_UNIT,risk_unit == 0 or non-finite,NQZ21-CME,18695830,2021-11-04 13:48:58.600000+00:00,16221.5,{'stop_loss_price': 16221.5}
INVALID_RISK_UNIT,risk_unit == 0 or non-finite,NQZ21-CME,18711445,2021-11-04 13:59:14.007000+00:00,16245.75,{'stop_loss_price': 16245.75}
INVALID_RISK_UNIT,risk_unit == 0 or non-finite,NQZ21-CME,18726608,2021-11-04 14:11:08.209000+00:00,16252.0,{'stop_loss_price': 16252.0}
INVALID_RISK_UNIT,risk_unit == 0 or non-finite,NQZ21-CME,18726609,2021-11-04 14:11:08.461000+00:00,16252.0,{'stop_loss_price': 16252.0}
INVALID_RISK_UNIT,risk_unit == 0 or non-finite,NQZ21-CME,18728901,2021-11-04 14:12:54.651016+00:00,16266.5,{'stop_loss_price': 16266.5}
INVALID_RISK_UNIT,risk_unit == 0 or non-finite,NQZ21-CME,18728902,2021-11-04 14:12:54.651017+00:00,16266.5,{'stop_loss_price': 16266.5}
INVALID_RISK_UNIT,risk_unit == 0 or non-finite,NQZ21-CME,18729343,2021-11-04 14:13:04.929000+00:00,16268.0,{'stop_loss_price': 16268.0}
INVALID_RISK_UNIT,risk_unit == 0 or non-finite,NQZ21-CME,18729344,2021-11-04 14:13:04.929001+00:00,16268.0,{'stop_loss_price': 16268.0}
INVALID_RISK_UNIT,risk_unit == 0 or non-finite,NQZ21-CME,18729345,2021-11-04 14:13:04.929002+00:00,16268.0,{'stop_loss_price': 16268.0}
INVALID_RISK_UNIT,risk_unit == 0 or non-finite,NQZ21-CME,18763671,2021-11-04 14:40:06.668000+00:00,16308.25,{'stop_loss_price': 16308.25}
INVALID_RISK_UNIT,risk_unit == 0 or non-finite,NQZ21-CME,18763672,2021-11-04 14:40:06.680000+00:00,16308.25,{'stop_loss_price': 16308.25}
INVALID_RISK_UNIT,risk_unit == 0 or non-finite,NQZ21-CME,18763673,2021-11-04 14:40:06.680001+00:00,16308.25,{'stop_loss_price': 16308.25}
INVALID_RISK_UNIT,risk_unit == 0 or non-finite,NQZ21-CME,18763678,2021-11-04 14:40:07.231000+00:00,16308.25,{'stop_loss_price': 16308.25}
INVALID_RISK_UNIT,risk_unit == 0 or non-finite,NQZ21-CME,18763679,2021-11-04 14:40:07.231001+00:00,16308.25,{'stop_loss_price': 16308.25}
INVALID_RISK_UNIT,risk_unit == 0 or non-finite,NQZ21-CME,18770286,2021-11-04 14:48:20.597000+00:00,16314.25,{'stop_loss_price': 16314.25}
INVALID_RISK_UNIT,risk_unit == 0 or non-finite,NQZ21-CME,18770287,2021-11-04 14:48:20.597001+00:00,16314.25,{'stop_loss_price': 16314.25}
INVALID_RISK_UNIT,risk_unit == 0 or non-finite,NQZ21-CME,18794025,2021-11-04 15:09:33.044000+00:00,16295.5,{'stop_loss_price': 16295.5}
INVALID_RISK_UNIT,risk_unit == 0 or non-finite,NQZ21-CME,18855127,2021-11-04 16:02:23.339000+00:00,16300.25,{'stop_loss_price': 16300.25}
INVALID_RISK_UNIT,risk_unit == 0 or non-finite,NQZ21-CME,18855128,2021-11-04 16:02:23.339001+00:00,16300.25,{'stop_loss_price': 16300.25}
INVALID_RISK_UNIT,risk_unit == 0 or non-finite,NQZ21-CME,18859103,2021-11-04 16:08:43.176000+00:00,16306.75,{'stop_loss_price': 16306.75}
INVALID_RISK_UNIT,risk_unit == 0 or non-finite,NQZ21-CME,18871265,2021-11-04 16:22:37.059000+00:00,16303.25,{'stop_loss_price': 16303.25}
INVALID_RISK_UNIT,risk_unit == 0 or non-finite,NQZ21-CME,18871266,2021-11-04 16:22:37.059001+00:00,16303.25,{'stop_loss_price': 16303.25}
INVALID_RISK_UNIT,risk_unit == 0 or non-finite,NQZ21-CME,18880850,2021-11-04 16:32:54.226000+00:00,16291.25,{'stop_loss_price': 16291.25}
INVALID_RISK_UNIT,risk_unit == 0 or non-finite,NQZ21-CME,18880851,2021-11-04 16:32:54.226001+00:00,16291.25,{'stop_loss_price': 16291.25}
INVALID_RISK_UNIT,risk_unit == 0 or non-finite,NQZ21-CME,18880852,2021-11-04 16:32:54.226002+00:00,16291.25,{'stop_loss_price': 16291.25}
INVALID_RISK_UNIT,risk_unit == 0 or non-finite,NQZ21-CME,18880853,2021-11-04 16:32:54.226003+00:00,16291.25,{'stop_loss_price': 16291.25}
INVALID_RISK_UNIT,risk_unit == 0 or non-finite,NQZ21-CME,18880859,2021-11-04 16:32:54.682000+00:00,16291.25,{'stop_loss_price': 16291.25}
INVALID_RISK_UNIT,risk_unit == 0 or non-finite,NQZ21-CME,18880860,2021-11-04 16:32:54.682001+00:00,16291.25,{'stop_loss_price': 16291.25}
INVALID_RISK_UNIT,risk_unit == 0 or non-finite,NQZ21-CME,18880861,2021-11-04 16:32:54.682002+00:00,16291.25,{'stop_loss_price': 16291.25}
INVALID_RISK_UNIT,risk_unit == 0 or non-finite,NQZ21-CME,18888035,2021-11-04 16:43:10.760000+00:00,16300.5,{'stop_loss_price': 16300.5}
INVALID_RISK_UNIT,risk_unit == 0 or non-finite,NQZ21-CME,18888036,2021-11-04 16:43:10.760001+00:00,16300.5,{'stop_loss_price': 16300.5}
INVALID_RISK_UNIT,risk_unit == 0 or non-finite,NQZ21-CME,18909438,2021-11-04 17:18:00.220001+00:00,16308.0,{'stop_loss_price': 16308.0}
INVALID_RISK_UNIT,risk_unit == 0 or non-finite,NQZ21-CME,18935922,2021-11-04 18:01:25.200000+00:00,16343.5,{'stop_loss_price': 16343.5}
INVALID_RISK_UNIT,risk_unit == 0 or non-finite,NQZ21-CME,18964544,2021-11-04 18:41:13.441000+00:00,16366.0,{'stop_loss_price': 16366.0}
INVALID_RISK_UNIT,risk_unit == 0 or non-finite,NQZ21-CME,18997771,2021-11-04 19:19:10.745000+00:00,16331.0,{'stop_loss_price': 16331.0}
INVALID_RISK_UNIT,risk_unit == 0 or non-finite,NQZ21-CME,18997772,2021-11-04 19:19:11.537000+00:00,16331.0,{'stop_loss_price': 16331.0}
INVALID_RISK_UNIT,risk_unit == 0 or non-finite,NQZ21-CME,18997773,2021-11-04 19:19:11.537001+00:00,16331.0,{'stop_loss_price': 16331.0}
INVALID_RISK_UNIT,risk_unit == 0 or non-finite,NQZ21-CME,18997774,2021-11-04 19:19:12.255000+00:00,16331.0,{'stop_loss_price': 16331.0}
INVALID_RISK_UNIT,risk_unit == 0 or non-finite,NQZ21-CME,18997775,2021-11-04 19:19:12.255001+00:00,16331.0,{'stop_loss_price': 16331.0}
INVALID_RISK_UNIT,risk_unit == 0 or non-finite,NQZ21-CME,18997776,2021-11-04 19:19:12.255002+00:00,16331.0,{'stop_loss_price': 16331.0}
INVALID_RISK_UNIT,risk_unit == 0 or non-finite,NQZ21-CME,18997777,2021-11-04 19:19:12.255003+00:00,16331.0,{'stop_loss_price': 16331.0}
INVALID_RISK_UNIT,risk_unit == 0 or non-finite,NQZ21-CME,18997782,2021-11-04 19:19:15.014000+00:00,16331.0,{'stop_loss_price': 16331.0}
INVALID_RISK_UNIT,risk_unit == 0 or non-finite,NQZ21-CME,18997783,2021-11-04 19:19:15.028000+00:00,16331.0,{'stop_loss_price': 16331.0}
INVALID_RISK_UNIT,risk_unit == 0 or non-finite,NQZ21-CME,18997784,2021-11-04 19:19:15.029000+00:00,16331.0,{'stop_loss_price': 16331.0}
INVALID_RISK_UNIT,risk_unit == 0 or non-finite,NQZ21-CME,19038844,2021-11-04 19:56:10.269000+00:00,16322.25,{'stop_loss_price': 16322.25}
INVALID_RISK_UNIT,risk_unit == 0 or non-finite,NQZ21-CME,19063263,2021-11-04 23:46:31.005000+00:00,16340.25,{'stop_loss_price': 16340.25}
INVALID_RISK_UNIT,risk_unit == 0 or non-finite,NQZ21-CME,19063264,2021-11-04 23:46:31.005001+00:00,16340.25,{'stop_loss_price': 16340.25}
INVALID_RISK_UNIT,risk_unit == 0 or non-finite,NQZ21-CME,19064864,2021-11-05 00:19:05.503000+00:00,16327.25,{'stop_loss_price': 16327.25}
INVALID_RISK_UNIT,risk_unit == 0 or non-finite,NQZ21-CME,19079374,2021-11-05 07:47:56.832000+00:00,16309.0,{'stop_loss_price': 16309.0}
INVALID_RISK_UNIT,risk_unit == 0 or non-finite,NQZ21-CME,19079375,2021-11-05 07:47:56.832001+00:00,16309.0,{'stop_loss_price': 16309.0}
INVALID_RISK_UNIT,risk_unit == 0 or non-finite,NQZ21-CME,19127369,2021-11-05 12:58:58.566000+00:00,16383.0,{'stop_loss_price': 16383.0}
INVALID_RISK_UNIT,risk_unit == 0 or non-finite,NQZ21-CME,19151826,2021-11-05 13:33:29.931001+00:00,16418.5,{'stop_loss_price': 16418.5}
INVALID_RISK_UNIT,risk_unit == 0 or non-finite,NQZ21-CME,19151827,2021-11-05 13:33:29.931002+00:00,16418.5,{'stop_loss_price': 16418.5}
INVALID_RISK_UNIT,risk_unit == 0 or non-finite,NQZ21-CME,19151828,2021-11-05 13:33:29.931003+00:00,16418.5,{'stop_loss_price': 16418.5}
INVALID_RISK_UNIT,risk_unit == 0 or non-finite,NQZ21-CME,19151829,2021-11-05 13:33:29.931004+00:00,16418.5,{'stop_loss_price': 16418.5}
INVALID_RISK_UNIT,risk_unit == 0 or non-finite,NQZ21-CME,19161860,2021-11-05 13:37:41.896000+00:00,16437.75,{'stop_loss_price': 16437.75}
INVALID_RISK_UNIT,risk_unit == 0 or non-finite,NQZ21-CME,19162207,2021-11-05 13:37:58.307000+00:00,16438.75,{'stop_loss_price': 16438.75}
INVALID_RISK_UNIT,risk_unit == 0 or non-finite,NQZ21-CME,19183340,2021-11-05 13:47:54.571000+00:00,16417.25,{'stop_loss_price': 16417.25}
INVALID_RISK_UNIT,risk_unit == 0 or non-finite,NQZ21-CME,19187756,2021-11-05 13:49:32.576000+00:00,16393.0,{'stop_loss_price': 16393.0}
INVALID_RISK_UNIT,risk_unit == 0 or non-finite,NQZ21-CME,19187757,2021-11-05 13:49:32.576001+00:00,16393.0,{'stop_loss_price': 16393.0}
INVALID_RISK_UNIT,risk_unit == 0 or non-finite,NQZ21-CME,19195384,2021-11-05 13:52:55.338000+00:00,16395.25,{'stop_loss_price': 16395.25}
INVALID_RISK_UNIT,risk_unit == 0 or non-finite,NQZ21-CME,19195385,2021-11-05 13:52:55.338001+00:00,16395.25,{'stop_loss_price': 16395.25}
INVALID_RISK_UNIT,risk_unit == 0 or non-finite,NQZ21-CME,19195386,2021-11-05 13:52:55.338002+00:00,16395.25,{'stop_loss_price': 16395.25}
INVALID_RISK_UNIT,risk_unit == 0 or non-finite,NQZ21-CME,19217950,2021-11-05 14:06:12.141000+00:00,16431.25,{'stop_loss_price': 16431.25}
INVALID_RISK_UNIT,risk_unit == 0 or non-finite,NQZ21-CME,19239929,2021-11-05 14:20:54.201004+00:00,16423.75,{'stop_loss_price': 16423.75}
INVALID_RISK_UNIT,risk_unit == 0 or non-finite,NQZ21-CME,19276392,2021-11-05 15:03:41.098000+00:00,16415.75,{'stop_loss_price': 16415.75}
INVALID_RISK_UNIT,risk_unit == 0 or non-finite,NQZ21-CME,19291488,2021-11-05 15:28:33.472000+00:00,16415.0,{'stop_loss_price': 16415.0}
INVALID_RISK_UNIT,risk_unit == 0 or non-finite,NQZ21-CME,19291489,2021-11-05 15:28:33.606000+00:00,16415.0,{'stop_loss_price': 16415.0}
INVALID_RISK_UNIT,risk_unit == 0 or non-finite,NQZ21-CME,19291490,2021-11-05 15:28:33.669000+00:00,16415.0,{'stop_loss_price': 16415.0}
INVALID_RISK_UNIT,risk_unit == 0 or non-finite,NQZ21-CME,19291505,2021-11-05 15:28:33.897000+00:00,16415.0,{'stop_loss_price': 16415.0}
INVALID_RISK_UNIT,risk_unit == 0 or non-finite,NQZ21-CME,19291506,2021-11-05 15:28:34.054000+00:00,16415.0,{'stop_loss_price': 16415.0}
INVALID_RISK_UNIT,risk_unit == 0 or non-finite,NQZ21-CME,19291508,2021-11-05 15:28:34.341000+00:00,16415.0,{'stop_loss_price': 16415.0}
INVALID_RISK_UNIT,risk_unit == 0 or non-finite,NQZ21-CME,19296843,2021-11-05 15:34:19.592000+00:00,16425.0,{'stop_loss_price': 16425.0}
INVALID_RISK_UNIT,risk_unit == 0 or non-finite,NQZ21-CME,19296844,2021-11-05 15:34:19.592001+00:00,16425.0,{'stop_loss_price': 16425.0}
INVALID_RISK_UNIT,risk_unit == 0 or non-finite,NQZ21-CME,19296845,2021-11-05 15:34:19.594000+00:00,16425.0,{'stop_loss_price': 16425.0}
INVALID_RISK_UNIT,risk_unit == 0 or non-finite,NQZ21-CME,19296846,2021-11-05 15:34:19.594001+00:00,16425.0,{'stop_loss_price': 16425.0}
INVALID_RISK_UNIT,risk_unit == 0 or non-finite,NQZ21-CME,19296847,2021-11-05 15:34:19.594002+00:00,16425.0,{'stop_loss_price': 16425.0}
INVALID_RISK_UNIT,risk_unit == 0 or non-finite,NQZ21-CME,19341420,2021-11-05 16:38:33.954000+00:00,16394.25,{'stop_loss_price': 16394.25}
INVALID_RISK_UNIT,risk_unit == 0 or non-finite,NQZ21-CME,19384703,2021-11-05 17:23:22.635000+00:00,16341.75,{'stop_loss_price': 16341.75}
INVALID_RISK_UNIT,risk_unit == 0 or non-finite,NQZ21-CME,19384704,2021-11-05 17:23:22.635001+00:00,16341.75,{'stop_loss_price': 16341.75}
INVALID_RISK_UNIT,risk_unit == 0 or non-finite,NQZ21-CME,19384707,2021-11-05 17:23:23.181000+00:00,16341.75,{'stop_loss_price': 16341.75}
INVALID_RISK_UNIT,risk_unit == 0 or non-finite,NQZ21-CME,19384708,2021-11-05 17:23:23.181001+00:00,16341.75,{'stop_loss_price': 16341.75}
INVALID_RISK_UNIT,risk_unit == 0 or non-finite,NQZ21-CME,19384709,2021-11-05 17:23:23.181002+00:00,16341.75,{'stop_loss_price': 16341.75}
INVALID_RISK_UNIT,risk_unit == 0 or non-finite,NQZ21-CME,19384710,2021-11-05 17:23:23.181003+00:00,16341.75,{'stop_loss_price': 16341.75}
INVALID_RISK_UNIT,risk_unit == 0 or non-finite,NQZ21-CME,19399947,2021-11-05 17:31:10.994000+00:00,16315.25,{'stop_loss_price': 16315.25}
INVALID_RISK_UNIT,risk_unit == 0 or non-finite,NQZ21-CME,19399948,2021-11-05 17:31:10.995000+00:00,16315.25,{'stop_loss_price': 16315.25}
INVALID_RISK_UNIT,risk_unit == 0 or non-finite,NQZ21-CME,19399949,2021-11-05 17:31:10.995001+00:00,16315.25,{'stop_loss_price': 16315.25}
INVALID_RISK_UNIT,risk_unit == 0 or non-finite,NQZ21-CME,19399950,2021-11-05 17:31:10.995002+00:00,16315.25,{'stop_loss_price': 16315.25}
INVALID_RISK_UNIT,risk_unit == 0 or non-finite,NQZ21-CME,19399951,2021-11-05 17:31:10.996000+00:00,16315.25,{'stop_loss_price': 16315.25}
INVALID_RISK_UNIT,risk_unit == 0 or non-finite,NQZ21-CME,19399952,2021-11-05 17:31:10.997000+00:00,16315.25,{'stop_loss_price': 16315.25}
INVALID_RISK_UNIT,risk_unit == 0 or non-finite,NQZ21-CME,19399953,2021-11-05 17:31:10.997001+00:00,16315.25,{'stop_loss_price': 16315.25}
INVALID_RISK_UNIT,risk_unit == 0 or non-finite,NQZ21-CME,19399954,2021-11-05 17:31:10.997002+00:00,16315.25,{'stop_loss_price': 16315.25}
INVALID_RISK_UNIT,risk_unit == 0 or non-finite,NQZ21-CME,19399955,2021-11-05 17:31:10.997003+00:00,16315.25,{'stop_loss_price': 16315.25}
INVALID_RISK_UNIT,risk_unit == 0 or non-finite,NQZ21-CME,19399956,2021-11-05 17:31:10.999000+00:00,16315.25,{'stop_loss_price': 16315.25}
INVALID_RISK_UNIT,risk_unit == 0 or non-finite,NQZ21-CME,19399957,2021-11-05 17:31:11.004000+00:00,16315.25,{'stop_loss_price': 16315.25}
INVALID_RISK_UNIT,risk_unit == 0 or non-finite,NQZ21-CME,19412195,2021-11-05 17:41:43.992000+00:00,16330.0,{'stop_loss_price': 16330.0}
INVALID_RISK_UNIT,risk_unit == 0 or non-finite,NQZ21-CME,19441585,2021-11-05 18:14:47.875000+00:00,16363.5,{'stop_loss_price': 16363.5}
INVALID_RISK_UNIT,risk_unit == 0 or non-finite,NQZ21-CME,19441586,2021-11-05 18:14:47.875001+00:00,16363.5,{'stop_loss_price': 16363.5}
INVALID_RISK_UNIT,risk_unit == 0 or non-finite,NQZ21-CME,19441587,2021-11-05 18:14:47.875002+00:00,16363.5,{'stop_loss_price': 16363.5}
INVALID_RISK_UNIT,risk_unit == 0 or non-finite,NQZ21-CME,19441588,2021-11-05 18:14:48.318000+00:00,16363.5,{'stop_loss_price': 16363.5}
INVALID_RISK_UNIT,risk_unit == 0 or non-finite,NQZ21-CME,19466531,2021-11-05 18:57:01.187000+00:00,16367.5,{'stop_loss_price': 16367.5}
INVALID_RISK_UNIT,risk_unit == 0 or non-finite,NQZ21-CME,19477382,2021-11-05 19:10:15.681000+00:00,16348.0,{'stop_loss_price': 16348.0}
INVALID_RISK_UNIT,risk_unit == 0 or non-finite,NQZ21-CME,19477383,2021-11-05 19:10:15.681001+00:00,16348.0,{'stop_loss_price': 16348.0}
INVALID_RISK_UNIT,risk_unit == 0 or non-finite,NQZ21-CME,19477384,2021-11-05 19:10:15.681002+00:00,16348.0,{'stop_loss_price': 16348.0}
INVALID_RISK_UNIT,risk_unit == 0 or non-finite,NQZ21-CME,19504127,2021-11-05 19:43:14.637000+00:00,16354.0,{'stop_loss_price': 16354.0}
INVALID_RISK_UNIT,risk_unit == 0 or non-finite,NQZ21-CME,19504128,2021-11-05 19:43:14.637001+00:00,16354.0,{'stop_loss_price': 16354.0}
INVALID_RISK_UNIT,risk_unit == 0 or non-finite,NQZ21-CME,19504129,2021-11-05 19:43:14.637002+00:00,16354.0,{'stop_loss_price': 16354.0}
INVALID_RISK_UNIT,risk_unit == 0 or non-finite,NQZ21-CME,19504130,2021-11-05 19:43:14.637003+00:00,16354.0,{'stop_loss_price': 16354.0}
INVALID_RISK_UNIT,risk_unit == 0 or non-finite,NQZ21-CME,19517969,2021-11-05 19:56:34.021000+00:00,16351.25,{'stop_loss_price': 16351.25}
INVALID_RISK_UNIT,risk_unit == 0 or non-finite,NQZ21-CME,19517970,2021-11-05 19:56:34.064000+00:00,16351.25,{'stop_loss_price': 16351.25}
INVALID_RISK_UNIT,risk_unit == 0 or non-finite,NQZ21-CME,19517979,2021-11-05 19:56:34.898000+00:00,16351.25,{'stop_loss_price': 16351.25}
INVALID_RISK_UNIT,risk_unit == 0 or non-finite,NQZ21-CME,19517980,2021-11-05 19:56:34.898001+00:00,16351.25,{'stop_loss_price': 16351.25}
INVALID_RISK_UNIT,risk_unit == 0 or non-finite,NQZ21-CME,19517981,2021-11-05 19:56:35.098000+00:00,16351.25,{'stop_loss_price': 16351.25}
INVALID_RISK_UNIT,risk_unit == 0 or non-finite,NQZ21-CME,19517982,2021-11-05 19:56:35.098001+00:00,16351.25,{'stop_loss_price': 16351.25}
INVALID_RISK_UNIT,risk_unit == 0 or non-finite,NQZ21-CME,19517983,2021-11-05 19:56:35.098002+00:00,16351.25,{'stop_loss_price': 16351.25}
INVALID_RISK_UNIT,risk_unit == 0 or non-finite,NQZ21-CME,19517984,2021-11-05 19:56:35.101000+00:00,16351.25,{'stop_loss_price': 16351.25}
INVALID_RISK_UNIT,risk_unit == 0 or non-finite,NQZ21-CME,19517985,2021-11-05 19:56:35.108000+00:00,16351.25,{'stop_loss_price': 16351.25}
INVALID_RISK_UNIT,risk_unit == 0 or non-finite,NQZ21-CME,19518015,2021-11-05 19:56:38.072000+00:00,16351.25,{'stop_loss_price': 16351.25}
INVALID_RISK_UNIT,risk_unit == 0 or non-finite,NQZ21-CME,19518016,2021-11-05 19:56:38.072001+00:00,16351.25,{'stop_loss_price': 16351.25}
INVALID_RISK_UNIT,risk_unit == 0 or non-finite,NQZ21-CME,19518017,2021-11-05 19:56:38.072002+00:00,16351.25,{'stop_loss_price': 16351.25}
INVALID_RISK_UNIT,risk_unit == 0 or non-finite,NQZ21-CME,19518018,2021-11-05 19:56:38.072003+00:00,16351.25,{'stop_loss_price': 16351.25}
INVALID_RISK_UNIT,risk_unit == 0 or non-finite,NQZ21-CME,19518019,2021-11-05 19:56:38.072004+00:00,16351.25,{'stop_loss_price': 16351.25}
INVALID_RISK_UNIT,risk_unit == 0 or non-finite,NQZ21-CME,19518020,2021-11-05 19:56:38.072005+00:00,16351.25,{'stop_loss_price': 16351.25}
INVALID_RISK_UNIT,risk_unit == 0 or non-finite,NQZ21-CME,19537220,2021-11-07 23:19:29.059000+00:00,16309.25,{'stop_loss_price': 16309.25}
INVALID_RISK_UNIT,risk_unit == 0 or non-finite,NQZ21-CME,19580829,2021-11-08 12:01:35.657000+00:00,16346.25,{'stop_loss_price': 16346.25}
INVALID_RISK_UNIT,risk_unit == 0 or non-finite,NQZ21-CME,19580830,2021-11-08 12:01:35.657001+00:00,16346.25,{'stop_loss_price': 16346.25}
INVALID_RISK_UNIT,risk_unit == 0 or non-finite,NQZ21-CME,19580831,2021-11-08 12:01:35.657002+00:00,16346.25,{'stop_loss_price': 16346.25}
INVALID_RISK_UNIT,risk_unit == 0 or non-finite,NQZ21-CME,19616164,2021-11-08 14:35:01.824000+00:00,16371.0,{'stop_loss_price': 16371.0}
INVALID_RISK_UNIT,risk_unit == 0 or non-finite,NQZ21-CME,19623088,2021-11-08 14:38:26.960001+00:00,16388.0,{'stop_loss_price': 16388.0}
INVALID_RISK_UNIT,risk_unit == 0 or non-finite,NQZ21-CME,19623089,2021-11-08 14:38:26.960002+00:00,16388.0,{'stop_loss_price': 16388.0}
INVALID_RISK_UNIT,risk_unit == 0 or non-finite,NQZ21-CME,19623090,2021-11-08 14:38:26.960003+00:00,16388.0,{'stop_loss_price': 16388.0}
INVALID_RISK_UNIT,risk_unit == 0 or non-finite,NQZ21-CME,19623091,2021-11-08 14:38:26.960004+00:00,16388.0,{'stop_loss_price': 16388.0}
INVALID_RISK_UNIT,risk_unit == 0 or non-finite,NQZ21-CME,19623092,2021-11-08 14:38:26.960005+00:00,16388.0,{'stop_loss_price': 16388.0}
INVALID_RISK_UNIT,risk_unit == 0 or non-finite,NQZ21-CME,19658614,2021-11-08 14:58:31.283000+00:00,16336.25,{'stop_loss_price': 16336.25}
INVALID_RISK_UNIT,risk_unit == 0 or non-finite,NQZ21-CME,19658615,2021-11-08 14:58:31.283001+00:00,16336.25,{'stop_loss_price': 16336.25}
INVALID_RISK_UNIT,risk_unit == 0 or non-finite,NQZ21-CME,19658616,2021-11-08 14:58:31.283002+00:00,16336.25,{'stop_loss_price': 16336.25}
INVALID_RISK_UNIT,risk_unit == 0 or non-finite,NQZ21-CME,19663892,2021-11-08 15:02:19.059000+00:00,16335.5,{'stop_loss_price': 16335.5}
INVALID_RISK_UNIT,risk_unit == 0 or non-finite,NQZ21-CME,19679963,2021-11-08 15:13:50.246000+00:00,16344.5,{'stop_loss_price': 16344.5}
INVALID_RISK_UNIT,risk_unit == 0 or non-finite,NQZ21-CME,19693587,2021-11-08 15:28:13.697000+00:00,16347.0,{'stop_loss_price': 16347.0}
INVALID_RISK_UNIT,risk_unit == 0 or non-finite,NQZ21-CME,19693588,2021-11-08 15:28:13.697001+00:00,16347.0,{'stop_loss_price': 16347.0}
INVALID_RISK_UNIT,risk_unit == 0 or non-finite,NQZ21-CME,19707581,2021-11-08 15:40:42.186000+00:00,16312.0,{'stop_loss_price': 16312.0}
INVALID_RISK_UNIT,risk_unit == 0 or non-finite,NQZ21-CME,19708694,2021-11-08 15:41:01.552000+00:00,16310.25,{'stop_loss_price': 16310.25}
INVALID_RISK_UNIT,risk_unit == 0 or non-finite,NQZ21-CME,19721781,2021-11-08 15:51:13.855000+00:00,16336.75,{'stop_loss_price': 16336.75}
INVALID_RISK_UNIT,risk_unit == 0 or non-finite,NQZ21-CME,19742317,2021-11-08 16:12:10.475000+00:00,16329.75,{'stop_loss_price': 16329.75}
INVALID_RISK_UNIT,risk_unit == 0 or non-finite,NQZ21-CME,19742449,2021-11-08 16:12:21.794000+00:00,16328.5,{'stop_loss_price': 16328.5}
INVALID_RISK_UNIT,risk_unit == 0 or non-finite,NQZ21-CME,19743828,2021-11-08 16:13:51.572000+00:00,16331.75,{'stop_loss_price': 16331.75}
INVALID_RISK_UNIT,risk_unit == 0 or non-finite,NQZ21-CME,19758256,2021-11-08 16:28:33.040000+00:00,16360.75,{'stop_loss_price': 16360.75}
INVALID_RISK_UNIT,risk_unit == 0 or non-finite,NQZ21-CME,19768070,2021-11-08 16:44:41.985000+00:00,16351.0,{'stop_loss_price': 16351.0}
INVALID_RISK_UNIT,risk_unit == 0 or non-finite,NQZ21-CME,19768071,2021-11-08 16:44:41.985001+00:00,16351.0,{'stop_loss_price': 16351.0}
INVALID_RISK_UNIT,risk_unit == 0 or non-finite,NQZ21-CME,19768072,2021-11-08 16:44:41.985002+00:00,16351.0,{'stop_loss_price': 16351.0}
INVALID_RISK_UNIT,risk_unit == 0 or non-finite,NQZ21-CME,19769717,2021-11-08 16:48:28.347000+00:00,16347.0,{'stop_loss_price': 16347.0}
INVALID_RISK_UNIT,risk_unit == 0 or non-finite,NQZ21-CME,19769718,2021-11-08 16:48:28.347001+00:00,16347.0,{'stop_loss_price': 16347.0}
INVALID_RISK_UNIT,risk_unit == 0 or non-finite,NQZ21-CME,19769720,2021-11-08 16:48:29.445000+00:00,16347.0,{'stop_loss_price': 16347.0}
INVALID_RISK_UNIT,risk_unit == 0 or non-finite,NQZ21-CME,19802689,2021-11-08 17:50:14.360000+00:00,16332.0,{'stop_loss_price': 16332.0}
INVALID_RISK_UNIT,risk_unit == 0 or non-finite,NQZ21-CME,19803946,2021-11-08 17:52:25.035000+00:00,16329.5,{'stop_loss_price': 16329.5}
INVALID_RISK_UNIT,risk_unit == 0 or non-finite,NQZ21-CME,19805530,2021-11-08 17:55:52.038000+00:00,16334.25,{'stop_loss_price': 16334.25}
INVALID_RISK_UNIT,risk_unit == 0 or non-finite,NQZ21-CME,19805531,2021-11-08 17:55:52.038001+00:00,16334.25,{'stop_loss_price': 16334.25}
INVALID_RISK_UNIT,risk_unit == 0 or non-finite,NQZ21-CME,19819506,2021-11-08 18:25:23.013000+00:00,16354.25,{'stop_loss_price': 16354.25}
INVALID_RISK_UNIT,risk_unit == 0 or non-finite,NQZ21-CME,19819507,2021-11-08 18:25:23.013001+00:00,16354.25,{'stop_loss_price': 16354.25}
INVALID_RISK_UNIT,risk_unit == 0 or non-finite,NQZ21-CME,19819508,2021-11-08 18:25:23.014000+00:00,16354.25,{'stop_loss_price': 16354.25}
INVALID_RISK_UNIT,risk_unit == 0 or non-finite,NQZ21-CME,19819509,2021-11-08 18:25:23.257000+00:00,16354.25,{'stop_loss_price': 16354.25}
INVALID_RISK_UNIT,risk_unit == 0 or non-finite,NQZ21-CME,19819510,2021-11-08 18:25:23.257001+00:00,16354.25,{'stop_loss_price': 16354.25}
INVALID_RISK_UNIT,risk_unit == 0 or non-finite,NQZ21-CME,19819511,2021-11-08 18:25:23.327000+00:00,16354.25,{'stop_loss_price': 16354.25}
INVALID_RISK_UNIT,risk_unit == 0 or non-finite,NQZ21-CME,19819512,2021-11-08 18:25:23.749000+00:00,16354.25,{'stop_loss_price': 16354.25}
INVALID_RISK_UNIT,risk_unit == 0 or non-finite,NQZ21-CME,19819515,2021-11-08 18:25:24.105000+00:00,16354.25,{'stop_loss_price': 16354.25}
INVALID_RISK_UNIT,risk_unit == 0 or non-finite,NQZ21-CME,19819516,2021-11-08 18:25:24.105001+00:00,16354.25,{'stop_loss_price': 16354.25}
INVALID_RISK_UNIT,risk_unit == 0 or non-finite,NQZ21-CME,19819520,2021-11-08 18:25:24.624000+00:00,16354.25,{'stop_loss_price': 16354.25}
INVALID_RISK_UNIT,risk_unit == 0 or non-finite,NQZ21-CME,19819521,2021-11-08 18:25:24.624001+00:00,16354.25,{'stop_loss_price': 16354.25}
INVALID_RISK_UNIT,risk_unit == 0 or non-finite,NQZ21-CME,19842942,2021-11-08 19:20:28.806000+00:00,16368.75,{'stop_loss_price': 16368.75}
INVALID_RISK_UNIT,risk_unit == 0 or non-finite,NQZ21-CME,19845186,2021-11-08 19:24:00.118000+00:00,16357.5,{'stop_loss_price': 16357.5}
INVALID_RISK_UNIT,risk_unit == 0 or non-finite,NQZ21-CME,19869774,2021-11-08 20:28:24.396000+00:00,16351.75,{'stop_loss_price': 16351.75}
INVALID_RISK_UNIT,risk_unit == 0 or non-finite,NQZ21-CME,19869775,2021-11-08 20:28:24.406000+00:00,16351.75,{'stop_loss_price': 16351.75}
INVALID_RISK_UNIT,risk_unit == 0 or non-finite,NQZ21-CME,19917792,2021-11-09 02:03:45.541000+00:00,16300.5,{'stop_loss_price': 16300.5}
INVALID_RISK_UNIT,risk_unit == 0 or non-finite,NQZ21-CME,19919274,2021-11-09 02:50:44.828000+00:00,16304.5,{'stop_loss_price': 16304.5}
INVALID_RISK_UNIT,risk_unit == 0 or non-finite,NQZ21-CME,19982911,2021-11-09 14:36:24.657000+00:00,16368.0,{'stop_loss_price': 16368.0}
INVALID_RISK_UNIT,risk_unit == 0 or non-finite,NQZ21-CME,19982912,2021-11-09 14:36:24.658000+00:00,16368.0,{'stop_loss_price': 16368.0}
INVALID_RISK_UNIT,risk_unit == 0 or non-finite,NQZ21-CME,20012667,2021-11-09 14:51:15.527000+00:00,16324.75,{'stop_loss_price': 16324.75}
INVALID_RISK_UNIT,risk_unit == 0 or non-finite,NQZ21-CME,20027806,2021-11-09 14:56:39.189000+00:00,16277.75,{'stop_loss_price': 16277.75}
INVALID_RISK_UNIT,risk_unit == 0 or non-finite,NQZ21-CME,20036655,2021-11-09 14:58:24.417000+00:00,16243.75,{'stop_loss_price': 16243.75}
INVALID_RISK_UNIT,risk_unit == 0 or non-finite,NQZ21-CME,20058899,2021-11-09 15:03:03.649000+00:00,16203.25,{'stop_loss_price': 16203.25}
INVALID_RISK_UNIT,risk_unit == 0 or non-finite,NQZ21-CME,20072375,2021-11-09 15:07:05.165012+00:00,16220.0,{'stop_loss_price': 16220.0}
INVALID_RISK_UNIT,risk_unit == 0 or non-finite,NQZ21-CME,20072376,2021-11-09 15:07:05.165013+00:00,16220.0,{'stop_loss_price': 16220.0}
INVALID_RISK_UNIT,risk_unit == 0 or non-finite,NQZ21-CME,20072377,2021-11-09 15:07:05.165014+00:00,16220.0,{'stop_loss_price': 16220.0}
INVALID_RISK_UNIT,risk_unit == 0 or non-finite,NQZ21-CME,20127527,2021-11-09 15:38:35.826000+00:00,16253.5,{'stop_loss_price': 16253.5}
INVALID_RISK_UNIT,risk_unit == 0 or non-finite,NQZ21-CME,20134060,2021-11-09 15:44:21.021000+00:00,16279.5,{'stop_loss_price': 16279.5}
INVALID_RISK_UNIT,risk_unit == 0 or non-finite,NQZ21-CME,20140473,2021-11-09 15:50:41.244000+00:00,16261.25,{'stop_loss_price': 16261.25}
INVALID_RISK_UNIT,risk_unit == 0 or non-finite,NQZ21-CME,20173470,2021-11-09 16:20:02.924000+00:00,16248.5,{'stop_loss_price': 16248.5}
INVALID_RISK_UNIT,risk_unit == 0 or non-finite,NQZ21-CME,20180252,2021-11-09 16:26:40.011001+00:00,16243.25,{'stop_loss_price': 16243.25}
INVALID_RISK_UNIT,risk_unit == 0 or non-finite,NQZ21-CME,20180253,2021-11-09 16:26:40.011002+00:00,16243.25,{'stop_loss_price': 16243.25}
INVALID_RISK_UNIT,risk_unit == 0 or non-finite,NQZ21-CME,20180254,2021-11-09 16:26:40.011003+00:00,16243.25,{'stop_loss_price': 16243.25}
INVALID_RISK_UNIT,risk_unit == 0 or non-finite,NQZ21-CME,20180255,2021-11-09 16:26:40.011004+00:00,16243.25,{'stop_loss_price': 16243.25}
INVALID_RISK_UNIT,risk_unit == 0 or non-finite,NQZ21-CME,20180258,2021-11-09 16:26:40.020001+00:00,16243.25,{'stop_loss_price': 16243.25}
INVALID_RISK_UNIT,risk_unit == 0 or non-finite,NQZ21-CME,20180259,2021-11-09 16:26:40.021000+00:00,16243.25,{'stop_loss_price': 16243.25}
INVALID_RISK_UNIT,risk_unit == 0 or non-finite,NQZ21-CME,20180260,2021-11-09 16:26:40.021001+00:00,16243.25,{'stop_loss_price': 16243.25}
INVALID_RISK_UNIT,risk_unit == 0 or non-finite,NQZ21-CME,20180261,2021-11-09 16:26:40.021002+00:00,16243.25,{'stop_loss_price': 16243.25}
INVALID_RISK_UNIT,risk_unit == 0 or non-finite,NQZ21-CME,20189737,2021-11-09 16:36:02.135001+00:00,16237.5,{'stop_loss_price': 16237.5}
INVALID_RISK_UNIT,risk_unit == 0 or non-finite,NQZ21-CME,20215108,2021-11-09 17:01:43.124000+00:00,16225.0,{'stop_loss_price': 16225.0}
INVALID_RISK_UNIT,risk_unit == 0 or non-finite,NQZ21-CME,20215109,2021-11-09 17:01:43.124001+00:00,16225.0,{'stop_loss_price': 16225.0}
INVALID_RISK_UNIT,risk_unit == 0 or non-finite,NQZ21-CME,20215110,2021-11-09 17:01:43.124002+00:00,16225.0,{'stop_loss_price': 16225.0}
INVALID_RISK_UNIT,risk_unit == 0 or non-finite,NQZ21-CME,20224175,2021-11-09 17:06:40.637000+00:00,16213.5,{'stop_loss_price': 16213.5}
INVALID_RISK_UNIT,risk_unit == 0 or non-finite,NQZ21-CME,20224176,2021-11-09 17:06:40.637001+00:00,16213.5,{'stop_loss_price': 16213.5}
INVALID_RISK_UNIT,risk_unit == 0 or non-finite,NQZ21-CME,20224177,2021-11-09 17:06:40.807000+00:00,16213.5,{'stop_loss_price': 16213.5}
INVALID_RISK_UNIT,risk_unit == 0 or non-finite,NQZ21-CME,20224178,2021-11-09 17:06:40.917000+00:00,16213.5,{'stop_loss_price': 16213.5}
INVALID_RISK_UNIT,risk_unit == 0 or non-finite,NQZ21-CME,20224179,2021-11-09 17:06:40.917001+00:00,16213.5,{'stop_loss_price': 16213.5}
INVALID_RISK_UNIT,risk_unit == 0 or non-finite,NQZ21-CME,20232279,2021-11-09 17:14:50.593000+00:00,16229.25,{'stop_loss_price': 16229.25}
INVALID_RISK_UNIT,risk_unit == 0 or non-finite,NQZ21-CME,20282932,2021-11-09 18:17:17.047000+00:00,16222.5,{'stop_loss_price': 16222.5}
INVALID_RISK_UNIT,risk_unit == 0 or non-finite,NQZ21-CME,20285039,2021-11-09 18:21:35.670000+00:00,16223.5,{'stop_loss_price': 16223.5}
INVALID_RISK_UNIT,risk_unit == 0 or non-finite,NQZ21-CME,20285040,2021-11-09 18:21:35.706000+00:00,16223.5,{'stop_loss_price': 16223.5}
INVALID_RISK_UNIT,risk_unit == 0 or non-finite,NQZ21-CME,20285046,2021-11-09 18:21:36.472000+00:00,16223.5,{'stop_loss_price': 16223.5}
INVALID_RISK_UNIT,risk_unit == 0 or non-finite,NQZ21-CME,20288792,2021-11-09 18:28:23.477000+00:00,16192.75,{'stop_loss_price': 16192.75}
INVALID_RISK_UNIT,risk_unit == 0 or non-finite,NQZ21-CME,20288793,2021-11-09 18:28:23.477001+00:00,16192.75,{'stop_loss_price': 16192.75}
INVALID_RISK_UNIT,risk_unit == 0 or non-finite,NQZ21-CME,20288794,2021-11-09 18:28:23.477002+00:00,16192.75,{'stop_loss_price': 16192.75}
INVALID_RISK_UNIT,risk_unit == 0 or non-finite,NQZ21-CME,20288795,2021-11-09 18:28:23.477003+00:00,16192.75,{'stop_loss_price': 16192.75}
INVALID_RISK_UNIT,risk_unit == 0 or non-finite,NQZ21-CME,20295962,2021-11-09 18:37:22.564000+00:00,16201.5,{'stop_loss_price': 16201.5}
INVALID_RISK_UNIT,risk_unit == 0 or non-finite,NQZ21-CME,20303480,2021-11-09 18:46:14.767000+00:00,16191.0,{'stop_loss_price': 16191.0}
INVALID_RISK_UNIT,risk_unit == 0 or non-finite,NQZ21-CME,20305232,2021-11-09 18:47:55.425000+00:00,16174.5,{'stop_loss_price': 16174.5}
INVALID_RISK_UNIT,risk_unit == 0 or non-finite,NQZ21-CME,20305233,2021-11-09 18:47:55.425001+00:00,16174.5,{'stop_loss_price': 16174.5}
INVALID_RISK_UNIT,risk_unit == 0 or non-finite,NQZ21-CME,20305234,2021-11-09 18:47:55.425002+00:00,16174.5,{'stop_loss_price': 16174.5}
INVALID_RISK_UNIT,risk_unit == 0 or non-finite,NQZ21-CME,20332494,2021-11-09 19:20:58.309000+00:00,16215.25,{'stop_loss_price': 16215.25}
INVALID_RISK_UNIT,risk_unit == 0 or non-finite,NQZ21-CME,20336773,2021-11-09 19:25:02.754000+00:00,16219.25,{'stop_loss_price': 16219.25}
INVALID_RISK_UNIT,risk_unit == 0 or non-finite,NQZ21-CME,20336774,2021-11-09 19:25:02.754001+00:00,16219.25,{'stop_loss_price': 16219.25}
INVALID_RISK_UNIT,risk_unit == 0 or non-finite,NQZ21-CME,20336775,2021-11-09 19:25:02.754002+00:00,16219.25,{'stop_loss_price': 16219.25}
INVALID_RISK_UNIT,risk_unit == 0 or non-finite,NQZ21-CME,20336776,2021-11-09 19:25:02.754003+00:00,16219.25,{'stop_loss_price': 16219.25}
INVALID_RISK_UNIT,risk_unit == 0 or non-finite,NQZ21-CME,20398549,2021-11-09 20:55:23.836000+00:00,16209.75,{'stop_loss_price': 16209.75}
INVALID_RISK_UNIT,risk_unit == 0 or non-finite,NQZ21-CME,20407174,2021-11-09 20:59:54.802000+00:00,16211.0,{'stop_loss_price': 16211.0}
INVALID_RISK_UNIT,risk_unit == 0 or non-finite,NQZ21-CME,20415078,2021-11-09 21:53:49.575000+00:00,16198.75,{'stop_loss_price': 16198.75}
INVALID_RISK_UNIT,risk_unit == 0 or non-finite,NQZ21-CME,20443707,2021-11-10 07:20:09.848000+00:00,16223.75,{'stop_loss_price': 16223.75}
INVALID_RISK_UNIT,risk_unit == 0 or non-finite,NQZ21-CME,20443708,2021-11-10 07:20:10.670000+00:00,16223.75,{'stop_loss_price': 16223.75}
INVALID_RISK_UNIT,risk_unit == 0 or non-finite,NQZ21-CME,20443709,2021-11-10 07:20:10.670001+00:00,16223.75,{'stop_loss_price': 16223.75}
INVALID_RISK_UNIT,risk_unit == 0 or non-finite,NQZ21-CME,20443710,2021-11-10 07:20:10.670002+00:00,16223.75,{'stop_loss_price': 16223.75}
INVALID_RISK_UNIT,risk_unit == 0 or non-finite,NQZ21-CME,20443711,2021-11-10 07:20:10.670003+00:00,16223.75,{'stop_loss_price': 16223.75}
INVALID_RISK_UNIT,risk_unit == 0 or non-finite,NQZ21-CME,20443712,2021-11-10 07:20:10.671000+00:00,16223.75,{'stop_loss_price': 16223.75}
INVALID_RISK_UNIT,risk_unit == 0 or non-finite,NQZ21-CME,20443713,2021-11-10 07:20:10.671001+00:00,16223.75,{'stop_loss_price': 16223.75}
INVALID_RISK_UNIT,risk_unit == 0 or non-finite,NQZ21-CME,20443714,2021-11-10 07:20:10.671002+00:00,16223.75,{'stop_loss_price': 16223.75}
INVALID_RISK_UNIT,risk_unit == 0 or non-finite,NQZ21-CME,20443715,2021-11-10 07:20:10.671003+00:00,16223.75,{'stop_loss_price': 16223.75}
INVALID_RISK_UNIT,risk_unit == 0 or non-finite,NQZ21-CME,20461991,2021-11-10 10:35:18.396000+00:00,16162.5,{'stop_loss_price': 16162.5}
INVALID_RISK_UNIT,risk_unit == 0 or non-finite,NQZ21-CME,20471315,2021-11-10 11:43:49.839000+00:00,16125.5,{'stop_loss_price': 16125.5}
INVALID_RISK_UNIT,risk_unit == 0 or non-finite,NQZ21-CME,20471316,2021-11-10 11:43:49.839001+00:00,16125.5,{'stop_loss_price': 16125.5}
INVALID_RISK_UNIT,risk_unit == 0 or non-finite,NQZ21-CME,20471317,2021-11-10 11:43:49.839002+00:00,16125.5,{'stop_loss_price': 16125.5}
INVALID_RISK_UNIT,risk_unit == 0 or non-finite,NQZ21-CME,20474819,2021-11-10 12:05:52.939000+00:00,16129.25,{'stop_loss_price': 16129.25}
INVALID_RISK_UNIT,risk_unit == 0 or non-finite,NQZ21-CME,20527043,2021-11-10 14:31:26.599000+00:00,16091.0,{'stop_loss_price': 16091.0}
INVALID_RISK_UNIT,risk_unit == 0 or non-finite,NQZ21-CME,20527044,2021-11-10 14:31:26.599001+00:00,16091.0,{'stop_loss_price': 16091.0}
INVALID_RISK_UNIT,risk_unit == 0 or non-finite,NQZ21-CME,20527045,2021-11-10 14:31:26.613000+00:00,16091.0,{'stop_loss_price': 16091.0}
INVALID_RISK_UNIT,risk_unit == 0 or non-finite,NQZ21-CME,20527046,2021-11-10 14:31:26.613001+00:00,16091.0,{'stop_loss_price': 16091.0}
INVALID_RISK_UNIT,risk_unit == 0 or non-finite,NQZ21-CME,20527047,2021-11-10 14:31:26.635000+00:00,16091.0,{'stop_loss_price': 16091.0}
INVALID_RISK_UNIT,risk_unit == 0 or non-finite,NQZ21-CME,20571167,2021-11-10 14:47:30.733000+00:00,16128.0,{'stop_loss_price': 16128.0}
INVALID_RISK_UNIT,risk_unit == 0 or non-finite,NQZ21-CME,20571168,2021-11-10 14:47:30.735000+00:00,16128.0,{'stop_loss_price': 16128.0}
INVALID_RISK_UNIT,risk_unit == 0 or non-finite,NQZ21-CME,20571171,2021-11-10 14:47:30.749000+00:00,16128.0,{'stop_loss_price': 16128.0}
INVALID_RISK_UNIT,risk_unit == 0 or non-finite,NQZ21-CME,20580717,2021-11-10 14:52:20.363000+00:00,16127.0,{'stop_loss_price': 16127.0}
INVALID_RISK_UNIT,risk_unit == 0 or non-finite,NQZ21-CME,20580718,2021-11-10 14:52:20.363001+00:00,16127.0,{'stop_loss_price': 16127.0}
INVALID_RISK_UNIT,risk_unit == 0 or non-finite,NQZ21-CME,20589098,2021-11-10 14:56:17.395000+00:00,16157.25,{'stop_loss_price': 16157.25}
INVALID_RISK_UNIT,risk_unit == 0 or non-finite,NQZ21-CME,20589099,2021-11-10 14:56:17.414000+00:00,16157.25,{'stop_loss_price': 16157.25}
INVALID_RISK_UNIT,risk_unit == 0 or non-finite,NQZ21-CME,20589100,2021-11-10 14:56:17.700000+00:00,16157.25,{'stop_loss_price': 16157.25}
INVALID_RISK_UNIT,risk_unit == 0 or non-finite,NQZ21-CME,20589101,2021-11-10 14:56:17.700001+00:00,16157.25,{'stop_loss_price': 16157.25}
INVALID_RISK_UNIT,risk_unit == 0 or non-finite,NQZ21-CME,20592108,2021-11-10 14:58:18.497000+00:00,16159.25,{'stop_loss_price': 16159.25}
INVALID_RISK_UNIT,risk_unit == 0 or non-finite,NQZ21-CME,20622839,2021-11-10 15:16:13.501000+00:00,16208.0,{'stop_loss_price': 16208.0}
INVALID_RISK_UNIT,risk_unit == 0 or non-finite,NQZ21-CME,20647034,2021-11-10 15:32:13.028000+00:00,16182.75,{'stop_loss_price': 16182.75}
INVALID_RISK_UNIT,risk_unit == 0 or non-finite,NQZ21-CME,20647035,2021-11-10 15:32:13.028001+00:00,16182.75,{'stop_loss_price': 16182.75}
INVALID_RISK_UNIT,risk_unit == 0 or non-finite,NQZ21-CME,20647036,2021-11-10 15:32:13.028002+00:00,16182.75,{'stop_loss_price': 16182.75}
INVALID_RISK_UNIT,risk_unit == 0 or non-finite,NQZ21-CME,20647797,2021-11-10 15:32:34.323000+00:00,16173.0,{'stop_loss_price': 16173.0}
INVALID_RISK_UNIT,risk_unit == 0 or non-finite,NQZ21-CME,20647798,2021-11-10 15:32:34.340000+00:00,16173.0,{'stop_loss_price': 16173.0}
INVALID_RISK_UNIT,risk_unit == 0 or non-finite,NQZ21-CME,20647801,2021-11-10 15:32:34.702000+00:00,16173.0,{'stop_loss_price': 16173.0}
INVALID_RISK_UNIT,risk_unit == 0 or non-finite,NQZ21-CME,20652843,2021-11-10 15:36:12.729000+00:00,16167.0,{'stop_loss_price': 16167.0}
INVALID_RISK_UNIT,risk_unit == 0 or non-finite,NQZ21-CME,20664805,2021-11-10 15:47:40.394000+00:00,16177.0,{'stop_loss_price': 16177.0}
INVALID_RISK_UNIT,risk_unit == 0 or non-finite,NQZ21-CME,20664806,2021-11-10 15:47:40.394001+00:00,16177.0,{'stop_loss_price': 16177.0}
INVALID_RISK_UNIT,risk_unit == 0 or non-finite,NQZ21-CME,20664807,2021-11-10 15:47:40.394002+00:00,16177.0,{'stop_loss_price': 16177.0}
INVALID_RISK_UNIT,risk_unit == 0 or non-finite,NQZ21-CME,20714375,2021-11-10 16:43:29.040001+00:00,16119.25,{'stop_loss_price': 16119.25}
INVALID_RISK_UNIT,risk_unit == 0 or non-finite,NQZ21-CME,20715205,2021-11-10 16:44:04.899000+00:00,16119.75,{'stop_loss_price': 16119.75}
INVALID_RISK_UNIT,risk_unit == 0 or non-finite,NQZ21-CME,20768408,2021-11-10 18:03:51.096000+00:00,16094.5,{'stop_loss_price': 16094.5}
INVALID_RISK_UNIT,risk_unit == 0 or non-finite,NQZ21-CME,20768409,2021-11-10 18:03:51.096001+00:00,16094.5,{'stop_loss_price': 16094.5}
INVALID_RISK_UNIT,risk_unit == 0 or non-finite,NQZ21-CME,20768410,2021-11-10 18:03:51.096002+00:00,16094.5,{'stop_loss_price': 16094.5}
INVALID_RISK_UNIT,risk_unit == 0 or non-finite,NQZ21-CME,20768411,2021-11-10 18:03:51.100000+00:00,16094.5,{'stop_loss_price': 16094.5}
INVALID_RISK_UNIT,risk_unit == 0 or non-finite,NQZ21-CME,20819671,2021-11-10 18:44:24.394000+00:00,16045.0,{'stop_loss_price': 16045.0}
INVALID_RISK_UNIT,risk_unit == 0 or non-finite,NQZ21-CME,20824133,2021-11-10 18:48:02.015000+00:00,16037.75,{'stop_loss_price': 16037.75}
INVALID_RISK_UNIT,risk_unit == 0 or non-finite,NQZ21-CME,20833865,2021-11-10 18:57:11.602004+00:00,16007.5,{'stop_loss_price': 16007.5}
INVALID_RISK_UNIT,risk_unit == 0 or non-finite,NQZ21-CME,20833866,2021-11-10 18:57:11.602005+00:00,16007.5,{'stop_loss_price': 16007.5}
INVALID_RISK_UNIT,risk_unit == 0 or non-finite,NQZ21-CME,20833867,2021-11-10 18:57:11.602006+00:00,16007.5,{'stop_loss_price': 16007.5}
INVALID_RISK_UNIT,risk_unit == 0 or non-finite,NQZ21-CME,20833868,2021-11-10 18:57:11.602007+00:00,16007.5,{'stop_loss_price': 16007.5}
INVALID_RISK_UNIT,risk_unit == 0 or non-finite,NQZ21-CME,20833869,2021-11-10 18:57:11.602008+00:00,16007.5,{'stop_loss_price': 16007.5}
INVALID_RISK_UNIT,risk_unit == 0 or non-finite,NQZ21-CME,20877788,2021-11-10 19:31:00.587000+00:00,15947.25,{'stop_loss_price': 15947.25}
INVALID_RISK_UNIT,risk_unit == 0 or non-finite,NQZ21-CME,20877789,2021-11-10 19:31:00.587001+00:00,15947.25,{'stop_loss_price': 15947.25}
INVALID_RISK_UNIT,risk_unit == 0 or non-finite,NQZ21-CME,20893939,2021-11-10 19:42:39.097000+00:00,15919.0,{'stop_loss_price': 15919.0}
INVALID_RISK_UNIT,risk_unit == 0 or non-finite,NQZ21-CME,20893940,2021-11-10 19:42:39.131000+00:00,15919.0,{'stop_loss_price': 15919.0}
INVALID_RISK_UNIT,risk_unit == 0 or non-finite,NQZ21-CME,20947817,2021-11-10 20:26:40.183000+00:00,15984.75,{'stop_loss_price': 15984.75}
INVALID_RISK_UNIT,risk_unit == 0 or non-finite,NQZ21-CME,20947818,2021-11-10 20:26:40.184000+00:00,15984.75,{'stop_loss_price': 15984.75}
INVALID_RISK_UNIT,risk_unit == 0 or non-finite,NQZ21-CME,20949583,2021-11-10 20:28:21.544000+00:00,15980.0,{'stop_loss_price': 15980.0}
INVALID_RISK_UNIT,risk_unit == 0 or non-finite,NQZ21-CME,20973331,2021-11-10 20:51:38.540000+00:00,15983.75,{'stop_loss_price': 15983.75}
INVALID_RISK_UNIT,risk_unit == 0 or non-finite,NQZ21-CME,20980271,2021-11-10 20:55:01.414000+00:00,15995.25,{'stop_loss_price': 15995.25}
INVALID_RISK_UNIT,risk_unit == 0 or non-finite,NQZ21-CME,21009687,2021-11-11 00:25:49.050000+00:00,16022.5,{'stop_loss_price': 16022.5}
INVALID_RISK_UNIT,risk_unit == 0 or non-finite,NQZ21-CME,21021991,2021-11-11 03:28:34.629000+00:00,16018.0,{'stop_loss_price': 16018.0}
INVALID_RISK_UNIT,risk_unit == 0 or non-finite,NQZ21-CME,21021992,2021-11-11 03:28:34.875000+00:00,16018.0,{'stop_loss_price': 16018.0}
INVALID_RISK_UNIT,risk_unit == 0 or non-finite,NQZ21-CME,21021993,2021-11-11 03:28:34.875001+00:00,16018.0,{'stop_loss_price': 16018.0}
INVALID_RISK_UNIT,risk_unit == 0 or non-finite,NQZ21-CME,21031991,2021-11-11 06:02:05.742000+00:00,16024.0,{'stop_loss_price': 16024.0}
INVALID_RISK_UNIT,risk_unit == 0 or non-finite,NQZ21-CME,21063838,2021-11-11 11:53:07.394000+00:00,16084.5,{'stop_loss_price': 16084.5}
INVALID_RISK_UNIT,risk_unit == 0 or non-finite,NQZ21-CME,21094481,2021-11-11 14:33:12.940000+00:00,16079.75,{'stop_loss_price': 16079.75}
INVALID_RISK_UNIT,risk_unit == 0 or non-finite,NQZ21-CME,21094482,2021-11-11 14:33:12.940001+00:00,16079.75,{'stop_loss_price': 16079.75}
INVALID_RISK_UNIT,risk_unit == 0 or non-finite,NQZ21-CME,21094483,2021-11-11 14:33:12.940002+00:00,16079.75,{'stop_loss_price': 16079.75}
INVALID_RISK_UNIT,risk_unit == 0 or non-finite,NQZ21-CME,21094485,2021-11-11 14:33:12.990000+00:00,16079.75,{'stop_loss_price': 16079.75}
INVALID_RISK_UNIT,risk_unit == 0 or non-finite,NQZ21-CME,21105899,2021-11-11 14:37:25.253000+00:00,16077.25,{'stop_loss_price': 16077.25}
INVALID_RISK_UNIT,risk_unit == 0 or non-finite,NQZ21-CME,21105900,2021-11-11 14:37:25.253001+00:00,16077.25,{'stop_loss_price': 16077.25}
INVALID_RISK_UNIT,risk_unit == 0 or non-finite,NQZ21-CME,21105901,2021-11-11 14:37:25.253002+00:00,16077.25,{'stop_loss_price': 16077.25}
INVALID_RISK_UNIT,risk_unit == 0 or non-finite,NQZ21-CME,21105902,2021-11-11 14:37:25.253003+00:00,16077.25,{'stop_loss_price': 16077.25}
INVALID_RISK_UNIT,risk_unit == 0 or non-finite,NQZ21-CME,21105903,2021-11-11 14:37:25.253004+00:00,16077.25,{'stop_loss_price': 16077.25}
INVALID_RISK_UNIT,risk_unit == 0 or non-finite,NQZ21-CME,21113941,2021-11-11 14:40:30.881000+00:00,16072.5,{'stop_loss_price': 16072.5}
INVALID_RISK_UNIT,risk_unit == 0 or non-finite,NQZ21-CME,21142742,2021-11-11 14:57:53.332000+00:00,16091.0,{'stop_loss_price': 16091.0}
INVALID_RISK_UNIT,risk_unit == 0 or non-finite,NQZ21-CME,21142743,2021-11-11 14:57:53.332001+00:00,16091.0,{'stop_loss_price': 16091.0}
INVALID_RISK_UNIT,risk_unit == 0 or non-finite,NQZ21-CME,21142744,2021-11-11 14:57:53.332002+00:00,16091.0,{'stop_loss_price': 16091.0}
INVALID_RISK_UNIT,risk_unit == 0 or non-finite,NQZ21-CME,21142745,2021-11-11 14:57:53.332003+00:00,16091.0,{'stop_loss_price': 16091.0}
INVALID_RISK_UNIT,risk_unit == 0 or non-finite,NQZ21-CME,21142757,2021-11-11 14:57:53.621000+00:00,16091.0,{'stop_loss_price': 16091.0}
INVALID_RISK_UNIT,risk_unit == 0 or non-finite,NQZ21-CME,21142758,2021-11-11 14:57:53.621001+00:00,16091.0,{'stop_loss_price': 16091.0}
INVALID_RISK_UNIT,risk_unit == 0 or non-finite,NQZ21-CME,21142759,2021-11-11 14:57:53.621002+00:00,16091.0,{'stop_loss_price': 16091.0}
INVALID_RISK_UNIT,risk_unit == 0 or non-finite,NQZ21-CME,21142760,2021-11-11 14:57:53.621003+00:00,16091.0,{'stop_loss_price': 16091.0}
INVALID_RISK_UNIT,risk_unit == 0 or non-finite,NQZ21-CME,21142764,2021-11-11 14:57:53.707000+00:00,16091.0,{'stop_loss_price': 16091.0}
INVALID_RISK_UNIT,risk_unit == 0 or non-finite,NQZ21-CME,21173415,2021-11-11 15:17:44.479000+00:00,16057.5,{'stop_loss_price': 16057.5}
INVALID_RISK_UNIT,risk_unit == 0 or non-finite,NQZ21-CME,21184842,2021-11-11 15:27:31.304000+00:00,16057.0,{'stop_loss_price': 16057.0}
INVALID_RISK_UNIT,risk_unit == 0 or non-finite,NQZ21-CME,21184843,2021-11-11 15:27:31.304001+00:00,16057.0,{'stop_loss_price': 16057.0}
INVALID_RISK_UNIT,risk_unit == 0 or non-finite,NQZ21-CME,21193544,2021-11-11 15:33:17.767000+00:00,16051.5,{'stop_loss_price': 16051.5}
INVALID_RISK_UNIT,risk_unit == 0 or non-finite,NQZ21-CME,21208267,2021-11-11 15:44:32.398003+00:00,16084.75,{'stop_loss_price': 16084.75}
INVALID_RISK_UNIT,risk_unit == 0 or non-finite,NQZ21-CME,21208268,2021-11-11 15:44:32.398004+00:00,16084.75,{'stop_loss_price': 16084.75}
INVALID_RISK_UNIT,risk_unit == 0 or non-finite,NQZ21-CME,21208269,2021-11-11 15:44:32.398005+00:00,16084.75,{'stop_loss_price': 16084.75}
INVALID_RISK_UNIT,risk_unit == 0 or non-finite,NQZ21-CME,21208270,2021-11-11 15:44:32.398006+00:00,16084.75,{'stop_loss_price': 16084.75}
INVALID_RISK_UNIT,risk_unit == 0 or non-finite,NQZ21-CME,21208271,2021-11-11 15:44:32.398007+00:00,16084.75,{'stop_loss_price': 16084.75}
INVALID_RISK_UNIT,risk_unit == 0 or non-finite,NQZ21-CME,21208272,2021-11-11 15:44:32.398008+00:00,16084.75,{'stop_loss_price': 16084.75}
INVALID_RISK_UNIT,risk_unit == 0 or non-finite,NQZ21-CME,21208273,2021-11-11 15:44:32.398009+00:00,16084.75,{'stop_loss_price': 16084.75}
INVALID_RISK_UNIT,risk_unit == 0 or non-finite,NQZ21-CME,21209425,2021-11-11 15:45:44.498000+00:00,16088.25,{'stop_loss_price': 16088.25}
INVALID_RISK_UNIT,risk_unit == 0 or non-finite,NQZ21-CME,21220568,2021-11-11 15:57:45.887000+00:00,16081.0,{'stop_loss_price': 16081.0}
INVALID_RISK_UNIT,risk_unit == 0 or non-finite,NQZ21-CME,21232829,2021-11-11 16:15:52.273000+00:00,16066.5,{'stop_loss_price': 16066.5}
INVALID_RISK_UNIT,risk_unit == 0 or non-finite,NQZ21-CME,21232830,2021-11-11 16:15:52.273001+00:00,16066.5,{'stop_loss_price': 16066.5}
INVALID_RISK_UNIT,risk_unit == 0 or non-finite,NQZ21-CME,21258493,2021-11-11 17:00:35.586000+00:00,16076.25,{'stop_loss_price': 16076.25}
INVALID_RISK_UNIT,risk_unit == 0 or non-finite,NQZ21-CME,21267501,2021-11-11 17:11:31.148000+00:00,16051.0,{'stop_loss_price': 16051.0}
INVALID_RISK_UNIT,risk_unit == 0 or non-finite,NQZ21-CME,21273776,2021-11-11 17:18:57.989000+00:00,16032.25,{'stop_loss_price': 16032.25}
INVALID_RISK_UNIT,risk_unit == 0 or non-finite,NQZ21-CME,21342966,2021-11-11 19:57:35.085000+00:00,16039.5,{'stop_loss_price': 16039.5}
INVALID_RISK_UNIT,risk_unit == 0 or non-finite,NQZ21-CME,21395991,2021-11-11 23:27:26.063000+00:00,16047.5,{'stop_loss_price': 16047.5}
INVALID_RISK_UNIT,risk_unit == 0 or non-finite,NQZ21-CME,21405037,2021-11-12 02:17:05.599000+00:00,16082.25,{'stop_loss_price': 16082.25}
INVALID_RISK_UNIT,risk_unit == 0 or non-finite,NQZ21-CME,21405038,2021-11-12 02:17:08.204000+00:00,16082.25,{'stop_loss_price': 16082.25}
INVALID_RISK_UNIT,risk_unit == 0 or non-finite,NQZ21-CME,21405041,2021-11-12 02:17:17.300000+00:00,16082.25,{'stop_loss_price': 16082.25}
INVALID_RISK_UNIT,risk_unit == 0 or non-finite,NQZ21-CME,21411828,2021-11-12 04:42:29.766000+00:00,16065.75,{'stop_loss_price': 16065.75}
INVALID_RISK_UNIT,risk_unit == 0 or non-finite,NQZ21-CME,21421279,2021-11-12 08:04:46.646000+00:00,16069.25,{'stop_loss_price': 16069.25}
INVALID_RISK_UNIT,risk_unit == 0 or non-finite,NQZ21-CME,21427935,2021-11-12 09:18:11.094000+00:00,16051.25,{'stop_loss_price': 16051.25}
INVALID_RISK_UNIT,risk_unit == 0 or non-finite,NQZ21-CME,21473792,2021-11-12 14:37:47.524000+00:00,16017.25,{'stop_loss_price': 16017.25}
INVALID_RISK_UNIT,risk_unit == 0 or non-finite,NQZ21-CME,21473793,2021-11-12 14:37:47.524001+00:00,16017.25,{'stop_loss_price': 16017.25}
INVALID_RISK_UNIT,risk_unit == 0 or non-finite,NQZ21-CME,21473794,2021-11-12 14:37:47.524002+00:00,16017.25,{'stop_loss_price': 16017.25}
INVALID_RISK_UNIT,risk_unit == 0 or non-finite,NQZ21-CME,21473795,2021-11-12 14:37:47.524003+00:00,16017.25,{'stop_loss_price': 16017.25}
INVALID_RISK_UNIT,risk_unit == 0 or non-finite,NQZ21-CME,21473796,2021-11-12 14:37:47.524004+00:00,16017.25,{'stop_loss_price': 16017.25}
INVALID_RISK_UNIT,risk_unit == 0 or non-finite,NQZ21-CME,21510300,2021-11-12 14:57:00.756000+00:00,16035.75,{'stop_loss_price': 16035.75}
INVALID_RISK_UNIT,risk_unit == 0 or non-finite,NQZ21-CME,21514152,2021-11-12 15:00:03.597000+00:00,16029.0,{'stop_loss_price': 16029.0}
INVALID_RISK_UNIT,risk_unit == 0 or non-finite,NQZ21-CME,21518261,2021-11-12 15:01:58.944000+00:00,16044.0,{'stop_loss_price': 16044.0}
INVALID_RISK_UNIT,risk_unit == 0 or non-finite,NQZ21-CME,21518262,2021-11-12 15:01:58.985000+00:00,16044.0,{'stop_loss_price': 16044.0}
INVALID_RISK_UNIT,risk_unit == 0 or non-finite,NQZ21-CME,21518263,2021-11-12 15:01:58.986000+00:00,16044.0,{'stop_loss_price': 16044.0}
INVALID_RISK_UNIT,risk_unit == 0 or non-finite,NQZ21-CME,21518267,2021-11-12 15:01:58.998003+00:00,16044.0,{'stop_loss_price': 16044.0}
INVALID_RISK_UNIT,risk_unit == 0 or non-finite,NQZ21-CME,21518268,2021-11-12 15:01:58.998004+00:00,16044.0,{'stop_loss_price': 16044.0}
INVALID_RISK_UNIT,risk_unit == 0 or non-finite,NQZ21-CME,21518269,2021-11-12 15:01:58.999000+00:00,16044.0,{'stop_loss_price': 16044.0}
INVALID_RISK_UNIT,risk_unit == 0 or non-finite,NQZ21-CME,21526732,2021-11-12 15:08:31.020000+00:00,16046.75,{'stop_loss_price': 16046.75}
INVALID_RISK_UNIT,risk_unit == 0 or non-finite,NQZ21-CME,21526733,2021-11-12 15:08:31.020001+00:00,16046.75,{'stop_loss_price': 16046.75}
INVALID_RISK_UNIT,risk_unit == 0 or non-finite,NQZ21-CME,21526734,2021-11-12 15:08:31.021000+00:00,16046.75,{'stop_loss_price': 16046.75}
INVALID_RISK_UNIT,risk_unit == 0 or non-finite,NQZ21-CME,21585403,2021-11-12 16:01:42.010000+00:00,16131.0,{'stop_loss_price': 16131.0}
INVALID_RISK_UNIT,risk_unit == 0 or non-finite,NQZ21-CME,21585404,2021-11-12 16:01:42.030000+00:00,16131.0,{'stop_loss_price': 16131.0}
INVALID_RISK_UNIT,risk_unit == 0 or non-finite,NQZ21-CME,21593434,2021-11-12 16:09:07.323002+00:00,16136.0,{'stop_loss_price': 16136.0}
INVALID_RISK_UNIT,risk_unit == 0 or non-finite,NQZ21-CME,21597805,2021-11-12 16:12:21.349002+00:00,16131.25,{'stop_loss_price': 16131.25}
INVALID_RISK_UNIT,risk_unit == 0 or non-finite,NQZ21-CME,21597806,2021-11-12 16:12:21.349003+00:00,16131.25,{'stop_loss_price': 16131.25}
INVALID_RISK_UNIT,risk_unit == 0 or non-finite,NQZ21-CME,21597807,2021-11-12 16:12:21.349004+00:00,16131.25,{'stop_loss_price': 16131.25}
INVALID_RISK_UNIT,risk_unit == 0 or non-finite,NQZ21-CME,21621354,2021-11-12 16:33:12.564000+00:00,16182.0,{'stop_loss_price': 16182.0}
INVALID_RISK_UNIT,risk_unit == 0 or non-finite,NQZ21-CME,21621355,2021-11-12 16:33:12.564001+00:00,16182.0,{'stop_loss_price': 16182.0}
INVALID_RISK_UNIT,risk_unit == 0 or non-finite,NQZ21-CME,21621356,2021-11-12 16:33:12.742000+00:00,16182.0,{'stop_loss_price': 16182.0}
INVALID_RISK_UNIT,risk_unit == 0 or non-finite,NQZ21-CME,21621357,2021-11-12 16:33:12.742001+00:00,16182.0,{'stop_loss_price': 16182.0}
INVALID_RISK_UNIT,risk_unit == 0 or non-finite,NQZ21-CME,21636562,2021-11-12 16:54:29.126000+00:00,16191.5,{'stop_loss_price': 16191.5}
INVALID_RISK_UNIT,risk_unit == 0 or non-finite,NQZ21-CME,21636563,2021-11-12 16:54:29.126001+00:00,16191.5,{'stop_loss_price': 16191.5}
INVALID_RISK_UNIT,risk_unit == 0 or non-finite,NQZ21-CME,21636564,2021-11-12 16:54:29.127000+00:00,16191.5,{'stop_loss_price': 16191.5}
INVALID_RISK_UNIT,risk_unit == 0 or non-finite,NQZ21-CME,21636565,2021-11-12 16:54:29.127001+00:00,16191.5,{'stop_loss_price': 16191.5}
INVALID_RISK_UNIT,risk_unit == 0 or non-finite,NQZ21-CME,21636566,2021-11-12 16:54:29.127002+00:00,16191.5,{'stop_loss_price': 16191.5}
INVALID_RISK_UNIT,risk_unit == 0 or non-finite,NQZ21-CME,21636567,2021-11-12 16:54:29.137000+00:00,16191.5,{'stop_loss_price': 16191.5}
INVALID_RISK_UNIT,risk_unit == 0 or non-finite,NQZ21-CME,21659178,2021-11-12 17:44:38.135000+00:00,16189.25,{'stop_loss_price': 16189.25}
INVALID_RISK_UNIT,risk_unit == 0 or non-finite,NQZ21-CME,21659179,2021-11-12 17:44:38.135001+00:00,16189.25,{'stop_loss_price': 16189.25}
INVALID_RISK_UNIT,risk_unit == 0 or non-finite,NQZ21-CME,21712986,2021-11-12 20:06:15.016000+00:00,16177.75,{'stop_loss_price': 16177.75}
INVALID_RISK_UNIT,risk_unit == 0 or non-finite,NQZ21-CME,21712987,2021-11-12 20:06:15.033000+00:00,16177.75,{'stop_loss_price': 16177.75}
INVALID_RISK_UNIT,risk_unit == 0 or non-finite,NQZ21-CME,21712988,2021-11-12 20:06:15.033001+00:00,16177.75,{'stop_loss_price': 16177.75}
INVALID_RISK_UNIT,risk_unit == 0 or non-finite,NQZ21-CME,21712989,2021-11-12 20:06:15.033002+00:00,16177.75,{'stop_loss_price': 16177.75}
INVALID_RISK_UNIT,risk_unit == 0 or non-finite,NQZ21-CME,21712990,2021-11-12 20:06:15.062000+00:00,16177.75,{'stop_loss_price': 16177.75}
INVALID_RISK_UNIT,risk_unit == 0 or non-finite,NQZ21-CME,21712991,2021-11-12 20:06:15.194000+00:00,16177.75,{'stop_loss_price': 16177.75}
INVALID_RISK_UNIT,risk_unit == 0 or non-finite,NQZ21-CME,21712994,2021-11-12 20:06:16.090000+00:00,16177.75,{'stop_loss_price': 16177.75}
INVALID_RISK_UNIT,risk_unit == 0 or non-finite,NQZ21-CME,21746288,2021-11-12 20:52:34.513000+00:00,16189.75,{'stop_loss_price': 16189.75}
INVALID_RISK_UNIT,risk_unit == 0 or non-finite,NQZ21-CME,21746289,2021-11-12 20:52:34.513001+00:00,16189.75,{'stop_loss_price': 16189.75}
INVALID_RISK_UNIT,risk_unit == 0 or non-finite,NQZ21-CME,21768819,2021-11-12 21:29:00.996000+00:00,16207.25,{'stop_loss_price': 16207.25}
INVALID_RISK_UNIT,risk_unit == 0 or non-finite,NQZ21-CME,21781741,2021-11-15 01:52:23.801000+00:00,16231.75,{'stop_loss_price': 16231.75}
INVALID_RISK_UNIT,risk_unit == 0 or non-finite,NQZ21-CME,21798772,2021-11-15 08:56:01.435000+00:00,16233.25,{'stop_loss_price': 16233.25}
INVALID_RISK_UNIT,risk_unit == 0 or non-finite,NQZ21-CME,21867816,2021-11-15 14:44:27.070011+00:00,16217.0,{'stop_loss_price': 16217.0}
INVALID_RISK_UNIT,risk_unit == 0 or non-finite,NQZ21-CME,21867817,2021-11-15 14:44:27.070012+00:00,16217.0,{'stop_loss_price': 16217.0}
INVALID_RISK_UNIT,risk_unit == 0 or non-finite,NQZ21-CME,21867818,2021-11-15 14:44:27.070013+00:00,16217.0,{'stop_loss_price': 16217.0}
INVALID_RISK_UNIT,risk_unit == 0 or non-finite,NQZ21-CME,21867819,2021-11-15 14:44:27.070014+00:00,16217.0,{'stop_loss_price': 16217.0}
INVALID_RISK_UNIT,risk_unit == 0 or non-finite,NQZ21-CME,21867820,2021-11-15 14:44:27.070015+00:00,16217.0,{'stop_loss_price': 16217.0}
INVALID_RISK_UNIT,risk_unit == 0 or non-finite,NQZ21-CME,21867821,2021-11-15 14:44:27.070016+00:00,16217.0,{'stop_loss_price': 16217.0}
INVALID_RISK_UNIT,risk_unit == 0 or non-finite,NQZ21-CME,21867822,2021-11-15 14:44:27.070017+00:00,16217.0,{'stop_loss_price': 16217.0}
INVALID_RISK_UNIT,risk_unit == 0 or non-finite,NQZ21-CME,21867823,2021-11-15 14:44:27.070018+00:00,16217.0,{'stop_loss_price': 16217.0}
INVALID_RISK_UNIT,risk_unit == 0 or non-finite,NQZ21-CME,21867824,2021-11-15 14:44:27.071000+00:00,16217.0,{'stop_loss_price': 16217.0}
INVALID_RISK_UNIT,risk_unit == 0 or non-finite,NQZ21-CME,21867825,2021-11-15 14:44:27.071001+00:00,16217.0,{'stop_loss_price': 16217.0}
INVALID_RISK_UNIT,risk_unit == 0 or non-finite,NQZ21-CME,21867826,2021-11-15 14:44:27.071002+00:00,16217.0,{'stop_loss_price': 16217.0}
INVALID_RISK_UNIT,risk_unit == 0 or non-finite,NQZ21-CME,21867827,2021-11-15 14:44:27.071003+00:00,16217.0,{'stop_loss_price': 16217.0}
INVALID_RISK_UNIT,risk_unit == 0 or non-finite,NQZ21-CME,21867828,2021-11-15 14:44:27.071004+00:00,16217.0,{'stop_loss_price': 16217.0}
INVALID_RISK_UNIT,risk_unit == 0 or non-finite,NQZ21-CME,21867829,2021-11-15 14:44:27.071005+00:00,16217.0,{'stop_loss_price': 16217.0}
INVALID_RISK_UNIT,risk_unit == 0 or non-finite,NQZ21-CME,21867830,2021-11-15 14:44:27.071006+00:00,16217.0,{'stop_loss_price': 16217.0}
INVALID_RISK_UNIT,risk_unit == 0 or non-finite,NQZ21-CME,21867831,2021-11-15 14:44:27.071007+00:00,16217.0,{'stop_loss_price': 16217.0}
INVALID_RISK_UNIT,risk_unit == 0 or non-finite,NQZ21-CME,21867832,2021-11-15 14:44:27.071008+00:00,16217.0,{'stop_loss_price': 16217.0}
INVALID_RISK_UNIT,risk_unit == 0 or non-finite,NQZ21-CME,21867833,2021-11-15 14:44:27.071009+00:00,16217.0,{'stop_loss_price': 16217.0}
INVALID_RISK_UNIT,risk_unit == 0 or non-finite,NQZ21-CME,21867834,2021-11-15 14:44:27.071010+00:00,16217.0,{'stop_loss_price': 16217.0}
INVALID_RISK_UNIT,risk_unit == 0 or non-finite,NQZ21-CME,21867835,2021-11-15 14:44:27.071011+00:00,16217.0,{'stop_loss_price': 16217.0}
INVALID_RISK_UNIT,risk_unit == 0 or non-finite,NQZ21-CME,21867836,2021-11-15 14:44:27.072000+00:00,16217.0,{'stop_loss_price': 16217.0}
INVALID_RISK_UNIT,risk_unit == 0 or non-finite,NQZ21-CME,21900379,2021-11-15 15:02:59.022000+00:00,16204.25,{'stop_loss_price': 16204.25}
INVALID_RISK_UNIT,risk_unit == 0 or non-finite,NQZ21-CME,21900380,2021-11-15 15:02:59.022001+00:00,16204.25,{'stop_loss_price': 16204.25}
INVALID_RISK_UNIT,risk_unit == 0 or non-finite,NQZ21-CME,21900381,2021-11-15 15:02:59.022002+00:00,16204.25,{'stop_loss_price': 16204.25}
INVALID_RISK_UNIT,risk_unit == 0 or non-finite,NQZ21-CME,21900382,2021-11-15 15:02:59.022003+00:00,16204.25,{'stop_loss_price': 16204.25}
INVALID_RISK_UNIT,risk_unit == 0 or non-finite,NQZ21-CME,21900384,2021-11-15 15:02:59.260001+00:00,16204.25,{'stop_loss_price': 16204.25}
INVALID_RISK_UNIT,risk_unit == 0 or non-finite,NQZ21-CME,21941745,2021-11-15 15:30:11.646000+00:00,16165.5,{'stop_loss_price': 16165.5}
INVALID_RISK_UNIT,risk_unit == 0 or non-finite,NQZ21-CME,21941746,2021-11-15 15:30:11.646001+00:00,16165.5,{'stop_loss_price': 16165.5}
INVALID_RISK_UNIT,risk_unit == 0 or non-finite,NQZ21-CME,21941747,2021-11-15 15:30:11.646002+00:00,16165.5,{'stop_loss_price': 16165.5}
INVALID_RISK_UNIT,risk_unit == 0 or non-finite,NQZ21-CME,21941748,2021-11-15 15:30:11.648000+00:00,16165.5,{'stop_loss_price': 16165.5}
INVALID_RISK_UNIT,risk_unit == 0 or non-finite,NQZ21-CME,21941749,2021-11-15 15:30:11.648001+00:00,16165.5,{'stop_loss_price': 16165.5}
INVALID_RISK_UNIT,risk_unit == 0 or non-finite,NQZ21-CME,21941750,2021-11-15 15:30:11.726000+00:00,16165.5,{'stop_loss_price': 16165.5}
INVALID_RISK_UNIT,risk_unit == 0 or non-finite,NQZ21-CME,21970046,2021-11-15 15:54:39.554000+00:00,16176.25,{'stop_loss_price': 16176.25}
INVALID_RISK_UNIT,risk_unit == 0 or non-finite,NQZ21-CME,21996489,2021-11-15 16:34:04.672000+00:00,16171.5,{'stop_loss_price': 16171.5}
INVALID_RISK_UNIT,risk_unit == 0 or non-finite,NQZ21-CME,21996490,2021-11-15 16:34:04.672001+00:00,16171.5,{'stop_loss_price': 16171.5}
INVALID_RISK_UNIT,risk_unit == 0 or non-finite,NQZ21-CME,21996491,2021-11-15 16:34:04.672002+00:00,16171.5,{'stop_loss_price': 16171.5}
INVALID_RISK_UNIT,risk_unit == 0 or non-finite,NQZ21-CME,21996492,2021-11-15 16:34:04.672003+00:00,16171.5,{'stop_loss_price': 16171.5}
INVALID_RISK_UNIT,risk_unit == 0 or non-finite,NQZ21-CME,21996493,2021-11-15 16:34:04.672004+00:00,16171.5,{'stop_loss_price': 16171.5}
INVALID_RISK_UNIT,risk_unit == 0 or non-finite,NQZ21-CME,21996727,2021-11-15 16:34:10.717000+00:00,16176.0,{'stop_loss_price': 16176.0}
INVALID_RISK_UNIT,risk_unit == 0 or non-finite,NQZ21-CME,21996728,2021-11-15 16:34:10.717001+00:00,16176.0,{'stop_loss_price': 16176.0}
INVALID_RISK_UNIT,risk_unit == 0 or non-finite,NQZ21-CME,21996729,2021-11-15 16:34:10.717002+00:00,16176.0,{'stop_loss_price': 16176.0}
INVALID_RISK_UNIT,risk_unit == 0 or non-finite,NQZ21-CME,21996730,2021-11-15 16:34:10.718000+00:00,16176.0,{'stop_loss_price': 16176.0}
INVALID_RISK_UNIT,risk_unit == 0 or non-finite,NQZ21-CME,22015840,2021-11-15 16:44:52.440000+00:00,16105.0,{'stop_loss_price': 16105.0}
INVALID_RISK_UNIT,risk_unit == 0 or non-finite,NQZ21-CME,22015841,2021-11-15 16:44:52.440001+00:00,16105.0,{'stop_loss_price': 16105.0}
INVALID_RISK_UNIT,risk_unit == 0 or non-finite,NQZ21-CME,22015842,2021-11-15 16:44:52.477000+00:00,16105.0,{'stop_loss_price': 16105.0}
INVALID_RISK_UNIT,risk_unit == 0 or non-finite,NQZ21-CME,22063712,2021-11-15 17:24:59.268000+00:00,16101.5,{'stop_loss_price': 16101.5}
INVALID_RISK_UNIT,risk_unit == 0 or non-finite,NQZ21-CME,22076734,2021-11-15 17:41:56.709000+00:00,16126.25,{'stop_loss_price': 16126.25}
INVALID_RISK_UNIT,risk_unit == 0 or non-finite,NQZ21-CME,22076735,2021-11-15 17:41:56.709001+00:00,16126.25,{'stop_loss_price': 16126.25}
INVALID_RISK_UNIT,risk_unit == 0 or non-finite,NQZ21-CME,22109004,2021-11-15 18:43:48.335000+00:00,16139.5,{'stop_loss_price': 16139.5}
INVALID_RISK_UNIT,risk_unit == 0 or non-finite,NQZ21-CME,22115783,2021-11-15 19:01:13.306000+00:00,16124.0,{'stop_loss_price': 16124.0}
INVALID_RISK_UNIT,risk_unit == 0 or non-finite,NQZ21-CME,22125144,2021-11-15 19:21:30.508000+00:00,16127.25,{'stop_loss_price': 16127.25}
INVALID_RISK_UNIT,risk_unit == 0 or non-finite,NQZ21-CME,22134921,2021-11-15 19:43:51.129015+00:00,16158.75,{'stop_loss_price': 16158.75}
INVALID_RISK_UNIT,risk_unit == 0 or non-finite,NQZ21-CME,22134922,2021-11-15 19:43:51.129016+00:00,16158.75,{'stop_loss_price': 16158.75}
INVALID_RISK_UNIT,risk_unit == 0 or non-finite,NQZ21-CME,22134926,2021-11-15 19:43:51.139000+00:00,16158.75,{'stop_loss_price': 16158.75}
INVALID_RISK_UNIT,risk_unit == 0 or non-finite,NQZ21-CME,22134927,2021-11-15 19:43:51.139001+00:00,16158.75,{'stop_loss_price': 16158.75}
INVALID_RISK_UNIT,risk_unit == 0 or non-finite,NQZ21-CME,22134928,2021-11-15 19:43:51.139002+00:00,16158.75,{'stop_loss_price': 16158.75}
INVALID_RISK_UNIT,risk_unit == 0 or non-finite,NQZ21-CME,22175490,2021-11-15 20:39:36.098000+00:00,16175.5,{'stop_loss_price': 16175.5}
INVALID_RISK_UNIT,risk_unit == 0 or non-finite,NQZ21-CME,22175491,2021-11-15 20:39:36.098001+00:00,16175.5,{'stop_loss_price': 16175.5}
INVALID_RISK_UNIT,risk_unit == 0 or non-finite,NQZ21-CME,22175492,2021-11-15 20:39:36.098002+00:00,16175.5,{'stop_loss_price': 16175.5}
INVALID_RISK_UNIT,risk_unit == 0 or non-finite,NQZ21-CME,22175493,2021-11-15 20:39:36.098003+00:00,16175.5,{'stop_loss_price': 16175.5}
INVALID_RISK_UNIT,risk_unit == 0 or non-finite,NQZ21-CME,22194791,2021-11-15 20:58:07.678000+00:00,16172.0,{'stop_loss_price': 16172.0}
INVALID_RISK_UNIT,risk_unit == 0 or non-finite,NQZ21-CME,22226128,2021-11-16 05:31:31.467000+00:00,16184.0,{'stop_loss_price': 16184.0}
INVALID_RISK_UNIT,risk_unit == 0 or non-finite,NQZ21-CME,22233920,2021-11-16 08:13:15.580000+00:00,16194.5,{'stop_loss_price': 16194.5}
INVALID_RISK_UNIT,risk_unit == 0 or non-finite,NQZ21-CME,22233921,2021-11-16 08:13:15.581000+00:00,16194.5,{'stop_loss_price': 16194.5}
INVALID_RISK_UNIT,risk_unit == 0 or non-finite,NQZ21-CME,22233922,2021-11-16 08:13:15.581001+00:00,16194.5,{'stop_loss_price': 16194.5}
INVALID_RISK_UNIT,risk_unit == 0 or non-finite,NQZ21-CME,22233923,2021-11-16 08:13:15.581002+00:00,16194.5,{'stop_loss_price': 16194.5}
INVALID_RISK_UNIT,risk_unit == 0 or non-finite,NQZ21-CME,22258143,2021-11-16 13:00:15.669000+00:00,16186.5,{'stop_loss_price': 16186.5}
INVALID_RISK_UNIT,risk_unit == 0 or non-finite,NQZ21-CME,22258144,2021-11-16 13:00:15.669001+00:00,16186.5,{'stop_loss_price': 16186.5}
INVALID_RISK_UNIT,risk_unit == 0 or non-finite,NQZ21-CME,22258167,2021-11-16 13:00:23.647000+00:00,16186.5,{'stop_loss_price': 16186.5}
INVALID_RISK_UNIT,risk_unit == 0 or non-finite,NQZ21-CME,22258168,2021-11-16 13:00:23.761000+00:00,16186.5,{'stop_loss_price': 16186.5}
INVALID_RISK_UNIT,risk_unit == 0 or non-finite,NQZ21-CME,22285399,2021-11-16 14:30:01.822000+00:00,16164.5,{'stop_loss_price': 16164.5}
INVALID_RISK_UNIT,risk_unit == 0 or non-finite,NQZ21-CME,22315148,2021-11-16 14:37:56.323000+00:00,16238.5,{'stop_loss_price': 16238.5}
INVALID_RISK_UNIT,risk_unit == 0 or non-finite,NQZ21-CME,22315149,2021-11-16 14:37:56.323001+00:00,16238.5,{'stop_loss_price': 16238.5}
INVALID_RISK_UNIT,risk_unit == 0 or non-finite,NQZ21-CME,22315150,2021-11-16 14:37:56.323002+00:00,16238.5,{'stop_loss_price': 16238.5}
INVALID_RISK_UNIT,risk_unit == 0 or non-finite,NQZ21-CME,22333112,2021-11-16 14:45:25.104000+00:00,16234.25,{'stop_loss_price': 16234.25}
INVALID_RISK_UNIT,risk_unit == 0 or non-finite,NQZ21-CME,22333113,2021-11-16 14:45:25.109000+00:00,16234.25,{'stop_loss_price': 16234.25}
INVALID_RISK_UNIT,risk_unit == 0 or non-finite,NQZ21-CME,22333114,2021-11-16 14:45:25.111000+00:00,16234.25,{'stop_loss_price': 16234.25}
INVALID_RISK_UNIT,risk_unit == 0 or non-finite,NQZ21-CME,22333115,2021-11-16 14:45:25.111001+00:00,16234.25,{'stop_loss_price': 16234.25}
INVALID_RISK_UNIT,risk_unit == 0 or non-finite,NQZ21-CME,22333116,2021-11-16 14:45:25.111002+00:00,16234.25,{'stop_loss_price': 16234.25}
INVALID_RISK_UNIT,risk_unit == 0 or non-finite,NQZ21-CME,22406488,2021-11-16 15:39:07.855000+00:00,16218.5,{'stop_loss_price': 16218.5}
INVALID_RISK_UNIT,risk_unit == 0 or non-finite,NQZ21-CME,22465099,2021-11-16 16:52:45.017000+00:00,16287.75,{'stop_loss_price': 16287.75}
INVALID_RISK_UNIT,risk_unit == 0 or non-finite,NQZ21-CME,22496934,2021-11-16 18:12:09.809000+00:00,16305.25,{'stop_loss_price': 16305.25}
INVALID_RISK_UNIT,risk_unit == 0 or non-finite,NQZ21-CME,22499542,2021-11-16 18:16:42.013000+00:00,16307.25,{'stop_loss_price': 16307.25}
INVALID_RISK_UNIT,risk_unit == 0 or non-finite,NQZ21-CME,22639367,2021-11-17 14:00:59.362000+00:00,16308.75,{'stop_loss_price': 16308.75}
INVALID_RISK_UNIT,risk_unit == 0 or non-finite,NQZ21-CME,22693313,2021-11-17 14:54:14.759003+00:00,16279.75,{'stop_loss_price': 16279.75}
INVALID_RISK_UNIT,risk_unit == 0 or non-finite,NQZ21-CME,22693314,2021-11-17 14:54:14.759004+00:00,16279.75,{'stop_loss_price': 16279.75}
INVALID_RISK_UNIT,risk_unit == 0 or non-finite,NQZ21-CME,22732726,2021-11-17 15:22:12.333000+00:00,16307.5,{'stop_loss_price': 16307.5}
INVALID_RISK_UNIT,risk_unit == 0 or non-finite,NQZ21-CME,22756604,2021-11-17 15:42:06.838000+00:00,16348.75,{'stop_loss_price': 16348.75}
INVALID_RISK_UNIT,risk_unit == 0 or non-finite,NQZ21-CME,22845151,2021-11-17 17:27:25.645000+00:00,16336.25,{'stop_loss_price': 16336.25}
INVALID_RISK_UNIT,risk_unit == 0 or non-finite,NQZ21-CME,22845152,2021-11-17 17:27:25.645001+00:00,16336.25,{'stop_loss_price': 16336.25}
INVALID_RISK_UNIT,risk_unit == 0 or non-finite,NQZ21-CME,22848255,2021-11-17 17:28:44.551000+00:00,16312.75,{'stop_loss_price': 16312.75}
INVALID_RISK_UNIT,risk_unit == 0 or non-finite,NQZ21-CME,22848256,2021-11-17 17:28:44.552000+00:00,16312.75,{'stop_loss_price': 16312.75}
INVALID_RISK_UNIT,risk_unit == 0 or non-finite,NQZ21-CME,22848257,2021-11-17 17:28:44.552001+00:00,16312.75,{'stop_loss_price': 16312.75}
INVALID_RISK_UNIT,risk_unit == 0 or non-finite,NQZ21-CME,22848258,2021-11-17 17:28:44.552002+00:00,16312.75,{'stop_loss_price': 16312.75}
INVALID_RISK_UNIT,risk_unit == 0 or non-finite,NQZ21-CME,22855661,2021-11-17 17:34:17.928000+00:00,16315.75,{'stop_loss_price': 16315.75}
INVALID_RISK_UNIT,risk_unit == 0 or non-finite,NQZ21-CME,22855662,2021-11-17 17:34:17.928001+00:00,16315.75,{'stop_loss_price': 16315.75}
INVALID_RISK_UNIT,risk_unit == 0 or non-finite,NQZ21-CME,22869039,2021-11-17 17:48:13+00:00,16321.75,{'stop_loss_price': 16321.75}
INVALID_RISK_UNIT,risk_unit == 0 or non-finite,NQZ21-CME,22869040,2021-11-17 17:48:13.000001+00:00,16321.75,{'stop_loss_price': 16321.75}
INVALID_RISK_UNIT,risk_unit == 0 or non-finite,NQZ21-CME,22869062,2021-11-17 17:48:13.235002+00:00,16321.75,{'stop_loss_price': 16321.75}
INVALID_RISK_UNIT,risk_unit == 0 or non-finite,NQZ21-CME,22869063,2021-11-17 17:48:13.235003+00:00,16321.75,{'stop_loss_price': 16321.75}
INVALID_RISK_UNIT,risk_unit == 0 or non-finite,NQZ21-CME,22869064,2021-11-17 17:48:13.235004+00:00,16321.75,{'stop_loss_price': 16321.75}
INVALID_RISK_UNIT,risk_unit == 0 or non-finite,NQZ21-CME,22869065,2021-11-17 17:48:13.235005+00:00,16321.75,{'stop_loss_price': 16321.75}
INVALID_RISK_UNIT,risk_unit == 0 or non-finite,NQZ21-CME,22869066,2021-11-17 17:48:13.235006+00:00,16321.75,{'stop_loss_price': 16321.75}
INVALID_RISK_UNIT,risk_unit == 0 or non-finite,NQZ21-CME,22869067,2021-11-17 17:48:13.235007+00:00,16321.75,{'stop_loss_price': 16321.75}
INVALID_RISK_UNIT,risk_unit == 0 or non-finite,NQZ21-CME,22888445,2021-11-17 18:11:27.902000+00:00,16291.0,{'stop_loss_price': 16291.0}
INVALID_RISK_UNIT,risk_unit == 0 or non-finite,NQZ21-CME,22888446,2021-11-17 18:11:27.902001+00:00,16291.0,{'stop_loss_price': 16291.0}
INVALID_RISK_UNIT,risk_unit == 0 or non-finite,NQZ21-CME,22888447,2021-11-17 18:11:27.902002+00:00,16291.0,{'stop_loss_price': 16291.0}
INVALID_RISK_UNIT,risk_unit == 0 or non-finite,NQZ21-CME,22888448,2021-11-17 18:11:27.902003+00:00,16291.0,{'stop_loss_price': 16291.0}
INVALID_RISK_UNIT,risk_unit == 0 or non-finite,NQZ21-CME,22888449,2021-11-17 18:11:27.942000+00:00,16291.0,{'stop_loss_price': 16291.0}
INVALID_RISK_UNIT,risk_unit == 0 or non-finite,NQZ21-CME,22895117,2021-11-17 18:21:40.071000+00:00,16312.5,{'stop_loss_price': 16312.5}
INVALID_RISK_UNIT,risk_unit == 0 or non-finite,NQZ21-CME,22895118,2021-11-17 18:21:40.072000+00:00,16312.5,{'stop_loss_price': 16312.5}
INVALID_RISK_UNIT,risk_unit == 0 or non-finite,NQZ21-CME,22895119,2021-11-17 18:21:40.736000+00:00,16312.5,{'stop_loss_price': 16312.5}
INVALID_RISK_UNIT,risk_unit == 0 or non-finite,NQZ21-CME,22895120,2021-11-17 18:21:40.736001+00:00,16312.5,{'stop_loss_price': 16312.5}
INVALID_RISK_UNIT,risk_unit == 0 or non-finite,NQZ21-CME,22895121,2021-11-17 18:21:41.171000+00:00,16312.5,{'stop_loss_price': 16312.5}
INVALID_RISK_UNIT,risk_unit == 0 or non-finite,NQZ21-CME,22948671,2021-11-17 20:05:20.062000+00:00,16313.5,{'stop_loss_price': 16313.5}
INVALID_RISK_UNIT,risk_unit == 0 or non-finite,NQZ21-CME,22948672,2021-11-17 20:05:20.062001+00:00,16313.5,{'stop_loss_price': 16313.5}
INVALID_RISK_UNIT,risk_unit == 0 or non-finite,NQZ21-CME,22948673,2021-11-17 20:05:20.062002+00:00,16313.5,{'stop_loss_price': 16313.5}
INVALID_RISK_UNIT,risk_unit == 0 or non-finite,NQZ21-CME,22948674,2021-11-17 20:05:20.272000+00:00,16313.5,{'stop_loss_price': 16313.5}
INVALID_RISK_UNIT,risk_unit == 0 or non-finite,NQZ21-CME,22948677,2021-11-17 20:05:20.454000+00:00,16313.5,{'stop_loss_price': 16313.5}
INVALID_RISK_UNIT,risk_unit == 0 or non-finite,NQZ21-CME,22955046,2021-11-17 20:15:32.600000+00:00,16320.75,{'stop_loss_price': 16320.75}
INVALID_RISK_UNIT,risk_unit == 0 or non-finite,NQZ21-CME,22998971,2021-11-17 21:07:19.914000+00:00,16289.5,{'stop_loss_price': 16289.5}
INVALID_RISK_UNIT,risk_unit == 0 or non-finite,NQZ21-CME,23001495,2021-11-17 21:14:39.491000+00:00,16303.0,{'stop_loss_price': 16303.0}
INVALID_RISK_UNIT,risk_unit == 0 or non-finite,NQZ21-CME,23001496,2021-11-17 21:14:39.491001+00:00,16303.0,{'stop_loss_price': 16303.0}
INVALID_RISK_UNIT,risk_unit == 0 or non-finite,NQZ21-CME,23001497,2021-11-17 21:14:39.491002+00:00,16303.0,{'stop_loss_price': 16303.0}
INVALID_RISK_UNIT,risk_unit == 0 or non-finite,NQZ21-CME,23001498,2021-11-17 21:14:42.438000+00:00,16303.0,{'stop_loss_price': 16303.0}
INVALID_RISK_UNIT,risk_unit == 0 or non-finite,NQZ21-CME,23003720,2021-11-17 21:26:42.189000+00:00,16310.0,{'stop_loss_price': 16310.0}
INVALID_RISK_UNIT,risk_unit == 0 or non-finite,NQZ21-CME,23003721,2021-11-17 21:26:42.190000+00:00,16310.0,{'stop_loss_price': 16310.0}
INVALID_RISK_UNIT,risk_unit == 0 or non-finite,NQZ21-CME,23014330,2021-11-18 02:30:27.486000+00:00,16334.75,{'stop_loss_price': 16334.75}
INVALID_RISK_UNIT,risk_unit == 0 or non-finite,NQZ21-CME,23062106,2021-11-18 14:13:40.271001+00:00,16407.25,{'stop_loss_price': 16407.25}
INVALID_RISK_UNIT,risk_unit == 0 or non-finite,NQZ21-CME,23062107,2021-11-18 14:13:40.272000+00:00,16407.25,{'stop_loss_price': 16407.25}
INVALID_RISK_UNIT,risk_unit == 0 or non-finite,NQZ21-CME,23062108,2021-11-18 14:13:40.272001+00:00,16407.25,{'stop_loss_price': 16407.25}
INVALID_RISK_UNIT,risk_unit == 0 or non-finite,NQZ21-CME,23062109,2021-11-18 14:13:40.272002+00:00,16407.25,{'stop_loss_price': 16407.25}
INVALID_RISK_UNIT,risk_unit == 0 or non-finite,NQZ21-CME,23062110,2021-11-18 14:13:40.273000+00:00,16407.25,{'stop_loss_price': 16407.25}
INVALID_RISK_UNIT,risk_unit == 0 or non-finite,NQZ21-CME,23062111,2021-11-18 14:13:40.470000+00:00,16407.25,{'stop_loss_price': 16407.25}
INVALID_RISK_UNIT,risk_unit == 0 or non-finite,NQZ21-CME,23063030,2021-11-18 14:21:01.148000+00:00,16401.25,{'stop_loss_price': 16401.25}
INVALID_RISK_UNIT,risk_unit == 0 or non-finite,NQZ21-CME,23085492,2021-11-18 14:35:01.165000+00:00,16358.5,{'stop_loss_price': 16358.5}
INVALID_RISK_UNIT,risk_unit == 0 or non-finite,NQZ21-CME,23088988,2021-11-18 14:36:06.456000+00:00,16369.0,{'stop_loss_price': 16369.0}
INVALID_RISK_UNIT,risk_unit == 0 or non-finite,NQZ21-CME,23088989,2021-11-18 14:36:06.456001+00:00,16369.0,{'stop_loss_price': 16369.0}
INVALID_RISK_UNIT,risk_unit == 0 or non-finite,NQZ21-CME,23088990,2021-11-18 14:36:06.516000+00:00,16369.0,{'stop_loss_price': 16369.0}
INVALID_RISK_UNIT,risk_unit == 0 or non-finite,NQZ21-CME,23088991,2021-11-18 14:36:06.516001+00:00,16369.0,{'stop_loss_price': 16369.0}
INVALID_RISK_UNIT,risk_unit == 0 or non-finite,NQZ21-CME,23127191,2021-11-18 14:52:21.784000+00:00,16384.5,{'stop_loss_price': 16384.5}
INVALID_RISK_UNIT,risk_unit == 0 or non-finite,NQZ21-CME,23127192,2021-11-18 14:52:21.784001+00:00,16384.5,{'stop_loss_price': 16384.5}
INVALID_RISK_UNIT,risk_unit == 0 or non-finite,NQZ21-CME,23127193,2021-11-18 14:52:21.785000+00:00,16384.5,{'stop_loss_price': 16384.5}
INVALID_RISK_UNIT,risk_unit == 0 or non-finite,NQZ21-CME,23127194,2021-11-18 14:52:21.785001+00:00,16384.5,{'stop_loss_price': 16384.5}
INVALID_RISK_UNIT,risk_unit == 0 or non-finite,NQZ21-CME,23127195,2021-11-18 14:52:21.785002+00:00,16384.5,{'stop_loss_price': 16384.5}
INVALID_RISK_UNIT,risk_unit == 0 or non-finite,NQZ21-CME,23127197,2021-11-18 14:52:21.790000+00:00,16384.5,{'stop_loss_price': 16384.5}
INVALID_RISK_UNIT,risk_unit == 0 or non-finite,NQZ21-CME,23207384,2021-11-18 15:25:44.922001+00:00,16331.5,{'stop_loss_price': 16331.5}
INVALID_RISK_UNIT,risk_unit == 0 or non-finite,NQZ21-CME,23207385,2021-11-18 15:25:44.922002+00:00,16331.5,{'stop_loss_price': 16331.5}
INVALID_RISK_UNIT,risk_unit == 0 or non-finite,NQZ21-CME,23207386,2021-11-18 15:25:44.922003+00:00,16331.5,{'stop_loss_price': 16331.5}
INVALID_RISK_UNIT,risk_unit == 0 or non-finite,NQZ21-CME,23224719,2021-11-18 15:37:20.574000+00:00,16363.75,{'stop_loss_price': 16363.75}
INVALID_RISK_UNIT,risk_unit == 0 or non-finite,NQZ21-CME,23251284,2021-11-18 16:00:10.333000+00:00,16358.75,{'stop_loss_price': 16358.75}
INVALID_RISK_UNIT,risk_unit == 0 or non-finite,NQZ21-CME,23260298,2021-11-18 16:07:50.657000+00:00,16349.0,{'stop_loss_price': 16349.0}
INVALID_RISK_UNIT,risk_unit == 0 or non-finite,NQZ21-CME,23375998,2021-11-18 17:57:01.386000+00:00,16433.25,{'stop_loss_price': 16433.25}
INVALID_RISK_UNIT,risk_unit == 0 or non-finite,NQZ21-CME,23390126,2021-11-18 18:16:04.278000+00:00,16453.5,{'stop_loss_price': 16453.5}
INVALID_RISK_UNIT,risk_unit == 0 or non-finite,NQZ21-CME,23390127,2021-11-18 18:16:04.326000+00:00,16453.5,{'stop_loss_price': 16453.5}
INVALID_RISK_UNIT,risk_unit == 0 or non-finite,NQZ21-CME,23390128,2021-11-18 18:16:04.501000+00:00,16453.5,{'stop_loss_price': 16453.5}
INVALID_RISK_UNIT,risk_unit == 0 or non-finite,NQZ21-CME,23390129,2021-11-18 18:16:04.501001+00:00,16453.5,{'stop_loss_price': 16453.5}
INVALID_RISK_UNIT,risk_unit == 0 or non-finite,NQZ21-CME,23390130,2021-11-18 18:16:04.501002+00:00,16453.5,{'stop_loss_price': 16453.5}
INVALID_RISK_UNIT,risk_unit == 0 or non-finite,NQZ21-CME,23390131,2021-11-18 18:16:04.651000+00:00,16453.5,{'stop_loss_price': 16453.5}
INVALID_RISK_UNIT,risk_unit == 0 or non-finite,NQZ21-CME,23414462,2021-11-18 18:57:54.171000+00:00,16435.25,{'stop_loss_price': 16435.25}
INVALID_RISK_UNIT,risk_unit == 0 or non-finite,NQZ21-CME,23415305,2021-11-18 19:00:01.694000+00:00,16435.75,{'stop_loss_price': 16435.75}
INVALID_RISK_UNIT,risk_unit == 0 or non-finite,NQZ21-CME,23433701,2021-11-18 19:26:05.912001+00:00,16427.75,{'stop_loss_price': 16427.75}
INVALID_RISK_UNIT,risk_unit == 0 or non-finite,NQZ21-CME,23433702,2021-11-18 19:26:05.913000+00:00,16427.75,{'stop_loss_price': 16427.75}
INVALID_RISK_UNIT,risk_unit == 0 or non-finite,NQZ21-CME,23433703,2021-11-18 19:26:05.915000+00:00,16427.75,{'stop_loss_price': 16427.75}
INVALID_RISK_UNIT,risk_unit == 0 or non-finite,NQZ21-CME,23433705,2021-11-18 19:26:06.049000+00:00,16427.75,{'stop_loss_price': 16427.75}
INVALID_RISK_UNIT,risk_unit == 0 or non-finite,NQZ21-CME,23442134,2021-11-18 19:35:02.954002+00:00,16431.5,{'stop_loss_price': 16431.5}
INVALID_RISK_UNIT,risk_unit == 0 or non-finite,NQZ21-CME,23442135,2021-11-18 19:35:02.954003+00:00,16431.5,{'stop_loss_price': 16431.5}
INVALID_RISK_UNIT,risk_unit == 0 or non-finite,NQZ21-CME,23442136,2021-11-18 19:35:02.955000+00:00,16431.5,{'stop_loss_price': 16431.5}
INVALID_RISK_UNIT,risk_unit == 0 or non-finite,NQZ21-CME,23505575,2021-11-18 20:50:01.116000+00:00,16494.0,{'stop_loss_price': 16494.0}
INVALID_RISK_UNIT,risk_unit == 0 or non-finite,NQZ21-CME,23505576,2021-11-18 20:50:01.117000+00:00,16494.0,{'stop_loss_price': 16494.0}
INVALID_RISK_UNIT,risk_unit == 0 or non-finite,NQZ21-CME,23505580,2021-11-18 20:50:01.158000+00:00,16494.0,{'stop_loss_price': 16494.0}
INVALID_RISK_UNIT,risk_unit == 0 or non-finite,NQZ21-CME,23506578,2021-11-18 20:50:17.985001+00:00,16495.25,{'stop_loss_price': 16495.25}
INVALID_RISK_UNIT,risk_unit == 0 or non-finite,NQZ21-CME,23506579,2021-11-18 20:50:17.985002+00:00,16495.25,{'stop_loss_price': 16495.25}
INVALID_RISK_UNIT,risk_unit == 0 or non-finite,NQZ21-CME,23506580,2021-11-18 20:50:17.985003+00:00,16495.25,{'stop_loss_price': 16495.25}
INVALID_RISK_UNIT,risk_unit == 0 or non-finite,NQZ21-CME,23506581,2021-11-18 20:50:17.985004+00:00,16495.25,{'stop_loss_price': 16495.25}
INVALID_RISK_UNIT,risk_unit == 0 or non-finite,NQZ21-CME,23506582,2021-11-18 20:50:17.985005+00:00,16495.25,{'stop_loss_price': 16495.25}
INVALID_RISK_UNIT,risk_unit == 0 or non-finite,NQZ21-CME,23565005,2021-11-19 04:37:02.673000+00:00,16568.75,{'stop_loss_price': 16568.75}
INVALID_RISK_UNIT,risk_unit == 0 or non-finite,NQZ21-CME,23589093,2021-11-19 10:02:21.528000+00:00,16533.25,{'stop_loss_price': 16533.25}
INVALID_RISK_UNIT,risk_unit == 0 or non-finite,NQZ21-CME,23636690,2021-11-19 13:50:00.068000+00:00,16560.0,{'stop_loss_price': 16560.0}
INVALID_RISK_UNIT,risk_unit == 0 or non-finite,NQZ21-CME,23663197,2021-11-19 14:30:57.928000+00:00,16540.25,{'stop_loss_price': 16540.25}
INVALID_RISK_UNIT,risk_unit == 0 or non-finite,NQZ21-CME,23665715,2021-11-19 14:31:28.692000+00:00,16538.25,{'stop_loss_price': 16538.25}
INVALID_RISK_UNIT,risk_unit == 0 or non-finite,NQZ21-CME,23676626,2021-11-19 14:35:22.569000+00:00,16531.5,{'stop_loss_price': 16531.5}
INVALID_RISK_UNIT,risk_unit == 0 or non-finite,NQZ21-CME,23676627,2021-11-19 14:35:22.569001+00:00,16531.5,{'stop_loss_price': 16531.5}
INVALID_RISK_UNIT,risk_unit == 0 or non-finite,NQZ21-CME,23676628,2021-11-19 14:35:22.570000+00:00,16531.5,{'stop_loss_price': 16531.5}
INVALID_RISK_UNIT,risk_unit == 0 or non-finite,NQZ21-CME,23676629,2021-11-19 14:35:22.585000+00:00,16531.5,{'stop_loss_price': 16531.5}
INVALID_RISK_UNIT,risk_unit == 0 or non-finite,NQZ21-CME,23676630,2021-11-19 14:35:22.607000+00:00,16531.5,{'stop_loss_price': 16531.5}
INVALID_RISK_UNIT,risk_unit == 0 or non-finite,NQZ21-CME,23676631,2021-11-19 14:35:22.617000+00:00,16531.5,{'stop_loss_price': 16531.5}
INVALID_RISK_UNIT,risk_unit == 0 or non-finite,NQZ21-CME,23702453,2021-11-19 14:49:59.806000+00:00,16580.75,{'stop_loss_price': 16580.75}
INVALID_RISK_UNIT,risk_unit == 0 or non-finite,NQZ21-CME,23702454,2021-11-19 14:49:59.806001+00:00,16580.75,{'stop_loss_price': 16580.75}
INVALID_RISK_UNIT,risk_unit == 0 or non-finite,NQZ21-CME,23702455,2021-11-19 14:49:59.806002+00:00,16580.75,{'stop_loss_price': 16580.75}
INVALID_RISK_UNIT,risk_unit == 0 or non-finite,NQZ21-CME,23702456,2021-11-19 14:49:59.806003+00:00,16580.75,{'stop_loss_price': 16580.75}
INVALID_RISK_UNIT,risk_unit == 0 or non-finite,NQZ21-CME,23702457,2021-11-19 14:49:59.826000+00:00,16580.75,{'stop_loss_price': 16580.75}
INVALID_RISK_UNIT,risk_unit == 0 or non-finite,NQZ21-CME,23702458,2021-11-19 14:49:59.826001+00:00,16580.75,{'stop_loss_price': 16580.75}
INVALID_RISK_UNIT,risk_unit == 0 or non-finite,NQZ21-CME,23702459,2021-11-19 14:49:59.826002+00:00,16580.75,{'stop_loss_price': 16580.75}
INVALID_RISK_UNIT,risk_unit == 0 or non-finite,NQZ21-CME,23702461,2021-11-19 14:49:59.829001+00:00,16580.75,{'stop_loss_price': 16580.75}
INVALID_RISK_UNIT,risk_unit == 0 or non-finite,NQZ21-CME,23706656,2021-11-19 14:52:34.271000+00:00,16585.5,{'stop_loss_price': 16585.5}
INVALID_RISK_UNIT,risk_unit == 0 or non-finite,NQZ21-CME,23734033,2021-11-19 15:06:00.956000+00:00,16592.75,{'stop_loss_price': 16592.75}
INVALID_RISK_UNIT,risk_unit == 0 or non-finite,NQZ21-CME,23734034,2021-11-19 15:06:00.956001+00:00,16592.75,{'stop_loss_price': 16592.75}
INVALID_RISK_UNIT,risk_unit == 0 or non-finite,NQZ21-CME,23734035,2021-11-19 15:06:00.956002+00:00,16592.75,{'stop_loss_price': 16592.75}
INVALID_RISK_UNIT,risk_unit == 0 or non-finite,NQZ21-CME,23749669,2021-11-19 15:15:31.141000+00:00,16582.75,{'stop_loss_price': 16582.75}
INVALID_RISK_UNIT,risk_unit == 0 or non-finite,NQZ21-CME,23749670,2021-11-19 15:15:31.142000+00:00,16582.75,{'stop_loss_price': 16582.75}
INVALID_RISK_UNIT,risk_unit == 0 or non-finite,NQZ21-CME,23749671,2021-11-19 15:15:31.150000+00:00,16582.75,{'stop_loss_price': 16582.75}
INVALID_RISK_UNIT,risk_unit == 0 or non-finite,NQZ21-CME,23749672,2021-11-19 15:15:31.151000+00:00,16582.75,{'stop_loss_price': 16582.75}
INVALID_RISK_UNIT,risk_unit == 0 or non-finite,NQZ21-CME,23752350,2021-11-19 15:17:41.444000+00:00,16594.5,{'stop_loss_price': 16594.5}
INVALID_RISK_UNIT,risk_unit == 0 or non-finite,NQZ21-CME,23782251,2021-11-19 15:39:23.188000+00:00,16581.75,{'stop_loss_price': 16581.75}
INVALID_RISK_UNIT,risk_unit == 0 or non-finite,NQZ21-CME,23782644,2021-11-19 15:40:02.956000+00:00,16583.5,{'stop_loss_price': 16583.5}
INVALID_RISK_UNIT,risk_unit == 0 or non-finite,NQZ21-CME,23794649,2021-11-19 15:49:29.013001+00:00,16568.75,{'stop_loss_price': 16568.75}
INVALID_RISK_UNIT,risk_unit == 0 or non-finite,NQZ21-CME,23794650,2021-11-19 15:49:29.392000+00:00,16568.75,{'stop_loss_price': 16568.75}
INVALID_RISK_UNIT,risk_unit == 0 or non-finite,NQZ21-CME,23794651,2021-11-19 15:49:29.392001+00:00,16568.75,{'stop_loss_price': 16568.75}
INVALID_RISK_UNIT,risk_unit == 0 or non-finite,NQZ21-CME,23794652,2021-11-19 15:49:29.402000+00:00,16568.75,{'stop_loss_price': 16568.75}
INVALID_RISK_UNIT,risk_unit == 0 or non-finite,NQZ21-CME,23794653,2021-11-19 15:49:29.416000+00:00,16568.75,{'stop_loss_price': 16568.75}
INVALID_RISK_UNIT,risk_unit == 0 or non-finite,NQZ21-CME,23794669,2021-11-19 15:49:30.465000+00:00,16568.75,{'stop_loss_price': 16568.75}
INVALID_RISK_UNIT,risk_unit == 0 or non-finite,NQZ21-CME,23794670,2021-11-19 15:49:30.548000+00:00,16568.75,{'stop_loss_price': 16568.75}
INVALID_RISK_UNIT,risk_unit == 0 or non-finite,NQZ21-CME,23815263,2021-11-19 16:11:49.980000+00:00,16587.25,{'stop_loss_price': 16587.25}
INVALID_RISK_UNIT,risk_unit == 0 or non-finite,NQZ21-CME,23823800,2021-11-19 16:23:48.893000+00:00,16595.0,{'stop_loss_price': 16595.0}
INVALID_RISK_UNIT,risk_unit == 0 or non-finite,NQZ21-CME,23841655,2021-11-19 16:42:22.933000+00:00,16618.0,{'stop_loss_price': 16618.0}
INVALID_RISK_UNIT,risk_unit == 0 or non-finite,NQZ21-CME,23883267,2021-11-19 17:47:55.751000+00:00,16590.25,{'stop_loss_price': 16590.25}
INVALID_RISK_UNIT,risk_unit == 0 or non-finite,NQZ21-CME,23883268,2021-11-19 17:47:55.751001+00:00,16590.25,{'stop_loss_price': 16590.25}
INVALID_RISK_UNIT,risk_unit == 0 or non-finite,NQZ21-CME,23918936,2021-11-19 18:35:08.604000+00:00,16564.5,{'stop_loss_price': 16564.5}
INVALID_RISK_UNIT,risk_unit == 0 or non-finite,NQZ21-CME,23918937,2021-11-19 18:35:08.980000+00:00,16564.5,{'stop_loss_price': 16564.5}
INVALID_RISK_UNIT,risk_unit == 0 or non-finite,NQZ21-CME,23918938,2021-11-19 18:35:09.424000+00:00,16564.5,{'stop_loss_price': 16564.5}
INVALID_RISK_UNIT,risk_unit == 0 or non-finite,NQZ21-CME,23918939,2021-11-19 18:35:09.424001+00:00,16564.5,{'stop_loss_price': 16564.5}
INVALID_RISK_UNIT,risk_unit == 0 or non-finite,NQZ21-CME,23918942,2021-11-19 18:35:09.598000+00:00,16564.5,{'stop_loss_price': 16564.5}
INVALID_RISK_UNIT,risk_unit == 0 or non-finite,NQZ21-CME,23919563,2021-11-19 18:35:42.915000+00:00,16555.25,{'stop_loss_price': 16555.25}
INVALID_RISK_UNIT,risk_unit == 0 or non-finite,NQZ21-CME,23923480,2021-11-19 18:39:33.975000+00:00,16547.0,{'stop_loss_price': 16547.0}
INVALID_RISK_UNIT,risk_unit == 0 or non-finite,NQZ21-CME,23973880,2021-11-19 20:05:48.237000+00:00,16573.0,{'stop_loss_price': 16573.0}
INVALID_RISK_UNIT,risk_unit == 0 or non-finite,NQZ21-CME,23973881,2021-11-19 20:05:48.237001+00:00,16573.0,{'stop_loss_price': 16573.0}
INVALID_RISK_UNIT,risk_unit == 0 or non-finite,NQZ21-CME,23990295,2021-11-19 20:34:53.597000+00:00,16573.75,{'stop_loss_price': 16573.75}
INVALID_RISK_UNIT,risk_unit == 0 or non-finite,NQZ21-CME,23990296,2021-11-19 20:34:53.597001+00:00,16573.75,{'stop_loss_price': 16573.75}
INVALID_RISK_UNIT,risk_unit == 0 or non-finite,NQZ21-CME,24030924,2021-11-21 23:14:40.178000+00:00,16597.75,{'stop_loss_price': 16597.75}
INVALID_RISK_UNIT,risk_unit == 0 or non-finite,NQZ21-CME,24078534,2021-11-22 13:03:43.215003+00:00,16631.0,{'stop_loss_price': 16631.0}
INVALID_RISK_UNIT,risk_unit == 0 or non-finite,NQZ21-CME,24083733,2021-11-22 13:41:29.817000+00:00,16642.5,{'stop_loss_price': 16642.5}
INVALID_RISK_UNIT,risk_unit == 0 or non-finite,NQZ21-CME,24083734,2021-11-22 13:41:29.825000+00:00,16642.5,{'stop_loss_price': 16642.5}
INVALID_RISK_UNIT,risk_unit == 0 or non-finite,NQZ21-CME,24083735,2021-11-22 13:41:29.825001+00:00,16642.5,{'stop_loss_price': 16642.5}
INVALID_RISK_UNIT,risk_unit == 0 or non-finite,NQZ21-CME,24116064,2021-11-22 14:34:04.910000+00:00,16669.75,{'stop_loss_price': 16669.75}
INVALID_RISK_UNIT,risk_unit == 0 or non-finite,NQZ21-CME,24116065,2021-11-22 14:34:04.910001+00:00,16669.75,{'stop_loss_price': 16669.75}
INVALID_RISK_UNIT,risk_unit == 0 or non-finite,NQZ21-CME,24116066,2021-11-22 14:34:04.911000+00:00,16669.75,{'stop_loss_price': 16669.75}
INVALID_RISK_UNIT,risk_unit == 0 or non-finite,NQZ21-CME,24141654,2021-11-22 14:43:40.711000+00:00,16695.5,{'stop_loss_price': 16695.5}
INVALID_RISK_UNIT,risk_unit == 0 or non-finite,NQZ21-CME,24141655,2021-11-22 14:43:40.820000+00:00,16695.5,{'stop_loss_price': 16695.5}
INVALID_RISK_UNIT,risk_unit == 0 or non-finite,NQZ21-CME,24141656,2021-11-22 14:43:40.820001+00:00,16695.5,{'stop_loss_price': 16695.5}
INVALID_RISK_UNIT,risk_unit == 0 or non-finite,NQZ21-CME,24141657,2021-11-22 14:43:40.826000+00:00,16695.5,{'stop_loss_price': 16695.5}
INVALID_RISK_UNIT,risk_unit == 0 or non-finite,NQZ21-CME,24141658,2021-11-22 14:43:40.826001+00:00,16695.5,{'stop_loss_price': 16695.5}
INVALID_RISK_UNIT,risk_unit == 0 or non-finite,NQZ21-CME,24141659,2021-11-22 14:43:40.829000+00:00,16695.5,{'stop_loss_price': 16695.5}
INVALID_RISK_UNIT,risk_unit == 0 or non-finite,NQZ21-CME,24360150,2021-11-22 16:50:27.176000+00:00,16568.5,{'stop_loss_price': 16568.5}
INVALID_RISK_UNIT,risk_unit == 0 or non-finite,NQZ21-CME,24394509,2021-11-22 16:59:10.403000+00:00,16496.5,{'stop_loss_price': 16496.5}
INVALID_RISK_UNIT,risk_unit == 0 or non-finite,NQZ21-CME,24424884,2021-11-22 17:09:00.200000+00:00,16502.75,{'stop_loss_price': 16502.75}
INVALID_RISK_UNIT,risk_unit == 0 or non-finite,NQZ21-CME,24424885,2021-11-22 17:09:00.204000+00:00,16502.75,{'stop_loss_price': 16502.75}
INVALID_RISK_UNIT,risk_unit == 0 or non-finite,NQZ21-CME,24424886,2021-11-22 17:09:00.204001+00:00,16502.75,{'stop_loss_price': 16502.75}
INVALID_RISK_UNIT,risk_unit == 0 or non-finite,NQZ21-CME,24424887,2021-11-22 17:09:00.205000+00:00,16502.75,{'stop_loss_price': 16502.75}
INVALID_RISK_UNIT,risk_unit == 0 or non-finite,NQZ21-CME,24465574,2021-11-22 17:30:33.999000+00:00,16514.5,{'stop_loss_price': 16514.5}
INVALID_RISK_UNIT,risk_unit == 0 or non-finite,NQZ21-CME,24523515,2021-11-22 18:15:02.042000+00:00,16516.5,{'stop_loss_price': 16516.5}
INVALID_RISK_UNIT,risk_unit == 0 or non-finite,NQZ21-CME,24545052,2021-11-22 18:44:07.211000+00:00,16540.5,{'stop_loss_price': 16540.5}
INVALID_RISK_UNIT,risk_unit == 0 or non-finite,NQZ21-CME,24545053,2021-11-22 18:44:07.212000+00:00,16540.5,{'stop_loss_price': 16540.5}
INVALID_RISK_UNIT,risk_unit == 0 or non-finite,NQZ21-CME,24545054,2021-11-22 18:44:07.566000+00:00,16540.5,{'stop_loss_price': 16540.5}
INVALID_RISK_UNIT,risk_unit == 0 or non-finite,NQZ21-CME,24545074,2021-11-22 18:44:11.197000+00:00,16540.5,{'stop_loss_price': 16540.5}
INVALID_RISK_UNIT,risk_unit == 0 or non-finite,NQZ21-CME,24545075,2021-11-22 18:44:11.199000+00:00,16540.5,{'stop_loss_price': 16540.5}
INVALID_RISK_UNIT,risk_unit == 0 or non-finite,NQZ21-CME,24557592,2021-11-22 19:02:16.705001+00:00,16537.5,{'stop_loss_price': 16537.5}
INVALID_RISK_UNIT,risk_unit == 0 or non-finite,NQZ21-CME,24568626,2021-11-22 19:21:16.781000+00:00,16533.75,{'stop_loss_price': 16533.75}
INVALID_RISK_UNIT,risk_unit == 0 or non-finite,NQZ21-CME,24568627,2021-11-22 19:21:16.866000+00:00,16533.75,{'stop_loss_price': 16533.75}
INVALID_RISK_UNIT,risk_unit == 0 or non-finite,NQZ21-CME,24568628,2021-11-22 19:21:16.866001+00:00,16533.75,{'stop_loss_price': 16533.75}
INVALID_RISK_UNIT,risk_unit == 0 or non-finite,NQZ21-CME,24568634,2021-11-22 19:21:18.382000+00:00,16533.75,{'stop_loss_price': 16533.75}
INVALID_RISK_UNIT,risk_unit == 0 or non-finite,NQZ21-CME,24584971,2021-11-22 19:46:11.532001+00:00,16549.5,{'stop_loss_price': 16549.5}
INVALID_RISK_UNIT,risk_unit == 0 or non-finite,NQZ21-CME,24593042,2021-11-22 19:56:34.639000+00:00,16568.75,{'stop_loss_price': 16568.75}
INVALID_RISK_UNIT,risk_unit == 0 or non-finite,NQZ21-CME,24593043,2021-11-22 19:56:34.639001+00:00,16568.75,{'stop_loss_price': 16568.75}
INVALID_RISK_UNIT,risk_unit == 0 or non-finite,NQZ21-CME,24593044,2021-11-22 19:56:35.034000+00:00,16568.75,{'stop_loss_price': 16568.75}
INVALID_RISK_UNIT,risk_unit == 0 or non-finite,NQZ21-CME,24593045,2021-11-22 19:56:35.034001+00:00,16568.75,{'stop_loss_price': 16568.75}
INVALID_RISK_UNIT,risk_unit == 0 or non-finite,NQZ21-CME,24609732,2021-11-22 20:13:17.498000+00:00,16592.75,{'stop_loss_price': 16592.75}
INVALID_RISK_UNIT,risk_unit == 0 or non-finite,NQZ21-CME,24609733,2021-11-22 20:13:17.498001+00:00,16592.75,{'stop_loss_price': 16592.75}
INVALID_RISK_UNIT,risk_unit == 0 or non-finite,NQZ21-CME,24680537,2021-11-22 20:57:37.308000+00:00,16404.5,{'stop_loss_price': 16404.5}
INVALID_RISK_UNIT,risk_unit == 0 or non-finite,NQZ21-CME,24680538,2021-11-22 20:57:37.308001+00:00,16404.5,{'stop_loss_price': 16404.5}
INVALID_RISK_UNIT,risk_unit == 0 or non-finite,NQZ21-CME,24680544,2021-11-22 20:57:37.529000+00:00,16404.5,{'stop_loss_price': 16404.5}
INVALID_RISK_UNIT,risk_unit == 0 or non-finite,NQZ21-CME,24680545,2021-11-22 20:57:37.529001+00:00,16404.5,{'stop_loss_price': 16404.5}
INVALID_RISK_UNIT,risk_unit == 0 or non-finite,NQZ21-CME,24692798,2021-11-22 21:00:35.505000+00:00,16381.25,{'stop_loss_price': 16381.25}
INVALID_RISK_UNIT,risk_unit == 0 or non-finite,NQZ21-CME,24706908,2021-11-22 21:23:20.468000+00:00,16396.0,{'stop_loss_price': 16396.0}
INVALID_RISK_UNIT,risk_unit == 0 or non-finite,NQZ21-CME,24706909,2021-11-22 21:23:20.468001+00:00,16396.0,{'stop_loss_price': 16396.0}
INVALID_RISK_UNIT,risk_unit == 0 or non-finite,NQZ21-CME,24720216,2021-11-23 01:16:50.851000+00:00,16385.25,{'stop_loss_price': 16385.25}
INVALID_RISK_UNIT,risk_unit == 0 or non-finite,NQZ21-CME,24720217,2021-11-23 01:16:50.851001+00:00,16385.25,{'stop_loss_price': 16385.25}
INVALID_RISK_UNIT,risk_unit == 0 or non-finite,NQZ21-CME,24720218,2021-11-23 01:16:50.851002+00:00,16385.25,{'stop_loss_price': 16385.25}
INVALID_RISK_UNIT,risk_unit == 0 or non-finite,NQZ21-CME,24720219,2021-11-23 01:16:50.851003+00:00,16385.25,{'stop_loss_price': 16385.25}
INVALID_RISK_UNIT,risk_unit == 0 or non-finite,NQZ21-CME,24732073,2021-11-23 02:49:06.740000+00:00,16340.5,{'stop_loss_price': 16340.5}
INVALID_RISK_UNIT,risk_unit == 0 or non-finite,NQZ21-CME,24732074,2021-11-23 02:49:06.740001+00:00,16340.5,{'stop_loss_price': 16340.5}
INVALID_RISK_UNIT,risk_unit == 0 or non-finite,NQZ21-CME,24785455,2021-11-23 09:50:13.237000+00:00,16328.5,{'stop_loss_price': 16328.5}
INVALID_RISK_UNIT,risk_unit == 0 or non-finite,NQZ21-CME,24791422,2021-11-23 10:40:18.398000+00:00,16333.25,{'stop_loss_price': 16333.25}
INVALID_RISK_UNIT,risk_unit == 0 or non-finite,NQZ21-CME,24799557,2021-11-23 11:45:51.912000+00:00,16339.25,{'stop_loss_price': 16339.25}
INVALID_RISK_UNIT,risk_unit == 0 or non-finite,NQZ21-CME,24816378,2021-11-23 13:11:22.094000+00:00,16333.25,{'stop_loss_price': 16333.25}
INVALID_RISK_UNIT,risk_unit == 0 or non-finite,NQZ21-CME,24816379,2021-11-23 13:11:22.094001+00:00,16333.25,{'stop_loss_price': 16333.25}
INVALID_RISK_UNIT,risk_unit == 0 or non-finite,NQZ21-CME,24816380,2021-11-23 13:11:22.095000+00:00,16333.25,{'stop_loss_price': 16333.25}
INVALID_RISK_UNIT,risk_unit == 0 or non-finite,NQZ21-CME,24830701,2021-11-23 14:02:32.251000+00:00,16354.5,{'stop_loss_price': 16354.5}
INVALID_RISK_UNIT,risk_unit == 0 or non-finite,NQZ21-CME,24830702,2021-11-23 14:02:32.251001+00:00,16354.5,{'stop_loss_price': 16354.5}
INVALID_RISK_UNIT,risk_unit == 0 or non-finite,NQZ21-CME,24830703,2021-11-23 14:02:32.251002+00:00,16354.5,{'stop_loss_price': 16354.5}
INVALID_RISK_UNIT,risk_unit == 0 or non-finite,NQZ21-CME,24876460,2021-11-23 14:38:03.239000+00:00,16328.25,{'stop_loss_price': 16328.25}
INVALID_RISK_UNIT,risk_unit == 0 or non-finite,NQZ21-CME,24906241,2021-11-23 14:48:46.599000+00:00,16403.25,{'stop_loss_price': 16403.25}
INVALID_RISK_UNIT,risk_unit == 0 or non-finite,NQZ21-CME,24917576,2021-11-23 14:52:53.382000+00:00,16400.25,{'stop_loss_price': 16400.25}
INVALID_RISK_UNIT,risk_unit == 0 or non-finite,NQZ21-CME,24917577,2021-11-23 14:52:53.394000+00:00,16400.25,{'stop_loss_price': 16400.25}
INVALID_RISK_UNIT,risk_unit == 0 or non-finite,NQZ21-CME,24917578,2021-11-23 14:52:53.395000+00:00,16400.25,{'stop_loss_price': 16400.25}
INVALID_RISK_UNIT,risk_unit == 0 or non-finite,NQZ21-CME,24917579,2021-11-23 14:52:53.395001+00:00,16400.25,{'stop_loss_price': 16400.25}
INVALID_RISK_UNIT,risk_unit == 0 or non-finite,NQZ21-CME,24917580,2021-11-23 14:52:53.415000+00:00,16400.25,{'stop_loss_price': 16400.25}
INVALID_RISK_UNIT,risk_unit == 0 or non-finite,NQZ21-CME,24917581,2021-11-23 14:52:53.572000+00:00,16400.25,{'stop_loss_price': 16400.25}
INVALID_RISK_UNIT,risk_unit == 0 or non-finite,NQZ21-CME,24917582,2021-11-23 14:52:53.572001+00:00,16400.25,{'stop_loss_price': 16400.25}
INVALID_RISK_UNIT,risk_unit == 0 or non-finite,NQZ21-CME,24956467,2021-11-23 15:08:46.524000+00:00,16296.75,{'stop_loss_price': 16296.75}
INVALID_RISK_UNIT,risk_unit == 0 or non-finite,NQZ21-CME,24956468,2021-11-23 15:08:46.524001+00:00,16296.75,{'stop_loss_price': 16296.75}
INVALID_RISK_UNIT,risk_unit == 0 or non-finite,NQZ21-CME,24956469,2021-11-23 15:08:46.524002+00:00,16296.75,{'stop_loss_price': 16296.75}
INVALID_RISK_UNIT,risk_unit == 0 or non-finite,NQZ21-CME,24956470,2021-11-23 15:08:46.524003+00:00,16296.75,{'stop_loss_price': 16296.75}
INVALID_RISK_UNIT,risk_unit == 0 or non-finite,NQZ21-CME,24985878,2021-11-23 15:20:55.255000+00:00,16278.0,{'stop_loss_price': 16278.0}
INVALID_RISK_UNIT,risk_unit == 0 or non-finite,NQZ21-CME,25081176,2021-11-23 16:05:02.206000+00:00,16172.0,{'stop_loss_price': 16172.0}
INVALID_RISK_UNIT,risk_unit == 0 or non-finite,NQZ21-CME,25102397,2021-11-23 16:15:08.748000+00:00,16221.25,{'stop_loss_price': 16221.25}
INVALID_RISK_UNIT,risk_unit == 0 or non-finite,NQZ21-CME,25114419,2021-11-23 16:21:50.604000+00:00,16227.0,{'stop_loss_price': 16227.0}
INVALID_RISK_UNIT,risk_unit == 0 or non-finite,NQZ21-CME,25114420,2021-11-23 16:21:50.604001+00:00,16227.0,{'stop_loss_price': 16227.0}
INVALID_RISK_UNIT,risk_unit == 0 or non-finite,NQZ21-CME,25114421,2021-11-23 16:21:50.606000+00:00,16227.0,{'stop_loss_price': 16227.0}
INVALID_RISK_UNIT,risk_unit == 0 or non-finite,NQZ21-CME,25114422,2021-11-23 16:21:50.607000+00:00,16227.0,{'stop_loss_price': 16227.0}
INVALID_RISK_UNIT,risk_unit == 0 or non-finite,NQZ21-CME,25185005,2021-11-23 16:55:12.665000+00:00,16217.25,{'stop_loss_price': 16217.25}
INVALID_RISK_UNIT,risk_unit == 0 or non-finite,NQZ21-CME,25190248,2021-11-23 16:58:44.310000+00:00,16211.0,{'stop_loss_price': 16211.0}
INVALID_RISK_UNIT,risk_unit == 0 or non-finite,NQZ21-CME,25206118,2021-11-23 17:09:19.368000+00:00,16193.75,{'stop_loss_price': 16193.75}
INVALID_RISK_UNIT,risk_unit == 0 or non-finite,NQZ21-CME,25241463,2021-11-23 17:36:56.589000+00:00,16233.5,{'stop_loss_price': 16233.5}
INVALID_RISK_UNIT,risk_unit == 0 or non-finite,NQZ21-CME,25241464,2021-11-23 17:36:56.589001+00:00,16233.5,{'stop_loss_price': 16233.5}
INVALID_RISK_UNIT,risk_unit == 0 or non-finite,NQZ21-CME,25260750,2021-11-23 17:52:17.039000+00:00,16202.5,{'stop_loss_price': 16202.5}
INVALID_RISK_UNIT,risk_unit == 0 or non-finite,NQZ21-CME,25279792,2021-11-23 18:07:53.463000+00:00,16171.75,{'stop_loss_price': 16171.75}
INVALID_RISK_UNIT,risk_unit == 0 or non-finite,NQZ21-CME,25279793,2021-11-23 18:07:53.464000+00:00,16171.75,{'stop_loss_price': 16171.75}
INVALID_RISK_UNIT,risk_unit == 0 or non-finite,NQZ21-CME,25296089,2021-11-23 18:22:24.223000+00:00,16164.25,{'stop_loss_price': 16164.25}
INVALID_RISK_UNIT,risk_unit == 0 or non-finite,NQZ21-CME,25300595,2021-11-23 18:26:20.787000+00:00,16168.75,{'stop_loss_price': 16168.75}
INVALID_RISK_UNIT,risk_unit == 0 or non-finite,NQZ21-CME,25300596,2021-11-23 18:26:20.787001+00:00,16168.75,{'stop_loss_price': 16168.75}
INVALID_RISK_UNIT,risk_unit == 0 or non-finite,NQZ21-CME,25301445,2021-11-23 18:26:51.795000+00:00,16177.0,{'stop_loss_price': 16177.0}
INVALID_RISK_UNIT,risk_unit == 0 or non-finite,NQZ21-CME,25301446,2021-11-23 18:26:51.795001+00:00,16177.0,{'stop_loss_price': 16177.0}
INVALID_RISK_UNIT,risk_unit == 0 or non-finite,NQZ21-CME,25301645,2021-11-23 18:27:00.368000+00:00,16171.75,{'stop_loss_price': 16171.75}
INVALID_RISK_UNIT,risk_unit == 0 or non-finite,NQZ21-CME,25320097,2021-11-23 18:41:58.577000+00:00,16141.25,{'stop_loss_price': 16141.25}
INVALID_RISK_UNIT,risk_unit == 0 or non-finite,NQZ21-CME,25320098,2021-11-23 18:41:58.577001+00:00,16141.25,{'stop_loss_price': 16141.25}
INVALID_RISK_UNIT,risk_unit == 0 or non-finite,NQZ21-CME,25320099,2021-11-23 18:41:58.577002+00:00,16141.25,{'stop_loss_price': 16141.25}
INVALID_RISK_UNIT,risk_unit == 0 or non-finite,NQZ21-CME,25320100,2021-11-23 18:41:58.577003+00:00,16141.25,{'stop_loss_price': 16141.25}
INVALID_RISK_UNIT,risk_unit == 0 or non-finite,NQZ21-CME,25374019,2021-11-23 19:25:39.613000+00:00,16168.5,{'stop_loss_price': 16168.5}
INVALID_RISK_UNIT,risk_unit == 0 or non-finite,NQZ21-CME,25374020,2021-11-23 19:25:39.693000+00:00,16168.5,{'stop_loss_price': 16168.5}
INVALID_RISK_UNIT,risk_unit == 0 or non-finite,NQZ21-CME,25374021,2021-11-23 19:25:39.693001+00:00,16168.5,{'stop_loss_price': 16168.5}
INVALID_RISK_UNIT,risk_unit == 0 or non-finite,NQZ21-CME,25374022,2021-11-23 19:25:39.780000+00:00,16168.5,{'stop_loss_price': 16168.5}
INVALID_RISK_UNIT,risk_unit == 0 or non-finite,NQZ21-CME,25374023,2021-11-23 19:25:39.780001+00:00,16168.5,{'stop_loss_price': 16168.5}
INVALID_RISK_UNIT,risk_unit == 0 or non-finite,NQZ21-CME,25374024,2021-11-23 19:25:39.781000+00:00,16168.5,{'stop_loss_price': 16168.5}
INVALID_RISK_UNIT,risk_unit == 0 or non-finite,NQZ21-CME,25445246,2021-11-23 20:17:43.612000+00:00,16270.0,{'stop_loss_price': 16270.0}
INVALID_RISK_UNIT,risk_unit == 0 or non-finite,NQZ21-CME,25455554,2021-11-23 20:24:17.819000+00:00,16251.75,{'stop_loss_price': 16251.75}
INVALID_RISK_UNIT,risk_unit == 0 or non-finite,NQZ21-CME,25455555,2021-11-23 20:24:17.822000+00:00,16251.75,{'stop_loss_price': 16251.75}
INVALID_RISK_UNIT,risk_unit == 0 or non-finite,NQZ21-CME,25455556,2021-11-23 20:24:17.822001+00:00,16251.75,{'stop_loss_price': 16251.75}
INVALID_RISK_UNIT,risk_unit == 0 or non-finite,NQZ21-CME,25455557,2021-11-23 20:24:17.822002+00:00,16251.75,{'stop_loss_price': 16251.75}
INVALID_RISK_UNIT,risk_unit == 0 or non-finite,NQZ21-CME,25498146,2021-11-23 20:54:30.119000+00:00,16312.5,{'stop_loss_price': 16312.5}
INVALID_RISK_UNIT,risk_unit == 0 or non-finite,NQZ21-CME,25499600,2021-11-23 20:54:43.626000+00:00,16296.0,{'stop_loss_price': 16296.0}
INVALID_RISK_UNIT,risk_unit == 0 or non-finite,NQZ21-CME,25499601,2021-11-23 20:54:43.626001+00:00,16296.0,{'stop_loss_price': 16296.0}
INVALID_RISK_UNIT,risk_unit == 0 or non-finite,NQZ21-CME,25529002,2021-11-24 01:01:45.129000+00:00,16307.5,{'stop_loss_price': 16307.5}
INVALID_RISK_UNIT,risk_unit == 0 or non-finite,NQZ21-CME,25529003,2021-11-24 01:01:45.192000+00:00,16307.5,{'stop_loss_price': 16307.5}
INVALID_RISK_UNIT,risk_unit == 0 or non-finite,NQZ21-CME,25529004,2021-11-24 01:01:45.372000+00:00,16307.5,{'stop_loss_price': 16307.5}
INVALID_RISK_UNIT,risk_unit == 0 or non-finite,NQZ21-CME,25529005,2021-11-24 01:01:45.372001+00:00,16307.5,{'stop_loss_price': 16307.5}
INVALID_RISK_UNIT,risk_unit == 0 or non-finite,NQZ21-CME,25535042,2021-11-24 03:23:49.801000+00:00,16290.0,{'stop_loss_price': 16290.0}
INVALID_RISK_UNIT,risk_unit == 0 or non-finite,NQZ21-CME,25639801,2021-11-24 14:30:42.568000+00:00,16182.75,{'stop_loss_price': 16182.75}
INVALID_RISK_UNIT,risk_unit == 0 or non-finite,NQZ21-CME,25639802,2021-11-24 14:30:42.568001+00:00,16182.75,{'stop_loss_price': 16182.75}
INVALID_RISK_UNIT,risk_unit == 0 or non-finite,NQZ21-CME,25647623,2021-11-24 14:32:19.542000+00:00,16148.5,{'stop_loss_price': 16148.5}
INVALID_RISK_UNIT,risk_unit == 0 or non-finite,NQZ21-CME,25647624,2021-11-24 14:32:19.542001+00:00,16148.5,{'stop_loss_price': 16148.5}
INVALID_RISK_UNIT,risk_unit == 0 or non-finite,NQZ21-CME,25647625,2021-11-24 14:32:19.542002+00:00,16148.5,{'stop_loss_price': 16148.5}
INVALID_RISK_UNIT,risk_unit == 0 or non-finite,NQZ21-CME,25647626,2021-11-24 14:32:19.553000+00:00,16148.5,{'stop_loss_price': 16148.5}
INVALID_RISK_UNIT,risk_unit == 0 or non-finite,NQZ21-CME,25647627,2021-11-24 14:32:19.553001+00:00,16148.5,{'stop_loss_price': 16148.5}
INVALID_RISK_UNIT,risk_unit == 0 or non-finite,NQZ21-CME,25647628,2021-11-24 14:32:19.553002+00:00,16148.5,{'stop_loss_price': 16148.5}
INVALID_RISK_UNIT,risk_unit == 0 or non-finite,NQZ21-CME,25647630,2021-11-24 14:32:19.619001+00:00,16148.5,{'stop_loss_price': 16148.5}
INVALID_RISK_UNIT,risk_unit == 0 or non-finite,NQZ21-CME,25648401,2021-11-24 14:32:26.052000+00:00,16149.75,{'stop_loss_price': 16149.75}
INVALID_RISK_UNIT,risk_unit == 0 or non-finite,NQZ21-CME,25648402,2021-11-24 14:32:26.052001+00:00,16149.75,{'stop_loss_price': 16149.75}
INVALID_RISK_UNIT,risk_unit == 0 or non-finite,NQZ21-CME,25650501,2021-11-24 14:32:56.604004+00:00,16154.25,{'stop_loss_price': 16154.25}
INVALID_RISK_UNIT,risk_unit == 0 or non-finite,NQZ21-CME,25650502,2021-11-24 14:32:56.604005+00:00,16154.25,{'stop_loss_price': 16154.25}
INVALID_RISK_UNIT,risk_unit == 0 or non-finite,NQZ21-CME,25650503,2021-11-24 14:32:56.604006+00:00,16154.25,{'stop_loss_price': 16154.25}
INVALID_RISK_UNIT,risk_unit == 0 or non-finite,NQZ21-CME,25650504,2021-11-24 14:32:56.604007+00:00,16154.25,{'stop_loss_price': 16154.25}
INVALID_RISK_UNIT,risk_unit == 0 or non-finite,NQZ21-CME,25650505,2021-11-24 14:32:56.604008+00:00,16154.25,{'stop_loss_price': 16154.25}
INVALID_RISK_UNIT,risk_unit == 0 or non-finite,NQZ21-CME,25650506,2021-11-24 14:32:56.604009+00:00,16154.25,{'stop_loss_price': 16154.25}
INVALID_RISK_UNIT,risk_unit == 0 or non-finite,NQZ21-CME,25650507,2021-11-24 14:32:56.604010+00:00,16154.25,{'stop_loss_price': 16154.25}
INVALID_RISK_UNIT,risk_unit == 0 or non-finite,NQZ21-CME,25652060,2021-11-24 14:33:26.745000+00:00,16150.5,{'stop_loss_price': 16150.5}
INVALID_RISK_UNIT,risk_unit == 0 or non-finite,NQZ21-CME,25688342,2021-11-24 14:45:19.841000+00:00,16154.5,{'stop_loss_price': 16154.5}
INVALID_RISK_UNIT,risk_unit == 0 or non-finite,NQZ21-CME,25689715,2021-11-24 14:45:42.441000+00:00,16138.25,{'stop_loss_price': 16138.25}
INVALID_RISK_UNIT,risk_unit == 0 or non-finite,NQZ21-CME,25701924,2021-11-24 14:50:07.924000+00:00,16137.0,{'stop_loss_price': 16137.0}
INVALID_RISK_UNIT,risk_unit == 0 or non-finite,NQZ21-CME,25721247,2021-11-24 14:58:48.643000+00:00,16177.5,{'stop_loss_price': 16177.5}
INVALID_RISK_UNIT,risk_unit == 0 or non-finite,NQZ21-CME,25731323,2021-11-24 15:01:57.496007+00:00,16220.25,{'stop_loss_price': 16220.25}
INVALID_RISK_UNIT,risk_unit == 0 or non-finite,NQZ21-CME,25731324,2021-11-24 15:01:57.496008+00:00,16220.25,{'stop_loss_price': 16220.25}
INVALID_RISK_UNIT,risk_unit == 0 or non-finite,NQZ21-CME,25731325,2021-11-24 15:01:57.498000+00:00,16220.25,{'stop_loss_price': 16220.25}
INVALID_RISK_UNIT,risk_unit == 0 or non-finite,NQZ21-CME,25733656,2021-11-24 15:02:33.257000+00:00,16227.0,{'stop_loss_price': 16227.0}
INVALID_RISK_UNIT,risk_unit == 0 or non-finite,NQZ21-CME,25755822,2021-11-24 15:10:43.411000+00:00,16207.25,{'stop_loss_price': 16207.25}
INVALID_RISK_UNIT,risk_unit == 0 or non-finite,NQZ21-CME,25759398,2021-11-24 15:12:04.497000+00:00,16181.75,{'stop_loss_price': 16181.75}
INVALID_RISK_UNIT,risk_unit == 0 or non-finite,NQZ21-CME,25766243,2021-11-24 15:14:19.222000+00:00,16183.75,{'stop_loss_price': 16183.75}
INVALID_RISK_UNIT,risk_unit == 0 or non-finite,NQZ21-CME,25766244,2021-11-24 15:14:19.222001+00:00,16183.75,{'stop_loss_price': 16183.75}
INVALID_RISK_UNIT,risk_unit == 0 or non-finite,NQZ21-CME,25770148,2021-11-24 15:16:00.648000+00:00,16200.0,{'stop_loss_price': 16200.0}
INVALID_RISK_UNIT,risk_unit == 0 or non-finite,NQZ21-CME,25780918,2021-11-24 15:21:22.958000+00:00,16206.5,{'stop_loss_price': 16206.5}
INVALID_RISK_UNIT,risk_unit == 0 or non-finite,NQZ21-CME,25780919,2021-11-24 15:21:22.959000+00:00,16206.5,{'stop_loss_price': 16206.5}
INVALID_RISK_UNIT,risk_unit == 0 or non-finite,NQZ21-CME,25799428,2021-11-24 15:29:04.555000+00:00,16250.25,{'stop_loss_price': 16250.25}
INVALID_RISK_UNIT,risk_unit == 0 or non-finite,NQZ21-CME,25799429,2021-11-24 15:29:04.555001+00:00,16250.25,{'stop_loss_price': 16250.25}
INVALID_RISK_UNIT,risk_unit == 0 or non-finite,NQZ21-CME,25869666,2021-11-24 16:14:26.656000+00:00,16268.0,{'stop_loss_price': 16268.0}
INVALID_RISK_UNIT,risk_unit == 0 or non-finite,NQZ21-CME,25869667,2021-11-24 16:14:26.661000+00:00,16268.0,{'stop_loss_price': 16268.0}
INVALID_RISK_UNIT,risk_unit == 0 or non-finite,NQZ21-CME,25904428,2021-11-24 16:42:14.851000+00:00,16300.0,{'stop_loss_price': 16300.0}
INVALID_RISK_UNIT,risk_unit == 0 or non-finite,NQZ21-CME,25916917,2021-11-24 16:54:47.471000+00:00,16321.25,{'stop_loss_price': 16321.25}
INVALID_RISK_UNIT,risk_unit == 0 or non-finite,NQZ21-CME,25916918,2021-11-24 16:54:47.792000+00:00,16321.25,{'stop_loss_price': 16321.25}
INVALID_RISK_UNIT,risk_unit == 0 or non-finite,NQZ21-CME,25919585,2021-11-24 16:57:47.603000+00:00,16312.0,{'stop_loss_price': 16312.0}
INVALID_RISK_UNIT,risk_unit == 0 or non-finite,NQZ21-CME,25919586,2021-11-24 16:57:48.147000+00:00,16312.0,{'stop_loss_price': 16312.0}
INVALID_RISK_UNIT,risk_unit == 0 or non-finite,NQZ21-CME,25980161,2021-11-24 18:19:48.640000+00:00,16320.5,{'stop_loss_price': 16320.5}
INVALID_RISK_UNIT,risk_unit == 0 or non-finite,NQZ21-CME,25994985,2021-11-24 18:41:02.937000+00:00,16319.75,{'stop_loss_price': 16319.75}
INVALID_RISK_UNIT,risk_unit == 0 or non-finite,NQZ21-CME,26012166,2021-11-24 19:06:20.271000+00:00,16305.75,{'stop_loss_price': 16305.75}
INVALID_RISK_UNIT,risk_unit == 0 or non-finite,NQZ21-CME,26027718,2021-11-24 19:15:49.358000+00:00,16281.25,{'stop_loss_price': 16281.25}
INVALID_RISK_UNIT,risk_unit == 0 or non-finite,NQZ21-CME,26030719,2021-11-24 19:18:25.446000+00:00,16298.75,{'stop_loss_price': 16298.75}
INVALID_RISK_UNIT,risk_unit == 0 or non-finite,NQZ21-CME,26032716,2021-11-24 19:19:58.135000+00:00,16300.75,{'stop_loss_price': 16300.75}
INVALID_RISK_UNIT,risk_unit == 0 or non-finite,NQZ21-CME,26053036,2021-11-24 19:44:45.144000+00:00,16317.5,{'stop_loss_price': 16317.5}
INVALID_RISK_UNIT,risk_unit == 0 or non-finite,NQZ21-CME,26053037,2021-11-24 19:44:45.144001+00:00,16317.5,{'stop_loss_price': 16317.5}
INVALID_RISK_UNIT,risk_unit == 0 or non-finite,NQZ21-CME,26075158,2021-11-24 20:17:02.399000+00:00,16356.5,{'stop_loss_price': 16356.5}
INVALID_RISK_UNIT,risk_unit == 0 or non-finite,NQZ21-CME,26075159,2021-11-24 20:17:02.399001+00:00,16356.5,{'stop_loss_price': 16356.5}
INVALID_RISK_UNIT,risk_unit == 0 or non-finite,NQZ21-CME,26101757,2021-11-24 20:52:47.492000+00:00,16359.0,{'stop_loss_price': 16359.0}
INVALID_RISK_UNIT,risk_unit == 0 or non-finite,NQZ21-CME,26107049,2021-11-24 20:58:14.796000+00:00,16356.5,{'stop_loss_price': 16356.5}
INVALID_RISK_UNIT,risk_unit == 0 or non-finite,NQZ21-CME,26107050,2021-11-24 20:58:14.796001+00:00,16356.5,{'stop_loss_price': 16356.5}
INVALID_RISK_UNIT,risk_unit == 0 or non-finite,NQZ21-CME,26107051,2021-11-24 20:58:14.796002+00:00,16356.5,{'stop_loss_price': 16356.5}
INVALID_RISK_UNIT,risk_unit == 0 or non-finite,NQZ21-CME,26107052,2021-11-24 20:58:14.796003+00:00,16356.5,{'stop_loss_price': 16356.5}
INVALID_RISK_UNIT,risk_unit == 0 or non-finite,NQZ21-CME,26107053,2021-11-24 20:58:15.160000+00:00,16356.5,{'stop_loss_price': 16356.5}
INVALID_RISK_UNIT,risk_unit == 0 or non-finite,NQZ21-CME,26107054,2021-11-24 20:58:15.290000+00:00,16356.5,{'stop_loss_price': 16356.5}
INVALID_RISK_UNIT,risk_unit == 0 or non-finite,NQZ21-CME,26132198,2021-11-25 04:44:27.760000+00:00,16391.0,{'stop_loss_price': 16391.0}
INVALID_RISK_UNIT,risk_unit == 0 or non-finite,NQZ21-CME,26132199,2021-11-25 04:44:27.760001+00:00,16391.0,{'stop_loss_price': 16391.0}
INVALID_RISK_UNIT,risk_unit == 0 or non-finite,NQZ21-CME,26132201,2021-11-25 04:44:27.761000+00:00,16391.0,{'stop_loss_price': 16391.0}
INVALID_RISK_UNIT,risk_unit == 0 or non-finite,NQZ21-CME,26135700,2021-11-25 05:58:52.453000+00:00,16412.0,{'stop_loss_price': 16412.0}
INVALID_RISK_UNIT,risk_unit == 0 or non-finite,NQZ21-CME,26154889,2021-11-25 12:26:44.986000+00:00,16391.75,{'stop_loss_price': 16391.75}
INVALID_RISK_UNIT,risk_unit == 0 or non-finite,NQZ21-CME,26177372,2021-11-25 16:35:55.580000+00:00,16399.75,{'stop_loss_price': 16399.75}
INVALID_RISK_UNIT,risk_unit == 0 or non-finite,NQZ21-CME,26177373,2021-11-25 16:35:56.076000+00:00,16399.75,{'stop_loss_price': 16399.75}
INVALID_RISK_UNIT,risk_unit == 0 or non-finite,NQZ21-CME,26177374,2021-11-25 16:35:57.276000+00:00,16399.75,{'stop_loss_price': 16399.75}
INVALID_RISK_UNIT,risk_unit == 0 or non-finite,NQZ21-CME,26342293,2021-11-26 12:37:15.069000+00:00,16218.25,{'stop_loss_price': 16218.25}
INVALID_RISK_UNIT,risk_unit == 0 or non-finite,NQZ21-CME,26360456,2021-11-26 13:48:29.081000+00:00,16196.75,{'stop_loss_price': 16196.75}
INVALID_RISK_UNIT,risk_unit == 0 or non-finite,NQZ21-CME,26371007,2021-11-26 14:24:06.713000+00:00,16237.0,{'stop_loss_price': 16237.0}
INVALID_RISK_UNIT,risk_unit == 0 or non-finite,NQZ21-CME,26381648,2021-11-26 14:31:40.343000+00:00,16274.25,{'stop_loss_price': 16274.25}
INVALID_RISK_UNIT,risk_unit == 0 or non-finite,NQZ21-CME,26381649,2021-11-26 14:31:40.343001+00:00,16274.25,{'stop_loss_price': 16274.25}
INVALID_RISK_UNIT,risk_unit == 0 or non-finite,NQZ21-CME,26471726,2021-11-26 15:09:42.983000+00:00,16179.5,{'stop_loss_price': 16179.5}
INVALID_RISK_UNIT,risk_unit == 0 or non-finite,NQZ21-CME,26471727,2021-11-26 15:09:42.989000+00:00,16179.5,{'stop_loss_price': 16179.5}
INVALID_RISK_UNIT,risk_unit == 0 or non-finite,NQZ21-CME,26580651,2021-11-26 16:17:27.440000+00:00,16054.25,{'stop_loss_price': 16054.25}
INVALID_RISK_UNIT,risk_unit == 0 or non-finite,NQZ21-CME,26584472,2021-11-26 16:19:47.087000+00:00,16041.75,{'stop_loss_price': 16041.75}
INVALID_RISK_UNIT,risk_unit == 0 or non-finite,NQZ21-CME,26585586,2021-11-26 16:20:20.900000+00:00,16049.5,{'stop_loss_price': 16049.5}
INVALID_RISK_UNIT,risk_unit == 0 or non-finite,NQZ21-CME,26585587,2021-11-26 16:20:20.900001+00:00,16049.5,{'stop_loss_price': 16049.5}
INVALID_RISK_UNIT,risk_unit == 0 or non-finite,NQZ21-CME,26585601,2021-11-26 16:20:21.395000+00:00,16049.5,{'stop_loss_price': 16049.5}
INVALID_RISK_UNIT,risk_unit == 0 or non-finite,NQZ21-CME,26592602,2021-11-26 16:25:30.219001+00:00,16052.5,{'stop_loss_price': 16052.5}
INVALID_RISK_UNIT,risk_unit == 0 or non-finite,NQZ21-CME,26592603,2021-11-26 16:25:30.219002+00:00,16052.5,{'stop_loss_price': 16052.5}
INVALID_RISK_UNIT,risk_unit == 0 or non-finite,NQZ21-CME,26592604,2021-11-26 16:25:30.219003+00:00,16052.5,{'stop_loss_price': 16052.5}
INVALID_RISK_UNIT,risk_unit == 0 or non-finite,NQZ21-CME,26592606,2021-11-26 16:25:30.219005+00:00,16052.5,{'stop_loss_price': 16052.5}
INVALID_RISK_UNIT,risk_unit == 0 or non-finite,NQZ21-CME,26629034,2021-11-26 16:52:19.966000+00:00,16071.5,{'stop_loss_price': 16071.5}
INVALID_RISK_UNIT,risk_unit == 0 or non-finite,NQZ21-CME,26660733,2021-11-26 17:21:14.095000+00:00,16088.5,{'stop_loss_price': 16088.5}
INVALID_RISK_UNIT,risk_unit == 0 or non-finite,NQZ21-CME,26661248,2021-11-26 17:21:37.001000+00:00,16091.25,{'stop_loss_price': 16091.25}
INVALID_RISK_UNIT,risk_unit == 0 or non-finite,NQZ21-CME,26661249,2021-11-26 17:21:37.002000+00:00,16091.25,{'stop_loss_price': 16091.25}
INVALID_RISK_UNIT,risk_unit == 0 or non-finite,NQZ21-CME,26661250,2021-11-26 17:21:37.002001+00:00,16091.25,{'stop_loss_price': 16091.25}
INVALID_RISK_UNIT,risk_unit == 0 or non-finite,NQZ21-CME,26676775,2021-11-26 17:35:39.780000+00:00,16127.75,{'stop_loss_price': 16127.75}
INVALID_RISK_UNIT,risk_unit == 0 or non-finite,NQZ21-CME,26691623,2021-11-26 17:50:00.466000+00:00,16052.75,{'stop_loss_price': 16052.75}
INVALID_RISK_UNIT,risk_unit == 0 or non-finite,NQZ21-CME,26781779,2021-11-29 05:45:59.962000+00:00,16213.75,{'stop_loss_price': 16213.75}
INVALID_RISK_UNIT,risk_unit == 0 or non-finite,NQZ21-CME,26781780,2021-11-29 05:46:01.117000+00:00,16213.75,{'stop_loss_price': 16213.75}
INVALID_RISK_UNIT,risk_unit == 0 or non-finite,NQZ21-CME,26781784,2021-11-29 05:46:13.302000+00:00,16213.75,{'stop_loss_price': 16213.75}
INVALID_RISK_UNIT,risk_unit == 0 or non-finite,NQZ21-CME,26843244,2021-11-29 13:17:05.526000+00:00,16198.0,{'stop_loss_price': 16198.0}
INVALID_RISK_UNIT,risk_unit == 0 or non-finite,NQZ21-CME,26843245,2021-11-29 13:17:05.526001+00:00,16198.0,{'stop_loss_price': 16198.0}
INVALID_RISK_UNIT,risk_unit == 0 or non-finite,NQZ21-CME,26843246,2021-11-29 13:17:06.588000+00:00,16198.0,{'stop_loss_price': 16198.0}
INVALID_RISK_UNIT,risk_unit == 0 or non-finite,NQZ21-CME,26843247,2021-11-29 13:17:06.588001+00:00,16198.0,{'stop_loss_price': 16198.0}
INVALID_RISK_UNIT,risk_unit == 0 or non-finite,NQZ21-CME,26843248,2021-11-29 13:17:11.279000+00:00,16198.0,{'stop_loss_price': 16198.0}
INVALID_RISK_UNIT,risk_unit == 0 or non-finite,NQZ21-CME,26861975,2021-11-29 14:28:57.964000+00:00,16240.5,{'stop_loss_price': 16240.5}
INVALID_RISK_UNIT,risk_unit == 0 or non-finite,NQZ21-CME,26861976,2021-11-29 14:28:57.964001+00:00,16240.5,{'stop_loss_price': 16240.5}
INVALID_RISK_UNIT,risk_unit == 0 or non-finite,NQZ21-CME,26896698,2021-11-29 14:39:31.294000+00:00,16261.0,{'stop_loss_price': 16261.0}
INVALID_RISK_UNIT,risk_unit == 0 or non-finite,NQZ21-CME,26913895,2021-11-29 14:47:02.088000+00:00,16222.0,{'stop_loss_price': 16222.0}
INVALID_RISK_UNIT,risk_unit == 0 or non-finite,NQZ21-CME,26913896,2021-11-29 14:47:02.112000+00:00,16222.0,{'stop_loss_price': 16222.0}
INVALID_RISK_UNIT,risk_unit == 0 or non-finite,NQZ21-CME,26915338,2021-11-29 14:47:33.158000+00:00,16241.75,{'stop_loss_price': 16241.75}
INVALID_RISK_UNIT,risk_unit == 0 or non-finite,NQZ21-CME,26915339,2021-11-29 14:47:33.212000+00:00,16241.75,{'stop_loss_price': 16241.75}
INVALID_RISK_UNIT,risk_unit == 0 or non-finite,NQZ21-CME,26915340,2021-11-29 14:47:33.218000+00:00,16241.75,{'stop_loss_price': 16241.75}
INVALID_RISK_UNIT,risk_unit == 0 or non-finite,NQZ21-CME,26957680,2021-11-29 15:07:34.898007+00:00,16265.25,{'stop_loss_price': 16265.25}
INVALID_RISK_UNIT,risk_unit == 0 or non-finite,NQZ21-CME,26957681,2021-11-29 15:07:34.898008+00:00,16265.25,{'stop_loss_price': 16265.25}
INVALID_RISK_UNIT,risk_unit == 0 or non-finite,NQZ21-CME,26976454,2021-11-29 15:20:57.136000+00:00,16288.5,{'stop_loss_price': 16288.5}
INVALID_RISK_UNIT,risk_unit == 0 or non-finite,NQZ21-CME,27000476,2021-11-29 15:36:32.280000+00:00,16255.0,{'stop_loss_price': 16255.0}
INVALID_RISK_UNIT,risk_unit == 0 or non-finite,NQZ21-CME,27000477,2021-11-29 15:36:32.280001+00:00,16255.0,{'stop_loss_price': 16255.0}
INVALID_RISK_UNIT,risk_unit == 0 or non-finite,NQZ21-CME,27000478,2021-11-29 15:36:32.280002+00:00,16255.0,{'stop_loss_price': 16255.0}
INVALID_RISK_UNIT,risk_unit == 0 or non-finite,NQZ21-CME,27056764,2021-11-29 16:28:59.699000+00:00,16295.25,{'stop_loss_price': 16295.25}
INVALID_RISK_UNIT,risk_unit == 0 or non-finite,NQZ21-CME,27057071,2021-11-29 16:29:17.968000+00:00,16295.0,{'stop_loss_price': 16295.0}
INVALID_RISK_UNIT,risk_unit == 0 or non-finite,NQZ21-CME,27058941,2021-11-29 16:30:45.529000+00:00,16313.0,{'stop_loss_price': 16313.0}
INVALID_RISK_UNIT,risk_unit == 0 or non-finite,NQZ21-CME,27058942,2021-11-29 16:30:45.530000+00:00,16313.0,{'stop_loss_price': 16313.0}
INVALID_RISK_UNIT,risk_unit == 0 or non-finite,NQZ21-CME,27071357,2021-11-29 16:40:58.811005+00:00,16343.75,{'stop_loss_price': 16343.75}
INVALID_RISK_UNIT,risk_unit == 0 or non-finite,NQZ21-CME,27071358,2021-11-29 16:40:58.811006+00:00,16343.75,{'stop_loss_price': 16343.75}
INVALID_RISK_UNIT,risk_unit == 0 or non-finite,NQZ21-CME,27071359,2021-11-29 16:40:58.811007+00:00,16343.75,{'stop_loss_price': 16343.75}
INVALID_RISK_UNIT,risk_unit == 0 or non-finite,NQZ21-CME,27071360,2021-11-29 16:40:58.811008+00:00,16343.75,{'stop_loss_price': 16343.75}
INVALID_RISK_UNIT,risk_unit == 0 or non-finite,NQZ21-CME,27071361,2021-11-29 16:40:58.811009+00:00,16343.75,{'stop_loss_price': 16343.75}
INVALID_RISK_UNIT,risk_unit == 0 or non-finite,NQZ21-CME,27071362,2021-11-29 16:40:58.811010+00:00,16343.75,{'stop_loss_price': 16343.75}
INVALID_RISK_UNIT,risk_unit == 0 or non-finite,NQZ21-CME,27071363,2021-11-29 16:40:58.811011+00:00,16343.75,{'stop_loss_price': 16343.75}
INVALID_RISK_UNIT,risk_unit == 0 or non-finite,NQZ21-CME,27071364,2021-11-29 16:40:58.811012+00:00,16343.75,{'stop_loss_price': 16343.75}
INVALID_RISK_UNIT,risk_unit == 0 or non-finite,NQZ21-CME,27088679,2021-11-29 17:01:01.546000+00:00,16349.25,{'stop_loss_price': 16349.25}
INVALID_RISK_UNIT,risk_unit == 0 or non-finite,NQZ21-CME,27124379,2021-11-29 17:50:20.838000+00:00,16401.0,{'stop_loss_price': 16401.0}
INVALID_RISK_UNIT,risk_unit == 0 or non-finite,NQZ21-CME,27134677,2021-11-29 18:08:02.558000+00:00,16414.0,{'stop_loss_price': 16414.0}
INVALID_RISK_UNIT,risk_unit == 0 or non-finite,NQZ21-CME,27134678,2021-11-29 18:08:02.970000+00:00,16414.0,{'stop_loss_price': 16414.0}
INVALID_RISK_UNIT,risk_unit == 0 or non-finite,NQZ21-CME,27134679,2021-11-29 18:08:03.013000+00:00,16414.0,{'stop_loss_price': 16414.0}
INVALID_RISK_UNIT,risk_unit == 0 or non-finite,NQZ21-CME,27144168,2021-11-29 18:22:00.291000+00:00,16394.0,{'stop_loss_price': 16394.0}
INVALID_RISK_UNIT,risk_unit == 0 or non-finite,NQZ21-CME,27144169,2021-11-29 18:22:00.291001+00:00,16394.0,{'stop_loss_price': 16394.0}
INVALID_RISK_UNIT,risk_unit == 0 or non-finite,NQZ21-CME,27144170,2021-11-29 18:22:00.291002+00:00,16394.0,{'stop_loss_price': 16394.0}
INVALID_RISK_UNIT,risk_unit == 0 or non-finite,NQZ21-CME,27144171,2021-11-29 18:22:00.293000+00:00,16394.0,{'stop_loss_price': 16394.0}
INVALID_RISK_UNIT,risk_unit == 0 or non-finite,NQZ21-CME,27144172,2021-11-29 18:22:00.293001+00:00,16394.0,{'stop_loss_price': 16394.0}
INVALID_RISK_UNIT,risk_unit == 0 or non-finite,NQZ21-CME,27144173,2021-11-29 18:22:00.313000+00:00,16394.0,{'stop_loss_price': 16394.0}
INVALID_RISK_UNIT,risk_unit == 0 or non-finite,NQZ21-CME,27144174,2021-11-29 18:22:00.341000+00:00,16394.0,{'stop_loss_price': 16394.0}
INVALID_RISK_UNIT,risk_unit == 0 or non-finite,NQZ21-CME,27144175,2021-11-29 18:22:00.341001+00:00,16394.0,{'stop_loss_price': 16394.0}
INVALID_RISK_UNIT,risk_unit == 0 or non-finite,NQZ21-CME,27144176,2021-11-29 18:22:00.341002+00:00,16394.0,{'stop_loss_price': 16394.0}
INVALID_RISK_UNIT,risk_unit == 0 or non-finite,NQZ21-CME,27144177,2021-11-29 18:22:00.341003+00:00,16394.0,{'stop_loss_price': 16394.0}
INVALID_RISK_UNIT,risk_unit == 0 or non-finite,NQZ21-CME,27144193,2021-11-29 18:22:02.509000+00:00,16394.0,{'stop_loss_price': 16394.0}
INVALID_RISK_UNIT,risk_unit == 0 or non-finite,NQZ21-CME,27191102,2021-11-29 20:00:00.506000+00:00,16402.75,{'stop_loss_price': 16402.75}
INVALID_RISK_UNIT,risk_unit == 0 or non-finite,NQZ21-CME,27216045,2021-11-29 20:36:29.366000+00:00,16416.75,{'stop_loss_price': 16416.75}
INVALID_RISK_UNIT,risk_unit == 0 or non-finite,NQZ21-CME,27298378,2021-11-30 05:53:06.608000+00:00,16299.0,{'stop_loss_price': 16299.0}
INVALID_RISK_UNIT,risk_unit == 0 or non-finite,NQZ21-CME,27299967,2021-11-30 06:01:13.006000+00:00,16296.0,{'stop_loss_price': 16296.0}
INVALID_RISK_UNIT,risk_unit == 0 or non-finite,NQZ21-CME,27303848,2021-11-30 06:08:51.145000+00:00,16266.25,{'stop_loss_price': 16266.25}
INVALID_RISK_UNIT,risk_unit == 0 or non-finite,NQZ21-CME,27332755,2021-11-30 08:08:21.295000+00:00,16324.25,{'stop_loss_price': 16324.25}
INVALID_RISK_UNIT,risk_unit == 0 or non-finite,NQZ21-CME,27337046,2021-11-30 08:25:34.904000+00:00,16321.75,{'stop_loss_price': 16321.75}
INVALID_RISK_UNIT,risk_unit == 0 or non-finite,NQZ21-CME,27368527,2021-11-30 11:50:30.721000+00:00,16311.5,{'stop_loss_price': 16311.5}
INVALID_RISK_UNIT,risk_unit == 0 or non-finite,NQZ21-CME,27377300,2021-11-30 12:35:26.116000+00:00,16313.25,{'stop_loss_price': 16313.25}
INVALID_RISK_UNIT,risk_unit == 0 or non-finite,NQZ21-CME,27404952,2021-11-30 14:27:02.406000+00:00,16370.5,{'stop_loss_price': 16370.5}
INVALID_RISK_UNIT,risk_unit == 0 or non-finite,NQZ21-CME,27414711,2021-11-30 14:31:31.017003+00:00,16340.5,{'stop_loss_price': 16340.5}
INVALID_RISK_UNIT,risk_unit == 0 or non-finite,NQZ21-CME,27479831,2021-11-30 15:00:17.724005+00:00,16422.75,{'stop_loss_price': 16422.75}
INVALID_RISK_UNIT,risk_unit == 0 or non-finite,NQZ21-CME,27479832,2021-11-30 15:00:17.724006+00:00,16422.75,{'stop_loss_price': 16422.75}
INVALID_RISK_UNIT,risk_unit == 0 or non-finite,NQZ21-CME,27503685,2021-11-30 15:11:35.959000+00:00,16427.5,{'stop_loss_price': 16427.5}
INVALID_RISK_UNIT,risk_unit == 0 or non-finite,NQZ21-CME,27530693,2021-11-30 15:28:18.591000+00:00,16408.0,{'stop_loss_price': 16408.0}
INVALID_RISK_UNIT,risk_unit == 0 or non-finite,NQZ21-CME,27570540,2021-11-30 15:45:41.795000+00:00,16327.25,{'stop_loss_price': 16327.25}
INVALID_RISK_UNIT,risk_unit == 0 or non-finite,NQZ21-CME,27570541,2021-11-30 15:45:41.795001+00:00,16327.25,{'stop_loss_price': 16327.25}
INVALID_RISK_UNIT,risk_unit == 0 or non-finite,NQZ21-CME,27612181,2021-11-30 15:56:48.994000+00:00,16207.25,{'stop_loss_price': 16207.25}
INVALID_RISK_UNIT,risk_unit == 0 or non-finite,NQZ21-CME,27665391,2021-11-30 16:16:28.225003+00:00,16207.0,{'stop_loss_price': 16207.0}
INVALID_RISK_UNIT,risk_unit == 0 or non-finite,NQZ21-CME,27665392,2021-11-30 16:16:28.225004+00:00,16207.0,{'stop_loss_price': 16207.0}
INVALID_RISK_UNIT,risk_unit == 0 or non-finite,NQZ21-CME,27665393,2021-11-30 16:16:28.225005+00:00,16207.0,{'stop_loss_price': 16207.0}
INVALID_RISK_UNIT,risk_unit == 0 or non-finite,NQZ21-CME,27665394,2021-11-30 16:16:28.225006+00:00,16207.0,{'stop_loss_price': 16207.0}
INVALID_RISK_UNIT,risk_unit == 0 or non-finite,NQZ21-CME,27665395,2021-11-30 16:16:28.225007+00:00,16207.0,{'stop_loss_price': 16207.0}
INVALID_RISK_UNIT,risk_unit == 0 or non-finite,NQZ21-CME,27665396,2021-11-30 16:16:28.225008+00:00,16207.0,{'stop_loss_price': 16207.0}
INVALID_RISK_UNIT,risk_unit == 0 or non-finite,NQZ21-CME,27681864,2021-11-30 16:26:07.831000+00:00,16172.75,{'stop_loss_price': 16172.75}
INVALID_RISK_UNIT,risk_unit == 0 or non-finite,NQZ21-CME,27717794,2021-11-30 16:45:57.271000+00:00,16102.75,{'stop_loss_price': 16102.75}
INVALID_RISK_UNIT,risk_unit == 0 or non-finite,NQZ21-CME,27717795,2021-11-30 16:45:57.271001+00:00,16102.75,{'stop_loss_price': 16102.75}
INVALID_RISK_UNIT,risk_unit == 0 or non-finite,NQZ21-CME,27717796,2021-11-30 16:45:57.272000+00:00,16102.75,{'stop_loss_price': 16102.75}
INVALID_RISK_UNIT,risk_unit == 0 or non-finite,NQZ21-CME,27747234,2021-11-30 17:01:38.834000+00:00,16083.0,{'stop_loss_price': 16083.0}
INVALID_RISK_UNIT,risk_unit == 0 or non-finite,NQZ21-CME,27747235,2021-11-30 17:01:38.834001+00:00,16083.0,{'stop_loss_price': 16083.0}
INVALID_RISK_UNIT,risk_unit == 0 or non-finite,NQZ21-CME,27747236,2021-11-30 17:01:38.834002+00:00,16083.0,{'stop_loss_price': 16083.0}
INVALID_RISK_UNIT,risk_unit == 0 or non-finite,NQZ21-CME,27747237,2021-11-30 17:01:38.834003+00:00,16083.0,{'stop_loss_price': 16083.0}
INVALID_RISK_UNIT,risk_unit == 0 or non-finite,NQZ21-CME,27747238,2021-11-30 17:01:38.834004+00:00,16083.0,{'stop_loss_price': 16083.0}
INVALID_RISK_UNIT,risk_unit == 0 or non-finite,NQZ21-CME,27747239,2021-11-30 17:01:38.835000+00:00,16083.0,{'stop_loss_price': 16083.0}
INVALID_RISK_UNIT,risk_unit == 0 or non-finite,NQZ21-CME,27747240,2021-11-30 17:01:38.835001+00:00,16083.0,{'stop_loss_price': 16083.0}
INVALID_RISK_UNIT,risk_unit == 0 or non-finite,NQZ21-CME,27747241,2021-11-30 17:01:38.835002+00:00,16083.0,{'stop_loss_price': 16083.0}
INVALID_RISK_UNIT,risk_unit == 0 or non-finite,NQZ21-CME,27772803,2021-11-30 17:17:59.490000+00:00,16118.5,{'stop_loss_price': 16118.5}
INVALID_RISK_UNIT,risk_unit == 0 or non-finite,NQZ21-CME,27791192,2021-11-30 17:30:50.964000+00:00,16123.5,{'stop_loss_price': 16123.5}
INVALID_RISK_UNIT,risk_unit == 0 or non-finite,NQZ21-CME,27798584,2021-11-30 17:37:09.165000+00:00,16137.5,{'stop_loss_price': 16137.5}
INVALID_RISK_UNIT,risk_unit == 0 or non-finite,NQZ21-CME,27798585,2021-11-30 17:37:09.373000+00:00,16137.5,{'stop_loss_price': 16137.5}
INVALID_RISK_UNIT,risk_unit == 0 or non-finite,NQZ21-CME,27798586,2021-11-30 17:37:09.380000+00:00,16137.5,{'stop_loss_price': 16137.5}
INVALID_RISK_UNIT,risk_unit == 0 or non-finite,NQZ21-CME,27798587,2021-11-30 17:37:09.690000+00:00,16137.5,{'stop_loss_price': 16137.5}
INVALID_RISK_UNIT,risk_unit == 0 or non-finite,NQZ21-CME,27799858,2021-11-30 17:38:16.452002+00:00,16131.5,{'stop_loss_price': 16131.5}
INVALID_RISK_UNIT,risk_unit == 0 or non-finite,NQZ21-CME,27826687,2021-11-30 18:05:01.298000+00:00,16111.5,{'stop_loss_price': 16111.5}
INVALID_RISK_UNIT,risk_unit == 0 or non-finite,NQZ21-CME,27897160,2021-11-30 19:35:44.246000+00:00,16204.0,{'stop_loss_price': 16204.0}
INVALID_RISK_UNIT,risk_unit == 0 or non-finite,NQZ21-CME,27910630,2021-11-30 19:50:06.191000+00:00,16145.75,{'stop_loss_price': 16145.75}
INVALID_RISK_UNIT,risk_unit == 0 or non-finite,NQZ21-CME,27919738,2021-11-30 19:58:05.671000+00:00,16148.5,{'stop_loss_price': 16148.5}
INVALID_RISK_UNIT,risk_unit == 0 or non-finite,NQZ21-CME,27935006,2021-11-30 20:15:30.088001+00:00,16135.75,{'stop_loss_price': 16135.75}
INVALID_RISK_UNIT,risk_unit == 0 or non-finite,NQZ21-CME,27935007,2021-11-30 20:15:30.088002+00:00,16135.75,{'stop_loss_price': 16135.75}
INVALID_RISK_UNIT,risk_unit == 0 or non-finite,NQZ21-CME,27935008,2021-11-30 20:15:30.088003+00:00,16135.75,{'stop_loss_price': 16135.75}
INVALID_RISK_UNIT,risk_unit == 0 or non-finite,NQZ21-CME,27951795,2021-11-30 20:33:17.151000+00:00,16142.25,{'stop_loss_price': 16142.25}
INVALID_RISK_UNIT,risk_unit == 0 or non-finite,NQZ21-CME,28003845,2021-11-30 21:00:09.490000+00:00,16165.0,{'stop_loss_price': 16165.0}
INVALID_RISK_UNIT,risk_unit == 0 or non-finite,NQZ21-CME,28115136,2021-12-01 10:52:03.195000+00:00,16363.5,{'stop_loss_price': 16363.5}
INVALID_RISK_UNIT,risk_unit == 0 or non-finite,NQZ21-CME,28115137,2021-12-01 10:52:03.195001+00:00,16363.5,{'stop_loss_price': 16363.5}
INVALID_RISK_UNIT,risk_unit == 0 or non-finite,NQZ21-CME,28143016,2021-12-01 13:55:54.923000+00:00,16342.75,{'stop_loss_price': 16342.75}
INVALID_RISK_UNIT,risk_unit == 0 or non-finite,NQZ21-CME,28156245,2021-12-01 14:30:30.766000+00:00,16329.25,{'stop_loss_price': 16329.25}
INVALID_RISK_UNIT,risk_unit == 0 or non-finite,NQZ21-CME,28227610,2021-12-01 15:03:51.936003+00:00,16359.25,{'stop_loss_price': 16359.25}
INVALID_RISK_UNIT,risk_unit == 0 or non-finite,NQZ21-CME,28314181,2021-12-01 16:04:44.840000+00:00,16358.5,{'stop_loss_price': 16358.5}
INVALID_RISK_UNIT,risk_unit == 0 or non-finite,NQZ21-CME,28314182,2021-12-01 16:04:44.918000+00:00,16358.5,{'stop_loss_price': 16358.5}
INVALID_RISK_UNIT,risk_unit == 0 or non-finite,NQZ21-CME,28369586,2021-12-01 16:54:44.717000+00:00,16379.5,{'stop_loss_price': 16379.5}
INVALID_RISK_UNIT,risk_unit == 0 or non-finite,NQZ21-CME,28369587,2021-12-01 16:54:44.736000+00:00,16379.5,{'stop_loss_price': 16379.5}
INVALID_RISK_UNIT,risk_unit == 0 or non-finite,NQZ21-CME,28369588,2021-12-01 16:54:44.736001+00:00,16379.5,{'stop_loss_price': 16379.5}
INVALID_RISK_UNIT,risk_unit == 0 or non-finite,NQZ21-CME,28382871,2021-12-01 17:02:16.607000+00:00,16351.25,{'stop_loss_price': 16351.25}
INVALID_RISK_UNIT,risk_unit == 0 or non-finite,NQZ21-CME,28393147,2021-12-01 17:12:36.334000+00:00,16357.0,{'stop_loss_price': 16357.0}
INVALID_RISK_UNIT,risk_unit == 0 or non-finite,NQZ21-CME,28393148,2021-12-01 17:12:36.334001+00:00,16357.0,{'stop_loss_price': 16357.0}
INVALID_RISK_UNIT,risk_unit == 0 or non-finite,NQZ21-CME,28501699,2021-12-01 18:33:54.048000+00:00,16232.5,{'stop_loss_price': 16232.5}
INVALID_RISK_UNIT,risk_unit == 0 or non-finite,NQZ21-CME,28510926,2021-12-01 18:42:55.072000+00:00,16205.5,{'stop_loss_price': 16205.5}
INVALID_RISK_UNIT,risk_unit == 0 or non-finite,NQZ21-CME,28547415,2021-12-01 19:03:01.803000+00:00,16196.25,{'stop_loss_price': 16196.25}
INVALID_RISK_UNIT,risk_unit == 0 or non-finite,NQZ21-CME,28617278,2021-12-01 19:55:52.209000+00:00,16154.0,{'stop_loss_price': 16154.0}
INVALID_RISK_UNIT,risk_unit == 0 or non-finite,NQZ21-CME,28642272,2021-12-01 20:10:54.846000+00:00,16055.0,{'stop_loss_price': 16055.0}
INVALID_RISK_UNIT,risk_unit == 0 or non-finite,NQZ21-CME,28656450,2021-12-01 20:17:53.393000+00:00,16018.75,{'stop_loss_price': 16018.75}
INVALID_RISK_UNIT,risk_unit == 0 or non-finite,NQZ21-CME,28706398,2021-12-01 20:37:03.342000+00:00,15996.5,{'stop_loss_price': 15996.5}
INVALID_RISK_UNIT,risk_unit == 0 or non-finite,NQZ21-CME,28756243,2021-12-01 20:57:33.747000+00:00,15916.75,{'stop_loss_price': 15916.75}
INVALID_RISK_UNIT,risk_unit == 0 or non-finite,NQZ21-CME,28783059,2021-12-01 21:05:30.295000+00:00,15869.25,{'stop_loss_price': 15869.25}
INVALID_RISK_UNIT,risk_unit == 0 or non-finite,NQZ21-CME,28785578,2021-12-01 21:07:24.306000+00:00,15864.0,{'stop_loss_price': 15864.0}
INVALID_RISK_UNIT,risk_unit == 0 or non-finite,NQZ21-CME,28835761,2021-12-02 02:31:36.332002+00:00,15951.75,{'stop_loss_price': 15951.75}
INVALID_RISK_UNIT,risk_unit == 0 or non-finite,NQZ21-CME,28835762,2021-12-02 02:31:36.332003+00:00,15951.75,{'stop_loss_price': 15951.75}
INVALID_RISK_UNIT,risk_unit == 0 or non-finite,NQZ21-CME,28835763,2021-12-02 02:31:36.333000+00:00,15951.75,{'stop_loss_price': 15951.75}
INVALID_RISK_UNIT,risk_unit == 0 or non-finite,NQZ21-CME,28840414,2021-12-02 03:05:39.655000+00:00,15971.5,{'stop_loss_price': 15971.5}
INVALID_RISK_UNIT,risk_unit == 0 or non-finite,NQZ21-CME,28840415,2021-12-02 03:05:39.655001+00:00,15971.5,{'stop_loss_price': 15971.5}
INVALID_RISK_UNIT,risk_unit == 0 or non-finite,NQZ21-CME,28840416,2021-12-02 03:05:39.655002+00:00,15971.5,{'stop_loss_price': 15971.5}
INVALID_RISK_UNIT,risk_unit == 0 or non-finite,NQZ21-CME,28840432,2021-12-02 03:05:44.325000+00:00,15971.0,{'stop_loss_price': 15971.0}
INVALID_RISK_UNIT,risk_unit == 0 or non-finite,NQZ21-CME,28858849,2021-12-02 06:13:08.810000+00:00,15949.25,{'stop_loss_price': 15949.25}
INVALID_RISK_UNIT,risk_unit == 0 or non-finite,NQZ21-CME,28858850,2021-12-02 06:13:08.810001+00:00,15949.25,{'stop_loss_price': 15949.25}
INVALID_RISK_UNIT,risk_unit == 0 or non-finite,NQZ21-CME,28859866,2021-12-02 06:26:18.328000+00:00,15938.75,{'stop_loss_price': 15938.75}
INVALID_RISK_UNIT,risk_unit == 0 or non-finite,NQZ21-CME,28867500,2021-12-02 07:14:28.057000+00:00,15965.25,{'stop_loss_price': 15965.25}
INVALID_RISK_UNIT,risk_unit == 0 or non-finite,NQZ21-CME,28881435,2021-12-02 08:17:08.125004+00:00,15933.75,{'stop_loss_price': 15933.75}
INVALID_RISK_UNIT,risk_unit == 0 or non-finite,NQZ21-CME,28886843,2021-12-02 08:38:50.208000+00:00,15916.75,{'stop_loss_price': 15916.75}
INVALID_RISK_UNIT,risk_unit == 0 or non-finite,NQZ21-CME,28895703,2021-12-02 09:27:50.640000+00:00,15973.0,{'stop_loss_price': 15973.0}
INVALID_RISK_UNIT,risk_unit == 0 or non-finite,NQZ21-CME,28895704,2021-12-02 09:27:51.232000+00:00,15973.0,{'stop_loss_price': 15973.0}
INVALID_RISK_UNIT,risk_unit == 0 or non-finite,NQZ21-CME,28950893,2021-12-02 13:10:43.362000+00:00,15875.25,{'stop_loss_price': 15875.25}
INVALID_RISK_UNIT,risk_unit == 0 or non-finite,NQZ21-CME,28966626,2021-12-02 13:46:23.224003+00:00,15803.25,{'stop_loss_price': 15803.25}
INVALID_RISK_UNIT,risk_unit == 0 or non-finite,NQZ21-CME,28966627,2021-12-02 13:46:23.224004+00:00,15803.25,{'stop_loss_price': 15803.25}
INVALID_RISK_UNIT,risk_unit == 0 or non-finite,NQZ21-CME,28966628,2021-12-02 13:46:23.224005+00:00,15803.25,{'stop_loss_price': 15803.25}
INVALID_RISK_UNIT,risk_unit == 0 or non-finite,NQZ21-CME,28966629,2021-12-02 13:46:23.224006+00:00,15803.25,{'stop_loss_price': 15803.25}
INVALID_RISK_UNIT,risk_unit == 0 or non-finite,NQZ21-CME,28974264,2021-12-02 14:02:40.026000+00:00,15853.0,{'stop_loss_price': 15853.0}
INVALID_RISK_UNIT,risk_unit == 0 or non-finite,NQZ21-CME,28974265,2021-12-02 14:02:40.026001+00:00,15853.0,{'stop_loss_price': 15853.0}
INVALID_RISK_UNIT,risk_unit == 0 or non-finite,NQZ21-CME,28974266,2021-12-02 14:02:40.093000+00:00,15853.0,{'stop_loss_price': 15853.0}
INVALID_RISK_UNIT,risk_unit == 0 or non-finite,NQZ21-CME,28987981,2021-12-02 14:30:01.328001+00:00,15809.75,{'stop_loss_price': 15809.75}
INVALID_RISK_UNIT,risk_unit == 0 or non-finite,NQZ21-CME,29056073,2021-12-02 14:51:00.490000+00:00,15941.0,{'stop_loss_price': 15941.0}
INVALID_RISK_UNIT,risk_unit == 0 or non-finite,NQZ21-CME,29058139,2021-12-02 14:51:52.173000+00:00,15960.5,{'stop_loss_price': 15960.5}
INVALID_RISK_UNIT,risk_unit == 0 or non-finite,NQZ21-CME,29083073,2021-12-02 15:02:11.162000+00:00,15985.5,{'stop_loss_price': 15985.5}
INVALID_RISK_UNIT,risk_unit == 0 or non-finite,NQZ21-CME,29096418,2021-12-02 15:07:07.152000+00:00,15978.75,{'stop_loss_price': 15978.75}
INVALID_RISK_UNIT,risk_unit == 0 or non-finite,NQZ21-CME,29096419,2021-12-02 15:07:07.154000+00:00,15978.75,{'stop_loss_price': 15978.75}
INVALID_RISK_UNIT,risk_unit == 0 or non-finite,NQZ21-CME,29096559,2021-12-02 15:07:11.817000+00:00,15978.25,{'stop_loss_price': 15978.25}
INVALID_RISK_UNIT,risk_unit == 0 or non-finite,NQZ21-CME,29096560,2021-12-02 15:07:11.817001+00:00,15978.25,{'stop_loss_price': 15978.25}
INVALID_RISK_UNIT,risk_unit == 0 or non-finite,NQZ21-CME,29096561,2021-12-02 15:07:11.817002+00:00,15978.25,{'stop_loss_price': 15978.25}
INVALID_RISK_UNIT,risk_unit == 0 or non-finite,NQZ21-CME,29110082,2021-12-02 15:12:10.882000+00:00,15902.75,{'stop_loss_price': 15902.75}
INVALID_RISK_UNIT,risk_unit == 0 or non-finite,NQZ21-CME,29110083,2021-12-02 15:12:10.882001+00:00,15902.75,{'stop_loss_price': 15902.75}
INVALID_RISK_UNIT,risk_unit == 0 or non-finite,NQZ21-CME,29110084,2021-12-02 15:12:10.883000+00:00,15902.75,{'stop_loss_price': 15902.75}
INVALID_RISK_UNIT,risk_unit == 0 or non-finite,NQZ21-CME,29111553,2021-12-02 15:12:44.050000+00:00,15913.5,{'stop_loss_price': 15913.5}
INVALID_RISK_UNIT,risk_unit == 0 or non-finite,NQZ21-CME,29116544,2021-12-02 15:15:16.191000+00:00,15888.25,{'stop_loss_price': 15888.25}
INVALID_RISK_UNIT,risk_unit == 0 or non-finite,NQZ21-CME,29116545,2021-12-02 15:15:16.192000+00:00,15888.25,{'stop_loss_price': 15888.25}
INVALID_RISK_UNIT,risk_unit == 0 or non-finite,NQZ21-CME,29139108,2021-12-02 15:25:09.756000+00:00,15888.75,{'stop_loss_price': 15888.75}
INVALID_RISK_UNIT,risk_unit == 0 or non-finite,NQZ21-CME,29153317,2021-12-02 15:31:18.511000+00:00,15917.25,{'stop_loss_price': 15917.25}
INVALID_RISK_UNIT,risk_unit == 0 or non-finite,NQZ21-CME,29160817,2021-12-02 15:34:52.822000+00:00,15842.75,{'stop_loss_price': 15842.75}
INVALID_RISK_UNIT,risk_unit == 0 or non-finite,NQZ21-CME,29183034,2021-12-02 15:44:56.455000+00:00,15774.5,{'stop_loss_price': 15774.5}
INVALID_RISK_UNIT,risk_unit == 0 or non-finite,NQZ21-CME,29183035,2021-12-02 15:44:56.470000+00:00,15774.5,{'stop_loss_price': 15774.5}
INVALID_RISK_UNIT,risk_unit == 0 or non-finite,NQZ21-CME,29226550,2021-12-02 16:05:08.616000+00:00,15881.5,{'stop_loss_price': 15881.5}
INVALID_RISK_UNIT,risk_unit == 0 or non-finite,NQZ21-CME,29226551,2021-12-02 16:05:08.616001+00:00,15881.5,{'stop_loss_price': 15881.5}
INVALID_RISK_UNIT,risk_unit == 0 or non-finite,NQZ21-CME,29247775,2021-12-02 16:16:28.884000+00:00,15975.75,{'stop_loss_price': 15975.75}
INVALID_RISK_UNIT,risk_unit == 0 or non-finite,NQZ21-CME,29251385,2021-12-02 16:18:40.449000+00:00,15960.25,{'stop_loss_price': 15960.25}
INVALID_RISK_UNIT,risk_unit == 0 or non-finite,NQZ21-CME,29276549,2021-12-02 16:35:12.576000+00:00,15899.0,{'stop_loss_price': 15899.0}
INVALID_RISK_UNIT,risk_unit == 0 or non-finite,NQZ21-CME,29310372,2021-12-02 16:58:09.100000+00:00,15916.75,{'stop_loss_price': 15916.75}
INVALID_RISK_UNIT,risk_unit == 0 or non-finite,NQZ21-CME,29317710,2021-12-02 17:03:08.524000+00:00,15982.25,{'stop_loss_price': 15982.25}
INVALID_RISK_UNIT,risk_unit == 0 or non-finite,NQZ21-CME,29341607,2021-12-02 17:22:06.171000+00:00,16043.0,{'stop_loss_price': 16043.0}
INVALID_RISK_UNIT,risk_unit == 0 or non-finite,NQZ21-CME,29341608,2021-12-02 17:22:06.176000+00:00,16043.0,{'stop_loss_price': 16043.0}
INVALID_RISK_UNIT,risk_unit == 0 or non-finite,NQZ21-CME,29431941,2021-12-02 18:41:22.715000+00:00,15980.0,{'stop_loss_price': 15980.0}
INVALID_RISK_UNIT,risk_unit == 0 or non-finite,NQZ21-CME,29548949,2021-12-02 20:52:11.157000+00:00,15989.75,{'stop_loss_price': 15989.75}
INVALID_RISK_UNIT,risk_unit == 0 or non-finite,NQZ21-CME,29560644,2021-12-02 20:57:54.845000+00:00,15975.5,{'stop_loss_price': 15975.5}
INVALID_RISK_UNIT,risk_unit == 0 or non-finite,NQZ21-CME,29560645,2021-12-02 20:57:54.845001+00:00,15975.5,{'stop_loss_price': 15975.5}
INVALID_RISK_UNIT,risk_unit == 0 or non-finite,NQZ21-CME,29560646,2021-12-02 20:57:54.845002+00:00,15975.5,{'stop_loss_price': 15975.5}
INVALID_RISK_UNIT,risk_unit == 0 or non-finite,NQZ21-CME,29581510,2021-12-02 21:40:44.007001+00:00,16006.25,{'stop_loss_price': 16006.25}
INVALID_RISK_UNIT,risk_unit == 0 or non-finite,NQZ21-CME,29581511,2021-12-02 21:40:44.007002+00:00,16006.25,{'stop_loss_price': 16006.25}
INVALID_RISK_UNIT,risk_unit == 0 or non-finite,NQZ21-CME,29651252,2021-12-03 08:59:25.533001+00:00,15956.5,{'stop_loss_price': 15956.5}
INVALID_RISK_UNIT,risk_unit == 0 or non-finite,NQZ21-CME,29651253,2021-12-03 08:59:25.533002+00:00,15956.5,{'stop_loss_price': 15956.5}
INVALID_RISK_UNIT,risk_unit == 0 or non-finite,NQZ21-CME,29651254,2021-12-03 08:59:25.533003+00:00,15956.5,{'stop_loss_price': 15956.5}
INVALID_RISK_UNIT,risk_unit == 0 or non-finite,NQZ21-CME,29651256,2021-12-03 08:59:27.043000+00:00,15956.5,{'stop_loss_price': 15956.5}
INVALID_RISK_UNIT,risk_unit == 0 or non-finite,NQZ21-CME,29658229,2021-12-03 09:55:57.409000+00:00,15942.0,{'stop_loss_price': 15942.0}
INVALID_RISK_UNIT,risk_unit == 0 or non-finite,NQZ21-CME,29658230,2021-12-03 09:55:58.204000+00:00,15942.0,{'stop_loss_price': 15942.0}
INVALID_RISK_UNIT,risk_unit == 0 or non-finite,NQZ21-CME,29658231,2021-12-03 09:55:58.204001+00:00,15942.0,{'stop_loss_price': 15942.0}
INVALID_RISK_UNIT,risk_unit == 0 or non-finite,NQZ21-CME,29663242,2021-12-03 10:39:07.714000+00:00,15921.5,{'stop_loss_price': 15921.5}
INVALID_RISK_UNIT,risk_unit == 0 or non-finite,NQZ21-CME,29667149,2021-12-03 11:08:45.951000+00:00,15943.5,{'stop_loss_price': 15943.5}
INVALID_RISK_UNIT,risk_unit == 0 or non-finite,NQZ21-CME,29670268,2021-12-03 11:44:20.420000+00:00,15966.5,{'stop_loss_price': 15966.5}
INVALID_RISK_UNIT,risk_unit == 0 or non-finite,NQZ21-CME,29674303,2021-12-03 12:19:10.559000+00:00,15981.75,{'stop_loss_price': 15981.75}
INVALID_RISK_UNIT,risk_unit == 0 or non-finite,NQZ21-CME,29692487,2021-12-03 13:32:04.328000+00:00,16093.75,{'stop_loss_price': 16093.75}
INVALID_RISK_UNIT,risk_unit == 0 or non-finite,NQZ21-CME,29695847,2021-12-03 13:34:13.266000+00:00,16085.75,{'stop_loss_price': 16085.75}
INVALID_RISK_UNIT,risk_unit == 0 or non-finite,NQZ21-CME,29714960,2021-12-03 14:06:46.240000+00:00,16079.75,{'stop_loss_price': 16079.75}
INVALID_RISK_UNIT,risk_unit == 0 or non-finite,NQZ21-CME,29741341,2021-12-03 14:35:27.968000+00:00,16035.25,{'stop_loss_price': 16035.25}
INVALID_RISK_UNIT,risk_unit == 0 or non-finite,NQZ21-CME,29741342,2021-12-03 14:35:27.971000+00:00,16035.25,{'stop_loss_price': 16035.25}
INVALID_RISK_UNIT,risk_unit == 0 or non-finite,NQZ21-CME,29759200,2021-12-03 14:42:09.084000+00:00,15983.0,{'stop_loss_price': 15983.0}
INVALID_RISK_UNIT,risk_unit == 0 or non-finite,NQZ21-CME,29845457,2021-12-03 15:14:20.110000+00:00,15777.0,{'stop_loss_price': 15777.0}
INVALID_RISK_UNIT,risk_unit == 0 or non-finite,NQZ21-CME,29852993,2021-12-03 15:16:55.367000+00:00,15808.0,{'stop_loss_price': 15808.0}
INVALID_RISK_UNIT,risk_unit == 0 or non-finite,NQZ21-CME,29852994,2021-12-03 15:16:55.487000+00:00,15808.0,{'stop_loss_price': 15808.0}
INVALID_RISK_UNIT,risk_unit == 0 or non-finite,NQZ21-CME,29863695,2021-12-03 15:21:32.918001+00:00,15786.0,{'stop_loss_price': 15786.0}
INVALID_RISK_UNIT,risk_unit == 0 or non-finite,NQZ21-CME,29929529,2021-12-03 15:50:37.009000+00:00,15691.25,{'stop_loss_price': 15691.25}
INVALID_RISK_UNIT,risk_unit == 0 or non-finite,NQZ21-CME,29938793,2021-12-03 15:54:10.777000+00:00,15699.0,{'stop_loss_price': 15699.0}
INVALID_RISK_UNIT,risk_unit == 0 or non-finite,NQZ21-CME,29990777,2021-12-03 16:17:52.551006+00:00,15629.25,{'stop_loss_price': 15629.25}
INVALID_RISK_UNIT,risk_unit == 0 or non-finite,NQZ21-CME,29990778,2021-12-03 16:17:52.578000+00:00,15629.25,{'stop_loss_price': 15629.25}
INVALID_RISK_UNIT,risk_unit == 0 or non-finite,NQZ21-CME,30040972,2021-12-03 16:47:39.770000+00:00,15627.0,{'stop_loss_price': 15627.0}
INVALID_RISK_UNIT,risk_unit == 0 or non-finite,NQZ21-CME,30041515,2021-12-03 16:47:55.181000+00:00,15617.5,{'stop_loss_price': 15617.5}
INVALID_RISK_UNIT,risk_unit == 0 or non-finite,NQZ21-CME,30041516,2021-12-03 16:47:55.250000+00:00,15617.5,{'stop_loss_price': 15617.5}
INVALID_RISK_UNIT,risk_unit == 0 or non-finite,NQZ21-CME,30043061,2021-12-03 16:49:09.335000+00:00,15627.5,{'stop_loss_price': 15627.5}
INVALID_RISK_UNIT,risk_unit == 0 or non-finite,NQZ21-CME,30043062,2021-12-03 16:49:09.335001+00:00,15627.5,{'stop_loss_price': 15627.5}
INVALID_RISK_UNIT,risk_unit == 0 or non-finite,NQZ21-CME,30043067,2021-12-03 16:49:09.460000+00:00,15627.25,{'stop_loss_price': 15627.25}
INVALID_RISK_UNIT,risk_unit == 0 or non-finite,NQZ21-CME,30046282,2021-12-03 16:50:34.938000+00:00,15607.5,{'stop_loss_price': 15607.5}
INVALID_RISK_UNIT,risk_unit == 0 or non-finite,NQZ21-CME,30154897,2021-12-03 18:17:10.214000+00:00,15655.75,{'stop_loss_price': 15655.75}
INVALID_RISK_UNIT,risk_unit == 0 or non-finite,NQZ21-CME,30154898,2021-12-03 18:17:10.214001+00:00,15655.75,{'stop_loss_price': 15655.75}
INVALID_RISK_UNIT,risk_unit == 0 or non-finite,NQZ21-CME,30154899,2021-12-03 18:17:10.215000+00:00,15655.75,{'stop_loss_price': 15655.75}
INVALID_RISK_UNIT,risk_unit == 0 or non-finite,NQZ21-CME,30158511,2021-12-03 18:20:15.161000+00:00,15671.25,{'stop_loss_price': 15671.25}
INVALID_RISK_UNIT,risk_unit == 0 or non-finite,NQZ21-CME,30158512,2021-12-03 18:20:15.713000+00:00,15671.25,{'stop_loss_price': 15671.25}
INVALID_RISK_UNIT,risk_unit == 0 or non-finite,NQZ21-CME,30188861,2021-12-03 18:48:08.715000+00:00,15570.5,{'stop_loss_price': 15570.5}
INVALID_RISK_UNIT,risk_unit == 0 or non-finite,NQZ21-CME,30188908,2021-12-03 18:48:09.250000+00:00,15569.75,{'stop_loss_price': 15569.75}
INVALID_RISK_UNIT,risk_unit == 0 or non-finite,NQZ21-CME,30188909,2021-12-03 18:48:09.260000+00:00,15569.75,{'stop_loss_price': 15569.75}
INVALID_RISK_UNIT,risk_unit == 0 or non-finite,NQZ21-CME,30188910,2021-12-03 18:48:09.684000+00:00,15569.75,{'stop_loss_price': 15569.75}
INVALID_RISK_UNIT,risk_unit == 0 or non-finite,NQZ21-CME,30188911,2021-12-03 18:48:09.684001+00:00,15569.75,{'stop_loss_price': 15569.75}
INVALID_RISK_UNIT,risk_unit == 0 or non-finite,NQZ21-CME,30211393,2021-12-03 19:10:34.715000+00:00,15588.5,{'stop_loss_price': 15588.5}
INVALID_RISK_UNIT,risk_unit == 0 or non-finite,NQZ21-CME,30211791,2021-12-03 19:10:51.613000+00:00,15580.5,{'stop_loss_price': 15580.5}
INVALID_RISK_UNIT,risk_unit == 0 or non-finite,NQZ21-CME,30218624,2021-12-03 19:17:39.751000+00:00,15595.5,{'stop_loss_price': 15595.5}
INVALID_RISK_UNIT,risk_unit == 0 or non-finite,NQZ21-CME,30240043,2021-12-03 19:31:57.922000+00:00,15592.0,{'stop_loss_price': 15592.0}
INVALID_RISK_UNIT,risk_unit == 0 or non-finite,NQZ21-CME,30240044,2021-12-03 19:31:57.922001+00:00,15592.0,{'stop_loss_price': 15592.0}
INVALID_RISK_UNIT,risk_unit == 0 or non-finite,NQZ21-CME,30240045,2021-12-03 19:31:58.441000+00:00,15592.0,{'stop_loss_price': 15592.0}
INVALID_RISK_UNIT,risk_unit == 0 or non-finite,NQZ21-CME,30244655,2021-12-03 19:36:04.216000+00:00,15586.5,{'stop_loss_price': 15586.5}
INVALID_RISK_UNIT,risk_unit == 0 or non-finite,NQZ21-CME,30248891,2021-12-03 19:39:24.426000+00:00,15567.25,{'stop_loss_price': 15567.25}
INVALID_RISK_UNIT,risk_unit == 0 or non-finite,NQZ21-CME,30284608,2021-12-03 20:09:08.768000+00:00,15560.5,{'stop_loss_price': 15560.5}
INVALID_RISK_UNIT,risk_unit == 0 or non-finite,NQZ21-CME,30303303,2021-12-03 20:24:20.021000+00:00,15606.75,{'stop_loss_price': 15606.75}
INVALID_RISK_UNIT,risk_unit == 0 or non-finite,NQZ21-CME,30322522,2021-12-03 20:37:23.492000+00:00,15621.25,{'stop_loss_price': 15621.25}
INVALID_RISK_UNIT,risk_unit == 0 or non-finite,NQZ21-CME,30356387,2021-12-03 20:54:40.079005+00:00,15643.5,{'stop_loss_price': 15643.5}
INVALID_RISK_UNIT,risk_unit == 0 or non-finite,NQZ21-CME,30356388,2021-12-03 20:54:40.079006+00:00,15643.5,{'stop_loss_price': 15643.5}
INVALID_RISK_UNIT,risk_unit == 0 or non-finite,NQZ21-CME,30385747,2021-12-03 21:03:13.923000+00:00,15725.25,{'stop_loss_price': 15725.25}
INVALID_RISK_UNIT,risk_unit == 0 or non-finite,NQZ21-CME,30419540,2021-12-06 00:20:31.697000+00:00,15698.0,{'stop_loss_price': 15698.0}
INVALID_RISK_UNIT,risk_unit == 0 or non-finite,NQZ21-CME,30419541,2021-12-06 00:20:31.698000+00:00,15698.0,{'stop_loss_price': 15698.0}
INVALID_RISK_UNIT,risk_unit == 0 or non-finite,NQZ21-CME,30419542,2021-12-06 00:20:31.698001+00:00,15698.0,{'stop_loss_price': 15698.0}
INVALID_RISK_UNIT,risk_unit == 0 or non-finite,NQZ21-CME,30440339,2021-12-06 02:30:42.997000+00:00,15726.25,{'stop_loss_price': 15726.25}
INVALID_RISK_UNIT,risk_unit == 0 or non-finite,NQZ21-CME,30440340,2021-12-06 02:30:42.997001+00:00,15726.25,{'stop_loss_price': 15726.25}
INVALID_RISK_UNIT,risk_unit == 0 or non-finite,NQZ21-CME,30440341,2021-12-06 02:30:42.997002+00:00,15726.25,{'stop_loss_price': 15726.25}
INVALID_RISK_UNIT,risk_unit == 0 or non-finite,NQZ21-CME,30471311,2021-12-06 08:08:29.129000+00:00,15769.25,{'stop_loss_price': 15769.25}
INVALID_RISK_UNIT,risk_unit == 0 or non-finite,NQZ21-CME,30490077,2021-12-06 09:45:17.262000+00:00,15729.75,{'stop_loss_price': 15729.75}
INVALID_RISK_UNIT,risk_unit == 0 or non-finite,NQZ21-CME,30546181,2021-12-06 14:00:51.391000+00:00,15707.0,{'stop_loss_price': 15707.0}
INVALID_RISK_UNIT,risk_unit == 0 or non-finite,NQZ21-CME,30546182,2021-12-06 14:00:51.391001+00:00,15707.0,{'stop_loss_price': 15707.0}
INVALID_RISK_UNIT,risk_unit == 0 or non-finite,NQZ21-CME,30562194,2021-12-06 14:30:55.967000+00:00,15736.5,{'stop_loss_price': 15736.5}
INVALID_RISK_UNIT,risk_unit == 0 or non-finite,NQZ21-CME,30562195,2021-12-06 14:30:55.967001+00:00,15736.5,{'stop_loss_price': 15736.5}
INVALID_RISK_UNIT,risk_unit == 0 or non-finite,NQZ21-CME,30562196,2021-12-06 14:30:55.967002+00:00,15736.5,{'stop_loss_price': 15736.5}
INVALID_RISK_UNIT,risk_unit == 0 or non-finite,NQZ21-CME,30608607,2021-12-06 14:44:17.430005+00:00,15661.25,{'stop_loss_price': 15661.25}
INVALID_RISK_UNIT,risk_unit == 0 or non-finite,NQZ21-CME,30608608,2021-12-06 14:44:17.435000+00:00,15661.25,{'stop_loss_price': 15661.25}
INVALID_RISK_UNIT,risk_unit == 0 or non-finite,NQZ21-CME,30608609,2021-12-06 14:44:17.438000+00:00,15661.25,{'stop_loss_price': 15661.25}
INVALID_RISK_UNIT,risk_unit == 0 or non-finite,NQZ21-CME,30690768,2021-12-06 15:16:37.514000+00:00,15764.75,{'stop_loss_price': 15764.75}
INVALID_RISK_UNIT,risk_unit == 0 or non-finite,NQZ21-CME,30710513,2021-12-06 15:27:31.797000+00:00,15769.0,{'stop_loss_price': 15769.0}
INVALID_RISK_UNIT,risk_unit == 0 or non-finite,NQZ21-CME,30720656,2021-12-06 15:34:06.575000+00:00,15738.0,{'stop_loss_price': 15738.0}
INVALID_RISK_UNIT,risk_unit == 0 or non-finite,NQZ21-CME,30731514,2021-12-06 15:41:21.001002+00:00,15750.75,{'stop_loss_price': 15750.75}
INVALID_RISK_UNIT,risk_unit == 0 or non-finite,NQZ21-CME,30759200,2021-12-06 15:59:49.446000+00:00,15728.0,{'stop_loss_price': 15728.0}
INVALID_RISK_UNIT,risk_unit == 0 or non-finite,NQZ21-CME,30777531,2021-12-06 16:13:37.302000+00:00,15688.5,{'stop_loss_price': 15688.5}
INVALID_RISK_UNIT,risk_unit == 0 or non-finite,NQZ21-CME,30874747,2021-12-06 17:58:41.555000+00:00,15827.25,{'stop_loss_price': 15827.25}
INVALID_RISK_UNIT,risk_unit == 0 or non-finite,NQZ21-CME,30874748,2021-12-06 17:58:41.555001+00:00,15827.25,{'stop_loss_price': 15827.25}
INVALID_RISK_UNIT,risk_unit == 0 or non-finite,NQZ21-CME,30874749,2021-12-06 17:58:41.555002+00:00,15827.25,{'stop_loss_price': 15827.25}
INVALID_RISK_UNIT,risk_unit == 0 or non-finite,NQZ21-CME,30874750,2021-12-06 17:58:41.555003+00:00,15827.25,{'stop_loss_price': 15827.25}
INVALID_RISK_UNIT,risk_unit == 0 or non-finite,NQZ21-CME,30874751,2021-12-06 17:58:41.555004+00:00,15827.25,{'stop_loss_price': 15827.25}
INVALID_RISK_UNIT,risk_unit == 0 or non-finite,NQZ21-CME,30874759,2021-12-06 17:58:41.908000+00:00,15827.25,{'stop_loss_price': 15827.25}
INVALID_RISK_UNIT,risk_unit == 0 or non-finite,NQZ21-CME,30887045,2021-12-06 18:15:45.091000+00:00,15833.0,{'stop_loss_price': 15833.0}
INVALID_RISK_UNIT,risk_unit == 0 or non-finite,NQZ21-CME,30923494,2021-12-06 19:06:41.692000+00:00,15876.5,{'stop_loss_price': 15876.5}
INVALID_RISK_UNIT,risk_unit == 0 or non-finite,NQZ21-CME,30939392,2021-12-06 19:33:03.211000+00:00,15887.0,{'stop_loss_price': 15887.0}
INVALID_RISK_UNIT,risk_unit == 0 or non-finite,NQZ21-CME,30969591,2021-12-06 20:08:16.196000+00:00,15843.25,{'stop_loss_price': 15843.25}
INVALID_RISK_UNIT,risk_unit == 0 or non-finite,NQZ21-CME,30969592,2021-12-06 20:08:16.196001+00:00,15843.25,{'stop_loss_price': 15843.25}
INVALID_RISK_UNIT,risk_unit == 0 or non-finite,NQZ21-CME,30969593,2021-12-06 20:08:16.196002+00:00,15843.25,{'stop_loss_price': 15843.25}
INVALID_RISK_UNIT,risk_unit == 0 or non-finite,NQZ21-CME,31056889,2021-12-07 04:22:23.614000+00:00,15883.75,{'stop_loss_price': 15883.75}
INVALID_RISK_UNIT,risk_unit == 0 or non-finite,NQZ21-CME,31065977,2021-12-07 05:54:04.881000+00:00,15947.75,{'stop_loss_price': 15947.75}
INVALID_RISK_UNIT,risk_unit == 0 or non-finite,NQZ21-CME,31065978,2021-12-07 05:54:04.881001+00:00,15947.75,{'stop_loss_price': 15947.75}
INVALID_RISK_UNIT,risk_unit == 0 or non-finite,NQZ21-CME,31098086,2021-12-07 09:16:20.704000+00:00,16124.5,{'stop_loss_price': 16124.5}
INVALID_RISK_UNIT,risk_unit == 0 or non-finite,NQZ21-CME,31118579,2021-12-07 11:47:18.145000+00:00,16142.25,{'stop_loss_price': 16142.25}
INVALID_RISK_UNIT,risk_unit == 0 or non-finite,NQZ21-CME,31118580,2021-12-07 11:47:18.145001+00:00,16142.25,{'stop_loss_price': 16142.25}
INVALID_RISK_UNIT,risk_unit == 0 or non-finite,NQZ21-CME,31118581,2021-12-07 11:47:18.145002+00:00,16142.25,{'stop_loss_price': 16142.25}
INVALID_RISK_UNIT,risk_unit == 0 or non-finite,NQZ21-CME,31118582,2021-12-07 11:47:18.145003+00:00,16142.25,{'stop_loss_price': 16142.25}
INVALID_RISK_UNIT,risk_unit == 0 or non-finite,NQZ21-CME,31118583,2021-12-07 11:47:18.145004+00:00,16142.25,{'stop_loss_price': 16142.25}
INVALID_RISK_UNIT,risk_unit == 0 or non-finite,NQZ21-CME,31143476,2021-12-07 14:12:37.676001+00:00,16111.5,{'stop_loss_price': 16111.5}
INVALID_RISK_UNIT,risk_unit == 0 or non-finite,NQZ21-CME,31195164,2021-12-07 14:44:42.388000+00:00,16158.5,{'stop_loss_price': 16158.5}
INVALID_RISK_UNIT,risk_unit == 0 or non-finite,NQZ21-CME,31206852,2021-12-07 14:48:17.798000+00:00,16177.5,{'stop_loss_price': 16177.5}
INVALID_RISK_UNIT,risk_unit == 0 or non-finite,NQZ21-CME,31260058,2021-12-07 15:15:25.935000+00:00,16263.5,{'stop_loss_price': 16263.5}
INVALID_RISK_UNIT,risk_unit == 0 or non-finite,NQZ21-CME,31260059,2021-12-07 15:15:25.935001+00:00,16263.5,{'stop_loss_price': 16263.5}
INVALID_RISK_UNIT,risk_unit == 0 or non-finite,NQZ21-CME,31262948,2021-12-07 15:17:06.131000+00:00,16254.25,{'stop_loss_price': 16254.25}
INVALID_RISK_UNIT,risk_unit == 0 or non-finite,NQZ21-CME,31262949,2021-12-07 15:17:06.131001+00:00,16254.25,{'stop_loss_price': 16254.25}
INVALID_RISK_UNIT,risk_unit == 0 or non-finite,NQZ21-CME,31283052,2021-12-07 15:32:47.298000+00:00,16245.75,{'stop_loss_price': 16245.75}
INVALID_RISK_UNIT,risk_unit == 0 or non-finite,NQZ21-CME,31283053,2021-12-07 15:32:47.298001+00:00,16245.75,{'stop_loss_price': 16245.75}
INVALID_RISK_UNIT,risk_unit == 0 or non-finite,NQZ21-CME,31283054,2021-12-07 15:32:47.298002+00:00,16245.75,{'stop_loss_price': 16245.75}
INVALID_RISK_UNIT,risk_unit == 0 or non-finite,NQZ21-CME,31283059,2021-12-07 15:32:47.308000+00:00,16245.75,{'stop_loss_price': 16245.75}
INVALID_RISK_UNIT,risk_unit == 0 or non-finite,NQZ21-CME,31316692,2021-12-07 15:59:36.234000+00:00,16270.5,{'stop_loss_price': 16270.5}
INVALID_RISK_UNIT,risk_unit == 0 or non-finite,NQZ21-CME,31316693,2021-12-07 15:59:36.234001+00:00,16270.5,{'stop_loss_price': 16270.5}
INVALID_RISK_UNIT,risk_unit == 0 or non-finite,NQZ21-CME,31342840,2021-12-07 16:26:37.800000+00:00,16272.5,{'stop_loss_price': 16272.5}
INVALID_RISK_UNIT,risk_unit == 0 or non-finite,NQZ21-CME,31359915,2021-12-07 16:46:13.706000+00:00,16306.75,{'stop_loss_price': 16306.75}
INVALID_RISK_UNIT,risk_unit == 0 or non-finite,NQZ21-CME,31359916,2021-12-07 16:46:13.706001+00:00,16306.75,{'stop_loss_price': 16306.75}
INVALID_RISK_UNIT,risk_unit == 0 or non-finite,NQZ21-CME,31359917,2021-12-07 16:46:13.706002+00:00,16306.75,{'stop_loss_price': 16306.75}
INVALID_RISK_UNIT,risk_unit == 0 or non-finite,NQZ21-CME,31381023,2021-12-07 17:17:56.789000+00:00,16312.75,{'stop_loss_price': 16312.75}
INVALID_RISK_UNIT,risk_unit == 0 or non-finite,NQZ21-CME,31386330,2021-12-07 17:25:23.702000+00:00,16304.0,{'stop_loss_price': 16304.0}
INVALID_RISK_UNIT,risk_unit == 0 or non-finite,NQZ21-CME,31386331,2021-12-07 17:25:23.702001+00:00,16304.0,{'stop_loss_price': 16304.0}
INVALID_RISK_UNIT,risk_unit == 0 or non-finite,NQZ21-CME,31386332,2021-12-07 17:25:23.702002+00:00,16304.0,{'stop_loss_price': 16304.0}
INVALID_RISK_UNIT,risk_unit == 0 or non-finite,NQZ21-CME,31386333,2021-12-07 17:25:24.130000+00:00,16304.0,{'stop_loss_price': 16304.0}
INVALID_RISK_UNIT,risk_unit == 0 or non-finite,NQZ21-CME,31386334,2021-12-07 17:25:24.453000+00:00,16304.0,{'stop_loss_price': 16304.0}
INVALID_RISK_UNIT,risk_unit == 0 or non-finite,NQZ21-CME,31386905,2021-12-07 17:27:20.242000+00:00,16307.25,{'stop_loss_price': 16307.25}
INVALID_RISK_UNIT,risk_unit == 0 or non-finite,NQZ21-CME,31390473,2021-12-07 17:34:34.913000+00:00,16315.5,{'stop_loss_price': 16315.5}
INVALID_RISK_UNIT,risk_unit == 0 or non-finite,NQZ21-CME,31390474,2021-12-07 17:34:34.913001+00:00,16315.5,{'stop_loss_price': 16315.5}
INVALID_RISK_UNIT,risk_unit == 0 or non-finite,NQZ21-CME,31390475,2021-12-07 17:34:34.913002+00:00,16315.5,{'stop_loss_price': 16315.5}
INVALID_RISK_UNIT,risk_unit == 0 or non-finite,NQZ21-CME,31390476,2021-12-07 17:34:34.913003+00:00,16315.5,{'stop_loss_price': 16315.5}
INVALID_RISK_UNIT,risk_unit == 0 or non-finite,NQZ21-CME,31390477,2021-12-07 17:34:34.914000+00:00,16315.5,{'stop_loss_price': 16315.5}
INVALID_RISK_UNIT,risk_unit == 0 or non-finite,NQZ21-CME,31390478,2021-12-07 17:34:35.211000+00:00,16315.5,{'stop_loss_price': 16315.5}
INVALID_RISK_UNIT,risk_unit == 0 or non-finite,NQZ21-CME,31436264,2021-12-07 19:02:49.929000+00:00,16321.75,{'stop_loss_price': 16321.75}
INVALID_RISK_UNIT,risk_unit == 0 or non-finite,NQZ21-CME,31436265,2021-12-07 19:02:49.929001+00:00,16321.75,{'stop_loss_price': 16321.75}
INVALID_RISK_UNIT,risk_unit == 0 or non-finite,NQZ21-CME,31436266,2021-12-07 19:02:49.929002+00:00,16321.75,{'stop_loss_price': 16321.75}
INVALID_RISK_UNIT,risk_unit == 0 or non-finite,NQZ21-CME,31436267,2021-12-07 19:02:49.929003+00:00,16321.75,{'stop_loss_price': 16321.75}
INVALID_RISK_UNIT,risk_unit == 0 or non-finite,NQZ21-CME,31436268,2021-12-07 19:02:49.929004+00:00,16321.75,{'stop_loss_price': 16321.75}
INVALID_RISK_UNIT,risk_unit == 0 or non-finite,NQZ21-CME,31470552,2021-12-07 20:07:40.428000+00:00,16304.25,{'stop_loss_price': 16304.25}
INVALID_RISK_UNIT,risk_unit == 0 or non-finite,NQZ21-CME,31491426,2021-12-07 20:32:46.171000+00:00,16272.5,{'stop_loss_price': 16272.5}
INVALID_RISK_UNIT,risk_unit == 0 or non-finite,NQZ21-CME,31491427,2021-12-07 20:32:46.171001+00:00,16272.5,{'stop_loss_price': 16272.5}
INVALID_RISK_UNIT,risk_unit == 0 or non-finite,NQZ21-CME,31491428,2021-12-07 20:32:46.172000+00:00,16272.5,{'stop_loss_price': 16272.5}
INVALID_RISK_UNIT,risk_unit == 0 or non-finite,NQZ21-CME,31505731,2021-12-07 20:47:34.459002+00:00,16264.5,{'stop_loss_price': 16264.5}
INVALID_RISK_UNIT,risk_unit == 0 or non-finite,NQZ21-CME,31551918,2021-12-07 21:04:32.018000+00:00,16323.0,{'stop_loss_price': 16323.0}
INVALID_RISK_UNIT,risk_unit == 0 or non-finite,NQZ21-CME,31563459,2021-12-07 23:00:17.384004+00:00,16363.0,{'stop_loss_price': 16363.0}
INVALID_RISK_UNIT,risk_unit == 0 or non-finite,NQZ21-CME,31569162,2021-12-08 00:11:08.501000+00:00,16336.25,{'stop_loss_price': 16336.25}
INVALID_RISK_UNIT,risk_unit == 0 or non-finite,NQZ21-CME,31600064,2021-12-08 05:42:05.019000+00:00,16387.25,{'stop_loss_price': 16387.25}
INVALID_RISK_UNIT,risk_unit == 0 or non-finite,NQZ21-CME,31600433,2021-12-08 05:52:48.953000+00:00,16388.25,{'stop_loss_price': 16388.25}
INVALID_RISK_UNIT,risk_unit == 0 or non-finite,NQZ21-CME,31604164,2021-12-08 06:56:17.593000+00:00,16389.5,{'stop_loss_price': 16389.5}
INVALID_RISK_UNIT,risk_unit == 0 or non-finite,NQZ21-CME,31633527,2021-12-08 11:20:59.129000+00:00,16382.5,{'stop_loss_price': 16382.5}
INVALID_RISK_UNIT,risk_unit == 0 or non-finite,NQZ21-CME,31704652,2021-12-08 14:38:57.796000+00:00,16266.25,{'stop_loss_price': 16266.25}
INVALID_RISK_UNIT,risk_unit == 0 or non-finite,NQZ21-CME,31760099,2021-12-08 15:06:37.014000+00:00,16316.5,{'stop_loss_price': 16316.5}
INVALID_RISK_UNIT,risk_unit == 0 or non-finite,NQZ21-CME,31760100,2021-12-08 15:06:37.021000+00:00,16316.5,{'stop_loss_price': 16316.5}
INVALID_RISK_UNIT,risk_unit == 0 or non-finite,NQZ21-CME,31760101,2021-12-08 15:06:37.021001+00:00,16316.5,{'stop_loss_price': 16316.5}
INVALID_RISK_UNIT,risk_unit == 0 or non-finite,NQZ21-CME,31784284,2021-12-08 15:23:38.583000+00:00,16320.0,{'stop_loss_price': 16320.0}
INVALID_RISK_UNIT,risk_unit == 0 or non-finite,NQZ21-CME,31794951,2021-12-08 15:30:21.583000+00:00,16296.5,{'stop_loss_price': 16296.5}
INVALID_RISK_UNIT,risk_unit == 0 or non-finite,NQZ21-CME,31794952,2021-12-08 15:30:21.583001+00:00,16296.5,{'stop_loss_price': 16296.5}
INVALID_RISK_UNIT,risk_unit == 0 or non-finite,NQZ21-CME,31794953,2021-12-08 15:30:21.583002+00:00,16296.5,{'stop_loss_price': 16296.5}
INVALID_RISK_UNIT,risk_unit == 0 or non-finite,NQZ21-CME,31800782,2021-12-08 15:35:08.874000+00:00,16291.0,{'stop_loss_price': 16291.0}
INVALID_RISK_UNIT,risk_unit == 0 or non-finite,NQZ21-CME,31844636,2021-12-08 16:25:08.259000+00:00,16303.25,{'stop_loss_price': 16303.25}
INVALID_RISK_UNIT,risk_unit == 0 or non-finite,NQZ21-CME,31844637,2021-12-08 16:25:08.259001+00:00,16303.25,{'stop_loss_price': 16303.25}
INVALID_RISK_UNIT,risk_unit == 0 or non-finite,NQZ21-CME,31854657,2021-12-08 16:36:08.778000+00:00,16313.0,{'stop_loss_price': 16313.0}
INVALID_RISK_UNIT,risk_unit == 0 or non-finite,NQZ21-CME,31855487,2021-12-08 16:37:17.443000+00:00,16309.0,{'stop_loss_price': 16309.0}
INVALID_RISK_UNIT,risk_unit == 0 or non-finite,NQZ21-CME,31856209,2021-12-08 16:39:12.265000+00:00,16310.25,{'stop_loss_price': 16310.25}
INVALID_RISK_UNIT,risk_unit == 0 or non-finite,NQZ21-CME,31874937,2021-12-08 17:11:44.452000+00:00,16312.25,{'stop_loss_price': 16312.25}
INVALID_RISK_UNIT,risk_unit == 0 or non-finite,NQZ21-CME,31874938,2021-12-08 17:11:44.452001+00:00,16312.25,{'stop_loss_price': 16312.25}
INVALID_RISK_UNIT,risk_unit == 0 or non-finite,NQZ21-CME,31882911,2021-12-08 17:26:19.492000+00:00,16300.5,{'stop_loss_price': 16300.5}
INVALID_RISK_UNIT,risk_unit == 0 or non-finite,NQZ21-CME,31885811,2021-12-08 17:34:51.437000+00:00,16305.75,{'stop_loss_price': 16305.75}
INVALID_RISK_UNIT,risk_unit == 0 or non-finite,NQZ21-CME,31893141,2021-12-08 17:48:00.721000+00:00,16336.5,{'stop_loss_price': 16336.5}
INVALID_RISK_UNIT,risk_unit == 0 or non-finite,NQZ21-CME,31893142,2021-12-08 17:48:00.819000+00:00,16336.5,{'stop_loss_price': 16336.5}
INVALID_RISK_UNIT,risk_unit == 0 or non-finite,NQZ21-CME,31929517,2021-12-08 19:07:21.137000+00:00,16347.0,{'stop_loss_price': 16347.0}
INVALID_RISK_UNIT,risk_unit == 0 or non-finite,NQZ21-CME,31986573,2021-12-08 20:49:00.902000+00:00,16363.25,{'stop_loss_price': 16363.25}
INVALID_RISK_UNIT,risk_unit == 0 or non-finite,NQZ21-CME,31986574,2021-12-08 20:49:00.902001+00:00,16363.25,{'stop_loss_price': 16363.25}
INVALID_RISK_UNIT,risk_unit == 0 or non-finite,NQZ21-CME,31986575,2021-12-08 20:49:00.902002+00:00,16363.25,{'stop_loss_price': 16363.25}
INVALID_RISK_UNIT,risk_unit == 0 or non-finite,NQZ21-CME,31986576,2021-12-08 20:49:00.903000+00:00,16363.25,{'stop_loss_price': 16363.25}
INVALID_RISK_UNIT,risk_unit == 0 or non-finite,NQZ21-CME,32024582,2021-12-09 03:58:21.276000+00:00,16395.75,{'stop_loss_price': 16395.75}
INVALID_RISK_UNIT,risk_unit == 0 or non-finite,NQZ21-CME,32024583,2021-12-09 03:58:21.276001+00:00,16395.75,{'stop_loss_price': 16395.75}
INVALID_RISK_UNIT,risk_unit == 0 or non-finite,NQZ21-CME,32024584,2021-12-09 03:58:21.277000+00:00,16395.75,{'stop_loss_price': 16395.75}
INVALID_RISK_UNIT,risk_unit == 0 or non-finite,NQZ21-CME,32036471,2021-12-09 07:55:49.787000+00:00,16393.75,{'stop_loss_price': 16393.75}
INVALID_RISK_UNIT,risk_unit == 0 or non-finite,NQZ21-CME,32040895,2021-12-09 08:42:36.830002+00:00,16373.0,{'stop_loss_price': 16373.0}
INVALID_RISK_UNIT,risk_unit == 0 or non-finite,NQZ21-CME,32040896,2021-12-09 08:42:36.830003+00:00,16373.0,{'stop_loss_price': 16373.0}
INVALID_RISK_UNIT,risk_unit == 0 or non-finite,NQZ21-CME,32040897,2021-12-09 08:42:36.830004+00:00,16373.0,{'stop_loss_price': 16373.0}
INVALID_RISK_UNIT,risk_unit == 0 or non-finite,NQZ21-CME,32040898,2021-12-09 08:42:36.830005+00:00,16373.0,{'stop_loss_price': 16373.0}
INVALID_RISK_UNIT,risk_unit == 0 or non-finite,NQZ21-CME,32040899,2021-12-09 08:42:36.830006+00:00,16373.0,{'stop_loss_price': 16373.0}
INVALID_RISK_UNIT,risk_unit == 0 or non-finite,NQZ21-CME,32040900,2021-12-09 08:42:36.830007+00:00,16373.0,{'stop_loss_price': 16373.0}
INVALID_RISK_UNIT,risk_unit == 0 or non-finite,NQZ21-CME,32048149,2021-12-09 10:12:25.395000+00:00,16341.5,{'stop_loss_price': 16341.5}
INVALID_RISK_UNIT,risk_unit == 0 or non-finite,NQZ21-CME,32103744,2021-12-09 14:36:32.765000+00:00,16383.5,{'stop_loss_price': 16383.5}
INVALID_RISK_UNIT,risk_unit == 0 or non-finite,NQZ21-CME,32111581,2021-12-09 14:39:59.725000+00:00,16400.5,{'stop_loss_price': 16400.5}
INVALID_RISK_UNIT,risk_unit == 0 or non-finite,NQZ21-CME,32111582,2021-12-09 14:39:59.725001+00:00,16400.5,{'stop_loss_price': 16400.5}
INVALID_RISK_UNIT,risk_unit == 0 or non-finite,NQZ21-CME,32152786,2021-12-09 14:58:16.922000+00:00,16336.75,{'stop_loss_price': 16336.75}
INVALID_RISK_UNIT,risk_unit == 0 or non-finite,NQZ21-CME,32152787,2021-12-09 14:58:16.922001+00:00,16336.75,{'stop_loss_price': 16336.75}
INVALID_RISK_UNIT,risk_unit == 0 or non-finite,NQZ21-CME,32155033,2021-12-09 14:59:32.994000+00:00,16347.5,{'stop_loss_price': 16347.5}
INVALID_RISK_UNIT,risk_unit == 0 or non-finite,NQZ21-CME,32155034,2021-12-09 14:59:32.995000+00:00,16347.5,{'stop_loss_price': 16347.5}
INVALID_RISK_UNIT,risk_unit == 0 or non-finite,NQZ21-CME,32155053,2021-12-09 14:59:34.842000+00:00,16347.0,{'stop_loss_price': 16347.0}
INVALID_RISK_UNIT,risk_unit == 0 or non-finite,NQZ21-CME,32175055,2021-12-09 15:10:49.955000+00:00,16328.25,{'stop_loss_price': 16328.25}
INVALID_RISK_UNIT,risk_unit == 0 or non-finite,NQZ21-CME,32175056,2021-12-09 15:10:49.956000+00:00,16328.25,{'stop_loss_price': 16328.25}
INVALID_RISK_UNIT,risk_unit == 0 or non-finite,NQZ21-CME,32180497,2021-12-09 15:13:48.492000+00:00,16330.5,{'stop_loss_price': 16330.5}
INVALID_RISK_UNIT,risk_unit == 0 or non-finite,NQZ21-CME,32180498,2021-12-09 15:13:48.495000+00:00,16330.5,{'stop_loss_price': 16330.5}
INVALID_RISK_UNIT,risk_unit == 0 or non-finite,NQZ21-CME,32189049,2021-12-09 15:20:15.180000+00:00,16344.0,{'stop_loss_price': 16344.0}
INVALID_RISK_UNIT,risk_unit == 0 or non-finite,NQZ21-CME,32208631,2021-12-09 15:30:42.337000+00:00,16286.0,{'stop_loss_price': 16286.0}
INVALID_RISK_UNIT,risk_unit == 0 or non-finite,NQZ21-CME,32253268,2021-12-09 16:02:51.943000+00:00,16293.75,{'stop_loss_price': 16293.75}
INVALID_RISK_UNIT,risk_unit == 0 or non-finite,NQZ21-CME,32253269,2021-12-09 16:02:51.943001+00:00,16293.75,{'stop_loss_price': 16293.75}
INVALID_RISK_UNIT,risk_unit == 0 or non-finite,NQZ21-CME,32261818,2021-12-09 16:10:27.129000+00:00,16312.75,{'stop_loss_price': 16312.75}
INVALID_RISK_UNIT,risk_unit == 0 or non-finite,NQZ21-CME,32261819,2021-12-09 16:10:27.129001+00:00,16312.75,{'stop_loss_price': 16312.75}
INVALID_RISK_UNIT,risk_unit == 0 or non-finite,NQZ21-CME,32261821,2021-12-09 16:10:27.517000+00:00,16312.75,{'stop_loss_price': 16312.75}
INVALID_RISK_UNIT,risk_unit == 0 or non-finite,NQZ21-CME,32263559,2021-12-09 16:11:56.977001+00:00,16297.25,{'stop_loss_price': 16297.25}
INVALID_RISK_UNIT,risk_unit == 0 or non-finite,NQZ21-CME,32278814,2021-12-09 16:25:40.862000+00:00,16329.25,{'stop_loss_price': 16329.25}
INVALID_RISK_UNIT,risk_unit == 0 or non-finite,NQZ21-CME,32319531,2021-12-09 17:11:16.359000+00:00,16284.5,{'stop_loss_price': 16284.5}
INVALID_RISK_UNIT,risk_unit == 0 or non-finite,NQZ21-CME,32319532,2021-12-09 17:11:16.359001+00:00,16284.5,{'stop_loss_price': 16284.5}
INVALID_RISK_UNIT,risk_unit == 0 or non-finite,NQZ21-CME,32319533,2021-12-09 17:11:16.359002+00:00,16284.5,{'stop_loss_price': 16284.5}
INVALID_RISK_UNIT,risk_unit == 0 or non-finite,NQZ21-CME,32388569,2021-12-09 18:47:57.344000+00:00,16235.25,{'stop_loss_price': 16235.25}
INVALID_RISK_UNIT,risk_unit == 0 or non-finite,NQZ21-CME,32417808,2021-12-09 19:19:20.472014+00:00,16237.75,{'stop_loss_price': 16237.75}
INVALID_RISK_UNIT,risk_unit == 0 or non-finite,NQZ21-CME,32459347,2021-12-09 20:05:03.057000+00:00,16214.75,{'stop_loss_price': 16214.75}
INVALID_RISK_UNIT,risk_unit == 0 or non-finite,NQZ21-CME,32459348,2021-12-09 20:05:03.057001+00:00,16214.75,{'stop_loss_price': 16214.75}
INVALID_RISK_UNIT,risk_unit == 0 or non-finite,NQZ21-CME,32459349,2021-12-09 20:05:03.057002+00:00,16214.75,{'stop_loss_price': 16214.75}
INVALID_RISK_UNIT,risk_unit == 0 or non-finite,NQZ21-CME,32459350,2021-12-09 20:05:03.058000+00:00,16214.75,{'stop_loss_price': 16214.75}
INVALID_RISK_UNIT,risk_unit == 0 or non-finite,NQZ21-CME,32459356,2021-12-09 20:05:03.373000+00:00,16214.75,{'stop_loss_price': 16214.75}
INVALID_RISK_UNIT,risk_unit == 0 or non-finite,NQZ21-CME,32459357,2021-12-09 20:05:03.382000+00:00,16214.75,{'stop_loss_price': 16214.75}
INVALID_RISK_UNIT,risk_unit == 0 or non-finite,NQZ21-CME,32459358,2021-12-09 20:05:03.384000+00:00,16214.75,{'stop_loss_price': 16214.75}
INVALID_RISK_UNIT,risk_unit == 0 or non-finite,NQZ21-CME,32459359,2021-12-09 20:05:03.384001+00:00,16214.75,{'stop_loss_price': 16214.75}
INVALID_RISK_UNIT,risk_unit == 0 or non-finite,NQZ21-CME,32503016,2021-12-09 20:41:55.335000+00:00,16190.25,{'stop_loss_price': 16190.25}
INVALID_RISK_UNIT,risk_unit == 0 or non-finite,NQZ21-CME,32523636,2021-12-09 20:59:00.498010+00:00,16159.75,{'stop_loss_price': 16159.75}
INVALID_RISK_UNIT,risk_unit == 0 or non-finite,NQZ21-CME,32523637,2021-12-09 20:59:00.498011+00:00,16159.75,{'stop_loss_price': 16159.75}
INVALID_RISK_UNIT,risk_unit == 0 or non-finite,NQZ21-CME,32523638,2021-12-09 20:59:00.498012+00:00,16159.75,{'stop_loss_price': 16159.75}
INVALID_RISK_UNIT,risk_unit == 0 or non-finite,NQZ21-CME,32523639,2021-12-09 20:59:00.498013+00:00,16159.75,{'stop_loss_price': 16159.75}
INVALID_RISK_UNIT,risk_unit == 0 or non-finite,NQZ21-CME,32523640,2021-12-09 20:59:00.498014+00:00,16159.75,{'stop_loss_price': 16159.75}
INVALID_RISK_UNIT,risk_unit == 0 or non-finite,NQZ21-CME,32523647,2021-12-09 20:59:00.692000+00:00,16159.75,{'stop_loss_price': 16159.75}
INVALID_RISK_UNIT,risk_unit == 0 or non-finite,NQZ21-CME,32523648,2021-12-09 20:59:00.692001+00:00,16159.75,{'stop_loss_price': 16159.75}
INVALID_RISK_UNIT,risk_unit == 0 or non-finite,NQZ21-CME,32584267,2021-12-10 12:28:21.090005+00:00,16198.5,{'stop_loss_price': 16198.5}
INVALID_RISK_UNIT,risk_unit == 0 or non-finite,NQZ21-CME,32657092,2021-12-10 14:50:55.375000+00:00,16226.25,{'stop_loss_price': 16226.25}
INVALID_RISK_UNIT,risk_unit == 0 or non-finite,NQZ21-CME,32657093,2021-12-10 14:50:55.375001+00:00,16226.25,{'stop_loss_price': 16226.25}
INVALID_RISK_UNIT,risk_unit == 0 or non-finite,NQZ21-CME,32657094,2021-12-10 14:50:55.375002+00:00,16226.25,{'stop_loss_price': 16226.25}
INVALID_RISK_UNIT,risk_unit == 0 or non-finite,NQZ21-CME,32745256,2021-12-10 16:26:41.386000+00:00,16186.25,{'stop_loss_price': 16186.25}
INVALID_RISK_UNIT,risk_unit == 0 or non-finite,NQZ21-CME,32752269,2021-12-10 16:37:38.626000+00:00,16192.75,{'stop_loss_price': 16192.75}
INVALID_RISK_UNIT,risk_unit == 0 or non-finite,NQZ21-CME,32778068,2021-12-10 17:28:17.154000+00:00,16249.25,{'stop_loss_price': 16249.25}
INVALID_RISK_UNIT,risk_unit == 0 or non-finite,NQZ21-CME,32800565,2021-12-10 18:34:49.372000+00:00,16264.0,{'stop_loss_price': 16264.0}
INVALID_RISK_UNIT,risk_unit == 0 or non-finite,NQZ21-CME,32800566,2021-12-10 18:34:49.372001+00:00,16264.0,{'stop_loss_price': 16264.0}
INVALID_RISK_UNIT,risk_unit == 0 or non-finite,NQZ21-CME,32800567,2021-12-10 18:34:49.372002+00:00,16264.0,{'stop_loss_price': 16264.0}
INVALID_RISK_UNIT,risk_unit == 0 or non-finite,NQZ21-CME,32800568,2021-12-10 18:34:49.372003+00:00,16264.0,{'stop_loss_price': 16264.0}
INVALID_RISK_UNIT,risk_unit == 0 or non-finite,NQZ21-CME,32815796,2021-12-10 19:31:09.542000+00:00,16268.25,{'stop_loss_price': 16268.25}
INVALID_RISK_UNIT,risk_unit == 0 or non-finite,NQZ21-CME,32815797,2021-12-10 19:31:09.563000+00:00,16268.25,{'stop_loss_price': 16268.25}
INVALID_RISK_UNIT,risk_unit == 0 or non-finite,NQZ21-CME,32815798,2021-12-10 19:31:09.692000+00:00,16268.25,{'stop_loss_price': 16268.25}
