code,message,contract,row_index,timestamp_utc,price,context
INVALID_RISK_UNIT,risk_unit == 0 or non-finite,NQU18-CME,13860,2018-06-07 13:48:32.004000+00:00,7229.25,{'stop_loss_price': 7229.25}
INVALID_RISK_UNIT,risk_unit == 0 or non-finite,NQU18-CME,13861,2018-06-07 13:48:32.005000+00:00,7229.25,{'stop_loss_price': 7229.25}
INVALID_RISK_UNIT,risk_unit == 0 or non-finite,NQU18-CME,13862,2018-06-07 13:48:32.006000+00:00,7229.25,{'stop_loss_price': 7229.25}
INVALID_RISK_UNIT,risk_unit == 0 or non-finite,NQU18-CME,13863,2018-06-07 13:48:33+00:00,7229.25,{'stop_loss_price': 7229.25}
INVALID_RISK_UNIT,risk_unit == 0 or non-finite,NQU18-CME,13864,2018-06-07 13:48:33.001000+00:00,7229.25,{'stop_loss_price': 7229.25}
INVALID_RISK_UNIT,risk_unit == 0 or non-finite,NQU18-CME,44913,2018-06-08 02:37:39+00:00,7168.75,{'stop_loss_price': 7168.75}
INVALID_RISK_UNIT,risk_unit == 0 or non-finite,NQU18-CME,44914,2018-06-08 02:37:39.001000+00:00,7168.75,{'stop_loss_price': 7168.75}
INVALID_RISK_UNIT,risk_unit == 0 or non-finite,NQU18-CME,44915,2018-06-08 02:37:39.002000+00:00,7168.75,{'stop_loss_price': 7168.75}
INVALID_RISK_UNIT,risk_unit == 0 or non-finite,NQU18-CME,44916,2018-06-08 02:37:39.003000+00:00,7168.75,{'stop_loss_price': 7168.75}
INVALID_RISK_UNIT,risk_unit == 0 or non-finite,NQU18-CME,44917,2018-06-08 02:37:39.004000+00:00,7168.75,{'stop_loss_price': 7168.75}
INVALID_RISK_UNIT,risk_unit == 0 or non-finite,NQU18-CME,44918,2018-06-08 02:38:02+00:00,7168.75,{'stop_loss_price': 7168.75}
INVALID_RISK_UNIT,risk_unit == 0 or non-finite,NQU18-CME,56019,2018-06-08 08:11:48+00:00,7113.75,{'stop_loss_price': 7113.75}
INVALID_RISK_UNIT,risk_unit == 0 or non-finite,NQU18-CME,56020,2018-06-08 08:11:48.001000+00:00,7113.75,{'stop_loss_price': 7113.75}
INVALID_RISK_UNIT,risk_unit == 0 or non-finite,NQU18-CME,56021,2018-06-08 08:11:48.002000+00:00,7113.75,{'stop_loss_price': 7113.75}
INVALID_RISK_UNIT,risk_unit == 0 or non-finite,NQU18-CME,56022,2018-06-08 08:11:48.003000+00:00,7113.75,{'stop_loss_price': 7113.75}
INVALID_RISK_UNIT,risk_unit == 0 or non-finite,NQU18-CME,56023,2018-06-08 08:11:48.004000+00:00,7113.75,{'stop_loss_price': 7113.75}
INVALID_RISK_UNIT,risk_unit == 0 or non-finite,NQU18-CME,56024,2018-06-08 08:11:48.005000+00:00,7113.75,{'stop_loss_price': 7113.75}
INVALID_RISK_UNIT,risk_unit == 0 or non-finite,NQU18-CME,94741,2018-06-08 13:48:30+00:00,7151.5,{'stop_loss_price': 7151.5}
INVALID_RISK_UNIT,risk_unit == 0 or non-finite,NQU18-CME,103808,2018-06-08 14:01:32.002000+00:00,7154.5,{'stop_loss_price': 7154.5}
INVALID_RISK_UNIT,risk_unit == 0 or non-finite,NQU18-CME,103809,2018-06-08 14:01:32.003000+00:00,7154.5,{'stop_loss_price': 7154.5}
INVALID_RISK_UNIT,risk_unit == 0 or non-finite,NQU18-CME,103812,2018-06-08 14:01:32.006000+00:00,7154.5,{'stop_loss_price': 7154.5}
INVALID_RISK_UNIT,risk_unit == 0 or non-finite,NQU18-CME,146176,2018-06-08 15:34:19.004000+00:00,7155.5,{'stop_loss_price': 7155.5}
INVALID_RISK_UNIT,risk_unit == 0 or non-finite,NQU18-CME,146177,2018-06-08 15:34:19.005000+00:00,7155.5,{'stop_loss_price': 7155.5}
INVALID_RISK_UNIT,risk_unit == 0 or non-finite,NQU18-CME,146178,2018-06-08 15:34:19.006000+00:00,7155.5,{'stop_loss_price': 7155.5}
INVALID_RISK_UNIT,risk_unit == 0 or non-finite,NQU18-CME,146179,2018-06-08 15:34:19.007000+00:00,7155.5,{'stop_loss_price': 7155.5}
INVALID_RISK_UNIT,risk_unit == 0 or non-finite,NQU18-CME,146180,2018-06-08 15:34:19.008000+00:00,7155.5,{'stop_loss_price': 7155.5}
INVALID_RISK_UNIT,risk_unit == 0 or non-finite,NQU18-CME,146181,2018-06-08 15:34:19.009000+00:00,7155.5,{'stop_loss_price': 7155.5}
INVALID_RISK_UNIT,risk_unit == 0 or non-finite,NQU18-CME,146185,2018-06-08 15:34:19.013000+00:00,7155.5,{'stop_loss_price': 7155.5}
INVALID_RISK_UNIT,risk_unit == 0 or non-finite,NQU18-CME,153976,2018-06-08 16:01:52+00:00,7158.5,{'stop_loss_price': 7158.5}
INVALID_RISK_UNIT,risk_unit == 0 or non-finite,NQU18-CME,153977,2018-06-08 16:01:52.001000+00:00,7158.5,{'stop_loss_price': 7158.5}
INVALID_RISK_UNIT,risk_unit == 0 or non-finite,NQU18-CME,162646,2018-06-08 16:41:58+00:00,7171.5,{'stop_loss_price': 7171.5}
INVALID_RISK_UNIT,risk_unit == 0 or non-finite,NQU18-CME,162647,2018-06-08 16:41:58.001000+00:00,7171.5,{'stop_loss_price': 7171.5}
INVALID_RISK_UNIT,risk_unit == 0 or non-finite,NQU18-CME,162648,2018-06-08 16:41:58.002000+00:00,7171.5,{'stop_loss_price': 7171.5}
INVALID_RISK_UNIT,risk_unit == 0 or non-finite,NQU18-CME,162649,2018-06-08 16:41:58.003000+00:00,7171.5,{'stop_loss_price': 7171.5}
INVALID_RISK_UNIT,risk_unit == 0 or non-finite,NQU18-CME,162650,2018-06-08 16:41:58.004000+00:00,7171.5,{'stop_loss_price': 7171.5}
INVALID_RISK_UNIT,risk_unit == 0 or non-finite,NQU18-CME,162651,2018-06-08 16:41:58.005000+00:00,7171.5,{'stop_loss_price': 7171.5}
INVALID_RISK_UNIT,risk_unit == 0 or non-finite,NQU18-CME,162652,2018-06-08 16:41:58.006000+00:00,7171.5,{'stop_loss_price': 7171.5}
INVALID_RISK_UNIT,risk_unit == 0 or non-finite,NQU18-CME,162653,2018-06-08 16:41:58.007000+00:00,7171.5,{'stop_loss_price': 7171.5}
INVALID_RISK_UNIT,risk_unit == 0 or non-finite,NQU18-CME,162654,2018-06-08 16:41:58.008000+00:00,7171.5,{'stop_loss_price': 7171.5}
INVALID_RISK_UNIT,risk_unit == 0 or non-finite,NQU18-CME,162655,2018-06-08 16:41:58.009000+00:00,7171.5,{'stop_loss_price': 7171.5}
INVALID_RISK_UNIT,risk_unit == 0 or non-finite,NQU18-CME,162656,2018-06-08 16:41:58.010000+00:00,7171.5,{'stop_loss_price': 7171.5}
INVALID_RISK_UNIT,risk_unit == 0 or non-finite,NQU18-CME,162657,2018-06-08 16:41:58.011000+00:00,7171.5,{'stop_loss_price': 7171.5}
INVALID_RISK_UNIT,risk_unit == 0 or non-finite,NQU18-CME,162658,2018-06-08 16:41:58.012000+00:00,7171.5,{'stop_loss_price': 7171.5}
INVALID_RISK_UNIT,risk_unit == 0 or non-finite,NQU18-CME,169113,2018-06-08 17:23:03+00:00,7174.25,{'stop_loss_price': 7174.25}
INVALID_RISK_UNIT,risk_unit == 0 or non-finite,NQU18-CME,169114,2018-06-08 17:23:03.001000+00:00,7174.25,{'stop_loss_price': 7174.25}
INVALID_RISK_UNIT,risk_unit == 0 or non-finite,NQU18-CME,169115,2018-06-08 17:23:04+00:00,7174.25,{'stop_loss_price': 7174.25}
INVALID_RISK_UNIT,risk_unit == 0 or non-finite,NQU18-CME,169116,2018-06-08 17:23:04.001000+00:00,7174.25,{'stop_loss_price': 7174.25}
INVALID_RISK_UNIT,risk_unit == 0 or non-finite,NQU18-CME,169117,2018-06-08 17:23:05+00:00,7174.25,{'stop_loss_price': 7174.25}
INVALID_RISK_UNIT,risk_unit == 0 or non-finite,NQU18-CME,169118,2018-06-08 17:23:05.001000+00:00,7174.25,{'stop_loss_price': 7174.25}
INVALID_RISK_UNIT,risk_unit == 0 or non-finite,NQU18-CME,169119,2018-06-08 17:23:06+00:00,7174.25,{'stop_loss_price': 7174.25}
INVALID_RISK_UNIT,risk_unit == 0 or non-finite,NQU18-CME,193216,2018-06-08 19:42:14+00:00,7181.75,{'stop_loss_price': 7181.75}
INVALID_RISK_UNIT,risk_unit == 0 or non-finite,NQU18-CME,193217,2018-06-08 19:42:14.001000+00:00,7181.75,{'stop_loss_price': 7181.75}
INVALID_RISK_UNIT,risk_unit == 0 or non-finite,NQU18-CME,193218,2018-06-08 19:42:14.002000+00:00,7181.75,{'stop_loss_price': 7181.75}
INVALID_RISK_UNIT,risk_unit == 0 or non-finite,NQU18-CME,193219,2018-06-08 19:42:14.003000+00:00,7181.75,{'stop_loss_price': 7181.75}
INVALID_RISK_UNIT,risk_unit == 0 or non-finite,NQU18-CME,193220,2018-06-08 19:42:14.004000+00:00,7181.75,{'stop_loss_price': 7181.75}
INVALID_RISK_UNIT,risk_unit == 0 or non-finite,NQU18-CME,193228,2018-06-08 19:42:20+00:00,7181.75,{'stop_loss_price': 7181.75}
INVALID_RISK_UNIT,risk_unit == 0 or non-finite,NQU18-CME,193229,2018-06-08 19:42:20.001000+00:00,7181.75,{'stop_loss_price': 7181.75}
INVALID_RISK_UNIT,risk_unit == 0 or non-finite,NQU18-CME,193230,2018-06-08 19:42:20.002000+00:00,7181.75,{'stop_loss_price': 7181.75}
INVALID_RISK_UNIT,risk_unit == 0 or non-finite,NQU18-CME,193231,2018-06-08 19:42:20.003000+00:00,7181.75,{'stop_loss_price': 7181.75}
INVALID_RISK_UNIT,risk_unit == 0 or non-finite,NQU18-CME,193232,2018-06-08 19:42:20.004000+00:00,7181.75,{'stop_loss_price': 7181.75}
INVALID_RISK_UNIT,risk_unit == 0 or non-finite,NQU18-CME,193233,2018-06-08 19:42:21+00:00,7181.75,{'stop_loss_price': 7181.75}
INVALID_RISK_UNIT,risk_unit == 0 or non-finite,NQU18-CME,193234,2018-06-08 19:42:21.001000+00:00,7181.75,{'stop_loss_price': 7181.75}
INVALID_RISK_UNIT,risk_unit == 0 or non-finite,NQU18-CME,244350,2018-06-11 13:40:10.006000+00:00,7181.75,{'stop_loss_price': 7181.75}
INVALID_RISK_UNIT,risk_unit == 0 or non-finite,NQU18-CME,244351,2018-06-11 13:40:10.007000+00:00,7181.75,{'stop_loss_price': 7181.75}
INVALID_RISK_UNIT,risk_unit == 0 or non-finite,NQU18-CME,244352,2018-06-11 13:40:10.008000+00:00,7181.75,{'stop_loss_price': 7181.75}
INVALID_RISK_UNIT,risk_unit == 0 or non-finite,NQU18-CME,244353,2018-06-11 13:40:10.009000+00:00,7181.75,{'stop_loss_price': 7181.75}
INVALID_RISK_UNIT,risk_unit == 0 or non-finite,NQU18-CME,244354,2018-06-11 13:40:10.010000+00:00,7181.75,{'stop_loss_price': 7181.75}
INVALID_RISK_UNIT,risk_unit == 0 or non-finite,NQU18-CME,244355,2018-06-11 13:40:10.011000+00:00,7181.75,{'stop_loss_price': 7181.75}
INVALID_RISK_UNIT,risk_unit == 0 or non-finite,NQU18-CME,244361,2018-06-11 13:40:10.017000+00:00,7181.75,{'stop_loss_price': 7181.75}
INVALID_RISK_UNIT,risk_unit == 0 or non-finite,NQU18-CME,244362,2018-06-11 13:40:10.018000+00:00,7181.75,{'stop_loss_price': 7181.75}
INVALID_RISK_UNIT,risk_unit == 0 or non-finite,NQU18-CME,244363,2018-06-11 13:40:10.019000+00:00,7181.75,{'stop_loss_price': 7181.75}
INVALID_RISK_UNIT,risk_unit == 0 or non-finite,NQU18-CME,244364,2018-06-11 13:40:10.020000+00:00,7181.75,{'stop_loss_price': 7181.75}
INVALID_RISK_UNIT,risk_unit == 0 or non-finite,NQU18-CME,244370,2018-06-11 13:40:10.026000+00:00,7181.75,{'stop_loss_price': 7181.75}
INVALID_RISK_UNIT,risk_unit == 0 or non-finite,NQU18-CME,244371,2018-06-11 13:40:10.027000+00:00,7181.75,{'stop_loss_price': 7181.75}
INVALID_RISK_UNIT,risk_unit == 0 or non-finite,NQU18-CME,244372,2018-06-11 13:40:10.028000+00:00,7181.75,{'stop_loss_price': 7181.75}
INVALID_RISK_UNIT,risk_unit == 0 or non-finite,NQU18-CME,244373,2018-06-11 13:40:10.029000+00:00,7181.75,{'stop_loss_price': 7181.75}
INVALID_RISK_UNIT,risk_unit == 0 or non-finite,NQU18-CME,255006,2018-06-11 13:56:22.004000+00:00,7190.25,{'stop_loss_price': 7190.25}
INVALID_RISK_UNIT,risk_unit == 0 or non-finite,NQU18-CME,255007,2018-06-11 13:56:22.005000+00:00,7190.25,{'stop_loss_price': 7190.25}
INVALID_RISK_UNIT,risk_unit == 0 or non-finite,NQU18-CME,436936,2018-06-12 14:01:20.009000+00:00,7202.75,{'stop_loss_price': 7202.75}
INVALID_RISK_UNIT,risk_unit == 0 or non-finite,NQU18-CME,436937,2018-06-12 14:01:20.010000+00:00,7202.75,{'stop_loss_price': 7202.75}
INVALID_RISK_UNIT,risk_unit == 0 or non-finite,NQU18-CME,465005,2018-06-12 15:00:52+00:00,7216.25,{'stop_loss_price': 7216.25}
INVALID_RISK_UNIT,risk_unit == 0 or non-finite,NQU18-CME,466074,2018-06-12 15:04:29.001000+00:00,7217.75,{'stop_loss_price': 7217.75}
INVALID_RISK_UNIT,risk_unit == 0 or non-finite,NQU18-CME,466075,2018-06-12 15:04:29.002000+00:00,7217.75,{'stop_loss_price': 7217.75}
INVALID_RISK_UNIT,risk_unit == 0 or non-finite,NQU18-CME,466076,2018-06-12 15:04:29.003000+00:00,7217.75,{'stop_loss_price': 7217.75}
INVALID_RISK_UNIT,risk_unit == 0 or non-finite,NQU18-CME,466077,2018-06-12 15:04:29.004000+00:00,7217.75,{'stop_loss_price': 7217.75}
INVALID_RISK_UNIT,risk_unit == 0 or non-finite,NQU18-CME,466078,2018-06-12 15:04:29.005000+00:00,7217.75,{'stop_loss_price': 7217.75}
INVALID_RISK_UNIT,risk_unit == 0 or non-finite,NQU18-CME,511309,2018-06-12 17:52:59.009000+00:00,7234.5,{'stop_loss_price': 7234.5}
INVALID_RISK_UNIT,risk_unit == 0 or non-finite,NQU18-CME,511310,2018-06-12 17:52:59.010000+00:00,7234.5,{'stop_loss_price': 7234.5}
INVALID_RISK_UNIT,risk_unit == 0 or non-finite,NQU18-CME,511311,2018-06-12 17:52:59.011000+00:00,7234.5,{'stop_loss_price': 7234.5}
INVALID_RISK_UNIT,risk_unit == 0 or non-finite,NQU18-CME,511312,2018-06-12 17:52:59.012000+00:00,7234.5,{'stop_loss_price': 7234.5}
INVALID_RISK_UNIT,risk_unit == 0 or non-finite,NQU18-CME,511313,2018-06-12 17:52:59.013000+00:00,7234.5,{'stop_loss_price': 7234.5}
INVALID_RISK_UNIT,risk_unit == 0 or non-finite,NQU18-CME,511314,2018-06-12 17:52:59.014000+00:00,7234.5,{'stop_loss_price': 7234.5}
INVALID_RISK_UNIT,risk_unit == 0 or non-finite,NQU18-CME,511315,2018-06-12 17:52:59.015000+00:00,7234.5,{'stop_loss_price': 7234.5}
INVALID_RISK_UNIT,risk_unit == 0 or non-finite,NQU18-CME,511316,2018-06-12 17:52:59.016000+00:00,7234.5,{'stop_loss_price': 7234.5}
INVALID_RISK_UNIT,risk_unit == 0 or non-finite,NQU18-CME,511317,2018-06-12 17:52:59.017000+00:00,7234.5,{'stop_loss_price': 7234.5}
INVALID_RISK_UNIT,risk_unit == 0 or non-finite,NQU18-CME,511318,2018-06-12 17:52:59.018000+00:00,7234.5,{'stop_loss_price': 7234.5}
INVALID_RISK_UNIT,risk_unit == 0 or non-finite,NQU18-CME,511319,2018-06-12 17:52:59.019000+00:00,7234.5,{'stop_loss_price': 7234.5}
INVALID_RISK_UNIT,risk_unit == 0 or non-finite,NQU18-CME,544653,2018-06-12 19:24:48.003000+00:00,7221.5,{'stop_loss_price': 7221.5}
INVALID_RISK_UNIT,risk_unit == 0 or non-finite,NQU18-CME,547367,2018-06-12 19:38:00+00:00,7222.25,{'stop_loss_price': 7222.25}
INVALID_RISK_UNIT,risk_unit == 0 or non-finite,NQU18-CME,547368,2018-06-12 19:38:00.001000+00:00,7222.25,{'stop_loss_price': 7222.25}
INVALID_RISK_UNIT,risk_unit == 0 or non-finite,NQU18-CME,547369,2018-06-12 19:38:00.002000+00:00,7222.25,{'stop_loss_price': 7222.25}
INVALID_RISK_UNIT,risk_unit == 0 or non-finite,NQU18-CME,547370,2018-06-12 19:38:00.003000+00:00,7222.25,{'stop_loss_price': 7222.25}
INVALID_RISK_UNIT,risk_unit == 0 or non-finite,NQU18-CME,547371,2018-06-12 19:38:00.004000+00:00,7222.25,{'stop_loss_price': 7222.25}
INVALID_RISK_UNIT,risk_unit == 0 or non-finite,NQU18-CME,547372,2018-06-12 19:38:00.005000+00:00,7222.25,{'stop_loss_price': 7222.25}
INVALID_RISK_UNIT,risk_unit == 0 or non-finite,NQU18-CME,547373,2018-06-12 19:38:00.006000+00:00,7222.25,{'stop_loss_price': 7222.25}
INVALID_RISK_UNIT,risk_unit == 0 or non-finite,NQU18-CME,547374,2018-06-12 19:38:00.007000+00:00,7222.25,{'stop_loss_price': 7222.25}
INVALID_RISK_UNIT,risk_unit == 0 or non-finite,NQU18-CME,547375,2018-06-12 19:38:00.008000+00:00,7222.25,{'stop_loss_price': 7222.25}
INVALID_RISK_UNIT,risk_unit == 0 or non-finite,NQU18-CME,547376,2018-06-12 19:38:00.009000+00:00,7222.25,{'stop_loss_price': 7222.25}
INVALID_RISK_UNIT,risk_unit == 0 or non-finite,NQU18-CME,547377,2018-06-12 19:38:00.010000+00:00,7222.25,{'stop_loss_price': 7222.25}
INVALID_RISK_UNIT,risk_unit == 0 or non-finite,NQU18-CME,547378,2018-06-12 19:38:00.011000+00:00,7222.25,{'stop_loss_price': 7222.25}
INVALID_RISK_UNIT,risk_unit == 0 or non-finite,NQU18-CME,547379,2018-06-12 19:38:00.012000+00:00,7222.25,{'stop_loss_price': 7222.25}
INVALID_RISK_UNIT,risk_unit == 0 or non-finite,NQU18-CME,547380,2018-06-12 19:38:00.013000+00:00,7222.25,{'stop_loss_price': 7222.25}
INVALID_RISK_UNIT,risk_unit == 0 or non-finite,NQU18-CME,547381,2018-06-12 19:38:00.014000+00:00,7222.25,{'stop_loss_price': 7222.25}
INVALID_RISK_UNIT,risk_unit == 0 or non-finite,NQU18-CME,547382,2018-06-12 19:38:00.015000+00:00,7222.25,{'stop_loss_price': 7222.25}
INVALID_RISK_UNIT,risk_unit == 0 or non-finite,NQU18-CME,547383,2018-06-12 19:38:00.016000+00:00,7222.25,{'stop_loss_price': 7222.25}
INVALID_RISK_UNIT,risk_unit == 0 or non-finite,NQU18-CME,547384,2018-06-12 19:38:00.017000+00:00,7222.25,{'stop_loss_price': 7222.25}
INVALID_RISK_UNIT,risk_unit == 0 or non-finite,NQU18-CME,547385,2018-06-12 19:38:00.018000+00:00,7222.25,{'stop_loss_price': 7222.25}
INVALID_RISK_UNIT,risk_unit == 0 or non-finite,NQU18-CME,547386,2018-06-12 19:38:00.019000+00:00,7222.25,{'stop_loss_price': 7222.25}
INVALID_RISK_UNIT,risk_unit == 0 or non-finite,NQU18-CME,547387,2018-06-12 19:38:00.020000+00:00,7222.25,{'stop_loss_price': 7222.25}
INVALID_RISK_UNIT,risk_unit == 0 or non-finite,NQU18-CME,547398,2018-06-12 19:38:03+00:00,7222.25,{'stop_loss_price': 7222.25}
INVALID_RISK_UNIT,risk_unit == 0 or non-finite,NQU18-CME,547399,2018-06-12 19:38:04+00:00,7222.25,{'stop_loss_price': 7222.25}
INVALID_RISK_UNIT,risk_unit == 0 or non-finite,NQU18-CME,547400,2018-06-12 19:38:04.001000+00:00,7222.25,{'stop_loss_price': 7222.25}
INVALID_RISK_UNIT,risk_unit == 0 or non-finite,NQU18-CME,547401,2018-06-12 19:38:04.002000+00:00,7222.25,{'stop_loss_price': 7222.25}
INVALID_RISK_UNIT,risk_unit == 0 or non-finite,NQU18-CME,547402,2018-06-12 19:38:04.003000+00:00,7222.25,{'stop_loss_price': 7222.25}
INVALID_RISK_UNIT,risk_unit == 0 or non-finite,NQU18-CME,653001,2018-06-13 14:51:25+00:00,7263.75,{'stop_loss_price': 7263.75}
INVALID_RISK_UNIT,risk_unit == 0 or non-finite,NQU18-CME,653002,2018-06-13 14:51:25.001000+00:00,7263.75,{'stop_loss_price': 7263.75}
INVALID_RISK_UNIT,risk_unit == 0 or non-finite,NQU18-CME,653003,2018-06-13 14:51:25.002000+00:00,7263.75,{'stop_loss_price': 7263.75}
INVALID_RISK_UNIT,risk_unit == 0 or non-finite,NQU18-CME,653004,2018-06-13 14:51:25.003000+00:00,7263.75,{'stop_loss_price': 7263.75}
INVALID_RISK_UNIT,risk_unit == 0 or non-finite,NQU18-CME,653005,2018-06-13 14:51:27+00:00,7263.75,{'stop_loss_price': 7263.75}
INVALID_RISK_UNIT,risk_unit == 0 or non-finite,NQU18-CME,653006,2018-06-13 14:51:28+00:00,7263.75,{'stop_loss_price': 7263.75}
INVALID_RISK_UNIT,risk_unit == 0 or non-finite,NQU18-CME,653009,2018-06-13 14:51:28.003000+00:00,7263.75,{'stop_loss_price': 7263.75}
INVALID_RISK_UNIT,risk_unit == 0 or non-finite,NQU18-CME,653010,2018-06-13 14:51:28.004000+00:00,7263.75,{'stop_loss_price': 7263.75}
INVALID_RISK_UNIT,risk_unit == 0 or non-finite,NQU18-CME,660084,2018-06-13 15:07:30+00:00,7272.25,{'stop_loss_price': 7272.25}
INVALID_RISK_UNIT,risk_unit == 0 or non-finite,NQU18-CME,660085,2018-06-13 15:07:30.001000+00:00,7272.25,{'stop_loss_price': 7272.25}
INVALID_RISK_UNIT,risk_unit == 0 or non-finite,NQU18-CME,660086,2018-06-13 15:07:30.002000+00:00,7272.25,{'stop_loss_price': 7272.25}
INVALID_RISK_UNIT,risk_unit == 0 or non-finite,NQU18-CME,660087,2018-06-13 15:07:30.003000+00:00,7272.25,{'stop_loss_price': 7272.25}
INVALID_RISK_UNIT,risk_unit == 0 or non-finite,NQU18-CME,660088,2018-06-13 15:07:30.004000+00:00,7272.25,{'stop_loss_price': 7272.25}
INVALID_RISK_UNIT,risk_unit == 0 or non-finite,NQU18-CME,660089,2018-06-13 15:07:30.005000+00:00,7272.25,{'stop_loss_price': 7272.25}
INVALID_RISK_UNIT,risk_unit == 0 or non-finite,NQU18-CME,660092,2018-06-13 15:07:30.008000+00:00,7272.25,{'stop_loss_price': 7272.25}
INVALID_RISK_UNIT,risk_unit == 0 or non-finite,NQU18-CME,660093,2018-06-13 15:07:31+00:00,7272.25,{'stop_loss_price': 7272.25}
INVALID_RISK_UNIT,risk_unit == 0 or non-finite,NQU18-CME,660094,2018-06-13 15:07:31.001000+00:00,7272.25,{'stop_loss_price': 7272.25}
INVALID_RISK_UNIT,risk_unit == 0 or non-finite,NQU18-CME,752954,2018-06-13 18:37:06.001000+00:00,7233.75,{'stop_loss_price': 7233.75}
INVALID_RISK_UNIT,risk_unit == 0 or non-finite,NQU18-CME,752955,2018-06-13 18:37:06.002000+00:00,7233.75,{'stop_loss_price': 7233.75}
INVALID_RISK_UNIT,risk_unit == 0 or non-finite,NQU18-CME,752956,2018-06-13 18:37:06.003000+00:00,7233.75,{'stop_loss_price': 7233.75}
INVALID_RISK_UNIT,risk_unit == 0 or non-finite,NQU18-CME,754801,2018-06-13 18:38:39+00:00,7238.75,{'stop_loss_price': 7238.75}
INVALID_RISK_UNIT,risk_unit == 0 or non-finite,NQU18-CME,844325,2018-06-14 07:58:07+00:00,7216.75,{'stop_loss_price': 7216.75}
INVALID_RISK_UNIT,risk_unit == 0 or non-finite,NQU18-CME,867053,2018-06-14 12:46:06.022000+00:00,7252.5,{'stop_loss_price': 7252.5}
INVALID_RISK_UNIT,risk_unit == 0 or non-finite,NQU18-CME,900265,2018-06-14 13:42:40+00:00,7278.75,{'stop_loss_price': 7278.75}
INVALID_RISK_UNIT,risk_unit == 0 or non-finite,NQU18-CME,900266,2018-06-14 13:42:40.001000+00:00,7278.75,{'stop_loss_price': 7278.75}
INVALID_RISK_UNIT,risk_unit == 0 or non-finite,NQU18-CME,900267,2018-06-14 13:42:40.002000+00:00,7278.75,{'stop_loss_price': 7278.75}
INVALID_RISK_UNIT,risk_unit == 0 or non-finite,NQU18-CME,965096,2018-06-14 14:58:11.033000+00:00,7284.0,{'stop_loss_price': 7284.0}
INVALID_RISK_UNIT,risk_unit == 0 or non-finite,NQU18-CME,965097,2018-06-14 14:58:11.034000+00:00,7284.0,{'stop_loss_price': 7284.0}
INVALID_RISK_UNIT,risk_unit == 0 or non-finite,NQU18-CME,965098,2018-06-14 14:58:11.035000+00:00,7284.0,{'stop_loss_price': 7284.0}
INVALID_RISK_UNIT,risk_unit == 0 or non-finite,NQU18-CME,965099,2018-06-14 14:58:11.036000+00:00,7284.0,{'stop_loss_price': 7284.0}
INVALID_RISK_UNIT,risk_unit == 0 or non-finite,NQU18-CME,965100,2018-06-14 14:58:11.037000+00:00,7284.0,{'stop_loss_price': 7284.0}
INVALID_RISK_UNIT,risk_unit == 0 or non-finite,NQU18-CME,965101,2018-06-14 14:58:11.038000+00:00,7284.0,{'stop_loss_price': 7284.0}
INVALID_RISK_UNIT,risk_unit == 0 or non-finite,NQU18-CME,965102,2018-06-14 14:58:11.039000+00:00,7284.0,{'stop_loss_price': 7284.0}
INVALID_RISK_UNIT,risk_unit == 0 or non-finite,NQU18-CME,965103,2018-06-14 14:58:11.040000+00:00,7284.0,{'stop_loss_price': 7284.0}
INVALID_RISK_UNIT,risk_unit == 0 or non-finite,NQU18-CME,965104,2018-06-14 14:58:11.041000+00:00,7284.0,{'stop_loss_price': 7284.0}
INVALID_RISK_UNIT,risk_unit == 0 or non-finite,NQU18-CME,965105,2018-06-14 14:58:11.042000+00:00,7284.0,{'stop_loss_price': 7284.0}
INVALID_RISK_UNIT,risk_unit == 0 or non-finite,NQU18-CME,965106,2018-06-14 14:58:11.043000+00:00,7284.0,{'stop_loss_price': 7284.0}
INVALID_RISK_UNIT,risk_unit == 0 or non-finite,NQU18-CME,965107,2018-06-14 14:58:11.044000+00:00,7284.0,{'stop_loss_price': 7284.0}
INVALID_RISK_UNIT,risk_unit == 0 or non-finite,NQU18-CME,965108,2018-06-14 14:58:11.045000+00:00,7284.0,{'stop_loss_price': 7284.0}
INVALID_RISK_UNIT,risk_unit == 0 or non-finite,NQU18-CME,965109,2018-06-14 14:58:11.046000+00:00,7284.0,{'stop_loss_price': 7284.0}
INVALID_RISK_UNIT,risk_unit == 0 or non-finite,NQU18-CME,965110,2018-06-14 14:58:11.047000+00:00,7284.0,{'stop_loss_price': 7284.0}
INVALID_RISK_UNIT,risk_unit == 0 or non-finite,NQU18-CME,1004410,2018-06-14 16:22:10+00:00,7304.75,{'stop_loss_price': 7304.75}
INVALID_RISK_UNIT,risk_unit == 0 or non-finite,NQU18-CME,1012816,2018-06-14 16:59:42+00:00,7298.75,{'stop_loss_price': 7298.75}
INVALID_RISK_UNIT,risk_unit == 0 or non-finite,NQU18-CME,1012817,2018-06-14 16:59:42.001000+00:00,7298.75,{'stop_loss_price': 7298.75}
INVALID_RISK_UNIT,risk_unit == 0 or non-finite,NQU18-CME,1012818,2018-06-14 16:59:42.002000+00:00,7298.75,{'stop_loss_price': 7298.75}
INVALID_RISK_UNIT,risk_unit == 0 or non-finite,NQU18-CME,1012819,2018-06-14 16:59:42.003000+00:00,7298.75,{'stop_loss_price': 7298.75}
INVALID_RISK_UNIT,risk_unit == 0 or non-finite,NQU18-CME,1012820,2018-06-14 16:59:42.004000+00:00,7298.75,{'stop_loss_price': 7298.75}
INVALID_RISK_UNIT,risk_unit == 0 or non-finite,NQU18-CME,1012821,2018-06-14 16:59:42.005000+00:00,7298.75,{'stop_loss_price': 7298.75}
INVALID_RISK_UNIT,risk_unit == 0 or non-finite,NQU18-CME,1012822,2018-06-14 16:59:42.006000+00:00,7298.75,{'stop_loss_price': 7298.75}
INVALID_RISK_UNIT,risk_unit == 0 or non-finite,NQU18-CME,1012837,2018-06-14 16:59:48.001000+00:00,7298.75,{'stop_loss_price': 7298.75}
INVALID_RISK_UNIT,risk_unit == 0 or non-finite,NQU18-CME,1012838,2018-06-14 16:59:48.002000+00:00,7298.75,{'stop_loss_price': 7298.75}
INVALID_RISK_UNIT,risk_unit == 0 or non-finite,NQU18-CME,1012839,2018-06-14 16:59:48.003000+00:00,7298.75,{'stop_loss_price': 7298.75}
INVALID_RISK_UNIT,risk_unit == 0 or non-finite,NQU18-CME,1012840,2018-06-14 16:59:48.004000+00:00,7298.75,{'stop_loss_price': 7298.75}
INVALID_RISK_UNIT,risk_unit == 0 or non-finite,NQU18-CME,1012841,2018-06-14 16:59:48.005000+00:00,7298.75,{'stop_loss_price': 7298.75}
INVALID_RISK_UNIT,risk_unit == 0 or non-finite,NQU18-CME,1012842,2018-06-14 16:59:50+00:00,7298.75,{'stop_loss_price': 7298.75}
INVALID_RISK_UNIT,risk_unit == 0 or non-finite,NQU18-CME,1012843,2018-06-14 16:59:51+00:00,7298.75,{'stop_loss_price': 7298.75}
INVALID_RISK_UNIT,risk_unit == 0 or non-finite,NQU18-CME,1012844,2018-06-14 16:59:51.001000+00:00,7298.75,{'stop_loss_price': 7298.75}
INVALID_RISK_UNIT,risk_unit == 0 or non-finite,NQU18-CME,1012845,2018-06-14 16:59:52+00:00,7298.75,{'stop_loss_price': 7298.75}
INVALID_RISK_UNIT,risk_unit == 0 or non-finite,NQU18-CME,1040752,2018-06-14 18:33:18.005000+00:00,7306.0,{'stop_loss_price': 7306.0}
INVALID_RISK_UNIT,risk_unit == 0 or non-finite,NQU18-CME,1040753,2018-06-14 18:33:18.006000+00:00,7306.0,{'stop_loss_price': 7306.0}
INVALID_RISK_UNIT,risk_unit == 0 or non-finite,NQU18-CME,1040754,2018-06-14 18:33:18.007000+00:00,7306.0,{'stop_loss_price': 7306.0}
INVALID_RISK_UNIT,risk_unit == 0 or non-finite,NQU18-CME,1040755,2018-06-14 18:33:19+00:00,7306.0,{'stop_loss_price': 7306.0}
INVALID_RISK_UNIT,risk_unit == 0 or non-finite,NQU18-CME,1040756,2018-06-14 18:33:19.001000+00:00,7306.0,{'stop_loss_price': 7306.0}
INVALID_RISK_UNIT,risk_unit == 0 or non-finite,NQU18-CME,1040757,2018-06-14 18:33:19.002000+00:00,7306.0,{'stop_loss_price': 7306.0}
INVALID_RISK_UNIT,risk_unit == 0 or non-finite,NQU18-CME,1040758,2018-06-14 18:33:19.003000+00:00,7306.0,{'stop_loss_price': 7306.0}
INVALID_RISK_UNIT,risk_unit == 0 or non-finite,NQU18-CME,1040759,2018-06-14 18:33:19.004000+00:00,7306.0,{'stop_loss_price': 7306.0}
INVALID_RISK_UNIT,risk_unit == 0 or non-finite,NQU18-CME,1040760,2018-06-14 18:33:19.005000+00:00,7306.0,{'stop_loss_price': 7306.0}
INVALID_RISK_UNIT,risk_unit == 0 or non-finite,NQU18-CME,1040761,2018-06-14 18:33:19.006000+00:00,7306.0,{'stop_loss_price': 7306.0}
INVALID_RISK_UNIT,risk_unit == 0 or non-finite,NQU18-CME,1040762,2018-06-14 18:33:19.007000+00:00,7306.0,{'stop_loss_price': 7306.0}
INVALID_RISK_UNIT,risk_unit == 0 or non-finite,NQU18-CME,1146864,2018-06-15 13:19:24+00:00,7269.5,{'stop_loss_price': 7269.5}
INVALID_RISK_UNIT,risk_unit == 0 or non-finite,NQU18-CME,1146865,2018-06-15 13:19:24.001000+00:00,7269.5,{'stop_loss_price': 7269.5}
INVALID_RISK_UNIT,risk_unit == 0 or non-finite,NQU18-CME,1146866,2018-06-15 13:19:24.002000+00:00,7269.5,{'stop_loss_price': 7269.5}
INVALID_RISK_UNIT,risk_unit == 0 or non-finite,NQU18-CME,1146867,2018-06-15 13:19:24.003000+00:00,7269.5,{'stop_loss_price': 7269.5}
INVALID_RISK_UNIT,risk_unit == 0 or non-finite,NQU18-CME,1146868,2018-06-15 13:19:24.004000+00:00,7269.5,{'stop_loss_price': 7269.5}
INVALID_RISK_UNIT,risk_unit == 0 or non-finite,NQU18-CME,1146869,2018-06-15 13:19:24.005000+00:00,7269.5,{'stop_loss_price': 7269.5}
INVALID_RISK_UNIT,risk_unit == 0 or non-finite,NQU18-CME,1146870,2018-06-15 13:19:24.006000+00:00,7269.5,{'stop_loss_price': 7269.5}
INVALID_RISK_UNIT,risk_unit == 0 or non-finite,NQU18-CME,1146871,2018-06-15 13:19:25+00:00,7269.5,{'stop_loss_price': 7269.5}
INVALID_RISK_UNIT,risk_unit == 0 or non-finite,NQU18-CME,1146878,2018-06-15 13:19:28+00:00,7269.5,{'stop_loss_price': 7269.5}
INVALID_RISK_UNIT,risk_unit == 0 or non-finite,NQU18-CME,1213501,2018-06-15 14:02:52.005000+00:00,7268.75,{'stop_loss_price': 7268.75}
INVALID_RISK_UNIT,risk_unit == 0 or non-finite,NQU18-CME,1213502,2018-06-15 14:02:52.006000+00:00,7268.75,{'stop_loss_price': 7268.75}
INVALID_RISK_UNIT,risk_unit == 0 or non-finite,NQU18-CME,1308342,2018-06-15 17:12:33.004000+00:00,7281.75,{'stop_loss_price': 7281.75}
INVALID_RISK_UNIT,risk_unit == 0 or non-finite,NQU18-CME,1308343,2018-06-15 17:12:33.005000+00:00,7281.75,{'stop_loss_price': 7281.75}
INVALID_RISK_UNIT,risk_unit == 0 or non-finite,NQU18-CME,1308344,2018-06-15 17:12:33.006000+00:00,7281.75,{'stop_loss_price': 7281.75}
INVALID_RISK_UNIT,risk_unit == 0 or non-finite,NQU18-CME,1308345,2018-06-15 17:12:33.007000+00:00,7281.75,{'stop_loss_price': 7281.75}
INVALID_RISK_UNIT,risk_unit == 0 or non-finite,NQU18-CME,1308346,2018-06-15 17:12:33.008000+00:00,7281.75,{'stop_loss_price': 7281.75}
INVALID_RISK_UNIT,risk_unit == 0 or non-finite,NQU18-CME,1308347,2018-06-15 17:12:33.009000+00:00,7281.75,{'stop_loss_price': 7281.75}
INVALID_RISK_UNIT,risk_unit == 0 or non-finite,NQU18-CME,1308348,2018-06-15 17:12:33.010000+00:00,7281.75,{'stop_loss_price': 7281.75}
INVALID_RISK_UNIT,risk_unit == 0 or non-finite,NQU18-CME,1308349,2018-06-15 17:12:33.011000+00:00,7281.75,{'stop_loss_price': 7281.75}
INVALID_RISK_UNIT,risk_unit == 0 or non-finite,NQU18-CME,1313997,2018-06-15 17:43:58+00:00,7277.0,{'stop_loss_price': 7277.0}
INVALID_RISK_UNIT,risk_unit == 0 or non-finite,NQU18-CME,1313998,2018-06-15 17:43:58.001000+00:00,7277.0,{'stop_loss_price': 7277.0}
INVALID_RISK_UNIT,risk_unit == 0 or non-finite,NQU18-CME,1330932,2018-06-15 18:29:04.003000+00:00,7289.0,{'stop_loss_price': 7289.0}
INVALID_RISK_UNIT,risk_unit == 0 or non-finite,NQU18-CME,1330933,2018-06-15 18:29:04.004000+00:00,7289.0,{'stop_loss_price': 7289.0}
INVALID_RISK_UNIT,risk_unit == 0 or non-finite,NQU18-CME,1330934,2018-06-15 18:29:04.005000+00:00,7289.0,{'stop_loss_price': 7289.0}
INVALID_RISK_UNIT,risk_unit == 0 or non-finite,NQU18-CME,1330935,2018-06-15 18:29:04.006000+00:00,7289.0,{'stop_loss_price': 7289.0}
INVALID_RISK_UNIT,risk_unit == 0 or non-finite,NQU18-CME,1330936,2018-06-15 18:29:04.007000+00:00,7289.0,{'stop_loss_price': 7289.0}
INVALID_RISK_UNIT,risk_unit == 0 or non-finite,NQU18-CME,1330937,2018-06-15 18:29:04.008000+00:00,7289.0,{'stop_loss_price': 7289.0}
INVALID_RISK_UNIT,risk_unit == 0 or non-finite,NQU18-CME,1330938,2018-06-15 18:29:04.009000+00:00,7289.0,{'stop_loss_price': 7289.0}
INVALID_RISK_UNIT,risk_unit == 0 or non-finite,NQU18-CME,1330939,2018-06-15 18:29:04.010000+00:00,7289.0,{'stop_loss_price': 7289.0}
INVALID_RISK_UNIT,risk_unit == 0 or non-finite,NQU18-CME,1330940,2018-06-15 18:29:04.011000+00:00,7289.0,{'stop_loss_price': 7289.0}
INVALID_RISK_UNIT,risk_unit == 0 or non-finite,NQU18-CME,1330941,2018-06-15 18:29:04.012000+00:00,7289.0,{'stop_loss_price': 7289.0}
INVALID_RISK_UNIT,risk_unit == 0 or non-finite,NQU18-CME,1330942,2018-06-15 18:29:04.013000+00:00,7289.0,{'stop_loss_price': 7289.0}
INVALID_RISK_UNIT,risk_unit == 0 or non-finite,NQU18-CME,1330943,2018-06-15 18:29:04.014000+00:00,7289.0,{'stop_loss_price': 7289.0}
INVALID_RISK_UNIT,risk_unit == 0 or non-finite,NQU18-CME,1330944,2018-06-15 18:29:04.015000+00:00,7289.0,{'stop_loss_price': 7289.0}
INVALID_RISK_UNIT,risk_unit == 0 or non-finite,NQU18-CME,1330945,2018-06-15 18:29:04.016000+00:00,7289.0,{'stop_loss_price': 7289.0}
INVALID_RISK_UNIT,risk_unit == 0 or non-finite,NQU18-CME,1330946,2018-06-15 18:29:04.017000+00:00,7289.0,{'stop_loss_price': 7289.0}
INVALID_RISK_UNIT,risk_unit == 0 or non-finite,NQU18-CME,1330947,2018-06-15 18:29:04.018000+00:00,7289.0,{'stop_loss_price': 7289.0}
INVALID_RISK_UNIT,risk_unit == 0 or non-finite,NQU18-CME,1330948,2018-06-15 18:29:04.019000+00:00,7289.0,{'stop_loss_price': 7289.0}
INVALID_RISK_UNIT,risk_unit == 0 or non-finite,NQU18-CME,1330949,2018-06-15 18:29:04.020000+00:00,7289.0,{'stop_loss_price': 7289.0}
INVALID_RISK_UNIT,risk_unit == 0 or non-finite,NQU18-CME,1330950,2018-06-15 18:29:04.021000+00:00,7289.0,{'stop_loss_price': 7289.0}
INVALID_RISK_UNIT,risk_unit == 0 or non-finite,NQU18-CME,1330951,2018-06-15 18:29:04.022000+00:00,7289.0,{'stop_loss_price': 7289.0}
INVALID_RISK_UNIT,risk_unit == 0 or non-finite,NQU18-CME,1330952,2018-06-15 18:29:04.023000+00:00,7289.0,{'stop_loss_price': 7289.0}
INVALID_RISK_UNIT,risk_unit == 0 or non-finite,NQU18-CME,1330953,2018-06-15 18:29:04.024000+00:00,7289.0,{'stop_loss_price': 7289.0}
INVALID_RISK_UNIT,risk_unit == 0 or non-finite,NQU18-CME,1330954,2018-06-15 18:29:04.025000+00:00,7289.0,{'stop_loss_price': 7289.0}
INVALID_RISK_UNIT,risk_unit == 0 or non-finite,NQU18-CME,1330955,2018-06-15 18:29:04.026000+00:00,7289.0,{'stop_loss_price': 7289.0}
INVALID_RISK_UNIT,risk_unit == 0 or non-finite,NQU18-CME,1332754,2018-06-15 18:32:23.004000+00:00,7288.25,{'stop_loss_price': 7288.25}
INVALID_RISK_UNIT,risk_unit == 0 or non-finite,NQU18-CME,1332755,2018-06-15 18:32:23.005000+00:00,7288.25,{'stop_loss_price': 7288.25}
INVALID_RISK_UNIT,risk_unit == 0 or non-finite,NQU18-CME,1332756,2018-06-15 18:32:23.006000+00:00,7288.25,{'stop_loss_price': 7288.25}
INVALID_RISK_UNIT,risk_unit == 0 or non-finite,NQU18-CME,1332757,2018-06-15 18:32:23.007000+00:00,7288.25,{'stop_loss_price': 7288.25}
INVALID_RISK_UNIT,risk_unit == 0 or non-finite,NQU18-CME,1332758,2018-06-15 18:32:23.008000+00:00,7288.25,{'stop_loss_price': 7288.25}
INVALID_RISK_UNIT,risk_unit == 0 or non-finite,NQU18-CME,1332759,2018-06-15 18:32:23.009000+00:00,7288.25,{'stop_loss_price': 7288.25}
INVALID_RISK_UNIT,risk_unit == 0 or non-finite,NQU18-CME,1332760,2018-06-15 18:32:23.010000+00:00,7288.25,{'stop_loss_price': 7288.25}
INVALID_RISK_UNIT,risk_unit == 0 or non-finite,NQU18-CME,1336704,2018-06-15 18:39:45+00:00,7287.75,{'stop_loss_price': 7287.75}
INVALID_RISK_UNIT,risk_unit == 0 or non-finite,NQU18-CME,1336705,2018-06-15 18:39:45.001000+00:00,7287.75,{'stop_loss_price': 7287.75}
INVALID_RISK_UNIT,risk_unit == 0 or non-finite,NQU18-CME,1336706,2018-06-15 18:39:45.002000+00:00,7287.75,{'stop_loss_price': 7287.75}
INVALID_RISK_UNIT,risk_unit == 0 or non-finite,NQU18-CME,1336707,2018-06-15 18:39:46+00:00,7287.75,{'stop_loss_price': 7287.75}
INVALID_RISK_UNIT,risk_unit == 0 or non-finite,NQU18-CME,1336708,2018-06-15 18:39:46.001000+00:00,7287.75,{'stop_loss_price': 7287.75}
INVALID_RISK_UNIT,risk_unit == 0 or non-finite,NQU18-CME,1336709,2018-06-15 18:39:46.002000+00:00,7287.75,{'stop_loss_price': 7287.75}
INVALID_RISK_UNIT,risk_unit == 0 or non-finite,NQU18-CME,1336710,2018-06-15 18:39:46.003000+00:00,7287.75,{'stop_loss_price': 7287.75}
INVALID_RISK_UNIT,risk_unit == 0 or non-finite,NQU18-CME,1336711,2018-06-15 18:39:48+00:00,7287.75,{'stop_loss_price': 7287.75}
INVALID_RISK_UNIT,risk_unit == 0 or non-finite,NQU18-CME,1336712,2018-06-15 18:39:48.001000+00:00,7287.75,{'stop_loss_price': 7287.75}
INVALID_RISK_UNIT,risk_unit == 0 or non-finite,NQU18-CME,1336713,2018-06-15 18:39:48.002000+00:00,7287.75,{'stop_loss_price': 7287.75}
INVALID_RISK_UNIT,risk_unit == 0 or non-finite,NQU18-CME,1336714,2018-06-15 18:39:48.003000+00:00,7287.75,{'stop_loss_price': 7287.75}
INVALID_RISK_UNIT,risk_unit == 0 or non-finite,NQU18-CME,1336715,2018-06-15 18:39:48.004000+00:00,7287.75,{'stop_loss_price': 7287.75}
INVALID_RISK_UNIT,risk_unit == 0 or non-finite,NQU18-CME,1336743,2018-06-15 18:39:50.006000+00:00,7287.75,{'stop_loss_price': 7287.75}
INVALID_RISK_UNIT,risk_unit == 0 or non-finite,NQU18-CME,1336744,2018-06-15 18:39:50.007000+00:00,7287.75,{'stop_loss_price': 7287.75}
INVALID_RISK_UNIT,risk_unit == 0 or non-finite,NQU18-CME,1336745,2018-06-15 18:39:50.008000+00:00,7287.75,{'stop_loss_price': 7287.75}
INVALID_RISK_UNIT,risk_unit == 0 or non-finite,NQU18-CME,1336746,2018-06-15 18:39:50.009000+00:00,7287.75,{'stop_loss_price': 7287.75}
INVALID_RISK_UNIT,risk_unit == 0 or non-finite,NQU18-CME,1336747,2018-06-15 18:39:50.010000+00:00,7287.75,{'stop_loss_price': 7287.75}
INVALID_RISK_UNIT,risk_unit == 0 or non-finite,NQU18-CME,1336748,2018-06-15 18:39:50.011000+00:00,7287.75,{'stop_loss_price': 7287.75}
INVALID_RISK_UNIT,risk_unit == 0 or non-finite,NQU18-CME,1336749,2018-06-15 18:39:50.012000+00:00,7287.75,{'stop_loss_price': 7287.75}
INVALID_RISK_UNIT,risk_unit == 0 or non-finite,NQU18-CME,1336751,2018-06-15 18:39:52+00:00,7287.75,{'stop_loss_price': 7287.75}
INVALID_RISK_UNIT,risk_unit == 0 or non-finite,NQU18-CME,1348350,2018-06-15 19:19:45+00:00,7278.5,{'stop_loss_price': 7278.5}
INVALID_RISK_UNIT,risk_unit == 0 or non-finite,NQU18-CME,1348351,2018-06-15 19:19:46+00:00,7278.5,{'stop_loss_price': 7278.5}
INVALID_RISK_UNIT,risk_unit == 0 or non-finite,NQU18-CME,1348352,2018-06-15 19:19:46.001000+00:00,7278.5,{'stop_loss_price': 7278.5}
INVALID_RISK_UNIT,risk_unit == 0 or non-finite,NQU18-CME,1348353,2018-06-15 19:19:46.002000+00:00,7278.5,{'stop_loss_price': 7278.5}
INVALID_RISK_UNIT,risk_unit == 0 or non-finite,NQU18-CME,1348354,2018-06-15 19:19:46.003000+00:00,7278.5,{'stop_loss_price': 7278.5}
INVALID_RISK_UNIT,risk_unit == 0 or non-finite,NQU18-CME,1348355,2018-06-15 19:19:46.004000+00:00,7278.5,{'stop_loss_price': 7278.5}
INVALID_RISK_UNIT,risk_unit == 0 or non-finite,NQU18-CME,1348356,2018-06-15 19:19:46.005000+00:00,7278.5,{'stop_loss_price': 7278.5}
INVALID_RISK_UNIT,risk_unit == 0 or non-finite,NQU18-CME,1348357,2018-06-15 19:19:46.006000+00:00,7278.5,{'stop_loss_price': 7278.5}
INVALID_RISK_UNIT,risk_unit == 0 or non-finite,NQU18-CME,1348358,2018-06-15 19:19:46.007000+00:00,7278.5,{'stop_loss_price': 7278.5}
INVALID_RISK_UNIT,risk_unit == 0 or non-finite,NQU18-CME,1348359,2018-06-15 19:19:46.008000+00:00,7278.5,{'stop_loss_price': 7278.5}
INVALID_RISK_UNIT,risk_unit == 0 or non-finite,NQU18-CME,1348360,2018-06-15 19:19:46.009000+00:00,7278.5,{'stop_loss_price': 7278.5}
INVALID_RISK_UNIT,risk_unit == 0 or non-finite,NQU18-CME,1348361,2018-06-15 19:19:46.010000+00:00,7278.5,{'stop_loss_price': 7278.5}
INVALID_RISK_UNIT,risk_unit == 0 or non-finite,NQU18-CME,1348362,2018-06-15 19:19:46.011000+00:00,7278.5,{'stop_loss_price': 7278.5}
INVALID_RISK_UNIT,risk_unit == 0 or non-finite,NQU18-CME,1348363,2018-06-15 19:19:46.012000+00:00,7278.5,{'stop_loss_price': 7278.5}
INVALID_RISK_UNIT,risk_unit == 0 or non-finite,NQU18-CME,1348364,2018-06-15 19:19:46.013000+00:00,7278.5,{'stop_loss_price': 7278.5}
INVALID_RISK_UNIT,risk_unit == 0 or non-finite,NQU18-CME,1348365,2018-06-15 19:19:46.014000+00:00,7278.5,{'stop_loss_price': 7278.5}
INVALID_RISK_UNIT,risk_unit == 0 or non-finite,NQU18-CME,1348366,2018-06-15 19:19:46.015000+00:00,7278.5,{'stop_loss_price': 7278.5}
INVALID_RISK_UNIT,risk_unit == 0 or non-finite,NQU18-CME,1348367,2018-06-15 19:19:46.016000+00:00,7278.5,{'stop_loss_price': 7278.5}
INVALID_RISK_UNIT,risk_unit == 0 or non-finite,NQU18-CME,1348368,2018-06-15 19:19:46.017000+00:00,7278.5,{'stop_loss_price': 7278.5}
INVALID_RISK_UNIT,risk_unit == 0 or non-finite,NQU18-CME,1357511,2018-06-15 19:46:25.008000+00:00,7278.5,{'stop_loss_price': 7278.5}
INVALID_RISK_UNIT,risk_unit == 0 or non-finite,NQU18-CME,1357512,2018-06-15 19:46:25.009000+00:00,7278.5,{'stop_loss_price': 7278.5}
INVALID_RISK_UNIT,risk_unit == 0 or non-finite,NQU18-CME,1357513,2018-06-15 19:46:25.010000+00:00,7278.5,{'stop_loss_price': 7278.5}
INVALID_RISK_UNIT,risk_unit == 0 or non-finite,NQU18-CME,1357514,2018-06-15 19:46:25.011000+00:00,7278.5,{'stop_loss_price': 7278.5}
INVALID_RISK_UNIT,risk_unit == 0 or non-finite,NQU18-CME,1357515,2018-06-15 19:46:25.012000+00:00,7278.5,{'stop_loss_price': 7278.5}
INVALID_RISK_UNIT,risk_unit == 0 or non-finite,NQU18-CME,1357517,2018-06-15 19:46:25.014000+00:00,7278.5,{'stop_loss_price': 7278.5}
INVALID_RISK_UNIT,risk_unit == 0 or non-finite,NQU18-CME,1393933,2018-06-18 03:10:20+00:00,7242.5,{'stop_loss_price': 7242.5}
INVALID_RISK_UNIT,risk_unit == 0 or non-finite,NQU18-CME,1393934,2018-06-18 03:10:20.001000+00:00,7242.5,{'stop_loss_price': 7242.5}
INVALID_RISK_UNIT,risk_unit == 0 or non-finite,NQU18-CME,1393935,2018-06-18 03:10:20.002000+00:00,7242.5,{'stop_loss_price': 7242.5}
INVALID_RISK_UNIT,risk_unit == 0 or non-finite,NQU18-CME,1393936,2018-06-18 03:10:20.003000+00:00,7242.5,{'stop_loss_price': 7242.5}
INVALID_RISK_UNIT,risk_unit == 0 or non-finite,NQU18-CME,1393937,2018-06-18 03:10:22+00:00,7242.5,{'stop_loss_price': 7242.5}
INVALID_RISK_UNIT,risk_unit == 0 or non-finite,NQU18-CME,1393938,2018-06-18 03:10:22.001000+00:00,7242.5,{'stop_loss_price': 7242.5}
INVALID_RISK_UNIT,risk_unit == 0 or non-finite,NQU18-CME,1393939,2018-06-18 03:10:24+00:00,7242.5,{'stop_loss_price': 7242.5}
INVALID_RISK_UNIT,risk_unit == 0 or non-finite,NQU18-CME,1449313,2018-06-18 13:42:46.009000+00:00,7224.5,{'stop_loss_price': 7224.5}
INVALID_RISK_UNIT,risk_unit == 0 or non-finite,NQU18-CME,1449314,2018-06-18 13:42:46.010000+00:00,7224.5,{'stop_loss_price': 7224.5}
INVALID_RISK_UNIT,risk_unit == 0 or non-finite,NQU18-CME,1449319,2018-06-18 13:42:46.015000+00:00,7224.5,{'stop_loss_price': 7224.5}
INVALID_RISK_UNIT,risk_unit == 0 or non-finite,NQU18-CME,1510890,2018-06-18 14:50:53.003000+00:00,7270.0,{'stop_loss_price': 7270.0}
INVALID_RISK_UNIT,risk_unit == 0 or non-finite,NQU18-CME,1554895,2018-06-18 16:56:00.005000+00:00,7256.75,{'stop_loss_price': 7256.75}
INVALID_RISK_UNIT,risk_unit == 0 or non-finite,NQU18-CME,1554896,2018-06-18 16:56:00.006000+00:00,7256.75,{'stop_loss_price': 7256.75}
INVALID_RISK_UNIT,risk_unit == 0 or non-finite,NQU18-CME,1554897,2018-06-18 16:56:01+00:00,7256.75,{'stop_loss_price': 7256.75}
INVALID_RISK_UNIT,risk_unit == 0 or non-finite,NQU18-CME,1554898,2018-06-18 16:56:01.001000+00:00,7256.75,{'stop_loss_price': 7256.75}
INVALID_RISK_UNIT,risk_unit == 0 or non-finite,NQU18-CME,1554899,2018-06-18 16:56:01.002000+00:00,7256.75,{'stop_loss_price': 7256.75}
INVALID_RISK_UNIT,risk_unit == 0 or non-finite,NQU18-CME,1554900,2018-06-18 16:56:01.003000+00:00,7256.75,{'stop_loss_price': 7256.75}
INVALID_RISK_UNIT,risk_unit == 0 or non-finite,NQU18-CME,1554901,2018-06-18 16:56:01.004000+00:00,7256.75,{'stop_loss_price': 7256.75}
INVALID_RISK_UNIT,risk_unit == 0 or non-finite,NQU18-CME,1554902,2018-06-18 16:56:02+00:00,7256.75,{'stop_loss_price': 7256.75}
INVALID_RISK_UNIT,risk_unit == 0 or non-finite,NQU18-CME,1554903,2018-06-18 16:56:03+00:00,7256.75,{'stop_loss_price': 7256.75}
INVALID_RISK_UNIT,risk_unit == 0 or non-finite,NQU18-CME,1554904,2018-06-18 16:56:04+00:00,7256.75,{'stop_loss_price': 7256.75}
INVALID_RISK_UNIT,risk_unit == 0 or non-finite,NQU18-CME,1554905,2018-06-18 16:56:04.001000+00:00,7256.75,{'stop_loss_price': 7256.75}
INVALID_RISK_UNIT,risk_unit == 0 or non-finite,NQU18-CME,1554906,2018-06-18 16:56:04.002000+00:00,7256.75,{'stop_loss_price': 7256.75}
INVALID_RISK_UNIT,risk_unit == 0 or non-finite,NQU18-CME,1554911,2018-06-18 16:56:07+00:00,7256.75,{'stop_loss_price': 7256.75}
INVALID_RISK_UNIT,risk_unit == 0 or non-finite,NQU18-CME,1554912,2018-06-18 16:56:08+00:00,7256.75,{'stop_loss_price': 7256.75}
INVALID_RISK_UNIT,risk_unit == 0 or non-finite,NQU18-CME,1554913,2018-06-18 16:56:08.001000+00:00,7256.75,{'stop_loss_price': 7256.75}
INVALID_RISK_UNIT,risk_unit == 0 or non-finite,NQU18-CME,1554914,2018-06-18 16:56:08.002000+00:00,7256.75,{'stop_loss_price': 7256.75}
INVALID_RISK_UNIT,risk_unit == 0 or non-finite,NQU18-CME,1554915,2018-06-18 16:56:10+00:00,7256.75,{'stop_loss_price': 7256.75}
INVALID_RISK_UNIT,risk_unit == 0 or non-finite,NQU18-CME,1554916,2018-06-18 16:56:10.001000+00:00,7256.75,{'stop_loss_price': 7256.75}
INVALID_RISK_UNIT,risk_unit == 0 or non-finite,NQU18-CME,1689298,2018-06-19 11:28:08.004000+00:00,7185.75,{'stop_loss_price': 7185.75}
INVALID_RISK_UNIT,risk_unit == 0 or non-finite,NQU18-CME,1695029,2018-06-19 11:50:00.002000+00:00,7181.25,{'stop_loss_price': 7181.25}
INVALID_RISK_UNIT,risk_unit == 0 or non-finite,NQU18-CME,1695030,2018-06-19 11:50:00.003000+00:00,7181.25,{'stop_loss_price': 7181.25}
INVALID_RISK_UNIT,risk_unit == 0 or non-finite,NQU18-CME,1695031,2018-06-19 11:50:01+00:00,7181.25,{'stop_loss_price': 7181.25}
INVALID_RISK_UNIT,risk_unit == 0 or non-finite,NQU18-CME,1695032,2018-06-19 11:50:01.001000+00:00,7181.25,{'stop_loss_price': 7181.25}
INVALID_RISK_UNIT,risk_unit == 0 or non-finite,NQU18-CME,1695033,2018-06-19 11:50:01.002000+00:00,7181.25,{'stop_loss_price': 7181.25}
INVALID_RISK_UNIT,risk_unit == 0 or non-finite,NQU18-CME,1695034,2018-06-19 11:50:03+00:00,7181.25,{'stop_loss_price': 7181.25}
INVALID_RISK_UNIT,risk_unit == 0 or non-finite,NQU18-CME,1695035,2018-06-19 11:50:03.001000+00:00,7181.25,{'stop_loss_price': 7181.25}
INVALID_RISK_UNIT,risk_unit == 0 or non-finite,NQU18-CME,1695036,2018-06-19 11:50:03.002000+00:00,7181.25,{'stop_loss_price': 7181.25}
INVALID_RISK_UNIT,risk_unit == 0 or non-finite,NQU18-CME,1695040,2018-06-19 11:50:04.001000+00:00,7181.25,{'stop_loss_price': 7181.25}
INVALID_RISK_UNIT,risk_unit == 0 or non-finite,NQU18-CME,1695041,2018-06-19 11:50:04.002000+00:00,7181.25,{'stop_loss_price': 7181.25}
INVALID_RISK_UNIT,risk_unit == 0 or non-finite,NQU18-CME,1695042,2018-06-19 11:50:04.003000+00:00,7181.25,{'stop_loss_price': 7181.25}
INVALID_RISK_UNIT,risk_unit == 0 or non-finite,NQU18-CME,1738295,2018-06-19 13:39:09+00:00,7215.0,{'stop_loss_price': 7215.0}
INVALID_RISK_UNIT,risk_unit == 0 or non-finite,NQU18-CME,1738296,2018-06-19 13:39:09.001000+00:00,7215.0,{'stop_loss_price': 7215.0}
INVALID_RISK_UNIT,risk_unit == 0 or non-finite,NQU18-CME,1738297,2018-06-19 13:39:09.002000+00:00,7215.0,{'stop_loss_price': 7215.0}
INVALID_RISK_UNIT,risk_unit == 0 or non-finite,NQU18-CME,1738298,2018-06-19 13:39:09.003000+00:00,7215.0,{'stop_loss_price': 7215.0}
INVALID_RISK_UNIT,risk_unit == 0 or non-finite,NQU18-CME,1738299,2018-06-19 13:39:09.004000+00:00,7215.0,{'stop_loss_price': 7215.0}
INVALID_RISK_UNIT,risk_unit == 0 or non-finite,NQU18-CME,1738300,2018-06-19 13:39:09.005000+00:00,7215.0,{'stop_loss_price': 7215.0}
INVALID_RISK_UNIT,risk_unit == 0 or non-finite,NQU18-CME,1738301,2018-06-19 13:39:09.006000+00:00,7215.0,{'stop_loss_price': 7215.0}
INVALID_RISK_UNIT,risk_unit == 0 or non-finite,NQU18-CME,1738302,2018-06-19 13:39:09.007000+00:00,7215.0,{'stop_loss_price': 7215.0}
INVALID_RISK_UNIT,risk_unit == 0 or non-finite,NQU18-CME,1738303,2018-06-19 13:39:09.008000+00:00,7215.0,{'stop_loss_price': 7215.0}
INVALID_RISK_UNIT,risk_unit == 0 or non-finite,NQU18-CME,1783721,2018-06-19 14:06:43.002000+00:00,7190.5,{'stop_loss_price': 7190.5}
INVALID_RISK_UNIT,risk_unit == 0 or non-finite,NQU18-CME,1805924,2018-06-19 14:23:55.012000+00:00,7181.25,{'stop_loss_price': 7181.25}
INVALID_RISK_UNIT,risk_unit == 0 or non-finite,NQU18-CME,1834787,2018-06-19 14:46:16.012000+00:00,7183.25,{'stop_loss_price': 7183.25}
INVALID_RISK_UNIT,risk_unit == 0 or non-finite,NQU18-CME,1834788,2018-06-19 14:46:16.013000+00:00,7183.25,{'stop_loss_price': 7183.25}
INVALID_RISK_UNIT,risk_unit == 0 or non-finite,NQU18-CME,1834789,2018-06-19 14:46:16.014000+00:00,7183.25,{'stop_loss_price': 7183.25}
INVALID_RISK_UNIT,risk_unit == 0 or non-finite,NQU18-CME,1834790,2018-06-19 14:46:16.015000+00:00,7183.25,{'stop_loss_price': 7183.25}
INVALID_RISK_UNIT,risk_unit == 0 or non-finite,NQU18-CME,1834791,2018-06-19 14:46:16.016000+00:00,7183.25,{'stop_loss_price': 7183.25}
INVALID_RISK_UNIT,risk_unit == 0 or non-finite,NQU18-CME,1834792,2018-06-19 14:46:16.017000+00:00,7183.25,{'stop_loss_price': 7183.25}
INVALID_RISK_UNIT,risk_unit == 0 or non-finite,NQU18-CME,1834793,2018-06-19 14:46:16.018000+00:00,7183.25,{'stop_loss_price': 7183.25}
INVALID_RISK_UNIT,risk_unit == 0 or non-finite,NQU18-CME,1850537,2018-06-19 14:59:33.004000+00:00,7194.0,{'stop_loss_price': 7194.0}
INVALID_RISK_UNIT,risk_unit == 0 or non-finite,NQU18-CME,1850538,2018-06-19 14:59:33.005000+00:00,7194.0,{'stop_loss_price': 7194.0}
INVALID_RISK_UNIT,risk_unit == 0 or non-finite,NQU18-CME,1850546,2018-06-19 14:59:34.006000+00:00,7194.0,{'stop_loss_price': 7194.0}
INVALID_RISK_UNIT,risk_unit == 0 or non-finite,NQU18-CME,1850547,2018-06-19 14:59:34.007000+00:00,7194.0,{'stop_loss_price': 7194.0}
INVALID_RISK_UNIT,risk_unit == 0 or non-finite,NQU18-CME,1850548,2018-06-19 14:59:34.008000+00:00,7194.0,{'stop_loss_price': 7194.0}
INVALID_RISK_UNIT,risk_unit == 0 or non-finite,NQU18-CME,1850549,2018-06-19 14:59:34.009000+00:00,7194.0,{'stop_loss_price': 7194.0}
INVALID_RISK_UNIT,risk_unit == 0 or non-finite,NQU18-CME,1911815,2018-06-19 16:48:27.014000+00:00,7209.75,{'stop_loss_price': 7209.75}
INVALID_RISK_UNIT,risk_unit == 0 or non-finite,NQU18-CME,1911816,2018-06-19 16:48:27.015000+00:00,7209.75,{'stop_loss_price': 7209.75}
INVALID_RISK_UNIT,risk_unit == 0 or non-finite,NQU18-CME,1911817,2018-06-19 16:48:28+00:00,7209.75,{'stop_loss_price': 7209.75}
INVALID_RISK_UNIT,risk_unit == 0 or non-finite,NQU18-CME,1911818,2018-06-19 16:48:28.001000+00:00,7209.75,{'stop_loss_price': 7209.75}
INVALID_RISK_UNIT,risk_unit == 0 or non-finite,NQU18-CME,1911819,2018-06-19 16:48:28.002000+00:00,7209.75,{'stop_loss_price': 7209.75}
INVALID_RISK_UNIT,risk_unit == 0 or non-finite,NQU18-CME,1911820,2018-06-19 16:48:28.003000+00:00,7209.75,{'stop_loss_price': 7209.75}
INVALID_RISK_UNIT,risk_unit == 0 or non-finite,NQU18-CME,1911821,2018-06-19 16:48:28.004000+00:00,7209.75,{'stop_loss_price': 7209.75}
INVALID_RISK_UNIT,risk_unit == 0 or non-finite,NQU18-CME,1911822,2018-06-19 16:48:28.005000+00:00,7209.75,{'stop_loss_price': 7209.75}
INVALID_RISK_UNIT,risk_unit == 0 or non-finite,NQU18-CME,1911823,2018-06-19 16:48:28.006000+00:00,7209.75,{'stop_loss_price': 7209.75}
INVALID_RISK_UNIT,risk_unit == 0 or non-finite,NQU18-CME,1926265,2018-06-19 17:40:58+00:00,7216.75,{'stop_loss_price': 7216.75}
INVALID_RISK_UNIT,risk_unit == 0 or non-finite,NQU18-CME,1926266,2018-06-19 17:40:58.001000+00:00,7216.75,{'stop_loss_price': 7216.75}
INVALID_RISK_UNIT,risk_unit == 0 or non-finite,NQU18-CME,1926267,2018-06-19 17:40:58.002000+00:00,7216.75,{'stop_loss_price': 7216.75}
INVALID_RISK_UNIT,risk_unit == 0 or non-finite,NQU18-CME,1953984,2018-06-19 18:45:41.005000+00:00,7242.75,{'stop_loss_price': 7242.75}
INVALID_RISK_UNIT,risk_unit == 0 or non-finite,NQU18-CME,1953985,2018-06-19 18:45:41.006000+00:00,7242.75,{'stop_loss_price': 7242.75}
INVALID_RISK_UNIT,risk_unit == 0 or non-finite,NQU18-CME,1953986,2018-06-19 18:45:41.007000+00:00,7242.75,{'stop_loss_price': 7242.75}
INVALID_RISK_UNIT,risk_unit == 0 or non-finite,NQU18-CME,1953987,2018-06-19 18:45:41.008000+00:00,7242.75,{'stop_loss_price': 7242.75}
INVALID_RISK_UNIT,risk_unit == 0 or non-finite,NQU18-CME,1953988,2018-06-19 18:45:41.009000+00:00,7242.75,{'stop_loss_price': 7242.75}
INVALID_RISK_UNIT,risk_unit == 0 or non-finite,NQU18-CME,1953989,2018-06-19 18:45:41.010000+00:00,7242.75,{'stop_loss_price': 7242.75}
INVALID_RISK_UNIT,risk_unit == 0 or non-finite,NQU18-CME,1953990,2018-06-19 18:45:41.011000+00:00,7242.75,{'stop_loss_price': 7242.75}
INVALID_RISK_UNIT,risk_unit == 0 or non-finite,NQU18-CME,1953991,2018-06-19 18:45:41.012000+00:00,7242.75,{'stop_loss_price': 7242.75}
INVALID_RISK_UNIT,risk_unit == 0 or non-finite,NQU18-CME,1953992,2018-06-19 18:45:41.013000+00:00,7242.75,{'stop_loss_price': 7242.75}
INVALID_RISK_UNIT,risk_unit == 0 or non-finite,NQU18-CME,1953993,2018-06-19 18:45:41.014000+00:00,7242.75,{'stop_loss_price': 7242.75}
INVALID_RISK_UNIT,risk_unit == 0 or non-finite,NQU18-CME,1953994,2018-06-19 18:45:41.015000+00:00,7242.75,{'stop_loss_price': 7242.75}
INVALID_RISK_UNIT,risk_unit == 0 or non-finite,NQU18-CME,1953995,2018-06-19 18:45:41.016000+00:00,7242.75,{'stop_loss_price': 7242.75}
INVALID_RISK_UNIT,risk_unit == 0 or non-finite,NQU18-CME,2004605,2018-06-20 01:32:44.015000+00:00,7245.25,{'stop_loss_price': 7245.25}
INVALID_RISK_UNIT,risk_unit == 0 or non-finite,NQU18-CME,2004606,2018-06-20 01:32:44.016000+00:00,7245.25,{'stop_loss_price': 7245.25}
INVALID_RISK_UNIT,risk_unit == 0 or non-finite,NQU18-CME,2004607,2018-06-20 01:32:44.017000+00:00,7245.25,{'stop_loss_price': 7245.25}
INVALID_RISK_UNIT,risk_unit == 0 or non-finite,NQU18-CME,2004608,2018-06-20 01:32:44.018000+00:00,7245.25,{'stop_loss_price': 7245.25}
INVALID_RISK_UNIT,risk_unit == 0 or non-finite,NQU18-CME,2004609,2018-06-20 01:32:44.019000+00:00,7245.25,{'stop_loss_price': 7245.25}
INVALID_RISK_UNIT,risk_unit == 0 or non-finite,NQU18-CME,2009075,2018-06-20 02:45:51+00:00,7245.25,{'stop_loss_price': 7245.25}
INVALID_RISK_UNIT,risk_unit == 0 or non-finite,NQU18-CME,2009076,2018-06-20 02:45:51.001000+00:00,7245.25,{'stop_loss_price': 7245.25}
INVALID_RISK_UNIT,risk_unit == 0 or non-finite,NQU18-CME,2009077,2018-06-20 02:45:52+00:00,7245.25,{'stop_loss_price': 7245.25}
INVALID_RISK_UNIT,risk_unit == 0 or non-finite,NQU18-CME,2009078,2018-06-20 02:45:52.001000+00:00,7245.25,{'stop_loss_price': 7245.25}
INVALID_RISK_UNIT,risk_unit == 0 or non-finite,NQU18-CME,2121592,2018-06-20 14:28:12.009000+00:00,7291.0,{'stop_loss_price': 7291.0}
INVALID_RISK_UNIT,risk_unit == 0 or non-finite,NQU18-CME,2161214,2018-06-20 15:29:34+00:00,7307.0,{'stop_loss_price': 7307.0}
INVALID_RISK_UNIT,risk_unit == 0 or non-finite,NQU18-CME,2161215,2018-06-20 15:29:34.001000+00:00,7307.0,{'stop_loss_price': 7307.0}
INVALID_RISK_UNIT,risk_unit == 0 or non-finite,NQU18-CME,2161216,2018-06-20 15:29:34.002000+00:00,7307.0,{'stop_loss_price': 7307.0}
INVALID_RISK_UNIT,risk_unit == 0 or non-finite,NQU18-CME,2161219,2018-06-20 15:29:35.002000+00:00,7307.0,{'stop_loss_price': 7307.0}
INVALID_RISK_UNIT,risk_unit == 0 or non-finite,NQU18-CME,2161220,2018-06-20 15:29:36+00:00,7307.0,{'stop_loss_price': 7307.0}
INVALID_RISK_UNIT,risk_unit == 0 or non-finite,NQU18-CME,2161221,2018-06-20 15:29:36.001000+00:00,7307.0,{'stop_loss_price': 7307.0}
INVALID_RISK_UNIT,risk_unit == 0 or non-finite,NQU18-CME,2161222,2018-06-20 15:29:36.002000+00:00,7307.0,{'stop_loss_price': 7307.0}
INVALID_RISK_UNIT,risk_unit == 0 or non-finite,NQU18-CME,2161223,2018-06-20 15:29:36.003000+00:00,7307.0,{'stop_loss_price': 7307.0}
INVALID_RISK_UNIT,risk_unit == 0 or non-finite,NQU18-CME,2161224,2018-06-20 15:29:36.004000+00:00,7307.0,{'stop_loss_price': 7307.0}
INVALID_RISK_UNIT,risk_unit == 0 or non-finite,NQU18-CME,2161225,2018-06-20 15:29:36.005000+00:00,7307.0,{'stop_loss_price': 7307.0}
INVALID_RISK_UNIT,risk_unit == 0 or non-finite,NQU18-CME,2161226,2018-06-20 15:29:36.006000+00:00,7307.0,{'stop_loss_price': 7307.0}
INVALID_RISK_UNIT,risk_unit == 0 or non-finite,NQU18-CME,2161227,2018-06-20 15:29:36.007000+00:00,7307.0,{'stop_loss_price': 7307.0}
INVALID_RISK_UNIT,risk_unit == 0 or non-finite,NQU18-CME,2161230,2018-06-20 15:29:39+00:00,7307.0,{'stop_loss_price': 7307.0}
INVALID_RISK_UNIT,risk_unit == 0 or non-finite,NQU18-CME,2161231,2018-06-20 15:29:39.001000+00:00,7307.0,{'stop_loss_price': 7307.0}
INVALID_RISK_UNIT,risk_unit == 0 or non-finite,NQU18-CME,2161232,2018-06-20 15:29:39.002000+00:00,7307.0,{'stop_loss_price': 7307.0}
INVALID_RISK_UNIT,risk_unit == 0 or non-finite,NQU18-CME,2161233,2018-06-20 15:29:39.003000+00:00,7307.0,{'stop_loss_price': 7307.0}
INVALID_RISK_UNIT,risk_unit == 0 or non-finite,NQU18-CME,2161234,2018-06-20 15:29:39.004000+00:00,7307.0,{'stop_loss_price': 7307.0}
INVALID_RISK_UNIT,risk_unit == 0 or non-finite,NQU18-CME,2161235,2018-06-20 15:29:40+00:00,7307.0,{'stop_loss_price': 7307.0}
INVALID_RISK_UNIT,risk_unit == 0 or non-finite,NQU18-CME,2161236,2018-06-20 15:29:41+00:00,7307.0,{'stop_loss_price': 7307.0}
INVALID_RISK_UNIT,risk_unit == 0 or non-finite,NQU18-CME,2207147,2018-06-20 17:47:34.010000+00:00,7322.5,{'stop_loss_price': 7322.5}
INVALID_RISK_UNIT,risk_unit == 0 or non-finite,NQU18-CME,2258597,2018-06-20 20:00:21.033000+00:00,7309.25,{'stop_loss_price': 7309.25}
INVALID_RISK_UNIT,risk_unit == 0 or non-finite,NQU18-CME,2258598,2018-06-20 20:00:21.034000+00:00,7309.25,{'stop_loss_price': 7309.25}
INVALID_RISK_UNIT,risk_unit == 0 or non-finite,NQU18-CME,2258599,2018-06-20 20:00:21.035000+00:00,7309.25,{'stop_loss_price': 7309.25}
INVALID_RISK_UNIT,risk_unit == 0 or non-finite,NQU18-CME,2258600,2018-06-20 20:00:21.036000+00:00,7309.25,{'stop_loss_price': 7309.25}
INVALID_RISK_UNIT,risk_unit == 0 or non-finite,NQU18-CME,2258601,2018-06-20 20:00:21.037000+00:00,7309.25,{'stop_loss_price': 7309.25}
INVALID_RISK_UNIT,risk_unit == 0 or non-finite,NQU18-CME,2258602,2018-06-20 20:00:21.038000+00:00,7309.25,{'stop_loss_price': 7309.25}
INVALID_RISK_UNIT,risk_unit == 0 or non-finite,NQU18-CME,2258603,2018-06-20 20:00:21.039000+00:00,7309.25,{'stop_loss_price': 7309.25}
INVALID_RISK_UNIT,risk_unit == 0 or non-finite,NQU18-CME,2258604,2018-06-20 20:00:21.040000+00:00,7309.25,{'stop_loss_price': 7309.25}
INVALID_RISK_UNIT,risk_unit == 0 or non-finite,NQU18-CME,2258605,2018-06-20 20:00:21.041000+00:00,7309.25,{'stop_loss_price': 7309.25}
INVALID_RISK_UNIT,risk_unit == 0 or non-finite,NQU18-CME,2258640,2018-06-20 20:00:24.009000+00:00,7309.25,{'stop_loss_price': 7309.25}
INVALID_RISK_UNIT,risk_unit == 0 or non-finite,NQU18-CME,2258641,2018-06-20 20:00:24.010000+00:00,7309.25,{'stop_loss_price': 7309.25}
INVALID_RISK_UNIT,risk_unit == 0 or non-finite,NQU18-CME,2258642,2018-06-20 20:00:24.011000+00:00,7309.25,{'stop_loss_price': 7309.25}
INVALID_RISK_UNIT,risk_unit == 0 or non-finite,NQU18-CME,2258643,2018-06-20 20:00:24.012000+00:00,7309.25,{'stop_loss_price': 7309.25}
INVALID_RISK_UNIT,risk_unit == 0 or non-finite,NQU18-CME,2258644,2018-06-20 20:00:24.013000+00:00,7309.25,{'stop_loss_price': 7309.25}
INVALID_RISK_UNIT,risk_unit == 0 or non-finite,NQU18-CME,2258645,2018-06-20 20:00:24.014000+00:00,7309.25,{'stop_loss_price': 7309.25}
INVALID_RISK_UNIT,risk_unit == 0 or non-finite,NQU18-CME,2258646,2018-06-20 20:00:24.015000+00:00,7309.25,{'stop_loss_price': 7309.25}
INVALID_RISK_UNIT,risk_unit == 0 or non-finite,NQU18-CME,2297212,2018-06-21 09:02:56.006000+00:00,7308.0,{'stop_loss_price': 7308.0}
INVALID_RISK_UNIT,risk_unit == 0 or non-finite,NQU18-CME,2304606,2018-06-21 09:30:08.001000+00:00,7295.0,{'stop_loss_price': 7295.0}
INVALID_RISK_UNIT,risk_unit == 0 or non-finite,NQU18-CME,2322092,2018-06-21 12:17:19.004000+00:00,7317.0,{'stop_loss_price': 7317.0}
INVALID_RISK_UNIT,risk_unit == 0 or non-finite,NQU18-CME,2322093,2018-06-21 12:17:19.005000+00:00,7317.0,{'stop_loss_price': 7317.0}
INVALID_RISK_UNIT,risk_unit == 0 or non-finite,NQU18-CME,2342929,2018-06-21 13:34:29.020000+00:00,7320.0,{'stop_loss_price': 7320.0}
INVALID_RISK_UNIT,risk_unit == 0 or non-finite,NQU18-CME,2470092,2018-06-21 15:05:27+00:00,7266.75,{'stop_loss_price': 7266.75}
INVALID_RISK_UNIT,risk_unit == 0 or non-finite,NQU18-CME,2470093,2018-06-21 15:05:27.001000+00:00,7266.75,{'stop_loss_price': 7266.75}
INVALID_RISK_UNIT,risk_unit == 0 or non-finite,NQU18-CME,2470094,2018-06-21 15:05:27.002000+00:00,7266.75,{'stop_loss_price': 7266.75}
INVALID_RISK_UNIT,risk_unit == 0 or non-finite,NQU18-CME,2470095,2018-06-21 15:05:27.003000+00:00,7266.75,{'stop_loss_price': 7266.75}
INVALID_RISK_UNIT,risk_unit == 0 or non-finite,NQU18-CME,2470096,2018-06-21 15:05:27.004000+00:00,7266.75,{'stop_loss_price': 7266.75}
INVALID_RISK_UNIT,risk_unit == 0 or non-finite,NQU18-CME,2470097,2018-06-21 15:05:27.005000+00:00,7266.75,{'stop_loss_price': 7266.75}
INVALID_RISK_UNIT,risk_unit == 0 or non-finite,NQU18-CME,2470150,2018-06-21 15:05:35.020000+00:00,7266.75,{'stop_loss_price': 7266.75}
INVALID_RISK_UNIT,risk_unit == 0 or non-finite,NQU18-CME,2470151,2018-06-21 15:05:35.021000+00:00,7266.75,{'stop_loss_price': 7266.75}
INVALID_RISK_UNIT,risk_unit == 0 or non-finite,NQU18-CME,2470152,2018-06-21 15:05:35.022000+00:00,7266.75,{'stop_loss_price': 7266.75}
INVALID_RISK_UNIT,risk_unit == 0 or non-finite,NQU18-CME,2470153,2018-06-21 15:05:35.023000+00:00,7266.75,{'stop_loss_price': 7266.75}
INVALID_RISK_UNIT,risk_unit == 0 or non-finite,NQU18-CME,2470154,2018-06-21 15:05:35.024000+00:00,7266.75,{'stop_loss_price': 7266.75}
INVALID_RISK_UNIT,risk_unit == 0 or non-finite,NQU18-CME,2470155,2018-06-21 15:05:35.025000+00:00,7266.75,{'stop_loss_price': 7266.75}
INVALID_RISK_UNIT,risk_unit == 0 or non-finite,NQU18-CME,2470156,2018-06-21 15:05:35.026000+00:00,7266.75,{'stop_loss_price': 7266.75}
INVALID_RISK_UNIT,risk_unit == 0 or non-finite,NQU18-CME,2470168,2018-06-21 15:05:35.038000+00:00,7266.75,{'stop_loss_price': 7266.75}
INVALID_RISK_UNIT,risk_unit == 0 or non-finite,NQU18-CME,2470169,2018-06-21 15:05:35.039000+00:00,7266.75,{'stop_loss_price': 7266.75}
INVALID_RISK_UNIT,risk_unit == 0 or non-finite,NQU18-CME,2470170,2018-06-21 15:05:35.040000+00:00,7266.75,{'stop_loss_price': 7266.75}
INVALID_RISK_UNIT,risk_unit == 0 or non-finite,NQU18-CME,2470171,2018-06-21 15:05:35.041000+00:00,7266.75,{'stop_loss_price': 7266.75}
INVALID_RISK_UNIT,risk_unit == 0 or non-finite,NQU18-CME,2485934,2018-06-21 15:29:54.013000+00:00,7269.5,{'stop_loss_price': 7269.5}
INVALID_RISK_UNIT,risk_unit == 0 or non-finite,NQU18-CME,2485935,2018-06-21 15:29:54.014000+00:00,7269.5,{'stop_loss_price': 7269.5}
INVALID_RISK_UNIT,risk_unit == 0 or non-finite,NQU18-CME,2485936,2018-06-21 15:29:54.015000+00:00,7269.5,{'stop_loss_price': 7269.5}
INVALID_RISK_UNIT,risk_unit == 0 or non-finite,NQU18-CME,2485941,2018-06-21 15:29:55.004000+00:00,7269.5,{'stop_loss_price': 7269.5}
INVALID_RISK_UNIT,risk_unit == 0 or non-finite,NQU18-CME,2485942,2018-06-21 15:29:55.005000+00:00,7269.5,{'stop_loss_price': 7269.5}
INVALID_RISK_UNIT,risk_unit == 0 or non-finite,NQU18-CME,2485944,2018-06-21 15:29:56.001000+00:00,7269.5,{'stop_loss_price': 7269.5}
INVALID_RISK_UNIT,risk_unit == 0 or non-finite,NQU18-CME,2490744,2018-06-21 15:36:54+00:00,7275.75,{'stop_loss_price': 7275.75}
INVALID_RISK_UNIT,risk_unit == 0 or non-finite,NQU18-CME,2490745,2018-06-21 15:36:54.001000+00:00,7275.75,{'stop_loss_price': 7275.75}
INVALID_RISK_UNIT,risk_unit == 0 or non-finite,NQU18-CME,2490746,2018-06-21 15:36:54.002000+00:00,7275.75,{'stop_loss_price': 7275.75}
INVALID_RISK_UNIT,risk_unit == 0 or non-finite,NQU18-CME,2518284,2018-06-21 16:31:40.002000+00:00,7258.75,{'stop_loss_price': 7258.75}
INVALID_RISK_UNIT,risk_unit == 0 or non-finite,NQU18-CME,2562109,2018-06-21 18:22:10.002000+00:00,7259.75,{'stop_loss_price': 7259.75}
INVALID_RISK_UNIT,risk_unit == 0 or non-finite,NQU18-CME,2562110,2018-06-21 18:22:10.003000+00:00,7259.75,{'stop_loss_price': 7259.75}
INVALID_RISK_UNIT,risk_unit == 0 or non-finite,NQU18-CME,2562111,2018-06-21 18:22:10.004000+00:00,7259.75,{'stop_loss_price': 7259.75}
INVALID_RISK_UNIT,risk_unit == 0 or non-finite,NQU18-CME,2562112,2018-06-21 18:22:10.005000+00:00,7259.75,{'stop_loss_price': 7259.75}
INVALID_RISK_UNIT,risk_unit == 0 or non-finite,NQU18-CME,2562113,2018-06-21 18:22:10.006000+00:00,7259.75,{'stop_loss_price': 7259.75}
INVALID_RISK_UNIT,risk_unit == 0 or non-finite,NQU18-CME,2562114,2018-06-21 18:22:10.007000+00:00,7259.75,{'stop_loss_price': 7259.75}
INVALID_RISK_UNIT,risk_unit == 0 or non-finite,NQU18-CME,2562115,2018-06-21 18:22:10.008000+00:00,7259.75,{'stop_loss_price': 7259.75}
INVALID_RISK_UNIT,risk_unit == 0 or non-finite,NQU18-CME,2562116,2018-06-21 18:22:10.009000+00:00,7259.75,{'stop_loss_price': 7259.75}
INVALID_RISK_UNIT,risk_unit == 0 or non-finite,NQU18-CME,2562117,2018-06-21 18:22:10.010000+00:00,7259.75,{'stop_loss_price': 7259.75}
INVALID_RISK_UNIT,risk_unit == 0 or non-finite,NQU18-CME,2562118,2018-06-21 18:22:10.011000+00:00,7259.75,{'stop_loss_price': 7259.75}
INVALID_RISK_UNIT,risk_unit == 0 or non-finite,NQU18-CME,2562119,2018-06-21 18:22:10.012000+00:00,7259.75,{'stop_loss_price': 7259.75}
INVALID_RISK_UNIT,risk_unit == 0 or non-finite,NQU18-CME,2562120,2018-06-21 18:22:10.013000+00:00,7259.75,{'stop_loss_price': 7259.75}
INVALID_RISK_UNIT,risk_unit == 0 or non-finite,NQU18-CME,2562121,2018-06-21 18:22:10.014000+00:00,7259.75,{'stop_loss_price': 7259.75}
INVALID_RISK_UNIT,risk_unit == 0 or non-finite,NQU18-CME,2565596,2018-06-21 18:35:12.001000+00:00,7254.5,{'stop_loss_price': 7254.5}
INVALID_RISK_UNIT,risk_unit == 0 or non-finite,NQU18-CME,2565597,2018-06-21 18:35:12.002000+00:00,7254.5,{'stop_loss_price': 7254.5}
INVALID_RISK_UNIT,risk_unit == 0 or non-finite,NQU18-CME,2565598,2018-06-21 18:35:12.003000+00:00,7254.5,{'stop_loss_price': 7254.5}
INVALID_RISK_UNIT,risk_unit == 0 or non-finite,NQU18-CME,2565599,2018-06-21 18:35:12.004000+00:00,7254.5,{'stop_loss_price': 7254.5}
INVALID_RISK_UNIT,risk_unit == 0 or non-finite,NQU18-CME,2565600,2018-06-21 18:35:12.005000+00:00,7254.5,{'stop_loss_price': 7254.5}
INVALID_RISK_UNIT,risk_unit == 0 or non-finite,NQU18-CME,2565601,2018-06-21 18:35:12.006000+00:00,7254.5,{'stop_loss_price': 7254.5}
INVALID_RISK_UNIT,risk_unit == 0 or non-finite,NQU18-CME,2565602,2018-06-21 18:35:12.007000+00:00,7254.5,{'stop_loss_price': 7254.5}
INVALID_RISK_UNIT,risk_unit == 0 or non-finite,NQU18-CME,2565603,2018-06-21 18:35:12.008000+00:00,7254.5,{'stop_loss_price': 7254.5}
INVALID_RISK_UNIT,risk_unit == 0 or non-finite,NQU18-CME,2565604,2018-06-21 18:35:12.009000+00:00,7254.5,{'stop_loss_price': 7254.5}
INVALID_RISK_UNIT,risk_unit == 0 or non-finite,NQU18-CME,2565605,2018-06-21 18:35:12.010000+00:00,7254.5,{'stop_loss_price': 7254.5}
INVALID_RISK_UNIT,risk_unit == 0 or non-finite,NQU18-CME,2627829,2018-06-22 00:00:25+00:00,7231.25,{'stop_loss_price': 7231.25}
INVALID_RISK_UNIT,risk_unit == 0 or non-finite,NQU18-CME,2640713,2018-06-22 05:35:47+00:00,7242.0,{'stop_loss_price': 7242.0}
INVALID_RISK_UNIT,risk_unit == 0 or non-finite,NQU18-CME,2640714,2018-06-22 05:35:47.001000+00:00,7242.0,{'stop_loss_price': 7242.0}
INVALID_RISK_UNIT,risk_unit == 0 or non-finite,NQU18-CME,2640715,2018-06-22 05:35:51+00:00,7242.0,{'stop_loss_price': 7242.0}
INVALID_RISK_UNIT,risk_unit == 0 or non-finite,NQU18-CME,2640716,2018-06-22 05:35:51.001000+00:00,7242.0,{'stop_loss_price': 7242.0}
INVALID_RISK_UNIT,risk_unit == 0 or non-finite,NQU18-CME,2640718,2018-06-22 05:35:56+00:00,7242.0,{'stop_loss_price': 7242.0}
INVALID_RISK_UNIT,risk_unit == 0 or non-finite,NQU18-CME,2649200,2018-06-22 07:42:30.002000+00:00,7256.25,{'stop_loss_price': 7256.25}
INVALID_RISK_UNIT,risk_unit == 0 or non-finite,NQU18-CME,2724573,2018-06-22 14:01:04.008000+00:00,7218.5,{'stop_loss_price': 7218.5}
INVALID_RISK_UNIT,risk_unit == 0 or non-finite,NQU18-CME,2724574,2018-06-22 14:01:04.009000+00:00,7218.5,{'stop_loss_price': 7218.5}
INVALID_RISK_UNIT,risk_unit == 0 or non-finite,NQU18-CME,2724575,2018-06-22 14:01:04.010000+00:00,7218.5,{'stop_loss_price': 7218.5}
INVALID_RISK_UNIT,risk_unit == 0 or non-finite,NQU18-CME,2727280,2018-06-22 14:03:04+00:00,7224.25,{'stop_loss_price': 7224.25}
INVALID_RISK_UNIT,risk_unit == 0 or non-finite,NQU18-CME,2727281,2018-06-22 14:03:04.001000+00:00,7224.25,{'stop_loss_price': 7224.25}
INVALID_RISK_UNIT,risk_unit == 0 or non-finite,NQU18-CME,2940782,2018-06-25 10:35:33.002000+00:00,7145.5,{'stop_loss_price': 7145.5}
INVALID_RISK_UNIT,risk_unit == 0 or non-finite,NQU18-CME,2943063,2018-06-25 10:54:10+00:00,7149.25,{'stop_loss_price': 7149.25}
INVALID_RISK_UNIT,risk_unit == 0 or non-finite,NQU18-CME,2943064,2018-06-25 10:54:10.001000+00:00,7149.25,{'stop_loss_price': 7149.25}
INVALID_RISK_UNIT,risk_unit == 0 or non-finite,NQU18-CME,2943082,2018-06-25 10:54:12.001000+00:00,7149.25,{'stop_loss_price': 7149.25}
INVALID_RISK_UNIT,risk_unit == 0 or non-finite,NQU18-CME,2943083,2018-06-25 10:54:12.002000+00:00,7149.25,{'stop_loss_price': 7149.25}
INVALID_RISK_UNIT,risk_unit == 0 or non-finite,NQU18-CME,2943084,2018-06-25 10:54:12.003000+00:00,7149.25,{'stop_loss_price': 7149.25}
INVALID_RISK_UNIT,risk_unit == 0 or non-finite,NQU18-CME,2943085,2018-06-25 10:54:12.004000+00:00,7149.25,{'stop_loss_price': 7149.25}
INVALID_RISK_UNIT,risk_unit == 0 or non-finite,NQU18-CME,2969989,2018-06-25 13:33:13.013000+00:00,7161.25,{'stop_loss_price': 7161.25}
INVALID_RISK_UNIT,risk_unit == 0 or non-finite,NQU18-CME,2969990,2018-06-25 13:33:13.014000+00:00,7161.25,{'stop_loss_price': 7161.25}
INVALID_RISK_UNIT,risk_unit == 0 or non-finite,NQU18-CME,2969991,2018-06-25 13:33:13.015000+00:00,7161.25,{'stop_loss_price': 7161.25}
INVALID_RISK_UNIT,risk_unit == 0 or non-finite,NQU18-CME,3002959,2018-06-25 13:48:11.088000+00:00,7115.75,{'stop_loss_price': 7115.75}
INVALID_RISK_UNIT,risk_unit == 0 or non-finite,NQU18-CME,3002960,2018-06-25 13:48:11.089000+00:00,7115.75,{'stop_loss_price': 7115.75}
INVALID_RISK_UNIT,risk_unit == 0 or non-finite,NQU18-CME,3002961,2018-06-25 13:48:11.090000+00:00,7115.75,{'stop_loss_price': 7115.75}
INVALID_RISK_UNIT,risk_unit == 0 or non-finite,NQU18-CME,3002962,2018-06-25 13:48:11.091000+00:00,7115.75,{'stop_loss_price': 7115.75}
INVALID_RISK_UNIT,risk_unit == 0 or non-finite,NQU18-CME,3002966,2018-06-25 13:48:11.095000+00:00,7115.75,{'stop_loss_price': 7115.75}
INVALID_RISK_UNIT,risk_unit == 0 or non-finite,NQU18-CME,3002967,2018-06-25 13:48:11.096000+00:00,7115.75,{'stop_loss_price': 7115.75}
INVALID_RISK_UNIT,risk_unit == 0 or non-finite,NQU18-CME,3002973,2018-06-25 13:48:11.102000+00:00,7115.75,{'stop_loss_price': 7115.75}
INVALID_RISK_UNIT,risk_unit == 0 or non-finite,NQU18-CME,3002974,2018-06-25 13:48:11.103000+00:00,7115.75,{'stop_loss_price': 7115.75}
INVALID_RISK_UNIT,risk_unit == 0 or non-finite,NQU18-CME,3002975,2018-06-25 13:48:11.104000+00:00,7115.75,{'stop_loss_price': 7115.75}
INVALID_RISK_UNIT,risk_unit == 0 or non-finite,NQU18-CME,3002976,2018-06-25 13:48:11.105000+00:00,7115.75,{'stop_loss_price': 7115.75}
INVALID_RISK_UNIT,risk_unit == 0 or non-finite,NQU18-CME,3002977,2018-06-25 13:48:11.106000+00:00,7115.75,{'stop_loss_price': 7115.75}
INVALID_RISK_UNIT,risk_unit == 0 or non-finite,NQU18-CME,3002979,2018-06-25 13:48:11.108000+00:00,7115.75,{'stop_loss_price': 7115.75}
INVALID_RISK_UNIT,risk_unit == 0 or non-finite,NQU18-CME,3022084,2018-06-25 14:01:04.015000+00:00,7122.0,{'stop_loss_price': 7122.0}
INVALID_RISK_UNIT,risk_unit == 0 or non-finite,NQU18-CME,3022085,2018-06-25 14:01:04.016000+00:00,7122.0,{'stop_loss_price': 7122.0}
INVALID_RISK_UNIT,risk_unit == 0 or non-finite,NQU18-CME,3022086,2018-06-25 14:01:04.017000+00:00,7122.0,{'stop_loss_price': 7122.0}
INVALID_RISK_UNIT,risk_unit == 0 or non-finite,NQU18-CME,3022087,2018-06-25 14:01:04.018000+00:00,7122.0,{'stop_loss_price': 7122.0}
INVALID_RISK_UNIT,risk_unit == 0 or non-finite,NQU18-CME,3022088,2018-06-25 14:01:04.019000+00:00,7122.0,{'stop_loss_price': 7122.0}
INVALID_RISK_UNIT,risk_unit == 0 or non-finite,NQU18-CME,3022089,2018-06-25 14:01:04.020000+00:00,7122.0,{'stop_loss_price': 7122.0}
INVALID_RISK_UNIT,risk_unit == 0 or non-finite,NQU18-CME,3022091,2018-06-25 14:01:05.001000+00:00,7122.0,{'stop_loss_price': 7122.0}
INVALID_RISK_UNIT,risk_unit == 0 or non-finite,NQU18-CME,3074004,2018-06-25 14:31:34.012000+00:00,7087.75,{'stop_loss_price': 7087.75}
INVALID_RISK_UNIT,risk_unit == 0 or non-finite,NQU18-CME,3100356,2018-06-25 14:53:08.001000+00:00,7107.75,{'stop_loss_price': 7107.75}
INVALID_RISK_UNIT,risk_unit == 0 or non-finite,NQU18-CME,3108096,2018-06-25 14:58:40.018000+00:00,7079.25,{'stop_loss_price': 7079.25}
INVALID_RISK_UNIT,risk_unit == 0 or non-finite,NQU18-CME,3108097,2018-06-25 14:58:40.019000+00:00,7079.25,{'stop_loss_price': 7079.25}
INVALID_RISK_UNIT,risk_unit == 0 or non-finite,NQU18-CME,3108098,2018-06-25 14:58:40.020000+00:00,7079.25,{'stop_loss_price': 7079.25}
INVALID_RISK_UNIT,risk_unit == 0 or non-finite,NQU18-CME,3108099,2018-06-25 14:58:40.021000+00:00,7079.25,{'stop_loss_price': 7079.25}
INVALID_RISK_UNIT,risk_unit == 0 or non-finite,NQU18-CME,3108100,2018-06-25 14:58:40.022000+00:00,7079.25,{'stop_loss_price': 7079.25}
INVALID_RISK_UNIT,risk_unit == 0 or non-finite,NQU18-CME,3108101,2018-06-25 14:58:40.023000+00:00,7079.25,{'stop_loss_price': 7079.25}
INVALID_RISK_UNIT,risk_unit == 0 or non-finite,NQU18-CME,3108102,2018-06-25 14:58:40.024000+00:00,7079.25,{'stop_loss_price': 7079.25}
INVALID_RISK_UNIT,risk_unit == 0 or non-finite,NQU18-CME,3108103,2018-06-25 14:58:40.025000+00:00,7079.25,{'stop_loss_price': 7079.25}
INVALID_RISK_UNIT,risk_unit == 0 or non-finite,NQU18-CME,3108104,2018-06-25 14:58:40.026000+00:00,7079.25,{'stop_loss_price': 7079.25}
INVALID_RISK_UNIT,risk_unit == 0 or non-finite,NQU18-CME,3113291,2018-06-25 15:04:08.002000+00:00,7080.5,{'stop_loss_price': 7080.5}
INVALID_RISK_UNIT,risk_unit == 0 or non-finite,NQU18-CME,3200258,2018-06-25 16:23:50.005000+00:00,7031.25,{'stop_loss_price': 7031.25}
INVALID_RISK_UNIT,risk_unit == 0 or non-finite,NQU18-CME,3200259,2018-06-25 16:23:50.006000+00:00,7031.25,{'stop_loss_price': 7031.25}
INVALID_RISK_UNIT,risk_unit == 0 or non-finite,NQU18-CME,3200260,2018-06-25 16:23:50.007000+00:00,7031.25,{'stop_loss_price': 7031.25}
INVALID_RISK_UNIT,risk_unit == 0 or non-finite,NQU18-CME,3200261,2018-06-25 16:23:50.008000+00:00,7031.25,{'stop_loss_price': 7031.25}
INVALID_RISK_UNIT,risk_unit == 0 or non-finite,NQU18-CME,3200262,2018-06-25 16:23:50.009000+00:00,7031.25,{'stop_loss_price': 7031.25}
INVALID_RISK_UNIT,risk_unit == 0 or non-finite,NQU18-CME,3200263,2018-06-25 16:23:50.010000+00:00,7031.25,{'stop_loss_price': 7031.25}
INVALID_RISK_UNIT,risk_unit == 0 or non-finite,NQU18-CME,3200264,2018-06-25 16:23:50.011000+00:00,7031.25,{'stop_loss_price': 7031.25}
INVALID_RISK_UNIT,risk_unit == 0 or non-finite,NQU18-CME,3200265,2018-06-25 16:23:50.012000+00:00,7031.25,{'stop_loss_price': 7031.25}
INVALID_RISK_UNIT,risk_unit == 0 or non-finite,NQU18-CME,3226600,2018-06-25 16:53:18.001000+00:00,7029.0,{'stop_loss_price': 7029.0}
INVALID_RISK_UNIT,risk_unit == 0 or non-finite,NQU18-CME,3226601,2018-06-25 16:53:18.002000+00:00,7029.0,{'stop_loss_price': 7029.0}
INVALID_RISK_UNIT,risk_unit == 0 or non-finite,NQU18-CME,3226619,2018-06-25 16:53:20.009000+00:00,7029.25,{'stop_loss_price': 7029.25}
INVALID_RISK_UNIT,risk_unit == 0 or non-finite,NQU18-CME,3226620,2018-06-25 16:53:20.010000+00:00,7029.25,{'stop_loss_price': 7029.25}
INVALID_RISK_UNIT,risk_unit == 0 or non-finite,NQU18-CME,3226621,2018-06-25 16:53:20.011000+00:00,7029.25,{'stop_loss_price': 7029.25}
INVALID_RISK_UNIT,risk_unit == 0 or non-finite,NQU18-CME,3226622,2018-06-25 16:53:20.012000+00:00,7029.25,{'stop_loss_price': 7029.25}
INVALID_RISK_UNIT,risk_unit == 0 or non-finite,NQU18-CME,3226623,2018-06-25 16:53:20.013000+00:00,7029.25,{'stop_loss_price': 7029.25}
INVALID_RISK_UNIT,risk_unit == 0 or non-finite,NQU18-CME,3229473,2018-06-25 16:57:15.008000+00:00,7032.75,{'stop_loss_price': 7032.75}
INVALID_RISK_UNIT,risk_unit == 0 or non-finite,NQU18-CME,3229474,2018-06-25 16:57:15.009000+00:00,7032.75,{'stop_loss_price': 7032.75}
INVALID_RISK_UNIT,risk_unit == 0 or non-finite,NQU18-CME,3229478,2018-06-25 16:57:15.013000+00:00,7032.75,{'stop_loss_price': 7032.75}
INVALID_RISK_UNIT,risk_unit == 0 or non-finite,NQU18-CME,3229479,2018-06-25 16:57:15.014000+00:00,7032.75,{'stop_loss_price': 7032.75}
INVALID_RISK_UNIT,risk_unit == 0 or non-finite,NQU18-CME,3229480,2018-06-25 16:57:15.015000+00:00,7032.75,{'stop_loss_price': 7032.75}
INVALID_RISK_UNIT,risk_unit == 0 or non-finite,NQU18-CME,3230382,2018-06-25 16:58:31.010000+00:00,7034.25,{'stop_loss_price': 7034.25}
INVALID_RISK_UNIT,risk_unit == 0 or non-finite,NQU18-CME,3230383,2018-06-25 16:58:31.011000+00:00,7034.25,{'stop_loss_price': 7034.25}
INVALID_RISK_UNIT,risk_unit == 0 or non-finite,NQU18-CME,3230384,2018-06-25 16:58:31.012000+00:00,7034.25,{'stop_loss_price': 7034.25}
INVALID_RISK_UNIT,risk_unit == 0 or non-finite,NQU18-CME,3230385,2018-06-25 16:58:31.013000+00:00,7034.25,{'stop_loss_price': 7034.25}
INVALID_RISK_UNIT,risk_unit == 0 or non-finite,NQU18-CME,3230386,2018-06-25 16:58:31.014000+00:00,7034.25,{'stop_loss_price': 7034.25}
INVALID_RISK_UNIT,risk_unit == 0 or non-finite,NQU18-CME,3230387,2018-06-25 16:58:31.015000+00:00,7034.25,{'stop_loss_price': 7034.25}
INVALID_RISK_UNIT,risk_unit == 0 or non-finite,NQU18-CME,3248873,2018-06-25 17:22:21.001000+00:00,7013.25,{'stop_loss_price': 7013.25}
INVALID_RISK_UNIT,risk_unit == 0 or non-finite,NQU18-CME,3262720,2018-06-25 17:41:20.025000+00:00,7042.25,{'stop_loss_price': 7042.25}
INVALID_RISK_UNIT,risk_unit == 0 or non-finite,NQU18-CME,3262721,2018-06-25 17:41:20.026000+00:00,7042.25,{'stop_loss_price': 7042.25}
INVALID_RISK_UNIT,risk_unit == 0 or non-finite,NQU18-CME,3262722,2018-06-25 17:41:20.027000+00:00,7042.25,{'stop_loss_price': 7042.25}
INVALID_RISK_UNIT,risk_unit == 0 or non-finite,NQU18-CME,3262723,2018-06-25 17:41:20.028000+00:00,7042.25,{'stop_loss_price': 7042.25}
INVALID_RISK_UNIT,risk_unit == 0 or non-finite,NQU18-CME,3262724,2018-06-25 17:41:20.029000+00:00,7042.25,{'stop_loss_price': 7042.25}
INVALID_RISK_UNIT,risk_unit == 0 or non-finite,NQU18-CME,3286009,2018-06-25 18:21:12.014000+00:00,7027.25,{'stop_loss_price': 7027.25}
INVALID_RISK_UNIT,risk_unit == 0 or non-finite,NQU18-CME,3286068,2018-06-25 18:21:23.002000+00:00,7027.25,{'stop_loss_price': 7027.25}
INVALID_RISK_UNIT,risk_unit == 0 or non-finite,NQU18-CME,3397282,2018-06-25 23:25:40+00:00,7067.75,{'stop_loss_price': 7067.75}
INVALID_RISK_UNIT,risk_unit == 0 or non-finite,NQU18-CME,3398775,2018-06-26 00:06:37+00:00,7057.0,{'stop_loss_price': 7057.0}
INVALID_RISK_UNIT,risk_unit == 0 or non-finite,NQU18-CME,3434371,2018-06-26 09:21:13.001000+00:00,7081.5,{'stop_loss_price': 7081.5}
INVALID_RISK_UNIT,risk_unit == 0 or non-finite,NQU18-CME,3434372,2018-06-26 09:21:13.002000+00:00,7081.5,{'stop_loss_price': 7081.5}
INVALID_RISK_UNIT,risk_unit == 0 or non-finite,NQU18-CME,3434373,2018-06-26 09:21:13.003000+00:00,7081.5,{'stop_loss_price': 7081.5}
INVALID_RISK_UNIT,risk_unit == 0 or non-finite,NQU18-CME,3434374,2018-06-26 09:21:13.004000+00:00,7081.5,{'stop_loss_price': 7081.5}
INVALID_RISK_UNIT,risk_unit == 0 or non-finite,NQU18-CME,3434375,2018-06-26 09:21:13.005000+00:00,7081.5,{'stop_loss_price': 7081.5}
INVALID_RISK_UNIT,risk_unit == 0 or non-finite,NQU18-CME,3434376,2018-06-26 09:21:13.006000+00:00,7081.5,{'stop_loss_price': 7081.5}
INVALID_RISK_UNIT,risk_unit == 0 or non-finite,NQU18-CME,3434377,2018-06-26 09:21:13.007000+00:00,7081.5,{'stop_loss_price': 7081.5}
INVALID_RISK_UNIT,risk_unit == 0 or non-finite,NQU18-CME,3434379,2018-06-26 09:21:18+00:00,7081.5,{'stop_loss_price': 7081.5}
INVALID_RISK_UNIT,risk_unit == 0 or non-finite,NQU18-CME,3449071,2018-06-26 12:07:30.019000+00:00,7081.0,{'stop_loss_price': 7081.0}
INVALID_RISK_UNIT,risk_unit == 0 or non-finite,NQU18-CME,3454262,2018-06-26 12:42:43+00:00,7090.75,{'stop_loss_price': 7090.75}
INVALID_RISK_UNIT,risk_unit == 0 or non-finite,NQU18-CME,3454263,2018-06-26 12:42:43.001000+00:00,7090.75,{'stop_loss_price': 7090.75}
INVALID_RISK_UNIT,risk_unit == 0 or non-finite,NQU18-CME,3454265,2018-06-26 12:42:44.001000+00:00,7090.75,{'stop_loss_price': 7090.75}
INVALID_RISK_UNIT,risk_unit == 0 or non-finite,NQU18-CME,3517743,2018-06-26 13:55:53.051000+00:00,7093.75,{'stop_loss_price': 7093.75}
INVALID_RISK_UNIT,risk_unit == 0 or non-finite,NQU18-CME,3523559,2018-06-26 14:01:00.030000+00:00,7105.75,{'stop_loss_price': 7105.75}
INVALID_RISK_UNIT,risk_unit == 0 or non-finite,NQU18-CME,3539914,2018-06-26 14:16:10.003000+00:00,7099.75,{'stop_loss_price': 7099.75}
INVALID_RISK_UNIT,risk_unit == 0 or non-finite,NQU18-CME,3539915,2018-06-26 14:16:10.004000+00:00,7099.75,{'stop_loss_price': 7099.75}
INVALID_RISK_UNIT,risk_unit == 0 or non-finite,NQU18-CME,3539923,2018-06-26 14:16:11.002000+00:00,7099.75,{'stop_loss_price': 7099.75}
INVALID_RISK_UNIT,risk_unit == 0 or non-finite,NQU18-CME,3539924,2018-06-26 14:16:11.003000+00:00,7099.75,{'stop_loss_price': 7099.75}
INVALID_RISK_UNIT,risk_unit == 0 or non-finite,NQU18-CME,3539925,2018-06-26 14:16:11.004000+00:00,7099.75,{'stop_loss_price': 7099.75}
INVALID_RISK_UNIT,risk_unit == 0 or non-finite,NQU18-CME,3539927,2018-06-26 14:16:11.006000+00:00,7099.75,{'stop_loss_price': 7099.75}
INVALID_RISK_UNIT,risk_unit == 0 or non-finite,NQU18-CME,3583154,2018-06-26 14:54:23.006000+00:00,7084.0,{'stop_loss_price': 7084.0}
INVALID_RISK_UNIT,risk_unit == 0 or non-finite,NQU18-CME,3583155,2018-06-26 14:54:23.007000+00:00,7084.0,{'stop_loss_price': 7084.0}
INVALID_RISK_UNIT,risk_unit == 0 or non-finite,NQU18-CME,3583156,2018-06-26 14:54:24+00:00,7084.0,{'stop_loss_price': 7084.0}
INVALID_RISK_UNIT,risk_unit == 0 or non-finite,NQU18-CME,3583159,2018-06-26 14:54:24.003000+00:00,7084.0,{'stop_loss_price': 7084.0}
INVALID_RISK_UNIT,risk_unit == 0 or non-finite,NQU18-CME,3583160,2018-06-26 14:54:24.004000+00:00,7084.0,{'stop_loss_price': 7084.0}
INVALID_RISK_UNIT,risk_unit == 0 or non-finite,NQU18-CME,3583161,2018-06-26 14:54:24.005000+00:00,7084.0,{'stop_loss_price': 7084.0}
INVALID_RISK_UNIT,risk_unit == 0 or non-finite,NQU18-CME,3583162,2018-06-26 14:54:24.006000+00:00,7084.0,{'stop_loss_price': 7084.0}
INVALID_RISK_UNIT,risk_unit == 0 or non-finite,NQU18-CME,3583164,2018-06-26 14:54:24.008000+00:00,7084.0,{'stop_loss_price': 7084.0}
INVALID_RISK_UNIT,risk_unit == 0 or non-finite,NQU18-CME,3642606,2018-06-26 16:42:25+00:00,7107.0,{'stop_loss_price': 7107.0}
INVALID_RISK_UNIT,risk_unit == 0 or non-finite,NQU18-CME,3642607,2018-06-26 16:42:26+00:00,7107.0,{'stop_loss_price': 7107.0}
INVALID_RISK_UNIT,risk_unit == 0 or non-finite,NQU18-CME,3699065,2018-06-26 19:09:37.001000+00:00,7097.0,{'stop_loss_price': 7097.0}
INVALID_RISK_UNIT,risk_unit == 0 or non-finite,NQU18-CME,3768485,2018-06-27 07:54:52.001000+00:00,7027.75,{'stop_loss_price': 7027.75}
INVALID_RISK_UNIT,risk_unit == 0 or non-finite,NQU18-CME,3806384,2018-06-27 11:51:37.074000+00:00,7094.5,{'stop_loss_price': 7094.5}
INVALID_RISK_UNIT,risk_unit == 0 or non-finite,NQU18-CME,3843120,2018-06-27 13:29:03.004000+00:00,7119.25,{'stop_loss_price': 7119.25}
INVALID_RISK_UNIT,risk_unit == 0 or non-finite,NQU18-CME,3843121,2018-06-27 13:29:03.005000+00:00,7119.25,{'stop_loss_price': 7119.25}
INVALID_RISK_UNIT,risk_unit == 0 or non-finite,NQU18-CME,3848254,2018-06-27 13:31:54.001000+00:00,7118.0,{'stop_loss_price': 7118.0}
INVALID_RISK_UNIT,risk_unit == 0 or non-finite,NQU18-CME,3909615,2018-06-27 14:19:22.005000+00:00,7132.75,{'stop_loss_price': 7132.75}
INVALID_RISK_UNIT,risk_unit == 0 or non-finite,NQU18-CME,3917339,2018-06-27 14:31:24+00:00,7134.25,{'stop_loss_price': 7134.25}
INVALID_RISK_UNIT,risk_unit == 0 or non-finite,NQU18-CME,4021403,2018-06-27 16:47:03.005000+00:00,7080.5,{'stop_loss_price': 7080.5}
INVALID_RISK_UNIT,risk_unit == 0 or non-finite,NQU18-CME,4021404,2018-06-27 16:47:03.006000+00:00,7080.5,{'stop_loss_price': 7080.5}
INVALID_RISK_UNIT,risk_unit == 0 or non-finite,NQU18-CME,4021405,2018-06-27 16:47:03.007000+00:00,7080.5,{'stop_loss_price': 7080.5}
INVALID_RISK_UNIT,risk_unit == 0 or non-finite,NQU18-CME,4021406,2018-06-27 16:47:03.008000+00:00,7080.5,{'stop_loss_price': 7080.5}
INVALID_RISK_UNIT,risk_unit == 0 or non-finite,NQU18-CME,4021427,2018-06-27 16:47:05.011000+00:00,7080.5,{'stop_loss_price': 7080.5}
INVALID_RISK_UNIT,risk_unit == 0 or non-finite,NQU18-CME,4021428,2018-06-27 16:47:05.012000+00:00,7080.5,{'stop_loss_price': 7080.5}
INVALID_RISK_UNIT,risk_unit == 0 or non-finite,NQU18-CME,4021429,2018-06-27 16:47:05.013000+00:00,7080.5,{'stop_loss_price': 7080.5}
INVALID_RISK_UNIT,risk_unit == 0 or non-finite,NQU18-CME,4021430,2018-06-27 16:47:05.014000+00:00,7080.5,{'stop_loss_price': 7080.5}
INVALID_RISK_UNIT,risk_unit == 0 or non-finite,NQU18-CME,4021431,2018-06-27 16:47:05.015000+00:00,7080.5,{'stop_loss_price': 7080.5}
INVALID_RISK_UNIT,risk_unit == 0 or non-finite,NQU18-CME,4021432,2018-06-27 16:47:05.016000+00:00,7080.5,{'stop_loss_price': 7080.5}
INVALID_RISK_UNIT,risk_unit == 0 or non-finite,NQU18-CME,4067103,2018-06-27 17:39:39.006000+00:00,7050.5,{'stop_loss_price': 7050.5}
INVALID_RISK_UNIT,risk_unit == 0 or non-finite,NQU18-CME,4067104,2018-06-27 17:39:40+00:00,7050.5,{'stop_loss_price': 7050.5}
INVALID_RISK_UNIT,risk_unit == 0 or non-finite,NQU18-CME,4090991,2018-06-27 18:11:13.003000+00:00,7035.5,{'stop_loss_price': 7035.5}
INVALID_RISK_UNIT,risk_unit == 0 or non-finite,NQU18-CME,4090992,2018-06-27 18:11:13.004000+00:00,7035.5,{'stop_loss_price': 7035.5}
INVALID_RISK_UNIT,risk_unit == 0 or non-finite,NQU18-CME,4090995,2018-06-27 18:11:13.007000+00:00,7035.5,{'stop_loss_price': 7035.5}
INVALID_RISK_UNIT,risk_unit == 0 or non-finite,NQU18-CME,4118521,2018-06-27 18:54:39.013000+00:00,7029.5,{'stop_loss_price': 7029.5}
INVALID_RISK_UNIT,risk_unit == 0 or non-finite,NQU18-CME,4135670,2018-06-27 19:15:58.003000+00:00,7005.75,{'stop_loss_price': 7005.75}
INVALID_RISK_UNIT,risk_unit == 0 or non-finite,NQU18-CME,4135671,2018-06-27 19:15:58.004000+00:00,7005.75,{'stop_loss_price': 7005.75}
INVALID_RISK_UNIT,risk_unit == 0 or non-finite,NQU18-CME,4135672,2018-06-27 19:15:58.005000+00:00,7005.75,{'stop_loss_price': 7005.75}
INVALID_RISK_UNIT,risk_unit == 0 or non-finite,NQU18-CME,4135673,2018-06-27 19:15:58.006000+00:00,7005.75,{'stop_loss_price': 7005.75}
INVALID_RISK_UNIT,risk_unit == 0 or non-finite,NQU18-CME,4135674,2018-06-27 19:15:58.007000+00:00,7005.75,{'stop_loss_price': 7005.75}
INVALID_RISK_UNIT,risk_unit == 0 or non-finite,NQU18-CME,4135675,2018-06-27 19:15:58.008000+00:00,7005.75,{'stop_loss_price': 7005.75}
INVALID_RISK_UNIT,risk_unit == 0 or non-finite,NQU18-CME,4135676,2018-06-27 19:15:58.009000+00:00,7005.75,{'stop_loss_price': 7005.75}
INVALID_RISK_UNIT,risk_unit == 0 or non-finite,NQU18-CME,4135677,2018-06-27 19:15:58.010000+00:00,7005.75,{'stop_loss_price': 7005.75}
INVALID_RISK_UNIT,risk_unit == 0 or non-finite,NQU18-CME,4236002,2018-06-28 07:16:48.007000+00:00,7018.0,{'stop_loss_price': 7018.0}
INVALID_RISK_UNIT,risk_unit == 0 or non-finite,NQU18-CME,4236003,2018-06-28 07:16:48.008000+00:00,7018.0,{'stop_loss_price': 7018.0}
INVALID_RISK_UNIT,risk_unit == 0 or non-finite,NQU18-CME,4236004,2018-06-28 07:16:48.009000+00:00,7018.0,{'stop_loss_price': 7018.0}
INVALID_RISK_UNIT,risk_unit == 0 or non-finite,NQU18-CME,4275142,2018-06-28 12:11:58+00:00,6993.25,{'stop_loss_price': 6993.25}
INVALID_RISK_UNIT,risk_unit == 0 or non-finite,NQU18-CME,4355491,2018-06-28 13:53:37.077000+00:00,7004.0,{'stop_loss_price': 7004.0}
INVALID_RISK_UNIT,risk_unit == 0 or non-finite,NQU18-CME,4389761,2018-06-28 14:15:20.002000+00:00,6991.25,{'stop_loss_price': 6991.25}
INVALID_RISK_UNIT,risk_unit == 0 or non-finite,NQU18-CME,4488653,2018-06-28 15:46:16.007000+00:00,7030.5,{'stop_loss_price': 7030.5}
INVALID_RISK_UNIT,risk_unit == 0 or non-finite,NQU18-CME,4488654,2018-06-28 15:46:16.008000+00:00,7030.5,{'stop_loss_price': 7030.5}
INVALID_RISK_UNIT,risk_unit == 0 or non-finite,NQU18-CME,4488655,2018-06-28 15:46:16.009000+00:00,7030.5,{'stop_loss_price': 7030.5}
INVALID_RISK_UNIT,risk_unit == 0 or non-finite,NQU18-CME,4488656,2018-06-28 15:46:16.010000+00:00,7030.5,{'stop_loss_price': 7030.5}
INVALID_RISK_UNIT,risk_unit == 0 or non-finite,NQU18-CME,4489601,2018-06-28 15:48:15.012000+00:00,7026.75,{'stop_loss_price': 7026.75}
INVALID_RISK_UNIT,risk_unit == 0 or non-finite,NQU18-CME,4489602,2018-06-28 15:48:15.013000+00:00,7026.75,{'stop_loss_price': 7026.75}
INVALID_RISK_UNIT,risk_unit == 0 or non-finite,NQU18-CME,4489603,2018-06-28 15:48:15.014000+00:00,7026.75,{'stop_loss_price': 7026.75}
INVALID_RISK_UNIT,risk_unit == 0 or non-finite,NQU18-CME,4489610,2018-06-28 15:48:19.001000+00:00,7026.75,{'stop_loss_price': 7026.75}
INVALID_RISK_UNIT,risk_unit == 0 or non-finite,NQU18-CME,4546349,2018-06-28 17:46:08+00:00,7025.0,{'stop_loss_price': 7025.0}
INVALID_RISK_UNIT,risk_unit == 0 or non-finite,NQU18-CME,4546350,2018-06-28 17:46:08.001000+00:00,7025.0,{'stop_loss_price': 7025.0}
INVALID_RISK_UNIT,risk_unit == 0 or non-finite,NQU18-CME,4546351,2018-06-28 17:46:08.002000+00:00,7025.0,{'stop_loss_price': 7025.0}
INVALID_RISK_UNIT,risk_unit == 0 or non-finite,NQU18-CME,4546352,2018-06-28 17:46:08.003000+00:00,7025.0,{'stop_loss_price': 7025.0}
INVALID_RISK_UNIT,risk_unit == 0 or non-finite,NQU18-CME,4546834,2018-06-28 17:47:37.001000+00:00,7024.75,{'stop_loss_price': 7024.75}
INVALID_RISK_UNIT,risk_unit == 0 or non-finite,NQU18-CME,4552372,2018-06-28 18:03:59.144000+00:00,7034.75,{'stop_loss_price': 7034.75}
INVALID_RISK_UNIT,risk_unit == 0 or non-finite,NQU18-CME,4552373,2018-06-28 18:03:59.145000+00:00,7034.75,{'stop_loss_price': 7034.75}
INVALID_RISK_UNIT,risk_unit == 0 or non-finite,NQU18-CME,4552374,2018-06-28 18:03:59.146000+00:00,7034.75,{'stop_loss_price': 7034.75}
INVALID_RISK_UNIT,risk_unit == 0 or non-finite,NQU18-CME,4552375,2018-06-28 18:03:59.147000+00:00,7034.75,{'stop_loss_price': 7034.75}
INVALID_RISK_UNIT,risk_unit == 0 or non-finite,NQU18-CME,4552376,2018-06-28 18:03:59.148000+00:00,7034.75,{'stop_loss_price': 7034.75}
INVALID_RISK_UNIT,risk_unit == 0 or non-finite,NQU18-CME,4552377,2018-06-28 18:03:59.149000+00:00,7034.75,{'stop_loss_price': 7034.75}
INVALID_RISK_UNIT,risk_unit == 0 or non-finite,NQU18-CME,4552378,2018-06-28 18:03:59.150000+00:00,7034.75,{'stop_loss_price': 7034.75}
INVALID_RISK_UNIT,risk_unit == 0 or non-finite,NQU18-CME,4552379,2018-06-28 18:03:59.151000+00:00,7034.75,{'stop_loss_price': 7034.75}
INVALID_RISK_UNIT,risk_unit == 0 or non-finite,NQU18-CME,4552380,2018-06-28 18:03:59.152000+00:00,7034.75,{'stop_loss_price': 7034.75}
INVALID_RISK_UNIT,risk_unit == 0 or non-finite,NQU18-CME,4552381,2018-06-28 18:03:59.153000+00:00,7034.75,{'stop_loss_price': 7034.75}
INVALID_RISK_UNIT,risk_unit == 0 or non-finite,NQU18-CME,4552382,2018-06-28 18:03:59.154000+00:00,7034.75,{'stop_loss_price': 7034.75}
INVALID_RISK_UNIT,risk_unit == 0 or non-finite,NQU18-CME,4552383,2018-06-28 18:03:59.155000+00:00,7034.75,{'stop_loss_price': 7034.75}
INVALID_RISK_UNIT,risk_unit == 0 or non-finite,NQU18-CME,4555956,2018-06-28 18:13:42.003000+00:00,7027.25,{'stop_loss_price': 7027.25}
INVALID_RISK_UNIT,risk_unit == 0 or non-finite,NQU18-CME,4555957,2018-06-28 18:13:42.004000+00:00,7027.25,{'stop_loss_price': 7027.25}
INVALID_RISK_UNIT,risk_unit == 0 or non-finite,NQU18-CME,4560800,2018-06-28 18:24:03.165000+00:00,7045.75,{'stop_loss_price': 7045.75}
INVALID_RISK_UNIT,risk_unit == 0 or non-finite,NQU18-CME,4560801,2018-06-28 18:24:03.166000+00:00,7045.75,{'stop_loss_price': 7045.75}
INVALID_RISK_UNIT,risk_unit == 0 or non-finite,NQU18-CME,4560802,2018-06-28 18:24:03.167000+00:00,7045.75,{'stop_loss_price': 7045.75}
INVALID_RISK_UNIT,risk_unit == 0 or non-finite,NQU18-CME,4560803,2018-06-28 18:24:04+00:00,7045.75,{'stop_loss_price': 7045.75}
INVALID_RISK_UNIT,risk_unit == 0 or non-finite,NQU18-CME,4560804,2018-06-28 18:24:04.001000+00:00,7045.75,{'stop_loss_price': 7045.75}
INVALID_RISK_UNIT,risk_unit == 0 or non-finite,NQU18-CME,4599742,2018-06-28 19:35:44.009000+00:00,7059.25,{'stop_loss_price': 7059.25}
INVALID_RISK_UNIT,risk_unit == 0 or non-finite,NQU18-CME,4599743,2018-06-28 19:35:44.010000+00:00,7059.25,{'stop_loss_price': 7059.25}
INVALID_RISK_UNIT,risk_unit == 0 or non-finite,NQU18-CME,4599744,2018-06-28 19:35:44.011000+00:00,7059.25,{'stop_loss_price': 7059.25}
INVALID_RISK_UNIT,risk_unit == 0 or non-finite,NQU18-CME,4599745,2018-06-28 19:35:44.012000+00:00,7059.25,{'stop_loss_price': 7059.25}
INVALID_RISK_UNIT,risk_unit == 0 or non-finite,NQU18-CME,4599746,2018-06-28 19:35:44.013000+00:00,7059.25,{'stop_loss_price': 7059.25}
INVALID_RISK_UNIT,risk_unit == 0 or non-finite,NQU18-CME,4599747,2018-06-28 19:35:44.014000+00:00,7059.25,{'stop_loss_price': 7059.25}
INVALID_RISK_UNIT,risk_unit == 0 or non-finite,NQU18-CME,4645873,2018-06-29 06:15:41+00:00,7083.25,{'stop_loss_price': 7083.25}
INVALID_RISK_UNIT,risk_unit == 0 or non-finite,NQU18-CME,4648360,2018-06-29 06:54:08.004000+00:00,7094.0,{'stop_loss_price': 7094.0}
INVALID_RISK_UNIT,risk_unit == 0 or non-finite,NQU18-CME,4661174,2018-06-29 09:16:06.001000+00:00,7106.0,{'stop_loss_price': 7106.0}
INVALID_RISK_UNIT,risk_unit == 0 or non-finite,NQU18-CME,4661175,2018-06-29 09:16:06.002000+00:00,7106.0,{'stop_loss_price': 7106.0}
INVALID_RISK_UNIT,risk_unit == 0 or non-finite,NQU18-CME,4661176,2018-06-29 09:16:16+00:00,7106.0,{'stop_loss_price': 7106.0}
INVALID_RISK_UNIT,risk_unit == 0 or non-finite,NQU18-CME,4681255,2018-06-29 12:10:59.053000+00:00,7093.5,{'stop_loss_price': 7093.5}
INVALID_RISK_UNIT,risk_unit == 0 or non-finite,NQU18-CME,4723440,2018-06-29 13:47:12.002000+00:00,7107.5,{'stop_loss_price': 7107.5}
INVALID_RISK_UNIT,risk_unit == 0 or non-finite,NQU18-CME,4726618,2018-06-29 13:50:17.005000+00:00,7108.5,{'stop_loss_price': 7108.5}
INVALID_RISK_UNIT,risk_unit == 0 or non-finite,NQU18-CME,4726619,2018-06-29 13:50:17.006000+00:00,7108.5,{'stop_loss_price': 7108.5}
INVALID_RISK_UNIT,risk_unit == 0 or non-finite,NQU18-CME,4726620,2018-06-29 13:50:17.007000+00:00,7108.5,{'stop_loss_price': 7108.5}
INVALID_RISK_UNIT,risk_unit == 0 or non-finite,NQU18-CME,4726621,2018-06-29 13:50:17.008000+00:00,7108.5,{'stop_loss_price': 7108.5}
INVALID_RISK_UNIT,risk_unit == 0 or non-finite,NQU18-CME,4726622,2018-06-29 13:50:17.009000+00:00,7108.5,{'stop_loss_price': 7108.5}
INVALID_RISK_UNIT,risk_unit == 0 or non-finite,NQU18-CME,4878912,2018-06-29 18:32:59.017000+00:00,7098.0,{'stop_loss_price': 7098.0}
INVALID_RISK_UNIT,risk_unit == 0 or non-finite,NQU18-CME,4878913,2018-06-29 18:33:00+00:00,7098.0,{'stop_loss_price': 7098.0}
INVALID_RISK_UNIT,risk_unit == 0 or non-finite,NQU18-CME,4878914,2018-06-29 18:33:02+00:00,7098.0,{'stop_loss_price': 7098.0}
INVALID_RISK_UNIT,risk_unit == 0 or non-finite,NQU18-CME,4923262,2018-06-29 19:58:09.033000+00:00,7071.75,{'stop_loss_price': 7071.75}
INVALID_RISK_UNIT,risk_unit == 0 or non-finite,NQU18-CME,4923263,2018-06-29 19:58:09.034000+00:00,7071.75,{'stop_loss_price': 7071.75}
INVALID_RISK_UNIT,risk_unit == 0 or non-finite,NQU18-CME,4923264,2018-06-29 19:58:09.035000+00:00,7071.75,{'stop_loss_price': 7071.75}
INVALID_RISK_UNIT,risk_unit == 0 or non-finite,NQU18-CME,4923265,2018-06-29 19:58:09.036000+00:00,7071.75,{'stop_loss_price': 7071.75}
INVALID_RISK_UNIT,risk_unit == 0 or non-finite,NQU18-CME,4923266,2018-06-29 19:58:09.037000+00:00,7071.75,{'stop_loss_price': 7071.75}
INVALID_RISK_UNIT,risk_unit == 0 or non-finite,NQU18-CME,4923267,2018-06-29 19:58:09.038000+00:00,7071.75,{'stop_loss_price': 7071.75}
INVALID_RISK_UNIT,risk_unit == 0 or non-finite,NQU18-CME,4923268,2018-06-29 19:58:09.039000+00:00,7071.75,{'stop_loss_price': 7071.75}
INVALID_RISK_UNIT,risk_unit == 0 or non-finite,NQU18-CME,4923269,2018-06-29 19:58:09.040000+00:00,7071.75,{'stop_loss_price': 7071.75}
INVALID_RISK_UNIT,risk_unit == 0 or non-finite,NQU18-CME,4932279,2018-06-29 20:00:00.170000+00:00,7063.25,{'stop_loss_price': 7063.25}
INVALID_RISK_UNIT,risk_unit == 0 or non-finite,NQU18-CME,4986817,2018-07-02 09:00:51+00:00,7024.25,{'stop_loss_price': 7024.25}
INVALID_RISK_UNIT,risk_unit == 0 or non-finite,NQU18-CME,4986818,2018-07-02 09:00:51.001000+00:00,7024.25,{'stop_loss_price': 7024.25}
INVALID_RISK_UNIT,risk_unit == 0 or non-finite,NQU18-CME,5020908,2018-07-02 13:32:12.003000+00:00,6992.25,{'stop_loss_price': 6992.25}
INVALID_RISK_UNIT,risk_unit == 0 or non-finite,NQU18-CME,5044148,2018-07-02 13:47:18.004000+00:00,7024.75,{'stop_loss_price': 7024.75}
INVALID_RISK_UNIT,risk_unit == 0 or non-finite,NQU18-CME,5049674,2018-07-02 13:50:58.012000+00:00,7026.25,{'stop_loss_price': 7026.25}
INVALID_RISK_UNIT,risk_unit == 0 or non-finite,NQU18-CME,5049675,2018-07-02 13:50:58.013000+00:00,7026.25,{'stop_loss_price': 7026.25}
INVALID_RISK_UNIT,risk_unit == 0 or non-finite,NQU18-CME,5049677,2018-07-02 13:50:58.015000+00:00,7026.25,{'stop_loss_price': 7026.25}
INVALID_RISK_UNIT,risk_unit == 0 or non-finite,NQU18-CME,5107724,2018-07-02 14:45:20.004000+00:00,7060.5,{'stop_loss_price': 7060.5}
INVALID_RISK_UNIT,risk_unit == 0 or non-finite,NQU18-CME,5107725,2018-07-02 14:45:20.005000+00:00,7060.5,{'stop_loss_price': 7060.5}
INVALID_RISK_UNIT,risk_unit == 0 or non-finite,NQU18-CME,5107726,2018-07-02 14:45:20.006000+00:00,7060.5,{'stop_loss_price': 7060.5}
INVALID_RISK_UNIT,risk_unit == 0 or non-finite,NQU18-CME,5107727,2018-07-02 14:45:21+00:00,7060.5,{'stop_loss_price': 7060.5}
INVALID_RISK_UNIT,risk_unit == 0 or non-finite,NQU18-CME,5107728,2018-07-02 14:45:21.001000+00:00,7060.5,{'stop_loss_price': 7060.5}
INVALID_RISK_UNIT,risk_unit == 0 or non-finite,NQU18-CME,5154196,2018-07-02 16:02:24.002000+00:00,7039.5,{'stop_loss_price': 7039.5}
INVALID_RISK_UNIT,risk_unit == 0 or non-finite,NQU18-CME,5154197,2018-07-02 16:02:24.003000+00:00,7039.5,{'stop_loss_price': 7039.5}
INVALID_RISK_UNIT,risk_unit == 0 or non-finite,NQU18-CME,5154198,2018-07-02 16:02:24.004000+00:00,7039.5,{'stop_loss_price': 7039.5}
INVALID_RISK_UNIT,risk_unit == 0 or non-finite,NQU18-CME,5154199,2018-07-02 16:02:24.005000+00:00,7039.5,{'stop_loss_price': 7039.5}
INVALID_RISK_UNIT,risk_unit == 0 or non-finite,NQU18-CME,5154200,2018-07-02 16:02:24.006000+00:00,7039.5,{'stop_loss_price': 7039.5}
INVALID_RISK_UNIT,risk_unit == 0 or non-finite,NQU18-CME,5154201,2018-07-02 16:02:24.007000+00:00,7039.5,{'stop_loss_price': 7039.5}
INVALID_RISK_UNIT,risk_unit == 0 or non-finite,NQU18-CME,5159538,2018-07-02 16:17:58.004000+00:00,7033.75,{'stop_loss_price': 7033.75}
INVALID_RISK_UNIT,risk_unit == 0 or non-finite,NQU18-CME,5159539,2018-07-02 16:17:58.005000+00:00,7033.75,{'stop_loss_price': 7033.75}
INVALID_RISK_UNIT,risk_unit == 0 or non-finite,NQU18-CME,5159540,2018-07-02 16:17:58.006000+00:00,7033.75,{'stop_loss_price': 7033.75}
INVALID_RISK_UNIT,risk_unit == 0 or non-finite,NQU18-CME,5159541,2018-07-02 16:17:58.007000+00:00,7033.75,{'stop_loss_price': 7033.75}
INVALID_RISK_UNIT,risk_unit == 0 or non-finite,NQU18-CME,5159542,2018-07-02 16:17:58.008000+00:00,7033.75,{'stop_loss_price': 7033.75}
INVALID_RISK_UNIT,risk_unit == 0 or non-finite,NQU18-CME,5159562,2018-07-02 16:18:02+00:00,7033.75,{'stop_loss_price': 7033.75}
INVALID_RISK_UNIT,risk_unit == 0 or non-finite,NQU18-CME,5221013,2018-07-02 18:54:23.005000+00:00,7085.5,{'stop_loss_price': 7085.5}
INVALID_RISK_UNIT,risk_unit == 0 or non-finite,NQU18-CME,5221014,2018-07-02 18:54:25+00:00,7085.5,{'stop_loss_price': 7085.5}
INVALID_RISK_UNIT,risk_unit == 0 or non-finite,NQU18-CME,5221015,2018-07-02 18:54:25.001000+00:00,7085.5,{'stop_loss_price': 7085.5}
INVALID_RISK_UNIT,risk_unit == 0 or non-finite,NQU18-CME,5221016,2018-07-02 18:54:25.002000+00:00,7085.5,{'stop_loss_price': 7085.5}
INVALID_RISK_UNIT,risk_unit == 0 or non-finite,NQU18-CME,5221017,2018-07-02 18:54:25.003000+00:00,7085.5,{'stop_loss_price': 7085.5}
INVALID_RISK_UNIT,risk_unit == 0 or non-finite,NQU18-CME,5221018,2018-07-02 18:54:25.004000+00:00,7085.5,{'stop_loss_price': 7085.5}
INVALID_RISK_UNIT,risk_unit == 0 or non-finite,NQU18-CME,5221019,2018-07-02 18:54:25.005000+00:00,7085.5,{'stop_loss_price': 7085.5}
INVALID_RISK_UNIT,risk_unit == 0 or non-finite,NQU18-CME,5221020,2018-07-02 18:54:25.006000+00:00,7085.5,{'stop_loss_price': 7085.5}
INVALID_RISK_UNIT,risk_unit == 0 or non-finite,NQU18-CME,5221021,2018-07-02 18:54:25.007000+00:00,7085.5,{'stop_loss_price': 7085.5}
INVALID_RISK_UNIT,risk_unit == 0 or non-finite,NQU18-CME,5275824,2018-07-03 02:57:19.002000+00:00,7109.75,{'stop_loss_price': 7109.75}
INVALID_RISK_UNIT,risk_unit == 0 or non-finite,NQU18-CME,5275825,2018-07-03 02:57:19.003000+00:00,7109.75,{'stop_loss_price': 7109.75}
INVALID_RISK_UNIT,risk_unit == 0 or non-finite,NQU18-CME,5295082,2018-07-03 07:59:16+00:00,7135.25,{'stop_loss_price': 7135.25}
INVALID_RISK_UNIT,risk_unit == 0 or non-finite,NQU18-CME,5352906,2018-07-03 13:43:39.002000+00:00,7112.75,{'stop_loss_price': 7112.75}
INVALID_RISK_UNIT,risk_unit == 0 or non-finite,NQU18-CME,5352907,2018-07-03 13:43:39.003000+00:00,7112.75,{'stop_loss_price': 7112.75}
INVALID_RISK_UNIT,risk_unit == 0 or non-finite,NQU18-CME,5352908,2018-07-03 13:43:39.004000+00:00,7112.75,{'stop_loss_price': 7112.75}
INVALID_RISK_UNIT,risk_unit == 0 or non-finite,NQU18-CME,5352909,2018-07-03 13:43:39.005000+00:00,7112.75,{'stop_loss_price': 7112.75}
INVALID_RISK_UNIT,risk_unit == 0 or non-finite,NQU18-CME,5352910,2018-07-03 13:43:39.006000+00:00,7112.75,{'stop_loss_price': 7112.75}
INVALID_RISK_UNIT,risk_unit == 0 or non-finite,NQU18-CME,5352911,2018-07-03 13:43:39.007000+00:00,7112.75,{'stop_loss_price': 7112.75}
INVALID_RISK_UNIT,risk_unit == 0 or non-finite,NQU18-CME,5352912,2018-07-03 13:43:39.008000+00:00,7112.75,{'stop_loss_price': 7112.75}
INVALID_RISK_UNIT,risk_unit == 0 or non-finite,NQU18-CME,5352915,2018-07-03 13:43:39.011000+00:00,7112.75,{'stop_loss_price': 7112.75}
INVALID_RISK_UNIT,risk_unit == 0 or non-finite,NQU18-CME,5352916,2018-07-03 13:43:39.012000+00:00,7112.75,{'stop_loss_price': 7112.75}
INVALID_RISK_UNIT,risk_unit == 0 or non-finite,NQU18-CME,5352917,2018-07-03 13:43:39.013000+00:00,7112.75,{'stop_loss_price': 7112.75}
INVALID_RISK_UNIT,risk_unit == 0 or non-finite,NQU18-CME,5352918,2018-07-03 13:43:39.014000+00:00,7112.75,{'stop_loss_price': 7112.75}
INVALID_RISK_UNIT,risk_unit == 0 or non-finite,NQU18-CME,5365163,2018-07-03 13:50:42.004000+00:00,7109.25,{'stop_loss_price': 7109.25}
INVALID_RISK_UNIT,risk_unit == 0 or non-finite,NQU18-CME,5365164,2018-07-03 13:50:42.005000+00:00,7109.25,{'stop_loss_price': 7109.25}
INVALID_RISK_UNIT,risk_unit == 0 or non-finite,NQU18-CME,5378057,2018-07-03 13:59:53+00:00,7103.0,{'stop_loss_price': 7103.0}
INVALID_RISK_UNIT,risk_unit == 0 or non-finite,NQU18-CME,5390423,2018-07-03 14:09:50+00:00,7100.75,{'stop_loss_price': 7100.75}
INVALID_RISK_UNIT,risk_unit == 0 or non-finite,NQU18-CME,5419424,2018-07-03 14:52:13.013000+00:00,7103.0,{'stop_loss_price': 7103.0}
INVALID_RISK_UNIT,risk_unit == 0 or non-finite,NQU18-CME,5461771,2018-07-03 16:11:47.002000+00:00,7073.25,{'stop_loss_price': 7073.25}
INVALID_RISK_UNIT,risk_unit == 0 or non-finite,NQU18-CME,5461772,2018-07-03 16:11:47.003000+00:00,7073.25,{'stop_loss_price': 7073.25}
INVALID_RISK_UNIT,risk_unit == 0 or non-finite,NQU18-CME,5461773,2018-07-03 16:11:47.004000+00:00,7073.25,{'stop_loss_price': 7073.25}
INVALID_RISK_UNIT,risk_unit == 0 or non-finite,NQU18-CME,5461774,2018-07-03 16:11:47.005000+00:00,7073.25,{'stop_loss_price': 7073.25}
INVALID_RISK_UNIT,risk_unit == 0 or non-finite,NQU18-CME,5461775,2018-07-03 16:11:47.006000+00:00,7073.25,{'stop_loss_price': 7073.25}
INVALID_RISK_UNIT,risk_unit == 0 or non-finite,NQU18-CME,5461776,2018-07-03 16:11:47.007000+00:00,7073.25,{'stop_loss_price': 7073.25}
INVALID_RISK_UNIT,risk_unit == 0 or non-finite,NQU18-CME,5461777,2018-07-03 16:11:47.008000+00:00,7073.25,{'stop_loss_price': 7073.25}
INVALID_RISK_UNIT,risk_unit == 0 or non-finite,NQU18-CME,5461778,2018-07-03 16:11:47.009000+00:00,7073.25,{'stop_loss_price': 7073.25}
INVALID_RISK_UNIT,risk_unit == 0 or non-finite,NQU18-CME,5461779,2018-07-03 16:11:47.010000+00:00,7073.25,{'stop_loss_price': 7073.25}
INVALID_RISK_UNIT,risk_unit == 0 or non-finite,NQU18-CME,5461780,2018-07-03 16:11:47.011000+00:00,7073.25,{'stop_loss_price': 7073.25}
INVALID_RISK_UNIT,risk_unit == 0 or non-finite,NQU18-CME,5476771,2018-07-03 16:30:08.005000+00:00,7069.75,{'stop_loss_price': 7069.75}
INVALID_RISK_UNIT,risk_unit == 0 or non-finite,NQU18-CME,5505558,2018-07-03 17:05:04+00:00,7035.5,{'stop_loss_price': 7035.5}
INVALID_RISK_UNIT,risk_unit == 0 or non-finite,NQU18-CME,5505559,2018-07-03 17:05:04.001000+00:00,7035.5,{'stop_loss_price': 7035.5}
INVALID_RISK_UNIT,risk_unit == 0 or non-finite,NQU18-CME,5505560,2018-07-03 17:05:04.002000+00:00,7035.5,{'stop_loss_price': 7035.5}
INVALID_RISK_UNIT,risk_unit == 0 or non-finite,NQU18-CME,5523016,2018-07-04 07:26:23+00:00,7037.0,{'stop_loss_price': 7037.0}
INVALID_RISK_UNIT,risk_unit == 0 or non-finite,NQU18-CME,5523017,2018-07-04 07:26:23.001000+00:00,7037.0,{'stop_loss_price': 7037.0}
INVALID_RISK_UNIT,risk_unit == 0 or non-finite,NQU18-CME,5523018,2018-07-04 07:26:23.002000+00:00,7037.0,{'stop_loss_price': 7037.0}
INVALID_RISK_UNIT,risk_unit == 0 or non-finite,NQU18-CME,5523019,2018-07-04 07:26:24+00:00,7037.0,{'stop_loss_price': 7037.0}
INVALID_RISK_UNIT,risk_unit == 0 or non-finite,NQU18-CME,5523020,2018-07-04 07:26:24.001000+00:00,7037.0,{'stop_loss_price': 7037.0}
INVALID_RISK_UNIT,risk_unit == 0 or non-finite,NQU18-CME,5523021,2018-07-04 07:26:24.002000+00:00,7037.0,{'stop_loss_price': 7037.0}
INVALID_RISK_UNIT,risk_unit == 0 or non-finite,NQU18-CME,5553662,2018-07-05 01:37:26.001000+00:00,7040.75,{'stop_loss_price': 7040.75}
INVALID_RISK_UNIT,risk_unit == 0 or non-finite,NQU18-CME,5564558,2018-07-05 06:12:04.004000+00:00,7035.0,{'stop_loss_price': 7035.0}
INVALID_RISK_UNIT,risk_unit == 0 or non-finite,NQU18-CME,5564559,2018-07-05 06:12:04.005000+00:00,7035.0,{'stop_loss_price': 7035.0}
INVALID_RISK_UNIT,risk_unit == 0 or non-finite,NQU18-CME,5568746,2018-07-05 07:18:17.006000+00:00,7044.5,{'stop_loss_price': 7044.5}
INVALID_RISK_UNIT,risk_unit == 0 or non-finite,NQU18-CME,5568747,2018-07-05 07:18:17.007000+00:00,7044.5,{'stop_loss_price': 7044.5}
INVALID_RISK_UNIT,risk_unit == 0 or non-finite,NQU18-CME,5568748,2018-07-05 07:18:17.008000+00:00,7044.5,{'stop_loss_price': 7044.5}
INVALID_RISK_UNIT,risk_unit == 0 or non-finite,NQU18-CME,5568749,2018-07-05 07:18:17.009000+00:00,7044.5,{'stop_loss_price': 7044.5}
INVALID_RISK_UNIT,risk_unit == 0 or non-finite,NQU18-CME,5589279,2018-07-05 11:47:51+00:00,7082.0,{'stop_loss_price': 7082.0}
INVALID_RISK_UNIT,risk_unit == 0 or non-finite,NQU18-CME,5592039,2018-07-05 12:15:22.002000+00:00,7083.75,{'stop_loss_price': 7083.75}
INVALID_RISK_UNIT,risk_unit == 0 or non-finite,NQU18-CME,5592040,2018-07-05 12:15:22.003000+00:00,7083.75,{'stop_loss_price': 7083.75}
INVALID_RISK_UNIT,risk_unit == 0 or non-finite,NQU18-CME,5592041,2018-07-05 12:15:22.004000+00:00,7083.75,{'stop_loss_price': 7083.75}
INVALID_RISK_UNIT,risk_unit == 0 or non-finite,NQU18-CME,5653179,2018-07-05 14:08:23.003000+00:00,7080.5,{'stop_loss_price': 7080.5}
INVALID_RISK_UNIT,risk_unit == 0 or non-finite,NQU18-CME,5653180,2018-07-05 14:08:23.004000+00:00,7080.5,{'stop_loss_price': 7080.5}
INVALID_RISK_UNIT,risk_unit == 0 or non-finite,NQU18-CME,5653181,2018-07-05 14:08:23.005000+00:00,7080.5,{'stop_loss_price': 7080.5}
INVALID_RISK_UNIT,risk_unit == 0 or non-finite,NQU18-CME,5653182,2018-07-05 14:08:23.006000+00:00,7080.5,{'stop_loss_price': 7080.5}
INVALID_RISK_UNIT,risk_unit == 0 or non-finite,NQU18-CME,5669441,2018-07-05 14:29:49.005000+00:00,7065.75,{'stop_loss_price': 7065.75}
INVALID_RISK_UNIT,risk_unit == 0 or non-finite,NQU18-CME,5669442,2018-07-05 14:29:49.006000+00:00,7065.75,{'stop_loss_price': 7065.75}
INVALID_RISK_UNIT,risk_unit == 0 or non-finite,NQU18-CME,5669444,2018-07-05 14:29:49.008000+00:00,7065.75,{'stop_loss_price': 7065.75}
INVALID_RISK_UNIT,risk_unit == 0 or non-finite,NQU18-CME,5687251,2018-07-05 14:54:01.004000+00:00,7045.5,{'stop_loss_price': 7045.5}
INVALID_RISK_UNIT,risk_unit == 0 or non-finite,NQU18-CME,5687252,2018-07-05 14:54:01.005000+00:00,7045.5,{'stop_loss_price': 7045.5}
INVALID_RISK_UNIT,risk_unit == 0 or non-finite,NQU18-CME,5687253,2018-07-05 14:54:01.006000+00:00,7045.5,{'stop_loss_price': 7045.5}
INVALID_RISK_UNIT,risk_unit == 0 or non-finite,NQU18-CME,5699297,2018-07-05 15:11:01.022000+00:00,7060.75,{'stop_loss_price': 7060.75}
INVALID_RISK_UNIT,risk_unit == 0 or non-finite,NQU18-CME,5699298,2018-07-05 15:11:01.023000+00:00,7060.75,{'stop_loss_price': 7060.75}
INVALID_RISK_UNIT,risk_unit == 0 or non-finite,NQU18-CME,5699299,2018-07-05 15:11:01.024000+00:00,7060.75,{'stop_loss_price': 7060.75}
INVALID_RISK_UNIT,risk_unit == 0 or non-finite,NQU18-CME,5699300,2018-07-05 15:11:01.025000+00:00,7060.75,{'stop_loss_price': 7060.75}
INVALID_RISK_UNIT,risk_unit == 0 or non-finite,NQU18-CME,5699301,2018-07-05 15:11:01.026000+00:00,7060.75,{'stop_loss_price': 7060.75}
INVALID_RISK_UNIT,risk_unit == 0 or non-finite,NQU18-CME,5699302,2018-07-05 15:11:01.027000+00:00,7060.75,{'stop_loss_price': 7060.75}
INVALID_RISK_UNIT,risk_unit == 0 or non-finite,NQU18-CME,5699303,2018-07-05 15:11:01.028000+00:00,7060.75,{'stop_loss_price': 7060.75}
INVALID_RISK_UNIT,risk_unit == 0 or non-finite,NQU18-CME,5699304,2018-07-05 15:11:01.029000+00:00,7060.75,{'stop_loss_price': 7060.75}
INVALID_RISK_UNIT,risk_unit == 0 or non-finite,NQU18-CME,5699305,2018-07-05 15:11:01.030000+00:00,7060.75,{'stop_loss_price': 7060.75}
INVALID_RISK_UNIT,risk_unit == 0 or non-finite,NQU18-CME,5699306,2018-07-05 15:11:01.031000+00:00,7060.75,{'stop_loss_price': 7060.75}
INVALID_RISK_UNIT,risk_unit == 0 or non-finite,NQU18-CME,5699307,2018-07-05 15:11:01.032000+00:00,7060.75,{'stop_loss_price': 7060.75}
INVALID_RISK_UNIT,risk_unit == 0 or non-finite,NQU18-CME,5699308,2018-07-05 15:11:01.033000+00:00,7060.75,{'stop_loss_price': 7060.75}
INVALID_RISK_UNIT,risk_unit == 0 or non-finite,NQU18-CME,5699328,2018-07-05 15:11:02.014000+00:00,7060.75,{'stop_loss_price': 7060.75}
INVALID_RISK_UNIT,risk_unit == 0 or non-finite,NQU18-CME,5699329,2018-07-05 15:11:02.015000+00:00,7060.75,{'stop_loss_price': 7060.75}
INVALID_RISK_UNIT,risk_unit == 0 or non-finite,NQU18-CME,5699330,2018-07-05 15:11:02.016000+00:00,7060.75,{'stop_loss_price': 7060.75}
INVALID_RISK_UNIT,risk_unit == 0 or non-finite,NQU18-CME,5699331,2018-07-05 15:11:02.017000+00:00,7060.75,{'stop_loss_price': 7060.75}
INVALID_RISK_UNIT,risk_unit == 0 or non-finite,NQU18-CME,5699332,2018-07-05 15:11:02.018000+00:00,7060.75,{'stop_loss_price': 7060.75}
INVALID_RISK_UNIT,risk_unit == 0 or non-finite,NQU18-CME,5699333,2018-07-05 15:11:02.019000+00:00,7060.75,{'stop_loss_price': 7060.75}
INVALID_RISK_UNIT,risk_unit == 0 or non-finite,NQU18-CME,5699334,2018-07-05 15:11:02.020000+00:00,7060.75,{'stop_loss_price': 7060.75}
INVALID_RISK_UNIT,risk_unit == 0 or non-finite,NQU18-CME,5699335,2018-07-05 15:11:02.021000+00:00,7060.75,{'stop_loss_price': 7060.75}
INVALID_RISK_UNIT,risk_unit == 0 or non-finite,NQU18-CME,5699337,2018-07-05 15:11:02.023000+00:00,7060.75,{'stop_loss_price': 7060.75}
INVALID_RISK_UNIT,risk_unit == 0 or non-finite,NQU18-CME,5708318,2018-07-05 15:26:00.008000+00:00,7077.0,{'stop_loss_price': 7077.0}
INVALID_RISK_UNIT,risk_unit == 0 or non-finite,NQU18-CME,5708319,2018-07-05 15:26:00.009000+00:00,7077.0,{'stop_loss_price': 7077.0}
INVALID_RISK_UNIT,risk_unit == 0 or non-finite,NQU18-CME,5708320,2018-07-05 15:26:00.010000+00:00,7077.0,{'stop_loss_price': 7077.0}
INVALID_RISK_UNIT,risk_unit == 0 or non-finite,NQU18-CME,5757265,2018-07-05 17:32:32.003000+00:00,7112.75,{'stop_loss_price': 7112.75}
INVALID_RISK_UNIT,risk_unit == 0 or non-finite,NQU18-CME,5757266,2018-07-05 17:32:32.004000+00:00,7112.75,{'stop_loss_price': 7112.75}
INVALID_RISK_UNIT,risk_unit == 0 or non-finite,NQU18-CME,5757271,2018-07-05 17:32:37+00:00,7112.75,{'stop_loss_price': 7112.75}
INVALID_RISK_UNIT,risk_unit == 0 or non-finite,NQU18-CME,5757272,2018-07-05 17:32:37.001000+00:00,7112.75,{'stop_loss_price': 7112.75}
INVALID_RISK_UNIT,risk_unit == 0 or non-finite,NQU18-CME,5757273,2018-07-05 17:32:37.002000+00:00,7112.75,{'stop_loss_price': 7112.75}
INVALID_RISK_UNIT,risk_unit == 0 or non-finite,NQU18-CME,5757274,2018-07-05 17:32:37.003000+00:00,7112.75,{'stop_loss_price': 7112.75}
INVALID_RISK_UNIT,risk_unit == 0 or non-finite,NQU18-CME,5757275,2018-07-05 17:32:38+00:00,7112.75,{'stop_loss_price': 7112.75}
INVALID_RISK_UNIT,risk_unit == 0 or non-finite,NQU18-CME,5757276,2018-07-05 17:32:40+00:00,7112.75,{'stop_loss_price': 7112.75}
INVALID_RISK_UNIT,risk_unit == 0 or non-finite,NQU18-CME,5757277,2018-07-05 17:32:40.001000+00:00,7112.75,{'stop_loss_price': 7112.75}
INVALID_RISK_UNIT,risk_unit == 0 or non-finite,NQU18-CME,5757278,2018-07-05 17:32:41+00:00,7112.75,{'stop_loss_price': 7112.75}
INVALID_RISK_UNIT,risk_unit == 0 or non-finite,NQU18-CME,5757280,2018-07-05 17:32:42.001000+00:00,7112.75,{'stop_loss_price': 7112.75}
INVALID_RISK_UNIT,risk_unit == 0 or non-finite,NQU18-CME,5785489,2018-07-05 18:34:42+00:00,7106.25,{'stop_loss_price': 7106.25}
INVALID_RISK_UNIT,risk_unit == 0 or non-finite,NQU18-CME,5796841,2018-07-05 19:02:00.011000+00:00,7120.25,{'stop_loss_price': 7120.25}
INVALID_RISK_UNIT,risk_unit == 0 or non-finite,NQU18-CME,5796842,2018-07-05 19:02:00.012000+00:00,7120.25,{'stop_loss_price': 7120.25}
INVALID_RISK_UNIT,risk_unit == 0 or non-finite,NQU18-CME,5796843,2018-07-05 19:02:00.013000+00:00,7120.25,{'stop_loss_price': 7120.25}
INVALID_RISK_UNIT,risk_unit == 0 or non-finite,NQU18-CME,5796844,2018-07-05 19:02:00.014000+00:00,7120.25,{'stop_loss_price': 7120.25}
INVALID_RISK_UNIT,risk_unit == 0 or non-finite,NQU18-CME,5796845,2018-07-05 19:02:00.015000+00:00,7120.25,{'stop_loss_price': 7120.25}
INVALID_RISK_UNIT,risk_unit == 0 or non-finite,NQU18-CME,5796846,2018-07-05 19:02:00.016000+00:00,7120.25,{'stop_loss_price': 7120.25}
INVALID_RISK_UNIT,risk_unit == 0 or non-finite,NQU18-CME,5796847,2018-07-05 19:02:00.017000+00:00,7120.25,{'stop_loss_price': 7120.25}
INVALID_RISK_UNIT,risk_unit == 0 or non-finite,NQU18-CME,5796848,2018-07-05 19:02:00.018000+00:00,7120.25,{'stop_loss_price': 7120.25}
INVALID_RISK_UNIT,risk_unit == 0 or non-finite,NQU18-CME,5897928,2018-07-06 12:53:03.003000+00:00,7135.75,{'stop_loss_price': 7135.75}
INVALID_RISK_UNIT,risk_unit == 0 or non-finite,NQU18-CME,5897929,2018-07-06 12:53:03.004000+00:00,7135.75,{'stop_loss_price': 7135.75}
INVALID_RISK_UNIT,risk_unit == 0 or non-finite,NQU18-CME,5914497,2018-07-06 13:35:01.012000+00:00,7132.25,{'stop_loss_price': 7132.25}
INVALID_RISK_UNIT,risk_unit == 0 or non-finite,NQU18-CME,5914498,2018-07-06 13:35:01.013000+00:00,7132.25,{'stop_loss_price': 7132.25}
INVALID_RISK_UNIT,risk_unit == 0 or non-finite,NQU18-CME,5914499,2018-07-06 13:35:01.014000+00:00,7132.25,{'stop_loss_price': 7132.25}
INVALID_RISK_UNIT,risk_unit == 0 or non-finite,NQU18-CME,5969073,2018-07-06 14:39:06.026000+00:00,7163.0,{'stop_loss_price': 7163.0}
INVALID_RISK_UNIT,risk_unit == 0 or non-finite,NQU18-CME,5969074,2018-07-06 14:39:06.027000+00:00,7163.0,{'stop_loss_price': 7163.0}
INVALID_RISK_UNIT,risk_unit == 0 or non-finite,NQU18-CME,5969075,2018-07-06 14:39:06.028000+00:00,7163.0,{'stop_loss_price': 7163.0}
INVALID_RISK_UNIT,risk_unit == 0 or non-finite,NQU18-CME,5969076,2018-07-06 14:39:06.029000+00:00,7163.0,{'stop_loss_price': 7163.0}
INVALID_RISK_UNIT,risk_unit == 0 or non-finite,NQU18-CME,5969077,2018-07-06 14:39:06.030000+00:00,7163.0,{'stop_loss_price': 7163.0}
INVALID_RISK_UNIT,risk_unit == 0 or non-finite,NQU18-CME,6008249,2018-07-06 15:39:36.150000+00:00,7211.25,{'stop_loss_price': 7211.25}
INVALID_RISK_UNIT,risk_unit == 0 or non-finite,NQU18-CME,6008250,2018-07-06 15:39:36.151000+00:00,7211.25,{'stop_loss_price': 7211.25}
INVALID_RISK_UNIT,risk_unit == 0 or non-finite,NQU18-CME,6008251,2018-07-06 15:39:36.152000+00:00,7211.25,{'stop_loss_price': 7211.25}
INVALID_RISK_UNIT,risk_unit == 0 or non-finite,NQU18-CME,6008252,2018-07-06 15:39:36.153000+00:00,7211.25,{'stop_loss_price': 7211.25}
INVALID_RISK_UNIT,risk_unit == 0 or non-finite,NQU18-CME,6008253,2018-07-06 15:39:36.154000+00:00,7211.25,{'stop_loss_price': 7211.25}
INVALID_RISK_UNIT,risk_unit == 0 or non-finite,NQU18-CME,6008254,2018-07-06 15:39:36.155000+00:00,7211.25,{'stop_loss_price': 7211.25}
INVALID_RISK_UNIT,risk_unit == 0 or non-finite,NQU18-CME,6008255,2018-07-06 15:39:36.156000+00:00,7211.25,{'stop_loss_price': 7211.25}
INVALID_RISK_UNIT,risk_unit == 0 or non-finite,NQU18-CME,6051207,2018-07-06 18:11:37.004000+00:00,7219.5,{'stop_loss_price': 7219.5}
INVALID_RISK_UNIT,risk_unit == 0 or non-finite,NQU18-CME,6051208,2018-07-06 18:11:37.005000+00:00,7219.5,{'stop_loss_price': 7219.5}
INVALID_RISK_UNIT,risk_unit == 0 or non-finite,NQU18-CME,6051209,2018-07-06 18:11:37.006000+00:00,7219.5,{'stop_loss_price': 7219.5}
INVALID_RISK_UNIT,risk_unit == 0 or non-finite,NQU18-CME,6051210,2018-07-06 18:11:41+00:00,7219.5,{'stop_loss_price': 7219.5}
INVALID_RISK_UNIT,risk_unit == 0 or non-finite,NQU18-CME,6051211,2018-07-06 18:11:41.001000+00:00,7219.5,{'stop_loss_price': 7219.5}
INVALID_RISK_UNIT,risk_unit == 0 or non-finite,NQU18-CME,6051212,2018-07-06 18:11:41.002000+00:00,7219.5,{'stop_loss_price': 7219.5}
INVALID_RISK_UNIT,risk_unit == 0 or non-finite,NQU18-CME,6055336,2018-07-06 18:39:25.001000+00:00,7214.5,{'stop_loss_price': 7214.5}
INVALID_RISK_UNIT,risk_unit == 0 or non-finite,NQU18-CME,6055337,2018-07-06 18:39:25.002000+00:00,7214.5,{'stop_loss_price': 7214.5}
INVALID_RISK_UNIT,risk_unit == 0 or non-finite,NQU18-CME,6055338,2018-07-06 18:39:25.003000+00:00,7214.5,{'stop_loss_price': 7214.5}
INVALID_RISK_UNIT,risk_unit == 0 or non-finite,NQU18-CME,6055339,2018-07-06 18:39:25.004000+00:00,7214.5,{'stop_loss_price': 7214.5}
INVALID_RISK_UNIT,risk_unit == 0 or non-finite,NQU18-CME,6055340,2018-07-06 18:39:25.005000+00:00,7214.5,{'stop_loss_price': 7214.5}
INVALID_RISK_UNIT,risk_unit == 0 or non-finite,NQU18-CME,6116317,2018-07-09 06:19:11+00:00,7257.25,{'stop_loss_price': 7257.25}
INVALID_RISK_UNIT,risk_unit == 0 or non-finite,NQU18-CME,6118334,2018-07-09 07:08:28.002000+00:00,7255.5,{'stop_loss_price': 7255.5}
INVALID_RISK_UNIT,risk_unit == 0 or non-finite,NQU18-CME,6118335,2018-07-09 07:08:28.003000+00:00,7255.5,{'stop_loss_price': 7255.5}
INVALID_RISK_UNIT,risk_unit == 0 or non-finite,NQU18-CME,6118336,2018-07-09 07:08:29+00:00,7255.5,{'stop_loss_price': 7255.5}
INVALID_RISK_UNIT,risk_unit == 0 or non-finite,NQU18-CME,6118337,2018-07-09 07:08:30+00:00,7255.5,{'stop_loss_price': 7255.5}
INVALID_RISK_UNIT,risk_unit == 0 or non-finite,NQU18-CME,6118338,2018-07-09 07:08:30.001000+00:00,7255.5,{'stop_loss_price': 7255.5}
INVALID_RISK_UNIT,risk_unit == 0 or non-finite,NQU18-CME,6118339,2018-07-09 07:08:30.002000+00:00,7255.5,{'stop_loss_price': 7255.5}
INVALID_RISK_UNIT,risk_unit == 0 or non-finite,NQU18-CME,6118340,2018-07-09 07:08:30.003000+00:00,7255.5,{'stop_loss_price': 7255.5}
INVALID_RISK_UNIT,risk_unit == 0 or non-finite,NQU18-CME,6118351,2018-07-09 07:08:33.005000+00:00,7255.5,{'stop_loss_price': 7255.5}
INVALID_RISK_UNIT,risk_unit == 0 or non-finite,NQU18-CME,6118352,2018-07-09 07:08:33.006000+00:00,7255.5,{'stop_loss_price': 7255.5}
INVALID_RISK_UNIT,risk_unit == 0 or non-finite,NQU18-CME,6118353,2018-07-09 07:08:33.007000+00:00,7255.5,{'stop_loss_price': 7255.5}
INVALID_RISK_UNIT,risk_unit == 0 or non-finite,NQU18-CME,6118354,2018-07-09 07:08:33.008000+00:00,7255.5,{'stop_loss_price': 7255.5}
INVALID_RISK_UNIT,risk_unit == 0 or non-finite,NQU18-CME,6118355,2018-07-09 07:08:33.009000+00:00,7255.5,{'stop_loss_price': 7255.5}
INVALID_RISK_UNIT,risk_unit == 0 or non-finite,NQU18-CME,6118356,2018-07-09 07:08:34+00:00,7255.5,{'stop_loss_price': 7255.5}
INVALID_RISK_UNIT,risk_unit == 0 or non-finite,NQU18-CME,6126742,2018-07-09 09:40:00+00:00,7262.75,{'stop_loss_price': 7262.75}
INVALID_RISK_UNIT,risk_unit == 0 or non-finite,NQU18-CME,6126743,2018-07-09 09:40:00.001000+00:00,7262.75,{'stop_loss_price': 7262.75}
INVALID_RISK_UNIT,risk_unit == 0 or non-finite,NQU18-CME,6126744,2018-07-09 09:40:03+00:00,7262.75,{'stop_loss_price': 7262.75}
INVALID_RISK_UNIT,risk_unit == 0 or non-finite,NQU18-CME,6126745,2018-07-09 09:40:07+00:00,7262.75,{'stop_loss_price': 7262.75}
INVALID_RISK_UNIT,risk_unit == 0 or non-finite,NQU18-CME,6165740,2018-07-09 13:53:11.001000+00:00,7269.0,{'stop_loss_price': 7269.0}
INVALID_RISK_UNIT,risk_unit == 0 or non-finite,NQU18-CME,6165741,2018-07-09 13:53:11.002000+00:00,7269.0,{'stop_loss_price': 7269.0}
INVALID_RISK_UNIT,risk_unit == 0 or non-finite,NQU18-CME,6165742,2018-07-09 13:53:11.003000+00:00,7269.0,{'stop_loss_price': 7269.0}
INVALID_RISK_UNIT,risk_unit == 0 or non-finite,NQU18-CME,6185822,2018-07-09 14:14:10.007000+00:00,7246.0,{'stop_loss_price': 7246.0}
INVALID_RISK_UNIT,risk_unit == 0 or non-finite,NQU18-CME,6259737,2018-07-09 16:48:26+00:00,7262.5,{'stop_loss_price': 7262.5}
INVALID_RISK_UNIT,risk_unit == 0 or non-finite,NQU18-CME,6259738,2018-07-09 16:48:26.001000+00:00,7262.5,{'stop_loss_price': 7262.5}
INVALID_RISK_UNIT,risk_unit == 0 or non-finite,NQU18-CME,6259739,2018-07-09 16:48:27+00:00,7262.5,{'stop_loss_price': 7262.5}
INVALID_RISK_UNIT,risk_unit == 0 or non-finite,NQU18-CME,6288535,2018-07-09 19:03:28.004000+00:00,7279.25,{'stop_loss_price': 7279.25}
INVALID_RISK_UNIT,risk_unit == 0 or non-finite,NQU18-CME,6293426,2018-07-09 19:26:39.007000+00:00,7279.5,{'stop_loss_price': 7279.5}
INVALID_RISK_UNIT,risk_unit == 0 or non-finite,NQU18-CME,6293427,2018-07-09 19:26:39.008000+00:00,7279.5,{'stop_loss_price': 7279.5}
INVALID_RISK_UNIT,risk_unit == 0 or non-finite,NQU18-CME,6293428,2018-07-09 19:26:39.009000+00:00,7279.5,{'stop_loss_price': 7279.5}
INVALID_RISK_UNIT,risk_unit == 0 or non-finite,NQU18-CME,6293429,2018-07-09 19:26:39.010000+00:00,7279.5,{'stop_loss_price': 7279.5}
INVALID_RISK_UNIT,risk_unit == 0 or non-finite,NQU18-CME,6293430,2018-07-09 19:26:39.011000+00:00,7279.5,{'stop_loss_price': 7279.5}
INVALID_RISK_UNIT,risk_unit == 0 or non-finite,NQU18-CME,6293431,2018-07-09 19:26:39.012000+00:00,7279.5,{'stop_loss_price': 7279.5}
INVALID_RISK_UNIT,risk_unit == 0 or non-finite,NQU18-CME,6293432,2018-07-09 19:26:39.013000+00:00,7279.5,{'stop_loss_price': 7279.5}
INVALID_RISK_UNIT,risk_unit == 0 or non-finite,NQU18-CME,6293433,2018-07-09 19:26:39.014000+00:00,7279.5,{'stop_loss_price': 7279.5}
INVALID_RISK_UNIT,risk_unit == 0 or non-finite,NQU18-CME,6293434,2018-07-09 19:26:39.015000+00:00,7279.5,{'stop_loss_price': 7279.5}
INVALID_RISK_UNIT,risk_unit == 0 or non-finite,NQU18-CME,6293435,2018-07-09 19:26:39.016000+00:00,7279.5,{'stop_loss_price': 7279.5}
INVALID_RISK_UNIT,risk_unit == 0 or non-finite,NQU18-CME,6293436,2018-07-09 19:26:39.017000+00:00,7279.5,{'stop_loss_price': 7279.5}
INVALID_RISK_UNIT,risk_unit == 0 or non-finite,NQU18-CME,6293437,2018-07-09 19:26:39.018000+00:00,7279.5,{'stop_loss_price': 7279.5}
INVALID_RISK_UNIT,risk_unit == 0 or non-finite,NQU18-CME,6293438,2018-07-09 19:26:39.019000+00:00,7279.5,{'stop_loss_price': 7279.5}
INVALID_RISK_UNIT,risk_unit == 0 or non-finite,NQU18-CME,6293439,2018-07-09 19:26:39.020000+00:00,7279.5,{'stop_loss_price': 7279.5}
INVALID_RISK_UNIT,risk_unit == 0 or non-finite,NQU18-CME,6293440,2018-07-09 19:26:39.021000+00:00,7279.5,{'stop_loss_price': 7279.5}
INVALID_RISK_UNIT,risk_unit == 0 or non-finite,NQU18-CME,6293441,2018-07-09 19:26:39.022000+00:00,7279.5,{'stop_loss_price': 7279.5}
INVALID_RISK_UNIT,risk_unit == 0 or non-finite,NQU18-CME,6293442,2018-07-09 19:26:39.023000+00:00,7279.5,{'stop_loss_price': 7279.5}
INVALID_RISK_UNIT,risk_unit == 0 or non-finite,NQU18-CME,6293443,2018-07-09 19:26:39.024000+00:00,7279.5,{'stop_loss_price': 7279.5}
INVALID_RISK_UNIT,risk_unit == 0 or non-finite,NQU18-CME,6331418,2018-07-10 06:52:25+00:00,7314.5,{'stop_loss_price': 7314.5}
INVALID_RISK_UNIT,risk_unit == 0 or non-finite,NQU18-CME,6331419,2018-07-10 06:52:25.001000+00:00,7314.5,{'stop_loss_price': 7314.5}
INVALID_RISK_UNIT,risk_unit == 0 or non-finite,NQU18-CME,6383577,2018-07-10 13:43:39.002000+00:00,7297.75,{'stop_loss_price': 7297.75}
INVALID_RISK_UNIT,risk_unit == 0 or non-finite,NQU18-CME,6383578,2018-07-10 13:43:39.003000+00:00,7297.75,{'stop_loss_price': 7297.75}
INVALID_RISK_UNIT,risk_unit == 0 or non-finite,NQU18-CME,6383579,2018-07-10 13:43:39.004000+00:00,7297.75,{'stop_loss_price': 7297.75}
INVALID_RISK_UNIT,risk_unit == 0 or non-finite,NQU18-CME,6383581,2018-07-10 13:43:39.006000+00:00,7297.75,{'stop_loss_price': 7297.75}
INVALID_RISK_UNIT,risk_unit == 0 or non-finite,NQU18-CME,6390781,2018-07-10 13:49:27.009000+00:00,7294.75,{'stop_loss_price': 7294.75}
INVALID_RISK_UNIT,risk_unit == 0 or non-finite,NQU18-CME,6401246,2018-07-10 14:01:06.031000+00:00,7297.25,{'stop_loss_price': 7297.25}
INVALID_RISK_UNIT,risk_unit == 0 or non-finite,NQU18-CME,6401247,2018-07-10 14:01:06.032000+00:00,7297.25,{'stop_loss_price': 7297.25}
INVALID_RISK_UNIT,risk_unit == 0 or non-finite,NQU18-CME,6401248,2018-07-10 14:01:06.033000+00:00,7297.25,{'stop_loss_price': 7297.25}
INVALID_RISK_UNIT,risk_unit == 0 or non-finite,NQU18-CME,6401249,2018-07-10 14:01:06.034000+00:00,7297.25,{'stop_loss_price': 7297.25}
INVALID_RISK_UNIT,risk_unit == 0 or non-finite,NQU18-CME,6401250,2018-07-10 14:01:06.035000+00:00,7297.25,{'stop_loss_price': 7297.25}
INVALID_RISK_UNIT,risk_unit == 0 or non-finite,NQU18-CME,6401251,2018-07-10 14:01:06.036000+00:00,7297.25,{'stop_loss_price': 7297.25}
INVALID_RISK_UNIT,risk_unit == 0 or non-finite,NQU18-CME,6401252,2018-07-10 14:01:06.037000+00:00,7297.25,{'stop_loss_price': 7297.25}
INVALID_RISK_UNIT,risk_unit == 0 or non-finite,NQU18-CME,6401253,2018-07-10 14:01:06.038000+00:00,7297.25,{'stop_loss_price': 7297.25}
INVALID_RISK_UNIT,risk_unit == 0 or non-finite,NQU18-CME,6401254,2018-07-10 14:01:06.039000+00:00,7297.25,{'stop_loss_price': 7297.25}
INVALID_RISK_UNIT,risk_unit == 0 or non-finite,NQU18-CME,6445961,2018-07-10 15:11:39.019000+00:00,7309.75,{'stop_loss_price': 7309.75}
INVALID_RISK_UNIT,risk_unit == 0 or non-finite,NQU18-CME,6546217,2018-07-10 22:21:07.013000+00:00,7254.75,{'stop_loss_price': 7254.75}
INVALID_RISK_UNIT,risk_unit == 0 or non-finite,NQU18-CME,6546218,2018-07-10 22:21:09+00:00,7254.75,{'stop_loss_price': 7254.75}
INVALID_RISK_UNIT,risk_unit == 0 or non-finite,NQU18-CME,6546219,2018-07-10 22:21:09.001000+00:00,7254.75,{'stop_loss_price': 7254.75}
INVALID_RISK_UNIT,risk_unit == 0 or non-finite,NQU18-CME,6546220,2018-07-10 22:21:09.002000+00:00,7254.75,{'stop_loss_price': 7254.75}
INVALID_RISK_UNIT,risk_unit == 0 or non-finite,NQU18-CME,6580498,2018-07-11 03:05:15+00:00,7237.75,{'stop_loss_price': 7237.75}
INVALID_RISK_UNIT,risk_unit == 0 or non-finite,NQU18-CME,6739189,2018-07-11 15:24:25.010000+00:00,7262.75,{'stop_loss_price': 7262.75}
INVALID_RISK_UNIT,risk_unit == 0 or non-finite,NQU18-CME,6739190,2018-07-11 15:24:25.011000+00:00,7262.75,{'stop_loss_price': 7262.75}
INVALID_RISK_UNIT,risk_unit == 0 or non-finite,NQU18-CME,6739191,2018-07-11 15:24:26+00:00,7262.75,{'stop_loss_price': 7262.75}
INVALID_RISK_UNIT,risk_unit == 0 or non-finite,NQU18-CME,6839511,2018-07-11 19:40:16.001000+00:00,7270.5,{'stop_loss_price': 7270.5}
INVALID_RISK_UNIT,risk_unit == 0 or non-finite,NQU18-CME,6890005,2018-07-12 09:13:33+00:00,7286.25,{'stop_loss_price': 7286.25}
INVALID_RISK_UNIT,risk_unit == 0 or non-finite,NQU18-CME,6890006,2018-07-12 09:13:33.001000+00:00,7286.25,{'stop_loss_price': 7286.25}
INVALID_RISK_UNIT,risk_unit == 0 or non-finite,NQU18-CME,6976726,2018-07-12 14:48:48+00:00,7337.0,{'stop_loss_price': 7337.0}
INVALID_RISK_UNIT,risk_unit == 0 or non-finite,NQU18-CME,6976727,2018-07-12 14:48:48.001000+00:00,7337.0,{'stop_loss_price': 7337.0}
INVALID_RISK_UNIT,risk_unit == 0 or non-finite,NQU18-CME,6976728,2018-07-12 14:48:48.002000+00:00,7337.0,{'stop_loss_price': 7337.0}
INVALID_RISK_UNIT,risk_unit == 0 or non-finite,NQU18-CME,6976729,2018-07-12 14:48:48.003000+00:00,7337.0,{'stop_loss_price': 7337.0}
INVALID_RISK_UNIT,risk_unit == 0 or non-finite,NQU18-CME,6976730,2018-07-12 14:48:48.004000+00:00,7337.0,{'stop_loss_price': 7337.0}
INVALID_RISK_UNIT,risk_unit == 0 or non-finite,NQU18-CME,6976731,2018-07-12 14:48:49+00:00,7337.0,{'stop_loss_price': 7337.0}
INVALID_RISK_UNIT,risk_unit == 0 or non-finite,NQU18-CME,6976733,2018-07-12 14:48:50+00:00,7337.0,{'stop_loss_price': 7337.0}
INVALID_RISK_UNIT,risk_unit == 0 or non-finite,NQU18-CME,7010304,2018-07-12 15:58:19.011000+00:00,7360.25,{'stop_loss_price': 7360.25}
INVALID_RISK_UNIT,risk_unit == 0 or non-finite,NQU18-CME,7029211,2018-07-12 16:47:45.001000+00:00,7359.25,{'stop_loss_price': 7359.25}
INVALID_RISK_UNIT,risk_unit == 0 or non-finite,NQU18-CME,7029212,2018-07-12 16:47:45.002000+00:00,7359.25,{'stop_loss_price': 7359.25}
INVALID_RISK_UNIT,risk_unit == 0 or non-finite,NQU18-CME,7029213,2018-07-12 16:47:46+00:00,7359.25,{'stop_loss_price': 7359.25}
INVALID_RISK_UNIT,risk_unit == 0 or non-finite,NQU18-CME,7029214,2018-07-12 16:47:47+00:00,7359.25,{'stop_loss_price': 7359.25}
INVALID_RISK_UNIT,risk_unit == 0 or non-finite,NQU18-CME,7029219,2018-07-12 16:47:48.003000+00:00,7359.25,{'stop_loss_price': 7359.25}
INVALID_RISK_UNIT,risk_unit == 0 or non-finite,NQU18-CME,7029220,2018-07-12 16:47:48.004000+00:00,7359.25,{'stop_loss_price': 7359.25}
INVALID_RISK_UNIT,risk_unit == 0 or non-finite,NQU18-CME,7056930,2018-07-12 18:18:17.010000+00:00,7365.25,{'stop_loss_price': 7365.25}
INVALID_RISK_UNIT,risk_unit == 0 or non-finite,NQU18-CME,7056931,2018-07-12 18:18:17.011000+00:00,7365.25,{'stop_loss_price': 7365.25}
INVALID_RISK_UNIT,risk_unit == 0 or non-finite,NQU18-CME,7056932,2018-07-12 18:18:17.012000+00:00,7365.25,{'stop_loss_price': 7365.25}
INVALID_RISK_UNIT,risk_unit == 0 or non-finite,NQU18-CME,7056933,2018-07-12 18:18:17.013000+00:00,7365.25,{'stop_loss_price': 7365.25}
INVALID_RISK_UNIT,risk_unit == 0 or non-finite,NQU18-CME,7056934,2018-07-12 18:18:18+00:00,7365.25,{'stop_loss_price': 7365.25}
INVALID_RISK_UNIT,risk_unit == 0 or non-finite,NQU18-CME,7056940,2018-07-12 18:18:18.006000+00:00,7365.25,{'stop_loss_price': 7365.25}
INVALID_RISK_UNIT,risk_unit == 0 or non-finite,NQU18-CME,7060164,2018-07-12 18:31:25.040000+00:00,7368.75,{'stop_loss_price': 7368.75}
INVALID_RISK_UNIT,risk_unit == 0 or non-finite,NQU18-CME,7060165,2018-07-12 18:31:25.041000+00:00,7368.75,{'stop_loss_price': 7368.75}
INVALID_RISK_UNIT,risk_unit == 0 or non-finite,NQU18-CME,7060166,2018-07-12 18:31:25.042000+00:00,7368.75,{'stop_loss_price': 7368.75}
INVALID_RISK_UNIT,risk_unit == 0 or non-finite,NQU18-CME,7060167,2018-07-12 18:31:25.043000+00:00,7368.75,{'stop_loss_price': 7368.75}
INVALID_RISK_UNIT,risk_unit == 0 or non-finite,NQU18-CME,7060168,2018-07-12 18:31:25.044000+00:00,7368.75,{'stop_loss_price': 7368.75}
INVALID_RISK_UNIT,risk_unit == 0 or non-finite,NQU18-CME,7060169,2018-07-12 18:31:25.045000+00:00,7368.75,{'stop_loss_price': 7368.75}
INVALID_RISK_UNIT,risk_unit == 0 or non-finite,NQU18-CME,7062957,2018-07-12 18:42:24+00:00,7366.75,{'stop_loss_price': 7366.75}
INVALID_RISK_UNIT,risk_unit == 0 or non-finite,NQU18-CME,7115249,2018-07-13 02:56:07.001000+00:00,7403.5,{'stop_loss_price': 7403.5}
INVALID_RISK_UNIT,risk_unit == 0 or non-finite,NQU18-CME,7115250,2018-07-13 02:56:07.002000+00:00,7403.5,{'stop_loss_price': 7403.5}
INVALID_RISK_UNIT,risk_unit == 0 or non-finite,NQU18-CME,7115251,2018-07-13 02:56:07.003000+00:00,7403.5,{'stop_loss_price': 7403.5}
INVALID_RISK_UNIT,risk_unit == 0 or non-finite,NQU18-CME,7123112,2018-07-13 06:41:25.011000+00:00,7409.25,{'stop_loss_price': 7409.25}
INVALID_RISK_UNIT,risk_unit == 0 or non-finite,NQU18-CME,7123113,2018-07-13 06:41:25.012000+00:00,7409.25,{'stop_loss_price': 7409.25}
INVALID_RISK_UNIT,risk_unit == 0 or non-finite,NQU18-CME,7123114,2018-07-13 06:41:25.013000+00:00,7409.25,{'stop_loss_price': 7409.25}
INVALID_RISK_UNIT,risk_unit == 0 or non-finite,NQU18-CME,7123115,2018-07-13 06:41:25.014000+00:00,7409.25,{'stop_loss_price': 7409.25}
INVALID_RISK_UNIT,risk_unit == 0 or non-finite,NQU18-CME,7165094,2018-07-13 13:36:37.019000+00:00,7390.0,{'stop_loss_price': 7390.0}
INVALID_RISK_UNIT,risk_unit == 0 or non-finite,NQU18-CME,7165095,2018-07-13 13:36:37.020000+00:00,7390.0,{'stop_loss_price': 7390.0}
INVALID_RISK_UNIT,risk_unit == 0 or non-finite,NQU18-CME,7165096,2018-07-13 13:36:37.021000+00:00,7390.0,{'stop_loss_price': 7390.0}
INVALID_RISK_UNIT,risk_unit == 0 or non-finite,NQU18-CME,7165097,2018-07-13 13:36:37.022000+00:00,7390.0,{'stop_loss_price': 7390.0}
INVALID_RISK_UNIT,risk_unit == 0 or non-finite,NQU18-CME,7336265,2018-07-16 00:38:13.006000+00:00,7410.75,{'stop_loss_price': 7410.75}
INVALID_RISK_UNIT,risk_unit == 0 or non-finite,NQU18-CME,7336266,2018-07-16 00:38:13.007000+00:00,7410.75,{'stop_loss_price': 7410.75}
INVALID_RISK_UNIT,risk_unit == 0 or non-finite,NQU18-CME,7336267,2018-07-16 00:38:13.008000+00:00,7410.75,{'stop_loss_price': 7410.75}
INVALID_RISK_UNIT,risk_unit == 0 or non-finite,NQU18-CME,7336269,2018-07-16 00:38:13.010000+00:00,7410.75,{'stop_loss_price': 7410.75}
INVALID_RISK_UNIT,risk_unit == 0 or non-finite,NQU18-CME,7337238,2018-07-16 01:16:29.007000+00:00,7410.25,{'stop_loss_price': 7410.25}
INVALID_RISK_UNIT,risk_unit == 0 or non-finite,NQU18-CME,7354354,2018-07-16 10:08:48.001000+00:00,7405.75,{'stop_loss_price': 7405.75}
INVALID_RISK_UNIT,risk_unit == 0 or non-finite,NQU18-CME,7357974,2018-07-16 11:22:06.007000+00:00,7396.25,{'stop_loss_price': 7396.25}
INVALID_RISK_UNIT,risk_unit == 0 or non-finite,NQU18-CME,7357975,2018-07-16 11:22:06.008000+00:00,7396.25,{'stop_loss_price': 7396.25}
INVALID_RISK_UNIT,risk_unit == 0 or non-finite,NQU18-CME,7357976,2018-07-16 11:22:06.009000+00:00,7396.25,{'stop_loss_price': 7396.25}
INVALID_RISK_UNIT,risk_unit == 0 or non-finite,NQU18-CME,7357977,2018-07-16 11:22:06.010000+00:00,7396.25,{'stop_loss_price': 7396.25}
INVALID_RISK_UNIT,risk_unit == 0 or non-finite,NQU18-CME,7357978,2018-07-16 11:22:06.011000+00:00,7396.25,{'stop_loss_price': 7396.25}
INVALID_RISK_UNIT,risk_unit == 0 or non-finite,NQU18-CME,7398658,2018-07-16 13:59:17.009000+00:00,7399.5,{'stop_loss_price': 7399.5}
INVALID_RISK_UNIT,risk_unit == 0 or non-finite,NQU18-CME,7423848,2018-07-16 14:43:26.017000+00:00,7394.5,{'stop_loss_price': 7394.5}
INVALID_RISK_UNIT,risk_unit == 0 or non-finite,NQU18-CME,7423849,2018-07-16 14:43:26.018000+00:00,7394.5,{'stop_loss_price': 7394.5}
INVALID_RISK_UNIT,risk_unit == 0 or non-finite,NQU18-CME,7423850,2018-07-16 14:43:26.019000+00:00,7394.5,{'stop_loss_price': 7394.5}
INVALID_RISK_UNIT,risk_unit == 0 or non-finite,NQU18-CME,7423851,2018-07-16 14:43:26.020000+00:00,7394.5,{'stop_loss_price': 7394.5}
INVALID_RISK_UNIT,risk_unit == 0 or non-finite,NQU18-CME,7423852,2018-07-16 14:43:26.021000+00:00,7394.5,{'stop_loss_price': 7394.5}
INVALID_RISK_UNIT,risk_unit == 0 or non-finite,NQU18-CME,7423853,2018-07-16 14:43:26.022000+00:00,7394.5,{'stop_loss_price': 7394.5}
INVALID_RISK_UNIT,risk_unit == 0 or non-finite,NQU18-CME,7423854,2018-07-16 14:43:26.023000+00:00,7394.5,{'stop_loss_price': 7394.5}
INVALID_RISK_UNIT,risk_unit == 0 or non-finite,NQU18-CME,7423855,2018-07-16 14:43:26.024000+00:00,7394.5,{'stop_loss_price': 7394.5}
INVALID_RISK_UNIT,risk_unit == 0 or non-finite,NQU18-CME,7470789,2018-07-16 17:04:10+00:00,7391.25,{'stop_loss_price': 7391.25}
INVALID_RISK_UNIT,risk_unit == 0 or non-finite,NQU18-CME,7491578,2018-07-16 18:40:36+00:00,7371.75,{'stop_loss_price': 7371.75}
INVALID_RISK_UNIT,risk_unit == 0 or non-finite,NQU18-CME,7491579,2018-07-16 18:40:36.001000+00:00,7371.75,{'stop_loss_price': 7371.75}
INVALID_RISK_UNIT,risk_unit == 0 or non-finite,NQU18-CME,7491580,2018-07-16 18:40:36.002000+00:00,7371.75,{'stop_loss_price': 7371.75}
INVALID_RISK_UNIT,risk_unit == 0 or non-finite,NQU18-CME,7491581,2018-07-16 18:40:36.003000+00:00,7371.75,{'stop_loss_price': 7371.75}
INVALID_RISK_UNIT,risk_unit == 0 or non-finite,NQU18-CME,7491582,2018-07-16 18:40:36.004000+00:00,7371.75,{'stop_loss_price': 7371.75}
INVALID_RISK_UNIT,risk_unit == 0 or non-finite,NQU18-CME,7510187,2018-07-16 19:35:38+00:00,7372.75,{'stop_loss_price': 7372.75}
INVALID_RISK_UNIT,risk_unit == 0 or non-finite,NQU18-CME,7545861,2018-07-17 01:43:15+00:00,7332.5,{'stop_loss_price': 7332.5}
INVALID_RISK_UNIT,risk_unit == 0 or non-finite,NQU18-CME,7558978,2018-07-17 07:09:11+00:00,7307.75,{'stop_loss_price': 7307.75}
INVALID_RISK_UNIT,risk_unit == 0 or non-finite,NQU18-CME,7606472,2018-07-17 13:37:03.014000+00:00,7315.0,{'stop_loss_price': 7315.0}
INVALID_RISK_UNIT,risk_unit == 0 or non-finite,NQU18-CME,7679090,2018-07-17 15:00:14.020000+00:00,7372.0,{'stop_loss_price': 7372.0}
INVALID_RISK_UNIT,risk_unit == 0 or non-finite,NQU18-CME,7679091,2018-07-17 15:00:14.021000+00:00,7372.0,{'stop_loss_price': 7372.0}
INVALID_RISK_UNIT,risk_unit == 0 or non-finite,NQU18-CME,7679093,2018-07-17 15:00:15.001000+00:00,7372.0,{'stop_loss_price': 7372.0}
INVALID_RISK_UNIT,risk_unit == 0 or non-finite,NQU18-CME,7706112,2018-07-17 15:50:19.007000+00:00,7388.25,{'stop_loss_price': 7388.25}
INVALID_RISK_UNIT,risk_unit == 0 or non-finite,NQU18-CME,7706113,2018-07-17 15:50:19.008000+00:00,7388.25,{'stop_loss_price': 7388.25}
INVALID_RISK_UNIT,risk_unit == 0 or non-finite,NQU18-CME,7706114,2018-07-17 15:50:19.009000+00:00,7388.25,{'stop_loss_price': 7388.25}
INVALID_RISK_UNIT,risk_unit == 0 or non-finite,NQU18-CME,7706115,2018-07-17 15:50:19.010000+00:00,7388.25,{'stop_loss_price': 7388.25}
INVALID_RISK_UNIT,risk_unit == 0 or non-finite,NQU18-CME,7706116,2018-07-17 15:50:19.011000+00:00,7388.25,{'stop_loss_price': 7388.25}
INVALID_RISK_UNIT,risk_unit == 0 or non-finite,NQU18-CME,7706117,2018-07-17 15:50:19.012000+00:00,7388.25,{'stop_loss_price': 7388.25}
INVALID_RISK_UNIT,risk_unit == 0 or non-finite,NQU18-CME,7706118,2018-07-17 15:50:19.013000+00:00,7388.25,{'stop_loss_price': 7388.25}
INVALID_RISK_UNIT,risk_unit == 0 or non-finite,NQU18-CME,7706119,2018-07-17 15:50:19.014000+00:00,7388.25,{'stop_loss_price': 7388.25}
INVALID_RISK_UNIT,risk_unit == 0 or non-finite,NQU18-CME,7706120,2018-07-17 15:50:19.015000+00:00,7388.25,{'stop_loss_price': 7388.25}
INVALID_RISK_UNIT,risk_unit == 0 or non-finite,NQU18-CME,7706121,2018-07-17 15:50:19.016000+00:00,7388.25,{'stop_loss_price': 7388.25}
INVALID_RISK_UNIT,risk_unit == 0 or non-finite,NQU18-CME,7706122,2018-07-17 15:50:19.017000+00:00,7388.25,{'stop_loss_price': 7388.25}
INVALID_RISK_UNIT,risk_unit == 0 or non-finite,NQU18-CME,7706123,2018-07-17 15:50:19.018000+00:00,7388.25,{'stop_loss_price': 7388.25}
INVALID_RISK_UNIT,risk_unit == 0 or non-finite,NQU18-CME,7743377,2018-07-17 17:03:15.005000+00:00,7414.0,{'stop_loss_price': 7414.0}
INVALID_RISK_UNIT,risk_unit == 0 or non-finite,NQU18-CME,7743378,2018-07-17 17:03:15.006000+00:00,7414.0,{'stop_loss_price': 7414.0}
INVALID_RISK_UNIT,risk_unit == 0 or non-finite,NQU18-CME,7743379,2018-07-17 17:03:15.007000+00:00,7414.0,{'stop_loss_price': 7414.0}
INVALID_RISK_UNIT,risk_unit == 0 or non-finite,NQU18-CME,7743380,2018-07-17 17:03:15.008000+00:00,7414.0,{'stop_loss_price': 7414.0}
INVALID_RISK_UNIT,risk_unit == 0 or non-finite,NQU18-CME,7768947,2018-07-17 18:33:43.010000+00:00,7422.5,{'stop_loss_price': 7422.5}
INVALID_RISK_UNIT,risk_unit == 0 or non-finite,NQU18-CME,7768948,2018-07-17 18:33:43.011000+00:00,7422.5,{'stop_loss_price': 7422.5}
INVALID_RISK_UNIT,risk_unit == 0 or non-finite,NQU18-CME,7768949,2018-07-17 18:33:43.012000+00:00,7422.5,{'stop_loss_price': 7422.5}
INVALID_RISK_UNIT,risk_unit == 0 or non-finite,NQU18-CME,7768950,2018-07-17 18:33:43.013000+00:00,7422.5,{'stop_loss_price': 7422.5}
INVALID_RISK_UNIT,risk_unit == 0 or non-finite,NQU18-CME,7768951,2018-07-17 18:33:43.014000+00:00,7422.5,{'stop_loss_price': 7422.5}
INVALID_RISK_UNIT,risk_unit == 0 or non-finite,NQU18-CME,7768952,2018-07-17 18:33:43.015000+00:00,7422.5,{'stop_loss_price': 7422.5}
INVALID_RISK_UNIT,risk_unit == 0 or non-finite,NQU18-CME,7768953,2018-07-17 18:33:43.016000+00:00,7422.5,{'stop_loss_price': 7422.5}
INVALID_RISK_UNIT,risk_unit == 0 or non-finite,NQU18-CME,7768954,2018-07-17 18:33:43.017000+00:00,7422.5,{'stop_loss_price': 7422.5}
INVALID_RISK_UNIT,risk_unit == 0 or non-finite,NQU18-CME,7768956,2018-07-17 18:33:43.019000+00:00,7422.5,{'stop_loss_price': 7422.5}
INVALID_RISK_UNIT,risk_unit == 0 or non-finite,NQU18-CME,7788732,2018-07-17 19:28:03+00:00,7429.5,{'stop_loss_price': 7429.5}
INVALID_RISK_UNIT,risk_unit == 0 or non-finite,NQU18-CME,7788733,2018-07-17 19:28:03.001000+00:00,7429.5,{'stop_loss_price': 7429.5}
INVALID_RISK_UNIT,risk_unit == 0 or non-finite,NQU18-CME,7788734,2018-07-17 19:28:03.002000+00:00,7429.5,{'stop_loss_price': 7429.5}
INVALID_RISK_UNIT,risk_unit == 0 or non-finite,NQU18-CME,7788735,2018-07-17 19:28:03.003000+00:00,7429.5,{'stop_loss_price': 7429.5}
INVALID_RISK_UNIT,risk_unit == 0 or non-finite,NQU18-CME,7788736,2018-07-17 19:28:03.004000+00:00,7429.5,{'stop_loss_price': 7429.5}
INVALID_RISK_UNIT,risk_unit == 0 or non-finite,NQU18-CME,7788737,2018-07-17 19:28:03.005000+00:00,7429.5,{'stop_loss_price': 7429.5}
INVALID_RISK_UNIT,risk_unit == 0 or non-finite,NQU18-CME,7788738,2018-07-17 19:28:03.006000+00:00,7429.5,{'stop_loss_price': 7429.5}
INVALID_RISK_UNIT,risk_unit == 0 or non-finite,NQU18-CME,7788739,2018-07-17 19:28:03.007000+00:00,7429.5,{'stop_loss_price': 7429.5}
INVALID_RISK_UNIT,risk_unit == 0 or non-finite,NQU18-CME,7806231,2018-07-17 20:00:08.007000+00:00,7420.25,{'stop_loss_price': 7420.25}
INVALID_RISK_UNIT,risk_unit == 0 or non-finite,NQU18-CME,7806232,2018-07-17 20:00:08.008000+00:00,7420.25,{'stop_loss_price': 7420.25}
INVALID_RISK_UNIT,risk_unit == 0 or non-finite,NQU18-CME,7806233,2018-07-17 20:00:08.009000+00:00,7420.25,{'stop_loss_price': 7420.25}
INVALID_RISK_UNIT,risk_unit == 0 or non-finite,NQU18-CME,7806234,2018-07-17 20:00:08.010000+00:00,7420.25,{'stop_loss_price': 7420.25}
INVALID_RISK_UNIT,risk_unit == 0 or non-finite,NQU18-CME,7848702,2018-07-18 13:25:13+00:00,7420.5,{'stop_loss_price': 7420.5}
INVALID_RISK_UNIT,risk_unit == 0 or non-finite,NQU18-CME,7848703,2018-07-18 13:25:15+00:00,7420.5,{'stop_loss_price': 7420.5}
INVALID_RISK_UNIT,risk_unit == 0 or non-finite,NQU18-CME,7848704,2018-07-18 13:25:15.001000+00:00,7420.5,{'stop_loss_price': 7420.5}
INVALID_RISK_UNIT,risk_unit == 0 or non-finite,NQU18-CME,7848705,2018-07-18 13:25:15.002000+00:00,7420.5,{'stop_loss_price': 7420.5}
INVALID_RISK_UNIT,risk_unit == 0 or non-finite,NQU18-CME,7848715,2018-07-18 13:25:19+00:00,7420.5,{'stop_loss_price': 7420.5}
INVALID_RISK_UNIT,risk_unit == 0 or non-finite,NQU18-CME,7848716,2018-07-18 13:25:19.001000+00:00,7420.5,{'stop_loss_price': 7420.5}
INVALID_RISK_UNIT,risk_unit == 0 or non-finite,NQU18-CME,7848717,2018-07-18 13:25:19.002000+00:00,7420.5,{'stop_loss_price': 7420.5}
INVALID_RISK_UNIT,risk_unit == 0 or non-finite,NQU18-CME,7848718,2018-07-18 13:25:19.003000+00:00,7420.5,{'stop_loss_price': 7420.5}
INVALID_RISK_UNIT,risk_unit == 0 or non-finite,NQU18-CME,7848719,2018-07-18 13:25:19.004000+00:00,7420.5,{'stop_loss_price': 7420.5}
INVALID_RISK_UNIT,risk_unit == 0 or non-finite,NQU18-CME,7848720,2018-07-18 13:25:19.005000+00:00,7420.5,{'stop_loss_price': 7420.5}
INVALID_RISK_UNIT,risk_unit == 0 or non-finite,NQU18-CME,7848721,2018-07-18 13:25:19.006000+00:00,7420.5,{'stop_loss_price': 7420.5}
INVALID_RISK_UNIT,risk_unit == 0 or non-finite,NQU18-CME,7848722,2018-07-18 13:25:19.007000+00:00,7420.5,{'stop_loss_price': 7420.5}
INVALID_RISK_UNIT,risk_unit == 0 or non-finite,NQU18-CME,7848723,2018-07-18 13:25:19.008000+00:00,7420.5,{'stop_loss_price': 7420.5}
INVALID_RISK_UNIT,risk_unit == 0 or non-finite,NQU18-CME,7848724,2018-07-18 13:25:20+00:00,7420.5,{'stop_loss_price': 7420.5}
INVALID_RISK_UNIT,risk_unit == 0 or non-finite,NQU18-CME,7848725,2018-07-18 13:25:21+00:00,7420.5,{'stop_loss_price': 7420.5}
INVALID_RISK_UNIT,risk_unit == 0 or non-finite,NQU18-CME,7848726,2018-07-18 13:25:21.001000+00:00,7420.5,{'stop_loss_price': 7420.5}
INVALID_RISK_UNIT,risk_unit == 0 or non-finite,NQU18-CME,7926843,2018-07-18 14:43:48.010000+00:00,7396.0,{'stop_loss_price': 7396.0}
INVALID_RISK_UNIT,risk_unit == 0 or non-finite,NQU18-CME,7926844,2018-07-18 14:43:48.011000+00:00,7396.0,{'stop_loss_price': 7396.0}
INVALID_RISK_UNIT,risk_unit == 0 or non-finite,NQU18-CME,7926845,2018-07-18 14:43:48.012000+00:00,7396.0,{'stop_loss_price': 7396.0}
INVALID_RISK_UNIT,risk_unit == 0 or non-finite,NQU18-CME,7936429,2018-07-18 15:04:56.004000+00:00,7397.75,{'stop_loss_price': 7397.75}
INVALID_RISK_UNIT,risk_unit == 0 or non-finite,NQU18-CME,7936430,2018-07-18 15:04:56.005000+00:00,7397.75,{'stop_loss_price': 7397.75}
INVALID_RISK_UNIT,risk_unit == 0 or non-finite,NQU18-CME,7936431,2018-07-18 15:04:56.006000+00:00,7397.75,{'stop_loss_price': 7397.75}
INVALID_RISK_UNIT,risk_unit == 0 or non-finite,NQU18-CME,7936432,2018-07-18 15:04:56.007000+00:00,7397.75,{'stop_loss_price': 7397.75}
INVALID_RISK_UNIT,risk_unit == 0 or non-finite,NQU18-CME,7936433,2018-07-18 15:04:56.008000+00:00,7397.75,{'stop_loss_price': 7397.75}
INVALID_RISK_UNIT,risk_unit == 0 or non-finite,NQU18-CME,7936434,2018-07-18 15:04:56.009000+00:00,7397.75,{'stop_loss_price': 7397.75}
INVALID_RISK_UNIT,risk_unit == 0 or non-finite,NQU18-CME,7936435,2018-07-18 15:04:56.010000+00:00,7397.75,{'stop_loss_price': 7397.75}
INVALID_RISK_UNIT,risk_unit == 0 or non-finite,NQU18-CME,7936436,2018-07-18 15:04:56.011000+00:00,7397.75,{'stop_loss_price': 7397.75}
INVALID_RISK_UNIT,risk_unit == 0 or non-finite,NQU18-CME,7980289,2018-07-18 17:23:04+00:00,7409.0,{'stop_loss_price': 7409.0}
INVALID_RISK_UNIT,risk_unit == 0 or non-finite,NQU18-CME,7980290,2018-07-18 17:23:04.001000+00:00,7409.0,{'stop_loss_price': 7409.0}
INVALID_RISK_UNIT,risk_unit == 0 or non-finite,NQU18-CME,7980291,2018-07-18 17:23:04.002000+00:00,7409.0,{'stop_loss_price': 7409.0}
INVALID_RISK_UNIT,risk_unit == 0 or non-finite,NQU18-CME,7980292,2018-07-18 17:23:04.003000+00:00,7409.0,{'stop_loss_price': 7409.0}
INVALID_RISK_UNIT,risk_unit == 0 or non-finite,NQU18-CME,7980293,2018-07-18 17:23:04.004000+00:00,7409.0,{'stop_loss_price': 7409.0}
INVALID_RISK_UNIT,risk_unit == 0 or non-finite,NQU18-CME,7980294,2018-07-18 17:23:04.005000+00:00,7409.0,{'stop_loss_price': 7409.0}
INVALID_RISK_UNIT,risk_unit == 0 or non-finite,NQU18-CME,8024796,2018-07-18 20:08:01+00:00,7403.5,{'stop_loss_price': 7403.5}
INVALID_RISK_UNIT,risk_unit == 0 or non-finite,NQU18-CME,8030591,2018-07-19 01:30:33+00:00,7414.0,{'stop_loss_price': 7414.0}
INVALID_RISK_UNIT,risk_unit == 0 or non-finite,NQU18-CME,8036109,2018-07-19 05:24:14+00:00,7404.75,{'stop_loss_price': 7404.75}
INVALID_RISK_UNIT,risk_unit == 0 or non-finite,NQU18-CME,8036110,2018-07-19 05:24:14.001000+00:00,7404.75,{'stop_loss_price': 7404.75}
INVALID_RISK_UNIT,risk_unit == 0 or non-finite,NQU18-CME,8036111,2018-07-19 05:24:18+00:00,7404.75,{'stop_loss_price': 7404.75}
INVALID_RISK_UNIT,risk_unit == 0 or non-finite,NQU18-CME,8036112,2018-07-19 05:24:20+00:00,7404.75,{'stop_loss_price': 7404.75}
INVALID_RISK_UNIT,risk_unit == 0 or non-finite,NQU18-CME,8037475,2018-07-19 06:30:00.003000+00:00,7399.0,{'stop_loss_price': 7399.0}
INVALID_RISK_UNIT,risk_unit == 0 or non-finite,NQU18-CME,8037476,2018-07-19 06:30:01+00:00,7399.0,{'stop_loss_price': 7399.0}
INVALID_RISK_UNIT,risk_unit == 0 or non-finite,NQU18-CME,8037477,2018-07-19 06:30:01.001000+00:00,7399.0,{'stop_loss_price': 7399.0}
INVALID_RISK_UNIT,risk_unit == 0 or non-finite,NQU18-CME,8037479,2018-07-19 06:30:02+00:00,7399.0,{'stop_loss_price': 7399.0}
INVALID_RISK_UNIT,risk_unit == 0 or non-finite,NQU18-CME,8059745,2018-07-19 12:28:07.004000+00:00,7374.0,{'stop_loss_price': 7374.0}
INVALID_RISK_UNIT,risk_unit == 0 or non-finite,NQU18-CME,8059768,2018-07-19 12:28:55+00:00,7374.0,{'stop_loss_price': 7374.0}
INVALID_RISK_UNIT,risk_unit == 0 or non-finite,NQU18-CME,8085920,2018-07-19 13:42:00.020000+00:00,7393.5,{'stop_loss_price': 7393.5}
INVALID_RISK_UNIT,risk_unit == 0 or non-finite,NQU18-CME,8087099,2018-07-19 13:43:25+00:00,7397.25,{'stop_loss_price': 7397.25}
INVALID_RISK_UNIT,risk_unit == 0 or non-finite,NQU18-CME,8186307,2018-07-19 16:15:24+00:00,7379.5,{'stop_loss_price': 7379.5}
INVALID_RISK_UNIT,risk_unit == 0 or non-finite,NQU18-CME,8190102,2018-07-19 16:28:45.008000+00:00,7376.0,{'stop_loss_price': 7376.0}
INVALID_RISK_UNIT,risk_unit == 0 or non-finite,NQU18-CME,8190103,2018-07-19 16:28:45.009000+00:00,7376.0,{'stop_loss_price': 7376.0}
INVALID_RISK_UNIT,risk_unit == 0 or non-finite,NQU18-CME,8190104,2018-07-19 16:28:45.010000+00:00,7376.0,{'stop_loss_price': 7376.0}
INVALID_RISK_UNIT,risk_unit == 0 or non-finite,NQU18-CME,8190105,2018-07-19 16:28:45.011000+00:00,7376.0,{'stop_loss_price': 7376.0}
INVALID_RISK_UNIT,risk_unit == 0 or non-finite,NQU18-CME,8190106,2018-07-19 16:28:45.012000+00:00,7376.0,{'stop_loss_price': 7376.0}
INVALID_RISK_UNIT,risk_unit == 0 or non-finite,NQU18-CME,8190107,2018-07-19 16:28:45.013000+00:00,7376.0,{'stop_loss_price': 7376.0}
INVALID_RISK_UNIT,risk_unit == 0 or non-finite,NQU18-CME,8190108,2018-07-19 16:28:45.014000+00:00,7376.0,{'stop_loss_price': 7376.0}
INVALID_RISK_UNIT,risk_unit == 0 or non-finite,NQU18-CME,8190109,2018-07-19 16:28:45.015000+00:00,7376.0,{'stop_loss_price': 7376.0}
INVALID_RISK_UNIT,risk_unit == 0 or non-finite,NQU18-CME,8190110,2018-07-19 16:28:45.016000+00:00,7376.0,{'stop_loss_price': 7376.0}
INVALID_RISK_UNIT,risk_unit == 0 or non-finite,NQU18-CME,8190111,2018-07-19 16:28:45.017000+00:00,7376.0,{'stop_loss_price': 7376.0}
INVALID_RISK_UNIT,risk_unit == 0 or non-finite,NQU18-CME,8190112,2018-07-19 16:28:45.018000+00:00,7376.0,{'stop_loss_price': 7376.0}
INVALID_RISK_UNIT,risk_unit == 0 or non-finite,NQU18-CME,8190113,2018-07-19 16:28:45.019000+00:00,7376.0,{'stop_loss_price': 7376.0}
INVALID_RISK_UNIT,risk_unit == 0 or non-finite,NQU18-CME,8190114,2018-07-19 16:28:45.020000+00:00,7376.0,{'stop_loss_price': 7376.0}
INVALID_RISK_UNIT,risk_unit == 0 or non-finite,NQU18-CME,8190115,2018-07-19 16:28:45.021000+00:00,7376.0,{'stop_loss_price': 7376.0}
INVALID_RISK_UNIT,risk_unit == 0 or non-finite,NQU18-CME,8198797,2018-07-19 16:49:42+00:00,7362.0,{'stop_loss_price': 7362.0}
INVALID_RISK_UNIT,risk_unit == 0 or non-finite,NQU18-CME,8198798,2018-07-19 16:49:42.001000+00:00,7362.0,{'stop_loss_price': 7362.0}
INVALID_RISK_UNIT,risk_unit == 0 or non-finite,NQU18-CME,8198799,2018-07-19 16:49:42.002000+00:00,7362.0,{'stop_loss_price': 7362.0}
INVALID_RISK_UNIT,risk_unit == 0 or non-finite,NQU18-CME,8198800,2018-07-19 16:49:43+00:00,7362.0,{'stop_loss_price': 7362.0}
INVALID_RISK_UNIT,risk_unit == 0 or non-finite,NQU18-CME,8198801,2018-07-19 16:49:43.001000+00:00,7362.0,{'stop_loss_price': 7362.0}
INVALID_RISK_UNIT,risk_unit == 0 or non-finite,NQU18-CME,8198802,2018-07-19 16:49:43.002000+00:00,7362.0,{'stop_loss_price': 7362.0}
INVALID_RISK_UNIT,risk_unit == 0 or non-finite,NQU18-CME,8198803,2018-07-19 16:49:43.003000+00:00,7362.0,{'stop_loss_price': 7362.0}
INVALID_RISK_UNIT,risk_unit == 0 or non-finite,NQU18-CME,8198804,2018-07-19 16:49:43.004000+00:00,7362.0,{'stop_loss_price': 7362.0}
INVALID_RISK_UNIT,risk_unit == 0 or non-finite,NQU18-CME,8198805,2018-07-19 16:49:43.005000+00:00,7362.0,{'stop_loss_price': 7362.0}
INVALID_RISK_UNIT,risk_unit == 0 or non-finite,NQU18-CME,8198806,2018-07-19 16:49:43.006000+00:00,7362.0,{'stop_loss_price': 7362.0}
INVALID_RISK_UNIT,risk_unit == 0 or non-finite,NQU18-CME,8198807,2018-07-19 16:49:44+00:00,7362.0,{'stop_loss_price': 7362.0}
INVALID_RISK_UNIT,risk_unit == 0 or non-finite,NQU18-CME,8198809,2018-07-19 16:49:45+00:00,7362.0,{'stop_loss_price': 7362.0}
INVALID_RISK_UNIT,risk_unit == 0 or non-finite,NQU18-CME,8236182,2018-07-19 18:07:16.002000+00:00,7391.25,{'stop_loss_price': 7391.25}
INVALID_RISK_UNIT,risk_unit == 0 or non-finite,NQU18-CME,8300671,2018-07-20 00:52:56+00:00,7401.25,{'stop_loss_price': 7401.25}
INVALID_RISK_UNIT,risk_unit == 0 or non-finite,NQU18-CME,8300672,2018-07-20 00:52:57+00:00,7401.25,{'stop_loss_price': 7401.25}
INVALID_RISK_UNIT,risk_unit == 0 or non-finite,NQU18-CME,8300677,2018-07-20 00:53:03.004000+00:00,7401.25,{'stop_loss_price': 7401.25}
INVALID_RISK_UNIT,risk_unit == 0 or non-finite,NQU18-CME,8300678,2018-07-20 00:53:04+00:00,7401.25,{'stop_loss_price': 7401.25}
INVALID_RISK_UNIT,risk_unit == 0 or non-finite,NQU18-CME,8300681,2018-07-20 00:53:13+00:00,7401.25,{'stop_loss_price': 7401.25}
INVALID_RISK_UNIT,risk_unit == 0 or non-finite,NQU18-CME,8300682,2018-07-20 00:53:13.001000+00:00,7401.25,{'stop_loss_price': 7401.25}
INVALID_RISK_UNIT,risk_unit == 0 or non-finite,NQU18-CME,8346222,2018-07-20 11:27:45.003000+00:00,7384.25,{'stop_loss_price': 7384.25}
INVALID_RISK_UNIT,risk_unit == 0 or non-finite,NQU18-CME,8346223,2018-07-20 11:27:45.004000+00:00,7384.25,{'stop_loss_price': 7384.25}
INVALID_RISK_UNIT,risk_unit == 0 or non-finite,NQU18-CME,8350575,2018-07-20 12:21:25.002000+00:00,7380.25,{'stop_loss_price': 7380.25}
INVALID_RISK_UNIT,risk_unit == 0 or non-finite,NQU18-CME,8350576,2018-07-20 12:21:25.003000+00:00,7380.25,{'stop_loss_price': 7380.25}
INVALID_RISK_UNIT,risk_unit == 0 or non-finite,NQU18-CME,8350577,2018-07-20 12:21:25.004000+00:00,7380.25,{'stop_loss_price': 7380.25}
INVALID_RISK_UNIT,risk_unit == 0 or non-finite,NQU18-CME,8350578,2018-07-20 12:21:25.005000+00:00,7380.25,{'stop_loss_price': 7380.25}
INVALID_RISK_UNIT,risk_unit == 0 or non-finite,NQU18-CME,8350579,2018-07-20 12:21:25.006000+00:00,7380.25,{'stop_loss_price': 7380.25}
INVALID_RISK_UNIT,risk_unit == 0 or non-finite,NQU18-CME,8350580,2018-07-20 12:21:25.007000+00:00,7380.25,{'stop_loss_price': 7380.25}
INVALID_RISK_UNIT,risk_unit == 0 or non-finite,NQU18-CME,8350584,2018-07-20 12:21:25.011000+00:00,7380.25,{'stop_loss_price': 7380.25}
INVALID_RISK_UNIT,risk_unit == 0 or non-finite,NQU18-CME,8380690,2018-07-20 13:36:10.029000+00:00,7379.25,{'stop_loss_price': 7379.25}
INVALID_RISK_UNIT,risk_unit == 0 or non-finite,NQU18-CME,8380691,2018-07-20 13:36:10.030000+00:00,7379.25,{'stop_loss_price': 7379.25}
INVALID_RISK_UNIT,risk_unit == 0 or non-finite,NQU18-CME,8380692,2018-07-20 13:36:10.031000+00:00,7379.25,{'stop_loss_price': 7379.25}
INVALID_RISK_UNIT,risk_unit == 0 or non-finite,NQU18-CME,8380693,2018-07-20 13:36:10.032000+00:00,7379.25,{'stop_loss_price': 7379.25}
INVALID_RISK_UNIT,risk_unit == 0 or non-finite,NQU18-CME,8380694,2018-07-20 13:36:10.033000+00:00,7379.25,{'stop_loss_price': 7379.25}
INVALID_RISK_UNIT,risk_unit == 0 or non-finite,NQU18-CME,8384161,2018-07-20 13:38:39.060000+00:00,7385.5,{'stop_loss_price': 7385.5}
INVALID_RISK_UNIT,risk_unit == 0 or non-finite,NQU18-CME,8384162,2018-07-20 13:38:39.061000+00:00,7385.5,{'stop_loss_price': 7385.5}
INVALID_RISK_UNIT,risk_unit == 0 or non-finite,NQU18-CME,8384163,2018-07-20 13:38:39.062000+00:00,7385.5,{'stop_loss_price': 7385.5}
INVALID_RISK_UNIT,risk_unit == 0 or non-finite,NQU18-CME,8384164,2018-07-20 13:38:39.063000+00:00,7385.5,{'stop_loss_price': 7385.5}
INVALID_RISK_UNIT,risk_unit == 0 or non-finite,NQU18-CME,8384165,2018-07-20 13:38:39.064000+00:00,7385.5,{'stop_loss_price': 7385.5}
INVALID_RISK_UNIT,risk_unit == 0 or non-finite,NQU18-CME,8410891,2018-07-20 14:05:20.005000+00:00,7389.75,{'stop_loss_price': 7389.75}
INVALID_RISK_UNIT,risk_unit == 0 or non-finite,NQU18-CME,8410892,2018-07-20 14:05:20.006000+00:00,7389.75,{'stop_loss_price': 7389.75}
INVALID_RISK_UNIT,risk_unit == 0 or non-finite,NQU18-CME,8410893,2018-07-20 14:05:20.007000+00:00,7389.75,{'stop_loss_price': 7389.75}
INVALID_RISK_UNIT,risk_unit == 0 or non-finite,NQU18-CME,8410894,2018-07-20 14:05:21+00:00,7389.75,{'stop_loss_price': 7389.75}
INVALID_RISK_UNIT,risk_unit == 0 or non-finite,NQU18-CME,8410896,2018-07-20 14:05:21.002000+00:00,7389.75,{'stop_loss_price': 7389.75}
INVALID_RISK_UNIT,risk_unit == 0 or non-finite,NQU18-CME,8539122,2018-07-20 20:08:31.008000+00:00,7363.75,{'stop_loss_price': 7363.75}
INVALID_RISK_UNIT,risk_unit == 0 or non-finite,NQU18-CME,8539123,2018-07-20 20:08:31.009000+00:00,7363.75,{'stop_loss_price': 7363.75}
INVALID_RISK_UNIT,risk_unit == 0 or non-finite,NQU18-CME,8539124,2018-07-20 20:08:31.010000+00:00,7363.75,{'stop_loss_price': 7363.75}
INVALID_RISK_UNIT,risk_unit == 0 or non-finite,NQU18-CME,8539125,2018-07-20 20:08:31.011000+00:00,7363.75,{'stop_loss_price': 7363.75}
INVALID_RISK_UNIT,risk_unit == 0 or non-finite,NQU18-CME,8539126,2018-07-20 20:08:31.012000+00:00,7363.75,{'stop_loss_price': 7363.75}
INVALID_RISK_UNIT,risk_unit == 0 or non-finite,NQU18-CME,8539127,2018-07-20 20:08:31.013000+00:00,7363.75,{'stop_loss_price': 7363.75}
INVALID_RISK_UNIT,risk_unit == 0 or non-finite,NQU18-CME,8539128,2018-07-20 20:08:31.014000+00:00,7363.75,{'stop_loss_price': 7363.75}
INVALID_RISK_UNIT,risk_unit == 0 or non-finite,NQU18-CME,8539129,2018-07-20 20:08:31.015000+00:00,7363.75,{'stop_loss_price': 7363.75}
INVALID_RISK_UNIT,risk_unit == 0 or non-finite,NQU18-CME,8539130,2018-07-20 20:08:31.016000+00:00,7363.75,{'stop_loss_price': 7363.75}
INVALID_RISK_UNIT,risk_unit == 0 or non-finite,NQU18-CME,8539131,2018-07-20 20:08:31.017000+00:00,7363.75,{'stop_loss_price': 7363.75}
INVALID_RISK_UNIT,risk_unit == 0 or non-finite,NQU18-CME,8539132,2018-07-20 20:08:31.018000+00:00,7363.75,{'stop_loss_price': 7363.75}
INVALID_RISK_UNIT,risk_unit == 0 or non-finite,NQU18-CME,8539133,2018-07-20 20:08:31.019000+00:00,7363.75,{'stop_loss_price': 7363.75}
INVALID_RISK_UNIT,risk_unit == 0 or non-finite,NQU18-CME,8539134,2018-07-20 20:08:31.020000+00:00,7363.75,{'stop_loss_price': 7363.75}
INVALID_RISK_UNIT,risk_unit == 0 or non-finite,NQU18-CME,8539135,2018-07-20 20:08:31.021000+00:00,7363.75,{'stop_loss_price': 7363.75}
INVALID_RISK_UNIT,risk_unit == 0 or non-finite,NQU18-CME,8539136,2018-07-20 20:08:31.022000+00:00,7363.75,{'stop_loss_price': 7363.75}
INVALID_RISK_UNIT,risk_unit == 0 or non-finite,NQU18-CME,8539137,2018-07-20 20:08:31.023000+00:00,7363.75,{'stop_loss_price': 7363.75}
INVALID_RISK_UNIT,risk_unit == 0 or non-finite,NQU18-CME,8539138,2018-07-20 20:08:31.024000+00:00,7363.75,{'stop_loss_price': 7363.75}
INVALID_RISK_UNIT,risk_unit == 0 or non-finite,NQU18-CME,8539139,2018-07-20 20:08:31.025000+00:00,7363.75,{'stop_loss_price': 7363.75}
INVALID_RISK_UNIT,risk_unit == 0 or non-finite,NQU18-CME,8539140,2018-07-20 20:08:31.026000+00:00,7363.75,{'stop_loss_price': 7363.75}
INVALID_RISK_UNIT,risk_unit == 0 or non-finite,NQU18-CME,8539141,2018-07-20 20:08:31.027000+00:00,7363.75,{'stop_loss_price': 7363.75}
INVALID_RISK_UNIT,risk_unit == 0 or non-finite,NQU18-CME,8539142,2018-07-20 20:08:31.028000+00:00,7363.75,{'stop_loss_price': 7363.75}
INVALID_RISK_UNIT,risk_unit == 0 or non-finite,NQU18-CME,8539239,2018-07-20 20:09:00.011000+00:00,7363.75,{'stop_loss_price': 7363.75}
INVALID_RISK_UNIT,risk_unit == 0 or non-finite,NQU18-CME,8539240,2018-07-20 20:09:00.012000+00:00,7363.75,{'stop_loss_price': 7363.75}
INVALID_RISK_UNIT,risk_unit == 0 or non-finite,NQU18-CME,8539241,2018-07-20 20:09:00.013000+00:00,7363.75,{'stop_loss_price': 7363.75}
INVALID_RISK_UNIT,risk_unit == 0 or non-finite,NQU18-CME,8539242,2018-07-20 20:09:00.014000+00:00,7363.75,{'stop_loss_price': 7363.75}
INVALID_RISK_UNIT,risk_unit == 0 or non-finite,NQU18-CME,8539243,2018-07-20 20:09:00.015000+00:00,7363.75,{'stop_loss_price': 7363.75}
INVALID_RISK_UNIT,risk_unit == 0 or non-finite,NQU18-CME,8539244,2018-07-20 20:09:00.016000+00:00,7363.75,{'stop_loss_price': 7363.75}
INVALID_RISK_UNIT,risk_unit == 0 or non-finite,NQU18-CME,8539245,2018-07-20 20:09:00.017000+00:00,7363.75,{'stop_loss_price': 7363.75}
INVALID_RISK_UNIT,risk_unit == 0 or non-finite,NQU18-CME,8539246,2018-07-20 20:09:01+00:00,7363.75,{'stop_loss_price': 7363.75}
INVALID_RISK_UNIT,risk_unit == 0 or non-finite,NQU18-CME,8582110,2018-07-23 13:07:13+00:00,7342.0,{'stop_loss_price': 7342.0}
INVALID_RISK_UNIT,risk_unit == 0 or non-finite,NQU18-CME,8643734,2018-07-23 14:08:17.016000+00:00,7343.25,{'stop_loss_price': 7343.25}
INVALID_RISK_UNIT,risk_unit == 0 or non-finite,NQU18-CME,8643735,2018-07-23 14:08:17.017000+00:00,7343.25,{'stop_loss_price': 7343.25}
INVALID_RISK_UNIT,risk_unit == 0 or non-finite,NQU18-CME,8672099,2018-07-23 14:48:13+00:00,7353.5,{'stop_loss_price': 7353.5}
INVALID_RISK_UNIT,risk_unit == 0 or non-finite,NQU18-CME,8683507,2018-07-23 15:09:35.002000+00:00,7347.75,{'stop_loss_price': 7347.75}
INVALID_RISK_UNIT,risk_unit == 0 or non-finite,NQU18-CME,8683508,2018-07-23 15:09:35.003000+00:00,7347.75,{'stop_loss_price': 7347.75}
INVALID_RISK_UNIT,risk_unit == 0 or non-finite,NQU18-CME,8683509,2018-07-23 15:09:35.004000+00:00,7347.75,{'stop_loss_price': 7347.75}
INVALID_RISK_UNIT,risk_unit == 0 or non-finite,NQU18-CME,8683510,2018-07-23 15:09:35.005000+00:00,7347.75,{'stop_loss_price': 7347.75}
INVALID_RISK_UNIT,risk_unit == 0 or non-finite,NQU18-CME,8683511,2018-07-23 15:09:35.006000+00:00,7347.75,{'stop_loss_price': 7347.75}
INVALID_RISK_UNIT,risk_unit == 0 or non-finite,NQU18-CME,8683512,2018-07-23 15:09:35.007000+00:00,7347.75,{'stop_loss_price': 7347.75}
INVALID_RISK_UNIT,risk_unit == 0 or non-finite,NQU18-CME,8683513,2018-07-23 15:09:35.008000+00:00,7347.75,{'stop_loss_price': 7347.75}
INVALID_RISK_UNIT,risk_unit == 0 or non-finite,NQU18-CME,8683514,2018-07-23 15:09:35.009000+00:00,7347.75,{'stop_loss_price': 7347.75}
INVALID_RISK_UNIT,risk_unit == 0 or non-finite,NQU18-CME,8683515,2018-07-23 15:09:35.010000+00:00,7347.75,{'stop_loss_price': 7347.75}
INVALID_RISK_UNIT,risk_unit == 0 or non-finite,NQU18-CME,8683516,2018-07-23 15:09:35.011000+00:00,7347.75,{'stop_loss_price': 7347.75}
INVALID_RISK_UNIT,risk_unit == 0 or non-finite,NQU18-CME,8683517,2018-07-23 15:09:35.012000+00:00,7347.75,{'stop_loss_price': 7347.75}
INVALID_RISK_UNIT,risk_unit == 0 or non-finite,NQU18-CME,8683518,2018-07-23 15:09:35.013000+00:00,7347.75,{'stop_loss_price': 7347.75}
INVALID_RISK_UNIT,risk_unit == 0 or non-finite,NQU18-CME,8683519,2018-07-23 15:09:35.014000+00:00,7347.75,{'stop_loss_price': 7347.75}
INVALID_RISK_UNIT,risk_unit == 0 or non-finite,NQU18-CME,8683520,2018-07-23 15:09:35.015000+00:00,7347.75,{'stop_loss_price': 7347.75}
INVALID_RISK_UNIT,risk_unit == 0 or non-finite,NQU18-CME,8683521,2018-07-23 15:09:35.016000+00:00,7347.75,{'stop_loss_price': 7347.75}
INVALID_RISK_UNIT,risk_unit == 0 or non-finite,NQU18-CME,8683522,2018-07-23 15:09:35.017000+00:00,7347.75,{'stop_loss_price': 7347.75}
INVALID_RISK_UNIT,risk_unit == 0 or non-finite,NQU18-CME,8683523,2018-07-23 15:09:35.018000+00:00,7347.75,{'stop_loss_price': 7347.75}
INVALID_RISK_UNIT,risk_unit == 0 or non-finite,NQU18-CME,8683524,2018-07-23 15:09:35.019000+00:00,7347.75,{'stop_loss_price': 7347.75}
INVALID_RISK_UNIT,risk_unit == 0 or non-finite,NQU18-CME,8683525,2018-07-23 15:09:35.020000+00:00,7347.75,{'stop_loss_price': 7347.75}
INVALID_RISK_UNIT,risk_unit == 0 or non-finite,NQU18-CME,8683526,2018-07-23 15:09:35.021000+00:00,7347.75,{'stop_loss_price': 7347.75}
INVALID_RISK_UNIT,risk_unit == 0 or non-finite,NQU18-CME,8683527,2018-07-23 15:09:35.022000+00:00,7347.75,{'stop_loss_price': 7347.75}
INVALID_RISK_UNIT,risk_unit == 0 or non-finite,NQU18-CME,8683528,2018-07-23 15:09:36+00:00,7347.75,{'stop_loss_price': 7347.75}
INVALID_RISK_UNIT,risk_unit == 0 or non-finite,NQU18-CME,8703686,2018-07-23 15:59:27.013000+00:00,7371.0,{'stop_loss_price': 7371.0}
INVALID_RISK_UNIT,risk_unit == 0 or non-finite,NQU18-CME,8703687,2018-07-23 15:59:27.014000+00:00,7371.0,{'stop_loss_price': 7371.0}
INVALID_RISK_UNIT,risk_unit == 0 or non-finite,NQU18-CME,8703688,2018-07-23 15:59:27.015000+00:00,7371.0,{'stop_loss_price': 7371.0}
INVALID_RISK_UNIT,risk_unit == 0 or non-finite,NQU18-CME,8703689,2018-07-23 15:59:27.016000+00:00,7371.0,{'stop_loss_price': 7371.0}
INVALID_RISK_UNIT,risk_unit == 0 or non-finite,NQU18-CME,8703690,2018-07-23 15:59:27.017000+00:00,7371.0,{'stop_loss_price': 7371.0}
INVALID_RISK_UNIT,risk_unit == 0 or non-finite,NQU18-CME,8703691,2018-07-23 15:59:27.018000+00:00,7371.0,{'stop_loss_price': 7371.0}
INVALID_RISK_UNIT,risk_unit == 0 or non-finite,NQU18-CME,8703692,2018-07-23 15:59:27.019000+00:00,7371.0,{'stop_loss_price': 7371.0}
INVALID_RISK_UNIT,risk_unit == 0 or non-finite,NQU18-CME,8703693,2018-07-23 15:59:27.020000+00:00,7371.0,{'stop_loss_price': 7371.0}
INVALID_RISK_UNIT,risk_unit == 0 or non-finite,NQU18-CME,8703696,2018-07-23 15:59:28.001000+00:00,7371.0,{'stop_loss_price': 7371.0}
INVALID_RISK_UNIT,risk_unit == 0 or non-finite,NQU18-CME,8703697,2018-07-23 15:59:28.002000+00:00,7371.0,{'stop_loss_price': 7371.0}
INVALID_RISK_UNIT,risk_unit == 0 or non-finite,NQU18-CME,8716625,2018-07-23 16:48:37+00:00,7377.25,{'stop_loss_price': 7377.25}
INVALID_RISK_UNIT,risk_unit == 0 or non-finite,NQU18-CME,8716626,2018-07-23 16:48:37.001000+00:00,7377.25,{'stop_loss_price': 7377.25}
INVALID_RISK_UNIT,risk_unit == 0 or non-finite,NQU18-CME,8716627,2018-07-23 16:48:37.002000+00:00,7377.25,{'stop_loss_price': 7377.25}
INVALID_RISK_UNIT,risk_unit == 0 or non-finite,NQU18-CME,8716628,2018-07-23 16:48:37.003000+00:00,7377.25,{'stop_loss_price': 7377.25}
INVALID_RISK_UNIT,risk_unit == 0 or non-finite,NQU18-CME,8716629,2018-07-23 16:48:37.004000+00:00,7377.25,{'stop_loss_price': 7377.25}
INVALID_RISK_UNIT,risk_unit == 0 or non-finite,NQU18-CME,8716630,2018-07-23 16:48:37.005000+00:00,7377.25,{'stop_loss_price': 7377.25}
INVALID_RISK_UNIT,risk_unit == 0 or non-finite,NQU18-CME,8716631,2018-07-23 16:48:37.006000+00:00,7377.25,{'stop_loss_price': 7377.25}
INVALID_RISK_UNIT,risk_unit == 0 or non-finite,NQU18-CME,8716632,2018-07-23 16:48:42+00:00,7377.25,{'stop_loss_price': 7377.25}
INVALID_RISK_UNIT,risk_unit == 0 or non-finite,NQU18-CME,8716633,2018-07-23 16:48:42.001000+00:00,7377.25,{'stop_loss_price': 7377.25}
INVALID_RISK_UNIT,risk_unit == 0 or non-finite,NQU18-CME,8716635,2018-07-23 16:48:46+00:00,7377.25,{'stop_loss_price': 7377.25}
INVALID_RISK_UNIT,risk_unit == 0 or non-finite,NQU18-CME,8718458,2018-07-23 16:57:55+00:00,7372.75,{'stop_loss_price': 7372.75}
INVALID_RISK_UNIT,risk_unit == 0 or non-finite,NQU18-CME,8718459,2018-07-23 16:57:55.001000+00:00,7372.75,{'stop_loss_price': 7372.75}
INVALID_RISK_UNIT,risk_unit == 0 or non-finite,NQU18-CME,8718460,2018-07-23 16:57:55.002000+00:00,7372.75,{'stop_loss_price': 7372.75}
INVALID_RISK_UNIT,risk_unit == 0 or non-finite,NQU18-CME,8718469,2018-07-23 16:58:02+00:00,7372.75,{'stop_loss_price': 7372.75}
INVALID_RISK_UNIT,risk_unit == 0 or non-finite,NQU18-CME,8742324,2018-07-23 18:50:46.001000+00:00,7385.0,{'stop_loss_price': 7385.0}
INVALID_RISK_UNIT,risk_unit == 0 or non-finite,NQU18-CME,8742325,2018-07-23 18:50:46.002000+00:00,7385.0,{'stop_loss_price': 7385.0}
INVALID_RISK_UNIT,risk_unit == 0 or non-finite,NQU18-CME,8742326,2018-07-23 18:50:46.003000+00:00,7385.0,{'stop_loss_price': 7385.0}
INVALID_RISK_UNIT,risk_unit == 0 or non-finite,NQU18-CME,8746606,2018-07-23 19:12:28.004000+00:00,7383.0,{'stop_loss_price': 7383.0}
INVALID_RISK_UNIT,risk_unit == 0 or non-finite,NQU18-CME,8746607,2018-07-23 19:12:29+00:00,7383.0,{'stop_loss_price': 7383.0}
INVALID_RISK_UNIT,risk_unit == 0 or non-finite,NQU18-CME,8746608,2018-07-23 19:12:29.001000+00:00,7383.0,{'stop_loss_price': 7383.0}
INVALID_RISK_UNIT,risk_unit == 0 or non-finite,NQU18-CME,8746609,2018-07-23 19:12:29.002000+00:00,7383.0,{'stop_loss_price': 7383.0}
INVALID_RISK_UNIT,risk_unit == 0 or non-finite,NQU18-CME,8746610,2018-07-23 19:12:29.003000+00:00,7383.0,{'stop_loss_price': 7383.0}
INVALID_RISK_UNIT,risk_unit == 0 or non-finite,NQU18-CME,8781570,2018-07-24 00:23:56+00:00,7434.0,{'stop_loss_price': 7434.0}
INVALID_RISK_UNIT,risk_unit == 0 or non-finite,NQU18-CME,8781571,2018-07-24 00:23:56.001000+00:00,7434.0,{'stop_loss_price': 7434.0}
INVALID_RISK_UNIT,risk_unit == 0 or non-finite,NQU18-CME,8781572,2018-07-24 00:23:56.002000+00:00,7434.0,{'stop_loss_price': 7434.0}
INVALID_RISK_UNIT,risk_unit == 0 or non-finite,NQU18-CME,8781573,2018-07-24 00:23:56.003000+00:00,7434.0,{'stop_loss_price': 7434.0}
INVALID_RISK_UNIT,risk_unit == 0 or non-finite,NQU18-CME,8781574,2018-07-24 00:23:56.004000+00:00,7434.0,{'stop_loss_price': 7434.0}
INVALID_RISK_UNIT,risk_unit == 0 or non-finite,NQU18-CME,8781577,2018-07-24 00:24:05+00:00,7434.0,{'stop_loss_price': 7434.0}
INVALID_RISK_UNIT,risk_unit == 0 or non-finite,NQU18-CME,8824311,2018-07-24 13:30:13.065000+00:00,7463.25,{'stop_loss_price': 7463.25}
INVALID_RISK_UNIT,risk_unit == 0 or non-finite,NQU18-CME,8832727,2018-07-24 13:34:35.012000+00:00,7463.5,{'stop_loss_price': 7463.5}
INVALID_RISK_UNIT,risk_unit == 0 or non-finite,NQU18-CME,8832728,2018-07-24 13:34:35.013000+00:00,7463.5,{'stop_loss_price': 7463.5}
INVALID_RISK_UNIT,risk_unit == 0 or non-finite,NQU18-CME,8832729,2018-07-24 13:34:35.014000+00:00,7463.5,{'stop_loss_price': 7463.5}
INVALID_RISK_UNIT,risk_unit == 0 or non-finite,NQU18-CME,8832730,2018-07-24 13:34:35.015000+00:00,7463.5,{'stop_loss_price': 7463.5}
INVALID_RISK_UNIT,risk_unit == 0 or non-finite,NQU18-CME,8832731,2018-07-24 13:34:35.016000+00:00,7463.5,{'stop_loss_price': 7463.5}
INVALID_RISK_UNIT,risk_unit == 0 or non-finite,NQU18-CME,8832732,2018-07-24 13:34:35.017000+00:00,7463.5,{'stop_loss_price': 7463.5}
INVALID_RISK_UNIT,risk_unit == 0 or non-finite,NQU18-CME,8832733,2018-07-24 13:34:35.018000+00:00,7463.5,{'stop_loss_price': 7463.5}
INVALID_RISK_UNIT,risk_unit == 0 or non-finite,NQU18-CME,8832734,2018-07-24 13:34:35.019000+00:00,7463.5,{'stop_loss_price': 7463.5}
INVALID_RISK_UNIT,risk_unit == 0 or non-finite,NQU18-CME,8832735,2018-07-24 13:34:35.020000+00:00,7463.5,{'stop_loss_price': 7463.5}
INVALID_RISK_UNIT,risk_unit == 0 or non-finite,NQU18-CME,8832736,2018-07-24 13:34:35.021000+00:00,7463.5,{'stop_loss_price': 7463.5}
INVALID_RISK_UNIT,risk_unit == 0 or non-finite,NQU18-CME,8832737,2018-07-24 13:34:35.022000+00:00,7463.5,{'stop_loss_price': 7463.5}
INVALID_RISK_UNIT,risk_unit == 0 or non-finite,NQU18-CME,8832738,2018-07-24 13:34:35.023000+00:00,7463.5,{'stop_loss_price': 7463.5}
INVALID_RISK_UNIT,risk_unit == 0 or non-finite,NQU18-CME,8832739,2018-07-24 13:34:35.024000+00:00,7463.5,{'stop_loss_price': 7463.5}
INVALID_RISK_UNIT,risk_unit == 0 or non-finite,NQU18-CME,8832740,2018-07-24 13:34:35.025000+00:00,7463.5,{'stop_loss_price': 7463.5}
INVALID_RISK_UNIT,risk_unit == 0 or non-finite,NQU18-CME,8832741,2018-07-24 13:34:35.026000+00:00,7463.5,{'stop_loss_price': 7463.5}
INVALID_RISK_UNIT,risk_unit == 0 or non-finite,NQU18-CME,8832742,2018-07-24 13:34:35.027000+00:00,7463.5,{'stop_loss_price': 7463.5}
INVALID_RISK_UNIT,risk_unit == 0 or non-finite,NQU18-CME,8832743,2018-07-24 13:34:35.028000+00:00,7463.5,{'stop_loss_price': 7463.5}
INVALID_RISK_UNIT,risk_unit == 0 or non-finite,NQU18-CME,8832744,2018-07-24 13:34:35.029000+00:00,7463.5,{'stop_loss_price': 7463.5}
INVALID_RISK_UNIT,risk_unit == 0 or non-finite,NQU18-CME,8832745,2018-07-24 13:34:35.030000+00:00,7463.5,{'stop_loss_price': 7463.5}
INVALID_RISK_UNIT,risk_unit == 0 or non-finite,NQU18-CME,8832746,2018-07-24 13:34:35.031000+00:00,7463.5,{'stop_loss_price': 7463.5}
INVALID_RISK_UNIT,risk_unit == 0 or non-finite,NQU18-CME,8832747,2018-07-24 13:34:35.032000+00:00,7463.5,{'stop_loss_price': 7463.5}
INVALID_RISK_UNIT,risk_unit == 0 or non-finite,NQU18-CME,8832748,2018-07-24 13:34:35.033000+00:00,7463.5,{'stop_loss_price': 7463.5}
INVALID_RISK_UNIT,risk_unit == 0 or non-finite,NQU18-CME,8832749,2018-07-24 13:34:35.034000+00:00,7463.5,{'stop_loss_price': 7463.5}
INVALID_RISK_UNIT,risk_unit == 0 or non-finite,NQU18-CME,8832750,2018-07-24 13:34:35.035000+00:00,7463.5,{'stop_loss_price': 7463.5}
INVALID_RISK_UNIT,risk_unit == 0 or non-finite,NQU18-CME,8890621,2018-07-24 14:32:10.001000+00:00,7482.25,{'stop_loss_price': 7482.25}
INVALID_RISK_UNIT,risk_unit == 0 or non-finite,NQU18-CME,8890622,2018-07-24 14:32:10.002000+00:00,7482.25,{'stop_loss_price': 7482.25}
INVALID_RISK_UNIT,risk_unit == 0 or non-finite,NQU18-CME,8890623,2018-07-24 14:32:10.003000+00:00,7482.25,{'stop_loss_price': 7482.25}
INVALID_RISK_UNIT,risk_unit == 0 or non-finite,NQU18-CME,8890624,2018-07-24 14:32:10.004000+00:00,7482.25,{'stop_loss_price': 7482.25}
INVALID_RISK_UNIT,risk_unit == 0 or non-finite,NQU18-CME,8890625,2018-07-24 14:32:10.005000+00:00,7482.25,{'stop_loss_price': 7482.25}
INVALID_RISK_UNIT,risk_unit == 0 or non-finite,NQU18-CME,8890626,2018-07-24 14:32:10.006000+00:00,7482.25,{'stop_loss_price': 7482.25}
INVALID_RISK_UNIT,risk_unit == 0 or non-finite,NQU18-CME,8890627,2018-07-24 14:32:11+00:00,7482.25,{'stop_loss_price': 7482.25}
INVALID_RISK_UNIT,risk_unit == 0 or non-finite,NQU18-CME,8890628,2018-07-24 14:32:11.001000+00:00,7482.25,{'stop_loss_price': 7482.25}
INVALID_RISK_UNIT,risk_unit == 0 or non-finite,NQU18-CME,8890634,2018-07-24 14:32:12+00:00,7482.25,{'stop_loss_price': 7482.25}
INVALID_RISK_UNIT,risk_unit == 0 or non-finite,NQU18-CME,8890635,2018-07-24 14:32:12.001000+00:00,7482.25,{'stop_loss_price': 7482.25}
INVALID_RISK_UNIT,risk_unit == 0 or non-finite,NQU18-CME,8890636,2018-07-24 14:32:12.002000+00:00,7482.25,{'stop_loss_price': 7482.25}
INVALID_RISK_UNIT,risk_unit == 0 or non-finite,NQU18-CME,8890637,2018-07-24 14:32:12.003000+00:00,7482.25,{'stop_loss_price': 7482.25}
INVALID_RISK_UNIT,risk_unit == 0 or non-finite,NQU18-CME,8890638,2018-07-24 14:32:12.004000+00:00,7482.25,{'stop_loss_price': 7482.25}
INVALID_RISK_UNIT,risk_unit == 0 or non-finite,NQU18-CME,8890639,2018-07-24 14:32:12.005000+00:00,7482.25,{'stop_loss_price': 7482.25}
INVALID_RISK_UNIT,risk_unit == 0 or non-finite,NQU18-CME,8890641,2018-07-24 14:32:12.007000+00:00,7482.25,{'stop_loss_price': 7482.25}
INVALID_RISK_UNIT,risk_unit == 0 or non-finite,NQU18-CME,8918766,2018-07-24 15:06:56.022000+00:00,7441.0,{'stop_loss_price': 7441.0}
INVALID_RISK_UNIT,risk_unit == 0 or non-finite,NQU18-CME,8918767,2018-07-24 15:06:56.023000+00:00,7441.0,{'stop_loss_price': 7441.0}
INVALID_RISK_UNIT,risk_unit == 0 or non-finite,NQU18-CME,8918768,2018-07-24 15:06:56.024000+00:00,7441.0,{'stop_loss_price': 7441.0}
INVALID_RISK_UNIT,risk_unit == 0 or non-finite,NQU18-CME,8918769,2018-07-24 15:06:56.025000+00:00,7441.0,{'stop_loss_price': 7441.0}
INVALID_RISK_UNIT,risk_unit == 0 or non-finite,NQU18-CME,8918770,2018-07-24 15:06:56.026000+00:00,7441.0,{'stop_loss_price': 7441.0}
INVALID_RISK_UNIT,risk_unit == 0 or non-finite,NQU18-CME,8918771,2018-07-24 15:06:56.027000+00:00,7441.0,{'stop_loss_price': 7441.0}
INVALID_RISK_UNIT,risk_unit == 0 or non-finite,NQU18-CME,8918772,2018-07-24 15:06:56.028000+00:00,7441.0,{'stop_loss_price': 7441.0}
INVALID_RISK_UNIT,risk_unit == 0 or non-finite,NQU18-CME,8918773,2018-07-24 15:06:56.029000+00:00,7441.0,{'stop_loss_price': 7441.0}
INVALID_RISK_UNIT,risk_unit == 0 or non-finite,NQU18-CME,8918774,2018-07-24 15:06:56.030000+00:00,7441.0,{'stop_loss_price': 7441.0}
INVALID_RISK_UNIT,risk_unit == 0 or non-finite,NQU18-CME,8918775,2018-07-24 15:06:56.031000+00:00,7441.0,{'stop_loss_price': 7441.0}
INVALID_RISK_UNIT,risk_unit == 0 or non-finite,NQU18-CME,8918778,2018-07-24 15:06:56.034000+00:00,7441.0,{'stop_loss_price': 7441.0}
INVALID_RISK_UNIT,risk_unit == 0 or non-finite,NQU18-CME,8918779,2018-07-24 15:06:56.035000+00:00,7441.0,{'stop_loss_price': 7441.0}
INVALID_RISK_UNIT,risk_unit == 0 or non-finite,NQU18-CME,8918780,2018-07-24 15:06:56.036000+00:00,7441.0,{'stop_loss_price': 7441.0}
INVALID_RISK_UNIT,risk_unit == 0 or non-finite,NQU18-CME,8918781,2018-07-24 15:06:56.037000+00:00,7441.0,{'stop_loss_price': 7441.0}
INVALID_RISK_UNIT,risk_unit == 0 or non-finite,NQU18-CME,8918782,2018-07-24 15:06:56.038000+00:00,7441.0,{'stop_loss_price': 7441.0}
INVALID_RISK_UNIT,risk_unit == 0 or non-finite,NQU18-CME,8918783,2018-07-24 15:06:56.039000+00:00,7441.0,{'stop_loss_price': 7441.0}
INVALID_RISK_UNIT,risk_unit == 0 or non-finite,NQU18-CME,8918784,2018-07-24 15:06:56.040000+00:00,7441.0,{'stop_loss_price': 7441.0}
INVALID_RISK_UNIT,risk_unit == 0 or non-finite,NQU18-CME,8918785,2018-07-24 15:06:56.041000+00:00,7441.0,{'stop_loss_price': 7441.0}
INVALID_RISK_UNIT,risk_unit == 0 or non-finite,NQU18-CME,8918786,2018-07-24 15:06:56.042000+00:00,7441.0,{'stop_loss_price': 7441.0}
INVALID_RISK_UNIT,risk_unit == 0 or non-finite,NQU18-CME,9118443,2018-07-25 08:36:18+00:00,7413.25,{'stop_loss_price': 7413.25}
INVALID_RISK_UNIT,risk_unit == 0 or non-finite,NQU18-CME,9124838,2018-07-25 11:29:05+00:00,7413.5,{'stop_loss_price': 7413.5}
INVALID_RISK_UNIT,risk_unit == 0 or non-finite,NQU18-CME,9124839,2018-07-25 11:29:05.001000+00:00,7413.5,{'stop_loss_price': 7413.5}
INVALID_RISK_UNIT,risk_unit == 0 or non-finite,NQU18-CME,9124840,2018-07-25 11:29:06+00:00,7413.5,{'stop_loss_price': 7413.5}
INVALID_RISK_UNIT,risk_unit == 0 or non-finite,NQU18-CME,9136469,2018-07-25 13:29:07+00:00,7420.75,{'stop_loss_price': 7420.75}
INVALID_RISK_UNIT,risk_unit == 0 or non-finite,NQU18-CME,9136470,2018-07-25 13:29:10+00:00,7420.75,{'stop_loss_price': 7420.75}
INVALID_RISK_UNIT,risk_unit == 0 or non-finite,NQU18-CME,9136471,2018-07-25 13:29:11+00:00,7420.75,{'stop_loss_price': 7420.75}
INVALID_RISK_UNIT,risk_unit == 0 or non-finite,NQU18-CME,9136472,2018-07-25 13:29:17+00:00,7420.75,{'stop_loss_price': 7420.75}
INVALID_RISK_UNIT,risk_unit == 0 or non-finite,NQU18-CME,9136473,2018-07-25 13:29:17.001000+00:00,7420.75,{'stop_loss_price': 7420.75}
INVALID_RISK_UNIT,risk_unit == 0 or non-finite,NQU18-CME,9136474,2018-07-25 13:29:17.002000+00:00,7420.75,{'stop_loss_price': 7420.75}
INVALID_RISK_UNIT,risk_unit == 0 or non-finite,NQU18-CME,9136479,2018-07-25 13:29:19+00:00,7420.75,{'stop_loss_price': 7420.75}
INVALID_RISK_UNIT,risk_unit == 0 or non-finite,NQU18-CME,9136480,2018-07-25 13:29:19.001000+00:00,7420.75,{'stop_loss_price': 7420.75}
INVALID_RISK_UNIT,risk_unit == 0 or non-finite,NQU18-CME,9136481,2018-07-25 13:29:19.002000+00:00,7420.75,{'stop_loss_price': 7420.75}
INVALID_RISK_UNIT,risk_unit == 0 or non-finite,NQU18-CME,9136482,2018-07-25 13:29:19.003000+00:00,7420.75,{'stop_loss_price': 7420.75}
INVALID_RISK_UNIT,risk_unit == 0 or non-finite,NQU18-CME,9136483,2018-07-25 13:29:19.004000+00:00,7420.75,{'stop_loss_price': 7420.75}
INVALID_RISK_UNIT,risk_unit == 0 or non-finite,NQU18-CME,9136484,2018-07-25 13:29:19.005000+00:00,7420.75,{'stop_loss_price': 7420.75}
INVALID_RISK_UNIT,risk_unit == 0 or non-finite,NQU18-CME,9136485,2018-07-25 13:29:19.006000+00:00,7420.75,{'stop_loss_price': 7420.75}
INVALID_RISK_UNIT,risk_unit == 0 or non-finite,NQU18-CME,9136486,2018-07-25 13:29:19.007000+00:00,7420.75,{'stop_loss_price': 7420.75}
INVALID_RISK_UNIT,risk_unit == 0 or non-finite,NQU18-CME,9136487,2018-07-25 13:29:19.008000+00:00,7420.75,{'stop_loss_price': 7420.75}
INVALID_RISK_UNIT,risk_unit == 0 or non-finite,NQU18-CME,9136488,2018-07-25 13:29:19.009000+00:00,7420.75,{'stop_loss_price': 7420.75}
INVALID_RISK_UNIT,risk_unit == 0 or non-finite,NQU18-CME,9146556,2018-07-25 13:35:05.005000+00:00,7432.25,{'stop_loss_price': 7432.25}
INVALID_RISK_UNIT,risk_unit == 0 or non-finite,NQU18-CME,9146557,2018-07-25 13:35:05.006000+00:00,7432.25,{'stop_loss_price': 7432.25}
INVALID_RISK_UNIT,risk_unit == 0 or non-finite,NQU18-CME,9146558,2018-07-25 13:35:05.007000+00:00,7432.25,{'stop_loss_price': 7432.25}
INVALID_RISK_UNIT,risk_unit == 0 or non-finite,NQU18-CME,9215053,2018-07-25 14:50:38.004000+00:00,7426.75,{'stop_loss_price': 7426.75}
INVALID_RISK_UNIT,risk_unit == 0 or non-finite,NQU18-CME,9215054,2018-07-25 14:50:38.005000+00:00,7426.75,{'stop_loss_price': 7426.75}
INVALID_RISK_UNIT,risk_unit == 0 or non-finite,NQU18-CME,9215055,2018-07-25 14:50:38.006000+00:00,7426.75,{'stop_loss_price': 7426.75}
INVALID_RISK_UNIT,risk_unit == 0 or non-finite,NQU18-CME,9215058,2018-07-25 14:50:39+00:00,7426.75,{'stop_loss_price': 7426.75}
INVALID_RISK_UNIT,risk_unit == 0 or non-finite,NQU18-CME,9215059,2018-07-25 14:50:39.001000+00:00,7426.75,{'stop_loss_price': 7426.75}
INVALID_RISK_UNIT,risk_unit == 0 or non-finite,NQU18-CME,9254962,2018-07-25 16:07:09+00:00,7455.0,{'stop_loss_price': 7455.0}
INVALID_RISK_UNIT,risk_unit == 0 or non-finite,NQU18-CME,9272839,2018-07-25 16:53:27.006000+00:00,7470.0,{'stop_loss_price': 7470.0}
INVALID_RISK_UNIT,risk_unit == 0 or non-finite,NQU18-CME,9404517,2018-07-26 01:13:17+00:00,7425.75,{'stop_loss_price': 7425.75}
INVALID_RISK_UNIT,risk_unit == 0 or non-finite,NQU18-CME,9442342,2018-07-26 12:31:27+00:00,7419.0,{'stop_loss_price': 7419.0}
INVALID_RISK_UNIT,risk_unit == 0 or non-finite,NQU18-CME,9442343,2018-07-26 12:31:27.001000+00:00,7419.0,{'stop_loss_price': 7419.0}
INVALID_RISK_UNIT,risk_unit == 0 or non-finite,NQU18-CME,9442344,2018-07-26 12:31:27.002000+00:00,7419.0,{'stop_loss_price': 7419.0}
INVALID_RISK_UNIT,risk_unit == 0 or non-finite,NQU18-CME,9442345,2018-07-26 12:31:27.003000+00:00,7419.0,{'stop_loss_price': 7419.0}
INVALID_RISK_UNIT,risk_unit == 0 or non-finite,NQU18-CME,9514701,2018-07-26 14:02:34.009000+00:00,7418.75,{'stop_loss_price': 7418.75}
INVALID_RISK_UNIT,risk_unit == 0 or non-finite,NQU18-CME,9514702,2018-07-26 14:02:34.010000+00:00,7418.75,{'stop_loss_price': 7418.75}
INVALID_RISK_UNIT,risk_unit == 0 or non-finite,NQU18-CME,9514703,2018-07-26 14:02:34.011000+00:00,7418.75,{'stop_loss_price': 7418.75}
INVALID_RISK_UNIT,risk_unit == 0 or non-finite,NQU18-CME,9514704,2018-07-26 14:02:34.012000+00:00,7418.75,{'stop_loss_price': 7418.75}
INVALID_RISK_UNIT,risk_unit == 0 or non-finite,NQU18-CME,9514705,2018-07-26 14:02:34.013000+00:00,7418.75,{'stop_loss_price': 7418.75}
INVALID_RISK_UNIT,risk_unit == 0 or non-finite,NQU18-CME,9514706,2018-07-26 14:02:34.014000+00:00,7418.75,{'stop_loss_price': 7418.75}
INVALID_RISK_UNIT,risk_unit == 0 or non-finite,NQU18-CME,9514707,2018-07-26 14:02:34.015000+00:00,7418.75,{'stop_loss_price': 7418.75}
INVALID_RISK_UNIT,risk_unit == 0 or non-finite,NQU18-CME,9514708,2018-07-26 14:02:34.016000+00:00,7418.75,{'stop_loss_price': 7418.75}
INVALID_RISK_UNIT,risk_unit == 0 or non-finite,NQU18-CME,9514709,2018-07-26 14:02:34.017000+00:00,7418.75,{'stop_loss_price': 7418.75}
INVALID_RISK_UNIT,risk_unit == 0 or non-finite,NQU18-CME,9514710,2018-07-26 14:02:34.018000+00:00,7418.75,{'stop_loss_price': 7418.75}
INVALID_RISK_UNIT,risk_unit == 0 or non-finite,NQU18-CME,9514712,2018-07-26 14:02:35+00:00,7418.75,{'stop_loss_price': 7418.75}
INVALID_RISK_UNIT,risk_unit == 0 or non-finite,NQU18-CME,9545767,2018-07-26 14:37:10.001000+00:00,7418.25,{'stop_loss_price': 7418.25}
INVALID_RISK_UNIT,risk_unit == 0 or non-finite,NQU18-CME,9569540,2018-07-26 15:16:34.007000+00:00,7430.25,{'stop_loss_price': 7430.25}
INVALID_RISK_UNIT,risk_unit == 0 or non-finite,NQU18-CME,9569541,2018-07-26 15:16:34.008000+00:00,7430.25,{'stop_loss_price': 7430.25}
INVALID_RISK_UNIT,risk_unit == 0 or non-finite,NQU18-CME,9569542,2018-07-26 15:16:34.009000+00:00,7430.25,{'stop_loss_price': 7430.25}
INVALID_RISK_UNIT,risk_unit == 0 or non-finite,NQU18-CME,9569543,2018-07-26 15:16:34.010000+00:00,7430.25,{'stop_loss_price': 7430.25}
INVALID_RISK_UNIT,risk_unit == 0 or non-finite,NQU18-CME,9569544,2018-07-26 15:16:34.011000+00:00,7430.25,{'stop_loss_price': 7430.25}
INVALID_RISK_UNIT,risk_unit == 0 or non-finite,NQU18-CME,9569545,2018-07-26 15:16:34.012000+00:00,7430.25,{'stop_loss_price': 7430.25}
INVALID_RISK_UNIT,risk_unit == 0 or non-finite,NQU18-CME,9569546,2018-07-26 15:16:34.013000+00:00,7430.25,{'stop_loss_price': 7430.25}
INVALID_RISK_UNIT,risk_unit == 0 or non-finite,NQU18-CME,9577154,2018-07-26 15:29:09.004000+00:00,7437.5,{'stop_loss_price': 7437.5}
INVALID_RISK_UNIT,risk_unit == 0 or non-finite,NQU18-CME,9577155,2018-07-26 15:29:09.005000+00:00,7437.5,{'stop_loss_price': 7437.5}
INVALID_RISK_UNIT,risk_unit == 0 or non-finite,NQU18-CME,9577156,2018-07-26 15:29:09.006000+00:00,7437.5,{'stop_loss_price': 7437.5}
INVALID_RISK_UNIT,risk_unit == 0 or non-finite,NQU18-CME,9577157,2018-07-26 15:29:09.007000+00:00,7437.5,{'stop_loss_price': 7437.5}
INVALID_RISK_UNIT,risk_unit == 0 or non-finite,NQU18-CME,9577158,2018-07-26 15:29:09.008000+00:00,7437.5,{'stop_loss_price': 7437.5}
INVALID_RISK_UNIT,risk_unit == 0 or non-finite,NQU18-CME,9577159,2018-07-26 15:29:09.009000+00:00,7437.5,{'stop_loss_price': 7437.5}
INVALID_RISK_UNIT,risk_unit == 0 or non-finite,NQU18-CME,9631648,2018-07-26 17:40:26+00:00,7419.0,{'stop_loss_price': 7419.0}
INVALID_RISK_UNIT,risk_unit == 0 or non-finite,NQU18-CME,9631649,2018-07-26 17:40:26.001000+00:00,7419.0,{'stop_loss_price': 7419.0}
INVALID_RISK_UNIT,risk_unit == 0 or non-finite,NQU18-CME,9648399,2018-07-26 18:45:47+00:00,7415.25,{'stop_loss_price': 7415.25}
INVALID_RISK_UNIT,risk_unit == 0 or non-finite,NQU18-CME,9648400,2018-07-26 18:45:47.001000+00:00,7415.25,{'stop_loss_price': 7415.25}
INVALID_RISK_UNIT,risk_unit == 0 or non-finite,NQU18-CME,9648401,2018-07-26 18:45:47.002000+00:00,7415.25,{'stop_loss_price': 7415.25}
INVALID_RISK_UNIT,risk_unit == 0 or non-finite,NQU18-CME,9648402,2018-07-26 18:45:47.003000+00:00,7415.25,{'stop_loss_price': 7415.25}
INVALID_RISK_UNIT,risk_unit == 0 or non-finite,NQU18-CME,9648403,2018-07-26 18:45:47.004000+00:00,7415.25,{'stop_loss_price': 7415.25}
INVALID_RISK_UNIT,risk_unit == 0 or non-finite,NQU18-CME,9648404,2018-07-26 18:45:47.005000+00:00,7415.25,{'stop_loss_price': 7415.25}
INVALID_RISK_UNIT,risk_unit == 0 or non-finite,NQU18-CME,9648405,2018-07-26 18:45:47.006000+00:00,7415.25,{'stop_loss_price': 7415.25}
INVALID_RISK_UNIT,risk_unit == 0 or non-finite,NQU18-CME,9648406,2018-07-26 18:45:47.007000+00:00,7415.25,{'stop_loss_price': 7415.25}
INVALID_RISK_UNIT,risk_unit == 0 or non-finite,NQU18-CME,9648415,2018-07-26 18:45:48.003000+00:00,7415.25,{'stop_loss_price': 7415.25}
INVALID_RISK_UNIT,risk_unit == 0 or non-finite,NQU18-CME,9648416,2018-07-26 18:45:48.004000+00:00,7415.25,{'stop_loss_price': 7415.25}
INVALID_RISK_UNIT,risk_unit == 0 or non-finite,NQU18-CME,9648417,2018-07-26 18:45:48.005000+00:00,7415.25,{'stop_loss_price': 7415.25}
INVALID_RISK_UNIT,risk_unit == 0 or non-finite,NQU18-CME,9648418,2018-07-26 18:45:48.006000+00:00,7415.25,{'stop_loss_price': 7415.25}
INVALID_RISK_UNIT,risk_unit == 0 or non-finite,NQU18-CME,9688683,2018-07-26 20:03:51.072000+00:00,7443.0,{'stop_loss_price': 7443.0}
INVALID_RISK_UNIT,risk_unit == 0 or non-finite,NQU18-CME,9797880,2018-07-27 14:01:02.003000+00:00,7403.5,{'stop_loss_price': 7403.5}
INVALID_RISK_UNIT,risk_unit == 0 or non-finite,NQU18-CME,9797881,2018-07-27 14:01:02.004000+00:00,7403.5,{'stop_loss_price': 7403.5}
INVALID_RISK_UNIT,risk_unit == 0 or non-finite,NQU18-CME,9797882,2018-07-27 14:01:02.005000+00:00,7403.5,{'stop_loss_price': 7403.5}
INVALID_RISK_UNIT,risk_unit == 0 or non-finite,NQU18-CME,9797883,2018-07-27 14:01:02.006000+00:00,7403.5,{'stop_loss_price': 7403.5}
INVALID_RISK_UNIT,risk_unit == 0 or non-finite,NQU18-CME,9821693,2018-07-27 14:21:20.235000+00:00,7410.0,{'stop_loss_price': 7410.0}
INVALID_RISK_UNIT,risk_unit == 0 or non-finite,NQU18-CME,9850247,2018-07-27 14:47:59.030000+00:00,7376.25,{'stop_loss_price': 7376.25}
INVALID_RISK_UNIT,risk_unit == 0 or non-finite,NQU18-CME,9850248,2018-07-27 14:47:59.031000+00:00,7376.25,{'stop_loss_price': 7376.25}
INVALID_RISK_UNIT,risk_unit == 0 or non-finite,NQU18-CME,9850249,2018-07-27 14:47:59.032000+00:00,7376.25,{'stop_loss_price': 7376.25}
INVALID_RISK_UNIT,risk_unit == 0 or non-finite,NQU18-CME,9850250,2018-07-27 14:47:59.033000+00:00,7376.25,{'stop_loss_price': 7376.25}
INVALID_RISK_UNIT,risk_unit == 0 or non-finite,NQU18-CME,9850251,2018-07-27 14:47:59.034000+00:00,7376.25,{'stop_loss_price': 7376.25}
INVALID_RISK_UNIT,risk_unit == 0 or non-finite,NQU18-CME,9850252,2018-07-27 14:47:59.035000+00:00,7376.25,{'stop_loss_price': 7376.25}
INVALID_RISK_UNIT,risk_unit == 0 or non-finite,NQU18-CME,9868452,2018-07-27 15:07:21.010000+00:00,7378.75,{'stop_loss_price': 7378.75}
INVALID_RISK_UNIT,risk_unit == 0 or non-finite,NQU18-CME,9869500,2018-07-27 15:08:25.011000+00:00,7378.0,{'stop_loss_price': 7378.0}
INVALID_RISK_UNIT,risk_unit == 0 or non-finite,NQU18-CME,9972477,2018-07-27 16:59:49.230000+00:00,7284.25,{'stop_loss_price': 7284.25}
INVALID_RISK_UNIT,risk_unit == 0 or non-finite,NQU18-CME,9972478,2018-07-27 16:59:49.231000+00:00,7284.25,{'stop_loss_price': 7284.25}
INVALID_RISK_UNIT,risk_unit == 0 or non-finite,NQU18-CME,9972479,2018-07-27 16:59:49.232000+00:00,7284.25,{'stop_loss_price': 7284.25}
INVALID_RISK_UNIT,risk_unit == 0 or non-finite,NQU18-CME,9972480,2018-07-27 16:59:49.233000+00:00,7284.25,{'stop_loss_price': 7284.25}
INVALID_RISK_UNIT,risk_unit == 0 or non-finite,NQU18-CME,9972481,2018-07-27 16:59:49.234000+00:00,7284.25,{'stop_loss_price': 7284.25}
INVALID_RISK_UNIT,risk_unit == 0 or non-finite,NQU18-CME,9972482,2018-07-27 16:59:49.235000+00:00,7284.25,{'stop_loss_price': 7284.25}
INVALID_RISK_UNIT,risk_unit == 0 or non-finite,NQU18-CME,9972483,2018-07-27 16:59:49.236000+00:00,7284.25,{'stop_loss_price': 7284.25}
INVALID_RISK_UNIT,risk_unit == 0 or non-finite,NQU18-CME,9972484,2018-07-27 16:59:49.237000+00:00,7284.25,{'stop_loss_price': 7284.25}
INVALID_RISK_UNIT,risk_unit == 0 or non-finite,NQU18-CME,9972485,2018-07-27 16:59:49.238000+00:00,7284.25,{'stop_loss_price': 7284.25}
INVALID_RISK_UNIT,risk_unit == 0 or non-finite,NQU18-CME,9972486,2018-07-27 16:59:49.239000+00:00,7284.25,{'stop_loss_price': 7284.25}
INVALID_RISK_UNIT,risk_unit == 0 or non-finite,NQU18-CME,9972487,2018-07-27 16:59:49.240000+00:00,7284.25,{'stop_loss_price': 7284.25}
INVALID_RISK_UNIT,risk_unit == 0 or non-finite,NQU18-CME,9972488,2018-07-27 16:59:49.241000+00:00,7284.25,{'stop_loss_price': 7284.25}
INVALID_RISK_UNIT,risk_unit == 0 or non-finite,NQU18-CME,9985969,2018-07-27 17:04:33.051000+00:00,7277.0,{'stop_loss_price': 7277.0}
INVALID_RISK_UNIT,risk_unit == 0 or non-finite,NQU18-CME,9985970,2018-07-27 17:04:33.052000+00:00,7277.0,{'stop_loss_price': 7277.0}
INVALID_RISK_UNIT,risk_unit == 0 or non-finite,NQU18-CME,9985971,2018-07-27 17:04:33.053000+00:00,7277.0,{'stop_loss_price': 7277.0}
INVALID_RISK_UNIT,risk_unit == 0 or non-finite,NQU18-CME,9985972,2018-07-27 17:04:33.054000+00:00,7277.0,{'stop_loss_price': 7277.0}
INVALID_RISK_UNIT,risk_unit == 0 or non-finite,NQU18-CME,9985973,2018-07-27 17:04:33.055000+00:00,7277.0,{'stop_loss_price': 7277.0}
INVALID_RISK_UNIT,risk_unit == 0 or non-finite,NQU18-CME,9985974,2018-07-27 17:04:33.056000+00:00,7277.0,{'stop_loss_price': 7277.0}
INVALID_RISK_UNIT,risk_unit == 0 or non-finite,NQU18-CME,9985975,2018-07-27 17:04:33.057000+00:00,7277.0,{'stop_loss_price': 7277.0}
INVALID_RISK_UNIT,risk_unit == 0 or non-finite,NQU18-CME,9985976,2018-07-27 17:04:33.058000+00:00,7277.0,{'stop_loss_price': 7277.0}
INVALID_RISK_UNIT,risk_unit == 0 or non-finite,NQU18-CME,9985991,2018-07-27 17:04:34.006000+00:00,7277.0,{'stop_loss_price': 7277.0}
INVALID_RISK_UNIT,risk_unit == 0 or non-finite,NQU18-CME,9985992,2018-07-27 17:04:34.007000+00:00,7277.0,{'stop_loss_price': 7277.0}
INVALID_RISK_UNIT,risk_unit == 0 or non-finite,NQU18-CME,9985993,2018-07-27 17:04:34.008000+00:00,7277.0,{'stop_loss_price': 7277.0}
INVALID_RISK_UNIT,risk_unit == 0 or non-finite,NQU18-CME,9985994,2018-07-27 17:04:34.009000+00:00,7277.0,{'stop_loss_price': 7277.0}
INVALID_RISK_UNIT,risk_unit == 0 or non-finite,NQU18-CME,9985995,2018-07-27 17:04:34.010000+00:00,7277.0,{'stop_loss_price': 7277.0}
INVALID_RISK_UNIT,risk_unit == 0 or non-finite,NQU18-CME,9985996,2018-07-27 17:04:34.011000+00:00,7277.0,{'stop_loss_price': 7277.0}
INVALID_RISK_UNIT,risk_unit == 0 or non-finite,NQU18-CME,10051839,2018-07-27 18:21:30.011000+00:00,7295.25,{'stop_loss_price': 7295.25}
INVALID_RISK_UNIT,risk_unit == 0 or non-finite,NQU18-CME,10107792,2018-07-27 19:42:40+00:00,7310.0,{'stop_loss_price': 7310.0}
INVALID_RISK_UNIT,risk_unit == 0 or non-finite,NQU18-CME,10130834,2018-07-27 20:10:08+00:00,7304.0,{'stop_loss_price': 7304.0}
INVALID_RISK_UNIT,risk_unit == 0 or non-finite,NQU18-CME,10130835,2018-07-27 20:10:08.001000+00:00,7304.0,{'stop_loss_price': 7304.0}
INVALID_RISK_UNIT,risk_unit == 0 or non-finite,NQU18-CME,10130836,2018-07-27 20:10:08.002000+00:00,7304.0,{'stop_loss_price': 7304.0}
INVALID_RISK_UNIT,risk_unit == 0 or non-finite,NQU18-CME,10130837,2018-07-27 20:10:08.003000+00:00,7304.0,{'stop_loss_price': 7304.0}
INVALID_RISK_UNIT,risk_unit == 0 or non-finite,NQU18-CME,10130838,2018-07-27 20:10:08.004000+00:00,7304.0,{'stop_loss_price': 7304.0}
INVALID_RISK_UNIT,risk_unit == 0 or non-finite,NQU18-CME,10130842,2018-07-27 20:10:09.002000+00:00,7304.0,{'stop_loss_price': 7304.0}
INVALID_RISK_UNIT,risk_unit == 0 or non-finite,NQU18-CME,10153035,2018-07-30 06:27:31.002000+00:00,7267.25,{'stop_loss_price': 7267.25}
INVALID_RISK_UNIT,risk_unit == 0 or non-finite,NQU18-CME,10153036,2018-07-30 06:27:31.003000+00:00,7267.25,{'stop_loss_price': 7267.25}
INVALID_RISK_UNIT,risk_unit == 0 or non-finite,NQU18-CME,10153037,2018-07-30 06:27:31.004000+00:00,7267.25,{'stop_loss_price': 7267.25}
INVALID_RISK_UNIT,risk_unit == 0 or non-finite,NQU18-CME,10153038,2018-07-30 06:27:31.005000+00:00,7267.25,{'stop_loss_price': 7267.25}
INVALID_RISK_UNIT,risk_unit == 0 or non-finite,NQU18-CME,10153039,2018-07-30 06:27:31.006000+00:00,7267.25,{'stop_loss_price': 7267.25}
INVALID_RISK_UNIT,risk_unit == 0 or non-finite,NQU18-CME,10153040,2018-07-30 06:27:31.007000+00:00,7267.25,{'stop_loss_price': 7267.25}
INVALID_RISK_UNIT,risk_unit == 0 or non-finite,NQU18-CME,10153041,2018-07-30 06:27:31.008000+00:00,7267.25,{'stop_loss_price': 7267.25}
INVALID_RISK_UNIT,risk_unit == 0 or non-finite,NQU18-CME,10153050,2018-07-30 06:27:34.002000+00:00,7267.25,{'stop_loss_price': 7267.25}
INVALID_RISK_UNIT,risk_unit == 0 or non-finite,NQU18-CME,10153051,2018-07-30 06:27:34.003000+00:00,7267.25,{'stop_loss_price': 7267.25}
INVALID_RISK_UNIT,risk_unit == 0 or non-finite,NQU18-CME,10153052,2018-07-30 06:27:34.004000+00:00,7267.25,{'stop_loss_price': 7267.25}
INVALID_RISK_UNIT,risk_unit == 0 or non-finite,NQU18-CME,10153053,2018-07-30 06:27:34.005000+00:00,7267.25,{'stop_loss_price': 7267.25}
INVALID_RISK_UNIT,risk_unit == 0 or non-finite,NQU18-CME,10153054,2018-07-30 06:27:34.006000+00:00,7267.25,{'stop_loss_price': 7267.25}
INVALID_RISK_UNIT,risk_unit == 0 or non-finite,NQU18-CME,10153055,2018-07-30 06:27:34.007000+00:00,7267.25,{'stop_loss_price': 7267.25}
INVALID_RISK_UNIT,risk_unit == 0 or non-finite,NQU18-CME,10153056,2018-07-30 06:27:34.008000+00:00,7267.25,{'stop_loss_price': 7267.25}
INVALID_RISK_UNIT,risk_unit == 0 or non-finite,NQU18-CME,10153057,2018-07-30 06:27:34.009000+00:00,7267.25,{'stop_loss_price': 7267.25}
INVALID_RISK_UNIT,risk_unit == 0 or non-finite,NQU18-CME,10161824,2018-07-30 08:47:21.003000+00:00,7294.0,{'stop_loss_price': 7294.0}
INVALID_RISK_UNIT,risk_unit == 0 or non-finite,NQU18-CME,10219789,2018-07-30 13:42:27.026000+00:00,7250.25,{'stop_loss_price': 7250.25}
INVALID_RISK_UNIT,risk_unit == 0 or non-finite,NQU18-CME,10219790,2018-07-30 13:42:27.027000+00:00,7250.25,{'stop_loss_price': 7250.25}
INVALID_RISK_UNIT,risk_unit == 0 or non-finite,NQU18-CME,10219791,2018-07-30 13:42:27.028000+00:00,7250.25,{'stop_loss_price': 7250.25}
INVALID_RISK_UNIT,risk_unit == 0 or non-finite,NQU18-CME,10219792,2018-07-30 13:42:27.029000+00:00,7250.25,{'stop_loss_price': 7250.25}
INVALID_RISK_UNIT,risk_unit == 0 or non-finite,NQU18-CME,10219793,2018-07-30 13:42:27.030000+00:00,7250.25,{'stop_loss_price': 7250.25}
INVALID_RISK_UNIT,risk_unit == 0 or non-finite,NQU18-CME,10219794,2018-07-30 13:42:27.031000+00:00,7250.25,{'stop_loss_price': 7250.25}
INVALID_RISK_UNIT,risk_unit == 0 or non-finite,NQU18-CME,10219804,2018-07-30 13:42:27.041000+00:00,7250.25,{'stop_loss_price': 7250.25}
INVALID_RISK_UNIT,risk_unit == 0 or non-finite,NQU18-CME,10219805,2018-07-30 13:42:27.042000+00:00,7250.25,{'stop_loss_price': 7250.25}
INVALID_RISK_UNIT,risk_unit == 0 or non-finite,NQU18-CME,10219806,2018-07-30 13:42:27.043000+00:00,7250.25,{'stop_loss_price': 7250.25}
INVALID_RISK_UNIT,risk_unit == 0 or non-finite,NQU18-CME,10219807,2018-07-30 13:42:27.044000+00:00,7250.25,{'stop_loss_price': 7250.25}
INVALID_RISK_UNIT,risk_unit == 0 or non-finite,NQU18-CME,10219808,2018-07-30 13:42:27.045000+00:00,7250.25,{'stop_loss_price': 7250.25}
INVALID_RISK_UNIT,risk_unit == 0 or non-finite,NQU18-CME,10219809,2018-07-30 13:42:27.046000+00:00,7250.25,{'stop_loss_price': 7250.25}
INVALID_RISK_UNIT,risk_unit == 0 or non-finite,NQU18-CME,10219810,2018-07-30 13:42:27.047000+00:00,7250.25,{'stop_loss_price': 7250.25}
INVALID_RISK_UNIT,risk_unit == 0 or non-finite,NQU18-CME,10346084,2018-07-30 15:01:48.009000+00:00,7214.0,{'stop_loss_price': 7214.0}
INVALID_RISK_UNIT,risk_unit == 0 or non-finite,NQU18-CME,10368605,2018-07-30 15:19:35.013000+00:00,7217.75,{'stop_loss_price': 7217.75}
INVALID_RISK_UNIT,risk_unit == 0 or non-finite,NQU18-CME,10368606,2018-07-30 15:19:35.014000+00:00,7217.75,{'stop_loss_price': 7217.75}
INVALID_RISK_UNIT,risk_unit == 0 or non-finite,NQU18-CME,10368607,2018-07-30 15:19:36+00:00,7217.75,{'stop_loss_price': 7217.75}
INVALID_RISK_UNIT,risk_unit == 0 or non-finite,NQU18-CME,10402442,2018-07-30 16:08:23+00:00,7208.5,{'stop_loss_price': 7208.5}
INVALID_RISK_UNIT,risk_unit == 0 or non-finite,NQU18-CME,10402443,2018-07-30 16:08:23.001000+00:00,7208.5,{'stop_loss_price': 7208.5}
INVALID_RISK_UNIT,risk_unit == 0 or non-finite,NQU18-CME,10402444,2018-07-30 16:08:23.002000+00:00,7208.5,{'stop_loss_price': 7208.5}
INVALID_RISK_UNIT,risk_unit == 0 or non-finite,NQU18-CME,10402445,2018-07-30 16:08:23.003000+00:00,7208.5,{'stop_loss_price': 7208.5}
INVALID_RISK_UNIT,risk_unit == 0 or non-finite,NQU18-CME,10402446,2018-07-30 16:08:23.004000+00:00,7208.5,{'stop_loss_price': 7208.5}
INVALID_RISK_UNIT,risk_unit == 0 or non-finite,NQU18-CME,10402447,2018-07-30 16:08:23.005000+00:00,7208.5,{'stop_loss_price': 7208.5}
INVALID_RISK_UNIT,risk_unit == 0 or non-finite,NQU18-CME,10402448,2018-07-30 16:08:23.006000+00:00,7208.5,{'stop_loss_price': 7208.5}
INVALID_RISK_UNIT,risk_unit == 0 or non-finite,NQU18-CME,10402449,2018-07-30 16:08:23.007000+00:00,7208.5,{'stop_loss_price': 7208.5}
INVALID_RISK_UNIT,risk_unit == 0 or non-finite,NQU18-CME,10402450,2018-07-30 16:08:23.008000+00:00,7208.5,{'stop_loss_price': 7208.5}
INVALID_RISK_UNIT,risk_unit == 0 or non-finite,NQU18-CME,10402451,2018-07-30 16:08:23.009000+00:00,7208.5,{'stop_loss_price': 7208.5}
INVALID_RISK_UNIT,risk_unit == 0 or non-finite,NQU18-CME,10402452,2018-07-30 16:08:23.010000+00:00,7208.5,{'stop_loss_price': 7208.5}
INVALID_RISK_UNIT,risk_unit == 0 or non-finite,NQU18-CME,10510304,2018-07-30 19:06:18.002000+00:00,7211.75,{'stop_loss_price': 7211.75}
INVALID_RISK_UNIT,risk_unit == 0 or non-finite,NQU18-CME,10510305,2018-07-30 19:06:18.003000+00:00,7211.75,{'stop_loss_price': 7211.75}
INVALID_RISK_UNIT,risk_unit == 0 or non-finite,NQU18-CME,10510306,2018-07-30 19:06:18.004000+00:00,7211.75,{'stop_loss_price': 7211.75}
INVALID_RISK_UNIT,risk_unit == 0 or non-finite,NQU18-CME,10566060,2018-07-31 04:29:14.013000+00:00,7210.5,{'stop_loss_price': 7210.5}
INVALID_RISK_UNIT,risk_unit == 0 or non-finite,NQU18-CME,10566061,2018-07-31 04:29:14.014000+00:00,7210.5,{'stop_loss_price': 7210.5}
INVALID_RISK_UNIT,risk_unit == 0 or non-finite,NQU18-CME,10566062,2018-07-31 04:29:14.015000+00:00,7210.5,{'stop_loss_price': 7210.5}
INVALID_RISK_UNIT,risk_unit == 0 or non-finite,NQU18-CME,10566068,2018-07-31 04:29:15+00:00,7210.5,{'stop_loss_price': 7210.5}
INVALID_RISK_UNIT,risk_unit == 0 or non-finite,NQU18-CME,10604906,2018-07-31 13:24:53.073000+00:00,7240.5,{'stop_loss_price': 7240.5}
INVALID_RISK_UNIT,risk_unit == 0 or non-finite,NQU18-CME,10604907,2018-07-31 13:24:53.074000+00:00,7240.5,{'stop_loss_price': 7240.5}
INVALID_RISK_UNIT,risk_unit == 0 or non-finite,NQU18-CME,10604908,2018-07-31 13:24:53.075000+00:00,7240.5,{'stop_loss_price': 7240.5}
INVALID_RISK_UNIT,risk_unit == 0 or non-finite,NQU18-CME,10604909,2018-07-31 13:24:53.076000+00:00,7240.5,{'stop_loss_price': 7240.5}
INVALID_RISK_UNIT,risk_unit == 0 or non-finite,NQU18-CME,10604910,2018-07-31 13:24:53.077000+00:00,7240.5,{'stop_loss_price': 7240.5}
INVALID_RISK_UNIT,risk_unit == 0 or non-finite,NQU18-CME,10604911,2018-07-31 13:24:53.078000+00:00,7240.5,{'stop_loss_price': 7240.5}
INVALID_RISK_UNIT,risk_unit == 0 or non-finite,NQU18-CME,10604912,2018-07-31 13:24:53.079000+00:00,7240.5,{'stop_loss_price': 7240.5}
INVALID_RISK_UNIT,risk_unit == 0 or non-finite,NQU18-CME,10604913,2018-07-31 13:24:53.080000+00:00,7240.5,{'stop_loss_price': 7240.5}
INVALID_RISK_UNIT,risk_unit == 0 or non-finite,NQU18-CME,10604914,2018-07-31 13:24:53.081000+00:00,7240.5,{'stop_loss_price': 7240.5}
INVALID_RISK_UNIT,risk_unit == 0 or non-finite,NQU18-CME,10604915,2018-07-31 13:24:53.082000+00:00,7240.5,{'stop_loss_price': 7240.5}
INVALID_RISK_UNIT,risk_unit == 0 or non-finite,NQU18-CME,10658205,2018-07-31 13:50:02.023000+00:00,7236.25,{'stop_loss_price': 7236.25}
INVALID_RISK_UNIT,risk_unit == 0 or non-finite,NQU18-CME,10658206,2018-07-31 13:50:02.024000+00:00,7236.25,{'stop_loss_price': 7236.25}
INVALID_RISK_UNIT,risk_unit == 0 or non-finite,NQU18-CME,10658207,2018-07-31 13:50:02.025000+00:00,7236.25,{'stop_loss_price': 7236.25}
INVALID_RISK_UNIT,risk_unit == 0 or non-finite,NQU18-CME,10658208,2018-07-31 13:50:02.026000+00:00,7236.25,{'stop_loss_price': 7236.25}
INVALID_RISK_UNIT,risk_unit == 0 or non-finite,NQU18-CME,10658209,2018-07-31 13:50:02.027000+00:00,7236.25,{'stop_loss_price': 7236.25}
INVALID_RISK_UNIT,risk_unit == 0 or non-finite,NQU18-CME,10658210,2018-07-31 13:50:02.028000+00:00,7236.25,{'stop_loss_price': 7236.25}
INVALID_RISK_UNIT,risk_unit == 0 or non-finite,NQU18-CME,10658211,2018-07-31 13:50:02.029000+00:00,7236.25,{'stop_loss_price': 7236.25}
INVALID_RISK_UNIT,risk_unit == 0 or non-finite,NQU18-CME,10658212,2018-07-31 13:50:03+00:00,7236.25,{'stop_loss_price': 7236.25}
INVALID_RISK_UNIT,risk_unit == 0 or non-finite,NQU18-CME,10658213,2018-07-31 13:50:03.001000+00:00,7236.25,{'stop_loss_price': 7236.25}
INVALID_RISK_UNIT,risk_unit == 0 or non-finite,NQU18-CME,10658632,2018-07-31 13:50:19.009000+00:00,7234.75,{'stop_loss_price': 7234.75}
INVALID_RISK_UNIT,risk_unit == 0 or non-finite,NQU18-CME,10658633,2018-07-31 13:50:19.010000+00:00,7234.75,{'stop_loss_price': 7234.75}
INVALID_RISK_UNIT,risk_unit == 0 or non-finite,NQU18-CME,10658634,2018-07-31 13:50:19.011000+00:00,7234.75,{'stop_loss_price': 7234.75}
INVALID_RISK_UNIT,risk_unit == 0 or non-finite,NQU18-CME,10658635,2018-07-31 13:50:19.012000+00:00,7234.75,{'stop_loss_price': 7234.75}
INVALID_RISK_UNIT,risk_unit == 0 or non-finite,NQU18-CME,10658636,2018-07-31 13:50:19.013000+00:00,7234.75,{'stop_loss_price': 7234.75}
INVALID_RISK_UNIT,risk_unit == 0 or non-finite,NQU18-CME,10658637,2018-07-31 13:50:19.014000+00:00,7234.75,{'stop_loss_price': 7234.75}
INVALID_RISK_UNIT,risk_unit == 0 or non-finite,NQU18-CME,10658640,2018-07-31 13:50:19.017000+00:00,7234.75,{'stop_loss_price': 7234.75}
INVALID_RISK_UNIT,risk_unit == 0 or non-finite,NQU18-CME,10658641,2018-07-31 13:50:19.018000+00:00,7234.75,{'stop_loss_price': 7234.75}
INVALID_RISK_UNIT,risk_unit == 0 or non-finite,NQU18-CME,10658642,2018-07-31 13:50:19.019000+00:00,7234.75,{'stop_loss_price': 7234.75}
INVALID_RISK_UNIT,risk_unit == 0 or non-finite,NQU18-CME,10658643,2018-07-31 13:50:19.020000+00:00,7234.75,{'stop_loss_price': 7234.75}
INVALID_RISK_UNIT,risk_unit == 0 or non-finite,NQU18-CME,10658644,2018-07-31 13:50:19.021000+00:00,7234.75,{'stop_loss_price': 7234.75}
INVALID_RISK_UNIT,risk_unit == 0 or non-finite,NQU18-CME,10658645,2018-07-31 13:50:19.022000+00:00,7234.75,{'stop_loss_price': 7234.75}
INVALID_RISK_UNIT,risk_unit == 0 or non-finite,NQU18-CME,10699928,2018-07-31 14:16:57.006000+00:00,7216.0,{'stop_loss_price': 7216.0}
INVALID_RISK_UNIT,risk_unit == 0 or non-finite,NQU18-CME,10699929,2018-07-31 14:16:57.007000+00:00,7216.0,{'stop_loss_price': 7216.0}
INVALID_RISK_UNIT,risk_unit == 0 or non-finite,NQU18-CME,10725008,2018-07-31 14:30:49+00:00,7209.0,{'stop_loss_price': 7209.0}
INVALID_RISK_UNIT,risk_unit == 0 or non-finite,NQU18-CME,10725009,2018-07-31 14:30:49.001000+00:00,7209.0,{'stop_loss_price': 7209.0}
INVALID_RISK_UNIT,risk_unit == 0 or non-finite,NQU18-CME,10725010,2018-07-31 14:30:49.002000+00:00,7209.0,{'stop_loss_price': 7209.0}
INVALID_RISK_UNIT,risk_unit == 0 or non-finite,NQU18-CME,10725011,2018-07-31 14:30:49.003000+00:00,7209.0,{'stop_loss_price': 7209.0}
INVALID_RISK_UNIT,risk_unit == 0 or non-finite,NQU18-CME,10725012,2018-07-31 14:30:49.004000+00:00,7209.0,{'stop_loss_price': 7209.0}
INVALID_RISK_UNIT,risk_unit == 0 or non-finite,NQU18-CME,10752401,2018-07-31 15:01:27.010000+00:00,7224.0,{'stop_loss_price': 7224.0}
INVALID_RISK_UNIT,risk_unit == 0 or non-finite,NQU18-CME,10764472,2018-07-31 15:15:08.013000+00:00,7240.0,{'stop_loss_price': 7240.0}
INVALID_RISK_UNIT,risk_unit == 0 or non-finite,NQU18-CME,10764473,2018-07-31 15:15:08.014000+00:00,7240.0,{'stop_loss_price': 7240.0}
INVALID_RISK_UNIT,risk_unit == 0 or non-finite,NQU18-CME,10764474,2018-07-31 15:15:08.015000+00:00,7240.0,{'stop_loss_price': 7240.0}
INVALID_RISK_UNIT,risk_unit == 0 or non-finite,NQU18-CME,10764475,2018-07-31 15:15:08.016000+00:00,7240.0,{'stop_loss_price': 7240.0}
INVALID_RISK_UNIT,risk_unit == 0 or non-finite,NQU18-CME,10764476,2018-07-31 15:15:08.017000+00:00,7240.0,{'stop_loss_price': 7240.0}
INVALID_RISK_UNIT,risk_unit == 0 or non-finite,NQU18-CME,10764477,2018-07-31 15:15:08.018000+00:00,7240.0,{'stop_loss_price': 7240.0}
INVALID_RISK_UNIT,risk_unit == 0 or non-finite,NQU18-CME,10764478,2018-07-31 15:15:08.019000+00:00,7240.0,{'stop_loss_price': 7240.0}
INVALID_RISK_UNIT,risk_unit == 0 or non-finite,NQU18-CME,10764479,2018-07-31 15:15:08.020000+00:00,7240.0,{'stop_loss_price': 7240.0}
INVALID_RISK_UNIT,risk_unit == 0 or non-finite,NQU18-CME,10764480,2018-07-31 15:15:08.021000+00:00,7240.0,{'stop_loss_price': 7240.0}
INVALID_RISK_UNIT,risk_unit == 0 or non-finite,NQU18-CME,10764481,2018-07-31 15:15:08.022000+00:00,7240.0,{'stop_loss_price': 7240.0}
INVALID_RISK_UNIT,risk_unit == 0 or non-finite,NQU18-CME,10764482,2018-07-31 15:15:08.023000+00:00,7240.0,{'stop_loss_price': 7240.0}
INVALID_RISK_UNIT,risk_unit == 0 or non-finite,NQU18-CME,10764483,2018-07-31 15:15:08.024000+00:00,7240.0,{'stop_loss_price': 7240.0}
INVALID_RISK_UNIT,risk_unit == 0 or non-finite,NQU18-CME,10764484,2018-07-31 15:15:08.025000+00:00,7240.0,{'stop_loss_price': 7240.0}
INVALID_RISK_UNIT,risk_unit == 0 or non-finite,NQU18-CME,10764485,2018-07-31 15:15:08.026000+00:00,7240.0,{'stop_loss_price': 7240.0}
INVALID_RISK_UNIT,risk_unit == 0 or non-finite,NQU18-CME,10764486,2018-07-31 15:15:08.027000+00:00,7240.0,{'stop_loss_price': 7240.0}
INVALID_RISK_UNIT,risk_unit == 0 or non-finite,NQU18-CME,10764487,2018-07-31 15:15:08.028000+00:00,7240.0,{'stop_loss_price': 7240.0}
INVALID_RISK_UNIT,risk_unit == 0 or non-finite,NQU18-CME,10764488,2018-07-31 15:15:08.029000+00:00,7240.0,{'stop_loss_price': 7240.0}
INVALID_RISK_UNIT,risk_unit == 0 or non-finite,NQU18-CME,10764489,2018-07-31 15:15:08.030000+00:00,7240.0,{'stop_loss_price': 7240.0}
INVALID_RISK_UNIT,risk_unit == 0 or non-finite,NQU18-CME,10832859,2018-07-31 17:28:56.026000+00:00,7256.0,{'stop_loss_price': 7256.0}
INVALID_RISK_UNIT,risk_unit == 0 or non-finite,NQU18-CME,10832860,2018-07-31 17:28:56.027000+00:00,7256.0,{'stop_loss_price': 7256.0}
INVALID_RISK_UNIT,risk_unit == 0 or non-finite,NQU18-CME,10832861,2018-07-31 17:28:56.028000+00:00,7256.0,{'stop_loss_price': 7256.0}
INVALID_RISK_UNIT,risk_unit == 0 or non-finite,NQU18-CME,10832862,2018-07-31 17:28:57+00:00,7256.0,{'stop_loss_price': 7256.0}
INVALID_RISK_UNIT,risk_unit == 0 or non-finite,NQU18-CME,10832863,2018-07-31 17:28:57.001000+00:00,7256.0,{'stop_loss_price': 7256.0}
INVALID_RISK_UNIT,risk_unit == 0 or non-finite,NQU18-CME,10832864,2018-07-31 17:28:57.002000+00:00,7256.0,{'stop_loss_price': 7256.0}
INVALID_RISK_UNIT,risk_unit == 0 or non-finite,NQU18-CME,10832865,2018-07-31 17:28:57.003000+00:00,7256.0,{'stop_loss_price': 7256.0}
INVALID_RISK_UNIT,risk_unit == 0 or non-finite,NQU18-CME,10832866,2018-07-31 17:28:57.004000+00:00,7256.0,{'stop_loss_price': 7256.0}
INVALID_RISK_UNIT,risk_unit == 0 or non-finite,NQU18-CME,10832867,2018-07-31 17:28:57.005000+00:00,7256.0,{'stop_loss_price': 7256.0}
INVALID_RISK_UNIT,risk_unit == 0 or non-finite,NQU18-CME,10832868,2018-07-31 17:28:58+00:00,7256.0,{'stop_loss_price': 7256.0}
INVALID_RISK_UNIT,risk_unit == 0 or non-finite,NQU18-CME,10832869,2018-07-31 17:28:58.001000+00:00,7256.0,{'stop_loss_price': 7256.0}
INVALID_RISK_UNIT,risk_unit == 0 or non-finite,NQU18-CME,10832870,2018-07-31 17:28:58.002000+00:00,7256.0,{'stop_loss_price': 7256.0}
INVALID_RISK_UNIT,risk_unit == 0 or non-finite,NQU18-CME,10832871,2018-07-31 17:28:58.003000+00:00,7256.0,{'stop_loss_price': 7256.0}
INVALID_RISK_UNIT,risk_unit == 0 or non-finite,NQU18-CME,10832872,2018-07-31 17:28:58.004000+00:00,7256.0,{'stop_loss_price': 7256.0}
INVALID_RISK_UNIT,risk_unit == 0 or non-finite,NQU18-CME,10832873,2018-07-31 17:28:58.005000+00:00,7256.0,{'stop_loss_price': 7256.0}
INVALID_RISK_UNIT,risk_unit == 0 or non-finite,NQU18-CME,10832874,2018-07-31 17:28:58.006000+00:00,7256.0,{'stop_loss_price': 7256.0}
INVALID_RISK_UNIT,risk_unit == 0 or non-finite,NQU18-CME,10832875,2018-07-31 17:28:58.007000+00:00,7256.0,{'stop_loss_price': 7256.0}
INVALID_RISK_UNIT,risk_unit == 0 or non-finite,NQU18-CME,10832892,2018-07-31 17:29:01.008000+00:00,7256.0,{'stop_loss_price': 7256.0}
INVALID_RISK_UNIT,risk_unit == 0 or non-finite,NQU18-CME,10832893,2018-07-31 17:29:01.009000+00:00,7256.0,{'stop_loss_price': 7256.0}
INVALID_RISK_UNIT,risk_unit == 0 or non-finite,NQU18-CME,10832894,2018-07-31 17:29:01.010000+00:00,7256.0,{'stop_loss_price': 7256.0}
INVALID_RISK_UNIT,risk_unit == 0 or non-finite,NQU18-CME,10832895,2018-07-31 17:29:01.011000+00:00,7256.0,{'stop_loss_price': 7256.0}
INVALID_RISK_UNIT,risk_unit == 0 or non-finite,NQU18-CME,10832896,2018-07-31 17:29:01.012000+00:00,7256.0,{'stop_loss_price': 7256.0}
INVALID_RISK_UNIT,risk_unit == 0 or non-finite,NQU18-CME,10832897,2018-07-31 17:29:01.013000+00:00,7256.0,{'stop_loss_price': 7256.0}
INVALID_RISK_UNIT,risk_unit == 0 or non-finite,NQU18-CME,10832898,2018-07-31 17:29:01.014000+00:00,7256.0,{'stop_loss_price': 7256.0}
INVALID_RISK_UNIT,risk_unit == 0 or non-finite,NQU18-CME,10864452,2018-07-31 19:00:27+00:00,7256.25,{'stop_loss_price': 7256.25}
INVALID_RISK_UNIT,risk_unit == 0 or non-finite,NQU18-CME,10864453,2018-07-31 19:00:27.001000+00:00,7256.25,{'stop_loss_price': 7256.25}
INVALID_RISK_UNIT,risk_unit == 0 or non-finite,NQU18-CME,10864454,2018-07-31 19:00:27.002000+00:00,7256.25,{'stop_loss_price': 7256.25}
INVALID_RISK_UNIT,risk_unit == 0 or non-finite,NQU18-CME,10864455,2018-07-31 19:00:27.003000+00:00,7256.25,{'stop_loss_price': 7256.25}
INVALID_RISK_UNIT,risk_unit == 0 or non-finite,NQU18-CME,10864710,2018-07-31 19:00:53+00:00,7257.25,{'stop_loss_price': 7257.25}
INVALID_RISK_UNIT,risk_unit == 0 or non-finite,NQU18-CME,10878982,2018-07-31 19:39:55.010000+00:00,7248.75,{'stop_loss_price': 7248.75}
INVALID_RISK_UNIT,risk_unit == 0 or non-finite,NQU18-CME,10878983,2018-07-31 19:39:55.011000+00:00,7248.75,{'stop_loss_price': 7248.75}
INVALID_RISK_UNIT,risk_unit == 0 or non-finite,NQU18-CME,10878984,2018-07-31 19:39:56+00:00,7248.75,{'stop_loss_price': 7248.75}
INVALID_RISK_UNIT,risk_unit == 0 or non-finite,NQU18-CME,10878985,2018-07-31 19:39:56.001000+00:00,7248.75,{'stop_loss_price': 7248.75}
INVALID_RISK_UNIT,risk_unit == 0 or non-finite,NQU18-CME,10878986,2018-07-31 19:39:56.002000+00:00,7248.75,{'stop_loss_price': 7248.75}
INVALID_RISK_UNIT,risk_unit == 0 or non-finite,NQU18-CME,10878987,2018-07-31 19:39:56.003000+00:00,7248.75,{'stop_loss_price': 7248.75}
INVALID_RISK_UNIT,risk_unit == 0 or non-finite,NQU18-CME,10878988,2018-07-31 19:39:56.004000+00:00,7248.75,{'stop_loss_price': 7248.75}
INVALID_RISK_UNIT,risk_unit == 0 or non-finite,NQU18-CME,10878989,2018-07-31 19:39:56.005000+00:00,7248.75,{'stop_loss_price': 7248.75}
INVALID_RISK_UNIT,risk_unit == 0 or non-finite,NQU18-CME,10878990,2018-07-31 19:39:56.006000+00:00,7248.75,{'stop_loss_price': 7248.75}
INVALID_RISK_UNIT,risk_unit == 0 or non-finite,NQU18-CME,10878991,2018-07-31 19:39:56.007000+00:00,7248.75,{'stop_loss_price': 7248.75}
INVALID_RISK_UNIT,risk_unit == 0 or non-finite,NQU18-CME,10878992,2018-07-31 19:39:56.008000+00:00,7248.75,{'stop_loss_price': 7248.75}
INVALID_RISK_UNIT,risk_unit == 0 or non-finite,NQU18-CME,10878993,2018-07-31 19:39:56.009000+00:00,7248.75,{'stop_loss_price': 7248.75}
INVALID_RISK_UNIT,risk_unit == 0 or non-finite,NQU18-CME,10878994,2018-07-31 19:39:56.010000+00:00,7248.75,{'stop_loss_price': 7248.75}
INVALID_RISK_UNIT,risk_unit == 0 or non-finite,NQU18-CME,10878995,2018-07-31 19:39:56.011000+00:00,7248.75,{'stop_loss_price': 7248.75}
INVALID_RISK_UNIT,risk_unit == 0 or non-finite,NQU18-CME,10878996,2018-07-31 19:39:56.012000+00:00,7248.75,{'stop_loss_price': 7248.75}
INVALID_RISK_UNIT,risk_unit == 0 or non-finite,NQU18-CME,10932831,2018-08-01 04:18:48+00:00,7263.25,{'stop_loss_price': 7263.25}
INVALID_RISK_UNIT,risk_unit == 0 or non-finite,NQU18-CME,10948564,2018-08-01 10:27:08.001000+00:00,7261.5,{'stop_loss_price': 7261.5}
INVALID_RISK_UNIT,risk_unit == 0 or non-finite,NQU18-CME,10995903,2018-08-01 13:40:41.031000+00:00,7268.25,{'stop_loss_price': 7268.25}
INVALID_RISK_UNIT,risk_unit == 0 or non-finite,NQU18-CME,10995904,2018-08-01 13:40:41.032000+00:00,7268.25,{'stop_loss_price': 7268.25}
INVALID_RISK_UNIT,risk_unit == 0 or non-finite,NQU18-CME,11018444,2018-08-01 13:56:03+00:00,7284.75,{'stop_loss_price': 7284.75}
INVALID_RISK_UNIT,risk_unit == 0 or non-finite,NQU18-CME,11018445,2018-08-01 13:56:03.001000+00:00,7284.75,{'stop_loss_price': 7284.75}
INVALID_RISK_UNIT,risk_unit == 0 or non-finite,NQU18-CME,11018446,2018-08-01 13:56:03.002000+00:00,7284.75,{'stop_loss_price': 7284.75}
INVALID_RISK_UNIT,risk_unit == 0 or non-finite,NQU18-CME,11081106,2018-08-01 15:12:36.062000+00:00,7281.5,{'stop_loss_price': 7281.5}
INVALID_RISK_UNIT,risk_unit == 0 or non-finite,NQU18-CME,11081280,2018-08-01 15:12:48.062000+00:00,7281.5,{'stop_loss_price': 7281.5}
INVALID_RISK_UNIT,risk_unit == 0 or non-finite,NQU18-CME,11081281,2018-08-01 15:12:48.063000+00:00,7281.5,{'stop_loss_price': 7281.5}
INVALID_RISK_UNIT,risk_unit == 0 or non-finite,NQU18-CME,11081282,2018-08-01 15:12:48.064000+00:00,7281.5,{'stop_loss_price': 7281.5}
INVALID_RISK_UNIT,risk_unit == 0 or non-finite,NQU18-CME,11081283,2018-08-01 15:12:48.065000+00:00,7281.5,{'stop_loss_price': 7281.5}
INVALID_RISK_UNIT,risk_unit == 0 or non-finite,NQU18-CME,11081284,2018-08-01 15:12:48.066000+00:00,7281.5,{'stop_loss_price': 7281.5}
INVALID_RISK_UNIT,risk_unit == 0 or non-finite,NQU18-CME,11081285,2018-08-01 15:12:48.067000+00:00,7281.5,{'stop_loss_price': 7281.5}
INVALID_RISK_UNIT,risk_unit == 0 or non-finite,NQU18-CME,11081286,2018-08-01 15:12:48.068000+00:00,7281.5,{'stop_loss_price': 7281.5}
INVALID_RISK_UNIT,risk_unit == 0 or non-finite,NQU18-CME,11081287,2018-08-01 15:12:48.069000+00:00,7281.5,{'stop_loss_price': 7281.5}
INVALID_RISK_UNIT,risk_unit == 0 or non-finite,NQU18-CME,11081288,2018-08-01 15:12:48.070000+00:00,7281.5,{'stop_loss_price': 7281.5}
INVALID_RISK_UNIT,risk_unit == 0 or non-finite,NQU18-CME,11081289,2018-08-01 15:12:48.071000+00:00,7281.5,{'stop_loss_price': 7281.5}
INVALID_RISK_UNIT,risk_unit == 0 or non-finite,NQU18-CME,11081290,2018-08-01 15:12:48.072000+00:00,7281.5,{'stop_loss_price': 7281.5}
INVALID_RISK_UNIT,risk_unit == 0 or non-finite,NQU18-CME,11081291,2018-08-01 15:12:48.073000+00:00,7281.5,{'stop_loss_price': 7281.5}
INVALID_RISK_UNIT,risk_unit == 0 or non-finite,NQU18-CME,11081292,2018-08-01 15:12:48.074000+00:00,7281.5,{'stop_loss_price': 7281.5}
INVALID_RISK_UNIT,risk_unit == 0 or non-finite,NQU18-CME,11081293,2018-08-01 15:12:48.075000+00:00,7281.5,{'stop_loss_price': 7281.5}
INVALID_RISK_UNIT,risk_unit == 0 or non-finite,NQU18-CME,11177413,2018-08-01 18:18:47.010000+00:00,7265.25,{'stop_loss_price': 7265.25}
INVALID_RISK_UNIT,risk_unit == 0 or non-finite,NQU18-CME,11177414,2018-08-01 18:18:47.011000+00:00,7265.25,{'stop_loss_price': 7265.25}
INVALID_RISK_UNIT,risk_unit == 0 or non-finite,NQU18-CME,11177416,2018-08-01 18:18:48+00:00,7265.25,{'stop_loss_price': 7265.25}
INVALID_RISK_UNIT,risk_unit == 0 or non-finite,NQU18-CME,11186954,2018-08-01 18:34:46.001000+00:00,7277.0,{'stop_loss_price': 7277.0}
INVALID_RISK_UNIT,risk_unit == 0 or non-finite,NQU18-CME,11186955,2018-08-01 18:34:46.002000+00:00,7277.0,{'stop_loss_price': 7277.0}
INVALID_RISK_UNIT,risk_unit == 0 or non-finite,NQU18-CME,11186956,2018-08-01 18:34:46.003000+00:00,7277.0,{'stop_loss_price': 7277.0}
INVALID_RISK_UNIT,risk_unit == 0 or non-finite,NQU18-CME,11186957,2018-08-01 18:34:46.004000+00:00,7277.0,{'stop_loss_price': 7277.0}
INVALID_RISK_UNIT,risk_unit == 0 or non-finite,NQU18-CME,11250902,2018-08-02 07:06:21+00:00,7242.0,{'stop_loss_price': 7242.0}
INVALID_RISK_UNIT,risk_unit == 0 or non-finite,NQU18-CME,11250903,2018-08-02 07:06:21.001000+00:00,7242.0,{'stop_loss_price': 7242.0}
INVALID_RISK_UNIT,risk_unit == 0 or non-finite,NQU18-CME,11253267,2018-08-02 07:30:09.001000+00:00,7246.0,{'stop_loss_price': 7246.0}
INVALID_RISK_UNIT,risk_unit == 0 or non-finite,NQU18-CME,11271303,2018-08-02 11:08:34.003000+00:00,7221.75,{'stop_loss_price': 7221.75}
INVALID_RISK_UNIT,risk_unit == 0 or non-finite,NQU18-CME,11277001,2018-08-02 12:07:06+00:00,7220.5,{'stop_loss_price': 7220.5}
INVALID_RISK_UNIT,risk_unit == 0 or non-finite,NQU18-CME,11350933,2018-08-02 14:05:39.019000+00:00,7276.0,{'stop_loss_price': 7276.0}
INVALID_RISK_UNIT,risk_unit == 0 or non-finite,NQU18-CME,11350934,2018-08-02 14:05:39.020000+00:00,7276.0,{'stop_loss_price': 7276.0}
INVALID_RISK_UNIT,risk_unit == 0 or non-finite,NQU18-CME,11350935,2018-08-02 14:05:39.021000+00:00,7276.0,{'stop_loss_price': 7276.0}
INVALID_RISK_UNIT,risk_unit == 0 or non-finite,NQU18-CME,11350936,2018-08-02 14:05:39.022000+00:00,7276.0,{'stop_loss_price': 7276.0}
INVALID_RISK_UNIT,risk_unit == 0 or non-finite,NQU18-CME,11350937,2018-08-02 14:05:39.023000+00:00,7276.0,{'stop_loss_price': 7276.0}
INVALID_RISK_UNIT,risk_unit == 0 or non-finite,NQU18-CME,11350938,2018-08-02 14:05:39.024000+00:00,7276.0,{'stop_loss_price': 7276.0}
INVALID_RISK_UNIT,risk_unit == 0 or non-finite,NQU18-CME,11350939,2018-08-02 14:05:39.025000+00:00,7276.0,{'stop_loss_price': 7276.0}
INVALID_RISK_UNIT,risk_unit == 0 or non-finite,NQU18-CME,11350940,2018-08-02 14:05:39.026000+00:00,7276.0,{'stop_loss_price': 7276.0}
INVALID_RISK_UNIT,risk_unit == 0 or non-finite,NQU18-CME,11402672,2018-08-02 14:51:12+00:00,7306.5,{'stop_loss_price': 7306.5}
INVALID_RISK_UNIT,risk_unit == 0 or non-finite,NQU18-CME,11402673,2018-08-02 14:51:12.001000+00:00,7306.5,{'stop_loss_price': 7306.5}
INVALID_RISK_UNIT,risk_unit == 0 or non-finite,NQU18-CME,11402676,2018-08-02 14:51:12.004000+00:00,7306.5,{'stop_loss_price': 7306.5}
INVALID_RISK_UNIT,risk_unit == 0 or non-finite,NQU18-CME,11428317,2018-08-02 15:23:10.001000+00:00,7307.75,{'stop_loss_price': 7307.75}
INVALID_RISK_UNIT,risk_unit == 0 or non-finite,NQU18-CME,11541041,2018-08-02 18:20:38.008000+00:00,7375.25,{'stop_loss_price': 7375.25}
INVALID_RISK_UNIT,risk_unit == 0 or non-finite,NQU18-CME,11541042,2018-08-02 18:20:38.009000+00:00,7375.25,{'stop_loss_price': 7375.25}
INVALID_RISK_UNIT,risk_unit == 0 or non-finite,NQU18-CME,11541043,2018-08-02 18:20:38.010000+00:00,7375.25,{'stop_loss_price': 7375.25}
INVALID_RISK_UNIT,risk_unit == 0 or non-finite,NQU18-CME,11541045,2018-08-02 18:20:39+00:00,7375.25,{'stop_loss_price': 7375.25}
INVALID_RISK_UNIT,risk_unit == 0 or non-finite,NQU18-CME,11590235,2018-08-02 20:57:51+00:00,7393.0,{'stop_loss_price': 7393.0}
INVALID_RISK_UNIT,risk_unit == 0 or non-finite,NQU18-CME,11706106,2018-08-03 14:14:52.007000+00:00,7387.5,{'stop_loss_price': 7387.5}
INVALID_RISK_UNIT,risk_unit == 0 or non-finite,NQU18-CME,11706107,2018-08-03 14:14:52.008000+00:00,7387.5,{'stop_loss_price': 7387.5}
INVALID_RISK_UNIT,risk_unit == 0 or non-finite,NQU18-CME,11744483,2018-08-03 14:57:36.010000+00:00,7383.75,{'stop_loss_price': 7383.75}
INVALID_RISK_UNIT,risk_unit == 0 or non-finite,NQU18-CME,11744484,2018-08-03 14:57:36.011000+00:00,7383.75,{'stop_loss_price': 7383.75}
INVALID_RISK_UNIT,risk_unit == 0 or non-finite,NQU18-CME,11744485,2018-08-03 14:57:36.012000+00:00,7383.75,{'stop_loss_price': 7383.75}
INVALID_RISK_UNIT,risk_unit == 0 or non-finite,NQU18-CME,11794420,2018-08-03 17:08:06.002000+00:00,7384.75,{'stop_loss_price': 7384.75}
INVALID_RISK_UNIT,risk_unit == 0 or non-finite,NQU18-CME,11870517,2018-08-06 12:34:31+00:00,7404.0,{'stop_loss_price': 7404.0}
INVALID_RISK_UNIT,risk_unit == 0 or non-finite,NQU18-CME,11870518,2018-08-06 12:34:31.001000+00:00,7404.0,{'stop_loss_price': 7404.0}
INVALID_RISK_UNIT,risk_unit == 0 or non-finite,NQU18-CME,11870519,2018-08-06 12:34:31.002000+00:00,7404.0,{'stop_loss_price': 7404.0}
INVALID_RISK_UNIT,risk_unit == 0 or non-finite,NQU18-CME,11870520,2018-08-06 12:34:31.003000+00:00,7404.0,{'stop_loss_price': 7404.0}
INVALID_RISK_UNIT,risk_unit == 0 or non-finite,NQU18-CME,11870521,2018-08-06 12:34:31.004000+00:00,7404.0,{'stop_loss_price': 7404.0}
INVALID_RISK_UNIT,risk_unit == 0 or non-finite,NQU18-CME,11870522,2018-08-06 12:34:31.005000+00:00,7404.0,{'stop_loss_price': 7404.0}
INVALID_RISK_UNIT,risk_unit == 0 or non-finite,NQU18-CME,11875247,2018-08-06 13:20:41+00:00,7399.75,{'stop_loss_price': 7399.75}
INVALID_RISK_UNIT,risk_unit == 0 or non-finite,NQU18-CME,11875248,2018-08-06 13:20:45+00:00,7399.75,{'stop_loss_price': 7399.75}
INVALID_RISK_UNIT,risk_unit == 0 or non-finite,NQU18-CME,11875260,2018-08-06 13:20:51.007000+00:00,7399.75,{'stop_loss_price': 7399.75}
INVALID_RISK_UNIT,risk_unit == 0 or non-finite,NQU18-CME,11875261,2018-08-06 13:20:51.008000+00:00,7399.75,{'stop_loss_price': 7399.75}
INVALID_RISK_UNIT,risk_unit == 0 or non-finite,NQU18-CME,11949076,2018-08-06 14:54:25.008000+00:00,7407.5,{'stop_loss_price': 7407.5}
INVALID_RISK_UNIT,risk_unit == 0 or non-finite,NQU18-CME,11949077,2018-08-06 14:54:25.009000+00:00,7407.5,{'stop_loss_price': 7407.5}
INVALID_RISK_UNIT,risk_unit == 0 or non-finite,NQU18-CME,11949078,2018-08-06 14:54:25.010000+00:00,7407.5,{'stop_loss_price': 7407.5}
INVALID_RISK_UNIT,risk_unit == 0 or non-finite,NQU18-CME,11949079,2018-08-06 14:54:25.011000+00:00,7407.5,{'stop_loss_price': 7407.5}
INVALID_RISK_UNIT,risk_unit == 0 or non-finite,NQU18-CME,12012680,2018-08-06 17:46:06.002000+00:00,7437.5,{'stop_loss_price': 7437.5}
INVALID_RISK_UNIT,risk_unit == 0 or non-finite,NQU18-CME,12012681,2018-08-06 17:46:06.003000+00:00,7437.5,{'stop_loss_price': 7437.5}
INVALID_RISK_UNIT,risk_unit == 0 or non-finite,NQU18-CME,12012682,2018-08-06 17:46:06.004000+00:00,7437.5,{'stop_loss_price': 7437.5}
INVALID_RISK_UNIT,risk_unit == 0 or non-finite,NQU18-CME,12012693,2018-08-06 17:46:12+00:00,7437.5,{'stop_loss_price': 7437.5}
INVALID_RISK_UNIT,risk_unit == 0 or non-finite,NQU18-CME,12012694,2018-08-06 17:46:12.001000+00:00,7437.5,{'stop_loss_price': 7437.5}
INVALID_RISK_UNIT,risk_unit == 0 or non-finite,NQU18-CME,12012695,2018-08-06 17:46:12.002000+00:00,7437.5,{'stop_loss_price': 7437.5}
INVALID_RISK_UNIT,risk_unit == 0 or non-finite,NQU18-CME,12012696,2018-08-06 17:46:12.003000+00:00,7437.5,{'stop_loss_price': 7437.5}
INVALID_RISK_UNIT,risk_unit == 0 or non-finite,NQU18-CME,12012697,2018-08-06 17:46:12.004000+00:00,7437.5,{'stop_loss_price': 7437.5}
INVALID_RISK_UNIT,risk_unit == 0 or non-finite,NQU18-CME,12012698,2018-08-06 17:46:12.005000+00:00,7437.5,{'stop_loss_price': 7437.5}
INVALID_RISK_UNIT,risk_unit == 0 or non-finite,NQU18-CME,12054497,2018-08-06 20:30:01.058000+00:00,7446.25,{'stop_loss_price': 7446.25}
INVALID_RISK_UNIT,risk_unit == 0 or non-finite,NQU18-CME,12059519,2018-08-07 02:00:27.001000+00:00,7447.25,{'stop_loss_price': 7447.25}
INVALID_RISK_UNIT,risk_unit == 0 or non-finite,NQU18-CME,12059520,2018-08-07 02:00:27.002000+00:00,7447.25,{'stop_loss_price': 7447.25}
INVALID_RISK_UNIT,risk_unit == 0 or non-finite,NQU18-CME,12059521,2018-08-07 02:00:28+00:00,7447.25,{'stop_loss_price': 7447.25}
INVALID_RISK_UNIT,risk_unit == 0 or non-finite,NQU18-CME,12068168,2018-08-07 07:11:05+00:00,7470.25,{'stop_loss_price': 7470.25}
INVALID_RISK_UNIT,risk_unit == 0 or non-finite,NQU18-CME,12068169,2018-08-07 07:11:08+00:00,7470.25,{'stop_loss_price': 7470.25}
INVALID_RISK_UNIT,risk_unit == 0 or non-finite,NQU18-CME,12104920,2018-08-07 13:40:57.003000+00:00,7480.5,{'stop_loss_price': 7480.5}
INVALID_RISK_UNIT,risk_unit == 0 or non-finite,NQU18-CME,12104921,2018-08-07 13:40:57.004000+00:00,7480.5,{'stop_loss_price': 7480.5}
INVALID_RISK_UNIT,risk_unit == 0 or non-finite,NQU18-CME,12104938,2018-08-07 13:40:58.003000+00:00,7480.5,{'stop_loss_price': 7480.5}
INVALID_RISK_UNIT,risk_unit == 0 or non-finite,NQU18-CME,12104939,2018-08-07 13:40:58.004000+00:00,7480.5,{'stop_loss_price': 7480.5}
INVALID_RISK_UNIT,risk_unit == 0 or non-finite,NQU18-CME,12104940,2018-08-07 13:40:58.005000+00:00,7480.5,{'stop_loss_price': 7480.5}
INVALID_RISK_UNIT,risk_unit == 0 or non-finite,NQU18-CME,12104941,2018-08-07 13:40:58.006000+00:00,7480.5,{'stop_loss_price': 7480.5}
INVALID_RISK_UNIT,risk_unit == 0 or non-finite,NQU18-CME,12104942,2018-08-07 13:40:58.007000+00:00,7480.5,{'stop_loss_price': 7480.5}
INVALID_RISK_UNIT,risk_unit == 0 or non-finite,NQU18-CME,12104943,2018-08-07 13:40:58.008000+00:00,7480.5,{'stop_loss_price': 7480.5}
INVALID_RISK_UNIT,risk_unit == 0 or non-finite,NQU18-CME,12104944,2018-08-07 13:40:59+00:00,7480.5,{'stop_loss_price': 7480.5}
INVALID_RISK_UNIT,risk_unit == 0 or non-finite,NQU18-CME,12137581,2018-08-07 14:11:16.002000+00:00,7472.75,{'stop_loss_price': 7472.75}
INVALID_RISK_UNIT,risk_unit == 0 or non-finite,NQU18-CME,12137582,2018-08-07 14:11:16.003000+00:00,7472.75,{'stop_loss_price': 7472.75}
INVALID_RISK_UNIT,risk_unit == 0 or non-finite,NQU18-CME,12137583,2018-08-07 14:11:16.004000+00:00,7472.75,{'stop_loss_price': 7472.75}
INVALID_RISK_UNIT,risk_unit == 0 or non-finite,NQU18-CME,12137584,2018-08-07 14:11:16.005000+00:00,7472.75,{'stop_loss_price': 7472.75}
INVALID_RISK_UNIT,risk_unit == 0 or non-finite,NQU18-CME,12137595,2018-08-07 14:11:18.001000+00:00,7472.75,{'stop_loss_price': 7472.75}
INVALID_RISK_UNIT,risk_unit == 0 or non-finite,NQU18-CME,12137596,2018-08-07 14:11:18.002000+00:00,7472.75,{'stop_loss_price': 7472.75}
INVALID_RISK_UNIT,risk_unit == 0 or non-finite,NQU18-CME,12186923,2018-08-07 15:22:16.033000+00:00,7458.5,{'stop_loss_price': 7458.5}
INVALID_RISK_UNIT,risk_unit == 0 or non-finite,NQU18-CME,12186924,2018-08-07 15:22:16.034000+00:00,7458.5,{'stop_loss_price': 7458.5}
INVALID_RISK_UNIT,risk_unit == 0 or non-finite,NQU18-CME,12186925,2018-08-07 15:22:16.035000+00:00,7458.5,{'stop_loss_price': 7458.5}
INVALID_RISK_UNIT,risk_unit == 0 or non-finite,NQU18-CME,12186926,2018-08-07 15:22:16.036000+00:00,7458.5,{'stop_loss_price': 7458.5}
INVALID_RISK_UNIT,risk_unit == 0 or non-finite,NQU18-CME,12186927,2018-08-07 15:22:16.037000+00:00,7458.5,{'stop_loss_price': 7458.5}
INVALID_RISK_UNIT,risk_unit == 0 or non-finite,NQU18-CME,12186928,2018-08-07 15:22:16.038000+00:00,7458.5,{'stop_loss_price': 7458.5}
INVALID_RISK_UNIT,risk_unit == 0 or non-finite,NQU18-CME,12186929,2018-08-07 15:22:16.039000+00:00,7458.5,{'stop_loss_price': 7458.5}
INVALID_RISK_UNIT,risk_unit == 0 or non-finite,NQU18-CME,12186930,2018-08-07 15:22:16.040000+00:00,7458.5,{'stop_loss_price': 7458.5}
INVALID_RISK_UNIT,risk_unit == 0 or non-finite,NQU18-CME,12250869,2018-08-07 18:47:45+00:00,7473.25,{'stop_loss_price': 7473.25}
INVALID_RISK_UNIT,risk_unit == 0 or non-finite,NQU18-CME,12250870,2018-08-07 18:47:45.001000+00:00,7473.25,{'stop_loss_price': 7473.25}
INVALID_RISK_UNIT,risk_unit == 0 or non-finite,NQU18-CME,12250871,2018-08-07 18:47:48+00:00,7473.25,{'stop_loss_price': 7473.25}
INVALID_RISK_UNIT,risk_unit == 0 or non-finite,NQU18-CME,12250874,2018-08-07 18:47:49+00:00,7473.25,{'stop_loss_price': 7473.25}
INVALID_RISK_UNIT,risk_unit == 0 or non-finite,NQU18-CME,12265635,2018-08-07 19:45:16.004000+00:00,7471.0,{'stop_loss_price': 7471.0}
INVALID_RISK_UNIT,risk_unit == 0 or non-finite,NQU18-CME,12299967,2018-08-08 12:04:38+00:00,7467.75,{'stop_loss_price': 7467.75}
INVALID_RISK_UNIT,risk_unit == 0 or non-finite,NQU18-CME,12299968,2018-08-08 12:04:38.001000+00:00,7467.75,{'stop_loss_price': 7467.75}
INVALID_RISK_UNIT,risk_unit == 0 or non-finite,NQU18-CME,12299969,2018-08-08 12:04:38.002000+00:00,7467.75,{'stop_loss_price': 7467.75}
INVALID_RISK_UNIT,risk_unit == 0 or non-finite,NQU18-CME,12299970,2018-08-08 12:04:39+00:00,7467.75,{'stop_loss_price': 7467.75}
INVALID_RISK_UNIT,risk_unit == 0 or non-finite,NQU18-CME,12299972,2018-08-08 12:04:41+00:00,7467.75,{'stop_loss_price': 7467.75}
INVALID_RISK_UNIT,risk_unit == 0 or non-finite,NQU18-CME,12312249,2018-08-08 13:30:42.001000+00:00,7463.25,{'stop_loss_price': 7463.25}
INVALID_RISK_UNIT,risk_unit == 0 or non-finite,NQU18-CME,12312250,2018-08-08 13:30:42.002000+00:00,7463.25,{'stop_loss_price': 7463.25}
INVALID_RISK_UNIT,risk_unit == 0 or non-finite,NQU18-CME,12312251,2018-08-08 13:30:42.003000+00:00,7463.25,{'stop_loss_price': 7463.25}
INVALID_RISK_UNIT,risk_unit == 0 or non-finite,NQU18-CME,12312252,2018-08-08 13:30:42.004000+00:00,7463.25,{'stop_loss_price': 7463.25}
INVALID_RISK_UNIT,risk_unit == 0 or non-finite,NQU18-CME,12346871,2018-08-08 13:54:12.164000+00:00,7462.5,{'stop_loss_price': 7462.5}
INVALID_RISK_UNIT,risk_unit == 0 or non-finite,NQU18-CME,12346872,2018-08-08 13:54:12.165000+00:00,7462.5,{'stop_loss_price': 7462.5}
INVALID_RISK_UNIT,risk_unit == 0 or non-finite,NQU18-CME,12346873,2018-08-08 13:54:12.166000+00:00,7462.5,{'stop_loss_price': 7462.5}
INVALID_RISK_UNIT,risk_unit == 0 or non-finite,NQU18-CME,12346884,2018-08-08 13:54:12.177000+00:00,7462.5,{'stop_loss_price': 7462.5}
INVALID_RISK_UNIT,risk_unit == 0 or non-finite,NQU18-CME,12346885,2018-08-08 13:54:12.178000+00:00,7462.5,{'stop_loss_price': 7462.5}
INVALID_RISK_UNIT,risk_unit == 0 or non-finite,NQU18-CME,12346886,2018-08-08 13:54:12.179000+00:00,7462.5,{'stop_loss_price': 7462.5}
INVALID_RISK_UNIT,risk_unit == 0 or non-finite,NQU18-CME,12346887,2018-08-08 13:54:12.180000+00:00,7462.5,{'stop_loss_price': 7462.5}
INVALID_RISK_UNIT,risk_unit == 0 or non-finite,NQU18-CME,12346888,2018-08-08 13:54:12.181000+00:00,7462.5,{'stop_loss_price': 7462.5}
INVALID_RISK_UNIT,risk_unit == 0 or non-finite,NQU18-CME,12346889,2018-08-08 13:54:12.182000+00:00,7462.5,{'stop_loss_price': 7462.5}
INVALID_RISK_UNIT,risk_unit == 0 or non-finite,NQU18-CME,12346890,2018-08-08 13:54:12.183000+00:00,7462.5,{'stop_loss_price': 7462.5}
INVALID_RISK_UNIT,risk_unit == 0 or non-finite,NQU18-CME,12346891,2018-08-08 13:54:12.184000+00:00,7462.5,{'stop_loss_price': 7462.5}
INVALID_RISK_UNIT,risk_unit == 0 or non-finite,NQU18-CME,12424848,2018-08-08 16:04:20.004000+00:00,7468.75,{'stop_loss_price': 7468.75}
INVALID_RISK_UNIT,risk_unit == 0 or non-finite,NQU18-CME,12424849,2018-08-08 16:04:20.005000+00:00,7468.75,{'stop_loss_price': 7468.75}
INVALID_RISK_UNIT,risk_unit == 0 or non-finite,NQU18-CME,12424850,2018-08-08 16:04:20.006000+00:00,7468.75,{'stop_loss_price': 7468.75}
INVALID_RISK_UNIT,risk_unit == 0 or non-finite,NQU18-CME,12424851,2018-08-08 16:04:20.007000+00:00,7468.75,{'stop_loss_price': 7468.75}
INVALID_RISK_UNIT,risk_unit == 0 or non-finite,NQU18-CME,12424852,2018-08-08 16:04:20.008000+00:00,7468.75,{'stop_loss_price': 7468.75}
INVALID_RISK_UNIT,risk_unit == 0 or non-finite,NQU18-CME,12424853,2018-08-08 16:04:20.009000+00:00,7468.75,{'stop_loss_price': 7468.75}
INVALID_RISK_UNIT,risk_unit == 0 or non-finite,NQU18-CME,12424854,2018-08-08 16:04:20.010000+00:00,7468.75,{'stop_loss_price': 7468.75}
INVALID_RISK_UNIT,risk_unit == 0 or non-finite,NQU18-CME,12424855,2018-08-08 16:04:20.011000+00:00,7468.75,{'stop_loss_price': 7468.75}
INVALID_RISK_UNIT,risk_unit == 0 or non-finite,NQU18-CME,12424856,2018-08-08 16:04:20.012000+00:00,7468.75,{'stop_loss_price': 7468.75}
INVALID_RISK_UNIT,risk_unit == 0 or non-finite,NQU18-CME,12424857,2018-08-08 16:04:20.013000+00:00,7468.75,{'stop_loss_price': 7468.75}
INVALID_RISK_UNIT,risk_unit == 0 or non-finite,NQU18-CME,12424858,2018-08-08 16:04:20.014000+00:00,7468.75,{'stop_loss_price': 7468.75}
INVALID_RISK_UNIT,risk_unit == 0 or non-finite,NQU18-CME,12424859,2018-08-08 16:04:20.015000+00:00,7468.75,{'stop_loss_price': 7468.75}
INVALID_RISK_UNIT,risk_unit == 0 or non-finite,NQU18-CME,12424860,2018-08-08 16:04:20.016000+00:00,7468.75,{'stop_loss_price': 7468.75}
INVALID_RISK_UNIT,risk_unit == 0 or non-finite,NQU18-CME,12430220,2018-08-08 16:20:15+00:00,7475.5,{'stop_loss_price': 7475.5}
INVALID_RISK_UNIT,risk_unit == 0 or non-finite,NQU18-CME,12522879,2018-08-09 13:33:38.008000+00:00,7476.25,{'stop_loss_price': 7476.25}
INVALID_RISK_UNIT,risk_unit == 0 or non-finite,NQU18-CME,12549476,2018-08-09 13:59:17+00:00,7481.25,{'stop_loss_price': 7481.25}
INVALID_RISK_UNIT,risk_unit == 0 or non-finite,NQU18-CME,12578321,2018-08-09 14:42:23+00:00,7497.5,{'stop_loss_price': 7497.5}
INVALID_RISK_UNIT,risk_unit == 0 or non-finite,NQU18-CME,12578322,2018-08-09 14:42:23.001000+00:00,7497.5,{'stop_loss_price': 7497.5}
INVALID_RISK_UNIT,risk_unit == 0 or non-finite,NQU18-CME,12578323,2018-08-09 14:42:23.002000+00:00,7497.5,{'stop_loss_price': 7497.5}
INVALID_RISK_UNIT,risk_unit == 0 or non-finite,NQU18-CME,12578325,2018-08-09 14:42:24+00:00,7497.5,{'stop_loss_price': 7497.5}
INVALID_RISK_UNIT,risk_unit == 0 or non-finite,NQU18-CME,12580011,2018-08-09 14:48:25.002000+00:00,7499.5,{'stop_loss_price': 7499.5}
INVALID_RISK_UNIT,risk_unit == 0 or non-finite,NQU18-CME,12588614,2018-08-09 15:08:07+00:00,7489.5,{'stop_loss_price': 7489.5}
INVALID_RISK_UNIT,risk_unit == 0 or non-finite,NQU18-CME,12588615,2018-08-09 15:08:07.001000+00:00,7489.5,{'stop_loss_price': 7489.5}
INVALID_RISK_UNIT,risk_unit == 0 or non-finite,NQU18-CME,12588617,2018-08-09 15:08:08.001000+00:00,7489.5,{'stop_loss_price': 7489.5}
INVALID_RISK_UNIT,risk_unit == 0 or non-finite,NQU18-CME,12647695,2018-08-09 18:34:06.007000+00:00,7500.25,{'stop_loss_price': 7500.25}
INVALID_RISK_UNIT,risk_unit == 0 or non-finite,NQU18-CME,12647696,2018-08-09 18:34:06.008000+00:00,7500.25,{'stop_loss_price': 7500.25}
INVALID_RISK_UNIT,risk_unit == 0 or non-finite,NQU18-CME,12647697,2018-08-09 18:34:06.009000+00:00,7500.25,{'stop_loss_price': 7500.25}
INVALID_RISK_UNIT,risk_unit == 0 or non-finite,NQU18-CME,12647698,2018-08-09 18:34:06.010000+00:00,7500.25,{'stop_loss_price': 7500.25}
INVALID_RISK_UNIT,risk_unit == 0 or non-finite,NQU18-CME,12647699,2018-08-09 18:34:06.011000+00:00,7500.25,{'stop_loss_price': 7500.25}
INVALID_RISK_UNIT,risk_unit == 0 or non-finite,NQU18-CME,12647700,2018-08-09 18:34:06.012000+00:00,7500.25,{'stop_loss_price': 7500.25}
INVALID_RISK_UNIT,risk_unit == 0 or non-finite,NQU18-CME,12647701,2018-08-09 18:34:06.013000+00:00,7500.25,{'stop_loss_price': 7500.25}
INVALID_RISK_UNIT,risk_unit == 0 or non-finite,NQU18-CME,12647702,2018-08-09 18:34:06.014000+00:00,7500.25,{'stop_loss_price': 7500.25}
INVALID_RISK_UNIT,risk_unit == 0 or non-finite,NQU18-CME,12647703,2018-08-09 18:34:06.015000+00:00,7500.25,{'stop_loss_price': 7500.25}
INVALID_RISK_UNIT,risk_unit == 0 or non-finite,NQU18-CME,12647704,2018-08-09 18:34:06.016000+00:00,7500.25,{'stop_loss_price': 7500.25}
INVALID_RISK_UNIT,risk_unit == 0 or non-finite,NQU18-CME,12647705,2018-08-09 18:34:07+00:00,7500.25,{'stop_loss_price': 7500.25}
INVALID_RISK_UNIT,risk_unit == 0 or non-finite,NQU18-CME,12647706,2018-08-09 18:34:07.001000+00:00,7500.25,{'stop_loss_price': 7500.25}
INVALID_RISK_UNIT,risk_unit == 0 or non-finite,NQU18-CME,12647707,2018-08-09 18:34:07.002000+00:00,7500.25,{'stop_loss_price': 7500.25}
INVALID_RISK_UNIT,risk_unit == 0 or non-finite,NQU18-CME,12647708,2018-08-09 18:34:07.003000+00:00,7500.25,{'stop_loss_price': 7500.25}
INVALID_RISK_UNIT,risk_unit == 0 or non-finite,NQU18-CME,12647709,2018-08-09 18:34:07.004000+00:00,7500.25,{'stop_loss_price': 7500.25}
INVALID_RISK_UNIT,risk_unit == 0 or non-finite,NQU18-CME,12647710,2018-08-09 18:34:07.005000+00:00,7500.25,{'stop_loss_price': 7500.25}
INVALID_RISK_UNIT,risk_unit == 0 or non-finite,NQU18-CME,12647711,2018-08-09 18:34:08+00:00,7500.25,{'stop_loss_price': 7500.25}
INVALID_RISK_UNIT,risk_unit == 0 or non-finite,NQU18-CME,12647712,2018-08-09 18:34:08.001000+00:00,7500.25,{'stop_loss_price': 7500.25}
INVALID_RISK_UNIT,risk_unit == 0 or non-finite,NQU18-CME,12647713,2018-08-09 18:34:08.002000+00:00,7500.25,{'stop_loss_price': 7500.25}
INVALID_RISK_UNIT,risk_unit == 0 or non-finite,NQU18-CME,12647714,2018-08-09 18:34:08.003000+00:00,7500.25,{'stop_loss_price': 7500.25}
INVALID_RISK_UNIT,risk_unit == 0 or non-finite,NQU18-CME,12647715,2018-08-09 18:34:08.004000+00:00,7500.25,{'stop_loss_price': 7500.25}
INVALID_RISK_UNIT,risk_unit == 0 or non-finite,NQU18-CME,12647716,2018-08-09 18:34:08.005000+00:00,7500.25,{'stop_loss_price': 7500.25}
INVALID_RISK_UNIT,risk_unit == 0 or non-finite,NQU18-CME,12647717,2018-08-09 18:34:08.006000+00:00,7500.25,{'stop_loss_price': 7500.25}
INVALID_RISK_UNIT,risk_unit == 0 or non-finite,NQU18-CME,12647718,2018-08-09 18:34:08.007000+00:00,7500.25,{'stop_loss_price': 7500.25}
INVALID_RISK_UNIT,risk_unit == 0 or non-finite,NQU18-CME,12647719,2018-08-09 18:34:08.008000+00:00,7500.25,{'stop_loss_price': 7500.25}
INVALID_RISK_UNIT,risk_unit == 0 or non-finite,NQU18-CME,12647720,2018-08-09 18:34:09+00:00,7500.25,{'stop_loss_price': 7500.25}
INVALID_RISK_UNIT,risk_unit == 0 or non-finite,NQU18-CME,12695881,2018-08-10 05:10:12.002000+00:00,7451.75,{'stop_loss_price': 7451.75}
INVALID_RISK_UNIT,risk_unit == 0 or non-finite,NQU18-CME,12695882,2018-08-10 05:10:12.003000+00:00,7451.75,{'stop_loss_price': 7451.75}
INVALID_RISK_UNIT,risk_unit == 0 or non-finite,NQU18-CME,12695883,2018-08-10 05:10:13+00:00,7451.75,{'stop_loss_price': 7451.75}
INVALID_RISK_UNIT,risk_unit == 0 or non-finite,NQU18-CME,12695888,2018-08-10 05:10:16+00:00,7451.75,{'stop_loss_price': 7451.75}
INVALID_RISK_UNIT,risk_unit == 0 or non-finite,NQU18-CME,12695889,2018-08-10 05:10:16.001000+00:00,7451.75,{'stop_loss_price': 7451.75}
INVALID_RISK_UNIT,risk_unit == 0 or non-finite,NQU18-CME,12695890,2018-08-10 05:10:18+00:00,7451.75,{'stop_loss_price': 7451.75}
INVALID_RISK_UNIT,risk_unit == 0 or non-finite,NQU18-CME,12695891,2018-08-10 05:10:19+00:00,7451.75,{'stop_loss_price': 7451.75}
INVALID_RISK_UNIT,risk_unit == 0 or non-finite,NQU18-CME,12732714,2018-08-10 12:42:28+00:00,7439.0,{'stop_loss_price': 7439.0}
INVALID_RISK_UNIT,risk_unit == 0 or non-finite,NQU18-CME,12732715,2018-08-10 12:42:28.001000+00:00,7439.0,{'stop_loss_price': 7439.0}
INVALID_RISK_UNIT,risk_unit == 0 or non-finite,NQU18-CME,12732716,2018-08-10 12:42:28.002000+00:00,7439.0,{'stop_loss_price': 7439.0}
INVALID_RISK_UNIT,risk_unit == 0 or non-finite,NQU18-CME,12732717,2018-08-10 12:42:28.003000+00:00,7439.0,{'stop_loss_price': 7439.0}
INVALID_RISK_UNIT,risk_unit == 0 or non-finite,NQU18-CME,12835607,2018-08-10 14:40:48.136000+00:00,7435.0,{'stop_loss_price': 7435.0}
INVALID_RISK_UNIT,risk_unit == 0 or non-finite,NQU18-CME,12835608,2018-08-10 14:40:48.137000+00:00,7435.0,{'stop_loss_price': 7435.0}
INVALID_RISK_UNIT,risk_unit == 0 or non-finite,NQU18-CME,12835609,2018-08-10 14:40:48.138000+00:00,7435.0,{'stop_loss_price': 7435.0}
INVALID_RISK_UNIT,risk_unit == 0 or non-finite,NQU18-CME,12835615,2018-08-10 14:40:50+00:00,7435.0,{'stop_loss_price': 7435.0}
INVALID_RISK_UNIT,risk_unit == 0 or non-finite,NQU18-CME,12835616,2018-08-10 14:40:50.001000+00:00,7435.0,{'stop_loss_price': 7435.0}
INVALID_RISK_UNIT,risk_unit == 0 or non-finite,NQU18-CME,12835617,2018-08-10 14:40:50.002000+00:00,7435.0,{'stop_loss_price': 7435.0}
INVALID_RISK_UNIT,risk_unit == 0 or non-finite,NQU18-CME,12897453,2018-08-10 16:39:49+00:00,7437.5,{'stop_loss_price': 7437.5}
INVALID_RISK_UNIT,risk_unit == 0 or non-finite,NQU18-CME,12897454,2018-08-10 16:39:50+00:00,7437.5,{'stop_loss_price': 7437.5}
INVALID_RISK_UNIT,risk_unit == 0 or non-finite,NQU18-CME,12897459,2018-08-10 16:39:54+00:00,7437.5,{'stop_loss_price': 7437.5}
INVALID_RISK_UNIT,risk_unit == 0 or non-finite,NQU18-CME,13025661,2018-08-13 05:44:08+00:00,7388.5,{'stop_loss_price': 7388.5}
INVALID_RISK_UNIT,risk_unit == 0 or non-finite,NQU18-CME,13065449,2018-08-13 13:29:20.009000+00:00,7430.25,{'stop_loss_price': 7430.25}
INVALID_RISK_UNIT,risk_unit == 0 or non-finite,NQU18-CME,13065450,2018-08-13 13:29:20.010000+00:00,7430.25,{'stop_loss_price': 7430.25}
INVALID_RISK_UNIT,risk_unit == 0 or non-finite,NQU18-CME,13065451,2018-08-13 13:29:20.011000+00:00,7430.25,{'stop_loss_price': 7430.25}
INVALID_RISK_UNIT,risk_unit == 0 or non-finite,NQU18-CME,13065452,2018-08-13 13:29:20.012000+00:00,7430.25,{'stop_loss_price': 7430.25}
INVALID_RISK_UNIT,risk_unit == 0 or non-finite,NQU18-CME,13065454,2018-08-13 13:29:20.014000+00:00,7430.25,{'stop_loss_price': 7430.25}
INVALID_RISK_UNIT,risk_unit == 0 or non-finite,NQU18-CME,13068473,2018-08-13 13:31:09.013000+00:00,7433.5,{'stop_loss_price': 7433.5}
INVALID_RISK_UNIT,risk_unit == 0 or non-finite,NQU18-CME,13068474,2018-08-13 13:31:09.014000+00:00,7433.5,{'stop_loss_price': 7433.5}
INVALID_RISK_UNIT,risk_unit == 0 or non-finite,NQU18-CME,13068475,2018-08-13 13:31:09.015000+00:00,7433.5,{'stop_loss_price': 7433.5}
INVALID_RISK_UNIT,risk_unit == 0 or non-finite,NQU18-CME,13068476,2018-08-13 13:31:10+00:00,7433.5,{'stop_loss_price': 7433.5}
INVALID_RISK_UNIT,risk_unit == 0 or non-finite,NQU18-CME,13068477,2018-08-13 13:31:10.001000+00:00,7433.5,{'stop_loss_price': 7433.5}
INVALID_RISK_UNIT,risk_unit == 0 or non-finite,NQU18-CME,13068478,2018-08-13 13:31:10.002000+00:00,7433.5,{'stop_loss_price': 7433.5}
INVALID_RISK_UNIT,risk_unit == 0 or non-finite,NQU18-CME,13068479,2018-08-13 13:31:10.003000+00:00,7433.5,{'stop_loss_price': 7433.5}
INVALID_RISK_UNIT,risk_unit == 0 or non-finite,NQU18-CME,13131194,2018-08-13 14:35:23.019000+00:00,7471.0,{'stop_loss_price': 7471.0}
INVALID_RISK_UNIT,risk_unit == 0 or non-finite,NQU18-CME,13131195,2018-08-13 14:35:23.020000+00:00,7471.0,{'stop_loss_price': 7471.0}
INVALID_RISK_UNIT,risk_unit == 0 or non-finite,NQU18-CME,13131196,2018-08-13 14:35:23.021000+00:00,7471.0,{'stop_loss_price': 7471.0}
INVALID_RISK_UNIT,risk_unit == 0 or non-finite,NQU18-CME,13131197,2018-08-13 14:35:23.022000+00:00,7471.0,{'stop_loss_price': 7471.0}
INVALID_RISK_UNIT,risk_unit == 0 or non-finite,NQU18-CME,13131198,2018-08-13 14:35:23.023000+00:00,7471.0,{'stop_loss_price': 7471.0}
INVALID_RISK_UNIT,risk_unit == 0 or non-finite,NQU18-CME,13131199,2018-08-13 14:35:23.024000+00:00,7471.0,{'stop_loss_price': 7471.0}
INVALID_RISK_UNIT,risk_unit == 0 or non-finite,NQU18-CME,13131200,2018-08-13 14:35:23.025000+00:00,7471.0,{'stop_loss_price': 7471.0}
INVALID_RISK_UNIT,risk_unit == 0 or non-finite,NQU18-CME,13131209,2018-08-13 14:35:24+00:00,7471.0,{'stop_loss_price': 7471.0}
INVALID_RISK_UNIT,risk_unit == 0 or non-finite,NQU18-CME,13131210,2018-08-13 14:35:24.001000+00:00,7471.0,{'stop_loss_price': 7471.0}
INVALID_RISK_UNIT,risk_unit == 0 or non-finite,NQU18-CME,13169974,2018-08-13 15:32:31.009000+00:00,7426.5,{'stop_loss_price': 7426.5}
INVALID_RISK_UNIT,risk_unit == 0 or non-finite,NQU18-CME,13169975,2018-08-13 15:32:31.010000+00:00,7426.5,{'stop_loss_price': 7426.5}
INVALID_RISK_UNIT,risk_unit == 0 or non-finite,NQU18-CME,13169976,2018-08-13 15:32:31.011000+00:00,7426.5,{'stop_loss_price': 7426.5}
INVALID_RISK_UNIT,risk_unit == 0 or non-finite,NQU18-CME,13169977,2018-08-13 15:32:31.012000+00:00,7426.5,{'stop_loss_price': 7426.5}
INVALID_RISK_UNIT,risk_unit == 0 or non-finite,NQU18-CME,13169978,2018-08-13 15:32:31.013000+00:00,7426.5,{'stop_loss_price': 7426.5}
INVALID_RISK_UNIT,risk_unit == 0 or non-finite,NQU18-CME,13169979,2018-08-13 15:32:31.014000+00:00,7426.5,{'stop_loss_price': 7426.5}
INVALID_RISK_UNIT,risk_unit == 0 or non-finite,NQU18-CME,13169980,2018-08-13 15:32:32+00:00,7426.5,{'stop_loss_price': 7426.5}
INVALID_RISK_UNIT,risk_unit == 0 or non-finite,NQU18-CME,13169981,2018-08-13 15:32:32.001000+00:00,7426.5,{'stop_loss_price': 7426.5}
INVALID_RISK_UNIT,risk_unit == 0 or non-finite,NQU18-CME,13169982,2018-08-13 15:32:32.002000+00:00,7426.5,{'stop_loss_price': 7426.5}
INVALID_RISK_UNIT,risk_unit == 0 or non-finite,NQU18-CME,13169983,2018-08-13 15:32:32.003000+00:00,7426.5,{'stop_loss_price': 7426.5}
INVALID_RISK_UNIT,risk_unit == 0 or non-finite,NQU18-CME,13169984,2018-08-13 15:32:32.004000+00:00,7426.5,{'stop_loss_price': 7426.5}
INVALID_RISK_UNIT,risk_unit == 0 or non-finite,NQU18-CME,13194407,2018-08-13 16:02:46.003000+00:00,7421.75,{'stop_loss_price': 7421.75}
INVALID_RISK_UNIT,risk_unit == 0 or non-finite,NQU18-CME,13194408,2018-08-13 16:02:46.004000+00:00,7421.75,{'stop_loss_price': 7421.75}
INVALID_RISK_UNIT,risk_unit == 0 or non-finite,NQU18-CME,13194409,2018-08-13 16:02:46.005000+00:00,7421.75,{'stop_loss_price': 7421.75}
INVALID_RISK_UNIT,risk_unit == 0 or non-finite,NQU18-CME,13194413,2018-08-13 16:02:47.003000+00:00,7421.75,{'stop_loss_price': 7421.75}
INVALID_RISK_UNIT,risk_unit == 0 or non-finite,NQU18-CME,13194414,2018-08-13 16:02:47.004000+00:00,7421.75,{'stop_loss_price': 7421.75}
INVALID_RISK_UNIT,risk_unit == 0 or non-finite,NQU18-CME,13194415,2018-08-13 16:02:47.005000+00:00,7421.75,{'stop_loss_price': 7421.75}
INVALID_RISK_UNIT,risk_unit == 0 or non-finite,NQU18-CME,13194416,2018-08-13 16:02:47.006000+00:00,7421.75,{'stop_loss_price': 7421.75}
INVALID_RISK_UNIT,risk_unit == 0 or non-finite,NQU18-CME,13194432,2018-08-13 16:02:49+00:00,7421.75,{'stop_loss_price': 7421.75}
INVALID_RISK_UNIT,risk_unit == 0 or non-finite,NQU18-CME,13194433,2018-08-13 16:02:49.001000+00:00,7421.75,{'stop_loss_price': 7421.75}
INVALID_RISK_UNIT,risk_unit == 0 or non-finite,NQU18-CME,13194434,2018-08-13 16:02:49.002000+00:00,7421.75,{'stop_loss_price': 7421.75}
INVALID_RISK_UNIT,risk_unit == 0 or non-finite,NQU18-CME,13194435,2018-08-13 16:02:49.003000+00:00,7421.75,{'stop_loss_price': 7421.75}
INVALID_RISK_UNIT,risk_unit == 0 or non-finite,NQU18-CME,13194436,2018-08-13 16:02:49.004000+00:00,7421.75,{'stop_loss_price': 7421.75}
INVALID_RISK_UNIT,risk_unit == 0 or non-finite,NQU18-CME,13198394,2018-08-13 16:09:53.012000+00:00,7429.75,{'stop_loss_price': 7429.75}
INVALID_RISK_UNIT,risk_unit == 0 or non-finite,NQU18-CME,13198395,2018-08-13 16:09:53.013000+00:00,7429.75,{'stop_loss_price': 7429.75}
INVALID_RISK_UNIT,risk_unit == 0 or non-finite,NQU18-CME,13198396,2018-08-13 16:09:53.014000+00:00,7429.75,{'stop_loss_price': 7429.75}
INVALID_RISK_UNIT,risk_unit == 0 or non-finite,NQU18-CME,13198397,2018-08-13 16:09:53.015000+00:00,7429.75,{'stop_loss_price': 7429.75}
INVALID_RISK_UNIT,risk_unit == 0 or non-finite,NQU18-CME,13198398,2018-08-13 16:09:53.016000+00:00,7429.75,{'stop_loss_price': 7429.75}
INVALID_RISK_UNIT,risk_unit == 0 or non-finite,NQU18-CME,13198399,2018-08-13 16:09:53.017000+00:00,7429.75,{'stop_loss_price': 7429.75}
INVALID_RISK_UNIT,risk_unit == 0 or non-finite,NQU18-CME,13198400,2018-08-13 16:09:53.018000+00:00,7429.75,{'stop_loss_price': 7429.75}
INVALID_RISK_UNIT,risk_unit == 0 or non-finite,NQU18-CME,13198401,2018-08-13 16:09:53.019000+00:00,7429.75,{'stop_loss_price': 7429.75}
INVALID_RISK_UNIT,risk_unit == 0 or non-finite,NQU18-CME,13198402,2018-08-13 16:09:53.020000+00:00,7429.75,{'stop_loss_price': 7429.75}
INVALID_RISK_UNIT,risk_unit == 0 or non-finite,NQU18-CME,13198403,2018-08-13 16:09:53.021000+00:00,7429.75,{'stop_loss_price': 7429.75}
INVALID_RISK_UNIT,risk_unit == 0 or non-finite,NQU18-CME,13198404,2018-08-13 16:09:53.022000+00:00,7429.75,{'stop_loss_price': 7429.75}
INVALID_RISK_UNIT,risk_unit == 0 or non-finite,NQU18-CME,13198405,2018-08-13 16:09:53.023000+00:00,7429.75,{'stop_loss_price': 7429.75}
INVALID_RISK_UNIT,risk_unit == 0 or non-finite,NQU18-CME,13198406,2018-08-13 16:09:53.024000+00:00,7429.75,{'stop_loss_price': 7429.75}
INVALID_RISK_UNIT,risk_unit == 0 or non-finite,NQU18-CME,13198407,2018-08-13 16:09:53.025000+00:00,7429.75,{'stop_loss_price': 7429.75}
INVALID_RISK_UNIT,risk_unit == 0 or non-finite,NQU18-CME,13198408,2018-08-13 16:09:53.026000+00:00,7429.75,{'stop_loss_price': 7429.75}
INVALID_RISK_UNIT,risk_unit == 0 or non-finite,NQU18-CME,13198409,2018-08-13 16:09:53.027000+00:00,7429.75,{'stop_loss_price': 7429.75}
INVALID_RISK_UNIT,risk_unit == 0 or non-finite,NQU18-CME,13198410,2018-08-13 16:09:55+00:00,7429.75,{'stop_loss_price': 7429.75}
INVALID_RISK_UNIT,risk_unit == 0 or non-finite,NQU18-CME,13198411,2018-08-13 16:09:55.001000+00:00,7429.75,{'stop_loss_price': 7429.75}
INVALID_RISK_UNIT,risk_unit == 0 or non-finite,NQU18-CME,13226306,2018-08-13 16:56:14.001000+00:00,7424.25,{'stop_loss_price': 7424.25}
INVALID_RISK_UNIT,risk_unit == 0 or non-finite,NQU18-CME,13230908,2018-08-13 17:03:40.020000+00:00,7408.5,{'stop_loss_price': 7408.5}
INVALID_RISK_UNIT,risk_unit == 0 or non-finite,NQU18-CME,13230909,2018-08-13 17:03:40.021000+00:00,7408.5,{'stop_loss_price': 7408.5}
INVALID_RISK_UNIT,risk_unit == 0 or non-finite,NQU18-CME,13230914,2018-08-13 17:03:41.003000+00:00,7408.5,{'stop_loss_price': 7408.5}
INVALID_RISK_UNIT,risk_unit == 0 or non-finite,NQU18-CME,13253655,2018-08-13 17:47:23+00:00,7426.0,{'stop_loss_price': 7426.0}
INVALID_RISK_UNIT,risk_unit == 0 or non-finite,NQU18-CME,13256491,2018-08-13 17:52:09+00:00,7426.25,{'stop_loss_price': 7426.25}
INVALID_RISK_UNIT,risk_unit == 0 or non-finite,NQU18-CME,13295215,2018-08-13 19:15:27.004000+00:00,7429.0,{'stop_loss_price': 7429.0}
INVALID_RISK_UNIT,risk_unit == 0 or non-finite,NQU18-CME,13295216,2018-08-13 19:15:27.005000+00:00,7429.0,{'stop_loss_price': 7429.0}
INVALID_RISK_UNIT,risk_unit == 0 or non-finite,NQU18-CME,13295217,2018-08-13 19:15:27.006000+00:00,7429.0,{'stop_loss_price': 7429.0}
INVALID_RISK_UNIT,risk_unit == 0 or non-finite,NQU18-CME,13295218,2018-08-13 19:15:27.007000+00:00,7429.0,{'stop_loss_price': 7429.0}
INVALID_RISK_UNIT,risk_unit == 0 or non-finite,NQU18-CME,13295219,2018-08-13 19:15:27.008000+00:00,7429.0,{'stop_loss_price': 7429.0}
INVALID_RISK_UNIT,risk_unit == 0 or non-finite,NQU18-CME,13295220,2018-08-13 19:15:27.009000+00:00,7429.0,{'stop_loss_price': 7429.0}
INVALID_RISK_UNIT,risk_unit == 0 or non-finite,NQU18-CME,13295221,2018-08-13 19:15:27.010000+00:00,7429.0,{'stop_loss_price': 7429.0}
INVALID_RISK_UNIT,risk_unit == 0 or non-finite,NQU18-CME,13295222,2018-08-13 19:15:27.011000+00:00,7429.0,{'stop_loss_price': 7429.0}
INVALID_RISK_UNIT,risk_unit == 0 or non-finite,NQU18-CME,13295223,2018-08-13 19:15:27.012000+00:00,7429.0,{'stop_loss_price': 7429.0}
INVALID_RISK_UNIT,risk_unit == 0 or non-finite,NQU18-CME,13295224,2018-08-13 19:15:27.013000+00:00,7429.0,{'stop_loss_price': 7429.0}
INVALID_RISK_UNIT,risk_unit == 0 or non-finite,NQU18-CME,13295225,2018-08-13 19:15:27.014000+00:00,7429.0,{'stop_loss_price': 7429.0}
INVALID_RISK_UNIT,risk_unit == 0 or non-finite,NQU18-CME,13314572,2018-08-13 19:53:04.010000+00:00,7410.25,{'stop_loss_price': 7410.25}
INVALID_RISK_UNIT,risk_unit == 0 or non-finite,NQU18-CME,13318361,2018-08-13 19:58:55.007000+00:00,7411.0,{'stop_loss_price': 7411.0}
INVALID_RISK_UNIT,risk_unit == 0 or non-finite,NQU18-CME,13318362,2018-08-13 19:58:55.008000+00:00,7411.0,{'stop_loss_price': 7411.0}
INVALID_RISK_UNIT,risk_unit == 0 or non-finite,NQU18-CME,13318363,2018-08-13 19:58:55.009000+00:00,7411.0,{'stop_loss_price': 7411.0}
INVALID_RISK_UNIT,risk_unit == 0 or non-finite,NQU18-CME,13318364,2018-08-13 19:58:55.010000+00:00,7411.0,{'stop_loss_price': 7411.0}
INVALID_RISK_UNIT,risk_unit == 0 or non-finite,NQU18-CME,13318365,2018-08-13 19:58:55.011000+00:00,7411.0,{'stop_loss_price': 7411.0}
INVALID_RISK_UNIT,risk_unit == 0 or non-finite,NQU18-CME,13318366,2018-08-13 19:58:55.012000+00:00,7411.0,{'stop_loss_price': 7411.0}
INVALID_RISK_UNIT,risk_unit == 0 or non-finite,NQU18-CME,13318367,2018-08-13 19:58:55.013000+00:00,7411.0,{'stop_loss_price': 7411.0}
INVALID_RISK_UNIT,risk_unit == 0 or non-finite,NQU18-CME,13318379,2018-08-13 19:58:56.002000+00:00,7411.0,{'stop_loss_price': 7411.0}
INVALID_RISK_UNIT,risk_unit == 0 or non-finite,NQU18-CME,13352625,2018-08-14 09:07:08+00:00,7450.75,{'stop_loss_price': 7450.75}
INVALID_RISK_UNIT,risk_unit == 0 or non-finite,NQU18-CME,13352626,2018-08-14 09:07:08.001000+00:00,7450.75,{'stop_loss_price': 7450.75}
INVALID_RISK_UNIT,risk_unit == 0 or non-finite,NQU18-CME,13385350,2018-08-14 13:37:36.006000+00:00,7437.25,{'stop_loss_price': 7437.25}
INVALID_RISK_UNIT,risk_unit == 0 or non-finite,NQU18-CME,13385351,2018-08-14 13:37:36.007000+00:00,7437.25,{'stop_loss_price': 7437.25}
INVALID_RISK_UNIT,risk_unit == 0 or non-finite,NQU18-CME,13385352,2018-08-14 13:37:36.008000+00:00,7437.25,{'stop_loss_price': 7437.25}
INVALID_RISK_UNIT,risk_unit == 0 or non-finite,NQU18-CME,13385353,2018-08-14 13:37:36.009000+00:00,7437.25,{'stop_loss_price': 7437.25}
INVALID_RISK_UNIT,risk_unit == 0 or non-finite,NQU18-CME,13385354,2018-08-14 13:37:36.010000+00:00,7437.25,{'stop_loss_price': 7437.25}
INVALID_RISK_UNIT,risk_unit == 0 or non-finite,NQU18-CME,13385355,2018-08-14 13:37:37+00:00,7437.25,{'stop_loss_price': 7437.25}
INVALID_RISK_UNIT,risk_unit == 0 or non-finite,NQU18-CME,13385356,2018-08-14 13:37:37.001000+00:00,7437.25,{'stop_loss_price': 7437.25}
INVALID_RISK_UNIT,risk_unit == 0 or non-finite,NQU18-CME,13385357,2018-08-14 13:37:37.002000+00:00,7437.25,{'stop_loss_price': 7437.25}
INVALID_RISK_UNIT,risk_unit == 0 or non-finite,NQU18-CME,13385358,2018-08-14 13:37:37.003000+00:00,7437.25,{'stop_loss_price': 7437.25}
INVALID_RISK_UNIT,risk_unit == 0 or non-finite,NQU18-CME,13385359,2018-08-14 13:37:37.004000+00:00,7437.25,{'stop_loss_price': 7437.25}
INVALID_RISK_UNIT,risk_unit == 0 or non-finite,NQU18-CME,13385360,2018-08-14 13:37:37.005000+00:00,7437.25,{'stop_loss_price': 7437.25}
INVALID_RISK_UNIT,risk_unit == 0 or non-finite,NQU18-CME,13456546,2018-08-14 14:38:57+00:00,7439.75,{'stop_loss_price': 7439.75}
INVALID_RISK_UNIT,risk_unit == 0 or non-finite,NQU18-CME,13456547,2018-08-14 14:38:57.001000+00:00,7439.75,{'stop_loss_price': 7439.75}
INVALID_RISK_UNIT,risk_unit == 0 or non-finite,NQU18-CME,13456548,2018-08-14 14:38:57.002000+00:00,7439.75,{'stop_loss_price': 7439.75}
INVALID_RISK_UNIT,risk_unit == 0 or non-finite,NQU18-CME,13456549,2018-08-14 14:38:57.003000+00:00,7439.75,{'stop_loss_price': 7439.75}
INVALID_RISK_UNIT,risk_unit == 0 or non-finite,NQU18-CME,13456550,2018-08-14 14:38:57.004000+00:00,7439.75,{'stop_loss_price': 7439.75}
INVALID_RISK_UNIT,risk_unit == 0 or non-finite,NQU18-CME,13481282,2018-08-14 15:14:36.008000+00:00,7450.75,{'stop_loss_price': 7450.75}
INVALID_RISK_UNIT,risk_unit == 0 or non-finite,NQU18-CME,13481283,2018-08-14 15:14:36.009000+00:00,7450.75,{'stop_loss_price': 7450.75}
INVALID_RISK_UNIT,risk_unit == 0 or non-finite,NQU18-CME,13481284,2018-08-14 15:14:36.010000+00:00,7450.75,{'stop_loss_price': 7450.75}
INVALID_RISK_UNIT,risk_unit == 0 or non-finite,NQU18-CME,13481285,2018-08-14 15:14:36.011000+00:00,7450.75,{'stop_loss_price': 7450.75}
INVALID_RISK_UNIT,risk_unit == 0 or non-finite,NQU18-CME,13483385,2018-08-14 15:17:54.003000+00:00,7448.75,{'stop_loss_price': 7448.75}
INVALID_RISK_UNIT,risk_unit == 0 or non-finite,NQU18-CME,13483386,2018-08-14 15:17:54.004000+00:00,7448.75,{'stop_loss_price': 7448.75}
INVALID_RISK_UNIT,risk_unit == 0 or non-finite,NQU18-CME,13483387,2018-08-14 15:17:54.005000+00:00,7448.75,{'stop_loss_price': 7448.75}
INVALID_RISK_UNIT,risk_unit == 0 or non-finite,NQU18-CME,13483388,2018-08-14 15:17:54.006000+00:00,7448.75,{'stop_loss_price': 7448.75}
INVALID_RISK_UNIT,risk_unit == 0 or non-finite,NQU18-CME,13483389,2018-08-14 15:17:54.007000+00:00,7448.75,{'stop_loss_price': 7448.75}
INVALID_RISK_UNIT,risk_unit == 0 or non-finite,NQU18-CME,13483390,2018-08-14 15:17:54.008000+00:00,7448.75,{'stop_loss_price': 7448.75}
INVALID_RISK_UNIT,risk_unit == 0 or non-finite,NQU18-CME,13483391,2018-08-14 15:17:54.009000+00:00,7448.75,{'stop_loss_price': 7448.75}
INVALID_RISK_UNIT,risk_unit == 0 or non-finite,NQU18-CME,13501089,2018-08-14 15:48:52.006000+00:00,7456.0,{'stop_loss_price': 7456.0}
INVALID_RISK_UNIT,risk_unit == 0 or non-finite,NQU18-CME,13573568,2018-08-14 19:46:18.001000+00:00,7459.5,{'stop_loss_price': 7459.5}
INVALID_RISK_UNIT,risk_unit == 0 or non-finite,NQU18-CME,13573569,2018-08-14 19:46:18.002000+00:00,7459.5,{'stop_loss_price': 7459.5}
INVALID_RISK_UNIT,risk_unit == 0 or non-finite,NQU18-CME,13573570,2018-08-14 19:46:18.003000+00:00,7459.5,{'stop_loss_price': 7459.5}
INVALID_RISK_UNIT,risk_unit == 0 or non-finite,NQU18-CME,13573571,2018-08-14 19:46:18.004000+00:00,7459.5,{'stop_loss_price': 7459.5}
INVALID_RISK_UNIT,risk_unit == 0 or non-finite,NQU18-CME,13573572,2018-08-14 19:46:18.005000+00:00,7459.5,{'stop_loss_price': 7459.5}
INVALID_RISK_UNIT,risk_unit == 0 or non-finite,NQU18-CME,13573573,2018-08-14 19:46:18.006000+00:00,7459.5,{'stop_loss_price': 7459.5}
INVALID_RISK_UNIT,risk_unit == 0 or non-finite,NQU18-CME,13573574,2018-08-14 19:46:18.007000+00:00,7459.5,{'stop_loss_price': 7459.5}
INVALID_RISK_UNIT,risk_unit == 0 or non-finite,NQU18-CME,13573806,2018-08-14 19:47:09.001000+00:00,7458.5,{'stop_loss_price': 7458.5}
INVALID_RISK_UNIT,risk_unit == 0 or non-finite,NQU18-CME,13573807,2018-08-14 19:47:09.002000+00:00,7458.5,{'stop_loss_price': 7458.5}
INVALID_RISK_UNIT,risk_unit == 0 or non-finite,NQU18-CME,13573808,2018-08-14 19:47:09.003000+00:00,7458.5,{'stop_loss_price': 7458.5}
INVALID_RISK_UNIT,risk_unit == 0 or non-finite,NQU18-CME,13573809,2018-08-14 19:47:09.004000+00:00,7458.5,{'stop_loss_price': 7458.5}
INVALID_RISK_UNIT,risk_unit == 0 or non-finite,NQU18-CME,13573810,2018-08-14 19:47:09.005000+00:00,7458.5,{'stop_loss_price': 7458.5}
INVALID_RISK_UNIT,risk_unit == 0 or non-finite,NQU18-CME,13573811,2018-08-14 19:47:09.006000+00:00,7458.5,{'stop_loss_price': 7458.5}
INVALID_RISK_UNIT,risk_unit == 0 or non-finite,NQU18-CME,13573813,2018-08-14 19:47:12+00:00,7458.5,{'stop_loss_price': 7458.5}
INVALID_RISK_UNIT,risk_unit == 0 or non-finite,NQU18-CME,13607032,2018-08-15 09:52:08+00:00,7443.25,{'stop_loss_price': 7443.25}
INVALID_RISK_UNIT,risk_unit == 0 or non-finite,NQU18-CME,13607033,2018-08-15 09:52:08.001000+00:00,7443.25,{'stop_loss_price': 7443.25}
INVALID_RISK_UNIT,risk_unit == 0 or non-finite,NQU18-CME,13607034,2018-08-15 09:52:10+00:00,7443.25,{'stop_loss_price': 7443.25}
INVALID_RISK_UNIT,risk_unit == 0 or non-finite,NQU18-CME,13607035,2018-08-15 09:52:10.001000+00:00,7443.25,{'stop_loss_price': 7443.25}
INVALID_RISK_UNIT,risk_unit == 0 or non-finite,NQU18-CME,13607036,2018-08-15 09:52:10.002000+00:00,7443.25,{'stop_loss_price': 7443.25}
INVALID_RISK_UNIT,risk_unit == 0 or non-finite,NQU18-CME,13607037,2018-08-15 09:52:10.003000+00:00,7443.25,{'stop_loss_price': 7443.25}
INVALID_RISK_UNIT,risk_unit == 0 or non-finite,NQU18-CME,13607046,2018-08-15 09:52:24+00:00,7443.25,{'stop_loss_price': 7443.25}
INVALID_RISK_UNIT,risk_unit == 0 or non-finite,NQU18-CME,13607047,2018-08-15 09:52:24.001000+00:00,7443.25,{'stop_loss_price': 7443.25}
INVALID_RISK_UNIT,risk_unit == 0 or non-finite,NQU18-CME,13607048,2018-08-15 09:52:24.002000+00:00,7443.25,{'stop_loss_price': 7443.25}
INVALID_RISK_UNIT,risk_unit == 0 or non-finite,NQU18-CME,13607051,2018-08-15 09:53:04+00:00,7443.25,{'stop_loss_price': 7443.25}
INVALID_RISK_UNIT,risk_unit == 0 or non-finite,NQU18-CME,13608043,2018-08-15 10:05:40.002000+00:00,7438.25,{'stop_loss_price': 7438.25}
INVALID_RISK_UNIT,risk_unit == 0 or non-finite,NQU18-CME,13615966,2018-08-15 10:46:22.002000+00:00,7409.75,{'stop_loss_price': 7409.75}
INVALID_RISK_UNIT,risk_unit == 0 or non-finite,NQU18-CME,13615967,2018-08-15 10:46:22.003000+00:00,7409.75,{'stop_loss_price': 7409.75}
INVALID_RISK_UNIT,risk_unit == 0 or non-finite,NQU18-CME,13615968,2018-08-15 10:46:22.004000+00:00,7409.75,{'stop_loss_price': 7409.75}
INVALID_RISK_UNIT,risk_unit == 0 or non-finite,NQU18-CME,13615969,2018-08-15 10:46:22.005000+00:00,7409.75,{'stop_loss_price': 7409.75}
INVALID_RISK_UNIT,risk_unit == 0 or non-finite,NQU18-CME,13615970,2018-08-15 10:46:22.006000+00:00,7409.75,{'stop_loss_price': 7409.75}
INVALID_RISK_UNIT,risk_unit == 0 or non-finite,NQU18-CME,13638387,2018-08-15 12:34:33.001000+00:00,7400.75,{'stop_loss_price': 7400.75}
INVALID_RISK_UNIT,risk_unit == 0 or non-finite,NQU18-CME,13861095,2018-08-15 15:35:16.017000+00:00,7353.75,{'stop_loss_price': 7353.75}
INVALID_RISK_UNIT,risk_unit == 0 or non-finite,NQU18-CME,13861096,2018-08-15 15:35:16.018000+00:00,7353.75,{'stop_loss_price': 7353.75}
INVALID_RISK_UNIT,risk_unit == 0 or non-finite,NQU18-CME,13861097,2018-08-15 15:35:16.019000+00:00,7353.75,{'stop_loss_price': 7353.75}
INVALID_RISK_UNIT,risk_unit == 0 or non-finite,NQU18-CME,13861098,2018-08-15 15:35:16.020000+00:00,7353.75,{'stop_loss_price': 7353.75}
INVALID_RISK_UNIT,risk_unit == 0 or non-finite,NQU18-CME,13861099,2018-08-15 15:35:16.021000+00:00,7353.75,{'stop_loss_price': 7353.75}
INVALID_RISK_UNIT,risk_unit == 0 or non-finite,NQU18-CME,13861100,2018-08-15 15:35:16.022000+00:00,7353.75,{'stop_loss_price': 7353.75}
INVALID_RISK_UNIT,risk_unit == 0 or non-finite,NQU18-CME,13861102,2018-08-15 15:35:16.024000+00:00,7353.75,{'stop_loss_price': 7353.75}
INVALID_RISK_UNIT,risk_unit == 0 or non-finite,NQU18-CME,13915788,2018-08-15 16:49:31.014000+00:00,7352.25,{'stop_loss_price': 7352.25}
INVALID_RISK_UNIT,risk_unit == 0 or non-finite,NQU18-CME,13948012,2018-08-15 17:58:07.001000+00:00,7345.0,{'stop_loss_price': 7345.0}
INVALID_RISK_UNIT,risk_unit == 0 or non-finite,NQU18-CME,13953107,2018-08-15 18:08:55.010000+00:00,7335.0,{'stop_loss_price': 7335.0}
INVALID_RISK_UNIT,risk_unit == 0 or non-finite,NQU18-CME,13953108,2018-08-15 18:08:55.011000+00:00,7335.0,{'stop_loss_price': 7335.0}
INVALID_RISK_UNIT,risk_unit == 0 or non-finite,NQU18-CME,13953109,2018-08-15 18:08:55.012000+00:00,7335.0,{'stop_loss_price': 7335.0}
INVALID_RISK_UNIT,risk_unit == 0 or non-finite,NQU18-CME,13953186,2018-08-15 18:09:00.002000+00:00,7335.0,{'stop_loss_price': 7335.0}
INVALID_RISK_UNIT,risk_unit == 0 or non-finite,NQU18-CME,13953187,2018-08-15 18:09:00.003000+00:00,7335.0,{'stop_loss_price': 7335.0}
INVALID_RISK_UNIT,risk_unit == 0 or non-finite,NQU18-CME,13953188,2018-08-15 18:09:00.004000+00:00,7335.0,{'stop_loss_price': 7335.0}
INVALID_RISK_UNIT,risk_unit == 0 or non-finite,NQU18-CME,13953189,2018-08-15 18:09:00.005000+00:00,7335.0,{'stop_loss_price': 7335.0}
INVALID_RISK_UNIT,risk_unit == 0 or non-finite,NQU18-CME,14020924,2018-08-15 19:56:04.001000+00:00,7369.25,{'stop_loss_price': 7369.25}
INVALID_RISK_UNIT,risk_unit == 0 or non-finite,NQU18-CME,14020925,2018-08-15 19:56:04.002000+00:00,7369.25,{'stop_loss_price': 7369.25}
INVALID_RISK_UNIT,risk_unit == 0 or non-finite,NQU18-CME,14020926,2018-08-15 19:56:04.003000+00:00,7369.25,{'stop_loss_price': 7369.25}
INVALID_RISK_UNIT,risk_unit == 0 or non-finite,NQU18-CME,14034776,2018-08-15 20:38:26+00:00,7379.75,{'stop_loss_price': 7379.75}
INVALID_RISK_UNIT,risk_unit == 0 or non-finite,NQU18-CME,14036171,2018-08-15 22:12:11+00:00,7376.25,{'stop_loss_price': 7376.25}
INVALID_RISK_UNIT,risk_unit == 0 or non-finite,NQU18-CME,14044907,2018-08-16 01:34:37.056000+00:00,7394.5,{'stop_loss_price': 7394.5}
INVALID_RISK_UNIT,risk_unit == 0 or non-finite,NQU18-CME,14064692,2018-08-16 06:18:31+00:00,7404.5,{'stop_loss_price': 7404.5}
INVALID_RISK_UNIT,risk_unit == 0 or non-finite,NQU18-CME,14069403,2018-08-16 07:34:47.001000+00:00,7397.5,{'stop_loss_price': 7397.5}
INVALID_RISK_UNIT,risk_unit == 0 or non-finite,NQU18-CME,14069404,2018-08-16 07:34:47.002000+00:00,7397.5,{'stop_loss_price': 7397.5}
INVALID_RISK_UNIT,risk_unit == 0 or non-finite,NQU18-CME,14069405,2018-08-16 07:34:47.003000+00:00,7397.5,{'stop_loss_price': 7397.5}
INVALID_RISK_UNIT,risk_unit == 0 or non-finite,NQU18-CME,14069406,2018-08-16 07:34:47.004000+00:00,7397.5,{'stop_loss_price': 7397.5}
INVALID_RISK_UNIT,risk_unit == 0 or non-finite,NQU18-CME,14069407,2018-08-16 07:34:48+00:00,7397.5,{'stop_loss_price': 7397.5}
INVALID_RISK_UNIT,risk_unit == 0 or non-finite,NQU18-CME,14069408,2018-08-16 07:34:48.001000+00:00,7397.5,{'stop_loss_price': 7397.5}
INVALID_RISK_UNIT,risk_unit == 0 or non-finite,NQU18-CME,14101641,2018-08-16 13:31:19.007000+00:00,7416.0,{'stop_loss_price': 7416.0}
INVALID_RISK_UNIT,risk_unit == 0 or non-finite,NQU18-CME,14101642,2018-08-16 13:31:19.008000+00:00,7416.0,{'stop_loss_price': 7416.0}
INVALID_RISK_UNIT,risk_unit == 0 or non-finite,NQU18-CME,14101643,2018-08-16 13:31:19.009000+00:00,7416.0,{'stop_loss_price': 7416.0}
INVALID_RISK_UNIT,risk_unit == 0 or non-finite,NQU18-CME,14101645,2018-08-16 13:31:19.011000+00:00,7416.0,{'stop_loss_price': 7416.0}
INVALID_RISK_UNIT,risk_unit == 0 or non-finite,NQU18-CME,14134589,2018-08-16 13:50:38.007000+00:00,7409.0,{'stop_loss_price': 7409.0}
INVALID_RISK_UNIT,risk_unit == 0 or non-finite,NQU18-CME,14140948,2018-08-16 13:55:48.008000+00:00,7410.5,{'stop_loss_price': 7410.5}
INVALID_RISK_UNIT,risk_unit == 0 or non-finite,NQU18-CME,14140949,2018-08-16 13:55:48.009000+00:00,7410.5,{'stop_loss_price': 7410.5}
INVALID_RISK_UNIT,risk_unit == 0 or non-finite,NQU18-CME,14140950,2018-08-16 13:55:48.010000+00:00,7410.5,{'stop_loss_price': 7410.5}
INVALID_RISK_UNIT,risk_unit == 0 or non-finite,NQU18-CME,14140951,2018-08-16 13:55:48.011000+00:00,7410.5,{'stop_loss_price': 7410.5}
INVALID_RISK_UNIT,risk_unit == 0 or non-finite,NQU18-CME,14140952,2018-08-16 13:55:48.012000+00:00,7410.5,{'stop_loss_price': 7410.5}
INVALID_RISK_UNIT,risk_unit == 0 or non-finite,NQU18-CME,14140953,2018-08-16 13:55:48.013000+00:00,7410.5,{'stop_loss_price': 7410.5}
INVALID_RISK_UNIT,risk_unit == 0 or non-finite,NQU18-CME,14140954,2018-08-16 13:55:49+00:00,7410.5,{'stop_loss_price': 7410.5}
INVALID_RISK_UNIT,risk_unit == 0 or non-finite,NQU18-CME,14140955,2018-08-16 13:55:49.001000+00:00,7410.5,{'stop_loss_price': 7410.5}
INVALID_RISK_UNIT,risk_unit == 0 or non-finite,NQU18-CME,14140956,2018-08-16 13:55:49.002000+00:00,7410.5,{'stop_loss_price': 7410.5}
INVALID_RISK_UNIT,risk_unit == 0 or non-finite,NQU18-CME,14140957,2018-08-16 13:55:49.003000+00:00,7410.5,{'stop_loss_price': 7410.5}
INVALID_RISK_UNIT,risk_unit == 0 or non-finite,NQU18-CME,14140958,2018-08-16 13:55:49.004000+00:00,7410.5,{'stop_loss_price': 7410.5}
INVALID_RISK_UNIT,risk_unit == 0 or non-finite,NQU18-CME,14140959,2018-08-16 13:55:50+00:00,7410.5,{'stop_loss_price': 7410.5}
INVALID_RISK_UNIT,risk_unit == 0 or non-finite,NQU18-CME,14140960,2018-08-16 13:55:50.001000+00:00,7410.5,{'stop_loss_price': 7410.5}
INVALID_RISK_UNIT,risk_unit == 0 or non-finite,NQU18-CME,14140961,2018-08-16 13:55:50.002000+00:00,7410.5,{'stop_loss_price': 7410.5}
INVALID_RISK_UNIT,risk_unit == 0 or non-finite,NQU18-CME,14140962,2018-08-16 13:55:50.003000+00:00,7410.5,{'stop_loss_price': 7410.5}
INVALID_RISK_UNIT,risk_unit == 0 or non-finite,NQU18-CME,14140963,2018-08-16 13:55:50.004000+00:00,7410.5,{'stop_loss_price': 7410.5}
INVALID_RISK_UNIT,risk_unit == 0 or non-finite,NQU18-CME,14140964,2018-08-16 13:55:50.005000+00:00,7410.5,{'stop_loss_price': 7410.5}
INVALID_RISK_UNIT,risk_unit == 0 or non-finite,NQU18-CME,14140989,2018-08-16 13:55:53.005000+00:00,7410.5,{'stop_loss_price': 7410.5}
INVALID_RISK_UNIT,risk_unit == 0 or non-finite,NQU18-CME,14140990,2018-08-16 13:55:53.006000+00:00,7410.5,{'stop_loss_price': 7410.5}
INVALID_RISK_UNIT,risk_unit == 0 or non-finite,NQU18-CME,14231341,2018-08-16 16:41:00.020000+00:00,7421.75,{'stop_loss_price': 7421.75}
INVALID_RISK_UNIT,risk_unit == 0 or non-finite,NQU18-CME,14231342,2018-08-16 16:41:00.021000+00:00,7421.75,{'stop_loss_price': 7421.75}
INVALID_RISK_UNIT,risk_unit == 0 or non-finite,NQU18-CME,14231343,2018-08-16 16:41:00.022000+00:00,7421.75,{'stop_loss_price': 7421.75}
INVALID_RISK_UNIT,risk_unit == 0 or non-finite,NQU18-CME,14231344,2018-08-16 16:41:00.023000+00:00,7421.75,{'stop_loss_price': 7421.75}
INVALID_RISK_UNIT,risk_unit == 0 or non-finite,NQU18-CME,14231345,2018-08-16 16:41:00.024000+00:00,7421.75,{'stop_loss_price': 7421.75}
INVALID_RISK_UNIT,risk_unit == 0 or non-finite,NQU18-CME,14231346,2018-08-16 16:41:00.025000+00:00,7421.75,{'stop_loss_price': 7421.75}
INVALID_RISK_UNIT,risk_unit == 0 or non-finite,NQU18-CME,14258959,2018-08-16 18:10:07+00:00,7409.75,{'stop_loss_price': 7409.75}
INVALID_RISK_UNIT,risk_unit == 0 or non-finite,NQU18-CME,14272942,2018-08-16 18:37:36+00:00,7392.75,{'stop_loss_price': 7392.75}
INVALID_RISK_UNIT,risk_unit == 0 or non-finite,NQU18-CME,14272943,2018-08-16 18:37:36.001000+00:00,7392.75,{'stop_loss_price': 7392.75}
INVALID_RISK_UNIT,risk_unit == 0 or non-finite,NQU18-CME,14272944,2018-08-16 18:37:36.002000+00:00,7392.75,{'stop_loss_price': 7392.75}
INVALID_RISK_UNIT,risk_unit == 0 or non-finite,NQU18-CME,14272945,2018-08-16 18:37:36.003000+00:00,7392.75,{'stop_loss_price': 7392.75}
INVALID_RISK_UNIT,risk_unit == 0 or non-finite,NQU18-CME,14272946,2018-08-16 18:37:36.004000+00:00,7392.75,{'stop_loss_price': 7392.75}
INVALID_RISK_UNIT,risk_unit == 0 or non-finite,NQU18-CME,14272947,2018-08-16 18:37:36.005000+00:00,7392.75,{'stop_loss_price': 7392.75}
INVALID_RISK_UNIT,risk_unit == 0 or non-finite,NQU18-CME,14313357,2018-08-16 19:57:26.013000+00:00,7375.0,{'stop_loss_price': 7375.0}
INVALID_RISK_UNIT,risk_unit == 0 or non-finite,NQU18-CME,14362462,2018-08-17 12:07:55.002000+00:00,7361.25,{'stop_loss_price': 7361.25}
INVALID_RISK_UNIT,risk_unit == 0 or non-finite,NQU18-CME,14362463,2018-08-17 12:07:55.003000+00:00,7361.25,{'stop_loss_price': 7361.25}
INVALID_RISK_UNIT,risk_unit == 0 or non-finite,NQU18-CME,14362464,2018-08-17 12:07:55.004000+00:00,7361.25,{'stop_loss_price': 7361.25}
INVALID_RISK_UNIT,risk_unit == 0 or non-finite,NQU18-CME,14362465,2018-08-17 12:07:55.005000+00:00,7361.25,{'stop_loss_price': 7361.25}
INVALID_RISK_UNIT,risk_unit == 0 or non-finite,NQU18-CME,14362466,2018-08-17 12:07:55.006000+00:00,7361.25,{'stop_loss_price': 7361.25}
INVALID_RISK_UNIT,risk_unit == 0 or non-finite,NQU18-CME,14362467,2018-08-17 12:07:55.007000+00:00,7361.25,{'stop_loss_price': 7361.25}
INVALID_RISK_UNIT,risk_unit == 0 or non-finite,NQU18-CME,14363527,2018-08-17 12:11:39.001000+00:00,7361.0,{'stop_loss_price': 7361.0}
INVALID_RISK_UNIT,risk_unit == 0 or non-finite,NQU18-CME,14428809,2018-08-17 14:05:05.004000+00:00,7353.75,{'stop_loss_price': 7353.75}
INVALID_RISK_UNIT,risk_unit == 0 or non-finite,NQU18-CME,14428810,2018-08-17 14:05:05.005000+00:00,7353.75,{'stop_loss_price': 7353.75}
INVALID_RISK_UNIT,risk_unit == 0 or non-finite,NQU18-CME,14428811,2018-08-17 14:05:05.006000+00:00,7353.75,{'stop_loss_price': 7353.75}
INVALID_RISK_UNIT,risk_unit == 0 or non-finite,NQU18-CME,14428812,2018-08-17 14:05:05.007000+00:00,7353.75,{'stop_loss_price': 7353.75}
INVALID_RISK_UNIT,risk_unit == 0 or non-finite,NQU18-CME,14432179,2018-08-17 14:06:30.010000+00:00,7346.25,{'stop_loss_price': 7346.25}
INVALID_RISK_UNIT,risk_unit == 0 or non-finite,NQU18-CME,14456095,2018-08-17 14:25:25.011000+00:00,7327.75,{'stop_loss_price': 7327.75}
INVALID_RISK_UNIT,risk_unit == 0 or non-finite,NQU18-CME,14546392,2018-08-17 17:03:53.003000+00:00,7356.5,{'stop_loss_price': 7356.5}
INVALID_RISK_UNIT,risk_unit == 0 or non-finite,NQU18-CME,14546393,2018-08-17 17:03:53.004000+00:00,7356.5,{'stop_loss_price': 7356.5}
INVALID_RISK_UNIT,risk_unit == 0 or non-finite,NQU18-CME,14546394,2018-08-17 17:03:53.005000+00:00,7356.5,{'stop_loss_price': 7356.5}
INVALID_RISK_UNIT,risk_unit == 0 or non-finite,NQU18-CME,14657846,2018-08-20 10:39:04.006000+00:00,7411.5,{'stop_loss_price': 7411.5}
INVALID_RISK_UNIT,risk_unit == 0 or non-finite,NQU18-CME,14657847,2018-08-20 10:39:04.007000+00:00,7411.5,{'stop_loss_price': 7411.5}
INVALID_RISK_UNIT,risk_unit == 0 or non-finite,NQU18-CME,14657848,2018-08-20 10:39:04.008000+00:00,7411.5,{'stop_loss_price': 7411.5}
INVALID_RISK_UNIT,risk_unit == 0 or non-finite,NQU18-CME,14657849,2018-08-20 10:39:04.009000+00:00,7411.5,{'stop_loss_price': 7411.5}
INVALID_RISK_UNIT,risk_unit == 0 or non-finite,NQU18-CME,14657850,2018-08-20 10:39:04.010000+00:00,7411.5,{'stop_loss_price': 7411.5}
INVALID_RISK_UNIT,risk_unit == 0 or non-finite,NQU18-CME,14699470,2018-08-20 13:48:22.009000+00:00,7384.25,{'stop_loss_price': 7384.25}
INVALID_RISK_UNIT,risk_unit == 0 or non-finite,NQU18-CME,14770701,2018-08-20 15:01:36+00:00,7354.25,{'stop_loss_price': 7354.25}
INVALID_RISK_UNIT,risk_unit == 0 or non-finite,NQU18-CME,14770702,2018-08-20 15:01:36.001000+00:00,7354.25,{'stop_loss_price': 7354.25}
INVALID_RISK_UNIT,risk_unit == 0 or non-finite,NQU18-CME,14770703,2018-08-20 15:01:36.002000+00:00,7354.25,{'stop_loss_price': 7354.25}
INVALID_RISK_UNIT,risk_unit == 0 or non-finite,NQU18-CME,14770704,2018-08-20 15:01:36.003000+00:00,7354.25,{'stop_loss_price': 7354.25}
INVALID_RISK_UNIT,risk_unit == 0 or non-finite,NQU18-CME,14770705,2018-08-20 15:01:37+00:00,7354.25,{'stop_loss_price': 7354.25}
INVALID_RISK_UNIT,risk_unit == 0 or non-finite,NQU18-CME,14770706,2018-08-20 15:01:37.001000+00:00,7354.25,{'stop_loss_price': 7354.25}
INVALID_RISK_UNIT,risk_unit == 0 or non-finite,NQU18-CME,14770707,2018-08-20 15:01:37.002000+00:00,7354.25,{'stop_loss_price': 7354.25}
INVALID_RISK_UNIT,risk_unit == 0 or non-finite,NQU18-CME,14770714,2018-08-20 15:01:39+00:00,7354.25,{'stop_loss_price': 7354.25}
INVALID_RISK_UNIT,risk_unit == 0 or non-finite,NQU18-CME,14802729,2018-08-20 16:03:28.011000+00:00,7371.25,{'stop_loss_price': 7371.25}
INVALID_RISK_UNIT,risk_unit == 0 or non-finite,NQU18-CME,14802730,2018-08-20 16:03:28.012000+00:00,7371.25,{'stop_loss_price': 7371.25}
INVALID_RISK_UNIT,risk_unit == 0 or non-finite,NQU18-CME,14802731,2018-08-20 16:03:28.013000+00:00,7371.25,{'stop_loss_price': 7371.25}
INVALID_RISK_UNIT,risk_unit == 0 or non-finite,NQU18-CME,14802732,2018-08-20 16:03:28.014000+00:00,7371.25,{'stop_loss_price': 7371.25}
INVALID_RISK_UNIT,risk_unit == 0 or non-finite,NQU18-CME,14802733,2018-08-20 16:03:28.015000+00:00,7371.25,{'stop_loss_price': 7371.25}
INVALID_RISK_UNIT,risk_unit == 0 or non-finite,NQU18-CME,14802734,2018-08-20 16:03:28.016000+00:00,7371.25,{'stop_loss_price': 7371.25}
INVALID_RISK_UNIT,risk_unit == 0 or non-finite,NQU18-CME,14802735,2018-08-20 16:03:28.017000+00:00,7371.25,{'stop_loss_price': 7371.25}
INVALID_RISK_UNIT,risk_unit == 0 or non-finite,NQU18-CME,14802736,2018-08-20 16:03:28.018000+00:00,7371.25,{'stop_loss_price': 7371.25}
INVALID_RISK_UNIT,risk_unit == 0 or non-finite,NQU18-CME,14802737,2018-08-20 16:03:28.019000+00:00,7371.25,{'stop_loss_price': 7371.25}
INVALID_RISK_UNIT,risk_unit == 0 or non-finite,NQU18-CME,14802738,2018-08-20 16:03:28.020000+00:00,7371.25,{'stop_loss_price': 7371.25}
INVALID_RISK_UNIT,risk_unit == 0 or non-finite,NQU18-CME,14802742,2018-08-20 16:03:29.002000+00:00,7371.25,{'stop_loss_price': 7371.25}
INVALID_RISK_UNIT,risk_unit == 0 or non-finite,NQU18-CME,14811050,2018-08-20 16:27:44.008000+00:00,7379.0,{'stop_loss_price': 7379.0}
INVALID_RISK_UNIT,risk_unit == 0 or non-finite,NQU18-CME,14811051,2018-08-20 16:27:44.009000+00:00,7379.0,{'stop_loss_price': 7379.0}
INVALID_RISK_UNIT,risk_unit == 0 or non-finite,NQU18-CME,14811052,2018-08-20 16:27:44.010000+00:00,7379.0,{'stop_loss_price': 7379.0}
INVALID_RISK_UNIT,risk_unit == 0 or non-finite,NQU18-CME,14811053,2018-08-20 16:27:44.011000+00:00,7379.0,{'stop_loss_price': 7379.0}
INVALID_RISK_UNIT,risk_unit == 0 or non-finite,NQU18-CME,14811054,2018-08-20 16:27:44.012000+00:00,7379.0,{'stop_loss_price': 7379.0}
INVALID_RISK_UNIT,risk_unit == 0 or non-finite,NQU18-CME,14811055,2018-08-20 16:27:44.013000+00:00,7379.0,{'stop_loss_price': 7379.0}
INVALID_RISK_UNIT,risk_unit == 0 or non-finite,NQU18-CME,14811056,2018-08-20 16:27:44.014000+00:00,7379.0,{'stop_loss_price': 7379.0}
INVALID_RISK_UNIT,risk_unit == 0 or non-finite,NQU18-CME,15042558,2018-08-21 17:01:01+00:00,7448.25,{'stop_loss_price': 7448.25}
INVALID_RISK_UNIT,risk_unit == 0 or non-finite,NQU18-CME,15042559,2018-08-21 17:01:01.001000+00:00,7448.25,{'stop_loss_price': 7448.25}
INVALID_RISK_UNIT,risk_unit == 0 or non-finite,NQU18-CME,15042560,2018-08-21 17:01:01.002000+00:00,7448.25,{'stop_loss_price': 7448.25}
INVALID_RISK_UNIT,risk_unit == 0 or non-finite,NQU18-CME,15042561,2018-08-21 17:01:01.003000+00:00,7448.25,{'stop_loss_price': 7448.25}
INVALID_RISK_UNIT,risk_unit == 0 or non-finite,NQU18-CME,15042562,2018-08-21 17:01:01.004000+00:00,7448.25,{'stop_loss_price': 7448.25}
INVALID_RISK_UNIT,risk_unit == 0 or non-finite,NQU18-CME,15042567,2018-08-21 17:01:03+00:00,7448.25,{'stop_loss_price': 7448.25}
INVALID_RISK_UNIT,risk_unit == 0 or non-finite,NQU18-CME,15042568,2018-08-21 17:01:03.001000+00:00,7448.25,{'stop_loss_price': 7448.25}
INVALID_RISK_UNIT,risk_unit == 0 or non-finite,NQU18-CME,15042569,2018-08-21 17:01:03.002000+00:00,7448.25,{'stop_loss_price': 7448.25}
INVALID_RISK_UNIT,risk_unit == 0 or non-finite,NQU18-CME,15160839,2018-08-22 07:52:30+00:00,7379.75,{'stop_loss_price': 7379.75}
INVALID_RISK_UNIT,risk_unit == 0 or non-finite,NQU18-CME,15238733,2018-08-22 14:10:54.007000+00:00,7399.5,{'stop_loss_price': 7399.5}
INVALID_RISK_UNIT,risk_unit == 0 or non-finite,NQU18-CME,15238734,2018-08-22 14:10:54.008000+00:00,7399.5,{'stop_loss_price': 7399.5}
INVALID_RISK_UNIT,risk_unit == 0 or non-finite,NQU18-CME,15358166,2018-08-22 18:50:10.006000+00:00,7425.75,{'stop_loss_price': 7425.75}
INVALID_RISK_UNIT,risk_unit == 0 or non-finite,NQU18-CME,15358167,2018-08-22 18:50:10.007000+00:00,7425.75,{'stop_loss_price': 7425.75}
INVALID_RISK_UNIT,risk_unit == 0 or non-finite,NQU18-CME,15358168,2018-08-22 18:50:11+00:00,7425.75,{'stop_loss_price': 7425.75}
INVALID_RISK_UNIT,risk_unit == 0 or non-finite,NQU18-CME,15358169,2018-08-22 18:50:12+00:00,7425.75,{'stop_loss_price': 7425.75}
INVALID_RISK_UNIT,risk_unit == 0 or non-finite,NQU18-CME,15358170,2018-08-22 18:50:12.001000+00:00,7425.75,{'stop_loss_price': 7425.75}
INVALID_RISK_UNIT,risk_unit == 0 or non-finite,NQU18-CME,15358171,2018-08-22 18:50:12.002000+00:00,7425.75,{'stop_loss_price': 7425.75}
INVALID_RISK_UNIT,risk_unit == 0 or non-finite,NQU18-CME,15452874,2018-08-23 13:45:40.016000+00:00,7454.25,{'stop_loss_price': 7454.25}
INVALID_RISK_UNIT,risk_unit == 0 or non-finite,NQU18-CME,15452875,2018-08-23 13:45:40.017000+00:00,7454.25,{'stop_loss_price': 7454.25}
INVALID_RISK_UNIT,risk_unit == 0 or non-finite,NQU18-CME,15452876,2018-08-23 13:45:40.018000+00:00,7454.25,{'stop_loss_price': 7454.25}
INVALID_RISK_UNIT,risk_unit == 0 or non-finite,NQU18-CME,15452877,2018-08-23 13:45:41+00:00,7454.25,{'stop_loss_price': 7454.25}
INVALID_RISK_UNIT,risk_unit == 0 or non-finite,NQU18-CME,15452878,2018-08-23 13:45:41.001000+00:00,7454.25,{'stop_loss_price': 7454.25}
INVALID_RISK_UNIT,risk_unit == 0 or non-finite,NQU18-CME,15452879,2018-08-23 13:45:41.002000+00:00,7454.25,{'stop_loss_price': 7454.25}
INVALID_RISK_UNIT,risk_unit == 0 or non-finite,NQU18-CME,15553027,2018-08-23 15:27:51.052000+00:00,7426.75,{'stop_loss_price': 7426.75}
INVALID_RISK_UNIT,risk_unit == 0 or non-finite,NQU18-CME,15553028,2018-08-23 15:27:51.053000+00:00,7426.75,{'stop_loss_price': 7426.75}
INVALID_RISK_UNIT,risk_unit == 0 or non-finite,NQU18-CME,15553029,2018-08-23 15:27:52+00:00,7426.75,{'stop_loss_price': 7426.75}
INVALID_RISK_UNIT,risk_unit == 0 or non-finite,NQU18-CME,15553031,2018-08-23 15:27:52.002000+00:00,7426.75,{'stop_loss_price': 7426.75}
INVALID_RISK_UNIT,risk_unit == 0 or non-finite,NQU18-CME,15563326,2018-08-23 15:37:47.288000+00:00,7416.75,{'stop_loss_price': 7416.75}
INVALID_RISK_UNIT,risk_unit == 0 or non-finite,NQU18-CME,15563327,2018-08-23 15:37:47.289000+00:00,7416.75,{'stop_loss_price': 7416.75}
INVALID_RISK_UNIT,risk_unit == 0 or non-finite,NQU18-CME,15563328,2018-08-23 15:37:47.290000+00:00,7416.75,{'stop_loss_price': 7416.75}
INVALID_RISK_UNIT,risk_unit == 0 or non-finite,NQU18-CME,15563329,2018-08-23 15:37:47.291000+00:00,7416.75,{'stop_loss_price': 7416.75}
INVALID_RISK_UNIT,risk_unit == 0 or non-finite,NQU18-CME,15563330,2018-08-23 15:37:47.292000+00:00,7416.75,{'stop_loss_price': 7416.75}
INVALID_RISK_UNIT,risk_unit == 0 or non-finite,NQU18-CME,15563331,2018-08-23 15:37:47.293000+00:00,7416.75,{'stop_loss_price': 7416.75}
INVALID_RISK_UNIT,risk_unit == 0 or non-finite,NQU18-CME,15563332,2018-08-23 15:37:47.294000+00:00,7416.75,{'stop_loss_price': 7416.75}
INVALID_RISK_UNIT,risk_unit == 0 or non-finite,NQU18-CME,15563333,2018-08-23 15:37:47.295000+00:00,7416.75,{'stop_loss_price': 7416.75}
INVALID_RISK_UNIT,risk_unit == 0 or non-finite,NQU18-CME,15563334,2018-08-23 15:37:47.296000+00:00,7416.75,{'stop_loss_price': 7416.75}
INVALID_RISK_UNIT,risk_unit == 0 or non-finite,NQU18-CME,15563335,2018-08-23 15:37:47.297000+00:00,7416.75,{'stop_loss_price': 7416.75}
INVALID_RISK_UNIT,risk_unit == 0 or non-finite,NQU18-CME,15563336,2018-08-23 15:37:47.298000+00:00,7416.75,{'stop_loss_price': 7416.75}
INVALID_RISK_UNIT,risk_unit == 0 or non-finite,NQU18-CME,15563339,2018-08-23 15:37:47.301000+00:00,7416.75,{'stop_loss_price': 7416.75}
INVALID_RISK_UNIT,risk_unit == 0 or non-finite,NQU18-CME,15563340,2018-08-23 15:37:47.302000+00:00,7416.75,{'stop_loss_price': 7416.75}
INVALID_RISK_UNIT,risk_unit == 0 or non-finite,NQU18-CME,15563341,2018-08-23 15:37:47.303000+00:00,7416.75,{'stop_loss_price': 7416.75}
INVALID_RISK_UNIT,risk_unit == 0 or non-finite,NQU18-CME,15563343,2018-08-23 15:37:47.305000+00:00,7416.75,{'stop_loss_price': 7416.75}
INVALID_RISK_UNIT,risk_unit == 0 or non-finite,NQU18-CME,15731096,2018-08-24 13:37:40.005000+00:00,7452.75,{'stop_loss_price': 7452.75}
INVALID_RISK_UNIT,risk_unit == 0 or non-finite,NQU18-CME,15731097,2018-08-24 13:37:40.006000+00:00,7452.75,{'stop_loss_price': 7452.75}
INVALID_RISK_UNIT,risk_unit == 0 or non-finite,NQU18-CME,15731098,2018-08-24 13:37:40.007000+00:00,7452.75,{'stop_loss_price': 7452.75}
INVALID_RISK_UNIT,risk_unit == 0 or non-finite,NQU18-CME,15731099,2018-08-24 13:37:40.008000+00:00,7452.75,{'stop_loss_price': 7452.75}
INVALID_RISK_UNIT,risk_unit == 0 or non-finite,NQU18-CME,15731100,2018-08-24 13:37:40.009000+00:00,7452.75,{'stop_loss_price': 7452.75}
INVALID_RISK_UNIT,risk_unit == 0 or non-finite,NQU18-CME,15731101,2018-08-24 13:37:40.010000+00:00,7452.75,{'stop_loss_price': 7452.75}
INVALID_RISK_UNIT,risk_unit == 0 or non-finite,NQU18-CME,15731102,2018-08-24 13:37:40.011000+00:00,7452.75,{'stop_loss_price': 7452.75}
INVALID_RISK_UNIT,risk_unit == 0 or non-finite,NQU18-CME,15731103,2018-08-24 13:37:40.012000+00:00,7452.75,{'stop_loss_price': 7452.75}
INVALID_RISK_UNIT,risk_unit == 0 or non-finite,NQU18-CME,15731104,2018-08-24 13:37:40.013000+00:00,7452.75,{'stop_loss_price': 7452.75}
INVALID_RISK_UNIT,risk_unit == 0 or non-finite,NQU18-CME,15731105,2018-08-24 13:37:40.014000+00:00,7452.75,{'stop_loss_price': 7452.75}
INVALID_RISK_UNIT,risk_unit == 0 or non-finite,NQU18-CME,15731106,2018-08-24 13:37:40.015000+00:00,7452.75,{'stop_loss_price': 7452.75}
INVALID_RISK_UNIT,risk_unit == 0 or non-finite,NQU18-CME,15731107,2018-08-24 13:37:40.016000+00:00,7452.75,{'stop_loss_price': 7452.75}
INVALID_RISK_UNIT,risk_unit == 0 or non-finite,NQU18-CME,15731108,2018-08-24 13:37:40.017000+00:00,7452.75,{'stop_loss_price': 7452.75}
INVALID_RISK_UNIT,risk_unit == 0 or non-finite,NQU18-CME,15813284,2018-08-24 15:11:14+00:00,7487.0,{'stop_loss_price': 7487.0}
INVALID_RISK_UNIT,risk_unit == 0 or non-finite,NQU18-CME,15813285,2018-08-24 15:11:14.001000+00:00,7487.0,{'stop_loss_price': 7487.0}
INVALID_RISK_UNIT,risk_unit == 0 or non-finite,NQU18-CME,15813286,2018-08-24 15:11:14.002000+00:00,7487.0,{'stop_loss_price': 7487.0}
INVALID_RISK_UNIT,risk_unit == 0 or non-finite,NQU18-CME,15813287,2018-08-24 15:11:14.003000+00:00,7487.0,{'stop_loss_price': 7487.0}
INVALID_RISK_UNIT,risk_unit == 0 or non-finite,NQU18-CME,15813288,2018-08-24 15:11:14.004000+00:00,7487.0,{'stop_loss_price': 7487.0}
INVALID_RISK_UNIT,risk_unit == 0 or non-finite,NQU18-CME,15813289,2018-08-24 15:11:14.005000+00:00,7487.0,{'stop_loss_price': 7487.0}
INVALID_RISK_UNIT,risk_unit == 0 or non-finite,NQU18-CME,15813290,2018-08-24 15:11:14.006000+00:00,7487.0,{'stop_loss_price': 7487.0}
INVALID_RISK_UNIT,risk_unit == 0 or non-finite,NQU18-CME,15813291,2018-08-24 15:11:14.007000+00:00,7487.0,{'stop_loss_price': 7487.0}
INVALID_RISK_UNIT,risk_unit == 0 or non-finite,NQU18-CME,15813292,2018-08-24 15:11:14.008000+00:00,7487.0,{'stop_loss_price': 7487.0}
INVALID_RISK_UNIT,risk_unit == 0 or non-finite,NQU18-CME,15813293,2018-08-24 15:11:14.009000+00:00,7487.0,{'stop_loss_price': 7487.0}
INVALID_RISK_UNIT,risk_unit == 0 or non-finite,NQU18-CME,15813294,2018-08-24 15:11:14.010000+00:00,7487.0,{'stop_loss_price': 7487.0}
INVALID_RISK_UNIT,risk_unit == 0 or non-finite,NQU18-CME,15850870,2018-08-24 17:02:12+00:00,7490.25,{'stop_loss_price': 7490.25}
INVALID_RISK_UNIT,risk_unit == 0 or non-finite,NQU18-CME,15850871,2018-08-24 17:02:12.001000+00:00,7490.25,{'stop_loss_price': 7490.25}
INVALID_RISK_UNIT,risk_unit == 0 or non-finite,NQU18-CME,15850872,2018-08-24 17:02:12.002000+00:00,7490.25,{'stop_loss_price': 7490.25}
INVALID_RISK_UNIT,risk_unit == 0 or non-finite,NQU18-CME,15867502,2018-08-24 17:54:18.004000+00:00,7483.0,{'stop_loss_price': 7483.0}
INVALID_RISK_UNIT,risk_unit == 0 or non-finite,NQU18-CME,15867503,2018-08-24 17:54:19+00:00,7483.0,{'stop_loss_price': 7483.0}
INVALID_RISK_UNIT,risk_unit == 0 or non-finite,NQU18-CME,15867504,2018-08-24 17:54:19.001000+00:00,7483.0,{'stop_loss_price': 7483.0}
INVALID_RISK_UNIT,risk_unit == 0 or non-finite,NQU18-CME,15867505,2018-08-24 17:54:19.002000+00:00,7483.0,{'stop_loss_price': 7483.0}
INVALID_RISK_UNIT,risk_unit == 0 or non-finite,NQU18-CME,15867506,2018-08-24 17:54:19.003000+00:00,7483.0,{'stop_loss_price': 7483.0}
INVALID_RISK_UNIT,risk_unit == 0 or non-finite,NQU18-CME,15923445,2018-08-27 02:56:34.004000+00:00,7520.75,{'stop_loss_price': 7520.75}
INVALID_RISK_UNIT,risk_unit == 0 or non-finite,NQU18-CME,15933412,2018-08-27 08:24:10+00:00,7523.0,{'stop_loss_price': 7523.0}
INVALID_RISK_UNIT,risk_unit == 0 or non-finite,NQU18-CME,15933413,2018-08-27 08:24:10.001000+00:00,7523.0,{'stop_loss_price': 7523.0}
INVALID_RISK_UNIT,risk_unit == 0 or non-finite,NQU18-CME,15933414,2018-08-27 08:24:10.002000+00:00,7523.0,{'stop_loss_price': 7523.0}
INVALID_RISK_UNIT,risk_unit == 0 or non-finite,NQU18-CME,15933415,2018-08-27 08:24:12+00:00,7523.0,{'stop_loss_price': 7523.0}
INVALID_RISK_UNIT,risk_unit == 0 or non-finite,NQU18-CME,15976421,2018-08-27 13:46:14.103000+00:00,7533.0,{'stop_loss_price': 7533.0}
INVALID_RISK_UNIT,risk_unit == 0 or non-finite,NQU18-CME,15976422,2018-08-27 13:46:14.104000+00:00,7533.0,{'stop_loss_price': 7533.0}
INVALID_RISK_UNIT,risk_unit == 0 or non-finite,NQU18-CME,15976423,2018-08-27 13:46:14.105000+00:00,7533.0,{'stop_loss_price': 7533.0}
INVALID_RISK_UNIT,risk_unit == 0 or non-finite,NQU18-CME,15976424,2018-08-27 13:46:14.106000+00:00,7533.0,{'stop_loss_price': 7533.0}
INVALID_RISK_UNIT,risk_unit == 0 or non-finite,NQU18-CME,15976425,2018-08-27 13:46:14.107000+00:00,7533.0,{'stop_loss_price': 7533.0}
INVALID_RISK_UNIT,risk_unit == 0 or non-finite,NQU18-CME,15976426,2018-08-27 13:46:14.108000+00:00,7533.0,{'stop_loss_price': 7533.0}
INVALID_RISK_UNIT,risk_unit == 0 or non-finite,NQU18-CME,15991251,2018-08-27 14:00:22.004000+00:00,7543.0,{'stop_loss_price': 7543.0}
INVALID_RISK_UNIT,risk_unit == 0 or non-finite,NQU18-CME,15991252,2018-08-27 14:00:22.005000+00:00,7543.0,{'stop_loss_price': 7543.0}
INVALID_RISK_UNIT,risk_unit == 0 or non-finite,NQU18-CME,15991255,2018-08-27 14:00:22.008000+00:00,7543.0,{'stop_loss_price': 7543.0}
INVALID_RISK_UNIT,risk_unit == 0 or non-finite,NQU18-CME,15991256,2018-08-27 14:00:22.009000+00:00,7543.0,{'stop_loss_price': 7543.0}
INVALID_RISK_UNIT,risk_unit == 0 or non-finite,NQU18-CME,15991257,2018-08-27 14:00:22.010000+00:00,7543.0,{'stop_loss_price': 7543.0}
INVALID_RISK_UNIT,risk_unit == 0 or non-finite,NQU18-CME,15991258,2018-08-27 14:00:22.011000+00:00,7543.0,{'stop_loss_price': 7543.0}
INVALID_RISK_UNIT,risk_unit == 0 or non-finite,NQU18-CME,16031554,2018-08-27 14:50:51.002000+00:00,7557.5,{'stop_loss_price': 7557.5}
INVALID_RISK_UNIT,risk_unit == 0 or non-finite,NQU18-CME,16052276,2018-08-27 15:28:31+00:00,7560.5,{'stop_loss_price': 7560.5}
INVALID_RISK_UNIT,risk_unit == 0 or non-finite,NQU18-CME,16052277,2018-08-27 15:28:31.001000+00:00,7560.5,{'stop_loss_price': 7560.5}
INVALID_RISK_UNIT,risk_unit == 0 or non-finite,NQU18-CME,16052278,2018-08-27 15:28:31.002000+00:00,7560.5,{'stop_loss_price': 7560.5}
INVALID_RISK_UNIT,risk_unit == 0 or non-finite,NQU18-CME,16145770,2018-08-27 22:30:10.003000+00:00,7574.5,{'stop_loss_price': 7574.5}
INVALID_RISK_UNIT,risk_unit == 0 or non-finite,NQU18-CME,16145771,2018-08-27 22:30:33+00:00,7574.5,{'stop_loss_price': 7574.5}
INVALID_RISK_UNIT,risk_unit == 0 or non-finite,NQU18-CME,16145773,2018-08-27 22:30:37.001000+00:00,7574.5,{'stop_loss_price': 7574.5}
INVALID_RISK_UNIT,risk_unit == 0 or non-finite,NQU18-CME,16161322,2018-08-28 06:33:38+00:00,7572.75,{'stop_loss_price': 7572.75}
INVALID_RISK_UNIT,risk_unit == 0 or non-finite,NQU18-CME,16161323,2018-08-28 06:33:38.001000+00:00,7572.75,{'stop_loss_price': 7572.75}
INVALID_RISK_UNIT,risk_unit == 0 or non-finite,NQU18-CME,16161324,2018-08-28 06:33:38.002000+00:00,7572.75,{'stop_loss_price': 7572.75}
INVALID_RISK_UNIT,risk_unit == 0 or non-finite,NQU18-CME,16164205,2018-08-28 07:27:25.002000+00:00,7579.75,{'stop_loss_price': 7579.75}
INVALID_RISK_UNIT,risk_unit == 0 or non-finite,NQU18-CME,16164206,2018-08-28 07:27:26+00:00,7579.75,{'stop_loss_price': 7579.75}
INVALID_RISK_UNIT,risk_unit == 0 or non-finite,NQU18-CME,16218439,2018-08-28 13:48:16.002000+00:00,7582.5,{'stop_loss_price': 7582.5}
INVALID_RISK_UNIT,risk_unit == 0 or non-finite,NQU18-CME,16218440,2018-08-28 13:48:16.003000+00:00,7582.5,{'stop_loss_price': 7582.5}
INVALID_RISK_UNIT,risk_unit == 0 or non-finite,NQU18-CME,16306679,2018-08-28 16:20:56.001000+00:00,7578.5,{'stop_loss_price': 7578.5}
INVALID_RISK_UNIT,risk_unit == 0 or non-finite,NQU18-CME,16306680,2018-08-28 16:20:56.002000+00:00,7578.5,{'stop_loss_price': 7578.5}
INVALID_RISK_UNIT,risk_unit == 0 or non-finite,NQU18-CME,16306682,2018-08-28 16:20:57.001000+00:00,7578.5,{'stop_loss_price': 7578.5}
INVALID_RISK_UNIT,risk_unit == 0 or non-finite,NQU18-CME,16348379,2018-08-28 19:34:58+00:00,7581.0,{'stop_loss_price': 7581.0}
INVALID_RISK_UNIT,risk_unit == 0 or non-finite,NQU18-CME,16348380,2018-08-28 19:34:58.001000+00:00,7581.0,{'stop_loss_price': 7581.0}
INVALID_RISK_UNIT,risk_unit == 0 or non-finite,NQU18-CME,16372547,2018-08-29 01:33:39+00:00,7589.25,{'stop_loss_price': 7589.25}
INVALID_RISK_UNIT,risk_unit == 0 or non-finite,NQU18-CME,16446252,2018-08-29 13:52:53.002000+00:00,7608.25,{'stop_loss_price': 7608.25}
INVALID_RISK_UNIT,risk_unit == 0 or non-finite,NQU18-CME,16446253,2018-08-29 13:52:53.003000+00:00,7608.25,{'stop_loss_price': 7608.25}
INVALID_RISK_UNIT,risk_unit == 0 or non-finite,NQU18-CME,16446254,2018-08-29 13:52:53.004000+00:00,7608.25,{'stop_loss_price': 7608.25}
INVALID_RISK_UNIT,risk_unit == 0 or non-finite,NQU18-CME,16446255,2018-08-29 13:52:53.005000+00:00,7608.25,{'stop_loss_price': 7608.25}
INVALID_RISK_UNIT,risk_unit == 0 or non-finite,NQU18-CME,16446256,2018-08-29 13:52:55+00:00,7608.25,{'stop_loss_price': 7608.25}
INVALID_RISK_UNIT,risk_unit == 0 or non-finite,NQU18-CME,16446257,2018-08-29 13:52:55.001000+00:00,7608.25,{'stop_loss_price': 7608.25}
INVALID_RISK_UNIT,risk_unit == 0 or non-finite,NQU18-CME,16446258,2018-08-29 13:52:55.002000+00:00,7608.25,{'stop_loss_price': 7608.25}
INVALID_RISK_UNIT,risk_unit == 0 or non-finite,NQU18-CME,16446259,2018-08-29 13:52:55.003000+00:00,7608.25,{'stop_loss_price': 7608.25}
INVALID_RISK_UNIT,risk_unit == 0 or non-finite,NQU18-CME,16446260,2018-08-29 13:52:55.004000+00:00,7608.25,{'stop_loss_price': 7608.25}
INVALID_RISK_UNIT,risk_unit == 0 or non-finite,NQU18-CME,16446261,2018-08-29 13:52:55.005000+00:00,7608.25,{'stop_loss_price': 7608.25}
INVALID_RISK_UNIT,risk_unit == 0 or non-finite,NQU18-CME,16446262,2018-08-29 13:52:55.006000+00:00,7608.25,{'stop_loss_price': 7608.25}
INVALID_RISK_UNIT,risk_unit == 0 or non-finite,NQU18-CME,16446264,2018-08-29 13:52:56.001000+00:00,7608.25,{'stop_loss_price': 7608.25}
INVALID_RISK_UNIT,risk_unit == 0 or non-finite,NQU18-CME,16483742,2018-08-29 14:41:20+00:00,7632.0,{'stop_loss_price': 7632.0}
INVALID_RISK_UNIT,risk_unit == 0 or non-finite,NQU18-CME,16497091,2018-08-29 14:56:48.008000+00:00,7636.75,{'stop_loss_price': 7636.75}
INVALID_RISK_UNIT,risk_unit == 0 or non-finite,NQU18-CME,16497092,2018-08-29 14:56:48.009000+00:00,7636.75,{'stop_loss_price': 7636.75}
INVALID_RISK_UNIT,risk_unit == 0 or non-finite,NQU18-CME,16497093,2018-08-29 14:56:48.010000+00:00,7636.75,{'stop_loss_price': 7636.75}
INVALID_RISK_UNIT,risk_unit == 0 or non-finite,NQU18-CME,16497094,2018-08-29 14:56:48.011000+00:00,7636.75,{'stop_loss_price': 7636.75}
INVALID_RISK_UNIT,risk_unit == 0 or non-finite,NQU18-CME,16497095,2018-08-29 14:56:48.012000+00:00,7636.75,{'stop_loss_price': 7636.75}
INVALID_RISK_UNIT,risk_unit == 0 or non-finite,NQU18-CME,16497096,2018-08-29 14:56:48.013000+00:00,7636.75,{'stop_loss_price': 7636.75}
INVALID_RISK_UNIT,risk_unit == 0 or non-finite,NQU18-CME,16497097,2018-08-29 14:56:48.014000+00:00,7636.75,{'stop_loss_price': 7636.75}
INVALID_RISK_UNIT,risk_unit == 0 or non-finite,NQU18-CME,16497098,2018-08-29 14:56:48.015000+00:00,7636.75,{'stop_loss_price': 7636.75}
INVALID_RISK_UNIT,risk_unit == 0 or non-finite,NQU18-CME,16497099,2018-08-29 14:56:48.016000+00:00,7636.75,{'stop_loss_price': 7636.75}
INVALID_RISK_UNIT,risk_unit == 0 or non-finite,NQU18-CME,16497102,2018-08-29 14:56:48.019000+00:00,7636.75,{'stop_loss_price': 7636.75}
INVALID_RISK_UNIT,risk_unit == 0 or non-finite,NQU18-CME,16497103,2018-08-29 14:56:48.020000+00:00,7636.75,{'stop_loss_price': 7636.75}
INVALID_RISK_UNIT,risk_unit == 0 or non-finite,NQU18-CME,16497104,2018-08-29 14:56:48.021000+00:00,7636.75,{'stop_loss_price': 7636.75}
INVALID_RISK_UNIT,risk_unit == 0 or non-finite,NQU18-CME,16643034,2018-08-30 08:55:28.007000+00:00,7651.0,{'stop_loss_price': 7651.0}
INVALID_RISK_UNIT,risk_unit == 0 or non-finite,NQU18-CME,16643035,2018-08-30 08:55:28.008000+00:00,7651.0,{'stop_loss_price': 7651.0}
INVALID_RISK_UNIT,risk_unit == 0 or non-finite,NQU18-CME,16643036,2018-08-30 08:55:28.009000+00:00,7651.0,{'stop_loss_price': 7651.0}
INVALID_RISK_UNIT,risk_unit == 0 or non-finite,NQU18-CME,16643037,2018-08-30 08:55:34+00:00,7651.0,{'stop_loss_price': 7651.0}
INVALID_RISK_UNIT,risk_unit == 0 or non-finite,NQU18-CME,16643038,2018-08-30 08:55:34.001000+00:00,7651.0,{'stop_loss_price': 7651.0}
INVALID_RISK_UNIT,risk_unit == 0 or non-finite,NQU18-CME,16643039,2018-08-30 08:55:34.002000+00:00,7651.0,{'stop_loss_price': 7651.0}
INVALID_RISK_UNIT,risk_unit == 0 or non-finite,NQU18-CME,16643040,2018-08-30 08:55:34.003000+00:00,7651.0,{'stop_loss_price': 7651.0}
INVALID_RISK_UNIT,risk_unit == 0 or non-finite,NQU18-CME,16643041,2018-08-30 08:55:34.004000+00:00,7651.0,{'stop_loss_price': 7651.0}
INVALID_RISK_UNIT,risk_unit == 0 or non-finite,NQU18-CME,16643042,2018-08-30 08:55:34.005000+00:00,7651.0,{'stop_loss_price': 7651.0}
INVALID_RISK_UNIT,risk_unit == 0 or non-finite,NQU18-CME,16643043,2018-08-30 08:55:34.006000+00:00,7651.0,{'stop_loss_price': 7651.0}
INVALID_RISK_UNIT,risk_unit == 0 or non-finite,NQU18-CME,16643044,2018-08-30 08:55:34.007000+00:00,7651.0,{'stop_loss_price': 7651.0}
INVALID_RISK_UNIT,risk_unit == 0 or non-finite,NQU18-CME,16643045,2018-08-30 08:55:34.008000+00:00,7651.0,{'stop_loss_price': 7651.0}
INVALID_RISK_UNIT,risk_unit == 0 or non-finite,NQU18-CME,16643046,2018-08-30 08:55:34.009000+00:00,7651.0,{'stop_loss_price': 7651.0}
INVALID_RISK_UNIT,risk_unit == 0 or non-finite,NQU18-CME,16643047,2018-08-30 08:55:34.010000+00:00,7651.0,{'stop_loss_price': 7651.0}
INVALID_RISK_UNIT,risk_unit == 0 or non-finite,NQU18-CME,16643048,2018-08-30 08:55:34.011000+00:00,7651.0,{'stop_loss_price': 7651.0}
INVALID_RISK_UNIT,risk_unit == 0 or non-finite,NQU18-CME,16643050,2018-08-30 08:55:34.013000+00:00,7651.0,{'stop_loss_price': 7651.0}
INVALID_RISK_UNIT,risk_unit == 0 or non-finite,NQU18-CME,16704854,2018-08-30 13:57:59.024000+00:00,7646.75,{'stop_loss_price': 7646.75}
INVALID_RISK_UNIT,risk_unit == 0 or non-finite,NQU18-CME,16764139,2018-08-30 15:14:49+00:00,7666.5,{'stop_loss_price': 7666.5}
INVALID_RISK_UNIT,risk_unit == 0 or non-finite,NQU18-CME,16775005,2018-08-30 15:27:23.129000+00:00,7658.25,{'stop_loss_price': 7658.25}
INVALID_RISK_UNIT,risk_unit == 0 or non-finite,NQU18-CME,16775006,2018-08-30 15:27:23.130000+00:00,7658.25,{'stop_loss_price': 7658.25}
INVALID_RISK_UNIT,risk_unit == 0 or non-finite,NQU18-CME,16775007,2018-08-30 15:27:23.131000+00:00,7658.25,{'stop_loss_price': 7658.25}
INVALID_RISK_UNIT,risk_unit == 0 or non-finite,NQU18-CME,16775008,2018-08-30 15:27:23.132000+00:00,7658.25,{'stop_loss_price': 7658.25}
INVALID_RISK_UNIT,risk_unit == 0 or non-finite,NQU18-CME,16775009,2018-08-30 15:27:23.133000+00:00,7658.25,{'stop_loss_price': 7658.25}
INVALID_RISK_UNIT,risk_unit == 0 or non-finite,NQU18-CME,16775010,2018-08-30 15:27:23.134000+00:00,7658.25,{'stop_loss_price': 7658.25}
INVALID_RISK_UNIT,risk_unit == 0 or non-finite,NQU18-CME,16775011,2018-08-30 15:27:23.135000+00:00,7658.25,{'stop_loss_price': 7658.25}
INVALID_RISK_UNIT,risk_unit == 0 or non-finite,NQU18-CME,16775012,2018-08-30 15:27:23.136000+00:00,7658.25,{'stop_loss_price': 7658.25}
INVALID_RISK_UNIT,risk_unit == 0 or non-finite,NQU18-CME,16775013,2018-08-30 15:27:23.137000+00:00,7658.25,{'stop_loss_price': 7658.25}
INVALID_RISK_UNIT,risk_unit == 0 or non-finite,NQU18-CME,16775014,2018-08-30 15:27:23.138000+00:00,7658.25,{'stop_loss_price': 7658.25}
INVALID_RISK_UNIT,risk_unit == 0 or non-finite,NQU18-CME,16775015,2018-08-30 15:27:23.139000+00:00,7658.25,{'stop_loss_price': 7658.25}
INVALID_RISK_UNIT,risk_unit == 0 or non-finite,NQU18-CME,16775016,2018-08-30 15:27:23.140000+00:00,7658.25,{'stop_loss_price': 7658.25}
INVALID_RISK_UNIT,risk_unit == 0 or non-finite,NQU18-CME,16775017,2018-08-30 15:27:23.141000+00:00,7658.25,{'stop_loss_price': 7658.25}
INVALID_RISK_UNIT,risk_unit == 0 or non-finite,NQU18-CME,16775018,2018-08-30 15:27:23.142000+00:00,7658.25,{'stop_loss_price': 7658.25}
INVALID_RISK_UNIT,risk_unit == 0 or non-finite,NQU18-CME,16775019,2018-08-30 15:27:23.143000+00:00,7658.25,{'stop_loss_price': 7658.25}
INVALID_RISK_UNIT,risk_unit == 0 or non-finite,NQU18-CME,16775020,2018-08-30 15:27:23.144000+00:00,7658.25,{'stop_loss_price': 7658.25}
INVALID_RISK_UNIT,risk_unit == 0 or non-finite,NQU18-CME,16775021,2018-08-30 15:27:23.145000+00:00,7658.25,{'stop_loss_price': 7658.25}
INVALID_RISK_UNIT,risk_unit == 0 or non-finite,NQU18-CME,16775022,2018-08-30 15:27:23.146000+00:00,7658.25,{'stop_loss_price': 7658.25}
INVALID_RISK_UNIT,risk_unit == 0 or non-finite,NQU18-CME,16775023,2018-08-30 15:27:23.147000+00:00,7658.25,{'stop_loss_price': 7658.25}
INVALID_RISK_UNIT,risk_unit == 0 or non-finite,NQU18-CME,16775024,2018-08-30 15:27:23.148000+00:00,7658.25,{'stop_loss_price': 7658.25}
INVALID_RISK_UNIT,risk_unit == 0 or non-finite,NQU18-CME,16775025,2018-08-30 15:27:23.149000+00:00,7658.25,{'stop_loss_price': 7658.25}
INVALID_RISK_UNIT,risk_unit == 0 or non-finite,NQU18-CME,16775026,2018-08-30 15:27:23.150000+00:00,7658.25,{'stop_loss_price': 7658.25}
INVALID_RISK_UNIT,risk_unit == 0 or non-finite,NQU18-CME,16775027,2018-08-30 15:27:23.151000+00:00,7658.25,{'stop_loss_price': 7658.25}
INVALID_RISK_UNIT,risk_unit == 0 or non-finite,NQU18-CME,16901542,2018-08-30 19:11:02+00:00,7633.5,{'stop_loss_price': 7633.5}
INVALID_RISK_UNIT,risk_unit == 0 or non-finite,NQU18-CME,16901543,2018-08-30 19:11:02.001000+00:00,7633.5,{'stop_loss_price': 7633.5}
INVALID_RISK_UNIT,risk_unit == 0 or non-finite,NQU18-CME,16901544,2018-08-30 19:11:02.002000+00:00,7633.5,{'stop_loss_price': 7633.5}
INVALID_RISK_UNIT,risk_unit == 0 or non-finite,NQU18-CME,16901545,2018-08-30 19:11:02.003000+00:00,7633.5,{'stop_loss_price': 7633.5}
INVALID_RISK_UNIT,risk_unit == 0 or non-finite,NQU18-CME,16901551,2018-08-30 19:11:02.009000+00:00,7633.5,{'stop_loss_price': 7633.5}
INVALID_RISK_UNIT,risk_unit == 0 or non-finite,NQU18-CME,16901552,2018-08-30 19:11:02.010000+00:00,7633.5,{'stop_loss_price': 7633.5}
INVALID_RISK_UNIT,risk_unit == 0 or non-finite,NQU18-CME,16901553,2018-08-30 19:11:02.011000+00:00,7633.5,{'stop_loss_price': 7633.5}
INVALID_RISK_UNIT,risk_unit == 0 or non-finite,NQU18-CME,16913522,2018-08-30 19:25:38.002000+00:00,7641.5,{'stop_loss_price': 7641.5}
INVALID_RISK_UNIT,risk_unit == 0 or non-finite,NQU18-CME,16913523,2018-08-30 19:25:38.003000+00:00,7641.5,{'stop_loss_price': 7641.5}
INVALID_RISK_UNIT,risk_unit == 0 or non-finite,NQU18-CME,16913524,2018-08-30 19:25:38.004000+00:00,7641.5,{'stop_loss_price': 7641.5}
INVALID_RISK_UNIT,risk_unit == 0 or non-finite,NQU18-CME,16913525,2018-08-30 19:25:38.005000+00:00,7641.5,{'stop_loss_price': 7641.5}
INVALID_RISK_UNIT,risk_unit == 0 or non-finite,NQU18-CME,16913526,2018-08-30 19:25:38.006000+00:00,7641.5,{'stop_loss_price': 7641.5}
INVALID_RISK_UNIT,risk_unit == 0 or non-finite,NQU18-CME,16913527,2018-08-30 19:25:38.007000+00:00,7641.5,{'stop_loss_price': 7641.5}
INVALID_RISK_UNIT,risk_unit == 0 or non-finite,NQU18-CME,16913528,2018-08-30 19:25:38.008000+00:00,7641.5,{'stop_loss_price': 7641.5}
INVALID_RISK_UNIT,risk_unit == 0 or non-finite,NQU18-CME,16913529,2018-08-30 19:25:38.009000+00:00,7641.5,{'stop_loss_price': 7641.5}
INVALID_RISK_UNIT,risk_unit == 0 or non-finite,NQU18-CME,16913530,2018-08-30 19:25:38.010000+00:00,7641.5,{'stop_loss_price': 7641.5}
INVALID_RISK_UNIT,risk_unit == 0 or non-finite,NQU18-CME,16913531,2018-08-30 19:25:38.011000+00:00,7641.5,{'stop_loss_price': 7641.5}
INVALID_RISK_UNIT,risk_unit == 0 or non-finite,NQU18-CME,16913532,2018-08-30 19:25:38.012000+00:00,7641.5,{'stop_loss_price': 7641.5}
INVALID_RISK_UNIT,risk_unit == 0 or non-finite,NQU18-CME,16913533,2018-08-30 19:25:38.013000+00:00,7641.5,{'stop_loss_price': 7641.5}
INVALID_RISK_UNIT,risk_unit == 0 or non-finite,NQU18-CME,16925882,2018-08-30 19:44:23.001000+00:00,7641.0,{'stop_loss_price': 7641.0}
INVALID_RISK_UNIT,risk_unit == 0 or non-finite,NQU18-CME,16925883,2018-08-30 19:44:23.002000+00:00,7641.0,{'stop_loss_price': 7641.0}
INVALID_RISK_UNIT,risk_unit == 0 or non-finite,NQU18-CME,16925884,2018-08-30 19:44:23.003000+00:00,7641.0,{'stop_loss_price': 7641.0}
INVALID_RISK_UNIT,risk_unit == 0 or non-finite,NQU18-CME,16925885,2018-08-30 19:44:23.004000+00:00,7641.0,{'stop_loss_price': 7641.0}
INVALID_RISK_UNIT,risk_unit == 0 or non-finite,NQU18-CME,16925886,2018-08-30 19:44:23.005000+00:00,7641.0,{'stop_loss_price': 7641.0}
INVALID_RISK_UNIT,risk_unit == 0 or non-finite,NQU18-CME,16925887,2018-08-30 19:44:23.006000+00:00,7641.0,{'stop_loss_price': 7641.0}
INVALID_RISK_UNIT,risk_unit == 0 or non-finite,NQU18-CME,16925888,2018-08-30 19:44:23.007000+00:00,7641.0,{'stop_loss_price': 7641.0}
INVALID_RISK_UNIT,risk_unit == 0 or non-finite,NQU18-CME,16925889,2018-08-30 19:44:23.008000+00:00,7641.0,{'stop_loss_price': 7641.0}
INVALID_RISK_UNIT,risk_unit == 0 or non-finite,NQU18-CME,16925890,2018-08-30 19:44:23.009000+00:00,7641.0,{'stop_loss_price': 7641.0}
INVALID_RISK_UNIT,risk_unit == 0 or non-finite,NQU18-CME,16925919,2018-08-30 19:44:29+00:00,7641.0,{'stop_loss_price': 7641.0}
INVALID_RISK_UNIT,risk_unit == 0 or non-finite,NQU18-CME,16925920,2018-08-30 19:44:29.001000+00:00,7641.0,{'stop_loss_price': 7641.0}
INVALID_RISK_UNIT,risk_unit == 0 or non-finite,NQU18-CME,16925921,2018-08-30 19:44:29.002000+00:00,7641.0,{'stop_loss_price': 7641.0}
INVALID_RISK_UNIT,risk_unit == 0 or non-finite,NQU18-CME,16925922,2018-08-30 19:44:29.003000+00:00,7641.0,{'stop_loss_price': 7641.0}
INVALID_RISK_UNIT,risk_unit == 0 or non-finite,NQU18-CME,16925924,2018-08-30 19:44:29.005000+00:00,7641.0,{'stop_loss_price': 7641.0}
INVALID_RISK_UNIT,risk_unit == 0 or non-finite,NQU18-CME,16950467,2018-08-31 01:15:14.006000+00:00,7649.0,{'stop_loss_price': 7649.0}
INVALID_RISK_UNIT,risk_unit == 0 or non-finite,NQU18-CME,16950468,2018-08-31 01:15:14.007000+00:00,7649.0,{'stop_loss_price': 7649.0}
INVALID_RISK_UNIT,risk_unit == 0 or non-finite,NQU18-CME,16950469,2018-08-31 01:15:14.008000+00:00,7649.0,{'stop_loss_price': 7649.0}
INVALID_RISK_UNIT,risk_unit == 0 or non-finite,NQU18-CME,16950470,2018-08-31 01:15:14.009000+00:00,7649.0,{'stop_loss_price': 7649.0}
INVALID_RISK_UNIT,risk_unit == 0 or non-finite,NQU18-CME,16950471,2018-08-31 01:15:14.010000+00:00,7649.0,{'stop_loss_price': 7649.0}
INVALID_RISK_UNIT,risk_unit == 0 or non-finite,NQU18-CME,16950472,2018-08-31 01:15:14.011000+00:00,7649.0,{'stop_loss_price': 7649.0}
INVALID_RISK_UNIT,risk_unit == 0 or non-finite,NQU18-CME,16995837,2018-08-31 13:33:45.008000+00:00,7657.25,{'stop_loss_price': 7657.25}
INVALID_RISK_UNIT,risk_unit == 0 or non-finite,NQU18-CME,16995838,2018-08-31 13:33:45.009000+00:00,7657.25,{'stop_loss_price': 7657.25}
INVALID_RISK_UNIT,risk_unit == 0 or non-finite,NQU18-CME,16995839,2018-08-31 13:33:45.010000+00:00,7657.25,{'stop_loss_price': 7657.25}
INVALID_RISK_UNIT,risk_unit == 0 or non-finite,NQU18-CME,16995840,2018-08-31 13:33:45.011000+00:00,7657.25,{'stop_loss_price': 7657.25}
INVALID_RISK_UNIT,risk_unit == 0 or non-finite,NQU18-CME,16995841,2018-08-31 13:33:45.012000+00:00,7657.25,{'stop_loss_price': 7657.25}
INVALID_RISK_UNIT,risk_unit == 0 or non-finite,NQU18-CME,16995842,2018-08-31 13:33:45.013000+00:00,7657.25,{'stop_loss_price': 7657.25}
INVALID_RISK_UNIT,risk_unit == 0 or non-finite,NQU18-CME,16995843,2018-08-31 13:33:45.014000+00:00,7657.25,{'stop_loss_price': 7657.25}
INVALID_RISK_UNIT,risk_unit == 0 or non-finite,NQU18-CME,16995844,2018-08-31 13:33:45.015000+00:00,7657.25,{'stop_loss_price': 7657.25}
INVALID_RISK_UNIT,risk_unit == 0 or non-finite,NQU18-CME,16995845,2018-08-31 13:33:45.016000+00:00,7657.25,{'stop_loss_price': 7657.25}
INVALID_RISK_UNIT,risk_unit == 0 or non-finite,NQU18-CME,16995846,2018-08-31 13:33:45.017000+00:00,7657.25,{'stop_loss_price': 7657.25}
INVALID_RISK_UNIT,risk_unit == 0 or non-finite,NQU18-CME,16995847,2018-08-31 13:33:45.018000+00:00,7657.25,{'stop_loss_price': 7657.25}
INVALID_RISK_UNIT,risk_unit == 0 or non-finite,NQU18-CME,16995848,2018-08-31 13:33:45.019000+00:00,7657.25,{'stop_loss_price': 7657.25}
INVALID_RISK_UNIT,risk_unit == 0 or non-finite,NQU18-CME,16995849,2018-08-31 13:33:45.020000+00:00,7657.25,{'stop_loss_price': 7657.25}
INVALID_RISK_UNIT,risk_unit == 0 or non-finite,NQU18-CME,16995850,2018-08-31 13:33:45.021000+00:00,7657.25,{'stop_loss_price': 7657.25}
INVALID_RISK_UNIT,risk_unit == 0 or non-finite,NQU18-CME,16995851,2018-08-31 13:33:45.022000+00:00,7657.25,{'stop_loss_price': 7657.25}
INVALID_RISK_UNIT,risk_unit == 0 or non-finite,NQU18-CME,16995852,2018-08-31 13:33:45.023000+00:00,7657.25,{'stop_loss_price': 7657.25}
INVALID_RISK_UNIT,risk_unit == 0 or non-finite,NQU18-CME,16995853,2018-08-31 13:33:45.024000+00:00,7657.25,{'stop_loss_price': 7657.25}
INVALID_RISK_UNIT,risk_unit == 0 or non-finite,NQU18-CME,16995854,2018-08-31 13:33:45.025000+00:00,7657.25,{'stop_loss_price': 7657.25}
INVALID_RISK_UNIT,risk_unit == 0 or non-finite,NQU18-CME,16998894,2018-08-31 13:36:53.007000+00:00,7658.0,{'stop_loss_price': 7658.0}
INVALID_RISK_UNIT,risk_unit == 0 or non-finite,NQU18-CME,16998895,2018-08-31 13:36:54+00:00,7658.0,{'stop_loss_price': 7658.0}
INVALID_RISK_UNIT,risk_unit == 0 or non-finite,NQU18-CME,16998896,2018-08-31 13:36:54.001000+00:00,7658.0,{'stop_loss_price': 7658.0}
INVALID_RISK_UNIT,risk_unit == 0 or non-finite,NQU18-CME,16998897,2018-08-31 13:36:54.002000+00:00,7658.0,{'stop_loss_price': 7658.0}
INVALID_RISK_UNIT,risk_unit == 0 or non-finite,NQU18-CME,16998899,2018-08-31 13:36:55+00:00,7658.0,{'stop_loss_price': 7658.0}
INVALID_RISK_UNIT,risk_unit == 0 or non-finite,NQU18-CME,17031297,2018-08-31 14:09:19.012000+00:00,7672.25,{'stop_loss_price': 7672.25}
INVALID_RISK_UNIT,risk_unit == 0 or non-finite,NQU18-CME,17054367,2018-08-31 14:44:43+00:00,7674.25,{'stop_loss_price': 7674.25}
INVALID_RISK_UNIT,risk_unit == 0 or non-finite,NQU18-CME,17054368,2018-08-31 14:44:43.001000+00:00,7674.25,{'stop_loss_price': 7674.25}
INVALID_RISK_UNIT,risk_unit == 0 or non-finite,NQU18-CME,17054369,2018-08-31 14:44:43.002000+00:00,7674.25,{'stop_loss_price': 7674.25}
INVALID_RISK_UNIT,risk_unit == 0 or non-finite,NQU18-CME,17054393,2018-08-31 14:44:46+00:00,7674.25,{'stop_loss_price': 7674.25}
INVALID_RISK_UNIT,risk_unit == 0 or non-finite,NQU18-CME,17054394,2018-08-31 14:44:46.001000+00:00,7674.25,{'stop_loss_price': 7674.25}
INVALID_RISK_UNIT,risk_unit == 0 or non-finite,NQU18-CME,17054395,2018-08-31 14:44:46.002000+00:00,7674.25,{'stop_loss_price': 7674.25}
INVALID_RISK_UNIT,risk_unit == 0 or non-finite,NQU18-CME,17054396,2018-08-31 14:44:46.003000+00:00,7674.25,{'stop_loss_price': 7674.25}
INVALID_RISK_UNIT,risk_unit == 0 or non-finite,NQU18-CME,17054397,2018-08-31 14:44:46.004000+00:00,7674.25,{'stop_loss_price': 7674.25}
INVALID_RISK_UNIT,risk_unit == 0 or non-finite,NQU18-CME,17054398,2018-08-31 14:44:46.005000+00:00,7674.25,{'stop_loss_price': 7674.25}
INVALID_RISK_UNIT,risk_unit == 0 or non-finite,NQU18-CME,17054399,2018-08-31 14:44:46.006000+00:00,7674.25,{'stop_loss_price': 7674.25}
INVALID_RISK_UNIT,risk_unit == 0 or non-finite,NQU18-CME,17054400,2018-08-31 14:44:46.007000+00:00,7674.25,{'stop_loss_price': 7674.25}
INVALID_RISK_UNIT,risk_unit == 0 or non-finite,NQU18-CME,17054401,2018-08-31 14:44:46.008000+00:00,7674.25,{'stop_loss_price': 7674.25}
INVALID_RISK_UNIT,risk_unit == 0 or non-finite,NQU18-CME,17150411,2018-08-31 17:45:49.022000+00:00,7649.5,{'stop_loss_price': 7649.5}
INVALID_RISK_UNIT,risk_unit == 0 or non-finite,NQU18-CME,17198557,2018-08-31 19:42:00.003000+00:00,7654.25,{'stop_loss_price': 7654.25}
INVALID_RISK_UNIT,risk_unit == 0 or non-finite,NQU18-CME,17198558,2018-08-31 19:42:00.004000+00:00,7654.25,{'stop_loss_price': 7654.25}
INVALID_RISK_UNIT,risk_unit == 0 or non-finite,NQU18-CME,17198559,2018-08-31 19:42:00.005000+00:00,7654.25,{'stop_loss_price': 7654.25}
INVALID_RISK_UNIT,risk_unit == 0 or non-finite,NQU18-CME,17198560,2018-08-31 19:42:00.006000+00:00,7654.25,{'stop_loss_price': 7654.25}
INVALID_RISK_UNIT,risk_unit == 0 or non-finite,NQU18-CME,17230359,2018-09-03 01:52:53+00:00,7673.25,{'stop_loss_price': 7673.25}
INVALID_RISK_UNIT,risk_unit == 0 or non-finite,NQU18-CME,17233630,2018-09-03 05:09:22+00:00,7664.0,{'stop_loss_price': 7664.0}
INVALID_RISK_UNIT,risk_unit == 0 or non-finite,NQU18-CME,17244730,2018-09-03 11:20:02.007000+00:00,7675.5,{'stop_loss_price': 7675.5}
INVALID_RISK_UNIT,risk_unit == 0 or non-finite,NQU18-CME,17244731,2018-09-03 11:20:02.008000+00:00,7675.5,{'stop_loss_price': 7675.5}
INVALID_RISK_UNIT,risk_unit == 0 or non-finite,NQU18-CME,17244732,2018-09-03 11:20:02.009000+00:00,7675.5,{'stop_loss_price': 7675.5}
INVALID_RISK_UNIT,risk_unit == 0 or non-finite,NQU18-CME,17244733,2018-09-03 11:20:02.010000+00:00,7675.5,{'stop_loss_price': 7675.5}
INVALID_RISK_UNIT,risk_unit == 0 or non-finite,NQU18-CME,17244734,2018-09-03 11:20:02.011000+00:00,7675.5,{'stop_loss_price': 7675.5}
INVALID_RISK_UNIT,risk_unit == 0 or non-finite,NQU18-CME,17244735,2018-09-03 11:20:02.012000+00:00,7675.5,{'stop_loss_price': 7675.5}
INVALID_RISK_UNIT,risk_unit == 0 or non-finite,NQU18-CME,17263786,2018-09-04 01:09:07+00:00,7670.5,{'stop_loss_price': 7670.5}
INVALID_RISK_UNIT,risk_unit == 0 or non-finite,NQU18-CME,17265741,2018-09-04 01:31:13.001000+00:00,7661.75,{'stop_loss_price': 7661.75}
INVALID_RISK_UNIT,risk_unit == 0 or non-finite,NQU18-CME,17265742,2018-09-04 01:31:13.002000+00:00,7661.75,{'stop_loss_price': 7661.75}
INVALID_RISK_UNIT,risk_unit == 0 or non-finite,NQU18-CME,17265743,2018-09-04 01:31:13.003000+00:00,7661.75,{'stop_loss_price': 7661.75}
INVALID_RISK_UNIT,risk_unit == 0 or non-finite,NQU18-CME,17298275,2018-09-04 11:23:08.011000+00:00,7646.75,{'stop_loss_price': 7646.75}
INVALID_RISK_UNIT,risk_unit == 0 or non-finite,NQU18-CME,17298276,2018-09-04 11:23:08.012000+00:00,7646.75,{'stop_loss_price': 7646.75}
INVALID_RISK_UNIT,risk_unit == 0 or non-finite,NQU18-CME,17298277,2018-09-04 11:23:08.013000+00:00,7646.75,{'stop_loss_price': 7646.75}
INVALID_RISK_UNIT,risk_unit == 0 or non-finite,NQU18-CME,17298278,2018-09-04 11:23:08.014000+00:00,7646.75,{'stop_loss_price': 7646.75}
INVALID_RISK_UNIT,risk_unit == 0 or non-finite,NQU18-CME,17298750,2018-09-04 11:28:57+00:00,7645.0,{'stop_loss_price': 7645.0}
INVALID_RISK_UNIT,risk_unit == 0 or non-finite,NQU18-CME,17298751,2018-09-04 11:28:57.001000+00:00,7645.0,{'stop_loss_price': 7645.0}
INVALID_RISK_UNIT,risk_unit == 0 or non-finite,NQU18-CME,17298752,2018-09-04 11:28:57.002000+00:00,7645.0,{'stop_loss_price': 7645.0}
INVALID_RISK_UNIT,risk_unit == 0 or non-finite,NQU18-CME,17329197,2018-09-04 13:35:01.159000+00:00,7632.75,{'stop_loss_price': 7632.75}
INVALID_RISK_UNIT,risk_unit == 0 or non-finite,NQU18-CME,17463338,2018-09-04 15:28:25.011000+00:00,7638.5,{'stop_loss_price': 7638.5}
INVALID_RISK_UNIT,risk_unit == 0 or non-finite,NQU18-CME,17463339,2018-09-04 15:28:25.012000+00:00,7638.5,{'stop_loss_price': 7638.5}
INVALID_RISK_UNIT,risk_unit == 0 or non-finite,NQU18-CME,17463340,2018-09-04 15:28:25.013000+00:00,7638.5,{'stop_loss_price': 7638.5}
INVALID_RISK_UNIT,risk_unit == 0 or non-finite,NQU18-CME,17463341,2018-09-04 15:28:25.014000+00:00,7638.5,{'stop_loss_price': 7638.5}
INVALID_RISK_UNIT,risk_unit == 0 or non-finite,NQU18-CME,17463342,2018-09-04 15:28:25.015000+00:00,7638.5,{'stop_loss_price': 7638.5}
INVALID_RISK_UNIT,risk_unit == 0 or non-finite,NQU18-CME,17463343,2018-09-04 15:28:25.016000+00:00,7638.5,{'stop_loss_price': 7638.5}
INVALID_RISK_UNIT,risk_unit == 0 or non-finite,NQU18-CME,17463344,2018-09-04 15:28:25.017000+00:00,7638.5,{'stop_loss_price': 7638.5}
INVALID_RISK_UNIT,risk_unit == 0 or non-finite,NQU18-CME,17463345,2018-09-04 15:28:25.018000+00:00,7638.5,{'stop_loss_price': 7638.5}
INVALID_RISK_UNIT,risk_unit == 0 or non-finite,NQU18-CME,17463346,2018-09-04 15:28:25.019000+00:00,7638.5,{'stop_loss_price': 7638.5}
INVALID_RISK_UNIT,risk_unit == 0 or non-finite,NQU18-CME,17515680,2018-09-04 16:35:28.002000+00:00,7604.75,{'stop_loss_price': 7604.75}
INVALID_RISK_UNIT,risk_unit == 0 or non-finite,NQU18-CME,17515681,2018-09-04 16:35:28.003000+00:00,7604.75,{'stop_loss_price': 7604.75}
INVALID_RISK_UNIT,risk_unit == 0 or non-finite,NQU18-CME,17515682,2018-09-04 16:35:28.004000+00:00,7604.75,{'stop_loss_price': 7604.75}
INVALID_RISK_UNIT,risk_unit == 0 or non-finite,NQU18-CME,17515683,2018-09-04 16:35:28.005000+00:00,7604.75,{'stop_loss_price': 7604.75}
INVALID_RISK_UNIT,risk_unit == 0 or non-finite,NQU18-CME,17515684,2018-09-04 16:35:28.006000+00:00,7604.75,{'stop_loss_price': 7604.75}
INVALID_RISK_UNIT,risk_unit == 0 or non-finite,NQU18-CME,17515685,2018-09-04 16:35:28.007000+00:00,7604.75,{'stop_loss_price': 7604.75}
INVALID_RISK_UNIT,risk_unit == 0 or non-finite,NQU18-CME,17515686,2018-09-04 16:35:28.008000+00:00,7604.75,{'stop_loss_price': 7604.75}
INVALID_RISK_UNIT,risk_unit == 0 or non-finite,NQU18-CME,17515687,2018-09-04 16:35:28.009000+00:00,7604.75,{'stop_loss_price': 7604.75}
INVALID_RISK_UNIT,risk_unit == 0 or non-finite,NQU18-CME,17534040,2018-09-04 17:11:45+00:00,7616.75,{'stop_loss_price': 7616.75}
INVALID_RISK_UNIT,risk_unit == 0 or non-finite,NQU18-CME,17534041,2018-09-04 17:11:45.001000+00:00,7616.75,{'stop_loss_price': 7616.75}
INVALID_RISK_UNIT,risk_unit == 0 or non-finite,NQU18-CME,17534042,2018-09-04 17:11:45.002000+00:00,7616.75,{'stop_loss_price': 7616.75}
INVALID_RISK_UNIT,risk_unit == 0 or non-finite,NQU18-CME,17534043,2018-09-04 17:11:45.003000+00:00,7616.75,{'stop_loss_price': 7616.75}
INVALID_RISK_UNIT,risk_unit == 0 or non-finite,NQU18-CME,17534044,2018-09-04 17:11:45.004000+00:00,7616.75,{'stop_loss_price': 7616.75}
INVALID_RISK_UNIT,risk_unit == 0 or non-finite,NQU18-CME,17534045,2018-09-04 17:11:45.005000+00:00,7616.75,{'stop_loss_price': 7616.75}
INVALID_RISK_UNIT,risk_unit == 0 or non-finite,NQU18-CME,17534046,2018-09-04 17:11:45.006000+00:00,7616.75,{'stop_loss_price': 7616.75}
INVALID_RISK_UNIT,risk_unit == 0 or non-finite,NQU18-CME,17534047,2018-09-04 17:11:45.007000+00:00,7616.75,{'stop_loss_price': 7616.75}
INVALID_RISK_UNIT,risk_unit == 0 or non-finite,NQU18-CME,17534048,2018-09-04 17:11:45.008000+00:00,7616.75,{'stop_loss_price': 7616.75}
INVALID_RISK_UNIT,risk_unit == 0 or non-finite,NQU18-CME,17534049,2018-09-04 17:11:45.009000+00:00,7616.75,{'stop_loss_price': 7616.75}
INVALID_RISK_UNIT,risk_unit == 0 or non-finite,NQU18-CME,17534050,2018-09-04 17:11:45.010000+00:00,7616.75,{'stop_loss_price': 7616.75}
INVALID_RISK_UNIT,risk_unit == 0 or non-finite,NQU18-CME,17534051,2018-09-04 17:11:46+00:00,7616.75,{'stop_loss_price': 7616.75}
INVALID_RISK_UNIT,risk_unit == 0 or non-finite,NQU18-CME,17534052,2018-09-04 17:11:46.001000+00:00,7616.75,{'stop_loss_price': 7616.75}
INVALID_RISK_UNIT,risk_unit == 0 or non-finite,NQU18-CME,17534053,2018-09-04 17:11:46.002000+00:00,7616.75,{'stop_loss_price': 7616.75}
INVALID_RISK_UNIT,risk_unit == 0 or non-finite,NQU18-CME,17534054,2018-09-04 17:11:46.003000+00:00,7616.75,{'stop_loss_price': 7616.75}
INVALID_RISK_UNIT,risk_unit == 0 or non-finite,NQU18-CME,17534055,2018-09-04 17:11:46.004000+00:00,7616.75,{'stop_loss_price': 7616.75}
INVALID_RISK_UNIT,risk_unit == 0 or non-finite,NQU18-CME,17534134,2018-09-04 17:12:16+00:00,7616.5,{'stop_loss_price': 7616.5}
INVALID_RISK_UNIT,risk_unit == 0 or non-finite,NQU18-CME,17534135,2018-09-04 17:12:16.001000+00:00,7616.5,{'stop_loss_price': 7616.5}
INVALID_RISK_UNIT,risk_unit == 0 or non-finite,NQU18-CME,17534136,2018-09-04 17:12:16.002000+00:00,7616.5,{'stop_loss_price': 7616.5}
INVALID_RISK_UNIT,risk_unit == 0 or non-finite,NQU18-CME,17573806,2018-09-04 19:02:07.004000+00:00,7629.5,{'stop_loss_price': 7629.5}
INVALID_RISK_UNIT,risk_unit == 0 or non-finite,NQU18-CME,17573807,2018-09-04 19:02:07.005000+00:00,7629.5,{'stop_loss_price': 7629.5}
INVALID_RISK_UNIT,risk_unit == 0 or non-finite,NQU18-CME,17573808,2018-09-04 19:02:07.006000+00:00,7629.5,{'stop_loss_price': 7629.5}
INVALID_RISK_UNIT,risk_unit == 0 or non-finite,NQU18-CME,17573809,2018-09-04 19:02:07.007000+00:00,7629.5,{'stop_loss_price': 7629.5}
INVALID_RISK_UNIT,risk_unit == 0 or non-finite,NQU18-CME,17573810,2018-09-04 19:02:07.008000+00:00,7629.5,{'stop_loss_price': 7629.5}
INVALID_RISK_UNIT,risk_unit == 0 or non-finite,NQU18-CME,17573811,2018-09-04 19:02:07.009000+00:00,7629.5,{'stop_loss_price': 7629.5}
INVALID_RISK_UNIT,risk_unit == 0 or non-finite,NQU18-CME,17573812,2018-09-04 19:02:07.010000+00:00,7629.5,{'stop_loss_price': 7629.5}
INVALID_RISK_UNIT,risk_unit == 0 or non-finite,NQU18-CME,17573813,2018-09-04 19:02:07.011000+00:00,7629.5,{'stop_loss_price': 7629.5}
INVALID_RISK_UNIT,risk_unit == 0 or non-finite,NQU18-CME,17573814,2018-09-04 19:02:07.012000+00:00,7629.5,{'stop_loss_price': 7629.5}
INVALID_RISK_UNIT,risk_unit == 0 or non-finite,NQU18-CME,17573816,2018-09-04 19:02:09+00:00,7629.5,{'stop_loss_price': 7629.5}
INVALID_RISK_UNIT,risk_unit == 0 or non-finite,NQU18-CME,17588733,2018-09-04 19:46:38.004000+00:00,7625.25,{'stop_loss_price': 7625.25}
INVALID_RISK_UNIT,risk_unit == 0 or non-finite,NQU18-CME,17588734,2018-09-04 19:46:38.005000+00:00,7625.25,{'stop_loss_price': 7625.25}
INVALID_RISK_UNIT,risk_unit == 0 or non-finite,NQU18-CME,17588735,2018-09-04 19:46:38.006000+00:00,7625.25,{'stop_loss_price': 7625.25}
INVALID_RISK_UNIT,risk_unit == 0 or non-finite,NQU18-CME,17588736,2018-09-04 19:46:38.007000+00:00,7625.25,{'stop_loss_price': 7625.25}
INVALID_RISK_UNIT,risk_unit == 0 or non-finite,NQU18-CME,17588737,2018-09-04 19:46:38.008000+00:00,7625.25,{'stop_loss_price': 7625.25}
INVALID_RISK_UNIT,risk_unit == 0 or non-finite,NQU18-CME,17588738,2018-09-04 19:46:38.009000+00:00,7625.25,{'stop_loss_price': 7625.25}
INVALID_RISK_UNIT,risk_unit == 0 or non-finite,NQU18-CME,17588739,2018-09-04 19:46:38.010000+00:00,7625.25,{'stop_loss_price': 7625.25}
INVALID_RISK_UNIT,risk_unit == 0 or non-finite,NQU18-CME,17588740,2018-09-04 19:46:38.011000+00:00,7625.25,{'stop_loss_price': 7625.25}
INVALID_RISK_UNIT,risk_unit == 0 or non-finite,NQU18-CME,17588741,2018-09-04 19:46:38.012000+00:00,7625.25,{'stop_loss_price': 7625.25}
INVALID_RISK_UNIT,risk_unit == 0 or non-finite,NQU18-CME,17588742,2018-09-04 19:46:38.013000+00:00,7625.25,{'stop_loss_price': 7625.25}
INVALID_RISK_UNIT,risk_unit == 0 or non-finite,NQU18-CME,17588743,2018-09-04 19:46:38.014000+00:00,7625.25,{'stop_loss_price': 7625.25}
INVALID_RISK_UNIT,risk_unit == 0 or non-finite,NQU18-CME,17588744,2018-09-04 19:46:38.015000+00:00,7625.25,{'stop_loss_price': 7625.25}
INVALID_RISK_UNIT,risk_unit == 0 or non-finite,NQU18-CME,17588756,2018-09-04 19:46:40.001000+00:00,7625.25,{'stop_loss_price': 7625.25}
INVALID_RISK_UNIT,risk_unit == 0 or non-finite,NQU18-CME,17588757,2018-09-04 19:46:40.002000+00:00,7625.25,{'stop_loss_price': 7625.25}
INVALID_RISK_UNIT,risk_unit == 0 or non-finite,NQU18-CME,17588758,2018-09-04 19:46:41+00:00,7625.25,{'stop_loss_price': 7625.25}
INVALID_RISK_UNIT,risk_unit == 0 or non-finite,NQU18-CME,17588759,2018-09-04 19:46:41.001000+00:00,7625.25,{'stop_loss_price': 7625.25}
INVALID_RISK_UNIT,risk_unit == 0 or non-finite,NQU18-CME,17588760,2018-09-04 19:46:41.002000+00:00,7625.25,{'stop_loss_price': 7625.25}
INVALID_RISK_UNIT,risk_unit == 0 or non-finite,NQU18-CME,17588761,2018-09-04 19:46:41.003000+00:00,7625.25,{'stop_loss_price': 7625.25}
INVALID_RISK_UNIT,risk_unit == 0 or non-finite,NQU18-CME,17588762,2018-09-04 19:46:41.004000+00:00,7625.25,{'stop_loss_price': 7625.25}
INVALID_RISK_UNIT,risk_unit == 0 or non-finite,NQU18-CME,17588763,2018-09-04 19:46:44+00:00,7625.25,{'stop_loss_price': 7625.25}
INVALID_RISK_UNIT,risk_unit == 0 or non-finite,NQU18-CME,17588764,2018-09-04 19:46:44.001000+00:00,7625.25,{'stop_loss_price': 7625.25}
INVALID_RISK_UNIT,risk_unit == 0 or non-finite,NQU18-CME,17588765,2018-09-04 19:46:45+00:00,7625.25,{'stop_loss_price': 7625.25}
INVALID_RISK_UNIT,risk_unit == 0 or non-finite,NQU18-CME,17588766,2018-09-04 19:46:46+00:00,7625.25,{'stop_loss_price': 7625.25}
INVALID_RISK_UNIT,risk_unit == 0 or non-finite,NQU18-CME,17668275,2018-09-05 13:30:50+00:00,7613.75,{'stop_loss_price': 7613.75}
INVALID_RISK_UNIT,risk_unit == 0 or non-finite,NQU18-CME,17668276,2018-09-05 13:30:50.001000+00:00,7613.75,{'stop_loss_price': 7613.75}
INVALID_RISK_UNIT,risk_unit == 0 or non-finite,NQU18-CME,17668277,2018-09-05 13:30:50.002000+00:00,7613.75,{'stop_loss_price': 7613.75}
INVALID_RISK_UNIT,risk_unit == 0 or non-finite,NQU18-CME,17668278,2018-09-05 13:30:50.003000+00:00,7613.75,{'stop_loss_price': 7613.75}
INVALID_RISK_UNIT,risk_unit == 0 or non-finite,NQU18-CME,17668279,2018-09-05 13:30:50.004000+00:00,7613.75,{'stop_loss_price': 7613.75}
INVALID_RISK_UNIT,risk_unit == 0 or non-finite,NQU18-CME,17668280,2018-09-05 13:30:50.005000+00:00,7613.75,{'stop_loss_price': 7613.75}
INVALID_RISK_UNIT,risk_unit == 0 or non-finite,NQU18-CME,17668281,2018-09-05 13:30:50.006000+00:00,7613.75,{'stop_loss_price': 7613.75}
INVALID_RISK_UNIT,risk_unit == 0 or non-finite,NQU18-CME,17668282,2018-09-05 13:30:50.007000+00:00,7613.75,{'stop_loss_price': 7613.75}
INVALID_RISK_UNIT,risk_unit == 0 or non-finite,NQU18-CME,17668283,2018-09-05 13:30:50.008000+00:00,7613.75,{'stop_loss_price': 7613.75}
INVALID_RISK_UNIT,risk_unit == 0 or non-finite,NQU18-CME,17668284,2018-09-05 13:30:50.009000+00:00,7613.75,{'stop_loss_price': 7613.75}
INVALID_RISK_UNIT,risk_unit == 0 or non-finite,NQU18-CME,17668285,2018-09-05 13:30:50.010000+00:00,7613.75,{'stop_loss_price': 7613.75}
INVALID_RISK_UNIT,risk_unit == 0 or non-finite,NQU18-CME,17668286,2018-09-05 13:30:50.011000+00:00,7613.75,{'stop_loss_price': 7613.75}
INVALID_RISK_UNIT,risk_unit == 0 or non-finite,NQU18-CME,17668287,2018-09-05 13:30:50.012000+00:00,7613.75,{'stop_loss_price': 7613.75}
INVALID_RISK_UNIT,risk_unit == 0 or non-finite,NQU18-CME,17677428,2018-09-05 13:35:10.015000+00:00,7601.0,{'stop_loss_price': 7601.0}
INVALID_RISK_UNIT,risk_unit == 0 or non-finite,NQU18-CME,17677429,2018-09-05 13:35:10.016000+00:00,7601.0,{'stop_loss_price': 7601.0}
INVALID_RISK_UNIT,risk_unit == 0 or non-finite,NQU18-CME,17677430,2018-09-05 13:35:10.017000+00:00,7601.0,{'stop_loss_price': 7601.0}
INVALID_RISK_UNIT,risk_unit == 0 or non-finite,NQU18-CME,17677431,2018-09-05 13:35:10.018000+00:00,7601.0,{'stop_loss_price': 7601.0}
INVALID_RISK_UNIT,risk_unit == 0 or non-finite,NQU18-CME,17677432,2018-09-05 13:35:10.019000+00:00,7601.0,{'stop_loss_price': 7601.0}
INVALID_RISK_UNIT,risk_unit == 0 or non-finite,NQU18-CME,17763908,2018-09-05 14:19:13.013000+00:00,7544.5,{'stop_loss_price': 7544.5}
INVALID_RISK_UNIT,risk_unit == 0 or non-finite,NQU18-CME,17763909,2018-09-05 14:19:13.014000+00:00,7544.5,{'stop_loss_price': 7544.5}
INVALID_RISK_UNIT,risk_unit == 0 or non-finite,NQU18-CME,17763910,2018-09-05 14:19:13.015000+00:00,7544.5,{'stop_loss_price': 7544.5}
INVALID_RISK_UNIT,risk_unit == 0 or non-finite,NQU18-CME,17763911,2018-09-05 14:19:13.016000+00:00,7544.5,{'stop_loss_price': 7544.5}
INVALID_RISK_UNIT,risk_unit == 0 or non-finite,NQU18-CME,17763912,2018-09-05 14:19:13.017000+00:00,7544.5,{'stop_loss_price': 7544.5}
INVALID_RISK_UNIT,risk_unit == 0 or non-finite,NQU18-CME,17763913,2018-09-05 14:19:13.018000+00:00,7544.5,{'stop_loss_price': 7544.5}
INVALID_RISK_UNIT,risk_unit == 0 or non-finite,NQU18-CME,17763914,2018-09-05 14:19:13.019000+00:00,7544.5,{'stop_loss_price': 7544.5}
INVALID_RISK_UNIT,risk_unit == 0 or non-finite,NQU18-CME,17763915,2018-09-05 14:19:13.020000+00:00,7544.5,{'stop_loss_price': 7544.5}
INVALID_RISK_UNIT,risk_unit == 0 or non-finite,NQU18-CME,17763916,2018-09-05 14:19:13.021000+00:00,7544.5,{'stop_loss_price': 7544.5}
INVALID_RISK_UNIT,risk_unit == 0 or non-finite,NQU18-CME,17848125,2018-09-05 15:07:26.014000+00:00,7519.5,{'stop_loss_price': 7519.5}
INVALID_RISK_UNIT,risk_unit == 0 or non-finite,NQU18-CME,17848126,2018-09-05 15:07:27+00:00,7519.5,{'stop_loss_price': 7519.5}
INVALID_RISK_UNIT,risk_unit == 0 or non-finite,NQU18-CME,17974529,2018-09-05 18:15:01+00:00,7537.5,{'stop_loss_price': 7537.5}
INVALID_RISK_UNIT,risk_unit == 0 or non-finite,NQU18-CME,17974530,2018-09-05 18:15:01.001000+00:00,7537.5,{'stop_loss_price': 7537.5}
INVALID_RISK_UNIT,risk_unit == 0 or non-finite,NQU18-CME,17974531,2018-09-05 18:15:01.002000+00:00,7537.5,{'stop_loss_price': 7537.5}
INVALID_RISK_UNIT,risk_unit == 0 or non-finite,NQU18-CME,18017397,2018-09-05 19:48:19.005000+00:00,7523.75,{'stop_loss_price': 7523.75}
INVALID_RISK_UNIT,risk_unit == 0 or non-finite,NQU18-CME,18017398,2018-09-05 19:48:19.006000+00:00,7523.75,{'stop_loss_price': 7523.75}
INVALID_RISK_UNIT,risk_unit == 0 or non-finite,NQU18-CME,18017399,2018-09-05 19:48:19.007000+00:00,7523.75,{'stop_loss_price': 7523.75}
INVALID_RISK_UNIT,risk_unit == 0 or non-finite,NQU18-CME,18017400,2018-09-05 19:48:19.008000+00:00,7523.75,{'stop_loss_price': 7523.75}
INVALID_RISK_UNIT,risk_unit == 0 or non-finite,NQU18-CME,18017401,2018-09-05 19:48:19.009000+00:00,7523.75,{'stop_loss_price': 7523.75}
INVALID_RISK_UNIT,risk_unit == 0 or non-finite,NQU18-CME,18017402,2018-09-05 19:48:19.010000+00:00,7523.75,{'stop_loss_price': 7523.75}
INVALID_RISK_UNIT,risk_unit == 0 or non-finite,NQU18-CME,18017403,2018-09-05 19:48:19.011000+00:00,7523.75,{'stop_loss_price': 7523.75}
INVALID_RISK_UNIT,risk_unit == 0 or non-finite,NQU18-CME,18017404,2018-09-05 19:48:19.012000+00:00,7523.75,{'stop_loss_price': 7523.75}
INVALID_RISK_UNIT,risk_unit == 0 or non-finite,NQU18-CME,18017410,2018-09-05 19:48:22.001000+00:00,7523.75,{'stop_loss_price': 7523.75}
INVALID_RISK_UNIT,risk_unit == 0 or non-finite,NQU18-CME,18017411,2018-09-05 19:48:22.002000+00:00,7523.75,{'stop_loss_price': 7523.75}
INVALID_RISK_UNIT,risk_unit == 0 or non-finite,NQU18-CME,18017414,2018-09-05 19:48:23+00:00,7523.75,{'stop_loss_price': 7523.75}
INVALID_RISK_UNIT,risk_unit == 0 or non-finite,NQU18-CME,18017415,2018-09-05 19:48:23.001000+00:00,7523.75,{'stop_loss_price': 7523.75}
INVALID_RISK_UNIT,risk_unit == 0 or non-finite,NQU18-CME,18017416,2018-09-05 19:48:23.002000+00:00,7523.75,{'stop_loss_price': 7523.75}
INVALID_RISK_UNIT,risk_unit == 0 or non-finite,NQU18-CME,18017417,2018-09-05 19:48:23.003000+00:00,7523.75,{'stop_loss_price': 7523.75}
INVALID_RISK_UNIT,risk_unit == 0 or non-finite,NQU18-CME,18017418,2018-09-05 19:48:23.004000+00:00,7523.75,{'stop_loss_price': 7523.75}
INVALID_RISK_UNIT,risk_unit == 0 or non-finite,NQU18-CME,18017419,2018-09-05 19:48:23.005000+00:00,7523.75,{'stop_loss_price': 7523.75}
INVALID_RISK_UNIT,risk_unit == 0 or non-finite,NQU18-CME,18017420,2018-09-05 19:48:23.006000+00:00,7523.75,{'stop_loss_price': 7523.75}
INVALID_RISK_UNIT,risk_unit == 0 or non-finite,NQU18-CME,18017421,2018-09-05 19:48:23.007000+00:00,7523.75,{'stop_loss_price': 7523.75}
INVALID_RISK_UNIT,risk_unit == 0 or non-finite,NQU18-CME,18017422,2018-09-05 19:48:23.008000+00:00,7523.75,{'stop_loss_price': 7523.75}
INVALID_RISK_UNIT,risk_unit == 0 or non-finite,NQU18-CME,18017423,2018-09-05 19:48:23.009000+00:00,7523.75,{'stop_loss_price': 7523.75}
INVALID_RISK_UNIT,risk_unit == 0 or non-finite,NQU18-CME,18017424,2018-09-05 19:48:23.010000+00:00,7523.75,{'stop_loss_price': 7523.75}
INVALID_RISK_UNIT,risk_unit == 0 or non-finite,NQU18-CME,18017425,2018-09-05 19:48:23.011000+00:00,7523.75,{'stop_loss_price': 7523.75}
INVALID_RISK_UNIT,risk_unit == 0 or non-finite,NQU18-CME,18017426,2018-09-05 19:48:24+00:00,7523.75,{'stop_loss_price': 7523.75}
INVALID_RISK_UNIT,risk_unit == 0 or non-finite,NQU18-CME,18017427,2018-09-05 19:48:24.001000+00:00,7523.75,{'stop_loss_price': 7523.75}
INVALID_RISK_UNIT,risk_unit == 0 or non-finite,NQU18-CME,18017428,2018-09-05 19:48:24.002000+00:00,7523.75,{'stop_loss_price': 7523.75}
INVALID_RISK_UNIT,risk_unit == 0 or non-finite,NQU18-CME,18089004,2018-09-06 11:45:42+00:00,7534.25,{'stop_loss_price': 7534.25}
INVALID_RISK_UNIT,risk_unit == 0 or non-finite,NQU18-CME,18089005,2018-09-06 11:45:42.001000+00:00,7534.25,{'stop_loss_price': 7534.25}
INVALID_RISK_UNIT,risk_unit == 0 or non-finite,NQU18-CME,18089006,2018-09-06 11:45:42.002000+00:00,7534.25,{'stop_loss_price': 7534.25}
INVALID_RISK_UNIT,risk_unit == 0 or non-finite,NQU18-CME,18089007,2018-09-06 11:45:42.003000+00:00,7534.25,{'stop_loss_price': 7534.25}
INVALID_RISK_UNIT,risk_unit == 0 or non-finite,NQU18-CME,18089008,2018-09-06 11:45:42.004000+00:00,7534.25,{'stop_loss_price': 7534.25}
INVALID_RISK_UNIT,risk_unit == 0 or non-finite,NQU18-CME,18089009,2018-09-06 11:45:42.005000+00:00,7534.25,{'stop_loss_price': 7534.25}
INVALID_RISK_UNIT,risk_unit == 0 or non-finite,NQU18-CME,18089024,2018-09-06 11:45:46.001000+00:00,7534.25,{'stop_loss_price': 7534.25}
INVALID_RISK_UNIT,risk_unit == 0 or non-finite,NQU18-CME,18089025,2018-09-06 11:45:46.002000+00:00,7534.25,{'stop_loss_price': 7534.25}
INVALID_RISK_UNIT,risk_unit == 0 or non-finite,NQU18-CME,18089027,2018-09-06 11:45:46.004000+00:00,7534.25,{'stop_loss_price': 7534.25}
INVALID_RISK_UNIT,risk_unit == 0 or non-finite,NQU18-CME,18111590,2018-09-06 13:32:25.045000+00:00,7525.0,{'stop_loss_price': 7525.0}
INVALID_RISK_UNIT,risk_unit == 0 or non-finite,NQU18-CME,18111591,2018-09-06 13:32:25.046000+00:00,7525.0,{'stop_loss_price': 7525.0}
INVALID_RISK_UNIT,risk_unit == 0 or non-finite,NQU18-CME,18111592,2018-09-06 13:32:25.047000+00:00,7525.0,{'stop_loss_price': 7525.0}
INVALID_RISK_UNIT,risk_unit == 0 or non-finite,NQU18-CME,18111593,2018-09-06 13:32:25.048000+00:00,7525.0,{'stop_loss_price': 7525.0}
INVALID_RISK_UNIT,risk_unit == 0 or non-finite,NQU18-CME,18111594,2018-09-06 13:32:25.049000+00:00,7525.0,{'stop_loss_price': 7525.0}
INVALID_RISK_UNIT,risk_unit == 0 or non-finite,NQU18-CME,18111595,2018-09-06 13:32:25.050000+00:00,7525.0,{'stop_loss_price': 7525.0}
INVALID_RISK_UNIT,risk_unit == 0 or non-finite,NQU18-CME,18111596,2018-09-06 13:32:25.051000+00:00,7525.0,{'stop_loss_price': 7525.0}
INVALID_RISK_UNIT,risk_unit == 0 or non-finite,NQU18-CME,18111597,2018-09-06 13:32:25.052000+00:00,7525.0,{'stop_loss_price': 7525.0}
INVALID_RISK_UNIT,risk_unit == 0 or non-finite,NQU18-CME,18160939,2018-09-06 13:50:25.002000+00:00,7519.75,{'stop_loss_price': 7519.75}
INVALID_RISK_UNIT,risk_unit == 0 or non-finite,NQU18-CME,18160940,2018-09-06 13:50:25.003000+00:00,7519.75,{'stop_loss_price': 7519.75}
INVALID_RISK_UNIT,risk_unit == 0 or non-finite,NQU18-CME,18160941,2018-09-06 13:50:25.004000+00:00,7519.75,{'stop_loss_price': 7519.75}
INVALID_RISK_UNIT,risk_unit == 0 or non-finite,NQU18-CME,18160942,2018-09-06 13:50:25.005000+00:00,7519.75,{'stop_loss_price': 7519.75}
INVALID_RISK_UNIT,risk_unit == 0 or non-finite,NQU18-CME,18160943,2018-09-06 13:50:25.006000+00:00,7519.75,{'stop_loss_price': 7519.75}
INVALID_RISK_UNIT,risk_unit == 0 or non-finite,NQU18-CME,18160944,2018-09-06 13:50:25.007000+00:00,7519.75,{'stop_loss_price': 7519.75}
INVALID_RISK_UNIT,risk_unit == 0 or non-finite,NQU18-CME,18160945,2018-09-06 13:50:25.008000+00:00,7519.75,{'stop_loss_price': 7519.75}
INVALID_RISK_UNIT,risk_unit == 0 or non-finite,NQU18-CME,18160946,2018-09-06 13:50:25.009000+00:00,7519.75,{'stop_loss_price': 7519.75}
INVALID_RISK_UNIT,risk_unit == 0 or non-finite,NQU18-CME,18160947,2018-09-06 13:50:25.010000+00:00,7519.75,{'stop_loss_price': 7519.75}
INVALID_RISK_UNIT,risk_unit == 0 or non-finite,NQU18-CME,18160948,2018-09-06 13:50:25.011000+00:00,7519.75,{'stop_loss_price': 7519.75}
INVALID_RISK_UNIT,risk_unit == 0 or non-finite,NQU18-CME,18160949,2018-09-06 13:50:25.012000+00:00,7519.75,{'stop_loss_price': 7519.75}
INVALID_RISK_UNIT,risk_unit == 0 or non-finite,NQU18-CME,18160950,2018-09-06 13:50:25.013000+00:00,7519.75,{'stop_loss_price': 7519.75}
INVALID_RISK_UNIT,risk_unit == 0 or non-finite,NQU18-CME,18160951,2018-09-06 13:50:25.014000+00:00,7519.75,{'stop_loss_price': 7519.75}
INVALID_RISK_UNIT,risk_unit == 0 or non-finite,NQU18-CME,18160952,2018-09-06 13:50:25.015000+00:00,7519.75,{'stop_loss_price': 7519.75}
INVALID_RISK_UNIT,risk_unit == 0 or non-finite,NQU18-CME,18173791,2018-09-06 13:58:48.002000+00:00,7512.75,{'stop_loss_price': 7512.75}
INVALID_RISK_UNIT,risk_unit == 0 or non-finite,NQU18-CME,18188855,2018-09-06 14:07:19.005000+00:00,7495.0,{'stop_loss_price': 7495.0}
INVALID_RISK_UNIT,risk_unit == 0 or non-finite,NQU18-CME,18188856,2018-09-06 14:07:19.006000+00:00,7495.0,{'stop_loss_price': 7495.0}
INVALID_RISK_UNIT,risk_unit == 0 or non-finite,NQU18-CME,18188857,2018-09-06 14:07:19.007000+00:00,7495.0,{'stop_loss_price': 7495.0}
INVALID_RISK_UNIT,risk_unit == 0 or non-finite,NQU18-CME,18188858,2018-09-06 14:07:19.008000+00:00,7495.0,{'stop_loss_price': 7495.0}
INVALID_RISK_UNIT,risk_unit == 0 or non-finite,NQU18-CME,18188859,2018-09-06 14:07:19.009000+00:00,7495.0,{'stop_loss_price': 7495.0}
INVALID_RISK_UNIT,risk_unit == 0 or non-finite,NQU18-CME,18188860,2018-09-06 14:07:19.010000+00:00,7495.0,{'stop_loss_price': 7495.0}
INVALID_RISK_UNIT,risk_unit == 0 or non-finite,NQU18-CME,18317822,2018-09-06 15:10:22+00:00,7424.5,{'stop_loss_price': 7424.5}
INVALID_RISK_UNIT,risk_unit == 0 or non-finite,NQU18-CME,18362522,2018-09-06 15:44:03.003000+00:00,7444.75,{'stop_loss_price': 7444.75}
INVALID_RISK_UNIT,risk_unit == 0 or non-finite,NQU18-CME,18362523,2018-09-06 15:44:03.004000+00:00,7444.75,{'stop_loss_price': 7444.75}
INVALID_RISK_UNIT,risk_unit == 0 or non-finite,NQU18-CME,18362524,2018-09-06 15:44:03.005000+00:00,7444.75,{'stop_loss_price': 7444.75}
INVALID_RISK_UNIT,risk_unit == 0 or non-finite,NQU18-CME,18362525,2018-09-06 15:44:03.006000+00:00,7444.75,{'stop_loss_price': 7444.75}
INVALID_RISK_UNIT,risk_unit == 0 or non-finite,NQU18-CME,18362526,2018-09-06 15:44:03.007000+00:00,7444.75,{'stop_loss_price': 7444.75}
INVALID_RISK_UNIT,risk_unit == 0 or non-finite,NQU18-CME,18362527,2018-09-06 15:44:03.008000+00:00,7444.75,{'stop_loss_price': 7444.75}
INVALID_RISK_UNIT,risk_unit == 0 or non-finite,NQU18-CME,18362528,2018-09-06 15:44:03.009000+00:00,7444.75,{'stop_loss_price': 7444.75}
INVALID_RISK_UNIT,risk_unit == 0 or non-finite,NQU18-CME,18381775,2018-09-06 16:04:59.002000+00:00,7449.25,{'stop_loss_price': 7449.25}
INVALID_RISK_UNIT,risk_unit == 0 or non-finite,NQU18-CME,18403437,2018-09-06 16:27:26+00:00,7439.5,{'stop_loss_price': 7439.5}
INVALID_RISK_UNIT,risk_unit == 0 or non-finite,NQU18-CME,18403438,2018-09-06 16:27:26.001000+00:00,7439.5,{'stop_loss_price': 7439.5}
INVALID_RISK_UNIT,risk_unit == 0 or non-finite,NQU18-CME,18408324,2018-09-06 16:34:03+00:00,7433.5,{'stop_loss_price': 7433.5}
INVALID_RISK_UNIT,risk_unit == 0 or non-finite,NQU18-CME,18408325,2018-09-06 16:34:03.001000+00:00,7433.5,{'stop_loss_price': 7433.5}
INVALID_RISK_UNIT,risk_unit == 0 or non-finite,NQU18-CME,18408326,2018-09-06 16:34:03.002000+00:00,7433.5,{'stop_loss_price': 7433.5}
INVALID_RISK_UNIT,risk_unit == 0 or non-finite,NQU18-CME,18408327,2018-09-06 16:34:03.003000+00:00,7433.5,{'stop_loss_price': 7433.5}
INVALID_RISK_UNIT,risk_unit == 0 or non-finite,NQU18-CME,18408328,2018-09-06 16:34:03.004000+00:00,7433.5,{'stop_loss_price': 7433.5}
INVALID_RISK_UNIT,risk_unit == 0 or non-finite,NQU18-CME,18485333,2018-09-06 18:13:29+00:00,7444.5,{'stop_loss_price': 7444.5}
INVALID_RISK_UNIT,risk_unit == 0 or non-finite,NQU18-CME,18485334,2018-09-06 18:13:29.001000+00:00,7444.5,{'stop_loss_price': 7444.5}
INVALID_RISK_UNIT,risk_unit == 0 or non-finite,NQU18-CME,18485335,2018-09-06 18:13:29.002000+00:00,7444.5,{'stop_loss_price': 7444.5}
INVALID_RISK_UNIT,risk_unit == 0 or non-finite,NQU18-CME,18485336,2018-09-06 18:13:29.003000+00:00,7444.5,{'stop_loss_price': 7444.5}
INVALID_RISK_UNIT,risk_unit == 0 or non-finite,NQU18-CME,18485337,2018-09-06 18:13:29.004000+00:00,7444.5,{'stop_loss_price': 7444.5}
INVALID_RISK_UNIT,risk_unit == 0 or non-finite,NQU18-CME,18534137,2018-09-06 19:19:53.004000+00:00,7457.0,{'stop_loss_price': 7457.0}
INVALID_RISK_UNIT,risk_unit == 0 or non-finite,NQU18-CME,18534138,2018-09-06 19:19:53.005000+00:00,7457.0,{'stop_loss_price': 7457.0}
INVALID_RISK_UNIT,risk_unit == 0 or non-finite,NQU18-CME,18534139,2018-09-06 19:19:53.006000+00:00,7457.0,{'stop_loss_price': 7457.0}
INVALID_RISK_UNIT,risk_unit == 0 or non-finite,NQU18-CME,18534140,2018-09-06 19:19:53.007000+00:00,7457.0,{'stop_loss_price': 7457.0}
INVALID_RISK_UNIT,risk_unit == 0 or non-finite,NQU18-CME,18534141,2018-09-06 19:19:54+00:00,7457.0,{'stop_loss_price': 7457.0}
INVALID_RISK_UNIT,risk_unit == 0 or non-finite,NQU18-CME,18534142,2018-09-06 19:19:54.001000+00:00,7457.0,{'stop_loss_price': 7457.0}
INVALID_RISK_UNIT,risk_unit == 0 or non-finite,NQU18-CME,18534143,2018-09-06 19:19:54.002000+00:00,7457.0,{'stop_loss_price': 7457.0}
INVALID_RISK_UNIT,risk_unit == 0 or non-finite,NQU18-CME,18544838,2018-09-06 19:37:30+00:00,7465.0,{'stop_loss_price': 7465.0}
INVALID_RISK_UNIT,risk_unit == 0 or non-finite,NQU18-CME,18544839,2018-09-06 19:37:31+00:00,7465.0,{'stop_loss_price': 7465.0}
INVALID_RISK_UNIT,risk_unit == 0 or non-finite,NQU18-CME,18544840,2018-09-06 19:37:31.001000+00:00,7465.0,{'stop_loss_price': 7465.0}
INVALID_RISK_UNIT,risk_unit == 0 or non-finite,NQU18-CME,18544841,2018-09-06 19:37:31.002000+00:00,7465.0,{'stop_loss_price': 7465.0}
INVALID_RISK_UNIT,risk_unit == 0 or non-finite,NQU18-CME,18544842,2018-09-06 19:37:31.003000+00:00,7465.0,{'stop_loss_price': 7465.0}
INVALID_RISK_UNIT,risk_unit == 0 or non-finite,NQU18-CME,18544843,2018-09-06 19:37:31.004000+00:00,7465.0,{'stop_loss_price': 7465.0}
INVALID_RISK_UNIT,risk_unit == 0 or non-finite,NQU18-CME,18544844,2018-09-06 19:37:31.005000+00:00,7465.0,{'stop_loss_price': 7465.0}
INVALID_RISK_UNIT,risk_unit == 0 or non-finite,NQU18-CME,18544845,2018-09-06 19:37:31.006000+00:00,7465.0,{'stop_loss_price': 7465.0}
INVALID_RISK_UNIT,risk_unit == 0 or non-finite,NQU18-CME,18544846,2018-09-06 19:37:31.007000+00:00,7465.0,{'stop_loss_price': 7465.0}
INVALID_RISK_UNIT,risk_unit == 0 or non-finite,NQU18-CME,18544847,2018-09-06 19:37:31.008000+00:00,7465.0,{'stop_loss_price': 7465.0}
INVALID_RISK_UNIT,risk_unit == 0 or non-finite,NQU18-CME,18544848,2018-09-06 19:37:31.009000+00:00,7465.0,{'stop_loss_price': 7465.0}
INVALID_RISK_UNIT,risk_unit == 0 or non-finite,NQU18-CME,18544849,2018-09-06 19:37:31.010000+00:00,7465.0,{'stop_loss_price': 7465.0}
INVALID_RISK_UNIT,risk_unit == 0 or non-finite,NQU18-CME,18544850,2018-09-06 19:37:31.011000+00:00,7465.0,{'stop_loss_price': 7465.0}
INVALID_RISK_UNIT,risk_unit == 0 or non-finite,NQU18-CME,18544851,2018-09-06 19:37:31.012000+00:00,7465.0,{'stop_loss_price': 7465.0}
INVALID_RISK_UNIT,risk_unit == 0 or non-finite,NQU18-CME,18544852,2018-09-06 19:37:31.013000+00:00,7465.0,{'stop_loss_price': 7465.0}
INVALID_RISK_UNIT,risk_unit == 0 or non-finite,NQU18-CME,18544853,2018-09-06 19:37:31.014000+00:00,7465.0,{'stop_loss_price': 7465.0}
INVALID_RISK_UNIT,risk_unit == 0 or non-finite,NQU18-CME,18544854,2018-09-06 19:37:31.015000+00:00,7465.0,{'stop_loss_price': 7465.0}
INVALID_RISK_UNIT,risk_unit == 0 or non-finite,NQU18-CME,18544855,2018-09-06 19:37:31.016000+00:00,7465.0,{'stop_loss_price': 7465.0}
INVALID_RISK_UNIT,risk_unit == 0 or non-finite,NQU18-CME,18544856,2018-09-06 19:37:31.017000+00:00,7465.0,{'stop_loss_price': 7465.0}
INVALID_RISK_UNIT,risk_unit == 0 or non-finite,NQU18-CME,18544857,2018-09-06 19:37:31.018000+00:00,7465.0,{'stop_loss_price': 7465.0}
INVALID_RISK_UNIT,risk_unit == 0 or non-finite,NQU18-CME,18544858,2018-09-06 19:37:31.019000+00:00,7465.0,{'stop_loss_price': 7465.0}
INVALID_RISK_UNIT,risk_unit == 0 or non-finite,NQU18-CME,18544859,2018-09-06 19:37:31.020000+00:00,7465.0,{'stop_loss_price': 7465.0}
INVALID_RISK_UNIT,risk_unit == 0 or non-finite,NQU18-CME,18544860,2018-09-06 19:37:31.021000+00:00,7465.0,{'stop_loss_price': 7465.0}
INVALID_RISK_UNIT,risk_unit == 0 or non-finite,NQU18-CME,18544861,2018-09-06 19:37:31.022000+00:00,7465.0,{'stop_loss_price': 7465.0}
INVALID_RISK_UNIT,risk_unit == 0 or non-finite,NQU18-CME,18609059,2018-09-07 08:04:38+00:00,7449.25,{'stop_loss_price': 7449.25}
INVALID_RISK_UNIT,risk_unit == 0 or non-finite,NQU18-CME,18609060,2018-09-07 08:04:39+00:00,7449.25,{'stop_loss_price': 7449.25}
INVALID_RISK_UNIT,risk_unit == 0 or non-finite,NQU18-CME,18626241,2018-09-07 12:18:52.001000+00:00,7441.0,{'stop_loss_price': 7441.0}
INVALID_RISK_UNIT,risk_unit == 0 or non-finite,NQU18-CME,18626242,2018-09-07 12:18:52.002000+00:00,7441.0,{'stop_loss_price': 7441.0}
INVALID_RISK_UNIT,risk_unit == 0 or non-finite,NQU18-CME,18626243,2018-09-07 12:18:52.003000+00:00,7441.0,{'stop_loss_price': 7441.0}
INVALID_RISK_UNIT,risk_unit == 0 or non-finite,NQU18-CME,18626244,2018-09-07 12:18:52.004000+00:00,7441.0,{'stop_loss_price': 7441.0}
INVALID_RISK_UNIT,risk_unit == 0 or non-finite,NQU18-CME,18627440,2018-09-07 12:29:44.011000+00:00,7443.0,{'stop_loss_price': 7443.0}
INVALID_RISK_UNIT,risk_unit == 0 or non-finite,NQU18-CME,18677595,2018-09-07 13:35:11.011000+00:00,7423.0,{'stop_loss_price': 7423.0}
INVALID_RISK_UNIT,risk_unit == 0 or non-finite,NQU18-CME,18677596,2018-09-07 13:35:11.012000+00:00,7423.0,{'stop_loss_price': 7423.0}
INVALID_RISK_UNIT,risk_unit == 0 or non-finite,NQU18-CME,18677597,2018-09-07 13:35:11.013000+00:00,7423.0,{'stop_loss_price': 7423.0}
INVALID_RISK_UNIT,risk_unit == 0 or non-finite,NQU18-CME,18677598,2018-09-07 13:35:11.014000+00:00,7423.0,{'stop_loss_price': 7423.0}
INVALID_RISK_UNIT,risk_unit == 0 or non-finite,NQU18-CME,18742374,2018-09-07 14:00:44.024000+00:00,7468.5,{'stop_loss_price': 7468.5}
INVALID_RISK_UNIT,risk_unit == 0 or non-finite,NQU18-CME,18742375,2018-09-07 14:00:44.025000+00:00,7468.5,{'stop_loss_price': 7468.5}
INVALID_RISK_UNIT,risk_unit == 0 or non-finite,NQU18-CME,18742376,2018-09-07 14:00:44.026000+00:00,7468.5,{'stop_loss_price': 7468.5}
INVALID_RISK_UNIT,risk_unit == 0 or non-finite,NQU18-CME,18742377,2018-09-07 14:00:44.027000+00:00,7468.5,{'stop_loss_price': 7468.5}
INVALID_RISK_UNIT,risk_unit == 0 or non-finite,NQU18-CME,18742378,2018-09-07 14:00:44.028000+00:00,7468.5,{'stop_loss_price': 7468.5}
INVALID_RISK_UNIT,risk_unit == 0 or non-finite,NQU18-CME,18742379,2018-09-07 14:00:44.029000+00:00,7468.5,{'stop_loss_price': 7468.5}
INVALID_RISK_UNIT,risk_unit == 0 or non-finite,NQU18-CME,18742380,2018-09-07 14:00:44.030000+00:00,7468.5,{'stop_loss_price': 7468.5}
INVALID_RISK_UNIT,risk_unit == 0 or non-finite,NQU18-CME,18768951,2018-09-07 14:18:55.006000+00:00,7469.5,{'stop_loss_price': 7469.5}
INVALID_RISK_UNIT,risk_unit == 0 or non-finite,NQU18-CME,18768952,2018-09-07 14:18:55.007000+00:00,7469.5,{'stop_loss_price': 7469.5}
INVALID_RISK_UNIT,risk_unit == 0 or non-finite,NQU18-CME,18768953,2018-09-07 14:18:55.008000+00:00,7469.5,{'stop_loss_price': 7469.5}
INVALID_RISK_UNIT,risk_unit == 0 or non-finite,NQU18-CME,18768954,2018-09-07 14:18:55.009000+00:00,7469.5,{'stop_loss_price': 7469.5}
INVALID_RISK_UNIT,risk_unit == 0 or non-finite,NQU18-CME,18784774,2018-09-07 14:32:41.004000+00:00,7471.25,{'stop_loss_price': 7471.25}
INVALID_RISK_UNIT,risk_unit == 0 or non-finite,NQU18-CME,18784775,2018-09-07 14:32:41.005000+00:00,7471.25,{'stop_loss_price': 7471.25}
INVALID_RISK_UNIT,risk_unit == 0 or non-finite,NQU18-CME,18784776,2018-09-07 14:32:41.006000+00:00,7471.25,{'stop_loss_price': 7471.25}
INVALID_RISK_UNIT,risk_unit == 0 or non-finite,NQU18-CME,18784777,2018-09-07 14:32:41.007000+00:00,7471.25,{'stop_loss_price': 7471.25}
INVALID_RISK_UNIT,risk_unit == 0 or non-finite,NQU18-CME,18784783,2018-09-07 14:32:42+00:00,7471.25,{'stop_loss_price': 7471.25}
INVALID_RISK_UNIT,risk_unit == 0 or non-finite,NQU18-CME,18784784,2018-09-07 14:32:42.001000+00:00,7471.25,{'stop_loss_price': 7471.25}
INVALID_RISK_UNIT,risk_unit == 0 or non-finite,NQU18-CME,18784785,2018-09-07 14:32:42.002000+00:00,7471.25,{'stop_loss_price': 7471.25}
INVALID_RISK_UNIT,risk_unit == 0 or non-finite,NQU18-CME,18784786,2018-09-07 14:32:42.003000+00:00,7471.25,{'stop_loss_price': 7471.25}
INVALID_RISK_UNIT,risk_unit == 0 or non-finite,NQU18-CME,18784787,2018-09-07 14:32:42.004000+00:00,7471.25,{'stop_loss_price': 7471.25}
INVALID_RISK_UNIT,risk_unit == 0 or non-finite,NQU18-CME,18784788,2018-09-07 14:32:42.005000+00:00,7471.25,{'stop_loss_price': 7471.25}
INVALID_RISK_UNIT,risk_unit == 0 or non-finite,NQU18-CME,18784789,2018-09-07 14:32:42.006000+00:00,7471.25,{'stop_loss_price': 7471.25}
INVALID_RISK_UNIT,risk_unit == 0 or non-finite,NQU18-CME,18784790,2018-09-07 14:32:42.007000+00:00,7471.25,{'stop_loss_price': 7471.25}
INVALID_RISK_UNIT,risk_unit == 0 or non-finite,NQU18-CME,18784818,2018-09-07 14:32:42.035000+00:00,7471.25,{'stop_loss_price': 7471.25}
INVALID_RISK_UNIT,risk_unit == 0 or non-finite,NQU18-CME,18784819,2018-09-07 14:32:42.036000+00:00,7471.25,{'stop_loss_price': 7471.25}
INVALID_RISK_UNIT,risk_unit == 0 or non-finite,NQU18-CME,18784820,2018-09-07 14:32:42.037000+00:00,7471.25,{'stop_loss_price': 7471.25}
INVALID_RISK_UNIT,risk_unit == 0 or non-finite,NQU18-CME,18784821,2018-09-07 14:32:42.038000+00:00,7471.25,{'stop_loss_price': 7471.25}
INVALID_RISK_UNIT,risk_unit == 0 or non-finite,NQU18-CME,18784822,2018-09-07 14:32:42.039000+00:00,7471.25,{'stop_loss_price': 7471.25}
INVALID_RISK_UNIT,risk_unit == 0 or non-finite,NQU18-CME,18784823,2018-09-07 14:32:42.040000+00:00,7471.25,{'stop_loss_price': 7471.25}
INVALID_RISK_UNIT,risk_unit == 0 or non-finite,NQU18-CME,18786210,2018-09-07 14:34:20.024000+00:00,7475.75,{'stop_loss_price': 7475.75}
INVALID_RISK_UNIT,risk_unit == 0 or non-finite,NQU18-CME,18792615,2018-09-07 14:39:01+00:00,7471.75,{'stop_loss_price': 7471.75}
INVALID_RISK_UNIT,risk_unit == 0 or non-finite,NQU18-CME,18792616,2018-09-07 14:39:01.001000+00:00,7471.75,{'stop_loss_price': 7471.75}
INVALID_RISK_UNIT,risk_unit == 0 or non-finite,NQU18-CME,18792617,2018-09-07 14:39:01.002000+00:00,7471.75,{'stop_loss_price': 7471.75}
INVALID_RISK_UNIT,risk_unit == 0 or non-finite,NQU18-CME,18792618,2018-09-07 14:39:01.003000+00:00,7471.75,{'stop_loss_price': 7471.75}
INVALID_RISK_UNIT,risk_unit == 0 or non-finite,NQU18-CME,18836650,2018-09-07 15:25:43.012000+00:00,7476.25,{'stop_loss_price': 7476.25}
INVALID_RISK_UNIT,risk_unit == 0 or non-finite,NQU18-CME,18836651,2018-09-07 15:25:43.013000+00:00,7476.25,{'stop_loss_price': 7476.25}
INVALID_RISK_UNIT,risk_unit == 0 or non-finite,NQU18-CME,18836652,2018-09-07 15:25:43.014000+00:00,7476.25,{'stop_loss_price': 7476.25}
INVALID_RISK_UNIT,risk_unit == 0 or non-finite,NQU18-CME,18836653,2018-09-07 15:25:43.015000+00:00,7476.25,{'stop_loss_price': 7476.25}
INVALID_RISK_UNIT,risk_unit == 0 or non-finite,NQU18-CME,18836654,2018-09-07 15:25:43.016000+00:00,7476.25,{'stop_loss_price': 7476.25}
INVALID_RISK_UNIT,risk_unit == 0 or non-finite,NQU18-CME,18836655,2018-09-07 15:25:43.017000+00:00,7476.25,{'stop_loss_price': 7476.25}
INVALID_RISK_UNIT,risk_unit == 0 or non-finite,NQU18-CME,18836656,2018-09-07 15:25:43.018000+00:00,7476.25,{'stop_loss_price': 7476.25}
INVALID_RISK_UNIT,risk_unit == 0 or non-finite,NQU18-CME,18836657,2018-09-07 15:25:43.019000+00:00,7476.25,{'stop_loss_price': 7476.25}
INVALID_RISK_UNIT,risk_unit == 0 or non-finite,NQU18-CME,18836658,2018-09-07 15:25:43.020000+00:00,7476.25,{'stop_loss_price': 7476.25}
INVALID_RISK_UNIT,risk_unit == 0 or non-finite,NQU18-CME,18836659,2018-09-07 15:25:43.021000+00:00,7476.25,{'stop_loss_price': 7476.25}
INVALID_RISK_UNIT,risk_unit == 0 or non-finite,NQU18-CME,18836660,2018-09-07 15:25:43.022000+00:00,7476.25,{'stop_loss_price': 7476.25}
INVALID_RISK_UNIT,risk_unit == 0 or non-finite,NQU18-CME,18836661,2018-09-07 15:25:43.023000+00:00,7476.25,{'stop_loss_price': 7476.25}
INVALID_RISK_UNIT,risk_unit == 0 or non-finite,NQU18-CME,18836662,2018-09-07 15:25:43.024000+00:00,7476.25,{'stop_loss_price': 7476.25}
INVALID_RISK_UNIT,risk_unit == 0 or non-finite,NQU18-CME,18836663,2018-09-07 15:25:43.025000+00:00,7476.25,{'stop_loss_price': 7476.25}
INVALID_RISK_UNIT,risk_unit == 0 or non-finite,NQU18-CME,18836664,2018-09-07 15:25:43.026000+00:00,7476.25,{'stop_loss_price': 7476.25}
INVALID_RISK_UNIT,risk_unit == 0 or non-finite,NQU18-CME,18836665,2018-09-07 15:25:43.027000+00:00,7476.25,{'stop_loss_price': 7476.25}
INVALID_RISK_UNIT,risk_unit == 0 or non-finite,NQU18-CME,18859381,2018-09-07 15:57:22.001000+00:00,7474.5,{'stop_loss_price': 7474.5}
INVALID_RISK_UNIT,risk_unit == 0 or non-finite,NQU18-CME,18863180,2018-09-07 16:01:35.001000+00:00,7465.75,{'stop_loss_price': 7465.75}
INVALID_RISK_UNIT,risk_unit == 0 or non-finite,NQU18-CME,18863181,2018-09-07 16:01:35.002000+00:00,7465.75,{'stop_loss_price': 7465.75}
INVALID_RISK_UNIT,risk_unit == 0 or non-finite,NQU18-CME,18863182,2018-09-07 16:01:35.003000+00:00,7465.75,{'stop_loss_price': 7465.75}
INVALID_RISK_UNIT,risk_unit == 0 or non-finite,NQU18-CME,18863183,2018-09-07 16:01:35.004000+00:00,7465.75,{'stop_loss_price': 7465.75}
INVALID_RISK_UNIT,risk_unit == 0 or non-finite,NQU18-CME,18863184,2018-09-07 16:01:35.005000+00:00,7465.75,{'stop_loss_price': 7465.75}
INVALID_RISK_UNIT,risk_unit == 0 or non-finite,NQU18-CME,18863185,2018-09-07 16:01:35.006000+00:00,7465.75,{'stop_loss_price': 7465.75}
INVALID_RISK_UNIT,risk_unit == 0 or non-finite,NQU18-CME,18863186,2018-09-07 16:01:35.007000+00:00,7465.75,{'stop_loss_price': 7465.75}
INVALID_RISK_UNIT,risk_unit == 0 or non-finite,NQU18-CME,18863187,2018-09-07 16:01:35.008000+00:00,7465.75,{'stop_loss_price': 7465.75}
INVALID_RISK_UNIT,risk_unit == 0 or non-finite,NQU18-CME,18863188,2018-09-07 16:01:35.009000+00:00,7465.75,{'stop_loss_price': 7465.75}
INVALID_RISK_UNIT,risk_unit == 0 or non-finite,NQU18-CME,18863189,2018-09-07 16:01:35.010000+00:00,7465.75,{'stop_loss_price': 7465.75}
INVALID_RISK_UNIT,risk_unit == 0 or non-finite,NQU18-CME,18863190,2018-09-07 16:01:35.011000+00:00,7465.75,{'stop_loss_price': 7465.75}
INVALID_RISK_UNIT,risk_unit == 0 or non-finite,NQU18-CME,18863191,2018-09-07 16:01:35.012000+00:00,7465.75,{'stop_loss_price': 7465.75}
INVALID_RISK_UNIT,risk_unit == 0 or non-finite,NQU18-CME,18863192,2018-09-07 16:01:35.013000+00:00,7465.75,{'stop_loss_price': 7465.75}
INVALID_RISK_UNIT,risk_unit == 0 or non-finite,NQU18-CME,18863193,2018-09-07 16:01:35.014000+00:00,7465.75,{'stop_loss_price': 7465.75}
INVALID_RISK_UNIT,risk_unit == 0 or non-finite,NQU18-CME,18863614,2018-09-07 16:01:57.021000+00:00,7466.25,{'stop_loss_price': 7466.25}
INVALID_RISK_UNIT,risk_unit == 0 or non-finite,NQU18-CME,18883814,2018-09-07 16:10:11.033000+00:00,7431.75,{'stop_loss_price': 7431.75}
INVALID_RISK_UNIT,risk_unit == 0 or non-finite,NQU18-CME,18883815,2018-09-07 16:10:11.034000+00:00,7431.75,{'stop_loss_price': 7431.75}
INVALID_RISK_UNIT,risk_unit == 0 or non-finite,NQU18-CME,18883818,2018-09-07 16:10:11.037000+00:00,7431.75,{'stop_loss_price': 7431.75}
INVALID_RISK_UNIT,risk_unit == 0 or non-finite,NQU18-CME,18883819,2018-09-07 16:10:11.038000+00:00,7431.75,{'stop_loss_price': 7431.75}
INVALID_RISK_UNIT,risk_unit == 0 or non-finite,NQU18-CME,18883820,2018-09-07 16:10:11.039000+00:00,7431.75,{'stop_loss_price': 7431.75}
INVALID_RISK_UNIT,risk_unit == 0 or non-finite,NQU18-CME,18951700,2018-09-07 17:01:59.007000+00:00,7460.0,{'stop_loss_price': 7460.0}
INVALID_RISK_UNIT,risk_unit == 0 or non-finite,NQU18-CME,18951701,2018-09-07 17:01:59.008000+00:00,7460.0,{'stop_loss_price': 7460.0}
INVALID_RISK_UNIT,risk_unit == 0 or non-finite,NQU18-CME,18951702,2018-09-07 17:01:59.009000+00:00,7460.0,{'stop_loss_price': 7460.0}
INVALID_RISK_UNIT,risk_unit == 0 or non-finite,NQU18-CME,18951703,2018-09-07 17:01:59.010000+00:00,7460.0,{'stop_loss_price': 7460.0}
INVALID_RISK_UNIT,risk_unit == 0 or non-finite,NQU18-CME,18951704,2018-09-07 17:01:59.011000+00:00,7460.0,{'stop_loss_price': 7460.0}
INVALID_RISK_UNIT,risk_unit == 0 or non-finite,NQU18-CME,18951705,2018-09-07 17:01:59.012000+00:00,7460.0,{'stop_loss_price': 7460.0}
INVALID_RISK_UNIT,risk_unit == 0 or non-finite,NQU18-CME,18951706,2018-09-07 17:01:59.013000+00:00,7460.0,{'stop_loss_price': 7460.0}
INVALID_RISK_UNIT,risk_unit == 0 or non-finite,NQU18-CME,18951707,2018-09-07 17:01:59.014000+00:00,7460.0,{'stop_loss_price': 7460.0}
INVALID_RISK_UNIT,risk_unit == 0 or non-finite,NQU18-CME,18951708,2018-09-07 17:01:59.015000+00:00,7460.0,{'stop_loss_price': 7460.0}
INVALID_RISK_UNIT,risk_unit == 0 or non-finite,NQU18-CME,18984514,2018-09-07 17:55:59.003000+00:00,7443.0,{'stop_loss_price': 7443.0}
INVALID_RISK_UNIT,risk_unit == 0 or non-finite,NQU18-CME,18984515,2018-09-07 17:55:59.004000+00:00,7443.0,{'stop_loss_price': 7443.0}
INVALID_RISK_UNIT,risk_unit == 0 or non-finite,NQU18-CME,18984516,2018-09-07 17:55:59.005000+00:00,7443.0,{'stop_loss_price': 7443.0}
INVALID_RISK_UNIT,risk_unit == 0 or non-finite,NQU18-CME,18997727,2018-09-07 18:24:07.003000+00:00,7448.25,{'stop_loss_price': 7448.25}
INVALID_RISK_UNIT,risk_unit == 0 or non-finite,NQU18-CME,18997728,2018-09-07 18:24:07.004000+00:00,7448.25,{'stop_loss_price': 7448.25}
INVALID_RISK_UNIT,risk_unit == 0 or non-finite,NQU18-CME,18997729,2018-09-07 18:24:07.005000+00:00,7448.25,{'stop_loss_price': 7448.25}
INVALID_RISK_UNIT,risk_unit == 0 or non-finite,NQU18-CME,18997730,2018-09-07 18:24:07.006000+00:00,7448.25,{'stop_loss_price': 7448.25}
INVALID_RISK_UNIT,risk_unit == 0 or non-finite,NQU18-CME,19082478,2018-09-10 02:02:22+00:00,7452.25,{'stop_loss_price': 7452.25}
INVALID_RISK_UNIT,risk_unit == 0 or non-finite,NQU18-CME,19082479,2018-09-10 02:02:22.001000+00:00,7452.25,{'stop_loss_price': 7452.25}
INVALID_RISK_UNIT,risk_unit == 0 or non-finite,NQU18-CME,19082480,2018-09-10 02:02:22.002000+00:00,7452.25,{'stop_loss_price': 7452.25}
INVALID_RISK_UNIT,risk_unit == 0 or non-finite,NQU18-CME,19082481,2018-09-10 02:02:22.003000+00:00,7452.25,{'stop_loss_price': 7452.25}
INVALID_RISK_UNIT,risk_unit == 0 or non-finite,NQU18-CME,19082482,2018-09-10 02:02:22.004000+00:00,7452.25,{'stop_loss_price': 7452.25}
INVALID_RISK_UNIT,risk_unit == 0 or non-finite,NQU18-CME,19082483,2018-09-10 02:02:22.005000+00:00,7452.25,{'stop_loss_price': 7452.25}
INVALID_RISK_UNIT,risk_unit == 0 or non-finite,NQU18-CME,19082484,2018-09-10 02:02:22.006000+00:00,7452.25,{'stop_loss_price': 7452.25}
INVALID_RISK_UNIT,risk_unit == 0 or non-finite,NQU18-CME,19082485,2018-09-10 02:02:22.007000+00:00,7452.25,{'stop_loss_price': 7452.25}
INVALID_RISK_UNIT,risk_unit == 0 or non-finite,NQU18-CME,19082486,2018-09-10 02:02:22.008000+00:00,7452.25,{'stop_loss_price': 7452.25}
INVALID_RISK_UNIT,risk_unit == 0 or non-finite,NQU18-CME,19082487,2018-09-10 02:02:22.009000+00:00,7452.25,{'stop_loss_price': 7452.25}
INVALID_RISK_UNIT,risk_unit == 0 or non-finite,NQU18-CME,19082488,2018-09-10 02:02:22.010000+00:00,7452.25,{'stop_loss_price': 7452.25}
INVALID_RISK_UNIT,risk_unit == 0 or non-finite,NQU18-CME,19082489,2018-09-10 02:02:24+00:00,7452.25,{'stop_loss_price': 7452.25}
INVALID_RISK_UNIT,risk_unit == 0 or non-finite,NQU18-CME,19098134,2018-09-10 07:39:49.001000+00:00,7459.5,{'stop_loss_price': 7459.5}
INVALID_RISK_UNIT,risk_unit == 0 or non-finite,NQU18-CME,19098135,2018-09-10 07:39:50+00:00,7459.5,{'stop_loss_price': 7459.5}
INVALID_RISK_UNIT,risk_unit == 0 or non-finite,NQU18-CME,19098136,2018-09-10 07:39:50.001000+00:00,7459.5,{'stop_loss_price': 7459.5}
INVALID_RISK_UNIT,risk_unit == 0 or non-finite,NQU18-CME,19098137,2018-09-10 07:39:50.002000+00:00,7459.5,{'stop_loss_price': 7459.5}
INVALID_RISK_UNIT,risk_unit == 0 or non-finite,NQU18-CME,19098183,2018-09-10 07:40:03+00:00,7459.75,{'stop_loss_price': 7459.75}
INVALID_RISK_UNIT,risk_unit == 0 or non-finite,NQU18-CME,19098184,2018-09-10 07:40:03.001000+00:00,7459.75,{'stop_loss_price': 7459.75}
INVALID_RISK_UNIT,risk_unit == 0 or non-finite,NQU18-CME,19098185,2018-09-10 07:40:04+00:00,7459.75,{'stop_loss_price': 7459.75}
INVALID_RISK_UNIT,risk_unit == 0 or non-finite,NQU18-CME,19098186,2018-09-10 07:40:11+00:00,7459.75,{'stop_loss_price': 7459.75}
INVALID_RISK_UNIT,risk_unit == 0 or non-finite,NQU18-CME,19145232,2018-09-10 13:34:41.002000+00:00,7455.25,{'stop_loss_price': 7455.25}
INVALID_RISK_UNIT,risk_unit == 0 or non-finite,NQU18-CME,19161189,2018-09-10 13:41:00.042000+00:00,7447.25,{'stop_loss_price': 7447.25}
INVALID_RISK_UNIT,risk_unit == 0 or non-finite,NQU18-CME,19161190,2018-09-10 13:41:00.043000+00:00,7447.25,{'stop_loss_price': 7447.25}
INVALID_RISK_UNIT,risk_unit == 0 or non-finite,NQU18-CME,19161191,2018-09-10 13:41:00.044000+00:00,7447.25,{'stop_loss_price': 7447.25}
INVALID_RISK_UNIT,risk_unit == 0 or non-finite,NQU18-CME,19161192,2018-09-10 13:41:00.045000+00:00,7447.25,{'stop_loss_price': 7447.25}
INVALID_RISK_UNIT,risk_unit == 0 or non-finite,NQU18-CME,19161197,2018-09-10 13:41:00.050000+00:00,7447.25,{'stop_loss_price': 7447.25}
INVALID_RISK_UNIT,risk_unit == 0 or non-finite,NQU18-CME,19161198,2018-09-10 13:41:01+00:00,7447.25,{'stop_loss_price': 7447.25}
INVALID_RISK_UNIT,risk_unit == 0 or non-finite,NQU18-CME,19161199,2018-09-10 13:41:01.001000+00:00,7447.25,{'stop_loss_price': 7447.25}
INVALID_RISK_UNIT,risk_unit == 0 or non-finite,NQU18-CME,19161200,2018-09-10 13:41:01.002000+00:00,7447.25,{'stop_loss_price': 7447.25}
INVALID_RISK_UNIT,risk_unit == 0 or non-finite,NQU18-CME,19214864,2018-09-10 14:08:17.006000+00:00,7428.25,{'stop_loss_price': 7428.25}
INVALID_RISK_UNIT,risk_unit == 0 or non-finite,NQU18-CME,19241649,2018-09-10 14:26:31.008000+00:00,7424.25,{'stop_loss_price': 7424.25}
INVALID_RISK_UNIT,risk_unit == 0 or non-finite,NQU18-CME,19241650,2018-09-10 14:26:31.009000+00:00,7424.25,{'stop_loss_price': 7424.25}
INVALID_RISK_UNIT,risk_unit == 0 or non-finite,NQU18-CME,19246965,2018-09-10 14:30:23+00:00,7430.25,{'stop_loss_price': 7430.25}
INVALID_RISK_UNIT,risk_unit == 0 or non-finite,NQU18-CME,19246966,2018-09-10 14:30:23.001000+00:00,7430.25,{'stop_loss_price': 7430.25}
INVALID_RISK_UNIT,risk_unit == 0 or non-finite,NQU18-CME,19251753,2018-09-10 14:34:27+00:00,7431.0,{'stop_loss_price': 7431.0}
INVALID_RISK_UNIT,risk_unit == 0 or non-finite,NQU18-CME,19284260,2018-09-10 15:08:14.011000+00:00,7435.0,{'stop_loss_price': 7435.0}
INVALID_RISK_UNIT,risk_unit == 0 or non-finite,NQU18-CME,19299091,2018-09-10 15:23:37+00:00,7452.5,{'stop_loss_price': 7452.5}
INVALID_RISK_UNIT,risk_unit == 0 or non-finite,NQU18-CME,19328528,2018-09-10 16:11:08+00:00,7445.0,{'stop_loss_price': 7445.0}
INVALID_RISK_UNIT,risk_unit == 0 or non-finite,NQU18-CME,19328529,2018-09-10 16:11:08.001000+00:00,7445.0,{'stop_loss_price': 7445.0}
INVALID_RISK_UNIT,risk_unit == 0 or non-finite,NQU18-CME,19328530,2018-09-10 16:11:08.002000+00:00,7445.0,{'stop_loss_price': 7445.0}
INVALID_RISK_UNIT,risk_unit == 0 or non-finite,NQU18-CME,19328531,2018-09-10 16:11:08.003000+00:00,7445.0,{'stop_loss_price': 7445.0}
INVALID_RISK_UNIT,risk_unit == 0 or non-finite,NQU18-CME,19328532,2018-09-10 16:11:08.004000+00:00,7445.0,{'stop_loss_price': 7445.0}
INVALID_RISK_UNIT,risk_unit == 0 or non-finite,NQU18-CME,19328533,2018-09-10 16:11:08.005000+00:00,7445.0,{'stop_loss_price': 7445.0}
INVALID_RISK_UNIT,risk_unit == 0 or non-finite,NQU18-CME,19328534,2018-09-10 16:11:08.006000+00:00,7445.0,{'stop_loss_price': 7445.0}
INVALID_RISK_UNIT,risk_unit == 0 or non-finite,NQU18-CME,19328535,2018-09-10 16:11:08.007000+00:00,7445.0,{'stop_loss_price': 7445.0}
INVALID_RISK_UNIT,risk_unit == 0 or non-finite,NQU18-CME,19328536,2018-09-10 16:11:08.008000+00:00,7445.0,{'stop_loss_price': 7445.0}
INVALID_RISK_UNIT,risk_unit == 0 or non-finite,NQU18-CME,19328537,2018-09-10 16:11:08.009000+00:00,7445.0,{'stop_loss_price': 7445.0}
INVALID_RISK_UNIT,risk_unit == 0 or non-finite,NQU18-CME,19328538,2018-09-10 16:11:08.010000+00:00,7445.0,{'stop_loss_price': 7445.0}
INVALID_RISK_UNIT,risk_unit == 0 or non-finite,NQU18-CME,19328539,2018-09-10 16:11:08.011000+00:00,7445.0,{'stop_loss_price': 7445.0}
INVALID_RISK_UNIT,risk_unit == 0 or non-finite,NQU18-CME,19328540,2018-09-10 16:11:08.012000+00:00,7445.0,{'stop_loss_price': 7445.0}
INVALID_RISK_UNIT,risk_unit == 0 or non-finite,NQU18-CME,19328541,2018-09-10 16:11:08.013000+00:00,7445.0,{'stop_loss_price': 7445.0}
INVALID_RISK_UNIT,risk_unit == 0 or non-finite,NQU18-CME,19328542,2018-09-10 16:11:08.014000+00:00,7445.0,{'stop_loss_price': 7445.0}
INVALID_RISK_UNIT,risk_unit == 0 or non-finite,NQU18-CME,19328543,2018-09-10 16:11:08.015000+00:00,7445.0,{'stop_loss_price': 7445.0}
INVALID_RISK_UNIT,risk_unit == 0 or non-finite,NQU18-CME,19328544,2018-09-10 16:11:08.016000+00:00,7445.0,{'stop_loss_price': 7445.0}
INVALID_RISK_UNIT,risk_unit == 0 or non-finite,NQU18-CME,19328545,2018-09-10 16:11:08.017000+00:00,7445.0,{'stop_loss_price': 7445.0}
INVALID_RISK_UNIT,risk_unit == 0 or non-finite,NQU18-CME,19328546,2018-09-10 16:11:08.018000+00:00,7445.0,{'stop_loss_price': 7445.0}
INVALID_RISK_UNIT,risk_unit == 0 or non-finite,NQU18-CME,19328547,2018-09-10 16:11:08.019000+00:00,7445.0,{'stop_loss_price': 7445.0}
INVALID_RISK_UNIT,risk_unit == 0 or non-finite,NQU18-CME,19328548,2018-09-10 16:11:08.020000+00:00,7445.0,{'stop_loss_price': 7445.0}
INVALID_RISK_UNIT,risk_unit == 0 or non-finite,NQU18-CME,19328549,2018-09-10 16:11:08.021000+00:00,7445.0,{'stop_loss_price': 7445.0}
INVALID_RISK_UNIT,risk_unit == 0 or non-finite,NQU18-CME,19328550,2018-09-10 16:11:08.022000+00:00,7445.0,{'stop_loss_price': 7445.0}
INVALID_RISK_UNIT,risk_unit == 0 or non-finite,NQU18-CME,19328551,2018-09-10 16:11:08.023000+00:00,7445.0,{'stop_loss_price': 7445.0}
INVALID_RISK_UNIT,risk_unit == 0 or non-finite,NQU18-CME,19328552,2018-09-10 16:11:08.024000+00:00,7445.0,{'stop_loss_price': 7445.0}
INVALID_RISK_UNIT,risk_unit == 0 or non-finite,NQU18-CME,19328553,2018-09-10 16:11:08.025000+00:00,7445.0,{'stop_loss_price': 7445.0}
INVALID_RISK_UNIT,risk_unit == 0 or non-finite,NQU18-CME,19328554,2018-09-10 16:11:08.026000+00:00,7445.0,{'stop_loss_price': 7445.0}
INVALID_RISK_UNIT,risk_unit == 0 or non-finite,NQU18-CME,19328555,2018-09-10 16:11:08.027000+00:00,7445.0,{'stop_loss_price': 7445.0}
INVALID_RISK_UNIT,risk_unit == 0 or non-finite,NQU18-CME,19328556,2018-09-10 16:11:08.028000+00:00,7445.0,{'stop_loss_price': 7445.0}
INVALID_RISK_UNIT,risk_unit == 0 or non-finite,NQU18-CME,19328557,2018-09-10 16:11:08.029000+00:00,7445.0,{'stop_loss_price': 7445.0}
INVALID_RISK_UNIT,risk_unit == 0 or non-finite,NQU18-CME,19328558,2018-09-10 16:11:08.030000+00:00,7445.0,{'stop_loss_price': 7445.0}
INVALID_RISK_UNIT,risk_unit == 0 or non-finite,NQU18-CME,19328559,2018-09-10 16:11:08.031000+00:00,7445.0,{'stop_loss_price': 7445.0}
INVALID_RISK_UNIT,risk_unit == 0 or non-finite,NQU18-CME,19328566,2018-09-10 16:11:08.038000+00:00,7445.0,{'stop_loss_price': 7445.0}
INVALID_RISK_UNIT,risk_unit == 0 or non-finite,NQU18-CME,19328567,2018-09-10 16:11:08.039000+00:00,7445.0,{'stop_loss_price': 7445.0}
INVALID_RISK_UNIT,risk_unit == 0 or non-finite,NQU18-CME,19328584,2018-09-10 16:11:08.056000+00:00,7445.0,{'stop_loss_price': 7445.0}
INVALID_RISK_UNIT,risk_unit == 0 or non-finite,NQU18-CME,19328585,2018-09-10 16:11:09+00:00,7445.0,{'stop_loss_price': 7445.0}
INVALID_RISK_UNIT,risk_unit == 0 or non-finite,NQU18-CME,19328586,2018-09-10 16:11:09.001000+00:00,7445.0,{'stop_loss_price': 7445.0}
INVALID_RISK_UNIT,risk_unit == 0 or non-finite,NQU18-CME,19328616,2018-09-10 16:11:13.027000+00:00,7445.0,{'stop_loss_price': 7445.0}
INVALID_RISK_UNIT,risk_unit == 0 or non-finite,NQU18-CME,19328617,2018-09-10 16:11:13.028000+00:00,7445.0,{'stop_loss_price': 7445.0}
INVALID_RISK_UNIT,risk_unit == 0 or non-finite,NQU18-CME,19328618,2018-09-10 16:11:13.029000+00:00,7445.0,{'stop_loss_price': 7445.0}
INVALID_RISK_UNIT,risk_unit == 0 or non-finite,NQU18-CME,19328619,2018-09-10 16:11:13.030000+00:00,7445.0,{'stop_loss_price': 7445.0}
INVALID_RISK_UNIT,risk_unit == 0 or non-finite,NQU18-CME,19328638,2018-09-10 16:11:14.008000+00:00,7445.0,{'stop_loss_price': 7445.0}
INVALID_RISK_UNIT,risk_unit == 0 or non-finite,NQU18-CME,19328639,2018-09-10 16:11:14.009000+00:00,7445.0,{'stop_loss_price': 7445.0}
INVALID_RISK_UNIT,risk_unit == 0 or non-finite,NQU18-CME,19328640,2018-09-10 16:11:14.010000+00:00,7445.0,{'stop_loss_price': 7445.0}
INVALID_RISK_UNIT,risk_unit == 0 or non-finite,NQU18-CME,19328641,2018-09-10 16:11:14.011000+00:00,7445.0,{'stop_loss_price': 7445.0}
INVALID_RISK_UNIT,risk_unit == 0 or non-finite,NQU18-CME,19328642,2018-09-10 16:11:14.012000+00:00,7445.0,{'stop_loss_price': 7445.0}
INVALID_RISK_UNIT,risk_unit == 0 or non-finite,NQU18-CME,19328643,2018-09-10 16:11:14.013000+00:00,7445.0,{'stop_loss_price': 7445.0}
INVALID_RISK_UNIT,risk_unit == 0 or non-finite,NQU18-CME,19328644,2018-09-10 16:11:14.014000+00:00,7445.0,{'stop_loss_price': 7445.0}
INVALID_RISK_UNIT,risk_unit == 0 or non-finite,NQU18-CME,19328645,2018-09-10 16:11:14.015000+00:00,7445.0,{'stop_loss_price': 7445.0}
INVALID_RISK_UNIT,risk_unit == 0 or non-finite,NQU18-CME,19328648,2018-09-10 16:11:14.018000+00:00,7445.0,{'stop_loss_price': 7445.0}
INVALID_RISK_UNIT,risk_unit == 0 or non-finite,NQU18-CME,19328649,2018-09-10 16:11:14.019000+00:00,7445.0,{'stop_loss_price': 7445.0}
INVALID_RISK_UNIT,risk_unit == 0 or non-finite,NQU18-CME,19328650,2018-09-10 16:11:14.020000+00:00,7445.0,{'stop_loss_price': 7445.0}
INVALID_RISK_UNIT,risk_unit == 0 or non-finite,NQU18-CME,19328651,2018-09-10 16:11:14.021000+00:00,7445.0,{'stop_loss_price': 7445.0}
INVALID_RISK_UNIT,risk_unit == 0 or non-finite,NQU18-CME,19328652,2018-09-10 16:11:14.022000+00:00,7445.0,{'stop_loss_price': 7445.0}
INVALID_RISK_UNIT,risk_unit == 0 or non-finite,NQU18-CME,19328653,2018-09-10 16:11:14.023000+00:00,7445.0,{'stop_loss_price': 7445.0}
INVALID_RISK_UNIT,risk_unit == 0 or non-finite,NQU18-CME,19328654,2018-09-10 16:11:14.024000+00:00,7445.0,{'stop_loss_price': 7445.0}
INVALID_RISK_UNIT,risk_unit == 0 or non-finite,NQU18-CME,19328655,2018-09-10 16:11:14.025000+00:00,7445.0,{'stop_loss_price': 7445.0}
INVALID_RISK_UNIT,risk_unit == 0 or non-finite,NQU18-CME,19328656,2018-09-10 16:11:14.026000+00:00,7445.0,{'stop_loss_price': 7445.0}
INVALID_RISK_UNIT,risk_unit == 0 or non-finite,NQU18-CME,19328657,2018-09-10 16:11:14.027000+00:00,7445.0,{'stop_loss_price': 7445.0}
INVALID_RISK_UNIT,risk_unit == 0 or non-finite,NQU18-CME,19328658,2018-09-10 16:11:14.028000+00:00,7445.0,{'stop_loss_price': 7445.0}
INVALID_RISK_UNIT,risk_unit == 0 or non-finite,NQU18-CME,19328659,2018-09-10 16:11:14.029000+00:00,7445.0,{'stop_loss_price': 7445.0}
INVALID_RISK_UNIT,risk_unit == 0 or non-finite,NQU18-CME,19328660,2018-09-10 16:11:14.030000+00:00,7445.0,{'stop_loss_price': 7445.0}
INVALID_RISK_UNIT,risk_unit == 0 or non-finite,NQU18-CME,19328661,2018-09-10 16:11:14.031000+00:00,7445.0,{'stop_loss_price': 7445.0}
INVALID_RISK_UNIT,risk_unit == 0 or non-finite,NQU18-CME,19343184,2018-09-10 16:36:55.004000+00:00,7443.75,{'stop_loss_price': 7443.75}
INVALID_RISK_UNIT,risk_unit == 0 or non-finite,NQU18-CME,19343185,2018-09-10 16:36:55.005000+00:00,7443.75,{'stop_loss_price': 7443.75}
INVALID_RISK_UNIT,risk_unit == 0 or non-finite,NQU18-CME,19343186,2018-09-10 16:36:55.006000+00:00,7443.75,{'stop_loss_price': 7443.75}
INVALID_RISK_UNIT,risk_unit == 0 or non-finite,NQU18-CME,19343187,2018-09-10 16:36:55.007000+00:00,7443.75,{'stop_loss_price': 7443.75}
INVALID_RISK_UNIT,risk_unit == 0 or non-finite,NQU18-CME,19343188,2018-09-10 16:36:55.008000+00:00,7443.75,{'stop_loss_price': 7443.75}
INVALID_RISK_UNIT,risk_unit == 0 or non-finite,NQU18-CME,19343189,2018-09-10 16:36:55.009000+00:00,7443.75,{'stop_loss_price': 7443.75}
INVALID_RISK_UNIT,risk_unit == 0 or non-finite,NQU18-CME,19365246,2018-09-10 17:37:07+00:00,7447.75,{'stop_loss_price': 7447.75}
INVALID_RISK_UNIT,risk_unit == 0 or non-finite,NQU18-CME,19365247,2018-09-10 17:37:07.001000+00:00,7447.75,{'stop_loss_price': 7447.75}
INVALID_RISK_UNIT,risk_unit == 0 or non-finite,NQU18-CME,19706920,2018-09-11 16:48:17+00:00,7503.5,{'stop_loss_price': 7503.5}
INVALID_RISK_UNIT,risk_unit == 0 or non-finite,NQU18-CME,19706921,2018-09-11 16:48:17.001000+00:00,7503.5,{'stop_loss_price': 7503.5}
INVALID_RISK_UNIT,risk_unit == 0 or non-finite,NQU18-CME,19706922,2018-09-11 16:48:17.002000+00:00,7503.5,{'stop_loss_price': 7503.5}
INVALID_RISK_UNIT,risk_unit == 0 or non-finite,NQU18-CME,19706923,2018-09-11 16:48:17.003000+00:00,7503.5,{'stop_loss_price': 7503.5}
INVALID_RISK_UNIT,risk_unit == 0 or non-finite,NQU18-CME,19706924,2018-09-11 16:48:17.004000+00:00,7503.5,{'stop_loss_price': 7503.5}
INVALID_RISK_UNIT,risk_unit == 0 or non-finite,NQU18-CME,19706925,2018-09-11 16:48:17.005000+00:00,7503.5,{'stop_loss_price': 7503.5}
INVALID_RISK_UNIT,risk_unit == 0 or non-finite,NQU18-CME,19706926,2018-09-11 16:48:17.006000+00:00,7503.5,{'stop_loss_price': 7503.5}
INVALID_RISK_UNIT,risk_unit == 0 or non-finite,NQU18-CME,19706927,2018-09-11 16:48:17.007000+00:00,7503.5,{'stop_loss_price': 7503.5}
INVALID_RISK_UNIT,risk_unit == 0 or non-finite,NQU18-CME,19706928,2018-09-11 16:48:17.008000+00:00,7503.5,{'stop_loss_price': 7503.5}
INVALID_RISK_UNIT,risk_unit == 0 or non-finite,NQU18-CME,19706929,2018-09-11 16:48:17.009000+00:00,7503.5,{'stop_loss_price': 7503.5}
INVALID_RISK_UNIT,risk_unit == 0 or non-finite,NQU18-CME,19706930,2018-09-11 16:48:17.010000+00:00,7503.5,{'stop_loss_price': 7503.5}
INVALID_RISK_UNIT,risk_unit == 0 or non-finite,NQU18-CME,19706931,2018-09-11 16:48:17.011000+00:00,7503.5,{'stop_loss_price': 7503.5}
INVALID_RISK_UNIT,risk_unit == 0 or non-finite,NQU18-CME,19706932,2018-09-11 16:48:17.012000+00:00,7503.5,{'stop_loss_price': 7503.5}
INVALID_RISK_UNIT,risk_unit == 0 or non-finite,NQU18-CME,19706933,2018-09-11 16:48:17.013000+00:00,7503.5,{'stop_loss_price': 7503.5}
INVALID_RISK_UNIT,risk_unit == 0 or non-finite,NQU18-CME,19706934,2018-09-11 16:48:17.014000+00:00,7503.5,{'stop_loss_price': 7503.5}
INVALID_RISK_UNIT,risk_unit == 0 or non-finite,NQU18-CME,19706935,2018-09-11 16:48:17.015000+00:00,7503.5,{'stop_loss_price': 7503.5}
INVALID_RISK_UNIT,risk_unit == 0 or non-finite,NQU18-CME,19706936,2018-09-11 16:48:17.016000+00:00,7503.5,{'stop_loss_price': 7503.5}
INVALID_RISK_UNIT,risk_unit == 0 or non-finite,NQU18-CME,19706937,2018-09-11 16:48:17.017000+00:00,7503.5,{'stop_loss_price': 7503.5}
INVALID_RISK_UNIT,risk_unit == 0 or non-finite,NQU18-CME,19847737,2018-09-12 12:49:37+00:00,7504.75,{'stop_loss_price': 7504.75}
INVALID_RISK_UNIT,risk_unit == 0 or non-finite,NQU18-CME,19847738,2018-09-12 12:49:37.001000+00:00,7504.75,{'stop_loss_price': 7504.75}
INVALID_RISK_UNIT,risk_unit == 0 or non-finite,NQU18-CME,19847739,2018-09-12 12:49:37.002000+00:00,7504.75,{'stop_loss_price': 7504.75}
INVALID_RISK_UNIT,risk_unit == 0 or non-finite,NQU18-CME,19847740,2018-09-12 12:49:38+00:00,7504.75,{'stop_loss_price': 7504.75}
INVALID_RISK_UNIT,risk_unit == 0 or non-finite,NQU18-CME,19847741,2018-09-12 12:49:38.001000+00:00,7504.75,{'stop_loss_price': 7504.75}
INVALID_RISK_UNIT,risk_unit == 0 or non-finite,NQU18-CME,19847742,2018-09-12 12:49:38.002000+00:00,7504.75,{'stop_loss_price': 7504.75}
INVALID_RISK_UNIT,risk_unit == 0 or non-finite,NQU18-CME,19847743,2018-09-12 12:49:38.003000+00:00,7504.75,{'stop_loss_price': 7504.75}
INVALID_RISK_UNIT,risk_unit == 0 or non-finite,NQU18-CME,19847744,2018-09-12 12:49:38.004000+00:00,7504.75,{'stop_loss_price': 7504.75}
INVALID_RISK_UNIT,risk_unit == 0 or non-finite,NQU18-CME,19847745,2018-09-12 12:49:39+00:00,7504.75,{'stop_loss_price': 7504.75}
INVALID_RISK_UNIT,risk_unit == 0 or non-finite,NQU18-CME,19847746,2018-09-12 12:49:39.001000+00:00,7504.75,{'stop_loss_price': 7504.75}
INVALID_RISK_UNIT,risk_unit == 0 or non-finite,NQU18-CME,19847747,2018-09-12 12:49:41+00:00,7504.75,{'stop_loss_price': 7504.75}
INVALID_RISK_UNIT,risk_unit == 0 or non-finite,NQU18-CME,19847748,2018-09-12 12:49:42+00:00,7504.75,{'stop_loss_price': 7504.75}
INVALID_RISK_UNIT,risk_unit == 0 or non-finite,NQU18-CME,19913918,2018-09-12 13:52:47.017000+00:00,7483.0,{'stop_loss_price': 7483.0}
INVALID_RISK_UNIT,risk_unit == 0 or non-finite,NQU18-CME,19913919,2018-09-12 13:52:47.018000+00:00,7483.0,{'stop_loss_price': 7483.0}
INVALID_RISK_UNIT,risk_unit == 0 or non-finite,NQU18-CME,19913920,2018-09-12 13:52:47.019000+00:00,7483.0,{'stop_loss_price': 7483.0}
INVALID_RISK_UNIT,risk_unit == 0 or non-finite,NQU18-CME,19913921,2018-09-12 13:52:47.020000+00:00,7483.0,{'stop_loss_price': 7483.0}
INVALID_RISK_UNIT,risk_unit == 0 or non-finite,NQU18-CME,19913922,2018-09-12 13:52:47.021000+00:00,7483.0,{'stop_loss_price': 7483.0}
INVALID_RISK_UNIT,risk_unit == 0 or non-finite,NQU18-CME,19913923,2018-09-12 13:52:47.022000+00:00,7483.0,{'stop_loss_price': 7483.0}
INVALID_RISK_UNIT,risk_unit == 0 or non-finite,NQU18-CME,19913924,2018-09-12 13:52:47.023000+00:00,7483.0,{'stop_loss_price': 7483.0}
INVALID_RISK_UNIT,risk_unit == 0 or non-finite,NQU18-CME,19913925,2018-09-12 13:52:47.024000+00:00,7483.0,{'stop_loss_price': 7483.0}
INVALID_RISK_UNIT,risk_unit == 0 or non-finite,NQU18-CME,19913926,2018-09-12 13:52:47.025000+00:00,7483.0,{'stop_loss_price': 7483.0}
INVALID_RISK_UNIT,risk_unit == 0 or non-finite,NQU18-CME,19913927,2018-09-12 13:52:47.026000+00:00,7483.0,{'stop_loss_price': 7483.0}
INVALID_RISK_UNIT,risk_unit == 0 or non-finite,NQU18-CME,19913928,2018-09-12 13:52:47.027000+00:00,7483.0,{'stop_loss_price': 7483.0}
INVALID_RISK_UNIT,risk_unit == 0 or non-finite,NQU18-CME,19913929,2018-09-12 13:52:47.028000+00:00,7483.0,{'stop_loss_price': 7483.0}
INVALID_RISK_UNIT,risk_unit == 0 or non-finite,NQU18-CME,19913930,2018-09-12 13:52:47.029000+00:00,7483.0,{'stop_loss_price': 7483.0}
INVALID_RISK_UNIT,risk_unit == 0 or non-finite,NQU18-CME,19913931,2018-09-12 13:52:47.030000+00:00,7483.0,{'stop_loss_price': 7483.0}
INVALID_RISK_UNIT,risk_unit == 0 or non-finite,NQU18-CME,19913932,2018-09-12 13:52:47.031000+00:00,7483.0,{'stop_loss_price': 7483.0}
INVALID_RISK_UNIT,risk_unit == 0 or non-finite,NQU18-CME,19913933,2018-09-12 13:52:47.032000+00:00,7483.0,{'stop_loss_price': 7483.0}
INVALID_RISK_UNIT,risk_unit == 0 or non-finite,NQU18-CME,19913934,2018-09-12 13:52:47.033000+00:00,7483.0,{'stop_loss_price': 7483.0}
INVALID_RISK_UNIT,risk_unit == 0 or non-finite,NQU18-CME,19913935,2018-09-12 13:52:47.034000+00:00,7483.0,{'stop_loss_price': 7483.0}
INVALID_RISK_UNIT,risk_unit == 0 or non-finite,NQU18-CME,19921685,2018-09-12 13:55:51.003000+00:00,7472.0,{'stop_loss_price': 7472.0}
INVALID_RISK_UNIT,risk_unit == 0 or non-finite,NQU18-CME,19921686,2018-09-12 13:55:51.004000+00:00,7472.0,{'stop_loss_price': 7472.0}
INVALID_RISK_UNIT,risk_unit == 0 or non-finite,NQU18-CME,20100546,2018-09-12 15:49:00.013000+00:00,7467.75,{'stop_loss_price': 7467.75}
INVALID_RISK_UNIT,risk_unit == 0 or non-finite,NQU18-CME,20100547,2018-09-12 15:49:00.014000+00:00,7467.75,{'stop_loss_price': 7467.75}
INVALID_RISK_UNIT,risk_unit == 0 or non-finite,NQU18-CME,20100548,2018-09-12 15:49:00.015000+00:00,7467.75,{'stop_loss_price': 7467.75}
INVALID_RISK_UNIT,risk_unit == 0 or non-finite,NQU18-CME,20108713,2018-09-12 15:52:43.025000+00:00,7453.25,{'stop_loss_price': 7453.25}
INVALID_RISK_UNIT,risk_unit == 0 or non-finite,NQU18-CME,20108714,2018-09-12 15:52:43.026000+00:00,7453.25,{'stop_loss_price': 7453.25}
INVALID_RISK_UNIT,risk_unit == 0 or non-finite,NQU18-CME,20108715,2018-09-12 15:52:44+00:00,7453.25,{'stop_loss_price': 7453.25}
INVALID_RISK_UNIT,risk_unit == 0 or non-finite,NQU18-CME,20159691,2018-09-12 16:59:41+00:00,7475.0,{'stop_loss_price': 7475.0}
INVALID_RISK_UNIT,risk_unit == 0 or non-finite,NQU18-CME,20159692,2018-09-12 16:59:41.001000+00:00,7475.0,{'stop_loss_price': 7475.0}
INVALID_RISK_UNIT,risk_unit == 0 or non-finite,NQU18-CME,20159693,2018-09-12 16:59:41.002000+00:00,7475.0,{'stop_loss_price': 7475.0}
INVALID_RISK_UNIT,risk_unit == 0 or non-finite,NQU18-CME,20159694,2018-09-12 16:59:41.003000+00:00,7475.0,{'stop_loss_price': 7475.0}
INVALID_RISK_UNIT,risk_unit == 0 or non-finite,NQU18-CME,20159697,2018-09-12 16:59:42.002000+00:00,7475.0,{'stop_loss_price': 7475.0}
INVALID_RISK_UNIT,risk_unit == 0 or non-finite,NQU18-CME,20159698,2018-09-12 16:59:42.003000+00:00,7475.0,{'stop_loss_price': 7475.0}
INVALID_RISK_UNIT,risk_unit == 0 or non-finite,NQU18-CME,20162055,2018-09-12 17:03:39.052000+00:00,7476.5,{'stop_loss_price': 7476.5}
INVALID_RISK_UNIT,risk_unit == 0 or non-finite,NQU18-CME,20181718,2018-09-12 17:33:28.001000+00:00,7487.75,{'stop_loss_price': 7487.75}
INVALID_RISK_UNIT,risk_unit == 0 or non-finite,NQU18-CME,20198402,2018-09-12 18:02:44+00:00,7476.5,{'stop_loss_price': 7476.5}
INVALID_RISK_UNIT,risk_unit == 0 or non-finite,NQU18-CME,20213758,2018-09-12 18:29:43+00:00,7469.25,{'stop_loss_price': 7469.25}
INVALID_RISK_UNIT,risk_unit == 0 or non-finite,NQU18-CME,20360156,2018-09-13 13:38:41+00:00,7558.25,{'stop_loss_price': 7558.25}
INVALID_RISK_UNIT,risk_unit == 0 or non-finite,NQU18-CME,20360157,2018-09-13 13:38:41.001000+00:00,7558.25,{'stop_loss_price': 7558.25}
INVALID_RISK_UNIT,risk_unit == 0 or non-finite,NQU18-CME,20360158,2018-09-13 13:38:41.002000+00:00,7558.25,{'stop_loss_price': 7558.25}
INVALID_RISK_UNIT,risk_unit == 0 or non-finite,NQU18-CME,20360159,2018-09-13 13:38:41.003000+00:00,7558.25,{'stop_loss_price': 7558.25}
INVALID_RISK_UNIT,risk_unit == 0 or non-finite,NQU18-CME,20360160,2018-09-13 13:38:41.004000+00:00,7558.25,{'stop_loss_price': 7558.25}
INVALID_RISK_UNIT,risk_unit == 0 or non-finite,NQU18-CME,20360161,2018-09-13 13:38:41.005000+00:00,7558.25,{'stop_loss_price': 7558.25}
INVALID_RISK_UNIT,risk_unit == 0 or non-finite,NQU18-CME,20360162,2018-09-13 13:38:41.006000+00:00,7558.25,{'stop_loss_price': 7558.25}
INVALID_RISK_UNIT,risk_unit == 0 or non-finite,NQU18-CME,20360163,2018-09-13 13:38:41.007000+00:00,7558.25,{'stop_loss_price': 7558.25}
INVALID_RISK_UNIT,risk_unit == 0 or non-finite,NQU18-CME,20360164,2018-09-13 13:38:42+00:00,7558.25,{'stop_loss_price': 7558.25}
INVALID_RISK_UNIT,risk_unit == 0 or non-finite,NQU18-CME,20392002,2018-09-13 13:56:56.077000+00:00,7565.0,{'stop_loss_price': 7565.0}
INVALID_RISK_UNIT,risk_unit == 0 or non-finite,NQU18-CME,20403329,2018-09-13 14:04:02.003000+00:00,7568.0,{'stop_loss_price': 7568.0}
INVALID_RISK_UNIT,risk_unit == 0 or non-finite,NQU18-CME,20403330,2018-09-13 14:04:02.004000+00:00,7568.0,{'stop_loss_price': 7568.0}
INVALID_RISK_UNIT,risk_unit == 0 or non-finite,NQU18-CME,20403331,2018-09-13 14:04:02.005000+00:00,7568.0,{'stop_loss_price': 7568.0}
INVALID_RISK_UNIT,risk_unit == 0 or non-finite,NQU18-CME,20403332,2018-09-13 14:04:02.006000+00:00,7568.0,{'stop_loss_price': 7568.0}
INVALID_RISK_UNIT,risk_unit == 0 or non-finite,NQU18-CME,20403333,2018-09-13 14:04:02.007000+00:00,7568.0,{'stop_loss_price': 7568.0}
INVALID_RISK_UNIT,risk_unit == 0 or non-finite,NQU18-CME,20403334,2018-09-13 14:04:02.008000+00:00,7568.0,{'stop_loss_price': 7568.0}
INVALID_RISK_UNIT,risk_unit == 0 or non-finite,NQU18-CME,20423896,2018-09-13 14:16:56.089000+00:00,7550.25,{'stop_loss_price': 7550.25}
INVALID_RISK_UNIT,risk_unit == 0 or non-finite,NQU18-CME,20423897,2018-09-13 14:16:56.090000+00:00,7550.25,{'stop_loss_price': 7550.25}
INVALID_RISK_UNIT,risk_unit == 0 or non-finite,NQU18-CME,20423898,2018-09-13 14:16:56.091000+00:00,7550.25,{'stop_loss_price': 7550.25}
INVALID_RISK_UNIT,risk_unit == 0 or non-finite,NQU18-CME,20423899,2018-09-13 14:16:56.092000+00:00,7550.25,{'stop_loss_price': 7550.25}
INVALID_RISK_UNIT,risk_unit == 0 or non-finite,NQU18-CME,20423900,2018-09-13 14:16:56.093000+00:00,7550.25,{'stop_loss_price': 7550.25}
INVALID_RISK_UNIT,risk_unit == 0 or non-finite,NQU18-CME,20423901,2018-09-13 14:16:56.094000+00:00,7550.25,{'stop_loss_price': 7550.25}
INVALID_RISK_UNIT,risk_unit == 0 or non-finite,NQU18-CME,20423902,2018-09-13 14:16:56.095000+00:00,7550.25,{'stop_loss_price': 7550.25}
INVALID_RISK_UNIT,risk_unit == 0 or non-finite,NQU18-CME,20423903,2018-09-13 14:16:56.096000+00:00,7550.25,{'stop_loss_price': 7550.25}
INVALID_RISK_UNIT,risk_unit == 0 or non-finite,NQU18-CME,20423904,2018-09-13 14:16:56.097000+00:00,7550.25,{'stop_loss_price': 7550.25}
INVALID_RISK_UNIT,risk_unit == 0 or non-finite,NQU18-CME,20423905,2018-09-13 14:16:56.098000+00:00,7550.25,{'stop_loss_price': 7550.25}
INVALID_RISK_UNIT,risk_unit == 0 or non-finite,NQU18-CME,20423915,2018-09-13 14:16:57.003000+00:00,7550.25,{'stop_loss_price': 7550.25}
INVALID_RISK_UNIT,risk_unit == 0 or non-finite,NQU18-CME,20423916,2018-09-13 14:16:57.004000+00:00,7550.25,{'stop_loss_price': 7550.25}
INVALID_RISK_UNIT,risk_unit == 0 or non-finite,NQU18-CME,20423917,2018-09-13 14:16:57.005000+00:00,7550.25,{'stop_loss_price': 7550.25}
INVALID_RISK_UNIT,risk_unit == 0 or non-finite,NQU18-CME,20423918,2018-09-13 14:16:57.006000+00:00,7550.25,{'stop_loss_price': 7550.25}
INVALID_RISK_UNIT,risk_unit == 0 or non-finite,NQU18-CME,20423919,2018-09-13 14:16:57.007000+00:00,7550.25,{'stop_loss_price': 7550.25}
INVALID_RISK_UNIT,risk_unit == 0 or non-finite,NQU18-CME,20423920,2018-09-13 14:16:57.008000+00:00,7550.25,{'stop_loss_price': 7550.25}
INVALID_RISK_UNIT,risk_unit == 0 or non-finite,NQU18-CME,20423921,2018-09-13 14:16:57.009000+00:00,7550.25,{'stop_loss_price': 7550.25}
INVALID_RISK_UNIT,risk_unit == 0 or non-finite,NQU18-CME,20423922,2018-09-13 14:16:57.010000+00:00,7550.25,{'stop_loss_price': 7550.25}
INVALID_RISK_UNIT,risk_unit == 0 or non-finite,NQU18-CME,20423969,2018-09-13 14:16:58+00:00,7550.25,{'stop_loss_price': 7550.25}
INVALID_RISK_UNIT,risk_unit == 0 or non-finite,NQU18-CME,20474714,2018-09-13 14:54:33.011000+00:00,7548.0,{'stop_loss_price': 7548.0}
INVALID_RISK_UNIT,risk_unit == 0 or non-finite,NQU18-CME,20474715,2018-09-13 14:54:33.012000+00:00,7548.0,{'stop_loss_price': 7548.0}
INVALID_RISK_UNIT,risk_unit == 0 or non-finite,NQU18-CME,20474716,2018-09-13 14:54:33.013000+00:00,7548.0,{'stop_loss_price': 7548.0}
INVALID_RISK_UNIT,risk_unit == 0 or non-finite,NQU18-CME,20474717,2018-09-13 14:54:33.014000+00:00,7548.0,{'stop_loss_price': 7548.0}
INVALID_RISK_UNIT,risk_unit == 0 or non-finite,NQU18-CME,20474718,2018-09-13 14:54:33.015000+00:00,7548.0,{'stop_loss_price': 7548.0}
INVALID_RISK_UNIT,risk_unit == 0 or non-finite,NQU18-CME,20474719,2018-09-13 14:54:33.016000+00:00,7548.0,{'stop_loss_price': 7548.0}
INVALID_RISK_UNIT,risk_unit == 0 or non-finite,NQU18-CME,20474720,2018-09-13 14:54:33.017000+00:00,7548.0,{'stop_loss_price': 7548.0}
INVALID_RISK_UNIT,risk_unit == 0 or non-finite,NQU18-CME,20474721,2018-09-13 14:54:33.018000+00:00,7548.0,{'stop_loss_price': 7548.0}
INVALID_RISK_UNIT,risk_unit == 0 or non-finite,NQU18-CME,20474722,2018-09-13 14:54:33.019000+00:00,7548.0,{'stop_loss_price': 7548.0}
INVALID_RISK_UNIT,risk_unit == 0 or non-finite,NQU18-CME,20474723,2018-09-13 14:54:33.020000+00:00,7548.0,{'stop_loss_price': 7548.0}
INVALID_RISK_UNIT,risk_unit == 0 or non-finite,NQU18-CME,20474724,2018-09-13 14:54:33.021000+00:00,7548.0,{'stop_loss_price': 7548.0}
INVALID_RISK_UNIT,risk_unit == 0 or non-finite,NQU18-CME,20474725,2018-09-13 14:54:33.022000+00:00,7548.0,{'stop_loss_price': 7548.0}
INVALID_RISK_UNIT,risk_unit == 0 or non-finite,NQU18-CME,20474726,2018-09-13 14:54:33.023000+00:00,7548.0,{'stop_loss_price': 7548.0}
INVALID_RISK_UNIT,risk_unit == 0 or non-finite,NQU18-CME,20474727,2018-09-13 14:54:33.024000+00:00,7548.0,{'stop_loss_price': 7548.0}
INVALID_RISK_UNIT,risk_unit == 0 or non-finite,NQU18-CME,20474728,2018-09-13 14:54:33.025000+00:00,7548.0,{'stop_loss_price': 7548.0}
INVALID_RISK_UNIT,risk_unit == 0 or non-finite,NQU18-CME,20474729,2018-09-13 14:54:33.026000+00:00,7548.0,{'stop_loss_price': 7548.0}
INVALID_RISK_UNIT,risk_unit == 0 or non-finite,NQU18-CME,20474730,2018-09-13 14:54:33.027000+00:00,7548.0,{'stop_loss_price': 7548.0}
INVALID_RISK_UNIT,risk_unit == 0 or non-finite,NQU18-CME,20503987,2018-09-13 15:32:24.022000+00:00,7557.5,{'stop_loss_price': 7557.5}
INVALID_RISK_UNIT,risk_unit == 0 or non-finite,NQU18-CME,20503988,2018-09-13 15:32:24.023000+00:00,7557.5,{'stop_loss_price': 7557.5}
INVALID_RISK_UNIT,risk_unit == 0 or non-finite,NQU18-CME,20504003,2018-09-13 15:32:25.013000+00:00,7557.5,{'stop_loss_price': 7557.5}
INVALID_RISK_UNIT,risk_unit == 0 or non-finite,NQU18-CME,20504004,2018-09-13 15:32:25.014000+00:00,7557.5,{'stop_loss_price': 7557.5}
INVALID_RISK_UNIT,risk_unit == 0 or non-finite,NQU18-CME,20504005,2018-09-13 15:32:25.015000+00:00,7557.5,{'stop_loss_price': 7557.5}
INVALID_RISK_UNIT,risk_unit == 0 or non-finite,NQU18-CME,20504006,2018-09-13 15:32:25.016000+00:00,7557.5,{'stop_loss_price': 7557.5}
INVALID_RISK_UNIT,risk_unit == 0 or non-finite,NQU18-CME,20504007,2018-09-13 15:32:25.017000+00:00,7557.5,{'stop_loss_price': 7557.5}
INVALID_RISK_UNIT,risk_unit == 0 or non-finite,NQU18-CME,20504008,2018-09-13 15:32:25.018000+00:00,7557.5,{'stop_loss_price': 7557.5}
INVALID_RISK_UNIT,risk_unit == 0 or non-finite,NQU18-CME,20504009,2018-09-13 15:32:25.019000+00:00,7557.5,{'stop_loss_price': 7557.5}
INVALID_RISK_UNIT,risk_unit == 0 or non-finite,NQU18-CME,20504010,2018-09-13 15:32:25.020000+00:00,7557.5,{'stop_loss_price': 7557.5}
INVALID_RISK_UNIT,risk_unit == 0 or non-finite,NQU18-CME,20504011,2018-09-13 15:32:25.021000+00:00,7557.5,{'stop_loss_price': 7557.5}
INVALID_RISK_UNIT,risk_unit == 0 or non-finite,NQU18-CME,20582411,2018-09-13 18:43:05+00:00,7566.5,{'stop_loss_price': 7566.5}
INVALID_RISK_UNIT,risk_unit == 0 or non-finite,NQU18-CME,20634568,2018-09-14 08:31:29+00:00,7592.75,{'stop_loss_price': 7592.75}
INVALID_RISK_UNIT,risk_unit == 0 or non-finite,NQU18-CME,20634569,2018-09-14 08:31:29.001000+00:00,7592.75,{'stop_loss_price': 7592.75}
INVALID_RISK_UNIT,risk_unit == 0 or non-finite,NQU18-CME,20634617,2018-09-14 08:32:59+00:00,7592.75,{'stop_loss_price': 7592.75}
INVALID_RISK_UNIT,risk_unit == 0 or non-finite,NQU18-CME,20640850,2018-09-14 12:19:28+00:00,7589.75,{'stop_loss_price': 7589.75}
INVALID_RISK_UNIT,risk_unit == 0 or non-finite,NQU18-CME,20688958,2018-09-14 14:41:14.012000+00:00,7575.25,{'stop_loss_price': 7575.25}
INVALID_RISK_UNIT,risk_unit == 0 or non-finite,NQU18-CME,20747599,2018-09-14 18:10:33+00:00,7548.0,{'stop_loss_price': 7548.0}
