code,message,contract,row_index,timestamp_utc,price,context
INVALID_RISK_UNIT,risk_unit == 0 or non-finite,NQU22-CME,10006,2022-06-14 00:35:52.282000+00:00,11413.75,{'stop_loss_price': 11413.75}
INVALID_RISK_UNIT,risk_unit == 0 or non-finite,NQU22-CME,10103,2022-06-14 00:36:30.606000+00:00,11414.0,{'stop_loss_price': 11414.0}
INVALID_RISK_UNIT,risk_unit == 0 or non-finite,NQU22-CME,26940,2022-06-14 04:40:10.324000+00:00,11462.5,{'stop_loss_price': 11462.5}
INVALID_RISK_UNIT,risk_unit == 0 or non-finite,NQU22-CME,52201,2022-06-14 08:07:28.302000+00:00,11452.25,{'stop_loss_price': 11452.25}
INVALID_RISK_UNIT,risk_unit == 0 or non-finite,NQU22-CME,67804,2022-06-14 09:52:35.706000+00:00,11427.25,{'stop_loss_price': 11427.25}
INVALID_RISK_UNIT,risk_unit == 0 or non-finite,NQU22-CME,70781,2022-06-14 10:08:25.381000+00:00,11395.25,{'stop_loss_price': 11395.25}
INVALID_RISK_UNIT,risk_unit == 0 or non-finite,NQU22-CME,140622,2022-06-14 13:36:57.608000+00:00,11386.5,{'stop_loss_price': 11386.5}
INVALID_RISK_UNIT,risk_unit == 0 or non-finite,NQU22-CME,163063,2022-06-14 13:48:41.457000+00:00,11328.25,{'stop_loss_price': 11328.25}
INVALID_RISK_UNIT,risk_unit == 0 or non-finite,NQU22-CME,163064,2022-06-14 13:48:41.465000+00:00,11328.25,{'stop_loss_price': 11328.25}
INVALID_RISK_UNIT,risk_unit == 0 or non-finite,NQU22-CME,163065,2022-06-14 13:48:41.469000+00:00,11328.25,{'stop_loss_price': 11328.25}
INVALID_RISK_UNIT,risk_unit == 0 or non-finite,NQU22-CME,163082,2022-06-14 13:48:41.832000+00:00,11328.25,{'stop_loss_price': 11328.25}
INVALID_RISK_UNIT,risk_unit == 0 or non-finite,NQU22-CME,219546,2022-06-14 14:24:14.321000+00:00,11330.75,{'stop_loss_price': 11330.75}
INVALID_RISK_UNIT,risk_unit == 0 or non-finite,NQU22-CME,276028,2022-06-14 15:09:01.515000+00:00,11304.5,{'stop_loss_price': 11304.5}
INVALID_RISK_UNIT,risk_unit == 0 or non-finite,NQU22-CME,283597,2022-06-14 15:16:43.826000+00:00,11300.0,{'stop_loss_price': 11300.0}
INVALID_RISK_UNIT,risk_unit == 0 or non-finite,NQU22-CME,283598,2022-06-14 15:16:43.826001+00:00,11300.0,{'stop_loss_price': 11300.0}
INVALID_RISK_UNIT,risk_unit == 0 or non-finite,NQU22-CME,356298,2022-06-14 16:38:11.688000+00:00,11313.5,{'stop_loss_price': 11313.5}
INVALID_RISK_UNIT,risk_unit == 0 or non-finite,NQU22-CME,356299,2022-06-14 16:38:11.688001+00:00,11313.5,{'stop_loss_price': 11313.5}
INVALID_RISK_UNIT,risk_unit == 0 or non-finite,NQU22-CME,356300,2022-06-14 16:38:11.688002+00:00,11313.5,{'stop_loss_price': 11313.5}
INVALID_RISK_UNIT,risk_unit == 0 or non-finite,NQU22-CME,356302,2022-06-14 16:38:11.694000+00:00,11313.5,{'stop_loss_price': 11313.5}
INVALID_RISK_UNIT,risk_unit == 0 or non-finite,NQU22-CME,373298,2022-06-14 17:04:05.731000+00:00,11350.0,{'stop_loss_price': 11350.0}
INVALID_RISK_UNIT,risk_unit == 0 or non-finite,NQU22-CME,377790,2022-06-14 17:09:21.548001+00:00,11394.25,{'stop_loss_price': 11394.25}
INVALID_RISK_UNIT,risk_unit == 0 or non-finite,NQU22-CME,377791,2022-06-14 17:09:21.548002+00:00,11394.25,{'stop_loss_price': 11394.25}
INVALID_RISK_UNIT,risk_unit == 0 or non-finite,NQU22-CME,390358,2022-06-14 17:21:11.378000+00:00,11428.5,{'stop_loss_price': 11428.5}
INVALID_RISK_UNIT,risk_unit == 0 or non-finite,NQU22-CME,632461,2022-06-15 11:31:33.137002+00:00,11469.75,{'stop_loss_price': 11469.75}
INVALID_RISK_UNIT,risk_unit == 0 or non-finite,NQU22-CME,632462,2022-06-15 11:31:33.137003+00:00,11469.75,{'stop_loss_price': 11469.75}
INVALID_RISK_UNIT,risk_unit == 0 or non-finite,NQU22-CME,632464,2022-06-15 11:31:33.158001+00:00,11469.75,{'stop_loss_price': 11469.75}
INVALID_RISK_UNIT,risk_unit == 0 or non-finite,NQU22-CME,692516,2022-06-15 13:37:09.094000+00:00,11495.25,{'stop_loss_price': 11495.25}
INVALID_RISK_UNIT,risk_unit == 0 or non-finite,NQU22-CME,759475,2022-06-15 14:21:02.032000+00:00,11520.25,{'stop_loss_price': 11520.25}
INVALID_RISK_UNIT,risk_unit == 0 or non-finite,NQU22-CME,802341,2022-06-15 15:03:17.855000+00:00,11509.5,{'stop_loss_price': 11509.5}
INVALID_RISK_UNIT,risk_unit == 0 or non-finite,NQU22-CME,802342,2022-06-15 15:03:17.855001+00:00,11509.5,{'stop_loss_price': 11509.5}
INVALID_RISK_UNIT,risk_unit == 0 or non-finite,NQU22-CME,805580,2022-06-15 15:06:59.471000+00:00,11511.5,{'stop_loss_price': 11511.5}
INVALID_RISK_UNIT,risk_unit == 0 or non-finite,NQU22-CME,826567,2022-06-15 15:37:41.211000+00:00,11511.25,{'stop_loss_price': 11511.25}
INVALID_RISK_UNIT,risk_unit == 0 or non-finite,NQU22-CME,835114,2022-06-15 15:52:09.242000+00:00,11518.75,{'stop_loss_price': 11518.75}
INVALID_RISK_UNIT,risk_unit == 0 or non-finite,NQU22-CME,923033,2022-06-15 18:02:03.132000+00:00,11544.5,{'stop_loss_price': 11544.5}
INVALID_RISK_UNIT,risk_unit == 0 or non-finite,NQU22-CME,959289,2022-06-15 18:16:46.782000+00:00,11523.0,{'stop_loss_price': 11523.0}
INVALID_RISK_UNIT,risk_unit == 0 or non-finite,NQU22-CME,1046232,2022-06-15 18:48:41.408000+00:00,11682.25,{'stop_loss_price': 11682.25}
INVALID_RISK_UNIT,risk_unit == 0 or non-finite,NQU22-CME,1058671,2022-06-15 18:52:57.146003+00:00,11621.5,{'stop_loss_price': 11621.5}
INVALID_RISK_UNIT,risk_unit == 0 or non-finite,NQU22-CME,1058672,2022-06-15 18:52:57.146004+00:00,11621.5,{'stop_loss_price': 11621.5}
INVALID_RISK_UNIT,risk_unit == 0 or non-finite,NQU22-CME,1098953,2022-06-15 19:12:01.664000+00:00,11648.0,{'stop_loss_price': 11648.0}
INVALID_RISK_UNIT,risk_unit == 0 or non-finite,NQU22-CME,1296707,2022-06-16 08:50:50.809000+00:00,11314.75,{'stop_loss_price': 11314.75}
INVALID_RISK_UNIT,risk_unit == 0 or non-finite,NQU22-CME,1325506,2022-06-16 10:39:11.398000+00:00,11301.0,{'stop_loss_price': 11301.0}
INVALID_RISK_UNIT,risk_unit == 0 or non-finite,NQU22-CME,1367953,2022-06-16 12:41:13.765000+00:00,11401.5,{'stop_loss_price': 11401.5}
INVALID_RISK_UNIT,risk_unit == 0 or non-finite,NQU22-CME,1370584,2022-06-16 12:47:27.451001+00:00,11368.25,{'stop_loss_price': 11368.25}
INVALID_RISK_UNIT,risk_unit == 0 or non-finite,NQU22-CME,1375547,2022-06-16 13:03:05.907000+00:00,11371.25,{'stop_loss_price': 11371.25}
INVALID_RISK_UNIT,risk_unit == 0 or non-finite,NQU22-CME,1376404,2022-06-16 13:05:54.107000+00:00,11354.0,{'stop_loss_price': 11354.0}
INVALID_RISK_UNIT,risk_unit == 0 or non-finite,NQU22-CME,1421375,2022-06-16 13:43:54.429000+00:00,11277.0,{'stop_loss_price': 11277.0}
INVALID_RISK_UNIT,risk_unit == 0 or non-finite,NQU22-CME,1429552,2022-06-16 13:46:56.903000+00:00,11335.75,{'stop_loss_price': 11335.75}
INVALID_RISK_UNIT,risk_unit == 0 or non-finite,NQU22-CME,1461684,2022-06-16 14:02:13.613000+00:00,11255.25,{'stop_loss_price': 11255.25}
INVALID_RISK_UNIT,risk_unit == 0 or non-finite,NQU22-CME,1472609,2022-06-16 14:07:05.305000+00:00,11232.75,{'stop_loss_price': 11232.75}
INVALID_RISK_UNIT,risk_unit == 0 or non-finite,NQU22-CME,1502424,2022-06-16 14:24:25.171000+00:00,11241.25,{'stop_loss_price': 11241.25}
INVALID_RISK_UNIT,risk_unit == 0 or non-finite,NQU22-CME,1502425,2022-06-16 14:24:25.171001+00:00,11241.25,{'stop_loss_price': 11241.25}
INVALID_RISK_UNIT,risk_unit == 0 or non-finite,NQU22-CME,1502426,2022-06-16 14:24:25.171002+00:00,11241.25,{'stop_loss_price': 11241.25}
INVALID_RISK_UNIT,risk_unit == 0 or non-finite,NQU22-CME,1502427,2022-06-16 14:24:25.171003+00:00,11241.25,{'stop_loss_price': 11241.25}
INVALID_RISK_UNIT,risk_unit == 0 or non-finite,NQU22-CME,1513180,2022-06-16 14:32:35.378000+00:00,11222.75,{'stop_loss_price': 11222.75}
INVALID_RISK_UNIT,risk_unit == 0 or non-finite,NQU22-CME,1513698,2022-06-16 14:32:58.879000+00:00,11227.75,{'stop_loss_price': 11227.75}
INVALID_RISK_UNIT,risk_unit == 0 or non-finite,NQU22-CME,1513699,2022-06-16 14:32:58.879001+00:00,11227.75,{'stop_loss_price': 11227.75}
INVALID_RISK_UNIT,risk_unit == 0 or non-finite,NQU22-CME,1562261,2022-06-16 15:04:25.926000+00:00,11167.5,{'stop_loss_price': 11167.5}
INVALID_RISK_UNIT,risk_unit == 0 or non-finite,NQU22-CME,1563019,2022-06-16 15:05:10.763000+00:00,11161.25,{'stop_loss_price': 11161.25}
INVALID_RISK_UNIT,risk_unit == 0 or non-finite,NQU22-CME,1579302,2022-06-16 15:16:11.355000+00:00,11219.25,{'stop_loss_price': 11219.25}
INVALID_RISK_UNIT,risk_unit == 0 or non-finite,NQU22-CME,1627657,2022-06-16 16:01:59.523000+00:00,11174.75,{'stop_loss_price': 11174.75}
INVALID_RISK_UNIT,risk_unit == 0 or non-finite,NQU22-CME,1627658,2022-06-16 16:01:59.523001+00:00,11174.75,{'stop_loss_price': 11174.75}
INVALID_RISK_UNIT,risk_unit == 0 or non-finite,NQU22-CME,1627660,2022-06-16 16:01:59.524001+00:00,11174.75,{'stop_loss_price': 11174.75}
INVALID_RISK_UNIT,risk_unit == 0 or non-finite,NQU22-CME,1651775,2022-06-16 16:31:18.170000+00:00,11176.75,{'stop_loss_price': 11176.75}
INVALID_RISK_UNIT,risk_unit == 0 or non-finite,NQU22-CME,1683853,2022-06-16 17:07:08.929000+00:00,11205.25,{'stop_loss_price': 11205.25}
INVALID_RISK_UNIT,risk_unit == 0 or non-finite,NQU22-CME,1685113,2022-06-16 17:07:59.886000+00:00,11218.75,{'stop_loss_price': 11218.75}
INVALID_RISK_UNIT,risk_unit == 0 or non-finite,NQU22-CME,1757407,2022-06-16 18:20:20.291000+00:00,11116.75,{'stop_loss_price': 11116.75}
INVALID_RISK_UNIT,risk_unit == 0 or non-finite,NQU22-CME,1757909,2022-06-16 18:21:32.106000+00:00,11115.25,{'stop_loss_price': 11115.25}
INVALID_RISK_UNIT,risk_unit == 0 or non-finite,NQU22-CME,1757910,2022-06-16 18:21:32.240000+00:00,11115.25,{'stop_loss_price': 11115.25}
INVALID_RISK_UNIT,risk_unit == 0 or non-finite,NQU22-CME,1773886,2022-06-16 18:40:13.027000+00:00,11112.5,{'stop_loss_price': 11112.5}
INVALID_RISK_UNIT,risk_unit == 0 or non-finite,NQU22-CME,1789366,2022-06-16 18:52:38.868000+00:00,11078.25,{'stop_loss_price': 11078.25}
INVALID_RISK_UNIT,risk_unit == 0 or non-finite,NQU22-CME,1793785,2022-06-16 18:56:54.684000+00:00,11086.25,{'stop_loss_price': 11086.25}
INVALID_RISK_UNIT,risk_unit == 0 or non-finite,NQU22-CME,1837369,2022-06-16 19:28:29.493000+00:00,11179.5,{'stop_loss_price': 11179.5}
INVALID_RISK_UNIT,risk_unit == 0 or non-finite,NQU22-CME,1848010,2022-06-16 19:37:07.777000+00:00,11129.0,{'stop_loss_price': 11129.0}
INVALID_RISK_UNIT,risk_unit == 0 or non-finite,NQU22-CME,1863796,2022-06-16 19:49:36.933000+00:00,11092.5,{'stop_loss_price': 11092.5}
INVALID_RISK_UNIT,risk_unit == 0 or non-finite,NQU22-CME,1863797,2022-06-16 19:49:36.933001+00:00,11092.5,{'stop_loss_price': 11092.5}
INVALID_RISK_UNIT,risk_unit == 0 or non-finite,NQU22-CME,1875295,2022-06-16 19:54:45.575000+00:00,11110.75,{'stop_loss_price': 11110.75}
INVALID_RISK_UNIT,risk_unit == 0 or non-finite,NQU22-CME,1936911,2022-06-17 00:38:00.430000+00:00,11185.75,{'stop_loss_price': 11185.75}
INVALID_RISK_UNIT,risk_unit == 0 or non-finite,NQU22-CME,1957468,2022-06-17 04:20:05.612000+00:00,11282.75,{'stop_loss_price': 11282.75}
INVALID_RISK_UNIT,risk_unit == 0 or non-finite,NQU22-CME,2009406,2022-06-17 09:35:40.867002+00:00,11292.25,{'stop_loss_price': 11292.25}
INVALID_RISK_UNIT,risk_unit == 0 or non-finite,NQU22-CME,2009407,2022-06-17 09:35:42.061000+00:00,11292.25,{'stop_loss_price': 11292.25}
INVALID_RISK_UNIT,risk_unit == 0 or non-finite,NQU22-CME,2009420,2022-06-17 09:35:47.090000+00:00,11292.25,{'stop_loss_price': 11292.25}
INVALID_RISK_UNIT,risk_unit == 0 or non-finite,NQU22-CME,2009421,2022-06-17 09:35:47.119000+00:00,11292.25,{'stop_loss_price': 11292.25}
INVALID_RISK_UNIT,risk_unit == 0 or non-finite,NQU22-CME,2118913,2022-06-17 13:45:59.260000+00:00,11312.75,{'stop_loss_price': 11312.75}
INVALID_RISK_UNIT,risk_unit == 0 or non-finite,NQU22-CME,2128423,2022-06-17 13:50:54.038000+00:00,11317.25,{'stop_loss_price': 11317.25}
INVALID_RISK_UNIT,risk_unit == 0 or non-finite,NQU22-CME,2140627,2022-06-17 13:58:10.582000+00:00,11304.25,{'stop_loss_price': 11304.25}
INVALID_RISK_UNIT,risk_unit == 0 or non-finite,NQU22-CME,2140628,2022-06-17 13:58:10.589000+00:00,11304.25,{'stop_loss_price': 11304.25}
INVALID_RISK_UNIT,risk_unit == 0 or non-finite,NQU22-CME,2148886,2022-06-17 14:02:28.244000+00:00,11280.75,{'stop_loss_price': 11280.75}
INVALID_RISK_UNIT,risk_unit == 0 or non-finite,NQU22-CME,2148887,2022-06-17 14:02:28.244001+00:00,11280.75,{'stop_loss_price': 11280.75}
INVALID_RISK_UNIT,risk_unit == 0 or non-finite,NQU22-CME,2148888,2022-06-17 14:02:28.581000+00:00,11280.75,{'stop_loss_price': 11280.75}
INVALID_RISK_UNIT,risk_unit == 0 or non-finite,NQU22-CME,2195272,2022-06-17 14:31:29.723000+00:00,11199.0,{'stop_loss_price': 11199.0}
INVALID_RISK_UNIT,risk_unit == 0 or non-finite,NQU22-CME,2217688,2022-06-17 14:42:34.006000+00:00,11154.5,{'stop_loss_price': 11154.5}
INVALID_RISK_UNIT,risk_unit == 0 or non-finite,NQU22-CME,2230969,2022-06-17 14:52:02.031000+00:00,11154.25,{'stop_loss_price': 11154.25}
INVALID_RISK_UNIT,risk_unit == 0 or non-finite,NQU22-CME,2230970,2022-06-17 14:52:02.031001+00:00,11154.25,{'stop_loss_price': 11154.25}
INVALID_RISK_UNIT,risk_unit == 0 or non-finite,NQU22-CME,2230971,2022-06-17 14:52:02.031002+00:00,11154.25,{'stop_loss_price': 11154.25}
INVALID_RISK_UNIT,risk_unit == 0 or non-finite,NQU22-CME,2238756,2022-06-17 14:56:56.274000+00:00,11182.25,{'stop_loss_price': 11182.25}
INVALID_RISK_UNIT,risk_unit == 0 or non-finite,NQU22-CME,2257821,2022-06-17 15:07:27.641000+00:00,11233.75,{'stop_loss_price': 11233.75}
INVALID_RISK_UNIT,risk_unit == 0 or non-finite,NQU22-CME,2261561,2022-06-17 15:09:43.158000+00:00,11262.0,{'stop_loss_price': 11262.0}
INVALID_RISK_UNIT,risk_unit == 0 or non-finite,NQU22-CME,2269112,2022-06-17 15:16:20.990000+00:00,11238.25,{'stop_loss_price': 11238.25}
INVALID_RISK_UNIT,risk_unit == 0 or non-finite,NQU22-CME,2291296,2022-06-17 15:30:19.547000+00:00,11300.0,{'stop_loss_price': 11300.0}
INVALID_RISK_UNIT,risk_unit == 0 or non-finite,NQU22-CME,2291297,2022-06-17 15:30:19.547001+00:00,11300.0,{'stop_loss_price': 11300.0}
INVALID_RISK_UNIT,risk_unit == 0 or non-finite,NQU22-CME,2291299,2022-06-17 15:30:19.842000+00:00,11300.0,{'stop_loss_price': 11300.0}
INVALID_RISK_UNIT,risk_unit == 0 or non-finite,NQU22-CME,2312970,2022-06-17 15:48:37.026000+00:00,11250.0,{'stop_loss_price': 11250.0}
INVALID_RISK_UNIT,risk_unit == 0 or non-finite,NQU22-CME,2320475,2022-06-17 15:56:00.051000+00:00,11225.0,{'stop_loss_price': 11225.0}
INVALID_RISK_UNIT,risk_unit == 0 or non-finite,NQU22-CME,2337488,2022-06-17 16:14:11.676000+00:00,11263.0,{'stop_loss_price': 11263.0}
INVALID_RISK_UNIT,risk_unit == 0 or non-finite,NQU22-CME,2352153,2022-06-17 16:31:04.480000+00:00,11258.5,{'stop_loss_price': 11258.5}
INVALID_RISK_UNIT,risk_unit == 0 or non-finite,NQU22-CME,2352458,2022-06-17 16:31:21.932000+00:00,11251.75,{'stop_loss_price': 11251.75}
INVALID_RISK_UNIT,risk_unit == 0 or non-finite,NQU22-CME,2352459,2022-06-17 16:31:21.933000+00:00,11251.75,{'stop_loss_price': 11251.75}
INVALID_RISK_UNIT,risk_unit == 0 or non-finite,NQU22-CME,2416083,2022-06-17 17:29:43.019000+00:00,11345.25,{'stop_loss_price': 11345.25}
INVALID_RISK_UNIT,risk_unit == 0 or non-finite,NQU22-CME,2443813,2022-06-17 18:06:48.129000+00:00,11332.25,{'stop_loss_price': 11332.25}
INVALID_RISK_UNIT,risk_unit == 0 or non-finite,NQU22-CME,2443814,2022-06-17 18:06:48.129001+00:00,11332.25,{'stop_loss_price': 11332.25}
INVALID_RISK_UNIT,risk_unit == 0 or non-finite,NQU22-CME,2460972,2022-06-17 18:32:39.814000+00:00,11333.5,{'stop_loss_price': 11333.5}
INVALID_RISK_UNIT,risk_unit == 0 or non-finite,NQU22-CME,2501873,2022-06-17 19:20:49.826000+00:00,11313.75,{'stop_loss_price': 11313.75}
INVALID_RISK_UNIT,risk_unit == 0 or non-finite,NQU22-CME,2785469,2022-06-21 13:10:31.604000+00:00,11480.75,{'stop_loss_price': 11480.75}
INVALID_RISK_UNIT,risk_unit == 0 or non-finite,NQU22-CME,2797338,2022-06-21 13:31:00.318000+00:00,11503.75,{'stop_loss_price': 11503.75}
INVALID_RISK_UNIT,risk_unit == 0 or non-finite,NQU22-CME,2797339,2022-06-21 13:31:00.318001+00:00,11503.75,{'stop_loss_price': 11503.75}
INVALID_RISK_UNIT,risk_unit == 0 or non-finite,NQU22-CME,2797340,2022-06-21 13:31:00.318002+00:00,11503.75,{'stop_loss_price': 11503.75}
INVALID_RISK_UNIT,risk_unit == 0 or non-finite,NQU22-CME,2797341,2022-06-21 13:31:00.329000+00:00,11503.75,{'stop_loss_price': 11503.75}
INVALID_RISK_UNIT,risk_unit == 0 or non-finite,NQU22-CME,2829054,2022-06-21 13:40:55.242000+00:00,11593.5,{'stop_loss_price': 11593.5}
INVALID_RISK_UNIT,risk_unit == 0 or non-finite,NQU22-CME,2867150,2022-06-21 14:00:15.607000+00:00,11624.5,{'stop_loss_price': 11624.5}
INVALID_RISK_UNIT,risk_unit == 0 or non-finite,NQU22-CME,2888489,2022-06-21 14:12:48.755000+00:00,11627.0,{'stop_loss_price': 11627.0}
INVALID_RISK_UNIT,risk_unit == 0 or non-finite,NQU22-CME,2888490,2022-06-21 14:12:48.755001+00:00,11627.0,{'stop_loss_price': 11627.0}
INVALID_RISK_UNIT,risk_unit == 0 or non-finite,NQU22-CME,2900061,2022-06-21 14:21:34.700000+00:00,11653.25,{'stop_loss_price': 11653.25}
INVALID_RISK_UNIT,risk_unit == 0 or non-finite,NQU22-CME,2908832,2022-06-21 14:30:00.038000+00:00,11638.25,{'stop_loss_price': 11638.25}
INVALID_RISK_UNIT,risk_unit == 0 or non-finite,NQU22-CME,2941943,2022-06-21 15:01:36.104000+00:00,11658.5,{'stop_loss_price': 11658.5}
INVALID_RISK_UNIT,risk_unit == 0 or non-finite,NQU22-CME,2941944,2022-06-21 15:01:36.104001+00:00,11658.5,{'stop_loss_price': 11658.5}
INVALID_RISK_UNIT,risk_unit == 0 or non-finite,NQU22-CME,2960398,2022-06-21 15:23:04.376000+00:00,11655.0,{'stop_loss_price': 11655.0}
INVALID_RISK_UNIT,risk_unit == 0 or non-finite,NQU22-CME,3031326,2022-06-21 17:04:05.976000+00:00,11620.0,{'stop_loss_price': 11620.0}
INVALID_RISK_UNIT,risk_unit == 0 or non-finite,NQU22-CME,3035453,2022-06-21 17:10:33.800000+00:00,11622.75,{'stop_loss_price': 11622.75}
INVALID_RISK_UNIT,risk_unit == 0 or non-finite,NQU22-CME,3044736,2022-06-21 17:27:50.572000+00:00,11629.0,{'stop_loss_price': 11629.0}
INVALID_RISK_UNIT,risk_unit == 0 or non-finite,NQU22-CME,3065023,2022-06-21 18:04:14.447004+00:00,11591.5,{'stop_loss_price': 11591.5}
INVALID_RISK_UNIT,risk_unit == 0 or non-finite,NQU22-CME,3066855,2022-06-21 18:07:16.606001+00:00,11590.0,{'stop_loss_price': 11590.0}
INVALID_RISK_UNIT,risk_unit == 0 or non-finite,NQU22-CME,3126936,2022-06-21 19:43:20.234000+00:00,11607.25,{'stop_loss_price': 11607.25}
INVALID_RISK_UNIT,risk_unit == 0 or non-finite,NQU22-CME,3164195,2022-06-21 22:04:29.977000+00:00,11566.25,{'stop_loss_price': 11566.25}
INVALID_RISK_UNIT,risk_unit == 0 or non-finite,NQU22-CME,3177262,2022-06-22 01:36:04.947000+00:00,11521.75,{'stop_loss_price': 11521.75}
INVALID_RISK_UNIT,risk_unit == 0 or non-finite,NQU22-CME,3196893,2022-06-22 05:43:23.074000+00:00,11458.25,{'stop_loss_price': 11458.25}
INVALID_RISK_UNIT,risk_unit == 0 or non-finite,NQU22-CME,3263997,2022-06-22 12:23:02.109000+00:00,11380.25,{'stop_loss_price': 11380.25}
INVALID_RISK_UNIT,risk_unit == 0 or non-finite,NQU22-CME,3267775,2022-06-22 12:37:49.622000+00:00,11374.75,{'stop_loss_price': 11374.75}
INVALID_RISK_UNIT,risk_unit == 0 or non-finite,NQU22-CME,3268718,2022-06-22 12:42:16.255000+00:00,11374.75,{'stop_loss_price': 11374.75}
INVALID_RISK_UNIT,risk_unit == 0 or non-finite,NQU22-CME,3314334,2022-06-22 13:35:13.998003+00:00,11491.5,{'stop_loss_price': 11491.5}
INVALID_RISK_UNIT,risk_unit == 0 or non-finite,NQU22-CME,3314335,2022-06-22 13:35:13.998004+00:00,11491.5,{'stop_loss_price': 11491.5}
INVALID_RISK_UNIT,risk_unit == 0 or non-finite,NQU22-CME,3314336,2022-06-22 13:35:13.998005+00:00,11491.5,{'stop_loss_price': 11491.5}
INVALID_RISK_UNIT,risk_unit == 0 or non-finite,NQU22-CME,3334644,2022-06-22 13:44:17.587000+00:00,11502.75,{'stop_loss_price': 11502.75}
INVALID_RISK_UNIT,risk_unit == 0 or non-finite,NQU22-CME,3358453,2022-06-22 13:54:21.749000+00:00,11588.75,{'stop_loss_price': 11588.75}
INVALID_RISK_UNIT,risk_unit == 0 or non-finite,NQU22-CME,3373761,2022-06-22 14:02:57.639003+00:00,11559.25,{'stop_loss_price': 11559.25}
INVALID_RISK_UNIT,risk_unit == 0 or non-finite,NQU22-CME,3373762,2022-06-22 14:02:57.639004+00:00,11559.25,{'stop_loss_price': 11559.25}
INVALID_RISK_UNIT,risk_unit == 0 or non-finite,NQU22-CME,3373763,2022-06-22 14:02:57.639005+00:00,11559.25,{'stop_loss_price': 11559.25}
INVALID_RISK_UNIT,risk_unit == 0 or non-finite,NQU22-CME,3373764,2022-06-22 14:02:57.639006+00:00,11559.25,{'stop_loss_price': 11559.25}
INVALID_RISK_UNIT,risk_unit == 0 or non-finite,NQU22-CME,3413921,2022-06-22 14:26:39.646002+00:00,11709.25,{'stop_loss_price': 11709.25}
INVALID_RISK_UNIT,risk_unit == 0 or non-finite,NQU22-CME,3413922,2022-06-22 14:26:39.646003+00:00,11709.25,{'stop_loss_price': 11709.25}
INVALID_RISK_UNIT,risk_unit == 0 or non-finite,NQU22-CME,3413923,2022-06-22 14:26:39.646004+00:00,11709.25,{'stop_loss_price': 11709.25}
INVALID_RISK_UNIT,risk_unit == 0 or non-finite,NQU22-CME,3413924,2022-06-22 14:26:39.646005+00:00,11709.25,{'stop_loss_price': 11709.25}
INVALID_RISK_UNIT,risk_unit == 0 or non-finite,NQU22-CME,3413925,2022-06-22 14:26:39.646006+00:00,11709.25,{'stop_loss_price': 11709.25}
INVALID_RISK_UNIT,risk_unit == 0 or non-finite,NQU22-CME,3413926,2022-06-22 14:26:39.646007+00:00,11709.25,{'stop_loss_price': 11709.25}
INVALID_RISK_UNIT,risk_unit == 0 or non-finite,NQU22-CME,3413927,2022-06-22 14:26:39.646008+00:00,11709.25,{'stop_loss_price': 11709.25}
INVALID_RISK_UNIT,risk_unit == 0 or non-finite,NQU22-CME,3413928,2022-06-22 14:26:39.646009+00:00,11709.25,{'stop_loss_price': 11709.25}
INVALID_RISK_UNIT,risk_unit == 0 or non-finite,NQU22-CME,3425083,2022-06-22 14:33:39.628000+00:00,11717.25,{'stop_loss_price': 11717.25}
INVALID_RISK_UNIT,risk_unit == 0 or non-finite,NQU22-CME,3425254,2022-06-22 14:33:55.212000+00:00,11715.75,{'stop_loss_price': 11715.75}
INVALID_RISK_UNIT,risk_unit == 0 or non-finite,NQU22-CME,3431107,2022-06-22 14:38:04.525000+00:00,11739.5,{'stop_loss_price': 11739.5}
INVALID_RISK_UNIT,risk_unit == 0 or non-finite,NQU22-CME,3438821,2022-06-22 14:42:58.897000+00:00,11716.0,{'stop_loss_price': 11716.0}
INVALID_RISK_UNIT,risk_unit == 0 or non-finite,NQU22-CME,3620774,2022-06-22 18:08:54.365000+00:00,11707.0,{'stop_loss_price': 11707.0}
INVALID_RISK_UNIT,risk_unit == 0 or non-finite,NQU22-CME,3684735,2022-06-22 19:36:02.370000+00:00,11582.5,{'stop_loss_price': 11582.5}
INVALID_RISK_UNIT,risk_unit == 0 or non-finite,NQU22-CME,3744336,2022-06-23 00:53:51.630000+00:00,11583.5,{'stop_loss_price': 11583.5}
INVALID_RISK_UNIT,risk_unit == 0 or non-finite,NQU22-CME,3804429,2022-06-23 09:00:54.412000+00:00,11588.75,{'stop_loss_price': 11588.75}
INVALID_RISK_UNIT,risk_unit == 0 or non-finite,NQU22-CME,3805495,2022-06-23 09:05:35.452000+00:00,11607.5,{'stop_loss_price': 11607.5}
INVALID_RISK_UNIT,risk_unit == 0 or non-finite,NQU22-CME,3932289,2022-06-23 13:55:34.504000+00:00,11590.5,{'stop_loss_price': 11590.5}
INVALID_RISK_UNIT,risk_unit == 0 or non-finite,NQU22-CME,3944444,2022-06-23 14:01:00.149000+00:00,11664.0,{'stop_loss_price': 11664.0}
INVALID_RISK_UNIT,risk_unit == 0 or non-finite,NQU22-CME,3944445,2022-06-23 14:01:00.157000+00:00,11664.0,{'stop_loss_price': 11664.0}
INVALID_RISK_UNIT,risk_unit == 0 or non-finite,NQU22-CME,3944446,2022-06-23 14:01:00.161000+00:00,11664.0,{'stop_loss_price': 11664.0}
INVALID_RISK_UNIT,risk_unit == 0 or non-finite,NQU22-CME,4019189,2022-06-23 14:49:46.367001+00:00,11697.75,{'stop_loss_price': 11697.75}
INVALID_RISK_UNIT,risk_unit == 0 or non-finite,NQU22-CME,4087836,2022-06-23 16:01:11.781000+00:00,11638.0,{'stop_loss_price': 11638.0}
INVALID_RISK_UNIT,risk_unit == 0 or non-finite,NQU22-CME,4087837,2022-06-23 16:01:11.866000+00:00,11638.0,{'stop_loss_price': 11638.0}
INVALID_RISK_UNIT,risk_unit == 0 or non-finite,NQU22-CME,4087838,2022-06-23 16:01:11.866001+00:00,11638.0,{'stop_loss_price': 11638.0}
INVALID_RISK_UNIT,risk_unit == 0 or non-finite,NQU22-CME,4087839,2022-06-23 16:01:11.866002+00:00,11638.0,{'stop_loss_price': 11638.0}
INVALID_RISK_UNIT,risk_unit == 0 or non-finite,NQU22-CME,4091621,2022-06-23 16:04:04.742000+00:00,11613.75,{'stop_loss_price': 11613.75}
INVALID_RISK_UNIT,risk_unit == 0 or non-finite,NQU22-CME,4116385,2022-06-23 16:25:51.642000+00:00,11629.5,{'stop_loss_price': 11629.5}
INVALID_RISK_UNIT,risk_unit == 0 or non-finite,NQU22-CME,4125852,2022-06-23 16:36:30.957000+00:00,11600.25,{'stop_loss_price': 11600.25}
INVALID_RISK_UNIT,risk_unit == 0 or non-finite,NQU22-CME,4150872,2022-06-23 17:06:22.899000+00:00,11582.0,{'stop_loss_price': 11582.0}
INVALID_RISK_UNIT,risk_unit == 0 or non-finite,NQU22-CME,4168159,2022-06-23 17:30:02.973000+00:00,11578.25,{'stop_loss_price': 11578.25}
INVALID_RISK_UNIT,risk_unit == 0 or non-finite,NQU22-CME,4180474,2022-06-23 17:50:07.747000+00:00,11593.75,{'stop_loss_price': 11593.75}
INVALID_RISK_UNIT,risk_unit == 0 or non-finite,NQU22-CME,4184703,2022-06-23 17:56:06.368000+00:00,11620.5,{'stop_loss_price': 11620.5}
INVALID_RISK_UNIT,risk_unit == 0 or non-finite,NQU22-CME,4189022,2022-06-23 18:03:13.001000+00:00,11611.75,{'stop_loss_price': 11611.75}
INVALID_RISK_UNIT,risk_unit == 0 or non-finite,NQU22-CME,4253475,2022-06-23 19:38:17.575000+00:00,11724.25,{'stop_loss_price': 11724.25}
INVALID_RISK_UNIT,risk_unit == 0 or non-finite,NQU22-CME,4253476,2022-06-23 19:38:17.575001+00:00,11724.25,{'stop_loss_price': 11724.25}
INVALID_RISK_UNIT,risk_unit == 0 or non-finite,NQU22-CME,4253477,2022-06-23 19:38:17.575002+00:00,11724.25,{'stop_loss_price': 11724.25}
INVALID_RISK_UNIT,risk_unit == 0 or non-finite,NQU22-CME,4253478,2022-06-23 19:38:17.575003+00:00,11724.25,{'stop_loss_price': 11724.25}
INVALID_RISK_UNIT,risk_unit == 0 or non-finite,NQU22-CME,4253479,2022-06-23 19:38:17.576000+00:00,11724.25,{'stop_loss_price': 11724.25}
INVALID_RISK_UNIT,risk_unit == 0 or non-finite,NQU22-CME,4253480,2022-06-23 19:38:17.576001+00:00,11724.25,{'stop_loss_price': 11724.25}
INVALID_RISK_UNIT,risk_unit == 0 or non-finite,NQU22-CME,4274742,2022-06-23 19:55:10.439000+00:00,11729.25,{'stop_loss_price': 11729.25}
INVALID_RISK_UNIT,risk_unit == 0 or non-finite,NQU22-CME,4313947,2022-06-24 02:00:21.650000+00:00,11784.0,{'stop_loss_price': 11784.0}
INVALID_RISK_UNIT,risk_unit == 0 or non-finite,NQU22-CME,4323304,2022-06-24 03:16:38.325000+00:00,11825.75,{'stop_loss_price': 11825.75}
INVALID_RISK_UNIT,risk_unit == 0 or non-finite,NQU22-CME,4329300,2022-06-24 04:23:53.705000+00:00,11858.75,{'stop_loss_price': 11858.75}
INVALID_RISK_UNIT,risk_unit == 0 or non-finite,NQU22-CME,4329301,2022-06-24 04:23:53.705001+00:00,11858.75,{'stop_loss_price': 11858.75}
INVALID_RISK_UNIT,risk_unit == 0 or non-finite,NQU22-CME,4413290,2022-06-24 13:34:59.522000+00:00,11902.75,{'stop_loss_price': 11902.75}
INVALID_RISK_UNIT,risk_unit == 0 or non-finite,NQU22-CME,4435781,2022-06-24 13:43:44.742000+00:00,11953.0,{'stop_loss_price': 11953.0}
INVALID_RISK_UNIT,risk_unit == 0 or non-finite,NQU22-CME,4435782,2022-06-24 13:43:44.923000+00:00,11953.0,{'stop_loss_price': 11953.0}
INVALID_RISK_UNIT,risk_unit == 0 or non-finite,NQU22-CME,4435783,2022-06-24 13:43:44.923001+00:00,11953.0,{'stop_loss_price': 11953.0}
INVALID_RISK_UNIT,risk_unit == 0 or non-finite,NQU22-CME,4435784,2022-06-24 13:43:44.923002+00:00,11953.0,{'stop_loss_price': 11953.0}
INVALID_RISK_UNIT,risk_unit == 0 or non-finite,NQU22-CME,4444266,2022-06-24 13:48:09.125000+00:00,11946.75,{'stop_loss_price': 11946.75}
INVALID_RISK_UNIT,risk_unit == 0 or non-finite,NQU22-CME,4452302,2022-06-24 13:52:16.506000+00:00,11971.75,{'stop_loss_price': 11971.75}
INVALID_RISK_UNIT,risk_unit == 0 or non-finite,NQU22-CME,4528935,2022-06-24 14:32:39.003000+00:00,12035.25,{'stop_loss_price': 12035.25}
INVALID_RISK_UNIT,risk_unit == 0 or non-finite,NQU22-CME,4561427,2022-06-24 15:01:26.171000+00:00,12021.5,{'stop_loss_price': 12021.5}
INVALID_RISK_UNIT,risk_unit == 0 or non-finite,NQU22-CME,4570420,2022-06-24 15:11:18.638000+00:00,12009.25,{'stop_loss_price': 12009.25}
INVALID_RISK_UNIT,risk_unit == 0 or non-finite,NQU22-CME,4594115,2022-06-24 15:36:53.006000+00:00,12004.5,{'stop_loss_price': 12004.5}
INVALID_RISK_UNIT,risk_unit == 0 or non-finite,NQU22-CME,4605332,2022-06-24 15:55:46.573000+00:00,11992.25,{'stop_loss_price': 11992.25}
INVALID_RISK_UNIT,risk_unit == 0 or non-finite,NQU22-CME,4605333,2022-06-24 15:55:46.754000+00:00,11992.25,{'stop_loss_price': 11992.25}
INVALID_RISK_UNIT,risk_unit == 0 or non-finite,NQU22-CME,4605334,2022-06-24 15:55:46.754001+00:00,11992.25,{'stop_loss_price': 11992.25}
INVALID_RISK_UNIT,risk_unit == 0 or non-finite,NQU22-CME,4633818,2022-06-24 16:43:44.855000+00:00,12016.5,{'stop_loss_price': 12016.5}
INVALID_RISK_UNIT,risk_unit == 0 or non-finite,NQU22-CME,4633819,2022-06-24 16:43:44.855001+00:00,12016.5,{'stop_loss_price': 12016.5}
INVALID_RISK_UNIT,risk_unit == 0 or non-finite,NQU22-CME,4633820,2022-06-24 16:43:44.855002+00:00,12016.5,{'stop_loss_price': 12016.5}
INVALID_RISK_UNIT,risk_unit == 0 or non-finite,NQU22-CME,4659466,2022-06-24 17:37:59.470001+00:00,12006.75,{'stop_loss_price': 12006.75}
INVALID_RISK_UNIT,risk_unit == 0 or non-finite,NQU22-CME,4659467,2022-06-24 17:37:59.470002+00:00,12006.75,{'stop_loss_price': 12006.75}
INVALID_RISK_UNIT,risk_unit == 0 or non-finite,NQU22-CME,4686582,2022-06-24 18:34:33.249000+00:00,12039.5,{'stop_loss_price': 12039.5}
INVALID_RISK_UNIT,risk_unit == 0 or non-finite,NQU22-CME,4698958,2022-06-24 18:54:07.518000+00:00,12048.0,{'stop_loss_price': 12048.0}
INVALID_RISK_UNIT,risk_unit == 0 or non-finite,NQU22-CME,4698959,2022-06-24 18:54:07.526000+00:00,12048.0,{'stop_loss_price': 12048.0}
INVALID_RISK_UNIT,risk_unit == 0 or non-finite,NQU22-CME,4707458,2022-06-24 19:10:10.862000+00:00,12045.0,{'stop_loss_price': 12045.0}
INVALID_RISK_UNIT,risk_unit == 0 or non-finite,NQU22-CME,4782939,2022-06-24 20:14:05.665000+00:00,12112.75,{'stop_loss_price': 12112.75}
INVALID_RISK_UNIT,risk_unit == 0 or non-finite,NQU22-CME,4782940,2022-06-24 20:14:05.665001+00:00,12112.75,{'stop_loss_price': 12112.75}
INVALID_RISK_UNIT,risk_unit == 0 or non-finite,NQU22-CME,4834005,2022-06-27 06:06:56.309001+00:00,12141.25,{'stop_loss_price': 12141.25}
INVALID_RISK_UNIT,risk_unit == 0 or non-finite,NQU22-CME,4834006,2022-06-27 06:06:56.309002+00:00,12141.25,{'stop_loss_price': 12141.25}
INVALID_RISK_UNIT,risk_unit == 0 or non-finite,NQU22-CME,4834007,2022-06-27 06:06:56.309003+00:00,12141.25,{'stop_loss_price': 12141.25}
INVALID_RISK_UNIT,risk_unit == 0 or non-finite,NQU22-CME,4834008,2022-06-27 06:06:56.309004+00:00,12141.25,{'stop_loss_price': 12141.25}
INVALID_RISK_UNIT,risk_unit == 0 or non-finite,NQU22-CME,4836350,2022-06-27 06:38:39.124000+00:00,12146.0,{'stop_loss_price': 12146.0}
INVALID_RISK_UNIT,risk_unit == 0 or non-finite,NQU22-CME,4847224,2022-06-27 07:37:42.699000+00:00,12245.25,{'stop_loss_price': 12245.25}
INVALID_RISK_UNIT,risk_unit == 0 or non-finite,NQU22-CME,4850827,2022-06-27 07:53:12.218000+00:00,12245.5,{'stop_loss_price': 12245.5}
INVALID_RISK_UNIT,risk_unit == 0 or non-finite,NQU22-CME,4947047,2022-06-27 13:43:48.981000+00:00,12060.75,{'stop_loss_price': 12060.75}
INVALID_RISK_UNIT,risk_unit == 0 or non-finite,NQU22-CME,4959480,2022-06-27 13:50:08.066000+00:00,12027.25,{'stop_loss_price': 12027.25}
INVALID_RISK_UNIT,risk_unit == 0 or non-finite,NQU22-CME,4985488,2022-06-27 14:04:44.465000+00:00,12120.0,{'stop_loss_price': 12120.0}
INVALID_RISK_UNIT,risk_unit == 0 or non-finite,NQU22-CME,4989942,2022-06-27 14:07:44.008002+00:00,12091.0,{'stop_loss_price': 12091.0}
INVALID_RISK_UNIT,risk_unit == 0 or non-finite,NQU22-CME,5043124,2022-06-27 14:47:42.656000+00:00,12107.0,{'stop_loss_price': 12107.0}
INVALID_RISK_UNIT,risk_unit == 0 or non-finite,NQU22-CME,5043125,2022-06-27 14:47:42.656001+00:00,12107.0,{'stop_loss_price': 12107.0}
INVALID_RISK_UNIT,risk_unit == 0 or non-finite,NQU22-CME,5043126,2022-06-27 14:47:42.659000+00:00,12107.0,{'stop_loss_price': 12107.0}
INVALID_RISK_UNIT,risk_unit == 0 or non-finite,NQU22-CME,5043127,2022-06-27 14:47:42.670000+00:00,12107.0,{'stop_loss_price': 12107.0}
INVALID_RISK_UNIT,risk_unit == 0 or non-finite,NQU22-CME,5078207,2022-06-27 15:19:49.969000+00:00,12105.0,{'stop_loss_price': 12105.0}
INVALID_RISK_UNIT,risk_unit == 0 or non-finite,NQU22-CME,5089499,2022-06-27 15:32:46.274000+00:00,12118.75,{'stop_loss_price': 12118.75}
INVALID_RISK_UNIT,risk_unit == 0 or non-finite,NQU22-CME,5099305,2022-06-27 15:45:51.351000+00:00,12143.0,{'stop_loss_price': 12143.0}
INVALID_RISK_UNIT,risk_unit == 0 or non-finite,NQU22-CME,5113330,2022-06-27 16:03:08.949000+00:00,12098.0,{'stop_loss_price': 12098.0}
INVALID_RISK_UNIT,risk_unit == 0 or non-finite,NQU22-CME,5141217,2022-06-27 16:42:51.547000+00:00,12063.75,{'stop_loss_price': 12063.75}
INVALID_RISK_UNIT,risk_unit == 0 or non-finite,NQU22-CME,5141218,2022-06-27 16:42:51.547001+00:00,12063.75,{'stop_loss_price': 12063.75}
INVALID_RISK_UNIT,risk_unit == 0 or non-finite,NQU22-CME,5146812,2022-06-27 16:51:27.459002+00:00,12087.75,{'stop_loss_price': 12087.75}
INVALID_RISK_UNIT,risk_unit == 0 or non-finite,NQU22-CME,5146813,2022-06-27 16:51:27.459003+00:00,12087.75,{'stop_loss_price': 12087.75}
INVALID_RISK_UNIT,risk_unit == 0 or non-finite,NQU22-CME,5146814,2022-06-27 16:51:27.459004+00:00,12087.75,{'stop_loss_price': 12087.75}
INVALID_RISK_UNIT,risk_unit == 0 or non-finite,NQU22-CME,5149191,2022-06-27 16:56:38.522000+00:00,12085.0,{'stop_loss_price': 12085.0}
INVALID_RISK_UNIT,risk_unit == 0 or non-finite,NQU22-CME,5165089,2022-06-27 17:21:02.586000+00:00,12083.25,{'stop_loss_price': 12083.25}
INVALID_RISK_UNIT,risk_unit == 0 or non-finite,NQU22-CME,5176567,2022-06-27 17:45:02.625000+00:00,12048.0,{'stop_loss_price': 12048.0}
INVALID_RISK_UNIT,risk_unit == 0 or non-finite,NQU22-CME,5209654,2022-06-27 18:41:03.571000+00:00,12061.5,{'stop_loss_price': 12061.5}
INVALID_RISK_UNIT,risk_unit == 0 or non-finite,NQU22-CME,5217463,2022-06-27 18:58:51.475000+00:00,12048.75,{'stop_loss_price': 12048.75}
INVALID_RISK_UNIT,risk_unit == 0 or non-finite,NQU22-CME,5226075,2022-06-27 19:06:24.390000+00:00,12009.75,{'stop_loss_price': 12009.75}
INVALID_RISK_UNIT,risk_unit == 0 or non-finite,NQU22-CME,5228647,2022-06-27 19:09:26.648000+00:00,12028.0,{'stop_loss_price': 12028.0}
INVALID_RISK_UNIT,risk_unit == 0 or non-finite,NQU22-CME,5228648,2022-06-27 19:09:26.756000+00:00,12028.0,{'stop_loss_price': 12028.0}
INVALID_RISK_UNIT,risk_unit == 0 or non-finite,NQU22-CME,5243294,2022-06-27 19:29:55.133000+00:00,12048.0,{'stop_loss_price': 12048.0}
INVALID_RISK_UNIT,risk_unit == 0 or non-finite,NQU22-CME,5251522,2022-06-27 19:40:14.726000+00:00,12011.25,{'stop_loss_price': 12011.25}
INVALID_RISK_UNIT,risk_unit == 0 or non-finite,NQU22-CME,5257847,2022-06-27 19:45:22.744000+00:00,12050.75,{'stop_loss_price': 12050.75}
INVALID_RISK_UNIT,risk_unit == 0 or non-finite,NQU22-CME,5368072,2022-06-28 11:17:32.047000+00:00,12105.25,{'stop_loss_price': 12105.25}
INVALID_RISK_UNIT,risk_unit == 0 or non-finite,NQU22-CME,5402065,2022-06-28 13:31:47.019000+00:00,12077.25,{'stop_loss_price': 12077.25}
INVALID_RISK_UNIT,risk_unit == 0 or non-finite,NQU22-CME,5483335,2022-06-28 14:14:27.760000+00:00,12051.75,{'stop_loss_price': 12051.75}
INVALID_RISK_UNIT,risk_unit == 0 or non-finite,NQU22-CME,5492290,2022-06-28 14:20:57.966000+00:00,12019.0,{'stop_loss_price': 12019.0}
INVALID_RISK_UNIT,risk_unit == 0 or non-finite,NQU22-CME,5492291,2022-06-28 14:20:57.966001+00:00,12019.0,{'stop_loss_price': 12019.0}
INVALID_RISK_UNIT,risk_unit == 0 or non-finite,NQU22-CME,5492865,2022-06-28 14:21:08.202000+00:00,12014.25,{'stop_loss_price': 12014.25}
INVALID_RISK_UNIT,risk_unit == 0 or non-finite,NQU22-CME,5492866,2022-06-28 14:21:08.290000+00:00,12014.25,{'stop_loss_price': 12014.25}
INVALID_RISK_UNIT,risk_unit == 0 or non-finite,NQU22-CME,5492868,2022-06-28 14:21:08.351000+00:00,12014.25,{'stop_loss_price': 12014.25}
INVALID_RISK_UNIT,risk_unit == 0 or non-finite,NQU22-CME,5538801,2022-06-28 14:53:40.327000+00:00,11940.0,{'stop_loss_price': 11940.0}
INVALID_RISK_UNIT,risk_unit == 0 or non-finite,NQU22-CME,5621333,2022-06-28 15:54:31.922000+00:00,11795.25,{'stop_loss_price': 11795.25}
INVALID_RISK_UNIT,risk_unit == 0 or non-finite,NQU22-CME,5621334,2022-06-28 15:54:31.922001+00:00,11795.25,{'stop_loss_price': 11795.25}
INVALID_RISK_UNIT,risk_unit == 0 or non-finite,NQU22-CME,5621335,2022-06-28 15:54:31.922002+00:00,11795.25,{'stop_loss_price': 11795.25}
INVALID_RISK_UNIT,risk_unit == 0 or non-finite,NQU22-CME,5621336,2022-06-28 15:54:31.922003+00:00,11795.25,{'stop_loss_price': 11795.25}
INVALID_RISK_UNIT,risk_unit == 0 or non-finite,NQU22-CME,5635301,2022-06-28 16:04:29.928000+00:00,11764.25,{'stop_loss_price': 11764.25}
INVALID_RISK_UNIT,risk_unit == 0 or non-finite,NQU22-CME,5668308,2022-06-28 16:36:19.628000+00:00,11794.0,{'stop_loss_price': 11794.0}
INVALID_RISK_UNIT,risk_unit == 0 or non-finite,NQU22-CME,5691265,2022-06-28 17:02:52.377000+00:00,11803.5,{'stop_loss_price': 11803.5}
INVALID_RISK_UNIT,risk_unit == 0 or non-finite,NQU22-CME,5697367,2022-06-28 17:09:19.810000+00:00,11763.25,{'stop_loss_price': 11763.25}
INVALID_RISK_UNIT,risk_unit == 0 or non-finite,NQU22-CME,5697368,2022-06-28 17:09:19.810001+00:00,11763.25,{'stop_loss_price': 11763.25}
INVALID_RISK_UNIT,risk_unit == 0 or non-finite,NQU22-CME,5707315,2022-06-28 17:21:27.591000+00:00,11747.5,{'stop_loss_price': 11747.5}
INVALID_RISK_UNIT,risk_unit == 0 or non-finite,NQU22-CME,5715396,2022-06-28 17:29:55.861006+00:00,11778.5,{'stop_loss_price': 11778.5}
INVALID_RISK_UNIT,risk_unit == 0 or non-finite,NQU22-CME,5715397,2022-06-28 17:29:55.861007+00:00,11778.5,{'stop_loss_price': 11778.5}
INVALID_RISK_UNIT,risk_unit == 0 or non-finite,NQU22-CME,5715398,2022-06-28 17:29:55.861008+00:00,11778.5,{'stop_loss_price': 11778.5}
INVALID_RISK_UNIT,risk_unit == 0 or non-finite,NQU22-CME,5715399,2022-06-28 17:29:55.861009+00:00,11778.5,{'stop_loss_price': 11778.5}
INVALID_RISK_UNIT,risk_unit == 0 or non-finite,NQU22-CME,5715400,2022-06-28 17:29:55.861010+00:00,11778.5,{'stop_loss_price': 11778.5}
INVALID_RISK_UNIT,risk_unit == 0 or non-finite,NQU22-CME,5715401,2022-06-28 17:29:55.861011+00:00,11778.5,{'stop_loss_price': 11778.5}
INVALID_RISK_UNIT,risk_unit == 0 or non-finite,NQU22-CME,5886290,2022-06-29 04:31:39.451000+00:00,11695.5,{'stop_loss_price': 11695.5}
INVALID_RISK_UNIT,risk_unit == 0 or non-finite,NQU22-CME,5888153,2022-06-29 04:46:15.511000+00:00,11717.75,{'stop_loss_price': 11717.75}
INVALID_RISK_UNIT,risk_unit == 0 or non-finite,NQU22-CME,5948221,2022-06-29 12:05:40.330000+00:00,11711.75,{'stop_loss_price': 11711.75}
INVALID_RISK_UNIT,risk_unit == 0 or non-finite,NQU22-CME,5978625,2022-06-29 13:29:49.602000+00:00,11665.5,{'stop_loss_price': 11665.5}
INVALID_RISK_UNIT,risk_unit == 0 or non-finite,NQU22-CME,5984211,2022-06-29 13:30:53.431000+00:00,11655.5,{'stop_loss_price': 11655.5}
INVALID_RISK_UNIT,risk_unit == 0 or non-finite,NQU22-CME,5984212,2022-06-29 13:30:53.515000+00:00,11655.5,{'stop_loss_price': 11655.5}
INVALID_RISK_UNIT,risk_unit == 0 or non-finite,NQU22-CME,5999076,2022-06-29 13:34:40.162001+00:00,11588.5,{'stop_loss_price': 11588.5}
INVALID_RISK_UNIT,risk_unit == 0 or non-finite,NQU22-CME,5999077,2022-06-29 13:34:40.162002+00:00,11588.5,{'stop_loss_price': 11588.5}
INVALID_RISK_UNIT,risk_unit == 0 or non-finite,NQU22-CME,5999078,2022-06-29 13:34:40.163000+00:00,11588.5,{'stop_loss_price': 11588.5}
INVALID_RISK_UNIT,risk_unit == 0 or non-finite,NQU22-CME,5999080,2022-06-29 13:34:40.198001+00:00,11588.5,{'stop_loss_price': 11588.5}
INVALID_RISK_UNIT,risk_unit == 0 or non-finite,NQU22-CME,6066434,2022-06-29 14:02:51.683000+00:00,11739.0,{'stop_loss_price': 11739.0}
INVALID_RISK_UNIT,risk_unit == 0 or non-finite,NQU22-CME,6066435,2022-06-29 14:02:51.715000+00:00,11739.0,{'stop_loss_price': 11739.0}
INVALID_RISK_UNIT,risk_unit == 0 or non-finite,NQU22-CME,6066436,2022-06-29 14:02:51.808000+00:00,11739.0,{'stop_loss_price': 11739.0}
INVALID_RISK_UNIT,risk_unit == 0 or non-finite,NQU22-CME,6087133,2022-06-29 14:15:16.303000+00:00,11691.0,{'stop_loss_price': 11691.0}
INVALID_RISK_UNIT,risk_unit == 0 or non-finite,NQU22-CME,6101724,2022-06-29 14:24:58.958000+00:00,11663.25,{'stop_loss_price': 11663.25}
INVALID_RISK_UNIT,risk_unit == 0 or non-finite,NQU22-CME,6116779,2022-06-29 14:33:40.050000+00:00,11715.0,{'stop_loss_price': 11715.0}
INVALID_RISK_UNIT,risk_unit == 0 or non-finite,NQU22-CME,6131692,2022-06-29 14:44:12.544000+00:00,11722.75,{'stop_loss_price': 11722.75}
INVALID_RISK_UNIT,risk_unit == 0 or non-finite,NQU22-CME,6133061,2022-06-29 14:45:06.563000+00:00,11735.25,{'stop_loss_price': 11735.25}
INVALID_RISK_UNIT,risk_unit == 0 or non-finite,NQU22-CME,6172931,2022-06-29 15:21:11.431000+00:00,11653.25,{'stop_loss_price': 11653.25}
INVALID_RISK_UNIT,risk_unit == 0 or non-finite,NQU22-CME,6205981,2022-06-29 15:58:21.009000+00:00,11684.5,{'stop_loss_price': 11684.5}
INVALID_RISK_UNIT,risk_unit == 0 or non-finite,NQU22-CME,6205982,2022-06-29 15:58:21.153000+00:00,11684.5,{'stop_loss_price': 11684.5}
INVALID_RISK_UNIT,risk_unit == 0 or non-finite,NQU22-CME,6205983,2022-06-29 15:58:21.264000+00:00,11684.5,{'stop_loss_price': 11684.5}
INVALID_RISK_UNIT,risk_unit == 0 or non-finite,NQU22-CME,6224554,2022-06-29 16:23:16.590001+00:00,11644.5,{'stop_loss_price': 11644.5}
INVALID_RISK_UNIT,risk_unit == 0 or non-finite,NQU22-CME,6224555,2022-06-29 16:23:16.591000+00:00,11644.5,{'stop_loss_price': 11644.5}
INVALID_RISK_UNIT,risk_unit == 0 or non-finite,NQU22-CME,6224556,2022-06-29 16:23:16.591001+00:00,11644.5,{'stop_loss_price': 11644.5}
INVALID_RISK_UNIT,risk_unit == 0 or non-finite,NQU22-CME,6224557,2022-06-29 16:23:16.591002+00:00,11644.5,{'stop_loss_price': 11644.5}
INVALID_RISK_UNIT,risk_unit == 0 or non-finite,NQU22-CME,6238662,2022-06-29 16:37:05.074000+00:00,11638.25,{'stop_loss_price': 11638.25}
INVALID_RISK_UNIT,risk_unit == 0 or non-finite,NQU22-CME,6247479,2022-06-29 16:47:48.798000+00:00,11642.75,{'stop_loss_price': 11642.75}
INVALID_RISK_UNIT,risk_unit == 0 or non-finite,NQU22-CME,6248186,2022-06-29 16:49:09.263000+00:00,11636.75,{'stop_loss_price': 11636.75}
INVALID_RISK_UNIT,risk_unit == 0 or non-finite,NQU22-CME,6248187,2022-06-29 16:49:09.263001+00:00,11636.75,{'stop_loss_price': 11636.75}
INVALID_RISK_UNIT,risk_unit == 0 or non-finite,NQU22-CME,6248208,2022-06-29 16:49:10.118000+00:00,11636.75,{'stop_loss_price': 11636.75}
INVALID_RISK_UNIT,risk_unit == 0 or non-finite,NQU22-CME,6248209,2022-06-29 16:49:10.163000+00:00,11636.75,{'stop_loss_price': 11636.75}
INVALID_RISK_UNIT,risk_unit == 0 or non-finite,NQU22-CME,6261982,2022-06-29 17:09:34.136000+00:00,11665.75,{'stop_loss_price': 11665.75}
INVALID_RISK_UNIT,risk_unit == 0 or non-finite,NQU22-CME,6266120,2022-06-29 17:14:07.241000+00:00,11635.25,{'stop_loss_price': 11635.25}
INVALID_RISK_UNIT,risk_unit == 0 or non-finite,NQU22-CME,6289976,2022-06-29 17:55:15.100000+00:00,11678.0,{'stop_loss_price': 11678.0}
INVALID_RISK_UNIT,risk_unit == 0 or non-finite,NQU22-CME,6296672,2022-06-29 18:05:03.460000+00:00,11718.75,{'stop_loss_price': 11718.75}
INVALID_RISK_UNIT,risk_unit == 0 or non-finite,NQU22-CME,6316501,2022-06-29 18:39:58.328000+00:00,11679.5,{'stop_loss_price': 11679.5}
INVALID_RISK_UNIT,risk_unit == 0 or non-finite,NQU22-CME,6316502,2022-06-29 18:39:58.328001+00:00,11679.5,{'stop_loss_price': 11679.5}
INVALID_RISK_UNIT,risk_unit == 0 or non-finite,NQU22-CME,6316503,2022-06-29 18:39:58.328002+00:00,11679.5,{'stop_loss_price': 11679.5}
INVALID_RISK_UNIT,risk_unit == 0 or non-finite,NQU22-CME,6353075,2022-06-29 19:33:05.763000+00:00,11699.25,{'stop_loss_price': 11699.25}
INVALID_RISK_UNIT,risk_unit == 0 or non-finite,NQU22-CME,6353076,2022-06-29 19:33:05.856000+00:00,11699.25,{'stop_loss_price': 11699.25}
INVALID_RISK_UNIT,risk_unit == 0 or non-finite,NQU22-CME,6420030,2022-06-30 06:23:10.967000+00:00,11569.75,{'stop_loss_price': 11569.75}
INVALID_RISK_UNIT,risk_unit == 0 or non-finite,NQU22-CME,6422697,2022-06-30 06:33:03.219000+00:00,11527.25,{'stop_loss_price': 11527.25}
INVALID_RISK_UNIT,risk_unit == 0 or non-finite,NQU22-CME,6467852,2022-06-30 09:57:36.153000+00:00,11489.75,{'stop_loss_price': 11489.75}
INVALID_RISK_UNIT,risk_unit == 0 or non-finite,NQU22-CME,6467853,2022-06-30 09:57:36.153001+00:00,11489.75,{'stop_loss_price': 11489.75}
INVALID_RISK_UNIT,risk_unit == 0 or non-finite,NQU22-CME,6482976,2022-06-30 11:38:38.860000+00:00,11487.75,{'stop_loss_price': 11487.75}
INVALID_RISK_UNIT,risk_unit == 0 or non-finite,NQU22-CME,6527498,2022-06-30 13:26:25.051000+00:00,11532.25,{'stop_loss_price': 11532.25}
INVALID_RISK_UNIT,risk_unit == 0 or non-finite,NQU22-CME,6576762,2022-06-30 13:42:07.910000+00:00,11456.0,{'stop_loss_price': 11456.0}
INVALID_RISK_UNIT,risk_unit == 0 or non-finite,NQU22-CME,6666414,2022-06-30 14:31:15.361000+00:00,11417.25,{'stop_loss_price': 11417.25}
INVALID_RISK_UNIT,risk_unit == 0 or non-finite,NQU22-CME,6710411,2022-06-30 15:04:36.276000+00:00,11463.25,{'stop_loss_price': 11463.25}
INVALID_RISK_UNIT,risk_unit == 0 or non-finite,NQU22-CME,6744777,2022-06-30 15:28:11.965001+00:00,11592.5,{'stop_loss_price': 11592.5}
INVALID_RISK_UNIT,risk_unit == 0 or non-finite,NQU22-CME,6744778,2022-06-30 15:28:11.965002+00:00,11592.5,{'stop_loss_price': 11592.5}
INVALID_RISK_UNIT,risk_unit == 0 or non-finite,NQU22-CME,6771419,2022-06-30 15:50:02.359003+00:00,11578.0,{'stop_loss_price': 11578.0}
INVALID_RISK_UNIT,risk_unit == 0 or non-finite,NQU22-CME,6771420,2022-06-30 15:50:02.359004+00:00,11578.0,{'stop_loss_price': 11578.0}
INVALID_RISK_UNIT,risk_unit == 0 or non-finite,NQU22-CME,6771421,2022-06-30 15:50:02.359005+00:00,11578.0,{'stop_loss_price': 11578.0}
INVALID_RISK_UNIT,risk_unit == 0 or non-finite,NQU22-CME,6771422,2022-06-30 15:50:02.359006+00:00,11578.0,{'stop_loss_price': 11578.0}
INVALID_RISK_UNIT,risk_unit == 0 or non-finite,NQU22-CME,6771423,2022-06-30 15:50:02.359007+00:00,11578.0,{'stop_loss_price': 11578.0}
INVALID_RISK_UNIT,risk_unit == 0 or non-finite,NQU22-CME,6773551,2022-06-30 15:52:17.980000+00:00,11580.0,{'stop_loss_price': 11580.0}
INVALID_RISK_UNIT,risk_unit == 0 or non-finite,NQU22-CME,6916788,2022-06-30 18:31:17.660000+00:00,11606.5,{'stop_loss_price': 11606.5}
INVALID_RISK_UNIT,risk_unit == 0 or non-finite,NQU22-CME,6916789,2022-06-30 18:31:17.660001+00:00,11606.5,{'stop_loss_price': 11606.5}
INVALID_RISK_UNIT,risk_unit == 0 or non-finite,NQU22-CME,6919529,2022-06-30 18:37:05.045000+00:00,11594.0,{'stop_loss_price': 11594.0}
INVALID_RISK_UNIT,risk_unit == 0 or non-finite,NQU22-CME,6924119,2022-06-30 18:43:08.042000+00:00,11566.25,{'stop_loss_price': 11566.25}
INVALID_RISK_UNIT,risk_unit == 0 or non-finite,NQU22-CME,6924120,2022-06-30 18:43:08.042001+00:00,11566.25,{'stop_loss_price': 11566.25}
INVALID_RISK_UNIT,risk_unit == 0 or non-finite,NQU22-CME,6979673,2022-06-30 19:36:49.198000+00:00,11588.5,{'stop_loss_price': 11588.5}
INVALID_RISK_UNIT,risk_unit == 0 or non-finite,NQU22-CME,7080035,2022-07-01 03:38:33.170000+00:00,11430.0,{'stop_loss_price': 11430.0}
INVALID_RISK_UNIT,risk_unit == 0 or non-finite,NQU22-CME,7084821,2022-07-01 04:13:42.610000+00:00,11405.75,{'stop_loss_price': 11405.75}
INVALID_RISK_UNIT,risk_unit == 0 or non-finite,NQU22-CME,7136141,2022-07-01 09:54:00.251000+00:00,11518.75,{'stop_loss_price': 11518.75}
INVALID_RISK_UNIT,risk_unit == 0 or non-finite,NQU22-CME,7136142,2022-07-01 09:54:00.251001+00:00,11518.75,{'stop_loss_price': 11518.75}
INVALID_RISK_UNIT,risk_unit == 0 or non-finite,NQU22-CME,7138177,2022-07-01 10:10:47.575002+00:00,11495.75,{'stop_loss_price': 11495.75}
INVALID_RISK_UNIT,risk_unit == 0 or non-finite,NQU22-CME,7209562,2022-07-01 13:38:28.041000+00:00,11435.5,{'stop_loss_price': 11435.5}
INVALID_RISK_UNIT,risk_unit == 0 or non-finite,NQU22-CME,7209563,2022-07-01 13:38:28.065000+00:00,11435.5,{'stop_loss_price': 11435.5}
INVALID_RISK_UNIT,risk_unit == 0 or non-finite,NQU22-CME,7209564,2022-07-01 13:38:28.115000+00:00,11435.5,{'stop_loss_price': 11435.5}
INVALID_RISK_UNIT,risk_unit == 0 or non-finite,NQU22-CME,7209693,2022-07-01 13:38:30.531000+00:00,11438.25,{'stop_loss_price': 11438.25}
INVALID_RISK_UNIT,risk_unit == 0 or non-finite,NQU22-CME,7209694,2022-07-01 13:38:30.531001+00:00,11438.25,{'stop_loss_price': 11438.25}
INVALID_RISK_UNIT,risk_unit == 0 or non-finite,NQU22-CME,7210784,2022-07-01 13:38:58.670000+00:00,11433.25,{'stop_loss_price': 11433.25}
INVALID_RISK_UNIT,risk_unit == 0 or non-finite,NQU22-CME,7212176,2022-07-01 13:39:36.736000+00:00,11446.5,{'stop_loss_price': 11446.5}
INVALID_RISK_UNIT,risk_unit == 0 or non-finite,NQU22-CME,7222043,2022-07-01 13:42:55.680000+00:00,11503.0,{'stop_loss_price': 11503.0}
INVALID_RISK_UNIT,risk_unit == 0 or non-finite,NQU22-CME,7222646,2022-07-01 13:43:11.397000+00:00,11512.25,{'stop_loss_price': 11512.25}
INVALID_RISK_UNIT,risk_unit == 0 or non-finite,NQU22-CME,7222647,2022-07-01 13:43:11.397001+00:00,11512.25,{'stop_loss_price': 11512.25}
INVALID_RISK_UNIT,risk_unit == 0 or non-finite,NQU22-CME,7226428,2022-07-01 13:45:07.928000+00:00,11481.75,{'stop_loss_price': 11481.75}
INVALID_RISK_UNIT,risk_unit == 0 or non-finite,NQU22-CME,7241309,2022-07-01 13:51:06.619000+00:00,11542.5,{'stop_loss_price': 11542.5}
INVALID_RISK_UNIT,risk_unit == 0 or non-finite,NQU22-CME,7252731,2022-07-01 13:57:22.971000+00:00,11596.0,{'stop_loss_price': 11596.0}
INVALID_RISK_UNIT,risk_unit == 0 or non-finite,NQU22-CME,7307717,2022-07-01 14:23:43.995000+00:00,11487.25,{'stop_loss_price': 11487.25}
INVALID_RISK_UNIT,risk_unit == 0 or non-finite,NQU22-CME,7307805,2022-07-01 14:23:47.511000+00:00,11492.25,{'stop_loss_price': 11492.25}
INVALID_RISK_UNIT,risk_unit == 0 or non-finite,NQU22-CME,7345850,2022-07-01 14:49:22.493000+00:00,11457.0,{'stop_loss_price': 11457.0}
INVALID_RISK_UNIT,risk_unit == 0 or non-finite,NQU22-CME,7389247,2022-07-01 15:24:39.311012+00:00,11484.5,{'stop_loss_price': 11484.5}
INVALID_RISK_UNIT,risk_unit == 0 or non-finite,NQU22-CME,7437496,2022-07-01 16:31:20.282000+00:00,11492.5,{'stop_loss_price': 11492.5}
INVALID_RISK_UNIT,risk_unit == 0 or non-finite,NQU22-CME,7437497,2022-07-01 16:31:20.282001+00:00,11492.5,{'stop_loss_price': 11492.5}
INVALID_RISK_UNIT,risk_unit == 0 or non-finite,NQU22-CME,7448429,2022-07-01 16:50:17.091000+00:00,11475.25,{'stop_loss_price': 11475.25}
INVALID_RISK_UNIT,risk_unit == 0 or non-finite,NQU22-CME,7451975,2022-07-01 16:57:06.424000+00:00,11461.0,{'stop_loss_price': 11461.0}
INVALID_RISK_UNIT,risk_unit == 0 or non-finite,NQU22-CME,7497703,2022-07-01 18:06:13.062000+00:00,11502.0,{'stop_loss_price': 11502.0}
INVALID_RISK_UNIT,risk_unit == 0 or non-finite,NQU22-CME,7511173,2022-07-01 18:25:36.046000+00:00,11548.75,{'stop_loss_price': 11548.75}
INVALID_RISK_UNIT,risk_unit == 0 or non-finite,NQU22-CME,7521776,2022-07-01 18:43:42.852001+00:00,11566.75,{'stop_loss_price': 11566.75}
INVALID_RISK_UNIT,risk_unit == 0 or non-finite,NQU22-CME,7521777,2022-07-01 18:43:42.852002+00:00,11566.75,{'stop_loss_price': 11566.75}
INVALID_RISK_UNIT,risk_unit == 0 or non-finite,NQU22-CME,7532137,2022-07-01 18:58:27.747000+00:00,11581.25,{'stop_loss_price': 11581.25}
INVALID_RISK_UNIT,risk_unit == 0 or non-finite,NQU22-CME,7532138,2022-07-01 18:58:27.747001+00:00,11581.25,{'stop_loss_price': 11581.25}
INVALID_RISK_UNIT,risk_unit == 0 or non-finite,NQU22-CME,7561028,2022-07-01 19:37:17.492003+00:00,11607.25,{'stop_loss_price': 11607.25}
INVALID_RISK_UNIT,risk_unit == 0 or non-finite,NQU22-CME,7561029,2022-07-01 19:37:17.518000+00:00,11607.25,{'stop_loss_price': 11607.25}
INVALID_RISK_UNIT,risk_unit == 0 or non-finite,NQU22-CME,7561040,2022-07-01 19:37:18.635000+00:00,11607.25,{'stop_loss_price': 11607.25}
INVALID_RISK_UNIT,risk_unit == 0 or non-finite,NQU22-CME,7615363,2022-07-04 01:32:14.740000+00:00,11511.5,{'stop_loss_price': 11511.5}
INVALID_RISK_UNIT,risk_unit == 0 or non-finite,NQU22-CME,7616608,2022-07-04 01:39:50.646000+00:00,11513.5,{'stop_loss_price': 11513.5}
INVALID_RISK_UNIT,risk_unit == 0 or non-finite,NQU22-CME,7617509,2022-07-04 01:48:26.685000+00:00,11531.0,{'stop_loss_price': 11531.0}
INVALID_RISK_UNIT,risk_unit == 0 or non-finite,NQU22-CME,7642882,2022-07-04 09:18:16.727001+00:00,11541.75,{'stop_loss_price': 11541.75}
INVALID_RISK_UNIT,risk_unit == 0 or non-finite,NQU22-CME,7642883,2022-07-04 09:18:16.727002+00:00,11541.75,{'stop_loss_price': 11541.75}
INVALID_RISK_UNIT,risk_unit == 0 or non-finite,NQU22-CME,7642884,2022-07-04 09:18:16.727003+00:00,11541.75,{'stop_loss_price': 11541.75}
INVALID_RISK_UNIT,risk_unit == 0 or non-finite,NQU22-CME,7666200,2022-07-04 14:48:45.663000+00:00,11542.0,{'stop_loss_price': 11542.0}
INVALID_RISK_UNIT,risk_unit == 0 or non-finite,NQU22-CME,7718499,2022-07-05 07:16:42.056000+00:00,11657.75,{'stop_loss_price': 11657.75}
INVALID_RISK_UNIT,risk_unit == 0 or non-finite,NQU22-CME,7790943,2022-07-05 13:00:29.793000+00:00,11442.0,{'stop_loss_price': 11442.0}
INVALID_RISK_UNIT,risk_unit == 0 or non-finite,NQU22-CME,7819385,2022-07-05 13:33:29.828001+00:00,11411.25,{'stop_loss_price': 11411.25}
INVALID_RISK_UNIT,risk_unit == 0 or non-finite,NQU22-CME,7841885,2022-07-05 13:42:17.857000+00:00,11408.5,{'stop_loss_price': 11408.5}
INVALID_RISK_UNIT,risk_unit == 0 or non-finite,NQU22-CME,7841886,2022-07-05 13:42:17.861000+00:00,11408.5,{'stop_loss_price': 11408.5}
INVALID_RISK_UNIT,risk_unit == 0 or non-finite,NQU22-CME,7841887,2022-07-05 13:42:17.866000+00:00,11408.5,{'stop_loss_price': 11408.5}
INVALID_RISK_UNIT,risk_unit == 0 or non-finite,NQU22-CME,7841888,2022-07-05 13:42:17.920000+00:00,11408.5,{'stop_loss_price': 11408.5}
INVALID_RISK_UNIT,risk_unit == 0 or non-finite,NQU22-CME,7863595,2022-07-05 13:49:54.738000+00:00,11456.5,{'stop_loss_price': 11456.5}
INVALID_RISK_UNIT,risk_unit == 0 or non-finite,NQU22-CME,7863596,2022-07-05 13:49:54.738001+00:00,11456.5,{'stop_loss_price': 11456.5}
INVALID_RISK_UNIT,risk_unit == 0 or non-finite,NQU22-CME,7942556,2022-07-05 14:31:52.204000+00:00,11483.25,{'stop_loss_price': 11483.25}
INVALID_RISK_UNIT,risk_unit == 0 or non-finite,NQU22-CME,7988159,2022-07-05 14:53:53.721000+00:00,11526.0,{'stop_loss_price': 11526.0}
INVALID_RISK_UNIT,risk_unit == 0 or non-finite,NQU22-CME,7993922,2022-07-05 14:58:37.754000+00:00,11530.75,{'stop_loss_price': 11530.75}
INVALID_RISK_UNIT,risk_unit == 0 or non-finite,NQU22-CME,8018105,2022-07-05 15:16:42.058000+00:00,11498.25,{'stop_loss_price': 11498.25}
INVALID_RISK_UNIT,risk_unit == 0 or non-finite,NQU22-CME,8054485,2022-07-05 15:46:23.092000+00:00,11561.75,{'stop_loss_price': 11561.75}
INVALID_RISK_UNIT,risk_unit == 0 or non-finite,NQU22-CME,8054835,2022-07-05 15:46:37.547000+00:00,11568.75,{'stop_loss_price': 11568.75}
INVALID_RISK_UNIT,risk_unit == 0 or non-finite,NQU22-CME,8061569,2022-07-05 15:51:40.292000+00:00,11580.0,{'stop_loss_price': 11580.0}
INVALID_RISK_UNIT,risk_unit == 0 or non-finite,NQU22-CME,8095741,2022-07-05 16:20:09.347002+00:00,11593.5,{'stop_loss_price': 11593.5}
INVALID_RISK_UNIT,risk_unit == 0 or non-finite,NQU22-CME,8126324,2022-07-05 16:50:48.041000+00:00,11589.0,{'stop_loss_price': 11589.0}
INVALID_RISK_UNIT,risk_unit == 0 or non-finite,NQU22-CME,8132553,2022-07-05 16:59:38.214001+00:00,11590.5,{'stop_loss_price': 11590.5}
INVALID_RISK_UNIT,risk_unit == 0 or non-finite,NQU22-CME,8132554,2022-07-05 16:59:38.214002+00:00,11590.5,{'stop_loss_price': 11590.5}
INVALID_RISK_UNIT,risk_unit == 0 or non-finite,NQU22-CME,8157062,2022-07-05 17:28:04.975000+00:00,11669.0,{'stop_loss_price': 11669.0}
INVALID_RISK_UNIT,risk_unit == 0 or non-finite,NQU22-CME,8230117,2022-07-05 18:48:54.047000+00:00,11747.0,{'stop_loss_price': 11747.0}
INVALID_RISK_UNIT,risk_unit == 0 or non-finite,NQU22-CME,8236373,2022-07-05 18:56:27.172000+00:00,11759.25,{'stop_loss_price': 11759.25}
INVALID_RISK_UNIT,risk_unit == 0 or non-finite,NQU22-CME,8237351,2022-07-05 18:57:11.978000+00:00,11755.75,{'stop_loss_price': 11755.75}
INVALID_RISK_UNIT,risk_unit == 0 or non-finite,NQU22-CME,8274002,2022-07-05 19:33:01.415000+00:00,11798.25,{'stop_loss_price': 11798.25}
INVALID_RISK_UNIT,risk_unit == 0 or non-finite,NQU22-CME,8274003,2022-07-05 19:33:01.415001+00:00,11798.25,{'stop_loss_price': 11798.25}
INVALID_RISK_UNIT,risk_unit == 0 or non-finite,NQU22-CME,8277843,2022-07-05 19:36:27.630000+00:00,11782.5,{'stop_loss_price': 11782.5}
INVALID_RISK_UNIT,risk_unit == 0 or non-finite,NQU22-CME,8299159,2022-07-05 19:56:00.002000+00:00,11791.75,{'stop_loss_price': 11791.75}
INVALID_RISK_UNIT,risk_unit == 0 or non-finite,NQU22-CME,8362275,2022-07-06 06:17:50.932000+00:00,11745.75,{'stop_loss_price': 11745.75}
INVALID_RISK_UNIT,risk_unit == 0 or non-finite,NQU22-CME,8428541,2022-07-06 12:51:19.702000+00:00,11817.0,{'stop_loss_price': 11817.0}
INVALID_RISK_UNIT,risk_unit == 0 or non-finite,NQU22-CME,8503509,2022-07-06 13:50:42.303000+00:00,11788.5,{'stop_loss_price': 11788.5}
INVALID_RISK_UNIT,risk_unit == 0 or non-finite,NQU22-CME,8517163,2022-07-06 13:57:34.736000+00:00,11834.5,{'stop_loss_price': 11834.5}
INVALID_RISK_UNIT,risk_unit == 0 or non-finite,NQU22-CME,8538943,2022-07-06 14:06:29.091000+00:00,11829.0,{'stop_loss_price': 11829.0}
INVALID_RISK_UNIT,risk_unit == 0 or non-finite,NQU22-CME,8538944,2022-07-06 14:06:29.091001+00:00,11829.0,{'stop_loss_price': 11829.0}
INVALID_RISK_UNIT,risk_unit == 0 or non-finite,NQU22-CME,8538945,2022-07-06 14:06:29.091002+00:00,11829.0,{'stop_loss_price': 11829.0}
INVALID_RISK_UNIT,risk_unit == 0 or non-finite,NQU22-CME,8538946,2022-07-06 14:06:29.166000+00:00,11829.0,{'stop_loss_price': 11829.0}
INVALID_RISK_UNIT,risk_unit == 0 or non-finite,NQU22-CME,8538947,2022-07-06 14:06:29.166001+00:00,11829.0,{'stop_loss_price': 11829.0}
INVALID_RISK_UNIT,risk_unit == 0 or non-finite,NQU22-CME,8538948,2022-07-06 14:06:29.166002+00:00,11829.0,{'stop_loss_price': 11829.0}
INVALID_RISK_UNIT,risk_unit == 0 or non-finite,NQU22-CME,8562533,2022-07-06 14:17:02.651000+00:00,11797.5,{'stop_loss_price': 11797.5}
INVALID_RISK_UNIT,risk_unit == 0 or non-finite,NQU22-CME,8570396,2022-07-06 14:21:31.285000+00:00,11792.5,{'stop_loss_price': 11792.5}
INVALID_RISK_UNIT,risk_unit == 0 or non-finite,NQU22-CME,8573546,2022-07-06 14:23:17.948000+00:00,11808.25,{'stop_loss_price': 11808.25}
INVALID_RISK_UNIT,risk_unit == 0 or non-finite,NQU22-CME,8631963,2022-07-06 15:05:23.900000+00:00,11813.75,{'stop_loss_price': 11813.75}
INVALID_RISK_UNIT,risk_unit == 0 or non-finite,NQU22-CME,8656028,2022-07-06 15:27:46.206000+00:00,11796.0,{'stop_loss_price': 11796.0}
INVALID_RISK_UNIT,risk_unit == 0 or non-finite,NQU22-CME,8683823,2022-07-06 15:59:54.076000+00:00,11794.0,{'stop_loss_price': 11794.0}
INVALID_RISK_UNIT,risk_unit == 0 or non-finite,NQU22-CME,8683824,2022-07-06 15:59:54.076001+00:00,11794.0,{'stop_loss_price': 11794.0}
INVALID_RISK_UNIT,risk_unit == 0 or non-finite,NQU22-CME,8683825,2022-07-06 15:59:54.076002+00:00,11794.0,{'stop_loss_price': 11794.0}
INVALID_RISK_UNIT,risk_unit == 0 or non-finite,NQU22-CME,8702722,2022-07-06 16:31:20.768000+00:00,11802.25,{'stop_loss_price': 11802.25}
INVALID_RISK_UNIT,risk_unit == 0 or non-finite,NQU22-CME,8724576,2022-07-06 17:13:51.179000+00:00,11843.0,{'stop_loss_price': 11843.0}
INVALID_RISK_UNIT,risk_unit == 0 or non-finite,NQU22-CME,8724577,2022-07-06 17:13:51.179001+00:00,11843.0,{'stop_loss_price': 11843.0}
INVALID_RISK_UNIT,risk_unit == 0 or non-finite,NQU22-CME,8758307,2022-07-06 18:07:35.480000+00:00,11901.0,{'stop_loss_price': 11901.0}
INVALID_RISK_UNIT,risk_unit == 0 or non-finite,NQU22-CME,8758308,2022-07-06 18:07:35.502000+00:00,11901.0,{'stop_loss_price': 11901.0}
INVALID_RISK_UNIT,risk_unit == 0 or non-finite,NQU22-CME,8758309,2022-07-06 18:07:35.502001+00:00,11901.0,{'stop_loss_price': 11901.0}
INVALID_RISK_UNIT,risk_unit == 0 or non-finite,NQU22-CME,8768765,2022-07-06 18:12:49.429000+00:00,11811.5,{'stop_loss_price': 11811.5}
INVALID_RISK_UNIT,risk_unit == 0 or non-finite,NQU22-CME,8772832,2022-07-06 18:14:26.090000+00:00,11829.75,{'stop_loss_price': 11829.75}
INVALID_RISK_UNIT,risk_unit == 0 or non-finite,NQU22-CME,8773634,2022-07-06 18:15:06.901000+00:00,11839.25,{'stop_loss_price': 11839.25}
INVALID_RISK_UNIT,risk_unit == 0 or non-finite,NQU22-CME,8780631,2022-07-06 18:21:22.744000+00:00,11822.75,{'stop_loss_price': 11822.75}
INVALID_RISK_UNIT,risk_unit == 0 or non-finite,NQU22-CME,8789565,2022-07-06 18:28:28.928000+00:00,11865.75,{'stop_loss_price': 11865.75}
INVALID_RISK_UNIT,risk_unit == 0 or non-finite,NQU22-CME,8789566,2022-07-06 18:28:28.928001+00:00,11865.75,{'stop_loss_price': 11865.75}
INVALID_RISK_UNIT,risk_unit == 0 or non-finite,NQU22-CME,8811807,2022-07-06 18:40:33.372000+00:00,11916.75,{'stop_loss_price': 11916.75}
INVALID_RISK_UNIT,risk_unit == 0 or non-finite,NQU22-CME,8825957,2022-07-06 18:51:05.205000+00:00,11913.5,{'stop_loss_price': 11913.5}
INVALID_RISK_UNIT,risk_unit == 0 or non-finite,NQU22-CME,8825958,2022-07-06 18:51:05.205001+00:00,11913.5,{'stop_loss_price': 11913.5}
INVALID_RISK_UNIT,risk_unit == 0 or non-finite,NQU22-CME,8838556,2022-07-06 19:04:53.970000+00:00,11916.0,{'stop_loss_price': 11916.0}
INVALID_RISK_UNIT,risk_unit == 0 or non-finite,NQU22-CME,8838557,2022-07-06 19:04:53.970001+00:00,11916.0,{'stop_loss_price': 11916.0}
INVALID_RISK_UNIT,risk_unit == 0 or non-finite,NQU22-CME,8838558,2022-07-06 19:04:53.970002+00:00,11916.0,{'stop_loss_price': 11916.0}
INVALID_RISK_UNIT,risk_unit == 0 or non-finite,NQU22-CME,8841703,2022-07-06 19:09:06.679002+00:00,11923.25,{'stop_loss_price': 11923.25}
INVALID_RISK_UNIT,risk_unit == 0 or non-finite,NQU22-CME,8841704,2022-07-06 19:09:06.679003+00:00,11923.25,{'stop_loss_price': 11923.25}
INVALID_RISK_UNIT,risk_unit == 0 or non-finite,NQU22-CME,8841705,2022-07-06 19:09:06.679004+00:00,11923.25,{'stop_loss_price': 11923.25}
INVALID_RISK_UNIT,risk_unit == 0 or non-finite,NQU22-CME,8841706,2022-07-06 19:09:06.681000+00:00,11923.25,{'stop_loss_price': 11923.25}
INVALID_RISK_UNIT,risk_unit == 0 or non-finite,NQU22-CME,8930969,2022-07-07 02:46:01.333000+00:00,11902.5,{'stop_loss_price': 11902.5}
INVALID_RISK_UNIT,risk_unit == 0 or non-finite,NQU22-CME,8945488,2022-07-07 06:00:04.656000+00:00,11926.5,{'stop_loss_price': 11926.5}
INVALID_RISK_UNIT,risk_unit == 0 or non-finite,NQU22-CME,8998344,2022-07-07 12:46:24.445000+00:00,11936.25,{'stop_loss_price': 11936.25}
INVALID_RISK_UNIT,risk_unit == 0 or non-finite,NQU22-CME,9004322,2022-07-07 13:14:56.428001+00:00,11928.5,{'stop_loss_price': 11928.5}
INVALID_RISK_UNIT,risk_unit == 0 or non-finite,NQU22-CME,9004323,2022-07-07 13:14:56.428002+00:00,11928.5,{'stop_loss_price': 11928.5}
INVALID_RISK_UNIT,risk_unit == 0 or non-finite,NQU22-CME,9027755,2022-07-07 13:35:06.617000+00:00,11996.0,{'stop_loss_price': 11996.0}
INVALID_RISK_UNIT,risk_unit == 0 or non-finite,NQU22-CME,9048818,2022-07-07 13:45:55.047000+00:00,12020.5,{'stop_loss_price': 12020.5}
INVALID_RISK_UNIT,risk_unit == 0 or non-finite,NQU22-CME,9059939,2022-07-07 13:53:36.523000+00:00,12029.0,{'stop_loss_price': 12029.0}
INVALID_RISK_UNIT,risk_unit == 0 or non-finite,NQU22-CME,9085302,2022-07-07 14:08:52.966000+00:00,12022.25,{'stop_loss_price': 12022.25}
INVALID_RISK_UNIT,risk_unit == 0 or non-finite,NQU22-CME,9130495,2022-07-07 14:47:45.484000+00:00,12048.75,{'stop_loss_price': 12048.75}
INVALID_RISK_UNIT,risk_unit == 0 or non-finite,NQU22-CME,9174436,2022-07-07 15:30:24.072000+00:00,12031.5,{'stop_loss_price': 12031.5}
INVALID_RISK_UNIT,risk_unit == 0 or non-finite,NQU22-CME,9174437,2022-07-07 15:30:24.090000+00:00,12031.5,{'stop_loss_price': 12031.5}
INVALID_RISK_UNIT,risk_unit == 0 or non-finite,NQU22-CME,9179817,2022-07-07 15:37:53.731000+00:00,12048.5,{'stop_loss_price': 12048.5}
INVALID_RISK_UNIT,risk_unit == 0 or non-finite,NQU22-CME,9187031,2022-07-07 15:46:06.634000+00:00,12067.75,{'stop_loss_price': 12067.75}
INVALID_RISK_UNIT,risk_unit == 0 or non-finite,NQU22-CME,9187032,2022-07-07 15:46:06.634001+00:00,12067.75,{'stop_loss_price': 12067.75}
INVALID_RISK_UNIT,risk_unit == 0 or non-finite,NQU22-CME,9247581,2022-07-07 17:05:42.063000+00:00,12102.0,{'stop_loss_price': 12102.0}
INVALID_RISK_UNIT,risk_unit == 0 or non-finite,NQU22-CME,9247582,2022-07-07 17:05:42.063001+00:00,12102.0,{'stop_loss_price': 12102.0}
INVALID_RISK_UNIT,risk_unit == 0 or non-finite,NQU22-CME,9247583,2022-07-07 17:05:42.063002+00:00,12102.0,{'stop_loss_price': 12102.0}
INVALID_RISK_UNIT,risk_unit == 0 or non-finite,NQU22-CME,9247584,2022-07-07 17:05:42.063003+00:00,12102.0,{'stop_loss_price': 12102.0}
INVALID_RISK_UNIT,risk_unit == 0 or non-finite,NQU22-CME,9247585,2022-07-07 17:05:42.063004+00:00,12102.0,{'stop_loss_price': 12102.0}
INVALID_RISK_UNIT,risk_unit == 0 or non-finite,NQU22-CME,9247586,2022-07-07 17:05:42.081000+00:00,12102.0,{'stop_loss_price': 12102.0}
INVALID_RISK_UNIT,risk_unit == 0 or non-finite,NQU22-CME,9247587,2022-07-07 17:05:42.081001+00:00,12102.0,{'stop_loss_price': 12102.0}
INVALID_RISK_UNIT,risk_unit == 0 or non-finite,NQU22-CME,9281875,2022-07-07 18:01:41.791000+00:00,12123.25,{'stop_loss_price': 12123.25}
INVALID_RISK_UNIT,risk_unit == 0 or non-finite,NQU22-CME,9281876,2022-07-07 18:01:41.791001+00:00,12123.25,{'stop_loss_price': 12123.25}
INVALID_RISK_UNIT,risk_unit == 0 or non-finite,NQU22-CME,9281877,2022-07-07 18:01:41.791002+00:00,12123.25,{'stop_loss_price': 12123.25}
INVALID_RISK_UNIT,risk_unit == 0 or non-finite,NQU22-CME,9281878,2022-07-07 18:01:41.791003+00:00,12123.25,{'stop_loss_price': 12123.25}
INVALID_RISK_UNIT,risk_unit == 0 or non-finite,NQU22-CME,9281879,2022-07-07 18:01:41.857000+00:00,12123.25,{'stop_loss_price': 12123.25}
INVALID_RISK_UNIT,risk_unit == 0 or non-finite,NQU22-CME,9281880,2022-07-07 18:01:41.857001+00:00,12123.25,{'stop_loss_price': 12123.25}
INVALID_RISK_UNIT,risk_unit == 0 or non-finite,NQU22-CME,9281881,2022-07-07 18:01:41.857002+00:00,12123.25,{'stop_loss_price': 12123.25}
INVALID_RISK_UNIT,risk_unit == 0 or non-finite,NQU22-CME,9314427,2022-07-07 18:55:00.420002+00:00,12126.0,{'stop_loss_price': 12126.0}
INVALID_RISK_UNIT,risk_unit == 0 or non-finite,NQU22-CME,9314428,2022-07-07 18:55:00.420003+00:00,12126.0,{'stop_loss_price': 12126.0}
INVALID_RISK_UNIT,risk_unit == 0 or non-finite,NQU22-CME,9314429,2022-07-07 18:55:00.420004+00:00,12126.0,{'stop_loss_price': 12126.0}
INVALID_RISK_UNIT,risk_unit == 0 or non-finite,NQU22-CME,9314430,2022-07-07 18:55:00.420005+00:00,12126.0,{'stop_loss_price': 12126.0}
INVALID_RISK_UNIT,risk_unit == 0 or non-finite,NQU22-CME,9314433,2022-07-07 18:55:01.484000+00:00,12126.0,{'stop_loss_price': 12126.0}
INVALID_RISK_UNIT,risk_unit == 0 or non-finite,NQU22-CME,9322774,2022-07-07 19:09:05.692000+00:00,12146.25,{'stop_loss_price': 12146.25}
INVALID_RISK_UNIT,risk_unit == 0 or non-finite,NQU22-CME,9322775,2022-07-07 19:09:05.692001+00:00,12146.25,{'stop_loss_price': 12146.25}
INVALID_RISK_UNIT,risk_unit == 0 or non-finite,NQU22-CME,9322776,2022-07-07 19:09:05.727000+00:00,12146.25,{'stop_loss_price': 12146.25}
INVALID_RISK_UNIT,risk_unit == 0 or non-finite,NQU22-CME,9322777,2022-07-07 19:09:06.044000+00:00,12146.25,{'stop_loss_price': 12146.25}
INVALID_RISK_UNIT,risk_unit == 0 or non-finite,NQU22-CME,9322778,2022-07-07 19:09:06.044001+00:00,12146.25,{'stop_loss_price': 12146.25}
INVALID_RISK_UNIT,risk_unit == 0 or non-finite,NQU22-CME,9322779,2022-07-07 19:09:06.335000+00:00,12146.25,{'stop_loss_price': 12146.25}
INVALID_RISK_UNIT,risk_unit == 0 or non-finite,NQU22-CME,9322780,2022-07-07 19:09:06.542000+00:00,12146.25,{'stop_loss_price': 12146.25}
INVALID_RISK_UNIT,risk_unit == 0 or non-finite,NQU22-CME,9322781,2022-07-07 19:09:06.552000+00:00,12146.25,{'stop_loss_price': 12146.25}
INVALID_RISK_UNIT,risk_unit == 0 or non-finite,NQU22-CME,9322787,2022-07-07 19:09:06.969000+00:00,12146.25,{'stop_loss_price': 12146.25}
INVALID_RISK_UNIT,risk_unit == 0 or non-finite,NQU22-CME,9322788,2022-07-07 19:09:06.969001+00:00,12146.25,{'stop_loss_price': 12146.25}
INVALID_RISK_UNIT,risk_unit == 0 or non-finite,NQU22-CME,9322793,2022-07-07 19:09:07.776000+00:00,12146.25,{'stop_loss_price': 12146.25}
INVALID_RISK_UNIT,risk_unit == 0 or non-finite,NQU22-CME,9322794,2022-07-07 19:09:07.776001+00:00,12146.25,{'stop_loss_price': 12146.25}
INVALID_RISK_UNIT,risk_unit == 0 or non-finite,NQU22-CME,9322799,2022-07-07 19:09:08.283000+00:00,12146.25,{'stop_loss_price': 12146.25}
INVALID_RISK_UNIT,risk_unit == 0 or non-finite,NQU22-CME,9322800,2022-07-07 19:09:08.647000+00:00,12146.25,{'stop_loss_price': 12146.25}
INVALID_RISK_UNIT,risk_unit == 0 or non-finite,NQU22-CME,9322801,2022-07-07 19:09:08.647001+00:00,12146.25,{'stop_loss_price': 12146.25}
INVALID_RISK_UNIT,risk_unit == 0 or non-finite,NQU22-CME,9322804,2022-07-07 19:09:09.543000+00:00,12146.25,{'stop_loss_price': 12146.25}
INVALID_RISK_UNIT,risk_unit == 0 or non-finite,NQU22-CME,9347474,2022-07-07 19:37:02.383000+00:00,12146.0,{'stop_loss_price': 12146.0}
INVALID_RISK_UNIT,risk_unit == 0 or non-finite,NQU22-CME,9347475,2022-07-07 19:37:02.383001+00:00,12146.0,{'stop_loss_price': 12146.0}
INVALID_RISK_UNIT,risk_unit == 0 or non-finite,NQU22-CME,9360992,2022-07-07 19:50:01.043000+00:00,12146.25,{'stop_loss_price': 12146.25}
INVALID_RISK_UNIT,risk_unit == 0 or non-finite,NQU22-CME,9413006,2022-07-08 02:53:34.677000+00:00,12093.25,{'stop_loss_price': 12093.25}
INVALID_RISK_UNIT,risk_unit == 0 or non-finite,NQU22-CME,9496457,2022-07-08 12:44:55.833003+00:00,11999.25,{'stop_loss_price': 11999.25}
INVALID_RISK_UNIT,risk_unit == 0 or non-finite,NQU22-CME,9496458,2022-07-08 12:44:55.833004+00:00,11999.25,{'stop_loss_price': 11999.25}
INVALID_RISK_UNIT,risk_unit == 0 or non-finite,NQU22-CME,9496459,2022-07-08 12:44:55.833005+00:00,11999.25,{'stop_loss_price': 11999.25}
INVALID_RISK_UNIT,risk_unit == 0 or non-finite,NQU22-CME,9505789,2022-07-08 12:52:07.040000+00:00,11987.25,{'stop_loss_price': 11987.25}
INVALID_RISK_UNIT,risk_unit == 0 or non-finite,NQU22-CME,9512090,2022-07-08 13:00:41.231000+00:00,12018.25,{'stop_loss_price': 12018.25}
INVALID_RISK_UNIT,risk_unit == 0 or non-finite,NQU22-CME,9597382,2022-07-08 14:00:23.034000+00:00,11995.0,{'stop_loss_price': 11995.0}
INVALID_RISK_UNIT,risk_unit == 0 or non-finite,NQU22-CME,9607283,2022-07-08 14:06:09.338000+00:00,12019.0,{'stop_loss_price': 12019.0}
INVALID_RISK_UNIT,risk_unit == 0 or non-finite,NQU22-CME,9616877,2022-07-08 14:12:37.479000+00:00,12044.25,{'stop_loss_price': 12044.25}
INVALID_RISK_UNIT,risk_unit == 0 or non-finite,NQU22-CME,9681451,2022-07-08 14:56:57.263000+00:00,12131.5,{'stop_loss_price': 12131.5}
INVALID_RISK_UNIT,risk_unit == 0 or non-finite,NQU22-CME,9687145,2022-07-08 15:00:51.443000+00:00,12143.5,{'stop_loss_price': 12143.5}
INVALID_RISK_UNIT,risk_unit == 0 or non-finite,NQU22-CME,9732145,2022-07-08 15:38:38.630000+00:00,12185.25,{'stop_loss_price': 12185.25}
INVALID_RISK_UNIT,risk_unit == 0 or non-finite,NQU22-CME,9739850,2022-07-08 15:48:13.015000+00:00,12163.25,{'stop_loss_price': 12163.25}
INVALID_RISK_UNIT,risk_unit == 0 or non-finite,NQU22-CME,9739851,2022-07-08 15:48:13.039000+00:00,12163.25,{'stop_loss_price': 12163.25}
INVALID_RISK_UNIT,risk_unit == 0 or non-finite,NQU22-CME,9739852,2022-07-08 15:48:13.039001+00:00,12163.25,{'stop_loss_price': 12163.25}
INVALID_RISK_UNIT,risk_unit == 0 or non-finite,NQU22-CME,9739853,2022-07-08 15:48:13.039002+00:00,12163.25,{'stop_loss_price': 12163.25}
INVALID_RISK_UNIT,risk_unit == 0 or non-finite,NQU22-CME,9739854,2022-07-08 15:48:13.059000+00:00,12163.25,{'stop_loss_price': 12163.25}
INVALID_RISK_UNIT,risk_unit == 0 or non-finite,NQU22-CME,9739855,2022-07-08 15:48:13.059001+00:00,12163.25,{'stop_loss_price': 12163.25}
INVALID_RISK_UNIT,risk_unit == 0 or non-finite,NQU22-CME,9739864,2022-07-08 15:48:13.060000+00:00,12163.25,{'stop_loss_price': 12163.25}
INVALID_RISK_UNIT,risk_unit == 0 or non-finite,NQU22-CME,9762344,2022-07-08 16:10:13.280000+00:00,12141.5,{'stop_loss_price': 12141.5}
INVALID_RISK_UNIT,risk_unit == 0 or non-finite,NQU22-CME,9810170,2022-07-08 16:56:34.795000+00:00,12069.0,{'stop_loss_price': 12069.0}
INVALID_RISK_UNIT,risk_unit == 0 or non-finite,NQU22-CME,9814579,2022-07-08 17:02:42.206000+00:00,12054.5,{'stop_loss_price': 12054.5}
INVALID_RISK_UNIT,risk_unit == 0 or non-finite,NQU22-CME,9824041,2022-07-08 17:11:41.169000+00:00,12085.25,{'stop_loss_price': 12085.25}
INVALID_RISK_UNIT,risk_unit == 0 or non-finite,NQU22-CME,9831840,2022-07-08 17:25:09.619000+00:00,12084.25,{'stop_loss_price': 12084.25}
INVALID_RISK_UNIT,risk_unit == 0 or non-finite,NQU22-CME,9869329,2022-07-08 18:13:02.421000+00:00,12140.25,{'stop_loss_price': 12140.25}
INVALID_RISK_UNIT,risk_unit == 0 or non-finite,NQU22-CME,9879942,2022-07-08 18:30:00.307000+00:00,12166.75,{'stop_loss_price': 12166.75}
INVALID_RISK_UNIT,risk_unit == 0 or non-finite,NQU22-CME,9883639,2022-07-08 18:35:07.009000+00:00,12179.25,{'stop_loss_price': 12179.25}
INVALID_RISK_UNIT,risk_unit == 0 or non-finite,NQU22-CME,9909816,2022-07-08 19:06:30.457000+00:00,12173.75,{'stop_loss_price': 12173.75}
INVALID_RISK_UNIT,risk_unit == 0 or non-finite,NQU22-CME,9931087,2022-07-08 19:36:08.942000+00:00,12161.0,{'stop_loss_price': 12161.0}
INVALID_RISK_UNIT,risk_unit == 0 or non-finite,NQU22-CME,9969011,2022-07-10 22:14:50.516000+00:00,12113.5,{'stop_loss_price': 12113.5}
INVALID_RISK_UNIT,risk_unit == 0 or non-finite,NQU22-CME,9970609,2022-07-10 22:28:55.898000+00:00,12107.0,{'stop_loss_price': 12107.0}
INVALID_RISK_UNIT,risk_unit == 0 or non-finite,NQU22-CME,9971826,2022-07-10 22:56:03.975000+00:00,12111.25,{'stop_loss_price': 12111.25}
INVALID_RISK_UNIT,risk_unit == 0 or non-finite,NQU22-CME,10011791,2022-07-11 06:41:50.400000+00:00,12025.25,{'stop_loss_price': 12025.25}
INVALID_RISK_UNIT,risk_unit == 0 or non-finite,NQU22-CME,10011792,2022-07-11 06:41:52.043000+00:00,12025.25,{'stop_loss_price': 12025.25}
INVALID_RISK_UNIT,risk_unit == 0 or non-finite,NQU22-CME,10040911,2022-07-11 10:27:33.814001+00:00,12074.75,{'stop_loss_price': 12074.75}
INVALID_RISK_UNIT,risk_unit == 0 or non-finite,NQU22-CME,10047559,2022-07-11 11:47:45.844000+00:00,12050.5,{'stop_loss_price': 12050.5}
INVALID_RISK_UNIT,risk_unit == 0 or non-finite,NQU22-CME,10070181,2022-07-11 13:30:36.741000+00:00,12031.0,{'stop_loss_price': 12031.0}
INVALID_RISK_UNIT,risk_unit == 0 or non-finite,NQU22-CME,10095566,2022-07-11 13:37:25.033000+00:00,11953.0,{'stop_loss_price': 11953.0}
INVALID_RISK_UNIT,risk_unit == 0 or non-finite,NQU22-CME,10109607,2022-07-11 13:41:20.733000+00:00,11909.5,{'stop_loss_price': 11909.5}
INVALID_RISK_UNIT,risk_unit == 0 or non-finite,NQU22-CME,10109608,2022-07-11 13:41:20.733001+00:00,11909.5,{'stop_loss_price': 11909.5}
INVALID_RISK_UNIT,risk_unit == 0 or non-finite,NQU22-CME,10137924,2022-07-11 13:52:59.711000+00:00,11857.0,{'stop_loss_price': 11857.0}
INVALID_RISK_UNIT,risk_unit == 0 or non-finite,NQU22-CME,10137925,2022-07-11 13:52:59.711001+00:00,11857.0,{'stop_loss_price': 11857.0}
INVALID_RISK_UNIT,risk_unit == 0 or non-finite,NQU22-CME,10137926,2022-07-11 13:52:59.711002+00:00,11857.0,{'stop_loss_price': 11857.0}
INVALID_RISK_UNIT,risk_unit == 0 or non-finite,NQU22-CME,10137954,2022-07-11 13:53:00.493001+00:00,11857.5,{'stop_loss_price': 11857.5}
INVALID_RISK_UNIT,risk_unit == 0 or non-finite,NQU22-CME,10137955,2022-07-11 13:53:00.493002+00:00,11857.5,{'stop_loss_price': 11857.5}
INVALID_RISK_UNIT,risk_unit == 0 or non-finite,NQU22-CME,10137956,2022-07-11 13:53:00.493003+00:00,11857.5,{'stop_loss_price': 11857.5}
INVALID_RISK_UNIT,risk_unit == 0 or non-finite,NQU22-CME,10137957,2022-07-11 13:53:00.494000+00:00,11857.5,{'stop_loss_price': 11857.5}
INVALID_RISK_UNIT,risk_unit == 0 or non-finite,NQU22-CME,10137958,2022-07-11 13:53:00.529000+00:00,11857.5,{'stop_loss_price': 11857.5}
INVALID_RISK_UNIT,risk_unit == 0 or non-finite,NQU22-CME,10156884,2022-07-11 14:02:33.520000+00:00,11868.0,{'stop_loss_price': 11868.0}
INVALID_RISK_UNIT,risk_unit == 0 or non-finite,NQU22-CME,10201542,2022-07-11 14:34:09.231000+00:00,11925.75,{'stop_loss_price': 11925.75}
INVALID_RISK_UNIT,risk_unit == 0 or non-finite,NQU22-CME,10206335,2022-07-11 14:38:24.774000+00:00,11947.5,{'stop_loss_price': 11947.5}
INVALID_RISK_UNIT,risk_unit == 0 or non-finite,NQU22-CME,10206336,2022-07-11 14:38:24.777000+00:00,11947.5,{'stop_loss_price': 11947.5}
INVALID_RISK_UNIT,risk_unit == 0 or non-finite,NQU22-CME,10206337,2022-07-11 14:38:24.888000+00:00,11947.5,{'stop_loss_price': 11947.5}
INVALID_RISK_UNIT,risk_unit == 0 or non-finite,NQU22-CME,10219626,2022-07-11 14:47:03.796000+00:00,11937.5,{'stop_loss_price': 11937.5}
INVALID_RISK_UNIT,risk_unit == 0 or non-finite,NQU22-CME,10219627,2022-07-11 14:47:03.796001+00:00,11937.5,{'stop_loss_price': 11937.5}
INVALID_RISK_UNIT,risk_unit == 0 or non-finite,NQU22-CME,10219628,2022-07-11 14:47:03.796002+00:00,11937.5,{'stop_loss_price': 11937.5}
INVALID_RISK_UNIT,risk_unit == 0 or non-finite,NQU22-CME,10252344,2022-07-11 15:15:39.969003+00:00,11954.0,{'stop_loss_price': 11954.0}
INVALID_RISK_UNIT,risk_unit == 0 or non-finite,NQU22-CME,10252345,2022-07-11 15:15:39.969004+00:00,11954.0,{'stop_loss_price': 11954.0}
INVALID_RISK_UNIT,risk_unit == 0 or non-finite,NQU22-CME,10252346,2022-07-11 15:15:39.969005+00:00,11954.0,{'stop_loss_price': 11954.0}
INVALID_RISK_UNIT,risk_unit == 0 or non-finite,NQU22-CME,10252347,2022-07-11 15:15:39.969006+00:00,11954.0,{'stop_loss_price': 11954.0}
INVALID_RISK_UNIT,risk_unit == 0 or non-finite,NQU22-CME,10252348,2022-07-11 15:15:39.969007+00:00,11954.0,{'stop_loss_price': 11954.0}
INVALID_RISK_UNIT,risk_unit == 0 or non-finite,NQU22-CME,10262378,2022-07-11 15:26:20.364000+00:00,11931.5,{'stop_loss_price': 11931.5}
INVALID_RISK_UNIT,risk_unit == 0 or non-finite,NQU22-CME,10267555,2022-07-11 15:33:41.676000+00:00,11926.0,{'stop_loss_price': 11926.0}
INVALID_RISK_UNIT,risk_unit == 0 or non-finite,NQU22-CME,10313067,2022-07-11 16:38:21.979000+00:00,11933.75,{'stop_loss_price': 11933.75}
INVALID_RISK_UNIT,risk_unit == 0 or non-finite,NQU22-CME,10324565,2022-07-11 17:02:00.696000+00:00,11928.75,{'stop_loss_price': 11928.75}
INVALID_RISK_UNIT,risk_unit == 0 or non-finite,NQU22-CME,10324566,2022-07-11 17:02:00.755000+00:00,11928.75,{'stop_loss_price': 11928.75}
INVALID_RISK_UNIT,risk_unit == 0 or non-finite,NQU22-CME,10324567,2022-07-11 17:02:00.998000+00:00,11928.75,{'stop_loss_price': 11928.75}
INVALID_RISK_UNIT,risk_unit == 0 or non-finite,NQU22-CME,10373586,2022-07-11 18:10:21.593000+00:00,11952.5,{'stop_loss_price': 11952.5}
INVALID_RISK_UNIT,risk_unit == 0 or non-finite,NQU22-CME,10397592,2022-07-11 18:50:04.327000+00:00,11933.25,{'stop_loss_price': 11933.25}
INVALID_RISK_UNIT,risk_unit == 0 or non-finite,NQU22-CME,10397593,2022-07-11 18:50:04.437000+00:00,11933.25,{'stop_loss_price': 11933.25}
INVALID_RISK_UNIT,risk_unit == 0 or non-finite,NQU22-CME,10417470,2022-07-11 19:09:05.265000+00:00,11893.75,{'stop_loss_price': 11893.75}
INVALID_RISK_UNIT,risk_unit == 0 or non-finite,NQU22-CME,10427930,2022-07-11 19:22:34.353000+00:00,11887.5,{'stop_loss_price': 11887.5}
INVALID_RISK_UNIT,risk_unit == 0 or non-finite,NQU22-CME,10428196,2022-07-11 19:22:47.771000+00:00,11884.5,{'stop_loss_price': 11884.5}
INVALID_RISK_UNIT,risk_unit == 0 or non-finite,NQU22-CME,10432256,2022-07-11 19:29:23.350000+00:00,11897.75,{'stop_loss_price': 11897.75}
INVALID_RISK_UNIT,risk_unit == 0 or non-finite,NQU22-CME,10486540,2022-07-12 00:01:05.932000+00:00,11899.25,{'stop_loss_price': 11899.25}
INVALID_RISK_UNIT,risk_unit == 0 or non-finite,NQU22-CME,10486541,2022-07-12 00:01:05.932001+00:00,11899.25,{'stop_loss_price': 11899.25}
INVALID_RISK_UNIT,risk_unit == 0 or non-finite,NQU22-CME,10486542,2022-07-12 00:01:05.932002+00:00,11899.25,{'stop_loss_price': 11899.25}
INVALID_RISK_UNIT,risk_unit == 0 or non-finite,NQU22-CME,10573627,2022-07-12 11:58:07.583000+00:00,11881.5,{'stop_loss_price': 11881.5}
INVALID_RISK_UNIT,risk_unit == 0 or non-finite,NQU22-CME,10647473,2022-07-12 13:44:38.224000+00:00,11969.0,{'stop_loss_price': 11969.0}
INVALID_RISK_UNIT,risk_unit == 0 or non-finite,NQU22-CME,10647474,2022-07-12 13:44:38.224001+00:00,11969.0,{'stop_loss_price': 11969.0}
INVALID_RISK_UNIT,risk_unit == 0 or non-finite,NQU22-CME,10647478,2022-07-12 13:44:38.239000+00:00,11969.0,{'stop_loss_price': 11969.0}
INVALID_RISK_UNIT,risk_unit == 0 or non-finite,NQU22-CME,10649516,2022-07-12 13:45:24.833002+00:00,11963.5,{'stop_loss_price': 11963.5}
INVALID_RISK_UNIT,risk_unit == 0 or non-finite,NQU22-CME,10649517,2022-07-12 13:45:24.833003+00:00,11963.5,{'stop_loss_price': 11963.5}
INVALID_RISK_UNIT,risk_unit == 0 or non-finite,NQU22-CME,10649518,2022-07-12 13:45:24.833004+00:00,11963.5,{'stop_loss_price': 11963.5}
INVALID_RISK_UNIT,risk_unit == 0 or non-finite,NQU22-CME,10649519,2022-07-12 13:45:24.833005+00:00,11963.5,{'stop_loss_price': 11963.5}
INVALID_RISK_UNIT,risk_unit == 0 or non-finite,NQU22-CME,10649520,2022-07-12 13:45:24.833006+00:00,11963.5,{'stop_loss_price': 11963.5}
INVALID_RISK_UNIT,risk_unit == 0 or non-finite,NQU22-CME,10649521,2022-07-12 13:45:24.833007+00:00,11963.5,{'stop_loss_price': 11963.5}
INVALID_RISK_UNIT,risk_unit == 0 or non-finite,NQU22-CME,10649522,2022-07-12 13:45:24.833008+00:00,11963.5,{'stop_loss_price': 11963.5}
INVALID_RISK_UNIT,risk_unit == 0 or non-finite,NQU22-CME,10649523,2022-07-12 13:45:24.833009+00:00,11963.5,{'stop_loss_price': 11963.5}
INVALID_RISK_UNIT,risk_unit == 0 or non-finite,NQU22-CME,10649524,2022-07-12 13:45:24.833010+00:00,11963.5,{'stop_loss_price': 11963.5}
INVALID_RISK_UNIT,risk_unit == 0 or non-finite,NQU22-CME,10649525,2022-07-12 13:45:24.833011+00:00,11963.5,{'stop_loss_price': 11963.5}
INVALID_RISK_UNIT,risk_unit == 0 or non-finite,NQU22-CME,10649526,2022-07-12 13:45:24.833012+00:00,11963.5,{'stop_loss_price': 11963.5}
INVALID_RISK_UNIT,risk_unit == 0 or non-finite,NQU22-CME,10649527,2022-07-12 13:45:24.834000+00:00,11963.5,{'stop_loss_price': 11963.5}
INVALID_RISK_UNIT,risk_unit == 0 or non-finite,NQU22-CME,10649528,2022-07-12 13:45:24.834001+00:00,11963.5,{'stop_loss_price': 11963.5}
INVALID_RISK_UNIT,risk_unit == 0 or non-finite,NQU22-CME,10649529,2022-07-12 13:45:24.834002+00:00,11963.5,{'stop_loss_price': 11963.5}
INVALID_RISK_UNIT,risk_unit == 0 or non-finite,NQU22-CME,10651751,2022-07-12 13:46:14.548000+00:00,11935.5,{'stop_loss_price': 11935.5}
INVALID_RISK_UNIT,risk_unit == 0 or non-finite,NQU22-CME,10667627,2022-07-12 13:52:09.156000+00:00,11905.75,{'stop_loss_price': 11905.75}
INVALID_RISK_UNIT,risk_unit == 0 or non-finite,NQU22-CME,10708842,2022-07-12 14:11:47.984000+00:00,11824.5,{'stop_loss_price': 11824.5}
INVALID_RISK_UNIT,risk_unit == 0 or non-finite,NQU22-CME,10773881,2022-07-12 14:57:20.224003+00:00,11864.75,{'stop_loss_price': 11864.75}
INVALID_RISK_UNIT,risk_unit == 0 or non-finite,NQU22-CME,10791890,2022-07-12 15:12:46.023000+00:00,11927.25,{'stop_loss_price': 11927.25}
INVALID_RISK_UNIT,risk_unit == 0 or non-finite,NQU22-CME,10791891,2022-07-12 15:12:46.023001+00:00,11927.25,{'stop_loss_price': 11927.25}
INVALID_RISK_UNIT,risk_unit == 0 or non-finite,NQU22-CME,10791892,2022-07-12 15:12:46.023002+00:00,11927.25,{'stop_loss_price': 11927.25}
INVALID_RISK_UNIT,risk_unit == 0 or non-finite,NQU22-CME,10891159,2022-07-12 17:28:16.140000+00:00,11879.25,{'stop_loss_price': 11879.25}
INVALID_RISK_UNIT,risk_unit == 0 or non-finite,NQU22-CME,10910156,2022-07-12 18:09:11.420000+00:00,11878.0,{'stop_loss_price': 11878.0}
INVALID_RISK_UNIT,risk_unit == 0 or non-finite,NQU22-CME,10915116,2022-07-12 18:22:17.013000+00:00,11878.25,{'stop_loss_price': 11878.25}
INVALID_RISK_UNIT,risk_unit == 0 or non-finite,NQU22-CME,10915117,2022-07-12 18:22:17.013001+00:00,11878.25,{'stop_loss_price': 11878.25}
INVALID_RISK_UNIT,risk_unit == 0 or non-finite,NQU22-CME,10972979,2022-07-12 19:31:50.839000+00:00,11755.0,{'stop_loss_price': 11755.0}
INVALID_RISK_UNIT,risk_unit == 0 or non-finite,NQU22-CME,11015107,2022-07-12 19:59:45.517000+00:00,11781.5,{'stop_loss_price': 11781.5}
INVALID_RISK_UNIT,risk_unit == 0 or non-finite,NQU22-CME,11015108,2022-07-12 19:59:45.517001+00:00,11781.5,{'stop_loss_price': 11781.5}
INVALID_RISK_UNIT,risk_unit == 0 or non-finite,NQU22-CME,11015109,2022-07-12 19:59:45.517002+00:00,11781.5,{'stop_loss_price': 11781.5}
INVALID_RISK_UNIT,risk_unit == 0 or non-finite,NQU22-CME,11015110,2022-07-12 19:59:45.517003+00:00,11781.5,{'stop_loss_price': 11781.5}
INVALID_RISK_UNIT,risk_unit == 0 or non-finite,NQU22-CME,11043748,2022-07-13 01:07:13.891000+00:00,11813.25,{'stop_loss_price': 11813.25}
INVALID_RISK_UNIT,risk_unit == 0 or non-finite,NQU22-CME,11043749,2022-07-13 01:07:13.891001+00:00,11813.25,{'stop_loss_price': 11813.25}
INVALID_RISK_UNIT,risk_unit == 0 or non-finite,NQU22-CME,11078661,2022-07-13 08:12:03.563000+00:00,11782.0,{'stop_loss_price': 11782.0}
INVALID_RISK_UNIT,risk_unit == 0 or non-finite,NQU22-CME,11081652,2022-07-13 08:34:35.589000+00:00,11817.25,{'stop_loss_price': 11817.25}
INVALID_RISK_UNIT,risk_unit == 0 or non-finite,NQU22-CME,11110368,2022-07-13 12:29:21.758000+00:00,11848.0,{'stop_loss_price': 11848.0}
INVALID_RISK_UNIT,risk_unit == 0 or non-finite,NQU22-CME,11145856,2022-07-13 12:38:30.860000+00:00,11533.5,{'stop_loss_price': 11533.5}
INVALID_RISK_UNIT,risk_unit == 0 or non-finite,NQU22-CME,11162764,2022-07-13 12:46:17.053000+00:00,11499.75,{'stop_loss_price': 11499.75}
INVALID_RISK_UNIT,risk_unit == 0 or non-finite,NQU22-CME,11183072,2022-07-13 12:59:41.125000+00:00,11564.5,{'stop_loss_price': 11564.5}
INVALID_RISK_UNIT,risk_unit == 0 or non-finite,NQU22-CME,11316539,2022-07-13 14:06:45.993000+00:00,11634.75,{'stop_loss_price': 11634.75}
INVALID_RISK_UNIT,risk_unit == 0 or non-finite,NQU22-CME,11316540,2022-07-13 14:06:45.994000+00:00,11634.75,{'stop_loss_price': 11634.75}
INVALID_RISK_UNIT,risk_unit == 0 or non-finite,NQU22-CME,11343601,2022-07-13 14:20:28.852000+00:00,11604.5,{'stop_loss_price': 11604.5}
INVALID_RISK_UNIT,risk_unit == 0 or non-finite,NQU22-CME,11343602,2022-07-13 14:20:28.877000+00:00,11604.5,{'stop_loss_price': 11604.5}
INVALID_RISK_UNIT,risk_unit == 0 or non-finite,NQU22-CME,11378233,2022-07-13 14:38:01.576000+00:00,11707.25,{'stop_loss_price': 11707.25}
INVALID_RISK_UNIT,risk_unit == 0 or non-finite,NQU22-CME,11378234,2022-07-13 14:38:01.764000+00:00,11707.25,{'stop_loss_price': 11707.25}
INVALID_RISK_UNIT,risk_unit == 0 or non-finite,NQU22-CME,11439461,2022-07-13 15:07:25.502000+00:00,11827.0,{'stop_loss_price': 11827.0}
INVALID_RISK_UNIT,risk_unit == 0 or non-finite,NQU22-CME,11450945,2022-07-13 15:16:35.518000+00:00,11800.25,{'stop_loss_price': 11800.25}
INVALID_RISK_UNIT,risk_unit == 0 or non-finite,NQU22-CME,11450946,2022-07-13 15:16:35.518001+00:00,11800.25,{'stop_loss_price': 11800.25}
INVALID_RISK_UNIT,risk_unit == 0 or non-finite,NQU22-CME,11474807,2022-07-13 15:42:04.587000+00:00,11744.5,{'stop_loss_price': 11744.5}
INVALID_RISK_UNIT,risk_unit == 0 or non-finite,NQU22-CME,11474808,2022-07-13 15:42:04.587001+00:00,11744.5,{'stop_loss_price': 11744.5}
INVALID_RISK_UNIT,risk_unit == 0 or non-finite,NQU22-CME,11474809,2022-07-13 15:42:04.587002+00:00,11744.5,{'stop_loss_price': 11744.5}
INVALID_RISK_UNIT,risk_unit == 0 or non-finite,NQU22-CME,11474810,2022-07-13 15:42:04.587003+00:00,11744.5,{'stop_loss_price': 11744.5}
INVALID_RISK_UNIT,risk_unit == 0 or non-finite,NQU22-CME,11474812,2022-07-13 15:42:05.119000+00:00,11744.5,{'stop_loss_price': 11744.5}
INVALID_RISK_UNIT,risk_unit == 0 or non-finite,NQU22-CME,11474876,2022-07-13 15:42:12.214000+00:00,11743.0,{'stop_loss_price': 11743.0}
INVALID_RISK_UNIT,risk_unit == 0 or non-finite,NQU22-CME,11478453,2022-07-13 15:45:34.902000+00:00,11706.75,{'stop_loss_price': 11706.75}
INVALID_RISK_UNIT,risk_unit == 0 or non-finite,NQU22-CME,11536220,2022-07-13 17:02:48.419009+00:00,11842.25,{'stop_loss_price': 11842.25}
INVALID_RISK_UNIT,risk_unit == 0 or non-finite,NQU22-CME,11536221,2022-07-13 17:02:48.419010+00:00,11842.25,{'stop_loss_price': 11842.25}
INVALID_RISK_UNIT,risk_unit == 0 or non-finite,NQU22-CME,11536222,2022-07-13 17:02:48.419011+00:00,11842.25,{'stop_loss_price': 11842.25}
INVALID_RISK_UNIT,risk_unit == 0 or non-finite,NQU22-CME,11579971,2022-07-13 18:01:02.292001+00:00,11766.25,{'stop_loss_price': 11766.25}
INVALID_RISK_UNIT,risk_unit == 0 or non-finite,NQU22-CME,11579972,2022-07-13 18:01:02.292002+00:00,11766.25,{'stop_loss_price': 11766.25}
INVALID_RISK_UNIT,risk_unit == 0 or non-finite,NQU22-CME,11579973,2022-07-13 18:01:02.292003+00:00,11766.25,{'stop_loss_price': 11766.25}
INVALID_RISK_UNIT,risk_unit == 0 or non-finite,NQU22-CME,11579974,2022-07-13 18:01:02.292004+00:00,11766.25,{'stop_loss_price': 11766.25}
INVALID_RISK_UNIT,risk_unit == 0 or non-finite,NQU22-CME,11579975,2022-07-13 18:01:02.292005+00:00,11766.25,{'stop_loss_price': 11766.25}
INVALID_RISK_UNIT,risk_unit == 0 or non-finite,NQU22-CME,11626481,2022-07-13 18:55:08.224000+00:00,11813.5,{'stop_loss_price': 11813.5}
INVALID_RISK_UNIT,risk_unit == 0 or non-finite,NQU22-CME,11653850,2022-07-13 19:31:32.726000+00:00,11774.75,{'stop_loss_price': 11774.75}
INVALID_RISK_UNIT,risk_unit == 0 or non-finite,NQU22-CME,11656894,2022-07-13 19:35:02.199000+00:00,11766.25,{'stop_loss_price': 11766.25}
INVALID_RISK_UNIT,risk_unit == 0 or non-finite,NQU22-CME,11661237,2022-07-13 19:40:51.850000+00:00,11776.75,{'stop_loss_price': 11776.75}
INVALID_RISK_UNIT,risk_unit == 0 or non-finite,NQU22-CME,11673716,2022-07-13 19:54:44.119000+00:00,11782.25,{'stop_loss_price': 11782.25}
INVALID_RISK_UNIT,risk_unit == 0 or non-finite,NQU22-CME,11675025,2022-07-13 19:55:28.441000+00:00,11770.5,{'stop_loss_price': 11770.5}
INVALID_RISK_UNIT,risk_unit == 0 or non-finite,NQU22-CME,11681612,2022-07-13 19:59:49.289000+00:00,11763.75,{'stop_loss_price': 11763.75}
INVALID_RISK_UNIT,risk_unit == 0 or non-finite,NQU22-CME,11681613,2022-07-13 19:59:49.289001+00:00,11763.75,{'stop_loss_price': 11763.75}
INVALID_RISK_UNIT,risk_unit == 0 or non-finite,NQU22-CME,11681614,2022-07-13 19:59:49.308000+00:00,11763.75,{'stop_loss_price': 11763.75}
INVALID_RISK_UNIT,risk_unit == 0 or non-finite,NQU22-CME,11681615,2022-07-13 19:59:49.308001+00:00,11763.75,{'stop_loss_price': 11763.75}
INVALID_RISK_UNIT,risk_unit == 0 or non-finite,NQU22-CME,11681616,2022-07-13 19:59:49.308002+00:00,11763.75,{'stop_loss_price': 11763.75}
INVALID_RISK_UNIT,risk_unit == 0 or non-finite,NQU22-CME,11681617,2022-07-13 19:59:49.308003+00:00,11763.75,{'stop_loss_price': 11763.75}
INVALID_RISK_UNIT,risk_unit == 0 or non-finite,NQU22-CME,11705293,2022-07-13 23:52:42.648000+00:00,11679.0,{'stop_loss_price': 11679.0}
INVALID_RISK_UNIT,risk_unit == 0 or non-finite,NQU22-CME,11713310,2022-07-14 01:27:02.961000+00:00,11714.0,{'stop_loss_price': 11714.0}
INVALID_RISK_UNIT,risk_unit == 0 or non-finite,NQU22-CME,11743729,2022-07-14 07:20:38.283000+00:00,11714.0,{'stop_loss_price': 11714.0}
INVALID_RISK_UNIT,risk_unit == 0 or non-finite,NQU22-CME,11768862,2022-07-14 09:14:22.787000+00:00,11642.75,{'stop_loss_price': 11642.75}
INVALID_RISK_UNIT,risk_unit == 0 or non-finite,NQU22-CME,11769336,2022-07-14 09:16:07.368000+00:00,11635.25,{'stop_loss_price': 11635.25}
INVALID_RISK_UNIT,risk_unit == 0 or non-finite,NQU22-CME,11769337,2022-07-14 09:16:07.841000+00:00,11635.25,{'stop_loss_price': 11635.25}
INVALID_RISK_UNIT,risk_unit == 0 or non-finite,NQU22-CME,11769338,2022-07-14 09:16:08.475000+00:00,11635.25,{'stop_loss_price': 11635.25}
INVALID_RISK_UNIT,risk_unit == 0 or non-finite,NQU22-CME,11769339,2022-07-14 09:16:09.871000+00:00,11635.25,{'stop_loss_price': 11635.25}
INVALID_RISK_UNIT,risk_unit == 0 or non-finite,NQU22-CME,11769340,2022-07-14 09:16:09.871001+00:00,11635.25,{'stop_loss_price': 11635.25}
INVALID_RISK_UNIT,risk_unit == 0 or non-finite,NQU22-CME,11769341,2022-07-14 09:16:09.871002+00:00,11635.25,{'stop_loss_price': 11635.25}
INVALID_RISK_UNIT,risk_unit == 0 or non-finite,NQU22-CME,11828735,2022-07-14 13:23:45.120000+00:00,11652.5,{'stop_loss_price': 11652.5}
INVALID_RISK_UNIT,risk_unit == 0 or non-finite,NQU22-CME,11847941,2022-07-14 13:34:11.613000+00:00,11588.0,{'stop_loss_price': 11588.0}
INVALID_RISK_UNIT,risk_unit == 0 or non-finite,NQU22-CME,11918306,2022-07-14 14:09:00.135000+00:00,11529.5,{'stop_loss_price': 11529.5}
INVALID_RISK_UNIT,risk_unit == 0 or non-finite,NQU22-CME,11939594,2022-07-14 14:23:44.196000+00:00,11557.25,{'stop_loss_price': 11557.25}
INVALID_RISK_UNIT,risk_unit == 0 or non-finite,NQU22-CME,11942554,2022-07-14 14:25:47.460000+00:00,11549.25,{'stop_loss_price': 11549.25}
INVALID_RISK_UNIT,risk_unit == 0 or non-finite,NQU22-CME,11942555,2022-07-14 14:25:47.460001+00:00,11549.25,{'stop_loss_price': 11549.25}
INVALID_RISK_UNIT,risk_unit == 0 or non-finite,NQU22-CME,11946238,2022-07-14 14:29:04.779000+00:00,11554.75,{'stop_loss_price': 11554.75}
INVALID_RISK_UNIT,risk_unit == 0 or non-finite,NQU22-CME,11949140,2022-07-14 14:31:13.319000+00:00,11544.0,{'stop_loss_price': 11544.0}
INVALID_RISK_UNIT,risk_unit == 0 or non-finite,NQU22-CME,11994791,2022-07-14 15:05:09.357000+00:00,11589.75,{'stop_loss_price': 11589.75}
INVALID_RISK_UNIT,risk_unit == 0 or non-finite,NQU22-CME,12003307,2022-07-14 15:10:57.317000+00:00,11644.25,{'stop_loss_price': 11644.25}
INVALID_RISK_UNIT,risk_unit == 0 or non-finite,NQU22-CME,12031785,2022-07-14 15:34:23.974000+00:00,11633.5,{'stop_loss_price': 11633.5}
INVALID_RISK_UNIT,risk_unit == 0 or non-finite,NQU22-CME,12034302,2022-07-14 15:36:54.202000+00:00,11630.0,{'stop_loss_price': 11630.0}
INVALID_RISK_UNIT,risk_unit == 0 or non-finite,NQU22-CME,12065069,2022-07-14 16:01:20.371002+00:00,11698.25,{'stop_loss_price': 11698.25}
INVALID_RISK_UNIT,risk_unit == 0 or non-finite,NQU22-CME,12154335,2022-07-14 18:08:31.376000+00:00,11737.25,{'stop_loss_price': 11737.25}
INVALID_RISK_UNIT,risk_unit == 0 or non-finite,NQU22-CME,12154336,2022-07-14 18:08:31.376001+00:00,11737.25,{'stop_loss_price': 11737.25}
INVALID_RISK_UNIT,risk_unit == 0 or non-finite,NQU22-CME,12172032,2022-07-14 18:25:05.034002+00:00,11796.25,{'stop_loss_price': 11796.25}
INVALID_RISK_UNIT,risk_unit == 0 or non-finite,NQU22-CME,12176674,2022-07-14 18:28:43.746000+00:00,11795.0,{'stop_loss_price': 11795.0}
INVALID_RISK_UNIT,risk_unit == 0 or non-finite,NQU22-CME,12197533,2022-07-14 18:48:04.193000+00:00,11796.0,{'stop_loss_price': 11796.0}
INVALID_RISK_UNIT,risk_unit == 0 or non-finite,NQU22-CME,12197534,2022-07-14 18:48:04.200000+00:00,11796.0,{'stop_loss_price': 11796.0}
INVALID_RISK_UNIT,risk_unit == 0 or non-finite,NQU22-CME,12197535,2022-07-14 18:48:04.200001+00:00,11796.0,{'stop_loss_price': 11796.0}
INVALID_RISK_UNIT,risk_unit == 0 or non-finite,NQU22-CME,12248464,2022-07-14 19:47:19.997000+00:00,11776.25,{'stop_loss_price': 11776.25}
INVALID_RISK_UNIT,risk_unit == 0 or non-finite,NQU22-CME,12260325,2022-07-14 19:55:55.724000+00:00,11798.0,{'stop_loss_price': 11798.0}
INVALID_RISK_UNIT,risk_unit == 0 or non-finite,NQU22-CME,12260326,2022-07-14 19:55:55.724001+00:00,11798.0,{'stop_loss_price': 11798.0}
INVALID_RISK_UNIT,risk_unit == 0 or non-finite,NQU22-CME,12278855,2022-07-14 20:12:58.956005+00:00,11798.75,{'stop_loss_price': 11798.75}
INVALID_RISK_UNIT,risk_unit == 0 or non-finite,NQU22-CME,12278856,2022-07-14 20:12:58.956006+00:00,11798.75,{'stop_loss_price': 11798.75}
INVALID_RISK_UNIT,risk_unit == 0 or non-finite,NQU22-CME,12278857,2022-07-14 20:12:58.956007+00:00,11798.75,{'stop_loss_price': 11798.75}
INVALID_RISK_UNIT,risk_unit == 0 or non-finite,NQU22-CME,12278858,2022-07-14 20:12:58.956008+00:00,11798.75,{'stop_loss_price': 11798.75}
INVALID_RISK_UNIT,risk_unit == 0 or non-finite,NQU22-CME,12278859,2022-07-14 20:12:59.120000+00:00,11798.75,{'stop_loss_price': 11798.75}
INVALID_RISK_UNIT,risk_unit == 0 or non-finite,NQU22-CME,12278860,2022-07-14 20:12:59.120001+00:00,11798.75,{'stop_loss_price': 11798.75}
INVALID_RISK_UNIT,risk_unit == 0 or non-finite,NQU22-CME,12349474,2022-07-15 10:51:32.278000+00:00,11823.0,{'stop_loss_price': 11823.0}
INVALID_RISK_UNIT,risk_unit == 0 or non-finite,NQU22-CME,12349475,2022-07-15 10:51:32.278001+00:00,11823.0,{'stop_loss_price': 11823.0}
INVALID_RISK_UNIT,risk_unit == 0 or non-finite,NQU22-CME,12382250,2022-07-15 12:48:17.211000+00:00,11866.0,{'stop_loss_price': 11866.0}
INVALID_RISK_UNIT,risk_unit == 0 or non-finite,NQU22-CME,12382251,2022-07-15 12:48:17.211001+00:00,11866.0,{'stop_loss_price': 11866.0}
INVALID_RISK_UNIT,risk_unit == 0 or non-finite,NQU22-CME,12461274,2022-07-15 13:50:20.552002+00:00,11893.75,{'stop_loss_price': 11893.75}
INVALID_RISK_UNIT,risk_unit == 0 or non-finite,NQU22-CME,12465759,2022-07-15 13:52:08.040000+00:00,11871.25,{'stop_loss_price': 11871.25}
INVALID_RISK_UNIT,risk_unit == 0 or non-finite,NQU22-CME,12529815,2022-07-15 14:28:24.146000+00:00,11959.75,{'stop_loss_price': 11959.75}
INVALID_RISK_UNIT,risk_unit == 0 or non-finite,NQU22-CME,12568004,2022-07-15 15:07:11.121000+00:00,11965.75,{'stop_loss_price': 11965.75}
INVALID_RISK_UNIT,risk_unit == 0 or non-finite,NQU22-CME,12568005,2022-07-15 15:07:11.121001+00:00,11965.75,{'stop_loss_price': 11965.75}
INVALID_RISK_UNIT,risk_unit == 0 or non-finite,NQU22-CME,12568006,2022-07-15 15:07:11.121002+00:00,11965.75,{'stop_loss_price': 11965.75}
INVALID_RISK_UNIT,risk_unit == 0 or non-finite,NQU22-CME,12568007,2022-07-15 15:07:11.121003+00:00,11965.75,{'stop_loss_price': 11965.75}
INVALID_RISK_UNIT,risk_unit == 0 or non-finite,NQU22-CME,12568008,2022-07-15 15:07:11.121004+00:00,11965.75,{'stop_loss_price': 11965.75}
INVALID_RISK_UNIT,risk_unit == 0 or non-finite,NQU22-CME,12574308,2022-07-15 15:11:31.822000+00:00,11983.25,{'stop_loss_price': 11983.25}
INVALID_RISK_UNIT,risk_unit == 0 or non-finite,NQU22-CME,12588440,2022-07-15 15:27:06.957000+00:00,11986.75,{'stop_loss_price': 11986.75}
INVALID_RISK_UNIT,risk_unit == 0 or non-finite,NQU22-CME,12617476,2022-07-15 16:03:46.678003+00:00,11959.0,{'stop_loss_price': 11959.0}
INVALID_RISK_UNIT,risk_unit == 0 or non-finite,NQU22-CME,12632286,2022-07-15 16:20:25.711000+00:00,11942.0,{'stop_loss_price': 11942.0}
INVALID_RISK_UNIT,risk_unit == 0 or non-finite,NQU22-CME,12650285,2022-07-15 16:48:19.157000+00:00,11955.75,{'stop_loss_price': 11955.75}
INVALID_RISK_UNIT,risk_unit == 0 or non-finite,NQU22-CME,12651094,2022-07-15 16:49:36.698000+00:00,11959.5,{'stop_loss_price': 11959.5}
INVALID_RISK_UNIT,risk_unit == 0 or non-finite,NQU22-CME,12651095,2022-07-15 16:49:36.698001+00:00,11959.5,{'stop_loss_price': 11959.5}
INVALID_RISK_UNIT,risk_unit == 0 or non-finite,NQU22-CME,12651096,2022-07-15 16:49:36.698002+00:00,11959.5,{'stop_loss_price': 11959.5}
INVALID_RISK_UNIT,risk_unit == 0 or non-finite,NQU22-CME,12651097,2022-07-15 16:49:36.698003+00:00,11959.5,{'stop_loss_price': 11959.5}
INVALID_RISK_UNIT,risk_unit == 0 or non-finite,NQU22-CME,12670037,2022-07-15 17:22:57.390000+00:00,11960.0,{'stop_loss_price': 11960.0}
INVALID_RISK_UNIT,risk_unit == 0 or non-finite,NQU22-CME,12670038,2022-07-15 17:22:57.523000+00:00,11960.0,{'stop_loss_price': 11960.0}
INVALID_RISK_UNIT,risk_unit == 0 or non-finite,NQU22-CME,12670039,2022-07-15 17:22:57.804000+00:00,11960.0,{'stop_loss_price': 11960.0}
INVALID_RISK_UNIT,risk_unit == 0 or non-finite,NQU22-CME,12716050,2022-07-15 18:48:39.317000+00:00,11992.5,{'stop_loss_price': 11992.5}
INVALID_RISK_UNIT,risk_unit == 0 or non-finite,NQU22-CME,12716051,2022-07-15 18:48:39.317001+00:00,11992.5,{'stop_loss_price': 11992.5}
INVALID_RISK_UNIT,risk_unit == 0 or non-finite,NQU22-CME,12716052,2022-07-15 18:48:39.331000+00:00,11992.5,{'stop_loss_price': 11992.5}
INVALID_RISK_UNIT,risk_unit == 0 or non-finite,NQU22-CME,12716054,2022-07-15 18:48:39.333001+00:00,11992.5,{'stop_loss_price': 11992.5}
INVALID_RISK_UNIT,risk_unit == 0 or non-finite,NQU22-CME,12753502,2022-07-15 19:53:37.894000+00:00,11968.5,{'stop_loss_price': 11968.5}
INVALID_RISK_UNIT,risk_unit == 0 or non-finite,NQU22-CME,12755177,2022-07-15 19:54:45.436000+00:00,11982.25,{'stop_loss_price': 11982.25}
INVALID_RISK_UNIT,risk_unit == 0 or non-finite,NQU22-CME,12755178,2022-07-15 19:54:45.448000+00:00,11982.25,{'stop_loss_price': 11982.25}
INVALID_RISK_UNIT,risk_unit == 0 or non-finite,NQU22-CME,12755179,2022-07-15 19:54:45.448001+00:00,11982.25,{'stop_loss_price': 11982.25}
INVALID_RISK_UNIT,risk_unit == 0 or non-finite,NQU22-CME,12755180,2022-07-15 19:54:45.448002+00:00,11982.25,{'stop_loss_price': 11982.25}
INVALID_RISK_UNIT,risk_unit == 0 or non-finite,NQU22-CME,12755181,2022-07-15 19:54:45.448003+00:00,11982.25,{'stop_loss_price': 11982.25}
INVALID_RISK_UNIT,risk_unit == 0 or non-finite,NQU22-CME,12755182,2022-07-15 19:54:45.463000+00:00,11982.25,{'stop_loss_price': 11982.25}
INVALID_RISK_UNIT,risk_unit == 0 or non-finite,NQU22-CME,12755183,2022-07-15 19:54:45.464000+00:00,11982.25,{'stop_loss_price': 11982.25}
INVALID_RISK_UNIT,risk_unit == 0 or non-finite,NQU22-CME,12755184,2022-07-15 19:54:45.464001+00:00,11982.25,{'stop_loss_price': 11982.25}
INVALID_RISK_UNIT,risk_unit == 0 or non-finite,NQU22-CME,12755185,2022-07-15 19:54:45.464002+00:00,11982.25,{'stop_loss_price': 11982.25}
INVALID_RISK_UNIT,risk_unit == 0 or non-finite,NQU22-CME,12755186,2022-07-15 19:54:45.475000+00:00,11982.25,{'stop_loss_price': 11982.25}
INVALID_RISK_UNIT,risk_unit == 0 or non-finite,NQU22-CME,12769199,2022-07-15 19:59:59.207000+00:00,12003.5,{'stop_loss_price': 12003.5}
INVALID_RISK_UNIT,risk_unit == 0 or non-finite,NQU22-CME,12769200,2022-07-15 19:59:59.207001+00:00,12003.5,{'stop_loss_price': 12003.5}
INVALID_RISK_UNIT,risk_unit == 0 or non-finite,NQU22-CME,12769201,2022-07-15 19:59:59.207002+00:00,12003.5,{'stop_loss_price': 12003.5}
INVALID_RISK_UNIT,risk_unit == 0 or non-finite,NQU22-CME,12777224,2022-07-15 20:12:39.200000+00:00,12019.5,{'stop_loss_price': 12019.5}
INVALID_RISK_UNIT,risk_unit == 0 or non-finite,NQU22-CME,12795683,2022-07-18 02:07:18.478002+00:00,12051.0,{'stop_loss_price': 12051.0}
INVALID_RISK_UNIT,risk_unit == 0 or non-finite,NQU22-CME,12795684,2022-07-18 02:07:18.478003+00:00,12051.0,{'stop_loss_price': 12051.0}
INVALID_RISK_UNIT,risk_unit == 0 or non-finite,NQU22-CME,12795685,2022-07-18 02:07:18.478004+00:00,12051.0,{'stop_loss_price': 12051.0}
INVALID_RISK_UNIT,risk_unit == 0 or non-finite,NQU22-CME,12795686,2022-07-18 02:07:18.478005+00:00,12051.0,{'stop_loss_price': 12051.0}
INVALID_RISK_UNIT,risk_unit == 0 or non-finite,NQU22-CME,12795687,2022-07-18 02:07:18.478006+00:00,12051.0,{'stop_loss_price': 12051.0}
INVALID_RISK_UNIT,risk_unit == 0 or non-finite,NQU22-CME,12795688,2022-07-18 02:07:18.478007+00:00,12051.0,{'stop_loss_price': 12051.0}
INVALID_RISK_UNIT,risk_unit == 0 or non-finite,NQU22-CME,12795689,2022-07-18 02:07:18.478008+00:00,12051.0,{'stop_loss_price': 12051.0}
INVALID_RISK_UNIT,risk_unit == 0 or non-finite,NQU22-CME,12795690,2022-07-18 02:07:18.478009+00:00,12051.0,{'stop_loss_price': 12051.0}
INVALID_RISK_UNIT,risk_unit == 0 or non-finite,NQU22-CME,12795691,2022-07-18 02:07:18.478010+00:00,12051.0,{'stop_loss_price': 12051.0}
INVALID_RISK_UNIT,risk_unit == 0 or non-finite,NQU22-CME,12795692,2022-07-18 02:07:18.478011+00:00,12051.0,{'stop_loss_price': 12051.0}
INVALID_RISK_UNIT,risk_unit == 0 or non-finite,NQU22-CME,12795693,2022-07-18 02:07:18.478012+00:00,12051.0,{'stop_loss_price': 12051.0}
INVALID_RISK_UNIT,risk_unit == 0 or non-finite,NQU22-CME,12795694,2022-07-18 02:07:18.479000+00:00,12051.0,{'stop_loss_price': 12051.0}
INVALID_RISK_UNIT,risk_unit == 0 or non-finite,NQU22-CME,12813232,2022-07-18 06:55:44.056000+00:00,12118.0,{'stop_loss_price': 12118.0}
INVALID_RISK_UNIT,risk_unit == 0 or non-finite,NQU22-CME,12813233,2022-07-18 06:55:44.056001+00:00,12118.0,{'stop_loss_price': 12118.0}
INVALID_RISK_UNIT,risk_unit == 0 or non-finite,NQU22-CME,12823905,2022-07-18 07:52:42.865000+00:00,12156.0,{'stop_loss_price': 12156.0}
INVALID_RISK_UNIT,risk_unit == 0 or non-finite,NQU22-CME,12869386,2022-07-18 13:28:41.251000+00:00,12116.5,{'stop_loss_price': 12116.5}
INVALID_RISK_UNIT,risk_unit == 0 or non-finite,NQU22-CME,12869387,2022-07-18 13:28:41.251001+00:00,12116.5,{'stop_loss_price': 12116.5}
INVALID_RISK_UNIT,risk_unit == 0 or non-finite,NQU22-CME,12869388,2022-07-18 13:28:41.252000+00:00,12116.5,{'stop_loss_price': 12116.5}
INVALID_RISK_UNIT,risk_unit == 0 or non-finite,NQU22-CME,12869389,2022-07-18 13:28:41.264000+00:00,12116.5,{'stop_loss_price': 12116.5}
INVALID_RISK_UNIT,risk_unit == 0 or non-finite,NQU22-CME,12869390,2022-07-18 13:28:41.349000+00:00,12116.5,{'stop_loss_price': 12116.5}
INVALID_RISK_UNIT,risk_unit == 0 or non-finite,NQU22-CME,12887586,2022-07-18 13:34:34.210000+00:00,12144.75,{'stop_loss_price': 12144.75}
INVALID_RISK_UNIT,risk_unit == 0 or non-finite,NQU22-CME,12887587,2022-07-18 13:34:34.237000+00:00,12144.75,{'stop_loss_price': 12144.75}
INVALID_RISK_UNIT,risk_unit == 0 or non-finite,NQU22-CME,12933474,2022-07-18 13:55:43.462000+00:00,12185.5,{'stop_loss_price': 12185.5}
INVALID_RISK_UNIT,risk_unit == 0 or non-finite,NQU22-CME,12959195,2022-07-18 14:12:58.938000+00:00,12120.75,{'stop_loss_price': 12120.75}
INVALID_RISK_UNIT,risk_unit == 0 or non-finite,NQU22-CME,12963497,2022-07-18 14:16:09.071000+00:00,12131.5,{'stop_loss_price': 12131.5}
INVALID_RISK_UNIT,risk_unit == 0 or non-finite,NQU22-CME,12969652,2022-07-18 14:21:42.700000+00:00,12133.5,{'stop_loss_price': 12133.5}
INVALID_RISK_UNIT,risk_unit == 0 or non-finite,NQU22-CME,12969653,2022-07-18 14:21:42.700001+00:00,12133.5,{'stop_loss_price': 12133.5}
INVALID_RISK_UNIT,risk_unit == 0 or non-finite,NQU22-CME,12969654,2022-07-18 14:21:42.700002+00:00,12133.5,{'stop_loss_price': 12133.5}
INVALID_RISK_UNIT,risk_unit == 0 or non-finite,NQU22-CME,12969655,2022-07-18 14:21:42.700003+00:00,12133.5,{'stop_loss_price': 12133.5}
INVALID_RISK_UNIT,risk_unit == 0 or non-finite,NQU22-CME,12969656,2022-07-18 14:21:42.700004+00:00,12133.5,{'stop_loss_price': 12133.5}
INVALID_RISK_UNIT,risk_unit == 0 or non-finite,NQU22-CME,12991325,2022-07-18 14:45:46.614000+00:00,12116.5,{'stop_loss_price': 12116.5}
INVALID_RISK_UNIT,risk_unit == 0 or non-finite,NQU22-CME,12991326,2022-07-18 14:45:46.614001+00:00,12116.5,{'stop_loss_price': 12116.5}
INVALID_RISK_UNIT,risk_unit == 0 or non-finite,NQU22-CME,13034731,2022-07-18 15:40:25.174000+00:00,12163.0,{'stop_loss_price': 12163.0}
INVALID_RISK_UNIT,risk_unit == 0 or non-finite,NQU22-CME,13034884,2022-07-18 15:40:38.081000+00:00,12159.75,{'stop_loss_price': 12159.75}
INVALID_RISK_UNIT,risk_unit == 0 or non-finite,NQU22-CME,13049276,2022-07-18 16:04:03.881000+00:00,12176.0,{'stop_loss_price': 12176.0}
INVALID_RISK_UNIT,risk_unit == 0 or non-finite,NQU22-CME,13049277,2022-07-18 16:04:03.881001+00:00,12176.0,{'stop_loss_price': 12176.0}
INVALID_RISK_UNIT,risk_unit == 0 or non-finite,NQU22-CME,13049587,2022-07-18 16:04:46.461000+00:00,12175.5,{'stop_loss_price': 12175.5}
INVALID_RISK_UNIT,risk_unit == 0 or non-finite,NQU22-CME,13049588,2022-07-18 16:04:46.461001+00:00,12175.5,{'stop_loss_price': 12175.5}
INVALID_RISK_UNIT,risk_unit == 0 or non-finite,NQU22-CME,13049589,2022-07-18 16:04:46.461002+00:00,12175.5,{'stop_loss_price': 12175.5}
INVALID_RISK_UNIT,risk_unit == 0 or non-finite,NQU22-CME,13053874,2022-07-18 16:10:14.300000+00:00,12172.0,{'stop_loss_price': 12172.0}
INVALID_RISK_UNIT,risk_unit == 0 or non-finite,NQU22-CME,13102711,2022-07-18 17:34:21.695000+00:00,12078.5,{'stop_loss_price': 12078.5}
INVALID_RISK_UNIT,risk_unit == 0 or non-finite,NQU22-CME,13102712,2022-07-18 17:34:21.695001+00:00,12078.5,{'stop_loss_price': 12078.5}
INVALID_RISK_UNIT,risk_unit == 0 or non-finite,NQU22-CME,13102713,2022-07-18 17:34:21.695002+00:00,12078.5,{'stop_loss_price': 12078.5}
INVALID_RISK_UNIT,risk_unit == 0 or non-finite,NQU22-CME,13102714,2022-07-18 17:34:21.695003+00:00,12078.5,{'stop_loss_price': 12078.5}
INVALID_RISK_UNIT,risk_unit == 0 or non-finite,NQU22-CME,13115334,2022-07-18 17:45:43.258000+00:00,12055.75,{'stop_loss_price': 12055.75}
INVALID_RISK_UNIT,risk_unit == 0 or non-finite,NQU22-CME,13153231,2022-07-18 18:15:43.509000+00:00,12004.0,{'stop_loss_price': 12004.0}
INVALID_RISK_UNIT,risk_unit == 0 or non-finite,NQU22-CME,13162340,2022-07-18 18:26:10.324000+00:00,11992.0,{'stop_loss_price': 11992.0}
INVALID_RISK_UNIT,risk_unit == 0 or non-finite,NQU22-CME,13169435,2022-07-18 18:34:17.711000+00:00,11976.75,{'stop_loss_price': 11976.75}
INVALID_RISK_UNIT,risk_unit == 0 or non-finite,NQU22-CME,13204679,2022-07-18 19:07:20.015000+00:00,11937.75,{'stop_loss_price': 11937.75}
INVALID_RISK_UNIT,risk_unit == 0 or non-finite,NQU22-CME,13204680,2022-07-18 19:07:20.015001+00:00,11937.75,{'stop_loss_price': 11937.75}
INVALID_RISK_UNIT,risk_unit == 0 or non-finite,NQU22-CME,13214753,2022-07-18 19:21:22.905000+00:00,11958.75,{'stop_loss_price': 11958.75}
INVALID_RISK_UNIT,risk_unit == 0 or non-finite,NQU22-CME,13214754,2022-07-18 19:21:23.243000+00:00,11958.75,{'stop_loss_price': 11958.75}
INVALID_RISK_UNIT,risk_unit == 0 or non-finite,NQU22-CME,13214755,2022-07-18 19:21:23.243001+00:00,11958.75,{'stop_loss_price': 11958.75}
INVALID_RISK_UNIT,risk_unit == 0 or non-finite,NQU22-CME,13322321,2022-07-19 08:53:39.954000+00:00,11939.25,{'stop_loss_price': 11939.25}
INVALID_RISK_UNIT,risk_unit == 0 or non-finite,NQU22-CME,13329236,2022-07-19 09:49:26.635000+00:00,11979.75,{'stop_loss_price': 11979.75}
INVALID_RISK_UNIT,risk_unit == 0 or non-finite,NQU22-CME,13412746,2022-07-19 13:46:05.267000+00:00,12006.5,{'stop_loss_price': 12006.5}
INVALID_RISK_UNIT,risk_unit == 0 or non-finite,NQU22-CME,13424181,2022-07-19 13:53:07.869001+00:00,12020.0,{'stop_loss_price': 12020.0}
INVALID_RISK_UNIT,risk_unit == 0 or non-finite,NQU22-CME,13454676,2022-07-19 14:12:45.774000+00:00,12047.5,{'stop_loss_price': 12047.5}
INVALID_RISK_UNIT,risk_unit == 0 or non-finite,NQU22-CME,13481418,2022-07-19 14:29:03.566000+00:00,12089.0,{'stop_loss_price': 12089.0}
INVALID_RISK_UNIT,risk_unit == 0 or non-finite,NQU22-CME,13482532,2022-07-19 14:29:30.332000+00:00,12087.75,{'stop_loss_price': 12087.75}
INVALID_RISK_UNIT,risk_unit == 0 or non-finite,NQU22-CME,13501382,2022-07-19 14:47:12.091000+00:00,12109.5,{'stop_loss_price': 12109.5}
INVALID_RISK_UNIT,risk_unit == 0 or non-finite,NQU22-CME,13530701,2022-07-19 15:08:01.705000+00:00,12165.75,{'stop_loss_price': 12165.75}
INVALID_RISK_UNIT,risk_unit == 0 or non-finite,NQU22-CME,13530702,2022-07-19 15:08:01.705001+00:00,12165.75,{'stop_loss_price': 12165.75}
INVALID_RISK_UNIT,risk_unit == 0 or non-finite,NQU22-CME,13560360,2022-07-19 15:34:23.886000+00:00,12190.5,{'stop_loss_price': 12190.5}
INVALID_RISK_UNIT,risk_unit == 0 or non-finite,NQU22-CME,13598810,2022-07-19 16:25:32.099000+00:00,12183.75,{'stop_loss_price': 12183.75}
INVALID_RISK_UNIT,risk_unit == 0 or non-finite,NQU22-CME,13645375,2022-07-19 17:40:22.101000+00:00,12232.25,{'stop_loss_price': 12232.25}
INVALID_RISK_UNIT,risk_unit == 0 or non-finite,NQU22-CME,13720216,2022-07-19 19:18:19.112000+00:00,12267.5,{'stop_loss_price': 12267.5}
INVALID_RISK_UNIT,risk_unit == 0 or non-finite,NQU22-CME,13720217,2022-07-19 19:18:19.112001+00:00,12267.5,{'stop_loss_price': 12267.5}
INVALID_RISK_UNIT,risk_unit == 0 or non-finite,NQU22-CME,13720220,2022-07-19 19:18:19.235000+00:00,12267.5,{'stop_loss_price': 12267.5}
INVALID_RISK_UNIT,risk_unit == 0 or non-finite,NQU22-CME,13753441,2022-07-19 19:55:05.502000+00:00,12272.5,{'stop_loss_price': 12272.5}
INVALID_RISK_UNIT,risk_unit == 0 or non-finite,NQU22-CME,13838065,2022-07-20 07:36:31.579000+00:00,12293.25,{'stop_loss_price': 12293.25}
INVALID_RISK_UNIT,risk_unit == 0 or non-finite,NQU22-CME,13843299,2022-07-20 08:01:13.611000+00:00,12293.0,{'stop_loss_price': 12293.0}
INVALID_RISK_UNIT,risk_unit == 0 or non-finite,NQU22-CME,13843300,2022-07-20 08:01:13.611001+00:00,12293.0,{'stop_loss_price': 12293.0}
INVALID_RISK_UNIT,risk_unit == 0 or non-finite,NQU22-CME,13852172,2022-07-20 09:03:54.392000+00:00,12311.5,{'stop_loss_price': 12311.5}
INVALID_RISK_UNIT,risk_unit == 0 or non-finite,NQU22-CME,13899664,2022-07-20 13:25:08.161000+00:00,12285.25,{'stop_loss_price': 12285.25}
INVALID_RISK_UNIT,risk_unit == 0 or non-finite,NQU22-CME,13945617,2022-07-20 13:49:34.702000+00:00,12322.25,{'stop_loss_price': 12322.25}
INVALID_RISK_UNIT,risk_unit == 0 or non-finite,NQU22-CME,13960516,2022-07-20 13:58:00.129000+00:00,12292.0,{'stop_loss_price': 12292.0}
INVALID_RISK_UNIT,risk_unit == 0 or non-finite,NQU22-CME,13997751,2022-07-20 14:23:30.397000+00:00,12350.0,{'stop_loss_price': 12350.0}
INVALID_RISK_UNIT,risk_unit == 0 or non-finite,NQU22-CME,13997752,2022-07-20 14:23:30.397001+00:00,12350.0,{'stop_loss_price': 12350.0}
INVALID_RISK_UNIT,risk_unit == 0 or non-finite,NQU22-CME,14013518,2022-07-20 14:32:09.423000+00:00,12404.5,{'stop_loss_price': 12404.5}
INVALID_RISK_UNIT,risk_unit == 0 or non-finite,NQU22-CME,14041838,2022-07-20 14:48:46.989000+00:00,12450.5,{'stop_loss_price': 12450.5}
INVALID_RISK_UNIT,risk_unit == 0 or non-finite,NQU22-CME,14041839,2022-07-20 14:48:46.989001+00:00,12450.5,{'stop_loss_price': 12450.5}
INVALID_RISK_UNIT,risk_unit == 0 or non-finite,NQU22-CME,14041840,2022-07-20 14:48:46.989002+00:00,12450.5,{'stop_loss_price': 12450.5}
INVALID_RISK_UNIT,risk_unit == 0 or non-finite,NQU22-CME,14052199,2022-07-20 14:54:24.815000+00:00,12469.0,{'stop_loss_price': 12469.0}
INVALID_RISK_UNIT,risk_unit == 0 or non-finite,NQU22-CME,14142828,2022-07-20 16:21:25.169000+00:00,12506.75,{'stop_loss_price': 12506.75}
INVALID_RISK_UNIT,risk_unit == 0 or non-finite,NQU22-CME,14145580,2022-07-20 16:25:45.519000+00:00,12502.25,{'stop_loss_price': 12502.25}
INVALID_RISK_UNIT,risk_unit == 0 or non-finite,NQU22-CME,14145581,2022-07-20 16:25:45.519001+00:00,12502.25,{'stop_loss_price': 12502.25}
INVALID_RISK_UNIT,risk_unit == 0 or non-finite,NQU22-CME,14183169,2022-07-20 16:58:12.913000+00:00,12464.0,{'stop_loss_price': 12464.0}
INVALID_RISK_UNIT,risk_unit == 0 or non-finite,NQU22-CME,14183170,2022-07-20 16:58:12.913001+00:00,12464.0,{'stop_loss_price': 12464.0}
INVALID_RISK_UNIT,risk_unit == 0 or non-finite,NQU22-CME,14183171,2022-07-20 16:58:12.913002+00:00,12464.0,{'stop_loss_price': 12464.0}
INVALID_RISK_UNIT,risk_unit == 0 or non-finite,NQU22-CME,14183172,2022-07-20 16:58:12.913003+00:00,12464.0,{'stop_loss_price': 12464.0}
INVALID_RISK_UNIT,risk_unit == 0 or non-finite,NQU22-CME,14183173,2022-07-20 16:58:12.913004+00:00,12464.0,{'stop_loss_price': 12464.0}
INVALID_RISK_UNIT,risk_unit == 0 or non-finite,NQU22-CME,14183174,2022-07-20 16:58:12.914000+00:00,12464.0,{'stop_loss_price': 12464.0}
INVALID_RISK_UNIT,risk_unit == 0 or non-finite,NQU22-CME,14196572,2022-07-20 17:07:25.349000+00:00,12427.75,{'stop_loss_price': 12427.75}
INVALID_RISK_UNIT,risk_unit == 0 or non-finite,NQU22-CME,14274579,2022-07-20 18:32:07.120000+00:00,12436.75,{'stop_loss_price': 12436.75}
INVALID_RISK_UNIT,risk_unit == 0 or non-finite,NQU22-CME,14286458,2022-07-20 18:52:03.226000+00:00,12456.5,{'stop_loss_price': 12456.5}
INVALID_RISK_UNIT,risk_unit == 0 or non-finite,NQU22-CME,14303709,2022-07-20 19:10:02.016000+00:00,12477.25,{'stop_loss_price': 12477.25}
INVALID_RISK_UNIT,risk_unit == 0 or non-finite,NQU22-CME,14417417,2022-07-21 07:53:02.837000+00:00,12445.5,{'stop_loss_price': 12445.5}
INVALID_RISK_UNIT,risk_unit == 0 or non-finite,NQU22-CME,14464353,2022-07-21 12:35:36.317000+00:00,12515.5,{'stop_loss_price': 12515.5}
INVALID_RISK_UNIT,risk_unit == 0 or non-finite,NQU22-CME,14464354,2022-07-21 12:35:36.939000+00:00,12515.5,{'stop_loss_price': 12515.5}
INVALID_RISK_UNIT,risk_unit == 0 or non-finite,NQU22-CME,14480669,2022-07-21 13:06:17.201000+00:00,12514.25,{'stop_loss_price': 12514.25}
INVALID_RISK_UNIT,risk_unit == 0 or non-finite,NQU22-CME,14497903,2022-07-21 13:31:02.747000+00:00,12461.75,{'stop_loss_price': 12461.75}
INVALID_RISK_UNIT,risk_unit == 0 or non-finite,NQU22-CME,14500589,2022-07-21 13:31:57.931000+00:00,12483.75,{'stop_loss_price': 12483.75}
INVALID_RISK_UNIT,risk_unit == 0 or non-finite,NQU22-CME,14549255,2022-07-21 13:52:18.869000+00:00,12465.75,{'stop_loss_price': 12465.75}
INVALID_RISK_UNIT,risk_unit == 0 or non-finite,NQU22-CME,14583458,2022-07-21 14:11:29.538005+00:00,12450.75,{'stop_loss_price': 12450.75}
INVALID_RISK_UNIT,risk_unit == 0 or non-finite,NQU22-CME,14583459,2022-07-21 14:11:29.538006+00:00,12450.75,{'stop_loss_price': 12450.75}
INVALID_RISK_UNIT,risk_unit == 0 or non-finite,NQU22-CME,14583460,2022-07-21 14:11:29.538007+00:00,12450.75,{'stop_loss_price': 12450.75}
INVALID_RISK_UNIT,risk_unit == 0 or non-finite,NQU22-CME,14583461,2022-07-21 14:11:29.538008+00:00,12450.75,{'stop_loss_price': 12450.75}
INVALID_RISK_UNIT,risk_unit == 0 or non-finite,NQU22-CME,14594059,2022-07-21 14:17:25.454000+00:00,12444.75,{'stop_loss_price': 12444.75}
INVALID_RISK_UNIT,risk_unit == 0 or non-finite,NQU22-CME,14661397,2022-07-21 15:07:16.220000+00:00,12487.25,{'stop_loss_price': 12487.25}
INVALID_RISK_UNIT,risk_unit == 0 or non-finite,NQU22-CME,14663200,2022-07-21 15:09:29.229000+00:00,12496.25,{'stop_loss_price': 12496.25}
INVALID_RISK_UNIT,risk_unit == 0 or non-finite,NQU22-CME,14682915,2022-07-21 15:30:46.170000+00:00,12497.25,{'stop_loss_price': 12497.25}
INVALID_RISK_UNIT,risk_unit == 0 or non-finite,NQU22-CME,14685639,2022-07-21 15:32:48.068000+00:00,12524.25,{'stop_loss_price': 12524.25}
INVALID_RISK_UNIT,risk_unit == 0 or non-finite,NQU22-CME,14688792,2022-07-21 15:35:06.169000+00:00,12536.25,{'stop_loss_price': 12536.25}
INVALID_RISK_UNIT,risk_unit == 0 or non-finite,NQU22-CME,14712672,2022-07-21 16:06:37.672000+00:00,12565.25,{'stop_loss_price': 12565.25}
INVALID_RISK_UNIT,risk_unit == 0 or non-finite,NQU22-CME,14759957,2022-07-21 17:08:44.281000+00:00,12612.25,{'stop_loss_price': 12612.25}
INVALID_RISK_UNIT,risk_unit == 0 or non-finite,NQU22-CME,14767873,2022-07-21 17:22:32.727000+00:00,12599.75,{'stop_loss_price': 12599.75}
INVALID_RISK_UNIT,risk_unit == 0 or non-finite,NQU22-CME,14781166,2022-07-21 17:35:38.625000+00:00,12552.25,{'stop_loss_price': 12552.25}
INVALID_RISK_UNIT,risk_unit == 0 or non-finite,NQU22-CME,14803660,2022-07-21 18:08:14.766000+00:00,12599.25,{'stop_loss_price': 12599.25}
INVALID_RISK_UNIT,risk_unit == 0 or non-finite,NQU22-CME,14804969,2022-07-21 18:10:22.825000+00:00,12602.25,{'stop_loss_price': 12602.25}
INVALID_RISK_UNIT,risk_unit == 0 or non-finite,NQU22-CME,14819244,2022-07-21 18:35:41.345000+00:00,12585.25,{'stop_loss_price': 12585.25}
INVALID_RISK_UNIT,risk_unit == 0 or non-finite,NQU22-CME,14851233,2022-07-21 19:25:26.491000+00:00,12607.5,{'stop_loss_price': 12607.5}
INVALID_RISK_UNIT,risk_unit == 0 or non-finite,NQU22-CME,14859548,2022-07-21 19:38:11.669000+00:00,12608.75,{'stop_loss_price': 12608.75}
INVALID_RISK_UNIT,risk_unit == 0 or non-finite,NQU22-CME,14867905,2022-07-21 19:50:22.648000+00:00,12630.25,{'stop_loss_price': 12630.25}
INVALID_RISK_UNIT,risk_unit == 0 or non-finite,NQU22-CME,14870173,2022-07-21 19:52:36.574000+00:00,12623.0,{'stop_loss_price': 12623.0}
INVALID_RISK_UNIT,risk_unit == 0 or non-finite,NQU22-CME,14870174,2022-07-21 19:52:36.574001+00:00,12623.0,{'stop_loss_price': 12623.0}
INVALID_RISK_UNIT,risk_unit == 0 or non-finite,NQU22-CME,14870175,2022-07-21 19:52:36.574002+00:00,12623.0,{'stop_loss_price': 12623.0}
INVALID_RISK_UNIT,risk_unit == 0 or non-finite,NQU22-CME,14870176,2022-07-21 19:52:36.574003+00:00,12623.0,{'stop_loss_price': 12623.0}
INVALID_RISK_UNIT,risk_unit == 0 or non-finite,NQU22-CME,14870177,2022-07-21 19:52:36.915000+00:00,12623.0,{'stop_loss_price': 12623.0}
INVALID_RISK_UNIT,risk_unit == 0 or non-finite,NQU22-CME,14944881,2022-07-22 07:37:26.382000+00:00,12540.75,{'stop_loss_price': 12540.75}
INVALID_RISK_UNIT,risk_unit == 0 or non-finite,NQU22-CME,14963438,2022-07-22 10:40:43.725000+00:00,12591.75,{'stop_loss_price': 12591.75}
INVALID_RISK_UNIT,risk_unit == 0 or non-finite,NQU22-CME,14985503,2022-07-22 13:05:06.113000+00:00,12597.5,{'stop_loss_price': 12597.5}
INVALID_RISK_UNIT,risk_unit == 0 or non-finite,NQU22-CME,14991623,2022-07-22 13:28:06.531000+00:00,12607.0,{'stop_loss_price': 12607.0}
INVALID_RISK_UNIT,risk_unit == 0 or non-finite,NQU22-CME,15029461,2022-07-22 13:40:00.764000+00:00,12640.75,{'stop_loss_price': 12640.75}
INVALID_RISK_UNIT,risk_unit == 0 or non-finite,NQU22-CME,15039722,2022-07-22 13:45:31.947000+00:00,12608.25,{'stop_loss_price': 12608.25}
INVALID_RISK_UNIT,risk_unit == 0 or non-finite,NQU22-CME,15064636,2022-07-22 13:53:24.128000+00:00,12620.25,{'stop_loss_price': 12620.25}
INVALID_RISK_UNIT,risk_unit == 0 or non-finite,NQU22-CME,15077901,2022-07-22 14:00:25.832000+00:00,12578.5,{'stop_loss_price': 12578.5}
INVALID_RISK_UNIT,risk_unit == 0 or non-finite,NQU22-CME,15102970,2022-07-22 14:15:22.228000+00:00,12604.5,{'stop_loss_price': 12604.5}
INVALID_RISK_UNIT,risk_unit == 0 or non-finite,NQU22-CME,15106546,2022-07-22 14:17:37.682000+00:00,12599.75,{'stop_loss_price': 12599.75}
INVALID_RISK_UNIT,risk_unit == 0 or non-finite,NQU22-CME,15147418,2022-07-22 14:51:03.733000+00:00,12565.75,{'stop_loss_price': 12565.75}
INVALID_RISK_UNIT,risk_unit == 0 or non-finite,NQU22-CME,15147419,2022-07-22 14:51:03.733001+00:00,12565.75,{'stop_loss_price': 12565.75}
INVALID_RISK_UNIT,risk_unit == 0 or non-finite,NQU22-CME,15164950,2022-07-22 15:05:32.929000+00:00,12530.25,{'stop_loss_price': 12530.25}
INVALID_RISK_UNIT,risk_unit == 0 or non-finite,NQU22-CME,15179632,2022-07-22 15:20:28.627000+00:00,12544.5,{'stop_loss_price': 12544.5}
INVALID_RISK_UNIT,risk_unit == 0 or non-finite,NQU22-CME,15225244,2022-07-22 15:48:52.218000+00:00,12447.75,{'stop_loss_price': 12447.75}
INVALID_RISK_UNIT,risk_unit == 0 or non-finite,NQU22-CME,15258176,2022-07-22 16:22:59.317000+00:00,12415.5,{'stop_loss_price': 12415.5}
INVALID_RISK_UNIT,risk_unit == 0 or non-finite,NQU22-CME,15287692,2022-07-22 17:00:22.480000+00:00,12418.25,{'stop_loss_price': 12418.25}
INVALID_RISK_UNIT,risk_unit == 0 or non-finite,NQU22-CME,15323378,2022-07-22 17:37:32.897000+00:00,12367.0,{'stop_loss_price': 12367.0}
INVALID_RISK_UNIT,risk_unit == 0 or non-finite,NQU22-CME,15326297,2022-07-22 17:40:06.699000+00:00,12380.25,{'stop_loss_price': 12380.25}
INVALID_RISK_UNIT,risk_unit == 0 or non-finite,NQU22-CME,15326298,2022-07-22 17:40:06.699001+00:00,12380.25,{'stop_loss_price': 12380.25}
INVALID_RISK_UNIT,risk_unit == 0 or non-finite,NQU22-CME,15326313,2022-07-22 17:40:07.928000+00:00,12380.25,{'stop_loss_price': 12380.25}
INVALID_RISK_UNIT,risk_unit == 0 or non-finite,NQU22-CME,15326314,2022-07-22 17:40:07.928001+00:00,12380.25,{'stop_loss_price': 12380.25}
INVALID_RISK_UNIT,risk_unit == 0 or non-finite,NQU22-CME,15326315,2022-07-22 17:40:07.928002+00:00,12380.25,{'stop_loss_price': 12380.25}
INVALID_RISK_UNIT,risk_unit == 0 or non-finite,NQU22-CME,15326328,2022-07-22 17:40:08.925000+00:00,12380.25,{'stop_loss_price': 12380.25}
INVALID_RISK_UNIT,risk_unit == 0 or non-finite,NQU22-CME,15334841,2022-07-22 17:49:12.583000+00:00,12385.75,{'stop_loss_price': 12385.75}
INVALID_RISK_UNIT,risk_unit == 0 or non-finite,NQU22-CME,15334842,2022-07-22 17:49:12.583001+00:00,12385.75,{'stop_loss_price': 12385.75}
INVALID_RISK_UNIT,risk_unit == 0 or non-finite,NQU22-CME,15334843,2022-07-22 17:49:12.583002+00:00,12385.75,{'stop_loss_price': 12385.75}
INVALID_RISK_UNIT,risk_unit == 0 or non-finite,NQU22-CME,15334851,2022-07-22 17:49:12.717000+00:00,12385.75,{'stop_loss_price': 12385.75}
INVALID_RISK_UNIT,risk_unit == 0 or non-finite,NQU22-CME,15334852,2022-07-22 17:49:12.718000+00:00,12385.75,{'stop_loss_price': 12385.75}
INVALID_RISK_UNIT,risk_unit == 0 or non-finite,NQU22-CME,15334853,2022-07-22 17:49:12.718001+00:00,12385.75,{'stop_loss_price': 12385.75}
INVALID_RISK_UNIT,risk_unit == 0 or non-finite,NQU22-CME,15403270,2022-07-22 19:10:41.679000+00:00,12374.75,{'stop_loss_price': 12374.75}
INVALID_RISK_UNIT,risk_unit == 0 or non-finite,NQU22-CME,15452490,2022-07-22 19:57:34.607000+00:00,12410.5,{'stop_loss_price': 12410.5}
INVALID_RISK_UNIT,risk_unit == 0 or non-finite,NQU22-CME,15452491,2022-07-22 19:57:34.607001+00:00,12410.5,{'stop_loss_price': 12410.5}
INVALID_RISK_UNIT,risk_unit == 0 or non-finite,NQU22-CME,15481278,2022-07-25 00:34:41.104000+00:00,12423.25,{'stop_loss_price': 12423.25}
INVALID_RISK_UNIT,risk_unit == 0 or non-finite,NQU22-CME,15481279,2022-07-25 00:34:42.191000+00:00,12423.25,{'stop_loss_price': 12423.25}
INVALID_RISK_UNIT,risk_unit == 0 or non-finite,NQU22-CME,15481281,2022-07-25 00:34:45.195000+00:00,12423.25,{'stop_loss_price': 12423.25}
INVALID_RISK_UNIT,risk_unit == 0 or non-finite,NQU22-CME,15491661,2022-07-25 04:00:01.115000+00:00,12416.25,{'stop_loss_price': 12416.25}
INVALID_RISK_UNIT,risk_unit == 0 or non-finite,NQU22-CME,15512042,2022-07-25 08:53:20.816000+00:00,12461.25,{'stop_loss_price': 12461.25}
INVALID_RISK_UNIT,risk_unit == 0 or non-finite,NQU22-CME,15551426,2022-07-25 13:30:39.085002+00:00,12421.5,{'stop_loss_price': 12421.5}
INVALID_RISK_UNIT,risk_unit == 0 or non-finite,NQU22-CME,15551427,2022-07-25 13:30:39.085003+00:00,12421.5,{'stop_loss_price': 12421.5}
INVALID_RISK_UNIT,risk_unit == 0 or non-finite,NQU22-CME,15551428,2022-07-25 13:30:39.085004+00:00,12421.5,{'stop_loss_price': 12421.5}
INVALID_RISK_UNIT,risk_unit == 0 or non-finite,NQU22-CME,15555954,2022-07-25 13:32:37.177000+00:00,12430.75,{'stop_loss_price': 12430.75}
INVALID_RISK_UNIT,risk_unit == 0 or non-finite,NQU22-CME,15606845,2022-07-25 13:55:25.578000+00:00,12395.75,{'stop_loss_price': 12395.75}
INVALID_RISK_UNIT,risk_unit == 0 or non-finite,NQU22-CME,15660743,2022-07-25 14:27:41.090000+00:00,12295.75,{'stop_loss_price': 12295.75}
INVALID_RISK_UNIT,risk_unit == 0 or non-finite,NQU22-CME,15661743,2022-07-25 14:28:17.643000+00:00,12311.5,{'stop_loss_price': 12311.5}
INVALID_RISK_UNIT,risk_unit == 0 or non-finite,NQU22-CME,15661744,2022-07-25 14:28:17.643001+00:00,12311.5,{'stop_loss_price': 12311.5}
INVALID_RISK_UNIT,risk_unit == 0 or non-finite,NQU22-CME,15667268,2022-07-25 14:30:30.005000+00:00,12332.0,{'stop_loss_price': 12332.0}
INVALID_RISK_UNIT,risk_unit == 0 or non-finite,NQU22-CME,15694536,2022-07-25 14:53:48.756000+00:00,12367.25,{'stop_loss_price': 12367.25}
INVALID_RISK_UNIT,risk_unit == 0 or non-finite,NQU22-CME,15694537,2022-07-25 14:53:48.756001+00:00,12367.25,{'stop_loss_price': 12367.25}
INVALID_RISK_UNIT,risk_unit == 0 or non-finite,NQU22-CME,15705543,2022-07-25 15:05:13.139000+00:00,12352.25,{'stop_loss_price': 12352.25}
INVALID_RISK_UNIT,risk_unit == 0 or non-finite,NQU22-CME,15743009,2022-07-25 15:48:14.252001+00:00,12378.25,{'stop_loss_price': 12378.25}
INVALID_RISK_UNIT,risk_unit == 0 or non-finite,NQU22-CME,15744228,2022-07-25 15:50:30.865000+00:00,12366.0,{'stop_loss_price': 12366.0}
INVALID_RISK_UNIT,risk_unit == 0 or non-finite,NQU22-CME,15747633,2022-07-25 15:55:25.481000+00:00,12374.25,{'stop_loss_price': 12374.25}
INVALID_RISK_UNIT,risk_unit == 0 or non-finite,NQU22-CME,15747634,2022-07-25 15:55:25.481001+00:00,12374.25,{'stop_loss_price': 12374.25}
INVALID_RISK_UNIT,risk_unit == 0 or non-finite,NQU22-CME,15747635,2022-07-25 15:55:25.481002+00:00,12374.25,{'stop_loss_price': 12374.25}
INVALID_RISK_UNIT,risk_unit == 0 or non-finite,NQU22-CME,15773733,2022-07-25 16:36:06.176001+00:00,12373.75,{'stop_loss_price': 12373.75}
INVALID_RISK_UNIT,risk_unit == 0 or non-finite,NQU22-CME,15855241,2022-07-25 19:08:39.897000+00:00,12273.0,{'stop_loss_price': 12273.0}
INVALID_RISK_UNIT,risk_unit == 0 or non-finite,NQU22-CME,15855242,2022-07-25 19:08:39.918000+00:00,12273.0,{'stop_loss_price': 12273.0}
INVALID_RISK_UNIT,risk_unit == 0 or non-finite,NQU22-CME,15864535,2022-07-25 19:23:53.014000+00:00,12293.25,{'stop_loss_price': 12293.25}
INVALID_RISK_UNIT,risk_unit == 0 or non-finite,NQU22-CME,15897567,2022-07-25 19:59:47.120000+00:00,12352.5,{'stop_loss_price': 12352.5}
INVALID_RISK_UNIT,risk_unit == 0 or non-finite,NQU22-CME,15990596,2022-07-26 13:27:52.240000+00:00,12268.5,{'stop_loss_price': 12268.5}
INVALID_RISK_UNIT,risk_unit == 0 or non-finite,NQU22-CME,15992989,2022-07-26 13:30:01.610000+00:00,12273.0,{'stop_loss_price': 12273.0}
INVALID_RISK_UNIT,risk_unit == 0 or non-finite,NQU22-CME,15992990,2022-07-26 13:30:01.610001+00:00,12273.0,{'stop_loss_price': 12273.0}
INVALID_RISK_UNIT,risk_unit == 0 or non-finite,NQU22-CME,16015526,2022-07-26 13:36:33.517000+00:00,12223.0,{'stop_loss_price': 12223.0}
INVALID_RISK_UNIT,risk_unit == 0 or non-finite,NQU22-CME,16015527,2022-07-26 13:36:33.518000+00:00,12223.0,{'stop_loss_price': 12223.0}
INVALID_RISK_UNIT,risk_unit == 0 or non-finite,NQU22-CME,16015528,2022-07-26 13:36:33.518001+00:00,12223.0,{'stop_loss_price': 12223.0}
INVALID_RISK_UNIT,risk_unit == 0 or non-finite,NQU22-CME,16015529,2022-07-26 13:36:33.518002+00:00,12223.0,{'stop_loss_price': 12223.0}
INVALID_RISK_UNIT,risk_unit == 0 or non-finite,NQU22-CME,16028464,2022-07-26 13:42:47.422000+00:00,12242.75,{'stop_loss_price': 12242.75}
INVALID_RISK_UNIT,risk_unit == 0 or non-finite,NQU22-CME,16028465,2022-07-26 13:42:47.699000+00:00,12242.75,{'stop_loss_price': 12242.75}
INVALID_RISK_UNIT,risk_unit == 0 or non-finite,NQU22-CME,16048139,2022-07-26 13:53:20.775000+00:00,12233.5,{'stop_loss_price': 12233.5}
INVALID_RISK_UNIT,risk_unit == 0 or non-finite,NQU22-CME,16079311,2022-07-26 14:16:44.799000+00:00,12222.75,{'stop_loss_price': 12222.75}
INVALID_RISK_UNIT,risk_unit == 0 or non-finite,NQU22-CME,16082271,2022-07-26 14:19:05.883000+00:00,12203.0,{'stop_loss_price': 12203.0}
INVALID_RISK_UNIT,risk_unit == 0 or non-finite,NQU22-CME,16082272,2022-07-26 14:19:05.897000+00:00,12203.0,{'stop_loss_price': 12203.0}
INVALID_RISK_UNIT,risk_unit == 0 or non-finite,NQU22-CME,16087214,2022-07-26 14:21:18.150000+00:00,12189.5,{'stop_loss_price': 12189.5}
INVALID_RISK_UNIT,risk_unit == 0 or non-finite,NQU22-CME,16139932,2022-07-26 15:11:44.334000+00:00,12173.5,{'stop_loss_price': 12173.5}
INVALID_RISK_UNIT,risk_unit == 0 or non-finite,NQU22-CME,16142748,2022-07-26 15:15:49.938000+00:00,12176.75,{'stop_loss_price': 12176.75}
INVALID_RISK_UNIT,risk_unit == 0 or non-finite,NQU22-CME,16142749,2022-07-26 15:15:49.938001+00:00,12176.75,{'stop_loss_price': 12176.75}
INVALID_RISK_UNIT,risk_unit == 0 or non-finite,NQU22-CME,16149512,2022-07-26 15:25:04.106000+00:00,12166.5,{'stop_loss_price': 12166.5}
INVALID_RISK_UNIT,risk_unit == 0 or non-finite,NQU22-CME,16149513,2022-07-26 15:25:04.106001+00:00,12166.5,{'stop_loss_price': 12166.5}
INVALID_RISK_UNIT,risk_unit == 0 or non-finite,NQU22-CME,16164810,2022-07-26 15:38:23.283000+00:00,12132.75,{'stop_loss_price': 12132.75}
INVALID_RISK_UNIT,risk_unit == 0 or non-finite,NQU22-CME,16180839,2022-07-26 15:53:41.619003+00:00,12112.75,{'stop_loss_price': 12112.75}
INVALID_RISK_UNIT,risk_unit == 0 or non-finite,NQU22-CME,16180840,2022-07-26 15:53:41.619004+00:00,12112.75,{'stop_loss_price': 12112.75}
INVALID_RISK_UNIT,risk_unit == 0 or non-finite,NQU22-CME,16180841,2022-07-26 15:53:41.619005+00:00,12112.75,{'stop_loss_price': 12112.75}
INVALID_RISK_UNIT,risk_unit == 0 or non-finite,NQU22-CME,16326649,2022-07-26 19:26:56.631000+00:00,12090.75,{'stop_loss_price': 12090.75}
INVALID_RISK_UNIT,risk_unit == 0 or non-finite,NQU22-CME,16339161,2022-07-26 19:44:43.312000+00:00,12098.5,{'stop_loss_price': 12098.5}
INVALID_RISK_UNIT,risk_unit == 0 or non-finite,NQU22-CME,16343822,2022-07-26 19:50:58.669000+00:00,12091.5,{'stop_loss_price': 12091.5}
INVALID_RISK_UNIT,risk_unit == 0 or non-finite,NQU22-CME,16377887,2022-07-26 20:05:35.623000+00:00,12123.25,{'stop_loss_price': 12123.25}
INVALID_RISK_UNIT,risk_unit == 0 or non-finite,NQU22-CME,16390981,2022-07-26 20:40:34.391000+00:00,12173.0,{'stop_loss_price': 12173.0}
INVALID_RISK_UNIT,risk_unit == 0 or non-finite,NQU22-CME,16421305,2022-07-27 02:26:05.904000+00:00,12271.25,{'stop_loss_price': 12271.25}
INVALID_RISK_UNIT,risk_unit == 0 or non-finite,NQU22-CME,16425618,2022-07-27 04:52:36.618000+00:00,12299.0,{'stop_loss_price': 12299.0}
INVALID_RISK_UNIT,risk_unit == 0 or non-finite,NQU22-CME,16428698,2022-07-27 06:01:05.520000+00:00,12285.0,{'stop_loss_price': 12285.0}
INVALID_RISK_UNIT,risk_unit == 0 or non-finite,NQU22-CME,16486929,2022-07-27 13:30:45.292000+00:00,12322.25,{'stop_loss_price': 12322.25}
INVALID_RISK_UNIT,risk_unit == 0 or non-finite,NQU22-CME,16493302,2022-07-27 13:32:31.858000+00:00,12284.75,{'stop_loss_price': 12284.75}
INVALID_RISK_UNIT,risk_unit == 0 or non-finite,NQU22-CME,16516060,2022-07-27 13:40:14.294000+00:00,12346.0,{'stop_loss_price': 12346.0}
INVALID_RISK_UNIT,risk_unit == 0 or non-finite,NQU22-CME,16520431,2022-07-27 13:41:51.805000+00:00,12360.75,{'stop_loss_price': 12360.75}
INVALID_RISK_UNIT,risk_unit == 0 or non-finite,NQU22-CME,16564583,2022-07-27 14:11:14.347000+00:00,12401.0,{'stop_loss_price': 12401.0}
INVALID_RISK_UNIT,risk_unit == 0 or non-finite,NQU22-CME,16573239,2022-07-27 14:17:43.072000+00:00,12430.75,{'stop_loss_price': 12430.75}
INVALID_RISK_UNIT,risk_unit == 0 or non-finite,NQU22-CME,16639494,2022-07-27 15:35:17.254000+00:00,12430.75,{'stop_loss_price': 12430.75}
INVALID_RISK_UNIT,risk_unit == 0 or non-finite,NQU22-CME,16639495,2022-07-27 15:35:17.818000+00:00,12430.75,{'stop_loss_price': 12430.75}
INVALID_RISK_UNIT,risk_unit == 0 or non-finite,NQU22-CME,16683428,2022-07-27 16:44:14.158000+00:00,12445.5,{'stop_loss_price': 12445.5}
INVALID_RISK_UNIT,risk_unit == 0 or non-finite,NQU22-CME,16731325,2022-07-27 18:04:31.740000+00:00,12468.5,{'stop_loss_price': 12468.5}
INVALID_RISK_UNIT,risk_unit == 0 or non-finite,NQU22-CME,16738290,2022-07-27 18:07:27.703000+00:00,12423.5,{'stop_loss_price': 12423.5}
INVALID_RISK_UNIT,risk_unit == 0 or non-finite,NQU22-CME,16749511,2022-07-27 18:15:56.865000+00:00,12455.25,{'stop_loss_price': 12455.25}
INVALID_RISK_UNIT,risk_unit == 0 or non-finite,NQU22-CME,16760214,2022-07-27 18:30:51.465000+00:00,12459.75,{'stop_loss_price': 12459.75}
INVALID_RISK_UNIT,risk_unit == 0 or non-finite,NQU22-CME,16771148,2022-07-27 18:35:30.205000+00:00,12461.0,{'stop_loss_price': 12461.0}
INVALID_RISK_UNIT,risk_unit == 0 or non-finite,NQU22-CME,16805925,2022-07-27 18:45:39.884000+00:00,12593.5,{'stop_loss_price': 12593.5}
INVALID_RISK_UNIT,risk_unit == 0 or non-finite,NQU22-CME,16826535,2022-07-27 18:56:54.349000+00:00,12587.25,{'stop_loss_price': 12587.25}
INVALID_RISK_UNIT,risk_unit == 0 or non-finite,NQU22-CME,16844751,2022-07-27 19:08:33.469000+00:00,12607.25,{'stop_loss_price': 12607.25}
INVALID_RISK_UNIT,risk_unit == 0 or non-finite,NQU22-CME,16844752,2022-07-27 19:08:33.469001+00:00,12607.25,{'stop_loss_price': 12607.25}
INVALID_RISK_UNIT,risk_unit == 0 or non-finite,NQU22-CME,16898400,2022-07-27 19:47:37.467000+00:00,12662.5,{'stop_loss_price': 12662.5}
INVALID_RISK_UNIT,risk_unit == 0 or non-finite,NQU22-CME,16899013,2022-07-27 19:48:20.163002+00:00,12657.5,{'stop_loss_price': 12657.5}
INVALID_RISK_UNIT,risk_unit == 0 or non-finite,NQU22-CME,16900796,2022-07-27 19:49:55.383000+00:00,12646.0,{'stop_loss_price': 12646.0}
INVALID_RISK_UNIT,risk_unit == 0 or non-finite,NQU22-CME,16955531,2022-07-27 20:30:20.591000+00:00,12583.75,{'stop_loss_price': 12583.75}
INVALID_RISK_UNIT,risk_unit == 0 or non-finite,NQU22-CME,16956554,2022-07-27 20:38:57.600000+00:00,12587.25,{'stop_loss_price': 12587.25}
INVALID_RISK_UNIT,risk_unit == 0 or non-finite,NQU22-CME,17027202,2022-07-28 12:09:46.755000+00:00,12523.0,{'stop_loss_price': 12523.0}
INVALID_RISK_UNIT,risk_unit == 0 or non-finite,NQU22-CME,17051535,2022-07-28 12:49:50.892000+00:00,12606.5,{'stop_loss_price': 12606.5}
INVALID_RISK_UNIT,risk_unit == 0 or non-finite,NQU22-CME,17051536,2022-07-28 12:49:50.892001+00:00,12606.5,{'stop_loss_price': 12606.5}
INVALID_RISK_UNIT,risk_unit == 0 or non-finite,NQU22-CME,17070427,2022-07-28 13:25:10.944000+00:00,12603.5,{'stop_loss_price': 12603.5}
INVALID_RISK_UNIT,risk_unit == 0 or non-finite,NQU22-CME,17079638,2022-07-28 13:31:00.050000+00:00,12634.0,{'stop_loss_price': 12634.0}
INVALID_RISK_UNIT,risk_unit == 0 or non-finite,NQU22-CME,17110765,2022-07-28 13:43:01.304000+00:00,12565.75,{'stop_loss_price': 12565.75}
INVALID_RISK_UNIT,risk_unit == 0 or non-finite,NQU22-CME,17110866,2022-07-28 13:43:02.359000+00:00,12565.0,{'stop_loss_price': 12565.0}
INVALID_RISK_UNIT,risk_unit == 0 or non-finite,NQU22-CME,17128460,2022-07-28 13:49:21.307000+00:00,12498.75,{'stop_loss_price': 12498.75}
INVALID_RISK_UNIT,risk_unit == 0 or non-finite,NQU22-CME,17128461,2022-07-28 13:49:21.307001+00:00,12498.75,{'stop_loss_price': 12498.75}
INVALID_RISK_UNIT,risk_unit == 0 or non-finite,NQU22-CME,17169702,2022-07-28 14:10:40.249000+00:00,12498.5,{'stop_loss_price': 12498.5}
INVALID_RISK_UNIT,risk_unit == 0 or non-finite,NQU22-CME,17262108,2022-07-28 15:13:36.668000+00:00,12621.75,{'stop_loss_price': 12621.75}
INVALID_RISK_UNIT,risk_unit == 0 or non-finite,NQU22-CME,17314894,2022-07-28 15:55:04.056000+00:00,12683.0,{'stop_loss_price': 12683.0}
INVALID_RISK_UNIT,risk_unit == 0 or non-finite,NQU22-CME,17318375,2022-07-28 15:59:30.591000+00:00,12671.25,{'stop_loss_price': 12671.25}
INVALID_RISK_UNIT,risk_unit == 0 or non-finite,NQU22-CME,17347415,2022-07-28 16:35:42.955000+00:00,12669.75,{'stop_loss_price': 12669.75}
INVALID_RISK_UNIT,risk_unit == 0 or non-finite,NQU22-CME,17347416,2022-07-28 16:35:42.967000+00:00,12669.75,{'stop_loss_price': 12669.75}
INVALID_RISK_UNIT,risk_unit == 0 or non-finite,NQU22-CME,17370492,2022-07-28 17:19:08.274000+00:00,12660.75,{'stop_loss_price': 12660.75}
INVALID_RISK_UNIT,risk_unit == 0 or non-finite,NQU22-CME,17379241,2022-07-28 17:31:58.301000+00:00,12687.5,{'stop_loss_price': 12687.5}
INVALID_RISK_UNIT,risk_unit == 0 or non-finite,NQU22-CME,17379242,2022-07-28 17:31:58.302000+00:00,12687.5,{'stop_loss_price': 12687.5}
INVALID_RISK_UNIT,risk_unit == 0 or non-finite,NQU22-CME,17379246,2022-07-28 17:31:58.759000+00:00,12687.5,{'stop_loss_price': 12687.5}
INVALID_RISK_UNIT,risk_unit == 0 or non-finite,NQU22-CME,17379247,2022-07-28 17:31:58.759001+00:00,12687.5,{'stop_loss_price': 12687.5}
INVALID_RISK_UNIT,risk_unit == 0 or non-finite,NQU22-CME,17476160,2022-07-28 19:49:58.695000+00:00,12731.5,{'stop_loss_price': 12731.5}
INVALID_RISK_UNIT,risk_unit == 0 or non-finite,NQU22-CME,17476161,2022-07-28 19:49:58.747000+00:00,12731.5,{'stop_loss_price': 12731.5}
INVALID_RISK_UNIT,risk_unit == 0 or non-finite,NQU22-CME,17476163,2022-07-28 19:49:58.955000+00:00,12731.5,{'stop_loss_price': 12731.5}
INVALID_RISK_UNIT,risk_unit == 0 or non-finite,NQU22-CME,17559637,2022-07-29 04:34:11.173000+00:00,12897.5,{'stop_loss_price': 12897.5}
INVALID_RISK_UNIT,risk_unit == 0 or non-finite,NQU22-CME,17596482,2022-07-29 10:13:57.680000+00:00,12887.5,{'stop_loss_price': 12887.5}
INVALID_RISK_UNIT,risk_unit == 0 or non-finite,NQU22-CME,17611435,2022-07-29 12:16:09.199000+00:00,12842.75,{'stop_loss_price': 12842.75}
INVALID_RISK_UNIT,risk_unit == 0 or non-finite,NQU22-CME,17624621,2022-07-29 12:49:04.850000+00:00,12826.5,{'stop_loss_price': 12826.5}
INVALID_RISK_UNIT,risk_unit == 0 or non-finite,NQU22-CME,17635256,2022-07-29 13:16:45.028000+00:00,12797.0,{'stop_loss_price': 12797.0}
INVALID_RISK_UNIT,risk_unit == 0 or non-finite,NQU22-CME,17635257,2022-07-29 13:16:45.029000+00:00,12797.0,{'stop_loss_price': 12797.0}
INVALID_RISK_UNIT,risk_unit == 0 or non-finite,NQU22-CME,17635811,2022-07-29 13:18:57.923000+00:00,12798.25,{'stop_loss_price': 12798.25}
INVALID_RISK_UNIT,risk_unit == 0 or non-finite,NQU22-CME,17635812,2022-07-29 13:18:57.923001+00:00,12798.25,{'stop_loss_price': 12798.25}
INVALID_RISK_UNIT,risk_unit == 0 or non-finite,NQU22-CME,17635813,2022-07-29 13:18:57.923002+00:00,12798.25,{'stop_loss_price': 12798.25}
INVALID_RISK_UNIT,risk_unit == 0 or non-finite,NQU22-CME,17659658,2022-07-29 13:34:25.134000+00:00,12777.0,{'stop_loss_price': 12777.0}
INVALID_RISK_UNIT,risk_unit == 0 or non-finite,NQU22-CME,17686266,2022-07-29 13:43:11.849001+00:00,12854.75,{'stop_loss_price': 12854.75}
INVALID_RISK_UNIT,risk_unit == 0 or non-finite,NQU22-CME,17686267,2022-07-29 13:43:11.849002+00:00,12854.75,{'stop_loss_price': 12854.75}
INVALID_RISK_UNIT,risk_unit == 0 or non-finite,NQU22-CME,17738940,2022-07-29 14:11:21.520000+00:00,12894.5,{'stop_loss_price': 12894.5}
INVALID_RISK_UNIT,risk_unit == 0 or non-finite,NQU22-CME,17740421,2022-07-29 14:12:49.541000+00:00,12896.0,{'stop_loss_price': 12896.0}
INVALID_RISK_UNIT,risk_unit == 0 or non-finite,NQU22-CME,17740422,2022-07-29 14:12:49.541001+00:00,12896.0,{'stop_loss_price': 12896.0}
INVALID_RISK_UNIT,risk_unit == 0 or non-finite,NQU22-CME,17740423,2022-07-29 14:12:49.543000+00:00,12896.0,{'stop_loss_price': 12896.0}
INVALID_RISK_UNIT,risk_unit == 0 or non-finite,NQU22-CME,17740424,2022-07-29 14:12:49.543001+00:00,12896.0,{'stop_loss_price': 12896.0}
INVALID_RISK_UNIT,risk_unit == 0 or non-finite,NQU22-CME,17741471,2022-07-29 14:13:51.367000+00:00,12901.5,{'stop_loss_price': 12901.5}
INVALID_RISK_UNIT,risk_unit == 0 or non-finite,NQU22-CME,17741472,2022-07-29 14:13:51.367001+00:00,12901.5,{'stop_loss_price': 12901.5}
INVALID_RISK_UNIT,risk_unit == 0 or non-finite,NQU22-CME,17741473,2022-07-29 14:13:51.367002+00:00,12901.5,{'stop_loss_price': 12901.5}
INVALID_RISK_UNIT,risk_unit == 0 or non-finite,NQU22-CME,17742972,2022-07-29 14:14:54.127000+00:00,12884.75,{'stop_loss_price': 12884.75}
INVALID_RISK_UNIT,risk_unit == 0 or non-finite,NQU22-CME,17742973,2022-07-29 14:14:54.137000+00:00,12884.75,{'stop_loss_price': 12884.75}
INVALID_RISK_UNIT,risk_unit == 0 or non-finite,NQU22-CME,17742974,2022-07-29 14:14:54.142000+00:00,12884.75,{'stop_loss_price': 12884.75}
INVALID_RISK_UNIT,risk_unit == 0 or non-finite,NQU22-CME,17746391,2022-07-29 14:17:27.403000+00:00,12890.25,{'stop_loss_price': 12890.25}
INVALID_RISK_UNIT,risk_unit == 0 or non-finite,NQU22-CME,17748166,2022-07-29 14:19:11.807001+00:00,12882.0,{'stop_loss_price': 12882.0}
INVALID_RISK_UNIT,risk_unit == 0 or non-finite,NQU22-CME,17772769,2022-07-29 14:38:53.820000+00:00,12907.75,{'stop_loss_price': 12907.75}
INVALID_RISK_UNIT,risk_unit == 0 or non-finite,NQU22-CME,17778408,2022-07-29 14:45:10.535000+00:00,12918.0,{'stop_loss_price': 12918.0}
INVALID_RISK_UNIT,risk_unit == 0 or non-finite,NQU22-CME,17789223,2022-07-29 14:56:03.985000+00:00,12893.25,{'stop_loss_price': 12893.25}
INVALID_RISK_UNIT,risk_unit == 0 or non-finite,NQU22-CME,17789224,2022-07-29 14:56:04.014000+00:00,12893.25,{'stop_loss_price': 12893.25}
INVALID_RISK_UNIT,risk_unit == 0 or non-finite,NQU22-CME,17794594,2022-07-29 14:59:46.415000+00:00,12863.0,{'stop_loss_price': 12863.0}
INVALID_RISK_UNIT,risk_unit == 0 or non-finite,NQU22-CME,17800454,2022-07-29 15:04:04.547000+00:00,12853.75,{'stop_loss_price': 12853.75}
INVALID_RISK_UNIT,risk_unit == 0 or non-finite,NQU22-CME,17827269,2022-07-29 15:25:54.535000+00:00,12809.5,{'stop_loss_price': 12809.5}
INVALID_RISK_UNIT,risk_unit == 0 or non-finite,NQU22-CME,17834026,2022-07-29 15:31:05.555000+00:00,12806.75,{'stop_loss_price': 12806.75}
INVALID_RISK_UNIT,risk_unit == 0 or non-finite,NQU22-CME,17853592,2022-07-29 15:49:26.742000+00:00,12853.25,{'stop_loss_price': 12853.25}
INVALID_RISK_UNIT,risk_unit == 0 or non-finite,NQU22-CME,17853593,2022-07-29 15:49:26.742001+00:00,12853.25,{'stop_loss_price': 12853.25}
INVALID_RISK_UNIT,risk_unit == 0 or non-finite,NQU22-CME,17853594,2022-07-29 15:49:26.742002+00:00,12853.25,{'stop_loss_price': 12853.25}
INVALID_RISK_UNIT,risk_unit == 0 or non-finite,NQU22-CME,17853600,2022-07-29 15:49:26.769002+00:00,12853.25,{'stop_loss_price': 12853.25}
INVALID_RISK_UNIT,risk_unit == 0 or non-finite,NQU22-CME,17853601,2022-07-29 15:49:26.801000+00:00,12853.25,{'stop_loss_price': 12853.25}
INVALID_RISK_UNIT,risk_unit == 0 or non-finite,NQU22-CME,17886900,2022-07-29 16:38:01.537000+00:00,12853.5,{'stop_loss_price': 12853.5}
INVALID_RISK_UNIT,risk_unit == 0 or non-finite,NQU22-CME,17971183,2022-07-29 18:52:18.159000+00:00,12950.5,{'stop_loss_price': 12950.5}
INVALID_RISK_UNIT,risk_unit == 0 or non-finite,NQU22-CME,17971184,2022-07-29 18:52:18.159001+00:00,12950.5,{'stop_loss_price': 12950.5}
INVALID_RISK_UNIT,risk_unit == 0 or non-finite,NQU22-CME,18014581,2022-07-29 19:46:33.795003+00:00,12997.75,{'stop_loss_price': 12997.75}
INVALID_RISK_UNIT,risk_unit == 0 or non-finite,NQU22-CME,18014582,2022-07-29 19:46:33.795004+00:00,12997.75,{'stop_loss_price': 12997.75}
INVALID_RISK_UNIT,risk_unit == 0 or non-finite,NQU22-CME,18064565,2022-07-31 23:12:12.945002+00:00,12928.75,{'stop_loss_price': 12928.75}
INVALID_RISK_UNIT,risk_unit == 0 or non-finite,NQU22-CME,18068488,2022-08-01 00:11:27.040000+00:00,12912.0,{'stop_loss_price': 12912.0}
INVALID_RISK_UNIT,risk_unit == 0 or non-finite,NQU22-CME,18088509,2022-08-01 07:17:24.963000+00:00,12938.75,{'stop_loss_price': 12938.75}
INVALID_RISK_UNIT,risk_unit == 0 or non-finite,NQU22-CME,18109893,2022-08-01 11:30:56.956000+00:00,12962.75,{'stop_loss_price': 12962.75}
INVALID_RISK_UNIT,risk_unit == 0 or non-finite,NQU22-CME,18134799,2022-08-01 13:10:10.273001+00:00,12906.0,{'stop_loss_price': 12906.0}
INVALID_RISK_UNIT,risk_unit == 0 or non-finite,NQU22-CME,18134800,2022-08-01 13:10:10.273002+00:00,12906.0,{'stop_loss_price': 12906.0}
INVALID_RISK_UNIT,risk_unit == 0 or non-finite,NQU22-CME,18134801,2022-08-01 13:10:10.273003+00:00,12906.0,{'stop_loss_price': 12906.0}
INVALID_RISK_UNIT,risk_unit == 0 or non-finite,NQU22-CME,18137534,2022-08-01 13:18:28.631000+00:00,12890.0,{'stop_loss_price': 12890.0}
INVALID_RISK_UNIT,risk_unit == 0 or non-finite,NQU22-CME,18166099,2022-08-01 13:37:56.458000+00:00,12896.0,{'stop_loss_price': 12896.0}
INVALID_RISK_UNIT,risk_unit == 0 or non-finite,NQU22-CME,18245435,2022-08-01 14:18:24.318000+00:00,13033.5,{'stop_loss_price': 13033.5}
INVALID_RISK_UNIT,risk_unit == 0 or non-finite,NQU22-CME,18247326,2022-08-01 14:19:29.946000+00:00,13017.75,{'stop_loss_price': 13017.75}
INVALID_RISK_UNIT,risk_unit == 0 or non-finite,NQU22-CME,18247701,2022-08-01 14:19:45.170000+00:00,13014.75,{'stop_loss_price': 13014.75}
INVALID_RISK_UNIT,risk_unit == 0 or non-finite,NQU22-CME,18247702,2022-08-01 14:19:45.181000+00:00,13014.75,{'stop_loss_price': 13014.75}
INVALID_RISK_UNIT,risk_unit == 0 or non-finite,NQU22-CME,18247703,2022-08-01 14:19:45.182000+00:00,13014.75,{'stop_loss_price': 13014.75}
INVALID_RISK_UNIT,risk_unit == 0 or non-finite,NQU22-CME,18247704,2022-08-01 14:19:45.188000+00:00,13014.75,{'stop_loss_price': 13014.75}
INVALID_RISK_UNIT,risk_unit == 0 or non-finite,NQU22-CME,18247708,2022-08-01 14:19:45.517000+00:00,13014.75,{'stop_loss_price': 13014.75}
INVALID_RISK_UNIT,risk_unit == 0 or non-finite,NQU22-CME,18247709,2022-08-01 14:19:45.546000+00:00,13014.75,{'stop_loss_price': 13014.75}
INVALID_RISK_UNIT,risk_unit == 0 or non-finite,NQU22-CME,18266802,2022-08-01 14:30:32.385000+00:00,12999.5,{'stop_loss_price': 12999.5}
INVALID_RISK_UNIT,risk_unit == 0 or non-finite,NQU22-CME,18287261,2022-08-01 14:44:35.926000+00:00,13051.5,{'stop_loss_price': 13051.5}
INVALID_RISK_UNIT,risk_unit == 0 or non-finite,NQU22-CME,18294070,2022-08-01 14:49:07.284000+00:00,13078.0,{'stop_loss_price': 13078.0}
INVALID_RISK_UNIT,risk_unit == 0 or non-finite,NQU22-CME,18349408,2022-08-01 15:34:01.787000+00:00,13043.25,{'stop_loss_price': 13043.25}
INVALID_RISK_UNIT,risk_unit == 0 or non-finite,NQU22-CME,18349409,2022-08-01 15:34:01.931000+00:00,13043.25,{'stop_loss_price': 13043.25}
INVALID_RISK_UNIT,risk_unit == 0 or non-finite,NQU22-CME,18358778,2022-08-01 15:45:50.624000+00:00,13064.0,{'stop_loss_price': 13064.0}
INVALID_RISK_UNIT,risk_unit == 0 or non-finite,NQU22-CME,18358779,2022-08-01 15:45:50.624001+00:00,13064.0,{'stop_loss_price': 13064.0}
INVALID_RISK_UNIT,risk_unit == 0 or non-finite,NQU22-CME,18358780,2022-08-01 15:45:50.624002+00:00,13064.0,{'stop_loss_price': 13064.0}
INVALID_RISK_UNIT,risk_unit == 0 or non-finite,NQU22-CME,18358781,2022-08-01 15:45:50.624003+00:00,13064.0,{'stop_loss_price': 13064.0}
INVALID_RISK_UNIT,risk_unit == 0 or non-finite,NQU22-CME,18381762,2022-08-01 16:13:16.084000+00:00,13021.75,{'stop_loss_price': 13021.75}
INVALID_RISK_UNIT,risk_unit == 0 or non-finite,NQU22-CME,18381763,2022-08-01 16:13:16.100000+00:00,13021.75,{'stop_loss_price': 13021.75}
INVALID_RISK_UNIT,risk_unit == 0 or non-finite,NQU22-CME,18398082,2022-08-01 16:33:20.876000+00:00,13022.5,{'stop_loss_price': 13022.5}
INVALID_RISK_UNIT,risk_unit == 0 or non-finite,NQU22-CME,18413925,2022-08-01 16:54:47.905000+00:00,13014.0,{'stop_loss_price': 13014.0}
INVALID_RISK_UNIT,risk_unit == 0 or non-finite,NQU22-CME,18413926,2022-08-01 16:54:47.905001+00:00,13014.0,{'stop_loss_price': 13014.0}
INVALID_RISK_UNIT,risk_unit == 0 or non-finite,NQU22-CME,18413927,2022-08-01 16:54:47.908000+00:00,13014.0,{'stop_loss_price': 13014.0}
INVALID_RISK_UNIT,risk_unit == 0 or non-finite,NQU22-CME,18507466,2022-08-01 18:31:43.891000+00:00,12958.75,{'stop_loss_price': 12958.75}
INVALID_RISK_UNIT,risk_unit == 0 or non-finite,NQU22-CME,18539506,2022-08-01 19:09:16.644000+00:00,12984.75,{'stop_loss_price': 12984.75}
INVALID_RISK_UNIT,risk_unit == 0 or non-finite,NQU22-CME,18631104,2022-08-02 07:08:37.342000+00:00,12859.75,{'stop_loss_price': 12859.75}
INVALID_RISK_UNIT,risk_unit == 0 or non-finite,NQU22-CME,18649673,2022-08-02 09:20:27.072000+00:00,12868.75,{'stop_loss_price': 12868.75}
INVALID_RISK_UNIT,risk_unit == 0 or non-finite,NQU22-CME,18664160,2022-08-02 11:06:40.093000+00:00,12867.0,{'stop_loss_price': 12867.0}
INVALID_RISK_UNIT,risk_unit == 0 or non-finite,NQU22-CME,18664161,2022-08-02 11:06:40.093001+00:00,12867.0,{'stop_loss_price': 12867.0}
INVALID_RISK_UNIT,risk_unit == 0 or non-finite,NQU22-CME,18664162,2022-08-02 11:06:40.708000+00:00,12867.0,{'stop_loss_price': 12867.0}
INVALID_RISK_UNIT,risk_unit == 0 or non-finite,NQU22-CME,18664169,2022-08-02 11:06:44.581000+00:00,12867.0,{'stop_loss_price': 12867.0}
INVALID_RISK_UNIT,risk_unit == 0 or non-finite,NQU22-CME,18664170,2022-08-02 11:06:45.423000+00:00,12867.0,{'stop_loss_price': 12867.0}
INVALID_RISK_UNIT,risk_unit == 0 or non-finite,NQU22-CME,18772243,2022-08-02 14:01:17.085000+00:00,12910.0,{'stop_loss_price': 12910.0}
INVALID_RISK_UNIT,risk_unit == 0 or non-finite,NQU22-CME,18773302,2022-08-02 14:01:40.669000+00:00,12899.75,{'stop_loss_price': 12899.75}
INVALID_RISK_UNIT,risk_unit == 0 or non-finite,NQU22-CME,18785691,2022-08-02 14:08:34.964000+00:00,12873.0,{'stop_loss_price': 12873.0}
INVALID_RISK_UNIT,risk_unit == 0 or non-finite,NQU22-CME,18796105,2022-08-02 14:11:37.395000+00:00,12863.25,{'stop_loss_price': 12863.25}
INVALID_RISK_UNIT,risk_unit == 0 or non-finite,NQU22-CME,18801995,2022-08-02 14:14:30.585000+00:00,12878.5,{'stop_loss_price': 12878.5}
INVALID_RISK_UNIT,risk_unit == 0 or non-finite,NQU22-CME,18835906,2022-08-02 14:37:36.785000+00:00,12907.25,{'stop_loss_price': 12907.25}
INVALID_RISK_UNIT,risk_unit == 0 or non-finite,NQU22-CME,18836587,2022-08-02 14:38:13.290000+00:00,12893.25,{'stop_loss_price': 12893.25}
INVALID_RISK_UNIT,risk_unit == 0 or non-finite,NQU22-CME,18836588,2022-08-02 14:38:13.290001+00:00,12893.25,{'stop_loss_price': 12893.25}
INVALID_RISK_UNIT,risk_unit == 0 or non-finite,NQU22-CME,18861044,2022-08-02 14:53:32.226000+00:00,12988.5,{'stop_loss_price': 12988.5}
INVALID_RISK_UNIT,risk_unit == 0 or non-finite,NQU22-CME,18928105,2022-08-02 15:58:48.882000+00:00,12980.0,{'stop_loss_price': 12980.0}
INVALID_RISK_UNIT,risk_unit == 0 or non-finite,NQU22-CME,18928106,2022-08-02 15:58:48.883000+00:00,12980.0,{'stop_loss_price': 12980.0}
INVALID_RISK_UNIT,risk_unit == 0 or non-finite,NQU22-CME,18928107,2022-08-02 15:58:48.883001+00:00,12980.0,{'stop_loss_price': 12980.0}
INVALID_RISK_UNIT,risk_unit == 0 or non-finite,NQU22-CME,18928108,2022-08-02 15:58:48.883002+00:00,12980.0,{'stop_loss_price': 12980.0}
INVALID_RISK_UNIT,risk_unit == 0 or non-finite,NQU22-CME,18987838,2022-08-02 16:51:45.711000+00:00,13078.75,{'stop_loss_price': 13078.75}
INVALID_RISK_UNIT,risk_unit == 0 or non-finite,NQU22-CME,19001503,2022-08-02 17:06:27.851000+00:00,13047.25,{'stop_loss_price': 13047.25}
INVALID_RISK_UNIT,risk_unit == 0 or non-finite,NQU22-CME,19036197,2022-08-02 17:36:41.678000+00:00,12921.0,{'stop_loss_price': 12921.0}
INVALID_RISK_UNIT,risk_unit == 0 or non-finite,NQU22-CME,19037418,2022-08-02 17:37:17.202000+00:00,12922.75,{'stop_loss_price': 12922.75}
INVALID_RISK_UNIT,risk_unit == 0 or non-finite,NQU22-CME,19116620,2022-08-02 18:49:52.537000+00:00,12986.25,{'stop_loss_price': 12986.25}
INVALID_RISK_UNIT,risk_unit == 0 or non-finite,NQU22-CME,19116621,2022-08-02 18:49:52.898000+00:00,12986.25,{'stop_loss_price': 12986.25}
INVALID_RISK_UNIT,risk_unit == 0 or non-finite,NQU22-CME,19131757,2022-08-02 19:07:41.741000+00:00,12972.75,{'stop_loss_price': 12972.75}
INVALID_RISK_UNIT,risk_unit == 0 or non-finite,NQU22-CME,19149354,2022-08-02 19:27:52.456000+00:00,12952.75,{'stop_loss_price': 12952.75}
INVALID_RISK_UNIT,risk_unit == 0 or non-finite,NQU22-CME,19150403,2022-08-02 19:28:54.186000+00:00,12958.0,{'stop_loss_price': 12958.0}
INVALID_RISK_UNIT,risk_unit == 0 or non-finite,NQU22-CME,19217433,2022-08-03 03:00:41.502000+00:00,12920.0,{'stop_loss_price': 12920.0}
INVALID_RISK_UNIT,risk_unit == 0 or non-finite,NQU22-CME,19234654,2022-08-03 07:17:55.761000+00:00,12915.0,{'stop_loss_price': 12915.0}
INVALID_RISK_UNIT,risk_unit == 0 or non-finite,NQU22-CME,19280551,2022-08-03 12:52:10.521000+00:00,13007.0,{'stop_loss_price': 13007.0}
INVALID_RISK_UNIT,risk_unit == 0 or non-finite,NQU22-CME,19294225,2022-08-03 13:30:48.143003+00:00,13020.0,{'stop_loss_price': 13020.0}
INVALID_RISK_UNIT,risk_unit == 0 or non-finite,NQU22-CME,19294226,2022-08-03 13:30:48.190000+00:00,13020.0,{'stop_loss_price': 13020.0}
INVALID_RISK_UNIT,risk_unit == 0 or non-finite,NQU22-CME,19294229,2022-08-03 13:30:48.219000+00:00,13020.0,{'stop_loss_price': 13020.0}
INVALID_RISK_UNIT,risk_unit == 0 or non-finite,NQU22-CME,19355668,2022-08-03 13:58:00.693000+00:00,13116.5,{'stop_loss_price': 13116.5}
INVALID_RISK_UNIT,risk_unit == 0 or non-finite,NQU22-CME,19372212,2022-08-03 14:05:12.774000+00:00,13160.0,{'stop_loss_price': 13160.0}
INVALID_RISK_UNIT,risk_unit == 0 or non-finite,NQU22-CME,19372213,2022-08-03 14:05:12.774001+00:00,13160.0,{'stop_loss_price': 13160.0}
INVALID_RISK_UNIT,risk_unit == 0 or non-finite,NQU22-CME,19395966,2022-08-03 14:18:39.475000+00:00,13134.25,{'stop_loss_price': 13134.25}
INVALID_RISK_UNIT,risk_unit == 0 or non-finite,NQU22-CME,19400447,2022-08-03 14:20:13.244000+00:00,13121.25,{'stop_loss_price': 13121.25}
INVALID_RISK_UNIT,risk_unit == 0 or non-finite,NQU22-CME,19400448,2022-08-03 14:20:13.244001+00:00,13121.25,{'stop_loss_price': 13121.25}
INVALID_RISK_UNIT,risk_unit == 0 or non-finite,NQU22-CME,19400449,2022-08-03 14:20:13.244002+00:00,13121.25,{'stop_loss_price': 13121.25}
INVALID_RISK_UNIT,risk_unit == 0 or non-finite,NQU22-CME,19400450,2022-08-03 14:20:13.244003+00:00,13121.25,{'stop_loss_price': 13121.25}
INVALID_RISK_UNIT,risk_unit == 0 or non-finite,NQU22-CME,19400451,2022-08-03 14:20:13.244004+00:00,13121.25,{'stop_loss_price': 13121.25}
INVALID_RISK_UNIT,risk_unit == 0 or non-finite,NQU22-CME,19400452,2022-08-03 14:20:13.244005+00:00,13121.25,{'stop_loss_price': 13121.25}
INVALID_RISK_UNIT,risk_unit == 0 or non-finite,NQU22-CME,19403743,2022-08-03 14:22:00.178000+00:00,13124.5,{'stop_loss_price': 13124.5}
INVALID_RISK_UNIT,risk_unit == 0 or non-finite,NQU22-CME,19418919,2022-08-03 14:30:51.587000+00:00,13116.25,{'stop_loss_price': 13116.25}
INVALID_RISK_UNIT,risk_unit == 0 or non-finite,NQU22-CME,19462261,2022-08-03 15:00:12.618000+00:00,13139.25,{'stop_loss_price': 13139.25}
INVALID_RISK_UNIT,risk_unit == 0 or non-finite,NQU22-CME,19508618,2022-08-03 15:35:20.514000+00:00,13187.25,{'stop_loss_price': 13187.25}
INVALID_RISK_UNIT,risk_unit == 0 or non-finite,NQU22-CME,19508619,2022-08-03 15:35:20.514001+00:00,13187.25,{'stop_loss_price': 13187.25}
INVALID_RISK_UNIT,risk_unit == 0 or non-finite,NQU22-CME,19508620,2022-08-03 15:35:20.514002+00:00,13187.25,{'stop_loss_price': 13187.25}
INVALID_RISK_UNIT,risk_unit == 0 or non-finite,NQU22-CME,19508621,2022-08-03 15:35:20.529000+00:00,13187.25,{'stop_loss_price': 13187.25}
INVALID_RISK_UNIT,risk_unit == 0 or non-finite,NQU22-CME,19529564,2022-08-03 15:49:33.527000+00:00,13211.5,{'stop_loss_price': 13211.5}
INVALID_RISK_UNIT,risk_unit == 0 or non-finite,NQU22-CME,19558747,2022-08-03 16:20:42.074000+00:00,13211.5,{'stop_loss_price': 13211.5}
INVALID_RISK_UNIT,risk_unit == 0 or non-finite,NQU22-CME,19563309,2022-08-03 16:24:35.546000+00:00,13219.25,{'stop_loss_price': 13219.25}
INVALID_RISK_UNIT,risk_unit == 0 or non-finite,NQU22-CME,19579759,2022-08-03 16:41:57.407000+00:00,13241.5,{'stop_loss_price': 13241.5}
INVALID_RISK_UNIT,risk_unit == 0 or non-finite,NQU22-CME,19579760,2022-08-03 16:41:57.407001+00:00,13241.5,{'stop_loss_price': 13241.5}
INVALID_RISK_UNIT,risk_unit == 0 or non-finite,NQU22-CME,19579761,2022-08-03 16:41:57.407002+00:00,13241.5,{'stop_loss_price': 13241.5}
INVALID_RISK_UNIT,risk_unit == 0 or non-finite,NQU22-CME,19588467,2022-08-03 16:47:50.632000+00:00,13260.0,{'stop_loss_price': 13260.0}
INVALID_RISK_UNIT,risk_unit == 0 or non-finite,NQU22-CME,19609392,2022-08-03 17:07:25.305000+00:00,13269.0,{'stop_loss_price': 13269.0}
INVALID_RISK_UNIT,risk_unit == 0 or non-finite,NQU22-CME,19617625,2022-08-03 17:19:30.201000+00:00,13270.5,{'stop_loss_price': 13270.5}
INVALID_RISK_UNIT,risk_unit == 0 or non-finite,NQU22-CME,19621351,2022-08-03 17:22:15.875004+00:00,13255.75,{'stop_loss_price': 13255.75}
INVALID_RISK_UNIT,risk_unit == 0 or non-finite,NQU22-CME,19621352,2022-08-03 17:22:15.875005+00:00,13255.75,{'stop_loss_price': 13255.75}
INVALID_RISK_UNIT,risk_unit == 0 or non-finite,NQU22-CME,19621353,2022-08-03 17:22:15.875006+00:00,13255.75,{'stop_loss_price': 13255.75}
INVALID_RISK_UNIT,risk_unit == 0 or non-finite,NQU22-CME,19621354,2022-08-03 17:22:15.875007+00:00,13255.75,{'stop_loss_price': 13255.75}
INVALID_RISK_UNIT,risk_unit == 0 or non-finite,NQU22-CME,19621355,2022-08-03 17:22:16.286000+00:00,13255.75,{'stop_loss_price': 13255.75}
INVALID_RISK_UNIT,risk_unit == 0 or non-finite,NQU22-CME,19621356,2022-08-03 17:22:16.286001+00:00,13255.75,{'stop_loss_price': 13255.75}
INVALID_RISK_UNIT,risk_unit == 0 or non-finite,NQU22-CME,19621357,2022-08-03 17:22:16.286002+00:00,13255.75,{'stop_loss_price': 13255.75}
INVALID_RISK_UNIT,risk_unit == 0 or non-finite,NQU22-CME,19621358,2022-08-03 17:22:16.288000+00:00,13255.75,{'stop_loss_price': 13255.75}
INVALID_RISK_UNIT,risk_unit == 0 or non-finite,NQU22-CME,19621359,2022-08-03 17:22:16.330000+00:00,13255.75,{'stop_loss_price': 13255.75}
INVALID_RISK_UNIT,risk_unit == 0 or non-finite,NQU22-CME,19621360,2022-08-03 17:22:16.330001+00:00,13255.75,{'stop_loss_price': 13255.75}
INVALID_RISK_UNIT,risk_unit == 0 or non-finite,NQU22-CME,19676248,2022-08-03 18:34:27.896000+00:00,13285.0,{'stop_loss_price': 13285.0}
INVALID_RISK_UNIT,risk_unit == 0 or non-finite,NQU22-CME,19676249,2022-08-03 18:34:27.896001+00:00,13285.0,{'stop_loss_price': 13285.0}
INVALID_RISK_UNIT,risk_unit == 0 or non-finite,NQU22-CME,19676250,2022-08-03 18:34:27.896002+00:00,13285.0,{'stop_loss_price': 13285.0}
INVALID_RISK_UNIT,risk_unit == 0 or non-finite,NQU22-CME,19676251,2022-08-03 18:34:27.896003+00:00,13285.0,{'stop_loss_price': 13285.0}
INVALID_RISK_UNIT,risk_unit == 0 or non-finite,NQU22-CME,19676252,2022-08-03 18:34:27.896004+00:00,13285.0,{'stop_loss_price': 13285.0}
INVALID_RISK_UNIT,risk_unit == 0 or non-finite,NQU22-CME,19676253,2022-08-03 18:34:27.897000+00:00,13285.0,{'stop_loss_price': 13285.0}
INVALID_RISK_UNIT,risk_unit == 0 or non-finite,NQU22-CME,19676254,2022-08-03 18:34:27.897001+00:00,13285.0,{'stop_loss_price': 13285.0}
INVALID_RISK_UNIT,risk_unit == 0 or non-finite,NQU22-CME,19676255,2022-08-03 18:34:27.897002+00:00,13285.0,{'stop_loss_price': 13285.0}
INVALID_RISK_UNIT,risk_unit == 0 or non-finite,NQU22-CME,19709635,2022-08-03 19:13:47.865000+00:00,13268.25,{'stop_loss_price': 13268.25}
INVALID_RISK_UNIT,risk_unit == 0 or non-finite,NQU22-CME,19709636,2022-08-03 19:13:47.865001+00:00,13268.25,{'stop_loss_price': 13268.25}
INVALID_RISK_UNIT,risk_unit == 0 or non-finite,NQU22-CME,19709637,2022-08-03 19:13:47.865002+00:00,13268.25,{'stop_loss_price': 13268.25}
INVALID_RISK_UNIT,risk_unit == 0 or non-finite,NQU22-CME,19721310,2022-08-03 19:30:33.421000+00:00,13275.5,{'stop_loss_price': 13275.5}
INVALID_RISK_UNIT,risk_unit == 0 or non-finite,NQU22-CME,19721311,2022-08-03 19:30:33.421001+00:00,13275.5,{'stop_loss_price': 13275.5}
INVALID_RISK_UNIT,risk_unit == 0 or non-finite,NQU22-CME,19721319,2022-08-03 19:30:33.908000+00:00,13275.5,{'stop_loss_price': 13275.5}
INVALID_RISK_UNIT,risk_unit == 0 or non-finite,NQU22-CME,19721320,2022-08-03 19:30:33.908001+00:00,13275.5,{'stop_loss_price': 13275.5}
INVALID_RISK_UNIT,risk_unit == 0 or non-finite,NQU22-CME,19721321,2022-08-03 19:30:33.908002+00:00,13275.5,{'stop_loss_price': 13275.5}
INVALID_RISK_UNIT,risk_unit == 0 or non-finite,NQU22-CME,19721324,2022-08-03 19:30:34.684000+00:00,13275.5,{'stop_loss_price': 13275.5}
INVALID_RISK_UNIT,risk_unit == 0 or non-finite,NQU22-CME,19758934,2022-08-03 19:58:18.914000+00:00,13272.75,{'stop_loss_price': 13272.75}
INVALID_RISK_UNIT,risk_unit == 0 or non-finite,NQU22-CME,19758935,2022-08-03 19:58:18.914001+00:00,13272.75,{'stop_loss_price': 13272.75}
INVALID_RISK_UNIT,risk_unit == 0 or non-finite,NQU22-CME,19758936,2022-08-03 19:58:18.914002+00:00,13272.75,{'stop_loss_price': 13272.75}
INVALID_RISK_UNIT,risk_unit == 0 or non-finite,NQU22-CME,19758937,2022-08-03 19:58:18.914003+00:00,13272.75,{'stop_loss_price': 13272.75}
INVALID_RISK_UNIT,risk_unit == 0 or non-finite,NQU22-CME,19758938,2022-08-03 19:58:18.914004+00:00,13272.75,{'stop_loss_price': 13272.75}
INVALID_RISK_UNIT,risk_unit == 0 or non-finite,NQU22-CME,19758939,2022-08-03 19:58:18.914005+00:00,13272.75,{'stop_loss_price': 13272.75}
INVALID_RISK_UNIT,risk_unit == 0 or non-finite,NQU22-CME,19758940,2022-08-03 19:58:18.915000+00:00,13272.75,{'stop_loss_price': 13272.75}
INVALID_RISK_UNIT,risk_unit == 0 or non-finite,NQU22-CME,19758941,2022-08-03 19:58:18.916000+00:00,13272.75,{'stop_loss_price': 13272.75}
INVALID_RISK_UNIT,risk_unit == 0 or non-finite,NQU22-CME,19758942,2022-08-03 19:58:18.916001+00:00,13272.75,{'stop_loss_price': 13272.75}
INVALID_RISK_UNIT,risk_unit == 0 or non-finite,NQU22-CME,19758943,2022-08-03 19:58:18.917000+00:00,13272.75,{'stop_loss_price': 13272.75}
INVALID_RISK_UNIT,risk_unit == 0 or non-finite,NQU22-CME,19758944,2022-08-03 19:58:18.919000+00:00,13272.75,{'stop_loss_price': 13272.75}
INVALID_RISK_UNIT,risk_unit == 0 or non-finite,NQU22-CME,19760019,2022-08-03 19:58:43.246001+00:00,13274.5,{'stop_loss_price': 13274.5}
INVALID_RISK_UNIT,risk_unit == 0 or non-finite,NQU22-CME,19768601,2022-08-03 19:59:55.016000+00:00,13267.0,{'stop_loss_price': 13267.0}
INVALID_RISK_UNIT,risk_unit == 0 or non-finite,NQU22-CME,19768602,2022-08-03 19:59:55.016001+00:00,13267.0,{'stop_loss_price': 13267.0}
INVALID_RISK_UNIT,risk_unit == 0 or non-finite,NQU22-CME,19768603,2022-08-03 19:59:55.016002+00:00,13267.0,{'stop_loss_price': 13267.0}
INVALID_RISK_UNIT,risk_unit == 0 or non-finite,NQU22-CME,19768604,2022-08-03 19:59:55.016003+00:00,13267.0,{'stop_loss_price': 13267.0}
INVALID_RISK_UNIT,risk_unit == 0 or non-finite,NQU22-CME,19768605,2022-08-03 19:59:55.016004+00:00,13267.0,{'stop_loss_price': 13267.0}
INVALID_RISK_UNIT,risk_unit == 0 or non-finite,NQU22-CME,19768606,2022-08-03 19:59:55.016005+00:00,13267.0,{'stop_loss_price': 13267.0}
INVALID_RISK_UNIT,risk_unit == 0 or non-finite,NQU22-CME,19768607,2022-08-03 19:59:55.016006+00:00,13267.0,{'stop_loss_price': 13267.0}
INVALID_RISK_UNIT,risk_unit == 0 or non-finite,NQU22-CME,19768608,2022-08-03 19:59:55.016007+00:00,13267.0,{'stop_loss_price': 13267.0}
INVALID_RISK_UNIT,risk_unit == 0 or non-finite,NQU22-CME,19768609,2022-08-03 19:59:55.016008+00:00,13267.0,{'stop_loss_price': 13267.0}
INVALID_RISK_UNIT,risk_unit == 0 or non-finite,NQU22-CME,19768610,2022-08-03 19:59:55.016009+00:00,13267.0,{'stop_loss_price': 13267.0}
INVALID_RISK_UNIT,risk_unit == 0 or non-finite,NQU22-CME,19768611,2022-08-03 19:59:55.016010+00:00,13267.0,{'stop_loss_price': 13267.0}
INVALID_RISK_UNIT,risk_unit == 0 or non-finite,NQU22-CME,19768612,2022-08-03 19:59:55.017000+00:00,13267.0,{'stop_loss_price': 13267.0}
INVALID_RISK_UNIT,risk_unit == 0 or non-finite,NQU22-CME,19871135,2022-08-04 13:10:24.598000+00:00,13286.25,{'stop_loss_price': 13286.25}
INVALID_RISK_UNIT,risk_unit == 0 or non-finite,NQU22-CME,19882078,2022-08-04 13:30:48.337000+00:00,13267.75,{'stop_loss_price': 13267.75}
INVALID_RISK_UNIT,risk_unit == 0 or non-finite,NQU22-CME,19889564,2022-08-04 13:32:59.164000+00:00,13286.5,{'stop_loss_price': 13286.5}
INVALID_RISK_UNIT,risk_unit == 0 or non-finite,NQU22-CME,19889565,2022-08-04 13:32:59.164001+00:00,13286.5,{'stop_loss_price': 13286.5}
INVALID_RISK_UNIT,risk_unit == 0 or non-finite,NQU22-CME,19889567,2022-08-04 13:32:59.170000+00:00,13286.5,{'stop_loss_price': 13286.5}
INVALID_RISK_UNIT,risk_unit == 0 or non-finite,NQU22-CME,19904115,2022-08-04 13:38:17.810000+00:00,13278.0,{'stop_loss_price': 13278.0}
INVALID_RISK_UNIT,risk_unit == 0 or non-finite,NQU22-CME,19904116,2022-08-04 13:38:17.811000+00:00,13278.0,{'stop_loss_price': 13278.0}
INVALID_RISK_UNIT,risk_unit == 0 or non-finite,NQU22-CME,19923984,2022-08-04 13:46:12.290000+00:00,13331.75,{'stop_loss_price': 13331.75}
INVALID_RISK_UNIT,risk_unit == 0 or non-finite,NQU22-CME,19929027,2022-08-04 13:49:24.443000+00:00,13316.0,{'stop_loss_price': 13316.0}
INVALID_RISK_UNIT,risk_unit == 0 or non-finite,NQU22-CME,20034432,2022-08-04 14:57:38.450000+00:00,13256.5,{'stop_loss_price': 13256.5}
INVALID_RISK_UNIT,risk_unit == 0 or non-finite,NQU22-CME,20114546,2022-08-04 16:18:43.221000+00:00,13296.25,{'stop_loss_price': 13296.25}
INVALID_RISK_UNIT,risk_unit == 0 or non-finite,NQU22-CME,20158841,2022-08-04 17:21:35.212000+00:00,13277.0,{'stop_loss_price': 13277.0}
INVALID_RISK_UNIT,risk_unit == 0 or non-finite,NQU22-CME,20178395,2022-08-04 17:52:44.106000+00:00,13302.0,{'stop_loss_price': 13302.0}
INVALID_RISK_UNIT,risk_unit == 0 or non-finite,NQU22-CME,20194981,2022-08-04 18:22:40.035000+00:00,13292.0,{'stop_loss_price': 13292.0}
INVALID_RISK_UNIT,risk_unit == 0 or non-finite,NQU22-CME,20208280,2022-08-04 18:47:50.210000+00:00,13303.25,{'stop_loss_price': 13303.25}
INVALID_RISK_UNIT,risk_unit == 0 or non-finite,NQU22-CME,20208281,2022-08-04 18:47:50.275000+00:00,13303.25,{'stop_loss_price': 13303.25}
INVALID_RISK_UNIT,risk_unit == 0 or non-finite,NQU22-CME,20215986,2022-08-04 18:58:42.890000+00:00,13316.25,{'stop_loss_price': 13316.25}
INVALID_RISK_UNIT,risk_unit == 0 or non-finite,NQU22-CME,20237723,2022-08-04 19:39:35.300001+00:00,13316.25,{'stop_loss_price': 13316.25}
INVALID_RISK_UNIT,risk_unit == 0 or non-finite,NQU22-CME,20237724,2022-08-04 19:39:35.300002+00:00,13316.25,{'stop_loss_price': 13316.25}
INVALID_RISK_UNIT,risk_unit == 0 or non-finite,NQU22-CME,20237725,2022-08-04 19:39:35.977000+00:00,13316.25,{'stop_loss_price': 13316.25}
INVALID_RISK_UNIT,risk_unit == 0 or non-finite,NQU22-CME,20249212,2022-08-04 19:56:38.673000+00:00,13314.75,{'stop_loss_price': 13314.75}
INVALID_RISK_UNIT,risk_unit == 0 or non-finite,NQU22-CME,20257407,2022-08-04 20:00:22.028000+00:00,13338.5,{'stop_loss_price': 13338.5}
INVALID_RISK_UNIT,risk_unit == 0 or non-finite,NQU22-CME,20257408,2022-08-04 20:00:22.028001+00:00,13338.5,{'stop_loss_price': 13338.5}
INVALID_RISK_UNIT,risk_unit == 0 or non-finite,NQU22-CME,20257415,2022-08-04 20:00:22.721000+00:00,13338.5,{'stop_loss_price': 13338.5}
INVALID_RISK_UNIT,risk_unit == 0 or non-finite,NQU22-CME,20257416,2022-08-04 20:00:22.721001+00:00,13338.5,{'stop_loss_price': 13338.5}
INVALID_RISK_UNIT,risk_unit == 0 or non-finite,NQU22-CME,20257417,2022-08-04 20:00:22.721002+00:00,13338.5,{'stop_loss_price': 13338.5}
INVALID_RISK_UNIT,risk_unit == 0 or non-finite,NQU22-CME,20257420,2022-08-04 20:00:22.988000+00:00,13338.5,{'stop_loss_price': 13338.5}
INVALID_RISK_UNIT,risk_unit == 0 or non-finite,NQU22-CME,20265157,2022-08-04 20:55:03.823001+00:00,13329.25,{'stop_loss_price': 13329.25}
INVALID_RISK_UNIT,risk_unit == 0 or non-finite,NQU22-CME,20265158,2022-08-04 20:55:03.823002+00:00,13329.25,{'stop_loss_price': 13329.25}
INVALID_RISK_UNIT,risk_unit == 0 or non-finite,NQU22-CME,20265159,2022-08-04 20:55:03.823003+00:00,13329.25,{'stop_loss_price': 13329.25}
INVALID_RISK_UNIT,risk_unit == 0 or non-finite,NQU22-CME,20326732,2022-08-05 12:32:32.169000+00:00,13206.25,{'stop_loss_price': 13206.25}
INVALID_RISK_UNIT,risk_unit == 0 or non-finite,NQU22-CME,20359461,2022-08-05 12:57:51.046007+00:00,13140.5,{'stop_loss_price': 13140.5}
INVALID_RISK_UNIT,risk_unit == 0 or non-finite,NQU22-CME,20359462,2022-08-05 12:57:51.046008+00:00,13140.5,{'stop_loss_price': 13140.5}
INVALID_RISK_UNIT,risk_unit == 0 or non-finite,NQU22-CME,20378093,2022-08-05 13:23:48.536000+00:00,13108.25,{'stop_loss_price': 13108.25}
INVALID_RISK_UNIT,risk_unit == 0 or non-finite,NQU22-CME,20403314,2022-08-05 13:35:37.192000+00:00,13187.0,{'stop_loss_price': 13187.0}
INVALID_RISK_UNIT,risk_unit == 0 or non-finite,NQU22-CME,20430262,2022-08-05 13:47:39.485000+00:00,13154.0,{'stop_loss_price': 13154.0}
INVALID_RISK_UNIT,risk_unit == 0 or non-finite,NQU22-CME,20437510,2022-08-05 13:51:17.347000+00:00,13196.25,{'stop_loss_price': 13196.25}
INVALID_RISK_UNIT,risk_unit == 0 or non-finite,NQU22-CME,20452919,2022-08-05 14:00:11.882000+00:00,13191.0,{'stop_loss_price': 13191.0}
INVALID_RISK_UNIT,risk_unit == 0 or non-finite,NQU22-CME,20462385,2022-08-05 14:04:01.238000+00:00,13226.25,{'stop_loss_price': 13226.25}
INVALID_RISK_UNIT,risk_unit == 0 or non-finite,NQU22-CME,20462386,2022-08-05 14:04:01.238001+00:00,13226.25,{'stop_loss_price': 13226.25}
INVALID_RISK_UNIT,risk_unit == 0 or non-finite,NQU22-CME,20472070,2022-08-05 14:09:56.904000+00:00,13244.75,{'stop_loss_price': 13244.75}
INVALID_RISK_UNIT,risk_unit == 0 or non-finite,NQU22-CME,20477020,2022-08-05 14:13:01.423000+00:00,13242.75,{'stop_loss_price': 13242.75}
INVALID_RISK_UNIT,risk_unit == 0 or non-finite,NQU22-CME,20489400,2022-08-05 14:17:38.032000+00:00,13282.5,{'stop_loss_price': 13282.5}
INVALID_RISK_UNIT,risk_unit == 0 or non-finite,NQU22-CME,20489401,2022-08-05 14:17:38.032001+00:00,13282.5,{'stop_loss_price': 13282.5}
INVALID_RISK_UNIT,risk_unit == 0 or non-finite,NQU22-CME,20489403,2022-08-05 14:17:38.161000+00:00,13282.5,{'stop_loss_price': 13282.5}
INVALID_RISK_UNIT,risk_unit == 0 or non-finite,NQU22-CME,20510479,2022-08-05 14:28:41.757000+00:00,13272.0,{'stop_loss_price': 13272.0}
INVALID_RISK_UNIT,risk_unit == 0 or non-finite,NQU22-CME,20531319,2022-08-05 14:46:15.176000+00:00,13256.5,{'stop_loss_price': 13256.5}
INVALID_RISK_UNIT,risk_unit == 0 or non-finite,NQU22-CME,20559243,2022-08-05 15:08:11.546000+00:00,13183.0,{'stop_loss_price': 13183.0}
INVALID_RISK_UNIT,risk_unit == 0 or non-finite,NQU22-CME,20559807,2022-08-05 15:08:35.713000+00:00,13176.75,{'stop_loss_price': 13176.75}
INVALID_RISK_UNIT,risk_unit == 0 or non-finite,NQU22-CME,20559808,2022-08-05 15:08:35.713001+00:00,13176.75,{'stop_loss_price': 13176.75}
INVALID_RISK_UNIT,risk_unit == 0 or non-finite,NQU22-CME,20559811,2022-08-05 15:08:35.784001+00:00,13176.75,{'stop_loss_price': 13176.75}
INVALID_RISK_UNIT,risk_unit == 0 or non-finite,NQU22-CME,20559812,2022-08-05 15:08:35.837000+00:00,13176.75,{'stop_loss_price': 13176.75}
INVALID_RISK_UNIT,risk_unit == 0 or non-finite,NQU22-CME,20576908,2022-08-05 15:21:33.982009+00:00,13148.5,{'stop_loss_price': 13148.5}
INVALID_RISK_UNIT,risk_unit == 0 or non-finite,NQU22-CME,20576909,2022-08-05 15:21:33.982010+00:00,13148.5,{'stop_loss_price': 13148.5}
INVALID_RISK_UNIT,risk_unit == 0 or non-finite,NQU22-CME,20576910,2022-08-05 15:21:33.982011+00:00,13148.5,{'stop_loss_price': 13148.5}
INVALID_RISK_UNIT,risk_unit == 0 or non-finite,NQU22-CME,20576911,2022-08-05 15:21:33.982012+00:00,13148.5,{'stop_loss_price': 13148.5}
INVALID_RISK_UNIT,risk_unit == 0 or non-finite,NQU22-CME,20576912,2022-08-05 15:21:33.982013+00:00,13148.5,{'stop_loss_price': 13148.5}
INVALID_RISK_UNIT,risk_unit == 0 or non-finite,NQU22-CME,20576913,2022-08-05 15:21:33.982014+00:00,13148.5,{'stop_loss_price': 13148.5}
INVALID_RISK_UNIT,risk_unit == 0 or non-finite,NQU22-CME,20576914,2022-08-05 15:21:33.982015+00:00,13148.5,{'stop_loss_price': 13148.5}
INVALID_RISK_UNIT,risk_unit == 0 or non-finite,NQU22-CME,20581889,2022-08-05 15:23:50.799000+00:00,13126.25,{'stop_loss_price': 13126.25}
INVALID_RISK_UNIT,risk_unit == 0 or non-finite,NQU22-CME,20581890,2022-08-05 15:23:50.799001+00:00,13126.25,{'stop_loss_price': 13126.25}
INVALID_RISK_UNIT,risk_unit == 0 or non-finite,NQU22-CME,20581891,2022-08-05 15:23:50.804000+00:00,13126.25,{'stop_loss_price': 13126.25}
INVALID_RISK_UNIT,risk_unit == 0 or non-finite,NQU22-CME,20581892,2022-08-05 15:23:50.804001+00:00,13126.25,{'stop_loss_price': 13126.25}
INVALID_RISK_UNIT,risk_unit == 0 or non-finite,NQU22-CME,20617487,2022-08-05 15:43:53.472000+00:00,13106.75,{'stop_loss_price': 13106.75}
INVALID_RISK_UNIT,risk_unit == 0 or non-finite,NQU22-CME,20619746,2022-08-05 15:45:37.023000+00:00,13116.75,{'stop_loss_price': 13116.75}
INVALID_RISK_UNIT,risk_unit == 0 or non-finite,NQU22-CME,20619747,2022-08-05 15:45:37.064000+00:00,13116.75,{'stop_loss_price': 13116.75}
INVALID_RISK_UNIT,risk_unit == 0 or non-finite,NQU22-CME,20619748,2022-08-05 15:45:37.064001+00:00,13116.75,{'stop_loss_price': 13116.75}
INVALID_RISK_UNIT,risk_unit == 0 or non-finite,NQU22-CME,20619751,2022-08-05 15:45:37.524000+00:00,13116.75,{'stop_loss_price': 13116.75}
INVALID_RISK_UNIT,risk_unit == 0 or non-finite,NQU22-CME,20619752,2022-08-05 15:45:37.578000+00:00,13116.75,{'stop_loss_price': 13116.75}
INVALID_RISK_UNIT,risk_unit == 0 or non-finite,NQU22-CME,20619753,2022-08-05 15:45:37.578001+00:00,13116.75,{'stop_loss_price': 13116.75}
INVALID_RISK_UNIT,risk_unit == 0 or non-finite,NQU22-CME,20632207,2022-08-05 15:56:29.177000+00:00,13123.5,{'stop_loss_price': 13123.5}
INVALID_RISK_UNIT,risk_unit == 0 or non-finite,NQU22-CME,20632208,2022-08-05 15:56:29.177001+00:00,13123.5,{'stop_loss_price': 13123.5}
INVALID_RISK_UNIT,risk_unit == 0 or non-finite,NQU22-CME,20663961,2022-08-05 16:28:38.989000+00:00,13161.25,{'stop_loss_price': 13161.25}
INVALID_RISK_UNIT,risk_unit == 0 or non-finite,NQU22-CME,20686255,2022-08-05 16:54:16.454000+00:00,13188.0,{'stop_loss_price': 13188.0}
INVALID_RISK_UNIT,risk_unit == 0 or non-finite,NQU22-CME,20686256,2022-08-05 16:54:16.455000+00:00,13188.0,{'stop_loss_price': 13188.0}
INVALID_RISK_UNIT,risk_unit == 0 or non-finite,NQU22-CME,20686257,2022-08-05 16:54:16.455001+00:00,13188.0,{'stop_loss_price': 13188.0}
INVALID_RISK_UNIT,risk_unit == 0 or non-finite,NQU22-CME,20706296,2022-08-05 17:13:38.054000+00:00,13228.75,{'stop_loss_price': 13228.75}
INVALID_RISK_UNIT,risk_unit == 0 or non-finite,NQU22-CME,20706297,2022-08-05 17:13:38.054001+00:00,13228.75,{'stop_loss_price': 13228.75}
INVALID_RISK_UNIT,risk_unit == 0 or non-finite,NQU22-CME,20707640,2022-08-05 17:15:17.698000+00:00,13235.25,{'stop_loss_price': 13235.25}
INVALID_RISK_UNIT,risk_unit == 0 or non-finite,NQU22-CME,20740800,2022-08-05 17:56:11.722000+00:00,13186.75,{'stop_loss_price': 13186.75}
INVALID_RISK_UNIT,risk_unit == 0 or non-finite,NQU22-CME,20749135,2022-08-05 18:06:09.040000+00:00,13189.0,{'stop_loss_price': 13189.0}
INVALID_RISK_UNIT,risk_unit == 0 or non-finite,NQU22-CME,20775295,2022-08-05 18:39:11.644000+00:00,13167.75,{'stop_loss_price': 13167.75}
INVALID_RISK_UNIT,risk_unit == 0 or non-finite,NQU22-CME,20775296,2022-08-05 18:39:11.644001+00:00,13167.75,{'stop_loss_price': 13167.75}
INVALID_RISK_UNIT,risk_unit == 0 or non-finite,NQU22-CME,20775297,2022-08-05 18:39:11.644002+00:00,13167.75,{'stop_loss_price': 13167.75}
INVALID_RISK_UNIT,risk_unit == 0 or non-finite,NQU22-CME,20782882,2022-08-05 18:50:47.589000+00:00,13158.5,{'stop_loss_price': 13158.5}
INVALID_RISK_UNIT,risk_unit == 0 or non-finite,NQU22-CME,20802676,2022-08-05 19:18:23.506000+00:00,13187.75,{'stop_loss_price': 13187.75}
INVALID_RISK_UNIT,risk_unit == 0 or non-finite,NQU22-CME,20802677,2022-08-05 19:18:23.506001+00:00,13187.75,{'stop_loss_price': 13187.75}
INVALID_RISK_UNIT,risk_unit == 0 or non-finite,NQU22-CME,20802680,2022-08-05 19:18:24.329000+00:00,13187.75,{'stop_loss_price': 13187.75}
INVALID_RISK_UNIT,risk_unit == 0 or non-finite,NQU22-CME,20837972,2022-08-05 19:55:53.555000+00:00,13227.75,{'stop_loss_price': 13227.75}
INVALID_RISK_UNIT,risk_unit == 0 or non-finite,NQU22-CME,20865651,2022-08-08 00:06:05.229000+00:00,13182.5,{'stop_loss_price': 13182.5}
INVALID_RISK_UNIT,risk_unit == 0 or non-finite,NQU22-CME,20916798,2022-08-08 11:54:10.650000+00:00,13319.5,{'stop_loss_price': 13319.5}
INVALID_RISK_UNIT,risk_unit == 0 or non-finite,NQU22-CME,20995139,2022-08-08 13:44:00.816000+00:00,13371.75,{'stop_loss_price': 13371.75}
INVALID_RISK_UNIT,risk_unit == 0 or non-finite,NQU22-CME,20995140,2022-08-08 13:44:00.869000+00:00,13371.75,{'stop_loss_price': 13371.75}
INVALID_RISK_UNIT,risk_unit == 0 or non-finite,NQU22-CME,21047070,2022-08-08 14:13:19.364000+00:00,13400.0,{'stop_loss_price': 13400.0}
INVALID_RISK_UNIT,risk_unit == 0 or non-finite,NQU22-CME,21055576,2022-08-08 14:21:08.162000+00:00,13377.25,{'stop_loss_price': 13377.25}
INVALID_RISK_UNIT,risk_unit == 0 or non-finite,NQU22-CME,21067022,2022-08-08 14:28:38.555000+00:00,13347.25,{'stop_loss_price': 13347.25}
INVALID_RISK_UNIT,risk_unit == 0 or non-finite,NQU22-CME,21085065,2022-08-08 14:46:03.166000+00:00,13366.5,{'stop_loss_price': 13366.5}
INVALID_RISK_UNIT,risk_unit == 0 or non-finite,NQU22-CME,21096430,2022-08-08 14:55:34.936000+00:00,13332.5,{'stop_loss_price': 13332.5}
INVALID_RISK_UNIT,risk_unit == 0 or non-finite,NQU22-CME,21096431,2022-08-08 14:55:35.102000+00:00,13332.5,{'stop_loss_price': 13332.5}
INVALID_RISK_UNIT,risk_unit == 0 or non-finite,NQU22-CME,21096432,2022-08-08 14:55:35.102001+00:00,13332.5,{'stop_loss_price': 13332.5}
INVALID_RISK_UNIT,risk_unit == 0 or non-finite,NQU22-CME,21106492,2022-08-08 15:04:22.327000+00:00,13338.0,{'stop_loss_price': 13338.0}
INVALID_RISK_UNIT,risk_unit == 0 or non-finite,NQU22-CME,21106493,2022-08-08 15:04:22.366000+00:00,13338.0,{'stop_loss_price': 13338.0}
INVALID_RISK_UNIT,risk_unit == 0 or non-finite,NQU22-CME,21106494,2022-08-08 15:04:22.366001+00:00,13338.0,{'stop_loss_price': 13338.0}
INVALID_RISK_UNIT,risk_unit == 0 or non-finite,NQU22-CME,21106495,2022-08-08 15:04:22.430000+00:00,13338.0,{'stop_loss_price': 13338.0}
INVALID_RISK_UNIT,risk_unit == 0 or non-finite,NQU22-CME,21107834,2022-08-08 15:04:59.945000+00:00,13355.0,{'stop_loss_price': 13355.0}
INVALID_RISK_UNIT,risk_unit == 0 or non-finite,NQU22-CME,21107835,2022-08-08 15:04:59.945001+00:00,13355.0,{'stop_loss_price': 13355.0}
INVALID_RISK_UNIT,risk_unit == 0 or non-finite,NQU22-CME,21107836,2022-08-08 15:04:59.946000+00:00,13355.0,{'stop_loss_price': 13355.0}
INVALID_RISK_UNIT,risk_unit == 0 or non-finite,NQU22-CME,21107837,2022-08-08 15:04:59.946001+00:00,13355.0,{'stop_loss_price': 13355.0}
INVALID_RISK_UNIT,risk_unit == 0 or non-finite,NQU22-CME,21107838,2022-08-08 15:04:59.946002+00:00,13355.0,{'stop_loss_price': 13355.0}
INVALID_RISK_UNIT,risk_unit == 0 or non-finite,NQU22-CME,21112330,2022-08-08 15:09:58.003000+00:00,13340.25,{'stop_loss_price': 13340.25}
INVALID_RISK_UNIT,risk_unit == 0 or non-finite,NQU22-CME,21118735,2022-08-08 15:15:53.066000+00:00,13309.5,{'stop_loss_price': 13309.5}
INVALID_RISK_UNIT,risk_unit == 0 or non-finite,NQU22-CME,21118736,2022-08-08 15:15:53.066001+00:00,13309.5,{'stop_loss_price': 13309.5}
INVALID_RISK_UNIT,risk_unit == 0 or non-finite,NQU22-CME,21120963,2022-08-08 15:16:47.328000+00:00,13298.0,{'stop_loss_price': 13298.0}
INVALID_RISK_UNIT,risk_unit == 0 or non-finite,NQU22-CME,21126474,2022-08-08 15:20:19.226000+00:00,13293.75,{'stop_loss_price': 13293.75}
INVALID_RISK_UNIT,risk_unit == 0 or non-finite,NQU22-CME,21129953,2022-08-08 15:23:35.341000+00:00,13297.75,{'stop_loss_price': 13297.75}
INVALID_RISK_UNIT,risk_unit == 0 or non-finite,NQU22-CME,21170969,2022-08-08 15:52:38.881000+00:00,13242.25,{'stop_loss_price': 13242.25}
INVALID_RISK_UNIT,risk_unit == 0 or non-finite,NQU22-CME,21221055,2022-08-08 16:36:40.941000+00:00,13169.75,{'stop_loss_price': 13169.75}
INVALID_RISK_UNIT,risk_unit == 0 or non-finite,NQU22-CME,21221228,2022-08-08 16:36:49.618000+00:00,13168.25,{'stop_loss_price': 13168.25}
INVALID_RISK_UNIT,risk_unit == 0 or non-finite,NQU22-CME,21221229,2022-08-08 16:36:49.618001+00:00,13168.25,{'stop_loss_price': 13168.25}
INVALID_RISK_UNIT,risk_unit == 0 or non-finite,NQU22-CME,21221230,2022-08-08 16:36:49.618002+00:00,13168.25,{'stop_loss_price': 13168.25}
INVALID_RISK_UNIT,risk_unit == 0 or non-finite,NQU22-CME,21221231,2022-08-08 16:36:49.618003+00:00,13168.25,{'stop_loss_price': 13168.25}
INVALID_RISK_UNIT,risk_unit == 0 or non-finite,NQU22-CME,21261815,2022-08-08 17:30:34.941000+00:00,13199.75,{'stop_loss_price': 13199.75}
INVALID_RISK_UNIT,risk_unit == 0 or non-finite,NQU22-CME,21264218,2022-08-08 17:34:54.354000+00:00,13195.0,{'stop_loss_price': 13195.0}
INVALID_RISK_UNIT,risk_unit == 0 or non-finite,NQU22-CME,21264219,2022-08-08 17:34:54.354001+00:00,13195.0,{'stop_loss_price': 13195.0}
INVALID_RISK_UNIT,risk_unit == 0 or non-finite,NQU22-CME,21264220,2022-08-08 17:34:54.354002+00:00,13195.0,{'stop_loss_price': 13195.0}
INVALID_RISK_UNIT,risk_unit == 0 or non-finite,NQU22-CME,21268560,2022-08-08 17:40:49.020000+00:00,13180.75,{'stop_loss_price': 13180.75}
INVALID_RISK_UNIT,risk_unit == 0 or non-finite,NQU22-CME,21272534,2022-08-08 17:47:09.701000+00:00,13201.75,{'stop_loss_price': 13201.75}
INVALID_RISK_UNIT,risk_unit == 0 or non-finite,NQU22-CME,21280754,2022-08-08 18:01:29.402000+00:00,13201.75,{'stop_loss_price': 13201.75}
INVALID_RISK_UNIT,risk_unit == 0 or non-finite,NQU22-CME,21281501,2022-08-08 18:02:33.527000+00:00,13194.75,{'stop_loss_price': 13194.75}
INVALID_RISK_UNIT,risk_unit == 0 or non-finite,NQU22-CME,21294990,2022-08-08 18:13:17.185000+00:00,13164.25,{'stop_loss_price': 13164.25}
INVALID_RISK_UNIT,risk_unit == 0 or non-finite,NQU22-CME,21294991,2022-08-08 18:13:17.185001+00:00,13164.25,{'stop_loss_price': 13164.25}
INVALID_RISK_UNIT,risk_unit == 0 or non-finite,NQU22-CME,21306109,2022-08-08 18:30:14.808000+00:00,13158.75,{'stop_loss_price': 13158.75}
INVALID_RISK_UNIT,risk_unit == 0 or non-finite,NQU22-CME,21312575,2022-08-08 18:37:17.762000+00:00,13147.75,{'stop_loss_price': 13147.75}
INVALID_RISK_UNIT,risk_unit == 0 or non-finite,NQU22-CME,21312576,2022-08-08 18:37:18.205000+00:00,13147.75,{'stop_loss_price': 13147.75}
INVALID_RISK_UNIT,risk_unit == 0 or non-finite,NQU22-CME,21328600,2022-08-08 18:59:25.690000+00:00,13147.5,{'stop_loss_price': 13147.5}
INVALID_RISK_UNIT,risk_unit == 0 or non-finite,NQU22-CME,21353046,2022-08-08 19:32:24.021000+00:00,13149.0,{'stop_loss_price': 13149.0}
INVALID_RISK_UNIT,risk_unit == 0 or non-finite,NQU22-CME,21368962,2022-08-08 19:54:40.404000+00:00,13175.25,{'stop_loss_price': 13175.25}
INVALID_RISK_UNIT,risk_unit == 0 or non-finite,NQU22-CME,21378877,2022-08-08 20:01:10.986000+00:00,13190.25,{'stop_loss_price': 13190.25}
INVALID_RISK_UNIT,risk_unit == 0 or non-finite,NQU22-CME,21378878,2022-08-08 20:01:10.986001+00:00,13190.25,{'stop_loss_price': 13190.25}
INVALID_RISK_UNIT,risk_unit == 0 or non-finite,NQU22-CME,21388906,2022-08-08 23:08:53.238000+00:00,13206.5,{'stop_loss_price': 13206.5}
INVALID_RISK_UNIT,risk_unit == 0 or non-finite,NQU22-CME,21400337,2022-08-09 02:28:52.395000+00:00,13195.5,{'stop_loss_price': 13195.5}
INVALID_RISK_UNIT,risk_unit == 0 or non-finite,NQU22-CME,21400338,2022-08-09 02:28:54.789000+00:00,13195.5,{'stop_loss_price': 13195.5}
INVALID_RISK_UNIT,risk_unit == 0 or non-finite,NQU22-CME,21430589,2022-08-09 10:25:07.466001+00:00,13120.25,{'stop_loss_price': 13120.25}
INVALID_RISK_UNIT,risk_unit == 0 or non-finite,NQU22-CME,21430590,2022-08-09 10:25:07.981000+00:00,13120.25,{'stop_loss_price': 13120.25}
INVALID_RISK_UNIT,risk_unit == 0 or non-finite,NQU22-CME,21430591,2022-08-09 10:25:07.981001+00:00,13120.25,{'stop_loss_price': 13120.25}
INVALID_RISK_UNIT,risk_unit == 0 or non-finite,NQU22-CME,21430592,2022-08-09 10:25:07.981002+00:00,13120.25,{'stop_loss_price': 13120.25}
INVALID_RISK_UNIT,risk_unit == 0 or non-finite,NQU22-CME,21436454,2022-08-09 10:57:22.702000+00:00,13107.75,{'stop_loss_price': 13107.75}
INVALID_RISK_UNIT,risk_unit == 0 or non-finite,NQU22-CME,21442092,2022-08-09 11:33:45.057000+00:00,13118.0,{'stop_loss_price': 13118.0}
INVALID_RISK_UNIT,risk_unit == 0 or non-finite,NQU22-CME,21457005,2022-08-09 12:42:17.818000+00:00,13107.25,{'stop_loss_price': 13107.25}
INVALID_RISK_UNIT,risk_unit == 0 or non-finite,NQU22-CME,21467227,2022-08-09 13:30:00.048000+00:00,13100.5,{'stop_loss_price': 13100.5}
INVALID_RISK_UNIT,risk_unit == 0 or non-finite,NQU22-CME,21468091,2022-08-09 13:30:04.390000+00:00,13088.5,{'stop_loss_price': 13088.5}
INVALID_RISK_UNIT,risk_unit == 0 or non-finite,NQU22-CME,21516920,2022-08-09 13:49:19.851000+00:00,13062.5,{'stop_loss_price': 13062.5}
INVALID_RISK_UNIT,risk_unit == 0 or non-finite,NQU22-CME,21535838,2022-08-09 13:58:07.782000+00:00,12998.75,{'stop_loss_price': 12998.75}
INVALID_RISK_UNIT,risk_unit == 0 or non-finite,NQU22-CME,21535839,2022-08-09 13:58:07.782001+00:00,12998.75,{'stop_loss_price': 12998.75}
INVALID_RISK_UNIT,risk_unit == 0 or non-finite,NQU22-CME,21535840,2022-08-09 13:58:07.783000+00:00,12998.75,{'stop_loss_price': 12998.75}
INVALID_RISK_UNIT,risk_unit == 0 or non-finite,NQU22-CME,21535841,2022-08-09 13:58:07.783001+00:00,12998.75,{'stop_loss_price': 12998.75}
INVALID_RISK_UNIT,risk_unit == 0 or non-finite,NQU22-CME,21535845,2022-08-09 13:58:07.792000+00:00,12998.75,{'stop_loss_price': 12998.75}
INVALID_RISK_UNIT,risk_unit == 0 or non-finite,NQU22-CME,21596712,2022-08-09 14:43:55.798000+00:00,13032.75,{'stop_loss_price': 13032.75}
INVALID_RISK_UNIT,risk_unit == 0 or non-finite,NQU22-CME,21646384,2022-08-09 15:25:28.259000+00:00,13046.0,{'stop_loss_price': 13046.0}
INVALID_RISK_UNIT,risk_unit == 0 or non-finite,NQU22-CME,21652215,2022-08-09 15:30:31.859000+00:00,13041.25,{'stop_loss_price': 13041.25}
INVALID_RISK_UNIT,risk_unit == 0 or non-finite,NQU22-CME,21652216,2022-08-09 15:30:31.859001+00:00,13041.25,{'stop_loss_price': 13041.25}
INVALID_RISK_UNIT,risk_unit == 0 or non-finite,NQU22-CME,21652217,2022-08-09 15:30:31.859002+00:00,13041.25,{'stop_loss_price': 13041.25}
INVALID_RISK_UNIT,risk_unit == 0 or non-finite,NQU22-CME,21652228,2022-08-09 15:30:31.983000+00:00,13041.25,{'stop_loss_price': 13041.25}
INVALID_RISK_UNIT,risk_unit == 0 or non-finite,NQU22-CME,21652229,2022-08-09 15:30:31.984000+00:00,13041.25,{'stop_loss_price': 13041.25}
INVALID_RISK_UNIT,risk_unit == 0 or non-finite,NQU22-CME,21652230,2022-08-09 15:30:31.985000+00:00,13041.25,{'stop_loss_price': 13041.25}
INVALID_RISK_UNIT,risk_unit == 0 or non-finite,NQU22-CME,21652231,2022-08-09 15:30:31.986000+00:00,13041.25,{'stop_loss_price': 13041.25}
INVALID_RISK_UNIT,risk_unit == 0 or non-finite,NQU22-CME,21652709,2022-08-09 15:31:06.958000+00:00,13049.25,{'stop_loss_price': 13049.25}
INVALID_RISK_UNIT,risk_unit == 0 or non-finite,NQU22-CME,21652710,2022-08-09 15:31:06.958001+00:00,13049.25,{'stop_loss_price': 13049.25}
INVALID_RISK_UNIT,risk_unit == 0 or non-finite,NQU22-CME,21652711,2022-08-09 15:31:07.006000+00:00,13049.25,{'stop_loss_price': 13049.25}
INVALID_RISK_UNIT,risk_unit == 0 or non-finite,NQU22-CME,21680363,2022-08-09 16:02:46.877000+00:00,13009.75,{'stop_loss_price': 13009.75}
INVALID_RISK_UNIT,risk_unit == 0 or non-finite,NQU22-CME,21680364,2022-08-09 16:02:46.877001+00:00,13009.75,{'stop_loss_price': 13009.75}
INVALID_RISK_UNIT,risk_unit == 0 or non-finite,NQU22-CME,21680365,2022-08-09 16:02:46.890000+00:00,13009.75,{'stop_loss_price': 13009.75}
INVALID_RISK_UNIT,risk_unit == 0 or non-finite,NQU22-CME,21707630,2022-08-09 16:32:22.072000+00:00,12970.25,{'stop_loss_price': 12970.25}
INVALID_RISK_UNIT,risk_unit == 0 or non-finite,NQU22-CME,21707631,2022-08-09 16:32:22.072001+00:00,12970.25,{'stop_loss_price': 12970.25}
INVALID_RISK_UNIT,risk_unit == 0 or non-finite,NQU22-CME,21729114,2022-08-09 17:02:03.061000+00:00,12997.0,{'stop_loss_price': 12997.0}
INVALID_RISK_UNIT,risk_unit == 0 or non-finite,NQU22-CME,21729115,2022-08-09 17:02:03.061001+00:00,12997.0,{'stop_loss_price': 12997.0}
INVALID_RISK_UNIT,risk_unit == 0 or non-finite,NQU22-CME,21729116,2022-08-09 17:02:03.061002+00:00,12997.0,{'stop_loss_price': 12997.0}
INVALID_RISK_UNIT,risk_unit == 0 or non-finite,NQU22-CME,21729117,2022-08-09 17:02:03.061003+00:00,12997.0,{'stop_loss_price': 12997.0}
INVALID_RISK_UNIT,risk_unit == 0 or non-finite,NQU22-CME,21729118,2022-08-09 17:02:03.061004+00:00,12997.0,{'stop_loss_price': 12997.0}
INVALID_RISK_UNIT,risk_unit == 0 or non-finite,NQU22-CME,21731100,2022-08-09 17:05:46.529000+00:00,12994.25,{'stop_loss_price': 12994.25}
INVALID_RISK_UNIT,risk_unit == 0 or non-finite,NQU22-CME,21739586,2022-08-09 17:16:04.274000+00:00,12997.5,{'stop_loss_price': 12997.5}
INVALID_RISK_UNIT,risk_unit == 0 or non-finite,NQU22-CME,21828696,2022-08-09 19:24:11.471006+00:00,13056.25,{'stop_loss_price': 13056.25}
INVALID_RISK_UNIT,risk_unit == 0 or non-finite,NQU22-CME,21828697,2022-08-09 19:24:11.471007+00:00,13056.25,{'stop_loss_price': 13056.25}
INVALID_RISK_UNIT,risk_unit == 0 or non-finite,NQU22-CME,21828698,2022-08-09 19:24:11.471008+00:00,13056.25,{'stop_loss_price': 13056.25}
INVALID_RISK_UNIT,risk_unit == 0 or non-finite,NQU22-CME,21828700,2022-08-09 19:24:11.486000+00:00,13056.25,{'stop_loss_price': 13056.25}
INVALID_RISK_UNIT,risk_unit == 0 or non-finite,NQU22-CME,21830572,2022-08-09 19:26:28.808000+00:00,13054.75,{'stop_loss_price': 13054.75}
INVALID_RISK_UNIT,risk_unit == 0 or non-finite,NQU22-CME,21830573,2022-08-09 19:26:28.808001+00:00,13054.75,{'stop_loss_price': 13054.75}
INVALID_RISK_UNIT,risk_unit == 0 or non-finite,NQU22-CME,21830574,2022-08-09 19:26:28.928000+00:00,13054.75,{'stop_loss_price': 13054.75}
INVALID_RISK_UNIT,risk_unit == 0 or non-finite,NQU22-CME,21851436,2022-08-09 19:52:39.394000+00:00,13040.5,{'stop_loss_price': 13040.5}
INVALID_RISK_UNIT,risk_unit == 0 or non-finite,NQU22-CME,21861687,2022-08-09 19:59:27.390000+00:00,13029.0,{'stop_loss_price': 13029.0}
INVALID_RISK_UNIT,risk_unit == 0 or non-finite,NQU22-CME,21900122,2022-08-10 07:08:00.072000+00:00,12997.75,{'stop_loss_price': 12997.75}
INVALID_RISK_UNIT,risk_unit == 0 or non-finite,NQU22-CME,21901666,2022-08-10 07:16:01.007000+00:00,13008.25,{'stop_loss_price': 13008.25}
INVALID_RISK_UNIT,risk_unit == 0 or non-finite,NQU22-CME,21901667,2022-08-10 07:16:01.007001+00:00,13008.25,{'stop_loss_price': 13008.25}
INVALID_RISK_UNIT,risk_unit == 0 or non-finite,NQU22-CME,21929342,2022-08-10 11:35:29.470000+00:00,13078.0,{'stop_loss_price': 13078.0}
INVALID_RISK_UNIT,risk_unit == 0 or non-finite,NQU22-CME,21929343,2022-08-10 11:35:29.470001+00:00,13078.0,{'stop_loss_price': 13078.0}
INVALID_RISK_UNIT,risk_unit == 0 or non-finite,NQU22-CME,21929344,2022-08-10 11:35:29.470002+00:00,13078.0,{'stop_loss_price': 13078.0}
INVALID_RISK_UNIT,risk_unit == 0 or non-finite,NQU22-CME,21969791,2022-08-10 12:40:38.851000+00:00,13342.0,{'stop_loss_price': 13342.0}
INVALID_RISK_UNIT,risk_unit == 0 or non-finite,NQU22-CME,21974002,2022-08-10 12:42:52.448000+00:00,13358.0,{'stop_loss_price': 13358.0}
INVALID_RISK_UNIT,risk_unit == 0 or non-finite,NQU22-CME,21974003,2022-08-10 12:42:52.448001+00:00,13358.0,{'stop_loss_price': 13358.0}
INVALID_RISK_UNIT,risk_unit == 0 or non-finite,NQU22-CME,21974004,2022-08-10 12:42:52.448002+00:00,13358.0,{'stop_loss_price': 13358.0}
INVALID_RISK_UNIT,risk_unit == 0 or non-finite,NQU22-CME,22054979,2022-08-10 13:45:24.541003+00:00,13310.5,{'stop_loss_price': 13310.5}
INVALID_RISK_UNIT,risk_unit == 0 or non-finite,NQU22-CME,22054980,2022-08-10 13:45:24.541004+00:00,13310.5,{'stop_loss_price': 13310.5}
INVALID_RISK_UNIT,risk_unit == 0 or non-finite,NQU22-CME,22054981,2022-08-10 13:45:24.541005+00:00,13310.5,{'stop_loss_price': 13310.5}
INVALID_RISK_UNIT,risk_unit == 0 or non-finite,NQU22-CME,22054982,2022-08-10 13:45:24.541006+00:00,13310.5,{'stop_loss_price': 13310.5}
INVALID_RISK_UNIT,risk_unit == 0 or non-finite,NQU22-CME,22054983,2022-08-10 13:45:24.541007+00:00,13310.5,{'stop_loss_price': 13310.5}
INVALID_RISK_UNIT,risk_unit == 0 or non-finite,NQU22-CME,22054984,2022-08-10 13:45:24.541008+00:00,13310.5,{'stop_loss_price': 13310.5}
INVALID_RISK_UNIT,risk_unit == 0 or non-finite,NQU22-CME,22054990,2022-08-10 13:45:24.613000+00:00,13310.5,{'stop_loss_price': 13310.5}
INVALID_RISK_UNIT,risk_unit == 0 or non-finite,NQU22-CME,22093331,2022-08-10 14:06:29.152000+00:00,13312.75,{'stop_loss_price': 13312.75}
INVALID_RISK_UNIT,risk_unit == 0 or non-finite,NQU22-CME,22095805,2022-08-10 14:08:24.232000+00:00,13324.0,{'stop_loss_price': 13324.0}
INVALID_RISK_UNIT,risk_unit == 0 or non-finite,NQU22-CME,22173609,2022-08-10 15:06:05.833000+00:00,13380.75,{'stop_loss_price': 13380.75}
INVALID_RISK_UNIT,risk_unit == 0 or non-finite,NQU22-CME,22173610,2022-08-10 15:06:05.833001+00:00,13380.75,{'stop_loss_price': 13380.75}
INVALID_RISK_UNIT,risk_unit == 0 or non-finite,NQU22-CME,22173611,2022-08-10 15:06:05.888000+00:00,13380.75,{'stop_loss_price': 13380.75}
INVALID_RISK_UNIT,risk_unit == 0 or non-finite,NQU22-CME,22173620,2022-08-10 15:06:06.112000+00:00,13380.75,{'stop_loss_price': 13380.75}
INVALID_RISK_UNIT,risk_unit == 0 or non-finite,NQU22-CME,22173621,2022-08-10 15:06:06.141000+00:00,13380.75,{'stop_loss_price': 13380.75}
INVALID_RISK_UNIT,risk_unit == 0 or non-finite,NQU22-CME,22173636,2022-08-10 15:06:06.169000+00:00,13380.75,{'stop_loss_price': 13380.75}
INVALID_RISK_UNIT,risk_unit == 0 or non-finite,NQU22-CME,22173637,2022-08-10 15:06:06.169001+00:00,13380.75,{'stop_loss_price': 13380.75}
INVALID_RISK_UNIT,risk_unit == 0 or non-finite,NQU22-CME,22173640,2022-08-10 15:06:06.292000+00:00,13380.75,{'stop_loss_price': 13380.75}
INVALID_RISK_UNIT,risk_unit == 0 or non-finite,NQU22-CME,22173641,2022-08-10 15:06:06.292001+00:00,13380.75,{'stop_loss_price': 13380.75}
INVALID_RISK_UNIT,risk_unit == 0 or non-finite,NQU22-CME,22173642,2022-08-10 15:06:06.292002+00:00,13380.75,{'stop_loss_price': 13380.75}
INVALID_RISK_UNIT,risk_unit == 0 or non-finite,NQU22-CME,22173643,2022-08-10 15:06:06.306000+00:00,13380.75,{'stop_loss_price': 13380.75}
INVALID_RISK_UNIT,risk_unit == 0 or non-finite,NQU22-CME,22178632,2022-08-10 15:10:01.907000+00:00,13365.25,{'stop_loss_price': 13365.25}
INVALID_RISK_UNIT,risk_unit == 0 or non-finite,NQU22-CME,22178633,2022-08-10 15:10:01.907001+00:00,13365.25,{'stop_loss_price': 13365.25}
INVALID_RISK_UNIT,risk_unit == 0 or non-finite,NQU22-CME,22178634,2022-08-10 15:10:01.907002+00:00,13365.25,{'stop_loss_price': 13365.25}
INVALID_RISK_UNIT,risk_unit == 0 or non-finite,NQU22-CME,22178636,2022-08-10 15:10:02.087001+00:00,13365.25,{'stop_loss_price': 13365.25}
INVALID_RISK_UNIT,risk_unit == 0 or non-finite,NQU22-CME,22182660,2022-08-10 15:12:50.788003+00:00,13342.0,{'stop_loss_price': 13342.0}
INVALID_RISK_UNIT,risk_unit == 0 or non-finite,NQU22-CME,22182661,2022-08-10 15:12:50.788004+00:00,13342.0,{'stop_loss_price': 13342.0}
INVALID_RISK_UNIT,risk_unit == 0 or non-finite,NQU22-CME,22182662,2022-08-10 15:12:50.788005+00:00,13342.0,{'stop_loss_price': 13342.0}
INVALID_RISK_UNIT,risk_unit == 0 or non-finite,NQU22-CME,22219827,2022-08-10 15:55:34.606000+00:00,13378.75,{'stop_loss_price': 13378.75}
INVALID_RISK_UNIT,risk_unit == 0 or non-finite,NQU22-CME,22219828,2022-08-10 15:55:34.606001+00:00,13378.75,{'stop_loss_price': 13378.75}
INVALID_RISK_UNIT,risk_unit == 0 or non-finite,NQU22-CME,22219829,2022-08-10 15:55:34.606002+00:00,13378.75,{'stop_loss_price': 13378.75}
INVALID_RISK_UNIT,risk_unit == 0 or non-finite,NQU22-CME,22262488,2022-08-10 16:54:03.650000+00:00,13337.5,{'stop_loss_price': 13337.5}
INVALID_RISK_UNIT,risk_unit == 0 or non-finite,NQU22-CME,22266067,2022-08-10 17:00:21.249000+00:00,13339.0,{'stop_loss_price': 13339.0}
INVALID_RISK_UNIT,risk_unit == 0 or non-finite,NQU22-CME,22277733,2022-08-10 17:20:11.952000+00:00,13352.75,{'stop_loss_price': 13352.75}
INVALID_RISK_UNIT,risk_unit == 0 or non-finite,NQU22-CME,22293534,2022-08-10 17:46:58.257000+00:00,13371.0,{'stop_loss_price': 13371.0}
INVALID_RISK_UNIT,risk_unit == 0 or non-finite,NQU22-CME,22293535,2022-08-10 17:46:58.257001+00:00,13371.0,{'stop_loss_price': 13371.0}
INVALID_RISK_UNIT,risk_unit == 0 or non-finite,NQU22-CME,22293536,2022-08-10 17:46:58.267000+00:00,13371.0,{'stop_loss_price': 13371.0}
INVALID_RISK_UNIT,risk_unit == 0 or non-finite,NQU22-CME,22293537,2022-08-10 17:46:58.309000+00:00,13371.0,{'stop_loss_price': 13371.0}
INVALID_RISK_UNIT,risk_unit == 0 or non-finite,NQU22-CME,22293538,2022-08-10 17:46:58.309001+00:00,13371.0,{'stop_loss_price': 13371.0}
INVALID_RISK_UNIT,risk_unit == 0 or non-finite,NQU22-CME,22344324,2022-08-10 19:15:33.409000+00:00,13353.0,{'stop_loss_price': 13353.0}
INVALID_RISK_UNIT,risk_unit == 0 or non-finite,NQU22-CME,22349227,2022-08-10 19:23:17.261000+00:00,13372.0,{'stop_loss_price': 13372.0}
INVALID_RISK_UNIT,risk_unit == 0 or non-finite,NQU22-CME,22355940,2022-08-10 19:33:33.752000+00:00,13370.25,{'stop_loss_price': 13370.25}
INVALID_RISK_UNIT,risk_unit == 0 or non-finite,NQU22-CME,22380269,2022-08-10 19:56:07.967000+00:00,13397.25,{'stop_loss_price': 13397.25}
INVALID_RISK_UNIT,risk_unit == 0 or non-finite,NQU22-CME,22380270,2022-08-10 19:56:07.967001+00:00,13397.25,{'stop_loss_price': 13397.25}
INVALID_RISK_UNIT,risk_unit == 0 or non-finite,NQU22-CME,22380271,2022-08-10 19:56:07.968000+00:00,13397.25,{'stop_loss_price': 13397.25}
INVALID_RISK_UNIT,risk_unit == 0 or non-finite,NQU22-CME,22380272,2022-08-10 19:56:07.968001+00:00,13397.25,{'stop_loss_price': 13397.25}
INVALID_RISK_UNIT,risk_unit == 0 or non-finite,NQU22-CME,22423638,2022-08-11 03:45:57.269000+00:00,13447.25,{'stop_loss_price': 13447.25}
INVALID_RISK_UNIT,risk_unit == 0 or non-finite,NQU22-CME,22435258,2022-08-11 07:07:18.330000+00:00,13450.5,{'stop_loss_price': 13450.5}
INVALID_RISK_UNIT,risk_unit == 0 or non-finite,NQU22-CME,22443664,2022-08-11 08:09:49.173000+00:00,13425.75,{'stop_loss_price': 13425.75}
INVALID_RISK_UNIT,risk_unit == 0 or non-finite,NQU22-CME,22456491,2022-08-11 09:46:08.311000+00:00,13432.75,{'stop_loss_price': 13432.75}
INVALID_RISK_UNIT,risk_unit == 0 or non-finite,NQU22-CME,22489193,2022-08-11 12:42:12.507000+00:00,13483.25,{'stop_loss_price': 13483.25}
INVALID_RISK_UNIT,risk_unit == 0 or non-finite,NQU22-CME,22500677,2022-08-11 13:10:07.634000+00:00,13496.25,{'stop_loss_price': 13496.25}
INVALID_RISK_UNIT,risk_unit == 0 or non-finite,NQU22-CME,22564924,2022-08-11 13:59:33.719000+00:00,13496.25,{'stop_loss_price': 13496.25}
INVALID_RISK_UNIT,risk_unit == 0 or non-finite,NQU22-CME,22564925,2022-08-11 13:59:33.719001+00:00,13496.25,{'stop_loss_price': 13496.25}
INVALID_RISK_UNIT,risk_unit == 0 or non-finite,NQU22-CME,22585883,2022-08-11 14:09:58.992000+00:00,13535.0,{'stop_loss_price': 13535.0}
INVALID_RISK_UNIT,risk_unit == 0 or non-finite,NQU22-CME,22594499,2022-08-11 14:15:02.004000+00:00,13553.0,{'stop_loss_price': 13553.0}
INVALID_RISK_UNIT,risk_unit == 0 or non-finite,NQU22-CME,22622186,2022-08-11 14:32:18.284000+00:00,13538.5,{'stop_loss_price': 13538.5}
INVALID_RISK_UNIT,risk_unit == 0 or non-finite,NQU22-CME,22622187,2022-08-11 14:32:18.284001+00:00,13538.5,{'stop_loss_price': 13538.5}
INVALID_RISK_UNIT,risk_unit == 0 or non-finite,NQU22-CME,22622189,2022-08-11 14:32:18.297000+00:00,13538.5,{'stop_loss_price': 13538.5}
INVALID_RISK_UNIT,risk_unit == 0 or non-finite,NQU22-CME,22632987,2022-08-11 14:39:53.547000+00:00,13521.25,{'stop_loss_price': 13521.25}
INVALID_RISK_UNIT,risk_unit == 0 or non-finite,NQU22-CME,22632988,2022-08-11 14:39:53.547001+00:00,13521.25,{'stop_loss_price': 13521.25}
INVALID_RISK_UNIT,risk_unit == 0 or non-finite,NQU22-CME,22632989,2022-08-11 14:39:53.547002+00:00,13521.25,{'stop_loss_price': 13521.25}
INVALID_RISK_UNIT,risk_unit == 0 or non-finite,NQU22-CME,22648084,2022-08-11 14:47:30.780000+00:00,13487.75,{'stop_loss_price': 13487.75}
INVALID_RISK_UNIT,risk_unit == 0 or non-finite,NQU22-CME,22648085,2022-08-11 14:47:30.785000+00:00,13487.75,{'stop_loss_price': 13487.75}
INVALID_RISK_UNIT,risk_unit == 0 or non-finite,NQU22-CME,22665607,2022-08-11 15:01:03.231000+00:00,13479.75,{'stop_loss_price': 13479.75}
INVALID_RISK_UNIT,risk_unit == 0 or non-finite,NQU22-CME,22665608,2022-08-11 15:01:03.231001+00:00,13479.75,{'stop_loss_price': 13479.75}
INVALID_RISK_UNIT,risk_unit == 0 or non-finite,NQU22-CME,22666779,2022-08-11 15:02:30.009000+00:00,13486.5,{'stop_loss_price': 13486.5}
INVALID_RISK_UNIT,risk_unit == 0 or non-finite,NQU22-CME,22671468,2022-08-11 15:05:40.750000+00:00,13456.5,{'stop_loss_price': 13456.5}
INVALID_RISK_UNIT,risk_unit == 0 or non-finite,NQU22-CME,22671469,2022-08-11 15:05:40.750001+00:00,13456.5,{'stop_loss_price': 13456.5}
INVALID_RISK_UNIT,risk_unit == 0 or non-finite,NQU22-CME,22671470,2022-08-11 15:05:40.752000+00:00,13456.5,{'stop_loss_price': 13456.5}
INVALID_RISK_UNIT,risk_unit == 0 or non-finite,NQU22-CME,22677665,2022-08-11 15:07:21.800000+00:00,13418.0,{'stop_loss_price': 13418.0}
INVALID_RISK_UNIT,risk_unit == 0 or non-finite,NQU22-CME,22677666,2022-08-11 15:07:21.800001+00:00,13418.0,{'stop_loss_price': 13418.0}
INVALID_RISK_UNIT,risk_unit == 0 or non-finite,NQU22-CME,22677668,2022-08-11 15:07:21.954000+00:00,13418.0,{'stop_loss_price': 13418.0}
INVALID_RISK_UNIT,risk_unit == 0 or non-finite,NQU22-CME,22705607,2022-08-11 15:22:42.663000+00:00,13396.0,{'stop_loss_price': 13396.0}
INVALID_RISK_UNIT,risk_unit == 0 or non-finite,NQU22-CME,22721273,2022-08-11 15:36:24.277001+00:00,13428.5,{'stop_loss_price': 13428.5}
INVALID_RISK_UNIT,risk_unit == 0 or non-finite,NQU22-CME,22721274,2022-08-11 15:36:24.277002+00:00,13428.5,{'stop_loss_price': 13428.5}
INVALID_RISK_UNIT,risk_unit == 0 or non-finite,NQU22-CME,22721275,2022-08-11 15:36:24.277003+00:00,13428.5,{'stop_loss_price': 13428.5}
INVALID_RISK_UNIT,risk_unit == 0 or non-finite,NQU22-CME,22721276,2022-08-11 15:36:24.277004+00:00,13428.5,{'stop_loss_price': 13428.5}
INVALID_RISK_UNIT,risk_unit == 0 or non-finite,NQU22-CME,22721277,2022-08-11 15:36:24.277005+00:00,13428.5,{'stop_loss_price': 13428.5}
INVALID_RISK_UNIT,risk_unit == 0 or non-finite,NQU22-CME,22721278,2022-08-11 15:36:24.277006+00:00,13428.5,{'stop_loss_price': 13428.5}
INVALID_RISK_UNIT,risk_unit == 0 or non-finite,NQU22-CME,22728575,2022-08-11 15:45:12.026000+00:00,13418.25,{'stop_loss_price': 13418.25}
INVALID_RISK_UNIT,risk_unit == 0 or non-finite,NQU22-CME,22732625,2022-08-11 15:47:52.153000+00:00,13407.25,{'stop_loss_price': 13407.25}
INVALID_RISK_UNIT,risk_unit == 0 or non-finite,NQU22-CME,22746914,2022-08-11 15:59:55.861000+00:00,13390.0,{'stop_loss_price': 13390.0}
INVALID_RISK_UNIT,risk_unit == 0 or non-finite,NQU22-CME,22758388,2022-08-11 16:15:24.575000+00:00,13378.25,{'stop_loss_price': 13378.25}
INVALID_RISK_UNIT,risk_unit == 0 or non-finite,NQU22-CME,22759717,2022-08-11 16:16:52.491000+00:00,13389.0,{'stop_loss_price': 13389.0}
INVALID_RISK_UNIT,risk_unit == 0 or non-finite,NQU22-CME,22792517,2022-08-11 17:07:56.160000+00:00,13396.75,{'stop_loss_price': 13396.75}
INVALID_RISK_UNIT,risk_unit == 0 or non-finite,NQU22-CME,22824031,2022-08-11 17:58:49.413000+00:00,13385.75,{'stop_loss_price': 13385.75}
INVALID_RISK_UNIT,risk_unit == 0 or non-finite,NQU22-CME,22824032,2022-08-11 17:58:49.413001+00:00,13385.75,{'stop_loss_price': 13385.75}
INVALID_RISK_UNIT,risk_unit == 0 or non-finite,NQU22-CME,22824033,2022-08-11 17:58:51.007000+00:00,13385.75,{'stop_loss_price': 13385.75}
INVALID_RISK_UNIT,risk_unit == 0 or non-finite,NQU22-CME,22824034,2022-08-11 17:58:51.007001+00:00,13385.75,{'stop_loss_price': 13385.75}
INVALID_RISK_UNIT,risk_unit == 0 or non-finite,NQU22-CME,22824042,2022-08-11 17:58:52.766000+00:00,13385.75,{'stop_loss_price': 13385.75}
INVALID_RISK_UNIT,risk_unit == 0 or non-finite,NQU22-CME,22824043,2022-08-11 17:58:52.766001+00:00,13385.75,{'stop_loss_price': 13385.75}
INVALID_RISK_UNIT,risk_unit == 0 or non-finite,NQU22-CME,22836562,2022-08-11 18:13:09.279000+00:00,13346.5,{'stop_loss_price': 13346.5}
INVALID_RISK_UNIT,risk_unit == 0 or non-finite,NQU22-CME,22848288,2022-08-11 18:30:06.609000+00:00,13355.5,{'stop_loss_price': 13355.5}
INVALID_RISK_UNIT,risk_unit == 0 or non-finite,NQU22-CME,22848289,2022-08-11 18:30:06.629000+00:00,13355.5,{'stop_loss_price': 13355.5}
INVALID_RISK_UNIT,risk_unit == 0 or non-finite,NQU22-CME,22851653,2022-08-11 18:33:21.271000+00:00,13335.5,{'stop_loss_price': 13335.5}
INVALID_RISK_UNIT,risk_unit == 0 or non-finite,NQU22-CME,22881332,2022-08-11 19:06:32.196000+00:00,13307.75,{'stop_loss_price': 13307.75}
INVALID_RISK_UNIT,risk_unit == 0 or non-finite,NQU22-CME,22881333,2022-08-11 19:06:32.207000+00:00,13307.75,{'stop_loss_price': 13307.75}
INVALID_RISK_UNIT,risk_unit == 0 or non-finite,NQU22-CME,22891133,2022-08-11 19:17:16.496000+00:00,13311.75,{'stop_loss_price': 13311.75}
INVALID_RISK_UNIT,risk_unit == 0 or non-finite,NQU22-CME,22891134,2022-08-11 19:17:16.496001+00:00,13311.75,{'stop_loss_price': 13311.75}
INVALID_RISK_UNIT,risk_unit == 0 or non-finite,NQU22-CME,22891135,2022-08-11 19:17:16.496002+00:00,13311.75,{'stop_loss_price': 13311.75}
INVALID_RISK_UNIT,risk_unit == 0 or non-finite,NQU22-CME,22894170,2022-08-11 19:20:51.886000+00:00,13315.25,{'stop_loss_price': 13315.25}
INVALID_RISK_UNIT,risk_unit == 0 or non-finite,NQU22-CME,22894171,2022-08-11 19:20:51.886001+00:00,13315.25,{'stop_loss_price': 13315.25}
INVALID_RISK_UNIT,risk_unit == 0 or non-finite,NQU22-CME,22894172,2022-08-11 19:20:51.949000+00:00,13315.25,{'stop_loss_price': 13315.25}
INVALID_RISK_UNIT,risk_unit == 0 or non-finite,NQU22-CME,22894175,2022-08-11 19:20:53.047000+00:00,13315.25,{'stop_loss_price': 13315.25}
INVALID_RISK_UNIT,risk_unit == 0 or non-finite,NQU22-CME,22938670,2022-08-11 20:12:20.192000+00:00,13333.75,{'stop_loss_price': 13333.75}
INVALID_RISK_UNIT,risk_unit == 0 or non-finite,NQU22-CME,22973494,2022-08-12 08:34:35.857000+00:00,13396.75,{'stop_loss_price': 13396.75}
INVALID_RISK_UNIT,risk_unit == 0 or non-finite,NQU22-CME,22973495,2022-08-12 08:34:36.617000+00:00,13396.75,{'stop_loss_price': 13396.75}
INVALID_RISK_UNIT,risk_unit == 0 or non-finite,NQU22-CME,23003473,2022-08-12 13:03:44.583000+00:00,13402.25,{'stop_loss_price': 13402.25}
INVALID_RISK_UNIT,risk_unit == 0 or non-finite,NQU22-CME,23032938,2022-08-12 13:39:53.951000+00:00,13388.5,{'stop_loss_price': 13388.5}
INVALID_RISK_UNIT,risk_unit == 0 or non-finite,NQU22-CME,23032939,2022-08-12 13:39:53.955000+00:00,13388.5,{'stop_loss_price': 13388.5}
INVALID_RISK_UNIT,risk_unit == 0 or non-finite,NQU22-CME,23032940,2022-08-12 13:39:53.955001+00:00,13388.5,{'stop_loss_price': 13388.5}
INVALID_RISK_UNIT,risk_unit == 0 or non-finite,NQU22-CME,23037910,2022-08-12 13:41:27.340000+00:00,13421.0,{'stop_loss_price': 13421.0}
INVALID_RISK_UNIT,risk_unit == 0 or non-finite,NQU22-CME,23044139,2022-08-12 13:45:28.958000+00:00,13424.0,{'stop_loss_price': 13424.0}
INVALID_RISK_UNIT,risk_unit == 0 or non-finite,NQU22-CME,23086566,2022-08-12 14:10:20.306000+00:00,13421.5,{'stop_loss_price': 13421.5}
INVALID_RISK_UNIT,risk_unit == 0 or non-finite,NQU22-CME,23092904,2022-08-12 14:13:20.137000+00:00,13442.25,{'stop_loss_price': 13442.25}
INVALID_RISK_UNIT,risk_unit == 0 or non-finite,NQU22-CME,23098821,2022-08-12 14:17:17.380000+00:00,13438.75,{'stop_loss_price': 13438.75}
INVALID_RISK_UNIT,risk_unit == 0 or non-finite,NQU22-CME,23183667,2022-08-12 15:27:04.367000+00:00,13474.5,{'stop_loss_price': 13474.5}
INVALID_RISK_UNIT,risk_unit == 0 or non-finite,NQU22-CME,23183668,2022-08-12 15:27:04.367001+00:00,13474.5,{'stop_loss_price': 13474.5}
INVALID_RISK_UNIT,risk_unit == 0 or non-finite,NQU22-CME,23183669,2022-08-12 15:27:04.367002+00:00,13474.5,{'stop_loss_price': 13474.5}
INVALID_RISK_UNIT,risk_unit == 0 or non-finite,NQU22-CME,23183670,2022-08-12 15:27:04.367003+00:00,13474.5,{'stop_loss_price': 13474.5}
INVALID_RISK_UNIT,risk_unit == 0 or non-finite,NQU22-CME,23183671,2022-08-12 15:27:04.367004+00:00,13474.5,{'stop_loss_price': 13474.5}
INVALID_RISK_UNIT,risk_unit == 0 or non-finite,NQU22-CME,23185104,2022-08-12 15:28:25.830000+00:00,13475.25,{'stop_loss_price': 13475.25}
INVALID_RISK_UNIT,risk_unit == 0 or non-finite,NQU22-CME,23185105,2022-08-12 15:28:25.830001+00:00,13475.25,{'stop_loss_price': 13475.25}
INVALID_RISK_UNIT,risk_unit == 0 or non-finite,NQU22-CME,23188571,2022-08-12 15:32:22.763000+00:00,13467.75,{'stop_loss_price': 13467.75}
INVALID_RISK_UNIT,risk_unit == 0 or non-finite,NQU22-CME,23205238,2022-08-12 15:54:18.166000+00:00,13464.0,{'stop_loss_price': 13464.0}
INVALID_RISK_UNIT,risk_unit == 0 or non-finite,NQU22-CME,23235749,2022-08-12 16:53:33.470000+00:00,13483.25,{'stop_loss_price': 13483.25}
INVALID_RISK_UNIT,risk_unit == 0 or non-finite,NQU22-CME,23314216,2022-08-12 19:21:29.947000+00:00,13557.5,{'stop_loss_price': 13557.5}
INVALID_RISK_UNIT,risk_unit == 0 or non-finite,NQU22-CME,23395790,2022-08-15 06:30:35.800000+00:00,13547.5,{'stop_loss_price': 13547.5}
INVALID_RISK_UNIT,risk_unit == 0 or non-finite,NQU22-CME,23413345,2022-08-15 09:55:39.355000+00:00,13520.0,{'stop_loss_price': 13520.0}
INVALID_RISK_UNIT,risk_unit == 0 or non-finite,NQU22-CME,23438648,2022-08-15 13:01:49.153000+00:00,13513.5,{'stop_loss_price': 13513.5}
INVALID_RISK_UNIT,risk_unit == 0 or non-finite,NQU22-CME,23466748,2022-08-15 13:38:22.358000+00:00,13581.75,{'stop_loss_price': 13581.75}
INVALID_RISK_UNIT,risk_unit == 0 or non-finite,NQU22-CME,23488062,2022-08-15 13:51:03.971000+00:00,13572.25,{'stop_loss_price': 13572.25}
INVALID_RISK_UNIT,risk_unit == 0 or non-finite,NQU22-CME,23488063,2022-08-15 13:51:03.971001+00:00,13572.25,{'stop_loss_price': 13572.25}
INVALID_RISK_UNIT,risk_unit == 0 or non-finite,NQU22-CME,23488077,2022-08-15 13:51:03.986001+00:00,13572.25,{'stop_loss_price': 13572.25}
INVALID_RISK_UNIT,risk_unit == 0 or non-finite,NQU22-CME,23488078,2022-08-15 13:51:03.986002+00:00,13572.25,{'stop_loss_price': 13572.25}
INVALID_RISK_UNIT,risk_unit == 0 or non-finite,NQU22-CME,23488079,2022-08-15 13:51:03.986003+00:00,13572.25,{'stop_loss_price': 13572.25}
INVALID_RISK_UNIT,risk_unit == 0 or non-finite,NQU22-CME,23488080,2022-08-15 13:51:03.986004+00:00,13572.25,{'stop_loss_price': 13572.25}
INVALID_RISK_UNIT,risk_unit == 0 or non-finite,NQU22-CME,23488081,2022-08-15 13:51:03.986005+00:00,13572.25,{'stop_loss_price': 13572.25}
INVALID_RISK_UNIT,risk_unit == 0 or non-finite,NQU22-CME,23524687,2022-08-15 14:13:00.281000+00:00,13575.0,{'stop_loss_price': 13575.0}
INVALID_RISK_UNIT,risk_unit == 0 or non-finite,NQU22-CME,23524688,2022-08-15 14:13:00.281001+00:00,13575.0,{'stop_loss_price': 13575.0}
INVALID_RISK_UNIT,risk_unit == 0 or non-finite,NQU22-CME,23581913,2022-08-15 15:09:02.600000+00:00,13558.5,{'stop_loss_price': 13558.5}
INVALID_RISK_UNIT,risk_unit == 0 or non-finite,NQU22-CME,23581914,2022-08-15 15:09:02.600001+00:00,13558.5,{'stop_loss_price': 13558.5}
INVALID_RISK_UNIT,risk_unit == 0 or non-finite,NQU22-CME,23581915,2022-08-15 15:09:02.600002+00:00,13558.5,{'stop_loss_price': 13558.5}
INVALID_RISK_UNIT,risk_unit == 0 or non-finite,NQU22-CME,23581916,2022-08-15 15:09:02.600003+00:00,13558.5,{'stop_loss_price': 13558.5}
INVALID_RISK_UNIT,risk_unit == 0 or non-finite,NQU22-CME,23581917,2022-08-15 15:09:02.600004+00:00,13558.5,{'stop_loss_price': 13558.5}
INVALID_RISK_UNIT,risk_unit == 0 or non-finite,NQU22-CME,23587163,2022-08-15 15:15:21.848000+00:00,13556.5,{'stop_loss_price': 13556.5}
INVALID_RISK_UNIT,risk_unit == 0 or non-finite,NQU22-CME,23587164,2022-08-15 15:15:21.848001+00:00,13556.5,{'stop_loss_price': 13556.5}
INVALID_RISK_UNIT,risk_unit == 0 or non-finite,NQU22-CME,23587165,2022-08-15 15:15:21.848002+00:00,13556.5,{'stop_loss_price': 13556.5}
INVALID_RISK_UNIT,risk_unit == 0 or non-finite,NQU22-CME,23587166,2022-08-15 15:15:21.848003+00:00,13556.5,{'stop_loss_price': 13556.5}
INVALID_RISK_UNIT,risk_unit == 0 or non-finite,NQU22-CME,23587167,2022-08-15 15:15:21.849000+00:00,13556.5,{'stop_loss_price': 13556.5}
INVALID_RISK_UNIT,risk_unit == 0 or non-finite,NQU22-CME,23653359,2022-08-15 16:32:15.426000+00:00,13655.0,{'stop_loss_price': 13655.0}
INVALID_RISK_UNIT,risk_unit == 0 or non-finite,NQU22-CME,23653360,2022-08-15 16:32:15.426001+00:00,13655.0,{'stop_loss_price': 13655.0}
INVALID_RISK_UNIT,risk_unit == 0 or non-finite,NQU22-CME,23701079,2022-08-15 18:14:42.494000+00:00,13648.0,{'stop_loss_price': 13648.0}
INVALID_RISK_UNIT,risk_unit == 0 or non-finite,NQU22-CME,23724493,2022-08-15 19:02:30.002000+00:00,13684.0,{'stop_loss_price': 13684.0}
INVALID_RISK_UNIT,risk_unit == 0 or non-finite,NQU22-CME,23724494,2022-08-15 19:02:30.002001+00:00,13684.0,{'stop_loss_price': 13684.0}
INVALID_RISK_UNIT,risk_unit == 0 or non-finite,NQU22-CME,23724495,2022-08-15 19:02:30.002002+00:00,13684.0,{'stop_loss_price': 13684.0}
INVALID_RISK_UNIT,risk_unit == 0 or non-finite,NQU22-CME,23724496,2022-08-15 19:02:30.002003+00:00,13684.0,{'stop_loss_price': 13684.0}
INVALID_RISK_UNIT,risk_unit == 0 or non-finite,NQU22-CME,23724497,2022-08-15 19:02:30.818000+00:00,13684.0,{'stop_loss_price': 13684.0}
INVALID_RISK_UNIT,risk_unit == 0 or non-finite,NQU22-CME,23724498,2022-08-15 19:02:30.928000+00:00,13684.0,{'stop_loss_price': 13684.0}
INVALID_RISK_UNIT,risk_unit == 0 or non-finite,NQU22-CME,23747690,2022-08-15 19:39:12.619000+00:00,13697.25,{'stop_loss_price': 13697.25}
INVALID_RISK_UNIT,risk_unit == 0 or non-finite,NQU22-CME,23867493,2022-08-16 13:38:18.973000+00:00,13620.0,{'stop_loss_price': 13620.0}
INVALID_RISK_UNIT,risk_unit == 0 or non-finite,NQU22-CME,23895354,2022-08-16 13:54:07.421000+00:00,13594.0,{'stop_loss_price': 13594.0}
INVALID_RISK_UNIT,risk_unit == 0 or non-finite,NQU22-CME,23905354,2022-08-16 14:01:04.104000+00:00,13587.5,{'stop_loss_price': 13587.5}
INVALID_RISK_UNIT,risk_unit == 0 or non-finite,NQU22-CME,23905355,2022-08-16 14:01:04.104001+00:00,13587.5,{'stop_loss_price': 13587.5}
INVALID_RISK_UNIT,risk_unit == 0 or non-finite,NQU22-CME,23905356,2022-08-16 14:01:04.104002+00:00,13587.5,{'stop_loss_price': 13587.5}
INVALID_RISK_UNIT,risk_unit == 0 or non-finite,NQU22-CME,23911987,2022-08-16 14:03:14.487000+00:00,13581.25,{'stop_loss_price': 13581.25}
INVALID_RISK_UNIT,risk_unit == 0 or non-finite,NQU22-CME,23911988,2022-08-16 14:03:14.487001+00:00,13581.25,{'stop_loss_price': 13581.25}
INVALID_RISK_UNIT,risk_unit == 0 or non-finite,NQU22-CME,23911989,2022-08-16 14:03:14.487002+00:00,13581.25,{'stop_loss_price': 13581.25}
INVALID_RISK_UNIT,risk_unit == 0 or non-finite,NQU22-CME,23911990,2022-08-16 14:03:14.487003+00:00,13581.25,{'stop_loss_price': 13581.25}
INVALID_RISK_UNIT,risk_unit == 0 or non-finite,NQU22-CME,23943461,2022-08-16 14:26:59.374006+00:00,13566.75,{'stop_loss_price': 13566.75}
INVALID_RISK_UNIT,risk_unit == 0 or non-finite,NQU22-CME,23943462,2022-08-16 14:26:59.374007+00:00,13566.75,{'stop_loss_price': 13566.75}
INVALID_RISK_UNIT,risk_unit == 0 or non-finite,NQU22-CME,23943463,2022-08-16 14:26:59.374008+00:00,13566.75,{'stop_loss_price': 13566.75}
INVALID_RISK_UNIT,risk_unit == 0 or non-finite,NQU22-CME,23943464,2022-08-16 14:26:59.374009+00:00,13566.75,{'stop_loss_price': 13566.75}
INVALID_RISK_UNIT,risk_unit == 0 or non-finite,NQU22-CME,23943465,2022-08-16 14:26:59.374010+00:00,13566.75,{'stop_loss_price': 13566.75}
INVALID_RISK_UNIT,risk_unit == 0 or non-finite,NQU22-CME,23943466,2022-08-16 14:26:59.374011+00:00,13566.75,{'stop_loss_price': 13566.75}
INVALID_RISK_UNIT,risk_unit == 0 or non-finite,NQU22-CME,23943467,2022-08-16 14:26:59.374012+00:00,13566.75,{'stop_loss_price': 13566.75}
INVALID_RISK_UNIT,risk_unit == 0 or non-finite,NQU22-CME,23943468,2022-08-16 14:26:59.374013+00:00,13566.75,{'stop_loss_price': 13566.75}
INVALID_RISK_UNIT,risk_unit == 0 or non-finite,NQU22-CME,23943469,2022-08-16 14:26:59.374014+00:00,13566.75,{'stop_loss_price': 13566.75}
INVALID_RISK_UNIT,risk_unit == 0 or non-finite,NQU22-CME,23943470,2022-08-16 14:26:59.374015+00:00,13566.75,{'stop_loss_price': 13566.75}
INVALID_RISK_UNIT,risk_unit == 0 or non-finite,NQU22-CME,23944952,2022-08-16 14:27:54.035000+00:00,13560.75,{'stop_loss_price': 13560.75}
INVALID_RISK_UNIT,risk_unit == 0 or non-finite,NQU22-CME,23944953,2022-08-16 14:27:54.082000+00:00,13560.75,{'stop_loss_price': 13560.75}
INVALID_RISK_UNIT,risk_unit == 0 or non-finite,NQU22-CME,23980372,2022-08-16 14:53:14.088000+00:00,13572.25,{'stop_loss_price': 13572.25}
INVALID_RISK_UNIT,risk_unit == 0 or non-finite,NQU22-CME,23989083,2022-08-16 15:01:27.724000+00:00,13577.75,{'stop_loss_price': 13577.75}
INVALID_RISK_UNIT,risk_unit == 0 or non-finite,NQU22-CME,24030572,2022-08-16 15:38:57.602000+00:00,13644.0,{'stop_loss_price': 13644.0}
INVALID_RISK_UNIT,risk_unit == 0 or non-finite,NQU22-CME,24030573,2022-08-16 15:38:57.602001+00:00,13644.0,{'stop_loss_price': 13644.0}
INVALID_RISK_UNIT,risk_unit == 0 or non-finite,NQU22-CME,24030581,2022-08-16 15:38:58.733000+00:00,13644.0,{'stop_loss_price': 13644.0}
INVALID_RISK_UNIT,risk_unit == 0 or non-finite,NQU22-CME,24030582,2022-08-16 15:38:58.733001+00:00,13644.0,{'stop_loss_price': 13644.0}
INVALID_RISK_UNIT,risk_unit == 0 or non-finite,NQU22-CME,24030583,2022-08-16 15:38:58.733002+00:00,13644.0,{'stop_loss_price': 13644.0}
INVALID_RISK_UNIT,risk_unit == 0 or non-finite,NQU22-CME,24037421,2022-08-16 15:47:49.163000+00:00,13656.0,{'stop_loss_price': 13656.0}
INVALID_RISK_UNIT,risk_unit == 0 or non-finite,NQU22-CME,24037422,2022-08-16 15:47:49.163001+00:00,13656.0,{'stop_loss_price': 13656.0}
INVALID_RISK_UNIT,risk_unit == 0 or non-finite,NQU22-CME,24037423,2022-08-16 15:47:49.163002+00:00,13656.0,{'stop_loss_price': 13656.0}
INVALID_RISK_UNIT,risk_unit == 0 or non-finite,NQU22-CME,24037424,2022-08-16 15:47:49.174000+00:00,13656.0,{'stop_loss_price': 13656.0}
INVALID_RISK_UNIT,risk_unit == 0 or non-finite,NQU22-CME,24037425,2022-08-16 15:47:49.174001+00:00,13656.0,{'stop_loss_price': 13656.0}
INVALID_RISK_UNIT,risk_unit == 0 or non-finite,NQU22-CME,24037426,2022-08-16 15:47:49.544000+00:00,13656.0,{'stop_loss_price': 13656.0}
INVALID_RISK_UNIT,risk_unit == 0 or non-finite,NQU22-CME,24070055,2022-08-16 16:24:08.705000+00:00,13669.75,{'stop_loss_price': 13669.75}
INVALID_RISK_UNIT,risk_unit == 0 or non-finite,NQU22-CME,24084804,2022-08-16 16:46:02.830000+00:00,13637.75,{'stop_loss_price': 13637.75}
INVALID_RISK_UNIT,risk_unit == 0 or non-finite,NQU22-CME,24100741,2022-08-16 17:13:31.011000+00:00,13667.0,{'stop_loss_price': 13667.0}
INVALID_RISK_UNIT,risk_unit == 0 or non-finite,NQU22-CME,24100742,2022-08-16 17:13:31.011001+00:00,13667.0,{'stop_loss_price': 13667.0}
INVALID_RISK_UNIT,risk_unit == 0 or non-finite,NQU22-CME,24100743,2022-08-16 17:13:31.025000+00:00,13667.0,{'stop_loss_price': 13667.0}
INVALID_RISK_UNIT,risk_unit == 0 or non-finite,NQU22-CME,24100744,2022-08-16 17:13:31.025001+00:00,13667.0,{'stop_loss_price': 13667.0}
INVALID_RISK_UNIT,risk_unit == 0 or non-finite,NQU22-CME,24100745,2022-08-16 17:13:31.025002+00:00,13667.0,{'stop_loss_price': 13667.0}
INVALID_RISK_UNIT,risk_unit == 0 or non-finite,NQU22-CME,24106865,2022-08-16 17:26:37.517001+00:00,13668.5,{'stop_loss_price': 13668.5}
INVALID_RISK_UNIT,risk_unit == 0 or non-finite,NQU22-CME,24110197,2022-08-16 17:34:46.660000+00:00,13678.0,{'stop_loss_price': 13678.0}
INVALID_RISK_UNIT,risk_unit == 0 or non-finite,NQU22-CME,24110198,2022-08-16 17:34:46.661000+00:00,13678.0,{'stop_loss_price': 13678.0}
INVALID_RISK_UNIT,risk_unit == 0 or non-finite,NQU22-CME,24113954,2022-08-16 17:38:09.252000+00:00,13698.75,{'stop_loss_price': 13698.75}
INVALID_RISK_UNIT,risk_unit == 0 or non-finite,NQU22-CME,24113955,2022-08-16 17:38:09.252001+00:00,13698.75,{'stop_loss_price': 13698.75}
INVALID_RISK_UNIT,risk_unit == 0 or non-finite,NQU22-CME,24113956,2022-08-16 17:38:09.252002+00:00,13698.75,{'stop_loss_price': 13698.75}
INVALID_RISK_UNIT,risk_unit == 0 or non-finite,NQU22-CME,24113958,2022-08-16 17:38:09.274000+00:00,13698.75,{'stop_loss_price': 13698.75}
INVALID_RISK_UNIT,risk_unit == 0 or non-finite,NQU22-CME,24186306,2022-08-16 18:54:42.829000+00:00,13600.0,{'stop_loss_price': 13600.0}
INVALID_RISK_UNIT,risk_unit == 0 or non-finite,NQU22-CME,24186307,2022-08-16 18:54:42.865000+00:00,13600.0,{'stop_loss_price': 13600.0}
INVALID_RISK_UNIT,risk_unit == 0 or non-finite,NQU22-CME,24186309,2022-08-16 18:54:42.965000+00:00,13600.0,{'stop_loss_price': 13600.0}
INVALID_RISK_UNIT,risk_unit == 0 or non-finite,NQU22-CME,24188326,2022-08-16 18:56:47.636000+00:00,13612.75,{'stop_loss_price': 13612.75}
INVALID_RISK_UNIT,risk_unit == 0 or non-finite,NQU22-CME,24195541,2022-08-16 19:03:17.179000+00:00,13608.75,{'stop_loss_price': 13608.75}
INVALID_RISK_UNIT,risk_unit == 0 or non-finite,NQU22-CME,24195542,2022-08-16 19:03:17.179001+00:00,13608.75,{'stop_loss_price': 13608.75}
INVALID_RISK_UNIT,risk_unit == 0 or non-finite,NQU22-CME,24195543,2022-08-16 19:03:17.179002+00:00,13608.75,{'stop_loss_price': 13608.75}
INVALID_RISK_UNIT,risk_unit == 0 or non-finite,NQU22-CME,24215062,2022-08-16 19:25:31.424000+00:00,13638.0,{'stop_loss_price': 13638.0}
INVALID_RISK_UNIT,risk_unit == 0 or non-finite,NQU22-CME,24226002,2022-08-16 19:36:38.824000+00:00,13659.25,{'stop_loss_price': 13659.25}
INVALID_RISK_UNIT,risk_unit == 0 or non-finite,NQU22-CME,24321396,2022-08-17 11:26:33.788000+00:00,13535.25,{'stop_loss_price': 13535.25}
INVALID_RISK_UNIT,risk_unit == 0 or non-finite,NQU22-CME,24325330,2022-08-17 11:43:09.363000+00:00,13523.25,{'stop_loss_price': 13523.25}
INVALID_RISK_UNIT,risk_unit == 0 or non-finite,NQU22-CME,24329921,2022-08-17 12:13:13.316000+00:00,13539.75,{'stop_loss_price': 13539.75}
INVALID_RISK_UNIT,risk_unit == 0 or non-finite,NQU22-CME,24381555,2022-08-17 13:39:25.912000+00:00,13529.25,{'stop_loss_price': 13529.25}
INVALID_RISK_UNIT,risk_unit == 0 or non-finite,NQU22-CME,24381556,2022-08-17 13:39:25.912001+00:00,13529.25,{'stop_loss_price': 13529.25}
INVALID_RISK_UNIT,risk_unit == 0 or non-finite,NQU22-CME,24392423,2022-08-17 13:44:19.734002+00:00,13492.0,{'stop_loss_price': 13492.0}
INVALID_RISK_UNIT,risk_unit == 0 or non-finite,NQU22-CME,24392424,2022-08-17 13:44:19.734003+00:00,13492.0,{'stop_loss_price': 13492.0}
INVALID_RISK_UNIT,risk_unit == 0 or non-finite,NQU22-CME,24392426,2022-08-17 13:44:19.734005+00:00,13492.0,{'stop_loss_price': 13492.0}
INVALID_RISK_UNIT,risk_unit == 0 or non-finite,NQU22-CME,24407204,2022-08-17 13:53:53.929000+00:00,13512.75,{'stop_loss_price': 13512.75}
INVALID_RISK_UNIT,risk_unit == 0 or non-finite,NQU22-CME,24411958,2022-08-17 13:56:08.796000+00:00,13520.75,{'stop_loss_price': 13520.75}
INVALID_RISK_UNIT,risk_unit == 0 or non-finite,NQU22-CME,24502187,2022-08-17 14:58:29.421000+00:00,13429.0,{'stop_loss_price': 13429.0}
INVALID_RISK_UNIT,risk_unit == 0 or non-finite,NQU22-CME,24509681,2022-08-17 15:04:59.457000+00:00,13448.25,{'stop_loss_price': 13448.25}
INVALID_RISK_UNIT,risk_unit == 0 or non-finite,NQU22-CME,24533459,2022-08-17 15:30:13.472000+00:00,13460.0,{'stop_loss_price': 13460.0}
INVALID_RISK_UNIT,risk_unit == 0 or non-finite,NQU22-CME,24541163,2022-08-17 15:38:45.510000+00:00,13444.25,{'stop_loss_price': 13444.25}
INVALID_RISK_UNIT,risk_unit == 0 or non-finite,NQU22-CME,24551974,2022-08-17 15:47:57.523000+00:00,13421.25,{'stop_loss_price': 13421.25}
INVALID_RISK_UNIT,risk_unit == 0 or non-finite,NQU22-CME,24575014,2022-08-17 16:10:52.092000+00:00,13436.5,{'stop_loss_price': 13436.5}
INVALID_RISK_UNIT,risk_unit == 0 or non-finite,NQU22-CME,24590707,2022-08-17 16:35:47.818003+00:00,13475.75,{'stop_loss_price': 13475.75}
INVALID_RISK_UNIT,risk_unit == 0 or non-finite,NQU22-CME,24590708,2022-08-17 16:35:47.914000+00:00,13475.75,{'stop_loss_price': 13475.75}
INVALID_RISK_UNIT,risk_unit == 0 or non-finite,NQU22-CME,24590709,2022-08-17 16:35:47.914001+00:00,13475.75,{'stop_loss_price': 13475.75}
INVALID_RISK_UNIT,risk_unit == 0 or non-finite,NQU22-CME,24590710,2022-08-17 16:35:47.914002+00:00,13475.75,{'stop_loss_price': 13475.75}
INVALID_RISK_UNIT,risk_unit == 0 or non-finite,NQU22-CME,24590711,2022-08-17 16:35:47.914003+00:00,13475.75,{'stop_loss_price': 13475.75}
INVALID_RISK_UNIT,risk_unit == 0 or non-finite,NQU22-CME,24590712,2022-08-17 16:35:48.047000+00:00,13475.75,{'stop_loss_price': 13475.75}
INVALID_RISK_UNIT,risk_unit == 0 or non-finite,NQU22-CME,24590713,2022-08-17 16:35:48.061000+00:00,13475.75,{'stop_loss_price': 13475.75}
INVALID_RISK_UNIT,risk_unit == 0 or non-finite,NQU22-CME,24636178,2022-08-17 17:39:10.755000+00:00,13489.0,{'stop_loss_price': 13489.0}
INVALID_RISK_UNIT,risk_unit == 0 or non-finite,NQU22-CME,24656258,2022-08-17 18:03:27.586000+00:00,13548.5,{'stop_loss_price': 13548.5}
INVALID_RISK_UNIT,risk_unit == 0 or non-finite,NQU22-CME,24711277,2022-08-17 18:40:04.969000+00:00,13613.5,{'stop_loss_price': 13613.5}
INVALID_RISK_UNIT,risk_unit == 0 or non-finite,NQU22-CME,24724572,2022-08-17 18:52:59.630002+00:00,13563.75,{'stop_loss_price': 13563.75}
INVALID_RISK_UNIT,risk_unit == 0 or non-finite,NQU22-CME,24749739,2022-08-17 19:16:21.070000+00:00,13496.5,{'stop_loss_price': 13496.5}
INVALID_RISK_UNIT,risk_unit == 0 or non-finite,NQU22-CME,24760400,2022-08-17 19:27:25.375000+00:00,13513.75,{'stop_loss_price': 13513.75}
INVALID_RISK_UNIT,risk_unit == 0 or non-finite,NQU22-CME,24760401,2022-08-17 19:27:25.375001+00:00,13513.75,{'stop_loss_price': 13513.75}
INVALID_RISK_UNIT,risk_unit == 0 or non-finite,NQU22-CME,24761730,2022-08-17 19:29:25.916000+00:00,13515.5,{'stop_loss_price': 13515.5}
INVALID_RISK_UNIT,risk_unit == 0 or non-finite,NQU22-CME,24815206,2022-08-18 01:14:53.692000+00:00,13466.25,{'stop_loss_price': 13466.25}
INVALID_RISK_UNIT,risk_unit == 0 or non-finite,NQU22-CME,24821113,2022-08-18 03:40:27.019000+00:00,13470.25,{'stop_loss_price': 13470.25}
INVALID_RISK_UNIT,risk_unit == 0 or non-finite,NQU22-CME,24837456,2022-08-18 08:00:15.102000+00:00,13452.0,{'stop_loss_price': 13452.0}
INVALID_RISK_UNIT,risk_unit == 0 or non-finite,NQU22-CME,24946254,2022-08-18 14:03:19.772000+00:00,13434.0,{'stop_loss_price': 13434.0}
INVALID_RISK_UNIT,risk_unit == 0 or non-finite,NQU22-CME,24946255,2022-08-18 14:03:19.772001+00:00,13434.0,{'stop_loss_price': 13434.0}
INVALID_RISK_UNIT,risk_unit == 0 or non-finite,NQU22-CME,24964224,2022-08-18 14:16:56.049000+00:00,13468.25,{'stop_loss_price': 13468.25}
INVALID_RISK_UNIT,risk_unit == 0 or non-finite,NQU22-CME,24964225,2022-08-18 14:16:56.078000+00:00,13468.25,{'stop_loss_price': 13468.25}
INVALID_RISK_UNIT,risk_unit == 0 or non-finite,NQU22-CME,24964227,2022-08-18 14:16:56.131000+00:00,13468.25,{'stop_loss_price': 13468.25}
INVALID_RISK_UNIT,risk_unit == 0 or non-finite,NQU22-CME,24987359,2022-08-18 14:38:07.074000+00:00,13487.25,{'stop_loss_price': 13487.25}
INVALID_RISK_UNIT,risk_unit == 0 or non-finite,NQU22-CME,25006770,2022-08-18 14:55:05.242000+00:00,13514.25,{'stop_loss_price': 13514.25}
INVALID_RISK_UNIT,risk_unit == 0 or non-finite,NQU22-CME,25008428,2022-08-18 14:57:08.096000+00:00,13509.75,{'stop_loss_price': 13509.75}
INVALID_RISK_UNIT,risk_unit == 0 or non-finite,NQU22-CME,25033886,2022-08-18 15:22:37.654000+00:00,13525.75,{'stop_loss_price': 13525.75}
INVALID_RISK_UNIT,risk_unit == 0 or non-finite,NQU22-CME,25076905,2022-08-18 16:13:15.829000+00:00,13550.5,{'stop_loss_price': 13550.5}
INVALID_RISK_UNIT,risk_unit == 0 or non-finite,NQU22-CME,25076906,2022-08-18 16:13:15.829001+00:00,13550.5,{'stop_loss_price': 13550.5}
INVALID_RISK_UNIT,risk_unit == 0 or non-finite,NQU22-CME,25076907,2022-08-18 16:13:15.829002+00:00,13550.5,{'stop_loss_price': 13550.5}
INVALID_RISK_UNIT,risk_unit == 0 or non-finite,NQU22-CME,25076908,2022-08-18 16:13:15.829003+00:00,13550.5,{'stop_loss_price': 13550.5}
INVALID_RISK_UNIT,risk_unit == 0 or non-finite,NQU22-CME,25094268,2022-08-18 16:35:57.619000+00:00,13513.75,{'stop_loss_price': 13513.75}
INVALID_RISK_UNIT,risk_unit == 0 or non-finite,NQU22-CME,25147445,2022-08-18 17:53:02.945000+00:00,13550.0,{'stop_loss_price': 13550.0}
INVALID_RISK_UNIT,risk_unit == 0 or non-finite,NQU22-CME,25147850,2022-08-18 17:53:54.929000+00:00,13547.75,{'stop_loss_price': 13547.75}
INVALID_RISK_UNIT,risk_unit == 0 or non-finite,NQU22-CME,25181807,2022-08-18 18:44:15.150000+00:00,13527.75,{'stop_loss_price': 13527.75}
INVALID_RISK_UNIT,risk_unit == 0 or non-finite,NQU22-CME,25181808,2022-08-18 18:44:15.150001+00:00,13527.75,{'stop_loss_price': 13527.75}
INVALID_RISK_UNIT,risk_unit == 0 or non-finite,NQU22-CME,25181809,2022-08-18 18:44:15.467000+00:00,13527.75,{'stop_loss_price': 13527.75}
INVALID_RISK_UNIT,risk_unit == 0 or non-finite,NQU22-CME,25266411,2022-08-19 00:11:55.092000+00:00,13509.75,{'stop_loss_price': 13509.75}
INVALID_RISK_UNIT,risk_unit == 0 or non-finite,NQU22-CME,25266412,2022-08-19 00:11:55.092001+00:00,13509.75,{'stop_loss_price': 13509.75}
INVALID_RISK_UNIT,risk_unit == 0 or non-finite,NQU22-CME,25275814,2022-08-19 04:46:07.388000+00:00,13491.75,{'stop_loss_price': 13491.75}
INVALID_RISK_UNIT,risk_unit == 0 or non-finite,NQU22-CME,25275815,2022-08-19 04:46:07.388001+00:00,13491.75,{'stop_loss_price': 13491.75}
INVALID_RISK_UNIT,risk_unit == 0 or non-finite,NQU22-CME,25275821,2022-08-19 04:46:24.820000+00:00,13492.5,{'stop_loss_price': 13492.5}
INVALID_RISK_UNIT,risk_unit == 0 or non-finite,NQU22-CME,25279233,2022-08-19 05:54:08.323000+00:00,13487.0,{'stop_loss_price': 13487.0}
INVALID_RISK_UNIT,risk_unit == 0 or non-finite,NQU22-CME,25297102,2022-08-19 08:18:15.215000+00:00,13409.25,{'stop_loss_price': 13409.25}
INVALID_RISK_UNIT,risk_unit == 0 or non-finite,NQU22-CME,25337787,2022-08-19 12:30:06.216000+00:00,13374.5,{'stop_loss_price': 13374.5}
INVALID_RISK_UNIT,risk_unit == 0 or non-finite,NQU22-CME,25337788,2022-08-19 12:30:06.217000+00:00,13374.5,{'stop_loss_price': 13374.5}
INVALID_RISK_UNIT,risk_unit == 0 or non-finite,NQU22-CME,25354156,2022-08-19 13:26:46.895000+00:00,13400.75,{'stop_loss_price': 13400.75}
INVALID_RISK_UNIT,risk_unit == 0 or non-finite,NQU22-CME,25354157,2022-08-19 13:26:46.895001+00:00,13400.75,{'stop_loss_price': 13400.75}
INVALID_RISK_UNIT,risk_unit == 0 or non-finite,NQU22-CME,25363331,2022-08-19 13:31:01.401003+00:00,13398.5,{'stop_loss_price': 13398.5}
INVALID_RISK_UNIT,risk_unit == 0 or non-finite,NQU22-CME,25438470,2022-08-19 14:02:26.365000+00:00,13316.75,{'stop_loss_price': 13316.75}
INVALID_RISK_UNIT,risk_unit == 0 or non-finite,NQU22-CME,25439909,2022-08-19 14:03:13.183000+00:00,13306.5,{'stop_loss_price': 13306.5}
INVALID_RISK_UNIT,risk_unit == 0 or non-finite,NQU22-CME,25450134,2022-08-19 14:08:59.741000+00:00,13306.25,{'stop_loss_price': 13306.25}
INVALID_RISK_UNIT,risk_unit == 0 or non-finite,NQU22-CME,25480900,2022-08-19 14:28:55.125000+00:00,13292.5,{'stop_loss_price': 13292.5}
INVALID_RISK_UNIT,risk_unit == 0 or non-finite,NQU22-CME,25480901,2022-08-19 14:28:55.125001+00:00,13292.5,{'stop_loss_price': 13292.5}
INVALID_RISK_UNIT,risk_unit == 0 or non-finite,NQU22-CME,25480902,2022-08-19 14:28:55.125002+00:00,13292.5,{'stop_loss_price': 13292.5}
INVALID_RISK_UNIT,risk_unit == 0 or non-finite,NQU22-CME,25526729,2022-08-19 15:02:51.994000+00:00,13269.25,{'stop_loss_price': 13269.25}
INVALID_RISK_UNIT,risk_unit == 0 or non-finite,NQU22-CME,25535966,2022-08-19 15:09:11.657000+00:00,13257.5,{'stop_loss_price': 13257.5}
INVALID_RISK_UNIT,risk_unit == 0 or non-finite,NQU22-CME,25541511,2022-08-19 15:12:43.172000+00:00,13257.75,{'stop_loss_price': 13257.75}
INVALID_RISK_UNIT,risk_unit == 0 or non-finite,NQU22-CME,25550580,2022-08-19 15:23:02.103000+00:00,13256.0,{'stop_loss_price': 13256.0}
INVALID_RISK_UNIT,risk_unit == 0 or non-finite,NQU22-CME,25550581,2022-08-19 15:23:02.103001+00:00,13256.0,{'stop_loss_price': 13256.0}
INVALID_RISK_UNIT,risk_unit == 0 or non-finite,NQU22-CME,25550582,2022-08-19 15:23:02.104000+00:00,13256.0,{'stop_loss_price': 13256.0}
INVALID_RISK_UNIT,risk_unit == 0 or non-finite,NQU22-CME,25550583,2022-08-19 15:23:02.583000+00:00,13256.0,{'stop_loss_price': 13256.0}
INVALID_RISK_UNIT,risk_unit == 0 or non-finite,NQU22-CME,25601413,2022-08-19 16:15:30.186000+00:00,13279.0,{'stop_loss_price': 13279.0}
INVALID_RISK_UNIT,risk_unit == 0 or non-finite,NQU22-CME,25601414,2022-08-19 16:15:30.186001+00:00,13279.0,{'stop_loss_price': 13279.0}
INVALID_RISK_UNIT,risk_unit == 0 or non-finite,NQU22-CME,25601415,2022-08-19 16:15:30.474000+00:00,13279.0,{'stop_loss_price': 13279.0}
INVALID_RISK_UNIT,risk_unit == 0 or non-finite,NQU22-CME,25605352,2022-08-19 16:22:02.362000+00:00,13276.75,{'stop_loss_price': 13276.75}
INVALID_RISK_UNIT,risk_unit == 0 or non-finite,NQU22-CME,25608262,2022-08-19 16:27:50.449000+00:00,13273.25,{'stop_loss_price': 13273.25}
INVALID_RISK_UNIT,risk_unit == 0 or non-finite,NQU22-CME,25608263,2022-08-19 16:27:50.449001+00:00,13273.25,{'stop_loss_price': 13273.25}
INVALID_RISK_UNIT,risk_unit == 0 or non-finite,NQU22-CME,25608264,2022-08-19 16:27:50.449002+00:00,13273.25,{'stop_loss_price': 13273.25}
INVALID_RISK_UNIT,risk_unit == 0 or non-finite,NQU22-CME,25608265,2022-08-19 16:27:50.449003+00:00,13273.25,{'stop_loss_price': 13273.25}
INVALID_RISK_UNIT,risk_unit == 0 or non-finite,NQU22-CME,25608266,2022-08-19 16:27:50.461000+00:00,13273.25,{'stop_loss_price': 13273.25}
INVALID_RISK_UNIT,risk_unit == 0 or non-finite,NQU22-CME,25608270,2022-08-19 16:27:50.907000+00:00,13273.25,{'stop_loss_price': 13273.25}
INVALID_RISK_UNIT,risk_unit == 0 or non-finite,NQU22-CME,25608271,2022-08-19 16:27:50.907001+00:00,13273.25,{'stop_loss_price': 13273.25}
INVALID_RISK_UNIT,risk_unit == 0 or non-finite,NQU22-CME,25608272,2022-08-19 16:27:50.908000+00:00,13273.25,{'stop_loss_price': 13273.25}
INVALID_RISK_UNIT,risk_unit == 0 or non-finite,NQU22-CME,25618423,2022-08-19 16:40:08.764000+00:00,13291.75,{'stop_loss_price': 13291.75}
INVALID_RISK_UNIT,risk_unit == 0 or non-finite,NQU22-CME,25620328,2022-08-19 16:42:46.157003+00:00,13290.0,{'stop_loss_price': 13290.0}
INVALID_RISK_UNIT,risk_unit == 0 or non-finite,NQU22-CME,25620329,2022-08-19 16:42:46.157004+00:00,13290.0,{'stop_loss_price': 13290.0}
INVALID_RISK_UNIT,risk_unit == 0 or non-finite,NQU22-CME,25620336,2022-08-19 16:42:48.725000+00:00,13290.0,{'stop_loss_price': 13290.0}
INVALID_RISK_UNIT,risk_unit == 0 or non-finite,NQU22-CME,25620337,2022-08-19 16:42:48.725001+00:00,13290.0,{'stop_loss_price': 13290.0}
INVALID_RISK_UNIT,risk_unit == 0 or non-finite,NQU22-CME,25620338,2022-08-19 16:42:48.725002+00:00,13290.0,{'stop_loss_price': 13290.0}
INVALID_RISK_UNIT,risk_unit == 0 or non-finite,NQU22-CME,25621107,2022-08-19 16:44:00.685002+00:00,13292.0,{'stop_loss_price': 13292.0}
INVALID_RISK_UNIT,risk_unit == 0 or non-finite,NQU22-CME,25621108,2022-08-19 16:44:00.685003+00:00,13292.0,{'stop_loss_price': 13292.0}
INVALID_RISK_UNIT,risk_unit == 0 or non-finite,NQU22-CME,25621109,2022-08-19 16:44:00.685004+00:00,13292.0,{'stop_loss_price': 13292.0}
INVALID_RISK_UNIT,risk_unit == 0 or non-finite,NQU22-CME,25621110,2022-08-19 16:44:00.685005+00:00,13292.0,{'stop_loss_price': 13292.0}
INVALID_RISK_UNIT,risk_unit == 0 or non-finite,NQU22-CME,25621111,2022-08-19 16:44:00.686000+00:00,13292.0,{'stop_loss_price': 13292.0}
INVALID_RISK_UNIT,risk_unit == 0 or non-finite,NQU22-CME,25621500,2022-08-19 16:44:25.135000+00:00,13292.25,{'stop_loss_price': 13292.25}
INVALID_RISK_UNIT,risk_unit == 0 or non-finite,NQU22-CME,25622035,2022-08-19 16:44:59.486000+00:00,13297.5,{'stop_loss_price': 13297.5}
INVALID_RISK_UNIT,risk_unit == 0 or non-finite,NQU22-CME,25631455,2022-08-19 16:57:49.598001+00:00,13307.25,{'stop_loss_price': 13307.25}
INVALID_RISK_UNIT,risk_unit == 0 or non-finite,NQU22-CME,25631456,2022-08-19 16:57:49.651000+00:00,13307.25,{'stop_loss_price': 13307.25}
INVALID_RISK_UNIT,risk_unit == 0 or non-finite,NQU22-CME,25645794,2022-08-19 17:19:07.792000+00:00,13288.0,{'stop_loss_price': 13288.0}
INVALID_RISK_UNIT,risk_unit == 0 or non-finite,NQU22-CME,25645795,2022-08-19 17:19:07.792001+00:00,13288.0,{'stop_loss_price': 13288.0}
INVALID_RISK_UNIT,risk_unit == 0 or non-finite,NQU22-CME,25645796,2022-08-19 17:19:07.792002+00:00,13288.0,{'stop_loss_price': 13288.0}
INVALID_RISK_UNIT,risk_unit == 0 or non-finite,NQU22-CME,25645797,2022-08-19 17:19:07.792003+00:00,13288.0,{'stop_loss_price': 13288.0}
INVALID_RISK_UNIT,risk_unit == 0 or non-finite,NQU22-CME,25645798,2022-08-19 17:19:08.289000+00:00,13288.0,{'stop_loss_price': 13288.0}
INVALID_RISK_UNIT,risk_unit == 0 or non-finite,NQU22-CME,25709272,2022-08-19 18:51:32.111000+00:00,13263.5,{'stop_loss_price': 13263.5}
INVALID_RISK_UNIT,risk_unit == 0 or non-finite,NQU22-CME,25709273,2022-08-19 18:51:32.111001+00:00,13263.5,{'stop_loss_price': 13263.5}
INVALID_RISK_UNIT,risk_unit == 0 or non-finite,NQU22-CME,25738684,2022-08-19 19:24:08.912000+00:00,13263.0,{'stop_loss_price': 13263.0}
INVALID_RISK_UNIT,risk_unit == 0 or non-finite,NQU22-CME,25802362,2022-08-22 00:02:17.957000+00:00,13179.25,{'stop_loss_price': 13179.25}
INVALID_RISK_UNIT,risk_unit == 0 or non-finite,NQU22-CME,25836984,2022-08-22 07:50:13.735000+00:00,13105.0,{'stop_loss_price': 13105.0}
INVALID_RISK_UNIT,risk_unit == 0 or non-finite,NQU22-CME,25880987,2022-08-22 12:14:12.759000+00:00,13055.0,{'stop_loss_price': 13055.0}
INVALID_RISK_UNIT,risk_unit == 0 or non-finite,NQU22-CME,25897508,2022-08-22 13:27:57+00:00,13075.75,{'stop_loss_price': 13075.75}
INVALID_RISK_UNIT,risk_unit == 0 or non-finite,NQU22-CME,25897509,2022-08-22 13:27:57.000001+00:00,13075.75,{'stop_loss_price': 13075.75}
INVALID_RISK_UNIT,risk_unit == 0 or non-finite,NQU22-CME,25897510,2022-08-22 13:27:57.029000+00:00,13075.75,{'stop_loss_price': 13075.75}
INVALID_RISK_UNIT,risk_unit == 0 or non-finite,NQU22-CME,25897523,2022-08-22 13:27:58.081000+00:00,13075.75,{'stop_loss_price': 13075.75}
INVALID_RISK_UNIT,risk_unit == 0 or non-finite,NQU22-CME,25901140,2022-08-22 13:30:09.870000+00:00,13075.0,{'stop_loss_price': 13075.0}
INVALID_RISK_UNIT,risk_unit == 0 or non-finite,NQU22-CME,25927527,2022-08-22 13:38:50.565000+00:00,13038.0,{'stop_loss_price': 13038.0}
INVALID_RISK_UNIT,risk_unit == 0 or non-finite,NQU22-CME,25927528,2022-08-22 13:38:50.565001+00:00,13038.0,{'stop_loss_price': 13038.0}
INVALID_RISK_UNIT,risk_unit == 0 or non-finite,NQU22-CME,25928511,2022-08-22 13:39:32.135000+00:00,13036.5,{'stop_loss_price': 13036.5}
INVALID_RISK_UNIT,risk_unit == 0 or non-finite,NQU22-CME,25928556,2022-08-22 13:39:35.258000+00:00,13036.75,{'stop_loss_price': 13036.75}
INVALID_RISK_UNIT,risk_unit == 0 or non-finite,NQU22-CME,25928557,2022-08-22 13:39:35.258001+00:00,13036.75,{'stop_loss_price': 13036.75}
INVALID_RISK_UNIT,risk_unit == 0 or non-finite,NQU22-CME,25928558,2022-08-22 13:39:35.258002+00:00,13036.75,{'stop_loss_price': 13036.75}
INVALID_RISK_UNIT,risk_unit == 0 or non-finite,NQU22-CME,25930485,2022-08-22 13:40:42.899000+00:00,13037.5,{'stop_loss_price': 13037.5}
INVALID_RISK_UNIT,risk_unit == 0 or non-finite,NQU22-CME,25931621,2022-08-22 13:41:27.934000+00:00,13039.0,{'stop_loss_price': 13039.0}
INVALID_RISK_UNIT,risk_unit == 0 or non-finite,NQU22-CME,25990438,2022-08-22 14:15:11.915000+00:00,13001.0,{'stop_loss_price': 13001.0}
INVALID_RISK_UNIT,risk_unit == 0 or non-finite,NQU22-CME,26000317,2022-08-22 14:22:28.300000+00:00,12984.25,{'stop_loss_price': 12984.25}
INVALID_RISK_UNIT,risk_unit == 0 or non-finite,NQU22-CME,26000318,2022-08-22 14:22:28.459000+00:00,12984.25,{'stop_loss_price': 12984.25}
INVALID_RISK_UNIT,risk_unit == 0 or non-finite,NQU22-CME,26035022,2022-08-22 14:48:40.754000+00:00,12997.5,{'stop_loss_price': 12997.5}
INVALID_RISK_UNIT,risk_unit == 0 or non-finite,NQU22-CME,26037785,2022-08-22 14:51:31.342000+00:00,12979.0,{'stop_loss_price': 12979.0}
INVALID_RISK_UNIT,risk_unit == 0 or non-finite,NQU22-CME,26044730,2022-08-22 14:56:52.304000+00:00,12960.0,{'stop_loss_price': 12960.0}
INVALID_RISK_UNIT,risk_unit == 0 or non-finite,NQU22-CME,26044731,2022-08-22 14:56:52.304001+00:00,12960.0,{'stop_loss_price': 12960.0}
INVALID_RISK_UNIT,risk_unit == 0 or non-finite,NQU22-CME,26044732,2022-08-22 14:56:52.329000+00:00,12960.0,{'stop_loss_price': 12960.0}
INVALID_RISK_UNIT,risk_unit == 0 or non-finite,NQU22-CME,26044735,2022-08-22 14:56:52.430000+00:00,12960.0,{'stop_loss_price': 12960.0}
INVALID_RISK_UNIT,risk_unit == 0 or non-finite,NQU22-CME,26056922,2022-08-22 15:06:53.105000+00:00,12969.0,{'stop_loss_price': 12969.0}
INVALID_RISK_UNIT,risk_unit == 0 or non-finite,NQU22-CME,26056923,2022-08-22 15:06:53.105001+00:00,12969.0,{'stop_loss_price': 12969.0}
INVALID_RISK_UNIT,risk_unit == 0 or non-finite,NQU22-CME,26056924,2022-08-22 15:06:53.105002+00:00,12969.0,{'stop_loss_price': 12969.0}
INVALID_RISK_UNIT,risk_unit == 0 or non-finite,NQU22-CME,26056925,2022-08-22 15:06:53.105003+00:00,12969.0,{'stop_loss_price': 12969.0}
INVALID_RISK_UNIT,risk_unit == 0 or non-finite,NQU22-CME,26056926,2022-08-22 15:06:53.105004+00:00,12969.0,{'stop_loss_price': 12969.0}
INVALID_RISK_UNIT,risk_unit == 0 or non-finite,NQU22-CME,26056927,2022-08-22 15:06:53.105005+00:00,12969.0,{'stop_loss_price': 12969.0}
INVALID_RISK_UNIT,risk_unit == 0 or non-finite,NQU22-CME,26056928,2022-08-22 15:06:54.177000+00:00,12969.0,{'stop_loss_price': 12969.0}
INVALID_RISK_UNIT,risk_unit == 0 or non-finite,NQU22-CME,26056929,2022-08-22 15:06:54.178000+00:00,12969.0,{'stop_loss_price': 12969.0}
INVALID_RISK_UNIT,risk_unit == 0 or non-finite,NQU22-CME,26078930,2022-08-22 15:31:44.236000+00:00,12954.75,{'stop_loss_price': 12954.75}
INVALID_RISK_UNIT,risk_unit == 0 or non-finite,NQU22-CME,26099789,2022-08-22 15:58:41.626005+00:00,12989.0,{'stop_loss_price': 12989.0}
INVALID_RISK_UNIT,risk_unit == 0 or non-finite,NQU22-CME,26131728,2022-08-22 16:47:30.282000+00:00,12965.75,{'stop_loss_price': 12965.75}
INVALID_RISK_UNIT,risk_unit == 0 or non-finite,NQU22-CME,26139389,2022-08-22 17:02:06.686000+00:00,12976.75,{'stop_loss_price': 12976.75}
INVALID_RISK_UNIT,risk_unit == 0 or non-finite,NQU22-CME,26157419,2022-08-22 17:30:00.189000+00:00,12942.25,{'stop_loss_price': 12942.25}
INVALID_RISK_UNIT,risk_unit == 0 or non-finite,NQU22-CME,26157420,2022-08-22 17:30:00.190000+00:00,12942.25,{'stop_loss_price': 12942.25}
INVALID_RISK_UNIT,risk_unit == 0 or non-finite,NQU22-CME,26157424,2022-08-22 17:30:00.659000+00:00,12942.25,{'stop_loss_price': 12942.25}
INVALID_RISK_UNIT,risk_unit == 0 or non-finite,NQU22-CME,26157425,2022-08-22 17:30:00.683000+00:00,12942.25,{'stop_loss_price': 12942.25}
INVALID_RISK_UNIT,risk_unit == 0 or non-finite,NQU22-CME,26157427,2022-08-22 17:30:01.692000+00:00,12942.25,{'stop_loss_price': 12942.25}
INVALID_RISK_UNIT,risk_unit == 0 or non-finite,NQU22-CME,26160160,2022-08-22 17:32:58.958000+00:00,12931.0,{'stop_loss_price': 12931.0}
INVALID_RISK_UNIT,risk_unit == 0 or non-finite,NQU22-CME,26167590,2022-08-22 17:44:59.221000+00:00,12933.75,{'stop_loss_price': 12933.75}
INVALID_RISK_UNIT,risk_unit == 0 or non-finite,NQU22-CME,26178103,2022-08-22 18:04:07.150000+00:00,12916.5,{'stop_loss_price': 12916.5}
INVALID_RISK_UNIT,risk_unit == 0 or non-finite,NQU22-CME,26190191,2022-08-22 18:24:04.100000+00:00,12930.5,{'stop_loss_price': 12930.5}
INVALID_RISK_UNIT,risk_unit == 0 or non-finite,NQU22-CME,26224593,2022-08-22 19:08:02.572000+00:00,12914.75,{'stop_loss_price': 12914.75}
INVALID_RISK_UNIT,risk_unit == 0 or non-finite,NQU22-CME,26224594,2022-08-22 19:08:02.572001+00:00,12914.75,{'stop_loss_price': 12914.75}
INVALID_RISK_UNIT,risk_unit == 0 or non-finite,NQU22-CME,26224595,2022-08-22 19:08:02.572002+00:00,12914.75,{'stop_loss_price': 12914.75}
INVALID_RISK_UNIT,risk_unit == 0 or non-finite,NQU22-CME,26224596,2022-08-22 19:08:02.572003+00:00,12914.75,{'stop_loss_price': 12914.75}
INVALID_RISK_UNIT,risk_unit == 0 or non-finite,NQU22-CME,26224597,2022-08-22 19:08:02.572004+00:00,12914.75,{'stop_loss_price': 12914.75}
INVALID_RISK_UNIT,risk_unit == 0 or non-finite,NQU22-CME,26224598,2022-08-22 19:08:02.572005+00:00,12914.75,{'stop_loss_price': 12914.75}
INVALID_RISK_UNIT,risk_unit == 0 or non-finite,NQU22-CME,26241787,2022-08-22 19:29:25.267028+00:00,12904.25,{'stop_loss_price': 12904.25}
INVALID_RISK_UNIT,risk_unit == 0 or non-finite,NQU22-CME,26241788,2022-08-22 19:29:25.267029+00:00,12904.25,{'stop_loss_price': 12904.25}
INVALID_RISK_UNIT,risk_unit == 0 or non-finite,NQU22-CME,26241789,2022-08-22 19:29:25.267030+00:00,12904.25,{'stop_loss_price': 12904.25}
INVALID_RISK_UNIT,risk_unit == 0 or non-finite,NQU22-CME,26241790,2022-08-22 19:29:25.267031+00:00,12904.25,{'stop_loss_price': 12904.25}
INVALID_RISK_UNIT,risk_unit == 0 or non-finite,NQU22-CME,26241791,2022-08-22 19:29:25.267032+00:00,12904.25,{'stop_loss_price': 12904.25}
INVALID_RISK_UNIT,risk_unit == 0 or non-finite,NQU22-CME,26241792,2022-08-22 19:29:25.267033+00:00,12904.25,{'stop_loss_price': 12904.25}
INVALID_RISK_UNIT,risk_unit == 0 or non-finite,NQU22-CME,26241793,2022-08-22 19:29:25.267034+00:00,12904.25,{'stop_loss_price': 12904.25}
INVALID_RISK_UNIT,risk_unit == 0 or non-finite,NQU22-CME,26241794,2022-08-22 19:29:25.267035+00:00,12904.25,{'stop_loss_price': 12904.25}
INVALID_RISK_UNIT,risk_unit == 0 or non-finite,NQU22-CME,26241795,2022-08-22 19:29:25.267036+00:00,12904.25,{'stop_loss_price': 12904.25}
INVALID_RISK_UNIT,risk_unit == 0 or non-finite,NQU22-CME,26241796,2022-08-22 19:29:25.267037+00:00,12904.25,{'stop_loss_price': 12904.25}
INVALID_RISK_UNIT,risk_unit == 0 or non-finite,NQU22-CME,26241797,2022-08-22 19:29:25.267038+00:00,12904.25,{'stop_loss_price': 12904.25}
INVALID_RISK_UNIT,risk_unit == 0 or non-finite,NQU22-CME,26245441,2022-08-22 19:32:47.972000+00:00,12894.5,{'stop_loss_price': 12894.5}
INVALID_RISK_UNIT,risk_unit == 0 or non-finite,NQU22-CME,26276225,2022-08-22 19:54:59.030000+00:00,12901.75,{'stop_loss_price': 12901.75}
INVALID_RISK_UNIT,risk_unit == 0 or non-finite,NQU22-CME,26276226,2022-08-22 19:54:59.041000+00:00,12901.75,{'stop_loss_price': 12901.75}
INVALID_RISK_UNIT,risk_unit == 0 or non-finite,NQU22-CME,26276227,2022-08-22 19:54:59.041001+00:00,12901.75,{'stop_loss_price': 12901.75}
INVALID_RISK_UNIT,risk_unit == 0 or non-finite,NQU22-CME,26276228,2022-08-22 19:54:59.041002+00:00,12901.75,{'stop_loss_price': 12901.75}
INVALID_RISK_UNIT,risk_unit == 0 or non-finite,NQU22-CME,26276229,2022-08-22 19:54:59.041003+00:00,12901.75,{'stop_loss_price': 12901.75}
INVALID_RISK_UNIT,risk_unit == 0 or non-finite,NQU22-CME,26276230,2022-08-22 19:54:59.042000+00:00,12901.75,{'stop_loss_price': 12901.75}
INVALID_RISK_UNIT,risk_unit == 0 or non-finite,NQU22-CME,26276231,2022-08-22 19:54:59.042001+00:00,12901.75,{'stop_loss_price': 12901.75}
INVALID_RISK_UNIT,risk_unit == 0 or non-finite,NQU22-CME,26276233,2022-08-22 19:54:59.065000+00:00,12901.75,{'stop_loss_price': 12901.75}
INVALID_RISK_UNIT,risk_unit == 0 or non-finite,NQU22-CME,26287910,2022-08-22 19:59:39.177000+00:00,12903.5,{'stop_loss_price': 12903.5}
INVALID_RISK_UNIT,risk_unit == 0 or non-finite,NQU22-CME,26287911,2022-08-22 19:59:39.177001+00:00,12903.5,{'stop_loss_price': 12903.5}
INVALID_RISK_UNIT,risk_unit == 0 or non-finite,NQU22-CME,26287912,2022-08-22 19:59:39.177002+00:00,12903.5,{'stop_loss_price': 12903.5}
INVALID_RISK_UNIT,risk_unit == 0 or non-finite,NQU22-CME,26287913,2022-08-22 19:59:39.177003+00:00,12903.5,{'stop_loss_price': 12903.5}
INVALID_RISK_UNIT,risk_unit == 0 or non-finite,NQU22-CME,26287915,2022-08-22 19:59:39.188001+00:00,12903.5,{'stop_loss_price': 12903.5}
INVALID_RISK_UNIT,risk_unit == 0 or non-finite,NQU22-CME,26339515,2022-08-23 06:50:36.261000+00:00,12846.75,{'stop_loss_price': 12846.75}
INVALID_RISK_UNIT,risk_unit == 0 or non-finite,NQU22-CME,26355331,2022-08-23 07:58:52.261000+00:00,12928.75,{'stop_loss_price': 12928.75}
INVALID_RISK_UNIT,risk_unit == 0 or non-finite,NQU22-CME,26390293,2022-08-23 12:27:07.108000+00:00,12929.0,{'stop_loss_price': 12929.0}
INVALID_RISK_UNIT,risk_unit == 0 or non-finite,NQU22-CME,26398879,2022-08-23 13:00:38.920000+00:00,12895.75,{'stop_loss_price': 12895.75}
INVALID_RISK_UNIT,risk_unit == 0 or non-finite,NQU22-CME,26399508,2022-08-23 13:01:28.696000+00:00,12888.5,{'stop_loss_price': 12888.5}
INVALID_RISK_UNIT,risk_unit == 0 or non-finite,NQU22-CME,26401618,2022-08-23 13:06:15.128003+00:00,12884.75,{'stop_loss_price': 12884.75}
INVALID_RISK_UNIT,risk_unit == 0 or non-finite,NQU22-CME,26401619,2022-08-23 13:06:15.128004+00:00,12884.75,{'stop_loss_price': 12884.75}
INVALID_RISK_UNIT,risk_unit == 0 or non-finite,NQU22-CME,26401629,2022-08-23 13:06:17.169000+00:00,12884.75,{'stop_loss_price': 12884.75}
INVALID_RISK_UNIT,risk_unit == 0 or non-finite,NQU22-CME,26401675,2022-08-23 13:06:31.301000+00:00,12883.75,{'stop_loss_price': 12883.75}
INVALID_RISK_UNIT,risk_unit == 0 or non-finite,NQU22-CME,26448681,2022-08-23 13:45:45.098000+00:00,12887.5,{'stop_loss_price': 12887.5}
INVALID_RISK_UNIT,risk_unit == 0 or non-finite,NQU22-CME,26493652,2022-08-23 14:07:41.473000+00:00,12967.75,{'stop_loss_price': 12967.75}
INVALID_RISK_UNIT,risk_unit == 0 or non-finite,NQU22-CME,26524506,2022-08-23 14:25:41.821000+00:00,12975.25,{'stop_loss_price': 12975.25}
INVALID_RISK_UNIT,risk_unit == 0 or non-finite,NQU22-CME,26529208,2022-08-23 14:29:05.982000+00:00,12965.25,{'stop_loss_price': 12965.25}
INVALID_RISK_UNIT,risk_unit == 0 or non-finite,NQU22-CME,26531169,2022-08-23 14:30:16.116000+00:00,12959.75,{'stop_loss_price': 12959.75}
INVALID_RISK_UNIT,risk_unit == 0 or non-finite,NQU22-CME,26531170,2022-08-23 14:30:16.187000+00:00,12959.75,{'stop_loss_price': 12959.75}
INVALID_RISK_UNIT,risk_unit == 0 or non-finite,NQU22-CME,26531218,2022-08-23 14:30:18.117000+00:00,12960.0,{'stop_loss_price': 12960.0}
INVALID_RISK_UNIT,risk_unit == 0 or non-finite,NQU22-CME,26557880,2022-08-23 14:51:15.776000+00:00,12956.25,{'stop_loss_price': 12956.25}
INVALID_RISK_UNIT,risk_unit == 0 or non-finite,NQU22-CME,26572198,2022-08-23 14:59:32.833000+00:00,12900.0,{'stop_loss_price': 12900.0}
INVALID_RISK_UNIT,risk_unit == 0 or non-finite,NQU22-CME,26582379,2022-08-23 15:06:28.518000+00:00,12895.0,{'stop_loss_price': 12895.0}
INVALID_RISK_UNIT,risk_unit == 0 or non-finite,NQU22-CME,26582380,2022-08-23 15:06:28.518001+00:00,12895.0,{'stop_loss_price': 12895.0}
INVALID_RISK_UNIT,risk_unit == 0 or non-finite,NQU22-CME,26582381,2022-08-23 15:06:28.518002+00:00,12895.0,{'stop_loss_price': 12895.0}
INVALID_RISK_UNIT,risk_unit == 0 or non-finite,NQU22-CME,26582382,2022-08-23 15:06:28.518003+00:00,12895.0,{'stop_loss_price': 12895.0}
INVALID_RISK_UNIT,risk_unit == 0 or non-finite,NQU22-CME,26582384,2022-08-23 15:06:28.529000+00:00,12895.0,{'stop_loss_price': 12895.0}
INVALID_RISK_UNIT,risk_unit == 0 or non-finite,NQU22-CME,26592348,2022-08-23 15:15:52.634000+00:00,12919.5,{'stop_loss_price': 12919.5}
INVALID_RISK_UNIT,risk_unit == 0 or non-finite,NQU22-CME,26596042,2022-08-23 15:19:00.455001+00:00,12930.25,{'stop_loss_price': 12930.25}
INVALID_RISK_UNIT,risk_unit == 0 or non-finite,NQU22-CME,26596043,2022-08-23 15:19:00.455002+00:00,12930.25,{'stop_loss_price': 12930.25}
INVALID_RISK_UNIT,risk_unit == 0 or non-finite,NQU22-CME,26596045,2022-08-23 15:19:00.518000+00:00,12930.25,{'stop_loss_price': 12930.25}
INVALID_RISK_UNIT,risk_unit == 0 or non-finite,NQU22-CME,26633690,2022-08-23 16:04:34.197000+00:00,12901.5,{'stop_loss_price': 12901.5}
INVALID_RISK_UNIT,risk_unit == 0 or non-finite,NQU22-CME,26633691,2022-08-23 16:04:34.197001+00:00,12901.5,{'stop_loss_price': 12901.5}
INVALID_RISK_UNIT,risk_unit == 0 or non-finite,NQU22-CME,26633693,2022-08-23 16:04:34.709000+00:00,12901.5,{'stop_loss_price': 12901.5}
INVALID_RISK_UNIT,risk_unit == 0 or non-finite,NQU22-CME,26637257,2022-08-23 16:09:51.835000+00:00,12920.75,{'stop_loss_price': 12920.75}
INVALID_RISK_UNIT,risk_unit == 0 or non-finite,NQU22-CME,26637258,2022-08-23 16:09:51.835001+00:00,12920.75,{'stop_loss_price': 12920.75}
INVALID_RISK_UNIT,risk_unit == 0 or non-finite,NQU22-CME,26637259,2022-08-23 16:09:51.836000+00:00,12920.75,{'stop_loss_price': 12920.75}
INVALID_RISK_UNIT,risk_unit == 0 or non-finite,NQU22-CME,26637260,2022-08-23 16:09:51.836001+00:00,12920.75,{'stop_loss_price': 12920.75}
INVALID_RISK_UNIT,risk_unit == 0 or non-finite,NQU22-CME,26653129,2022-08-23 16:33:06.813001+00:00,12897.5,{'stop_loss_price': 12897.5}
INVALID_RISK_UNIT,risk_unit == 0 or non-finite,NQU22-CME,26653130,2022-08-23 16:33:06.813002+00:00,12897.5,{'stop_loss_price': 12897.5}
INVALID_RISK_UNIT,risk_unit == 0 or non-finite,NQU22-CME,26653131,2022-08-23 16:33:06.813003+00:00,12897.5,{'stop_loss_price': 12897.5}
INVALID_RISK_UNIT,risk_unit == 0 or non-finite,NQU22-CME,26653132,2022-08-23 16:33:06.813004+00:00,12897.5,{'stop_loss_price': 12897.5}
INVALID_RISK_UNIT,risk_unit == 0 or non-finite,NQU22-CME,26653133,2022-08-23 16:33:06.813005+00:00,12897.5,{'stop_loss_price': 12897.5}
INVALID_RISK_UNIT,risk_unit == 0 or non-finite,NQU22-CME,26653134,2022-08-23 16:33:06.813006+00:00,12897.5,{'stop_loss_price': 12897.5}
INVALID_RISK_UNIT,risk_unit == 0 or non-finite,NQU22-CME,26672831,2022-08-23 16:57:33.533000+00:00,12935.25,{'stop_loss_price': 12935.25}
INVALID_RISK_UNIT,risk_unit == 0 or non-finite,NQU22-CME,26715338,2022-08-23 17:54:21.817000+00:00,12913.75,{'stop_loss_price': 12913.75}
INVALID_RISK_UNIT,risk_unit == 0 or non-finite,NQU22-CME,26715339,2022-08-23 17:54:21.817001+00:00,12913.75,{'stop_loss_price': 12913.75}
INVALID_RISK_UNIT,risk_unit == 0 or non-finite,NQU22-CME,26715340,2022-08-23 17:54:21.817002+00:00,12913.75,{'stop_loss_price': 12913.75}
INVALID_RISK_UNIT,risk_unit == 0 or non-finite,NQU22-CME,26715341,2022-08-23 17:54:21.826000+00:00,12913.75,{'stop_loss_price': 12913.75}
INVALID_RISK_UNIT,risk_unit == 0 or non-finite,NQU22-CME,26715342,2022-08-23 17:54:21.826001+00:00,12913.75,{'stop_loss_price': 12913.75}
INVALID_RISK_UNIT,risk_unit == 0 or non-finite,NQU22-CME,26742293,2022-08-23 18:44:20.736000+00:00,12944.25,{'stop_loss_price': 12944.25}
INVALID_RISK_UNIT,risk_unit == 0 or non-finite,NQU22-CME,26780733,2022-08-23 19:48:12.732000+00:00,12895.5,{'stop_loss_price': 12895.5}
INVALID_RISK_UNIT,risk_unit == 0 or non-finite,NQU22-CME,26785791,2022-08-23 19:52:08.862000+00:00,12886.0,{'stop_loss_price': 12886.0}
INVALID_RISK_UNIT,risk_unit == 0 or non-finite,NQU22-CME,26793040,2022-08-23 19:58:40.859000+00:00,12901.0,{'stop_loss_price': 12901.0}
INVALID_RISK_UNIT,risk_unit == 0 or non-finite,NQU22-CME,26793041,2022-08-23 19:58:41.207000+00:00,12901.0,{'stop_loss_price': 12901.0}
INVALID_RISK_UNIT,risk_unit == 0 or non-finite,NQU22-CME,26793042,2022-08-23 19:58:41.207001+00:00,12901.0,{'stop_loss_price': 12901.0}
INVALID_RISK_UNIT,risk_unit == 0 or non-finite,NQU22-CME,26793043,2022-08-23 19:58:41.207002+00:00,12901.0,{'stop_loss_price': 12901.0}
INVALID_RISK_UNIT,risk_unit == 0 or non-finite,NQU22-CME,26793044,2022-08-23 19:58:41.207003+00:00,12901.0,{'stop_loss_price': 12901.0}
INVALID_RISK_UNIT,risk_unit == 0 or non-finite,NQU22-CME,26793510,2022-08-23 19:59:00+00:00,12898.0,{'stop_loss_price': 12898.0}
INVALID_RISK_UNIT,risk_unit == 0 or non-finite,NQU22-CME,26793511,2022-08-23 19:59:00.000001+00:00,12898.0,{'stop_loss_price': 12898.0}
INVALID_RISK_UNIT,risk_unit == 0 or non-finite,NQU22-CME,26793512,2022-08-23 19:59:00.001000+00:00,12898.0,{'stop_loss_price': 12898.0}
INVALID_RISK_UNIT,risk_unit == 0 or non-finite,NQU22-CME,26793513,2022-08-23 19:59:00.002000+00:00,12898.0,{'stop_loss_price': 12898.0}
INVALID_RISK_UNIT,risk_unit == 0 or non-finite,NQU22-CME,26793514,2022-08-23 19:59:00.002001+00:00,12898.0,{'stop_loss_price': 12898.0}
INVALID_RISK_UNIT,risk_unit == 0 or non-finite,NQU22-CME,26793515,2022-08-23 19:59:00.007000+00:00,12898.0,{'stop_loss_price': 12898.0}
INVALID_RISK_UNIT,risk_unit == 0 or non-finite,NQU22-CME,26793516,2022-08-23 19:59:00.007001+00:00,12898.0,{'stop_loss_price': 12898.0}
INVALID_RISK_UNIT,risk_unit == 0 or non-finite,NQU22-CME,26793524,2022-08-23 19:59:00.008007+00:00,12898.0,{'stop_loss_price': 12898.0}
INVALID_RISK_UNIT,risk_unit == 0 or non-finite,NQU22-CME,26793525,2022-08-23 19:59:00.053000+00:00,12898.0,{'stop_loss_price': 12898.0}
INVALID_RISK_UNIT,risk_unit == 0 or non-finite,NQU22-CME,26793526,2022-08-23 19:59:00.054000+00:00,12898.0,{'stop_loss_price': 12898.0}
INVALID_RISK_UNIT,risk_unit == 0 or non-finite,NQU22-CME,26793527,2022-08-23 19:59:00.054001+00:00,12898.0,{'stop_loss_price': 12898.0}
INVALID_RISK_UNIT,risk_unit == 0 or non-finite,NQU22-CME,26793528,2022-08-23 19:59:00.054002+00:00,12898.0,{'stop_loss_price': 12898.0}
INVALID_RISK_UNIT,risk_unit == 0 or non-finite,NQU22-CME,26837857,2022-08-24 07:06:36.628000+00:00,12892.0,{'stop_loss_price': 12892.0}
INVALID_RISK_UNIT,risk_unit == 0 or non-finite,NQU22-CME,26847388,2022-08-24 07:49:10.986002+00:00,12869.0,{'stop_loss_price': 12869.0}
INVALID_RISK_UNIT,risk_unit == 0 or non-finite,NQU22-CME,26848415,2022-08-24 07:56:48.522000+00:00,12853.0,{'stop_loss_price': 12853.0}
INVALID_RISK_UNIT,risk_unit == 0 or non-finite,NQU22-CME,26875316,2022-08-24 11:55:19.571000+00:00,12930.5,{'stop_loss_price': 12930.5}
INVALID_RISK_UNIT,risk_unit == 0 or non-finite,NQU22-CME,26883915,2022-08-24 12:41:06.407000+00:00,12903.75,{'stop_loss_price': 12903.75}
INVALID_RISK_UNIT,risk_unit == 0 or non-finite,NQU22-CME,26893399,2022-08-24 13:16:31.279000+00:00,12890.0,{'stop_loss_price': 12890.0}
INVALID_RISK_UNIT,risk_unit == 0 or non-finite,NQU22-CME,26893400,2022-08-24 13:16:31.279001+00:00,12890.0,{'stop_loss_price': 12890.0}
INVALID_RISK_UNIT,risk_unit == 0 or non-finite,NQU22-CME,26893401,2022-08-24 13:16:31.279002+00:00,12890.0,{'stop_loss_price': 12890.0}
INVALID_RISK_UNIT,risk_unit == 0 or non-finite,NQU22-CME,26893402,2022-08-24 13:16:31.279003+00:00,12890.0,{'stop_loss_price': 12890.0}
INVALID_RISK_UNIT,risk_unit == 0 or non-finite,NQU22-CME,26920270,2022-08-24 13:38:56.719000+00:00,12896.0,{'stop_loss_price': 12896.0}
INVALID_RISK_UNIT,risk_unit == 0 or non-finite,NQU22-CME,26946255,2022-08-24 13:56:00.703000+00:00,12887.25,{'stop_loss_price': 12887.25}
INVALID_RISK_UNIT,risk_unit == 0 or non-finite,NQU22-CME,26946256,2022-08-24 13:56:00.707000+00:00,12887.25,{'stop_loss_price': 12887.25}
INVALID_RISK_UNIT,risk_unit == 0 or non-finite,NQU22-CME,26946257,2022-08-24 13:56:01.064000+00:00,12887.25,{'stop_loss_price': 12887.25}
INVALID_RISK_UNIT,risk_unit == 0 or non-finite,NQU22-CME,26946258,2022-08-24 13:56:01.265000+00:00,12887.25,{'stop_loss_price': 12887.25}
INVALID_RISK_UNIT,risk_unit == 0 or non-finite,NQU22-CME,26948921,2022-08-24 13:58:46.119000+00:00,12903.0,{'stop_loss_price': 12903.0}
INVALID_RISK_UNIT,risk_unit == 0 or non-finite,NQU22-CME,26948922,2022-08-24 13:58:46.119001+00:00,12903.0,{'stop_loss_price': 12903.0}
INVALID_RISK_UNIT,risk_unit == 0 or non-finite,NQU22-CME,26948923,2022-08-24 13:58:46.119002+00:00,12903.0,{'stop_loss_price': 12903.0}
INVALID_RISK_UNIT,risk_unit == 0 or non-finite,NQU22-CME,26948926,2022-08-24 13:58:46.259000+00:00,12903.0,{'stop_loss_price': 12903.0}
INVALID_RISK_UNIT,risk_unit == 0 or non-finite,NQU22-CME,26958555,2022-08-24 14:04:16.971004+00:00,12891.75,{'stop_loss_price': 12891.75}
INVALID_RISK_UNIT,risk_unit == 0 or non-finite,NQU22-CME,26958556,2022-08-24 14:04:16.971005+00:00,12891.75,{'stop_loss_price': 12891.75}
INVALID_RISK_UNIT,risk_unit == 0 or non-finite,NQU22-CME,26958557,2022-08-24 14:04:16.971006+00:00,12891.75,{'stop_loss_price': 12891.75}
INVALID_RISK_UNIT,risk_unit == 0 or non-finite,NQU22-CME,26958558,2022-08-24 14:04:16.971007+00:00,12891.75,{'stop_loss_price': 12891.75}
INVALID_RISK_UNIT,risk_unit == 0 or non-finite,NQU22-CME,27011938,2022-08-24 14:49:44.981000+00:00,12920.5,{'stop_loss_price': 12920.5}
INVALID_RISK_UNIT,risk_unit == 0 or non-finite,NQU22-CME,27028563,2022-08-24 15:09:35.966000+00:00,12947.0,{'stop_loss_price': 12947.0}
INVALID_RISK_UNIT,risk_unit == 0 or non-finite,NQU22-CME,27028564,2022-08-24 15:09:35.966001+00:00,12947.0,{'stop_loss_price': 12947.0}
INVALID_RISK_UNIT,risk_unit == 0 or non-finite,NQU22-CME,27028565,2022-08-24 15:09:35.966002+00:00,12947.0,{'stop_loss_price': 12947.0}
INVALID_RISK_UNIT,risk_unit == 0 or non-finite,NQU22-CME,27028567,2022-08-24 15:09:35.968000+00:00,12947.0,{'stop_loss_price': 12947.0}
INVALID_RISK_UNIT,risk_unit == 0 or non-finite,NQU22-CME,27071407,2022-08-24 15:56:53.967000+00:00,12994.0,{'stop_loss_price': 12994.0}
INVALID_RISK_UNIT,risk_unit == 0 or non-finite,NQU22-CME,27079361,2022-08-24 16:09:22.503000+00:00,12999.0,{'stop_loss_price': 12999.0}
INVALID_RISK_UNIT,risk_unit == 0 or non-finite,NQU22-CME,27117533,2022-08-24 17:01:51.933010+00:00,12939.25,{'stop_loss_price': 12939.25}
INVALID_RISK_UNIT,risk_unit == 0 or non-finite,NQU22-CME,27117534,2022-08-24 17:01:51.933011+00:00,12939.25,{'stop_loss_price': 12939.25}
INVALID_RISK_UNIT,risk_unit == 0 or non-finite,NQU22-CME,27117535,2022-08-24 17:01:51.933012+00:00,12939.25,{'stop_loss_price': 12939.25}
INVALID_RISK_UNIT,risk_unit == 0 or non-finite,NQU22-CME,27117761,2022-08-24 17:02:00.924000+00:00,12941.0,{'stop_loss_price': 12941.0}
INVALID_RISK_UNIT,risk_unit == 0 or non-finite,NQU22-CME,27117762,2022-08-24 17:02:00.924001+00:00,12941.0,{'stop_loss_price': 12941.0}
INVALID_RISK_UNIT,risk_unit == 0 or non-finite,NQU22-CME,27127948,2022-08-24 17:18:11.498000+00:00,12945.75,{'stop_loss_price': 12945.75}
INVALID_RISK_UNIT,risk_unit == 0 or non-finite,NQU22-CME,27127949,2022-08-24 17:18:11.498001+00:00,12945.75,{'stop_loss_price': 12945.75}
INVALID_RISK_UNIT,risk_unit == 0 or non-finite,NQU22-CME,27127950,2022-08-24 17:18:11.498002+00:00,12945.75,{'stop_loss_price': 12945.75}
INVALID_RISK_UNIT,risk_unit == 0 or non-finite,NQU22-CME,27127951,2022-08-24 17:18:11.498003+00:00,12945.75,{'stop_loss_price': 12945.75}
INVALID_RISK_UNIT,risk_unit == 0 or non-finite,NQU22-CME,27129074,2022-08-24 17:20:38.284000+00:00,12943.5,{'stop_loss_price': 12943.5}
INVALID_RISK_UNIT,risk_unit == 0 or non-finite,NQU22-CME,27129075,2022-08-24 17:20:38.284001+00:00,12943.5,{'stop_loss_price': 12943.5}
INVALID_RISK_UNIT,risk_unit == 0 or non-finite,NQU22-CME,27129077,2022-08-24 17:20:38.320001+00:00,12943.5,{'stop_loss_price': 12943.5}
INVALID_RISK_UNIT,risk_unit == 0 or non-finite,NQU22-CME,27140281,2022-08-24 17:34:34.493000+00:00,12919.0,{'stop_loss_price': 12919.0}
INVALID_RISK_UNIT,risk_unit == 0 or non-finite,NQU22-CME,27144644,2022-08-24 17:43:35.227001+00:00,12928.25,{'stop_loss_price': 12928.25}
INVALID_RISK_UNIT,risk_unit == 0 or non-finite,NQU22-CME,27144645,2022-08-24 17:43:35.227002+00:00,12928.25,{'stop_loss_price': 12928.25}
INVALID_RISK_UNIT,risk_unit == 0 or non-finite,NQU22-CME,27144646,2022-08-24 17:43:35.227003+00:00,12928.25,{'stop_loss_price': 12928.25}
INVALID_RISK_UNIT,risk_unit == 0 or non-finite,NQU22-CME,27144647,2022-08-24 17:43:35.311000+00:00,12928.25,{'stop_loss_price': 12928.25}
INVALID_RISK_UNIT,risk_unit == 0 or non-finite,NQU22-CME,27144648,2022-08-24 17:43:35.311001+00:00,12928.25,{'stop_loss_price': 12928.25}
INVALID_RISK_UNIT,risk_unit == 0 or non-finite,NQU22-CME,27144649,2022-08-24 17:43:35.311002+00:00,12928.25,{'stop_loss_price': 12928.25}
INVALID_RISK_UNIT,risk_unit == 0 or non-finite,NQU22-CME,27215861,2022-08-24 19:50:42.639000+00:00,12952.5,{'stop_loss_price': 12952.5}
INVALID_RISK_UNIT,risk_unit == 0 or non-finite,NQU22-CME,27227942,2022-08-24 19:59:50.507000+00:00,12926.75,{'stop_loss_price': 12926.75}
INVALID_RISK_UNIT,risk_unit == 0 or non-finite,NQU22-CME,27227943,2022-08-24 19:59:50.507001+00:00,12926.75,{'stop_loss_price': 12926.75}
INVALID_RISK_UNIT,risk_unit == 0 or non-finite,NQU22-CME,27227944,2022-08-24 19:59:50.507002+00:00,12926.75,{'stop_loss_price': 12926.75}
INVALID_RISK_UNIT,risk_unit == 0 or non-finite,NQU22-CME,27227945,2022-08-24 19:59:50.507003+00:00,12926.75,{'stop_loss_price': 12926.75}
INVALID_RISK_UNIT,risk_unit == 0 or non-finite,NQU22-CME,27227947,2022-08-24 19:59:50.630000+00:00,12926.75,{'stop_loss_price': 12926.75}
INVALID_RISK_UNIT,risk_unit == 0 or non-finite,NQU22-CME,27232705,2022-08-24 20:05:00.588000+00:00,12941.5,{'stop_loss_price': 12941.5}
INVALID_RISK_UNIT,risk_unit == 0 or non-finite,NQU22-CME,27262371,2022-08-25 05:59:52.416000+00:00,12976.75,{'stop_loss_price': 12976.75}
INVALID_RISK_UNIT,risk_unit == 0 or non-finite,NQU22-CME,27277027,2022-08-25 07:11:38.208000+00:00,13060.25,{'stop_loss_price': 13060.25}
INVALID_RISK_UNIT,risk_unit == 0 or non-finite,NQU22-CME,27296140,2022-08-25 09:45:40.850000+00:00,13003.5,{'stop_loss_price': 13003.5}
INVALID_RISK_UNIT,risk_unit == 0 or non-finite,NQU22-CME,27324590,2022-08-25 12:51:46.168000+00:00,12996.25,{'stop_loss_price': 12996.25}
INVALID_RISK_UNIT,risk_unit == 0 or non-finite,NQU22-CME,27324591,2022-08-25 12:51:51.729000+00:00,12996.25,{'stop_loss_price': 12996.25}
INVALID_RISK_UNIT,risk_unit == 0 or non-finite,NQU22-CME,27324592,2022-08-25 12:51:51.729001+00:00,12996.25,{'stop_loss_price': 12996.25}
INVALID_RISK_UNIT,risk_unit == 0 or non-finite,NQU22-CME,27330718,2022-08-25 13:18:38.637000+00:00,13013.0,{'stop_loss_price': 13013.0}
INVALID_RISK_UNIT,risk_unit == 0 or non-finite,NQU22-CME,27330719,2022-08-25 13:18:38.637001+00:00,13013.0,{'stop_loss_price': 13013.0}
INVALID_RISK_UNIT,risk_unit == 0 or non-finite,NQU22-CME,27336032,2022-08-25 13:30:21.371000+00:00,13000.75,{'stop_loss_price': 13000.75}
INVALID_RISK_UNIT,risk_unit == 0 or non-finite,NQU22-CME,27336033,2022-08-25 13:30:21.371001+00:00,13000.75,{'stop_loss_price': 13000.75}
INVALID_RISK_UNIT,risk_unit == 0 or non-finite,NQU22-CME,27336034,2022-08-25 13:30:21.371002+00:00,13000.75,{'stop_loss_price': 13000.75}
INVALID_RISK_UNIT,risk_unit == 0 or non-finite,NQU22-CME,27339884,2022-08-25 13:31:20.426000+00:00,12992.75,{'stop_loss_price': 12992.75}
INVALID_RISK_UNIT,risk_unit == 0 or non-finite,NQU22-CME,27398423,2022-08-25 14:02:43.992000+00:00,13055.0,{'stop_loss_price': 13055.0}
INVALID_RISK_UNIT,risk_unit == 0 or non-finite,NQU22-CME,27415852,2022-08-25 14:16:35.866004+00:00,13071.25,{'stop_loss_price': 13071.25}
INVALID_RISK_UNIT,risk_unit == 0 or non-finite,NQU22-CME,27433751,2022-08-25 14:30:13.888000+00:00,13095.5,{'stop_loss_price': 13095.5}
INVALID_RISK_UNIT,risk_unit == 0 or non-finite,NQU22-CME,27433752,2022-08-25 14:30:13.888001+00:00,13095.5,{'stop_loss_price': 13095.5}
INVALID_RISK_UNIT,risk_unit == 0 or non-finite,NQU22-CME,27497362,2022-08-25 15:25:56.945000+00:00,13006.75,{'stop_loss_price': 13006.75}
INVALID_RISK_UNIT,risk_unit == 0 or non-finite,NQU22-CME,27520031,2022-08-25 15:52:21.565000+00:00,13035.0,{'stop_loss_price': 13035.0}
INVALID_RISK_UNIT,risk_unit == 0 or non-finite,NQU22-CME,27520032,2022-08-25 15:52:21.565001+00:00,13035.0,{'stop_loss_price': 13035.0}
INVALID_RISK_UNIT,risk_unit == 0 or non-finite,NQU22-CME,27520033,2022-08-25 15:52:21.565002+00:00,13035.0,{'stop_loss_price': 13035.0}
INVALID_RISK_UNIT,risk_unit == 0 or non-finite,NQU22-CME,27520034,2022-08-25 15:52:21.565003+00:00,13035.0,{'stop_loss_price': 13035.0}
INVALID_RISK_UNIT,risk_unit == 0 or non-finite,NQU22-CME,27520035,2022-08-25 15:52:21.566000+00:00,13035.0,{'stop_loss_price': 13035.0}
INVALID_RISK_UNIT,risk_unit == 0 or non-finite,NQU22-CME,27520137,2022-08-25 15:52:33.488000+00:00,13035.75,{'stop_loss_price': 13035.75}
INVALID_RISK_UNIT,risk_unit == 0 or non-finite,NQU22-CME,27520138,2022-08-25 15:52:33.616000+00:00,13035.75,{'stop_loss_price': 13035.75}
INVALID_RISK_UNIT,risk_unit == 0 or non-finite,NQU22-CME,27520139,2022-08-25 15:52:33.616001+00:00,13035.75,{'stop_loss_price': 13035.75}
INVALID_RISK_UNIT,risk_unit == 0 or non-finite,NQU22-CME,27520140,2022-08-25 15:52:33.618000+00:00,13035.75,{'stop_loss_price': 13035.75}
INVALID_RISK_UNIT,risk_unit == 0 or non-finite,NQU22-CME,27520141,2022-08-25 15:52:33.625000+00:00,13035.75,{'stop_loss_price': 13035.75}
INVALID_RISK_UNIT,risk_unit == 0 or non-finite,NQU22-CME,27533728,2022-08-25 16:09:41.453000+00:00,13041.0,{'stop_loss_price': 13041.0}
INVALID_RISK_UNIT,risk_unit == 0 or non-finite,NQU22-CME,27545469,2022-08-25 16:27:33.033000+00:00,13030.0,{'stop_loss_price': 13030.0}
INVALID_RISK_UNIT,risk_unit == 0 or non-finite,NQU22-CME,27580686,2022-08-25 17:26:41.056000+00:00,13052.75,{'stop_loss_price': 13052.75}
INVALID_RISK_UNIT,risk_unit == 0 or non-finite,NQU22-CME,27593890,2022-08-25 17:45:53.421000+00:00,13082.25,{'stop_loss_price': 13082.25}
INVALID_RISK_UNIT,risk_unit == 0 or non-finite,NQU22-CME,27593891,2022-08-25 17:45:53.421001+00:00,13082.25,{'stop_loss_price': 13082.25}
INVALID_RISK_UNIT,risk_unit == 0 or non-finite,NQU22-CME,27593892,2022-08-25 17:45:53.421002+00:00,13082.25,{'stop_loss_price': 13082.25}
INVALID_RISK_UNIT,risk_unit == 0 or non-finite,NQU22-CME,27607710,2022-08-25 18:06:18.780001+00:00,13073.25,{'stop_loss_price': 13073.25}
INVALID_RISK_UNIT,risk_unit == 0 or non-finite,NQU22-CME,27607711,2022-08-25 18:06:18.780002+00:00,13073.25,{'stop_loss_price': 13073.25}
INVALID_RISK_UNIT,risk_unit == 0 or non-finite,NQU22-CME,27607712,2022-08-25 18:06:18.780003+00:00,13073.25,{'stop_loss_price': 13073.25}
INVALID_RISK_UNIT,risk_unit == 0 or non-finite,NQU22-CME,27607713,2022-08-25 18:06:18.780004+00:00,13073.25,{'stop_loss_price': 13073.25}
INVALID_RISK_UNIT,risk_unit == 0 or non-finite,NQU22-CME,27607714,2022-08-25 18:06:18.780005+00:00,13073.25,{'stop_loss_price': 13073.25}
INVALID_RISK_UNIT,risk_unit == 0 or non-finite,NQU22-CME,27613704,2022-08-25 18:17:58.238000+00:00,13075.25,{'stop_loss_price': 13075.25}
INVALID_RISK_UNIT,risk_unit == 0 or non-finite,NQU22-CME,27626349,2022-08-25 18:44:17.412000+00:00,13054.75,{'stop_loss_price': 13054.75}
INVALID_RISK_UNIT,risk_unit == 0 or non-finite,NQU22-CME,27626350,2022-08-25 18:44:18.212000+00:00,13054.75,{'stop_loss_price': 13054.75}
INVALID_RISK_UNIT,risk_unit == 0 or non-finite,NQU22-CME,27642149,2022-08-25 19:11:59.041000+00:00,13059.0,{'stop_loss_price': 13059.0}
INVALID_RISK_UNIT,risk_unit == 0 or non-finite,NQU22-CME,27642150,2022-08-25 19:11:59.041001+00:00,13059.0,{'stop_loss_price': 13059.0}
INVALID_RISK_UNIT,risk_unit == 0 or non-finite,NQU22-CME,27642151,2022-08-25 19:11:59.042000+00:00,13059.0,{'stop_loss_price': 13059.0}
INVALID_RISK_UNIT,risk_unit == 0 or non-finite,NQU22-CME,27648825,2022-08-25 19:22:37.775002+00:00,13075.0,{'stop_loss_price': 13075.0}
INVALID_RISK_UNIT,risk_unit == 0 or non-finite,NQU22-CME,27648826,2022-08-25 19:22:37.775003+00:00,13075.0,{'stop_loss_price': 13075.0}
INVALID_RISK_UNIT,risk_unit == 0 or non-finite,NQU22-CME,27648832,2022-08-25 19:22:37.972000+00:00,13075.0,{'stop_loss_price': 13075.0}
INVALID_RISK_UNIT,risk_unit == 0 or non-finite,NQU22-CME,27667331,2022-08-25 19:43:17.713000+00:00,13121.25,{'stop_loss_price': 13121.25}
INVALID_RISK_UNIT,risk_unit == 0 or non-finite,NQU22-CME,27667332,2022-08-25 19:43:17.713001+00:00,13121.25,{'stop_loss_price': 13121.25}
INVALID_RISK_UNIT,risk_unit == 0 or non-finite,NQU22-CME,27667335,2022-08-25 19:43:17.813000+00:00,13121.25,{'stop_loss_price': 13121.25}
INVALID_RISK_UNIT,risk_unit == 0 or non-finite,NQU22-CME,27741245,2022-08-26 08:18:10.301000+00:00,13094.75,{'stop_loss_price': 13094.75}
INVALID_RISK_UNIT,risk_unit == 0 or non-finite,NQU22-CME,27744655,2022-08-26 08:52:16.505000+00:00,13105.25,{'stop_loss_price': 13105.25}
INVALID_RISK_UNIT,risk_unit == 0 or non-finite,NQU22-CME,27830392,2022-08-26 13:42:26.006000+00:00,13126.75,{'stop_loss_price': 13126.75}
INVALID_RISK_UNIT,risk_unit == 0 or non-finite,NQU22-CME,27841588,2022-08-26 13:51:15.617000+00:00,13086.5,{'stop_loss_price': 13086.5}
INVALID_RISK_UNIT,risk_unit == 0 or non-finite,NQU22-CME,27841589,2022-08-26 13:51:15.617001+00:00,13086.5,{'stop_loss_price': 13086.5}
INVALID_RISK_UNIT,risk_unit == 0 or non-finite,NQU22-CME,27886530,2022-08-26 14:09:05.726002+00:00,13066.75,{'stop_loss_price': 13066.75}
INVALID_RISK_UNIT,risk_unit == 0 or non-finite,NQU22-CME,27886531,2022-08-26 14:09:05.726003+00:00,13066.75,{'stop_loss_price': 13066.75}
INVALID_RISK_UNIT,risk_unit == 0 or non-finite,NQU22-CME,27926865,2022-08-26 14:23:07.329000+00:00,13041.5,{'stop_loss_price': 13041.5}
INVALID_RISK_UNIT,risk_unit == 0 or non-finite,NQU22-CME,27926866,2022-08-26 14:23:07.483000+00:00,13041.5,{'stop_loss_price': 13041.5}
INVALID_RISK_UNIT,risk_unit == 0 or non-finite,NQU22-CME,27926869,2022-08-26 14:23:07.550000+00:00,13041.5,{'stop_loss_price': 13041.5}
INVALID_RISK_UNIT,risk_unit == 0 or non-finite,NQU22-CME,27926870,2022-08-26 14:23:07.585000+00:00,13041.5,{'stop_loss_price': 13041.5}
INVALID_RISK_UNIT,risk_unit == 0 or non-finite,NQU22-CME,27934063,2022-08-26 14:26:59.158000+00:00,13007.0,{'stop_loss_price': 13007.0}
INVALID_RISK_UNIT,risk_unit == 0 or non-finite,NQU22-CME,27936588,2022-08-26 14:27:41.265000+00:00,12975.0,{'stop_loss_price': 12975.0}
INVALID_RISK_UNIT,risk_unit == 0 or non-finite,NQU22-CME,28049330,2022-08-26 15:31:00.896000+00:00,12825.0,{'stop_loss_price': 12825.0}
INVALID_RISK_UNIT,risk_unit == 0 or non-finite,NQU22-CME,28054509,2022-08-26 15:34:49.208000+00:00,12826.25,{'stop_loss_price': 12826.25}
INVALID_RISK_UNIT,risk_unit == 0 or non-finite,NQU22-CME,28054510,2022-08-26 15:34:49.208001+00:00,12826.25,{'stop_loss_price': 12826.25}
INVALID_RISK_UNIT,risk_unit == 0 or non-finite,NQU22-CME,28054511,2022-08-26 15:34:49.208002+00:00,12826.25,{'stop_loss_price': 12826.25}
INVALID_RISK_UNIT,risk_unit == 0 or non-finite,NQU22-CME,28055633,2022-08-26 15:35:56.989000+00:00,12823.25,{'stop_loss_price': 12823.25}
INVALID_RISK_UNIT,risk_unit == 0 or non-finite,NQU22-CME,28068734,2022-08-26 15:48:34.431000+00:00,12812.0,{'stop_loss_price': 12812.0}
INVALID_RISK_UNIT,risk_unit == 0 or non-finite,NQU22-CME,28070951,2022-08-26 15:51:03.868000+00:00,12830.5,{'stop_loss_price': 12830.5}
INVALID_RISK_UNIT,risk_unit == 0 or non-finite,NQU22-CME,28070952,2022-08-26 15:51:03.868001+00:00,12830.5,{'stop_loss_price': 12830.5}
INVALID_RISK_UNIT,risk_unit == 0 or non-finite,NQU22-CME,28072000,2022-08-26 15:52:19.702000+00:00,12818.75,{'stop_loss_price': 12818.75}
INVALID_RISK_UNIT,risk_unit == 0 or non-finite,NQU22-CME,28072001,2022-08-26 15:52:19.702001+00:00,12818.75,{'stop_loss_price': 12818.75}
INVALID_RISK_UNIT,risk_unit == 0 or non-finite,NQU22-CME,28072002,2022-08-26 15:52:19.703000+00:00,12818.75,{'stop_loss_price': 12818.75}
INVALID_RISK_UNIT,risk_unit == 0 or non-finite,NQU22-CME,28072009,2022-08-26 15:52:20.147000+00:00,12818.75,{'stop_loss_price': 12818.75}
INVALID_RISK_UNIT,risk_unit == 0 or non-finite,NQU22-CME,28073636,2022-08-26 15:53:50.729000+00:00,12836.5,{'stop_loss_price': 12836.5}
INVALID_RISK_UNIT,risk_unit == 0 or non-finite,NQU22-CME,28074983,2022-08-26 15:55:00.010000+00:00,12836.75,{'stop_loss_price': 12836.75}
INVALID_RISK_UNIT,risk_unit == 0 or non-finite,NQU22-CME,28103525,2022-08-26 16:23:34.239000+00:00,12767.5,{'stop_loss_price': 12767.5}
INVALID_RISK_UNIT,risk_unit == 0 or non-finite,NQU22-CME,28124433,2022-08-26 16:49:10.881000+00:00,12796.0,{'stop_loss_price': 12796.0}
INVALID_RISK_UNIT,risk_unit == 0 or non-finite,NQU22-CME,28185411,2022-08-26 18:08:10.244000+00:00,12742.25,{'stop_loss_price': 12742.25}
INVALID_RISK_UNIT,risk_unit == 0 or non-finite,NQU22-CME,28238432,2022-08-26 19:04:01.801000+00:00,12721.0,{'stop_loss_price': 12721.0}
INVALID_RISK_UNIT,risk_unit == 0 or non-finite,NQU22-CME,28238433,2022-08-26 19:04:01.801001+00:00,12721.0,{'stop_loss_price': 12721.0}
INVALID_RISK_UNIT,risk_unit == 0 or non-finite,NQU22-CME,28238434,2022-08-26 19:04:01.801002+00:00,12721.0,{'stop_loss_price': 12721.0}
INVALID_RISK_UNIT,risk_unit == 0 or non-finite,NQU22-CME,28238435,2022-08-26 19:04:01.801003+00:00,12721.0,{'stop_loss_price': 12721.0}
INVALID_RISK_UNIT,risk_unit == 0 or non-finite,NQU22-CME,28319850,2022-08-26 19:58:38.181008+00:00,12632.75,{'stop_loss_price': 12632.75}
INVALID_RISK_UNIT,risk_unit == 0 or non-finite,NQU22-CME,28340645,2022-08-26 20:05:16.972000+00:00,12601.25,{'stop_loss_price': 12601.25}
INVALID_RISK_UNIT,risk_unit == 0 or non-finite,NQU22-CME,28340646,2022-08-26 20:05:16.972001+00:00,12601.25,{'stop_loss_price': 12601.25}
INVALID_RISK_UNIT,risk_unit == 0 or non-finite,NQU22-CME,28340647,2022-08-26 20:05:16.972002+00:00,12601.25,{'stop_loss_price': 12601.25}
INVALID_RISK_UNIT,risk_unit == 0 or non-finite,NQU22-CME,28340648,2022-08-26 20:05:16.972003+00:00,12601.25,{'stop_loss_price': 12601.25}
INVALID_RISK_UNIT,risk_unit == 0 or non-finite,NQU22-CME,28340649,2022-08-26 20:05:16.972004+00:00,12601.25,{'stop_loss_price': 12601.25}
INVALID_RISK_UNIT,risk_unit == 0 or non-finite,NQU22-CME,28340650,2022-08-26 20:05:16.972005+00:00,12601.25,{'stop_loss_price': 12601.25}
INVALID_RISK_UNIT,risk_unit == 0 or non-finite,NQU22-CME,28374499,2022-08-29 00:12:12.442000+00:00,12427.75,{'stop_loss_price': 12427.75}
INVALID_RISK_UNIT,risk_unit == 0 or non-finite,NQU22-CME,28379025,2022-08-29 00:45:01.323000+00:00,12427.0,{'stop_loss_price': 12427.0}
INVALID_RISK_UNIT,risk_unit == 0 or non-finite,NQU22-CME,28379026,2022-08-29 00:45:01.323001+00:00,12427.0,{'stop_loss_price': 12427.0}
INVALID_RISK_UNIT,risk_unit == 0 or non-finite,NQU22-CME,28383435,2022-08-29 01:18:41.450000+00:00,12421.25,{'stop_loss_price': 12421.25}
INVALID_RISK_UNIT,risk_unit == 0 or non-finite,NQU22-CME,28401024,2022-08-29 04:25:06.241002+00:00,12466.0,{'stop_loss_price': 12466.0}
INVALID_RISK_UNIT,risk_unit == 0 or non-finite,NQU22-CME,28401025,2022-08-29 04:25:06.241003+00:00,12466.0,{'stop_loss_price': 12466.0}
INVALID_RISK_UNIT,risk_unit == 0 or non-finite,NQU22-CME,28401026,2022-08-29 04:25:12.362000+00:00,12466.0,{'stop_loss_price': 12466.0}
INVALID_RISK_UNIT,risk_unit == 0 or non-finite,NQU22-CME,28401027,2022-08-29 04:25:14.802000+00:00,12466.0,{'stop_loss_price': 12466.0}
INVALID_RISK_UNIT,risk_unit == 0 or non-finite,NQU22-CME,28405957,2022-08-29 05:48:33.364000+00:00,12453.75,{'stop_loss_price': 12453.75}
INVALID_RISK_UNIT,risk_unit == 0 or non-finite,NQU22-CME,28483284,2022-08-29 13:09:51.096008+00:00,12504.25,{'stop_loss_price': 12504.25}
INVALID_RISK_UNIT,risk_unit == 0 or non-finite,NQU22-CME,28518844,2022-08-29 13:37:00.705000+00:00,12592.0,{'stop_loss_price': 12592.0}
INVALID_RISK_UNIT,risk_unit == 0 or non-finite,NQU22-CME,28540369,2022-08-29 13:48:11.909000+00:00,12565.75,{'stop_loss_price': 12565.75}
INVALID_RISK_UNIT,risk_unit == 0 or non-finite,NQU22-CME,28540370,2022-08-29 13:48:12.736000+00:00,12565.75,{'stop_loss_price': 12565.75}
INVALID_RISK_UNIT,risk_unit == 0 or non-finite,NQU22-CME,28540371,2022-08-29 13:48:12.736001+00:00,12565.75,{'stop_loss_price': 12565.75}
INVALID_RISK_UNIT,risk_unit == 0 or non-finite,NQU22-CME,28547961,2022-08-29 13:52:37.040000+00:00,12561.5,{'stop_loss_price': 12561.5}
INVALID_RISK_UNIT,risk_unit == 0 or non-finite,NQU22-CME,28548696,2022-08-29 13:53:02.581000+00:00,12552.0,{'stop_loss_price': 12552.0}
INVALID_RISK_UNIT,risk_unit == 0 or non-finite,NQU22-CME,28572844,2022-08-29 14:06:33.013000+00:00,12535.0,{'stop_loss_price': 12535.0}
INVALID_RISK_UNIT,risk_unit == 0 or non-finite,NQU22-CME,28572845,2022-08-29 14:06:33.028000+00:00,12535.0,{'stop_loss_price': 12535.0}
INVALID_RISK_UNIT,risk_unit == 0 or non-finite,NQU22-CME,28572846,2022-08-29 14:06:33.032000+00:00,12535.0,{'stop_loss_price': 12535.0}
INVALID_RISK_UNIT,risk_unit == 0 or non-finite,NQU22-CME,28572862,2022-08-29 14:06:33.343001+00:00,12535.0,{'stop_loss_price': 12535.0}
INVALID_RISK_UNIT,risk_unit == 0 or non-finite,NQU22-CME,28616219,2022-08-29 14:33:05.497000+00:00,12559.0,{'stop_loss_price': 12559.0}
INVALID_RISK_UNIT,risk_unit == 0 or non-finite,NQU22-CME,28679397,2022-08-29 15:17:31.202000+00:00,12465.5,{'stop_loss_price': 12465.5}
INVALID_RISK_UNIT,risk_unit == 0 or non-finite,NQU22-CME,28679398,2022-08-29 15:17:31.202001+00:00,12465.5,{'stop_loss_price': 12465.5}
INVALID_RISK_UNIT,risk_unit == 0 or non-finite,NQU22-CME,28714089,2022-08-29 15:45:32.740000+00:00,12466.75,{'stop_loss_price': 12466.75}
INVALID_RISK_UNIT,risk_unit == 0 or non-finite,NQU22-CME,28714090,2022-08-29 15:45:32.740001+00:00,12466.75,{'stop_loss_price': 12466.75}
INVALID_RISK_UNIT,risk_unit == 0 or non-finite,NQU22-CME,28729880,2022-08-29 16:01:36.028000+00:00,12519.0,{'stop_loss_price': 12519.0}
INVALID_RISK_UNIT,risk_unit == 0 or non-finite,NQU22-CME,28824506,2022-08-29 17:40:51.925002+00:00,12563.5,{'stop_loss_price': 12563.5}
INVALID_RISK_UNIT,risk_unit == 0 or non-finite,NQU22-CME,28824507,2022-08-29 17:40:51.925003+00:00,12563.5,{'stop_loss_price': 12563.5}
INVALID_RISK_UNIT,risk_unit == 0 or non-finite,NQU22-CME,28824508,2022-08-29 17:40:51.925004+00:00,12563.5,{'stop_loss_price': 12563.5}
INVALID_RISK_UNIT,risk_unit == 0 or non-finite,NQU22-CME,28824509,2022-08-29 17:40:51.925005+00:00,12563.5,{'stop_loss_price': 12563.5}
INVALID_RISK_UNIT,risk_unit == 0 or non-finite,NQU22-CME,28824510,2022-08-29 17:40:51.925006+00:00,12563.5,{'stop_loss_price': 12563.5}
INVALID_RISK_UNIT,risk_unit == 0 or non-finite,NQU22-CME,28825310,2022-08-29 17:42:22.182000+00:00,12575.75,{'stop_loss_price': 12575.75}
INVALID_RISK_UNIT,risk_unit == 0 or non-finite,NQU22-CME,28832682,2022-08-29 17:48:56.052000+00:00,12575.5,{'stop_loss_price': 12575.5}
INVALID_RISK_UNIT,risk_unit == 0 or non-finite,NQU22-CME,28859597,2022-08-29 18:28:54.118000+00:00,12544.25,{'stop_loss_price': 12544.25}
INVALID_RISK_UNIT,risk_unit == 0 or non-finite,NQU22-CME,28862429,2022-08-29 18:33:12.168000+00:00,12558.5,{'stop_loss_price': 12558.5}
INVALID_RISK_UNIT,risk_unit == 0 or non-finite,NQU22-CME,28867724,2022-08-29 18:41:04.919000+00:00,12563.5,{'stop_loss_price': 12563.5}
INVALID_RISK_UNIT,risk_unit == 0 or non-finite,NQU22-CME,28871714,2022-08-29 18:47:38.670000+00:00,12564.25,{'stop_loss_price': 12564.25}
INVALID_RISK_UNIT,risk_unit == 0 or non-finite,NQU22-CME,28871715,2022-08-29 18:47:38.670001+00:00,12564.25,{'stop_loss_price': 12564.25}
INVALID_RISK_UNIT,risk_unit == 0 or non-finite,NQU22-CME,28875240,2022-08-29 18:55:11.012000+00:00,12544.5,{'stop_loss_price': 12544.5}
INVALID_RISK_UNIT,risk_unit == 0 or non-finite,NQU22-CME,28886030,2022-08-29 19:02:51.447000+00:00,12591.25,{'stop_loss_price': 12591.25}
INVALID_RISK_UNIT,risk_unit == 0 or non-finite,NQU22-CME,28886031,2022-08-29 19:02:51.447001+00:00,12591.25,{'stop_loss_price': 12591.25}
INVALID_RISK_UNIT,risk_unit == 0 or non-finite,NQU22-CME,28922350,2022-08-29 19:47:24.076000+00:00,12550.0,{'stop_loss_price': 12550.0}
INVALID_RISK_UNIT,risk_unit == 0 or non-finite,NQU22-CME,28953476,2022-08-29 20:11:33.697012+00:00,12490.25,{'stop_loss_price': 12490.25}
INVALID_RISK_UNIT,risk_unit == 0 or non-finite,NQU22-CME,28953477,2022-08-29 20:11:33.697013+00:00,12490.25,{'stop_loss_price': 12490.25}
INVALID_RISK_UNIT,risk_unit == 0 or non-finite,NQU22-CME,28953478,2022-08-29 20:11:33.697014+00:00,12490.25,{'stop_loss_price': 12490.25}
INVALID_RISK_UNIT,risk_unit == 0 or non-finite,NQU22-CME,28953479,2022-08-29 20:11:33.697015+00:00,12490.25,{'stop_loss_price': 12490.25}
INVALID_RISK_UNIT,risk_unit == 0 or non-finite,NQU22-CME,28953480,2022-08-29 20:11:33.697016+00:00,12490.25,{'stop_loss_price': 12490.25}
INVALID_RISK_UNIT,risk_unit == 0 or non-finite,NQU22-CME,28976242,2022-08-30 02:29:31.833000+00:00,12496.0,{'stop_loss_price': 12496.0}
INVALID_RISK_UNIT,risk_unit == 0 or non-finite,NQU22-CME,28977281,2022-08-30 02:50:38.663002+00:00,12508.5,{'stop_loss_price': 12508.5}
INVALID_RISK_UNIT,risk_unit == 0 or non-finite,NQU22-CME,28977282,2022-08-30 02:50:38.793000+00:00,12508.5,{'stop_loss_price': 12508.5}
INVALID_RISK_UNIT,risk_unit == 0 or non-finite,NQU22-CME,28977283,2022-08-30 02:50:39.106000+00:00,12508.5,{'stop_loss_price': 12508.5}
INVALID_RISK_UNIT,risk_unit == 0 or non-finite,NQU22-CME,29035058,2022-08-30 11:00:32.397000+00:00,12628.25,{'stop_loss_price': 12628.25}
INVALID_RISK_UNIT,risk_unit == 0 or non-finite,NQU22-CME,29042091,2022-08-30 11:52:45.625000+00:00,12609.25,{'stop_loss_price': 12609.25}
INVALID_RISK_UNIT,risk_unit == 0 or non-finite,NQU22-CME,29074341,2022-08-30 13:30:35.067002+00:00,12548.5,{'stop_loss_price': 12548.5}
INVALID_RISK_UNIT,risk_unit == 0 or non-finite,NQU22-CME,29074342,2022-08-30 13:30:35.067003+00:00,12548.5,{'stop_loss_price': 12548.5}
INVALID_RISK_UNIT,risk_unit == 0 or non-finite,NQU22-CME,29074343,2022-08-30 13:30:35.067004+00:00,12548.5,{'stop_loss_price': 12548.5}
INVALID_RISK_UNIT,risk_unit == 0 or non-finite,NQU22-CME,29084489,2022-08-30 13:33:54.776000+00:00,12575.5,{'stop_loss_price': 12575.5}
INVALID_RISK_UNIT,risk_unit == 0 or non-finite,NQU22-CME,29137864,2022-08-30 13:56:13.140001+00:00,12475.0,{'stop_loss_price': 12475.0}
INVALID_RISK_UNIT,risk_unit == 0 or non-finite,NQU22-CME,29137865,2022-08-30 13:56:13.140002+00:00,12475.0,{'stop_loss_price': 12475.0}
INVALID_RISK_UNIT,risk_unit == 0 or non-finite,NQU22-CME,29166578,2022-08-30 14:08:07.092000+00:00,12420.25,{'stop_loss_price': 12420.25}
INVALID_RISK_UNIT,risk_unit == 0 or non-finite,NQU22-CME,29173297,2022-08-30 14:12:07.610000+00:00,12412.75,{'stop_loss_price': 12412.75}
INVALID_RISK_UNIT,risk_unit == 0 or non-finite,NQU22-CME,29198262,2022-08-30 14:25:38.526000+00:00,12397.25,{'stop_loss_price': 12397.25}
INVALID_RISK_UNIT,risk_unit == 0 or non-finite,NQU22-CME,29203316,2022-08-30 14:28:40.530000+00:00,12404.25,{'stop_loss_price': 12404.25}
INVALID_RISK_UNIT,risk_unit == 0 or non-finite,NQU22-CME,29243531,2022-08-30 14:44:49.497000+00:00,12300.75,{'stop_loss_price': 12300.75}
INVALID_RISK_UNIT,risk_unit == 0 or non-finite,NQU22-CME,29264168,2022-08-30 14:52:16.902000+00:00,12307.25,{'stop_loss_price': 12307.25}
INVALID_RISK_UNIT,risk_unit == 0 or non-finite,NQU22-CME,29284122,2022-08-30 15:00:50.106000+00:00,12360.25,{'stop_loss_price': 12360.25}
INVALID_RISK_UNIT,risk_unit == 0 or non-finite,NQU22-CME,29284123,2022-08-30 15:00:50.106001+00:00,12360.25,{'stop_loss_price': 12360.25}
INVALID_RISK_UNIT,risk_unit == 0 or non-finite,NQU22-CME,29284124,2022-08-30 15:00:50.106002+00:00,12360.25,{'stop_loss_price': 12360.25}
INVALID_RISK_UNIT,risk_unit == 0 or non-finite,NQU22-CME,29284125,2022-08-30 15:00:50.106003+00:00,12360.25,{'stop_loss_price': 12360.25}
INVALID_RISK_UNIT,risk_unit == 0 or non-finite,NQU22-CME,29284126,2022-08-30 15:00:50.106004+00:00,12360.25,{'stop_loss_price': 12360.25}
INVALID_RISK_UNIT,risk_unit == 0 or non-finite,NQU22-CME,29284127,2022-08-30 15:00:50.107000+00:00,12360.25,{'stop_loss_price': 12360.25}
INVALID_RISK_UNIT,risk_unit == 0 or non-finite,NQU22-CME,29284128,2022-08-30 15:00:50.107001+00:00,12360.25,{'stop_loss_price': 12360.25}
INVALID_RISK_UNIT,risk_unit == 0 or non-finite,NQU22-CME,29284129,2022-08-30 15:00:50.107002+00:00,12360.25,{'stop_loss_price': 12360.25}
INVALID_RISK_UNIT,risk_unit == 0 or non-finite,NQU22-CME,29284130,2022-08-30 15:00:50.107003+00:00,12360.25,{'stop_loss_price': 12360.25}
INVALID_RISK_UNIT,risk_unit == 0 or non-finite,NQU22-CME,29331866,2022-08-30 15:27:03.280000+00:00,12355.5,{'stop_loss_price': 12355.5}
INVALID_RISK_UNIT,risk_unit == 0 or non-finite,NQU22-CME,29334387,2022-08-30 15:28:24.741000+00:00,12355.5,{'stop_loss_price': 12355.5}
INVALID_RISK_UNIT,risk_unit == 0 or non-finite,NQU22-CME,29341340,2022-08-30 15:34:00.296000+00:00,12352.0,{'stop_loss_price': 12352.0}
INVALID_RISK_UNIT,risk_unit == 0 or non-finite,NQU22-CME,29368171,2022-08-30 15:55:23.488000+00:00,12347.0,{'stop_loss_price': 12347.0}
INVALID_RISK_UNIT,risk_unit == 0 or non-finite,NQU22-CME,29402273,2022-08-30 16:30:10.382000+00:00,12346.5,{'stop_loss_price': 12346.5}
INVALID_RISK_UNIT,risk_unit == 0 or non-finite,NQU22-CME,29402274,2022-08-30 16:30:10.382001+00:00,12346.5,{'stop_loss_price': 12346.5}
INVALID_RISK_UNIT,risk_unit == 0 or non-finite,NQU22-CME,29402275,2022-08-30 16:30:10.382002+00:00,12346.5,{'stop_loss_price': 12346.5}
INVALID_RISK_UNIT,risk_unit == 0 or non-finite,NQU22-CME,29402276,2022-08-30 16:30:10.382003+00:00,12346.5,{'stop_loss_price': 12346.5}
INVALID_RISK_UNIT,risk_unit == 0 or non-finite,NQU22-CME,29408245,2022-08-30 16:36:34.382002+00:00,12322.0,{'stop_loss_price': 12322.0}
INVALID_RISK_UNIT,risk_unit == 0 or non-finite,NQU22-CME,29408246,2022-08-30 16:36:34.382003+00:00,12322.0,{'stop_loss_price': 12322.0}
INVALID_RISK_UNIT,risk_unit == 0 or non-finite,NQU22-CME,29408247,2022-08-30 16:36:34.382004+00:00,12322.0,{'stop_loss_price': 12322.0}
INVALID_RISK_UNIT,risk_unit == 0 or non-finite,NQU22-CME,29408248,2022-08-30 16:36:34.382005+00:00,12322.0,{'stop_loss_price': 12322.0}
INVALID_RISK_UNIT,risk_unit == 0 or non-finite,NQU22-CME,29427009,2022-08-30 16:54:41.486000+00:00,12320.75,{'stop_loss_price': 12320.75}
INVALID_RISK_UNIT,risk_unit == 0 or non-finite,NQU22-CME,29427010,2022-08-30 16:54:41.487000+00:00,12320.75,{'stop_loss_price': 12320.75}
INVALID_RISK_UNIT,risk_unit == 0 or non-finite,NQU22-CME,29444111,2022-08-30 17:11:58.029000+00:00,12287.25,{'stop_loss_price': 12287.25}
INVALID_RISK_UNIT,risk_unit == 0 or non-finite,NQU22-CME,29444112,2022-08-30 17:11:58.029001+00:00,12287.25,{'stop_loss_price': 12287.25}
INVALID_RISK_UNIT,risk_unit == 0 or non-finite,NQU22-CME,29444113,2022-08-30 17:11:58.029002+00:00,12287.25,{'stop_loss_price': 12287.25}
INVALID_RISK_UNIT,risk_unit == 0 or non-finite,NQU22-CME,29468679,2022-08-30 17:37:24.130000+00:00,12272.75,{'stop_loss_price': 12272.75}
INVALID_RISK_UNIT,risk_unit == 0 or non-finite,NQU22-CME,29481790,2022-08-30 17:47:52.300000+00:00,12275.25,{'stop_loss_price': 12275.25}
INVALID_RISK_UNIT,risk_unit == 0 or non-finite,NQU22-CME,29503133,2022-08-30 18:07:08.496000+00:00,12319.0,{'stop_loss_price': 12319.0}
INVALID_RISK_UNIT,risk_unit == 0 or non-finite,NQU22-CME,29510387,2022-08-30 18:16:36.940000+00:00,12307.25,{'stop_loss_price': 12307.25}
INVALID_RISK_UNIT,risk_unit == 0 or non-finite,NQU22-CME,29526022,2022-08-30 18:32:25.888000+00:00,12307.0,{'stop_loss_price': 12307.0}
INVALID_RISK_UNIT,risk_unit == 0 or non-finite,NQU22-CME,29536514,2022-08-30 18:45:58.595000+00:00,12289.5,{'stop_loss_price': 12289.5}
INVALID_RISK_UNIT,risk_unit == 0 or non-finite,NQU22-CME,29543182,2022-08-30 18:56:08.979000+00:00,12294.5,{'stop_loss_price': 12294.5}
INVALID_RISK_UNIT,risk_unit == 0 or non-finite,NQU22-CME,29551469,2022-08-30 19:02:34.544000+00:00,12334.5,{'stop_loss_price': 12334.5}
INVALID_RISK_UNIT,risk_unit == 0 or non-finite,NQU22-CME,29608856,2022-08-30 19:48:30.234000+00:00,12316.25,{'stop_loss_price': 12316.25}
INVALID_RISK_UNIT,risk_unit == 0 or non-finite,NQU22-CME,29619362,2022-08-30 19:54:30.203000+00:00,12318.5,{'stop_loss_price': 12318.5}
INVALID_RISK_UNIT,risk_unit == 0 or non-finite,NQU22-CME,29619363,2022-08-30 19:54:30.203001+00:00,12318.5,{'stop_loss_price': 12318.5}
INVALID_RISK_UNIT,risk_unit == 0 or non-finite,NQU22-CME,29619365,2022-08-30 19:54:30.203003+00:00,12318.5,{'stop_loss_price': 12318.5}
INVALID_RISK_UNIT,risk_unit == 0 or non-finite,NQU22-CME,29645355,2022-08-30 20:10:25.592008+00:00,12359.0,{'stop_loss_price': 12359.0}
INVALID_RISK_UNIT,risk_unit == 0 or non-finite,NQU22-CME,29645356,2022-08-30 20:10:25.592009+00:00,12359.0,{'stop_loss_price': 12359.0}
INVALID_RISK_UNIT,risk_unit == 0 or non-finite,NQU22-CME,29645357,2022-08-30 20:10:25.592010+00:00,12359.0,{'stop_loss_price': 12359.0}
INVALID_RISK_UNIT,risk_unit == 0 or non-finite,NQU22-CME,29645358,2022-08-30 20:10:25.592011+00:00,12359.0,{'stop_loss_price': 12359.0}
INVALID_RISK_UNIT,risk_unit == 0 or non-finite,NQU22-CME,29645359,2022-08-30 20:10:25.592012+00:00,12359.0,{'stop_loss_price': 12359.0}
INVALID_RISK_UNIT,risk_unit == 0 or non-finite,NQU22-CME,29645360,2022-08-30 20:10:25.592013+00:00,12359.0,{'stop_loss_price': 12359.0}
INVALID_RISK_UNIT,risk_unit == 0 or non-finite,NQU22-CME,29664259,2022-08-31 01:46:04.936000+00:00,12417.25,{'stop_loss_price': 12417.25}
INVALID_RISK_UNIT,risk_unit == 0 or non-finite,NQU22-CME,29664260,2022-08-31 01:46:04.937000+00:00,12417.25,{'stop_loss_price': 12417.25}
INVALID_RISK_UNIT,risk_unit == 0 or non-finite,NQU22-CME,29694379,2022-08-31 07:46:37.099000+00:00,12392.25,{'stop_loss_price': 12392.25}
INVALID_RISK_UNIT,risk_unit == 0 or non-finite,NQU22-CME,29694380,2022-08-31 07:46:37.835000+00:00,12392.25,{'stop_loss_price': 12392.25}
INVALID_RISK_UNIT,risk_unit == 0 or non-finite,NQU22-CME,29694381,2022-08-31 07:46:40.285000+00:00,12392.25,{'stop_loss_price': 12392.25}
INVALID_RISK_UNIT,risk_unit == 0 or non-finite,NQU22-CME,29694382,2022-08-31 07:46:41.675000+00:00,12392.25,{'stop_loss_price': 12392.25}
INVALID_RISK_UNIT,risk_unit == 0 or non-finite,NQU22-CME,29701244,2022-08-31 08:22:05.832000+00:00,12386.25,{'stop_loss_price': 12386.25}
INVALID_RISK_UNIT,risk_unit == 0 or non-finite,NQU22-CME,29783423,2022-08-31 13:32:09.583003+00:00,12440.75,{'stop_loss_price': 12440.75}
INVALID_RISK_UNIT,risk_unit == 0 or non-finite,NQU22-CME,29783424,2022-08-31 13:32:09.583004+00:00,12440.75,{'stop_loss_price': 12440.75}
INVALID_RISK_UNIT,risk_unit == 0 or non-finite,NQU22-CME,29783425,2022-08-31 13:32:09.583005+00:00,12440.75,{'stop_loss_price': 12440.75}
INVALID_RISK_UNIT,risk_unit == 0 or non-finite,NQU22-CME,29788468,2022-08-31 13:33:58.446000+00:00,12434.25,{'stop_loss_price': 12434.25}
INVALID_RISK_UNIT,risk_unit == 0 or non-finite,NQU22-CME,29818681,2022-08-31 13:45:18.515000+00:00,12477.0,{'stop_loss_price': 12477.0}
INVALID_RISK_UNIT,risk_unit == 0 or non-finite,NQU22-CME,29866343,2022-08-31 14:07:32.015000+00:00,12443.25,{'stop_loss_price': 12443.25}
INVALID_RISK_UNIT,risk_unit == 0 or non-finite,NQU22-CME,29891506,2022-08-31 14:23:02.331013+00:00,12413.75,{'stop_loss_price': 12413.75}
INVALID_RISK_UNIT,risk_unit == 0 or non-finite,NQU22-CME,29891507,2022-08-31 14:23:02.331014+00:00,12413.75,{'stop_loss_price': 12413.75}
INVALID_RISK_UNIT,risk_unit == 0 or non-finite,NQU22-CME,29891508,2022-08-31 14:23:02.331015+00:00,12413.75,{'stop_loss_price': 12413.75}
INVALID_RISK_UNIT,risk_unit == 0 or non-finite,NQU22-CME,29891510,2022-08-31 14:23:02.416000+00:00,12413.75,{'stop_loss_price': 12413.75}
INVALID_RISK_UNIT,risk_unit == 0 or non-finite,NQU22-CME,29891723,2022-08-31 14:23:06.418000+00:00,12406.25,{'stop_loss_price': 12406.25}
INVALID_RISK_UNIT,risk_unit == 0 or non-finite,NQU22-CME,29891724,2022-08-31 14:23:06.418001+00:00,12406.25,{'stop_loss_price': 12406.25}
INVALID_RISK_UNIT,risk_unit == 0 or non-finite,NQU22-CME,29894863,2022-08-31 14:25:09.799000+00:00,12409.0,{'stop_loss_price': 12409.0}
INVALID_RISK_UNIT,risk_unit == 0 or non-finite,NQU22-CME,29909869,2022-08-31 14:34:24.173000+00:00,12384.5,{'stop_loss_price': 12384.5}
INVALID_RISK_UNIT,risk_unit == 0 or non-finite,NQU22-CME,29909870,2022-08-31 14:34:24.173001+00:00,12384.5,{'stop_loss_price': 12384.5}
INVALID_RISK_UNIT,risk_unit == 0 or non-finite,NQU22-CME,29912423,2022-08-31 14:36:10.352006+00:00,12399.0,{'stop_loss_price': 12399.0}
INVALID_RISK_UNIT,risk_unit == 0 or non-finite,NQU22-CME,29912424,2022-08-31 14:36:10.352007+00:00,12399.0,{'stop_loss_price': 12399.0}
INVALID_RISK_UNIT,risk_unit == 0 or non-finite,NQU22-CME,29928543,2022-08-31 14:46:32.982002+00:00,12382.0,{'stop_loss_price': 12382.0}
INVALID_RISK_UNIT,risk_unit == 0 or non-finite,NQU22-CME,29928544,2022-08-31 14:46:32.982003+00:00,12382.0,{'stop_loss_price': 12382.0}
INVALID_RISK_UNIT,risk_unit == 0 or non-finite,NQU22-CME,29948276,2022-08-31 15:01:32.782004+00:00,12335.5,{'stop_loss_price': 12335.5}
INVALID_RISK_UNIT,risk_unit == 0 or non-finite,NQU22-CME,29948277,2022-08-31 15:01:32.782005+00:00,12335.5,{'stop_loss_price': 12335.5}
INVALID_RISK_UNIT,risk_unit == 0 or non-finite,NQU22-CME,29948278,2022-08-31 15:01:32.782006+00:00,12335.5,{'stop_loss_price': 12335.5}
INVALID_RISK_UNIT,risk_unit == 0 or non-finite,NQU22-CME,29948279,2022-08-31 15:01:32.782007+00:00,12335.5,{'stop_loss_price': 12335.5}
INVALID_RISK_UNIT,risk_unit == 0 or non-finite,NQU22-CME,29995189,2022-08-31 15:38:02.881000+00:00,12370.0,{'stop_loss_price': 12370.0}
INVALID_RISK_UNIT,risk_unit == 0 or non-finite,NQU22-CME,29995190,2022-08-31 15:38:02.881001+00:00,12370.0,{'stop_loss_price': 12370.0}
INVALID_RISK_UNIT,risk_unit == 0 or non-finite,NQU22-CME,29995191,2022-08-31 15:38:02.881002+00:00,12370.0,{'stop_loss_price': 12370.0}
INVALID_RISK_UNIT,risk_unit == 0 or non-finite,NQU22-CME,30047399,2022-08-31 16:47:16.975002+00:00,12348.75,{'stop_loss_price': 12348.75}
INVALID_RISK_UNIT,risk_unit == 0 or non-finite,NQU22-CME,30047400,2022-08-31 16:47:16.975003+00:00,12348.75,{'stop_loss_price': 12348.75}
INVALID_RISK_UNIT,risk_unit == 0 or non-finite,NQU22-CME,30067454,2022-08-31 17:18:10.228000+00:00,12337.25,{'stop_loss_price': 12337.25}
INVALID_RISK_UNIT,risk_unit == 0 or non-finite,NQU22-CME,30136674,2022-08-31 18:43:19.259000+00:00,12285.25,{'stop_loss_price': 12285.25}
INVALID_RISK_UNIT,risk_unit == 0 or non-finite,NQU22-CME,30145093,2022-08-31 18:52:21.650003+00:00,12295.25,{'stop_loss_price': 12295.25}
INVALID_RISK_UNIT,risk_unit == 0 or non-finite,NQU22-CME,30145094,2022-08-31 18:52:21.650004+00:00,12295.25,{'stop_loss_price': 12295.25}
INVALID_RISK_UNIT,risk_unit == 0 or non-finite,NQU22-CME,30145095,2022-08-31 18:52:21.650005+00:00,12295.25,{'stop_loss_price': 12295.25}
INVALID_RISK_UNIT,risk_unit == 0 or non-finite,NQU22-CME,30145096,2022-08-31 18:52:21.650006+00:00,12295.25,{'stop_loss_price': 12295.25}
INVALID_RISK_UNIT,risk_unit == 0 or non-finite,NQU22-CME,30145097,2022-08-31 18:52:21.650007+00:00,12295.25,{'stop_loss_price': 12295.25}
INVALID_RISK_UNIT,risk_unit == 0 or non-finite,NQU22-CME,30145098,2022-08-31 18:52:21.650008+00:00,12295.25,{'stop_loss_price': 12295.25}
INVALID_RISK_UNIT,risk_unit == 0 or non-finite,NQU22-CME,30145099,2022-08-31 18:52:21.650009+00:00,12295.25,{'stop_loss_price': 12295.25}
INVALID_RISK_UNIT,risk_unit == 0 or non-finite,NQU22-CME,30155910,2022-08-31 19:04:29.680000+00:00,12317.0,{'stop_loss_price': 12317.0}
INVALID_RISK_UNIT,risk_unit == 0 or non-finite,NQU22-CME,30155911,2022-08-31 19:04:29.711000+00:00,12317.0,{'stop_loss_price': 12317.0}
INVALID_RISK_UNIT,risk_unit == 0 or non-finite,NQU22-CME,30169732,2022-08-31 19:16:01.115000+00:00,12370.0,{'stop_loss_price': 12370.0}
INVALID_RISK_UNIT,risk_unit == 0 or non-finite,NQU22-CME,30174484,2022-08-31 19:20:21.496003+00:00,12344.0,{'stop_loss_price': 12344.0}
INVALID_RISK_UNIT,risk_unit == 0 or non-finite,NQU22-CME,30174485,2022-08-31 19:20:21.496004+00:00,12344.0,{'stop_loss_price': 12344.0}
INVALID_RISK_UNIT,risk_unit == 0 or non-finite,NQU22-CME,30174486,2022-08-31 19:20:21.496005+00:00,12344.0,{'stop_loss_price': 12344.0}
INVALID_RISK_UNIT,risk_unit == 0 or non-finite,NQU22-CME,30174487,2022-08-31 19:20:21.496006+00:00,12344.0,{'stop_loss_price': 12344.0}
INVALID_RISK_UNIT,risk_unit == 0 or non-finite,NQU22-CME,30174488,2022-08-31 19:20:21.496007+00:00,12344.0,{'stop_loss_price': 12344.0}
INVALID_RISK_UNIT,risk_unit == 0 or non-finite,NQU22-CME,30174489,2022-08-31 19:20:21.496008+00:00,12344.0,{'stop_loss_price': 12344.0}
INVALID_RISK_UNIT,risk_unit == 0 or non-finite,NQU22-CME,30174490,2022-08-31 19:20:21.496009+00:00,12344.0,{'stop_loss_price': 12344.0}
INVALID_RISK_UNIT,risk_unit == 0 or non-finite,NQU22-CME,30203377,2022-08-31 19:48:08.910000+00:00,12385.5,{'stop_loss_price': 12385.5}
INVALID_RISK_UNIT,risk_unit == 0 or non-finite,NQU22-CME,30343855,2022-09-01 08:07:44.107000+00:00,12165.0,{'stop_loss_price': 12165.0}
INVALID_RISK_UNIT,risk_unit == 0 or non-finite,NQU22-CME,30442036,2022-09-01 13:34:21.971000+00:00,12152.5,{'stop_loss_price': 12152.5}
INVALID_RISK_UNIT,risk_unit == 0 or non-finite,NQU22-CME,30463539,2022-09-01 13:42:08.422000+00:00,12208.25,{'stop_loss_price': 12208.25}
INVALID_RISK_UNIT,risk_unit == 0 or non-finite,NQU22-CME,30463540,2022-09-01 13:42:08.443000+00:00,12208.25,{'stop_loss_price': 12208.25}
INVALID_RISK_UNIT,risk_unit == 0 or non-finite,NQU22-CME,30463541,2022-09-01 13:42:08.443001+00:00,12208.25,{'stop_loss_price': 12208.25}
INVALID_RISK_UNIT,risk_unit == 0 or non-finite,NQU22-CME,30468744,2022-09-01 13:45:27.085000+00:00,12190.0,{'stop_loss_price': 12190.0}
INVALID_RISK_UNIT,risk_unit == 0 or non-finite,NQU22-CME,30566504,2022-09-01 14:34:21.367000+00:00,12139.75,{'stop_loss_price': 12139.75}
INVALID_RISK_UNIT,risk_unit == 0 or non-finite,NQU22-CME,30581231,2022-09-01 14:41:18.795000+00:00,12098.75,{'stop_loss_price': 12098.75}
INVALID_RISK_UNIT,risk_unit == 0 or non-finite,NQU22-CME,30585128,2022-09-01 14:43:58.936000+00:00,12085.5,{'stop_loss_price': 12085.5}
INVALID_RISK_UNIT,risk_unit == 0 or non-finite,NQU22-CME,30594634,2022-09-01 14:48:50.020000+00:00,12071.0,{'stop_loss_price': 12071.0}
INVALID_RISK_UNIT,risk_unit == 0 or non-finite,NQU22-CME,30623834,2022-09-01 15:05:07.290001+00:00,12050.25,{'stop_loss_price': 12050.25}
INVALID_RISK_UNIT,risk_unit == 0 or non-finite,NQU22-CME,30623835,2022-09-01 15:05:07.290002+00:00,12050.25,{'stop_loss_price': 12050.25}
INVALID_RISK_UNIT,risk_unit == 0 or non-finite,NQU22-CME,30623836,2022-09-01 15:05:07.290003+00:00,12050.25,{'stop_loss_price': 12050.25}
INVALID_RISK_UNIT,risk_unit == 0 or non-finite,NQU22-CME,30623837,2022-09-01 15:05:07.290004+00:00,12050.25,{'stop_loss_price': 12050.25}
INVALID_RISK_UNIT,risk_unit == 0 or non-finite,NQU22-CME,30649228,2022-09-01 15:19:42.175000+00:00,12065.5,{'stop_loss_price': 12065.5}
INVALID_RISK_UNIT,risk_unit == 0 or non-finite,NQU22-CME,30669199,2022-09-01 15:32:44.388000+00:00,12052.25,{'stop_loss_price': 12052.25}
INVALID_RISK_UNIT,risk_unit == 0 or non-finite,NQU22-CME,30704068,2022-09-01 16:01:11.863000+00:00,12049.0,{'stop_loss_price': 12049.0}
INVALID_RISK_UNIT,risk_unit == 0 or non-finite,NQU22-CME,30759246,2022-09-01 17:02:31.702000+00:00,12043.25,{'stop_loss_price': 12043.25}
INVALID_RISK_UNIT,risk_unit == 0 or non-finite,NQU22-CME,30759668,2022-09-01 17:02:55.692000+00:00,12048.5,{'stop_loss_price': 12048.5}
INVALID_RISK_UNIT,risk_unit == 0 or non-finite,NQU22-CME,30805034,2022-09-01 17:46:53.003000+00:00,12082.25,{'stop_loss_price': 12082.25}
INVALID_RISK_UNIT,risk_unit == 0 or non-finite,NQU22-CME,30805035,2022-09-01 17:46:53.080000+00:00,12082.25,{'stop_loss_price': 12082.25}
INVALID_RISK_UNIT,risk_unit == 0 or non-finite,NQU22-CME,30817322,2022-09-01 18:03:04.695000+00:00,12074.0,{'stop_loss_price': 12074.0}
INVALID_RISK_UNIT,risk_unit == 0 or non-finite,NQU22-CME,30863791,2022-09-01 18:38:59.629000+00:00,12186.5,{'stop_loss_price': 12186.5}
INVALID_RISK_UNIT,risk_unit == 0 or non-finite,NQU22-CME,30876062,2022-09-01 18:49:53.655000+00:00,12173.5,{'stop_loss_price': 12173.5}
INVALID_RISK_UNIT,risk_unit == 0 or non-finite,NQU22-CME,30883343,2022-09-01 18:57:47.791000+00:00,12185.25,{'stop_loss_price': 12185.25}
INVALID_RISK_UNIT,risk_unit == 0 or non-finite,NQU22-CME,30892117,2022-09-01 19:06:16.911000+00:00,12208.25,{'stop_loss_price': 12208.25}
INVALID_RISK_UNIT,risk_unit == 0 or non-finite,NQU22-CME,30906305,2022-09-01 19:16:08.524000+00:00,12235.75,{'stop_loss_price': 12235.75}
INVALID_RISK_UNIT,risk_unit == 0 or non-finite,NQU22-CME,30906306,2022-09-01 19:16:08.524001+00:00,12235.75,{'stop_loss_price': 12235.75}
INVALID_RISK_UNIT,risk_unit == 0 or non-finite,NQU22-CME,30925549,2022-09-01 19:32:46.988000+00:00,12196.5,{'stop_loss_price': 12196.5}
INVALID_RISK_UNIT,risk_unit == 0 or non-finite,NQU22-CME,30930717,2022-09-01 19:38:55.256000+00:00,12206.5,{'stop_loss_price': 12206.5}
INVALID_RISK_UNIT,risk_unit == 0 or non-finite,NQU22-CME,30997789,2022-09-02 02:15:57.380000+00:00,12271.75,{'stop_loss_price': 12271.75}
INVALID_RISK_UNIT,risk_unit == 0 or non-finite,NQU22-CME,30997790,2022-09-02 02:15:57.380001+00:00,12271.75,{'stop_loss_price': 12271.75}
INVALID_RISK_UNIT,risk_unit == 0 or non-finite,NQU22-CME,31006336,2022-09-02 04:48:49.747000+00:00,12295.0,{'stop_loss_price': 12295.0}
INVALID_RISK_UNIT,risk_unit == 0 or non-finite,NQU22-CME,31006948,2022-09-02 04:58:45.543000+00:00,12299.0,{'stop_loss_price': 12299.0}
INVALID_RISK_UNIT,risk_unit == 0 or non-finite,NQU22-CME,31022770,2022-09-02 07:11:07.747000+00:00,12278.25,{'stop_loss_price': 12278.25}
INVALID_RISK_UNIT,risk_unit == 0 or non-finite,NQU22-CME,31038627,2022-09-02 09:01:13.848000+00:00,12298.0,{'stop_loss_price': 12298.0}
INVALID_RISK_UNIT,risk_unit == 0 or non-finite,NQU22-CME,31062911,2022-09-02 12:16:14.138000+00:00,12266.25,{'stop_loss_price': 12266.25}
INVALID_RISK_UNIT,risk_unit == 0 or non-finite,NQU22-CME,31070069,2022-09-02 12:30:39.181000+00:00,12337.75,{'stop_loss_price': 12337.75}
INVALID_RISK_UNIT,risk_unit == 0 or non-finite,NQU22-CME,31086304,2022-09-02 12:38:49.065000+00:00,12393.5,{'stop_loss_price': 12393.5}
INVALID_RISK_UNIT,risk_unit == 0 or non-finite,NQU22-CME,31112025,2022-09-02 13:06:08.709001+00:00,12372.75,{'stop_loss_price': 12372.75}
INVALID_RISK_UNIT,risk_unit == 0 or non-finite,NQU22-CME,31112026,2022-09-02 13:06:08.709002+00:00,12372.75,{'stop_loss_price': 12372.75}
INVALID_RISK_UNIT,risk_unit == 0 or non-finite,NQU22-CME,31112027,2022-09-02 13:06:08.709003+00:00,12372.75,{'stop_loss_price': 12372.75}
INVALID_RISK_UNIT,risk_unit == 0 or non-finite,NQU22-CME,31118089,2022-09-02 13:12:56.001000+00:00,12393.75,{'stop_loss_price': 12393.75}
INVALID_RISK_UNIT,risk_unit == 0 or non-finite,NQU22-CME,31144024,2022-09-02 13:34:35.570000+00:00,12341.75,{'stop_loss_price': 12341.75}
INVALID_RISK_UNIT,risk_unit == 0 or non-finite,NQU22-CME,31144025,2022-09-02 13:34:35.570001+00:00,12341.75,{'stop_loss_price': 12341.75}
INVALID_RISK_UNIT,risk_unit == 0 or non-finite,NQU22-CME,31144026,2022-09-02 13:34:35.593000+00:00,12341.75,{'stop_loss_price': 12341.75}
INVALID_RISK_UNIT,risk_unit == 0 or non-finite,NQU22-CME,31144027,2022-09-02 13:34:35.593001+00:00,12341.75,{'stop_loss_price': 12341.75}
INVALID_RISK_UNIT,risk_unit == 0 or non-finite,NQU22-CME,31153678,2022-09-02 13:38:21.774000+00:00,12339.75,{'stop_loss_price': 12339.75}
INVALID_RISK_UNIT,risk_unit == 0 or non-finite,NQU22-CME,31203927,2022-09-02 14:02:56.476000+00:00,12288.0,{'stop_loss_price': 12288.0}
INVALID_RISK_UNIT,risk_unit == 0 or non-finite,NQU22-CME,31219880,2022-09-02 14:11:53.415000+00:00,12345.0,{'stop_loss_price': 12345.0}
INVALID_RISK_UNIT,risk_unit == 0 or non-finite,NQU22-CME,31219881,2022-09-02 14:11:53.415001+00:00,12345.0,{'stop_loss_price': 12345.0}
INVALID_RISK_UNIT,risk_unit == 0 or non-finite,NQU22-CME,31244070,2022-09-02 14:25:55.496001+00:00,12374.0,{'stop_loss_price': 12374.0}
INVALID_RISK_UNIT,risk_unit == 0 or non-finite,NQU22-CME,31271887,2022-09-02 14:41:19.429000+00:00,12457.5,{'stop_loss_price': 12457.5}
INVALID_RISK_UNIT,risk_unit == 0 or non-finite,NQU22-CME,31271888,2022-09-02 14:41:19.429001+00:00,12457.5,{'stop_loss_price': 12457.5}
INVALID_RISK_UNIT,risk_unit == 0 or non-finite,NQU22-CME,31271889,2022-09-02 14:41:19.429002+00:00,12457.5,{'stop_loss_price': 12457.5}
INVALID_RISK_UNIT,risk_unit == 0 or non-finite,NQU22-CME,31271899,2022-09-02 14:41:19.558000+00:00,12457.5,{'stop_loss_price': 12457.5}
INVALID_RISK_UNIT,risk_unit == 0 or non-finite,NQU22-CME,31271900,2022-09-02 14:41:19.558001+00:00,12457.5,{'stop_loss_price': 12457.5}
INVALID_RISK_UNIT,risk_unit == 0 or non-finite,NQU22-CME,31271901,2022-09-02 14:41:19.558002+00:00,12457.5,{'stop_loss_price': 12457.5}
INVALID_RISK_UNIT,risk_unit == 0 or non-finite,NQU22-CME,31271904,2022-09-02 14:41:19.700000+00:00,12457.5,{'stop_loss_price': 12457.5}
INVALID_RISK_UNIT,risk_unit == 0 or non-finite,NQU22-CME,31271905,2022-09-02 14:41:19.747000+00:00,12457.5,{'stop_loss_price': 12457.5}
INVALID_RISK_UNIT,risk_unit == 0 or non-finite,NQU22-CME,31271906,2022-09-02 14:41:19.747001+00:00,12457.5,{'stop_loss_price': 12457.5}
INVALID_RISK_UNIT,risk_unit == 0 or non-finite,NQU22-CME,31284311,2022-09-02 14:49:04.971000+00:00,12432.25,{'stop_loss_price': 12432.25}
INVALID_RISK_UNIT,risk_unit == 0 or non-finite,NQU22-CME,31284312,2022-09-02 14:49:04.971001+00:00,12432.25,{'stop_loss_price': 12432.25}
INVALID_RISK_UNIT,risk_unit == 0 or non-finite,NQU22-CME,31321017,2022-09-02 15:08:46.192000+00:00,12401.25,{'stop_loss_price': 12401.25}
INVALID_RISK_UNIT,risk_unit == 0 or non-finite,NQU22-CME,31327592,2022-09-02 15:13:33.138000+00:00,12403.25,{'stop_loss_price': 12403.25}
INVALID_RISK_UNIT,risk_unit == 0 or non-finite,NQU22-CME,31355908,2022-09-02 15:42:17.009000+00:00,12390.0,{'stop_loss_price': 12390.0}
INVALID_RISK_UNIT,risk_unit == 0 or non-finite,NQU22-CME,31387510,2022-09-02 16:19:59.725000+00:00,12360.75,{'stop_loss_price': 12360.75}
INVALID_RISK_UNIT,risk_unit == 0 or non-finite,NQU22-CME,31414226,2022-09-02 16:34:02.402000+00:00,12280.5,{'stop_loss_price': 12280.5}
INVALID_RISK_UNIT,risk_unit == 0 or non-finite,NQU22-CME,31429910,2022-09-02 16:43:07.481000+00:00,12247.75,{'stop_loss_price': 12247.75}
INVALID_RISK_UNIT,risk_unit == 0 or non-finite,NQU22-CME,31521409,2022-09-02 17:37:02.468000+00:00,12142.5,{'stop_loss_price': 12142.5}
INVALID_RISK_UNIT,risk_unit == 0 or non-finite,NQU22-CME,31521410,2022-09-02 17:37:02.468001+00:00,12142.5,{'stop_loss_price': 12142.5}
INVALID_RISK_UNIT,risk_unit == 0 or non-finite,NQU22-CME,31545811,2022-09-02 17:54:08.144000+00:00,12108.75,{'stop_loss_price': 12108.75}
INVALID_RISK_UNIT,risk_unit == 0 or non-finite,NQU22-CME,31567577,2022-09-02 18:10:28.528000+00:00,12102.5,{'stop_loss_price': 12102.5}
INVALID_RISK_UNIT,risk_unit == 0 or non-finite,NQU22-CME,31567578,2022-09-02 18:10:28.702000+00:00,12102.5,{'stop_loss_price': 12102.5}
INVALID_RISK_UNIT,risk_unit == 0 or non-finite,NQU22-CME,31666051,2022-09-02 19:38:31.789000+00:00,12048.5,{'stop_loss_price': 12048.5}
INVALID_RISK_UNIT,risk_unit == 0 or non-finite,NQU22-CME,31676242,2022-09-02 19:46:48.681000+00:00,12050.0,{'stop_loss_price': 12050.0}
INVALID_RISK_UNIT,risk_unit == 0 or non-finite,NQU22-CME,31698019,2022-09-02 19:58:25.672002+00:00,12093.75,{'stop_loss_price': 12093.75}
INVALID_RISK_UNIT,risk_unit == 0 or non-finite,NQU22-CME,31698020,2022-09-02 19:58:25.672003+00:00,12093.75,{'stop_loss_price': 12093.75}
INVALID_RISK_UNIT,risk_unit == 0 or non-finite,NQU22-CME,31698021,2022-09-02 19:58:25.672004+00:00,12093.75,{'stop_loss_price': 12093.75}
INVALID_RISK_UNIT,risk_unit == 0 or non-finite,NQU22-CME,31720479,2022-09-02 20:24:48.617001+00:00,12131.25,{'stop_loss_price': 12131.25}
INVALID_RISK_UNIT,risk_unit == 0 or non-finite,NQU22-CME,31734137,2022-09-05 00:01:16.031000+00:00,12131.25,{'stop_loss_price': 12131.25}
INVALID_RISK_UNIT,risk_unit == 0 or non-finite,NQU22-CME,31742148,2022-09-05 01:04:48.041001+00:00,12118.0,{'stop_loss_price': 12118.0}
INVALID_RISK_UNIT,risk_unit == 0 or non-finite,NQU22-CME,31742149,2022-09-05 01:04:48.264000+00:00,12118.0,{'stop_loss_price': 12118.0}
INVALID_RISK_UNIT,risk_unit == 0 or non-finite,NQU22-CME,31759778,2022-09-05 05:40:55.325000+00:00,12093.75,{'stop_loss_price': 12093.75}
INVALID_RISK_UNIT,risk_unit == 0 or non-finite,NQU22-CME,31759779,2022-09-05 05:40:55.325001+00:00,12093.75,{'stop_loss_price': 12093.75}
INVALID_RISK_UNIT,risk_unit == 0 or non-finite,NQU22-CME,31765170,2022-09-05 06:43:39.562000+00:00,12098.75,{'stop_loss_price': 12098.75}
INVALID_RISK_UNIT,risk_unit == 0 or non-finite,NQU22-CME,31774730,2022-09-05 07:35:28.982000+00:00,12113.5,{'stop_loss_price': 12113.5}
INVALID_RISK_UNIT,risk_unit == 0 or non-finite,NQU22-CME,31823453,2022-09-05 13:58:14.767000+00:00,12128.0,{'stop_loss_price': 12128.0}
INVALID_RISK_UNIT,risk_unit == 0 or non-finite,NQU22-CME,31832903,2022-09-05 15:02:05.071000+00:00,12145.75,{'stop_loss_price': 12145.75}
INVALID_RISK_UNIT,risk_unit == 0 or non-finite,NQU22-CME,31868950,2022-09-06 02:02:19.529000+00:00,12191.75,{'stop_loss_price': 12191.75}
INVALID_RISK_UNIT,risk_unit == 0 or non-finite,NQU22-CME,31921132,2022-09-06 09:24:10.526000+00:00,12186.5,{'stop_loss_price': 12186.5}
INVALID_RISK_UNIT,risk_unit == 0 or non-finite,NQU22-CME,31926530,2022-09-06 10:13:22.425000+00:00,12197.0,{'stop_loss_price': 12197.0}
INVALID_RISK_UNIT,risk_unit == 0 or non-finite,NQU22-CME,31930173,2022-09-06 10:28:58.341002+00:00,12218.5,{'stop_loss_price': 12218.5}
INVALID_RISK_UNIT,risk_unit == 0 or non-finite,NQU22-CME,31930174,2022-09-06 10:28:58.883000+00:00,12218.5,{'stop_loss_price': 12218.5}
INVALID_RISK_UNIT,risk_unit == 0 or non-finite,NQU22-CME,31943528,2022-09-06 11:55:03.681000+00:00,12166.25,{'stop_loss_price': 12166.25}
INVALID_RISK_UNIT,risk_unit == 0 or non-finite,NQU22-CME,31943778,2022-09-06 11:55:53.482000+00:00,12170.5,{'stop_loss_price': 12170.5}
INVALID_RISK_UNIT,risk_unit == 0 or non-finite,NQU22-CME,31949216,2022-09-06 12:18:00.010000+00:00,12183.75,{'stop_loss_price': 12183.75}
INVALID_RISK_UNIT,risk_unit == 0 or non-finite,NQU22-CME,31949217,2022-09-06 12:18:00.100000+00:00,12183.75,{'stop_loss_price': 12183.75}
INVALID_RISK_UNIT,risk_unit == 0 or non-finite,NQU22-CME,31949218,2022-09-06 12:18:00.100001+00:00,12183.75,{'stop_loss_price': 12183.75}
INVALID_RISK_UNIT,risk_unit == 0 or non-finite,NQU22-CME,31969147,2022-09-06 13:28:55.481000+00:00,12122.25,{'stop_loss_price': 12122.25}
INVALID_RISK_UNIT,risk_unit == 0 or non-finite,NQU22-CME,31969148,2022-09-06 13:28:55.808000+00:00,12122.25,{'stop_loss_price': 12122.25}
INVALID_RISK_UNIT,risk_unit == 0 or non-finite,NQU22-CME,31969149,2022-09-06 13:28:55.808001+00:00,12122.25,{'stop_loss_price': 12122.25}
INVALID_RISK_UNIT,risk_unit == 0 or non-finite,NQU22-CME,32035057,2022-09-06 13:55:19.107000+00:00,12030.75,{'stop_loss_price': 12030.75}
INVALID_RISK_UNIT,risk_unit == 0 or non-finite,NQU22-CME,32103145,2022-09-06 14:25:32.438000+00:00,11956.5,{'stop_loss_price': 11956.5}
INVALID_RISK_UNIT,risk_unit == 0 or non-finite,NQU22-CME,32117446,2022-09-06 14:31:33.217000+00:00,11976.0,{'stop_loss_price': 11976.0}
INVALID_RISK_UNIT,risk_unit == 0 or non-finite,NQU22-CME,32155539,2022-09-06 14:51:18.628000+00:00,12080.75,{'stop_loss_price': 12080.75}
INVALID_RISK_UNIT,risk_unit == 0 or non-finite,NQU22-CME,32157777,2022-09-06 14:52:06.847000+00:00,12084.0,{'stop_loss_price': 12084.0}
INVALID_RISK_UNIT,risk_unit == 0 or non-finite,NQU22-CME,32157778,2022-09-06 14:52:06.943000+00:00,12084.0,{'stop_loss_price': 12084.0}
INVALID_RISK_UNIT,risk_unit == 0 or non-finite,NQU22-CME,32210430,2022-09-06 15:19:29.311000+00:00,12089.25,{'stop_loss_price': 12089.25}
INVALID_RISK_UNIT,risk_unit == 0 or non-finite,NQU22-CME,32269462,2022-09-06 16:01:32.182000+00:00,12115.5,{'stop_loss_price': 12115.5}
INVALID_RISK_UNIT,risk_unit == 0 or non-finite,NQU22-CME,32306158,2022-09-06 16:30:06.633000+00:00,12042.75,{'stop_loss_price': 12042.75}
INVALID_RISK_UNIT,risk_unit == 0 or non-finite,NQU22-CME,32311542,2022-09-06 16:36:10.760000+00:00,12051.5,{'stop_loss_price': 12051.5}
INVALID_RISK_UNIT,risk_unit == 0 or non-finite,NQU22-CME,32311543,2022-09-06 16:36:10.760001+00:00,12051.5,{'stop_loss_price': 12051.5}
INVALID_RISK_UNIT,risk_unit == 0 or non-finite,NQU22-CME,32311547,2022-09-06 16:36:10.999000+00:00,12051.5,{'stop_loss_price': 12051.5}
INVALID_RISK_UNIT,risk_unit == 0 or non-finite,NQU22-CME,32311548,2022-09-06 16:36:11.405000+00:00,12051.5,{'stop_loss_price': 12051.5}
INVALID_RISK_UNIT,risk_unit == 0 or non-finite,NQU22-CME,32311553,2022-09-06 16:36:11.428002+00:00,12051.5,{'stop_loss_price': 12051.5}
INVALID_RISK_UNIT,risk_unit == 0 or non-finite,NQU22-CME,32311554,2022-09-06 16:36:11.428003+00:00,12051.5,{'stop_loss_price': 12051.5}
INVALID_RISK_UNIT,risk_unit == 0 or non-finite,NQU22-CME,32332780,2022-09-06 16:58:29.398000+00:00,12062.0,{'stop_loss_price': 12062.0}
INVALID_RISK_UNIT,risk_unit == 0 or non-finite,NQU22-CME,32344821,2022-09-06 17:09:53.736000+00:00,11993.75,{'stop_loss_price': 11993.75}
INVALID_RISK_UNIT,risk_unit == 0 or non-finite,NQU22-CME,32365365,2022-09-06 17:30:00.856000+00:00,11981.75,{'stop_loss_price': 11981.75}
INVALID_RISK_UNIT,risk_unit == 0 or non-finite,NQU22-CME,32365366,2022-09-06 17:30:00.856001+00:00,11981.75,{'stop_loss_price': 11981.75}
INVALID_RISK_UNIT,risk_unit == 0 or non-finite,NQU22-CME,32380759,2022-09-06 17:48:11.149000+00:00,11993.25,{'stop_loss_price': 11993.25}
INVALID_RISK_UNIT,risk_unit == 0 or non-finite,NQU22-CME,32380760,2022-09-06 17:48:11.149001+00:00,11993.25,{'stop_loss_price': 11993.25}
INVALID_RISK_UNIT,risk_unit == 0 or non-finite,NQU22-CME,32380761,2022-09-06 17:48:11.294000+00:00,11993.25,{'stop_loss_price': 11993.25}
INVALID_RISK_UNIT,risk_unit == 0 or non-finite,NQU22-CME,32380763,2022-09-06 17:48:11.405000+00:00,11993.25,{'stop_loss_price': 11993.25}
INVALID_RISK_UNIT,risk_unit == 0 or non-finite,NQU22-CME,32430126,2022-09-06 18:38:00.629000+00:00,12027.25,{'stop_loss_price': 12027.25}
INVALID_RISK_UNIT,risk_unit == 0 or non-finite,NQU22-CME,32440757,2022-09-06 18:51:03.265000+00:00,12017.0,{'stop_loss_price': 12017.0}
INVALID_RISK_UNIT,risk_unit == 0 or non-finite,NQU22-CME,32526187,2022-09-06 20:01:32.898000+00:00,12007.5,{'stop_loss_price': 12007.5}
INVALID_RISK_UNIT,risk_unit == 0 or non-finite,NQU22-CME,32549489,2022-09-07 00:54:17.809000+00:00,11950.5,{'stop_loss_price': 11950.5}
INVALID_RISK_UNIT,risk_unit == 0 or non-finite,NQU22-CME,32578941,2022-09-07 06:38:35.431000+00:00,12000.75,{'stop_loss_price': 12000.75}
INVALID_RISK_UNIT,risk_unit == 0 or non-finite,NQU22-CME,32606411,2022-09-07 08:54:17.889000+00:00,12060.5,{'stop_loss_price': 12060.5}
INVALID_RISK_UNIT,risk_unit == 0 or non-finite,NQU22-CME,32612468,2022-09-07 09:37:06.619000+00:00,12053.5,{'stop_loss_price': 12053.5}
INVALID_RISK_UNIT,risk_unit == 0 or non-finite,NQU22-CME,32661361,2022-09-07 13:20:59.975000+00:00,12041.0,{'stop_loss_price': 12041.0}
INVALID_RISK_UNIT,risk_unit == 0 or non-finite,NQU22-CME,32666921,2022-09-07 13:30:07.764000+00:00,12043.75,{'stop_loss_price': 12043.75}
INVALID_RISK_UNIT,risk_unit == 0 or non-finite,NQU22-CME,32668452,2022-09-07 13:30:35+00:00,12040.5,{'stop_loss_price': 12040.5}
INVALID_RISK_UNIT,risk_unit == 0 or non-finite,NQU22-CME,32692821,2022-09-07 13:38:49.307000+00:00,12105.25,{'stop_loss_price': 12105.25}
INVALID_RISK_UNIT,risk_unit == 0 or non-finite,NQU22-CME,32698456,2022-09-07 13:41:13.546000+00:00,12114.5,{'stop_loss_price': 12114.5}
INVALID_RISK_UNIT,risk_unit == 0 or non-finite,NQU22-CME,32698457,2022-09-07 13:41:13.546001+00:00,12114.5,{'stop_loss_price': 12114.5}
INVALID_RISK_UNIT,risk_unit == 0 or non-finite,NQU22-CME,32698458,2022-09-07 13:41:13.546002+00:00,12114.5,{'stop_loss_price': 12114.5}
INVALID_RISK_UNIT,risk_unit == 0 or non-finite,NQU22-CME,32704640,2022-09-07 13:44:09.493002+00:00,12091.0,{'stop_loss_price': 12091.0}
INVALID_RISK_UNIT,risk_unit == 0 or non-finite,NQU22-CME,32704641,2022-09-07 13:44:09.493003+00:00,12091.0,{'stop_loss_price': 12091.0}
INVALID_RISK_UNIT,risk_unit == 0 or non-finite,NQU22-CME,32727622,2022-09-07 13:57:26.637000+00:00,12113.0,{'stop_loss_price': 12113.0}
INVALID_RISK_UNIT,risk_unit == 0 or non-finite,NQU22-CME,32738318,2022-09-07 14:01:59.075002+00:00,12081.25,{'stop_loss_price': 12081.25}
INVALID_RISK_UNIT,risk_unit == 0 or non-finite,NQU22-CME,32738319,2022-09-07 14:01:59.075003+00:00,12081.25,{'stop_loss_price': 12081.25}
INVALID_RISK_UNIT,risk_unit == 0 or non-finite,NQU22-CME,32738320,2022-09-07 14:01:59.075004+00:00,12081.25,{'stop_loss_price': 12081.25}
INVALID_RISK_UNIT,risk_unit == 0 or non-finite,NQU22-CME,32738709,2022-09-07 14:02:07.103002+00:00,12081.5,{'stop_loss_price': 12081.5}
INVALID_RISK_UNIT,risk_unit == 0 or non-finite,NQU22-CME,32745994,2022-09-07 14:06:11.921000+00:00,12074.5,{'stop_loss_price': 12074.5}
INVALID_RISK_UNIT,risk_unit == 0 or non-finite,NQU22-CME,32752091,2022-09-07 14:09:53.805000+00:00,12067.5,{'stop_loss_price': 12067.5}
INVALID_RISK_UNIT,risk_unit == 0 or non-finite,NQU22-CME,32787533,2022-09-07 14:30:05.744000+00:00,12084.5,{'stop_loss_price': 12084.5}
INVALID_RISK_UNIT,risk_unit == 0 or non-finite,NQU22-CME,32787534,2022-09-07 14:30:05.744001+00:00,12084.5,{'stop_loss_price': 12084.5}
INVALID_RISK_UNIT,risk_unit == 0 or non-finite,NQU22-CME,32787535,2022-09-07 14:30:05.744002+00:00,12084.5,{'stop_loss_price': 12084.5}
INVALID_RISK_UNIT,risk_unit == 0 or non-finite,NQU22-CME,32787537,2022-09-07 14:30:05.747000+00:00,12084.5,{'stop_loss_price': 12084.5}
INVALID_RISK_UNIT,risk_unit == 0 or non-finite,NQU22-CME,32792330,2022-09-07 14:31:46.963000+00:00,12099.5,{'stop_loss_price': 12099.5}
INVALID_RISK_UNIT,risk_unit == 0 or non-finite,NQU22-CME,32814772,2022-09-07 14:45:53.232000+00:00,12058.25,{'stop_loss_price': 12058.25}
INVALID_RISK_UNIT,risk_unit == 0 or non-finite,NQU22-CME,32825626,2022-09-07 14:54:14.002000+00:00,12079.0,{'stop_loss_price': 12079.0}
INVALID_RISK_UNIT,risk_unit == 0 or non-finite,NQU22-CME,32866560,2022-09-07 15:27:15.241000+00:00,12140.0,{'stop_loss_price': 12140.0}
INVALID_RISK_UNIT,risk_unit == 0 or non-finite,NQU22-CME,32873129,2022-09-07 15:33:18.072000+00:00,12137.5,{'stop_loss_price': 12137.5}
INVALID_RISK_UNIT,risk_unit == 0 or non-finite,NQU22-CME,32873130,2022-09-07 15:33:18.072001+00:00,12137.5,{'stop_loss_price': 12137.5}
INVALID_RISK_UNIT,risk_unit == 0 or non-finite,NQU22-CME,32873131,2022-09-07 15:33:18.072002+00:00,12137.5,{'stop_loss_price': 12137.5}
INVALID_RISK_UNIT,risk_unit == 0 or non-finite,NQU22-CME,32873132,2022-09-07 15:33:18.072003+00:00,12137.5,{'stop_loss_price': 12137.5}
INVALID_RISK_UNIT,risk_unit == 0 or non-finite,NQU22-CME,32873133,2022-09-07 15:33:18.072004+00:00,12137.5,{'stop_loss_price': 12137.5}
INVALID_RISK_UNIT,risk_unit == 0 or non-finite,NQU22-CME,32873136,2022-09-07 15:33:18.211000+00:00,12137.5,{'stop_loss_price': 12137.5}
INVALID_RISK_UNIT,risk_unit == 0 or non-finite,NQU22-CME,32873137,2022-09-07 15:33:18.211001+00:00,12137.5,{'stop_loss_price': 12137.5}
INVALID_RISK_UNIT,risk_unit == 0 or non-finite,NQU22-CME,32909068,2022-09-07 16:15:33.620000+00:00,12127.25,{'stop_loss_price': 12127.25}
INVALID_RISK_UNIT,risk_unit == 0 or non-finite,NQU22-CME,32919012,2022-09-07 16:26:30.370000+00:00,12113.5,{'stop_loss_price': 12113.5}
INVALID_RISK_UNIT,risk_unit == 0 or non-finite,NQU22-CME,32919744,2022-09-07 16:27:15.612000+00:00,12116.75,{'stop_loss_price': 12116.75}
INVALID_RISK_UNIT,risk_unit == 0 or non-finite,NQU22-CME,32919745,2022-09-07 16:27:15.612001+00:00,12116.75,{'stop_loss_price': 12116.75}
INVALID_RISK_UNIT,risk_unit == 0 or non-finite,NQU22-CME,32976058,2022-09-07 17:35:13.683000+00:00,12176.0,{'stop_loss_price': 12176.0}
INVALID_RISK_UNIT,risk_unit == 0 or non-finite,NQU22-CME,32987454,2022-09-07 17:46:57.669000+00:00,12211.75,{'stop_loss_price': 12211.75}
INVALID_RISK_UNIT,risk_unit == 0 or non-finite,NQU22-CME,32987455,2022-09-07 17:46:57.669001+00:00,12211.75,{'stop_loss_price': 12211.75}
INVALID_RISK_UNIT,risk_unit == 0 or non-finite,NQU22-CME,32987456,2022-09-07 17:46:57.669002+00:00,12211.75,{'stop_loss_price': 12211.75}
INVALID_RISK_UNIT,risk_unit == 0 or non-finite,NQU22-CME,32987457,2022-09-07 17:46:57.683000+00:00,12211.75,{'stop_loss_price': 12211.75}
INVALID_RISK_UNIT,risk_unit == 0 or non-finite,NQU22-CME,32987458,2022-09-07 17:46:57.683001+00:00,12211.75,{'stop_loss_price': 12211.75}
INVALID_RISK_UNIT,risk_unit == 0 or non-finite,NQU22-CME,32987459,2022-09-07 17:46:58.026000+00:00,12211.75,{'stop_loss_price': 12211.75}
INVALID_RISK_UNIT,risk_unit == 0 or non-finite,NQU22-CME,32987465,2022-09-07 17:46:58.300000+00:00,12211.75,{'stop_loss_price': 12211.75}
INVALID_RISK_UNIT,risk_unit == 0 or non-finite,NQU22-CME,32987466,2022-09-07 17:46:58.342000+00:00,12211.75,{'stop_loss_price': 12211.75}
INVALID_RISK_UNIT,risk_unit == 0 or non-finite,NQU22-CME,32987471,2022-09-07 17:46:59.823002+00:00,12211.75,{'stop_loss_price': 12211.75}
INVALID_RISK_UNIT,risk_unit == 0 or non-finite,NQU22-CME,32987472,2022-09-07 17:46:59.823003+00:00,12211.75,{'stop_loss_price': 12211.75}
INVALID_RISK_UNIT,risk_unit == 0 or non-finite,NQU22-CME,32987473,2022-09-07 17:46:59.823004+00:00,12211.75,{'stop_loss_price': 12211.75}
INVALID_RISK_UNIT,risk_unit == 0 or non-finite,NQU22-CME,32987478,2022-09-07 17:47:00.581000+00:00,12211.75,{'stop_loss_price': 12211.75}
INVALID_RISK_UNIT,risk_unit == 0 or non-finite,NQU22-CME,32987479,2022-09-07 17:47:00.581001+00:00,12211.75,{'stop_loss_price': 12211.75}
INVALID_RISK_UNIT,risk_unit == 0 or non-finite,NQU22-CME,32987480,2022-09-07 17:47:00.581002+00:00,12211.75,{'stop_loss_price': 12211.75}
INVALID_RISK_UNIT,risk_unit == 0 or non-finite,NQU22-CME,32987481,2022-09-07 17:47:00.616000+00:00,12211.75,{'stop_loss_price': 12211.75}
INVALID_RISK_UNIT,risk_unit == 0 or non-finite,NQU22-CME,32987482,2022-09-07 17:47:00.616001+00:00,12211.75,{'stop_loss_price': 12211.75}
INVALID_RISK_UNIT,risk_unit == 0 or non-finite,NQU22-CME,32987483,2022-09-07 17:47:00.617000+00:00,12211.75,{'stop_loss_price': 12211.75}
INVALID_RISK_UNIT,risk_unit == 0 or non-finite,NQU22-CME,32987484,2022-09-07 17:47:00.688000+00:00,12211.75,{'stop_loss_price': 12211.75}
INVALID_RISK_UNIT,risk_unit == 0 or non-finite,NQU22-CME,32987485,2022-09-07 17:47:00.758000+00:00,12211.75,{'stop_loss_price': 12211.75}
INVALID_RISK_UNIT,risk_unit == 0 or non-finite,NQU22-CME,32987486,2022-09-07 17:47:00.758001+00:00,12211.75,{'stop_loss_price': 12211.75}
INVALID_RISK_UNIT,risk_unit == 0 or non-finite,NQU22-CME,32987487,2022-09-07 17:47:00.759000+00:00,12211.75,{'stop_loss_price': 12211.75}
INVALID_RISK_UNIT,risk_unit == 0 or non-finite,NQU22-CME,32987488,2022-09-07 17:47:00.759001+00:00,12211.75,{'stop_loss_price': 12211.75}
INVALID_RISK_UNIT,risk_unit == 0 or non-finite,NQU22-CME,32987489,2022-09-07 17:47:00.802000+00:00,12211.75,{'stop_loss_price': 12211.75}
INVALID_RISK_UNIT,risk_unit == 0 or non-finite,NQU22-CME,32987490,2022-09-07 17:47:00.802001+00:00,12211.75,{'stop_loss_price': 12211.75}
INVALID_RISK_UNIT,risk_unit == 0 or non-finite,NQU22-CME,32987491,2022-09-07 17:47:00.802002+00:00,12211.75,{'stop_loss_price': 12211.75}
INVALID_RISK_UNIT,risk_unit == 0 or non-finite,NQU22-CME,32987492,2022-09-07 17:47:00.802003+00:00,12211.75,{'stop_loss_price': 12211.75}
INVALID_RISK_UNIT,risk_unit == 0 or non-finite,NQU22-CME,32997963,2022-09-07 17:59:06.981003+00:00,12207.75,{'stop_loss_price': 12207.75}
INVALID_RISK_UNIT,risk_unit == 0 or non-finite,NQU22-CME,32997964,2022-09-07 17:59:06.981004+00:00,12207.75,{'stop_loss_price': 12207.75}
INVALID_RISK_UNIT,risk_unit == 0 or non-finite,NQU22-CME,32997965,2022-09-07 17:59:06.981005+00:00,12207.75,{'stop_loss_price': 12207.75}
INVALID_RISK_UNIT,risk_unit == 0 or non-finite,NQU22-CME,33000904,2022-09-07 18:01:52.465005+00:00,12224.0,{'stop_loss_price': 12224.0}
INVALID_RISK_UNIT,risk_unit == 0 or non-finite,NQU22-CME,33000905,2022-09-07 18:01:52.465006+00:00,12224.0,{'stop_loss_price': 12224.0}
INVALID_RISK_UNIT,risk_unit == 0 or non-finite,NQU22-CME,33000906,2022-09-07 18:01:52.465007+00:00,12224.0,{'stop_loss_price': 12224.0}
INVALID_RISK_UNIT,risk_unit == 0 or non-finite,NQU22-CME,33046391,2022-09-07 18:48:13.793000+00:00,12268.5,{'stop_loss_price': 12268.5}
INVALID_RISK_UNIT,risk_unit == 0 or non-finite,NQU22-CME,33047061,2022-09-07 18:49:17.612000+00:00,12267.0,{'stop_loss_price': 12267.0}
INVALID_RISK_UNIT,risk_unit == 0 or non-finite,NQU22-CME,33047062,2022-09-07 18:49:17.612001+00:00,12267.0,{'stop_loss_price': 12267.0}
INVALID_RISK_UNIT,risk_unit == 0 or non-finite,NQU22-CME,33047063,2022-09-07 18:49:17.612002+00:00,12267.0,{'stop_loss_price': 12267.0}
INVALID_RISK_UNIT,risk_unit == 0 or non-finite,NQU22-CME,33048114,2022-09-07 18:50:35.755000+00:00,12272.25,{'stop_loss_price': 12272.25}
INVALID_RISK_UNIT,risk_unit == 0 or non-finite,NQU22-CME,33050195,2022-09-07 18:52:26.116000+00:00,12256.25,{'stop_loss_price': 12256.25}
INVALID_RISK_UNIT,risk_unit == 0 or non-finite,NQU22-CME,33076335,2022-09-07 19:22:39.217000+00:00,12278.25,{'stop_loss_price': 12278.25}
INVALID_RISK_UNIT,risk_unit == 0 or non-finite,NQU22-CME,33077803,2022-09-07 19:24:07.770000+00:00,12283.75,{'stop_loss_price': 12283.75}
INVALID_RISK_UNIT,risk_unit == 0 or non-finite,NQU22-CME,33077804,2022-09-07 19:24:07.770001+00:00,12283.75,{'stop_loss_price': 12283.75}
INVALID_RISK_UNIT,risk_unit == 0 or non-finite,NQU22-CME,33077807,2022-09-07 19:24:08.157000+00:00,12283.75,{'stop_loss_price': 12283.75}
INVALID_RISK_UNIT,risk_unit == 0 or non-finite,NQU22-CME,33099106,2022-09-07 19:46:37.994000+00:00,12283.75,{'stop_loss_price': 12283.75}
INVALID_RISK_UNIT,risk_unit == 0 or non-finite,NQU22-CME,33140517,2022-09-07 22:14:49.199000+00:00,12281.5,{'stop_loss_price': 12281.5}
INVALID_RISK_UNIT,risk_unit == 0 or non-finite,NQU22-CME,33164540,2022-09-08 04:57:07.516000+00:00,12284.25,{'stop_loss_price': 12284.25}
INVALID_RISK_UNIT,risk_unit == 0 or non-finite,NQU22-CME,33201980,2022-09-08 09:13:39.132000+00:00,12260.0,{'stop_loss_price': 12260.0}
INVALID_RISK_UNIT,risk_unit == 0 or non-finite,NQU22-CME,33222118,2022-09-08 11:59:53.007000+00:00,12252.5,{'stop_loss_price': 12252.5}
INVALID_RISK_UNIT,risk_unit == 0 or non-finite,NQU22-CME,33223866,2022-09-08 12:08:51.350000+00:00,12262.5,{'stop_loss_price': 12262.5}
INVALID_RISK_UNIT,risk_unit == 0 or non-finite,NQU22-CME,33229456,2022-09-08 12:19:02.437000+00:00,12242.75,{'stop_loss_price': 12242.75}
INVALID_RISK_UNIT,risk_unit == 0 or non-finite,NQU22-CME,33330442,2022-09-08 13:51:19.945000+00:00,12220.25,{'stop_loss_price': 12220.25}
INVALID_RISK_UNIT,risk_unit == 0 or non-finite,NQU22-CME,33376307,2022-09-08 14:13:15.580000+00:00,12199.5,{'stop_loss_price': 12199.5}
INVALID_RISK_UNIT,risk_unit == 0 or non-finite,NQU22-CME,33428611,2022-09-08 14:45:58.610000+00:00,12307.75,{'stop_loss_price': 12307.75}
INVALID_RISK_UNIT,risk_unit == 0 or non-finite,NQU22-CME,33465485,2022-09-08 15:14:37.367000+00:00,12369.25,{'stop_loss_price': 12369.25}
INVALID_RISK_UNIT,risk_unit == 0 or non-finite,NQU22-CME,33505522,2022-09-08 16:00:06.793000+00:00,12321.25,{'stop_loss_price': 12321.25}
INVALID_RISK_UNIT,risk_unit == 0 or non-finite,NQU22-CME,33529461,2022-09-08 16:09:00.528000+00:00,12200.5,{'stop_loss_price': 12200.5}
INVALID_RISK_UNIT,risk_unit == 0 or non-finite,NQU22-CME,33541491,2022-09-08 16:14:00.451000+00:00,12170.5,{'stop_loss_price': 12170.5}
INVALID_RISK_UNIT,risk_unit == 0 or non-finite,NQU22-CME,33549201,2022-09-08 16:19:04.707000+00:00,12179.25,{'stop_loss_price': 12179.25}
INVALID_RISK_UNIT,risk_unit == 0 or non-finite,NQU22-CME,33563825,2022-09-08 16:29:02.195002+00:00,12181.0,{'stop_loss_price': 12181.0}
INVALID_RISK_UNIT,risk_unit == 0 or non-finite,NQU22-CME,33563826,2022-09-08 16:29:02.195003+00:00,12181.0,{'stop_loss_price': 12181.0}
INVALID_RISK_UNIT,risk_unit == 0 or non-finite,NQU22-CME,33563827,2022-09-08 16:29:02.195004+00:00,12181.0,{'stop_loss_price': 12181.0}
INVALID_RISK_UNIT,risk_unit == 0 or non-finite,NQU22-CME,33563828,2022-09-08 16:29:02.195005+00:00,12181.0,{'stop_loss_price': 12181.0}
INVALID_RISK_UNIT,risk_unit == 0 or non-finite,NQU22-CME,33563829,2022-09-08 16:29:02.195006+00:00,12181.0,{'stop_loss_price': 12181.0}
INVALID_RISK_UNIT,risk_unit == 0 or non-finite,NQU22-CME,33563830,2022-09-08 16:29:02.195007+00:00,12181.0,{'stop_loss_price': 12181.0}
INVALID_RISK_UNIT,risk_unit == 0 or non-finite,NQU22-CME,33568229,2022-09-08 16:32:23.812003+00:00,12188.5,{'stop_loss_price': 12188.5}
INVALID_RISK_UNIT,risk_unit == 0 or non-finite,NQU22-CME,33568230,2022-09-08 16:32:23.813000+00:00,12188.5,{'stop_loss_price': 12188.5}
INVALID_RISK_UNIT,risk_unit == 0 or non-finite,NQU22-CME,33568231,2022-09-08 16:32:23.813001+00:00,12188.5,{'stop_loss_price': 12188.5}
INVALID_RISK_UNIT,risk_unit == 0 or non-finite,NQU22-CME,33568232,2022-09-08 16:32:23.813002+00:00,12188.5,{'stop_loss_price': 12188.5}
INVALID_RISK_UNIT,risk_unit == 0 or non-finite,NQU22-CME,33568233,2022-09-08 16:32:23.813003+00:00,12188.5,{'stop_loss_price': 12188.5}
INVALID_RISK_UNIT,risk_unit == 0 or non-finite,NQU22-CME,33568234,2022-09-08 16:32:23.814000+00:00,12188.5,{'stop_loss_price': 12188.5}
INVALID_RISK_UNIT,risk_unit == 0 or non-finite,NQU22-CME,33572609,2022-09-08 16:35:38.264000+00:00,12195.25,{'stop_loss_price': 12195.25}
INVALID_RISK_UNIT,risk_unit == 0 or non-finite,NQU22-CME,33575532,2022-09-08 16:38:30.166000+00:00,12204.5,{'stop_loss_price': 12204.5}
INVALID_RISK_UNIT,risk_unit == 0 or non-finite,NQU22-CME,33581293,2022-09-08 16:42:09.338000+00:00,12226.25,{'stop_loss_price': 12226.25}
INVALID_RISK_UNIT,risk_unit == 0 or non-finite,NQU22-CME,33582552,2022-09-08 16:42:49.841002+00:00,12238.0,{'stop_loss_price': 12238.0}
INVALID_RISK_UNIT,risk_unit == 0 or non-finite,NQU22-CME,33582553,2022-09-08 16:42:49.841003+00:00,12238.0,{'stop_loss_price': 12238.0}
INVALID_RISK_UNIT,risk_unit == 0 or non-finite,NQU22-CME,33582554,2022-09-08 16:42:49.850000+00:00,12238.0,{'stop_loss_price': 12238.0}
INVALID_RISK_UNIT,risk_unit == 0 or non-finite,NQU22-CME,33596854,2022-09-08 16:55:12.848000+00:00,12230.0,{'stop_loss_price': 12230.0}
INVALID_RISK_UNIT,risk_unit == 0 or non-finite,NQU22-CME,33596855,2022-09-08 16:55:12.916000+00:00,12230.0,{'stop_loss_price': 12230.0}
INVALID_RISK_UNIT,risk_unit == 0 or non-finite,NQU22-CME,33596856,2022-09-08 16:55:12.916001+00:00,12230.0,{'stop_loss_price': 12230.0}
INVALID_RISK_UNIT,risk_unit == 0 or non-finite,NQU22-CME,33648534,2022-09-08 17:40:34.307000+00:00,12284.0,{'stop_loss_price': 12284.0}
INVALID_RISK_UNIT,risk_unit == 0 or non-finite,NQU22-CME,33692292,2022-09-08 18:34:01.486000+00:00,12285.75,{'stop_loss_price': 12285.75}
INVALID_RISK_UNIT,risk_unit == 0 or non-finite,NQU22-CME,33693073,2022-09-08 18:35:09.437000+00:00,12289.5,{'stop_loss_price': 12289.5}
INVALID_RISK_UNIT,risk_unit == 0 or non-finite,NQU22-CME,33693074,2022-09-08 18:35:09.459000+00:00,12289.5,{'stop_loss_price': 12289.5}
INVALID_RISK_UNIT,risk_unit == 0 or non-finite,NQU22-CME,33693075,2022-09-08 18:35:09.459001+00:00,12289.5,{'stop_loss_price': 12289.5}
INVALID_RISK_UNIT,risk_unit == 0 or non-finite,NQU22-CME,33693076,2022-09-08 18:35:09.636000+00:00,12289.5,{'stop_loss_price': 12289.5}
INVALID_RISK_UNIT,risk_unit == 0 or non-finite,NQU22-CME,33693077,2022-09-08 18:35:09.636001+00:00,12289.5,{'stop_loss_price': 12289.5}
INVALID_RISK_UNIT,risk_unit == 0 or non-finite,NQU22-CME,33693082,2022-09-08 18:35:10.576000+00:00,12289.5,{'stop_loss_price': 12289.5}
INVALID_RISK_UNIT,risk_unit == 0 or non-finite,NQU22-CME,33695104,2022-09-08 18:37:15.358000+00:00,12290.25,{'stop_loss_price': 12290.25}
INVALID_RISK_UNIT,risk_unit == 0 or non-finite,NQU22-CME,33767164,2022-09-08 19:55:02.585000+00:00,12301.75,{'stop_loss_price': 12301.75}
INVALID_RISK_UNIT,risk_unit == 0 or non-finite,NQU22-CME,33767165,2022-09-08 19:55:02.585001+00:00,12301.75,{'stop_loss_price': 12301.75}
INVALID_RISK_UNIT,risk_unit == 0 or non-finite,NQU22-CME,33767166,2022-09-08 19:55:02.662000+00:00,12301.75,{'stop_loss_price': 12301.75}
INVALID_RISK_UNIT,risk_unit == 0 or non-finite,NQU22-CME,33770051,2022-09-08 19:56:51.896000+00:00,12310.25,{'stop_loss_price': 12310.25}
INVALID_RISK_UNIT,risk_unit == 0 or non-finite,NQU22-CME,33770052,2022-09-08 19:56:51.919000+00:00,12310.25,{'stop_loss_price': 12310.25}
INVALID_RISK_UNIT,risk_unit == 0 or non-finite,NQU22-CME,33770053,2022-09-08 19:56:51.971000+00:00,12310.25,{'stop_loss_price': 12310.25}
INVALID_RISK_UNIT,risk_unit == 0 or non-finite,NQU22-CME,33770054,2022-09-08 19:56:51.971001+00:00,12310.25,{'stop_loss_price': 12310.25}
INVALID_RISK_UNIT,risk_unit == 0 or non-finite,NQU22-CME,33782913,2022-09-08 20:01:40.038001+00:00,12336.5,{'stop_loss_price': 12336.5}
INVALID_RISK_UNIT,risk_unit == 0 or non-finite,NQU22-CME,33782914,2022-09-08 20:01:40.039000+00:00,12336.5,{'stop_loss_price': 12336.5}
INVALID_RISK_UNIT,risk_unit == 0 or non-finite,NQU22-CME,33807565,2022-09-09 01:57:17.089000+00:00,12366.0,{'stop_loss_price': 12366.0}
INVALID_RISK_UNIT,risk_unit == 0 or non-finite,NQU22-CME,33807566,2022-09-09 01:57:17.090000+00:00,12366.0,{'stop_loss_price': 12366.0}
INVALID_RISK_UNIT,risk_unit == 0 or non-finite,NQU22-CME,33807567,2022-09-09 01:57:17.090001+00:00,12366.0,{'stop_loss_price': 12366.0}
INVALID_RISK_UNIT,risk_unit == 0 or non-finite,NQU22-CME,33826193,2022-09-09 07:05:09.378000+00:00,12404.75,{'stop_loss_price': 12404.75}
INVALID_RISK_UNIT,risk_unit == 0 or non-finite,NQU22-CME,33853943,2022-09-09 09:28:40.232000+00:00,12449.25,{'stop_loss_price': 12449.25}
INVALID_RISK_UNIT,risk_unit == 0 or non-finite,NQU22-CME,33860956,2022-09-09 10:20:11.529000+00:00,12442.75,{'stop_loss_price': 12442.75}
INVALID_RISK_UNIT,risk_unit == 0 or non-finite,NQU22-CME,33860957,2022-09-09 10:20:11.529001+00:00,12442.75,{'stop_loss_price': 12442.75}
INVALID_RISK_UNIT,risk_unit == 0 or non-finite,NQU22-CME,33897179,2022-09-09 13:30:50.722000+00:00,12433.0,{'stop_loss_price': 12433.0}
INVALID_RISK_UNIT,risk_unit == 0 or non-finite,NQU22-CME,33918110,2022-09-09 13:38:57.137000+00:00,12464.5,{'stop_loss_price': 12464.5}
INVALID_RISK_UNIT,risk_unit == 0 or non-finite,NQU22-CME,33918111,2022-09-09 13:38:57.137001+00:00,12464.5,{'stop_loss_price': 12464.5}
INVALID_RISK_UNIT,risk_unit == 0 or non-finite,NQU22-CME,33924438,2022-09-09 13:42:06.784000+00:00,12463.5,{'stop_loss_price': 12463.5}
INVALID_RISK_UNIT,risk_unit == 0 or non-finite,NQU22-CME,33931081,2022-09-09 13:45:30.124000+00:00,12430.0,{'stop_loss_price': 12430.0}
INVALID_RISK_UNIT,risk_unit == 0 or non-finite,NQU22-CME,33941202,2022-09-09 13:51:36.385019+00:00,12481.5,{'stop_loss_price': 12481.5}
INVALID_RISK_UNIT,risk_unit == 0 or non-finite,NQU22-CME,33958567,2022-09-09 14:01:53.371000+00:00,12515.5,{'stop_loss_price': 12515.5}
INVALID_RISK_UNIT,risk_unit == 0 or non-finite,NQU22-CME,33958568,2022-09-09 14:01:53.371001+00:00,12515.5,{'stop_loss_price': 12515.5}
INVALID_RISK_UNIT,risk_unit == 0 or non-finite,NQU22-CME,33958569,2022-09-09 14:01:53.380000+00:00,12515.5,{'stop_loss_price': 12515.5}
INVALID_RISK_UNIT,risk_unit == 0 or non-finite,NQU22-CME,33958571,2022-09-09 14:01:53.498000+00:00,12515.5,{'stop_loss_price': 12515.5}
INVALID_RISK_UNIT,risk_unit == 0 or non-finite,NQU22-CME,33958803,2022-09-09 14:01:57.977000+00:00,12517.75,{'stop_loss_price': 12517.75}
INVALID_RISK_UNIT,risk_unit == 0 or non-finite,NQU22-CME,33971895,2022-09-09 14:10:07.917000+00:00,12519.75,{'stop_loss_price': 12519.75}
INVALID_RISK_UNIT,risk_unit == 0 or non-finite,NQU22-CME,33971896,2022-09-09 14:10:07.917001+00:00,12519.75,{'stop_loss_price': 12519.75}
INVALID_RISK_UNIT,risk_unit == 0 or non-finite,NQU22-CME,33971897,2022-09-09 14:10:07.920000+00:00,12519.75,{'stop_loss_price': 12519.75}
INVALID_RISK_UNIT,risk_unit == 0 or non-finite,NQU22-CME,33972496,2022-09-09 14:10:17.330000+00:00,12521.0,{'stop_loss_price': 12521.0}
INVALID_RISK_UNIT,risk_unit == 0 or non-finite,NQU22-CME,33972497,2022-09-09 14:10:17.332000+00:00,12521.0,{'stop_loss_price': 12521.0}
INVALID_RISK_UNIT,risk_unit == 0 or non-finite,NQU22-CME,33972499,2022-09-09 14:10:17.385000+00:00,12521.0,{'stop_loss_price': 12521.0}
INVALID_RISK_UNIT,risk_unit == 0 or non-finite,NQU22-CME,33980327,2022-09-09 14:16:11.857000+00:00,12535.25,{'stop_loss_price': 12535.25}
INVALID_RISK_UNIT,risk_unit == 0 or non-finite,NQU22-CME,33982804,2022-09-09 14:17:18.625000+00:00,12529.0,{'stop_loss_price': 12529.0}
INVALID_RISK_UNIT,risk_unit == 0 or non-finite,NQU22-CME,33985467,2022-09-09 14:19:09.582000+00:00,12515.0,{'stop_loss_price': 12515.0}
INVALID_RISK_UNIT,risk_unit == 0 or non-finite,NQU22-CME,33985468,2022-09-09 14:19:09.584000+00:00,12515.0,{'stop_loss_price': 12515.0}
INVALID_RISK_UNIT,risk_unit == 0 or non-finite,NQU22-CME,33985469,2022-09-09 14:19:09.588000+00:00,12515.0,{'stop_loss_price': 12515.0}
INVALID_RISK_UNIT,risk_unit == 0 or non-finite,NQU22-CME,34006989,2022-09-09 14:41:00.066000+00:00,12551.0,{'stop_loss_price': 12551.0}
INVALID_RISK_UNIT,risk_unit == 0 or non-finite,NQU22-CME,34008016,2022-09-09 14:41:28.680000+00:00,12562.5,{'stop_loss_price': 12562.5}
INVALID_RISK_UNIT,risk_unit == 0 or non-finite,NQU22-CME,34060319,2022-09-09 15:34:12.214000+00:00,12553.75,{'stop_loss_price': 12553.75}
INVALID_RISK_UNIT,risk_unit == 0 or non-finite,NQU22-CME,34060320,2022-09-09 15:34:12.227000+00:00,12553.75,{'stop_loss_price': 12553.75}
INVALID_RISK_UNIT,risk_unit == 0 or non-finite,NQU22-CME,34060321,2022-09-09 15:34:12.227001+00:00,12553.75,{'stop_loss_price': 12553.75}
INVALID_RISK_UNIT,risk_unit == 0 or non-finite,NQU22-CME,34060322,2022-09-09 15:34:12.236000+00:00,12553.75,{'stop_loss_price': 12553.75}
INVALID_RISK_UNIT,risk_unit == 0 or non-finite,NQU22-CME,34067517,2022-09-09 15:42:55.834000+00:00,12571.0,{'stop_loss_price': 12571.0}
INVALID_RISK_UNIT,risk_unit == 0 or non-finite,NQU22-CME,34099614,2022-09-09 16:29:22.270000+00:00,12531.75,{'stop_loss_price': 12531.75}
INVALID_RISK_UNIT,risk_unit == 0 or non-finite,NQU22-CME,34109887,2022-09-09 16:46:57.913000+00:00,12551.0,{'stop_loss_price': 12551.0}
INVALID_RISK_UNIT,risk_unit == 0 or non-finite,NQU22-CME,34109888,2022-09-09 16:46:57.922000+00:00,12551.0,{'stop_loss_price': 12551.0}
INVALID_RISK_UNIT,risk_unit == 0 or non-finite,NQU22-CME,34109889,2022-09-09 16:46:57.922001+00:00,12551.0,{'stop_loss_price': 12551.0}
INVALID_RISK_UNIT,risk_unit == 0 or non-finite,NQU22-CME,34130378,2022-09-09 17:24:43.394000+00:00,12590.25,{'stop_loss_price': 12590.25}
INVALID_RISK_UNIT,risk_unit == 0 or non-finite,NQU22-CME,34130379,2022-09-09 17:24:43.405000+00:00,12590.25,{'stop_loss_price': 12590.25}
INVALID_RISK_UNIT,risk_unit == 0 or non-finite,NQU22-CME,34133059,2022-09-09 17:30:42.155000+00:00,12591.5,{'stop_loss_price': 12591.5}
INVALID_RISK_UNIT,risk_unit == 0 or non-finite,NQU22-CME,34133060,2022-09-09 17:30:42.156000+00:00,12591.5,{'stop_loss_price': 12591.5}
INVALID_RISK_UNIT,risk_unit == 0 or non-finite,NQU22-CME,34146603,2022-09-09 18:00:50.776000+00:00,12580.25,{'stop_loss_price': 12580.25}
INVALID_RISK_UNIT,risk_unit == 0 or non-finite,NQU22-CME,34146604,2022-09-09 18:00:50.971000+00:00,12580.25,{'stop_loss_price': 12580.25}
INVALID_RISK_UNIT,risk_unit == 0 or non-finite,NQU22-CME,34156814,2022-09-09 18:18:21.628000+00:00,12589.75,{'stop_loss_price': 12589.75}
INVALID_RISK_UNIT,risk_unit == 0 or non-finite,NQU22-CME,34156815,2022-09-09 18:18:21.629000+00:00,12589.75,{'stop_loss_price': 12589.75}
INVALID_RISK_UNIT,risk_unit == 0 or non-finite,NQU22-CME,34156816,2022-09-09 18:18:21.629001+00:00,12589.75,{'stop_loss_price': 12589.75}
INVALID_RISK_UNIT,risk_unit == 0 or non-finite,NQU22-CME,34156820,2022-09-09 18:18:22.070001+00:00,12589.75,{'stop_loss_price': 12589.75}
INVALID_RISK_UNIT,risk_unit == 0 or non-finite,NQU22-CME,34156821,2022-09-09 18:18:22.070002+00:00,12589.75,{'stop_loss_price': 12589.75}
INVALID_RISK_UNIT,risk_unit == 0 or non-finite,NQU22-CME,34156822,2022-09-09 18:18:22.070003+00:00,12589.75,{'stop_loss_price': 12589.75}
INVALID_RISK_UNIT,risk_unit == 0 or non-finite,NQU22-CME,34160357,2022-09-09 18:28:54.748000+00:00,12596.25,{'stop_loss_price': 12596.25}
INVALID_RISK_UNIT,risk_unit == 0 or non-finite,NQU22-CME,34184941,2022-09-09 19:13:54.192000+00:00,12599.0,{'stop_loss_price': 12599.0}
INVALID_RISK_UNIT,risk_unit == 0 or non-finite,NQU22-CME,34189102,2022-09-09 19:21:55.785000+00:00,12597.5,{'stop_loss_price': 12597.5}
INVALID_RISK_UNIT,risk_unit == 0 or non-finite,NQU22-CME,34206619,2022-09-09 19:49:43.407000+00:00,12604.0,{'stop_loss_price': 12604.0}
INVALID_RISK_UNIT,risk_unit == 0 or non-finite,NQU22-CME,34222637,2022-09-09 20:01:28.193000+00:00,12589.5,{'stop_loss_price': 12589.5}
INVALID_RISK_UNIT,risk_unit == 0 or non-finite,NQU22-CME,34239703,2022-09-12 01:13:39.043000+00:00,12605.0,{'stop_loss_price': 12605.0}
INVALID_RISK_UNIT,risk_unit == 0 or non-finite,NQU22-CME,34268086,2022-09-12 08:09:41.533000+00:00,12630.25,{'stop_loss_price': 12630.25}
INVALID_RISK_UNIT,risk_unit == 0 or non-finite,NQU22-CME,34276125,2022-09-12 09:17:46.372000+00:00,12685.5,{'stop_loss_price': 12685.5}
INVALID_RISK_UNIT,risk_unit == 0 or non-finite,NQU22-CME,34276126,2022-09-12 09:17:46.376000+00:00,12685.5,{'stop_loss_price': 12685.5}
INVALID_RISK_UNIT,risk_unit == 0 or non-finite,NQU22-CME,34291668,2022-09-12 12:18:55.950000+00:00,12647.25,{'stop_loss_price': 12647.25}
INVALID_RISK_UNIT,risk_unit == 0 or non-finite,NQU22-CME,34365339,2022-09-12 14:46:13.930000+00:00,12726.0,{'stop_loss_price': 12726.0}
INVALID_RISK_UNIT,risk_unit == 0 or non-finite,NQU22-CME,34365340,2022-09-12 14:46:14.081000+00:00,12726.0,{'stop_loss_price': 12726.0}
INVALID_RISK_UNIT,risk_unit == 0 or non-finite,NQU22-CME,34451213,2022-09-12 17:13:54.867000+00:00,12725.0,{'stop_loss_price': 12725.0}
INVALID_RISK_UNIT,risk_unit == 0 or non-finite,NQU22-CME,34451214,2022-09-12 17:13:54.867001+00:00,12725.0,{'stop_loss_price': 12725.0}
INVALID_RISK_UNIT,risk_unit == 0 or non-finite,NQU22-CME,34451217,2022-09-12 17:13:56.234000+00:00,12725.0,{'stop_loss_price': 12725.0}
INVALID_RISK_UNIT,risk_unit == 0 or non-finite,NQU22-CME,34451218,2022-09-12 17:13:56.239000+00:00,12725.0,{'stop_loss_price': 12725.0}
INVALID_RISK_UNIT,risk_unit == 0 or non-finite,NQU22-CME,34490446,2022-09-12 19:07:59.804000+00:00,12727.25,{'stop_loss_price': 12727.25}
INVALID_RISK_UNIT,risk_unit == 0 or non-finite,NQU22-CME,34490447,2022-09-12 19:07:59.804001+00:00,12727.25,{'stop_loss_price': 12727.25}
INVALID_RISK_UNIT,risk_unit == 0 or non-finite,NQU22-CME,34490448,2022-09-12 19:07:59.804002+00:00,12727.25,{'stop_loss_price': 12727.25}
INVALID_RISK_UNIT,risk_unit == 0 or non-finite,NQU22-CME,34490449,2022-09-12 19:07:59.804003+00:00,12727.25,{'stop_loss_price': 12727.25}
INVALID_RISK_UNIT,risk_unit == 0 or non-finite,NQU22-CME,34490453,2022-09-12 19:08:00.008000+00:00,12727.25,{'stop_loss_price': 12727.25}
INVALID_RISK_UNIT,risk_unit == 0 or non-finite,NQU22-CME,34503746,2022-09-12 19:51:48.385000+00:00,12723.75,{'stop_loss_price': 12723.75}
