code,message,contract,row_index,timestamp_utc,price,context
INVALID_RISK_UNIT,risk_unit == 0 or non-finite,NQZ18-CME,63171,2018-09-17 13:40:21.008000+00:00,7530.25,{'stop_loss_price': 7530.25}
INVALID_RISK_UNIT,risk_unit == 0 or non-finite,NQZ18-CME,63172,2018-09-17 13:40:21.009000+00:00,7530.25,{'stop_loss_price': 7530.25}
INVALID_RISK_UNIT,risk_unit == 0 or non-finite,NQZ18-CME,63173,2018-09-17 13:40:21.010000+00:00,7530.25,{'stop_loss_price': 7530.25}
INVALID_RISK_UNIT,risk_unit == 0 or non-finite,NQZ18-CME,63174,2018-09-17 13:40:21.011000+00:00,7530.25,{'stop_loss_price': 7530.25}
INVALID_RISK_UNIT,risk_unit == 0 or non-finite,NQZ18-CME,63178,2018-09-17 13:40:22.003000+00:00,7530.25,{'stop_loss_price': 7530.25}
INVALID_RISK_UNIT,risk_unit == 0 or non-finite,NQZ18-CME,63179,2018-09-17 13:40:22.004000+00:00,7530.25,{'stop_loss_price': 7530.25}
INVALID_RISK_UNIT,risk_unit == 0 or non-finite,NQZ18-CME,63180,2018-09-17 13:40:22.005000+00:00,7530.25,{'stop_loss_price': 7530.25}
INVALID_RISK_UNIT,risk_unit == 0 or non-finite,NQZ18-CME,63181,2018-09-17 13:40:22.006000+00:00,7530.25,{'stop_loss_price': 7530.25}
INVALID_RISK_UNIT,risk_unit == 0 or non-finite,NQZ18-CME,63182,2018-09-17 13:40:22.007000+00:00,7530.25,{'stop_loss_price': 7530.25}
INVALID_RISK_UNIT,risk_unit == 0 or non-finite,NQZ18-CME,77786,2018-09-17 13:49:02.002000+00:00,7528.0,{'stop_loss_price': 7528.0}
INVALID_RISK_UNIT,risk_unit == 0 or non-finite,NQZ18-CME,77787,2018-09-17 13:49:02.003000+00:00,7528.0,{'stop_loss_price': 7528.0}
INVALID_RISK_UNIT,risk_unit == 0 or non-finite,NQZ18-CME,77788,2018-09-17 13:49:03+00:00,7528.0,{'stop_loss_price': 7528.0}
INVALID_RISK_UNIT,risk_unit == 0 or non-finite,NQZ18-CME,82658,2018-09-17 13:53:14.012000+00:00,7526.5,{'stop_loss_price': 7526.5}
INVALID_RISK_UNIT,risk_unit == 0 or non-finite,NQZ18-CME,82659,2018-09-17 13:53:14.013000+00:00,7526.5,{'stop_loss_price': 7526.5}
INVALID_RISK_UNIT,risk_unit == 0 or non-finite,NQZ18-CME,82660,2018-09-17 13:53:14.014000+00:00,7526.5,{'stop_loss_price': 7526.5}
INVALID_RISK_UNIT,risk_unit == 0 or non-finite,NQZ18-CME,82661,2018-09-17 13:53:14.015000+00:00,7526.5,{'stop_loss_price': 7526.5}
INVALID_RISK_UNIT,risk_unit == 0 or non-finite,NQZ18-CME,82662,2018-09-17 13:53:14.016000+00:00,7526.5,{'stop_loss_price': 7526.5}
INVALID_RISK_UNIT,risk_unit == 0 or non-finite,NQZ18-CME,82663,2018-09-17 13:53:14.017000+00:00,7526.5,{'stop_loss_price': 7526.5}
INVALID_RISK_UNIT,risk_unit == 0 or non-finite,NQZ18-CME,82664,2018-09-17 13:53:14.018000+00:00,7526.5,{'stop_loss_price': 7526.5}
INVALID_RISK_UNIT,risk_unit == 0 or non-finite,NQZ18-CME,82665,2018-09-17 13:53:14.019000+00:00,7526.5,{'stop_loss_price': 7526.5}
INVALID_RISK_UNIT,risk_unit == 0 or non-finite,NQZ18-CME,82666,2018-09-17 13:53:14.020000+00:00,7526.5,{'stop_loss_price': 7526.5}
INVALID_RISK_UNIT,risk_unit == 0 or non-finite,NQZ18-CME,82667,2018-09-17 13:53:14.021000+00:00,7526.5,{'stop_loss_price': 7526.5}
INVALID_RISK_UNIT,risk_unit == 0 or non-finite,NQZ18-CME,82668,2018-09-17 13:53:14.022000+00:00,7526.5,{'stop_loss_price': 7526.5}
INVALID_RISK_UNIT,risk_unit == 0 or non-finite,NQZ18-CME,82669,2018-09-17 13:53:14.023000+00:00,7526.5,{'stop_loss_price': 7526.5}
INVALID_RISK_UNIT,risk_unit == 0 or non-finite,NQZ18-CME,82670,2018-09-17 13:53:14.024000+00:00,7526.5,{'stop_loss_price': 7526.5}
INVALID_RISK_UNIT,risk_unit == 0 or non-finite,NQZ18-CME,82671,2018-09-17 13:53:14.025000+00:00,7526.5,{'stop_loss_price': 7526.5}
INVALID_RISK_UNIT,risk_unit == 0 or non-finite,NQZ18-CME,82672,2018-09-17 13:53:14.026000+00:00,7526.5,{'stop_loss_price': 7526.5}
INVALID_RISK_UNIT,risk_unit == 0 or non-finite,NQZ18-CME,82673,2018-09-17 13:53:14.027000+00:00,7526.5,{'stop_loss_price': 7526.5}
INVALID_RISK_UNIT,risk_unit == 0 or non-finite,NQZ18-CME,82674,2018-09-17 13:53:14.028000+00:00,7526.5,{'stop_loss_price': 7526.5}
INVALID_RISK_UNIT,risk_unit == 0 or non-finite,NQZ18-CME,82685,2018-09-17 13:53:15.010000+00:00,7526.5,{'stop_loss_price': 7526.5}
INVALID_RISK_UNIT,risk_unit == 0 or non-finite,NQZ18-CME,154202,2018-09-17 14:54:18+00:00,7492.75,{'stop_loss_price': 7492.75}
INVALID_RISK_UNIT,risk_unit == 0 or non-finite,NQZ18-CME,157016,2018-09-17 14:56:52.009000+00:00,7484.75,{'stop_loss_price': 7484.75}
INVALID_RISK_UNIT,risk_unit == 0 or non-finite,NQZ18-CME,157017,2018-09-17 14:56:52.010000+00:00,7484.75,{'stop_loss_price': 7484.75}
INVALID_RISK_UNIT,risk_unit == 0 or non-finite,NQZ18-CME,157018,2018-09-17 14:56:52.011000+00:00,7484.75,{'stop_loss_price': 7484.75}
INVALID_RISK_UNIT,risk_unit == 0 or non-finite,NQZ18-CME,269612,2018-09-17 19:03:55.006000+00:00,7499.25,{'stop_loss_price': 7499.25}
INVALID_RISK_UNIT,risk_unit == 0 or non-finite,NQZ18-CME,269613,2018-09-17 19:03:55.007000+00:00,7499.25,{'stop_loss_price': 7499.25}
INVALID_RISK_UNIT,risk_unit == 0 or non-finite,NQZ18-CME,269614,2018-09-17 19:03:55.008000+00:00,7499.25,{'stop_loss_price': 7499.25}
INVALID_RISK_UNIT,risk_unit == 0 or non-finite,NQZ18-CME,269615,2018-09-17 19:03:55.009000+00:00,7499.25,{'stop_loss_price': 7499.25}
INVALID_RISK_UNIT,risk_unit == 0 or non-finite,NQZ18-CME,269616,2018-09-17 19:03:55.010000+00:00,7499.25,{'stop_loss_price': 7499.25}
INVALID_RISK_UNIT,risk_unit == 0 or non-finite,NQZ18-CME,269617,2018-09-17 19:03:55.011000+00:00,7499.25,{'stop_loss_price': 7499.25}
INVALID_RISK_UNIT,risk_unit == 0 or non-finite,NQZ18-CME,269618,2018-09-17 19:03:55.012000+00:00,7499.25,{'stop_loss_price': 7499.25}
INVALID_RISK_UNIT,risk_unit == 0 or non-finite,NQZ18-CME,269619,2018-09-17 19:03:55.013000+00:00,7499.25,{'stop_loss_price': 7499.25}
INVALID_RISK_UNIT,risk_unit == 0 or non-finite,NQZ18-CME,269620,2018-09-17 19:03:55.014000+00:00,7499.25,{'stop_loss_price': 7499.25}
INVALID_RISK_UNIT,risk_unit == 0 or non-finite,NQZ18-CME,273929,2018-09-17 19:09:12.003000+00:00,7491.25,{'stop_loss_price': 7491.25}
INVALID_RISK_UNIT,risk_unit == 0 or non-finite,NQZ18-CME,355509,2018-09-18 07:22:21.048000+00:00,7472.0,{'stop_loss_price': 7472.0}
INVALID_RISK_UNIT,risk_unit == 0 or non-finite,NQZ18-CME,355510,2018-09-18 07:22:21.049000+00:00,7472.0,{'stop_loss_price': 7472.0}
INVALID_RISK_UNIT,risk_unit == 0 or non-finite,NQZ18-CME,355511,2018-09-18 07:22:21.050000+00:00,7472.0,{'stop_loss_price': 7472.0}
INVALID_RISK_UNIT,risk_unit == 0 or non-finite,NQZ18-CME,355512,2018-09-18 07:22:21.051000+00:00,7472.0,{'stop_loss_price': 7472.0}
INVALID_RISK_UNIT,risk_unit == 0 or non-finite,NQZ18-CME,355514,2018-09-18 07:22:22.001000+00:00,7472.0,{'stop_loss_price': 7472.0}
INVALID_RISK_UNIT,risk_unit == 0 or non-finite,NQZ18-CME,402511,2018-09-18 13:32:08.014000+00:00,7486.25,{'stop_loss_price': 7486.25}
INVALID_RISK_UNIT,risk_unit == 0 or non-finite,NQZ18-CME,499551,2018-09-18 14:43:26+00:00,7537.0,{'stop_loss_price': 7537.0}
INVALID_RISK_UNIT,risk_unit == 0 or non-finite,NQZ18-CME,499552,2018-09-18 14:43:26.001000+00:00,7537.0,{'stop_loss_price': 7537.0}
INVALID_RISK_UNIT,risk_unit == 0 or non-finite,NQZ18-CME,499553,2018-09-18 14:43:26.002000+00:00,7537.0,{'stop_loss_price': 7537.0}
INVALID_RISK_UNIT,risk_unit == 0 or non-finite,NQZ18-CME,499554,2018-09-18 14:43:26.003000+00:00,7537.0,{'stop_loss_price': 7537.0}
INVALID_RISK_UNIT,risk_unit == 0 or non-finite,NQZ18-CME,499555,2018-09-18 14:43:26.004000+00:00,7537.0,{'stop_loss_price': 7537.0}
INVALID_RISK_UNIT,risk_unit == 0 or non-finite,NQZ18-CME,499556,2018-09-18 14:43:26.005000+00:00,7537.0,{'stop_loss_price': 7537.0}
INVALID_RISK_UNIT,risk_unit == 0 or non-finite,NQZ18-CME,504002,2018-09-18 14:47:45.012000+00:00,7537.75,{'stop_loss_price': 7537.75}
INVALID_RISK_UNIT,risk_unit == 0 or non-finite,NQZ18-CME,504255,2018-09-18 14:48:19.006000+00:00,7537.0,{'stop_loss_price': 7537.0}
INVALID_RISK_UNIT,risk_unit == 0 or non-finite,NQZ18-CME,504256,2018-09-18 14:48:19.007000+00:00,7537.0,{'stop_loss_price': 7537.0}
INVALID_RISK_UNIT,risk_unit == 0 or non-finite,NQZ18-CME,552930,2018-09-18 16:05:47.012000+00:00,7560.5,{'stop_loss_price': 7560.5}
INVALID_RISK_UNIT,risk_unit == 0 or non-finite,NQZ18-CME,552931,2018-09-18 16:05:47.013000+00:00,7560.5,{'stop_loss_price': 7560.5}
INVALID_RISK_UNIT,risk_unit == 0 or non-finite,NQZ18-CME,552932,2018-09-18 16:05:47.014000+00:00,7560.5,{'stop_loss_price': 7560.5}
INVALID_RISK_UNIT,risk_unit == 0 or non-finite,NQZ18-CME,552933,2018-09-18 16:05:47.015000+00:00,7560.5,{'stop_loss_price': 7560.5}
INVALID_RISK_UNIT,risk_unit == 0 or non-finite,NQZ18-CME,552934,2018-09-18 16:05:47.016000+00:00,7560.5,{'stop_loss_price': 7560.5}
INVALID_RISK_UNIT,risk_unit == 0 or non-finite,NQZ18-CME,552935,2018-09-18 16:05:47.017000+00:00,7560.5,{'stop_loss_price': 7560.5}
INVALID_RISK_UNIT,risk_unit == 0 or non-finite,NQZ18-CME,552936,2018-09-18 16:05:47.018000+00:00,7560.5,{'stop_loss_price': 7560.5}
INVALID_RISK_UNIT,risk_unit == 0 or non-finite,NQZ18-CME,552937,2018-09-18 16:05:47.019000+00:00,7560.5,{'stop_loss_price': 7560.5}
INVALID_RISK_UNIT,risk_unit == 0 or non-finite,NQZ18-CME,557130,2018-09-18 16:14:31.002000+00:00,7554.75,{'stop_loss_price': 7554.75}
INVALID_RISK_UNIT,risk_unit == 0 or non-finite,NQZ18-CME,557131,2018-09-18 16:14:31.003000+00:00,7554.75,{'stop_loss_price': 7554.75}
INVALID_RISK_UNIT,risk_unit == 0 or non-finite,NQZ18-CME,557132,2018-09-18 16:14:31.004000+00:00,7554.75,{'stop_loss_price': 7554.75}
INVALID_RISK_UNIT,risk_unit == 0 or non-finite,NQZ18-CME,557133,2018-09-18 16:14:31.005000+00:00,7554.75,{'stop_loss_price': 7554.75}
INVALID_RISK_UNIT,risk_unit == 0 or non-finite,NQZ18-CME,557134,2018-09-18 16:14:31.006000+00:00,7554.75,{'stop_loss_price': 7554.75}
INVALID_RISK_UNIT,risk_unit == 0 or non-finite,NQZ18-CME,557135,2018-09-18 16:14:31.007000+00:00,7554.75,{'stop_loss_price': 7554.75}
INVALID_RISK_UNIT,risk_unit == 0 or non-finite,NQZ18-CME,572080,2018-09-18 16:44:56.004000+00:00,7542.5,{'stop_loss_price': 7542.5}
INVALID_RISK_UNIT,risk_unit == 0 or non-finite,NQZ18-CME,581643,2018-09-18 17:06:14.002000+00:00,7543.5,{'stop_loss_price': 7543.5}
INVALID_RISK_UNIT,risk_unit == 0 or non-finite,NQZ18-CME,581644,2018-09-18 17:06:14.003000+00:00,7543.5,{'stop_loss_price': 7543.5}
INVALID_RISK_UNIT,risk_unit == 0 or non-finite,NQZ18-CME,581645,2018-09-18 17:06:14.004000+00:00,7543.5,{'stop_loss_price': 7543.5}
INVALID_RISK_UNIT,risk_unit == 0 or non-finite,NQZ18-CME,581646,2018-09-18 17:06:14.005000+00:00,7543.5,{'stop_loss_price': 7543.5}
INVALID_RISK_UNIT,risk_unit == 0 or non-finite,NQZ18-CME,581647,2018-09-18 17:06:14.006000+00:00,7543.5,{'stop_loss_price': 7543.5}
INVALID_RISK_UNIT,risk_unit == 0 or non-finite,NQZ18-CME,581648,2018-09-18 17:06:14.007000+00:00,7543.5,{'stop_loss_price': 7543.5}
INVALID_RISK_UNIT,risk_unit == 0 or non-finite,NQZ18-CME,581649,2018-09-18 17:06:14.008000+00:00,7543.5,{'stop_loss_price': 7543.5}
INVALID_RISK_UNIT,risk_unit == 0 or non-finite,NQZ18-CME,581650,2018-09-18 17:06:14.009000+00:00,7543.5,{'stop_loss_price': 7543.5}
INVALID_RISK_UNIT,risk_unit == 0 or non-finite,NQZ18-CME,581651,2018-09-18 17:06:14.010000+00:00,7543.5,{'stop_loss_price': 7543.5}
INVALID_RISK_UNIT,risk_unit == 0 or non-finite,NQZ18-CME,581652,2018-09-18 17:06:14.011000+00:00,7543.5,{'stop_loss_price': 7543.5}
INVALID_RISK_UNIT,risk_unit == 0 or non-finite,NQZ18-CME,581653,2018-09-18 17:06:14.012000+00:00,7543.5,{'stop_loss_price': 7543.5}
INVALID_RISK_UNIT,risk_unit == 0 or non-finite,NQZ18-CME,581654,2018-09-18 17:06:14.013000+00:00,7543.5,{'stop_loss_price': 7543.5}
INVALID_RISK_UNIT,risk_unit == 0 or non-finite,NQZ18-CME,581655,2018-09-18 17:06:14.014000+00:00,7543.5,{'stop_loss_price': 7543.5}
INVALID_RISK_UNIT,risk_unit == 0 or non-finite,NQZ18-CME,581656,2018-09-18 17:06:14.015000+00:00,7543.5,{'stop_loss_price': 7543.5}
INVALID_RISK_UNIT,risk_unit == 0 or non-finite,NQZ18-CME,581657,2018-09-18 17:06:14.016000+00:00,7543.5,{'stop_loss_price': 7543.5}
INVALID_RISK_UNIT,risk_unit == 0 or non-finite,NQZ18-CME,581658,2018-09-18 17:06:14.017000+00:00,7543.5,{'stop_loss_price': 7543.5}
INVALID_RISK_UNIT,risk_unit == 0 or non-finite,NQZ18-CME,581659,2018-09-18 17:06:14.018000+00:00,7543.5,{'stop_loss_price': 7543.5}
INVALID_RISK_UNIT,risk_unit == 0 or non-finite,NQZ18-CME,581660,2018-09-18 17:06:14.019000+00:00,7543.5,{'stop_loss_price': 7543.5}
INVALID_RISK_UNIT,risk_unit == 0 or non-finite,NQZ18-CME,614562,2018-09-18 18:45:24.031000+00:00,7547.75,{'stop_loss_price': 7547.75}
INVALID_RISK_UNIT,risk_unit == 0 or non-finite,NQZ18-CME,679990,2018-09-19 10:01:17.001000+00:00,7525.0,{'stop_loss_price': 7525.0}
INVALID_RISK_UNIT,risk_unit == 0 or non-finite,NQZ18-CME,789190,2018-09-19 14:19:57+00:00,7474.0,{'stop_loss_price': 7474.0}
INVALID_RISK_UNIT,risk_unit == 0 or non-finite,NQZ18-CME,789191,2018-09-19 14:19:57.001000+00:00,7474.0,{'stop_loss_price': 7474.0}
INVALID_RISK_UNIT,risk_unit == 0 or non-finite,NQZ18-CME,789192,2018-09-19 14:19:57.002000+00:00,7474.0,{'stop_loss_price': 7474.0}
INVALID_RISK_UNIT,risk_unit == 0 or non-finite,NQZ18-CME,789193,2018-09-19 14:19:57.003000+00:00,7474.0,{'stop_loss_price': 7474.0}
INVALID_RISK_UNIT,risk_unit == 0 or non-finite,NQZ18-CME,810997,2018-09-19 14:35:40.007000+00:00,7491.5,{'stop_loss_price': 7491.5}
INVALID_RISK_UNIT,risk_unit == 0 or non-finite,NQZ18-CME,810998,2018-09-19 14:35:41+00:00,7491.5,{'stop_loss_price': 7491.5}
INVALID_RISK_UNIT,risk_unit == 0 or non-finite,NQZ18-CME,810999,2018-09-19 14:35:41.001000+00:00,7491.5,{'stop_loss_price': 7491.5}
INVALID_RISK_UNIT,risk_unit == 0 or non-finite,NQZ18-CME,811000,2018-09-19 14:35:41.002000+00:00,7491.5,{'stop_loss_price': 7491.5}
INVALID_RISK_UNIT,risk_unit == 0 or non-finite,NQZ18-CME,826217,2018-09-19 14:58:15.010000+00:00,7473.75,{'stop_loss_price': 7473.75}
INVALID_RISK_UNIT,risk_unit == 0 or non-finite,NQZ18-CME,864904,2018-09-19 15:46:47.078000+00:00,7496.0,{'stop_loss_price': 7496.0}
INVALID_RISK_UNIT,risk_unit == 0 or non-finite,NQZ18-CME,864905,2018-09-19 15:46:47.079000+00:00,7496.0,{'stop_loss_price': 7496.0}
INVALID_RISK_UNIT,risk_unit == 0 or non-finite,NQZ18-CME,864906,2018-09-19 15:46:47.080000+00:00,7496.0,{'stop_loss_price': 7496.0}
INVALID_RISK_UNIT,risk_unit == 0 or non-finite,NQZ18-CME,864907,2018-09-19 15:46:47.081000+00:00,7496.0,{'stop_loss_price': 7496.0}
INVALID_RISK_UNIT,risk_unit == 0 or non-finite,NQZ18-CME,864908,2018-09-19 15:46:47.082000+00:00,7496.0,{'stop_loss_price': 7496.0}
INVALID_RISK_UNIT,risk_unit == 0 or non-finite,NQZ18-CME,864909,2018-09-19 15:46:47.083000+00:00,7496.0,{'stop_loss_price': 7496.0}
INVALID_RISK_UNIT,risk_unit == 0 or non-finite,NQZ18-CME,864910,2018-09-19 15:46:47.084000+00:00,7496.0,{'stop_loss_price': 7496.0}
INVALID_RISK_UNIT,risk_unit == 0 or non-finite,NQZ18-CME,983121,2018-09-20 09:45:40.007000+00:00,7537.5,{'stop_loss_price': 7537.5}
INVALID_RISK_UNIT,risk_unit == 0 or non-finite,NQZ18-CME,997865,2018-09-20 12:06:26+00:00,7561.0,{'stop_loss_price': 7561.0}
INVALID_RISK_UNIT,risk_unit == 0 or non-finite,NQZ18-CME,997866,2018-09-20 12:06:26.001000+00:00,7561.0,{'stop_loss_price': 7561.0}
INVALID_RISK_UNIT,risk_unit == 0 or non-finite,NQZ18-CME,997867,2018-09-20 12:06:26.002000+00:00,7561.0,{'stop_loss_price': 7561.0}
INVALID_RISK_UNIT,risk_unit == 0 or non-finite,NQZ18-CME,997868,2018-09-20 12:06:26.003000+00:00,7561.0,{'stop_loss_price': 7561.0}
INVALID_RISK_UNIT,risk_unit == 0 or non-finite,NQZ18-CME,997869,2018-09-20 12:06:26.004000+00:00,7561.0,{'stop_loss_price': 7561.0}
INVALID_RISK_UNIT,risk_unit == 0 or non-finite,NQZ18-CME,997870,2018-09-20 12:06:26.005000+00:00,7561.0,{'stop_loss_price': 7561.0}
INVALID_RISK_UNIT,risk_unit == 0 or non-finite,NQZ18-CME,997871,2018-09-20 12:06:26.006000+00:00,7561.0,{'stop_loss_price': 7561.0}
INVALID_RISK_UNIT,risk_unit == 0 or non-finite,NQZ18-CME,997872,2018-09-20 12:06:26.007000+00:00,7561.0,{'stop_loss_price': 7561.0}
INVALID_RISK_UNIT,risk_unit == 0 or non-finite,NQZ18-CME,997873,2018-09-20 12:06:26.008000+00:00,7561.0,{'stop_loss_price': 7561.0}
INVALID_RISK_UNIT,risk_unit == 0 or non-finite,NQZ18-CME,1062930,2018-09-20 13:48:51.004000+00:00,7579.5,{'stop_loss_price': 7579.5}
INVALID_RISK_UNIT,risk_unit == 0 or non-finite,NQZ18-CME,1062931,2018-09-20 13:48:51.005000+00:00,7579.5,{'stop_loss_price': 7579.5}
INVALID_RISK_UNIT,risk_unit == 0 or non-finite,NQZ18-CME,1062932,2018-09-20 13:48:51.006000+00:00,7579.5,{'stop_loss_price': 7579.5}
INVALID_RISK_UNIT,risk_unit == 0 or non-finite,NQZ18-CME,1062933,2018-09-20 13:48:51.007000+00:00,7579.5,{'stop_loss_price': 7579.5}
INVALID_RISK_UNIT,risk_unit == 0 or non-finite,NQZ18-CME,1062934,2018-09-20 13:48:51.008000+00:00,7579.5,{'stop_loss_price': 7579.5}
INVALID_RISK_UNIT,risk_unit == 0 or non-finite,NQZ18-CME,1062935,2018-09-20 13:48:51.009000+00:00,7579.5,{'stop_loss_price': 7579.5}
INVALID_RISK_UNIT,risk_unit == 0 or non-finite,NQZ18-CME,1062936,2018-09-20 13:48:51.010000+00:00,7579.5,{'stop_loss_price': 7579.5}
INVALID_RISK_UNIT,risk_unit == 0 or non-finite,NQZ18-CME,1111284,2018-09-20 14:28:16+00:00,7598.5,{'stop_loss_price': 7598.5}
INVALID_RISK_UNIT,risk_unit == 0 or non-finite,NQZ18-CME,1111285,2018-09-20 14:28:16.001000+00:00,7598.5,{'stop_loss_price': 7598.5}
INVALID_RISK_UNIT,risk_unit == 0 or non-finite,NQZ18-CME,1111286,2018-09-20 14:28:16.002000+00:00,7598.5,{'stop_loss_price': 7598.5}
INVALID_RISK_UNIT,risk_unit == 0 or non-finite,NQZ18-CME,1111287,2018-09-20 14:28:16.003000+00:00,7598.5,{'stop_loss_price': 7598.5}
INVALID_RISK_UNIT,risk_unit == 0 or non-finite,NQZ18-CME,1111288,2018-09-20 14:28:16.004000+00:00,7598.5,{'stop_loss_price': 7598.5}
INVALID_RISK_UNIT,risk_unit == 0 or non-finite,NQZ18-CME,1111289,2018-09-20 14:28:16.005000+00:00,7598.5,{'stop_loss_price': 7598.5}
INVALID_RISK_UNIT,risk_unit == 0 or non-finite,NQZ18-CME,1111290,2018-09-20 14:28:16.006000+00:00,7598.5,{'stop_loss_price': 7598.5}
INVALID_RISK_UNIT,risk_unit == 0 or non-finite,NQZ18-CME,1111291,2018-09-20 14:28:16.007000+00:00,7598.5,{'stop_loss_price': 7598.5}
INVALID_RISK_UNIT,risk_unit == 0 or non-finite,NQZ18-CME,1111292,2018-09-20 14:28:16.008000+00:00,7598.5,{'stop_loss_price': 7598.5}
INVALID_RISK_UNIT,risk_unit == 0 or non-finite,NQZ18-CME,1111293,2018-09-20 14:28:16.009000+00:00,7598.5,{'stop_loss_price': 7598.5}
INVALID_RISK_UNIT,risk_unit == 0 or non-finite,NQZ18-CME,1111294,2018-09-20 14:28:16.010000+00:00,7598.5,{'stop_loss_price': 7598.5}
INVALID_RISK_UNIT,risk_unit == 0 or non-finite,NQZ18-CME,1111295,2018-09-20 14:28:16.011000+00:00,7598.5,{'stop_loss_price': 7598.5}
INVALID_RISK_UNIT,risk_unit == 0 or non-finite,NQZ18-CME,1332944,2018-09-21 13:31:11.056000+00:00,7625.5,{'stop_loss_price': 7625.5}
INVALID_RISK_UNIT,risk_unit == 0 or non-finite,NQZ18-CME,1409664,2018-09-21 14:30:37.025000+00:00,7585.75,{'stop_loss_price': 7585.75}
INVALID_RISK_UNIT,risk_unit == 0 or non-finite,NQZ18-CME,1409665,2018-09-21 14:30:37.026000+00:00,7585.75,{'stop_loss_price': 7585.75}
INVALID_RISK_UNIT,risk_unit == 0 or non-finite,NQZ18-CME,1409666,2018-09-21 14:30:37.027000+00:00,7585.75,{'stop_loss_price': 7585.75}
INVALID_RISK_UNIT,risk_unit == 0 or non-finite,NQZ18-CME,1409667,2018-09-21 14:30:37.028000+00:00,7585.75,{'stop_loss_price': 7585.75}
INVALID_RISK_UNIT,risk_unit == 0 or non-finite,NQZ18-CME,1409668,2018-09-21 14:30:37.029000+00:00,7585.75,{'stop_loss_price': 7585.75}
INVALID_RISK_UNIT,risk_unit == 0 or non-finite,NQZ18-CME,1409669,2018-09-21 14:30:37.030000+00:00,7585.75,{'stop_loss_price': 7585.75}
INVALID_RISK_UNIT,risk_unit == 0 or non-finite,NQZ18-CME,1433074,2018-09-21 14:59:01+00:00,7588.25,{'stop_loss_price': 7588.25}
INVALID_RISK_UNIT,risk_unit == 0 or non-finite,NQZ18-CME,1433075,2018-09-21 14:59:01.001000+00:00,7588.25,{'stop_loss_price': 7588.25}
INVALID_RISK_UNIT,risk_unit == 0 or non-finite,NQZ18-CME,1433076,2018-09-21 14:59:01.002000+00:00,7588.25,{'stop_loss_price': 7588.25}
INVALID_RISK_UNIT,risk_unit == 0 or non-finite,NQZ18-CME,1433077,2018-09-21 14:59:01.003000+00:00,7588.25,{'stop_loss_price': 7588.25}
INVALID_RISK_UNIT,risk_unit == 0 or non-finite,NQZ18-CME,1433078,2018-09-21 14:59:01.004000+00:00,7588.25,{'stop_loss_price': 7588.25}
INVALID_RISK_UNIT,risk_unit == 0 or non-finite,NQZ18-CME,1451475,2018-09-21 15:24:26+00:00,7595.75,{'stop_loss_price': 7595.75}
INVALID_RISK_UNIT,risk_unit == 0 or non-finite,NQZ18-CME,1451476,2018-09-21 15:24:26.001000+00:00,7595.75,{'stop_loss_price': 7595.75}
INVALID_RISK_UNIT,risk_unit == 0 or non-finite,NQZ18-CME,1451477,2018-09-21 15:24:26.002000+00:00,7595.75,{'stop_loss_price': 7595.75}
INVALID_RISK_UNIT,risk_unit == 0 or non-finite,NQZ18-CME,1451478,2018-09-21 15:24:26.003000+00:00,7595.75,{'stop_loss_price': 7595.75}
INVALID_RISK_UNIT,risk_unit == 0 or non-finite,NQZ18-CME,1451479,2018-09-21 15:24:26.004000+00:00,7595.75,{'stop_loss_price': 7595.75}
INVALID_RISK_UNIT,risk_unit == 0 or non-finite,NQZ18-CME,1451480,2018-09-21 15:24:26.005000+00:00,7595.75,{'stop_loss_price': 7595.75}
INVALID_RISK_UNIT,risk_unit == 0 or non-finite,NQZ18-CME,1451481,2018-09-21 15:24:26.006000+00:00,7595.75,{'stop_loss_price': 7595.75}
INVALID_RISK_UNIT,risk_unit == 0 or non-finite,NQZ18-CME,1451484,2018-09-21 15:24:27.002000+00:00,7595.75,{'stop_loss_price': 7595.75}
INVALID_RISK_UNIT,risk_unit == 0 or non-finite,NQZ18-CME,1479193,2018-09-21 16:28:45.015000+00:00,7606.25,{'stop_loss_price': 7606.25}
INVALID_RISK_UNIT,risk_unit == 0 or non-finite,NQZ18-CME,1479194,2018-09-21 16:28:45.016000+00:00,7606.25,{'stop_loss_price': 7606.25}
INVALID_RISK_UNIT,risk_unit == 0 or non-finite,NQZ18-CME,1479195,2018-09-21 16:28:45.017000+00:00,7606.25,{'stop_loss_price': 7606.25}
INVALID_RISK_UNIT,risk_unit == 0 or non-finite,NQZ18-CME,1479196,2018-09-21 16:28:45.018000+00:00,7606.25,{'stop_loss_price': 7606.25}
INVALID_RISK_UNIT,risk_unit == 0 or non-finite,NQZ18-CME,1479197,2018-09-21 16:28:45.019000+00:00,7606.25,{'stop_loss_price': 7606.25}
INVALID_RISK_UNIT,risk_unit == 0 or non-finite,NQZ18-CME,1479198,2018-09-21 16:28:45.020000+00:00,7606.25,{'stop_loss_price': 7606.25}
INVALID_RISK_UNIT,risk_unit == 0 or non-finite,NQZ18-CME,1491486,2018-09-21 17:05:52.023000+00:00,7595.25,{'stop_loss_price': 7595.25}
INVALID_RISK_UNIT,risk_unit == 0 or non-finite,NQZ18-CME,1491487,2018-09-21 17:05:52.024000+00:00,7595.25,{'stop_loss_price': 7595.25}
INVALID_RISK_UNIT,risk_unit == 0 or non-finite,NQZ18-CME,1491488,2018-09-21 17:05:52.025000+00:00,7595.25,{'stop_loss_price': 7595.25}
INVALID_RISK_UNIT,risk_unit == 0 or non-finite,NQZ18-CME,1491495,2018-09-21 17:05:52.032000+00:00,7595.25,{'stop_loss_price': 7595.25}
INVALID_RISK_UNIT,risk_unit == 0 or non-finite,NQZ18-CME,1491496,2018-09-21 17:05:52.033000+00:00,7595.25,{'stop_loss_price': 7595.25}
INVALID_RISK_UNIT,risk_unit == 0 or non-finite,NQZ18-CME,1491497,2018-09-21 17:05:52.034000+00:00,7595.25,{'stop_loss_price': 7595.25}
INVALID_RISK_UNIT,risk_unit == 0 or non-finite,NQZ18-CME,1491498,2018-09-21 17:05:53+00:00,7595.25,{'stop_loss_price': 7595.25}
INVALID_RISK_UNIT,risk_unit == 0 or non-finite,NQZ18-CME,1491499,2018-09-21 17:05:53.001000+00:00,7595.25,{'stop_loss_price': 7595.25}
INVALID_RISK_UNIT,risk_unit == 0 or non-finite,NQZ18-CME,1491500,2018-09-21 17:05:53.002000+00:00,7595.25,{'stop_loss_price': 7595.25}
INVALID_RISK_UNIT,risk_unit == 0 or non-finite,NQZ18-CME,1491501,2018-09-21 17:05:53.003000+00:00,7595.25,{'stop_loss_price': 7595.25}
INVALID_RISK_UNIT,risk_unit == 0 or non-finite,NQZ18-CME,1491502,2018-09-21 17:05:53.004000+00:00,7595.25,{'stop_loss_price': 7595.25}
INVALID_RISK_UNIT,risk_unit == 0 or non-finite,NQZ18-CME,1491503,2018-09-21 17:05:53.005000+00:00,7595.25,{'stop_loss_price': 7595.25}
INVALID_RISK_UNIT,risk_unit == 0 or non-finite,NQZ18-CME,1491504,2018-09-21 17:05:53.006000+00:00,7595.25,{'stop_loss_price': 7595.25}
INVALID_RISK_UNIT,risk_unit == 0 or non-finite,NQZ18-CME,1491505,2018-09-21 17:05:53.007000+00:00,7595.25,{'stop_loss_price': 7595.25}
INVALID_RISK_UNIT,risk_unit == 0 or non-finite,NQZ18-CME,1519820,2018-09-21 18:48:33.001000+00:00,7574.5,{'stop_loss_price': 7574.5}
INVALID_RISK_UNIT,risk_unit == 0 or non-finite,NQZ18-CME,1519821,2018-09-21 18:48:33.002000+00:00,7574.5,{'stop_loss_price': 7574.5}
INVALID_RISK_UNIT,risk_unit == 0 or non-finite,NQZ18-CME,1519822,2018-09-21 18:48:33.003000+00:00,7574.5,{'stop_loss_price': 7574.5}
INVALID_RISK_UNIT,risk_unit == 0 or non-finite,NQZ18-CME,1519823,2018-09-21 18:48:33.004000+00:00,7574.5,{'stop_loss_price': 7574.5}
INVALID_RISK_UNIT,risk_unit == 0 or non-finite,NQZ18-CME,1519824,2018-09-21 18:48:33.005000+00:00,7574.5,{'stop_loss_price': 7574.5}
INVALID_RISK_UNIT,risk_unit == 0 or non-finite,NQZ18-CME,1519825,2018-09-21 18:48:33.006000+00:00,7574.5,{'stop_loss_price': 7574.5}
INVALID_RISK_UNIT,risk_unit == 0 or non-finite,NQZ18-CME,1519826,2018-09-21 18:48:33.007000+00:00,7574.5,{'stop_loss_price': 7574.5}
INVALID_RISK_UNIT,risk_unit == 0 or non-finite,NQZ18-CME,1526852,2018-09-21 19:03:31.039000+00:00,7567.5,{'stop_loss_price': 7567.5}
INVALID_RISK_UNIT,risk_unit == 0 or non-finite,NQZ18-CME,1526853,2018-09-21 19:03:33+00:00,7567.5,{'stop_loss_price': 7567.5}
INVALID_RISK_UNIT,risk_unit == 0 or non-finite,NQZ18-CME,1526854,2018-09-21 19:03:33.001000+00:00,7567.5,{'stop_loss_price': 7567.5}
INVALID_RISK_UNIT,risk_unit == 0 or non-finite,NQZ18-CME,1526855,2018-09-21 19:03:33.002000+00:00,7567.5,{'stop_loss_price': 7567.5}
INVALID_RISK_UNIT,risk_unit == 0 or non-finite,NQZ18-CME,1526856,2018-09-21 19:03:33.003000+00:00,7567.5,{'stop_loss_price': 7567.5}
INVALID_RISK_UNIT,risk_unit == 0 or non-finite,NQZ18-CME,1526857,2018-09-21 19:03:33.004000+00:00,7567.5,{'stop_loss_price': 7567.5}
INVALID_RISK_UNIT,risk_unit == 0 or non-finite,NQZ18-CME,1526858,2018-09-21 19:03:33.005000+00:00,7567.5,{'stop_loss_price': 7567.5}
INVALID_RISK_UNIT,risk_unit == 0 or non-finite,NQZ18-CME,1526859,2018-09-21 19:03:33.006000+00:00,7567.5,{'stop_loss_price': 7567.5}
INVALID_RISK_UNIT,risk_unit == 0 or non-finite,NQZ18-CME,1552169,2018-09-21 19:53:15.004000+00:00,7561.0,{'stop_loss_price': 7561.0}
INVALID_RISK_UNIT,risk_unit == 0 or non-finite,NQZ18-CME,1552170,2018-09-21 19:53:15.005000+00:00,7561.0,{'stop_loss_price': 7561.0}
INVALID_RISK_UNIT,risk_unit == 0 or non-finite,NQZ18-CME,1552171,2018-09-21 19:53:15.006000+00:00,7561.0,{'stop_loss_price': 7561.0}
INVALID_RISK_UNIT,risk_unit == 0 or non-finite,NQZ18-CME,1552172,2018-09-21 19:53:15.007000+00:00,7561.0,{'stop_loss_price': 7561.0}
INVALID_RISK_UNIT,risk_unit == 0 or non-finite,NQZ18-CME,1552173,2018-09-21 19:53:15.008000+00:00,7561.0,{'stop_loss_price': 7561.0}
INVALID_RISK_UNIT,risk_unit == 0 or non-finite,NQZ18-CME,1552174,2018-09-21 19:53:15.009000+00:00,7561.0,{'stop_loss_price': 7561.0}
INVALID_RISK_UNIT,risk_unit == 0 or non-finite,NQZ18-CME,1552175,2018-09-21 19:53:15.010000+00:00,7561.0,{'stop_loss_price': 7561.0}
INVALID_RISK_UNIT,risk_unit == 0 or non-finite,NQZ18-CME,1552176,2018-09-21 19:53:15.011000+00:00,7561.0,{'stop_loss_price': 7561.0}
INVALID_RISK_UNIT,risk_unit == 0 or non-finite,NQZ18-CME,1552177,2018-09-21 19:53:15.012000+00:00,7561.0,{'stop_loss_price': 7561.0}
INVALID_RISK_UNIT,risk_unit == 0 or non-finite,NQZ18-CME,1552178,2018-09-21 19:53:15.013000+00:00,7561.0,{'stop_loss_price': 7561.0}
INVALID_RISK_UNIT,risk_unit == 0 or non-finite,NQZ18-CME,1552179,2018-09-21 19:53:15.014000+00:00,7561.0,{'stop_loss_price': 7561.0}
INVALID_RISK_UNIT,risk_unit == 0 or non-finite,NQZ18-CME,1552180,2018-09-21 19:53:15.015000+00:00,7561.0,{'stop_loss_price': 7561.0}
INVALID_RISK_UNIT,risk_unit == 0 or non-finite,NQZ18-CME,1552181,2018-09-21 19:53:15.016000+00:00,7561.0,{'stop_loss_price': 7561.0}
INVALID_RISK_UNIT,risk_unit == 0 or non-finite,NQZ18-CME,1552182,2018-09-21 19:53:15.017000+00:00,7561.0,{'stop_loss_price': 7561.0}
INVALID_RISK_UNIT,risk_unit == 0 or non-finite,NQZ18-CME,1552183,2018-09-21 19:53:15.018000+00:00,7561.0,{'stop_loss_price': 7561.0}
INVALID_RISK_UNIT,risk_unit == 0 or non-finite,NQZ18-CME,1552184,2018-09-21 19:53:15.019000+00:00,7561.0,{'stop_loss_price': 7561.0}
INVALID_RISK_UNIT,risk_unit == 0 or non-finite,NQZ18-CME,1552185,2018-09-21 19:53:16+00:00,7561.0,{'stop_loss_price': 7561.0}
INVALID_RISK_UNIT,risk_unit == 0 or non-finite,NQZ18-CME,1552186,2018-09-21 19:53:16.001000+00:00,7561.0,{'stop_loss_price': 7561.0}
INVALID_RISK_UNIT,risk_unit == 0 or non-finite,NQZ18-CME,1552187,2018-09-21 19:53:16.002000+00:00,7561.0,{'stop_loss_price': 7561.0}
INVALID_RISK_UNIT,risk_unit == 0 or non-finite,NQZ18-CME,1552188,2018-09-21 19:53:17+00:00,7561.0,{'stop_loss_price': 7561.0}
INVALID_RISK_UNIT,risk_unit == 0 or non-finite,NQZ18-CME,1552189,2018-09-21 19:53:17.001000+00:00,7561.0,{'stop_loss_price': 7561.0}
INVALID_RISK_UNIT,risk_unit == 0 or non-finite,NQZ18-CME,1552190,2018-09-21 19:53:17.002000+00:00,7561.0,{'stop_loss_price': 7561.0}
INVALID_RISK_UNIT,risk_unit == 0 or non-finite,NQZ18-CME,1552191,2018-09-21 19:53:17.003000+00:00,7561.0,{'stop_loss_price': 7561.0}
INVALID_RISK_UNIT,risk_unit == 0 or non-finite,NQZ18-CME,1552192,2018-09-21 19:53:17.004000+00:00,7561.0,{'stop_loss_price': 7561.0}
INVALID_RISK_UNIT,risk_unit == 0 or non-finite,NQZ18-CME,1552193,2018-09-21 19:53:17.005000+00:00,7561.0,{'stop_loss_price': 7561.0}
INVALID_RISK_UNIT,risk_unit == 0 or non-finite,NQZ18-CME,1552194,2018-09-21 19:53:17.006000+00:00,7561.0,{'stop_loss_price': 7561.0}
INVALID_RISK_UNIT,risk_unit == 0 or non-finite,NQZ18-CME,1552195,2018-09-21 19:53:17.007000+00:00,7561.0,{'stop_loss_price': 7561.0}
INVALID_RISK_UNIT,risk_unit == 0 or non-finite,NQZ18-CME,1552196,2018-09-21 19:53:17.008000+00:00,7561.0,{'stop_loss_price': 7561.0}
INVALID_RISK_UNIT,risk_unit == 0 or non-finite,NQZ18-CME,1552197,2018-09-21 19:53:17.009000+00:00,7561.0,{'stop_loss_price': 7561.0}
INVALID_RISK_UNIT,risk_unit == 0 or non-finite,NQZ18-CME,1578136,2018-09-23 22:40:50+00:00,7524.25,{'stop_loss_price': 7524.25}
INVALID_RISK_UNIT,risk_unit == 0 or non-finite,NQZ18-CME,1626689,2018-09-24 13:31:30.056000+00:00,7495.5,{'stop_loss_price': 7495.5}
INVALID_RISK_UNIT,risk_unit == 0 or non-finite,NQZ18-CME,1626690,2018-09-24 13:31:30.057000+00:00,7495.5,{'stop_loss_price': 7495.5}
INVALID_RISK_UNIT,risk_unit == 0 or non-finite,NQZ18-CME,1626691,2018-09-24 13:31:30.058000+00:00,7495.5,{'stop_loss_price': 7495.5}
INVALID_RISK_UNIT,risk_unit == 0 or non-finite,NQZ18-CME,1626692,2018-09-24 13:31:30.059000+00:00,7495.5,{'stop_loss_price': 7495.5}
INVALID_RISK_UNIT,risk_unit == 0 or non-finite,NQZ18-CME,1626693,2018-09-24 13:31:30.060000+00:00,7495.5,{'stop_loss_price': 7495.5}
INVALID_RISK_UNIT,risk_unit == 0 or non-finite,NQZ18-CME,1626694,2018-09-24 13:31:30.061000+00:00,7495.5,{'stop_loss_price': 7495.5}
INVALID_RISK_UNIT,risk_unit == 0 or non-finite,NQZ18-CME,1626695,2018-09-24 13:31:30.062000+00:00,7495.5,{'stop_loss_price': 7495.5}
INVALID_RISK_UNIT,risk_unit == 0 or non-finite,NQZ18-CME,1626696,2018-09-24 13:31:30.063000+00:00,7495.5,{'stop_loss_price': 7495.5}
INVALID_RISK_UNIT,risk_unit == 0 or non-finite,NQZ18-CME,1626697,2018-09-24 13:31:30.064000+00:00,7495.5,{'stop_loss_price': 7495.5}
INVALID_RISK_UNIT,risk_unit == 0 or non-finite,NQZ18-CME,1626698,2018-09-24 13:31:30.065000+00:00,7495.5,{'stop_loss_price': 7495.5}
INVALID_RISK_UNIT,risk_unit == 0 or non-finite,NQZ18-CME,1626699,2018-09-24 13:31:30.066000+00:00,7495.5,{'stop_loss_price': 7495.5}
INVALID_RISK_UNIT,risk_unit == 0 or non-finite,NQZ18-CME,1626700,2018-09-24 13:31:30.067000+00:00,7495.5,{'stop_loss_price': 7495.5}
INVALID_RISK_UNIT,risk_unit == 0 or non-finite,NQZ18-CME,1626701,2018-09-24 13:31:30.068000+00:00,7495.5,{'stop_loss_price': 7495.5}
INVALID_RISK_UNIT,risk_unit == 0 or non-finite,NQZ18-CME,1626702,2018-09-24 13:31:30.069000+00:00,7495.5,{'stop_loss_price': 7495.5}
INVALID_RISK_UNIT,risk_unit == 0 or non-finite,NQZ18-CME,1639543,2018-09-24 13:34:34.008000+00:00,7480.0,{'stop_loss_price': 7480.0}
INVALID_RISK_UNIT,risk_unit == 0 or non-finite,NQZ18-CME,1639544,2018-09-24 13:34:34.009000+00:00,7480.0,{'stop_loss_price': 7480.0}
INVALID_RISK_UNIT,risk_unit == 0 or non-finite,NQZ18-CME,1639545,2018-09-24 13:34:34.010000+00:00,7480.0,{'stop_loss_price': 7480.0}
INVALID_RISK_UNIT,risk_unit == 0 or non-finite,NQZ18-CME,1703778,2018-09-24 14:13:53.007000+00:00,7532.0,{'stop_loss_price': 7532.0}
INVALID_RISK_UNIT,risk_unit == 0 or non-finite,NQZ18-CME,1703779,2018-09-24 14:13:53.008000+00:00,7532.0,{'stop_loss_price': 7532.0}
INVALID_RISK_UNIT,risk_unit == 0 or non-finite,NQZ18-CME,1703780,2018-09-24 14:13:53.009000+00:00,7532.0,{'stop_loss_price': 7532.0}
INVALID_RISK_UNIT,risk_unit == 0 or non-finite,NQZ18-CME,1748250,2018-09-24 14:46:09.002000+00:00,7524.0,{'stop_loss_price': 7524.0}
INVALID_RISK_UNIT,risk_unit == 0 or non-finite,NQZ18-CME,1748251,2018-09-24 14:46:09.003000+00:00,7524.0,{'stop_loss_price': 7524.0}
INVALID_RISK_UNIT,risk_unit == 0 or non-finite,NQZ18-CME,1748252,2018-09-24 14:46:09.004000+00:00,7524.0,{'stop_loss_price': 7524.0}
INVALID_RISK_UNIT,risk_unit == 0 or non-finite,NQZ18-CME,1748253,2018-09-24 14:46:09.005000+00:00,7524.0,{'stop_loss_price': 7524.0}
INVALID_RISK_UNIT,risk_unit == 0 or non-finite,NQZ18-CME,1748254,2018-09-24 14:46:09.006000+00:00,7524.0,{'stop_loss_price': 7524.0}
INVALID_RISK_UNIT,risk_unit == 0 or non-finite,NQZ18-CME,1748255,2018-09-24 14:46:09.007000+00:00,7524.0,{'stop_loss_price': 7524.0}
INVALID_RISK_UNIT,risk_unit == 0 or non-finite,NQZ18-CME,1748256,2018-09-24 14:46:09.008000+00:00,7524.0,{'stop_loss_price': 7524.0}
INVALID_RISK_UNIT,risk_unit == 0 or non-finite,NQZ18-CME,1762894,2018-09-24 14:58:45.003000+00:00,7529.5,{'stop_loss_price': 7529.5}
INVALID_RISK_UNIT,risk_unit == 0 or non-finite,NQZ18-CME,1762895,2018-09-24 14:58:45.004000+00:00,7529.5,{'stop_loss_price': 7529.5}
INVALID_RISK_UNIT,risk_unit == 0 or non-finite,NQZ18-CME,1762897,2018-09-24 14:58:45.006000+00:00,7529.5,{'stop_loss_price': 7529.5}
INVALID_RISK_UNIT,risk_unit == 0 or non-finite,NQZ18-CME,1764677,2018-09-24 15:00:10.008000+00:00,7537.5,{'stop_loss_price': 7537.5}
INVALID_RISK_UNIT,risk_unit == 0 or non-finite,NQZ18-CME,1764678,2018-09-24 15:00:10.009000+00:00,7537.5,{'stop_loss_price': 7537.5}
INVALID_RISK_UNIT,risk_unit == 0 or non-finite,NQZ18-CME,1764693,2018-09-24 15:00:11.004000+00:00,7537.5,{'stop_loss_price': 7537.5}
INVALID_RISK_UNIT,risk_unit == 0 or non-finite,NQZ18-CME,1790784,2018-09-24 15:26:40.019000+00:00,7564.0,{'stop_loss_price': 7564.0}
INVALID_RISK_UNIT,risk_unit == 0 or non-finite,NQZ18-CME,1790785,2018-09-24 15:26:40.020000+00:00,7564.0,{'stop_loss_price': 7564.0}
INVALID_RISK_UNIT,risk_unit == 0 or non-finite,NQZ18-CME,1790786,2018-09-24 15:26:40.021000+00:00,7564.0,{'stop_loss_price': 7564.0}
INVALID_RISK_UNIT,risk_unit == 0 or non-finite,NQZ18-CME,1790787,2018-09-24 15:26:40.022000+00:00,7564.0,{'stop_loss_price': 7564.0}
INVALID_RISK_UNIT,risk_unit == 0 or non-finite,NQZ18-CME,1790788,2018-09-24 15:26:40.023000+00:00,7564.0,{'stop_loss_price': 7564.0}
INVALID_RISK_UNIT,risk_unit == 0 or non-finite,NQZ18-CME,1790789,2018-09-24 15:26:40.024000+00:00,7564.0,{'stop_loss_price': 7564.0}
INVALID_RISK_UNIT,risk_unit == 0 or non-finite,NQZ18-CME,1790790,2018-09-24 15:26:40.025000+00:00,7564.0,{'stop_loss_price': 7564.0}
INVALID_RISK_UNIT,risk_unit == 0 or non-finite,NQZ18-CME,1837038,2018-09-24 17:22:53+00:00,7560.75,{'stop_loss_price': 7560.75}
INVALID_RISK_UNIT,risk_unit == 0 or non-finite,NQZ18-CME,1837039,2018-09-24 17:22:53.001000+00:00,7560.75,{'stop_loss_price': 7560.75}
INVALID_RISK_UNIT,risk_unit == 0 or non-finite,NQZ18-CME,1837040,2018-09-24 17:22:53.002000+00:00,7560.75,{'stop_loss_price': 7560.75}
INVALID_RISK_UNIT,risk_unit == 0 or non-finite,NQZ18-CME,1837041,2018-09-24 17:22:53.003000+00:00,7560.75,{'stop_loss_price': 7560.75}
INVALID_RISK_UNIT,risk_unit == 0 or non-finite,NQZ18-CME,1837042,2018-09-24 17:22:53.004000+00:00,7560.75,{'stop_loss_price': 7560.75}
INVALID_RISK_UNIT,risk_unit == 0 or non-finite,NQZ18-CME,1837043,2018-09-24 17:22:53.005000+00:00,7560.75,{'stop_loss_price': 7560.75}
INVALID_RISK_UNIT,risk_unit == 0 or non-finite,NQZ18-CME,1837044,2018-09-24 17:22:53.006000+00:00,7560.75,{'stop_loss_price': 7560.75}
INVALID_RISK_UNIT,risk_unit == 0 or non-finite,NQZ18-CME,1837046,2018-09-24 17:22:55+00:00,7560.75,{'stop_loss_price': 7560.75}
INVALID_RISK_UNIT,risk_unit == 0 or non-finite,NQZ18-CME,1940556,2018-09-25 13:30:53.005000+00:00,7581.25,{'stop_loss_price': 7581.25}
INVALID_RISK_UNIT,risk_unit == 0 or non-finite,NQZ18-CME,1956915,2018-09-25 13:35:22+00:00,7568.75,{'stop_loss_price': 7568.75}
INVALID_RISK_UNIT,risk_unit == 0 or non-finite,NQZ18-CME,1956916,2018-09-25 13:35:22.001000+00:00,7568.75,{'stop_loss_price': 7568.75}
INVALID_RISK_UNIT,risk_unit == 0 or non-finite,NQZ18-CME,1956920,2018-09-25 13:35:22.005000+00:00,7568.75,{'stop_loss_price': 7568.75}
INVALID_RISK_UNIT,risk_unit == 0 or non-finite,NQZ18-CME,2024636,2018-09-25 14:41:01.025000+00:00,7578.0,{'stop_loss_price': 7578.0}
INVALID_RISK_UNIT,risk_unit == 0 or non-finite,NQZ18-CME,2024637,2018-09-25 14:41:01.026000+00:00,7578.0,{'stop_loss_price': 7578.0}
INVALID_RISK_UNIT,risk_unit == 0 or non-finite,NQZ18-CME,2024638,2018-09-25 14:41:01.027000+00:00,7578.0,{'stop_loss_price': 7578.0}
INVALID_RISK_UNIT,risk_unit == 0 or non-finite,NQZ18-CME,2024639,2018-09-25 14:41:01.028000+00:00,7578.0,{'stop_loss_price': 7578.0}
INVALID_RISK_UNIT,risk_unit == 0 or non-finite,NQZ18-CME,2024640,2018-09-25 14:41:01.029000+00:00,7578.0,{'stop_loss_price': 7578.0}
INVALID_RISK_UNIT,risk_unit == 0 or non-finite,NQZ18-CME,2024641,2018-09-25 14:41:01.030000+00:00,7578.0,{'stop_loss_price': 7578.0}
INVALID_RISK_UNIT,risk_unit == 0 or non-finite,NQZ18-CME,2024642,2018-09-25 14:41:01.031000+00:00,7578.0,{'stop_loss_price': 7578.0}
INVALID_RISK_UNIT,risk_unit == 0 or non-finite,NQZ18-CME,2024643,2018-09-25 14:41:01.032000+00:00,7578.0,{'stop_loss_price': 7578.0}
INVALID_RISK_UNIT,risk_unit == 0 or non-finite,NQZ18-CME,2024644,2018-09-25 14:41:01.033000+00:00,7578.0,{'stop_loss_price': 7578.0}
INVALID_RISK_UNIT,risk_unit == 0 or non-finite,NQZ18-CME,2024645,2018-09-25 14:41:01.034000+00:00,7578.0,{'stop_loss_price': 7578.0}
INVALID_RISK_UNIT,risk_unit == 0 or non-finite,NQZ18-CME,2024646,2018-09-25 14:41:01.035000+00:00,7578.0,{'stop_loss_price': 7578.0}
INVALID_RISK_UNIT,risk_unit == 0 or non-finite,NQZ18-CME,2024647,2018-09-25 14:41:01.036000+00:00,7578.0,{'stop_loss_price': 7578.0}
INVALID_RISK_UNIT,risk_unit == 0 or non-finite,NQZ18-CME,2024648,2018-09-25 14:41:01.037000+00:00,7578.0,{'stop_loss_price': 7578.0}
INVALID_RISK_UNIT,risk_unit == 0 or non-finite,NQZ18-CME,2024665,2018-09-25 14:41:04+00:00,7578.0,{'stop_loss_price': 7578.0}
INVALID_RISK_UNIT,risk_unit == 0 or non-finite,NQZ18-CME,2024666,2018-09-25 14:41:04.001000+00:00,7578.0,{'stop_loss_price': 7578.0}
INVALID_RISK_UNIT,risk_unit == 0 or non-finite,NQZ18-CME,2024667,2018-09-25 14:41:04.002000+00:00,7578.0,{'stop_loss_price': 7578.0}
INVALID_RISK_UNIT,risk_unit == 0 or non-finite,NQZ18-CME,2024670,2018-09-25 14:41:05.002000+00:00,7578.0,{'stop_loss_price': 7578.0}
INVALID_RISK_UNIT,risk_unit == 0 or non-finite,NQZ18-CME,2024671,2018-09-25 14:41:06+00:00,7578.0,{'stop_loss_price': 7578.0}
INVALID_RISK_UNIT,risk_unit == 0 or non-finite,NQZ18-CME,2025395,2018-09-25 14:42:23.016000+00:00,7577.5,{'stop_loss_price': 7577.5}
INVALID_RISK_UNIT,risk_unit == 0 or non-finite,NQZ18-CME,2089653,2018-09-25 16:58:41+00:00,7580.5,{'stop_loss_price': 7580.5}
INVALID_RISK_UNIT,risk_unit == 0 or non-finite,NQZ18-CME,2089654,2018-09-25 16:58:41.001000+00:00,7580.5,{'stop_loss_price': 7580.5}
INVALID_RISK_UNIT,risk_unit == 0 or non-finite,NQZ18-CME,2089655,2018-09-25 16:58:41.002000+00:00,7580.5,{'stop_loss_price': 7580.5}
INVALID_RISK_UNIT,risk_unit == 0 or non-finite,NQZ18-CME,2089656,2018-09-25 16:58:41.003000+00:00,7580.5,{'stop_loss_price': 7580.5}
INVALID_RISK_UNIT,risk_unit == 0 or non-finite,NQZ18-CME,2089657,2018-09-25 16:58:41.004000+00:00,7580.5,{'stop_loss_price': 7580.5}
INVALID_RISK_UNIT,risk_unit == 0 or non-finite,NQZ18-CME,2089658,2018-09-25 16:58:41.005000+00:00,7580.5,{'stop_loss_price': 7580.5}
INVALID_RISK_UNIT,risk_unit == 0 or non-finite,NQZ18-CME,2089659,2018-09-25 16:58:41.006000+00:00,7580.5,{'stop_loss_price': 7580.5}
INVALID_RISK_UNIT,risk_unit == 0 or non-finite,NQZ18-CME,2089660,2018-09-25 16:58:41.007000+00:00,7580.5,{'stop_loss_price': 7580.5}
INVALID_RISK_UNIT,risk_unit == 0 or non-finite,NQZ18-CME,2089661,2018-09-25 16:58:44+00:00,7580.5,{'stop_loss_price': 7580.5}
INVALID_RISK_UNIT,risk_unit == 0 or non-finite,NQZ18-CME,2089662,2018-09-25 16:58:44.001000+00:00,7580.5,{'stop_loss_price': 7580.5}
INVALID_RISK_UNIT,risk_unit == 0 or non-finite,NQZ18-CME,2089663,2018-09-25 16:58:44.002000+00:00,7580.5,{'stop_loss_price': 7580.5}
INVALID_RISK_UNIT,risk_unit == 0 or non-finite,NQZ18-CME,2089675,2018-09-25 16:59:02+00:00,7580.5,{'stop_loss_price': 7580.5}
INVALID_RISK_UNIT,risk_unit == 0 or non-finite,NQZ18-CME,2089676,2018-09-25 16:59:02.001000+00:00,7580.5,{'stop_loss_price': 7580.5}
INVALID_RISK_UNIT,risk_unit == 0 or non-finite,NQZ18-CME,2089677,2018-09-25 16:59:03+00:00,7580.5,{'stop_loss_price': 7580.5}
INVALID_RISK_UNIT,risk_unit == 0 or non-finite,NQZ18-CME,2089678,2018-09-25 16:59:06+00:00,7580.5,{'stop_loss_price': 7580.5}
INVALID_RISK_UNIT,risk_unit == 0 or non-finite,NQZ18-CME,2089679,2018-09-25 16:59:06.001000+00:00,7580.5,{'stop_loss_price': 7580.5}
INVALID_RISK_UNIT,risk_unit == 0 or non-finite,NQZ18-CME,2089680,2018-09-25 16:59:06.002000+00:00,7580.5,{'stop_loss_price': 7580.5}
INVALID_RISK_UNIT,risk_unit == 0 or non-finite,NQZ18-CME,2089681,2018-09-25 16:59:06.003000+00:00,7580.5,{'stop_loss_price': 7580.5}
INVALID_RISK_UNIT,risk_unit == 0 or non-finite,NQZ18-CME,2089683,2018-09-25 16:59:07.001000+00:00,7580.5,{'stop_loss_price': 7580.5}
INVALID_RISK_UNIT,risk_unit == 0 or non-finite,NQZ18-CME,2092399,2018-09-25 17:06:00.007000+00:00,7585.25,{'stop_loss_price': 7585.25}
INVALID_RISK_UNIT,risk_unit == 0 or non-finite,NQZ18-CME,2092400,2018-09-25 17:06:00.008000+00:00,7585.25,{'stop_loss_price': 7585.25}
INVALID_RISK_UNIT,risk_unit == 0 or non-finite,NQZ18-CME,2092401,2018-09-25 17:06:00.009000+00:00,7585.25,{'stop_loss_price': 7585.25}
INVALID_RISK_UNIT,risk_unit == 0 or non-finite,NQZ18-CME,2092402,2018-09-25 17:06:00.010000+00:00,7585.25,{'stop_loss_price': 7585.25}
INVALID_RISK_UNIT,risk_unit == 0 or non-finite,NQZ18-CME,2092403,2018-09-25 17:06:00.011000+00:00,7585.25,{'stop_loss_price': 7585.25}
INVALID_RISK_UNIT,risk_unit == 0 or non-finite,NQZ18-CME,2092404,2018-09-25 17:06:00.012000+00:00,7585.25,{'stop_loss_price': 7585.25}
INVALID_RISK_UNIT,risk_unit == 0 or non-finite,NQZ18-CME,2092405,2018-09-25 17:06:00.013000+00:00,7585.25,{'stop_loss_price': 7585.25}
INVALID_RISK_UNIT,risk_unit == 0 or non-finite,NQZ18-CME,2092406,2018-09-25 17:06:00.014000+00:00,7585.25,{'stop_loss_price': 7585.25}
INVALID_RISK_UNIT,risk_unit == 0 or non-finite,NQZ18-CME,2092407,2018-09-25 17:06:00.015000+00:00,7585.25,{'stop_loss_price': 7585.25}
INVALID_RISK_UNIT,risk_unit == 0 or non-finite,NQZ18-CME,2092408,2018-09-25 17:06:00.016000+00:00,7585.25,{'stop_loss_price': 7585.25}
INVALID_RISK_UNIT,risk_unit == 0 or non-finite,NQZ18-CME,2092409,2018-09-25 17:06:00.017000+00:00,7585.25,{'stop_loss_price': 7585.25}
INVALID_RISK_UNIT,risk_unit == 0 or non-finite,NQZ18-CME,2092410,2018-09-25 17:06:00.018000+00:00,7585.25,{'stop_loss_price': 7585.25}
INVALID_RISK_UNIT,risk_unit == 0 or non-finite,NQZ18-CME,2092411,2018-09-25 17:06:00.019000+00:00,7585.25,{'stop_loss_price': 7585.25}
INVALID_RISK_UNIT,risk_unit == 0 or non-finite,NQZ18-CME,2092412,2018-09-25 17:06:00.020000+00:00,7585.25,{'stop_loss_price': 7585.25}
INVALID_RISK_UNIT,risk_unit == 0 or non-finite,NQZ18-CME,2092413,2018-09-25 17:06:00.021000+00:00,7585.25,{'stop_loss_price': 7585.25}
INVALID_RISK_UNIT,risk_unit == 0 or non-finite,NQZ18-CME,2092414,2018-09-25 17:06:00.022000+00:00,7585.25,{'stop_loss_price': 7585.25}
INVALID_RISK_UNIT,risk_unit == 0 or non-finite,NQZ18-CME,2092415,2018-09-25 17:06:00.023000+00:00,7585.25,{'stop_loss_price': 7585.25}
INVALID_RISK_UNIT,risk_unit == 0 or non-finite,NQZ18-CME,2092416,2018-09-25 17:06:00.024000+00:00,7585.25,{'stop_loss_price': 7585.25}
INVALID_RISK_UNIT,risk_unit == 0 or non-finite,NQZ18-CME,2092417,2018-09-25 17:06:00.025000+00:00,7585.25,{'stop_loss_price': 7585.25}
INVALID_RISK_UNIT,risk_unit == 0 or non-finite,NQZ18-CME,2092418,2018-09-25 17:06:00.026000+00:00,7585.25,{'stop_loss_price': 7585.25}
INVALID_RISK_UNIT,risk_unit == 0 or non-finite,NQZ18-CME,2092419,2018-09-25 17:06:00.027000+00:00,7585.25,{'stop_loss_price': 7585.25}
INVALID_RISK_UNIT,risk_unit == 0 or non-finite,NQZ18-CME,2144093,2018-09-25 19:33:41.010000+00:00,7595.5,{'stop_loss_price': 7595.5}
INVALID_RISK_UNIT,risk_unit == 0 or non-finite,NQZ18-CME,2144094,2018-09-25 19:33:42+00:00,7595.5,{'stop_loss_price': 7595.5}
INVALID_RISK_UNIT,risk_unit == 0 or non-finite,NQZ18-CME,2144095,2018-09-25 19:33:42.001000+00:00,7595.5,{'stop_loss_price': 7595.5}
INVALID_RISK_UNIT,risk_unit == 0 or non-finite,NQZ18-CME,2144096,2018-09-25 19:33:42.002000+00:00,7595.5,{'stop_loss_price': 7595.5}
INVALID_RISK_UNIT,risk_unit == 0 or non-finite,NQZ18-CME,2144097,2018-09-25 19:33:42.003000+00:00,7595.5,{'stop_loss_price': 7595.5}
INVALID_RISK_UNIT,risk_unit == 0 or non-finite,NQZ18-CME,2144098,2018-09-25 19:33:42.004000+00:00,7595.5,{'stop_loss_price': 7595.5}
INVALID_RISK_UNIT,risk_unit == 0 or non-finite,NQZ18-CME,2209703,2018-09-26 13:31:40.003000+00:00,7603.75,{'stop_loss_price': 7603.75}
INVALID_RISK_UNIT,risk_unit == 0 or non-finite,NQZ18-CME,2338830,2018-09-26 17:38:41.006000+00:00,7630.25,{'stop_loss_price': 7630.25}
INVALID_RISK_UNIT,risk_unit == 0 or non-finite,NQZ18-CME,2338831,2018-09-26 17:38:41.007000+00:00,7630.25,{'stop_loss_price': 7630.25}
INVALID_RISK_UNIT,risk_unit == 0 or non-finite,NQZ18-CME,2338832,2018-09-26 17:38:41.008000+00:00,7630.25,{'stop_loss_price': 7630.25}
INVALID_RISK_UNIT,risk_unit == 0 or non-finite,NQZ18-CME,2338833,2018-09-26 17:38:41.009000+00:00,7630.25,{'stop_loss_price': 7630.25}
INVALID_RISK_UNIT,risk_unit == 0 or non-finite,NQZ18-CME,2338834,2018-09-26 17:38:41.010000+00:00,7630.25,{'stop_loss_price': 7630.25}
INVALID_RISK_UNIT,risk_unit == 0 or non-finite,NQZ18-CME,2338835,2018-09-26 17:38:41.011000+00:00,7630.25,{'stop_loss_price': 7630.25}
INVALID_RISK_UNIT,risk_unit == 0 or non-finite,NQZ18-CME,2338836,2018-09-26 17:38:41.012000+00:00,7630.25,{'stop_loss_price': 7630.25}
INVALID_RISK_UNIT,risk_unit == 0 or non-finite,NQZ18-CME,2338837,2018-09-26 17:38:41.013000+00:00,7630.25,{'stop_loss_price': 7630.25}
INVALID_RISK_UNIT,risk_unit == 0 or non-finite,NQZ18-CME,2338838,2018-09-26 17:38:41.014000+00:00,7630.25,{'stop_loss_price': 7630.25}
INVALID_RISK_UNIT,risk_unit == 0 or non-finite,NQZ18-CME,2338839,2018-09-26 17:38:41.015000+00:00,7630.25,{'stop_loss_price': 7630.25}
INVALID_RISK_UNIT,risk_unit == 0 or non-finite,NQZ18-CME,2338840,2018-09-26 17:38:41.016000+00:00,7630.25,{'stop_loss_price': 7630.25}
INVALID_RISK_UNIT,risk_unit == 0 or non-finite,NQZ18-CME,2338841,2018-09-26 17:38:41.017000+00:00,7630.25,{'stop_loss_price': 7630.25}
INVALID_RISK_UNIT,risk_unit == 0 or non-finite,NQZ18-CME,2338842,2018-09-26 17:38:41.018000+00:00,7630.25,{'stop_loss_price': 7630.25}
INVALID_RISK_UNIT,risk_unit == 0 or non-finite,NQZ18-CME,2338843,2018-09-26 17:38:41.019000+00:00,7630.25,{'stop_loss_price': 7630.25}
INVALID_RISK_UNIT,risk_unit == 0 or non-finite,NQZ18-CME,2338844,2018-09-26 17:38:41.020000+00:00,7630.25,{'stop_loss_price': 7630.25}
INVALID_RISK_UNIT,risk_unit == 0 or non-finite,NQZ18-CME,2338845,2018-09-26 17:38:41.021000+00:00,7630.25,{'stop_loss_price': 7630.25}
INVALID_RISK_UNIT,risk_unit == 0 or non-finite,NQZ18-CME,2338846,2018-09-26 17:38:41.022000+00:00,7630.25,{'stop_loss_price': 7630.25}
INVALID_RISK_UNIT,risk_unit == 0 or non-finite,NQZ18-CME,2338847,2018-09-26 17:38:41.023000+00:00,7630.25,{'stop_loss_price': 7630.25}
INVALID_RISK_UNIT,risk_unit == 0 or non-finite,NQZ18-CME,2338848,2018-09-26 17:38:41.024000+00:00,7630.25,{'stop_loss_price': 7630.25}
INVALID_RISK_UNIT,risk_unit == 0 or non-finite,NQZ18-CME,2338849,2018-09-26 17:38:41.025000+00:00,7630.25,{'stop_loss_price': 7630.25}
INVALID_RISK_UNIT,risk_unit == 0 or non-finite,NQZ18-CME,2338850,2018-09-26 17:38:41.026000+00:00,7630.25,{'stop_loss_price': 7630.25}
INVALID_RISK_UNIT,risk_unit == 0 or non-finite,NQZ18-CME,2338851,2018-09-26 17:38:41.027000+00:00,7630.25,{'stop_loss_price': 7630.25}
INVALID_RISK_UNIT,risk_unit == 0 or non-finite,NQZ18-CME,2338852,2018-09-26 17:38:41.028000+00:00,7630.25,{'stop_loss_price': 7630.25}
INVALID_RISK_UNIT,risk_unit == 0 or non-finite,NQZ18-CME,2338862,2018-09-26 17:38:44.001000+00:00,7630.25,{'stop_loss_price': 7630.25}
INVALID_RISK_UNIT,risk_unit == 0 or non-finite,NQZ18-CME,2338863,2018-09-26 17:38:44.002000+00:00,7630.25,{'stop_loss_price': 7630.25}
INVALID_RISK_UNIT,risk_unit == 0 or non-finite,NQZ18-CME,2338864,2018-09-26 17:38:45+00:00,7630.25,{'stop_loss_price': 7630.25}
INVALID_RISK_UNIT,risk_unit == 0 or non-finite,NQZ18-CME,2338865,2018-09-26 17:38:45.001000+00:00,7630.25,{'stop_loss_price': 7630.25}
INVALID_RISK_UNIT,risk_unit == 0 or non-finite,NQZ18-CME,2339987,2018-09-26 17:42:51+00:00,7629.75,{'stop_loss_price': 7629.75}
INVALID_RISK_UNIT,risk_unit == 0 or non-finite,NQZ18-CME,2339988,2018-09-26 17:42:51.001000+00:00,7629.75,{'stop_loss_price': 7629.75}
INVALID_RISK_UNIT,risk_unit == 0 or non-finite,NQZ18-CME,2339989,2018-09-26 17:42:51.002000+00:00,7629.75,{'stop_loss_price': 7629.75}
INVALID_RISK_UNIT,risk_unit == 0 or non-finite,NQZ18-CME,2339990,2018-09-26 17:42:51.003000+00:00,7629.75,{'stop_loss_price': 7629.75}
INVALID_RISK_UNIT,risk_unit == 0 or non-finite,NQZ18-CME,2339994,2018-09-26 17:42:56+00:00,7629.75,{'stop_loss_price': 7629.75}
INVALID_RISK_UNIT,risk_unit == 0 or non-finite,NQZ18-CME,2339995,2018-09-26 17:42:56.001000+00:00,7629.75,{'stop_loss_price': 7629.75}
INVALID_RISK_UNIT,risk_unit == 0 or non-finite,NQZ18-CME,2339996,2018-09-26 17:42:56.002000+00:00,7629.75,{'stop_loss_price': 7629.75}
INVALID_RISK_UNIT,risk_unit == 0 or non-finite,NQZ18-CME,2339997,2018-09-26 17:42:56.003000+00:00,7629.75,{'stop_loss_price': 7629.75}
INVALID_RISK_UNIT,risk_unit == 0 or non-finite,NQZ18-CME,2339998,2018-09-26 17:42:56.004000+00:00,7629.75,{'stop_loss_price': 7629.75}
INVALID_RISK_UNIT,risk_unit == 0 or non-finite,NQZ18-CME,2339999,2018-09-26 17:42:56.005000+00:00,7629.75,{'stop_loss_price': 7629.75}
INVALID_RISK_UNIT,risk_unit == 0 or non-finite,NQZ18-CME,2340000,2018-09-26 17:42:56.006000+00:00,7629.75,{'stop_loss_price': 7629.75}
INVALID_RISK_UNIT,risk_unit == 0 or non-finite,NQZ18-CME,2340007,2018-09-26 17:43:03.004000+00:00,7629.75,{'stop_loss_price': 7629.75}
INVALID_RISK_UNIT,risk_unit == 0 or non-finite,NQZ18-CME,2343786,2018-09-26 17:59:02+00:00,7632.5,{'stop_loss_price': 7632.5}
INVALID_RISK_UNIT,risk_unit == 0 or non-finite,NQZ18-CME,2345817,2018-09-26 18:01:43+00:00,7634.25,{'stop_loss_price': 7634.25}
INVALID_RISK_UNIT,risk_unit == 0 or non-finite,NQZ18-CME,2345818,2018-09-26 18:01:43.001000+00:00,7634.25,{'stop_loss_price': 7634.25}
INVALID_RISK_UNIT,risk_unit == 0 or non-finite,NQZ18-CME,2345819,2018-09-26 18:01:43.002000+00:00,7634.25,{'stop_loss_price': 7634.25}
INVALID_RISK_UNIT,risk_unit == 0 or non-finite,NQZ18-CME,2345820,2018-09-26 18:01:43.003000+00:00,7634.25,{'stop_loss_price': 7634.25}
INVALID_RISK_UNIT,risk_unit == 0 or non-finite,NQZ18-CME,2345821,2018-09-26 18:01:43.004000+00:00,7634.25,{'stop_loss_price': 7634.25}
INVALID_RISK_UNIT,risk_unit == 0 or non-finite,NQZ18-CME,2354177,2018-09-26 18:04:35.115000+00:00,7654.5,{'stop_loss_price': 7654.5}
INVALID_RISK_UNIT,risk_unit == 0 or non-finite,NQZ18-CME,2354178,2018-09-26 18:04:35.116000+00:00,7654.5,{'stop_loss_price': 7654.5}
INVALID_RISK_UNIT,risk_unit == 0 or non-finite,NQZ18-CME,2369977,2018-09-26 18:18:33.018000+00:00,7665.25,{'stop_loss_price': 7665.25}
INVALID_RISK_UNIT,risk_unit == 0 or non-finite,NQZ18-CME,2444943,2018-09-26 19:48:03.010000+00:00,7593.75,{'stop_loss_price': 7593.75}
INVALID_RISK_UNIT,risk_unit == 0 or non-finite,NQZ18-CME,2444944,2018-09-26 19:48:03.011000+00:00,7593.75,{'stop_loss_price': 7593.75}
INVALID_RISK_UNIT,risk_unit == 0 or non-finite,NQZ18-CME,2444945,2018-09-26 19:48:03.012000+00:00,7593.75,{'stop_loss_price': 7593.75}
INVALID_RISK_UNIT,risk_unit == 0 or non-finite,NQZ18-CME,2444950,2018-09-26 19:48:03.017000+00:00,7593.75,{'stop_loss_price': 7593.75}
INVALID_RISK_UNIT,risk_unit == 0 or non-finite,NQZ18-CME,2444951,2018-09-26 19:48:03.018000+00:00,7593.75,{'stop_loss_price': 7593.75}
INVALID_RISK_UNIT,risk_unit == 0 or non-finite,NQZ18-CME,2447237,2018-09-26 19:48:25.005000+00:00,7591.75,{'stop_loss_price': 7591.75}
INVALID_RISK_UNIT,risk_unit == 0 or non-finite,NQZ18-CME,2447238,2018-09-26 19:48:25.006000+00:00,7591.75,{'stop_loss_price': 7591.75}
INVALID_RISK_UNIT,risk_unit == 0 or non-finite,NQZ18-CME,2447239,2018-09-26 19:48:25.007000+00:00,7591.75,{'stop_loss_price': 7591.75}
INVALID_RISK_UNIT,risk_unit == 0 or non-finite,NQZ18-CME,2447240,2018-09-26 19:48:25.008000+00:00,7591.75,{'stop_loss_price': 7591.75}
INVALID_RISK_UNIT,risk_unit == 0 or non-finite,NQZ18-CME,2447241,2018-09-26 19:48:25.009000+00:00,7591.75,{'stop_loss_price': 7591.75}
INVALID_RISK_UNIT,risk_unit == 0 or non-finite,NQZ18-CME,2447242,2018-09-26 19:48:25.010000+00:00,7591.75,{'stop_loss_price': 7591.75}
INVALID_RISK_UNIT,risk_unit == 0 or non-finite,NQZ18-CME,2447243,2018-09-26 19:48:25.011000+00:00,7591.75,{'stop_loss_price': 7591.75}
INVALID_RISK_UNIT,risk_unit == 0 or non-finite,NQZ18-CME,2480316,2018-09-26 20:10:02.010000+00:00,7592.25,{'stop_loss_price': 7592.25}
INVALID_RISK_UNIT,risk_unit == 0 or non-finite,NQZ18-CME,2480317,2018-09-26 20:10:02.011000+00:00,7592.25,{'stop_loss_price': 7592.25}
INVALID_RISK_UNIT,risk_unit == 0 or non-finite,NQZ18-CME,2480318,2018-09-26 20:10:02.012000+00:00,7592.25,{'stop_loss_price': 7592.25}
INVALID_RISK_UNIT,risk_unit == 0 or non-finite,NQZ18-CME,2543356,2018-09-27 13:03:09.018000+00:00,7617.75,{'stop_loss_price': 7617.75}
INVALID_RISK_UNIT,risk_unit == 0 or non-finite,NQZ18-CME,2543357,2018-09-27 13:03:09.019000+00:00,7617.75,{'stop_loss_price': 7617.75}
INVALID_RISK_UNIT,risk_unit == 0 or non-finite,NQZ18-CME,2543358,2018-09-27 13:03:09.020000+00:00,7617.75,{'stop_loss_price': 7617.75}
INVALID_RISK_UNIT,risk_unit == 0 or non-finite,NQZ18-CME,2543359,2018-09-27 13:03:09.021000+00:00,7617.75,{'stop_loss_price': 7617.75}
INVALID_RISK_UNIT,risk_unit == 0 or non-finite,NQZ18-CME,2543360,2018-09-27 13:03:09.022000+00:00,7617.75,{'stop_loss_price': 7617.75}
INVALID_RISK_UNIT,risk_unit == 0 or non-finite,NQZ18-CME,2543361,2018-09-27 13:03:09.023000+00:00,7617.75,{'stop_loss_price': 7617.75}
INVALID_RISK_UNIT,risk_unit == 0 or non-finite,NQZ18-CME,2543362,2018-09-27 13:03:09.024000+00:00,7617.75,{'stop_loss_price': 7617.75}
INVALID_RISK_UNIT,risk_unit == 0 or non-finite,NQZ18-CME,2590839,2018-09-27 13:53:24.001000+00:00,7654.0,{'stop_loss_price': 7654.0}
INVALID_RISK_UNIT,risk_unit == 0 or non-finite,NQZ18-CME,2590840,2018-09-27 13:53:24.002000+00:00,7654.0,{'stop_loss_price': 7654.0}
INVALID_RISK_UNIT,risk_unit == 0 or non-finite,NQZ18-CME,2590841,2018-09-27 13:53:24.003000+00:00,7654.0,{'stop_loss_price': 7654.0}
INVALID_RISK_UNIT,risk_unit == 0 or non-finite,NQZ18-CME,2590842,2018-09-27 13:53:24.004000+00:00,7654.0,{'stop_loss_price': 7654.0}
INVALID_RISK_UNIT,risk_unit == 0 or non-finite,NQZ18-CME,2590847,2018-09-27 13:53:24.009000+00:00,7654.0,{'stop_loss_price': 7654.0}
INVALID_RISK_UNIT,risk_unit == 0 or non-finite,NQZ18-CME,2702704,2018-09-27 16:53:18.015000+00:00,7684.0,{'stop_loss_price': 7684.0}
INVALID_RISK_UNIT,risk_unit == 0 or non-finite,NQZ18-CME,2702705,2018-09-27 16:53:18.016000+00:00,7684.0,{'stop_loss_price': 7684.0}
INVALID_RISK_UNIT,risk_unit == 0 or non-finite,NQZ18-CME,2702706,2018-09-27 16:53:18.017000+00:00,7684.0,{'stop_loss_price': 7684.0}
INVALID_RISK_UNIT,risk_unit == 0 or non-finite,NQZ18-CME,2702707,2018-09-27 16:53:18.018000+00:00,7684.0,{'stop_loss_price': 7684.0}
INVALID_RISK_UNIT,risk_unit == 0 or non-finite,NQZ18-CME,2702708,2018-09-27 16:53:18.019000+00:00,7684.0,{'stop_loss_price': 7684.0}
INVALID_RISK_UNIT,risk_unit == 0 or non-finite,NQZ18-CME,2751211,2018-09-27 19:31:01.005000+00:00,7659.5,{'stop_loss_price': 7659.5}
INVALID_RISK_UNIT,risk_unit == 0 or non-finite,NQZ18-CME,2752662,2018-09-27 19:33:43.016000+00:00,7657.5,{'stop_loss_price': 7657.5}
INVALID_RISK_UNIT,risk_unit == 0 or non-finite,NQZ18-CME,2752663,2018-09-27 19:33:43.017000+00:00,7657.5,{'stop_loss_price': 7657.5}
INVALID_RISK_UNIT,risk_unit == 0 or non-finite,NQZ18-CME,2910958,2018-09-28 14:06:29.003000+00:00,7640.25,{'stop_loss_price': 7640.25}
INVALID_RISK_UNIT,risk_unit == 0 or non-finite,NQZ18-CME,2910959,2018-09-28 14:06:29.004000+00:00,7640.25,{'stop_loss_price': 7640.25}
INVALID_RISK_UNIT,risk_unit == 0 or non-finite,NQZ18-CME,2921225,2018-09-28 14:18:06.018000+00:00,7635.75,{'stop_loss_price': 7635.75}
INVALID_RISK_UNIT,risk_unit == 0 or non-finite,NQZ18-CME,2921226,2018-09-28 14:18:06.019000+00:00,7635.75,{'stop_loss_price': 7635.75}
INVALID_RISK_UNIT,risk_unit == 0 or non-finite,NQZ18-CME,2921227,2018-09-28 14:18:06.020000+00:00,7635.75,{'stop_loss_price': 7635.75}
INVALID_RISK_UNIT,risk_unit == 0 or non-finite,NQZ18-CME,2921228,2018-09-28 14:18:06.021000+00:00,7635.75,{'stop_loss_price': 7635.75}
INVALID_RISK_UNIT,risk_unit == 0 or non-finite,NQZ18-CME,2921229,2018-09-28 14:18:06.022000+00:00,7635.75,{'stop_loss_price': 7635.75}
INVALID_RISK_UNIT,risk_unit == 0 or non-finite,NQZ18-CME,2921230,2018-09-28 14:18:06.023000+00:00,7635.75,{'stop_loss_price': 7635.75}
INVALID_RISK_UNIT,risk_unit == 0 or non-finite,NQZ18-CME,2921231,2018-09-28 14:18:06.024000+00:00,7635.75,{'stop_loss_price': 7635.75}
INVALID_RISK_UNIT,risk_unit == 0 or non-finite,NQZ18-CME,2921232,2018-09-28 14:18:06.025000+00:00,7635.75,{'stop_loss_price': 7635.75}
INVALID_RISK_UNIT,risk_unit == 0 or non-finite,NQZ18-CME,2921233,2018-09-28 14:18:06.026000+00:00,7635.75,{'stop_loss_price': 7635.75}
INVALID_RISK_UNIT,risk_unit == 0 or non-finite,NQZ18-CME,2921234,2018-09-28 14:18:06.027000+00:00,7635.75,{'stop_loss_price': 7635.75}
INVALID_RISK_UNIT,risk_unit == 0 or non-finite,NQZ18-CME,2921243,2018-09-28 14:18:07.008000+00:00,7635.75,{'stop_loss_price': 7635.75}
INVALID_RISK_UNIT,risk_unit == 0 or non-finite,NQZ18-CME,2921244,2018-09-28 14:18:07.009000+00:00,7635.75,{'stop_loss_price': 7635.75}
INVALID_RISK_UNIT,risk_unit == 0 or non-finite,NQZ18-CME,2921245,2018-09-28 14:18:07.010000+00:00,7635.75,{'stop_loss_price': 7635.75}
INVALID_RISK_UNIT,risk_unit == 0 or non-finite,NQZ18-CME,2921246,2018-09-28 14:18:07.011000+00:00,7635.75,{'stop_loss_price': 7635.75}
INVALID_RISK_UNIT,risk_unit == 0 or non-finite,NQZ18-CME,2933107,2018-09-28 14:31:42.003000+00:00,7638.75,{'stop_loss_price': 7638.75}
INVALID_RISK_UNIT,risk_unit == 0 or non-finite,NQZ18-CME,2958938,2018-09-28 15:04:33.014000+00:00,7659.25,{'stop_loss_price': 7659.25}
INVALID_RISK_UNIT,risk_unit == 0 or non-finite,NQZ18-CME,3206656,2018-10-01 14:12:01+00:00,7723.0,{'stop_loss_price': 7723.0}
INVALID_RISK_UNIT,risk_unit == 0 or non-finite,NQZ18-CME,3207927,2018-10-01 14:14:58.007000+00:00,7722.0,{'stop_loss_price': 7722.0}
INVALID_RISK_UNIT,risk_unit == 0 or non-finite,NQZ18-CME,3207928,2018-10-01 14:14:58.008000+00:00,7722.0,{'stop_loss_price': 7722.0}
INVALID_RISK_UNIT,risk_unit == 0 or non-finite,NQZ18-CME,3207929,2018-10-01 14:14:59+00:00,7722.0,{'stop_loss_price': 7722.0}
INVALID_RISK_UNIT,risk_unit == 0 or non-finite,NQZ18-CME,3207930,2018-10-01 14:14:59.001000+00:00,7722.0,{'stop_loss_price': 7722.0}
INVALID_RISK_UNIT,risk_unit == 0 or non-finite,NQZ18-CME,3207931,2018-10-01 14:14:59.002000+00:00,7722.0,{'stop_loss_price': 7722.0}
INVALID_RISK_UNIT,risk_unit == 0 or non-finite,NQZ18-CME,3208455,2018-10-01 14:15:23.006000+00:00,7720.25,{'stop_loss_price': 7720.25}
INVALID_RISK_UNIT,risk_unit == 0 or non-finite,NQZ18-CME,3208456,2018-10-01 14:15:23.007000+00:00,7720.25,{'stop_loss_price': 7720.25}
INVALID_RISK_UNIT,risk_unit == 0 or non-finite,NQZ18-CME,3208457,2018-10-01 14:15:23.008000+00:00,7720.25,{'stop_loss_price': 7720.25}
INVALID_RISK_UNIT,risk_unit == 0 or non-finite,NQZ18-CME,3208458,2018-10-01 14:15:23.009000+00:00,7720.25,{'stop_loss_price': 7720.25}
INVALID_RISK_UNIT,risk_unit == 0 or non-finite,NQZ18-CME,3208460,2018-10-01 14:15:23.011000+00:00,7720.25,{'stop_loss_price': 7720.25}
INVALID_RISK_UNIT,risk_unit == 0 or non-finite,NQZ18-CME,3230871,2018-10-01 14:50:33.002000+00:00,7715.0,{'stop_loss_price': 7715.0}
INVALID_RISK_UNIT,risk_unit == 0 or non-finite,NQZ18-CME,3230872,2018-10-01 14:50:33.003000+00:00,7715.0,{'stop_loss_price': 7715.0}
INVALID_RISK_UNIT,risk_unit == 0 or non-finite,NQZ18-CME,3230873,2018-10-01 14:50:33.004000+00:00,7715.0,{'stop_loss_price': 7715.0}
INVALID_RISK_UNIT,risk_unit == 0 or non-finite,NQZ18-CME,3230874,2018-10-01 14:50:33.005000+00:00,7715.0,{'stop_loss_price': 7715.0}
INVALID_RISK_UNIT,risk_unit == 0 or non-finite,NQZ18-CME,3230875,2018-10-01 14:50:33.006000+00:00,7715.0,{'stop_loss_price': 7715.0}
INVALID_RISK_UNIT,risk_unit == 0 or non-finite,NQZ18-CME,3231714,2018-10-01 14:52:05+00:00,7715.5,{'stop_loss_price': 7715.5}
INVALID_RISK_UNIT,risk_unit == 0 or non-finite,NQZ18-CME,3254943,2018-10-01 15:46:19.006000+00:00,7714.25,{'stop_loss_price': 7714.25}
INVALID_RISK_UNIT,risk_unit == 0 or non-finite,NQZ18-CME,3254944,2018-10-01 15:46:20+00:00,7714.25,{'stop_loss_price': 7714.25}
INVALID_RISK_UNIT,risk_unit == 0 or non-finite,NQZ18-CME,3254945,2018-10-01 15:46:20.001000+00:00,7714.25,{'stop_loss_price': 7714.25}
INVALID_RISK_UNIT,risk_unit == 0 or non-finite,NQZ18-CME,3254946,2018-10-01 15:46:20.002000+00:00,7714.25,{'stop_loss_price': 7714.25}
INVALID_RISK_UNIT,risk_unit == 0 or non-finite,NQZ18-CME,3395639,2018-10-02 06:05:39+00:00,7658.75,{'stop_loss_price': 7658.75}
INVALID_RISK_UNIT,risk_unit == 0 or non-finite,NQZ18-CME,3395640,2018-10-02 06:05:39.001000+00:00,7658.75,{'stop_loss_price': 7658.75}
INVALID_RISK_UNIT,risk_unit == 0 or non-finite,NQZ18-CME,3395641,2018-10-02 06:05:39.002000+00:00,7658.75,{'stop_loss_price': 7658.75}
INVALID_RISK_UNIT,risk_unit == 0 or non-finite,NQZ18-CME,3395642,2018-10-02 06:05:39.003000+00:00,7658.75,{'stop_loss_price': 7658.75}
INVALID_RISK_UNIT,risk_unit == 0 or non-finite,NQZ18-CME,3395643,2018-10-02 06:05:39.004000+00:00,7658.75,{'stop_loss_price': 7658.75}
INVALID_RISK_UNIT,risk_unit == 0 or non-finite,NQZ18-CME,3395644,2018-10-02 06:05:39.005000+00:00,7658.75,{'stop_loss_price': 7658.75}
INVALID_RISK_UNIT,risk_unit == 0 or non-finite,NQZ18-CME,3395645,2018-10-02 06:05:42+00:00,7658.75,{'stop_loss_price': 7658.75}
INVALID_RISK_UNIT,risk_unit == 0 or non-finite,NQZ18-CME,3395646,2018-10-02 06:05:42.001000+00:00,7658.75,{'stop_loss_price': 7658.75}
INVALID_RISK_UNIT,risk_unit == 0 or non-finite,NQZ18-CME,3395647,2018-10-02 06:05:43+00:00,7658.75,{'stop_loss_price': 7658.75}
INVALID_RISK_UNIT,risk_unit == 0 or non-finite,NQZ18-CME,3395650,2018-10-02 06:05:45+00:00,7658.75,{'stop_loss_price': 7658.75}
INVALID_RISK_UNIT,risk_unit == 0 or non-finite,NQZ18-CME,3395651,2018-10-02 06:05:45.001000+00:00,7658.75,{'stop_loss_price': 7658.75}
INVALID_RISK_UNIT,risk_unit == 0 or non-finite,NQZ18-CME,3395652,2018-10-02 06:05:45.002000+00:00,7658.75,{'stop_loss_price': 7658.75}
INVALID_RISK_UNIT,risk_unit == 0 or non-finite,NQZ18-CME,3395653,2018-10-02 06:05:49+00:00,7658.75,{'stop_loss_price': 7658.75}
INVALID_RISK_UNIT,risk_unit == 0 or non-finite,NQZ18-CME,3395654,2018-10-02 06:05:51+00:00,7658.75,{'stop_loss_price': 7658.75}
INVALID_RISK_UNIT,risk_unit == 0 or non-finite,NQZ18-CME,3395655,2018-10-02 06:05:51.001000+00:00,7658.75,{'stop_loss_price': 7658.75}
INVALID_RISK_UNIT,risk_unit == 0 or non-finite,NQZ18-CME,3416806,2018-10-02 09:27:05+00:00,7637.75,{'stop_loss_price': 7637.75}
INVALID_RISK_UNIT,risk_unit == 0 or non-finite,NQZ18-CME,3437633,2018-10-02 13:00:35+00:00,7656.25,{'stop_loss_price': 7656.25}
INVALID_RISK_UNIT,risk_unit == 0 or non-finite,NQZ18-CME,3461369,2018-10-02 13:38:07.065000+00:00,7648.25,{'stop_loss_price': 7648.25}
INVALID_RISK_UNIT,risk_unit == 0 or non-finite,NQZ18-CME,3461370,2018-10-02 13:38:07.066000+00:00,7648.25,{'stop_loss_price': 7648.25}
INVALID_RISK_UNIT,risk_unit == 0 or non-finite,NQZ18-CME,3461371,2018-10-02 13:38:07.067000+00:00,7648.25,{'stop_loss_price': 7648.25}
INVALID_RISK_UNIT,risk_unit == 0 or non-finite,NQZ18-CME,3461373,2018-10-02 13:38:07.069000+00:00,7648.25,{'stop_loss_price': 7648.25}
INVALID_RISK_UNIT,risk_unit == 0 or non-finite,NQZ18-CME,3468778,2018-10-02 13:40:47.016000+00:00,7639.0,{'stop_loss_price': 7639.0}
INVALID_RISK_UNIT,risk_unit == 0 or non-finite,NQZ18-CME,3500305,2018-10-02 13:59:13.225000+00:00,7679.25,{'stop_loss_price': 7679.25}
INVALID_RISK_UNIT,risk_unit == 0 or non-finite,NQZ18-CME,3506281,2018-10-02 14:03:14.007000+00:00,7676.25,{'stop_loss_price': 7676.25}
INVALID_RISK_UNIT,risk_unit == 0 or non-finite,NQZ18-CME,3599680,2018-10-02 16:10:21+00:00,7708.0,{'stop_loss_price': 7708.0}
INVALID_RISK_UNIT,risk_unit == 0 or non-finite,NQZ18-CME,3599681,2018-10-02 16:10:21.001000+00:00,7708.0,{'stop_loss_price': 7708.0}
INVALID_RISK_UNIT,risk_unit == 0 or non-finite,NQZ18-CME,3599682,2018-10-02 16:10:21.002000+00:00,7708.0,{'stop_loss_price': 7708.0}
INVALID_RISK_UNIT,risk_unit == 0 or non-finite,NQZ18-CME,3599683,2018-10-02 16:10:21.003000+00:00,7708.0,{'stop_loss_price': 7708.0}
INVALID_RISK_UNIT,risk_unit == 0 or non-finite,NQZ18-CME,3599684,2018-10-02 16:10:21.004000+00:00,7708.0,{'stop_loss_price': 7708.0}
INVALID_RISK_UNIT,risk_unit == 0 or non-finite,NQZ18-CME,3599685,2018-10-02 16:10:21.005000+00:00,7708.0,{'stop_loss_price': 7708.0}
INVALID_RISK_UNIT,risk_unit == 0 or non-finite,NQZ18-CME,3599686,2018-10-02 16:10:21.006000+00:00,7708.0,{'stop_loss_price': 7708.0}
INVALID_RISK_UNIT,risk_unit == 0 or non-finite,NQZ18-CME,3599687,2018-10-02 16:10:21.007000+00:00,7708.0,{'stop_loss_price': 7708.0}
INVALID_RISK_UNIT,risk_unit == 0 or non-finite,NQZ18-CME,3599688,2018-10-02 16:10:21.008000+00:00,7708.0,{'stop_loss_price': 7708.0}
INVALID_RISK_UNIT,risk_unit == 0 or non-finite,NQZ18-CME,3599689,2018-10-02 16:10:21.009000+00:00,7708.0,{'stop_loss_price': 7708.0}
INVALID_RISK_UNIT,risk_unit == 0 or non-finite,NQZ18-CME,3657889,2018-10-02 19:01:08.013000+00:00,7664.75,{'stop_loss_price': 7664.75}
INVALID_RISK_UNIT,risk_unit == 0 or non-finite,NQZ18-CME,3657890,2018-10-02 19:01:08.014000+00:00,7664.75,{'stop_loss_price': 7664.75}
INVALID_RISK_UNIT,risk_unit == 0 or non-finite,NQZ18-CME,3657891,2018-10-02 19:01:08.015000+00:00,7664.75,{'stop_loss_price': 7664.75}
INVALID_RISK_UNIT,risk_unit == 0 or non-finite,NQZ18-CME,3657892,2018-10-02 19:01:08.016000+00:00,7664.75,{'stop_loss_price': 7664.75}
INVALID_RISK_UNIT,risk_unit == 0 or non-finite,NQZ18-CME,3657893,2018-10-02 19:01:08.017000+00:00,7664.75,{'stop_loss_price': 7664.75}
INVALID_RISK_UNIT,risk_unit == 0 or non-finite,NQZ18-CME,3699930,2018-10-02 20:03:16+00:00,7653.0,{'stop_loss_price': 7653.0}
INVALID_RISK_UNIT,risk_unit == 0 or non-finite,NQZ18-CME,3699931,2018-10-02 20:03:16.001000+00:00,7653.0,{'stop_loss_price': 7653.0}
INVALID_RISK_UNIT,risk_unit == 0 or non-finite,NQZ18-CME,3699932,2018-10-02 20:03:16.002000+00:00,7653.0,{'stop_loss_price': 7653.0}
INVALID_RISK_UNIT,risk_unit == 0 or non-finite,NQZ18-CME,3699933,2018-10-02 20:03:16.003000+00:00,7653.0,{'stop_loss_price': 7653.0}
INVALID_RISK_UNIT,risk_unit == 0 or non-finite,NQZ18-CME,3699934,2018-10-02 20:03:16.004000+00:00,7653.0,{'stop_loss_price': 7653.0}
INVALID_RISK_UNIT,risk_unit == 0 or non-finite,NQZ18-CME,3846166,2018-10-03 14:43:14.017000+00:00,7691.75,{'stop_loss_price': 7691.75}
INVALID_RISK_UNIT,risk_unit == 0 or non-finite,NQZ18-CME,3854798,2018-10-03 14:53:32.009000+00:00,7681.25,{'stop_loss_price': 7681.25}
INVALID_RISK_UNIT,risk_unit == 0 or non-finite,NQZ18-CME,3860436,2018-10-03 14:59:37.021000+00:00,7675.0,{'stop_loss_price': 7675.0}
INVALID_RISK_UNIT,risk_unit == 0 or non-finite,NQZ18-CME,3896742,2018-10-03 15:48:53.006000+00:00,7674.75,{'stop_loss_price': 7674.75}
INVALID_RISK_UNIT,risk_unit == 0 or non-finite,NQZ18-CME,3935875,2018-10-03 17:24:56+00:00,7690.25,{'stop_loss_price': 7690.25}
INVALID_RISK_UNIT,risk_unit == 0 or non-finite,NQZ18-CME,3984342,2018-10-03 19:05:53.033000+00:00,7669.75,{'stop_loss_price': 7669.75}
INVALID_RISK_UNIT,risk_unit == 0 or non-finite,NQZ18-CME,4090375,2018-10-04 11:53:24.006000+00:00,7619.5,{'stop_loss_price': 7619.5}
INVALID_RISK_UNIT,risk_unit == 0 or non-finite,NQZ18-CME,4090376,2018-10-04 11:53:24.007000+00:00,7619.5,{'stop_loss_price': 7619.5}
INVALID_RISK_UNIT,risk_unit == 0 or non-finite,NQZ18-CME,4090377,2018-10-04 11:53:24.008000+00:00,7619.5,{'stop_loss_price': 7619.5}
INVALID_RISK_UNIT,risk_unit == 0 or non-finite,NQZ18-CME,4090378,2018-10-04 11:53:24.009000+00:00,7619.5,{'stop_loss_price': 7619.5}
INVALID_RISK_UNIT,risk_unit == 0 or non-finite,NQZ18-CME,4090379,2018-10-04 11:53:25+00:00,7619.5,{'stop_loss_price': 7619.5}
INVALID_RISK_UNIT,risk_unit == 0 or non-finite,NQZ18-CME,4090380,2018-10-04 11:53:25.001000+00:00,7619.5,{'stop_loss_price': 7619.5}
INVALID_RISK_UNIT,risk_unit == 0 or non-finite,NQZ18-CME,4090381,2018-10-04 11:53:25.002000+00:00,7619.5,{'stop_loss_price': 7619.5}
INVALID_RISK_UNIT,risk_unit == 0 or non-finite,NQZ18-CME,4090385,2018-10-04 11:53:27.001000+00:00,7619.5,{'stop_loss_price': 7619.5}
INVALID_RISK_UNIT,risk_unit == 0 or non-finite,NQZ18-CME,4090386,2018-10-04 11:53:27.002000+00:00,7619.5,{'stop_loss_price': 7619.5}
INVALID_RISK_UNIT,risk_unit == 0 or non-finite,NQZ18-CME,4090387,2018-10-04 11:53:28+00:00,7619.5,{'stop_loss_price': 7619.5}
INVALID_RISK_UNIT,risk_unit == 0 or non-finite,NQZ18-CME,4090388,2018-10-04 11:53:29+00:00,7619.5,{'stop_loss_price': 7619.5}
INVALID_RISK_UNIT,risk_unit == 0 or non-finite,NQZ18-CME,4160805,2018-10-04 13:50:10.011000+00:00,7583.25,{'stop_loss_price': 7583.25}
INVALID_RISK_UNIT,risk_unit == 0 or non-finite,NQZ18-CME,4160806,2018-10-04 13:50:10.012000+00:00,7583.25,{'stop_loss_price': 7583.25}
INVALID_RISK_UNIT,risk_unit == 0 or non-finite,NQZ18-CME,4160807,2018-10-04 13:50:11+00:00,7583.25,{'stop_loss_price': 7583.25}
INVALID_RISK_UNIT,risk_unit == 0 or non-finite,NQZ18-CME,4160808,2018-10-04 13:50:11.001000+00:00,7583.25,{'stop_loss_price': 7583.25}
INVALID_RISK_UNIT,risk_unit == 0 or non-finite,NQZ18-CME,4160809,2018-10-04 13:50:11.002000+00:00,7583.25,{'stop_loss_price': 7583.25}
INVALID_RISK_UNIT,risk_unit == 0 or non-finite,NQZ18-CME,4160810,2018-10-04 13:50:11.003000+00:00,7583.25,{'stop_loss_price': 7583.25}
INVALID_RISK_UNIT,risk_unit == 0 or non-finite,NQZ18-CME,4160811,2018-10-04 13:50:11.004000+00:00,7583.25,{'stop_loss_price': 7583.25}
INVALID_RISK_UNIT,risk_unit == 0 or non-finite,NQZ18-CME,4160905,2018-10-04 13:50:13.004000+00:00,7583.25,{'stop_loss_price': 7583.25}
INVALID_RISK_UNIT,risk_unit == 0 or non-finite,NQZ18-CME,4169500,2018-10-04 13:55:46.001000+00:00,7595.5,{'stop_loss_price': 7595.5}
INVALID_RISK_UNIT,risk_unit == 0 or non-finite,NQZ18-CME,4169501,2018-10-04 13:55:46.002000+00:00,7595.5,{'stop_loss_price': 7595.5}
INVALID_RISK_UNIT,risk_unit == 0 or non-finite,NQZ18-CME,4169502,2018-10-04 13:55:46.003000+00:00,7595.5,{'stop_loss_price': 7595.5}
INVALID_RISK_UNIT,risk_unit == 0 or non-finite,NQZ18-CME,4169503,2018-10-04 13:55:46.004000+00:00,7595.5,{'stop_loss_price': 7595.5}
INVALID_RISK_UNIT,risk_unit == 0 or non-finite,NQZ18-CME,4169504,2018-10-04 13:55:46.005000+00:00,7595.5,{'stop_loss_price': 7595.5}
INVALID_RISK_UNIT,risk_unit == 0 or non-finite,NQZ18-CME,4169505,2018-10-04 13:55:46.006000+00:00,7595.5,{'stop_loss_price': 7595.5}
INVALID_RISK_UNIT,risk_unit == 0 or non-finite,NQZ18-CME,4169506,2018-10-04 13:55:46.007000+00:00,7595.5,{'stop_loss_price': 7595.5}
INVALID_RISK_UNIT,risk_unit == 0 or non-finite,NQZ18-CME,4169508,2018-10-04 13:55:46.009000+00:00,7595.5,{'stop_loss_price': 7595.5}
INVALID_RISK_UNIT,risk_unit == 0 or non-finite,NQZ18-CME,4192512,2018-10-04 14:08:33.001000+00:00,7577.25,{'stop_loss_price': 7577.25}
INVALID_RISK_UNIT,risk_unit == 0 or non-finite,NQZ18-CME,4192513,2018-10-04 14:08:33.002000+00:00,7577.25,{'stop_loss_price': 7577.25}
INVALID_RISK_UNIT,risk_unit == 0 or non-finite,NQZ18-CME,4192514,2018-10-04 14:08:33.003000+00:00,7577.25,{'stop_loss_price': 7577.25}
INVALID_RISK_UNIT,risk_unit == 0 or non-finite,NQZ18-CME,4192515,2018-10-04 14:08:33.004000+00:00,7577.25,{'stop_loss_price': 7577.25}
INVALID_RISK_UNIT,risk_unit == 0 or non-finite,NQZ18-CME,4192516,2018-10-04 14:08:33.005000+00:00,7577.25,{'stop_loss_price': 7577.25}
INVALID_RISK_UNIT,risk_unit == 0 or non-finite,NQZ18-CME,4192517,2018-10-04 14:08:33.006000+00:00,7577.25,{'stop_loss_price': 7577.25}
INVALID_RISK_UNIT,risk_unit == 0 or non-finite,NQZ18-CME,4264229,2018-10-04 14:50:26.021000+00:00,7553.5,{'stop_loss_price': 7553.5}
INVALID_RISK_UNIT,risk_unit == 0 or non-finite,NQZ18-CME,4264230,2018-10-04 14:50:26.022000+00:00,7553.5,{'stop_loss_price': 7553.5}
INVALID_RISK_UNIT,risk_unit == 0 or non-finite,NQZ18-CME,4264231,2018-10-04 14:50:26.023000+00:00,7553.5,{'stop_loss_price': 7553.5}
INVALID_RISK_UNIT,risk_unit == 0 or non-finite,NQZ18-CME,4264232,2018-10-04 14:50:26.024000+00:00,7553.5,{'stop_loss_price': 7553.5}
INVALID_RISK_UNIT,risk_unit == 0 or non-finite,NQZ18-CME,4264233,2018-10-04 14:50:26.025000+00:00,7553.5,{'stop_loss_price': 7553.5}
INVALID_RISK_UNIT,risk_unit == 0 or non-finite,NQZ18-CME,4264234,2018-10-04 14:50:26.026000+00:00,7553.5,{'stop_loss_price': 7553.5}
INVALID_RISK_UNIT,risk_unit == 0 or non-finite,NQZ18-CME,4264235,2018-10-04 14:50:26.027000+00:00,7553.5,{'stop_loss_price': 7553.5}
INVALID_RISK_UNIT,risk_unit == 0 or non-finite,NQZ18-CME,4264236,2018-10-04 14:50:26.028000+00:00,7553.5,{'stop_loss_price': 7553.5}
INVALID_RISK_UNIT,risk_unit == 0 or non-finite,NQZ18-CME,4264237,2018-10-04 14:50:26.029000+00:00,7553.5,{'stop_loss_price': 7553.5}
INVALID_RISK_UNIT,risk_unit == 0 or non-finite,NQZ18-CME,4264238,2018-10-04 14:50:26.030000+00:00,7553.5,{'stop_loss_price': 7553.5}
INVALID_RISK_UNIT,risk_unit == 0 or non-finite,NQZ18-CME,4264239,2018-10-04 14:50:26.031000+00:00,7553.5,{'stop_loss_price': 7553.5}
INVALID_RISK_UNIT,risk_unit == 0 or non-finite,NQZ18-CME,4264240,2018-10-04 14:50:26.032000+00:00,7553.5,{'stop_loss_price': 7553.5}
INVALID_RISK_UNIT,risk_unit == 0 or non-finite,NQZ18-CME,4264241,2018-10-04 14:50:26.033000+00:00,7553.5,{'stop_loss_price': 7553.5}
INVALID_RISK_UNIT,risk_unit == 0 or non-finite,NQZ18-CME,4264242,2018-10-04 14:50:26.034000+00:00,7553.5,{'stop_loss_price': 7553.5}
INVALID_RISK_UNIT,risk_unit == 0 or non-finite,NQZ18-CME,4264243,2018-10-04 14:50:26.035000+00:00,7553.5,{'stop_loss_price': 7553.5}
INVALID_RISK_UNIT,risk_unit == 0 or non-finite,NQZ18-CME,4264244,2018-10-04 14:50:26.036000+00:00,7553.5,{'stop_loss_price': 7553.5}
INVALID_RISK_UNIT,risk_unit == 0 or non-finite,NQZ18-CME,4264245,2018-10-04 14:50:26.037000+00:00,7553.5,{'stop_loss_price': 7553.5}
INVALID_RISK_UNIT,risk_unit == 0 or non-finite,NQZ18-CME,4264246,2018-10-04 14:50:26.038000+00:00,7553.5,{'stop_loss_price': 7553.5}
INVALID_RISK_UNIT,risk_unit == 0 or non-finite,NQZ18-CME,4264247,2018-10-04 14:50:26.039000+00:00,7553.5,{'stop_loss_price': 7553.5}
INVALID_RISK_UNIT,risk_unit == 0 or non-finite,NQZ18-CME,4264248,2018-10-04 14:50:26.040000+00:00,7553.5,{'stop_loss_price': 7553.5}
INVALID_RISK_UNIT,risk_unit == 0 or non-finite,NQZ18-CME,4264249,2018-10-04 14:50:26.041000+00:00,7553.5,{'stop_loss_price': 7553.5}
INVALID_RISK_UNIT,risk_unit == 0 or non-finite,NQZ18-CME,4264250,2018-10-04 14:50:26.042000+00:00,7553.5,{'stop_loss_price': 7553.5}
INVALID_RISK_UNIT,risk_unit == 0 or non-finite,NQZ18-CME,4264251,2018-10-04 14:50:26.043000+00:00,7553.5,{'stop_loss_price': 7553.5}
INVALID_RISK_UNIT,risk_unit == 0 or non-finite,NQZ18-CME,4264252,2018-10-04 14:50:26.044000+00:00,7553.5,{'stop_loss_price': 7553.5}
INVALID_RISK_UNIT,risk_unit == 0 or non-finite,NQZ18-CME,4264253,2018-10-04 14:50:26.045000+00:00,7553.5,{'stop_loss_price': 7553.5}
INVALID_RISK_UNIT,risk_unit == 0 or non-finite,NQZ18-CME,4264254,2018-10-04 14:50:26.046000+00:00,7553.5,{'stop_loss_price': 7553.5}
INVALID_RISK_UNIT,risk_unit == 0 or non-finite,NQZ18-CME,4264255,2018-10-04 14:50:26.047000+00:00,7553.5,{'stop_loss_price': 7553.5}
INVALID_RISK_UNIT,risk_unit == 0 or non-finite,NQZ18-CME,4264256,2018-10-04 14:50:26.048000+00:00,7553.5,{'stop_loss_price': 7553.5}
INVALID_RISK_UNIT,risk_unit == 0 or non-finite,NQZ18-CME,4264257,2018-10-04 14:50:26.049000+00:00,7553.5,{'stop_loss_price': 7553.5}
INVALID_RISK_UNIT,risk_unit == 0 or non-finite,NQZ18-CME,4264258,2018-10-04 14:50:26.050000+00:00,7553.5,{'stop_loss_price': 7553.5}
INVALID_RISK_UNIT,risk_unit == 0 or non-finite,NQZ18-CME,4264259,2018-10-04 14:50:26.051000+00:00,7553.5,{'stop_loss_price': 7553.5}
INVALID_RISK_UNIT,risk_unit == 0 or non-finite,NQZ18-CME,4264260,2018-10-04 14:50:26.052000+00:00,7553.5,{'stop_loss_price': 7553.5}
INVALID_RISK_UNIT,risk_unit == 0 or non-finite,NQZ18-CME,4264261,2018-10-04 14:50:26.053000+00:00,7553.5,{'stop_loss_price': 7553.5}
INVALID_RISK_UNIT,risk_unit == 0 or non-finite,NQZ18-CME,4264262,2018-10-04 14:50:26.054000+00:00,7553.5,{'stop_loss_price': 7553.5}
INVALID_RISK_UNIT,risk_unit == 0 or non-finite,NQZ18-CME,4264263,2018-10-04 14:50:26.055000+00:00,7553.5,{'stop_loss_price': 7553.5}
INVALID_RISK_UNIT,risk_unit == 0 or non-finite,NQZ18-CME,4264264,2018-10-04 14:50:26.056000+00:00,7553.5,{'stop_loss_price': 7553.5}
INVALID_RISK_UNIT,risk_unit == 0 or non-finite,NQZ18-CME,4264265,2018-10-04 14:50:26.057000+00:00,7553.5,{'stop_loss_price': 7553.5}
INVALID_RISK_UNIT,risk_unit == 0 or non-finite,NQZ18-CME,4264266,2018-10-04 14:50:26.058000+00:00,7553.5,{'stop_loss_price': 7553.5}
INVALID_RISK_UNIT,risk_unit == 0 or non-finite,NQZ18-CME,4264267,2018-10-04 14:50:26.059000+00:00,7553.5,{'stop_loss_price': 7553.5}
INVALID_RISK_UNIT,risk_unit == 0 or non-finite,NQZ18-CME,4264268,2018-10-04 14:50:26.060000+00:00,7553.5,{'stop_loss_price': 7553.5}
INVALID_RISK_UNIT,risk_unit == 0 or non-finite,NQZ18-CME,4411032,2018-10-04 17:08:56.012000+00:00,7494.5,{'stop_loss_price': 7494.5}
INVALID_RISK_UNIT,risk_unit == 0 or non-finite,NQZ18-CME,4411033,2018-10-04 17:08:56.013000+00:00,7494.5,{'stop_loss_price': 7494.5}
INVALID_RISK_UNIT,risk_unit == 0 or non-finite,NQZ18-CME,4411034,2018-10-04 17:08:56.014000+00:00,7494.5,{'stop_loss_price': 7494.5}
INVALID_RISK_UNIT,risk_unit == 0 or non-finite,NQZ18-CME,4411035,2018-10-04 17:08:56.015000+00:00,7494.5,{'stop_loss_price': 7494.5}
INVALID_RISK_UNIT,risk_unit == 0 or non-finite,NQZ18-CME,4411036,2018-10-04 17:08:56.016000+00:00,7494.5,{'stop_loss_price': 7494.5}
INVALID_RISK_UNIT,risk_unit == 0 or non-finite,NQZ18-CME,4459030,2018-10-04 17:58:58.010000+00:00,7471.5,{'stop_loss_price': 7471.5}
INVALID_RISK_UNIT,risk_unit == 0 or non-finite,NQZ18-CME,4459031,2018-10-04 17:58:58.011000+00:00,7471.5,{'stop_loss_price': 7471.5}
INVALID_RISK_UNIT,risk_unit == 0 or non-finite,NQZ18-CME,4459032,2018-10-04 17:58:58.012000+00:00,7471.5,{'stop_loss_price': 7471.5}
INVALID_RISK_UNIT,risk_unit == 0 or non-finite,NQZ18-CME,4459033,2018-10-04 17:58:58.013000+00:00,7471.5,{'stop_loss_price': 7471.5}
INVALID_RISK_UNIT,risk_unit == 0 or non-finite,NQZ18-CME,4459034,2018-10-04 17:58:58.014000+00:00,7471.5,{'stop_loss_price': 7471.5}
INVALID_RISK_UNIT,risk_unit == 0 or non-finite,NQZ18-CME,4483241,2018-10-04 18:23:55.008000+00:00,7464.5,{'stop_loss_price': 7464.5}
INVALID_RISK_UNIT,risk_unit == 0 or non-finite,NQZ18-CME,4483242,2018-10-04 18:23:55.009000+00:00,7464.5,{'stop_loss_price': 7464.5}
INVALID_RISK_UNIT,risk_unit == 0 or non-finite,NQZ18-CME,4483243,2018-10-04 18:23:55.010000+00:00,7464.5,{'stop_loss_price': 7464.5}
INVALID_RISK_UNIT,risk_unit == 0 or non-finite,NQZ18-CME,4483244,2018-10-04 18:23:55.011000+00:00,7464.5,{'stop_loss_price': 7464.5}
INVALID_RISK_UNIT,risk_unit == 0 or non-finite,NQZ18-CME,4483245,2018-10-04 18:23:55.012000+00:00,7464.5,{'stop_loss_price': 7464.5}
INVALID_RISK_UNIT,risk_unit == 0 or non-finite,NQZ18-CME,4483246,2018-10-04 18:23:55.013000+00:00,7464.5,{'stop_loss_price': 7464.5}
INVALID_RISK_UNIT,risk_unit == 0 or non-finite,NQZ18-CME,4483247,2018-10-04 18:23:55.014000+00:00,7464.5,{'stop_loss_price': 7464.5}
INVALID_RISK_UNIT,risk_unit == 0 or non-finite,NQZ18-CME,4483248,2018-10-04 18:23:55.015000+00:00,7464.5,{'stop_loss_price': 7464.5}
INVALID_RISK_UNIT,risk_unit == 0 or non-finite,NQZ18-CME,4483249,2018-10-04 18:23:55.016000+00:00,7464.5,{'stop_loss_price': 7464.5}
INVALID_RISK_UNIT,risk_unit == 0 or non-finite,NQZ18-CME,4483250,2018-10-04 18:23:55.017000+00:00,7464.5,{'stop_loss_price': 7464.5}
INVALID_RISK_UNIT,risk_unit == 0 or non-finite,NQZ18-CME,4483251,2018-10-04 18:23:55.018000+00:00,7464.5,{'stop_loss_price': 7464.5}
INVALID_RISK_UNIT,risk_unit == 0 or non-finite,NQZ18-CME,4483252,2018-10-04 18:23:55.019000+00:00,7464.5,{'stop_loss_price': 7464.5}
INVALID_RISK_UNIT,risk_unit == 0 or non-finite,NQZ18-CME,4483253,2018-10-04 18:23:55.020000+00:00,7464.5,{'stop_loss_price': 7464.5}
INVALID_RISK_UNIT,risk_unit == 0 or non-finite,NQZ18-CME,4483254,2018-10-04 18:23:55.021000+00:00,7464.5,{'stop_loss_price': 7464.5}
INVALID_RISK_UNIT,risk_unit == 0 or non-finite,NQZ18-CME,4483255,2018-10-04 18:23:55.022000+00:00,7464.5,{'stop_loss_price': 7464.5}
INVALID_RISK_UNIT,risk_unit == 0 or non-finite,NQZ18-CME,4489380,2018-10-04 18:30:06.012000+00:00,7474.25,{'stop_loss_price': 7474.25}
INVALID_RISK_UNIT,risk_unit == 0 or non-finite,NQZ18-CME,4489381,2018-10-04 18:30:06.013000+00:00,7474.25,{'stop_loss_price': 7474.25}
INVALID_RISK_UNIT,risk_unit == 0 or non-finite,NQZ18-CME,4489382,2018-10-04 18:30:06.014000+00:00,7474.25,{'stop_loss_price': 7474.25}
INVALID_RISK_UNIT,risk_unit == 0 or non-finite,NQZ18-CME,4489383,2018-10-04 18:30:06.015000+00:00,7474.25,{'stop_loss_price': 7474.25}
INVALID_RISK_UNIT,risk_unit == 0 or non-finite,NQZ18-CME,4489384,2018-10-04 18:30:06.016000+00:00,7474.25,{'stop_loss_price': 7474.25}
INVALID_RISK_UNIT,risk_unit == 0 or non-finite,NQZ18-CME,4489385,2018-10-04 18:30:06.017000+00:00,7474.25,{'stop_loss_price': 7474.25}
INVALID_RISK_UNIT,risk_unit == 0 or non-finite,NQZ18-CME,4489386,2018-10-04 18:30:06.018000+00:00,7474.25,{'stop_loss_price': 7474.25}
INVALID_RISK_UNIT,risk_unit == 0 or non-finite,NQZ18-CME,4511237,2018-10-04 18:50:06.002000+00:00,7496.25,{'stop_loss_price': 7496.25}
INVALID_RISK_UNIT,risk_unit == 0 or non-finite,NQZ18-CME,4603193,2018-10-05 04:38:43+00:00,7522.0,{'stop_loss_price': 7522.0}
INVALID_RISK_UNIT,risk_unit == 0 or non-finite,NQZ18-CME,4603194,2018-10-05 04:38:52+00:00,7522.0,{'stop_loss_price': 7522.0}
INVALID_RISK_UNIT,risk_unit == 0 or non-finite,NQZ18-CME,4605603,2018-10-05 06:04:02.002000+00:00,7521.75,{'stop_loss_price': 7521.75}
INVALID_RISK_UNIT,risk_unit == 0 or non-finite,NQZ18-CME,4617530,2018-10-05 08:00:54+00:00,7493.25,{'stop_loss_price': 7493.25}
INVALID_RISK_UNIT,risk_unit == 0 or non-finite,NQZ18-CME,4617531,2018-10-05 08:00:54.001000+00:00,7493.25,{'stop_loss_price': 7493.25}
INVALID_RISK_UNIT,risk_unit == 0 or non-finite,NQZ18-CME,4622186,2018-10-05 08:35:27.001000+00:00,7488.75,{'stop_loss_price': 7488.75}
INVALID_RISK_UNIT,risk_unit == 0 or non-finite,NQZ18-CME,4624561,2018-10-05 08:51:43.004000+00:00,7482.75,{'stop_loss_price': 7482.75}
INVALID_RISK_UNIT,risk_unit == 0 or non-finite,NQZ18-CME,4624562,2018-10-05 08:51:43.005000+00:00,7482.75,{'stop_loss_price': 7482.75}
INVALID_RISK_UNIT,risk_unit == 0 or non-finite,NQZ18-CME,4624563,2018-10-05 08:51:47+00:00,7482.75,{'stop_loss_price': 7482.75}
INVALID_RISK_UNIT,risk_unit == 0 or non-finite,NQZ18-CME,4628645,2018-10-05 09:32:16+00:00,7492.75,{'stop_loss_price': 7492.75}
INVALID_RISK_UNIT,risk_unit == 0 or non-finite,NQZ18-CME,4689723,2018-10-05 13:27:20.002000+00:00,7508.5,{'stop_loss_price': 7508.5}
INVALID_RISK_UNIT,risk_unit == 0 or non-finite,NQZ18-CME,4689724,2018-10-05 13:27:20.003000+00:00,7508.5,{'stop_loss_price': 7508.5}
INVALID_RISK_UNIT,risk_unit == 0 or non-finite,NQZ18-CME,4705218,2018-10-05 13:34:19.057000+00:00,7494.0,{'stop_loss_price': 7494.0}
INVALID_RISK_UNIT,risk_unit == 0 or non-finite,NQZ18-CME,4705219,2018-10-05 13:34:19.058000+00:00,7494.0,{'stop_loss_price': 7494.0}
INVALID_RISK_UNIT,risk_unit == 0 or non-finite,NQZ18-CME,4705220,2018-10-05 13:34:19.059000+00:00,7494.0,{'stop_loss_price': 7494.0}
INVALID_RISK_UNIT,risk_unit == 0 or non-finite,NQZ18-CME,4705221,2018-10-05 13:34:19.060000+00:00,7494.0,{'stop_loss_price': 7494.0}
INVALID_RISK_UNIT,risk_unit == 0 or non-finite,NQZ18-CME,4705222,2018-10-05 13:34:19.061000+00:00,7494.0,{'stop_loss_price': 7494.0}
INVALID_RISK_UNIT,risk_unit == 0 or non-finite,NQZ18-CME,4705223,2018-10-05 13:34:19.062000+00:00,7494.0,{'stop_loss_price': 7494.0}
INVALID_RISK_UNIT,risk_unit == 0 or non-finite,NQZ18-CME,4705224,2018-10-05 13:34:19.063000+00:00,7494.0,{'stop_loss_price': 7494.0}
INVALID_RISK_UNIT,risk_unit == 0 or non-finite,NQZ18-CME,4705225,2018-10-05 13:34:19.064000+00:00,7494.0,{'stop_loss_price': 7494.0}
INVALID_RISK_UNIT,risk_unit == 0 or non-finite,NQZ18-CME,4705226,2018-10-05 13:34:19.065000+00:00,7494.0,{'stop_loss_price': 7494.0}
INVALID_RISK_UNIT,risk_unit == 0 or non-finite,NQZ18-CME,4705227,2018-10-05 13:34:19.066000+00:00,7494.0,{'stop_loss_price': 7494.0}
INVALID_RISK_UNIT,risk_unit == 0 or non-finite,NQZ18-CME,4705228,2018-10-05 13:34:19.067000+00:00,7494.0,{'stop_loss_price': 7494.0}
INVALID_RISK_UNIT,risk_unit == 0 or non-finite,NQZ18-CME,4705230,2018-10-05 13:34:19.069000+00:00,7494.0,{'stop_loss_price': 7494.0}
INVALID_RISK_UNIT,risk_unit == 0 or non-finite,NQZ18-CME,4715148,2018-10-05 13:37:22.025000+00:00,7526.75,{'stop_loss_price': 7526.75}
INVALID_RISK_UNIT,risk_unit == 0 or non-finite,NQZ18-CME,4779999,2018-10-05 14:10:44.003000+00:00,7473.75,{'stop_loss_price': 7473.75}
INVALID_RISK_UNIT,risk_unit == 0 or non-finite,NQZ18-CME,4780000,2018-10-05 14:10:44.004000+00:00,7473.75,{'stop_loss_price': 7473.75}
INVALID_RISK_UNIT,risk_unit == 0 or non-finite,NQZ18-CME,4780001,2018-10-05 14:10:44.005000+00:00,7473.75,{'stop_loss_price': 7473.75}
INVALID_RISK_UNIT,risk_unit == 0 or non-finite,NQZ18-CME,4787997,2018-10-05 14:17:01.007000+00:00,7481.0,{'stop_loss_price': 7481.0}
INVALID_RISK_UNIT,risk_unit == 0 or non-finite,NQZ18-CME,4818490,2018-10-05 14:40:49.001000+00:00,7477.25,{'stop_loss_price': 7477.25}
INVALID_RISK_UNIT,risk_unit == 0 or non-finite,NQZ18-CME,4820006,2018-10-05 14:42:06.017000+00:00,7484.0,{'stop_loss_price': 7484.0}
INVALID_RISK_UNIT,risk_unit == 0 or non-finite,NQZ18-CME,4820007,2018-10-05 14:42:06.018000+00:00,7484.0,{'stop_loss_price': 7484.0}
INVALID_RISK_UNIT,risk_unit == 0 or non-finite,NQZ18-CME,4820008,2018-10-05 14:42:06.019000+00:00,7484.0,{'stop_loss_price': 7484.0}
INVALID_RISK_UNIT,risk_unit == 0 or non-finite,NQZ18-CME,4820009,2018-10-05 14:42:06.020000+00:00,7484.0,{'stop_loss_price': 7484.0}
INVALID_RISK_UNIT,risk_unit == 0 or non-finite,NQZ18-CME,4820010,2018-10-05 14:42:06.021000+00:00,7484.0,{'stop_loss_price': 7484.0}
INVALID_RISK_UNIT,risk_unit == 0 or non-finite,NQZ18-CME,4842200,2018-10-05 14:59:59.008000+00:00,7469.0,{'stop_loss_price': 7469.0}
INVALID_RISK_UNIT,risk_unit == 0 or non-finite,NQZ18-CME,4842201,2018-10-05 14:59:59.009000+00:00,7469.0,{'stop_loss_price': 7469.0}
INVALID_RISK_UNIT,risk_unit == 0 or non-finite,NQZ18-CME,4842202,2018-10-05 14:59:59.010000+00:00,7469.0,{'stop_loss_price': 7469.0}
INVALID_RISK_UNIT,risk_unit == 0 or non-finite,NQZ18-CME,4842203,2018-10-05 14:59:59.011000+00:00,7469.0,{'stop_loss_price': 7469.0}
INVALID_RISK_UNIT,risk_unit == 0 or non-finite,NQZ18-CME,4913635,2018-10-05 15:46:27.013000+00:00,7404.25,{'stop_loss_price': 7404.25}
INVALID_RISK_UNIT,risk_unit == 0 or non-finite,NQZ18-CME,4970753,2018-10-05 16:35:44.029000+00:00,7376.75,{'stop_loss_price': 7376.75}
INVALID_RISK_UNIT,risk_unit == 0 or non-finite,NQZ18-CME,4970754,2018-10-05 16:35:44.030000+00:00,7376.75,{'stop_loss_price': 7376.75}
INVALID_RISK_UNIT,risk_unit == 0 or non-finite,NQZ18-CME,4970755,2018-10-05 16:35:44.031000+00:00,7376.75,{'stop_loss_price': 7376.75}
INVALID_RISK_UNIT,risk_unit == 0 or non-finite,NQZ18-CME,4970756,2018-10-05 16:35:44.032000+00:00,7376.75,{'stop_loss_price': 7376.75}
INVALID_RISK_UNIT,risk_unit == 0 or non-finite,NQZ18-CME,4970757,2018-10-05 16:35:44.033000+00:00,7376.75,{'stop_loss_price': 7376.75}
INVALID_RISK_UNIT,risk_unit == 0 or non-finite,NQZ18-CME,4970758,2018-10-05 16:35:44.034000+00:00,7376.75,{'stop_loss_price': 7376.75}
INVALID_RISK_UNIT,risk_unit == 0 or non-finite,NQZ18-CME,4970759,2018-10-05 16:35:44.035000+00:00,7376.75,{'stop_loss_price': 7376.75}
INVALID_RISK_UNIT,risk_unit == 0 or non-finite,NQZ18-CME,4970760,2018-10-05 16:35:44.036000+00:00,7376.75,{'stop_loss_price': 7376.75}
INVALID_RISK_UNIT,risk_unit == 0 or non-finite,NQZ18-CME,4975284,2018-10-05 16:40:03.003000+00:00,7375.5,{'stop_loss_price': 7375.5}
INVALID_RISK_UNIT,risk_unit == 0 or non-finite,NQZ18-CME,4975285,2018-10-05 16:40:03.004000+00:00,7375.5,{'stop_loss_price': 7375.5}
INVALID_RISK_UNIT,risk_unit == 0 or non-finite,NQZ18-CME,4975286,2018-10-05 16:40:03.005000+00:00,7375.5,{'stop_loss_price': 7375.5}
INVALID_RISK_UNIT,risk_unit == 0 or non-finite,NQZ18-CME,4975287,2018-10-05 16:40:03.006000+00:00,7375.5,{'stop_loss_price': 7375.5}
INVALID_RISK_UNIT,risk_unit == 0 or non-finite,NQZ18-CME,4975288,2018-10-05 16:40:03.007000+00:00,7375.5,{'stop_loss_price': 7375.5}
INVALID_RISK_UNIT,risk_unit == 0 or non-finite,NQZ18-CME,4975289,2018-10-05 16:40:03.008000+00:00,7375.5,{'stop_loss_price': 7375.5}
INVALID_RISK_UNIT,risk_unit == 0 or non-finite,NQZ18-CME,4975290,2018-10-05 16:40:03.009000+00:00,7375.5,{'stop_loss_price': 7375.5}
INVALID_RISK_UNIT,risk_unit == 0 or non-finite,NQZ18-CME,4975291,2018-10-05 16:40:03.010000+00:00,7375.5,{'stop_loss_price': 7375.5}
INVALID_RISK_UNIT,risk_unit == 0 or non-finite,NQZ18-CME,4975293,2018-10-05 16:40:03.012000+00:00,7375.5,{'stop_loss_price': 7375.5}
INVALID_RISK_UNIT,risk_unit == 0 or non-finite,NQZ18-CME,4991751,2018-10-05 16:53:20.004000+00:00,7383.25,{'stop_loss_price': 7383.25}
INVALID_RISK_UNIT,risk_unit == 0 or non-finite,NQZ18-CME,5013378,2018-10-05 17:14:04.003000+00:00,7356.5,{'stop_loss_price': 7356.5}
INVALID_RISK_UNIT,risk_unit == 0 or non-finite,NQZ18-CME,5021417,2018-10-05 17:24:00.013000+00:00,7352.75,{'stop_loss_price': 7352.75}
INVALID_RISK_UNIT,risk_unit == 0 or non-finite,NQZ18-CME,5021418,2018-10-05 17:24:00.014000+00:00,7352.75,{'stop_loss_price': 7352.75}
INVALID_RISK_UNIT,risk_unit == 0 or non-finite,NQZ18-CME,5021419,2018-10-05 17:24:00.015000+00:00,7352.75,{'stop_loss_price': 7352.75}
INVALID_RISK_UNIT,risk_unit == 0 or non-finite,NQZ18-CME,5021420,2018-10-05 17:24:00.016000+00:00,7352.75,{'stop_loss_price': 7352.75}
INVALID_RISK_UNIT,risk_unit == 0 or non-finite,NQZ18-CME,5021421,2018-10-05 17:24:00.017000+00:00,7352.75,{'stop_loss_price': 7352.75}
INVALID_RISK_UNIT,risk_unit == 0 or non-finite,NQZ18-CME,5021422,2018-10-05 17:24:00.018000+00:00,7352.75,{'stop_loss_price': 7352.75}
INVALID_RISK_UNIT,risk_unit == 0 or non-finite,NQZ18-CME,5021424,2018-10-05 17:24:01+00:00,7352.75,{'stop_loss_price': 7352.75}
INVALID_RISK_UNIT,risk_unit == 0 or non-finite,NQZ18-CME,5044506,2018-10-05 17:48:21.001000+00:00,7384.25,{'stop_loss_price': 7384.25}
INVALID_RISK_UNIT,risk_unit == 0 or non-finite,NQZ18-CME,5044507,2018-10-05 17:48:21.002000+00:00,7384.25,{'stop_loss_price': 7384.25}
INVALID_RISK_UNIT,risk_unit == 0 or non-finite,NQZ18-CME,5057062,2018-10-05 18:02:13.013000+00:00,7396.75,{'stop_loss_price': 7396.75}
INVALID_RISK_UNIT,risk_unit == 0 or non-finite,NQZ18-CME,5075208,2018-10-05 18:22:30.004000+00:00,7408.0,{'stop_loss_price': 7408.0}
INVALID_RISK_UNIT,risk_unit == 0 or non-finite,NQZ18-CME,5075732,2018-10-05 18:23:09.005000+00:00,7413.25,{'stop_loss_price': 7413.25}
INVALID_RISK_UNIT,risk_unit == 0 or non-finite,NQZ18-CME,5075733,2018-10-05 18:23:09.006000+00:00,7413.25,{'stop_loss_price': 7413.25}
INVALID_RISK_UNIT,risk_unit == 0 or non-finite,NQZ18-CME,5075734,2018-10-05 18:23:09.007000+00:00,7413.25,{'stop_loss_price': 7413.25}
INVALID_RISK_UNIT,risk_unit == 0 or non-finite,NQZ18-CME,5075735,2018-10-05 18:23:09.008000+00:00,7413.25,{'stop_loss_price': 7413.25}
INVALID_RISK_UNIT,risk_unit == 0 or non-finite,NQZ18-CME,5075736,2018-10-05 18:23:09.009000+00:00,7413.25,{'stop_loss_price': 7413.25}
INVALID_RISK_UNIT,risk_unit == 0 or non-finite,NQZ18-CME,5126838,2018-10-05 19:14:04+00:00,7437.25,{'stop_loss_price': 7437.25}
INVALID_RISK_UNIT,risk_unit == 0 or non-finite,NQZ18-CME,5126839,2018-10-05 19:14:04.001000+00:00,7437.25,{'stop_loss_price': 7437.25}
INVALID_RISK_UNIT,risk_unit == 0 or non-finite,NQZ18-CME,5126840,2018-10-05 19:14:04.002000+00:00,7437.25,{'stop_loss_price': 7437.25}
INVALID_RISK_UNIT,risk_unit == 0 or non-finite,NQZ18-CME,5126841,2018-10-05 19:14:04.003000+00:00,7437.25,{'stop_loss_price': 7437.25}
INVALID_RISK_UNIT,risk_unit == 0 or non-finite,NQZ18-CME,5126842,2018-10-05 19:14:04.004000+00:00,7437.25,{'stop_loss_price': 7437.25}
INVALID_RISK_UNIT,risk_unit == 0 or non-finite,NQZ18-CME,5126843,2018-10-05 19:14:04.005000+00:00,7437.25,{'stop_loss_price': 7437.25}
INVALID_RISK_UNIT,risk_unit == 0 or non-finite,NQZ18-CME,5139292,2018-10-05 19:30:18.002000+00:00,7422.75,{'stop_loss_price': 7422.75}
INVALID_RISK_UNIT,risk_unit == 0 or non-finite,NQZ18-CME,5148527,2018-10-05 19:40:56.002000+00:00,7419.25,{'stop_loss_price': 7419.25}
INVALID_RISK_UNIT,risk_unit == 0 or non-finite,NQZ18-CME,5167357,2018-10-05 19:58:39.053000+00:00,7419.0,{'stop_loss_price': 7419.0}
INVALID_RISK_UNIT,risk_unit == 0 or non-finite,NQZ18-CME,5167358,2018-10-05 19:58:39.054000+00:00,7419.0,{'stop_loss_price': 7419.0}
INVALID_RISK_UNIT,risk_unit == 0 or non-finite,NQZ18-CME,5167359,2018-10-05 19:58:39.055000+00:00,7419.0,{'stop_loss_price': 7419.0}
INVALID_RISK_UNIT,risk_unit == 0 or non-finite,NQZ18-CME,5167360,2018-10-05 19:58:39.056000+00:00,7419.0,{'stop_loss_price': 7419.0}
INVALID_RISK_UNIT,risk_unit == 0 or non-finite,NQZ18-CME,5167361,2018-10-05 19:58:39.057000+00:00,7419.0,{'stop_loss_price': 7419.0}
INVALID_RISK_UNIT,risk_unit == 0 or non-finite,NQZ18-CME,5167362,2018-10-05 19:58:39.058000+00:00,7419.0,{'stop_loss_price': 7419.0}
INVALID_RISK_UNIT,risk_unit == 0 or non-finite,NQZ18-CME,5167363,2018-10-05 19:58:39.059000+00:00,7419.0,{'stop_loss_price': 7419.0}
INVALID_RISK_UNIT,risk_unit == 0 or non-finite,NQZ18-CME,5167364,2018-10-05 19:58:39.060000+00:00,7419.0,{'stop_loss_price': 7419.0}
INVALID_RISK_UNIT,risk_unit == 0 or non-finite,NQZ18-CME,5199137,2018-10-08 02:24:04+00:00,7429.5,{'stop_loss_price': 7429.5}
INVALID_RISK_UNIT,risk_unit == 0 or non-finite,NQZ18-CME,5199138,2018-10-08 02:24:04.001000+00:00,7429.5,{'stop_loss_price': 7429.5}
INVALID_RISK_UNIT,risk_unit == 0 or non-finite,NQZ18-CME,5199139,2018-10-08 02:24:04.002000+00:00,7429.5,{'stop_loss_price': 7429.5}
INVALID_RISK_UNIT,risk_unit == 0 or non-finite,NQZ18-CME,5199140,2018-10-08 02:24:04.003000+00:00,7429.5,{'stop_loss_price': 7429.5}
INVALID_RISK_UNIT,risk_unit == 0 or non-finite,NQZ18-CME,5199141,2018-10-08 02:24:04.004000+00:00,7429.5,{'stop_loss_price': 7429.5}
INVALID_RISK_UNIT,risk_unit == 0 or non-finite,NQZ18-CME,5199142,2018-10-08 02:24:05+00:00,7429.5,{'stop_loss_price': 7429.5}
INVALID_RISK_UNIT,risk_unit == 0 or non-finite,NQZ18-CME,5199143,2018-10-08 02:24:06+00:00,7429.5,{'stop_loss_price': 7429.5}
INVALID_RISK_UNIT,risk_unit == 0 or non-finite,NQZ18-CME,5199145,2018-10-08 02:24:07+00:00,7429.5,{'stop_loss_price': 7429.5}
INVALID_RISK_UNIT,risk_unit == 0 or non-finite,NQZ18-CME,5210604,2018-10-08 05:57:24.004000+00:00,7434.25,{'stop_loss_price': 7434.25}
INVALID_RISK_UNIT,risk_unit == 0 or non-finite,NQZ18-CME,5210605,2018-10-08 05:57:30+00:00,7434.25,{'stop_loss_price': 7434.25}
INVALID_RISK_UNIT,risk_unit == 0 or non-finite,NQZ18-CME,5210606,2018-10-08 05:57:40+00:00,7434.25,{'stop_loss_price': 7434.25}
INVALID_RISK_UNIT,risk_unit == 0 or non-finite,NQZ18-CME,5210607,2018-10-08 05:57:40.001000+00:00,7434.25,{'stop_loss_price': 7434.25}
INVALID_RISK_UNIT,risk_unit == 0 or non-finite,NQZ18-CME,5210608,2018-10-08 05:57:40.002000+00:00,7434.25,{'stop_loss_price': 7434.25}
INVALID_RISK_UNIT,risk_unit == 0 or non-finite,NQZ18-CME,5210609,2018-10-08 05:57:40.003000+00:00,7434.25,{'stop_loss_price': 7434.25}
INVALID_RISK_UNIT,risk_unit == 0 or non-finite,NQZ18-CME,5223992,2018-10-08 08:13:00.001000+00:00,7406.0,{'stop_loss_price': 7406.0}
INVALID_RISK_UNIT,risk_unit == 0 or non-finite,NQZ18-CME,5302133,2018-10-08 13:42:46.042000+00:00,7397.5,{'stop_loss_price': 7397.5}
INVALID_RISK_UNIT,risk_unit == 0 or non-finite,NQZ18-CME,5302134,2018-10-08 13:42:46.043000+00:00,7397.5,{'stop_loss_price': 7397.5}
INVALID_RISK_UNIT,risk_unit == 0 or non-finite,NQZ18-CME,5326057,2018-10-08 13:58:03.002000+00:00,7418.0,{'stop_loss_price': 7418.0}
INVALID_RISK_UNIT,risk_unit == 0 or non-finite,NQZ18-CME,5326058,2018-10-08 13:58:03.003000+00:00,7418.0,{'stop_loss_price': 7418.0}
INVALID_RISK_UNIT,risk_unit == 0 or non-finite,NQZ18-CME,5326059,2018-10-08 13:58:03.004000+00:00,7418.0,{'stop_loss_price': 7418.0}
INVALID_RISK_UNIT,risk_unit == 0 or non-finite,NQZ18-CME,5326060,2018-10-08 13:58:03.005000+00:00,7418.0,{'stop_loss_price': 7418.0}
INVALID_RISK_UNIT,risk_unit == 0 or non-finite,NQZ18-CME,5326061,2018-10-08 13:58:03.006000+00:00,7418.0,{'stop_loss_price': 7418.0}
INVALID_RISK_UNIT,risk_unit == 0 or non-finite,NQZ18-CME,5326066,2018-10-08 13:58:04.004000+00:00,7418.0,{'stop_loss_price': 7418.0}
INVALID_RISK_UNIT,risk_unit == 0 or non-finite,NQZ18-CME,5326067,2018-10-08 13:58:04.005000+00:00,7418.0,{'stop_loss_price': 7418.0}
INVALID_RISK_UNIT,risk_unit == 0 or non-finite,NQZ18-CME,5326068,2018-10-08 13:58:05+00:00,7418.0,{'stop_loss_price': 7418.0}
INVALID_RISK_UNIT,risk_unit == 0 or non-finite,NQZ18-CME,5326069,2018-10-08 13:58:05.001000+00:00,7418.0,{'stop_loss_price': 7418.0}
INVALID_RISK_UNIT,risk_unit == 0 or non-finite,NQZ18-CME,5370366,2018-10-08 14:39:38.016000+00:00,7411.75,{'stop_loss_price': 7411.75}
INVALID_RISK_UNIT,risk_unit == 0 or non-finite,NQZ18-CME,5370367,2018-10-08 14:39:38.017000+00:00,7411.75,{'stop_loss_price': 7411.75}
INVALID_RISK_UNIT,risk_unit == 0 or non-finite,NQZ18-CME,5385240,2018-10-08 14:54:48.002000+00:00,7395.25,{'stop_loss_price': 7395.25}
INVALID_RISK_UNIT,risk_unit == 0 or non-finite,NQZ18-CME,5385241,2018-10-08 14:54:48.003000+00:00,7395.25,{'stop_loss_price': 7395.25}
INVALID_RISK_UNIT,risk_unit == 0 or non-finite,NQZ18-CME,5413067,2018-10-08 15:24:11+00:00,7378.75,{'stop_loss_price': 7378.75}
INVALID_RISK_UNIT,risk_unit == 0 or non-finite,NQZ18-CME,5413068,2018-10-08 15:24:11.001000+00:00,7378.75,{'stop_loss_price': 7378.75}
INVALID_RISK_UNIT,risk_unit == 0 or non-finite,NQZ18-CME,5413069,2018-10-08 15:24:11.002000+00:00,7378.75,{'stop_loss_price': 7378.75}
INVALID_RISK_UNIT,risk_unit == 0 or non-finite,NQZ18-CME,5413070,2018-10-08 15:24:11.003000+00:00,7378.75,{'stop_loss_price': 7378.75}
INVALID_RISK_UNIT,risk_unit == 0 or non-finite,NQZ18-CME,5413071,2018-10-08 15:24:11.004000+00:00,7378.75,{'stop_loss_price': 7378.75}
INVALID_RISK_UNIT,risk_unit == 0 or non-finite,NQZ18-CME,5413072,2018-10-08 15:24:11.005000+00:00,7378.75,{'stop_loss_price': 7378.75}
INVALID_RISK_UNIT,risk_unit == 0 or non-finite,NQZ18-CME,5413074,2018-10-08 15:24:11.007000+00:00,7378.75,{'stop_loss_price': 7378.75}
INVALID_RISK_UNIT,risk_unit == 0 or non-finite,NQZ18-CME,5502562,2018-10-08 16:20:27.020000+00:00,7301.5,{'stop_loss_price': 7301.5}
INVALID_RISK_UNIT,risk_unit == 0 or non-finite,NQZ18-CME,5531672,2018-10-08 16:49:51.019000+00:00,7324.0,{'stop_loss_price': 7324.0}
INVALID_RISK_UNIT,risk_unit == 0 or non-finite,NQZ18-CME,5531673,2018-10-08 16:49:51.020000+00:00,7324.0,{'stop_loss_price': 7324.0}
INVALID_RISK_UNIT,risk_unit == 0 or non-finite,NQZ18-CME,5531674,2018-10-08 16:49:51.021000+00:00,7324.0,{'stop_loss_price': 7324.0}
INVALID_RISK_UNIT,risk_unit == 0 or non-finite,NQZ18-CME,5531675,2018-10-08 16:49:51.022000+00:00,7324.0,{'stop_loss_price': 7324.0}
INVALID_RISK_UNIT,risk_unit == 0 or non-finite,NQZ18-CME,5531676,2018-10-08 16:49:52+00:00,7324.0,{'stop_loss_price': 7324.0}
INVALID_RISK_UNIT,risk_unit == 0 or non-finite,NQZ18-CME,5531677,2018-10-08 16:49:52.001000+00:00,7324.0,{'stop_loss_price': 7324.0}
INVALID_RISK_UNIT,risk_unit == 0 or non-finite,NQZ18-CME,5531678,2018-10-08 16:49:52.002000+00:00,7324.0,{'stop_loss_price': 7324.0}
INVALID_RISK_UNIT,risk_unit == 0 or non-finite,NQZ18-CME,5593272,2018-10-08 17:54:37.004000+00:00,7338.25,{'stop_loss_price': 7338.25}
INVALID_RISK_UNIT,risk_unit == 0 or non-finite,NQZ18-CME,5601280,2018-10-08 18:04:09.005000+00:00,7345.0,{'stop_loss_price': 7345.0}
INVALID_RISK_UNIT,risk_unit == 0 or non-finite,NQZ18-CME,5646512,2018-10-08 19:00:07.027000+00:00,7372.5,{'stop_loss_price': 7372.5}
INVALID_RISK_UNIT,risk_unit == 0 or non-finite,NQZ18-CME,5664006,2018-10-08 19:24:50.011000+00:00,7373.75,{'stop_loss_price': 7373.75}
INVALID_RISK_UNIT,risk_unit == 0 or non-finite,NQZ18-CME,5827978,2018-10-09 13:42:17.007000+00:00,7392.0,{'stop_loss_price': 7392.0}
INVALID_RISK_UNIT,risk_unit == 0 or non-finite,NQZ18-CME,5827979,2018-10-09 13:42:17.008000+00:00,7392.0,{'stop_loss_price': 7392.0}
INVALID_RISK_UNIT,risk_unit == 0 or non-finite,NQZ18-CME,5981520,2018-10-09 15:18:22.006000+00:00,7415.0,{'stop_loss_price': 7415.0}
INVALID_RISK_UNIT,risk_unit == 0 or non-finite,NQZ18-CME,5981521,2018-10-09 15:18:22.007000+00:00,7415.0,{'stop_loss_price': 7415.0}
INVALID_RISK_UNIT,risk_unit == 0 or non-finite,NQZ18-CME,5981522,2018-10-09 15:18:22.008000+00:00,7415.0,{'stop_loss_price': 7415.0}
INVALID_RISK_UNIT,risk_unit == 0 or non-finite,NQZ18-CME,5981523,2018-10-09 15:18:22.009000+00:00,7415.0,{'stop_loss_price': 7415.0}
INVALID_RISK_UNIT,risk_unit == 0 or non-finite,NQZ18-CME,5981524,2018-10-09 15:18:22.010000+00:00,7415.0,{'stop_loss_price': 7415.0}
INVALID_RISK_UNIT,risk_unit == 0 or non-finite,NQZ18-CME,5981525,2018-10-09 15:18:22.011000+00:00,7415.0,{'stop_loss_price': 7415.0}
INVALID_RISK_UNIT,risk_unit == 0 or non-finite,NQZ18-CME,5981526,2018-10-09 15:18:22.012000+00:00,7415.0,{'stop_loss_price': 7415.0}
INVALID_RISK_UNIT,risk_unit == 0 or non-finite,NQZ18-CME,6050182,2018-10-09 16:45:26.006000+00:00,7388.0,{'stop_loss_price': 7388.0}
INVALID_RISK_UNIT,risk_unit == 0 or non-finite,NQZ18-CME,6050183,2018-10-09 16:45:26.007000+00:00,7388.0,{'stop_loss_price': 7388.0}
INVALID_RISK_UNIT,risk_unit == 0 or non-finite,NQZ18-CME,6050184,2018-10-09 16:45:26.008000+00:00,7388.0,{'stop_loss_price': 7388.0}
INVALID_RISK_UNIT,risk_unit == 0 or non-finite,NQZ18-CME,6050185,2018-10-09 16:45:26.009000+00:00,7388.0,{'stop_loss_price': 7388.0}
INVALID_RISK_UNIT,risk_unit == 0 or non-finite,NQZ18-CME,6050186,2018-10-09 16:45:26.010000+00:00,7388.0,{'stop_loss_price': 7388.0}
INVALID_RISK_UNIT,risk_unit == 0 or non-finite,NQZ18-CME,6050187,2018-10-09 16:45:26.011000+00:00,7388.0,{'stop_loss_price': 7388.0}
INVALID_RISK_UNIT,risk_unit == 0 or non-finite,NQZ18-CME,6050188,2018-10-09 16:45:26.012000+00:00,7388.0,{'stop_loss_price': 7388.0}
INVALID_RISK_UNIT,risk_unit == 0 or non-finite,NQZ18-CME,6050189,2018-10-09 16:45:26.013000+00:00,7388.0,{'stop_loss_price': 7388.0}
INVALID_RISK_UNIT,risk_unit == 0 or non-finite,NQZ18-CME,6059639,2018-10-09 16:53:17.038000+00:00,7388.75,{'stop_loss_price': 7388.75}
INVALID_RISK_UNIT,risk_unit == 0 or non-finite,NQZ18-CME,6070117,2018-10-09 17:04:26.003000+00:00,7375.75,{'stop_loss_price': 7375.75}
INVALID_RISK_UNIT,risk_unit == 0 or non-finite,NQZ18-CME,6087474,2018-10-09 17:30:20.001000+00:00,7399.25,{'stop_loss_price': 7399.25}
INVALID_RISK_UNIT,risk_unit == 0 or non-finite,NQZ18-CME,6087475,2018-10-09 17:30:20.002000+00:00,7399.25,{'stop_loss_price': 7399.25}
INVALID_RISK_UNIT,risk_unit == 0 or non-finite,NQZ18-CME,6087476,2018-10-09 17:30:20.003000+00:00,7399.25,{'stop_loss_price': 7399.25}
INVALID_RISK_UNIT,risk_unit == 0 or non-finite,NQZ18-CME,6098169,2018-10-09 17:46:18+00:00,7375.75,{'stop_loss_price': 7375.75}
INVALID_RISK_UNIT,risk_unit == 0 or non-finite,NQZ18-CME,6098170,2018-10-09 17:46:18.001000+00:00,7375.75,{'stop_loss_price': 7375.75}
INVALID_RISK_UNIT,risk_unit == 0 or non-finite,NQZ18-CME,6098171,2018-10-09 17:46:18.002000+00:00,7375.75,{'stop_loss_price': 7375.75}
INVALID_RISK_UNIT,risk_unit == 0 or non-finite,NQZ18-CME,6098172,2018-10-09 17:46:18.003000+00:00,7375.75,{'stop_loss_price': 7375.75}
INVALID_RISK_UNIT,risk_unit == 0 or non-finite,NQZ18-CME,6098198,2018-10-09 17:46:25+00:00,7375.75,{'stop_loss_price': 7375.75}
INVALID_RISK_UNIT,risk_unit == 0 or non-finite,NQZ18-CME,6098199,2018-10-09 17:46:25.001000+00:00,7375.75,{'stop_loss_price': 7375.75}
INVALID_RISK_UNIT,risk_unit == 0 or non-finite,NQZ18-CME,6098202,2018-10-09 17:46:26.002000+00:00,7375.75,{'stop_loss_price': 7375.75}
INVALID_RISK_UNIT,risk_unit == 0 or non-finite,NQZ18-CME,6098203,2018-10-09 17:46:26.003000+00:00,7375.75,{'stop_loss_price': 7375.75}
INVALID_RISK_UNIT,risk_unit == 0 or non-finite,NQZ18-CME,6098204,2018-10-09 17:46:26.004000+00:00,7375.75,{'stop_loss_price': 7375.75}
INVALID_RISK_UNIT,risk_unit == 0 or non-finite,NQZ18-CME,6098205,2018-10-09 17:46:26.005000+00:00,7375.75,{'stop_loss_price': 7375.75}
INVALID_RISK_UNIT,risk_unit == 0 or non-finite,NQZ18-CME,6098206,2018-10-09 17:46:26.006000+00:00,7375.75,{'stop_loss_price': 7375.75}
INVALID_RISK_UNIT,risk_unit == 0 or non-finite,NQZ18-CME,6098207,2018-10-09 17:46:26.007000+00:00,7375.75,{'stop_loss_price': 7375.75}
INVALID_RISK_UNIT,risk_unit == 0 or non-finite,NQZ18-CME,6098208,2018-10-09 17:46:26.008000+00:00,7375.75,{'stop_loss_price': 7375.75}
INVALID_RISK_UNIT,risk_unit == 0 or non-finite,NQZ18-CME,6098209,2018-10-09 17:46:26.009000+00:00,7375.75,{'stop_loss_price': 7375.75}
INVALID_RISK_UNIT,risk_unit == 0 or non-finite,NQZ18-CME,6098210,2018-10-09 17:46:26.010000+00:00,7375.75,{'stop_loss_price': 7375.75}
INVALID_RISK_UNIT,risk_unit == 0 or non-finite,NQZ18-CME,6098211,2018-10-09 17:46:26.011000+00:00,7375.75,{'stop_loss_price': 7375.75}
INVALID_RISK_UNIT,risk_unit == 0 or non-finite,NQZ18-CME,6098212,2018-10-09 17:46:26.012000+00:00,7375.75,{'stop_loss_price': 7375.75}
INVALID_RISK_UNIT,risk_unit == 0 or non-finite,NQZ18-CME,6098213,2018-10-09 17:46:26.013000+00:00,7375.75,{'stop_loss_price': 7375.75}
INVALID_RISK_UNIT,risk_unit == 0 or non-finite,NQZ18-CME,6098214,2018-10-09 17:46:26.014000+00:00,7375.75,{'stop_loss_price': 7375.75}
INVALID_RISK_UNIT,risk_unit == 0 or non-finite,NQZ18-CME,6098215,2018-10-09 17:46:26.015000+00:00,7375.75,{'stop_loss_price': 7375.75}
INVALID_RISK_UNIT,risk_unit == 0 or non-finite,NQZ18-CME,6098216,2018-10-09 17:46:26.016000+00:00,7375.75,{'stop_loss_price': 7375.75}
INVALID_RISK_UNIT,risk_unit == 0 or non-finite,NQZ18-CME,6098217,2018-10-09 17:46:26.017000+00:00,7375.75,{'stop_loss_price': 7375.75}
INVALID_RISK_UNIT,risk_unit == 0 or non-finite,NQZ18-CME,6098218,2018-10-09 17:46:26.018000+00:00,7375.75,{'stop_loss_price': 7375.75}
INVALID_RISK_UNIT,risk_unit == 0 or non-finite,NQZ18-CME,6098219,2018-10-09 17:46:26.019000+00:00,7375.75,{'stop_loss_price': 7375.75}
INVALID_RISK_UNIT,risk_unit == 0 or non-finite,NQZ18-CME,6098220,2018-10-09 17:46:26.020000+00:00,7375.75,{'stop_loss_price': 7375.75}
INVALID_RISK_UNIT,risk_unit == 0 or non-finite,NQZ18-CME,6098221,2018-10-09 17:46:26.021000+00:00,7375.75,{'stop_loss_price': 7375.75}
INVALID_RISK_UNIT,risk_unit == 0 or non-finite,NQZ18-CME,6098222,2018-10-09 17:46:26.022000+00:00,7375.75,{'stop_loss_price': 7375.75}
INVALID_RISK_UNIT,risk_unit == 0 or non-finite,NQZ18-CME,6098223,2018-10-09 17:46:26.023000+00:00,7375.75,{'stop_loss_price': 7375.75}
INVALID_RISK_UNIT,risk_unit == 0 or non-finite,NQZ18-CME,6098742,2018-10-09 17:47:16.005000+00:00,7374.0,{'stop_loss_price': 7374.0}
INVALID_RISK_UNIT,risk_unit == 0 or non-finite,NQZ18-CME,6113821,2018-10-09 18:09:33.007000+00:00,7389.75,{'stop_loss_price': 7389.75}
INVALID_RISK_UNIT,risk_unit == 0 or non-finite,NQZ18-CME,6146871,2018-10-09 18:59:11.002000+00:00,7413.5,{'stop_loss_price': 7413.5}
INVALID_RISK_UNIT,risk_unit == 0 or non-finite,NQZ18-CME,6261022,2018-10-10 12:43:42+00:00,7353.25,{'stop_loss_price': 7353.25}
INVALID_RISK_UNIT,risk_unit == 0 or non-finite,NQZ18-CME,6263881,2018-10-10 12:54:18.008000+00:00,7348.0,{'stop_loss_price': 7348.0}
INVALID_RISK_UNIT,risk_unit == 0 or non-finite,NQZ18-CME,6263882,2018-10-10 12:54:18.009000+00:00,7348.0,{'stop_loss_price': 7348.0}
INVALID_RISK_UNIT,risk_unit == 0 or non-finite,NQZ18-CME,6263883,2018-10-10 12:54:18.010000+00:00,7348.0,{'stop_loss_price': 7348.0}
INVALID_RISK_UNIT,risk_unit == 0 or non-finite,NQZ18-CME,6263884,2018-10-10 12:54:18.011000+00:00,7348.0,{'stop_loss_price': 7348.0}
INVALID_RISK_UNIT,risk_unit == 0 or non-finite,NQZ18-CME,6263885,2018-10-10 12:54:18.012000+00:00,7348.0,{'stop_loss_price': 7348.0}
INVALID_RISK_UNIT,risk_unit == 0 or non-finite,NQZ18-CME,6263886,2018-10-10 12:54:18.013000+00:00,7348.0,{'stop_loss_price': 7348.0}
INVALID_RISK_UNIT,risk_unit == 0 or non-finite,NQZ18-CME,6263887,2018-10-10 12:54:18.014000+00:00,7348.0,{'stop_loss_price': 7348.0}
INVALID_RISK_UNIT,risk_unit == 0 or non-finite,NQZ18-CME,6263888,2018-10-10 12:54:18.015000+00:00,7348.0,{'stop_loss_price': 7348.0}
INVALID_RISK_UNIT,risk_unit == 0 or non-finite,NQZ18-CME,6263889,2018-10-10 12:54:18.016000+00:00,7348.0,{'stop_loss_price': 7348.0}
INVALID_RISK_UNIT,risk_unit == 0 or non-finite,NQZ18-CME,6292125,2018-10-10 13:33:10.021000+00:00,7348.5,{'stop_loss_price': 7348.5}
INVALID_RISK_UNIT,risk_unit == 0 or non-finite,NQZ18-CME,6292126,2018-10-10 13:33:10.022000+00:00,7348.5,{'stop_loss_price': 7348.5}
INVALID_RISK_UNIT,risk_unit == 0 or non-finite,NQZ18-CME,6322730,2018-10-10 13:42:25.014000+00:00,7325.75,{'stop_loss_price': 7325.75}
INVALID_RISK_UNIT,risk_unit == 0 or non-finite,NQZ18-CME,6322731,2018-10-10 13:42:25.015000+00:00,7325.75,{'stop_loss_price': 7325.75}
INVALID_RISK_UNIT,risk_unit == 0 or non-finite,NQZ18-CME,6322732,2018-10-10 13:42:25.016000+00:00,7325.75,{'stop_loss_price': 7325.75}
INVALID_RISK_UNIT,risk_unit == 0 or non-finite,NQZ18-CME,6322733,2018-10-10 13:42:25.017000+00:00,7325.75,{'stop_loss_price': 7325.75}
INVALID_RISK_UNIT,risk_unit == 0 or non-finite,NQZ18-CME,6322734,2018-10-10 13:42:25.018000+00:00,7325.75,{'stop_loss_price': 7325.75}
INVALID_RISK_UNIT,risk_unit == 0 or non-finite,NQZ18-CME,6322735,2018-10-10 13:42:25.019000+00:00,7325.75,{'stop_loss_price': 7325.75}
INVALID_RISK_UNIT,risk_unit == 0 or non-finite,NQZ18-CME,6322736,2018-10-10 13:42:25.020000+00:00,7325.75,{'stop_loss_price': 7325.75}
INVALID_RISK_UNIT,risk_unit == 0 or non-finite,NQZ18-CME,6322737,2018-10-10 13:42:25.021000+00:00,7325.75,{'stop_loss_price': 7325.75}
INVALID_RISK_UNIT,risk_unit == 0 or non-finite,NQZ18-CME,6322738,2018-10-10 13:42:25.022000+00:00,7325.75,{'stop_loss_price': 7325.75}
INVALID_RISK_UNIT,risk_unit == 0 or non-finite,NQZ18-CME,6322739,2018-10-10 13:42:25.023000+00:00,7325.75,{'stop_loss_price': 7325.75}
INVALID_RISK_UNIT,risk_unit == 0 or non-finite,NQZ18-CME,6368612,2018-10-10 13:57:24.090000+00:00,7259.75,{'stop_loss_price': 7259.75}
INVALID_RISK_UNIT,risk_unit == 0 or non-finite,NQZ18-CME,6368613,2018-10-10 13:57:24.091000+00:00,7259.75,{'stop_loss_price': 7259.75}
INVALID_RISK_UNIT,risk_unit == 0 or non-finite,NQZ18-CME,6368614,2018-10-10 13:57:24.092000+00:00,7259.75,{'stop_loss_price': 7259.75}
INVALID_RISK_UNIT,risk_unit == 0 or non-finite,NQZ18-CME,6368615,2018-10-10 13:57:24.093000+00:00,7259.75,{'stop_loss_price': 7259.75}
INVALID_RISK_UNIT,risk_unit == 0 or non-finite,NQZ18-CME,6395547,2018-10-10 14:04:41.047000+00:00,7241.5,{'stop_loss_price': 7241.5}
INVALID_RISK_UNIT,risk_unit == 0 or non-finite,NQZ18-CME,6505529,2018-10-10 15:03:56.009000+00:00,7256.75,{'stop_loss_price': 7256.75}
INVALID_RISK_UNIT,risk_unit == 0 or non-finite,NQZ18-CME,6505530,2018-10-10 15:03:56.010000+00:00,7256.75,{'stop_loss_price': 7256.75}
INVALID_RISK_UNIT,risk_unit == 0 or non-finite,NQZ18-CME,6505531,2018-10-10 15:03:56.011000+00:00,7256.75,{'stop_loss_price': 7256.75}
INVALID_RISK_UNIT,risk_unit == 0 or non-finite,NQZ18-CME,6505532,2018-10-10 15:03:56.012000+00:00,7256.75,{'stop_loss_price': 7256.75}
INVALID_RISK_UNIT,risk_unit == 0 or non-finite,NQZ18-CME,6505533,2018-10-10 15:03:56.013000+00:00,7256.75,{'stop_loss_price': 7256.75}
INVALID_RISK_UNIT,risk_unit == 0 or non-finite,NQZ18-CME,6505536,2018-10-10 15:03:56.016000+00:00,7256.75,{'stop_loss_price': 7256.75}
INVALID_RISK_UNIT,risk_unit == 0 or non-finite,NQZ18-CME,6505537,2018-10-10 15:03:56.017000+00:00,7256.75,{'stop_loss_price': 7256.75}
INVALID_RISK_UNIT,risk_unit == 0 or non-finite,NQZ18-CME,6528904,2018-10-10 15:15:09.006000+00:00,7222.0,{'stop_loss_price': 7222.0}
INVALID_RISK_UNIT,risk_unit == 0 or non-finite,NQZ18-CME,6528905,2018-10-10 15:15:09.007000+00:00,7222.0,{'stop_loss_price': 7222.0}
INVALID_RISK_UNIT,risk_unit == 0 or non-finite,NQZ18-CME,6528906,2018-10-10 15:15:09.008000+00:00,7222.0,{'stop_loss_price': 7222.0}
INVALID_RISK_UNIT,risk_unit == 0 or non-finite,NQZ18-CME,6528907,2018-10-10 15:15:09.009000+00:00,7222.0,{'stop_loss_price': 7222.0}
INVALID_RISK_UNIT,risk_unit == 0 or non-finite,NQZ18-CME,6528908,2018-10-10 15:15:09.010000+00:00,7222.0,{'stop_loss_price': 7222.0}
INVALID_RISK_UNIT,risk_unit == 0 or non-finite,NQZ18-CME,6528909,2018-10-10 15:15:09.011000+00:00,7222.0,{'stop_loss_price': 7222.0}
INVALID_RISK_UNIT,risk_unit == 0 or non-finite,NQZ18-CME,6528910,2018-10-10 15:15:09.012000+00:00,7222.0,{'stop_loss_price': 7222.0}
INVALID_RISK_UNIT,risk_unit == 0 or non-finite,NQZ18-CME,6528911,2018-10-10 15:15:09.013000+00:00,7222.0,{'stop_loss_price': 7222.0}
INVALID_RISK_UNIT,risk_unit == 0 or non-finite,NQZ18-CME,6559862,2018-10-10 15:31:18.063000+00:00,7221.0,{'stop_loss_price': 7221.0}
INVALID_RISK_UNIT,risk_unit == 0 or non-finite,NQZ18-CME,6559863,2018-10-10 15:31:18.064000+00:00,7221.0,{'stop_loss_price': 7221.0}
INVALID_RISK_UNIT,risk_unit == 0 or non-finite,NQZ18-CME,6559864,2018-10-10 15:31:18.065000+00:00,7221.0,{'stop_loss_price': 7221.0}
INVALID_RISK_UNIT,risk_unit == 0 or non-finite,NQZ18-CME,6559865,2018-10-10 15:31:18.066000+00:00,7221.0,{'stop_loss_price': 7221.0}
INVALID_RISK_UNIT,risk_unit == 0 or non-finite,NQZ18-CME,6559866,2018-10-10 15:31:18.067000+00:00,7221.0,{'stop_loss_price': 7221.0}
INVALID_RISK_UNIT,risk_unit == 0 or non-finite,NQZ18-CME,6559867,2018-10-10 15:31:18.068000+00:00,7221.0,{'stop_loss_price': 7221.0}
INVALID_RISK_UNIT,risk_unit == 0 or non-finite,NQZ18-CME,6560972,2018-10-10 15:32:22.033000+00:00,7225.0,{'stop_loss_price': 7225.0}
INVALID_RISK_UNIT,risk_unit == 0 or non-finite,NQZ18-CME,6560973,2018-10-10 15:32:22.034000+00:00,7225.0,{'stop_loss_price': 7225.0}
INVALID_RISK_UNIT,risk_unit == 0 or non-finite,NQZ18-CME,6560974,2018-10-10 15:32:22.035000+00:00,7225.0,{'stop_loss_price': 7225.0}
INVALID_RISK_UNIT,risk_unit == 0 or non-finite,NQZ18-CME,6560975,2018-10-10 15:32:23+00:00,7225.0,{'stop_loss_price': 7225.0}
INVALID_RISK_UNIT,risk_unit == 0 or non-finite,NQZ18-CME,6580478,2018-10-10 15:46:04.105000+00:00,7232.75,{'stop_loss_price': 7232.75}
INVALID_RISK_UNIT,risk_unit == 0 or non-finite,NQZ18-CME,6580479,2018-10-10 15:46:04.106000+00:00,7232.75,{'stop_loss_price': 7232.75}
INVALID_RISK_UNIT,risk_unit == 0 or non-finite,NQZ18-CME,6580481,2018-10-10 15:46:04.108000+00:00,7232.75,{'stop_loss_price': 7232.75}
INVALID_RISK_UNIT,risk_unit == 0 or non-finite,NQZ18-CME,6590939,2018-10-10 15:54:34.007000+00:00,7240.5,{'stop_loss_price': 7240.5}
INVALID_RISK_UNIT,risk_unit == 0 or non-finite,NQZ18-CME,6590940,2018-10-10 15:54:34.008000+00:00,7240.5,{'stop_loss_price': 7240.5}
INVALID_RISK_UNIT,risk_unit == 0 or non-finite,NQZ18-CME,6590941,2018-10-10 15:54:34.009000+00:00,7240.5,{'stop_loss_price': 7240.5}
INVALID_RISK_UNIT,risk_unit == 0 or non-finite,NQZ18-CME,6590942,2018-10-10 15:54:34.010000+00:00,7240.5,{'stop_loss_price': 7240.5}
INVALID_RISK_UNIT,risk_unit == 0 or non-finite,NQZ18-CME,6590943,2018-10-10 15:54:34.011000+00:00,7240.5,{'stop_loss_price': 7240.5}
INVALID_RISK_UNIT,risk_unit == 0 or non-finite,NQZ18-CME,6590944,2018-10-10 15:54:34.012000+00:00,7240.5,{'stop_loss_price': 7240.5}
INVALID_RISK_UNIT,risk_unit == 0 or non-finite,NQZ18-CME,6726426,2018-10-10 17:58:40.011000+00:00,7225.25,{'stop_loss_price': 7225.25}
INVALID_RISK_UNIT,risk_unit == 0 or non-finite,NQZ18-CME,6726427,2018-10-10 17:58:40.012000+00:00,7225.25,{'stop_loss_price': 7225.25}
INVALID_RISK_UNIT,risk_unit == 0 or non-finite,NQZ18-CME,6726428,2018-10-10 17:58:40.013000+00:00,7225.25,{'stop_loss_price': 7225.25}
INVALID_RISK_UNIT,risk_unit == 0 or non-finite,NQZ18-CME,6726429,2018-10-10 17:58:40.014000+00:00,7225.25,{'stop_loss_price': 7225.25}
INVALID_RISK_UNIT,risk_unit == 0 or non-finite,NQZ18-CME,6726430,2018-10-10 17:58:40.015000+00:00,7225.25,{'stop_loss_price': 7225.25}
INVALID_RISK_UNIT,risk_unit == 0 or non-finite,NQZ18-CME,6764606,2018-10-10 18:26:52.005000+00:00,7205.75,{'stop_loss_price': 7205.75}
INVALID_RISK_UNIT,risk_unit == 0 or non-finite,NQZ18-CME,6764607,2018-10-10 18:26:52.006000+00:00,7205.75,{'stop_loss_price': 7205.75}
INVALID_RISK_UNIT,risk_unit == 0 or non-finite,NQZ18-CME,6764608,2018-10-10 18:26:52.007000+00:00,7205.75,{'stop_loss_price': 7205.75}
INVALID_RISK_UNIT,risk_unit == 0 or non-finite,NQZ18-CME,6764609,2018-10-10 18:26:52.008000+00:00,7205.75,{'stop_loss_price': 7205.75}
INVALID_RISK_UNIT,risk_unit == 0 or non-finite,NQZ18-CME,6764610,2018-10-10 18:26:53+00:00,7205.75,{'stop_loss_price': 7205.75}
INVALID_RISK_UNIT,risk_unit == 0 or non-finite,NQZ18-CME,6764612,2018-10-10 18:26:54+00:00,7205.75,{'stop_loss_price': 7205.75}
INVALID_RISK_UNIT,risk_unit == 0 or non-finite,NQZ18-CME,6798714,2018-10-10 18:49:50.003000+00:00,7177.0,{'stop_loss_price': 7177.0}
INVALID_RISK_UNIT,risk_unit == 0 or non-finite,NQZ18-CME,6798715,2018-10-10 18:49:50.004000+00:00,7177.0,{'stop_loss_price': 7177.0}
INVALID_RISK_UNIT,risk_unit == 0 or non-finite,NQZ18-CME,6798716,2018-10-10 18:49:50.005000+00:00,7177.0,{'stop_loss_price': 7177.0}
INVALID_RISK_UNIT,risk_unit == 0 or non-finite,NQZ18-CME,6798717,2018-10-10 18:49:50.006000+00:00,7177.0,{'stop_loss_price': 7177.0}
INVALID_RISK_UNIT,risk_unit == 0 or non-finite,NQZ18-CME,6798718,2018-10-10 18:49:50.007000+00:00,7177.0,{'stop_loss_price': 7177.0}
INVALID_RISK_UNIT,risk_unit == 0 or non-finite,NQZ18-CME,6838893,2018-10-10 19:16:55.008000+00:00,7159.0,{'stop_loss_price': 7159.0}
INVALID_RISK_UNIT,risk_unit == 0 or non-finite,NQZ18-CME,6892593,2018-10-10 19:47:25.005000+00:00,7116.0,{'stop_loss_price': 7116.0}
INVALID_RISK_UNIT,risk_unit == 0 or non-finite,NQZ18-CME,6892594,2018-10-10 19:47:25.006000+00:00,7116.0,{'stop_loss_price': 7116.0}
INVALID_RISK_UNIT,risk_unit == 0 or non-finite,NQZ18-CME,6892595,2018-10-10 19:47:25.007000+00:00,7116.0,{'stop_loss_price': 7116.0}
INVALID_RISK_UNIT,risk_unit == 0 or non-finite,NQZ18-CME,6892596,2018-10-10 19:47:25.008000+00:00,7116.0,{'stop_loss_price': 7116.0}
INVALID_RISK_UNIT,risk_unit == 0 or non-finite,NQZ18-CME,6892597,2018-10-10 19:47:25.009000+00:00,7116.0,{'stop_loss_price': 7116.0}
INVALID_RISK_UNIT,risk_unit == 0 or non-finite,NQZ18-CME,6918806,2018-10-10 19:56:06.239000+00:00,7071.25,{'stop_loss_price': 7071.25}
INVALID_RISK_UNIT,risk_unit == 0 or non-finite,NQZ18-CME,6926584,2018-10-10 19:58:26.004000+00:00,7085.75,{'stop_loss_price': 7085.75}
INVALID_RISK_UNIT,risk_unit == 0 or non-finite,NQZ18-CME,6926585,2018-10-10 19:58:26.005000+00:00,7085.75,{'stop_loss_price': 7085.75}
INVALID_RISK_UNIT,risk_unit == 0 or non-finite,NQZ18-CME,6926586,2018-10-10 19:58:26.006000+00:00,7085.75,{'stop_loss_price': 7085.75}
INVALID_RISK_UNIT,risk_unit == 0 or non-finite,NQZ18-CME,6926587,2018-10-10 19:58:26.007000+00:00,7085.75,{'stop_loss_price': 7085.75}
INVALID_RISK_UNIT,risk_unit == 0 or non-finite,NQZ18-CME,6926588,2018-10-10 19:58:26.008000+00:00,7085.75,{'stop_loss_price': 7085.75}
INVALID_RISK_UNIT,risk_unit == 0 or non-finite,NQZ18-CME,6926589,2018-10-10 19:58:26.009000+00:00,7085.75,{'stop_loss_price': 7085.75}
INVALID_RISK_UNIT,risk_unit == 0 or non-finite,NQZ18-CME,6926590,2018-10-10 19:58:26.010000+00:00,7085.75,{'stop_loss_price': 7085.75}
INVALID_RISK_UNIT,risk_unit == 0 or non-finite,NQZ18-CME,6957881,2018-10-10 20:12:15.017000+00:00,7040.25,{'stop_loss_price': 7040.25}
INVALID_RISK_UNIT,risk_unit == 0 or non-finite,NQZ18-CME,6957882,2018-10-10 20:12:15.018000+00:00,7040.25,{'stop_loss_price': 7040.25}
INVALID_RISK_UNIT,risk_unit == 0 or non-finite,NQZ18-CME,6957883,2018-10-10 20:12:15.019000+00:00,7040.25,{'stop_loss_price': 7040.25}
INVALID_RISK_UNIT,risk_unit == 0 or non-finite,NQZ18-CME,6959965,2018-10-10 20:14:29.006000+00:00,7035.75,{'stop_loss_price': 7035.75}
INVALID_RISK_UNIT,risk_unit == 0 or non-finite,NQZ18-CME,6959966,2018-10-10 20:14:29.007000+00:00,7035.75,{'stop_loss_price': 7035.75}
INVALID_RISK_UNIT,risk_unit == 0 or non-finite,NQZ18-CME,6959967,2018-10-10 20:14:29.008000+00:00,7035.75,{'stop_loss_price': 7035.75}
INVALID_RISK_UNIT,risk_unit == 0 or non-finite,NQZ18-CME,6959968,2018-10-10 20:14:29.009000+00:00,7035.75,{'stop_loss_price': 7035.75}
INVALID_RISK_UNIT,risk_unit == 0 or non-finite,NQZ18-CME,6959969,2018-10-10 20:14:29.010000+00:00,7035.75,{'stop_loss_price': 7035.75}
INVALID_RISK_UNIT,risk_unit == 0 or non-finite,NQZ18-CME,7002445,2018-10-11 01:53:56.125000+00:00,6963.75,{'stop_loss_price': 6963.75}
INVALID_RISK_UNIT,risk_unit == 0 or non-finite,NQZ18-CME,7013482,2018-10-11 02:14:16+00:00,6958.5,{'stop_loss_price': 6958.5}
INVALID_RISK_UNIT,risk_unit == 0 or non-finite,NQZ18-CME,7037398,2018-10-11 05:05:05.015000+00:00,6967.0,{'stop_loss_price': 6967.0}
INVALID_RISK_UNIT,risk_unit == 0 or non-finite,NQZ18-CME,7037399,2018-10-11 05:05:05.016000+00:00,6967.0,{'stop_loss_price': 6967.0}
INVALID_RISK_UNIT,risk_unit == 0 or non-finite,NQZ18-CME,7061878,2018-10-11 07:08:05+00:00,7007.5,{'stop_loss_price': 7007.5}
INVALID_RISK_UNIT,risk_unit == 0 or non-finite,NQZ18-CME,7102798,2018-10-11 09:09:02.002000+00:00,6956.75,{'stop_loss_price': 6956.75}
INVALID_RISK_UNIT,risk_unit == 0 or non-finite,NQZ18-CME,7173713,2018-10-11 12:54:32+00:00,7022.0,{'stop_loss_price': 7022.0}
INVALID_RISK_UNIT,risk_unit == 0 or non-finite,NQZ18-CME,7173714,2018-10-11 12:54:32.001000+00:00,7022.0,{'stop_loss_price': 7022.0}
INVALID_RISK_UNIT,risk_unit == 0 or non-finite,NQZ18-CME,7173715,2018-10-11 12:54:32.002000+00:00,7022.0,{'stop_loss_price': 7022.0}
INVALID_RISK_UNIT,risk_unit == 0 or non-finite,NQZ18-CME,7178523,2018-10-11 13:02:40.004000+00:00,7029.0,{'stop_loss_price': 7029.0}
INVALID_RISK_UNIT,risk_unit == 0 or non-finite,NQZ18-CME,7178524,2018-10-11 13:02:40.005000+00:00,7029.0,{'stop_loss_price': 7029.0}
INVALID_RISK_UNIT,risk_unit == 0 or non-finite,NQZ18-CME,7178525,2018-10-11 13:02:40.006000+00:00,7029.0,{'stop_loss_price': 7029.0}
INVALID_RISK_UNIT,risk_unit == 0 or non-finite,NQZ18-CME,7207111,2018-10-11 13:32:16.053000+00:00,7065.0,{'stop_loss_price': 7065.0}
INVALID_RISK_UNIT,risk_unit == 0 or non-finite,NQZ18-CME,7237707,2018-10-11 13:41:20.040000+00:00,7013.75,{'stop_loss_price': 7013.75}
INVALID_RISK_UNIT,risk_unit == 0 or non-finite,NQZ18-CME,7249933,2018-10-11 13:45:24.037000+00:00,7032.0,{'stop_loss_price': 7032.0}
INVALID_RISK_UNIT,risk_unit == 0 or non-finite,NQZ18-CME,7267040,2018-10-11 13:49:28.102000+00:00,7081.75,{'stop_loss_price': 7081.75}
INVALID_RISK_UNIT,risk_unit == 0 or non-finite,NQZ18-CME,7267041,2018-10-11 13:49:28.103000+00:00,7081.75,{'stop_loss_price': 7081.75}
INVALID_RISK_UNIT,risk_unit == 0 or non-finite,NQZ18-CME,7267042,2018-10-11 13:49:28.104000+00:00,7081.75,{'stop_loss_price': 7081.75}
INVALID_RISK_UNIT,risk_unit == 0 or non-finite,NQZ18-CME,7267043,2018-10-11 13:49:28.105000+00:00,7081.75,{'stop_loss_price': 7081.75}
INVALID_RISK_UNIT,risk_unit == 0 or non-finite,NQZ18-CME,7267048,2018-10-11 13:49:28.110000+00:00,7081.75,{'stop_loss_price': 7081.75}
INVALID_RISK_UNIT,risk_unit == 0 or non-finite,NQZ18-CME,7267049,2018-10-11 13:49:28.111000+00:00,7081.75,{'stop_loss_price': 7081.75}
INVALID_RISK_UNIT,risk_unit == 0 or non-finite,NQZ18-CME,7267050,2018-10-11 13:49:29+00:00,7081.75,{'stop_loss_price': 7081.75}
INVALID_RISK_UNIT,risk_unit == 0 or non-finite,NQZ18-CME,7267063,2018-10-11 13:49:29.013000+00:00,7081.75,{'stop_loss_price': 7081.75}
INVALID_RISK_UNIT,risk_unit == 0 or non-finite,NQZ18-CME,7267064,2018-10-11 13:49:29.014000+00:00,7081.75,{'stop_loss_price': 7081.75}
INVALID_RISK_UNIT,risk_unit == 0 or non-finite,NQZ18-CME,7290628,2018-10-11 13:56:39.048000+00:00,7111.75,{'stop_loss_price': 7111.75}
INVALID_RISK_UNIT,risk_unit == 0 or non-finite,NQZ18-CME,7290629,2018-10-11 13:56:39.049000+00:00,7111.75,{'stop_loss_price': 7111.75}
INVALID_RISK_UNIT,risk_unit == 0 or non-finite,NQZ18-CME,7290630,2018-10-11 13:56:39.050000+00:00,7111.75,{'stop_loss_price': 7111.75}
INVALID_RISK_UNIT,risk_unit == 0 or non-finite,NQZ18-CME,7290631,2018-10-11 13:56:39.051000+00:00,7111.75,{'stop_loss_price': 7111.75}
INVALID_RISK_UNIT,risk_unit == 0 or non-finite,NQZ18-CME,7290632,2018-10-11 13:56:39.052000+00:00,7111.75,{'stop_loss_price': 7111.75}
INVALID_RISK_UNIT,risk_unit == 0 or non-finite,NQZ18-CME,7325974,2018-10-11 14:09:06.024000+00:00,7089.25,{'stop_loss_price': 7089.25}
INVALID_RISK_UNIT,risk_unit == 0 or non-finite,NQZ18-CME,7325975,2018-10-11 14:09:06.025000+00:00,7089.25,{'stop_loss_price': 7089.25}
INVALID_RISK_UNIT,risk_unit == 0 or non-finite,NQZ18-CME,7325976,2018-10-11 14:09:06.026000+00:00,7089.25,{'stop_loss_price': 7089.25}
INVALID_RISK_UNIT,risk_unit == 0 or non-finite,NQZ18-CME,7331125,2018-10-11 14:11:00.079000+00:00,7089.75,{'stop_loss_price': 7089.75}
INVALID_RISK_UNIT,risk_unit == 0 or non-finite,NQZ18-CME,7331126,2018-10-11 14:11:00.080000+00:00,7089.75,{'stop_loss_price': 7089.75}
INVALID_RISK_UNIT,risk_unit == 0 or non-finite,NQZ18-CME,7331127,2018-10-11 14:11:00.081000+00:00,7089.75,{'stop_loss_price': 7089.75}
INVALID_RISK_UNIT,risk_unit == 0 or non-finite,NQZ18-CME,7331128,2018-10-11 14:11:00.082000+00:00,7089.75,{'stop_loss_price': 7089.75}
INVALID_RISK_UNIT,risk_unit == 0 or non-finite,NQZ18-CME,7331131,2018-10-11 14:11:00.085000+00:00,7089.75,{'stop_loss_price': 7089.75}
INVALID_RISK_UNIT,risk_unit == 0 or non-finite,NQZ18-CME,7331132,2018-10-11 14:11:00.086000+00:00,7089.75,{'stop_loss_price': 7089.75}
INVALID_RISK_UNIT,risk_unit == 0 or non-finite,NQZ18-CME,7335695,2018-10-11 14:12:59.007000+00:00,7068.5,{'stop_loss_price': 7068.5}
INVALID_RISK_UNIT,risk_unit == 0 or non-finite,NQZ18-CME,7335696,2018-10-11 14:12:59.008000+00:00,7068.5,{'stop_loss_price': 7068.5}
INVALID_RISK_UNIT,risk_unit == 0 or non-finite,NQZ18-CME,7335697,2018-10-11 14:12:59.009000+00:00,7068.5,{'stop_loss_price': 7068.5}
INVALID_RISK_UNIT,risk_unit == 0 or non-finite,NQZ18-CME,7357898,2018-10-11 14:22:41.016000+00:00,7057.75,{'stop_loss_price': 7057.75}
INVALID_RISK_UNIT,risk_unit == 0 or non-finite,NQZ18-CME,7377841,2018-10-11 14:33:01.018000+00:00,7085.25,{'stop_loss_price': 7085.25}
INVALID_RISK_UNIT,risk_unit == 0 or non-finite,NQZ18-CME,7419264,2018-10-11 14:54:50.002000+00:00,7037.75,{'stop_loss_price': 7037.75}
INVALID_RISK_UNIT,risk_unit == 0 or non-finite,NQZ18-CME,7544564,2018-10-11 15:58:28.007000+00:00,7075.5,{'stop_loss_price': 7075.5}
INVALID_RISK_UNIT,risk_unit == 0 or non-finite,NQZ18-CME,7598098,2018-10-11 16:43:05.005000+00:00,7077.75,{'stop_loss_price': 7077.75}
INVALID_RISK_UNIT,risk_unit == 0 or non-finite,NQZ18-CME,7598099,2018-10-11 16:43:05.006000+00:00,7077.75,{'stop_loss_price': 7077.75}
INVALID_RISK_UNIT,risk_unit == 0 or non-finite,NQZ18-CME,7627371,2018-10-11 17:10:18.002000+00:00,7048.75,{'stop_loss_price': 7048.75}
INVALID_RISK_UNIT,risk_unit == 0 or non-finite,NQZ18-CME,7627372,2018-10-11 17:10:18.003000+00:00,7048.75,{'stop_loss_price': 7048.75}
INVALID_RISK_UNIT,risk_unit == 0 or non-finite,NQZ18-CME,7627373,2018-10-11 17:10:18.004000+00:00,7048.75,{'stop_loss_price': 7048.75}
INVALID_RISK_UNIT,risk_unit == 0 or non-finite,NQZ18-CME,7627374,2018-10-11 17:10:18.005000+00:00,7048.75,{'stop_loss_price': 7048.75}
INVALID_RISK_UNIT,risk_unit == 0 or non-finite,NQZ18-CME,7664269,2018-10-11 17:48:02.030000+00:00,7066.25,{'stop_loss_price': 7066.25}
INVALID_RISK_UNIT,risk_unit == 0 or non-finite,NQZ18-CME,7664270,2018-10-11 17:48:02.031000+00:00,7066.25,{'stop_loss_price': 7066.25}
INVALID_RISK_UNIT,risk_unit == 0 or non-finite,NQZ18-CME,7664272,2018-10-11 17:48:02.033000+00:00,7066.25,{'stop_loss_price': 7066.25}
INVALID_RISK_UNIT,risk_unit == 0 or non-finite,NQZ18-CME,7667255,2018-10-11 17:50:38.011000+00:00,7047.5,{'stop_loss_price': 7047.5}
INVALID_RISK_UNIT,risk_unit == 0 or non-finite,NQZ18-CME,7667256,2018-10-11 17:50:38.012000+00:00,7047.5,{'stop_loss_price': 7047.5}
INVALID_RISK_UNIT,risk_unit == 0 or non-finite,NQZ18-CME,7684417,2018-10-11 18:07:15.012000+00:00,7058.5,{'stop_loss_price': 7058.5}
INVALID_RISK_UNIT,risk_unit == 0 or non-finite,NQZ18-CME,7758625,2018-10-11 18:48:12.033000+00:00,6951.0,{'stop_loss_price': 6951.0}
INVALID_RISK_UNIT,risk_unit == 0 or non-finite,NQZ18-CME,7766776,2018-10-11 18:50:59.039000+00:00,6961.5,{'stop_loss_price': 6961.5}
INVALID_RISK_UNIT,risk_unit == 0 or non-finite,NQZ18-CME,7766777,2018-10-11 18:50:59.040000+00:00,6961.5,{'stop_loss_price': 6961.5}
INVALID_RISK_UNIT,risk_unit == 0 or non-finite,NQZ18-CME,7766778,2018-10-11 18:50:59.041000+00:00,6961.5,{'stop_loss_price': 6961.5}
INVALID_RISK_UNIT,risk_unit == 0 or non-finite,NQZ18-CME,7798622,2018-10-11 19:06:13.001000+00:00,6979.0,{'stop_loss_price': 6979.0}
INVALID_RISK_UNIT,risk_unit == 0 or non-finite,NQZ18-CME,7832328,2018-10-11 19:23:30.080000+00:00,7054.0,{'stop_loss_price': 7054.0}
INVALID_RISK_UNIT,risk_unit == 0 or non-finite,NQZ18-CME,7837574,2018-10-11 19:26:43.034000+00:00,7053.75,{'stop_loss_price': 7053.75}
INVALID_RISK_UNIT,risk_unit == 0 or non-finite,NQZ18-CME,7837575,2018-10-11 19:26:43.035000+00:00,7053.75,{'stop_loss_price': 7053.75}
INVALID_RISK_UNIT,risk_unit == 0 or non-finite,NQZ18-CME,7837576,2018-10-11 19:26:43.036000+00:00,7053.75,{'stop_loss_price': 7053.75}
INVALID_RISK_UNIT,risk_unit == 0 or non-finite,NQZ18-CME,7837577,2018-10-11 19:26:43.037000+00:00,7053.75,{'stop_loss_price': 7053.75}
INVALID_RISK_UNIT,risk_unit == 0 or non-finite,NQZ18-CME,7837578,2018-10-11 19:26:43.038000+00:00,7053.75,{'stop_loss_price': 7053.75}
INVALID_RISK_UNIT,risk_unit == 0 or non-finite,NQZ18-CME,7837579,2018-10-11 19:26:43.039000+00:00,7053.75,{'stop_loss_price': 7053.75}
INVALID_RISK_UNIT,risk_unit == 0 or non-finite,NQZ18-CME,7837580,2018-10-11 19:26:43.040000+00:00,7053.75,{'stop_loss_price': 7053.75}
INVALID_RISK_UNIT,risk_unit == 0 or non-finite,NQZ18-CME,7845407,2018-10-11 19:31:32.005000+00:00,7046.75,{'stop_loss_price': 7046.75}
INVALID_RISK_UNIT,risk_unit == 0 or non-finite,NQZ18-CME,7857791,2018-10-11 19:39:17.025000+00:00,7039.5,{'stop_loss_price': 7039.5}
INVALID_RISK_UNIT,risk_unit == 0 or non-finite,NQZ18-CME,7857792,2018-10-11 19:39:17.026000+00:00,7039.5,{'stop_loss_price': 7039.5}
INVALID_RISK_UNIT,risk_unit == 0 or non-finite,NQZ18-CME,7857793,2018-10-11 19:39:17.027000+00:00,7039.5,{'stop_loss_price': 7039.5}
INVALID_RISK_UNIT,risk_unit == 0 or non-finite,NQZ18-CME,7883261,2018-10-11 19:53:58+00:00,7012.5,{'stop_loss_price': 7012.5}
INVALID_RISK_UNIT,risk_unit == 0 or non-finite,NQZ18-CME,7890151,2018-10-11 19:57:45.004000+00:00,7004.25,{'stop_loss_price': 7004.25}
INVALID_RISK_UNIT,risk_unit == 0 or non-finite,NQZ18-CME,7890152,2018-10-11 19:57:45.005000+00:00,7004.25,{'stop_loss_price': 7004.25}
INVALID_RISK_UNIT,risk_unit == 0 or non-finite,NQZ18-CME,7890153,2018-10-11 19:57:45.006000+00:00,7004.25,{'stop_loss_price': 7004.25}
INVALID_RISK_UNIT,risk_unit == 0 or non-finite,NQZ18-CME,7890154,2018-10-11 19:57:45.007000+00:00,7004.25,{'stop_loss_price': 7004.25}
INVALID_RISK_UNIT,risk_unit == 0 or non-finite,NQZ18-CME,7950987,2018-10-12 03:36:11.001000+00:00,7092.5,{'stop_loss_price': 7092.5}
INVALID_RISK_UNIT,risk_unit == 0 or non-finite,NQZ18-CME,8018567,2018-10-12 10:49:55+00:00,7145.5,{'stop_loss_price': 7145.5}
INVALID_RISK_UNIT,risk_unit == 0 or non-finite,NQZ18-CME,8018568,2018-10-12 10:49:55.001000+00:00,7145.5,{'stop_loss_price': 7145.5}
INVALID_RISK_UNIT,risk_unit == 0 or non-finite,NQZ18-CME,8018576,2018-10-12 10:49:56.007000+00:00,7145.5,{'stop_loss_price': 7145.5}
INVALID_RISK_UNIT,risk_unit == 0 or non-finite,NQZ18-CME,8075448,2018-10-12 13:34:37.103000+00:00,7147.0,{'stop_loss_price': 7147.0}
INVALID_RISK_UNIT,risk_unit == 0 or non-finite,NQZ18-CME,8075449,2018-10-12 13:34:37.104000+00:00,7147.0,{'stop_loss_price': 7147.0}
INVALID_RISK_UNIT,risk_unit == 0 or non-finite,NQZ18-CME,8075453,2018-10-12 13:34:38.003000+00:00,7147.0,{'stop_loss_price': 7147.0}
INVALID_RISK_UNIT,risk_unit == 0 or non-finite,NQZ18-CME,8075454,2018-10-12 13:34:38.004000+00:00,7147.0,{'stop_loss_price': 7147.0}
INVALID_RISK_UNIT,risk_unit == 0 or non-finite,NQZ18-CME,8075455,2018-10-12 13:34:38.005000+00:00,7147.0,{'stop_loss_price': 7147.0}
INVALID_RISK_UNIT,risk_unit == 0 or non-finite,NQZ18-CME,8075456,2018-10-12 13:34:38.006000+00:00,7147.0,{'stop_loss_price': 7147.0}
INVALID_RISK_UNIT,risk_unit == 0 or non-finite,NQZ18-CME,8075457,2018-10-12 13:34:38.007000+00:00,7147.0,{'stop_loss_price': 7147.0}
INVALID_RISK_UNIT,risk_unit == 0 or non-finite,NQZ18-CME,8075458,2018-10-12 13:34:38.008000+00:00,7147.0,{'stop_loss_price': 7147.0}
INVALID_RISK_UNIT,risk_unit == 0 or non-finite,NQZ18-CME,8075459,2018-10-12 13:34:38.009000+00:00,7147.0,{'stop_loss_price': 7147.0}
INVALID_RISK_UNIT,risk_unit == 0 or non-finite,NQZ18-CME,8129458,2018-10-12 14:03:05.029000+00:00,7168.5,{'stop_loss_price': 7168.5}
INVALID_RISK_UNIT,risk_unit == 0 or non-finite,NQZ18-CME,8129459,2018-10-12 14:03:05.030000+00:00,7168.5,{'stop_loss_price': 7168.5}
INVALID_RISK_UNIT,risk_unit == 0 or non-finite,NQZ18-CME,8166497,2018-10-12 14:29:20.007000+00:00,7129.75,{'stop_loss_price': 7129.75}
INVALID_RISK_UNIT,risk_unit == 0 or non-finite,NQZ18-CME,8189776,2018-10-12 14:48:17.059000+00:00,7151.0,{'stop_loss_price': 7151.0}
INVALID_RISK_UNIT,risk_unit == 0 or non-finite,NQZ18-CME,8189777,2018-10-12 14:48:17.060000+00:00,7151.0,{'stop_loss_price': 7151.0}
INVALID_RISK_UNIT,risk_unit == 0 or non-finite,NQZ18-CME,8189785,2018-10-12 14:48:19+00:00,7151.0,{'stop_loss_price': 7151.0}
INVALID_RISK_UNIT,risk_unit == 0 or non-finite,NQZ18-CME,8189786,2018-10-12 14:48:19.001000+00:00,7151.0,{'stop_loss_price': 7151.0}
INVALID_RISK_UNIT,risk_unit == 0 or non-finite,NQZ18-CME,8228955,2018-10-12 15:30:11.021000+00:00,7132.25,{'stop_loss_price': 7132.25}
INVALID_RISK_UNIT,risk_unit == 0 or non-finite,NQZ18-CME,8228956,2018-10-12 15:30:11.022000+00:00,7132.25,{'stop_loss_price': 7132.25}
INVALID_RISK_UNIT,risk_unit == 0 or non-finite,NQZ18-CME,8228957,2018-10-12 15:30:11.023000+00:00,7132.25,{'stop_loss_price': 7132.25}
INVALID_RISK_UNIT,risk_unit == 0 or non-finite,NQZ18-CME,8228958,2018-10-12 15:30:11.024000+00:00,7132.25,{'stop_loss_price': 7132.25}
INVALID_RISK_UNIT,risk_unit == 0 or non-finite,NQZ18-CME,8230711,2018-10-12 15:32:40.003000+00:00,7133.5,{'stop_loss_price': 7133.5}
INVALID_RISK_UNIT,risk_unit == 0 or non-finite,NQZ18-CME,8286916,2018-10-12 16:23:34.007000+00:00,7096.5,{'stop_loss_price': 7096.5}
INVALID_RISK_UNIT,risk_unit == 0 or non-finite,NQZ18-CME,8288330,2018-10-12 16:25:28+00:00,7095.5,{'stop_loss_price': 7095.5}
INVALID_RISK_UNIT,risk_unit == 0 or non-finite,NQZ18-CME,8304902,2018-10-12 16:38:43.006000+00:00,7066.25,{'stop_loss_price': 7066.25}
INVALID_RISK_UNIT,risk_unit == 0 or non-finite,NQZ18-CME,8304903,2018-10-12 16:38:43.007000+00:00,7066.25,{'stop_loss_price': 7066.25}
INVALID_RISK_UNIT,risk_unit == 0 or non-finite,NQZ18-CME,8304904,2018-10-12 16:38:43.008000+00:00,7066.25,{'stop_loss_price': 7066.25}
INVALID_RISK_UNIT,risk_unit == 0 or non-finite,NQZ18-CME,8304905,2018-10-12 16:38:43.009000+00:00,7066.25,{'stop_loss_price': 7066.25}
INVALID_RISK_UNIT,risk_unit == 0 or non-finite,NQZ18-CME,8304906,2018-10-12 16:38:43.010000+00:00,7066.25,{'stop_loss_price': 7066.25}
INVALID_RISK_UNIT,risk_unit == 0 or non-finite,NQZ18-CME,8315641,2018-10-12 16:46:51.022000+00:00,7047.25,{'stop_loss_price': 7047.25}
INVALID_RISK_UNIT,risk_unit == 0 or non-finite,NQZ18-CME,8376682,2018-10-12 17:27:35.002000+00:00,7106.75,{'stop_loss_price': 7106.75}
INVALID_RISK_UNIT,risk_unit == 0 or non-finite,NQZ18-CME,8380863,2018-10-12 17:32:29.040000+00:00,7088.5,{'stop_loss_price': 7088.5}
INVALID_RISK_UNIT,risk_unit == 0 or non-finite,NQZ18-CME,8419607,2018-10-12 18:10:14.054000+00:00,7070.5,{'stop_loss_price': 7070.5}
INVALID_RISK_UNIT,risk_unit == 0 or non-finite,NQZ18-CME,8443509,2018-10-12 18:34:15.003000+00:00,7083.5,{'stop_loss_price': 7083.5}
INVALID_RISK_UNIT,risk_unit == 0 or non-finite,NQZ18-CME,8453462,2018-10-12 18:51:19+00:00,7101.0,{'stop_loss_price': 7101.0}
INVALID_RISK_UNIT,risk_unit == 0 or non-finite,NQZ18-CME,8454799,2018-10-12 18:53:36.006000+00:00,7097.75,{'stop_loss_price': 7097.75}
INVALID_RISK_UNIT,risk_unit == 0 or non-finite,NQZ18-CME,8472262,2018-10-12 19:09:17.016000+00:00,7138.0,{'stop_loss_price': 7138.0}
INVALID_RISK_UNIT,risk_unit == 0 or non-finite,NQZ18-CME,8472263,2018-10-12 19:09:17.017000+00:00,7138.0,{'stop_loss_price': 7138.0}
INVALID_RISK_UNIT,risk_unit == 0 or non-finite,NQZ18-CME,8472264,2018-10-12 19:09:17.018000+00:00,7138.0,{'stop_loss_price': 7138.0}
INVALID_RISK_UNIT,risk_unit == 0 or non-finite,NQZ18-CME,8472265,2018-10-12 19:09:17.019000+00:00,7138.0,{'stop_loss_price': 7138.0}
INVALID_RISK_UNIT,risk_unit == 0 or non-finite,NQZ18-CME,8472266,2018-10-12 19:09:17.020000+00:00,7138.0,{'stop_loss_price': 7138.0}
INVALID_RISK_UNIT,risk_unit == 0 or non-finite,NQZ18-CME,8472267,2018-10-12 19:09:17.021000+00:00,7138.0,{'stop_loss_price': 7138.0}
INVALID_RISK_UNIT,risk_unit == 0 or non-finite,NQZ18-CME,8476331,2018-10-12 19:12:26.003000+00:00,7135.5,{'stop_loss_price': 7135.5}
INVALID_RISK_UNIT,risk_unit == 0 or non-finite,NQZ18-CME,8484633,2018-10-12 19:22:22+00:00,7136.0,{'stop_loss_price': 7136.0}
INVALID_RISK_UNIT,risk_unit == 0 or non-finite,NQZ18-CME,8505170,2018-10-12 19:41:32.007000+00:00,7154.0,{'stop_loss_price': 7154.0}
INVALID_RISK_UNIT,risk_unit == 0 or non-finite,NQZ18-CME,8532296,2018-10-12 19:59:31.078000+00:00,7182.0,{'stop_loss_price': 7182.0}
INVALID_RISK_UNIT,risk_unit == 0 or non-finite,NQZ18-CME,8532297,2018-10-12 19:59:31.079000+00:00,7182.0,{'stop_loss_price': 7182.0}
INVALID_RISK_UNIT,risk_unit == 0 or non-finite,NQZ18-CME,8532298,2018-10-12 19:59:31.080000+00:00,7182.0,{'stop_loss_price': 7182.0}
INVALID_RISK_UNIT,risk_unit == 0 or non-finite,NQZ18-CME,8532299,2018-10-12 19:59:31.081000+00:00,7182.0,{'stop_loss_price': 7182.0}
INVALID_RISK_UNIT,risk_unit == 0 or non-finite,NQZ18-CME,8582797,2018-10-15 05:48:49.001000+00:00,7129.5,{'stop_loss_price': 7129.5}
INVALID_RISK_UNIT,risk_unit == 0 or non-finite,NQZ18-CME,8661388,2018-10-15 13:30:07.015000+00:00,7147.0,{'stop_loss_price': 7147.0}
INVALID_RISK_UNIT,risk_unit == 0 or non-finite,NQZ18-CME,8698024,2018-10-15 13:46:16.021000+00:00,7126.75,{'stop_loss_price': 7126.75}
INVALID_RISK_UNIT,risk_unit == 0 or non-finite,NQZ18-CME,8710816,2018-10-15 13:53:20.056000+00:00,7112.5,{'stop_loss_price': 7112.5}
INVALID_RISK_UNIT,risk_unit == 0 or non-finite,NQZ18-CME,8717025,2018-10-15 13:56:28.077000+00:00,7109.0,{'stop_loss_price': 7109.0}
INVALID_RISK_UNIT,risk_unit == 0 or non-finite,NQZ18-CME,8717026,2018-10-15 13:56:28.078000+00:00,7109.0,{'stop_loss_price': 7109.0}
INVALID_RISK_UNIT,risk_unit == 0 or non-finite,NQZ18-CME,8717027,2018-10-15 13:56:28.079000+00:00,7109.0,{'stop_loss_price': 7109.0}
INVALID_RISK_UNIT,risk_unit == 0 or non-finite,NQZ18-CME,8717028,2018-10-15 13:56:28.080000+00:00,7109.0,{'stop_loss_price': 7109.0}
INVALID_RISK_UNIT,risk_unit == 0 or non-finite,NQZ18-CME,8717029,2018-10-15 13:56:28.081000+00:00,7109.0,{'stop_loss_price': 7109.0}
INVALID_RISK_UNIT,risk_unit == 0 or non-finite,NQZ18-CME,8717030,2018-10-15 13:56:28.082000+00:00,7109.0,{'stop_loss_price': 7109.0}
INVALID_RISK_UNIT,risk_unit == 0 or non-finite,NQZ18-CME,8772880,2018-10-15 14:29:34.062000+00:00,7095.0,{'stop_loss_price': 7095.0}
INVALID_RISK_UNIT,risk_unit == 0 or non-finite,NQZ18-CME,8772881,2018-10-15 14:29:34.063000+00:00,7095.0,{'stop_loss_price': 7095.0}
INVALID_RISK_UNIT,risk_unit == 0 or non-finite,NQZ18-CME,8818600,2018-10-15 15:10:05.051000+00:00,7131.25,{'stop_loss_price': 7131.25}
INVALID_RISK_UNIT,risk_unit == 0 or non-finite,NQZ18-CME,8818601,2018-10-15 15:10:05.052000+00:00,7131.25,{'stop_loss_price': 7131.25}
INVALID_RISK_UNIT,risk_unit == 0 or non-finite,NQZ18-CME,8818602,2018-10-15 15:10:05.053000+00:00,7131.25,{'stop_loss_price': 7131.25}
INVALID_RISK_UNIT,risk_unit == 0 or non-finite,NQZ18-CME,8839923,2018-10-15 15:28:57.013000+00:00,7152.75,{'stop_loss_price': 7152.75}
INVALID_RISK_UNIT,risk_unit == 0 or non-finite,NQZ18-CME,8839924,2018-10-15 15:28:57.014000+00:00,7152.75,{'stop_loss_price': 7152.75}
INVALID_RISK_UNIT,risk_unit == 0 or non-finite,NQZ18-CME,8839925,2018-10-15 15:28:57.015000+00:00,7152.75,{'stop_loss_price': 7152.75}
INVALID_RISK_UNIT,risk_unit == 0 or non-finite,NQZ18-CME,8839926,2018-10-15 15:28:57.016000+00:00,7152.75,{'stop_loss_price': 7152.75}
INVALID_RISK_UNIT,risk_unit == 0 or non-finite,NQZ18-CME,8839927,2018-10-15 15:28:57.017000+00:00,7152.75,{'stop_loss_price': 7152.75}
INVALID_RISK_UNIT,risk_unit == 0 or non-finite,NQZ18-CME,8865439,2018-10-15 15:53:22.011000+00:00,7113.75,{'stop_loss_price': 7113.75}
INVALID_RISK_UNIT,risk_unit == 0 or non-finite,NQZ18-CME,8865440,2018-10-15 15:53:22.012000+00:00,7113.75,{'stop_loss_price': 7113.75}
INVALID_RISK_UNIT,risk_unit == 0 or non-finite,NQZ18-CME,8865441,2018-10-15 15:53:22.013000+00:00,7113.75,{'stop_loss_price': 7113.75}
INVALID_RISK_UNIT,risk_unit == 0 or non-finite,NQZ18-CME,8870544,2018-10-15 15:57:51.038000+00:00,7104.0,{'stop_loss_price': 7104.0}
INVALID_RISK_UNIT,risk_unit == 0 or non-finite,NQZ18-CME,8933688,2018-10-15 17:19:22+00:00,7136.75,{'stop_loss_price': 7136.75}
INVALID_RISK_UNIT,risk_unit == 0 or non-finite,NQZ18-CME,9042071,2018-10-15 19:32:03.035000+00:00,7107.0,{'stop_loss_price': 7107.0}
INVALID_RISK_UNIT,risk_unit == 0 or non-finite,NQZ18-CME,9048966,2018-10-15 19:40:21.006000+00:00,7115.0,{'stop_loss_price': 7115.0}
INVALID_RISK_UNIT,risk_unit == 0 or non-finite,NQZ18-CME,9071737,2018-10-15 19:58:26+00:00,7099.5,{'stop_loss_price': 7099.5}
INVALID_RISK_UNIT,risk_unit == 0 or non-finite,NQZ18-CME,9071738,2018-10-15 19:58:26.001000+00:00,7099.5,{'stop_loss_price': 7099.5}
INVALID_RISK_UNIT,risk_unit == 0 or non-finite,NQZ18-CME,9071739,2018-10-15 19:58:26.002000+00:00,7099.5,{'stop_loss_price': 7099.5}
INVALID_RISK_UNIT,risk_unit == 0 or non-finite,NQZ18-CME,9075734,2018-10-15 19:59:52.022000+00:00,7089.5,{'stop_loss_price': 7089.5}
INVALID_RISK_UNIT,risk_unit == 0 or non-finite,NQZ18-CME,9112909,2018-10-16 01:55:04.005000+00:00,7118.0,{'stop_loss_price': 7118.0}
INVALID_RISK_UNIT,risk_unit == 0 or non-finite,NQZ18-CME,9138581,2018-10-16 07:03:45+00:00,7105.0,{'stop_loss_price': 7105.0}
INVALID_RISK_UNIT,risk_unit == 0 or non-finite,NQZ18-CME,9138582,2018-10-16 07:03:45.001000+00:00,7105.0,{'stop_loss_price': 7105.0}
INVALID_RISK_UNIT,risk_unit == 0 or non-finite,NQZ18-CME,9138583,2018-10-16 07:03:47+00:00,7105.0,{'stop_loss_price': 7105.0}
INVALID_RISK_UNIT,risk_unit == 0 or non-finite,NQZ18-CME,9138586,2018-10-16 07:03:50+00:00,7105.0,{'stop_loss_price': 7105.0}
INVALID_RISK_UNIT,risk_unit == 0 or non-finite,NQZ18-CME,9138587,2018-10-16 07:03:50.001000+00:00,7105.0,{'stop_loss_price': 7105.0}
INVALID_RISK_UNIT,risk_unit == 0 or non-finite,NQZ18-CME,9138588,2018-10-16 07:03:50.002000+00:00,7105.0,{'stop_loss_price': 7105.0}
INVALID_RISK_UNIT,risk_unit == 0 or non-finite,NQZ18-CME,9192737,2018-10-16 13:30:26.037000+00:00,7155.75,{'stop_loss_price': 7155.75}
INVALID_RISK_UNIT,risk_unit == 0 or non-finite,NQZ18-CME,9217900,2018-10-16 13:40:03.369000+00:00,7175.0,{'stop_loss_price': 7175.0}
INVALID_RISK_UNIT,risk_unit == 0 or non-finite,NQZ18-CME,9218249,2018-10-16 13:40:04.266000+00:00,7176.5,{'stop_loss_price': 7176.5}
INVALID_RISK_UNIT,risk_unit == 0 or non-finite,NQZ18-CME,9218250,2018-10-16 13:40:04.267000+00:00,7176.5,{'stop_loss_price': 7176.5}
INVALID_RISK_UNIT,risk_unit == 0 or non-finite,NQZ18-CME,9323995,2018-10-16 14:47:56.003000+00:00,7179.25,{'stop_loss_price': 7179.25}
INVALID_RISK_UNIT,risk_unit == 0 or non-finite,NQZ18-CME,9323996,2018-10-16 14:47:56.004000+00:00,7179.25,{'stop_loss_price': 7179.25}
INVALID_RISK_UNIT,risk_unit == 0 or non-finite,NQZ18-CME,9323997,2018-10-16 14:47:56.005000+00:00,7179.25,{'stop_loss_price': 7179.25}
INVALID_RISK_UNIT,risk_unit == 0 or non-finite,NQZ18-CME,9323998,2018-10-16 14:47:56.006000+00:00,7179.25,{'stop_loss_price': 7179.25}
INVALID_RISK_UNIT,risk_unit == 0 or non-finite,NQZ18-CME,9323999,2018-10-16 14:47:56.007000+00:00,7179.25,{'stop_loss_price': 7179.25}
INVALID_RISK_UNIT,risk_unit == 0 or non-finite,NQZ18-CME,9324000,2018-10-16 14:47:56.008000+00:00,7179.25,{'stop_loss_price': 7179.25}
INVALID_RISK_UNIT,risk_unit == 0 or non-finite,NQZ18-CME,9324001,2018-10-16 14:47:56.009000+00:00,7179.25,{'stop_loss_price': 7179.25}
INVALID_RISK_UNIT,risk_unit == 0 or non-finite,NQZ18-CME,9324002,2018-10-16 14:47:57+00:00,7179.25,{'stop_loss_price': 7179.25}
INVALID_RISK_UNIT,risk_unit == 0 or non-finite,NQZ18-CME,9324003,2018-10-16 14:47:57.001000+00:00,7179.25,{'stop_loss_price': 7179.25}
INVALID_RISK_UNIT,risk_unit == 0 or non-finite,NQZ18-CME,9324004,2018-10-16 14:47:57.002000+00:00,7179.25,{'stop_loss_price': 7179.25}
INVALID_RISK_UNIT,risk_unit == 0 or non-finite,NQZ18-CME,9324005,2018-10-16 14:47:57.003000+00:00,7179.25,{'stop_loss_price': 7179.25}
INVALID_RISK_UNIT,risk_unit == 0 or non-finite,NQZ18-CME,9324013,2018-10-16 14:47:57.011000+00:00,7179.25,{'stop_loss_price': 7179.25}
INVALID_RISK_UNIT,risk_unit == 0 or non-finite,NQZ18-CME,9324014,2018-10-16 14:47:57.012000+00:00,7179.25,{'stop_loss_price': 7179.25}
INVALID_RISK_UNIT,risk_unit == 0 or non-finite,NQZ18-CME,9324015,2018-10-16 14:47:57.013000+00:00,7179.25,{'stop_loss_price': 7179.25}
INVALID_RISK_UNIT,risk_unit == 0 or non-finite,NQZ18-CME,9324016,2018-10-16 14:47:57.014000+00:00,7179.25,{'stop_loss_price': 7179.25}
INVALID_RISK_UNIT,risk_unit == 0 or non-finite,NQZ18-CME,9480596,2018-10-16 18:16:09.057000+00:00,7263.75,{'stop_loss_price': 7263.75}
INVALID_RISK_UNIT,risk_unit == 0 or non-finite,NQZ18-CME,9480597,2018-10-16 18:16:10+00:00,7263.75,{'stop_loss_price': 7263.75}
INVALID_RISK_UNIT,risk_unit == 0 or non-finite,NQZ18-CME,9480598,2018-10-16 18:16:10.001000+00:00,7263.75,{'stop_loss_price': 7263.75}
INVALID_RISK_UNIT,risk_unit == 0 or non-finite,NQZ18-CME,9480599,2018-10-16 18:16:10.002000+00:00,7263.75,{'stop_loss_price': 7263.75}
INVALID_RISK_UNIT,risk_unit == 0 or non-finite,NQZ18-CME,9480600,2018-10-16 18:16:10.003000+00:00,7263.75,{'stop_loss_price': 7263.75}
INVALID_RISK_UNIT,risk_unit == 0 or non-finite,NQZ18-CME,9480601,2018-10-16 18:16:10.004000+00:00,7263.75,{'stop_loss_price': 7263.75}
INVALID_RISK_UNIT,risk_unit == 0 or non-finite,NQZ18-CME,9480616,2018-10-16 18:16:12.001000+00:00,7263.5,{'stop_loss_price': 7263.5}
INVALID_RISK_UNIT,risk_unit == 0 or non-finite,NQZ18-CME,9480617,2018-10-16 18:16:12.002000+00:00,7263.5,{'stop_loss_price': 7263.5}
INVALID_RISK_UNIT,risk_unit == 0 or non-finite,NQZ18-CME,9480635,2018-10-16 18:16:15+00:00,7263.5,{'stop_loss_price': 7263.5}
INVALID_RISK_UNIT,risk_unit == 0 or non-finite,NQZ18-CME,9480636,2018-10-16 18:16:15.001000+00:00,7263.5,{'stop_loss_price': 7263.5}
INVALID_RISK_UNIT,risk_unit == 0 or non-finite,NQZ18-CME,9480637,2018-10-16 18:16:15.002000+00:00,7263.5,{'stop_loss_price': 7263.5}
INVALID_RISK_UNIT,risk_unit == 0 or non-finite,NQZ18-CME,9480638,2018-10-16 18:16:15.003000+00:00,7263.5,{'stop_loss_price': 7263.5}
INVALID_RISK_UNIT,risk_unit == 0 or non-finite,NQZ18-CME,9480639,2018-10-16 18:16:15.004000+00:00,7263.5,{'stop_loss_price': 7263.5}
INVALID_RISK_UNIT,risk_unit == 0 or non-finite,NQZ18-CME,9494791,2018-10-16 18:37:26.002000+00:00,7269.0,{'stop_loss_price': 7269.0}
INVALID_RISK_UNIT,risk_unit == 0 or non-finite,NQZ18-CME,9494792,2018-10-16 18:37:27+00:00,7269.0,{'stop_loss_price': 7269.0}
INVALID_RISK_UNIT,risk_unit == 0 or non-finite,NQZ18-CME,9494793,2018-10-16 18:37:27.001000+00:00,7269.0,{'stop_loss_price': 7269.0}
INVALID_RISK_UNIT,risk_unit == 0 or non-finite,NQZ18-CME,9494794,2018-10-16 18:37:27.002000+00:00,7269.0,{'stop_loss_price': 7269.0}
INVALID_RISK_UNIT,risk_unit == 0 or non-finite,NQZ18-CME,9494795,2018-10-16 18:37:27.003000+00:00,7269.0,{'stop_loss_price': 7269.0}
INVALID_RISK_UNIT,risk_unit == 0 or non-finite,NQZ18-CME,9494796,2018-10-16 18:37:28+00:00,7269.0,{'stop_loss_price': 7269.0}
INVALID_RISK_UNIT,risk_unit == 0 or non-finite,NQZ18-CME,9494811,2018-10-16 18:37:31+00:00,7269.0,{'stop_loss_price': 7269.0}
INVALID_RISK_UNIT,risk_unit == 0 or non-finite,NQZ18-CME,9494812,2018-10-16 18:37:31.001000+00:00,7269.0,{'stop_loss_price': 7269.0}
INVALID_RISK_UNIT,risk_unit == 0 or non-finite,NQZ18-CME,9494813,2018-10-16 18:37:31.002000+00:00,7269.0,{'stop_loss_price': 7269.0}
INVALID_RISK_UNIT,risk_unit == 0 or non-finite,NQZ18-CME,9494814,2018-10-16 18:37:31.003000+00:00,7269.0,{'stop_loss_price': 7269.0}
INVALID_RISK_UNIT,risk_unit == 0 or non-finite,NQZ18-CME,9524856,2018-10-16 19:20:22.067000+00:00,7278.0,{'stop_loss_price': 7278.0}
INVALID_RISK_UNIT,risk_unit == 0 or non-finite,NQZ18-CME,9524857,2018-10-16 19:20:22.068000+00:00,7278.0,{'stop_loss_price': 7278.0}
INVALID_RISK_UNIT,risk_unit == 0 or non-finite,NQZ18-CME,9524858,2018-10-16 19:20:22.069000+00:00,7278.0,{'stop_loss_price': 7278.0}
INVALID_RISK_UNIT,risk_unit == 0 or non-finite,NQZ18-CME,9524860,2018-10-16 19:20:22.071000+00:00,7278.0,{'stop_loss_price': 7278.0}
INVALID_RISK_UNIT,risk_unit == 0 or non-finite,NQZ18-CME,9528531,2018-10-16 19:25:24+00:00,7274.75,{'stop_loss_price': 7274.75}
INVALID_RISK_UNIT,risk_unit == 0 or non-finite,NQZ18-CME,9528532,2018-10-16 19:25:24.001000+00:00,7274.75,{'stop_loss_price': 7274.75}
INVALID_RISK_UNIT,risk_unit == 0 or non-finite,NQZ18-CME,9528536,2018-10-16 19:25:25.003000+00:00,7274.75,{'stop_loss_price': 7274.75}
INVALID_RISK_UNIT,risk_unit == 0 or non-finite,NQZ18-CME,9528537,2018-10-16 19:25:25.004000+00:00,7274.75,{'stop_loss_price': 7274.75}
INVALID_RISK_UNIT,risk_unit == 0 or non-finite,NQZ18-CME,9528539,2018-10-16 19:25:26+00:00,7274.75,{'stop_loss_price': 7274.75}
INVALID_RISK_UNIT,risk_unit == 0 or non-finite,NQZ18-CME,9535618,2018-10-16 19:35:45.009000+00:00,7284.5,{'stop_loss_price': 7284.5}
INVALID_RISK_UNIT,risk_unit == 0 or non-finite,NQZ18-CME,9535619,2018-10-16 19:35:45.010000+00:00,7284.5,{'stop_loss_price': 7284.5}
INVALID_RISK_UNIT,risk_unit == 0 or non-finite,NQZ18-CME,9535620,2018-10-16 19:35:45.011000+00:00,7284.5,{'stop_loss_price': 7284.5}
INVALID_RISK_UNIT,risk_unit == 0 or non-finite,NQZ18-CME,9535636,2018-10-16 19:35:47.007000+00:00,7284.5,{'stop_loss_price': 7284.5}
INVALID_RISK_UNIT,risk_unit == 0 or non-finite,NQZ18-CME,9553214,2018-10-16 19:50:24.029000+00:00,7303.25,{'stop_loss_price': 7303.25}
INVALID_RISK_UNIT,risk_unit == 0 or non-finite,NQZ18-CME,9560549,2018-10-16 19:55:56.011000+00:00,7306.0,{'stop_loss_price': 7306.0}
INVALID_RISK_UNIT,risk_unit == 0 or non-finite,NQZ18-CME,9560550,2018-10-16 19:55:56.012000+00:00,7306.0,{'stop_loss_price': 7306.0}
INVALID_RISK_UNIT,risk_unit == 0 or non-finite,NQZ18-CME,9560551,2018-10-16 19:55:56.013000+00:00,7306.0,{'stop_loss_price': 7306.0}
INVALID_RISK_UNIT,risk_unit == 0 or non-finite,NQZ18-CME,9597929,2018-10-16 22:27:43.004000+00:00,7338.0,{'stop_loss_price': 7338.0}
INVALID_RISK_UNIT,risk_unit == 0 or non-finite,NQZ18-CME,9597930,2018-10-16 22:27:45+00:00,7338.0,{'stop_loss_price': 7338.0}
INVALID_RISK_UNIT,risk_unit == 0 or non-finite,NQZ18-CME,9597931,2018-10-16 22:27:45.001000+00:00,7338.0,{'stop_loss_price': 7338.0}
INVALID_RISK_UNIT,risk_unit == 0 or non-finite,NQZ18-CME,9597932,2018-10-16 22:27:45.002000+00:00,7338.0,{'stop_loss_price': 7338.0}
INVALID_RISK_UNIT,risk_unit == 0 or non-finite,NQZ18-CME,9599567,2018-10-16 23:05:37.013000+00:00,7341.5,{'stop_loss_price': 7341.5}
INVALID_RISK_UNIT,risk_unit == 0 or non-finite,NQZ18-CME,9599568,2018-10-16 23:05:37.014000+00:00,7341.5,{'stop_loss_price': 7341.5}
INVALID_RISK_UNIT,risk_unit == 0 or non-finite,NQZ18-CME,9599569,2018-10-16 23:05:37.015000+00:00,7341.5,{'stop_loss_price': 7341.5}
INVALID_RISK_UNIT,risk_unit == 0 or non-finite,NQZ18-CME,9599570,2018-10-16 23:05:37.016000+00:00,7341.5,{'stop_loss_price': 7341.5}
INVALID_RISK_UNIT,risk_unit == 0 or non-finite,NQZ18-CME,9609925,2018-10-17 02:29:55+00:00,7340.0,{'stop_loss_price': 7340.0}
INVALID_RISK_UNIT,risk_unit == 0 or non-finite,NQZ18-CME,9609926,2018-10-17 02:29:55.001000+00:00,7340.0,{'stop_loss_price': 7340.0}
INVALID_RISK_UNIT,risk_unit == 0 or non-finite,NQZ18-CME,9627446,2018-10-17 06:54:41.001000+00:00,7364.0,{'stop_loss_price': 7364.0}
INVALID_RISK_UNIT,risk_unit == 0 or non-finite,NQZ18-CME,9627447,2018-10-17 06:54:41.002000+00:00,7364.0,{'stop_loss_price': 7364.0}
INVALID_RISK_UNIT,risk_unit == 0 or non-finite,NQZ18-CME,9627448,2018-10-17 06:54:41.003000+00:00,7364.0,{'stop_loss_price': 7364.0}
INVALID_RISK_UNIT,risk_unit == 0 or non-finite,NQZ18-CME,9627450,2018-10-17 06:54:44+00:00,7364.0,{'stop_loss_price': 7364.0}
INVALID_RISK_UNIT,risk_unit == 0 or non-finite,NQZ18-CME,9664410,2018-10-17 11:29:00+00:00,7325.25,{'stop_loss_price': 7325.25}
INVALID_RISK_UNIT,risk_unit == 0 or non-finite,NQZ18-CME,9728891,2018-10-17 13:42:22.012000+00:00,7281.75,{'stop_loss_price': 7281.75}
INVALID_RISK_UNIT,risk_unit == 0 or non-finite,NQZ18-CME,9728892,2018-10-17 13:42:22.013000+00:00,7281.75,{'stop_loss_price': 7281.75}
INVALID_RISK_UNIT,risk_unit == 0 or non-finite,NQZ18-CME,9728893,2018-10-17 13:42:22.014000+00:00,7281.75,{'stop_loss_price': 7281.75}
INVALID_RISK_UNIT,risk_unit == 0 or non-finite,NQZ18-CME,9728894,2018-10-17 13:42:22.015000+00:00,7281.75,{'stop_loss_price': 7281.75}
INVALID_RISK_UNIT,risk_unit == 0 or non-finite,NQZ18-CME,9745399,2018-10-17 13:49:19.024000+00:00,7278.75,{'stop_loss_price': 7278.75}
INVALID_RISK_UNIT,risk_unit == 0 or non-finite,NQZ18-CME,9760331,2018-10-17 13:56:30.004000+00:00,7285.25,{'stop_loss_price': 7285.25}
INVALID_RISK_UNIT,risk_unit == 0 or non-finite,NQZ18-CME,9760332,2018-10-17 13:56:30.005000+00:00,7285.25,{'stop_loss_price': 7285.25}
INVALID_RISK_UNIT,risk_unit == 0 or non-finite,NQZ18-CME,9769487,2018-10-17 14:00:22.022000+00:00,7257.25,{'stop_loss_price': 7257.25}
INVALID_RISK_UNIT,risk_unit == 0 or non-finite,NQZ18-CME,9840135,2018-10-17 14:35:57.003000+00:00,7253.0,{'stop_loss_price': 7253.0}
INVALID_RISK_UNIT,risk_unit == 0 or non-finite,NQZ18-CME,9840136,2018-10-17 14:35:57.004000+00:00,7253.0,{'stop_loss_price': 7253.0}
INVALID_RISK_UNIT,risk_unit == 0 or non-finite,NQZ18-CME,9840137,2018-10-17 14:35:57.005000+00:00,7253.0,{'stop_loss_price': 7253.0}
INVALID_RISK_UNIT,risk_unit == 0 or non-finite,NQZ18-CME,9853187,2018-10-17 14:42:20.036000+00:00,7225.75,{'stop_loss_price': 7225.75}
INVALID_RISK_UNIT,risk_unit == 0 or non-finite,NQZ18-CME,9853188,2018-10-17 14:42:20.037000+00:00,7225.75,{'stop_loss_price': 7225.75}
INVALID_RISK_UNIT,risk_unit == 0 or non-finite,NQZ18-CME,9853189,2018-10-17 14:42:20.038000+00:00,7225.75,{'stop_loss_price': 7225.75}
INVALID_RISK_UNIT,risk_unit == 0 or non-finite,NQZ18-CME,9853190,2018-10-17 14:42:20.039000+00:00,7225.75,{'stop_loss_price': 7225.75}
INVALID_RISK_UNIT,risk_unit == 0 or non-finite,NQZ18-CME,9853191,2018-10-17 14:42:20.040000+00:00,7225.75,{'stop_loss_price': 7225.75}
INVALID_RISK_UNIT,risk_unit == 0 or non-finite,NQZ18-CME,9853192,2018-10-17 14:42:20.041000+00:00,7225.75,{'stop_loss_price': 7225.75}
INVALID_RISK_UNIT,risk_unit == 0 or non-finite,NQZ18-CME,9858468,2018-10-17 14:45:16.008000+00:00,7226.75,{'stop_loss_price': 7226.75}
INVALID_RISK_UNIT,risk_unit == 0 or non-finite,NQZ18-CME,9858469,2018-10-17 14:45:16.009000+00:00,7226.75,{'stop_loss_price': 7226.75}
INVALID_RISK_UNIT,risk_unit == 0 or non-finite,NQZ18-CME,9881181,2018-10-17 14:58:46.016000+00:00,7250.5,{'stop_loss_price': 7250.5}
INVALID_RISK_UNIT,risk_unit == 0 or non-finite,NQZ18-CME,9881182,2018-10-17 14:58:46.017000+00:00,7250.5,{'stop_loss_price': 7250.5}
INVALID_RISK_UNIT,risk_unit == 0 or non-finite,NQZ18-CME,9881183,2018-10-17 14:58:46.018000+00:00,7250.5,{'stop_loss_price': 7250.5}
INVALID_RISK_UNIT,risk_unit == 0 or non-finite,NQZ18-CME,9881184,2018-10-17 14:58:46.019000+00:00,7250.5,{'stop_loss_price': 7250.5}
INVALID_RISK_UNIT,risk_unit == 0 or non-finite,NQZ18-CME,9881185,2018-10-17 14:58:46.020000+00:00,7250.5,{'stop_loss_price': 7250.5}
INVALID_RISK_UNIT,risk_unit == 0 or non-finite,NQZ18-CME,9881186,2018-10-17 14:58:46.021000+00:00,7250.5,{'stop_loss_price': 7250.5}
INVALID_RISK_UNIT,risk_unit == 0 or non-finite,NQZ18-CME,9881187,2018-10-17 14:58:46.022000+00:00,7250.5,{'stop_loss_price': 7250.5}
INVALID_RISK_UNIT,risk_unit == 0 or non-finite,NQZ18-CME,9881188,2018-10-17 14:58:46.023000+00:00,7250.5,{'stop_loss_price': 7250.5}
INVALID_RISK_UNIT,risk_unit == 0 or non-finite,NQZ18-CME,9881189,2018-10-17 14:58:46.024000+00:00,7250.5,{'stop_loss_price': 7250.5}
INVALID_RISK_UNIT,risk_unit == 0 or non-finite,NQZ18-CME,9945775,2018-10-17 15:47:40.010000+00:00,7290.5,{'stop_loss_price': 7290.5}
INVALID_RISK_UNIT,risk_unit == 0 or non-finite,NQZ18-CME,9945776,2018-10-17 15:47:40.011000+00:00,7290.5,{'stop_loss_price': 7290.5}
INVALID_RISK_UNIT,risk_unit == 0 or non-finite,NQZ18-CME,9945777,2018-10-17 15:47:40.012000+00:00,7290.5,{'stop_loss_price': 7290.5}
INVALID_RISK_UNIT,risk_unit == 0 or non-finite,NQZ18-CME,9945778,2018-10-17 15:47:40.013000+00:00,7290.5,{'stop_loss_price': 7290.5}
INVALID_RISK_UNIT,risk_unit == 0 or non-finite,NQZ18-CME,9945779,2018-10-17 15:47:40.014000+00:00,7290.5,{'stop_loss_price': 7290.5}
INVALID_RISK_UNIT,risk_unit == 0 or non-finite,NQZ18-CME,9966216,2018-10-17 16:11:20+00:00,7280.5,{'stop_loss_price': 7280.5}
INVALID_RISK_UNIT,risk_unit == 0 or non-finite,NQZ18-CME,9966217,2018-10-17 16:11:21+00:00,7280.5,{'stop_loss_price': 7280.5}
INVALID_RISK_UNIT,risk_unit == 0 or non-finite,NQZ18-CME,9990298,2018-10-17 16:40:28+00:00,7297.5,{'stop_loss_price': 7297.5}
INVALID_RISK_UNIT,risk_unit == 0 or non-finite,NQZ18-CME,9990299,2018-10-17 16:40:28.001000+00:00,7297.5,{'stop_loss_price': 7297.5}
INVALID_RISK_UNIT,risk_unit == 0 or non-finite,NQZ18-CME,10005074,2018-10-17 16:57:50.029000+00:00,7295.5,{'stop_loss_price': 7295.5}
INVALID_RISK_UNIT,risk_unit == 0 or non-finite,NQZ18-CME,10005075,2018-10-17 16:57:50.030000+00:00,7295.5,{'stop_loss_price': 7295.5}
INVALID_RISK_UNIT,risk_unit == 0 or non-finite,NQZ18-CME,10005076,2018-10-17 16:57:50.031000+00:00,7295.5,{'stop_loss_price': 7295.5}
INVALID_RISK_UNIT,risk_unit == 0 or non-finite,NQZ18-CME,10005077,2018-10-17 16:57:50.032000+00:00,7295.5,{'stop_loss_price': 7295.5}
INVALID_RISK_UNIT,risk_unit == 0 or non-finite,NQZ18-CME,10005078,2018-10-17 16:57:50.033000+00:00,7295.5,{'stop_loss_price': 7295.5}
INVALID_RISK_UNIT,risk_unit == 0 or non-finite,NQZ18-CME,10005079,2018-10-17 16:57:50.034000+00:00,7295.5,{'stop_loss_price': 7295.5}
INVALID_RISK_UNIT,risk_unit == 0 or non-finite,NQZ18-CME,10005080,2018-10-17 16:57:50.035000+00:00,7295.5,{'stop_loss_price': 7295.5}
INVALID_RISK_UNIT,risk_unit == 0 or non-finite,NQZ18-CME,10005081,2018-10-17 16:57:50.036000+00:00,7295.5,{'stop_loss_price': 7295.5}
INVALID_RISK_UNIT,risk_unit == 0 or non-finite,NQZ18-CME,10014521,2018-10-17 17:07:30.004000+00:00,7313.0,{'stop_loss_price': 7313.0}
INVALID_RISK_UNIT,risk_unit == 0 or non-finite,NQZ18-CME,10014522,2018-10-17 17:07:30.005000+00:00,7313.0,{'stop_loss_price': 7313.0}
INVALID_RISK_UNIT,risk_unit == 0 or non-finite,NQZ18-CME,10017305,2018-10-17 17:10:48+00:00,7311.0,{'stop_loss_price': 7311.0}
INVALID_RISK_UNIT,risk_unit == 0 or non-finite,NQZ18-CME,10077875,2018-10-17 18:28:06.002000+00:00,7265.75,{'stop_loss_price': 7265.75}
INVALID_RISK_UNIT,risk_unit == 0 or non-finite,NQZ18-CME,10077876,2018-10-17 18:28:06.003000+00:00,7265.75,{'stop_loss_price': 7265.75}
INVALID_RISK_UNIT,risk_unit == 0 or non-finite,NQZ18-CME,10077886,2018-10-17 18:28:07.003000+00:00,7266.0,{'stop_loss_price': 7266.0}
INVALID_RISK_UNIT,risk_unit == 0 or non-finite,NQZ18-CME,10129413,2018-10-17 19:28:19.004000+00:00,7300.5,{'stop_loss_price': 7300.5}
INVALID_RISK_UNIT,risk_unit == 0 or non-finite,NQZ18-CME,10129414,2018-10-17 19:28:19.005000+00:00,7300.5,{'stop_loss_price': 7300.5}
INVALID_RISK_UNIT,risk_unit == 0 or non-finite,NQZ18-CME,10129415,2018-10-17 19:28:19.006000+00:00,7300.5,{'stop_loss_price': 7300.5}
INVALID_RISK_UNIT,risk_unit == 0 or non-finite,NQZ18-CME,10129416,2018-10-17 19:28:19.007000+00:00,7300.5,{'stop_loss_price': 7300.5}
INVALID_RISK_UNIT,risk_unit == 0 or non-finite,NQZ18-CME,10129418,2018-10-17 19:28:19.009000+00:00,7300.5,{'stop_loss_price': 7300.5}
INVALID_RISK_UNIT,risk_unit == 0 or non-finite,NQZ18-CME,10138556,2018-10-17 19:41:08.043000+00:00,7296.75,{'stop_loss_price': 7296.75}
INVALID_RISK_UNIT,risk_unit == 0 or non-finite,NQZ18-CME,10152799,2018-10-17 19:57:58.011000+00:00,7299.5,{'stop_loss_price': 7299.5}
INVALID_RISK_UNIT,risk_unit == 0 or non-finite,NQZ18-CME,10193343,2018-10-18 07:05:02.002000+00:00,7274.75,{'stop_loss_price': 7274.75}
INVALID_RISK_UNIT,risk_unit == 0 or non-finite,NQZ18-CME,10193344,2018-10-18 07:05:03+00:00,7274.75,{'stop_loss_price': 7274.75}
INVALID_RISK_UNIT,risk_unit == 0 or non-finite,NQZ18-CME,10193350,2018-10-18 07:05:05+00:00,7274.75,{'stop_loss_price': 7274.75}
INVALID_RISK_UNIT,risk_unit == 0 or non-finite,NQZ18-CME,10193351,2018-10-18 07:05:09+00:00,7274.75,{'stop_loss_price': 7274.75}
INVALID_RISK_UNIT,risk_unit == 0 or non-finite,NQZ18-CME,10206345,2018-10-18 09:11:58+00:00,7288.75,{'stop_loss_price': 7288.75}
INVALID_RISK_UNIT,risk_unit == 0 or non-finite,NQZ18-CME,10237390,2018-10-18 13:30:03.029000+00:00,7266.75,{'stop_loss_price': 7266.75}
INVALID_RISK_UNIT,risk_unit == 0 or non-finite,NQZ18-CME,10250578,2018-10-18 13:33:35.015000+00:00,7236.75,{'stop_loss_price': 7236.75}
INVALID_RISK_UNIT,risk_unit == 0 or non-finite,NQZ18-CME,10316906,2018-10-18 14:06:10.021000+00:00,7235.5,{'stop_loss_price': 7235.5}
INVALID_RISK_UNIT,risk_unit == 0 or non-finite,NQZ18-CME,10335373,2018-10-18 14:14:24.036000+00:00,7211.5,{'stop_loss_price': 7211.5}
INVALID_RISK_UNIT,risk_unit == 0 or non-finite,NQZ18-CME,10365091,2018-10-18 14:34:36.003000+00:00,7239.5,{'stop_loss_price': 7239.5}
INVALID_RISK_UNIT,risk_unit == 0 or non-finite,NQZ18-CME,10392043,2018-10-18 14:59:28.017000+00:00,7248.5,{'stop_loss_price': 7248.5}
INVALID_RISK_UNIT,risk_unit == 0 or non-finite,NQZ18-CME,10392044,2018-10-18 14:59:28.018000+00:00,7248.5,{'stop_loss_price': 7248.5}
INVALID_RISK_UNIT,risk_unit == 0 or non-finite,NQZ18-CME,10392045,2018-10-18 14:59:28.019000+00:00,7248.5,{'stop_loss_price': 7248.5}
INVALID_RISK_UNIT,risk_unit == 0 or non-finite,NQZ18-CME,10392046,2018-10-18 14:59:28.020000+00:00,7248.5,{'stop_loss_price': 7248.5}
INVALID_RISK_UNIT,risk_unit == 0 or non-finite,NQZ18-CME,10392047,2018-10-18 14:59:28.021000+00:00,7248.5,{'stop_loss_price': 7248.5}
INVALID_RISK_UNIT,risk_unit == 0 or non-finite,NQZ18-CME,10392048,2018-10-18 14:59:28.022000+00:00,7248.5,{'stop_loss_price': 7248.5}
INVALID_RISK_UNIT,risk_unit == 0 or non-finite,NQZ18-CME,10392049,2018-10-18 14:59:28.023000+00:00,7248.5,{'stop_loss_price': 7248.5}
INVALID_RISK_UNIT,risk_unit == 0 or non-finite,NQZ18-CME,10392050,2018-10-18 14:59:28.024000+00:00,7248.5,{'stop_loss_price': 7248.5}
INVALID_RISK_UNIT,risk_unit == 0 or non-finite,NQZ18-CME,10498525,2018-10-18 16:00:34.003000+00:00,7142.5,{'stop_loss_price': 7142.5}
INVALID_RISK_UNIT,risk_unit == 0 or non-finite,NQZ18-CME,10546756,2018-10-18 16:46:55.010000+00:00,7175.25,{'stop_loss_price': 7175.25}
INVALID_RISK_UNIT,risk_unit == 0 or non-finite,NQZ18-CME,10546757,2018-10-18 16:46:55.011000+00:00,7175.25,{'stop_loss_price': 7175.25}
INVALID_RISK_UNIT,risk_unit == 0 or non-finite,NQZ18-CME,10546758,2018-10-18 16:46:55.012000+00:00,7175.25,{'stop_loss_price': 7175.25}
INVALID_RISK_UNIT,risk_unit == 0 or non-finite,NQZ18-CME,10546759,2018-10-18 16:46:55.013000+00:00,7175.25,{'stop_loss_price': 7175.25}
INVALID_RISK_UNIT,risk_unit == 0 or non-finite,NQZ18-CME,10611812,2018-10-18 17:48:10.016000+00:00,7109.25,{'stop_loss_price': 7109.25}
INVALID_RISK_UNIT,risk_unit == 0 or non-finite,NQZ18-CME,10611813,2018-10-18 17:48:10.017000+00:00,7109.25,{'stop_loss_price': 7109.25}
INVALID_RISK_UNIT,risk_unit == 0 or non-finite,NQZ18-CME,10611814,2018-10-18 17:48:10.018000+00:00,7109.25,{'stop_loss_price': 7109.25}
INVALID_RISK_UNIT,risk_unit == 0 or non-finite,NQZ18-CME,10611815,2018-10-18 17:48:10.019000+00:00,7109.25,{'stop_loss_price': 7109.25}
INVALID_RISK_UNIT,risk_unit == 0 or non-finite,NQZ18-CME,10611816,2018-10-18 17:48:10.020000+00:00,7109.25,{'stop_loss_price': 7109.25}
INVALID_RISK_UNIT,risk_unit == 0 or non-finite,NQZ18-CME,10629103,2018-10-18 18:04:25.008000+00:00,7129.75,{'stop_loss_price': 7129.75}
INVALID_RISK_UNIT,risk_unit == 0 or non-finite,NQZ18-CME,10629104,2018-10-18 18:04:25.009000+00:00,7129.75,{'stop_loss_price': 7129.75}
INVALID_RISK_UNIT,risk_unit == 0 or non-finite,NQZ18-CME,10629105,2018-10-18 18:04:25.010000+00:00,7129.75,{'stop_loss_price': 7129.75}
INVALID_RISK_UNIT,risk_unit == 0 or non-finite,NQZ18-CME,10643107,2018-10-18 18:19:46.004000+00:00,7118.0,{'stop_loss_price': 7118.0}
INVALID_RISK_UNIT,risk_unit == 0 or non-finite,NQZ18-CME,10648233,2018-10-18 18:25:23.005000+00:00,7144.5,{'stop_loss_price': 7144.5}
INVALID_RISK_UNIT,risk_unit == 0 or non-finite,NQZ18-CME,10648234,2018-10-18 18:25:23.006000+00:00,7144.5,{'stop_loss_price': 7144.5}
INVALID_RISK_UNIT,risk_unit == 0 or non-finite,NQZ18-CME,10656721,2018-10-18 18:37:02.003000+00:00,7140.25,{'stop_loss_price': 7140.25}
INVALID_RISK_UNIT,risk_unit == 0 or non-finite,NQZ18-CME,10658833,2018-10-18 18:38:30.036000+00:00,7139.5,{'stop_loss_price': 7139.5}
INVALID_RISK_UNIT,risk_unit == 0 or non-finite,NQZ18-CME,10664906,2018-10-18 18:45:09+00:00,7157.75,{'stop_loss_price': 7157.75}
INVALID_RISK_UNIT,risk_unit == 0 or non-finite,NQZ18-CME,10664907,2018-10-18 18:45:09.001000+00:00,7157.75,{'stop_loss_price': 7157.75}
INVALID_RISK_UNIT,risk_unit == 0 or non-finite,NQZ18-CME,10676586,2018-10-18 19:00:21.002000+00:00,7148.0,{'stop_loss_price': 7148.0}
INVALID_RISK_UNIT,risk_unit == 0 or non-finite,NQZ18-CME,10689742,2018-10-18 19:13:33+00:00,7121.75,{'stop_loss_price': 7121.75}
INVALID_RISK_UNIT,risk_unit == 0 or non-finite,NQZ18-CME,10711971,2018-10-18 19:37:37.009000+00:00,7131.0,{'stop_loss_price': 7131.0}
INVALID_RISK_UNIT,risk_unit == 0 or non-finite,NQZ18-CME,10711972,2018-10-18 19:37:37.010000+00:00,7131.0,{'stop_loss_price': 7131.0}
INVALID_RISK_UNIT,risk_unit == 0 or non-finite,NQZ18-CME,10713694,2018-10-18 19:39:38.009000+00:00,7137.5,{'stop_loss_price': 7137.5}
INVALID_RISK_UNIT,risk_unit == 0 or non-finite,NQZ18-CME,10726763,2018-10-18 19:51:39.008000+00:00,7126.75,{'stop_loss_price': 7126.75}
INVALID_RISK_UNIT,risk_unit == 0 or non-finite,NQZ18-CME,10757333,2018-10-18 20:54:03.006000+00:00,7148.0,{'stop_loss_price': 7148.0}
INVALID_RISK_UNIT,risk_unit == 0 or non-finite,NQZ18-CME,10757334,2018-10-18 20:54:03.007000+00:00,7148.0,{'stop_loss_price': 7148.0}
INVALID_RISK_UNIT,risk_unit == 0 or non-finite,NQZ18-CME,10757335,2018-10-18 20:54:03.008000+00:00,7148.0,{'stop_loss_price': 7148.0}
INVALID_RISK_UNIT,risk_unit == 0 or non-finite,NQZ18-CME,10780093,2018-10-19 05:18:11+00:00,7186.25,{'stop_loss_price': 7186.25}
INVALID_RISK_UNIT,risk_unit == 0 or non-finite,NQZ18-CME,10780094,2018-10-19 05:18:11.001000+00:00,7186.25,{'stop_loss_price': 7186.25}
INVALID_RISK_UNIT,risk_unit == 0 or non-finite,NQZ18-CME,10780095,2018-10-19 05:18:11.002000+00:00,7186.25,{'stop_loss_price': 7186.25}
INVALID_RISK_UNIT,risk_unit == 0 or non-finite,NQZ18-CME,10780096,2018-10-19 05:18:11.003000+00:00,7186.25,{'stop_loss_price': 7186.25}
INVALID_RISK_UNIT,risk_unit == 0 or non-finite,NQZ18-CME,10838156,2018-10-19 12:40:24+00:00,7176.5,{'stop_loss_price': 7176.5}
INVALID_RISK_UNIT,risk_unit == 0 or non-finite,NQZ18-CME,10838157,2018-10-19 12:40:24.001000+00:00,7176.5,{'stop_loss_price': 7176.5}
INVALID_RISK_UNIT,risk_unit == 0 or non-finite,NQZ18-CME,10838159,2018-10-19 12:40:24.003000+00:00,7176.5,{'stop_loss_price': 7176.5}
INVALID_RISK_UNIT,risk_unit == 0 or non-finite,NQZ18-CME,10884837,2018-10-19 13:39:27.017000+00:00,7214.5,{'stop_loss_price': 7214.5}
INVALID_RISK_UNIT,risk_unit == 0 or non-finite,NQZ18-CME,10884838,2018-10-19 13:39:27.018000+00:00,7214.5,{'stop_loss_price': 7214.5}
INVALID_RISK_UNIT,risk_unit == 0 or non-finite,NQZ18-CME,10884839,2018-10-19 13:39:27.019000+00:00,7214.5,{'stop_loss_price': 7214.5}
INVALID_RISK_UNIT,risk_unit == 0 or non-finite,NQZ18-CME,10884840,2018-10-19 13:39:27.020000+00:00,7214.5,{'stop_loss_price': 7214.5}
INVALID_RISK_UNIT,risk_unit == 0 or non-finite,NQZ18-CME,11063910,2018-10-19 15:49:37.008000+00:00,7176.75,{'stop_loss_price': 7176.75}
INVALID_RISK_UNIT,risk_unit == 0 or non-finite,NQZ18-CME,11063911,2018-10-19 15:49:37.009000+00:00,7176.75,{'stop_loss_price': 7176.75}
INVALID_RISK_UNIT,risk_unit == 0 or non-finite,NQZ18-CME,11066527,2018-10-19 15:51:40.009000+00:00,7181.75,{'stop_loss_price': 7181.75}
INVALID_RISK_UNIT,risk_unit == 0 or non-finite,NQZ18-CME,11082150,2018-10-19 16:04:25.009000+00:00,7170.75,{'stop_loss_price': 7170.75}
INVALID_RISK_UNIT,risk_unit == 0 or non-finite,NQZ18-CME,11089941,2018-10-19 16:13:34.008000+00:00,7157.75,{'stop_loss_price': 7157.75}
INVALID_RISK_UNIT,risk_unit == 0 or non-finite,NQZ18-CME,11089942,2018-10-19 16:13:34.009000+00:00,7157.75,{'stop_loss_price': 7157.75}
INVALID_RISK_UNIT,risk_unit == 0 or non-finite,NQZ18-CME,11089943,2018-10-19 16:13:34.010000+00:00,7157.75,{'stop_loss_price': 7157.75}
INVALID_RISK_UNIT,risk_unit == 0 or non-finite,NQZ18-CME,11089944,2018-10-19 16:13:34.011000+00:00,7157.75,{'stop_loss_price': 7157.75}
INVALID_RISK_UNIT,risk_unit == 0 or non-finite,NQZ18-CME,11089945,2018-10-19 16:13:34.012000+00:00,7157.75,{'stop_loss_price': 7157.75}
INVALID_RISK_UNIT,risk_unit == 0 or non-finite,NQZ18-CME,11089946,2018-10-19 16:13:34.013000+00:00,7157.75,{'stop_loss_price': 7157.75}
INVALID_RISK_UNIT,risk_unit == 0 or non-finite,NQZ18-CME,11089947,2018-10-19 16:13:34.014000+00:00,7157.75,{'stop_loss_price': 7157.75}
INVALID_RISK_UNIT,risk_unit == 0 or non-finite,NQZ18-CME,11089948,2018-10-19 16:13:34.015000+00:00,7157.75,{'stop_loss_price': 7157.75}
INVALID_RISK_UNIT,risk_unit == 0 or non-finite,NQZ18-CME,11089949,2018-10-19 16:13:34.016000+00:00,7157.75,{'stop_loss_price': 7157.75}
INVALID_RISK_UNIT,risk_unit == 0 or non-finite,NQZ18-CME,11089950,2018-10-19 16:13:34.017000+00:00,7157.75,{'stop_loss_price': 7157.75}
INVALID_RISK_UNIT,risk_unit == 0 or non-finite,NQZ18-CME,11153596,2018-10-19 17:12:12.005000+00:00,7128.75,{'stop_loss_price': 7128.75}
INVALID_RISK_UNIT,risk_unit == 0 or non-finite,NQZ18-CME,11153597,2018-10-19 17:12:12.006000+00:00,7128.75,{'stop_loss_price': 7128.75}
INVALID_RISK_UNIT,risk_unit == 0 or non-finite,NQZ18-CME,11190996,2018-10-19 18:05:56.011000+00:00,7106.25,{'stop_loss_price': 7106.25}
INVALID_RISK_UNIT,risk_unit == 0 or non-finite,NQZ18-CME,11190997,2018-10-19 18:05:56.012000+00:00,7106.25,{'stop_loss_price': 7106.25}
INVALID_RISK_UNIT,risk_unit == 0 or non-finite,NQZ18-CME,11190998,2018-10-19 18:05:56.013000+00:00,7106.25,{'stop_loss_price': 7106.25}
INVALID_RISK_UNIT,risk_unit == 0 or non-finite,NQZ18-CME,11190999,2018-10-19 18:05:56.014000+00:00,7106.25,{'stop_loss_price': 7106.25}
INVALID_RISK_UNIT,risk_unit == 0 or non-finite,NQZ18-CME,11191000,2018-10-19 18:05:56.015000+00:00,7106.25,{'stop_loss_price': 7106.25}
INVALID_RISK_UNIT,risk_unit == 0 or non-finite,NQZ18-CME,11251034,2018-10-19 19:23:09.006000+00:00,7127.0,{'stop_loss_price': 7127.0}
INVALID_RISK_UNIT,risk_unit == 0 or non-finite,NQZ18-CME,11310331,2018-10-21 22:51:29.001000+00:00,7078.75,{'stop_loss_price': 7078.75}
INVALID_RISK_UNIT,risk_unit == 0 or non-finite,NQZ18-CME,11359200,2018-10-22 06:13:53.001000+00:00,7136.75,{'stop_loss_price': 7136.75}
INVALID_RISK_UNIT,risk_unit == 0 or non-finite,NQZ18-CME,11359201,2018-10-22 06:13:53.002000+00:00,7136.75,{'stop_loss_price': 7136.75}
INVALID_RISK_UNIT,risk_unit == 0 or non-finite,NQZ18-CME,11359202,2018-10-22 06:13:53.003000+00:00,7136.75,{'stop_loss_price': 7136.75}
INVALID_RISK_UNIT,risk_unit == 0 or non-finite,NQZ18-CME,11359203,2018-10-22 06:13:53.004000+00:00,7136.75,{'stop_loss_price': 7136.75}
INVALID_RISK_UNIT,risk_unit == 0 or non-finite,NQZ18-CME,11359204,2018-10-22 06:13:53.005000+00:00,7136.75,{'stop_loss_price': 7136.75}
INVALID_RISK_UNIT,risk_unit == 0 or non-finite,NQZ18-CME,11359205,2018-10-22 06:13:53.006000+00:00,7136.75,{'stop_loss_price': 7136.75}
INVALID_RISK_UNIT,risk_unit == 0 or non-finite,NQZ18-CME,11359206,2018-10-22 06:13:53.007000+00:00,7136.75,{'stop_loss_price': 7136.75}
INVALID_RISK_UNIT,risk_unit == 0 or non-finite,NQZ18-CME,11359207,2018-10-22 06:13:54+00:00,7136.75,{'stop_loss_price': 7136.75}
INVALID_RISK_UNIT,risk_unit == 0 or non-finite,NQZ18-CME,11359208,2018-10-22 06:13:54.001000+00:00,7136.75,{'stop_loss_price': 7136.75}
INVALID_RISK_UNIT,risk_unit == 0 or non-finite,NQZ18-CME,11362297,2018-10-22 06:39:26+00:00,7142.75,{'stop_loss_price': 7142.75}
INVALID_RISK_UNIT,risk_unit == 0 or non-finite,NQZ18-CME,11366210,2018-10-22 07:06:41.002000+00:00,7149.25,{'stop_loss_price': 7149.25}
INVALID_RISK_UNIT,risk_unit == 0 or non-finite,NQZ18-CME,11487797,2018-10-22 13:57:51.002000+00:00,7110.5,{'stop_loss_price': 7110.5}
INVALID_RISK_UNIT,risk_unit == 0 or non-finite,NQZ18-CME,11487798,2018-10-22 13:57:51.003000+00:00,7110.5,{'stop_loss_price': 7110.5}
INVALID_RISK_UNIT,risk_unit == 0 or non-finite,NQZ18-CME,11487801,2018-10-22 13:57:51.006000+00:00,7110.5,{'stop_loss_price': 7110.5}
INVALID_RISK_UNIT,risk_unit == 0 or non-finite,NQZ18-CME,11487802,2018-10-22 13:57:51.007000+00:00,7110.5,{'stop_loss_price': 7110.5}
INVALID_RISK_UNIT,risk_unit == 0 or non-finite,NQZ18-CME,11487803,2018-10-22 13:57:51.008000+00:00,7110.5,{'stop_loss_price': 7110.5}
INVALID_RISK_UNIT,risk_unit == 0 or non-finite,NQZ18-CME,11487836,2018-10-22 13:57:53.005000+00:00,7110.5,{'stop_loss_price': 7110.5}
INVALID_RISK_UNIT,risk_unit == 0 or non-finite,NQZ18-CME,11487837,2018-10-22 13:57:53.006000+00:00,7110.5,{'stop_loss_price': 7110.5}
INVALID_RISK_UNIT,risk_unit == 0 or non-finite,NQZ18-CME,11487838,2018-10-22 13:57:53.007000+00:00,7110.5,{'stop_loss_price': 7110.5}
INVALID_RISK_UNIT,risk_unit == 0 or non-finite,NQZ18-CME,11488407,2018-10-22 13:58:12.015000+00:00,7110.75,{'stop_loss_price': 7110.75}
INVALID_RISK_UNIT,risk_unit == 0 or non-finite,NQZ18-CME,11488408,2018-10-22 13:58:12.016000+00:00,7110.75,{'stop_loss_price': 7110.75}
INVALID_RISK_UNIT,risk_unit == 0 or non-finite,NQZ18-CME,11488409,2018-10-22 13:58:12.017000+00:00,7110.75,{'stop_loss_price': 7110.75}
INVALID_RISK_UNIT,risk_unit == 0 or non-finite,NQZ18-CME,11488410,2018-10-22 13:58:13+00:00,7110.75,{'stop_loss_price': 7110.75}
INVALID_RISK_UNIT,risk_unit == 0 or non-finite,NQZ18-CME,11488424,2018-10-22 13:58:14+00:00,7110.75,{'stop_loss_price': 7110.75}
INVALID_RISK_UNIT,risk_unit == 0 or non-finite,NQZ18-CME,11488425,2018-10-22 13:58:14.001000+00:00,7110.75,{'stop_loss_price': 7110.75}
INVALID_RISK_UNIT,risk_unit == 0 or non-finite,NQZ18-CME,11488426,2018-10-22 13:58:14.002000+00:00,7110.75,{'stop_loss_price': 7110.75}
INVALID_RISK_UNIT,risk_unit == 0 or non-finite,NQZ18-CME,11488427,2018-10-22 13:58:14.003000+00:00,7110.75,{'stop_loss_price': 7110.75}
INVALID_RISK_UNIT,risk_unit == 0 or non-finite,NQZ18-CME,11488439,2018-10-22 13:58:15.007000+00:00,7110.75,{'stop_loss_price': 7110.75}
INVALID_RISK_UNIT,risk_unit == 0 or non-finite,NQZ18-CME,11514738,2018-10-22 14:11:41.197000+00:00,7128.25,{'stop_loss_price': 7128.25}
INVALID_RISK_UNIT,risk_unit == 0 or non-finite,NQZ18-CME,11525173,2018-10-22 14:17:57.004000+00:00,7119.25,{'stop_loss_price': 7119.25}
INVALID_RISK_UNIT,risk_unit == 0 or non-finite,NQZ18-CME,11525174,2018-10-22 14:17:57.005000+00:00,7119.25,{'stop_loss_price': 7119.25}
INVALID_RISK_UNIT,risk_unit == 0 or non-finite,NQZ18-CME,11525176,2018-10-22 14:17:57.007000+00:00,7119.25,{'stop_loss_price': 7119.25}
INVALID_RISK_UNIT,risk_unit == 0 or non-finite,NQZ18-CME,11562830,2018-10-22 14:36:09.004000+00:00,7134.75,{'stop_loss_price': 7134.75}
INVALID_RISK_UNIT,risk_unit == 0 or non-finite,NQZ18-CME,11562831,2018-10-22 14:36:09.005000+00:00,7134.75,{'stop_loss_price': 7134.75}
INVALID_RISK_UNIT,risk_unit == 0 or non-finite,NQZ18-CME,11562832,2018-10-22 14:36:09.006000+00:00,7134.75,{'stop_loss_price': 7134.75}
INVALID_RISK_UNIT,risk_unit == 0 or non-finite,NQZ18-CME,11562833,2018-10-22 14:36:09.007000+00:00,7134.75,{'stop_loss_price': 7134.75}
INVALID_RISK_UNIT,risk_unit == 0 or non-finite,NQZ18-CME,11563381,2018-10-22 14:36:34.002000+00:00,7137.75,{'stop_loss_price': 7137.75}
INVALID_RISK_UNIT,risk_unit == 0 or non-finite,NQZ18-CME,11565020,2018-10-22 14:37:52+00:00,7141.75,{'stop_loss_price': 7141.75}
INVALID_RISK_UNIT,risk_unit == 0 or non-finite,NQZ18-CME,11565021,2018-10-22 14:37:52.001000+00:00,7141.75,{'stop_loss_price': 7141.75}
INVALID_RISK_UNIT,risk_unit == 0 or non-finite,NQZ18-CME,11575422,2018-10-22 14:43:00.100000+00:00,7167.0,{'stop_loss_price': 7167.0}
INVALID_RISK_UNIT,risk_unit == 0 or non-finite,NQZ18-CME,11575423,2018-10-22 14:43:00.101000+00:00,7167.0,{'stop_loss_price': 7167.0}
INVALID_RISK_UNIT,risk_unit == 0 or non-finite,NQZ18-CME,11631177,2018-10-22 15:20:52+00:00,7188.0,{'stop_loss_price': 7188.0}
INVALID_RISK_UNIT,risk_unit == 0 or non-finite,NQZ18-CME,11650890,2018-10-22 15:34:20.009000+00:00,7181.25,{'stop_loss_price': 7181.25}
INVALID_RISK_UNIT,risk_unit == 0 or non-finite,NQZ18-CME,11650891,2018-10-22 15:34:20.010000+00:00,7181.25,{'stop_loss_price': 7181.25}
INVALID_RISK_UNIT,risk_unit == 0 or non-finite,NQZ18-CME,11650892,2018-10-22 15:34:20.011000+00:00,7181.25,{'stop_loss_price': 7181.25}
INVALID_RISK_UNIT,risk_unit == 0 or non-finite,NQZ18-CME,11650893,2018-10-22 15:34:20.012000+00:00,7181.25,{'stop_loss_price': 7181.25}
INVALID_RISK_UNIT,risk_unit == 0 or non-finite,NQZ18-CME,11650894,2018-10-22 15:34:20.013000+00:00,7181.25,{'stop_loss_price': 7181.25}
INVALID_RISK_UNIT,risk_unit == 0 or non-finite,NQZ18-CME,11660547,2018-10-22 15:42:00.024000+00:00,7163.25,{'stop_loss_price': 7163.25}
INVALID_RISK_UNIT,risk_unit == 0 or non-finite,NQZ18-CME,11660548,2018-10-22 15:42:00.025000+00:00,7163.25,{'stop_loss_price': 7163.25}
INVALID_RISK_UNIT,risk_unit == 0 or non-finite,NQZ18-CME,11660549,2018-10-22 15:42:00.026000+00:00,7163.25,{'stop_loss_price': 7163.25}
INVALID_RISK_UNIT,risk_unit == 0 or non-finite,NQZ18-CME,11660550,2018-10-22 15:42:00.027000+00:00,7163.25,{'stop_loss_price': 7163.25}
INVALID_RISK_UNIT,risk_unit == 0 or non-finite,NQZ18-CME,11669072,2018-10-22 15:49:39.015000+00:00,7175.5,{'stop_loss_price': 7175.5}
INVALID_RISK_UNIT,risk_unit == 0 or non-finite,NQZ18-CME,11669073,2018-10-22 15:49:39.016000+00:00,7175.5,{'stop_loss_price': 7175.5}
INVALID_RISK_UNIT,risk_unit == 0 or non-finite,NQZ18-CME,11669074,2018-10-22 15:49:39.017000+00:00,7175.5,{'stop_loss_price': 7175.5}
INVALID_RISK_UNIT,risk_unit == 0 or non-finite,NQZ18-CME,11669075,2018-10-22 15:49:39.018000+00:00,7175.5,{'stop_loss_price': 7175.5}
INVALID_RISK_UNIT,risk_unit == 0 or non-finite,NQZ18-CME,11669076,2018-10-22 15:49:39.019000+00:00,7175.5,{'stop_loss_price': 7175.5}
INVALID_RISK_UNIT,risk_unit == 0 or non-finite,NQZ18-CME,11669077,2018-10-22 15:49:39.020000+00:00,7175.5,{'stop_loss_price': 7175.5}
INVALID_RISK_UNIT,risk_unit == 0 or non-finite,NQZ18-CME,11669078,2018-10-22 15:49:39.021000+00:00,7175.5,{'stop_loss_price': 7175.5}
INVALID_RISK_UNIT,risk_unit == 0 or non-finite,NQZ18-CME,11669079,2018-10-22 15:49:40+00:00,7175.5,{'stop_loss_price': 7175.5}
INVALID_RISK_UNIT,risk_unit == 0 or non-finite,NQZ18-CME,11669080,2018-10-22 15:49:40.001000+00:00,7175.5,{'stop_loss_price': 7175.5}
INVALID_RISK_UNIT,risk_unit == 0 or non-finite,NQZ18-CME,11669084,2018-10-22 15:49:40.005000+00:00,7175.5,{'stop_loss_price': 7175.5}
INVALID_RISK_UNIT,risk_unit == 0 or non-finite,NQZ18-CME,11669085,2018-10-22 15:49:40.006000+00:00,7175.5,{'stop_loss_price': 7175.5}
INVALID_RISK_UNIT,risk_unit == 0 or non-finite,NQZ18-CME,11669086,2018-10-22 15:49:40.007000+00:00,7175.5,{'stop_loss_price': 7175.5}
INVALID_RISK_UNIT,risk_unit == 0 or non-finite,NQZ18-CME,11777941,2018-10-22 18:24:43.002000+00:00,7153.5,{'stop_loss_price': 7153.5}
INVALID_RISK_UNIT,risk_unit == 0 or non-finite,NQZ18-CME,11789421,2018-10-22 18:47:45.009000+00:00,7167.25,{'stop_loss_price': 7167.25}
INVALID_RISK_UNIT,risk_unit == 0 or non-finite,NQZ18-CME,11792614,2018-10-22 18:52:06.006000+00:00,7173.25,{'stop_loss_price': 7173.25}
INVALID_RISK_UNIT,risk_unit == 0 or non-finite,NQZ18-CME,11792615,2018-10-22 18:52:06.007000+00:00,7173.25,{'stop_loss_price': 7173.25}
INVALID_RISK_UNIT,risk_unit == 0 or non-finite,NQZ18-CME,11792616,2018-10-22 18:52:06.008000+00:00,7173.25,{'stop_loss_price': 7173.25}
INVALID_RISK_UNIT,risk_unit == 0 or non-finite,NQZ18-CME,11792617,2018-10-22 18:52:06.009000+00:00,7173.25,{'stop_loss_price': 7173.25}
INVALID_RISK_UNIT,risk_unit == 0 or non-finite,NQZ18-CME,11810664,2018-10-22 19:18:02+00:00,7178.75,{'stop_loss_price': 7178.75}
INVALID_RISK_UNIT,risk_unit == 0 or non-finite,NQZ18-CME,11810665,2018-10-22 19:18:02.001000+00:00,7178.75,{'stop_loss_price': 7178.75}
INVALID_RISK_UNIT,risk_unit == 0 or non-finite,NQZ18-CME,11810666,2018-10-22 19:18:02.002000+00:00,7178.75,{'stop_loss_price': 7178.75}
INVALID_RISK_UNIT,risk_unit == 0 or non-finite,NQZ18-CME,11823650,2018-10-22 19:40:32.002000+00:00,7174.5,{'stop_loss_price': 7174.5}
INVALID_RISK_UNIT,risk_unit == 0 or non-finite,NQZ18-CME,11876072,2018-10-23 02:01:48.004000+00:00,7118.5,{'stop_loss_price': 7118.5}
INVALID_RISK_UNIT,risk_unit == 0 or non-finite,NQZ18-CME,11876073,2018-10-23 02:01:48.005000+00:00,7118.5,{'stop_loss_price': 7118.5}
INVALID_RISK_UNIT,risk_unit == 0 or non-finite,NQZ18-CME,11876074,2018-10-23 02:01:48.006000+00:00,7118.5,{'stop_loss_price': 7118.5}
INVALID_RISK_UNIT,risk_unit == 0 or non-finite,NQZ18-CME,11876076,2018-10-23 02:01:48.008000+00:00,7118.5,{'stop_loss_price': 7118.5}
INVALID_RISK_UNIT,risk_unit == 0 or non-finite,NQZ18-CME,11881127,2018-10-23 02:45:51+00:00,7107.75,{'stop_loss_price': 7107.75}
INVALID_RISK_UNIT,risk_unit == 0 or non-finite,NQZ18-CME,11881128,2018-10-23 02:45:52+00:00,7107.75,{'stop_loss_price': 7107.75}
INVALID_RISK_UNIT,risk_unit == 0 or non-finite,NQZ18-CME,11881129,2018-10-23 02:45:52.001000+00:00,7107.75,{'stop_loss_price': 7107.75}
INVALID_RISK_UNIT,risk_unit == 0 or non-finite,NQZ18-CME,11881130,2018-10-23 02:45:52.002000+00:00,7107.75,{'stop_loss_price': 7107.75}
INVALID_RISK_UNIT,risk_unit == 0 or non-finite,NQZ18-CME,11891177,2018-10-23 04:54:51+00:00,7086.75,{'stop_loss_price': 7086.75}
INVALID_RISK_UNIT,risk_unit == 0 or non-finite,NQZ18-CME,11893496,2018-10-23 05:30:34.011000+00:00,7090.5,{'stop_loss_price': 7090.5}
INVALID_RISK_UNIT,risk_unit == 0 or non-finite,NQZ18-CME,11915242,2018-10-23 07:42:28.009000+00:00,7067.0,{'stop_loss_price': 7067.0}
INVALID_RISK_UNIT,risk_unit == 0 or non-finite,NQZ18-CME,11915243,2018-10-23 07:42:28.010000+00:00,7067.0,{'stop_loss_price': 7067.0}
INVALID_RISK_UNIT,risk_unit == 0 or non-finite,NQZ18-CME,11915244,2018-10-23 07:42:28.011000+00:00,7067.0,{'stop_loss_price': 7067.0}
INVALID_RISK_UNIT,risk_unit == 0 or non-finite,NQZ18-CME,11915245,2018-10-23 07:42:29+00:00,7067.0,{'stop_loss_price': 7067.0}
INVALID_RISK_UNIT,risk_unit == 0 or non-finite,NQZ18-CME,11915246,2018-10-23 07:42:29.001000+00:00,7067.0,{'stop_loss_price': 7067.0}
INVALID_RISK_UNIT,risk_unit == 0 or non-finite,NQZ18-CME,11915247,2018-10-23 07:42:29.002000+00:00,7067.0,{'stop_loss_price': 7067.0}
INVALID_RISK_UNIT,risk_unit == 0 or non-finite,NQZ18-CME,11915341,2018-10-23 07:43:39+00:00,7067.75,{'stop_loss_price': 7067.75}
INVALID_RISK_UNIT,risk_unit == 0 or non-finite,NQZ18-CME,11924759,2018-10-23 08:33:18+00:00,7057.0,{'stop_loss_price': 7057.0}
INVALID_RISK_UNIT,risk_unit == 0 or non-finite,NQZ18-CME,11944750,2018-10-23 10:17:05+00:00,7048.0,{'stop_loss_price': 7048.0}
INVALID_RISK_UNIT,risk_unit == 0 or non-finite,NQZ18-CME,11944751,2018-10-23 10:17:05.001000+00:00,7048.0,{'stop_loss_price': 7048.0}
INVALID_RISK_UNIT,risk_unit == 0 or non-finite,NQZ18-CME,11944752,2018-10-23 10:17:06+00:00,7048.0,{'stop_loss_price': 7048.0}
INVALID_RISK_UNIT,risk_unit == 0 or non-finite,NQZ18-CME,11944767,2018-10-23 10:17:21.001000+00:00,7048.0,{'stop_loss_price': 7048.0}
INVALID_RISK_UNIT,risk_unit == 0 or non-finite,NQZ18-CME,11944768,2018-10-23 10:17:21.002000+00:00,7048.0,{'stop_loss_price': 7048.0}
INVALID_RISK_UNIT,risk_unit == 0 or non-finite,NQZ18-CME,11944769,2018-10-23 10:17:21.003000+00:00,7048.0,{'stop_loss_price': 7048.0}
INVALID_RISK_UNIT,risk_unit == 0 or non-finite,NQZ18-CME,11944771,2018-10-23 10:17:22.001000+00:00,7048.0,{'stop_loss_price': 7048.0}
INVALID_RISK_UNIT,risk_unit == 0 or non-finite,NQZ18-CME,11947183,2018-10-23 10:31:25.006000+00:00,7041.75,{'stop_loss_price': 7041.75}
INVALID_RISK_UNIT,risk_unit == 0 or non-finite,NQZ18-CME,11947184,2018-10-23 10:31:25.007000+00:00,7041.75,{'stop_loss_price': 7041.75}
INVALID_RISK_UNIT,risk_unit == 0 or non-finite,NQZ18-CME,11947189,2018-10-23 10:31:25.012000+00:00,7041.75,{'stop_loss_price': 7041.75}
INVALID_RISK_UNIT,risk_unit == 0 or non-finite,NQZ18-CME,11947190,2018-10-23 10:31:25.013000+00:00,7041.75,{'stop_loss_price': 7041.75}
INVALID_RISK_UNIT,risk_unit == 0 or non-finite,NQZ18-CME,11947191,2018-10-23 10:31:25.014000+00:00,7041.75,{'stop_loss_price': 7041.75}
INVALID_RISK_UNIT,risk_unit == 0 or non-finite,NQZ18-CME,11976874,2018-10-23 12:26:52.001000+00:00,7034.0,{'stop_loss_price': 7034.0}
INVALID_RISK_UNIT,risk_unit == 0 or non-finite,NQZ18-CME,11976875,2018-10-23 12:26:52.002000+00:00,7034.0,{'stop_loss_price': 7034.0}
INVALID_RISK_UNIT,risk_unit == 0 or non-finite,NQZ18-CME,11976876,2018-10-23 12:26:52.003000+00:00,7034.0,{'stop_loss_price': 7034.0}
INVALID_RISK_UNIT,risk_unit == 0 or non-finite,NQZ18-CME,11976877,2018-10-23 12:26:52.004000+00:00,7034.0,{'stop_loss_price': 7034.0}
INVALID_RISK_UNIT,risk_unit == 0 or non-finite,NQZ18-CME,11976878,2018-10-23 12:26:52.005000+00:00,7034.0,{'stop_loss_price': 7034.0}
INVALID_RISK_UNIT,risk_unit == 0 or non-finite,NQZ18-CME,11976881,2018-10-23 12:26:52.008000+00:00,7034.0,{'stop_loss_price': 7034.0}
INVALID_RISK_UNIT,risk_unit == 0 or non-finite,NQZ18-CME,11976882,2018-10-23 12:26:52.009000+00:00,7034.0,{'stop_loss_price': 7034.0}
INVALID_RISK_UNIT,risk_unit == 0 or non-finite,NQZ18-CME,11976883,2018-10-23 12:26:52.010000+00:00,7034.0,{'stop_loss_price': 7034.0}
INVALID_RISK_UNIT,risk_unit == 0 or non-finite,NQZ18-CME,11976893,2018-10-23 12:26:54+00:00,7034.0,{'stop_loss_price': 7034.0}
INVALID_RISK_UNIT,risk_unit == 0 or non-finite,NQZ18-CME,11991218,2018-10-23 13:10:45+00:00,7027.0,{'stop_loss_price': 7027.0}
INVALID_RISK_UNIT,risk_unit == 0 or non-finite,NQZ18-CME,12003311,2018-10-23 13:30:14.007000+00:00,7019.0,{'stop_loss_price': 7019.0}
INVALID_RISK_UNIT,risk_unit == 0 or non-finite,NQZ18-CME,12003312,2018-10-23 13:30:14.008000+00:00,7019.0,{'stop_loss_price': 7019.0}
INVALID_RISK_UNIT,risk_unit == 0 or non-finite,NQZ18-CME,12003313,2018-10-23 13:30:14.009000+00:00,7019.0,{'stop_loss_price': 7019.0}
INVALID_RISK_UNIT,risk_unit == 0 or non-finite,NQZ18-CME,12003314,2018-10-23 13:30:14.010000+00:00,7019.0,{'stop_loss_price': 7019.0}
INVALID_RISK_UNIT,risk_unit == 0 or non-finite,NQZ18-CME,12003315,2018-10-23 13:30:14.011000+00:00,7019.0,{'stop_loss_price': 7019.0}
INVALID_RISK_UNIT,risk_unit == 0 or non-finite,NQZ18-CME,12003316,2018-10-23 13:30:14.012000+00:00,7019.0,{'stop_loss_price': 7019.0}
INVALID_RISK_UNIT,risk_unit == 0 or non-finite,NQZ18-CME,12081406,2018-10-23 13:58:04.011000+00:00,7014.75,{'stop_loss_price': 7014.75}
INVALID_RISK_UNIT,risk_unit == 0 or non-finite,NQZ18-CME,12081407,2018-10-23 13:58:04.012000+00:00,7014.75,{'stop_loss_price': 7014.75}
INVALID_RISK_UNIT,risk_unit == 0 or non-finite,NQZ18-CME,12092566,2018-10-23 14:02:15.056000+00:00,6985.5,{'stop_loss_price': 6985.5}
INVALID_RISK_UNIT,risk_unit == 0 or non-finite,NQZ18-CME,12092567,2018-10-23 14:02:15.057000+00:00,6985.5,{'stop_loss_price': 6985.5}
INVALID_RISK_UNIT,risk_unit == 0 or non-finite,NQZ18-CME,12092568,2018-10-23 14:02:15.058000+00:00,6985.5,{'stop_loss_price': 6985.5}
INVALID_RISK_UNIT,risk_unit == 0 or non-finite,NQZ18-CME,12092569,2018-10-23 14:02:15.059000+00:00,6985.5,{'stop_loss_price': 6985.5}
INVALID_RISK_UNIT,risk_unit == 0 or non-finite,NQZ18-CME,12092570,2018-10-23 14:02:15.060000+00:00,6985.5,{'stop_loss_price': 6985.5}
INVALID_RISK_UNIT,risk_unit == 0 or non-finite,NQZ18-CME,12092571,2018-10-23 14:02:15.061000+00:00,6985.5,{'stop_loss_price': 6985.5}
INVALID_RISK_UNIT,risk_unit == 0 or non-finite,NQZ18-CME,12101071,2018-10-23 14:04:44.043000+00:00,6974.75,{'stop_loss_price': 6974.75}
INVALID_RISK_UNIT,risk_unit == 0 or non-finite,NQZ18-CME,12101072,2018-10-23 14:04:44.044000+00:00,6974.75,{'stop_loss_price': 6974.75}
INVALID_RISK_UNIT,risk_unit == 0 or non-finite,NQZ18-CME,12101073,2018-10-23 14:04:44.045000+00:00,6974.75,{'stop_loss_price': 6974.75}
INVALID_RISK_UNIT,risk_unit == 0 or non-finite,NQZ18-CME,12148079,2018-10-23 14:26:23.006000+00:00,6967.25,{'stop_loss_price': 6967.25}
INVALID_RISK_UNIT,risk_unit == 0 or non-finite,NQZ18-CME,12148080,2018-10-23 14:26:23.007000+00:00,6967.25,{'stop_loss_price': 6967.25}
INVALID_RISK_UNIT,risk_unit == 0 or non-finite,NQZ18-CME,12192254,2018-10-23 14:57:05.009000+00:00,6989.75,{'stop_loss_price': 6989.75}
INVALID_RISK_UNIT,risk_unit == 0 or non-finite,NQZ18-CME,12192255,2018-10-23 14:57:05.010000+00:00,6989.75,{'stop_loss_price': 6989.75}
INVALID_RISK_UNIT,risk_unit == 0 or non-finite,NQZ18-CME,12192256,2018-10-23 14:57:05.011000+00:00,6989.75,{'stop_loss_price': 6989.75}
INVALID_RISK_UNIT,risk_unit == 0 or non-finite,NQZ18-CME,12202089,2018-10-23 15:05:28.002000+00:00,6983.5,{'stop_loss_price': 6983.5}
INVALID_RISK_UNIT,risk_unit == 0 or non-finite,NQZ18-CME,12202090,2018-10-23 15:05:28.003000+00:00,6983.5,{'stop_loss_price': 6983.5}
INVALID_RISK_UNIT,risk_unit == 0 or non-finite,NQZ18-CME,12202091,2018-10-23 15:05:28.004000+00:00,6983.5,{'stop_loss_price': 6983.5}
INVALID_RISK_UNIT,risk_unit == 0 or non-finite,NQZ18-CME,12202092,2018-10-23 15:05:28.005000+00:00,6983.5,{'stop_loss_price': 6983.5}
INVALID_RISK_UNIT,risk_unit == 0 or non-finite,NQZ18-CME,12202093,2018-10-23 15:05:28.006000+00:00,6983.5,{'stop_loss_price': 6983.5}
INVALID_RISK_UNIT,risk_unit == 0 or non-finite,NQZ18-CME,12212748,2018-10-23 15:12:08.005000+00:00,7000.75,{'stop_loss_price': 7000.75}
INVALID_RISK_UNIT,risk_unit == 0 or non-finite,NQZ18-CME,12212749,2018-10-23 15:12:08.006000+00:00,7000.75,{'stop_loss_price': 7000.75}
INVALID_RISK_UNIT,risk_unit == 0 or non-finite,NQZ18-CME,12212750,2018-10-23 15:12:08.007000+00:00,7000.75,{'stop_loss_price': 7000.75}
INVALID_RISK_UNIT,risk_unit == 0 or non-finite,NQZ18-CME,12212751,2018-10-23 15:12:08.008000+00:00,7000.75,{'stop_loss_price': 7000.75}
INVALID_RISK_UNIT,risk_unit == 0 or non-finite,NQZ18-CME,12224555,2018-10-23 15:21:06.014000+00:00,7017.25,{'stop_loss_price': 7017.25}
INVALID_RISK_UNIT,risk_unit == 0 or non-finite,NQZ18-CME,12224556,2018-10-23 15:21:06.015000+00:00,7017.25,{'stop_loss_price': 7017.25}
INVALID_RISK_UNIT,risk_unit == 0 or non-finite,NQZ18-CME,12224557,2018-10-23 15:21:06.016000+00:00,7017.25,{'stop_loss_price': 7017.25}
INVALID_RISK_UNIT,risk_unit == 0 or non-finite,NQZ18-CME,12224558,2018-10-23 15:21:06.017000+00:00,7017.25,{'stop_loss_price': 7017.25}
INVALID_RISK_UNIT,risk_unit == 0 or non-finite,NQZ18-CME,12235115,2018-10-23 15:28:43.043000+00:00,7032.0,{'stop_loss_price': 7032.0}
INVALID_RISK_UNIT,risk_unit == 0 or non-finite,NQZ18-CME,12235116,2018-10-23 15:28:43.044000+00:00,7032.0,{'stop_loss_price': 7032.0}
INVALID_RISK_UNIT,risk_unit == 0 or non-finite,NQZ18-CME,12235117,2018-10-23 15:28:43.045000+00:00,7032.0,{'stop_loss_price': 7032.0}
INVALID_RISK_UNIT,risk_unit == 0 or non-finite,NQZ18-CME,12235119,2018-10-23 15:28:43.047000+00:00,7032.0,{'stop_loss_price': 7032.0}
INVALID_RISK_UNIT,risk_unit == 0 or non-finite,NQZ18-CME,12312908,2018-10-23 16:35:32.013000+00:00,7065.0,{'stop_loss_price': 7065.0}
INVALID_RISK_UNIT,risk_unit == 0 or non-finite,NQZ18-CME,12312909,2018-10-23 16:35:32.014000+00:00,7065.0,{'stop_loss_price': 7065.0}
INVALID_RISK_UNIT,risk_unit == 0 or non-finite,NQZ18-CME,12312910,2018-10-23 16:35:32.015000+00:00,7065.0,{'stop_loss_price': 7065.0}
INVALID_RISK_UNIT,risk_unit == 0 or non-finite,NQZ18-CME,12312911,2018-10-23 16:35:32.016000+00:00,7065.0,{'stop_loss_price': 7065.0}
INVALID_RISK_UNIT,risk_unit == 0 or non-finite,NQZ18-CME,12312912,2018-10-23 16:35:32.017000+00:00,7065.0,{'stop_loss_price': 7065.0}
INVALID_RISK_UNIT,risk_unit == 0 or non-finite,NQZ18-CME,12312913,2018-10-23 16:35:32.018000+00:00,7065.0,{'stop_loss_price': 7065.0}
INVALID_RISK_UNIT,risk_unit == 0 or non-finite,NQZ18-CME,12312927,2018-10-23 16:35:32.032000+00:00,7065.0,{'stop_loss_price': 7065.0}
INVALID_RISK_UNIT,risk_unit == 0 or non-finite,NQZ18-CME,12312928,2018-10-23 16:35:32.033000+00:00,7065.0,{'stop_loss_price': 7065.0}
INVALID_RISK_UNIT,risk_unit == 0 or non-finite,NQZ18-CME,12312929,2018-10-23 16:35:32.034000+00:00,7065.0,{'stop_loss_price': 7065.0}
INVALID_RISK_UNIT,risk_unit == 0 or non-finite,NQZ18-CME,12312930,2018-10-23 16:35:32.035000+00:00,7065.0,{'stop_loss_price': 7065.0}
INVALID_RISK_UNIT,risk_unit == 0 or non-finite,NQZ18-CME,12312931,2018-10-23 16:35:32.036000+00:00,7065.0,{'stop_loss_price': 7065.0}
INVALID_RISK_UNIT,risk_unit == 0 or non-finite,NQZ18-CME,12312932,2018-10-23 16:35:32.037000+00:00,7065.0,{'stop_loss_price': 7065.0}
INVALID_RISK_UNIT,risk_unit == 0 or non-finite,NQZ18-CME,12312933,2018-10-23 16:35:32.038000+00:00,7065.0,{'stop_loss_price': 7065.0}
INVALID_RISK_UNIT,risk_unit == 0 or non-finite,NQZ18-CME,12374357,2018-10-23 17:31:03.015000+00:00,7088.5,{'stop_loss_price': 7088.5}
INVALID_RISK_UNIT,risk_unit == 0 or non-finite,NQZ18-CME,12374358,2018-10-23 17:31:03.016000+00:00,7088.5,{'stop_loss_price': 7088.5}
INVALID_RISK_UNIT,risk_unit == 0 or non-finite,NQZ18-CME,12374366,2018-10-23 17:31:04.007000+00:00,7088.5,{'stop_loss_price': 7088.5}
INVALID_RISK_UNIT,risk_unit == 0 or non-finite,NQZ18-CME,12465191,2018-10-23 18:55:40.003000+00:00,7139.25,{'stop_loss_price': 7139.25}
INVALID_RISK_UNIT,risk_unit == 0 or non-finite,NQZ18-CME,12465192,2018-10-23 18:55:40.004000+00:00,7139.25,{'stop_loss_price': 7139.25}
INVALID_RISK_UNIT,risk_unit == 0 or non-finite,NQZ18-CME,12465193,2018-10-23 18:55:40.005000+00:00,7139.25,{'stop_loss_price': 7139.25}
INVALID_RISK_UNIT,risk_unit == 0 or non-finite,NQZ18-CME,12513961,2018-10-23 19:45:32.027000+00:00,7129.5,{'stop_loss_price': 7129.5}
INVALID_RISK_UNIT,risk_unit == 0 or non-finite,NQZ18-CME,12570399,2018-10-24 03:12:04+00:00,7132.5,{'stop_loss_price': 7132.5}
INVALID_RISK_UNIT,risk_unit == 0 or non-finite,NQZ18-CME,12570400,2018-10-24 03:12:04.001000+00:00,7132.5,{'stop_loss_price': 7132.5}
INVALID_RISK_UNIT,risk_unit == 0 or non-finite,NQZ18-CME,12570401,2018-10-24 03:12:04.002000+00:00,7132.5,{'stop_loss_price': 7132.5}
INVALID_RISK_UNIT,risk_unit == 0 or non-finite,NQZ18-CME,12570402,2018-10-24 03:12:04.003000+00:00,7132.5,{'stop_loss_price': 7132.5}
INVALID_RISK_UNIT,risk_unit == 0 or non-finite,NQZ18-CME,12583427,2018-10-24 05:13:58+00:00,7130.5,{'stop_loss_price': 7130.5}
INVALID_RISK_UNIT,risk_unit == 0 or non-finite,NQZ18-CME,12588724,2018-10-24 06:29:36+00:00,7115.0,{'stop_loss_price': 7115.0}
INVALID_RISK_UNIT,risk_unit == 0 or non-finite,NQZ18-CME,12691615,2018-10-24 13:36:29.241000+00:00,7096.25,{'stop_loss_price': 7096.25}
INVALID_RISK_UNIT,risk_unit == 0 or non-finite,NQZ18-CME,12691616,2018-10-24 13:36:29.242000+00:00,7096.25,{'stop_loss_price': 7096.25}
INVALID_RISK_UNIT,risk_unit == 0 or non-finite,NQZ18-CME,12694276,2018-10-24 13:37:36.001000+00:00,7111.5,{'stop_loss_price': 7111.5}
INVALID_RISK_UNIT,risk_unit == 0 or non-finite,NQZ18-CME,12694277,2018-10-24 13:37:36.002000+00:00,7111.5,{'stop_loss_price': 7111.5}
INVALID_RISK_UNIT,risk_unit == 0 or non-finite,NQZ18-CME,12743416,2018-10-24 14:07:11+00:00,7088.75,{'stop_loss_price': 7088.75}
INVALID_RISK_UNIT,risk_unit == 0 or non-finite,NQZ18-CME,12861693,2018-10-24 15:28:27.037000+00:00,7008.75,{'stop_loss_price': 7008.75}
INVALID_RISK_UNIT,risk_unit == 0 or non-finite,NQZ18-CME,12861694,2018-10-24 15:28:27.038000+00:00,7008.75,{'stop_loss_price': 7008.75}
INVALID_RISK_UNIT,risk_unit == 0 or non-finite,NQZ18-CME,12861695,2018-10-24 15:28:27.039000+00:00,7008.75,{'stop_loss_price': 7008.75}
INVALID_RISK_UNIT,risk_unit == 0 or non-finite,NQZ18-CME,12861696,2018-10-24 15:28:27.040000+00:00,7008.75,{'stop_loss_price': 7008.75}
INVALID_RISK_UNIT,risk_unit == 0 or non-finite,NQZ18-CME,12861697,2018-10-24 15:28:27.041000+00:00,7008.75,{'stop_loss_price': 7008.75}
INVALID_RISK_UNIT,risk_unit == 0 or non-finite,NQZ18-CME,12861699,2018-10-24 15:28:27.043000+00:00,7008.75,{'stop_loss_price': 7008.75}
INVALID_RISK_UNIT,risk_unit == 0 or non-finite,NQZ18-CME,12885305,2018-10-24 15:45:56.004000+00:00,7018.0,{'stop_loss_price': 7018.0}
INVALID_RISK_UNIT,risk_unit == 0 or non-finite,NQZ18-CME,12885306,2018-10-24 15:45:56.005000+00:00,7018.0,{'stop_loss_price': 7018.0}
INVALID_RISK_UNIT,risk_unit == 0 or non-finite,NQZ18-CME,12885307,2018-10-24 15:45:56.006000+00:00,7018.0,{'stop_loss_price': 7018.0}
INVALID_RISK_UNIT,risk_unit == 0 or non-finite,NQZ18-CME,12885308,2018-10-24 15:45:56.007000+00:00,7018.0,{'stop_loss_price': 7018.0}
INVALID_RISK_UNIT,risk_unit == 0 or non-finite,NQZ18-CME,12885309,2018-10-24 15:45:56.008000+00:00,7018.0,{'stop_loss_price': 7018.0}
INVALID_RISK_UNIT,risk_unit == 0 or non-finite,NQZ18-CME,12885310,2018-10-24 15:45:56.009000+00:00,7018.0,{'stop_loss_price': 7018.0}
INVALID_RISK_UNIT,risk_unit == 0 or non-finite,NQZ18-CME,12885311,2018-10-24 15:45:56.010000+00:00,7018.0,{'stop_loss_price': 7018.0}
INVALID_RISK_UNIT,risk_unit == 0 or non-finite,NQZ18-CME,12887994,2018-10-24 15:47:41.005000+00:00,7022.75,{'stop_loss_price': 7022.75}
INVALID_RISK_UNIT,risk_unit == 0 or non-finite,NQZ18-CME,12887995,2018-10-24 15:47:42+00:00,7022.75,{'stop_loss_price': 7022.75}
INVALID_RISK_UNIT,risk_unit == 0 or non-finite,NQZ18-CME,12895490,2018-10-24 15:52:36.009000+00:00,7023.75,{'stop_loss_price': 7023.75}
INVALID_RISK_UNIT,risk_unit == 0 or non-finite,NQZ18-CME,12896982,2018-10-24 15:53:51.044000+00:00,7034.0,{'stop_loss_price': 7034.0}
INVALID_RISK_UNIT,risk_unit == 0 or non-finite,NQZ18-CME,12896983,2018-10-24 15:53:51.045000+00:00,7034.0,{'stop_loss_price': 7034.0}
INVALID_RISK_UNIT,risk_unit == 0 or non-finite,NQZ18-CME,12896986,2018-10-24 15:53:52.001000+00:00,7034.0,{'stop_loss_price': 7034.0}
INVALID_RISK_UNIT,risk_unit == 0 or non-finite,NQZ18-CME,12896987,2018-10-24 15:53:52.002000+00:00,7034.0,{'stop_loss_price': 7034.0}
INVALID_RISK_UNIT,risk_unit == 0 or non-finite,NQZ18-CME,12896988,2018-10-24 15:53:52.003000+00:00,7034.0,{'stop_loss_price': 7034.0}
INVALID_RISK_UNIT,risk_unit == 0 or non-finite,NQZ18-CME,12896989,2018-10-24 15:53:52.004000+00:00,7034.0,{'stop_loss_price': 7034.0}
INVALID_RISK_UNIT,risk_unit == 0 or non-finite,NQZ18-CME,12898417,2018-10-24 15:54:54.023000+00:00,7040.75,{'stop_loss_price': 7040.75}
INVALID_RISK_UNIT,risk_unit == 0 or non-finite,NQZ18-CME,12898418,2018-10-24 15:54:54.024000+00:00,7040.75,{'stop_loss_price': 7040.75}
INVALID_RISK_UNIT,risk_unit == 0 or non-finite,NQZ18-CME,12898419,2018-10-24 15:54:54.025000+00:00,7040.75,{'stop_loss_price': 7040.75}
INVALID_RISK_UNIT,risk_unit == 0 or non-finite,NQZ18-CME,12898420,2018-10-24 15:54:54.026000+00:00,7040.75,{'stop_loss_price': 7040.75}
INVALID_RISK_UNIT,risk_unit == 0 or non-finite,NQZ18-CME,12916790,2018-10-24 16:09:07.006000+00:00,7042.5,{'stop_loss_price': 7042.5}
INVALID_RISK_UNIT,risk_unit == 0 or non-finite,NQZ18-CME,12951758,2018-10-24 16:45:50.005000+00:00,7002.5,{'stop_loss_price': 7002.5}
INVALID_RISK_UNIT,risk_unit == 0 or non-finite,NQZ18-CME,12951759,2018-10-24 16:45:51+00:00,7002.5,{'stop_loss_price': 7002.5}
INVALID_RISK_UNIT,risk_unit == 0 or non-finite,NQZ18-CME,12951765,2018-10-24 16:45:52.004000+00:00,7002.5,{'stop_loss_price': 7002.5}
INVALID_RISK_UNIT,risk_unit == 0 or non-finite,NQZ18-CME,12951766,2018-10-24 16:45:52.005000+00:00,7002.5,{'stop_loss_price': 7002.5}
INVALID_RISK_UNIT,risk_unit == 0 or non-finite,NQZ18-CME,12951767,2018-10-24 16:45:52.006000+00:00,7002.5,{'stop_loss_price': 7002.5}
INVALID_RISK_UNIT,risk_unit == 0 or non-finite,NQZ18-CME,12951768,2018-10-24 16:45:52.007000+00:00,7002.5,{'stop_loss_price': 7002.5}
INVALID_RISK_UNIT,risk_unit == 0 or non-finite,NQZ18-CME,12966285,2018-10-24 17:02:00.056000+00:00,7007.5,{'stop_loss_price': 7007.5}
INVALID_RISK_UNIT,risk_unit == 0 or non-finite,NQZ18-CME,12967111,2018-10-24 17:03:04.004000+00:00,7008.0,{'stop_loss_price': 7008.0}
INVALID_RISK_UNIT,risk_unit == 0 or non-finite,NQZ18-CME,12967112,2018-10-24 17:03:04.005000+00:00,7008.0,{'stop_loss_price': 7008.0}
INVALID_RISK_UNIT,risk_unit == 0 or non-finite,NQZ18-CME,12969448,2018-10-24 17:04:58.002000+00:00,6998.75,{'stop_loss_price': 6998.75}
INVALID_RISK_UNIT,risk_unit == 0 or non-finite,NQZ18-CME,12969449,2018-10-24 17:04:58.003000+00:00,6998.75,{'stop_loss_price': 6998.75}
INVALID_RISK_UNIT,risk_unit == 0 or non-finite,NQZ18-CME,12969450,2018-10-24 17:04:58.004000+00:00,6998.75,{'stop_loss_price': 6998.75}
INVALID_RISK_UNIT,risk_unit == 0 or non-finite,NQZ18-CME,12969451,2018-10-24 17:04:58.005000+00:00,6998.75,{'stop_loss_price': 6998.75}
INVALID_RISK_UNIT,risk_unit == 0 or non-finite,NQZ18-CME,12974307,2018-10-24 17:07:59.108000+00:00,6983.25,{'stop_loss_price': 6983.25}
INVALID_RISK_UNIT,risk_unit == 0 or non-finite,NQZ18-CME,12974308,2018-10-24 17:07:59.109000+00:00,6983.25,{'stop_loss_price': 6983.25}
INVALID_RISK_UNIT,risk_unit == 0 or non-finite,NQZ18-CME,12974309,2018-10-24 17:07:59.110000+00:00,6983.25,{'stop_loss_price': 6983.25}
INVALID_RISK_UNIT,risk_unit == 0 or non-finite,NQZ18-CME,12984852,2018-10-24 17:13:35.005000+00:00,6978.25,{'stop_loss_price': 6978.25}
INVALID_RISK_UNIT,risk_unit == 0 or non-finite,NQZ18-CME,12984853,2018-10-24 17:13:35.006000+00:00,6978.25,{'stop_loss_price': 6978.25}
INVALID_RISK_UNIT,risk_unit == 0 or non-finite,NQZ18-CME,12984854,2018-10-24 17:13:35.007000+00:00,6978.25,{'stop_loss_price': 6978.25}
INVALID_RISK_UNIT,risk_unit == 0 or non-finite,NQZ18-CME,12984855,2018-10-24 17:13:35.008000+00:00,6978.25,{'stop_loss_price': 6978.25}
INVALID_RISK_UNIT,risk_unit == 0 or non-finite,NQZ18-CME,12984859,2018-10-24 17:13:36.002000+00:00,6978.25,{'stop_loss_price': 6978.25}
INVALID_RISK_UNIT,risk_unit == 0 or non-finite,NQZ18-CME,12995995,2018-10-24 17:20:35+00:00,6992.0,{'stop_loss_price': 6992.0}
INVALID_RISK_UNIT,risk_unit == 0 or non-finite,NQZ18-CME,13001774,2018-10-24 17:25:53.012000+00:00,6975.5,{'stop_loss_price': 6975.5}
INVALID_RISK_UNIT,risk_unit == 0 or non-finite,NQZ18-CME,13036115,2018-10-24 17:51:47.009000+00:00,6961.0,{'stop_loss_price': 6961.0}
INVALID_RISK_UNIT,risk_unit == 0 or non-finite,NQZ18-CME,13036116,2018-10-24 17:51:47.010000+00:00,6961.0,{'stop_loss_price': 6961.0}
INVALID_RISK_UNIT,risk_unit == 0 or non-finite,NQZ18-CME,13036616,2018-10-24 17:52:21.004000+00:00,6961.75,{'stop_loss_price': 6961.75}
INVALID_RISK_UNIT,risk_unit == 0 or non-finite,NQZ18-CME,13053586,2018-10-24 18:03:09.040000+00:00,6942.75,{'stop_loss_price': 6942.75}
INVALID_RISK_UNIT,risk_unit == 0 or non-finite,NQZ18-CME,13053587,2018-10-24 18:03:09.041000+00:00,6942.75,{'stop_loss_price': 6942.75}
INVALID_RISK_UNIT,risk_unit == 0 or non-finite,NQZ18-CME,13061046,2018-10-24 18:07:23.105000+00:00,6930.25,{'stop_loss_price': 6930.25}
INVALID_RISK_UNIT,risk_unit == 0 or non-finite,NQZ18-CME,13095116,2018-10-24 18:34:09.017000+00:00,6971.0,{'stop_loss_price': 6971.0}
INVALID_RISK_UNIT,risk_unit == 0 or non-finite,NQZ18-CME,13109296,2018-10-24 18:48:00.001000+00:00,6930.0,{'stop_loss_price': 6930.0}
INVALID_RISK_UNIT,risk_unit == 0 or non-finite,NQZ18-CME,13210519,2018-10-24 19:52:32.007000+00:00,6831.75,{'stop_loss_price': 6831.75}
INVALID_RISK_UNIT,risk_unit == 0 or non-finite,NQZ18-CME,13210520,2018-10-24 19:52:32.008000+00:00,6831.75,{'stop_loss_price': 6831.75}
INVALID_RISK_UNIT,risk_unit == 0 or non-finite,NQZ18-CME,13210521,2018-10-24 19:52:32.009000+00:00,6831.75,{'stop_loss_price': 6831.75}
INVALID_RISK_UNIT,risk_unit == 0 or non-finite,NQZ18-CME,13210522,2018-10-24 19:52:32.010000+00:00,6831.75,{'stop_loss_price': 6831.75}
INVALID_RISK_UNIT,risk_unit == 0 or non-finite,NQZ18-CME,13270349,2018-10-24 20:05:12.008000+00:00,6823.75,{'stop_loss_price': 6823.75}
INVALID_RISK_UNIT,risk_unit == 0 or non-finite,NQZ18-CME,13270350,2018-10-24 20:05:12.009000+00:00,6823.75,{'stop_loss_price': 6823.75}
INVALID_RISK_UNIT,risk_unit == 0 or non-finite,NQZ18-CME,13270351,2018-10-24 20:05:12.010000+00:00,6823.75,{'stop_loss_price': 6823.75}
INVALID_RISK_UNIT,risk_unit == 0 or non-finite,NQZ18-CME,13285284,2018-10-24 20:38:42.006000+00:00,6867.0,{'stop_loss_price': 6867.0}
INVALID_RISK_UNIT,risk_unit == 0 or non-finite,NQZ18-CME,13285285,2018-10-24 20:38:42.007000+00:00,6867.0,{'stop_loss_price': 6867.0}
INVALID_RISK_UNIT,risk_unit == 0 or non-finite,NQZ18-CME,13285286,2018-10-24 20:38:42.008000+00:00,6867.0,{'stop_loss_price': 6867.0}
INVALID_RISK_UNIT,risk_unit == 0 or non-finite,NQZ18-CME,13285287,2018-10-24 20:38:42.009000+00:00,6867.0,{'stop_loss_price': 6867.0}
INVALID_RISK_UNIT,risk_unit == 0 or non-finite,NQZ18-CME,13285288,2018-10-24 20:38:42.010000+00:00,6867.0,{'stop_loss_price': 6867.0}
INVALID_RISK_UNIT,risk_unit == 0 or non-finite,NQZ18-CME,13298453,2018-10-24 23:45:52.002000+00:00,6818.75,{'stop_loss_price': 6818.75}
INVALID_RISK_UNIT,risk_unit == 0 or non-finite,NQZ18-CME,13308704,2018-10-25 01:09:38+00:00,6852.0,{'stop_loss_price': 6852.0}
INVALID_RISK_UNIT,risk_unit == 0 or non-finite,NQZ18-CME,13321374,2018-10-25 03:06:32.004000+00:00,6872.0,{'stop_loss_price': 6872.0}
INVALID_RISK_UNIT,risk_unit == 0 or non-finite,NQZ18-CME,13321375,2018-10-25 03:06:32.005000+00:00,6872.0,{'stop_loss_price': 6872.0}
INVALID_RISK_UNIT,risk_unit == 0 or non-finite,NQZ18-CME,13321376,2018-10-25 03:06:32.006000+00:00,6872.0,{'stop_loss_price': 6872.0}
INVALID_RISK_UNIT,risk_unit == 0 or non-finite,NQZ18-CME,13321377,2018-10-25 03:06:32.007000+00:00,6872.0,{'stop_loss_price': 6872.0}
INVALID_RISK_UNIT,risk_unit == 0 or non-finite,NQZ18-CME,13321379,2018-10-25 03:06:36+00:00,6872.0,{'stop_loss_price': 6872.0}
INVALID_RISK_UNIT,risk_unit == 0 or non-finite,NQZ18-CME,13361723,2018-10-25 08:21:51.005000+00:00,6907.75,{'stop_loss_price': 6907.75}
INVALID_RISK_UNIT,risk_unit == 0 or non-finite,NQZ18-CME,13361724,2018-10-25 08:21:51.006000+00:00,6907.75,{'stop_loss_price': 6907.75}
INVALID_RISK_UNIT,risk_unit == 0 or non-finite,NQZ18-CME,13361725,2018-10-25 08:21:52+00:00,6907.75,{'stop_loss_price': 6907.75}
INVALID_RISK_UNIT,risk_unit == 0 or non-finite,NQZ18-CME,13370974,2018-10-25 09:08:19.005000+00:00,6922.5,{'stop_loss_price': 6922.5}
INVALID_RISK_UNIT,risk_unit == 0 or non-finite,NQZ18-CME,13370975,2018-10-25 09:08:19.006000+00:00,6922.5,{'stop_loss_price': 6922.5}
INVALID_RISK_UNIT,risk_unit == 0 or non-finite,NQZ18-CME,13370976,2018-10-25 09:08:19.007000+00:00,6922.5,{'stop_loss_price': 6922.5}
INVALID_RISK_UNIT,risk_unit == 0 or non-finite,NQZ18-CME,13370977,2018-10-25 09:08:19.008000+00:00,6922.5,{'stop_loss_price': 6922.5}
INVALID_RISK_UNIT,risk_unit == 0 or non-finite,NQZ18-CME,13370979,2018-10-25 09:08:20+00:00,6922.5,{'stop_loss_price': 6922.5}
INVALID_RISK_UNIT,risk_unit == 0 or non-finite,NQZ18-CME,13388633,2018-10-25 10:14:37.128000+00:00,6947.0,{'stop_loss_price': 6947.0}
INVALID_RISK_UNIT,risk_unit == 0 or non-finite,NQZ18-CME,13388634,2018-10-25 10:14:37.129000+00:00,6947.0,{'stop_loss_price': 6947.0}
INVALID_RISK_UNIT,risk_unit == 0 or non-finite,NQZ18-CME,13388635,2018-10-25 10:14:37.130000+00:00,6947.0,{'stop_loss_price': 6947.0}
INVALID_RISK_UNIT,risk_unit == 0 or non-finite,NQZ18-CME,13424034,2018-10-25 12:45:48.001000+00:00,6898.75,{'stop_loss_price': 6898.75}
INVALID_RISK_UNIT,risk_unit == 0 or non-finite,NQZ18-CME,13441183,2018-10-25 13:27:58.003000+00:00,6906.5,{'stop_loss_price': 6906.5}
INVALID_RISK_UNIT,risk_unit == 0 or non-finite,NQZ18-CME,13494663,2018-10-25 13:48:32.038000+00:00,6914.25,{'stop_loss_price': 6914.25}
INVALID_RISK_UNIT,risk_unit == 0 or non-finite,NQZ18-CME,13494664,2018-10-25 13:48:32.039000+00:00,6914.25,{'stop_loss_price': 6914.25}
INVALID_RISK_UNIT,risk_unit == 0 or non-finite,NQZ18-CME,13494665,2018-10-25 13:48:32.040000+00:00,6914.25,{'stop_loss_price': 6914.25}
INVALID_RISK_UNIT,risk_unit == 0 or non-finite,NQZ18-CME,13494666,2018-10-25 13:48:32.041000+00:00,6914.25,{'stop_loss_price': 6914.25}
INVALID_RISK_UNIT,risk_unit == 0 or non-finite,NQZ18-CME,13494669,2018-10-25 13:48:32.044000+00:00,6914.25,{'stop_loss_price': 6914.25}
INVALID_RISK_UNIT,risk_unit == 0 or non-finite,NQZ18-CME,13591314,2018-10-25 14:39:55.004000+00:00,6968.75,{'stop_loss_price': 6968.75}
INVALID_RISK_UNIT,risk_unit == 0 or non-finite,NQZ18-CME,13591315,2018-10-25 14:39:55.005000+00:00,6968.75,{'stop_loss_price': 6968.75}
INVALID_RISK_UNIT,risk_unit == 0 or non-finite,NQZ18-CME,13591316,2018-10-25 14:39:55.006000+00:00,6968.75,{'stop_loss_price': 6968.75}
INVALID_RISK_UNIT,risk_unit == 0 or non-finite,NQZ18-CME,13591317,2018-10-25 14:39:55.007000+00:00,6968.75,{'stop_loss_price': 6968.75}
INVALID_RISK_UNIT,risk_unit == 0 or non-finite,NQZ18-CME,13591318,2018-10-25 14:39:55.008000+00:00,6968.75,{'stop_loss_price': 6968.75}
INVALID_RISK_UNIT,risk_unit == 0 or non-finite,NQZ18-CME,13626535,2018-10-25 15:05:08.008000+00:00,6964.5,{'stop_loss_price': 6964.5}
INVALID_RISK_UNIT,risk_unit == 0 or non-finite,NQZ18-CME,13630319,2018-10-25 15:07:14.012000+00:00,6954.0,{'stop_loss_price': 6954.0}
INVALID_RISK_UNIT,risk_unit == 0 or non-finite,NQZ18-CME,13644783,2018-10-25 15:18:15.021000+00:00,6975.25,{'stop_loss_price': 6975.25}
INVALID_RISK_UNIT,risk_unit == 0 or non-finite,NQZ18-CME,13663734,2018-10-25 15:30:16.054000+00:00,7003.5,{'stop_loss_price': 7003.5}
INVALID_RISK_UNIT,risk_unit == 0 or non-finite,NQZ18-CME,13665575,2018-10-25 15:32:02.005000+00:00,7001.75,{'stop_loss_price': 7001.75}
INVALID_RISK_UNIT,risk_unit == 0 or non-finite,NQZ18-CME,13665576,2018-10-25 15:32:02.006000+00:00,7001.75,{'stop_loss_price': 7001.75}
INVALID_RISK_UNIT,risk_unit == 0 or non-finite,NQZ18-CME,13665577,2018-10-25 15:32:02.007000+00:00,7001.75,{'stop_loss_price': 7001.75}
INVALID_RISK_UNIT,risk_unit == 0 or non-finite,NQZ18-CME,13665578,2018-10-25 15:32:02.008000+00:00,7001.75,{'stop_loss_price': 7001.75}
INVALID_RISK_UNIT,risk_unit == 0 or non-finite,NQZ18-CME,13665579,2018-10-25 15:32:02.009000+00:00,7001.75,{'stop_loss_price': 7001.75}
INVALID_RISK_UNIT,risk_unit == 0 or non-finite,NQZ18-CME,13665580,2018-10-25 15:32:02.010000+00:00,7001.75,{'stop_loss_price': 7001.75}
INVALID_RISK_UNIT,risk_unit == 0 or non-finite,NQZ18-CME,13677808,2018-10-25 15:45:08+00:00,6986.0,{'stop_loss_price': 6986.0}
INVALID_RISK_UNIT,risk_unit == 0 or non-finite,NQZ18-CME,13723116,2018-10-25 16:32:41.004000+00:00,6983.0,{'stop_loss_price': 6983.0}
INVALID_RISK_UNIT,risk_unit == 0 or non-finite,NQZ18-CME,13723117,2018-10-25 16:32:41.005000+00:00,6983.0,{'stop_loss_price': 6983.0}
INVALID_RISK_UNIT,risk_unit == 0 or non-finite,NQZ18-CME,13723118,2018-10-25 16:32:41.006000+00:00,6983.0,{'stop_loss_price': 6983.0}
INVALID_RISK_UNIT,risk_unit == 0 or non-finite,NQZ18-CME,13732962,2018-10-25 16:46:51.002000+00:00,6994.0,{'stop_loss_price': 6994.0}
INVALID_RISK_UNIT,risk_unit == 0 or non-finite,NQZ18-CME,13734380,2018-10-25 16:48:09.022000+00:00,6998.5,{'stop_loss_price': 6998.5}
INVALID_RISK_UNIT,risk_unit == 0 or non-finite,NQZ18-CME,13775190,2018-10-25 18:01:07.002000+00:00,7004.25,{'stop_loss_price': 7004.25}
INVALID_RISK_UNIT,risk_unit == 0 or non-finite,NQZ18-CME,13792896,2018-10-25 18:22:39.005000+00:00,7018.25,{'stop_loss_price': 7018.25}
INVALID_RISK_UNIT,risk_unit == 0 or non-finite,NQZ18-CME,13792897,2018-10-25 18:22:39.006000+00:00,7018.25,{'stop_loss_price': 7018.25}
INVALID_RISK_UNIT,risk_unit == 0 or non-finite,NQZ18-CME,13801879,2018-10-25 18:32:29.196000+00:00,7044.25,{'stop_loss_price': 7044.25}
INVALID_RISK_UNIT,risk_unit == 0 or non-finite,NQZ18-CME,13801880,2018-10-25 18:32:29.197000+00:00,7044.25,{'stop_loss_price': 7044.25}
INVALID_RISK_UNIT,risk_unit == 0 or non-finite,NQZ18-CME,13801881,2018-10-25 18:32:29.198000+00:00,7044.25,{'stop_loss_price': 7044.25}
INVALID_RISK_UNIT,risk_unit == 0 or non-finite,NQZ18-CME,13801882,2018-10-25 18:32:29.199000+00:00,7044.25,{'stop_loss_price': 7044.25}
INVALID_RISK_UNIT,risk_unit == 0 or non-finite,NQZ18-CME,13830056,2018-10-25 18:56:57.042000+00:00,7068.75,{'stop_loss_price': 7068.75}
INVALID_RISK_UNIT,risk_unit == 0 or non-finite,NQZ18-CME,13836411,2018-10-25 19:02:29.006000+00:00,7055.5,{'stop_loss_price': 7055.5}
INVALID_RISK_UNIT,risk_unit == 0 or non-finite,NQZ18-CME,13839729,2018-10-25 19:05:55.012000+00:00,7052.5,{'stop_loss_price': 7052.5}
INVALID_RISK_UNIT,risk_unit == 0 or non-finite,NQZ18-CME,13844901,2018-10-25 19:11:45.005000+00:00,7057.0,{'stop_loss_price': 7057.0}
INVALID_RISK_UNIT,risk_unit == 0 or non-finite,NQZ18-CME,13844902,2018-10-25 19:11:45.006000+00:00,7057.0,{'stop_loss_price': 7057.0}
INVALID_RISK_UNIT,risk_unit == 0 or non-finite,NQZ18-CME,13844903,2018-10-25 19:11:45.007000+00:00,7057.0,{'stop_loss_price': 7057.0}
INVALID_RISK_UNIT,risk_unit == 0 or non-finite,NQZ18-CME,13875197,2018-10-25 19:44:00.012000+00:00,7043.75,{'stop_loss_price': 7043.75}
INVALID_RISK_UNIT,risk_unit == 0 or non-finite,NQZ18-CME,13883629,2018-10-25 19:49:49.005000+00:00,7053.25,{'stop_loss_price': 7053.25}
INVALID_RISK_UNIT,risk_unit == 0 or non-finite,NQZ18-CME,13883630,2018-10-25 19:49:49.006000+00:00,7053.25,{'stop_loss_price': 7053.25}
INVALID_RISK_UNIT,risk_unit == 0 or non-finite,NQZ18-CME,13883631,2018-10-25 19:49:49.007000+00:00,7053.25,{'stop_loss_price': 7053.25}
INVALID_RISK_UNIT,risk_unit == 0 or non-finite,NQZ18-CME,13883632,2018-10-25 19:49:49.008000+00:00,7053.25,{'stop_loss_price': 7053.25}
INVALID_RISK_UNIT,risk_unit == 0 or non-finite,NQZ18-CME,13890308,2018-10-25 19:51:36.009000+00:00,7026.0,{'stop_loss_price': 7026.0}
INVALID_RISK_UNIT,risk_unit == 0 or non-finite,NQZ18-CME,13997168,2018-10-26 04:12:24.001000+00:00,6814.0,{'stop_loss_price': 6814.0}
INVALID_RISK_UNIT,risk_unit == 0 or non-finite,NQZ18-CME,14007938,2018-10-26 05:35:01.001000+00:00,6828.75,{'stop_loss_price': 6828.75}
INVALID_RISK_UNIT,risk_unit == 0 or non-finite,NQZ18-CME,14008201,2018-10-26 05:37:41.001000+00:00,6827.75,{'stop_loss_price': 6827.75}
INVALID_RISK_UNIT,risk_unit == 0 or non-finite,NQZ18-CME,14024369,2018-10-26 07:26:41+00:00,6842.25,{'stop_loss_price': 6842.25}
INVALID_RISK_UNIT,risk_unit == 0 or non-finite,NQZ18-CME,14070961,2018-10-26 10:05:26.001000+00:00,6745.5,{'stop_loss_price': 6745.5}
INVALID_RISK_UNIT,risk_unit == 0 or non-finite,NQZ18-CME,14127007,2018-10-26 13:15:16.006000+00:00,6797.75,{'stop_loss_price': 6797.75}
INVALID_RISK_UNIT,risk_unit == 0 or non-finite,NQZ18-CME,14127008,2018-10-26 13:15:17+00:00,6797.75,{'stop_loss_price': 6797.75}
INVALID_RISK_UNIT,risk_unit == 0 or non-finite,NQZ18-CME,14127012,2018-10-26 13:15:20+00:00,6797.75,{'stop_loss_price': 6797.75}
INVALID_RISK_UNIT,risk_unit == 0 or non-finite,NQZ18-CME,14158346,2018-10-26 13:34:40.039000+00:00,6815.5,{'stop_loss_price': 6815.5}
INVALID_RISK_UNIT,risk_unit == 0 or non-finite,NQZ18-CME,14168508,2018-10-26 13:37:23.045000+00:00,6850.25,{'stop_loss_price': 6850.25}
INVALID_RISK_UNIT,risk_unit == 0 or non-finite,NQZ18-CME,14196033,2018-10-26 13:45:47.035000+00:00,6874.25,{'stop_loss_price': 6874.25}
INVALID_RISK_UNIT,risk_unit == 0 or non-finite,NQZ18-CME,14196034,2018-10-26 13:45:47.036000+00:00,6874.25,{'stop_loss_price': 6874.25}
INVALID_RISK_UNIT,risk_unit == 0 or non-finite,NQZ18-CME,14208218,2018-10-26 13:49:53.065000+00:00,6893.5,{'stop_loss_price': 6893.5}
INVALID_RISK_UNIT,risk_unit == 0 or non-finite,NQZ18-CME,14214880,2018-10-26 13:52:42.043000+00:00,6874.25,{'stop_loss_price': 6874.25}
INVALID_RISK_UNIT,risk_unit == 0 or non-finite,NQZ18-CME,14235124,2018-10-26 14:01:39.011000+00:00,6836.0,{'stop_loss_price': 6836.0}
INVALID_RISK_UNIT,risk_unit == 0 or non-finite,NQZ18-CME,14235125,2018-10-26 14:01:39.012000+00:00,6836.0,{'stop_loss_price': 6836.0}
INVALID_RISK_UNIT,risk_unit == 0 or non-finite,NQZ18-CME,14243055,2018-10-26 14:04:41.010000+00:00,6825.5,{'stop_loss_price': 6825.5}
INVALID_RISK_UNIT,risk_unit == 0 or non-finite,NQZ18-CME,14243590,2018-10-26 14:04:53.063000+00:00,6817.0,{'stop_loss_price': 6817.0}
INVALID_RISK_UNIT,risk_unit == 0 or non-finite,NQZ18-CME,14243591,2018-10-26 14:04:53.064000+00:00,6817.0,{'stop_loss_price': 6817.0}
INVALID_RISK_UNIT,risk_unit == 0 or non-finite,NQZ18-CME,14243592,2018-10-26 14:04:53.065000+00:00,6817.0,{'stop_loss_price': 6817.0}
INVALID_RISK_UNIT,risk_unit == 0 or non-finite,NQZ18-CME,14266495,2018-10-26 14:12:39.022000+00:00,6801.5,{'stop_loss_price': 6801.5}
INVALID_RISK_UNIT,risk_unit == 0 or non-finite,NQZ18-CME,14301049,2018-10-26 14:29:10.012000+00:00,6820.5,{'stop_loss_price': 6820.5}
INVALID_RISK_UNIT,risk_unit == 0 or non-finite,NQZ18-CME,14301050,2018-10-26 14:29:10.013000+00:00,6820.5,{'stop_loss_price': 6820.5}
INVALID_RISK_UNIT,risk_unit == 0 or non-finite,NQZ18-CME,14301056,2018-10-26 14:29:10.019000+00:00,6820.5,{'stop_loss_price': 6820.5}
INVALID_RISK_UNIT,risk_unit == 0 or non-finite,NQZ18-CME,14301057,2018-10-26 14:29:10.020000+00:00,6820.5,{'stop_loss_price': 6820.5}
INVALID_RISK_UNIT,risk_unit == 0 or non-finite,NQZ18-CME,14301058,2018-10-26 14:29:10.021000+00:00,6820.5,{'stop_loss_price': 6820.5}
INVALID_RISK_UNIT,risk_unit == 0 or non-finite,NQZ18-CME,14392813,2018-10-26 15:16:16.001000+00:00,6805.5,{'stop_loss_price': 6805.5}
INVALID_RISK_UNIT,risk_unit == 0 or non-finite,NQZ18-CME,14409206,2018-10-26 15:25:51.067000+00:00,6842.5,{'stop_loss_price': 6842.5}
INVALID_RISK_UNIT,risk_unit == 0 or non-finite,NQZ18-CME,14428869,2018-10-26 15:35:30.134000+00:00,6868.0,{'stop_loss_price': 6868.0}
INVALID_RISK_UNIT,risk_unit == 0 or non-finite,NQZ18-CME,14428870,2018-10-26 15:35:30.135000+00:00,6868.0,{'stop_loss_price': 6868.0}
INVALID_RISK_UNIT,risk_unit == 0 or non-finite,NQZ18-CME,14428871,2018-10-26 15:35:30.136000+00:00,6868.0,{'stop_loss_price': 6868.0}
INVALID_RISK_UNIT,risk_unit == 0 or non-finite,NQZ18-CME,14428872,2018-10-26 15:35:30.137000+00:00,6868.0,{'stop_loss_price': 6868.0}
INVALID_RISK_UNIT,risk_unit == 0 or non-finite,NQZ18-CME,14428873,2018-10-26 15:35:30.138000+00:00,6868.0,{'stop_loss_price': 6868.0}
INVALID_RISK_UNIT,risk_unit == 0 or non-finite,NQZ18-CME,14428874,2018-10-26 15:35:30.139000+00:00,6868.0,{'stop_loss_price': 6868.0}
INVALID_RISK_UNIT,risk_unit == 0 or non-finite,NQZ18-CME,14455482,2018-10-26 15:52:03.005000+00:00,6872.25,{'stop_loss_price': 6872.25}
INVALID_RISK_UNIT,risk_unit == 0 or non-finite,NQZ18-CME,14491869,2018-10-26 16:19:30.023000+00:00,6882.0,{'stop_loss_price': 6882.0}
INVALID_RISK_UNIT,risk_unit == 0 or non-finite,NQZ18-CME,14503651,2018-10-26 16:26:17.024000+00:00,6889.0,{'stop_loss_price': 6889.0}
INVALID_RISK_UNIT,risk_unit == 0 or non-finite,NQZ18-CME,14512382,2018-10-26 16:32:17.022000+00:00,6906.25,{'stop_loss_price': 6906.25}
INVALID_RISK_UNIT,risk_unit == 0 or non-finite,NQZ18-CME,14589316,2018-10-26 17:24:43.012000+00:00,6937.0,{'stop_loss_price': 6937.0}
INVALID_RISK_UNIT,risk_unit == 0 or non-finite,NQZ18-CME,14599926,2018-10-26 17:33:17.071000+00:00,6898.75,{'stop_loss_price': 6898.75}
INVALID_RISK_UNIT,risk_unit == 0 or non-finite,NQZ18-CME,14599927,2018-10-26 17:33:17.072000+00:00,6898.75,{'stop_loss_price': 6898.75}
INVALID_RISK_UNIT,risk_unit == 0 or non-finite,NQZ18-CME,14599928,2018-10-26 17:33:17.073000+00:00,6898.75,{'stop_loss_price': 6898.75}
INVALID_RISK_UNIT,risk_unit == 0 or non-finite,NQZ18-CME,14614329,2018-10-26 17:45:25.017000+00:00,6904.25,{'stop_loss_price': 6904.25}
INVALID_RISK_UNIT,risk_unit == 0 or non-finite,NQZ18-CME,14614330,2018-10-26 17:45:25.018000+00:00,6904.25,{'stop_loss_price': 6904.25}
INVALID_RISK_UNIT,risk_unit == 0 or non-finite,NQZ18-CME,14614331,2018-10-26 17:45:25.019000+00:00,6904.25,{'stop_loss_price': 6904.25}
INVALID_RISK_UNIT,risk_unit == 0 or non-finite,NQZ18-CME,14618229,2018-10-26 17:48:30.034000+00:00,6895.0,{'stop_loss_price': 6895.0}
INVALID_RISK_UNIT,risk_unit == 0 or non-finite,NQZ18-CME,14628874,2018-10-26 17:57:04.008000+00:00,6924.75,{'stop_loss_price': 6924.75}
INVALID_RISK_UNIT,risk_unit == 0 or non-finite,NQZ18-CME,14646242,2018-10-26 18:09:31+00:00,6877.25,{'stop_loss_price': 6877.25}
INVALID_RISK_UNIT,risk_unit == 0 or non-finite,NQZ18-CME,14647085,2018-10-26 18:10:26.011000+00:00,6882.0,{'stop_loss_price': 6882.0}
INVALID_RISK_UNIT,risk_unit == 0 or non-finite,NQZ18-CME,14647086,2018-10-26 18:10:26.012000+00:00,6882.0,{'stop_loss_price': 6882.0}
INVALID_RISK_UNIT,risk_unit == 0 or non-finite,NQZ18-CME,14647087,2018-10-26 18:10:26.013000+00:00,6882.0,{'stop_loss_price': 6882.0}
INVALID_RISK_UNIT,risk_unit == 0 or non-finite,NQZ18-CME,14647090,2018-10-26 18:10:27.001000+00:00,6882.0,{'stop_loss_price': 6882.0}
INVALID_RISK_UNIT,risk_unit == 0 or non-finite,NQZ18-CME,14647091,2018-10-26 18:10:27.002000+00:00,6882.0,{'stop_loss_price': 6882.0}
INVALID_RISK_UNIT,risk_unit == 0 or non-finite,NQZ18-CME,14647094,2018-10-26 18:10:28+00:00,6882.0,{'stop_loss_price': 6882.0}
INVALID_RISK_UNIT,risk_unit == 0 or non-finite,NQZ18-CME,14663553,2018-10-26 18:23:30.022000+00:00,6868.75,{'stop_loss_price': 6868.75}
INVALID_RISK_UNIT,risk_unit == 0 or non-finite,NQZ18-CME,14686296,2018-10-26 18:41:41.014000+00:00,6890.25,{'stop_loss_price': 6890.25}
INVALID_RISK_UNIT,risk_unit == 0 or non-finite,NQZ18-CME,14686297,2018-10-26 18:41:41.015000+00:00,6890.25,{'stop_loss_price': 6890.25}
INVALID_RISK_UNIT,risk_unit == 0 or non-finite,NQZ18-CME,14686298,2018-10-26 18:41:41.016000+00:00,6890.25,{'stop_loss_price': 6890.25}
INVALID_RISK_UNIT,risk_unit == 0 or non-finite,NQZ18-CME,14686299,2018-10-26 18:41:41.017000+00:00,6890.25,{'stop_loss_price': 6890.25}
INVALID_RISK_UNIT,risk_unit == 0 or non-finite,NQZ18-CME,14686300,2018-10-26 18:41:41.018000+00:00,6890.25,{'stop_loss_price': 6890.25}
INVALID_RISK_UNIT,risk_unit == 0 or non-finite,NQZ18-CME,14686301,2018-10-26 18:41:41.019000+00:00,6890.25,{'stop_loss_price': 6890.25}
INVALID_RISK_UNIT,risk_unit == 0 or non-finite,NQZ18-CME,14686302,2018-10-26 18:41:41.020000+00:00,6890.25,{'stop_loss_price': 6890.25}
INVALID_RISK_UNIT,risk_unit == 0 or non-finite,NQZ18-CME,14686303,2018-10-26 18:41:41.021000+00:00,6890.25,{'stop_loss_price': 6890.25}
INVALID_RISK_UNIT,risk_unit == 0 or non-finite,NQZ18-CME,14740009,2018-10-26 19:16:46.028000+00:00,6826.25,{'stop_loss_price': 6826.25}
INVALID_RISK_UNIT,risk_unit == 0 or non-finite,NQZ18-CME,14740010,2018-10-26 19:16:46.029000+00:00,6826.25,{'stop_loss_price': 6826.25}
INVALID_RISK_UNIT,risk_unit == 0 or non-finite,NQZ18-CME,14740011,2018-10-26 19:16:46.030000+00:00,6826.25,{'stop_loss_price': 6826.25}
INVALID_RISK_UNIT,risk_unit == 0 or non-finite,NQZ18-CME,14759234,2018-10-26 19:30:01.023000+00:00,6844.5,{'stop_loss_price': 6844.5}
INVALID_RISK_UNIT,risk_unit == 0 or non-finite,NQZ18-CME,14759235,2018-10-26 19:30:01.024000+00:00,6844.5,{'stop_loss_price': 6844.5}
INVALID_RISK_UNIT,risk_unit == 0 or non-finite,NQZ18-CME,14767193,2018-10-26 19:35:43.011000+00:00,6828.0,{'stop_loss_price': 6828.0}
INVALID_RISK_UNIT,risk_unit == 0 or non-finite,NQZ18-CME,14767194,2018-10-26 19:35:43.012000+00:00,6828.0,{'stop_loss_price': 6828.0}
INVALID_RISK_UNIT,risk_unit == 0 or non-finite,NQZ18-CME,14767195,2018-10-26 19:35:43.013000+00:00,6828.0,{'stop_loss_price': 6828.0}
INVALID_RISK_UNIT,risk_unit == 0 or non-finite,NQZ18-CME,14767196,2018-10-26 19:35:43.014000+00:00,6828.0,{'stop_loss_price': 6828.0}
INVALID_RISK_UNIT,risk_unit == 0 or non-finite,NQZ18-CME,14767197,2018-10-26 19:35:43.015000+00:00,6828.0,{'stop_loss_price': 6828.0}
INVALID_RISK_UNIT,risk_unit == 0 or non-finite,NQZ18-CME,14767198,2018-10-26 19:35:43.016000+00:00,6828.0,{'stop_loss_price': 6828.0}
INVALID_RISK_UNIT,risk_unit == 0 or non-finite,NQZ18-CME,14767199,2018-10-26 19:35:43.017000+00:00,6828.0,{'stop_loss_price': 6828.0}
INVALID_RISK_UNIT,risk_unit == 0 or non-finite,NQZ18-CME,14767200,2018-10-26 19:35:43.018000+00:00,6828.0,{'stop_loss_price': 6828.0}
INVALID_RISK_UNIT,risk_unit == 0 or non-finite,NQZ18-CME,14826043,2018-10-26 20:00:38.084000+00:00,6857.25,{'stop_loss_price': 6857.25}
INVALID_RISK_UNIT,risk_unit == 0 or non-finite,NQZ18-CME,14876135,2018-10-29 04:49:57+00:00,6914.75,{'stop_loss_price': 6914.75}
INVALID_RISK_UNIT,risk_unit == 0 or non-finite,NQZ18-CME,14905415,2018-10-29 09:33:13.002000+00:00,6933.25,{'stop_loss_price': 6933.25}
INVALID_RISK_UNIT,risk_unit == 0 or non-finite,NQZ18-CME,14905416,2018-10-29 09:33:13.003000+00:00,6933.25,{'stop_loss_price': 6933.25}
INVALID_RISK_UNIT,risk_unit == 0 or non-finite,NQZ18-CME,14905417,2018-10-29 09:33:13.004000+00:00,6933.25,{'stop_loss_price': 6933.25}
INVALID_RISK_UNIT,risk_unit == 0 or non-finite,NQZ18-CME,14916753,2018-10-29 10:09:49+00:00,6954.75,{'stop_loss_price': 6954.75}
INVALID_RISK_UNIT,risk_unit == 0 or non-finite,NQZ18-CME,14953434,2018-10-29 12:22:15.001000+00:00,6974.25,{'stop_loss_price': 6974.25}
INVALID_RISK_UNIT,risk_unit == 0 or non-finite,NQZ18-CME,14953435,2018-10-29 12:22:15.002000+00:00,6974.25,{'stop_loss_price': 6974.25}
INVALID_RISK_UNIT,risk_unit == 0 or non-finite,NQZ18-CME,14954465,2018-10-29 12:25:46+00:00,6975.75,{'stop_loss_price': 6975.75}
INVALID_RISK_UNIT,risk_unit == 0 or non-finite,NQZ18-CME,14978146,2018-10-29 13:31:33.008000+00:00,6960.0,{'stop_loss_price': 6960.0}
INVALID_RISK_UNIT,risk_unit == 0 or non-finite,NQZ18-CME,14996194,2018-10-29 13:38:56.021000+00:00,6955.5,{'stop_loss_price': 6955.5}
INVALID_RISK_UNIT,risk_unit == 0 or non-finite,NQZ18-CME,15007439,2018-10-29 13:44:09.014000+00:00,6934.25,{'stop_loss_price': 6934.25}
INVALID_RISK_UNIT,risk_unit == 0 or non-finite,NQZ18-CME,15030195,2018-10-29 13:56:28.001000+00:00,6937.0,{'stop_loss_price': 6937.0}
INVALID_RISK_UNIT,risk_unit == 0 or non-finite,NQZ18-CME,15030196,2018-10-29 13:56:28.002000+00:00,6937.0,{'stop_loss_price': 6937.0}
INVALID_RISK_UNIT,risk_unit == 0 or non-finite,NQZ18-CME,15030198,2018-10-29 13:56:28.004000+00:00,6937.0,{'stop_loss_price': 6937.0}
INVALID_RISK_UNIT,risk_unit == 0 or non-finite,NQZ18-CME,15030758,2018-10-29 13:56:52.006000+00:00,6934.75,{'stop_loss_price': 6934.75}
INVALID_RISK_UNIT,risk_unit == 0 or non-finite,NQZ18-CME,15032734,2018-10-29 13:58:23.014000+00:00,6944.75,{'stop_loss_price': 6944.75}
INVALID_RISK_UNIT,risk_unit == 0 or non-finite,NQZ18-CME,15137648,2018-10-29 15:23:19+00:00,6881.25,{'stop_loss_price': 6881.25}
INVALID_RISK_UNIT,risk_unit == 0 or non-finite,NQZ18-CME,15137649,2018-10-29 15:23:19.001000+00:00,6881.25,{'stop_loss_price': 6881.25}
INVALID_RISK_UNIT,risk_unit == 0 or non-finite,NQZ18-CME,15137650,2018-10-29 15:23:19.002000+00:00,6881.25,{'stop_loss_price': 6881.25}
INVALID_RISK_UNIT,risk_unit == 0 or non-finite,NQZ18-CME,15137651,2018-10-29 15:23:19.003000+00:00,6881.25,{'stop_loss_price': 6881.25}
INVALID_RISK_UNIT,risk_unit == 0 or non-finite,NQZ18-CME,15137652,2018-10-29 15:23:19.004000+00:00,6881.25,{'stop_loss_price': 6881.25}
INVALID_RISK_UNIT,risk_unit == 0 or non-finite,NQZ18-CME,15173708,2018-10-29 15:55:19.015000+00:00,6880.5,{'stop_loss_price': 6880.5}
INVALID_RISK_UNIT,risk_unit == 0 or non-finite,NQZ18-CME,15174578,2018-10-29 15:56:14.003000+00:00,6877.5,{'stop_loss_price': 6877.5}
INVALID_RISK_UNIT,risk_unit == 0 or non-finite,NQZ18-CME,15188168,2018-10-29 16:02:32.037000+00:00,6852.25,{'stop_loss_price': 6852.25}
INVALID_RISK_UNIT,risk_unit == 0 or non-finite,NQZ18-CME,15188169,2018-10-29 16:02:32.038000+00:00,6852.25,{'stop_loss_price': 6852.25}
INVALID_RISK_UNIT,risk_unit == 0 or non-finite,NQZ18-CME,15188170,2018-10-29 16:02:32.039000+00:00,6852.25,{'stop_loss_price': 6852.25}
INVALID_RISK_UNIT,risk_unit == 0 or non-finite,NQZ18-CME,15188171,2018-10-29 16:02:32.040000+00:00,6852.25,{'stop_loss_price': 6852.25}
INVALID_RISK_UNIT,risk_unit == 0 or non-finite,NQZ18-CME,15200825,2018-10-29 16:09:22.011000+00:00,6837.5,{'stop_loss_price': 6837.5}
INVALID_RISK_UNIT,risk_unit == 0 or non-finite,NQZ18-CME,15200826,2018-10-29 16:09:22.012000+00:00,6837.5,{'stop_loss_price': 6837.5}
INVALID_RISK_UNIT,risk_unit == 0 or non-finite,NQZ18-CME,15200828,2018-10-29 16:09:22.014000+00:00,6837.5,{'stop_loss_price': 6837.5}
INVALID_RISK_UNIT,risk_unit == 0 or non-finite,NQZ18-CME,15255295,2018-10-29 16:41:51.003000+00:00,6832.0,{'stop_loss_price': 6832.0}
INVALID_RISK_UNIT,risk_unit == 0 or non-finite,NQZ18-CME,15255296,2018-10-29 16:41:51.004000+00:00,6832.0,{'stop_loss_price': 6832.0}
INVALID_RISK_UNIT,risk_unit == 0 or non-finite,NQZ18-CME,15255297,2018-10-29 16:41:51.005000+00:00,6832.0,{'stop_loss_price': 6832.0}
INVALID_RISK_UNIT,risk_unit == 0 or non-finite,NQZ18-CME,15309852,2018-10-29 17:32:57.006000+00:00,6839.5,{'stop_loss_price': 6839.5}
INVALID_RISK_UNIT,risk_unit == 0 or non-finite,NQZ18-CME,15309853,2018-10-29 17:32:57.007000+00:00,6839.5,{'stop_loss_price': 6839.5}
INVALID_RISK_UNIT,risk_unit == 0 or non-finite,NQZ18-CME,15309854,2018-10-29 17:32:57.008000+00:00,6839.5,{'stop_loss_price': 6839.5}
INVALID_RISK_UNIT,risk_unit == 0 or non-finite,NQZ18-CME,15348348,2018-10-29 18:09:53.003000+00:00,6811.25,{'stop_loss_price': 6811.25}
INVALID_RISK_UNIT,risk_unit == 0 or non-finite,NQZ18-CME,15401356,2018-10-29 18:42:09.169000+00:00,6773.75,{'stop_loss_price': 6773.75}
INVALID_RISK_UNIT,risk_unit == 0 or non-finite,NQZ18-CME,15401357,2018-10-29 18:42:09.170000+00:00,6773.75,{'stop_loss_price': 6773.75}
INVALID_RISK_UNIT,risk_unit == 0 or non-finite,NQZ18-CME,15401358,2018-10-29 18:42:09.171000+00:00,6773.75,{'stop_loss_price': 6773.75}
INVALID_RISK_UNIT,risk_unit == 0 or non-finite,NQZ18-CME,15401359,2018-10-29 18:42:09.172000+00:00,6773.75,{'stop_loss_price': 6773.75}
INVALID_RISK_UNIT,risk_unit == 0 or non-finite,NQZ18-CME,15432788,2018-10-29 19:03:20.038000+00:00,6721.5,{'stop_loss_price': 6721.5}
INVALID_RISK_UNIT,risk_unit == 0 or non-finite,NQZ18-CME,15470305,2018-10-29 19:21:35.001000+00:00,6668.0,{'stop_loss_price': 6668.0}
INVALID_RISK_UNIT,risk_unit == 0 or non-finite,NQZ18-CME,15482813,2018-10-29 19:28:19.015000+00:00,6671.25,{'stop_loss_price': 6671.25}
INVALID_RISK_UNIT,risk_unit == 0 or non-finite,NQZ18-CME,15551609,2018-10-29 19:53:16+00:00,6696.75,{'stop_loss_price': 6696.75}
INVALID_RISK_UNIT,risk_unit == 0 or non-finite,NQZ18-CME,15554708,2018-10-29 19:54:20.007000+00:00,6680.0,{'stop_loss_price': 6680.0}
INVALID_RISK_UNIT,risk_unit == 0 or non-finite,NQZ18-CME,15557920,2018-10-29 19:55:17.027000+00:00,6688.25,{'stop_loss_price': 6688.25}
INVALID_RISK_UNIT,risk_unit == 0 or non-finite,NQZ18-CME,15579776,2018-10-29 20:00:55.010000+00:00,6720.75,{'stop_loss_price': 6720.75}
INVALID_RISK_UNIT,risk_unit == 0 or non-finite,NQZ18-CME,15651815,2018-10-30 07:22:25+00:00,6788.75,{'stop_loss_price': 6788.75}
INVALID_RISK_UNIT,risk_unit == 0 or non-finite,NQZ18-CME,15666706,2018-10-30 08:59:14.002000+00:00,6772.75,{'stop_loss_price': 6772.75}
INVALID_RISK_UNIT,risk_unit == 0 or non-finite,NQZ18-CME,15666707,2018-10-30 08:59:15+00:00,6772.75,{'stop_loss_price': 6772.75}
INVALID_RISK_UNIT,risk_unit == 0 or non-finite,NQZ18-CME,15666708,2018-10-30 08:59:15.001000+00:00,6772.75,{'stop_loss_price': 6772.75}
INVALID_RISK_UNIT,risk_unit == 0 or non-finite,NQZ18-CME,15669709,2018-10-30 09:10:12.005000+00:00,6757.25,{'stop_loss_price': 6757.25}
INVALID_RISK_UNIT,risk_unit == 0 or non-finite,NQZ18-CME,15676256,2018-10-30 09:26:20.008000+00:00,6730.75,{'stop_loss_price': 6730.75}
INVALID_RISK_UNIT,risk_unit == 0 or non-finite,NQZ18-CME,15676257,2018-10-30 09:26:20.009000+00:00,6730.75,{'stop_loss_price': 6730.75}
INVALID_RISK_UNIT,risk_unit == 0 or non-finite,NQZ18-CME,15676258,2018-10-30 09:26:20.010000+00:00,6730.75,{'stop_loss_price': 6730.75}
INVALID_RISK_UNIT,risk_unit == 0 or non-finite,NQZ18-CME,15676259,2018-10-30 09:26:20.011000+00:00,6730.75,{'stop_loss_price': 6730.75}
INVALID_RISK_UNIT,risk_unit == 0 or non-finite,NQZ18-CME,15676260,2018-10-30 09:26:20.012000+00:00,6730.75,{'stop_loss_price': 6730.75}
INVALID_RISK_UNIT,risk_unit == 0 or non-finite,NQZ18-CME,15676261,2018-10-30 09:26:20.013000+00:00,6730.75,{'stop_loss_price': 6730.75}
INVALID_RISK_UNIT,risk_unit == 0 or non-finite,NQZ18-CME,15676262,2018-10-30 09:26:20.014000+00:00,6730.75,{'stop_loss_price': 6730.75}
INVALID_RISK_UNIT,risk_unit == 0 or non-finite,NQZ18-CME,15681890,2018-10-30 09:45:49.004000+00:00,6751.75,{'stop_loss_price': 6751.75}
INVALID_RISK_UNIT,risk_unit == 0 or non-finite,NQZ18-CME,15763732,2018-10-30 13:32:42.001000+00:00,6718.0,{'stop_loss_price': 6718.0}
INVALID_RISK_UNIT,risk_unit == 0 or non-finite,NQZ18-CME,15763733,2018-10-30 13:32:42.002000+00:00,6718.0,{'stop_loss_price': 6718.0}
INVALID_RISK_UNIT,risk_unit == 0 or non-finite,NQZ18-CME,15763734,2018-10-30 13:32:42.003000+00:00,6718.0,{'stop_loss_price': 6718.0}
INVALID_RISK_UNIT,risk_unit == 0 or non-finite,NQZ18-CME,15763735,2018-10-30 13:32:42.004000+00:00,6718.0,{'stop_loss_price': 6718.0}
INVALID_RISK_UNIT,risk_unit == 0 or non-finite,NQZ18-CME,15763736,2018-10-30 13:32:42.005000+00:00,6718.0,{'stop_loss_price': 6718.0}
INVALID_RISK_UNIT,risk_unit == 0 or non-finite,NQZ18-CME,15763741,2018-10-30 13:32:42.010000+00:00,6718.0,{'stop_loss_price': 6718.0}
INVALID_RISK_UNIT,risk_unit == 0 or non-finite,NQZ18-CME,15768556,2018-10-30 13:34:13.056000+00:00,6698.0,{'stop_loss_price': 6698.0}
INVALID_RISK_UNIT,risk_unit == 0 or non-finite,NQZ18-CME,15768557,2018-10-30 13:34:13.057000+00:00,6698.0,{'stop_loss_price': 6698.0}
INVALID_RISK_UNIT,risk_unit == 0 or non-finite,NQZ18-CME,15792897,2018-10-30 13:41:40.073000+00:00,6731.25,{'stop_loss_price': 6731.25}
INVALID_RISK_UNIT,risk_unit == 0 or non-finite,NQZ18-CME,15794662,2018-10-30 13:42:16.005000+00:00,6723.75,{'stop_loss_price': 6723.75}
INVALID_RISK_UNIT,risk_unit == 0 or non-finite,NQZ18-CME,15803726,2018-10-30 13:46:00.198000+00:00,6724.75,{'stop_loss_price': 6724.75}
INVALID_RISK_UNIT,risk_unit == 0 or non-finite,NQZ18-CME,15803727,2018-10-30 13:46:00.199000+00:00,6724.75,{'stop_loss_price': 6724.75}
INVALID_RISK_UNIT,risk_unit == 0 or non-finite,NQZ18-CME,15803728,2018-10-30 13:46:00.200000+00:00,6724.75,{'stop_loss_price': 6724.75}
INVALID_RISK_UNIT,risk_unit == 0 or non-finite,NQZ18-CME,15803729,2018-10-30 13:46:00.201000+00:00,6724.75,{'stop_loss_price': 6724.75}
INVALID_RISK_UNIT,risk_unit == 0 or non-finite,NQZ18-CME,15813157,2018-10-30 13:50:31.078000+00:00,6735.0,{'stop_loss_price': 6735.0}
INVALID_RISK_UNIT,risk_unit == 0 or non-finite,NQZ18-CME,15829182,2018-10-30 13:56:17.026000+00:00,6775.0,{'stop_loss_price': 6775.0}
INVALID_RISK_UNIT,risk_unit == 0 or non-finite,NQZ18-CME,15907703,2018-10-30 14:40:11.002000+00:00,6719.5,{'stop_loss_price': 6719.5}
INVALID_RISK_UNIT,risk_unit == 0 or non-finite,NQZ18-CME,15927627,2018-10-30 14:51:39.052000+00:00,6735.25,{'stop_loss_price': 6735.25}
INVALID_RISK_UNIT,risk_unit == 0 or non-finite,NQZ18-CME,15960219,2018-10-30 15:12:29.032000+00:00,6742.25,{'stop_loss_price': 6742.25}
INVALID_RISK_UNIT,risk_unit == 0 or non-finite,NQZ18-CME,15960220,2018-10-30 15:12:29.033000+00:00,6742.25,{'stop_loss_price': 6742.25}
INVALID_RISK_UNIT,risk_unit == 0 or non-finite,NQZ18-CME,15964561,2018-10-30 15:15:25.021000+00:00,6720.0,{'stop_loss_price': 6720.0}
INVALID_RISK_UNIT,risk_unit == 0 or non-finite,NQZ18-CME,15964562,2018-10-30 15:15:25.022000+00:00,6720.0,{'stop_loss_price': 6720.0}
INVALID_RISK_UNIT,risk_unit == 0 or non-finite,NQZ18-CME,15996249,2018-10-30 15:36:25.124000+00:00,6792.75,{'stop_loss_price': 6792.75}
INVALID_RISK_UNIT,risk_unit == 0 or non-finite,NQZ18-CME,15996250,2018-10-30 15:36:25.125000+00:00,6792.75,{'stop_loss_price': 6792.75}
INVALID_RISK_UNIT,risk_unit == 0 or non-finite,NQZ18-CME,15996251,2018-10-30 15:36:25.126000+00:00,6792.75,{'stop_loss_price': 6792.75}
INVALID_RISK_UNIT,risk_unit == 0 or non-finite,NQZ18-CME,15996252,2018-10-30 15:36:25.127000+00:00,6792.75,{'stop_loss_price': 6792.75}
INVALID_RISK_UNIT,risk_unit == 0 or non-finite,NQZ18-CME,15996253,2018-10-30 15:36:25.128000+00:00,6792.75,{'stop_loss_price': 6792.75}
INVALID_RISK_UNIT,risk_unit == 0 or non-finite,NQZ18-CME,16058593,2018-10-30 16:31:33.006000+00:00,6758.0,{'stop_loss_price': 6758.0}
INVALID_RISK_UNIT,risk_unit == 0 or non-finite,NQZ18-CME,16058939,2018-10-30 16:32:02.010000+00:00,6754.25,{'stop_loss_price': 6754.25}
INVALID_RISK_UNIT,risk_unit == 0 or non-finite,NQZ18-CME,16058940,2018-10-30 16:32:02.011000+00:00,6754.25,{'stop_loss_price': 6754.25}
INVALID_RISK_UNIT,risk_unit == 0 or non-finite,NQZ18-CME,16058941,2018-10-30 16:32:02.012000+00:00,6754.25,{'stop_loss_price': 6754.25}
INVALID_RISK_UNIT,risk_unit == 0 or non-finite,NQZ18-CME,16058942,2018-10-30 16:32:02.013000+00:00,6754.25,{'stop_loss_price': 6754.25}
INVALID_RISK_UNIT,risk_unit == 0 or non-finite,NQZ18-CME,16075984,2018-10-30 16:54:50+00:00,6767.0,{'stop_loss_price': 6767.0}
INVALID_RISK_UNIT,risk_unit == 0 or non-finite,NQZ18-CME,16085236,2018-10-30 17:02:48.005000+00:00,6741.0,{'stop_loss_price': 6741.0}
INVALID_RISK_UNIT,risk_unit == 0 or non-finite,NQZ18-CME,16085237,2018-10-30 17:02:48.006000+00:00,6741.0,{'stop_loss_price': 6741.0}
INVALID_RISK_UNIT,risk_unit == 0 or non-finite,NQZ18-CME,16085240,2018-10-30 17:02:49+00:00,6741.0,{'stop_loss_price': 6741.0}
INVALID_RISK_UNIT,risk_unit == 0 or non-finite,NQZ18-CME,16090928,2018-10-30 17:09:53+00:00,6731.75,{'stop_loss_price': 6731.75}
INVALID_RISK_UNIT,risk_unit == 0 or non-finite,NQZ18-CME,16119490,2018-10-30 17:34:09.011000+00:00,6681.25,{'stop_loss_price': 6681.25}
INVALID_RISK_UNIT,risk_unit == 0 or non-finite,NQZ18-CME,16119491,2018-10-30 17:34:09.012000+00:00,6681.25,{'stop_loss_price': 6681.25}
INVALID_RISK_UNIT,risk_unit == 0 or non-finite,NQZ18-CME,16119492,2018-10-30 17:34:09.013000+00:00,6681.25,{'stop_loss_price': 6681.25}
INVALID_RISK_UNIT,risk_unit == 0 or non-finite,NQZ18-CME,16138252,2018-10-30 17:53:14+00:00,6727.0,{'stop_loss_price': 6727.0}
INVALID_RISK_UNIT,risk_unit == 0 or non-finite,NQZ18-CME,16163706,2018-10-30 18:19:29.001000+00:00,6717.0,{'stop_loss_price': 6717.0}
INVALID_RISK_UNIT,risk_unit == 0 or non-finite,NQZ18-CME,16183044,2018-10-30 18:37:42.002000+00:00,6732.75,{'stop_loss_price': 6732.75}
INVALID_RISK_UNIT,risk_unit == 0 or non-finite,NQZ18-CME,16253795,2018-10-30 19:41:33.009000+00:00,6793.25,{'stop_loss_price': 6793.25}
INVALID_RISK_UNIT,risk_unit == 0 or non-finite,NQZ18-CME,16267796,2018-10-30 19:55:05.067000+00:00,6812.75,{'stop_loss_price': 6812.75}
INVALID_RISK_UNIT,risk_unit == 0 or non-finite,NQZ18-CME,16273227,2018-10-30 19:58:32.047000+00:00,6823.5,{'stop_loss_price': 6823.5}
INVALID_RISK_UNIT,risk_unit == 0 or non-finite,NQZ18-CME,16273228,2018-10-30 19:58:32.048000+00:00,6823.5,{'stop_loss_price': 6823.5}
INVALID_RISK_UNIT,risk_unit == 0 or non-finite,NQZ18-CME,16273229,2018-10-30 19:58:32.049000+00:00,6823.5,{'stop_loss_price': 6823.5}
INVALID_RISK_UNIT,risk_unit == 0 or non-finite,NQZ18-CME,16273230,2018-10-30 19:58:32.050000+00:00,6823.5,{'stop_loss_price': 6823.5}
INVALID_RISK_UNIT,risk_unit == 0 or non-finite,NQZ18-CME,16273231,2018-10-30 19:58:32.051000+00:00,6823.5,{'stop_loss_price': 6823.5}
INVALID_RISK_UNIT,risk_unit == 0 or non-finite,NQZ18-CME,16300959,2018-10-30 22:15:10+00:00,6845.25,{'stop_loss_price': 6845.25}
INVALID_RISK_UNIT,risk_unit == 0 or non-finite,NQZ18-CME,16305209,2018-10-31 00:00:59.011000+00:00,6830.75,{'stop_loss_price': 6830.75}
INVALID_RISK_UNIT,risk_unit == 0 or non-finite,NQZ18-CME,16338734,2018-10-31 04:45:16+00:00,6841.25,{'stop_loss_price': 6841.25}
INVALID_RISK_UNIT,risk_unit == 0 or non-finite,NQZ18-CME,16338735,2018-10-31 04:45:16.001000+00:00,6841.25,{'stop_loss_price': 6841.25}
INVALID_RISK_UNIT,risk_unit == 0 or non-finite,NQZ18-CME,16403722,2018-10-31 12:22:20.011000+00:00,6922.25,{'stop_loss_price': 6922.25}
INVALID_RISK_UNIT,risk_unit == 0 or non-finite,NQZ18-CME,16403723,2018-10-31 12:22:20.012000+00:00,6922.25,{'stop_loss_price': 6922.25}
INVALID_RISK_UNIT,risk_unit == 0 or non-finite,NQZ18-CME,16403724,2018-10-31 12:22:20.013000+00:00,6922.25,{'stop_loss_price': 6922.25}
INVALID_RISK_UNIT,risk_unit == 0 or non-finite,NQZ18-CME,16440566,2018-10-31 13:34:35.022000+00:00,6938.5,{'stop_loss_price': 6938.5}
INVALID_RISK_UNIT,risk_unit == 0 or non-finite,NQZ18-CME,16446599,2018-10-31 13:36:50+00:00,6929.75,{'stop_loss_price': 6929.75}
INVALID_RISK_UNIT,risk_unit == 0 or non-finite,NQZ18-CME,16447896,2018-10-31 13:37:25.035000+00:00,6937.25,{'stop_loss_price': 6937.25}
INVALID_RISK_UNIT,risk_unit == 0 or non-finite,NQZ18-CME,16447897,2018-10-31 13:37:25.036000+00:00,6937.25,{'stop_loss_price': 6937.25}
INVALID_RISK_UNIT,risk_unit == 0 or non-finite,NQZ18-CME,16447898,2018-10-31 13:37:25.037000+00:00,6937.25,{'stop_loss_price': 6937.25}
INVALID_RISK_UNIT,risk_unit == 0 or non-finite,NQZ18-CME,16447899,2018-10-31 13:37:25.038000+00:00,6937.25,{'stop_loss_price': 6937.25}
INVALID_RISK_UNIT,risk_unit == 0 or non-finite,NQZ18-CME,16447900,2018-10-31 13:37:25.039000+00:00,6937.25,{'stop_loss_price': 6937.25}
INVALID_RISK_UNIT,risk_unit == 0 or non-finite,NQZ18-CME,16447901,2018-10-31 13:37:25.040000+00:00,6937.25,{'stop_loss_price': 6937.25}
INVALID_RISK_UNIT,risk_unit == 0 or non-finite,NQZ18-CME,16447902,2018-10-31 13:37:26+00:00,6937.25,{'stop_loss_price': 6937.25}
INVALID_RISK_UNIT,risk_unit == 0 or non-finite,NQZ18-CME,16498778,2018-10-31 14:03:16.002000+00:00,6986.25,{'stop_loss_price': 6986.25}
INVALID_RISK_UNIT,risk_unit == 0 or non-finite,NQZ18-CME,16498779,2018-10-31 14:03:16.003000+00:00,6986.25,{'stop_loss_price': 6986.25}
INVALID_RISK_UNIT,risk_unit == 0 or non-finite,NQZ18-CME,16498780,2018-10-31 14:03:16.004000+00:00,6986.25,{'stop_loss_price': 6986.25}
INVALID_RISK_UNIT,risk_unit == 0 or non-finite,NQZ18-CME,16556197,2018-10-31 14:46:33.026000+00:00,7001.75,{'stop_loss_price': 7001.75}
INVALID_RISK_UNIT,risk_unit == 0 or non-finite,NQZ18-CME,16574182,2018-10-31 14:58:38.032000+00:00,6978.75,{'stop_loss_price': 6978.75}
INVALID_RISK_UNIT,risk_unit == 0 or non-finite,NQZ18-CME,16574183,2018-10-31 14:58:38.033000+00:00,6978.75,{'stop_loss_price': 6978.75}
INVALID_RISK_UNIT,risk_unit == 0 or non-finite,NQZ18-CME,16574184,2018-10-31 14:58:38.034000+00:00,6978.75,{'stop_loss_price': 6978.75}
INVALID_RISK_UNIT,risk_unit == 0 or non-finite,NQZ18-CME,16574185,2018-10-31 14:58:38.035000+00:00,6978.75,{'stop_loss_price': 6978.75}
INVALID_RISK_UNIT,risk_unit == 0 or non-finite,NQZ18-CME,16574186,2018-10-31 14:58:38.036000+00:00,6978.75,{'stop_loss_price': 6978.75}
INVALID_RISK_UNIT,risk_unit == 0 or non-finite,NQZ18-CME,16574187,2018-10-31 14:58:38.037000+00:00,6978.75,{'stop_loss_price': 6978.75}
INVALID_RISK_UNIT,risk_unit == 0 or non-finite,NQZ18-CME,16578233,2018-10-31 15:02:12.002000+00:00,6987.25,{'stop_loss_price': 6987.25}
INVALID_RISK_UNIT,risk_unit == 0 or non-finite,NQZ18-CME,16578234,2018-10-31 15:02:12.003000+00:00,6987.25,{'stop_loss_price': 6987.25}
INVALID_RISK_UNIT,risk_unit == 0 or non-finite,NQZ18-CME,16578235,2018-10-31 15:02:12.004000+00:00,6987.25,{'stop_loss_price': 6987.25}
INVALID_RISK_UNIT,risk_unit == 0 or non-finite,NQZ18-CME,16578236,2018-10-31 15:02:12.005000+00:00,6987.25,{'stop_loss_price': 6987.25}
INVALID_RISK_UNIT,risk_unit == 0 or non-finite,NQZ18-CME,16578237,2018-10-31 15:02:12.006000+00:00,6987.25,{'stop_loss_price': 6987.25}
INVALID_RISK_UNIT,risk_unit == 0 or non-finite,NQZ18-CME,16583334,2018-10-31 15:04:32.046000+00:00,6962.75,{'stop_loss_price': 6962.75}
INVALID_RISK_UNIT,risk_unit == 0 or non-finite,NQZ18-CME,16583335,2018-10-31 15:04:32.047000+00:00,6962.75,{'stop_loss_price': 6962.75}
INVALID_RISK_UNIT,risk_unit == 0 or non-finite,NQZ18-CME,16583336,2018-10-31 15:04:32.048000+00:00,6962.75,{'stop_loss_price': 6962.75}
INVALID_RISK_UNIT,risk_unit == 0 or non-finite,NQZ18-CME,16657587,2018-10-31 15:59:41.018000+00:00,6961.75,{'stop_loss_price': 6961.75}
INVALID_RISK_UNIT,risk_unit == 0 or non-finite,NQZ18-CME,16701831,2018-10-31 16:38:47+00:00,6985.5,{'stop_loss_price': 6985.5}
INVALID_RISK_UNIT,risk_unit == 0 or non-finite,NQZ18-CME,16701832,2018-10-31 16:38:47.001000+00:00,6985.5,{'stop_loss_price': 6985.5}
INVALID_RISK_UNIT,risk_unit == 0 or non-finite,NQZ18-CME,16701833,2018-10-31 16:38:47.002000+00:00,6985.5,{'stop_loss_price': 6985.5}
INVALID_RISK_UNIT,risk_unit == 0 or non-finite,NQZ18-CME,16701834,2018-10-31 16:38:47.003000+00:00,6985.5,{'stop_loss_price': 6985.5}
INVALID_RISK_UNIT,risk_unit == 0 or non-finite,NQZ18-CME,16701835,2018-10-31 16:38:47.004000+00:00,6985.5,{'stop_loss_price': 6985.5}
INVALID_RISK_UNIT,risk_unit == 0 or non-finite,NQZ18-CME,16749674,2018-10-31 17:32:48.003000+00:00,7009.5,{'stop_loss_price': 7009.5}
INVALID_RISK_UNIT,risk_unit == 0 or non-finite,NQZ18-CME,16749675,2018-10-31 17:32:48.004000+00:00,7009.5,{'stop_loss_price': 7009.5}
INVALID_RISK_UNIT,risk_unit == 0 or non-finite,NQZ18-CME,16749676,2018-10-31 17:32:48.005000+00:00,7009.5,{'stop_loss_price': 7009.5}
INVALID_RISK_UNIT,risk_unit == 0 or non-finite,NQZ18-CME,16749679,2018-10-31 17:32:50+00:00,7009.5,{'stop_loss_price': 7009.5}
INVALID_RISK_UNIT,risk_unit == 0 or non-finite,NQZ18-CME,16749680,2018-10-31 17:32:50.001000+00:00,7009.5,{'stop_loss_price': 7009.5}
INVALID_RISK_UNIT,risk_unit == 0 or non-finite,NQZ18-CME,16750254,2018-10-31 17:33:08.007000+00:00,7006.25,{'stop_loss_price': 7006.25}
INVALID_RISK_UNIT,risk_unit == 0 or non-finite,NQZ18-CME,16758460,2018-10-31 17:42:53.011000+00:00,7005.5,{'stop_loss_price': 7005.5}
INVALID_RISK_UNIT,risk_unit == 0 or non-finite,NQZ18-CME,16758461,2018-10-31 17:42:53.012000+00:00,7005.5,{'stop_loss_price': 7005.5}
INVALID_RISK_UNIT,risk_unit == 0 or non-finite,NQZ18-CME,16758462,2018-10-31 17:42:53.013000+00:00,7005.5,{'stop_loss_price': 7005.5}
INVALID_RISK_UNIT,risk_unit == 0 or non-finite,NQZ18-CME,16758463,2018-10-31 17:42:53.014000+00:00,7005.5,{'stop_loss_price': 7005.5}
INVALID_RISK_UNIT,risk_unit == 0 or non-finite,NQZ18-CME,16758464,2018-10-31 17:42:53.015000+00:00,7005.5,{'stop_loss_price': 7005.5}
INVALID_RISK_UNIT,risk_unit == 0 or non-finite,NQZ18-CME,16758465,2018-10-31 17:42:53.016000+00:00,7005.5,{'stop_loss_price': 7005.5}
INVALID_RISK_UNIT,risk_unit == 0 or non-finite,NQZ18-CME,16758466,2018-10-31 17:42:53.017000+00:00,7005.5,{'stop_loss_price': 7005.5}
INVALID_RISK_UNIT,risk_unit == 0 or non-finite,NQZ18-CME,16758467,2018-10-31 17:42:53.018000+00:00,7005.5,{'stop_loss_price': 7005.5}
INVALID_RISK_UNIT,risk_unit == 0 or non-finite,NQZ18-CME,16758468,2018-10-31 17:42:53.019000+00:00,7005.5,{'stop_loss_price': 7005.5}
INVALID_RISK_UNIT,risk_unit == 0 or non-finite,NQZ18-CME,16758469,2018-10-31 17:42:53.020000+00:00,7005.5,{'stop_loss_price': 7005.5}
INVALID_RISK_UNIT,risk_unit == 0 or non-finite,NQZ18-CME,16769557,2018-10-31 17:54:49.004000+00:00,7009.5,{'stop_loss_price': 7009.5}
INVALID_RISK_UNIT,risk_unit == 0 or non-finite,NQZ18-CME,16799960,2018-10-31 18:30:48.001000+00:00,7022.75,{'stop_loss_price': 7022.75}
INVALID_RISK_UNIT,risk_unit == 0 or non-finite,NQZ18-CME,16799961,2018-10-31 18:30:48.002000+00:00,7022.75,{'stop_loss_price': 7022.75}
INVALID_RISK_UNIT,risk_unit == 0 or non-finite,NQZ18-CME,16818278,2018-10-31 18:49:17.006000+00:00,7008.25,{'stop_loss_price': 7008.25}
INVALID_RISK_UNIT,risk_unit == 0 or non-finite,NQZ18-CME,16818279,2018-10-31 18:49:17.007000+00:00,7008.25,{'stop_loss_price': 7008.25}
INVALID_RISK_UNIT,risk_unit == 0 or non-finite,NQZ18-CME,16818280,2018-10-31 18:49:17.008000+00:00,7008.25,{'stop_loss_price': 7008.25}
INVALID_RISK_UNIT,risk_unit == 0 or non-finite,NQZ18-CME,16818281,2018-10-31 18:49:17.009000+00:00,7008.25,{'stop_loss_price': 7008.25}
INVALID_RISK_UNIT,risk_unit == 0 or non-finite,NQZ18-CME,16818282,2018-10-31 18:49:17.010000+00:00,7008.25,{'stop_loss_price': 7008.25}
INVALID_RISK_UNIT,risk_unit == 0 or non-finite,NQZ18-CME,16893575,2018-10-31 19:53:50.015000+00:00,6987.0,{'stop_loss_price': 6987.0}
INVALID_RISK_UNIT,risk_unit == 0 or non-finite,NQZ18-CME,16906684,2018-10-31 19:59:30.160000+00:00,6980.5,{'stop_loss_price': 6980.5}
INVALID_RISK_UNIT,risk_unit == 0 or non-finite,NQZ18-CME,16926614,2018-10-31 20:12:31.052000+00:00,6965.75,{'stop_loss_price': 6965.75}
INVALID_RISK_UNIT,risk_unit == 0 or non-finite,NQZ18-CME,16933250,2018-10-31 22:48:18+00:00,6967.25,{'stop_loss_price': 6967.25}
INVALID_RISK_UNIT,risk_unit == 0 or non-finite,NQZ18-CME,16946948,2018-11-01 01:52:34.008000+00:00,6995.5,{'stop_loss_price': 6995.5}
INVALID_RISK_UNIT,risk_unit == 0 or non-finite,NQZ18-CME,16946949,2018-11-01 01:52:34.009000+00:00,6995.5,{'stop_loss_price': 6995.5}
INVALID_RISK_UNIT,risk_unit == 0 or non-finite,NQZ18-CME,16946950,2018-11-01 01:52:34.010000+00:00,6995.5,{'stop_loss_price': 6995.5}
INVALID_RISK_UNIT,risk_unit == 0 or non-finite,NQZ18-CME,16946951,2018-11-01 01:52:34.011000+00:00,6995.5,{'stop_loss_price': 6995.5}
INVALID_RISK_UNIT,risk_unit == 0 or non-finite,NQZ18-CME,16953067,2018-11-01 02:24:44.021000+00:00,6999.5,{'stop_loss_price': 6999.5}
INVALID_RISK_UNIT,risk_unit == 0 or non-finite,NQZ18-CME,16953068,2018-11-01 02:24:44.022000+00:00,6999.5,{'stop_loss_price': 6999.5}
INVALID_RISK_UNIT,risk_unit == 0 or non-finite,NQZ18-CME,16953069,2018-11-01 02:24:44.023000+00:00,6999.5,{'stop_loss_price': 6999.5}
INVALID_RISK_UNIT,risk_unit == 0 or non-finite,NQZ18-CME,16953070,2018-11-01 02:24:44.024000+00:00,6999.5,{'stop_loss_price': 6999.5}
INVALID_RISK_UNIT,risk_unit == 0 or non-finite,NQZ18-CME,16953071,2018-11-01 02:24:44.025000+00:00,6999.5,{'stop_loss_price': 6999.5}
INVALID_RISK_UNIT,risk_unit == 0 or non-finite,NQZ18-CME,16962410,2018-11-01 04:29:31+00:00,6989.25,{'stop_loss_price': 6989.25}
INVALID_RISK_UNIT,risk_unit == 0 or non-finite,NQZ18-CME,16962411,2018-11-01 04:29:31.001000+00:00,6989.25,{'stop_loss_price': 6989.25}
INVALID_RISK_UNIT,risk_unit == 0 or non-finite,NQZ18-CME,16962412,2018-11-01 04:29:31.002000+00:00,6989.25,{'stop_loss_price': 6989.25}
INVALID_RISK_UNIT,risk_unit == 0 or non-finite,NQZ18-CME,16988939,2018-11-01 08:44:56.001000+00:00,6979.25,{'stop_loss_price': 6979.25}
INVALID_RISK_UNIT,risk_unit == 0 or non-finite,NQZ18-CME,17025934,2018-11-01 12:37:13.002000+00:00,6988.75,{'stop_loss_price': 6988.75}
INVALID_RISK_UNIT,risk_unit == 0 or non-finite,NQZ18-CME,17025935,2018-11-01 12:37:13.003000+00:00,6988.75,{'stop_loss_price': 6988.75}
INVALID_RISK_UNIT,risk_unit == 0 or non-finite,NQZ18-CME,17025936,2018-11-01 12:37:13.004000+00:00,6988.75,{'stop_loss_price': 6988.75}
INVALID_RISK_UNIT,risk_unit == 0 or non-finite,NQZ18-CME,17025937,2018-11-01 12:37:13.005000+00:00,6988.75,{'stop_loss_price': 6988.75}
INVALID_RISK_UNIT,risk_unit == 0 or non-finite,NQZ18-CME,17025938,2018-11-01 12:37:13.006000+00:00,6988.75,{'stop_loss_price': 6988.75}
INVALID_RISK_UNIT,risk_unit == 0 or non-finite,NQZ18-CME,17025939,2018-11-01 12:37:13.007000+00:00,6988.75,{'stop_loss_price': 6988.75}
INVALID_RISK_UNIT,risk_unit == 0 or non-finite,NQZ18-CME,17025940,2018-11-01 12:37:13.008000+00:00,6988.75,{'stop_loss_price': 6988.75}
INVALID_RISK_UNIT,risk_unit == 0 or non-finite,NQZ18-CME,17113198,2018-11-01 14:02:53.061000+00:00,6971.75,{'stop_loss_price': 6971.75}
INVALID_RISK_UNIT,risk_unit == 0 or non-finite,NQZ18-CME,17124997,2018-11-01 14:09:15.018000+00:00,6946.75,{'stop_loss_price': 6946.75}
INVALID_RISK_UNIT,risk_unit == 0 or non-finite,NQZ18-CME,17124998,2018-11-01 14:09:15.019000+00:00,6946.75,{'stop_loss_price': 6946.75}
INVALID_RISK_UNIT,risk_unit == 0 or non-finite,NQZ18-CME,17135646,2018-11-01 14:12:41.072000+00:00,6994.5,{'stop_loss_price': 6994.5}
INVALID_RISK_UNIT,risk_unit == 0 or non-finite,NQZ18-CME,17142362,2018-11-01 14:16:44.001000+00:00,6980.0,{'stop_loss_price': 6980.0}
INVALID_RISK_UNIT,risk_unit == 0 or non-finite,NQZ18-CME,17169595,2018-11-01 14:36:19.010000+00:00,7009.0,{'stop_loss_price': 7009.0}
INVALID_RISK_UNIT,risk_unit == 0 or non-finite,NQZ18-CME,17180214,2018-11-01 14:44:42.045000+00:00,7009.25,{'stop_loss_price': 7009.25}
INVALID_RISK_UNIT,risk_unit == 0 or non-finite,NQZ18-CME,17180215,2018-11-01 14:44:42.046000+00:00,7009.25,{'stop_loss_price': 7009.25}
INVALID_RISK_UNIT,risk_unit == 0 or non-finite,NQZ18-CME,17180216,2018-11-01 14:44:42.047000+00:00,7009.25,{'stop_loss_price': 7009.25}
INVALID_RISK_UNIT,risk_unit == 0 or non-finite,NQZ18-CME,17187689,2018-11-01 14:51:24.012000+00:00,7018.75,{'stop_loss_price': 7018.75}
INVALID_RISK_UNIT,risk_unit == 0 or non-finite,NQZ18-CME,17269045,2018-11-01 16:19:20.001000+00:00,7016.5,{'stop_loss_price': 7016.5}
INVALID_RISK_UNIT,risk_unit == 0 or non-finite,NQZ18-CME,17283297,2018-11-01 16:46:15.068000+00:00,7023.0,{'stop_loss_price': 7023.0}
INVALID_RISK_UNIT,risk_unit == 0 or non-finite,NQZ18-CME,17283298,2018-11-01 16:46:15.069000+00:00,7023.0,{'stop_loss_price': 7023.0}
INVALID_RISK_UNIT,risk_unit == 0 or non-finite,NQZ18-CME,17283299,2018-11-01 16:46:15.070000+00:00,7023.0,{'stop_loss_price': 7023.0}
INVALID_RISK_UNIT,risk_unit == 0 or non-finite,NQZ18-CME,17283302,2018-11-01 16:46:16.002000+00:00,7023.0,{'stop_loss_price': 7023.0}
INVALID_RISK_UNIT,risk_unit == 0 or non-finite,NQZ18-CME,17296498,2018-11-01 17:10:15.006000+00:00,7041.5,{'stop_loss_price': 7041.5}
INVALID_RISK_UNIT,risk_unit == 0 or non-finite,NQZ18-CME,17296499,2018-11-01 17:10:15.007000+00:00,7041.5,{'stop_loss_price': 7041.5}
INVALID_RISK_UNIT,risk_unit == 0 or non-finite,NQZ18-CME,17298227,2018-11-01 17:14:22+00:00,7053.25,{'stop_loss_price': 7053.25}
INVALID_RISK_UNIT,risk_unit == 0 or non-finite,NQZ18-CME,17298228,2018-11-01 17:14:22.001000+00:00,7053.25,{'stop_loss_price': 7053.25}
INVALID_RISK_UNIT,risk_unit == 0 or non-finite,NQZ18-CME,17299333,2018-11-01 17:15:55+00:00,7051.0,{'stop_loss_price': 7051.0}
INVALID_RISK_UNIT,risk_unit == 0 or non-finite,NQZ18-CME,17300767,2018-11-01 17:19:04.001000+00:00,7054.5,{'stop_loss_price': 7054.5}
INVALID_RISK_UNIT,risk_unit == 0 or non-finite,NQZ18-CME,17300768,2018-11-01 17:19:04.002000+00:00,7054.5,{'stop_loss_price': 7054.5}
INVALID_RISK_UNIT,risk_unit == 0 or non-finite,NQZ18-CME,17318258,2018-11-01 17:46:28+00:00,7069.0,{'stop_loss_price': 7069.0}
INVALID_RISK_UNIT,risk_unit == 0 or non-finite,NQZ18-CME,17318259,2018-11-01 17:46:28.001000+00:00,7069.0,{'stop_loss_price': 7069.0}
INVALID_RISK_UNIT,risk_unit == 0 or non-finite,NQZ18-CME,17318260,2018-11-01 17:46:28.002000+00:00,7069.0,{'stop_loss_price': 7069.0}
INVALID_RISK_UNIT,risk_unit == 0 or non-finite,NQZ18-CME,17318261,2018-11-01 17:46:28.003000+00:00,7069.0,{'stop_loss_price': 7069.0}
INVALID_RISK_UNIT,risk_unit == 0 or non-finite,NQZ18-CME,17318262,2018-11-01 17:46:28.004000+00:00,7069.0,{'stop_loss_price': 7069.0}
INVALID_RISK_UNIT,risk_unit == 0 or non-finite,NQZ18-CME,17337111,2018-11-01 18:18:05.006000+00:00,7057.75,{'stop_loss_price': 7057.75}
INVALID_RISK_UNIT,risk_unit == 0 or non-finite,NQZ18-CME,17352673,2018-11-01 18:55:24.014000+00:00,7062.0,{'stop_loss_price': 7062.0}
INVALID_RISK_UNIT,risk_unit == 0 or non-finite,NQZ18-CME,17352674,2018-11-01 18:55:24.015000+00:00,7062.0,{'stop_loss_price': 7062.0}
INVALID_RISK_UNIT,risk_unit == 0 or non-finite,NQZ18-CME,17352675,2018-11-01 18:55:24.016000+00:00,7062.0,{'stop_loss_price': 7062.0}
INVALID_RISK_UNIT,risk_unit == 0 or non-finite,NQZ18-CME,17421556,2018-11-01 22:37:09.004000+00:00,6998.25,{'stop_loss_price': 6998.25}
INVALID_RISK_UNIT,risk_unit == 0 or non-finite,NQZ18-CME,17421557,2018-11-01 22:37:09.005000+00:00,6998.25,{'stop_loss_price': 6998.25}
INVALID_RISK_UNIT,risk_unit == 0 or non-finite,NQZ18-CME,17421559,2018-11-01 22:37:09.007000+00:00,6998.25,{'stop_loss_price': 6998.25}
INVALID_RISK_UNIT,risk_unit == 0 or non-finite,NQZ18-CME,17428239,2018-11-01 23:58:33.001000+00:00,7014.5,{'stop_loss_price': 7014.5}
INVALID_RISK_UNIT,risk_unit == 0 or non-finite,NQZ18-CME,17428240,2018-11-01 23:58:33.002000+00:00,7014.5,{'stop_loss_price': 7014.5}
INVALID_RISK_UNIT,risk_unit == 0 or non-finite,NQZ18-CME,17428241,2018-11-01 23:58:34+00:00,7014.5,{'stop_loss_price': 7014.5}
INVALID_RISK_UNIT,risk_unit == 0 or non-finite,NQZ18-CME,17428242,2018-11-01 23:58:34.001000+00:00,7014.5,{'stop_loss_price': 7014.5}
INVALID_RISK_UNIT,risk_unit == 0 or non-finite,NQZ18-CME,17433659,2018-11-02 00:25:30.003000+00:00,7030.5,{'stop_loss_price': 7030.5}
INVALID_RISK_UNIT,risk_unit == 0 or non-finite,NQZ18-CME,17433660,2018-11-02 00:25:30.004000+00:00,7030.5,{'stop_loss_price': 7030.5}
INVALID_RISK_UNIT,risk_unit == 0 or non-finite,NQZ18-CME,17577719,2018-11-02 13:12:46+00:00,7030.5,{'stop_loss_price': 7030.5}
INVALID_RISK_UNIT,risk_unit == 0 or non-finite,NQZ18-CME,17606911,2018-11-02 13:35:08+00:00,7052.25,{'stop_loss_price': 7052.25}
INVALID_RISK_UNIT,risk_unit == 0 or non-finite,NQZ18-CME,17630244,2018-11-02 13:45:46.016000+00:00,7083.0,{'stop_loss_price': 7083.0}
INVALID_RISK_UNIT,risk_unit == 0 or non-finite,NQZ18-CME,17630245,2018-11-02 13:45:46.017000+00:00,7083.0,{'stop_loss_price': 7083.0}
INVALID_RISK_UNIT,risk_unit == 0 or non-finite,NQZ18-CME,17630246,2018-11-02 13:45:46.018000+00:00,7083.0,{'stop_loss_price': 7083.0}
INVALID_RISK_UNIT,risk_unit == 0 or non-finite,NQZ18-CME,17630247,2018-11-02 13:45:46.019000+00:00,7083.0,{'stop_loss_price': 7083.0}
INVALID_RISK_UNIT,risk_unit == 0 or non-finite,NQZ18-CME,17633355,2018-11-02 13:47:48+00:00,7079.25,{'stop_loss_price': 7079.25}
INVALID_RISK_UNIT,risk_unit == 0 or non-finite,NQZ18-CME,17648574,2018-11-02 13:57:40.016000+00:00,7041.0,{'stop_loss_price': 7041.0}
INVALID_RISK_UNIT,risk_unit == 0 or non-finite,NQZ18-CME,17648575,2018-11-02 13:57:40.017000+00:00,7041.0,{'stop_loss_price': 7041.0}
INVALID_RISK_UNIT,risk_unit == 0 or non-finite,NQZ18-CME,17661449,2018-11-02 14:04:27.007000+00:00,7022.75,{'stop_loss_price': 7022.75}
INVALID_RISK_UNIT,risk_unit == 0 or non-finite,NQZ18-CME,17661450,2018-11-02 14:04:27.008000+00:00,7022.75,{'stop_loss_price': 7022.75}
INVALID_RISK_UNIT,risk_unit == 0 or non-finite,NQZ18-CME,17661451,2018-11-02 14:04:27.009000+00:00,7022.75,{'stop_loss_price': 7022.75}
INVALID_RISK_UNIT,risk_unit == 0 or non-finite,NQZ18-CME,17661452,2018-11-02 14:04:27.010000+00:00,7022.75,{'stop_loss_price': 7022.75}
INVALID_RISK_UNIT,risk_unit == 0 or non-finite,NQZ18-CME,17661453,2018-11-02 14:04:27.011000+00:00,7022.75,{'stop_loss_price': 7022.75}
INVALID_RISK_UNIT,risk_unit == 0 or non-finite,NQZ18-CME,17661455,2018-11-02 14:04:28+00:00,7022.75,{'stop_loss_price': 7022.75}
INVALID_RISK_UNIT,risk_unit == 0 or non-finite,NQZ18-CME,17663372,2018-11-02 14:05:11.013000+00:00,7019.75,{'stop_loss_price': 7019.75}
INVALID_RISK_UNIT,risk_unit == 0 or non-finite,NQZ18-CME,17663373,2018-11-02 14:05:11.014000+00:00,7019.75,{'stop_loss_price': 7019.75}
INVALID_RISK_UNIT,risk_unit == 0 or non-finite,NQZ18-CME,17663374,2018-11-02 14:05:11.015000+00:00,7019.75,{'stop_loss_price': 7019.75}
INVALID_RISK_UNIT,risk_unit == 0 or non-finite,NQZ18-CME,17697006,2018-11-02 14:25:25.002000+00:00,7003.25,{'stop_loss_price': 7003.25}
INVALID_RISK_UNIT,risk_unit == 0 or non-finite,NQZ18-CME,17697007,2018-11-02 14:25:25.003000+00:00,7003.25,{'stop_loss_price': 7003.25}
INVALID_RISK_UNIT,risk_unit == 0 or non-finite,NQZ18-CME,17697008,2018-11-02 14:25:25.004000+00:00,7003.25,{'stop_loss_price': 7003.25}
INVALID_RISK_UNIT,risk_unit == 0 or non-finite,NQZ18-CME,17697009,2018-11-02 14:25:25.005000+00:00,7003.25,{'stop_loss_price': 7003.25}
INVALID_RISK_UNIT,risk_unit == 0 or non-finite,NQZ18-CME,17697013,2018-11-02 14:25:25.009000+00:00,7003.25,{'stop_loss_price': 7003.25}
INVALID_RISK_UNIT,risk_unit == 0 or non-finite,NQZ18-CME,17708138,2018-11-02 14:31:15.029000+00:00,6989.25,{'stop_loss_price': 6989.25}
INVALID_RISK_UNIT,risk_unit == 0 or non-finite,NQZ18-CME,17743531,2018-11-02 14:52:54.006000+00:00,6987.5,{'stop_loss_price': 6987.5}
INVALID_RISK_UNIT,risk_unit == 0 or non-finite,NQZ18-CME,17743532,2018-11-02 14:52:54.007000+00:00,6987.5,{'stop_loss_price': 6987.5}
INVALID_RISK_UNIT,risk_unit == 0 or non-finite,NQZ18-CME,17743533,2018-11-02 14:52:54.008000+00:00,6987.5,{'stop_loss_price': 6987.5}
INVALID_RISK_UNIT,risk_unit == 0 or non-finite,NQZ18-CME,17794079,2018-11-02 15:26:13+00:00,6960.25,{'stop_loss_price': 6960.25}
INVALID_RISK_UNIT,risk_unit == 0 or non-finite,NQZ18-CME,17794080,2018-11-02 15:26:13.001000+00:00,6960.25,{'stop_loss_price': 6960.25}
INVALID_RISK_UNIT,risk_unit == 0 or non-finite,NQZ18-CME,17794081,2018-11-02 15:26:13.002000+00:00,6960.25,{'stop_loss_price': 6960.25}
INVALID_RISK_UNIT,risk_unit == 0 or non-finite,NQZ18-CME,17839169,2018-11-02 16:10:33.021000+00:00,6964.5,{'stop_loss_price': 6964.5}
INVALID_RISK_UNIT,risk_unit == 0 or non-finite,NQZ18-CME,17839170,2018-11-02 16:10:33.022000+00:00,6964.5,{'stop_loss_price': 6964.5}
INVALID_RISK_UNIT,risk_unit == 0 or non-finite,NQZ18-CME,17839171,2018-11-02 16:10:34+00:00,6964.5,{'stop_loss_price': 6964.5}
INVALID_RISK_UNIT,risk_unit == 0 or non-finite,NQZ18-CME,17839173,2018-11-02 16:10:34.002000+00:00,6964.5,{'stop_loss_price': 6964.5}
INVALID_RISK_UNIT,risk_unit == 0 or non-finite,NQZ18-CME,17842662,2018-11-02 16:14:56.019000+00:00,6972.25,{'stop_loss_price': 6972.25}
INVALID_RISK_UNIT,risk_unit == 0 or non-finite,NQZ18-CME,17896763,2018-11-02 17:05:59.051000+00:00,6923.5,{'stop_loss_price': 6923.5}
INVALID_RISK_UNIT,risk_unit == 0 or non-finite,NQZ18-CME,17903670,2018-11-02 17:11:33.109000+00:00,6942.25,{'stop_loss_price': 6942.25}
INVALID_RISK_UNIT,risk_unit == 0 or non-finite,NQZ18-CME,17904050,2018-11-02 17:11:49.002000+00:00,6942.0,{'stop_loss_price': 6942.0}
INVALID_RISK_UNIT,risk_unit == 0 or non-finite,NQZ18-CME,17964515,2018-11-02 18:21:27.009000+00:00,6931.5,{'stop_loss_price': 6931.5}
INVALID_RISK_UNIT,risk_unit == 0 or non-finite,NQZ18-CME,17964516,2018-11-02 18:21:27.010000+00:00,6931.5,{'stop_loss_price': 6931.5}
INVALID_RISK_UNIT,risk_unit == 0 or non-finite,NQZ18-CME,17964517,2018-11-02 18:21:27.011000+00:00,6931.5,{'stop_loss_price': 6931.5}
INVALID_RISK_UNIT,risk_unit == 0 or non-finite,NQZ18-CME,17965812,2018-11-02 18:23:31.012000+00:00,6924.25,{'stop_loss_price': 6924.25}
INVALID_RISK_UNIT,risk_unit == 0 or non-finite,NQZ18-CME,17965813,2018-11-02 18:23:31.013000+00:00,6924.25,{'stop_loss_price': 6924.25}
INVALID_RISK_UNIT,risk_unit == 0 or non-finite,NQZ18-CME,17979121,2018-11-02 18:30:20.041000+00:00,6972.0,{'stop_loss_price': 6972.0}
INVALID_RISK_UNIT,risk_unit == 0 or non-finite,NQZ18-CME,17997413,2018-11-02 18:42:50.009000+00:00,6962.0,{'stop_loss_price': 6962.0}
INVALID_RISK_UNIT,risk_unit == 0 or non-finite,NQZ18-CME,17997414,2018-11-02 18:42:50.010000+00:00,6962.0,{'stop_loss_price': 6962.0}
INVALID_RISK_UNIT,risk_unit == 0 or non-finite,NQZ18-CME,17997415,2018-11-02 18:42:50.011000+00:00,6962.0,{'stop_loss_price': 6962.0}
INVALID_RISK_UNIT,risk_unit == 0 or non-finite,NQZ18-CME,18005700,2018-11-02 18:53:50.004000+00:00,6970.75,{'stop_loss_price': 6970.75}
INVALID_RISK_UNIT,risk_unit == 0 or non-finite,NQZ18-CME,18005701,2018-11-02 18:53:50.005000+00:00,6970.75,{'stop_loss_price': 6970.75}
INVALID_RISK_UNIT,risk_unit == 0 or non-finite,NQZ18-CME,18005702,2018-11-02 18:53:50.006000+00:00,6970.75,{'stop_loss_price': 6970.75}
INVALID_RISK_UNIT,risk_unit == 0 or non-finite,NQZ18-CME,18038453,2018-11-02 19:31:08.014000+00:00,6961.25,{'stop_loss_price': 6961.25}
INVALID_RISK_UNIT,risk_unit == 0 or non-finite,NQZ18-CME,18038454,2018-11-02 19:31:08.015000+00:00,6961.25,{'stop_loss_price': 6961.25}
INVALID_RISK_UNIT,risk_unit == 0 or non-finite,NQZ18-CME,18038455,2018-11-02 19:31:08.016000+00:00,6961.25,{'stop_loss_price': 6961.25}
INVALID_RISK_UNIT,risk_unit == 0 or non-finite,NQZ18-CME,18054215,2018-11-02 19:52:08+00:00,6970.25,{'stop_loss_price': 6970.25}
INVALID_RISK_UNIT,risk_unit == 0 or non-finite,NQZ18-CME,18054216,2018-11-02 19:52:08.001000+00:00,6970.25,{'stop_loss_price': 6970.25}
INVALID_RISK_UNIT,risk_unit == 0 or non-finite,NQZ18-CME,18054217,2018-11-02 19:52:08.002000+00:00,6970.25,{'stop_loss_price': 6970.25}
INVALID_RISK_UNIT,risk_unit == 0 or non-finite,NQZ18-CME,18060840,2018-11-02 19:57:10.045000+00:00,6968.0,{'stop_loss_price': 6968.0}
INVALID_RISK_UNIT,risk_unit == 0 or non-finite,NQZ18-CME,18060841,2018-11-02 19:57:10.046000+00:00,6968.0,{'stop_loss_price': 6968.0}
INVALID_RISK_UNIT,risk_unit == 0 or non-finite,NQZ18-CME,18064013,2018-11-02 19:59:00.030000+00:00,6962.25,{'stop_loss_price': 6962.25}
INVALID_RISK_UNIT,risk_unit == 0 or non-finite,NQZ18-CME,18064014,2018-11-02 19:59:00.031000+00:00,6962.25,{'stop_loss_price': 6962.25}
INVALID_RISK_UNIT,risk_unit == 0 or non-finite,NQZ18-CME,18064015,2018-11-02 19:59:00.032000+00:00,6962.25,{'stop_loss_price': 6962.25}
INVALID_RISK_UNIT,risk_unit == 0 or non-finite,NQZ18-CME,18064017,2018-11-02 19:59:00.034000+00:00,6962.25,{'stop_loss_price': 6962.25}
INVALID_RISK_UNIT,risk_unit == 0 or non-finite,NQZ18-CME,18086547,2018-11-05 00:24:00.001000+00:00,6961.75,{'stop_loss_price': 6961.75}
INVALID_RISK_UNIT,risk_unit == 0 or non-finite,NQZ18-CME,18095315,2018-11-05 02:23:26+00:00,6968.0,{'stop_loss_price': 6968.0}
INVALID_RISK_UNIT,risk_unit == 0 or non-finite,NQZ18-CME,18108807,2018-11-05 08:05:58.001000+00:00,6967.5,{'stop_loss_price': 6967.5}
INVALID_RISK_UNIT,risk_unit == 0 or non-finite,NQZ18-CME,18128711,2018-11-05 11:49:00.001000+00:00,6990.5,{'stop_loss_price': 6990.5}
INVALID_RISK_UNIT,risk_unit == 0 or non-finite,NQZ18-CME,18128712,2018-11-05 11:49:00.002000+00:00,6990.5,{'stop_loss_price': 6990.5}
INVALID_RISK_UNIT,risk_unit == 0 or non-finite,NQZ18-CME,18128713,2018-11-05 11:49:00.003000+00:00,6990.5,{'stop_loss_price': 6990.5}
INVALID_RISK_UNIT,risk_unit == 0 or non-finite,NQZ18-CME,18128714,2018-11-05 11:49:00.004000+00:00,6990.5,{'stop_loss_price': 6990.5}
INVALID_RISK_UNIT,risk_unit == 0 or non-finite,NQZ18-CME,18128715,2018-11-05 11:49:00.005000+00:00,6990.5,{'stop_loss_price': 6990.5}
INVALID_RISK_UNIT,risk_unit == 0 or non-finite,NQZ18-CME,18171682,2018-11-05 14:34:28.029000+00:00,6947.0,{'stop_loss_price': 6947.0}
INVALID_RISK_UNIT,risk_unit == 0 or non-finite,NQZ18-CME,18171683,2018-11-05 14:34:28.030000+00:00,6947.0,{'stop_loss_price': 6947.0}
INVALID_RISK_UNIT,risk_unit == 0 or non-finite,NQZ18-CME,18171684,2018-11-05 14:34:28.031000+00:00,6947.0,{'stop_loss_price': 6947.0}
INVALID_RISK_UNIT,risk_unit == 0 or non-finite,NQZ18-CME,18171700,2018-11-05 14:34:28.047000+00:00,6947.0,{'stop_loss_price': 6947.0}
INVALID_RISK_UNIT,risk_unit == 0 or non-finite,NQZ18-CME,18171701,2018-11-05 14:34:28.048000+00:00,6947.0,{'stop_loss_price': 6947.0}
INVALID_RISK_UNIT,risk_unit == 0 or non-finite,NQZ18-CME,18171702,2018-11-05 14:34:28.049000+00:00,6947.0,{'stop_loss_price': 6947.0}
INVALID_RISK_UNIT,risk_unit == 0 or non-finite,NQZ18-CME,18171703,2018-11-05 14:34:28.050000+00:00,6947.0,{'stop_loss_price': 6947.0}
INVALID_RISK_UNIT,risk_unit == 0 or non-finite,NQZ18-CME,18171704,2018-11-05 14:34:28.051000+00:00,6947.0,{'stop_loss_price': 6947.0}
INVALID_RISK_UNIT,risk_unit == 0 or non-finite,NQZ18-CME,18171705,2018-11-05 14:34:28.052000+00:00,6947.0,{'stop_loss_price': 6947.0}
INVALID_RISK_UNIT,risk_unit == 0 or non-finite,NQZ18-CME,18171707,2018-11-05 14:34:28.054000+00:00,6947.0,{'stop_loss_price': 6947.0}
INVALID_RISK_UNIT,risk_unit == 0 or non-finite,NQZ18-CME,18173788,2018-11-05 14:35:03.005000+00:00,6940.25,{'stop_loss_price': 6940.25}
INVALID_RISK_UNIT,risk_unit == 0 or non-finite,NQZ18-CME,18258402,2018-11-05 15:25:24.019000+00:00,6867.5,{'stop_loss_price': 6867.5}
INVALID_RISK_UNIT,risk_unit == 0 or non-finite,NQZ18-CME,18258403,2018-11-05 15:25:24.020000+00:00,6867.5,{'stop_loss_price': 6867.5}
INVALID_RISK_UNIT,risk_unit == 0 or non-finite,NQZ18-CME,18258404,2018-11-05 15:25:24.021000+00:00,6867.5,{'stop_loss_price': 6867.5}
INVALID_RISK_UNIT,risk_unit == 0 or non-finite,NQZ18-CME,18258405,2018-11-05 15:25:24.022000+00:00,6867.5,{'stop_loss_price': 6867.5}
INVALID_RISK_UNIT,risk_unit == 0 or non-finite,NQZ18-CME,18258406,2018-11-05 15:25:24.023000+00:00,6867.5,{'stop_loss_price': 6867.5}
INVALID_RISK_UNIT,risk_unit == 0 or non-finite,NQZ18-CME,18258409,2018-11-05 15:25:24.026000+00:00,6867.5,{'stop_loss_price': 6867.5}
INVALID_RISK_UNIT,risk_unit == 0 or non-finite,NQZ18-CME,18258410,2018-11-05 15:25:24.027000+00:00,6867.5,{'stop_loss_price': 6867.5}
INVALID_RISK_UNIT,risk_unit == 0 or non-finite,NQZ18-CME,18258411,2018-11-05 15:25:24.028000+00:00,6867.5,{'stop_loss_price': 6867.5}
INVALID_RISK_UNIT,risk_unit == 0 or non-finite,NQZ18-CME,18258412,2018-11-05 15:25:24.029000+00:00,6867.5,{'stop_loss_price': 6867.5}
INVALID_RISK_UNIT,risk_unit == 0 or non-finite,NQZ18-CME,18258413,2018-11-05 15:25:24.030000+00:00,6867.5,{'stop_loss_price': 6867.5}
INVALID_RISK_UNIT,risk_unit == 0 or non-finite,NQZ18-CME,18258414,2018-11-05 15:25:24.031000+00:00,6867.5,{'stop_loss_price': 6867.5}
INVALID_RISK_UNIT,risk_unit == 0 or non-finite,NQZ18-CME,18258415,2018-11-05 15:25:24.032000+00:00,6867.5,{'stop_loss_price': 6867.5}
INVALID_RISK_UNIT,risk_unit == 0 or non-finite,NQZ18-CME,18258416,2018-11-05 15:25:24.033000+00:00,6867.5,{'stop_loss_price': 6867.5}
INVALID_RISK_UNIT,risk_unit == 0 or non-finite,NQZ18-CME,18258417,2018-11-05 15:25:24.034000+00:00,6867.5,{'stop_loss_price': 6867.5}
INVALID_RISK_UNIT,risk_unit == 0 or non-finite,NQZ18-CME,18258418,2018-11-05 15:25:24.035000+00:00,6867.5,{'stop_loss_price': 6867.5}
INVALID_RISK_UNIT,risk_unit == 0 or non-finite,NQZ18-CME,18258419,2018-11-05 15:25:24.036000+00:00,6867.5,{'stop_loss_price': 6867.5}
INVALID_RISK_UNIT,risk_unit == 0 or non-finite,NQZ18-CME,18258420,2018-11-05 15:25:24.037000+00:00,6867.5,{'stop_loss_price': 6867.5}
INVALID_RISK_UNIT,risk_unit == 0 or non-finite,NQZ18-CME,18326371,2018-11-05 16:17:32.022000+00:00,6900.75,{'stop_loss_price': 6900.75}
INVALID_RISK_UNIT,risk_unit == 0 or non-finite,NQZ18-CME,18326372,2018-11-05 16:17:32.023000+00:00,6900.75,{'stop_loss_price': 6900.75}
INVALID_RISK_UNIT,risk_unit == 0 or non-finite,NQZ18-CME,18333992,2018-11-05 16:25:21.006000+00:00,6890.75,{'stop_loss_price': 6890.75}
INVALID_RISK_UNIT,risk_unit == 0 or non-finite,NQZ18-CME,18333993,2018-11-05 16:25:21.007000+00:00,6890.75,{'stop_loss_price': 6890.75}
INVALID_RISK_UNIT,risk_unit == 0 or non-finite,NQZ18-CME,18333994,2018-11-05 16:25:21.008000+00:00,6890.75,{'stop_loss_price': 6890.75}
INVALID_RISK_UNIT,risk_unit == 0 or non-finite,NQZ18-CME,18333995,2018-11-05 16:25:21.009000+00:00,6890.75,{'stop_loss_price': 6890.75}
INVALID_RISK_UNIT,risk_unit == 0 or non-finite,NQZ18-CME,18334022,2018-11-05 16:25:21.036000+00:00,6890.75,{'stop_loss_price': 6890.75}
INVALID_RISK_UNIT,risk_unit == 0 or non-finite,NQZ18-CME,18373069,2018-11-05 17:15:59.002000+00:00,6893.5,{'stop_loss_price': 6893.5}
INVALID_RISK_UNIT,risk_unit == 0 or non-finite,NQZ18-CME,18413501,2018-11-05 18:46:21.060000+00:00,6906.25,{'stop_loss_price': 6906.25}
INVALID_RISK_UNIT,risk_unit == 0 or non-finite,NQZ18-CME,18415356,2018-11-05 18:50:32+00:00,6907.0,{'stop_loss_price': 6907.0}
INVALID_RISK_UNIT,risk_unit == 0 or non-finite,NQZ18-CME,18443962,2018-11-05 19:29:15.003000+00:00,6944.0,{'stop_loss_price': 6944.0}
INVALID_RISK_UNIT,risk_unit == 0 or non-finite,NQZ18-CME,18484114,2018-11-05 20:25:13.044000+00:00,6927.25,{'stop_loss_price': 6927.25}
INVALID_RISK_UNIT,risk_unit == 0 or non-finite,NQZ18-CME,18484115,2018-11-05 20:25:13.045000+00:00,6927.25,{'stop_loss_price': 6927.25}
INVALID_RISK_UNIT,risk_unit == 0 or non-finite,NQZ18-CME,18484116,2018-11-05 20:25:13.046000+00:00,6927.25,{'stop_loss_price': 6927.25}
INVALID_RISK_UNIT,risk_unit == 0 or non-finite,NQZ18-CME,18484117,2018-11-05 20:25:13.047000+00:00,6927.25,{'stop_loss_price': 6927.25}
INVALID_RISK_UNIT,risk_unit == 0 or non-finite,NQZ18-CME,18484118,2018-11-05 20:25:13.048000+00:00,6927.25,{'stop_loss_price': 6927.25}
INVALID_RISK_UNIT,risk_unit == 0 or non-finite,NQZ18-CME,18484120,2018-11-05 20:25:13.050000+00:00,6927.25,{'stop_loss_price': 6927.25}
INVALID_RISK_UNIT,risk_unit == 0 or non-finite,NQZ18-CME,18536514,2018-11-06 04:40:00+00:00,6948.0,{'stop_loss_price': 6948.0}
INVALID_RISK_UNIT,risk_unit == 0 or non-finite,NQZ18-CME,18561331,2018-11-06 10:14:49+00:00,6911.25,{'stop_loss_price': 6911.25}
INVALID_RISK_UNIT,risk_unit == 0 or non-finite,NQZ18-CME,18622423,2018-11-06 14:38:48.028000+00:00,6989.5,{'stop_loss_price': 6989.5}
INVALID_RISK_UNIT,risk_unit == 0 or non-finite,NQZ18-CME,18622424,2018-11-06 14:38:48.029000+00:00,6989.5,{'stop_loss_price': 6989.5}
INVALID_RISK_UNIT,risk_unit == 0 or non-finite,NQZ18-CME,18622425,2018-11-06 14:38:48.030000+00:00,6989.5,{'stop_loss_price': 6989.5}
INVALID_RISK_UNIT,risk_unit == 0 or non-finite,NQZ18-CME,18622426,2018-11-06 14:38:48.031000+00:00,6989.5,{'stop_loss_price': 6989.5}
INVALID_RISK_UNIT,risk_unit == 0 or non-finite,NQZ18-CME,18653237,2018-11-06 14:53:20.010000+00:00,7024.25,{'stop_loss_price': 7024.25}
INVALID_RISK_UNIT,risk_unit == 0 or non-finite,NQZ18-CME,18653238,2018-11-06 14:53:20.011000+00:00,7024.25,{'stop_loss_price': 7024.25}
INVALID_RISK_UNIT,risk_unit == 0 or non-finite,NQZ18-CME,18653239,2018-11-06 14:53:20.012000+00:00,7024.25,{'stop_loss_price': 7024.25}
INVALID_RISK_UNIT,risk_unit == 0 or non-finite,NQZ18-CME,18653240,2018-11-06 14:53:20.013000+00:00,7024.25,{'stop_loss_price': 7024.25}
INVALID_RISK_UNIT,risk_unit == 0 or non-finite,NQZ18-CME,18653241,2018-11-06 14:53:20.014000+00:00,7024.25,{'stop_loss_price': 7024.25}
INVALID_RISK_UNIT,risk_unit == 0 or non-finite,NQZ18-CME,18742267,2018-11-06 16:01:48.167000+00:00,6968.0,{'stop_loss_price': 6968.0}
INVALID_RISK_UNIT,risk_unit == 0 or non-finite,NQZ18-CME,18749683,2018-11-06 16:09:15.005000+00:00,6971.0,{'stop_loss_price': 6971.0}
INVALID_RISK_UNIT,risk_unit == 0 or non-finite,NQZ18-CME,18757969,2018-11-06 16:17:25+00:00,6988.25,{'stop_loss_price': 6988.25}
INVALID_RISK_UNIT,risk_unit == 0 or non-finite,NQZ18-CME,18787697,2018-11-06 16:58:09.024000+00:00,6976.75,{'stop_loss_price': 6976.75}
INVALID_RISK_UNIT,risk_unit == 0 or non-finite,NQZ18-CME,18787698,2018-11-06 16:58:09.025000+00:00,6976.75,{'stop_loss_price': 6976.75}
INVALID_RISK_UNIT,risk_unit == 0 or non-finite,NQZ18-CME,18787699,2018-11-06 16:58:09.026000+00:00,6976.75,{'stop_loss_price': 6976.75}
INVALID_RISK_UNIT,risk_unit == 0 or non-finite,NQZ18-CME,18787700,2018-11-06 16:58:09.027000+00:00,6976.75,{'stop_loss_price': 6976.75}
INVALID_RISK_UNIT,risk_unit == 0 or non-finite,NQZ18-CME,18787701,2018-11-06 16:58:09.028000+00:00,6976.75,{'stop_loss_price': 6976.75}
INVALID_RISK_UNIT,risk_unit == 0 or non-finite,NQZ18-CME,18787702,2018-11-06 16:58:09.029000+00:00,6976.75,{'stop_loss_price': 6976.75}
INVALID_RISK_UNIT,risk_unit == 0 or non-finite,NQZ18-CME,18828990,2018-11-06 18:12:23+00:00,6992.0,{'stop_loss_price': 6992.0}
INVALID_RISK_UNIT,risk_unit == 0 or non-finite,NQZ18-CME,18853915,2018-11-06 18:58:51+00:00,6979.0,{'stop_loss_price': 6979.0}
INVALID_RISK_UNIT,risk_unit == 0 or non-finite,NQZ18-CME,18853916,2018-11-06 18:58:51.001000+00:00,6979.0,{'stop_loss_price': 6979.0}
INVALID_RISK_UNIT,risk_unit == 0 or non-finite,NQZ18-CME,18853917,2018-11-06 18:58:52+00:00,6979.0,{'stop_loss_price': 6979.0}
INVALID_RISK_UNIT,risk_unit == 0 or non-finite,NQZ18-CME,18853918,2018-11-06 18:58:52.001000+00:00,6979.0,{'stop_loss_price': 6979.0}
INVALID_RISK_UNIT,risk_unit == 0 or non-finite,NQZ18-CME,18853919,2018-11-06 18:58:52.002000+00:00,6979.0,{'stop_loss_price': 6979.0}
INVALID_RISK_UNIT,risk_unit == 0 or non-finite,NQZ18-CME,18853920,2018-11-06 18:58:52.003000+00:00,6979.0,{'stop_loss_price': 6979.0}
INVALID_RISK_UNIT,risk_unit == 0 or non-finite,NQZ18-CME,18853921,2018-11-06 18:58:52.004000+00:00,6979.0,{'stop_loss_price': 6979.0}
INVALID_RISK_UNIT,risk_unit == 0 or non-finite,NQZ18-CME,18853922,2018-11-06 18:58:52.005000+00:00,6979.0,{'stop_loss_price': 6979.0}
INVALID_RISK_UNIT,risk_unit == 0 or non-finite,NQZ18-CME,18853924,2018-11-06 18:58:54+00:00,6979.0,{'stop_loss_price': 6979.0}
INVALID_RISK_UNIT,risk_unit == 0 or non-finite,NQZ18-CME,18927594,2018-11-06 20:50:54.003000+00:00,6982.25,{'stop_loss_price': 6982.25}
INVALID_RISK_UNIT,risk_unit == 0 or non-finite,NQZ18-CME,18927595,2018-11-06 20:50:54.004000+00:00,6982.25,{'stop_loss_price': 6982.25}
INVALID_RISK_UNIT,risk_unit == 0 or non-finite,NQZ18-CME,18927596,2018-11-06 20:50:54.005000+00:00,6982.25,{'stop_loss_price': 6982.25}
INVALID_RISK_UNIT,risk_unit == 0 or non-finite,NQZ18-CME,18927603,2018-11-06 20:50:54.012000+00:00,6982.25,{'stop_loss_price': 6982.25}
INVALID_RISK_UNIT,risk_unit == 0 or non-finite,NQZ18-CME,18927604,2018-11-06 20:50:54.013000+00:00,6982.25,{'stop_loss_price': 6982.25}
INVALID_RISK_UNIT,risk_unit == 0 or non-finite,NQZ18-CME,18948056,2018-11-06 21:12:48.003000+00:00,7020.5,{'stop_loss_price': 7020.5}
INVALID_RISK_UNIT,risk_unit == 0 or non-finite,NQZ18-CME,18948057,2018-11-06 21:12:48.004000+00:00,7020.5,{'stop_loss_price': 7020.5}
INVALID_RISK_UNIT,risk_unit == 0 or non-finite,NQZ18-CME,18948058,2018-11-06 21:12:48.005000+00:00,7020.5,{'stop_loss_price': 7020.5}
INVALID_RISK_UNIT,risk_unit == 0 or non-finite,NQZ18-CME,18948059,2018-11-06 21:12:48.006000+00:00,7020.5,{'stop_loss_price': 7020.5}
INVALID_RISK_UNIT,risk_unit == 0 or non-finite,NQZ18-CME,18948060,2018-11-06 21:12:48.007000+00:00,7020.5,{'stop_loss_price': 7020.5}
INVALID_RISK_UNIT,risk_unit == 0 or non-finite,NQZ18-CME,18948061,2018-11-06 21:12:48.008000+00:00,7020.5,{'stop_loss_price': 7020.5}
INVALID_RISK_UNIT,risk_unit == 0 or non-finite,NQZ18-CME,18948062,2018-11-06 21:12:48.009000+00:00,7020.5,{'stop_loss_price': 7020.5}
INVALID_RISK_UNIT,risk_unit == 0 or non-finite,NQZ18-CME,18948063,2018-11-06 21:12:48.010000+00:00,7020.5,{'stop_loss_price': 7020.5}
INVALID_RISK_UNIT,risk_unit == 0 or non-finite,NQZ18-CME,18948077,2018-11-06 21:12:50.002000+00:00,7020.5,{'stop_loss_price': 7020.5}
INVALID_RISK_UNIT,risk_unit == 0 or non-finite,NQZ18-CME,18948078,2018-11-06 21:12:51+00:00,7020.5,{'stop_loss_price': 7020.5}
INVALID_RISK_UNIT,risk_unit == 0 or non-finite,NQZ18-CME,18948079,2018-11-06 21:12:51.001000+00:00,7020.5,{'stop_loss_price': 7020.5}
INVALID_RISK_UNIT,risk_unit == 0 or non-finite,NQZ18-CME,18948080,2018-11-06 21:12:51.002000+00:00,7020.5,{'stop_loss_price': 7020.5}
INVALID_RISK_UNIT,risk_unit == 0 or non-finite,NQZ18-CME,18948094,2018-11-06 21:12:56.007000+00:00,7020.5,{'stop_loss_price': 7020.5}
INVALID_RISK_UNIT,risk_unit == 0 or non-finite,NQZ18-CME,18948095,2018-11-06 21:12:58+00:00,7020.5,{'stop_loss_price': 7020.5}
INVALID_RISK_UNIT,risk_unit == 0 or non-finite,NQZ18-CME,18948096,2018-11-06 21:12:58.001000+00:00,7020.5,{'stop_loss_price': 7020.5}
INVALID_RISK_UNIT,risk_unit == 0 or non-finite,NQZ18-CME,18948097,2018-11-06 21:12:58.002000+00:00,7020.5,{'stop_loss_price': 7020.5}
INVALID_RISK_UNIT,risk_unit == 0 or non-finite,NQZ18-CME,18948098,2018-11-06 21:12:58.003000+00:00,7020.5,{'stop_loss_price': 7020.5}
INVALID_RISK_UNIT,risk_unit == 0 or non-finite,NQZ18-CME,18948099,2018-11-06 21:12:58.004000+00:00,7020.5,{'stop_loss_price': 7020.5}
INVALID_RISK_UNIT,risk_unit == 0 or non-finite,NQZ18-CME,18948100,2018-11-06 21:12:58.005000+00:00,7020.5,{'stop_loss_price': 7020.5}
INVALID_RISK_UNIT,risk_unit == 0 or non-finite,NQZ18-CME,18948101,2018-11-06 21:12:58.006000+00:00,7020.5,{'stop_loss_price': 7020.5}
INVALID_RISK_UNIT,risk_unit == 0 or non-finite,NQZ18-CME,18948115,2018-11-06 21:12:59.003000+00:00,7020.5,{'stop_loss_price': 7020.5}
INVALID_RISK_UNIT,risk_unit == 0 or non-finite,NQZ18-CME,18969231,2018-11-07 01:07:46.001000+00:00,7012.0,{'stop_loss_price': 7012.0}
INVALID_RISK_UNIT,risk_unit == 0 or non-finite,NQZ18-CME,18994819,2018-11-07 02:34:51+00:00,7046.0,{'stop_loss_price': 7046.0}
INVALID_RISK_UNIT,risk_unit == 0 or non-finite,NQZ18-CME,19011107,2018-11-07 04:03:15+00:00,7044.0,{'stop_loss_price': 7044.0}
INVALID_RISK_UNIT,risk_unit == 0 or non-finite,NQZ18-CME,19025971,2018-11-07 07:12:02+00:00,7041.0,{'stop_loss_price': 7041.0}
INVALID_RISK_UNIT,risk_unit == 0 or non-finite,NQZ18-CME,19025972,2018-11-07 07:12:02.001000+00:00,7041.0,{'stop_loss_price': 7041.0}
INVALID_RISK_UNIT,risk_unit == 0 or non-finite,NQZ18-CME,19039649,2018-11-07 08:29:27.001000+00:00,7065.0,{'stop_loss_price': 7065.0}
INVALID_RISK_UNIT,risk_unit == 0 or non-finite,NQZ18-CME,19066638,2018-11-07 10:51:32+00:00,7108.5,{'stop_loss_price': 7108.5}
INVALID_RISK_UNIT,risk_unit == 0 or non-finite,NQZ18-CME,19066639,2018-11-07 10:51:32.001000+00:00,7108.5,{'stop_loss_price': 7108.5}
INVALID_RISK_UNIT,risk_unit == 0 or non-finite,NQZ18-CME,19066640,2018-11-07 10:51:32.002000+00:00,7108.5,{'stop_loss_price': 7108.5}
INVALID_RISK_UNIT,risk_unit == 0 or non-finite,NQZ18-CME,19068123,2018-11-07 11:03:26+00:00,7100.75,{'stop_loss_price': 7100.75}
INVALID_RISK_UNIT,risk_unit == 0 or non-finite,NQZ18-CME,19068124,2018-11-07 11:03:26.001000+00:00,7100.75,{'stop_loss_price': 7100.75}
INVALID_RISK_UNIT,risk_unit == 0 or non-finite,NQZ18-CME,19087593,2018-11-07 13:26:54+00:00,7081.75,{'stop_loss_price': 7081.75}
INVALID_RISK_UNIT,risk_unit == 0 or non-finite,NQZ18-CME,19183305,2018-11-07 15:10:14.003000+00:00,7111.5,{'stop_loss_price': 7111.5}
INVALID_RISK_UNIT,risk_unit == 0 or non-finite,NQZ18-CME,19183306,2018-11-07 15:10:14.004000+00:00,7111.5,{'stop_loss_price': 7111.5}
INVALID_RISK_UNIT,risk_unit == 0 or non-finite,NQZ18-CME,19183307,2018-11-07 15:10:14.005000+00:00,7111.5,{'stop_loss_price': 7111.5}
INVALID_RISK_UNIT,risk_unit == 0 or non-finite,NQZ18-CME,19183308,2018-11-07 15:10:14.006000+00:00,7111.5,{'stop_loss_price': 7111.5}
INVALID_RISK_UNIT,risk_unit == 0 or non-finite,NQZ18-CME,19183309,2018-11-07 15:10:14.007000+00:00,7111.5,{'stop_loss_price': 7111.5}
INVALID_RISK_UNIT,risk_unit == 0 or non-finite,NQZ18-CME,19183310,2018-11-07 15:10:14.008000+00:00,7111.5,{'stop_loss_price': 7111.5}
INVALID_RISK_UNIT,risk_unit == 0 or non-finite,NQZ18-CME,19183311,2018-11-07 15:10:14.009000+00:00,7111.5,{'stop_loss_price': 7111.5}
INVALID_RISK_UNIT,risk_unit == 0 or non-finite,NQZ18-CME,19183312,2018-11-07 15:10:14.010000+00:00,7111.5,{'stop_loss_price': 7111.5}
INVALID_RISK_UNIT,risk_unit == 0 or non-finite,NQZ18-CME,19244236,2018-11-07 15:53:46.122000+00:00,7159.25,{'stop_loss_price': 7159.25}
INVALID_RISK_UNIT,risk_unit == 0 or non-finite,NQZ18-CME,19244237,2018-11-07 15:53:46.123000+00:00,7159.25,{'stop_loss_price': 7159.25}
INVALID_RISK_UNIT,risk_unit == 0 or non-finite,NQZ18-CME,19244238,2018-11-07 15:53:46.124000+00:00,7159.25,{'stop_loss_price': 7159.25}
INVALID_RISK_UNIT,risk_unit == 0 or non-finite,NQZ18-CME,19288046,2018-11-07 16:39:27.005000+00:00,7148.0,{'stop_loss_price': 7148.0}
INVALID_RISK_UNIT,risk_unit == 0 or non-finite,NQZ18-CME,19288047,2018-11-07 16:39:27.006000+00:00,7148.0,{'stop_loss_price': 7148.0}
INVALID_RISK_UNIT,risk_unit == 0 or non-finite,NQZ18-CME,19288048,2018-11-07 16:39:28+00:00,7148.0,{'stop_loss_price': 7148.0}
INVALID_RISK_UNIT,risk_unit == 0 or non-finite,NQZ18-CME,19288049,2018-11-07 16:39:28.001000+00:00,7148.0,{'stop_loss_price': 7148.0}
INVALID_RISK_UNIT,risk_unit == 0 or non-finite,NQZ18-CME,19302069,2018-11-07 16:57:25.051000+00:00,7173.25,{'stop_loss_price': 7173.25}
INVALID_RISK_UNIT,risk_unit == 0 or non-finite,NQZ18-CME,19302070,2018-11-07 16:57:25.052000+00:00,7173.25,{'stop_loss_price': 7173.25}
INVALID_RISK_UNIT,risk_unit == 0 or non-finite,NQZ18-CME,19302071,2018-11-07 16:57:25.053000+00:00,7173.25,{'stop_loss_price': 7173.25}
INVALID_RISK_UNIT,risk_unit == 0 or non-finite,NQZ18-CME,19302072,2018-11-07 16:57:25.054000+00:00,7173.25,{'stop_loss_price': 7173.25}
INVALID_RISK_UNIT,risk_unit == 0 or non-finite,NQZ18-CME,19307778,2018-11-07 17:01:51.003000+00:00,7176.5,{'stop_loss_price': 7176.5}
INVALID_RISK_UNIT,risk_unit == 0 or non-finite,NQZ18-CME,19332028,2018-11-07 17:50:51+00:00,7170.25,{'stop_loss_price': 7170.25}
INVALID_RISK_UNIT,risk_unit == 0 or non-finite,NQZ18-CME,19332029,2018-11-07 17:50:51.001000+00:00,7170.25,{'stop_loss_price': 7170.25}
INVALID_RISK_UNIT,risk_unit == 0 or non-finite,NQZ18-CME,19332030,2018-11-07 17:50:51.002000+00:00,7170.25,{'stop_loss_price': 7170.25}
INVALID_RISK_UNIT,risk_unit == 0 or non-finite,NQZ18-CME,19332053,2018-11-07 17:50:56.011000+00:00,7170.25,{'stop_loss_price': 7170.25}
INVALID_RISK_UNIT,risk_unit == 0 or non-finite,NQZ18-CME,19332054,2018-11-07 17:50:56.012000+00:00,7170.25,{'stop_loss_price': 7170.25}
INVALID_RISK_UNIT,risk_unit == 0 or non-finite,NQZ18-CME,19332055,2018-11-07 17:50:56.013000+00:00,7170.25,{'stop_loss_price': 7170.25}
INVALID_RISK_UNIT,risk_unit == 0 or non-finite,NQZ18-CME,19332056,2018-11-07 17:50:56.014000+00:00,7170.25,{'stop_loss_price': 7170.25}
INVALID_RISK_UNIT,risk_unit == 0 or non-finite,NQZ18-CME,19332057,2018-11-07 17:50:56.015000+00:00,7170.25,{'stop_loss_price': 7170.25}
INVALID_RISK_UNIT,risk_unit == 0 or non-finite,NQZ18-CME,19332058,2018-11-07 17:50:56.016000+00:00,7170.25,{'stop_loss_price': 7170.25}
INVALID_RISK_UNIT,risk_unit == 0 or non-finite,NQZ18-CME,19355545,2018-11-07 18:40:07.003000+00:00,7169.5,{'stop_loss_price': 7169.5}
INVALID_RISK_UNIT,risk_unit == 0 or non-finite,NQZ18-CME,19355546,2018-11-07 18:40:07.004000+00:00,7169.5,{'stop_loss_price': 7169.5}
INVALID_RISK_UNIT,risk_unit == 0 or non-finite,NQZ18-CME,19355547,2018-11-07 18:40:09+00:00,7169.5,{'stop_loss_price': 7169.5}
INVALID_RISK_UNIT,risk_unit == 0 or non-finite,NQZ18-CME,19355548,2018-11-07 18:40:09.001000+00:00,7169.5,{'stop_loss_price': 7169.5}
INVALID_RISK_UNIT,risk_unit == 0 or non-finite,NQZ18-CME,19355549,2018-11-07 18:40:09.002000+00:00,7169.5,{'stop_loss_price': 7169.5}
INVALID_RISK_UNIT,risk_unit == 0 or non-finite,NQZ18-CME,19418692,2018-11-07 20:17:03.007000+00:00,7192.0,{'stop_loss_price': 7192.0}
INVALID_RISK_UNIT,risk_unit == 0 or non-finite,NQZ18-CME,19418693,2018-11-07 20:17:03.008000+00:00,7192.0,{'stop_loss_price': 7192.0}
INVALID_RISK_UNIT,risk_unit == 0 or non-finite,NQZ18-CME,19418694,2018-11-07 20:17:03.009000+00:00,7192.0,{'stop_loss_price': 7192.0}
INVALID_RISK_UNIT,risk_unit == 0 or non-finite,NQZ18-CME,19418695,2018-11-07 20:17:03.010000+00:00,7192.0,{'stop_loss_price': 7192.0}
INVALID_RISK_UNIT,risk_unit == 0 or non-finite,NQZ18-CME,19418696,2018-11-07 20:17:03.011000+00:00,7192.0,{'stop_loss_price': 7192.0}
INVALID_RISK_UNIT,risk_unit == 0 or non-finite,NQZ18-CME,19418697,2018-11-07 20:17:03.012000+00:00,7192.0,{'stop_loss_price': 7192.0}
INVALID_RISK_UNIT,risk_unit == 0 or non-finite,NQZ18-CME,19433292,2018-11-07 20:42:19.001000+00:00,7193.0,{'stop_loss_price': 7193.0}
INVALID_RISK_UNIT,risk_unit == 0 or non-finite,NQZ18-CME,19483214,2018-11-08 04:13:30+00:00,7211.25,{'stop_loss_price': 7211.25}
INVALID_RISK_UNIT,risk_unit == 0 or non-finite,NQZ18-CME,19490006,2018-11-08 07:29:29+00:00,7193.75,{'stop_loss_price': 7193.75}
INVALID_RISK_UNIT,risk_unit == 0 or non-finite,NQZ18-CME,19490007,2018-11-08 07:29:29.001000+00:00,7193.75,{'stop_loss_price': 7193.75}
INVALID_RISK_UNIT,risk_unit == 0 or non-finite,NQZ18-CME,19490008,2018-11-08 07:29:29.002000+00:00,7193.75,{'stop_loss_price': 7193.75}
INVALID_RISK_UNIT,risk_unit == 0 or non-finite,NQZ18-CME,19493749,2018-11-08 08:07:08+00:00,7209.0,{'stop_loss_price': 7209.0}
INVALID_RISK_UNIT,risk_unit == 0 or non-finite,NQZ18-CME,19495239,2018-11-08 08:15:12+00:00,7212.25,{'stop_loss_price': 7212.25}
INVALID_RISK_UNIT,risk_unit == 0 or non-finite,NQZ18-CME,19495240,2018-11-08 08:15:12.001000+00:00,7212.25,{'stop_loss_price': 7212.25}
INVALID_RISK_UNIT,risk_unit == 0 or non-finite,NQZ18-CME,19495241,2018-11-08 08:15:12.002000+00:00,7212.25,{'stop_loss_price': 7212.25}
INVALID_RISK_UNIT,risk_unit == 0 or non-finite,NQZ18-CME,19495242,2018-11-08 08:15:12.003000+00:00,7212.25,{'stop_loss_price': 7212.25}
INVALID_RISK_UNIT,risk_unit == 0 or non-finite,NQZ18-CME,19495243,2018-11-08 08:15:14+00:00,7212.25,{'stop_loss_price': 7212.25}
INVALID_RISK_UNIT,risk_unit == 0 or non-finite,NQZ18-CME,19495244,2018-11-08 08:15:14.001000+00:00,7212.25,{'stop_loss_price': 7212.25}
INVALID_RISK_UNIT,risk_unit == 0 or non-finite,NQZ18-CME,19495245,2018-11-08 08:15:14.002000+00:00,7212.25,{'stop_loss_price': 7212.25}
INVALID_RISK_UNIT,risk_unit == 0 or non-finite,NQZ18-CME,19495246,2018-11-08 08:15:14.003000+00:00,7212.25,{'stop_loss_price': 7212.25}
INVALID_RISK_UNIT,risk_unit == 0 or non-finite,NQZ18-CME,19495247,2018-11-08 08:15:14.004000+00:00,7212.25,{'stop_loss_price': 7212.25}
INVALID_RISK_UNIT,risk_unit == 0 or non-finite,NQZ18-CME,19495248,2018-11-08 08:15:14.005000+00:00,7212.25,{'stop_loss_price': 7212.25}
INVALID_RISK_UNIT,risk_unit == 0 or non-finite,NQZ18-CME,19512136,2018-11-08 10:26:54+00:00,7173.5,{'stop_loss_price': 7173.5}
INVALID_RISK_UNIT,risk_unit == 0 or non-finite,NQZ18-CME,19512137,2018-11-08 10:26:54.001000+00:00,7173.5,{'stop_loss_price': 7173.5}
INVALID_RISK_UNIT,risk_unit == 0 or non-finite,NQZ18-CME,19518977,2018-11-08 11:23:05.002000+00:00,7179.25,{'stop_loss_price': 7179.25}
INVALID_RISK_UNIT,risk_unit == 0 or non-finite,NQZ18-CME,19518978,2018-11-08 11:23:05.003000+00:00,7179.25,{'stop_loss_price': 7179.25}
INVALID_RISK_UNIT,risk_unit == 0 or non-finite,NQZ18-CME,19536279,2018-11-08 13:24:56+00:00,7181.5,{'stop_loss_price': 7181.5}
INVALID_RISK_UNIT,risk_unit == 0 or non-finite,NQZ18-CME,19536280,2018-11-08 13:24:56.001000+00:00,7181.5,{'stop_loss_price': 7181.5}
INVALID_RISK_UNIT,risk_unit == 0 or non-finite,NQZ18-CME,19536281,2018-11-08 13:24:56.002000+00:00,7181.5,{'stop_loss_price': 7181.5}
INVALID_RISK_UNIT,risk_unit == 0 or non-finite,NQZ18-CME,19536282,2018-11-08 13:24:56.003000+00:00,7181.5,{'stop_loss_price': 7181.5}
INVALID_RISK_UNIT,risk_unit == 0 or non-finite,NQZ18-CME,19536283,2018-11-08 13:24:57+00:00,7181.5,{'stop_loss_price': 7181.5}
INVALID_RISK_UNIT,risk_unit == 0 or non-finite,NQZ18-CME,19536284,2018-11-08 13:24:57.001000+00:00,7181.5,{'stop_loss_price': 7181.5}
INVALID_RISK_UNIT,risk_unit == 0 or non-finite,NQZ18-CME,19536285,2018-11-08 13:24:57.002000+00:00,7181.5,{'stop_loss_price': 7181.5}
INVALID_RISK_UNIT,risk_unit == 0 or non-finite,NQZ18-CME,19574807,2018-11-08 14:38:40+00:00,7167.0,{'stop_loss_price': 7167.0}
INVALID_RISK_UNIT,risk_unit == 0 or non-finite,NQZ18-CME,19602244,2018-11-08 14:55:03.116000+00:00,7192.75,{'stop_loss_price': 7192.75}
INVALID_RISK_UNIT,risk_unit == 0 or non-finite,NQZ18-CME,19602245,2018-11-08 14:55:03.117000+00:00,7192.75,{'stop_loss_price': 7192.75}
INVALID_RISK_UNIT,risk_unit == 0 or non-finite,NQZ18-CME,19602246,2018-11-08 14:55:03.118000+00:00,7192.75,{'stop_loss_price': 7192.75}
INVALID_RISK_UNIT,risk_unit == 0 or non-finite,NQZ18-CME,19611823,2018-11-08 15:01:40.088000+00:00,7191.25,{'stop_loss_price': 7191.25}
INVALID_RISK_UNIT,risk_unit == 0 or non-finite,NQZ18-CME,19643076,2018-11-08 15:29:02+00:00,7178.25,{'stop_loss_price': 7178.25}
INVALID_RISK_UNIT,risk_unit == 0 or non-finite,NQZ18-CME,19659928,2018-11-08 15:45:41.056000+00:00,7173.75,{'stop_loss_price': 7173.75}
INVALID_RISK_UNIT,risk_unit == 0 or non-finite,NQZ18-CME,19680588,2018-11-08 16:16:01.011000+00:00,7177.25,{'stop_loss_price': 7177.25}
INVALID_RISK_UNIT,risk_unit == 0 or non-finite,NQZ18-CME,19680589,2018-11-08 16:16:01.012000+00:00,7177.25,{'stop_loss_price': 7177.25}
INVALID_RISK_UNIT,risk_unit == 0 or non-finite,NQZ18-CME,19680590,2018-11-08 16:16:01.013000+00:00,7177.25,{'stop_loss_price': 7177.25}
INVALID_RISK_UNIT,risk_unit == 0 or non-finite,NQZ18-CME,19680591,2018-11-08 16:16:01.014000+00:00,7177.25,{'stop_loss_price': 7177.25}
INVALID_RISK_UNIT,risk_unit == 0 or non-finite,NQZ18-CME,19680592,2018-11-08 16:16:01.015000+00:00,7177.25,{'stop_loss_price': 7177.25}
INVALID_RISK_UNIT,risk_unit == 0 or non-finite,NQZ18-CME,19680593,2018-11-08 16:16:01.016000+00:00,7177.25,{'stop_loss_price': 7177.25}
INVALID_RISK_UNIT,risk_unit == 0 or non-finite,NQZ18-CME,19686399,2018-11-08 16:25:01+00:00,7164.5,{'stop_loss_price': 7164.5}
INVALID_RISK_UNIT,risk_unit == 0 or non-finite,NQZ18-CME,19686400,2018-11-08 16:25:01.001000+00:00,7164.5,{'stop_loss_price': 7164.5}
INVALID_RISK_UNIT,risk_unit == 0 or non-finite,NQZ18-CME,19703320,2018-11-08 16:48:01+00:00,7184.0,{'stop_loss_price': 7184.0}
INVALID_RISK_UNIT,risk_unit == 0 or non-finite,NQZ18-CME,19726544,2018-11-08 17:49:51.007000+00:00,7172.25,{'stop_loss_price': 7172.25}
INVALID_RISK_UNIT,risk_unit == 0 or non-finite,NQZ18-CME,19730360,2018-11-08 17:58:01.003000+00:00,7170.25,{'stop_loss_price': 7170.25}
INVALID_RISK_UNIT,risk_unit == 0 or non-finite,NQZ18-CME,19730361,2018-11-08 17:58:01.004000+00:00,7170.25,{'stop_loss_price': 7170.25}
INVALID_RISK_UNIT,risk_unit == 0 or non-finite,NQZ18-CME,19768630,2018-11-08 19:10:43.038000+00:00,7179.75,{'stop_loss_price': 7179.75}
INVALID_RISK_UNIT,risk_unit == 0 or non-finite,NQZ18-CME,19768631,2018-11-08 19:10:43.039000+00:00,7179.75,{'stop_loss_price': 7179.75}
INVALID_RISK_UNIT,risk_unit == 0 or non-finite,NQZ18-CME,19768635,2018-11-08 19:10:43.043000+00:00,7179.75,{'stop_loss_price': 7179.75}
INVALID_RISK_UNIT,risk_unit == 0 or non-finite,NQZ18-CME,19768636,2018-11-08 19:10:43.044000+00:00,7179.75,{'stop_loss_price': 7179.75}
INVALID_RISK_UNIT,risk_unit == 0 or non-finite,NQZ18-CME,19768637,2018-11-08 19:10:43.045000+00:00,7179.75,{'stop_loss_price': 7179.75}
INVALID_RISK_UNIT,risk_unit == 0 or non-finite,NQZ18-CME,19768651,2018-11-08 19:10:44.009000+00:00,7179.75,{'stop_loss_price': 7179.75}
INVALID_RISK_UNIT,risk_unit == 0 or non-finite,NQZ18-CME,19768652,2018-11-08 19:10:44.010000+00:00,7179.75,{'stop_loss_price': 7179.75}
INVALID_RISK_UNIT,risk_unit == 0 or non-finite,NQZ18-CME,19768653,2018-11-08 19:10:44.011000+00:00,7179.75,{'stop_loss_price': 7179.75}
INVALID_RISK_UNIT,risk_unit == 0 or non-finite,NQZ18-CME,19768654,2018-11-08 19:10:44.012000+00:00,7179.75,{'stop_loss_price': 7179.75}
INVALID_RISK_UNIT,risk_unit == 0 or non-finite,NQZ18-CME,19768655,2018-11-08 19:10:44.013000+00:00,7179.75,{'stop_loss_price': 7179.75}
INVALID_RISK_UNIT,risk_unit == 0 or non-finite,NQZ18-CME,19768656,2018-11-08 19:10:44.014000+00:00,7179.75,{'stop_loss_price': 7179.75}
INVALID_RISK_UNIT,risk_unit == 0 or non-finite,NQZ18-CME,19768657,2018-11-08 19:10:44.015000+00:00,7179.75,{'stop_loss_price': 7179.75}
INVALID_RISK_UNIT,risk_unit == 0 or non-finite,NQZ18-CME,19777427,2018-11-08 19:21:44.003000+00:00,7177.25,{'stop_loss_price': 7177.25}
INVALID_RISK_UNIT,risk_unit == 0 or non-finite,NQZ18-CME,19777428,2018-11-08 19:21:44.004000+00:00,7177.25,{'stop_loss_price': 7177.25}
INVALID_RISK_UNIT,risk_unit == 0 or non-finite,NQZ18-CME,19777429,2018-11-08 19:21:44.005000+00:00,7177.25,{'stop_loss_price': 7177.25}
INVALID_RISK_UNIT,risk_unit == 0 or non-finite,NQZ18-CME,19777430,2018-11-08 19:21:45+00:00,7177.25,{'stop_loss_price': 7177.25}
INVALID_RISK_UNIT,risk_unit == 0 or non-finite,NQZ18-CME,19823127,2018-11-08 20:14:43.001000+00:00,7147.25,{'stop_loss_price': 7147.25}
INVALID_RISK_UNIT,risk_unit == 0 or non-finite,NQZ18-CME,19823128,2018-11-08 20:14:43.002000+00:00,7147.25,{'stop_loss_price': 7147.25}
INVALID_RISK_UNIT,risk_unit == 0 or non-finite,NQZ18-CME,19823129,2018-11-08 20:14:43.003000+00:00,7147.25,{'stop_loss_price': 7147.25}
INVALID_RISK_UNIT,risk_unit == 0 or non-finite,NQZ18-CME,19828016,2018-11-08 20:19:17.004000+00:00,7149.75,{'stop_loss_price': 7149.75}
INVALID_RISK_UNIT,risk_unit == 0 or non-finite,NQZ18-CME,19833033,2018-11-08 20:27:56.004000+00:00,7149.25,{'stop_loss_price': 7149.25}
INVALID_RISK_UNIT,risk_unit == 0 or non-finite,NQZ18-CME,19833034,2018-11-08 20:27:56.005000+00:00,7149.25,{'stop_loss_price': 7149.25}
INVALID_RISK_UNIT,risk_unit == 0 or non-finite,NQZ18-CME,19833035,2018-11-08 20:27:56.006000+00:00,7149.25,{'stop_loss_price': 7149.25}
INVALID_RISK_UNIT,risk_unit == 0 or non-finite,NQZ18-CME,19833036,2018-11-08 20:27:56.007000+00:00,7149.25,{'stop_loss_price': 7149.25}
INVALID_RISK_UNIT,risk_unit == 0 or non-finite,NQZ18-CME,19867033,2018-11-08 23:01:48+00:00,7148.5,{'stop_loss_price': 7148.5}
INVALID_RISK_UNIT,risk_unit == 0 or non-finite,NQZ18-CME,19873465,2018-11-09 01:10:22+00:00,7150.25,{'stop_loss_price': 7150.25}
INVALID_RISK_UNIT,risk_unit == 0 or non-finite,NQZ18-CME,19909554,2018-11-09 09:56:26+00:00,7126.25,{'stop_loss_price': 7126.25}
INVALID_RISK_UNIT,risk_unit == 0 or non-finite,NQZ18-CME,20091181,2018-11-09 16:05:10.145000+00:00,7050.75,{'stop_loss_price': 7050.75}
INVALID_RISK_UNIT,risk_unit == 0 or non-finite,NQZ18-CME,20091182,2018-11-09 16:05:10.146000+00:00,7050.75,{'stop_loss_price': 7050.75}
INVALID_RISK_UNIT,risk_unit == 0 or non-finite,NQZ18-CME,20091183,2018-11-09 16:05:10.147000+00:00,7050.75,{'stop_loss_price': 7050.75}
INVALID_RISK_UNIT,risk_unit == 0 or non-finite,NQZ18-CME,20091184,2018-11-09 16:05:10.148000+00:00,7050.75,{'stop_loss_price': 7050.75}
INVALID_RISK_UNIT,risk_unit == 0 or non-finite,NQZ18-CME,20091185,2018-11-09 16:05:10.149000+00:00,7050.75,{'stop_loss_price': 7050.75}
INVALID_RISK_UNIT,risk_unit == 0 or non-finite,NQZ18-CME,20091186,2018-11-09 16:05:10.150000+00:00,7050.75,{'stop_loss_price': 7050.75}
INVALID_RISK_UNIT,risk_unit == 0 or non-finite,NQZ18-CME,20091187,2018-11-09 16:05:10.151000+00:00,7050.75,{'stop_loss_price': 7050.75}
INVALID_RISK_UNIT,risk_unit == 0 or non-finite,NQZ18-CME,20096209,2018-11-09 16:07:26.049000+00:00,7041.5,{'stop_loss_price': 7041.5}
INVALID_RISK_UNIT,risk_unit == 0 or non-finite,NQZ18-CME,20108422,2018-11-09 16:18:10.003000+00:00,7044.75,{'stop_loss_price': 7044.75}
INVALID_RISK_UNIT,risk_unit == 0 or non-finite,NQZ18-CME,20215674,2018-11-09 18:35:09.109000+00:00,7008.25,{'stop_loss_price': 7008.25}
INVALID_RISK_UNIT,risk_unit == 0 or non-finite,NQZ18-CME,20215675,2018-11-09 18:35:09.110000+00:00,7008.25,{'stop_loss_price': 7008.25}
INVALID_RISK_UNIT,risk_unit == 0 or non-finite,NQZ18-CME,20215676,2018-11-09 18:35:09.111000+00:00,7008.25,{'stop_loss_price': 7008.25}
INVALID_RISK_UNIT,risk_unit == 0 or non-finite,NQZ18-CME,20215677,2018-11-09 18:35:09.112000+00:00,7008.25,{'stop_loss_price': 7008.25}
INVALID_RISK_UNIT,risk_unit == 0 or non-finite,NQZ18-CME,20215678,2018-11-09 18:35:09.113000+00:00,7008.25,{'stop_loss_price': 7008.25}
INVALID_RISK_UNIT,risk_unit == 0 or non-finite,NQZ18-CME,20215679,2018-11-09 18:35:09.114000+00:00,7008.25,{'stop_loss_price': 7008.25}
INVALID_RISK_UNIT,risk_unit == 0 or non-finite,NQZ18-CME,20215680,2018-11-09 18:35:09.115000+00:00,7008.25,{'stop_loss_price': 7008.25}
INVALID_RISK_UNIT,risk_unit == 0 or non-finite,NQZ18-CME,20215683,2018-11-09 18:35:10.002000+00:00,7008.25,{'stop_loss_price': 7008.25}
INVALID_RISK_UNIT,risk_unit == 0 or non-finite,NQZ18-CME,20215684,2018-11-09 18:35:10.003000+00:00,7008.25,{'stop_loss_price': 7008.25}
INVALID_RISK_UNIT,risk_unit == 0 or non-finite,NQZ18-CME,20215685,2018-11-09 18:35:10.004000+00:00,7008.25,{'stop_loss_price': 7008.25}
INVALID_RISK_UNIT,risk_unit == 0 or non-finite,NQZ18-CME,20215686,2018-11-09 18:35:10.005000+00:00,7008.25,{'stop_loss_price': 7008.25}
INVALID_RISK_UNIT,risk_unit == 0 or non-finite,NQZ18-CME,20215687,2018-11-09 18:35:10.006000+00:00,7008.25,{'stop_loss_price': 7008.25}
INVALID_RISK_UNIT,risk_unit == 0 or non-finite,NQZ18-CME,20215688,2018-11-09 18:35:10.007000+00:00,7008.25,{'stop_loss_price': 7008.25}
INVALID_RISK_UNIT,risk_unit == 0 or non-finite,NQZ18-CME,20327909,2018-11-09 20:40:46.011000+00:00,7057.25,{'stop_loss_price': 7057.25}
INVALID_RISK_UNIT,risk_unit == 0 or non-finite,NQZ18-CME,20339886,2018-11-09 20:50:08.006000+00:00,7053.5,{'stop_loss_price': 7053.5}
INVALID_RISK_UNIT,risk_unit == 0 or non-finite,NQZ18-CME,20367434,2018-11-09 21:48:55.008000+00:00,7027.5,{'stop_loss_price': 7027.5}
INVALID_RISK_UNIT,risk_unit == 0 or non-finite,NQZ18-CME,20367435,2018-11-09 21:48:55.009000+00:00,7027.5,{'stop_loss_price': 7027.5}
INVALID_RISK_UNIT,risk_unit == 0 or non-finite,NQZ18-CME,20367436,2018-11-09 21:48:56+00:00,7027.5,{'stop_loss_price': 7027.5}
INVALID_RISK_UNIT,risk_unit == 0 or non-finite,NQZ18-CME,20401554,2018-11-12 07:59:37.003000+00:00,7077.0,{'stop_loss_price': 7077.0}
INVALID_RISK_UNIT,risk_unit == 0 or non-finite,NQZ18-CME,20401555,2018-11-12 07:59:38+00:00,7077.0,{'stop_loss_price': 7077.0}
INVALID_RISK_UNIT,risk_unit == 0 or non-finite,NQZ18-CME,20401558,2018-11-12 07:59:39.002000+00:00,7077.0,{'stop_loss_price': 7077.0}
INVALID_RISK_UNIT,risk_unit == 0 or non-finite,NQZ18-CME,20423076,2018-11-12 11:10:01.018000+00:00,7043.75,{'stop_loss_price': 7043.75}
INVALID_RISK_UNIT,risk_unit == 0 or non-finite,NQZ18-CME,20471776,2018-11-12 14:33:12.007000+00:00,6971.75,{'stop_loss_price': 6971.75}
INVALID_RISK_UNIT,risk_unit == 0 or non-finite,NQZ18-CME,20471777,2018-11-12 14:33:12.008000+00:00,6971.75,{'stop_loss_price': 6971.75}
INVALID_RISK_UNIT,risk_unit == 0 or non-finite,NQZ18-CME,20471778,2018-11-12 14:33:12.009000+00:00,6971.75,{'stop_loss_price': 6971.75}
INVALID_RISK_UNIT,risk_unit == 0 or non-finite,NQZ18-CME,20471779,2018-11-12 14:33:12.010000+00:00,6971.75,{'stop_loss_price': 6971.75}
INVALID_RISK_UNIT,risk_unit == 0 or non-finite,NQZ18-CME,20471780,2018-11-12 14:33:12.011000+00:00,6971.75,{'stop_loss_price': 6971.75}
INVALID_RISK_UNIT,risk_unit == 0 or non-finite,NQZ18-CME,20471781,2018-11-12 14:33:12.012000+00:00,6971.75,{'stop_loss_price': 6971.75}
INVALID_RISK_UNIT,risk_unit == 0 or non-finite,NQZ18-CME,20471783,2018-11-12 14:33:12.014000+00:00,6971.75,{'stop_loss_price': 6971.75}
INVALID_RISK_UNIT,risk_unit == 0 or non-finite,NQZ18-CME,20550297,2018-11-12 15:12:26.002000+00:00,6919.25,{'stop_loss_price': 6919.25}
INVALID_RISK_UNIT,risk_unit == 0 or non-finite,NQZ18-CME,20550298,2018-11-12 15:12:26.003000+00:00,6919.25,{'stop_loss_price': 6919.25}
INVALID_RISK_UNIT,risk_unit == 0 or non-finite,NQZ18-CME,20550299,2018-11-12 15:12:26.004000+00:00,6919.25,{'stop_loss_price': 6919.25}
INVALID_RISK_UNIT,risk_unit == 0 or non-finite,NQZ18-CME,20550300,2018-11-12 15:12:26.005000+00:00,6919.25,{'stop_loss_price': 6919.25}
INVALID_RISK_UNIT,risk_unit == 0 or non-finite,NQZ18-CME,20550301,2018-11-12 15:12:26.006000+00:00,6919.25,{'stop_loss_price': 6919.25}
INVALID_RISK_UNIT,risk_unit == 0 or non-finite,NQZ18-CME,20550302,2018-11-12 15:12:26.007000+00:00,6919.25,{'stop_loss_price': 6919.25}
INVALID_RISK_UNIT,risk_unit == 0 or non-finite,NQZ18-CME,20552870,2018-11-12 15:14:34.007000+00:00,6917.25,{'stop_loss_price': 6917.25}
INVALID_RISK_UNIT,risk_unit == 0 or non-finite,NQZ18-CME,20573956,2018-11-12 15:27:53.002000+00:00,6930.75,{'stop_loss_price': 6930.75}
INVALID_RISK_UNIT,risk_unit == 0 or non-finite,NQZ18-CME,20607793,2018-11-12 15:49:30.021000+00:00,6891.25,{'stop_loss_price': 6891.25}
INVALID_RISK_UNIT,risk_unit == 0 or non-finite,NQZ18-CME,20643128,2018-11-12 16:14:35.015000+00:00,6857.25,{'stop_loss_price': 6857.25}
INVALID_RISK_UNIT,risk_unit == 0 or non-finite,NQZ18-CME,20643129,2018-11-12 16:14:35.016000+00:00,6857.25,{'stop_loss_price': 6857.25}
INVALID_RISK_UNIT,risk_unit == 0 or non-finite,NQZ18-CME,20643130,2018-11-12 16:14:35.017000+00:00,6857.25,{'stop_loss_price': 6857.25}
INVALID_RISK_UNIT,risk_unit == 0 or non-finite,NQZ18-CME,20643131,2018-11-12 16:14:35.018000+00:00,6857.25,{'stop_loss_price': 6857.25}
INVALID_RISK_UNIT,risk_unit == 0 or non-finite,NQZ18-CME,20643132,2018-11-12 16:14:35.019000+00:00,6857.25,{'stop_loss_price': 6857.25}
INVALID_RISK_UNIT,risk_unit == 0 or non-finite,NQZ18-CME,20643133,2018-11-12 16:14:35.020000+00:00,6857.25,{'stop_loss_price': 6857.25}
INVALID_RISK_UNIT,risk_unit == 0 or non-finite,NQZ18-CME,20643134,2018-11-12 16:14:35.021000+00:00,6857.25,{'stop_loss_price': 6857.25}
INVALID_RISK_UNIT,risk_unit == 0 or non-finite,NQZ18-CME,20643135,2018-11-12 16:14:35.022000+00:00,6857.25,{'stop_loss_price': 6857.25}
INVALID_RISK_UNIT,risk_unit == 0 or non-finite,NQZ18-CME,20643136,2018-11-12 16:14:35.023000+00:00,6857.25,{'stop_loss_price': 6857.25}
INVALID_RISK_UNIT,risk_unit == 0 or non-finite,NQZ18-CME,20643137,2018-11-12 16:14:35.024000+00:00,6857.25,{'stop_loss_price': 6857.25}
INVALID_RISK_UNIT,risk_unit == 0 or non-finite,NQZ18-CME,20662005,2018-11-12 16:23:38.007000+00:00,6845.25,{'stop_loss_price': 6845.25}
INVALID_RISK_UNIT,risk_unit == 0 or non-finite,NQZ18-CME,20662006,2018-11-12 16:23:38.008000+00:00,6845.25,{'stop_loss_price': 6845.25}
INVALID_RISK_UNIT,risk_unit == 0 or non-finite,NQZ18-CME,20662007,2018-11-12 16:23:38.009000+00:00,6845.25,{'stop_loss_price': 6845.25}
INVALID_RISK_UNIT,risk_unit == 0 or non-finite,NQZ18-CME,20662008,2018-11-12 16:23:38.010000+00:00,6845.25,{'stop_loss_price': 6845.25}
INVALID_RISK_UNIT,risk_unit == 0 or non-finite,NQZ18-CME,20662009,2018-11-12 16:23:38.011000+00:00,6845.25,{'stop_loss_price': 6845.25}
INVALID_RISK_UNIT,risk_unit == 0 or non-finite,NQZ18-CME,20662010,2018-11-12 16:23:38.012000+00:00,6845.25,{'stop_loss_price': 6845.25}
INVALID_RISK_UNIT,risk_unit == 0 or non-finite,NQZ18-CME,20662011,2018-11-12 16:23:38.013000+00:00,6845.25,{'stop_loss_price': 6845.25}
INVALID_RISK_UNIT,risk_unit == 0 or non-finite,NQZ18-CME,20662012,2018-11-12 16:23:38.014000+00:00,6845.25,{'stop_loss_price': 6845.25}
INVALID_RISK_UNIT,risk_unit == 0 or non-finite,NQZ18-CME,20662013,2018-11-12 16:23:38.015000+00:00,6845.25,{'stop_loss_price': 6845.25}
INVALID_RISK_UNIT,risk_unit == 0 or non-finite,NQZ18-CME,20662014,2018-11-12 16:23:38.016000+00:00,6845.25,{'stop_loss_price': 6845.25}
INVALID_RISK_UNIT,risk_unit == 0 or non-finite,NQZ18-CME,20662015,2018-11-12 16:23:38.017000+00:00,6845.25,{'stop_loss_price': 6845.25}
INVALID_RISK_UNIT,risk_unit == 0 or non-finite,NQZ18-CME,20662016,2018-11-12 16:23:38.018000+00:00,6845.25,{'stop_loss_price': 6845.25}
INVALID_RISK_UNIT,risk_unit == 0 or non-finite,NQZ18-CME,20662017,2018-11-12 16:23:38.019000+00:00,6845.25,{'stop_loss_price': 6845.25}
INVALID_RISK_UNIT,risk_unit == 0 or non-finite,NQZ18-CME,20773431,2018-11-12 18:01:57.004000+00:00,6866.75,{'stop_loss_price': 6866.75}
INVALID_RISK_UNIT,risk_unit == 0 or non-finite,NQZ18-CME,20773432,2018-11-12 18:01:57.005000+00:00,6866.75,{'stop_loss_price': 6866.75}
INVALID_RISK_UNIT,risk_unit == 0 or non-finite,NQZ18-CME,20799769,2018-11-12 18:32:31.008000+00:00,6862.0,{'stop_loss_price': 6862.0}
INVALID_RISK_UNIT,risk_unit == 0 or non-finite,NQZ18-CME,20799770,2018-11-12 18:32:31.009000+00:00,6862.0,{'stop_loss_price': 6862.0}
INVALID_RISK_UNIT,risk_unit == 0 or non-finite,NQZ18-CME,20799771,2018-11-12 18:32:31.010000+00:00,6862.0,{'stop_loss_price': 6862.0}
INVALID_RISK_UNIT,risk_unit == 0 or non-finite,NQZ18-CME,20799772,2018-11-12 18:32:31.011000+00:00,6862.0,{'stop_loss_price': 6862.0}
INVALID_RISK_UNIT,risk_unit == 0 or non-finite,NQZ18-CME,20799773,2018-11-12 18:32:31.012000+00:00,6862.0,{'stop_loss_price': 6862.0}
INVALID_RISK_UNIT,risk_unit == 0 or non-finite,NQZ18-CME,20799774,2018-11-12 18:32:31.013000+00:00,6862.0,{'stop_loss_price': 6862.0}
INVALID_RISK_UNIT,risk_unit == 0 or non-finite,NQZ18-CME,20799775,2018-11-12 18:32:31.014000+00:00,6862.0,{'stop_loss_price': 6862.0}
INVALID_RISK_UNIT,risk_unit == 0 or non-finite,NQZ18-CME,20801097,2018-11-12 18:34:22.004000+00:00,6865.5,{'stop_loss_price': 6865.5}
INVALID_RISK_UNIT,risk_unit == 0 or non-finite,NQZ18-CME,20801098,2018-11-12 18:34:22.005000+00:00,6865.5,{'stop_loss_price': 6865.5}
INVALID_RISK_UNIT,risk_unit == 0 or non-finite,NQZ18-CME,20801099,2018-11-12 18:34:22.006000+00:00,6865.5,{'stop_loss_price': 6865.5}
INVALID_RISK_UNIT,risk_unit == 0 or non-finite,NQZ18-CME,20801100,2018-11-12 18:34:22.007000+00:00,6865.5,{'stop_loss_price': 6865.5}
INVALID_RISK_UNIT,risk_unit == 0 or non-finite,NQZ18-CME,20828791,2018-11-12 19:01:15.001000+00:00,6877.5,{'stop_loss_price': 6877.5}
INVALID_RISK_UNIT,risk_unit == 0 or non-finite,NQZ18-CME,20846323,2018-11-12 19:18:14.021000+00:00,6904.75,{'stop_loss_price': 6904.75}
INVALID_RISK_UNIT,risk_unit == 0 or non-finite,NQZ18-CME,20846324,2018-11-12 19:18:14.022000+00:00,6904.75,{'stop_loss_price': 6904.75}
INVALID_RISK_UNIT,risk_unit == 0 or non-finite,NQZ18-CME,20846325,2018-11-12 19:18:14.023000+00:00,6904.75,{'stop_loss_price': 6904.75}
INVALID_RISK_UNIT,risk_unit == 0 or non-finite,NQZ18-CME,20846328,2018-11-12 19:18:14.026000+00:00,6904.75,{'stop_loss_price': 6904.75}
INVALID_RISK_UNIT,risk_unit == 0 or non-finite,NQZ18-CME,20846329,2018-11-12 19:18:14.027000+00:00,6904.75,{'stop_loss_price': 6904.75}
INVALID_RISK_UNIT,risk_unit == 0 or non-finite,NQZ18-CME,20846330,2018-11-12 19:18:14.028000+00:00,6904.75,{'stop_loss_price': 6904.75}
INVALID_RISK_UNIT,risk_unit == 0 or non-finite,NQZ18-CME,20846331,2018-11-12 19:18:14.029000+00:00,6904.75,{'stop_loss_price': 6904.75}
INVALID_RISK_UNIT,risk_unit == 0 or non-finite,NQZ18-CME,20952914,2018-11-12 20:59:02.232000+00:00,6834.5,{'stop_loss_price': 6834.5}
INVALID_RISK_UNIT,risk_unit == 0 or non-finite,NQZ18-CME,20952915,2018-11-12 20:59:02.233000+00:00,6834.5,{'stop_loss_price': 6834.5}
INVALID_RISK_UNIT,risk_unit == 0 or non-finite,NQZ18-CME,20952916,2018-11-12 20:59:02.234000+00:00,6834.5,{'stop_loss_price': 6834.5}
INVALID_RISK_UNIT,risk_unit == 0 or non-finite,NQZ18-CME,20952918,2018-11-12 20:59:02.236000+00:00,6834.5,{'stop_loss_price': 6834.5}
INVALID_RISK_UNIT,risk_unit == 0 or non-finite,NQZ18-CME,21020686,2018-11-13 07:28:31+00:00,6856.5,{'stop_loss_price': 6856.5}
INVALID_RISK_UNIT,risk_unit == 0 or non-finite,NQZ18-CME,21020687,2018-11-13 07:28:32+00:00,6856.5,{'stop_loss_price': 6856.5}
INVALID_RISK_UNIT,risk_unit == 0 or non-finite,NQZ18-CME,21020688,2018-11-13 07:28:32.001000+00:00,6856.5,{'stop_loss_price': 6856.5}
INVALID_RISK_UNIT,risk_unit == 0 or non-finite,NQZ18-CME,21020689,2018-11-13 07:28:32.002000+00:00,6856.5,{'stop_loss_price': 6856.5}
INVALID_RISK_UNIT,risk_unit == 0 or non-finite,NQZ18-CME,21049408,2018-11-13 10:22:30.001000+00:00,6869.5,{'stop_loss_price': 6869.5}
INVALID_RISK_UNIT,risk_unit == 0 or non-finite,NQZ18-CME,21165542,2018-11-13 14:57:50.008000+00:00,6869.75,{'stop_loss_price': 6869.75}
INVALID_RISK_UNIT,risk_unit == 0 or non-finite,NQZ18-CME,21196421,2018-11-13 15:11:46.109000+00:00,6877.0,{'stop_loss_price': 6877.0}
INVALID_RISK_UNIT,risk_unit == 0 or non-finite,NQZ18-CME,21196422,2018-11-13 15:11:46.110000+00:00,6877.0,{'stop_loss_price': 6877.0}
INVALID_RISK_UNIT,risk_unit == 0 or non-finite,NQZ18-CME,21215561,2018-11-13 15:24:34.028000+00:00,6848.25,{'stop_loss_price': 6848.25}
INVALID_RISK_UNIT,risk_unit == 0 or non-finite,NQZ18-CME,21215562,2018-11-13 15:24:34.029000+00:00,6848.25,{'stop_loss_price': 6848.25}
INVALID_RISK_UNIT,risk_unit == 0 or non-finite,NQZ18-CME,21215563,2018-11-13 15:24:34.030000+00:00,6848.25,{'stop_loss_price': 6848.25}
INVALID_RISK_UNIT,risk_unit == 0 or non-finite,NQZ18-CME,21334252,2018-11-13 16:36:16.049000+00:00,6926.25,{'stop_loss_price': 6926.25}
INVALID_RISK_UNIT,risk_unit == 0 or non-finite,NQZ18-CME,21334253,2018-11-13 16:36:16.050000+00:00,6926.25,{'stop_loss_price': 6926.25}
INVALID_RISK_UNIT,risk_unit == 0 or non-finite,NQZ18-CME,21334254,2018-11-13 16:36:16.051000+00:00,6926.25,{'stop_loss_price': 6926.25}
INVALID_RISK_UNIT,risk_unit == 0 or non-finite,NQZ18-CME,21334255,2018-11-13 16:36:16.052000+00:00,6926.25,{'stop_loss_price': 6926.25}
INVALID_RISK_UNIT,risk_unit == 0 or non-finite,NQZ18-CME,21348308,2018-11-13 16:49:17.010000+00:00,6921.0,{'stop_loss_price': 6921.0}
INVALID_RISK_UNIT,risk_unit == 0 or non-finite,NQZ18-CME,21348309,2018-11-13 16:49:17.011000+00:00,6921.0,{'stop_loss_price': 6921.0}
INVALID_RISK_UNIT,risk_unit == 0 or non-finite,NQZ18-CME,21348328,2018-11-13 16:49:17.030000+00:00,6921.0,{'stop_loss_price': 6921.0}
INVALID_RISK_UNIT,risk_unit == 0 or non-finite,NQZ18-CME,21353133,2018-11-13 16:55:05.007000+00:00,6909.25,{'stop_loss_price': 6909.25}
INVALID_RISK_UNIT,risk_unit == 0 or non-finite,NQZ18-CME,21419206,2018-11-13 18:14:25.013000+00:00,6865.0,{'stop_loss_price': 6865.0}
INVALID_RISK_UNIT,risk_unit == 0 or non-finite,NQZ18-CME,21419207,2018-11-13 18:14:25.014000+00:00,6865.0,{'stop_loss_price': 6865.0}
INVALID_RISK_UNIT,risk_unit == 0 or non-finite,NQZ18-CME,21419210,2018-11-13 18:14:26.002000+00:00,6865.0,{'stop_loss_price': 6865.0}
INVALID_RISK_UNIT,risk_unit == 0 or non-finite,NQZ18-CME,21419211,2018-11-13 18:14:26.003000+00:00,6865.0,{'stop_loss_price': 6865.0}
INVALID_RISK_UNIT,risk_unit == 0 or non-finite,NQZ18-CME,21419235,2018-11-13 18:14:27.007000+00:00,6865.0,{'stop_loss_price': 6865.0}
INVALID_RISK_UNIT,risk_unit == 0 or non-finite,NQZ18-CME,21419236,2018-11-13 18:14:27.008000+00:00,6865.0,{'stop_loss_price': 6865.0}
INVALID_RISK_UNIT,risk_unit == 0 or non-finite,NQZ18-CME,21419237,2018-11-13 18:14:27.009000+00:00,6865.0,{'stop_loss_price': 6865.0}
INVALID_RISK_UNIT,risk_unit == 0 or non-finite,NQZ18-CME,21419238,2018-11-13 18:14:27.010000+00:00,6865.0,{'stop_loss_price': 6865.0}
INVALID_RISK_UNIT,risk_unit == 0 or non-finite,NQZ18-CME,21458323,2018-11-13 19:10:36.031000+00:00,6862.75,{'stop_loss_price': 6862.75}
INVALID_RISK_UNIT,risk_unit == 0 or non-finite,NQZ18-CME,21476857,2018-11-13 19:32:10.006000+00:00,6849.0,{'stop_loss_price': 6849.0}
INVALID_RISK_UNIT,risk_unit == 0 or non-finite,NQZ18-CME,21499701,2018-11-13 19:59:47.002000+00:00,6842.75,{'stop_loss_price': 6842.75}
INVALID_RISK_UNIT,risk_unit == 0 or non-finite,NQZ18-CME,21499702,2018-11-13 19:59:47.003000+00:00,6842.75,{'stop_loss_price': 6842.75}
INVALID_RISK_UNIT,risk_unit == 0 or non-finite,NQZ18-CME,21499703,2018-11-13 19:59:47.004000+00:00,6842.75,{'stop_loss_price': 6842.75}
INVALID_RISK_UNIT,risk_unit == 0 or non-finite,NQZ18-CME,21577177,2018-11-14 00:05:12+00:00,6878.75,{'stop_loss_price': 6878.75}
INVALID_RISK_UNIT,risk_unit == 0 or non-finite,NQZ18-CME,21615561,2018-11-14 08:22:53.024000+00:00,6805.75,{'stop_loss_price': 6805.75}
INVALID_RISK_UNIT,risk_unit == 0 or non-finite,NQZ18-CME,21679340,2018-11-14 13:42:34.045000+00:00,6882.25,{'stop_loss_price': 6882.25}
INVALID_RISK_UNIT,risk_unit == 0 or non-finite,NQZ18-CME,21737808,2018-11-14 14:47:01.037000+00:00,6909.0,{'stop_loss_price': 6909.0}
INVALID_RISK_UNIT,risk_unit == 0 or non-finite,NQZ18-CME,21737809,2018-11-14 14:47:01.038000+00:00,6909.0,{'stop_loss_price': 6909.0}
INVALID_RISK_UNIT,risk_unit == 0 or non-finite,NQZ18-CME,21737810,2018-11-14 14:47:01.039000+00:00,6909.0,{'stop_loss_price': 6909.0}
INVALID_RISK_UNIT,risk_unit == 0 or non-finite,NQZ18-CME,21737811,2018-11-14 14:47:01.040000+00:00,6909.0,{'stop_loss_price': 6909.0}
INVALID_RISK_UNIT,risk_unit == 0 or non-finite,NQZ18-CME,21737812,2018-11-14 14:47:01.041000+00:00,6909.0,{'stop_loss_price': 6909.0}
INVALID_RISK_UNIT,risk_unit == 0 or non-finite,NQZ18-CME,21782713,2018-11-14 15:11:39.006000+00:00,6864.75,{'stop_loss_price': 6864.75}
INVALID_RISK_UNIT,risk_unit == 0 or non-finite,NQZ18-CME,21802547,2018-11-14 15:25:09.208000+00:00,6837.75,{'stop_loss_price': 6837.75}
INVALID_RISK_UNIT,risk_unit == 0 or non-finite,NQZ18-CME,21802548,2018-11-14 15:25:09.209000+00:00,6837.75,{'stop_loss_price': 6837.75}
INVALID_RISK_UNIT,risk_unit == 0 or non-finite,NQZ18-CME,21802549,2018-11-14 15:25:09.210000+00:00,6837.75,{'stop_loss_price': 6837.75}
INVALID_RISK_UNIT,risk_unit == 0 or non-finite,NQZ18-CME,21802550,2018-11-14 15:25:09.211000+00:00,6837.75,{'stop_loss_price': 6837.75}
INVALID_RISK_UNIT,risk_unit == 0 or non-finite,NQZ18-CME,21802551,2018-11-14 15:25:09.212000+00:00,6837.75,{'stop_loss_price': 6837.75}
INVALID_RISK_UNIT,risk_unit == 0 or non-finite,NQZ18-CME,21802552,2018-11-14 15:25:09.213000+00:00,6837.75,{'stop_loss_price': 6837.75}
INVALID_RISK_UNIT,risk_unit == 0 or non-finite,NQZ18-CME,21802553,2018-11-14 15:25:09.214000+00:00,6837.75,{'stop_loss_price': 6837.75}
INVALID_RISK_UNIT,risk_unit == 0 or non-finite,NQZ18-CME,21802556,2018-11-14 15:25:09.217000+00:00,6837.75,{'stop_loss_price': 6837.75}
INVALID_RISK_UNIT,risk_unit == 0 or non-finite,NQZ18-CME,21853859,2018-11-14 16:02:21.006000+00:00,6821.75,{'stop_loss_price': 6821.75}
INVALID_RISK_UNIT,risk_unit == 0 or non-finite,NQZ18-CME,21884921,2018-11-14 16:26:54.177000+00:00,6812.25,{'stop_loss_price': 6812.25}
INVALID_RISK_UNIT,risk_unit == 0 or non-finite,NQZ18-CME,21958040,2018-11-14 17:28:31.004000+00:00,6825.25,{'stop_loss_price': 6825.25}
INVALID_RISK_UNIT,risk_unit == 0 or non-finite,NQZ18-CME,21989178,2018-11-14 17:56:42.235000+00:00,6794.5,{'stop_loss_price': 6794.5}
INVALID_RISK_UNIT,risk_unit == 0 or non-finite,NQZ18-CME,21989179,2018-11-14 17:56:42.236000+00:00,6794.5,{'stop_loss_price': 6794.5}
INVALID_RISK_UNIT,risk_unit == 0 or non-finite,NQZ18-CME,21989180,2018-11-14 17:56:42.237000+00:00,6794.5,{'stop_loss_price': 6794.5}
INVALID_RISK_UNIT,risk_unit == 0 or non-finite,NQZ18-CME,21989181,2018-11-14 17:56:42.238000+00:00,6794.5,{'stop_loss_price': 6794.5}
INVALID_RISK_UNIT,risk_unit == 0 or non-finite,NQZ18-CME,21989182,2018-11-14 17:56:42.239000+00:00,6794.5,{'stop_loss_price': 6794.5}
INVALID_RISK_UNIT,risk_unit == 0 or non-finite,NQZ18-CME,21989183,2018-11-14 17:56:42.240000+00:00,6794.5,{'stop_loss_price': 6794.5}
INVALID_RISK_UNIT,risk_unit == 0 or non-finite,NQZ18-CME,21989184,2018-11-14 17:56:42.241000+00:00,6794.5,{'stop_loss_price': 6794.5}
INVALID_RISK_UNIT,risk_unit == 0 or non-finite,NQZ18-CME,21989185,2018-11-14 17:56:42.242000+00:00,6794.5,{'stop_loss_price': 6794.5}
INVALID_RISK_UNIT,risk_unit == 0 or non-finite,NQZ18-CME,21989187,2018-11-14 17:56:42.244000+00:00,6794.5,{'stop_loss_price': 6794.5}
INVALID_RISK_UNIT,risk_unit == 0 or non-finite,NQZ18-CME,22000597,2018-11-14 18:03:36.004000+00:00,6790.0,{'stop_loss_price': 6790.0}
INVALID_RISK_UNIT,risk_unit == 0 or non-finite,NQZ18-CME,22000598,2018-11-14 18:03:36.005000+00:00,6790.0,{'stop_loss_price': 6790.0}
INVALID_RISK_UNIT,risk_unit == 0 or non-finite,NQZ18-CME,22000599,2018-11-14 18:03:36.006000+00:00,6790.0,{'stop_loss_price': 6790.0}
INVALID_RISK_UNIT,risk_unit == 0 or non-finite,NQZ18-CME,22000600,2018-11-14 18:03:36.007000+00:00,6790.0,{'stop_loss_price': 6790.0}
INVALID_RISK_UNIT,risk_unit == 0 or non-finite,NQZ18-CME,22011539,2018-11-14 18:13:05.022000+00:00,6782.75,{'stop_loss_price': 6782.75}
INVALID_RISK_UNIT,risk_unit == 0 or non-finite,NQZ18-CME,22021554,2018-11-14 18:21:13.017000+00:00,6810.0,{'stop_loss_price': 6810.0}
INVALID_RISK_UNIT,risk_unit == 0 or non-finite,NQZ18-CME,22021555,2018-11-14 18:21:13.018000+00:00,6810.0,{'stop_loss_price': 6810.0}
INVALID_RISK_UNIT,risk_unit == 0 or non-finite,NQZ18-CME,22021556,2018-11-14 18:21:13.019000+00:00,6810.0,{'stop_loss_price': 6810.0}
INVALID_RISK_UNIT,risk_unit == 0 or non-finite,NQZ18-CME,22021557,2018-11-14 18:21:13.020000+00:00,6810.0,{'stop_loss_price': 6810.0}
INVALID_RISK_UNIT,risk_unit == 0 or non-finite,NQZ18-CME,22021558,2018-11-14 18:21:13.021000+00:00,6810.0,{'stop_loss_price': 6810.0}
INVALID_RISK_UNIT,risk_unit == 0 or non-finite,NQZ18-CME,22021560,2018-11-14 18:21:13.023000+00:00,6810.0,{'stop_loss_price': 6810.0}
INVALID_RISK_UNIT,risk_unit == 0 or non-finite,NQZ18-CME,22071788,2018-11-14 19:16:41.007000+00:00,6794.0,{'stop_loss_price': 6794.0}
INVALID_RISK_UNIT,risk_unit == 0 or non-finite,NQZ18-CME,22090514,2018-11-14 19:32:15.002000+00:00,6790.0,{'stop_loss_price': 6790.0}
INVALID_RISK_UNIT,risk_unit == 0 or non-finite,NQZ18-CME,22090515,2018-11-14 19:32:15.003000+00:00,6790.0,{'stop_loss_price': 6790.0}
INVALID_RISK_UNIT,risk_unit == 0 or non-finite,NQZ18-CME,22090516,2018-11-14 19:32:15.004000+00:00,6790.0,{'stop_loss_price': 6790.0}
INVALID_RISK_UNIT,risk_unit == 0 or non-finite,NQZ18-CME,22091211,2018-11-14 19:32:47.013000+00:00,6795.5,{'stop_loss_price': 6795.5}
INVALID_RISK_UNIT,risk_unit == 0 or non-finite,NQZ18-CME,22169038,2018-11-14 20:55:39.003000+00:00,6776.25,{'stop_loss_price': 6776.25}
INVALID_RISK_UNIT,risk_unit == 0 or non-finite,NQZ18-CME,22169039,2018-11-14 20:55:39.004000+00:00,6776.25,{'stop_loss_price': 6776.25}
INVALID_RISK_UNIT,risk_unit == 0 or non-finite,NQZ18-CME,22169040,2018-11-14 20:55:39.005000+00:00,6776.25,{'stop_loss_price': 6776.25}
INVALID_RISK_UNIT,risk_unit == 0 or non-finite,NQZ18-CME,22170781,2018-11-14 20:56:54.001000+00:00,6786.25,{'stop_loss_price': 6786.25}
INVALID_RISK_UNIT,risk_unit == 0 or non-finite,NQZ18-CME,22170782,2018-11-14 20:56:54.002000+00:00,6786.25,{'stop_loss_price': 6786.25}
INVALID_RISK_UNIT,risk_unit == 0 or non-finite,NQZ18-CME,22170783,2018-11-14 20:56:54.003000+00:00,6786.25,{'stop_loss_price': 6786.25}
INVALID_RISK_UNIT,risk_unit == 0 or non-finite,NQZ18-CME,22170784,2018-11-14 20:56:54.004000+00:00,6786.25,{'stop_loss_price': 6786.25}
INVALID_RISK_UNIT,risk_unit == 0 or non-finite,NQZ18-CME,22200923,2018-11-15 00:15:06.002000+00:00,6776.0,{'stop_loss_price': 6776.0}
INVALID_RISK_UNIT,risk_unit == 0 or non-finite,NQZ18-CME,22207482,2018-11-15 01:16:00+00:00,6797.5,{'stop_loss_price': 6797.5}
INVALID_RISK_UNIT,risk_unit == 0 or non-finite,NQZ18-CME,22218242,2018-11-15 02:28:49+00:00,6781.5,{'stop_loss_price': 6781.5}
INVALID_RISK_UNIT,risk_unit == 0 or non-finite,NQZ18-CME,22218243,2018-11-15 02:28:49.001000+00:00,6781.5,{'stop_loss_price': 6781.5}
INVALID_RISK_UNIT,risk_unit == 0 or non-finite,NQZ18-CME,22218244,2018-11-15 02:28:49.002000+00:00,6781.5,{'stop_loss_price': 6781.5}
INVALID_RISK_UNIT,risk_unit == 0 or non-finite,NQZ18-CME,22218245,2018-11-15 02:28:49.003000+00:00,6781.5,{'stop_loss_price': 6781.5}
INVALID_RISK_UNIT,risk_unit == 0 or non-finite,NQZ18-CME,22233285,2018-11-15 05:48:26.009000+00:00,6781.75,{'stop_loss_price': 6781.75}
INVALID_RISK_UNIT,risk_unit == 0 or non-finite,NQZ18-CME,22289395,2018-11-15 12:16:23.042000+00:00,6805.75,{'stop_loss_price': 6805.75}
INVALID_RISK_UNIT,risk_unit == 0 or non-finite,NQZ18-CME,22315238,2018-11-15 13:59:02+00:00,6779.0,{'stop_loss_price': 6779.0}
INVALID_RISK_UNIT,risk_unit == 0 or non-finite,NQZ18-CME,22315239,2018-11-15 13:59:02.001000+00:00,6779.0,{'stop_loss_price': 6779.0}
INVALID_RISK_UNIT,risk_unit == 0 or non-finite,NQZ18-CME,22355871,2018-11-15 14:36:28.004000+00:00,6778.25,{'stop_loss_price': 6778.25}
INVALID_RISK_UNIT,risk_unit == 0 or non-finite,NQZ18-CME,22374870,2018-11-15 14:44:04.022000+00:00,6789.5,{'stop_loss_price': 6789.5}
INVALID_RISK_UNIT,risk_unit == 0 or non-finite,NQZ18-CME,22374871,2018-11-15 14:44:04.023000+00:00,6789.5,{'stop_loss_price': 6789.5}
INVALID_RISK_UNIT,risk_unit == 0 or non-finite,NQZ18-CME,22374872,2018-11-15 14:44:04.024000+00:00,6789.5,{'stop_loss_price': 6789.5}
INVALID_RISK_UNIT,risk_unit == 0 or non-finite,NQZ18-CME,22374873,2018-11-15 14:44:04.025000+00:00,6789.5,{'stop_loss_price': 6789.5}
INVALID_RISK_UNIT,risk_unit == 0 or non-finite,NQZ18-CME,22374874,2018-11-15 14:44:04.026000+00:00,6789.5,{'stop_loss_price': 6789.5}
INVALID_RISK_UNIT,risk_unit == 0 or non-finite,NQZ18-CME,22374875,2018-11-15 14:44:04.027000+00:00,6789.5,{'stop_loss_price': 6789.5}
INVALID_RISK_UNIT,risk_unit == 0 or non-finite,NQZ18-CME,22407596,2018-11-15 14:59:45.092000+00:00,6758.75,{'stop_loss_price': 6758.75}
INVALID_RISK_UNIT,risk_unit == 0 or non-finite,NQZ18-CME,22407597,2018-11-15 14:59:45.093000+00:00,6758.75,{'stop_loss_price': 6758.75}
INVALID_RISK_UNIT,risk_unit == 0 or non-finite,NQZ18-CME,22407598,2018-11-15 14:59:45.094000+00:00,6758.75,{'stop_loss_price': 6758.75}
INVALID_RISK_UNIT,risk_unit == 0 or non-finite,NQZ18-CME,22407600,2018-11-15 14:59:45.096000+00:00,6758.75,{'stop_loss_price': 6758.75}
INVALID_RISK_UNIT,risk_unit == 0 or non-finite,NQZ18-CME,22424688,2018-11-15 15:06:59+00:00,6755.5,{'stop_loss_price': 6755.5}
INVALID_RISK_UNIT,risk_unit == 0 or non-finite,NQZ18-CME,22444017,2018-11-15 15:19:44.003000+00:00,6765.75,{'stop_loss_price': 6765.75}
INVALID_RISK_UNIT,risk_unit == 0 or non-finite,NQZ18-CME,22444018,2018-11-15 15:19:44.004000+00:00,6765.75,{'stop_loss_price': 6765.75}
INVALID_RISK_UNIT,risk_unit == 0 or non-finite,NQZ18-CME,22451771,2018-11-15 15:24:51.006000+00:00,6751.75,{'stop_loss_price': 6751.75}
INVALID_RISK_UNIT,risk_unit == 0 or non-finite,NQZ18-CME,22512218,2018-11-15 16:02:20.012000+00:00,6757.25,{'stop_loss_price': 6757.25}
INVALID_RISK_UNIT,risk_unit == 0 or non-finite,NQZ18-CME,22512219,2018-11-15 16:02:20.013000+00:00,6757.25,{'stop_loss_price': 6757.25}
INVALID_RISK_UNIT,risk_unit == 0 or non-finite,NQZ18-CME,22512220,2018-11-15 16:02:20.014000+00:00,6757.25,{'stop_loss_price': 6757.25}
INVALID_RISK_UNIT,risk_unit == 0 or non-finite,NQZ18-CME,22512221,2018-11-15 16:02:20.015000+00:00,6757.25,{'stop_loss_price': 6757.25}
INVALID_RISK_UNIT,risk_unit == 0 or non-finite,NQZ18-CME,22512222,2018-11-15 16:02:20.016000+00:00,6757.25,{'stop_loss_price': 6757.25}
INVALID_RISK_UNIT,risk_unit == 0 or non-finite,NQZ18-CME,22512223,2018-11-15 16:02:20.017000+00:00,6757.25,{'stop_loss_price': 6757.25}
INVALID_RISK_UNIT,risk_unit == 0 or non-finite,NQZ18-CME,22512224,2018-11-15 16:02:20.018000+00:00,6757.25,{'stop_loss_price': 6757.25}
INVALID_RISK_UNIT,risk_unit == 0 or non-finite,NQZ18-CME,22512225,2018-11-15 16:02:20.019000+00:00,6757.25,{'stop_loss_price': 6757.25}
INVALID_RISK_UNIT,risk_unit == 0 or non-finite,NQZ18-CME,22512226,2018-11-15 16:02:20.020000+00:00,6757.25,{'stop_loss_price': 6757.25}
INVALID_RISK_UNIT,risk_unit == 0 or non-finite,NQZ18-CME,22512227,2018-11-15 16:02:21+00:00,6757.25,{'stop_loss_price': 6757.25}
INVALID_RISK_UNIT,risk_unit == 0 or non-finite,NQZ18-CME,22512228,2018-11-15 16:02:21.001000+00:00,6757.25,{'stop_loss_price': 6757.25}
INVALID_RISK_UNIT,risk_unit == 0 or non-finite,NQZ18-CME,22512229,2018-11-15 16:02:21.002000+00:00,6757.25,{'stop_loss_price': 6757.25}
INVALID_RISK_UNIT,risk_unit == 0 or non-finite,NQZ18-CME,22572576,2018-11-15 16:49:27+00:00,6810.5,{'stop_loss_price': 6810.5}
INVALID_RISK_UNIT,risk_unit == 0 or non-finite,NQZ18-CME,22572577,2018-11-15 16:49:27.001000+00:00,6810.5,{'stop_loss_price': 6810.5}
INVALID_RISK_UNIT,risk_unit == 0 or non-finite,NQZ18-CME,22572578,2018-11-15 16:49:27.002000+00:00,6810.5,{'stop_loss_price': 6810.5}
INVALID_RISK_UNIT,risk_unit == 0 or non-finite,NQZ18-CME,22572579,2018-11-15 16:49:27.003000+00:00,6810.5,{'stop_loss_price': 6810.5}
INVALID_RISK_UNIT,risk_unit == 0 or non-finite,NQZ18-CME,22572580,2018-11-15 16:49:27.004000+00:00,6810.5,{'stop_loss_price': 6810.5}
INVALID_RISK_UNIT,risk_unit == 0 or non-finite,NQZ18-CME,22651945,2018-11-15 18:20:25.004000+00:00,6821.0,{'stop_loss_price': 6821.0}
INVALID_RISK_UNIT,risk_unit == 0 or non-finite,NQZ18-CME,22651946,2018-11-15 18:20:25.005000+00:00,6821.0,{'stop_loss_price': 6821.0}
INVALID_RISK_UNIT,risk_unit == 0 or non-finite,NQZ18-CME,22651947,2018-11-15 18:20:25.006000+00:00,6821.0,{'stop_loss_price': 6821.0}
INVALID_RISK_UNIT,risk_unit == 0 or non-finite,NQZ18-CME,22651948,2018-11-15 18:20:25.007000+00:00,6821.0,{'stop_loss_price': 6821.0}
INVALID_RISK_UNIT,risk_unit == 0 or non-finite,NQZ18-CME,22651949,2018-11-15 18:20:25.008000+00:00,6821.0,{'stop_loss_price': 6821.0}
INVALID_RISK_UNIT,risk_unit == 0 or non-finite,NQZ18-CME,22651950,2018-11-15 18:20:25.009000+00:00,6821.0,{'stop_loss_price': 6821.0}
INVALID_RISK_UNIT,risk_unit == 0 or non-finite,NQZ18-CME,22677408,2018-11-15 18:35:56+00:00,6867.0,{'stop_loss_price': 6867.0}
INVALID_RISK_UNIT,risk_unit == 0 or non-finite,NQZ18-CME,22678650,2018-11-15 18:37:11.024000+00:00,6865.25,{'stop_loss_price': 6865.25}
INVALID_RISK_UNIT,risk_unit == 0 or non-finite,NQZ18-CME,22684689,2018-11-15 18:43:15.016000+00:00,6869.75,{'stop_loss_price': 6869.75}
INVALID_RISK_UNIT,risk_unit == 0 or non-finite,NQZ18-CME,22710593,2018-11-15 19:01:59.054000+00:00,6884.5,{'stop_loss_price': 6884.5}
INVALID_RISK_UNIT,risk_unit == 0 or non-finite,NQZ18-CME,22710594,2018-11-15 19:01:59.055000+00:00,6884.5,{'stop_loss_price': 6884.5}
INVALID_RISK_UNIT,risk_unit == 0 or non-finite,NQZ18-CME,22710595,2018-11-15 19:01:59.056000+00:00,6884.5,{'stop_loss_price': 6884.5}
INVALID_RISK_UNIT,risk_unit == 0 or non-finite,NQZ18-CME,22721246,2018-11-15 19:14:30+00:00,6887.0,{'stop_loss_price': 6887.0}
INVALID_RISK_UNIT,risk_unit == 0 or non-finite,NQZ18-CME,22732819,2018-11-15 19:29:34.002000+00:00,6903.75,{'stop_loss_price': 6903.75}
INVALID_RISK_UNIT,risk_unit == 0 or non-finite,NQZ18-CME,22732820,2018-11-15 19:29:34.003000+00:00,6903.75,{'stop_loss_price': 6903.75}
INVALID_RISK_UNIT,risk_unit == 0 or non-finite,NQZ18-CME,22732821,2018-11-15 19:29:34.004000+00:00,6903.75,{'stop_loss_price': 6903.75}
INVALID_RISK_UNIT,risk_unit == 0 or non-finite,NQZ18-CME,22732822,2018-11-15 19:29:34.005000+00:00,6903.75,{'stop_loss_price': 6903.75}
INVALID_RISK_UNIT,risk_unit == 0 or non-finite,NQZ18-CME,22732823,2018-11-15 19:29:34.006000+00:00,6903.75,{'stop_loss_price': 6903.75}
INVALID_RISK_UNIT,risk_unit == 0 or non-finite,NQZ18-CME,22732844,2018-11-15 19:29:35.013000+00:00,6904.0,{'stop_loss_price': 6904.0}
INVALID_RISK_UNIT,risk_unit == 0 or non-finite,NQZ18-CME,22732845,2018-11-15 19:29:35.014000+00:00,6904.0,{'stop_loss_price': 6904.0}
INVALID_RISK_UNIT,risk_unit == 0 or non-finite,NQZ18-CME,22738828,2018-11-15 19:34:00.140000+00:00,6917.25,{'stop_loss_price': 6917.25}
INVALID_RISK_UNIT,risk_unit == 0 or non-finite,NQZ18-CME,22738829,2018-11-15 19:34:00.141000+00:00,6917.25,{'stop_loss_price': 6917.25}
INVALID_RISK_UNIT,risk_unit == 0 or non-finite,NQZ18-CME,22738830,2018-11-15 19:34:00.142000+00:00,6917.25,{'stop_loss_price': 6917.25}
INVALID_RISK_UNIT,risk_unit == 0 or non-finite,NQZ18-CME,22738831,2018-11-15 19:34:00.143000+00:00,6917.25,{'stop_loss_price': 6917.25}
INVALID_RISK_UNIT,risk_unit == 0 or non-finite,NQZ18-CME,22738832,2018-11-15 19:34:00.144000+00:00,6917.25,{'stop_loss_price': 6917.25}
INVALID_RISK_UNIT,risk_unit == 0 or non-finite,NQZ18-CME,22738833,2018-11-15 19:34:00.145000+00:00,6917.25,{'stop_loss_price': 6917.25}
INVALID_RISK_UNIT,risk_unit == 0 or non-finite,NQZ18-CME,22738834,2018-11-15 19:34:00.146000+00:00,6917.25,{'stop_loss_price': 6917.25}
INVALID_RISK_UNIT,risk_unit == 0 or non-finite,NQZ18-CME,22748587,2018-11-15 19:47:51.017000+00:00,6914.0,{'stop_loss_price': 6914.0}
INVALID_RISK_UNIT,risk_unit == 0 or non-finite,NQZ18-CME,22791595,2018-11-15 20:13:14.024000+00:00,6881.0,{'stop_loss_price': 6881.0}
INVALID_RISK_UNIT,risk_unit == 0 or non-finite,NQZ18-CME,22815374,2018-11-15 20:31:58.036000+00:00,6874.25,{'stop_loss_price': 6874.25}
INVALID_RISK_UNIT,risk_unit == 0 or non-finite,NQZ18-CME,22821643,2018-11-15 20:40:05.024000+00:00,6888.0,{'stop_loss_price': 6888.0}
INVALID_RISK_UNIT,risk_unit == 0 or non-finite,NQZ18-CME,22830832,2018-11-15 20:51:21.133000+00:00,6892.25,{'stop_loss_price': 6892.25}
INVALID_RISK_UNIT,risk_unit == 0 or non-finite,NQZ18-CME,22853706,2018-11-15 21:14:50.011000+00:00,6915.0,{'stop_loss_price': 6915.0}
INVALID_RISK_UNIT,risk_unit == 0 or non-finite,NQZ18-CME,22853707,2018-11-15 21:14:50.012000+00:00,6915.0,{'stop_loss_price': 6915.0}
INVALID_RISK_UNIT,risk_unit == 0 or non-finite,NQZ18-CME,22853708,2018-11-15 21:14:50.013000+00:00,6915.0,{'stop_loss_price': 6915.0}
INVALID_RISK_UNIT,risk_unit == 0 or non-finite,NQZ18-CME,22855956,2018-11-15 21:37:38.004000+00:00,6886.5,{'stop_loss_price': 6886.5}
INVALID_RISK_UNIT,risk_unit == 0 or non-finite,NQZ18-CME,22866050,2018-11-16 00:43:24+00:00,6873.0,{'stop_loss_price': 6873.0}
INVALID_RISK_UNIT,risk_unit == 0 or non-finite,NQZ18-CME,22866327,2018-11-16 00:47:25.006000+00:00,6875.5,{'stop_loss_price': 6875.5}
INVALID_RISK_UNIT,risk_unit == 0 or non-finite,NQZ18-CME,22878412,2018-11-16 02:50:40+00:00,6866.0,{'stop_loss_price': 6866.0}
INVALID_RISK_UNIT,risk_unit == 0 or non-finite,NQZ18-CME,22883448,2018-11-16 04:27:55.001000+00:00,6877.25,{'stop_loss_price': 6877.25}
INVALID_RISK_UNIT,risk_unit == 0 or non-finite,NQZ18-CME,22884810,2018-11-16 05:00:00.010000+00:00,6879.75,{'stop_loss_price': 6879.75}
INVALID_RISK_UNIT,risk_unit == 0 or non-finite,NQZ18-CME,22884811,2018-11-16 05:00:00.011000+00:00,6879.75,{'stop_loss_price': 6879.75}
INVALID_RISK_UNIT,risk_unit == 0 or non-finite,NQZ18-CME,22884812,2018-11-16 05:00:00.012000+00:00,6879.75,{'stop_loss_price': 6879.75}
INVALID_RISK_UNIT,risk_unit == 0 or non-finite,NQZ18-CME,22884813,2018-11-16 05:00:00.013000+00:00,6879.75,{'stop_loss_price': 6879.75}
INVALID_RISK_UNIT,risk_unit == 0 or non-finite,NQZ18-CME,22891746,2018-11-16 07:06:18+00:00,6860.5,{'stop_loss_price': 6860.5}
INVALID_RISK_UNIT,risk_unit == 0 or non-finite,NQZ18-CME,22911882,2018-11-16 09:48:43+00:00,6857.25,{'stop_loss_price': 6857.25}
INVALID_RISK_UNIT,risk_unit == 0 or non-finite,NQZ18-CME,22924968,2018-11-16 11:42:43+00:00,6830.75,{'stop_loss_price': 6830.75}
INVALID_RISK_UNIT,risk_unit == 0 or non-finite,NQZ18-CME,22979104,2018-11-16 14:30:42.037000+00:00,6826.0,{'stop_loss_price': 6826.0}
INVALID_RISK_UNIT,risk_unit == 0 or non-finite,NQZ18-CME,22997793,2018-11-16 14:38:56.011000+00:00,6816.25,{'stop_loss_price': 6816.25}
INVALID_RISK_UNIT,risk_unit == 0 or non-finite,NQZ18-CME,22997794,2018-11-16 14:38:56.012000+00:00,6816.25,{'stop_loss_price': 6816.25}
INVALID_RISK_UNIT,risk_unit == 0 or non-finite,NQZ18-CME,22997795,2018-11-16 14:38:56.013000+00:00,6816.25,{'stop_loss_price': 6816.25}
INVALID_RISK_UNIT,risk_unit == 0 or non-finite,NQZ18-CME,22997796,2018-11-16 14:38:56.014000+00:00,6816.25,{'stop_loss_price': 6816.25}
INVALID_RISK_UNIT,risk_unit == 0 or non-finite,NQZ18-CME,22997799,2018-11-16 14:38:57.002000+00:00,6816.25,{'stop_loss_price': 6816.25}
INVALID_RISK_UNIT,risk_unit == 0 or non-finite,NQZ18-CME,22997800,2018-11-16 14:38:57.003000+00:00,6816.25,{'stop_loss_price': 6816.25}
INVALID_RISK_UNIT,risk_unit == 0 or non-finite,NQZ18-CME,23049728,2018-11-16 15:05:11.015000+00:00,6872.0,{'stop_loss_price': 6872.0}
INVALID_RISK_UNIT,risk_unit == 0 or non-finite,NQZ18-CME,23049729,2018-11-16 15:05:11.016000+00:00,6872.0,{'stop_loss_price': 6872.0}
INVALID_RISK_UNIT,risk_unit == 0 or non-finite,NQZ18-CME,23049730,2018-11-16 15:05:11.017000+00:00,6872.0,{'stop_loss_price': 6872.0}
INVALID_RISK_UNIT,risk_unit == 0 or non-finite,NQZ18-CME,23049731,2018-11-16 15:05:11.018000+00:00,6872.0,{'stop_loss_price': 6872.0}
INVALID_RISK_UNIT,risk_unit == 0 or non-finite,NQZ18-CME,23059648,2018-11-16 15:09:56.002000+00:00,6853.75,{'stop_loss_price': 6853.75}
INVALID_RISK_UNIT,risk_unit == 0 or non-finite,NQZ18-CME,23066604,2018-11-16 15:14:24.064000+00:00,6872.75,{'stop_loss_price': 6872.75}
INVALID_RISK_UNIT,risk_unit == 0 or non-finite,NQZ18-CME,23081406,2018-11-16 15:22:20.007000+00:00,6869.75,{'stop_loss_price': 6869.75}
INVALID_RISK_UNIT,risk_unit == 0 or non-finite,NQZ18-CME,23081407,2018-11-16 15:22:20.008000+00:00,6869.75,{'stop_loss_price': 6869.75}
INVALID_RISK_UNIT,risk_unit == 0 or non-finite,NQZ18-CME,23081408,2018-11-16 15:22:20.009000+00:00,6869.75,{'stop_loss_price': 6869.75}
INVALID_RISK_UNIT,risk_unit == 0 or non-finite,NQZ18-CME,23098326,2018-11-16 15:33:00.058000+00:00,6890.5,{'stop_loss_price': 6890.5}
INVALID_RISK_UNIT,risk_unit == 0 or non-finite,NQZ18-CME,23159086,2018-11-16 16:26:53.006000+00:00,6859.25,{'stop_loss_price': 6859.25}
INVALID_RISK_UNIT,risk_unit == 0 or non-finite,NQZ18-CME,23159087,2018-11-16 16:26:53.007000+00:00,6859.25,{'stop_loss_price': 6859.25}
INVALID_RISK_UNIT,risk_unit == 0 or non-finite,NQZ18-CME,23159088,2018-11-16 16:26:53.008000+00:00,6859.25,{'stop_loss_price': 6859.25}
INVALID_RISK_UNIT,risk_unit == 0 or non-finite,NQZ18-CME,23159089,2018-11-16 16:26:53.009000+00:00,6859.25,{'stop_loss_price': 6859.25}
INVALID_RISK_UNIT,risk_unit == 0 or non-finite,NQZ18-CME,23201926,2018-11-16 17:07:05.006000+00:00,6843.75,{'stop_loss_price': 6843.75}
INVALID_RISK_UNIT,risk_unit == 0 or non-finite,NQZ18-CME,23201927,2018-11-16 17:07:05.007000+00:00,6843.75,{'stop_loss_price': 6843.75}
INVALID_RISK_UNIT,risk_unit == 0 or non-finite,NQZ18-CME,23201928,2018-11-16 17:07:05.008000+00:00,6843.75,{'stop_loss_price': 6843.75}
INVALID_RISK_UNIT,risk_unit == 0 or non-finite,NQZ18-CME,23201929,2018-11-16 17:07:05.009000+00:00,6843.75,{'stop_loss_price': 6843.75}
INVALID_RISK_UNIT,risk_unit == 0 or non-finite,NQZ18-CME,23292689,2018-11-16 18:26:04+00:00,6861.5,{'stop_loss_price': 6861.5}
INVALID_RISK_UNIT,risk_unit == 0 or non-finite,NQZ18-CME,23305334,2018-11-16 18:42:33.004000+00:00,6841.0,{'stop_loss_price': 6841.0}
INVALID_RISK_UNIT,risk_unit == 0 or non-finite,NQZ18-CME,23314583,2018-11-16 18:54:21.044000+00:00,6842.5,{'stop_loss_price': 6842.5}
INVALID_RISK_UNIT,risk_unit == 0 or non-finite,NQZ18-CME,23321526,2018-11-16 19:03:54.007000+00:00,6858.0,{'stop_loss_price': 6858.0}
INVALID_RISK_UNIT,risk_unit == 0 or non-finite,NQZ18-CME,23321527,2018-11-16 19:03:54.008000+00:00,6858.0,{'stop_loss_price': 6858.0}
INVALID_RISK_UNIT,risk_unit == 0 or non-finite,NQZ18-CME,23321528,2018-11-16 19:03:56+00:00,6858.0,{'stop_loss_price': 6858.0}
INVALID_RISK_UNIT,risk_unit == 0 or non-finite,NQZ18-CME,23321529,2018-11-16 19:03:56.001000+00:00,6858.0,{'stop_loss_price': 6858.0}
INVALID_RISK_UNIT,risk_unit == 0 or non-finite,NQZ18-CME,23321530,2018-11-16 19:03:56.002000+00:00,6858.0,{'stop_loss_price': 6858.0}
INVALID_RISK_UNIT,risk_unit == 0 or non-finite,NQZ18-CME,23338717,2018-11-16 19:25:22.006000+00:00,6846.75,{'stop_loss_price': 6846.75}
INVALID_RISK_UNIT,risk_unit == 0 or non-finite,NQZ18-CME,23338718,2018-11-16 19:25:22.007000+00:00,6846.75,{'stop_loss_price': 6846.75}
INVALID_RISK_UNIT,risk_unit == 0 or non-finite,NQZ18-CME,23338719,2018-11-16 19:25:22.008000+00:00,6846.75,{'stop_loss_price': 6846.75}
INVALID_RISK_UNIT,risk_unit == 0 or non-finite,NQZ18-CME,23358929,2018-11-16 19:46:37+00:00,6885.0,{'stop_loss_price': 6885.0}
INVALID_RISK_UNIT,risk_unit == 0 or non-finite,NQZ18-CME,23358930,2018-11-16 19:46:38+00:00,6885.0,{'stop_loss_price': 6885.0}
INVALID_RISK_UNIT,risk_unit == 0 or non-finite,NQZ18-CME,23358931,2018-11-16 19:46:38.001000+00:00,6885.0,{'stop_loss_price': 6885.0}
INVALID_RISK_UNIT,risk_unit == 0 or non-finite,NQZ18-CME,23358932,2018-11-16 19:46:38.002000+00:00,6885.0,{'stop_loss_price': 6885.0}
INVALID_RISK_UNIT,risk_unit == 0 or non-finite,NQZ18-CME,23358933,2018-11-16 19:46:38.003000+00:00,6885.0,{'stop_loss_price': 6885.0}
INVALID_RISK_UNIT,risk_unit == 0 or non-finite,NQZ18-CME,23358934,2018-11-16 19:46:38.004000+00:00,6885.0,{'stop_loss_price': 6885.0}
INVALID_RISK_UNIT,risk_unit == 0 or non-finite,NQZ18-CME,23368121,2018-11-16 19:55:12+00:00,6896.5,{'stop_loss_price': 6896.5}
INVALID_RISK_UNIT,risk_unit == 0 or non-finite,NQZ18-CME,23368122,2018-11-16 19:55:12.001000+00:00,6896.5,{'stop_loss_price': 6896.5}
INVALID_RISK_UNIT,risk_unit == 0 or non-finite,NQZ18-CME,23368123,2018-11-16 19:55:12.002000+00:00,6896.5,{'stop_loss_price': 6896.5}
INVALID_RISK_UNIT,risk_unit == 0 or non-finite,NQZ18-CME,23368124,2018-11-16 19:55:12.003000+00:00,6896.5,{'stop_loss_price': 6896.5}
INVALID_RISK_UNIT,risk_unit == 0 or non-finite,NQZ18-CME,23368125,2018-11-16 19:55:12.004000+00:00,6896.5,{'stop_loss_price': 6896.5}
INVALID_RISK_UNIT,risk_unit == 0 or non-finite,NQZ18-CME,23368129,2018-11-16 19:55:12.008000+00:00,6896.5,{'stop_loss_price': 6896.5}
INVALID_RISK_UNIT,risk_unit == 0 or non-finite,NQZ18-CME,23368130,2018-11-16 19:55:12.009000+00:00,6896.5,{'stop_loss_price': 6896.5}
INVALID_RISK_UNIT,risk_unit == 0 or non-finite,NQZ18-CME,23368140,2018-11-16 19:55:14.006000+00:00,6896.5,{'stop_loss_price': 6896.5}
INVALID_RISK_UNIT,risk_unit == 0 or non-finite,NQZ18-CME,23406694,2018-11-16 20:48:42.010000+00:00,6891.75,{'stop_loss_price': 6891.75}
INVALID_RISK_UNIT,risk_unit == 0 or non-finite,NQZ18-CME,23406695,2018-11-16 20:48:42.011000+00:00,6891.75,{'stop_loss_price': 6891.75}
INVALID_RISK_UNIT,risk_unit == 0 or non-finite,NQZ18-CME,23406696,2018-11-16 20:48:42.012000+00:00,6891.75,{'stop_loss_price': 6891.75}
INVALID_RISK_UNIT,risk_unit == 0 or non-finite,NQZ18-CME,23406697,2018-11-16 20:48:42.013000+00:00,6891.75,{'stop_loss_price': 6891.75}
INVALID_RISK_UNIT,risk_unit == 0 or non-finite,NQZ18-CME,23406698,2018-11-16 20:48:42.014000+00:00,6891.75,{'stop_loss_price': 6891.75}
INVALID_RISK_UNIT,risk_unit == 0 or non-finite,NQZ18-CME,23406699,2018-11-16 20:48:42.015000+00:00,6891.75,{'stop_loss_price': 6891.75}
INVALID_RISK_UNIT,risk_unit == 0 or non-finite,NQZ18-CME,23406700,2018-11-16 20:48:42.016000+00:00,6891.75,{'stop_loss_price': 6891.75}
INVALID_RISK_UNIT,risk_unit == 0 or non-finite,NQZ18-CME,23406701,2018-11-16 20:48:42.017000+00:00,6891.75,{'stop_loss_price': 6891.75}
INVALID_RISK_UNIT,risk_unit == 0 or non-finite,NQZ18-CME,23465850,2018-11-19 08:18:16.009000+00:00,6925.5,{'stop_loss_price': 6925.5}
INVALID_RISK_UNIT,risk_unit == 0 or non-finite,NQZ18-CME,23465851,2018-11-19 08:18:16.010000+00:00,6925.5,{'stop_loss_price': 6925.5}
INVALID_RISK_UNIT,risk_unit == 0 or non-finite,NQZ18-CME,23465852,2018-11-19 08:18:16.011000+00:00,6925.5,{'stop_loss_price': 6925.5}
INVALID_RISK_UNIT,risk_unit == 0 or non-finite,NQZ18-CME,23465856,2018-11-19 08:18:18.001000+00:00,6925.5,{'stop_loss_price': 6925.5}
INVALID_RISK_UNIT,risk_unit == 0 or non-finite,NQZ18-CME,23500296,2018-11-19 12:47:53+00:00,6870.5,{'stop_loss_price': 6870.5}
INVALID_RISK_UNIT,risk_unit == 0 or non-finite,NQZ18-CME,23564604,2018-11-19 14:48:36.004000+00:00,6827.5,{'stop_loss_price': 6827.5}
INVALID_RISK_UNIT,risk_unit == 0 or non-finite,NQZ18-CME,23564605,2018-11-19 14:48:36.005000+00:00,6827.5,{'stop_loss_price': 6827.5}
INVALID_RISK_UNIT,risk_unit == 0 or non-finite,NQZ18-CME,23564606,2018-11-19 14:48:36.006000+00:00,6827.5,{'stop_loss_price': 6827.5}
INVALID_RISK_UNIT,risk_unit == 0 or non-finite,NQZ18-CME,23564607,2018-11-19 14:48:36.007000+00:00,6827.5,{'stop_loss_price': 6827.5}
INVALID_RISK_UNIT,risk_unit == 0 or non-finite,NQZ18-CME,23564608,2018-11-19 14:48:36.008000+00:00,6827.5,{'stop_loss_price': 6827.5}
INVALID_RISK_UNIT,risk_unit == 0 or non-finite,NQZ18-CME,23595148,2018-11-19 15:05:30.087000+00:00,6773.5,{'stop_loss_price': 6773.5}
INVALID_RISK_UNIT,risk_unit == 0 or non-finite,NQZ18-CME,23618590,2018-11-19 15:18:47.021000+00:00,6770.0,{'stop_loss_price': 6770.0}
INVALID_RISK_UNIT,risk_unit == 0 or non-finite,NQZ18-CME,23651755,2018-11-19 15:37:26.047000+00:00,6738.5,{'stop_loss_price': 6738.5}
INVALID_RISK_UNIT,risk_unit == 0 or non-finite,NQZ18-CME,23652469,2018-11-19 15:38:04.007000+00:00,6737.25,{'stop_loss_price': 6737.25}
INVALID_RISK_UNIT,risk_unit == 0 or non-finite,NQZ18-CME,23704185,2018-11-19 16:16:18.004000+00:00,6739.25,{'stop_loss_price': 6739.25}
INVALID_RISK_UNIT,risk_unit == 0 or non-finite,NQZ18-CME,23704186,2018-11-19 16:16:18.005000+00:00,6739.25,{'stop_loss_price': 6739.25}
INVALID_RISK_UNIT,risk_unit == 0 or non-finite,NQZ18-CME,23730896,2018-11-19 16:36:17.006000+00:00,6715.0,{'stop_loss_price': 6715.0}
INVALID_RISK_UNIT,risk_unit == 0 or non-finite,NQZ18-CME,23778725,2018-11-19 17:08:01+00:00,6675.25,{'stop_loss_price': 6675.25}
INVALID_RISK_UNIT,risk_unit == 0 or non-finite,NQZ18-CME,23782371,2018-11-19 17:10:42.010000+00:00,6687.0,{'stop_loss_price': 6687.0}
INVALID_RISK_UNIT,risk_unit == 0 or non-finite,NQZ18-CME,23782372,2018-11-19 17:10:42.011000+00:00,6687.0,{'stop_loss_price': 6687.0}
INVALID_RISK_UNIT,risk_unit == 0 or non-finite,NQZ18-CME,23795748,2018-11-19 17:19:14.004000+00:00,6690.75,{'stop_loss_price': 6690.75}
INVALID_RISK_UNIT,risk_unit == 0 or non-finite,NQZ18-CME,23833293,2018-11-19 18:05:43.102000+00:00,6687.75,{'stop_loss_price': 6687.75}
INVALID_RISK_UNIT,risk_unit == 0 or non-finite,NQZ18-CME,23833294,2018-11-19 18:05:43.103000+00:00,6687.75,{'stop_loss_price': 6687.75}
INVALID_RISK_UNIT,risk_unit == 0 or non-finite,NQZ18-CME,23945626,2018-11-19 19:47:55.009000+00:00,6679.5,{'stop_loss_price': 6679.5}
INVALID_RISK_UNIT,risk_unit == 0 or non-finite,NQZ18-CME,23945627,2018-11-19 19:47:55.010000+00:00,6679.5,{'stop_loss_price': 6679.5}
INVALID_RISK_UNIT,risk_unit == 0 or non-finite,NQZ18-CME,23980270,2018-11-19 20:12:25.014000+00:00,6703.5,{'stop_loss_price': 6703.5}
INVALID_RISK_UNIT,risk_unit == 0 or non-finite,NQZ18-CME,23980271,2018-11-19 20:12:25.015000+00:00,6703.5,{'stop_loss_price': 6703.5}
INVALID_RISK_UNIT,risk_unit == 0 or non-finite,NQZ18-CME,23980272,2018-11-19 20:12:25.016000+00:00,6703.5,{'stop_loss_price': 6703.5}
INVALID_RISK_UNIT,risk_unit == 0 or non-finite,NQZ18-CME,23980273,2018-11-19 20:12:25.017000+00:00,6703.5,{'stop_loss_price': 6703.5}
INVALID_RISK_UNIT,risk_unit == 0 or non-finite,NQZ18-CME,23995183,2018-11-19 20:26:18.005000+00:00,6680.5,{'stop_loss_price': 6680.5}
INVALID_RISK_UNIT,risk_unit == 0 or non-finite,NQZ18-CME,23995184,2018-11-19 20:26:18.006000+00:00,6680.5,{'stop_loss_price': 6680.5}
INVALID_RISK_UNIT,risk_unit == 0 or non-finite,NQZ18-CME,23995185,2018-11-19 20:26:18.007000+00:00,6680.5,{'stop_loss_price': 6680.5}
INVALID_RISK_UNIT,risk_unit == 0 or non-finite,NQZ18-CME,23995186,2018-11-19 20:26:18.008000+00:00,6680.5,{'stop_loss_price': 6680.5}
INVALID_RISK_UNIT,risk_unit == 0 or non-finite,NQZ18-CME,23995187,2018-11-19 20:26:18.009000+00:00,6680.5,{'stop_loss_price': 6680.5}
INVALID_RISK_UNIT,risk_unit == 0 or non-finite,NQZ18-CME,23995188,2018-11-19 20:26:18.010000+00:00,6680.5,{'stop_loss_price': 6680.5}
INVALID_RISK_UNIT,risk_unit == 0 or non-finite,NQZ18-CME,24054300,2018-11-20 00:16:17.003000+00:00,6651.75,{'stop_loss_price': 6651.75}
INVALID_RISK_UNIT,risk_unit == 0 or non-finite,NQZ18-CME,24054728,2018-11-20 00:20:38+00:00,6657.5,{'stop_loss_price': 6657.5}
INVALID_RISK_UNIT,risk_unit == 0 or non-finite,NQZ18-CME,24054729,2018-11-20 00:20:43+00:00,6657.5,{'stop_loss_price': 6657.5}
INVALID_RISK_UNIT,risk_unit == 0 or non-finite,NQZ18-CME,24054730,2018-11-20 00:20:47+00:00,6657.5,{'stop_loss_price': 6657.5}
INVALID_RISK_UNIT,risk_unit == 0 or non-finite,NQZ18-CME,24054731,2018-11-20 00:20:47.001000+00:00,6657.5,{'stop_loss_price': 6657.5}
INVALID_RISK_UNIT,risk_unit == 0 or non-finite,NQZ18-CME,24054732,2018-11-20 00:20:47.002000+00:00,6657.5,{'stop_loss_price': 6657.5}
INVALID_RISK_UNIT,risk_unit == 0 or non-finite,NQZ18-CME,24054733,2018-11-20 00:20:47.003000+00:00,6657.5,{'stop_loss_price': 6657.5}
INVALID_RISK_UNIT,risk_unit == 0 or non-finite,NQZ18-CME,24098670,2018-11-20 09:09:54+00:00,6596.0,{'stop_loss_price': 6596.0}
INVALID_RISK_UNIT,risk_unit == 0 or non-finite,NQZ18-CME,24100024,2018-11-20 09:13:38.011000+00:00,6592.75,{'stop_loss_price': 6592.75}
INVALID_RISK_UNIT,risk_unit == 0 or non-finite,NQZ18-CME,24142705,2018-11-20 12:35:27.001000+00:00,6583.5,{'stop_loss_price': 6583.5}
INVALID_RISK_UNIT,risk_unit == 0 or non-finite,NQZ18-CME,24153305,2018-11-20 12:57:38.006000+00:00,6559.5,{'stop_loss_price': 6559.5}
INVALID_RISK_UNIT,risk_unit == 0 or non-finite,NQZ18-CME,24232695,2018-11-20 14:34:34.021000+00:00,6531.0,{'stop_loss_price': 6531.0}
INVALID_RISK_UNIT,risk_unit == 0 or non-finite,NQZ18-CME,24262406,2018-11-20 14:43:28.009000+00:00,6550.5,{'stop_loss_price': 6550.5}
INVALID_RISK_UNIT,risk_unit == 0 or non-finite,NQZ18-CME,24262407,2018-11-20 14:43:28.010000+00:00,6550.5,{'stop_loss_price': 6550.5}
INVALID_RISK_UNIT,risk_unit == 0 or non-finite,NQZ18-CME,24262408,2018-11-20 14:43:28.011000+00:00,6550.5,{'stop_loss_price': 6550.5}
INVALID_RISK_UNIT,risk_unit == 0 or non-finite,NQZ18-CME,24272069,2018-11-20 14:47:19.103000+00:00,6549.0,{'stop_loss_price': 6549.0}
INVALID_RISK_UNIT,risk_unit == 0 or non-finite,NQZ18-CME,24294785,2018-11-20 14:54:09.027000+00:00,6493.5,{'stop_loss_price': 6493.5}
INVALID_RISK_UNIT,risk_unit == 0 or non-finite,NQZ18-CME,24338517,2018-11-20 15:10:30.035000+00:00,6487.5,{'stop_loss_price': 6487.5}
INVALID_RISK_UNIT,risk_unit == 0 or non-finite,NQZ18-CME,24340750,2018-11-20 15:11:16.150000+00:00,6475.25,{'stop_loss_price': 6475.25}
INVALID_RISK_UNIT,risk_unit == 0 or non-finite,NQZ18-CME,24390832,2018-11-20 15:29:44.045000+00:00,6524.25,{'stop_loss_price': 6524.25}
INVALID_RISK_UNIT,risk_unit == 0 or non-finite,NQZ18-CME,24390833,2018-11-20 15:29:44.046000+00:00,6524.25,{'stop_loss_price': 6524.25}
INVALID_RISK_UNIT,risk_unit == 0 or non-finite,NQZ18-CME,24416855,2018-11-20 15:40:03.016000+00:00,6568.75,{'stop_loss_price': 6568.75}
INVALID_RISK_UNIT,risk_unit == 0 or non-finite,NQZ18-CME,24416856,2018-11-20 15:40:03.017000+00:00,6568.75,{'stop_loss_price': 6568.75}
INVALID_RISK_UNIT,risk_unit == 0 or non-finite,NQZ18-CME,24416857,2018-11-20 15:40:03.018000+00:00,6568.75,{'stop_loss_price': 6568.75}
INVALID_RISK_UNIT,risk_unit == 0 or non-finite,NQZ18-CME,24416858,2018-11-20 15:40:03.019000+00:00,6568.75,{'stop_loss_price': 6568.75}
INVALID_RISK_UNIT,risk_unit == 0 or non-finite,NQZ18-CME,24416859,2018-11-20 15:40:03.020000+00:00,6568.75,{'stop_loss_price': 6568.75}
INVALID_RISK_UNIT,risk_unit == 0 or non-finite,NQZ18-CME,24416860,2018-11-20 15:40:03.021000+00:00,6568.75,{'stop_loss_price': 6568.75}
INVALID_RISK_UNIT,risk_unit == 0 or non-finite,NQZ18-CME,24417121,2018-11-20 15:40:06.218000+00:00,6571.25,{'stop_loss_price': 6571.25}
INVALID_RISK_UNIT,risk_unit == 0 or non-finite,NQZ18-CME,24464604,2018-11-20 16:02:56+00:00,6607.25,{'stop_loss_price': 6607.25}
INVALID_RISK_UNIT,risk_unit == 0 or non-finite,NQZ18-CME,24465057,2018-11-20 16:03:11.006000+00:00,6609.5,{'stop_loss_price': 6609.5}
INVALID_RISK_UNIT,risk_unit == 0 or non-finite,NQZ18-CME,24465058,2018-11-20 16:03:11.007000+00:00,6609.5,{'stop_loss_price': 6609.5}
INVALID_RISK_UNIT,risk_unit == 0 or non-finite,NQZ18-CME,24465059,2018-11-20 16:03:11.008000+00:00,6609.5,{'stop_loss_price': 6609.5}
INVALID_RISK_UNIT,risk_unit == 0 or non-finite,NQZ18-CME,24492338,2018-11-20 16:18:51.017000+00:00,6571.25,{'stop_loss_price': 6571.25}
INVALID_RISK_UNIT,risk_unit == 0 or non-finite,NQZ18-CME,24494857,2018-11-20 16:20:31.035000+00:00,6569.75,{'stop_loss_price': 6569.75}
INVALID_RISK_UNIT,risk_unit == 0 or non-finite,NQZ18-CME,24494858,2018-11-20 16:20:31.036000+00:00,6569.75,{'stop_loss_price': 6569.75}
INVALID_RISK_UNIT,risk_unit == 0 or non-finite,NQZ18-CME,24494859,2018-11-20 16:20:31.037000+00:00,6569.75,{'stop_loss_price': 6569.75}
INVALID_RISK_UNIT,risk_unit == 0 or non-finite,NQZ18-CME,24494860,2018-11-20 16:20:31.038000+00:00,6569.75,{'stop_loss_price': 6569.75}
INVALID_RISK_UNIT,risk_unit == 0 or non-finite,NQZ18-CME,24494861,2018-11-20 16:20:31.039000+00:00,6569.75,{'stop_loss_price': 6569.75}
INVALID_RISK_UNIT,risk_unit == 0 or non-finite,NQZ18-CME,24494862,2018-11-20 16:20:31.040000+00:00,6569.75,{'stop_loss_price': 6569.75}
INVALID_RISK_UNIT,risk_unit == 0 or non-finite,NQZ18-CME,24494863,2018-11-20 16:20:31.041000+00:00,6569.75,{'stop_loss_price': 6569.75}
INVALID_RISK_UNIT,risk_unit == 0 or non-finite,NQZ18-CME,24507074,2018-11-20 16:29:39.004000+00:00,6556.75,{'stop_loss_price': 6556.75}
INVALID_RISK_UNIT,risk_unit == 0 or non-finite,NQZ18-CME,24521369,2018-11-20 16:38:00.010000+00:00,6592.25,{'stop_loss_price': 6592.25}
INVALID_RISK_UNIT,risk_unit == 0 or non-finite,NQZ18-CME,24521370,2018-11-20 16:38:00.011000+00:00,6592.25,{'stop_loss_price': 6592.25}
INVALID_RISK_UNIT,risk_unit == 0 or non-finite,NQZ18-CME,24521371,2018-11-20 16:38:00.012000+00:00,6592.25,{'stop_loss_price': 6592.25}
INVALID_RISK_UNIT,risk_unit == 0 or non-finite,NQZ18-CME,24536425,2018-11-20 16:47:45.014000+00:00,6603.5,{'stop_loss_price': 6603.5}
INVALID_RISK_UNIT,risk_unit == 0 or non-finite,NQZ18-CME,24552313,2018-11-20 17:00:20.005000+00:00,6606.25,{'stop_loss_price': 6606.25}
INVALID_RISK_UNIT,risk_unit == 0 or non-finite,NQZ18-CME,24614370,2018-11-20 17:56:38.034000+00:00,6566.25,{'stop_loss_price': 6566.25}
INVALID_RISK_UNIT,risk_unit == 0 or non-finite,NQZ18-CME,24614632,2018-11-20 17:56:52.039000+00:00,6562.0,{'stop_loss_price': 6562.0}
INVALID_RISK_UNIT,risk_unit == 0 or non-finite,NQZ18-CME,24632551,2018-11-20 18:20:01.001000+00:00,6547.25,{'stop_loss_price': 6547.25}
INVALID_RISK_UNIT,risk_unit == 0 or non-finite,NQZ18-CME,24687129,2018-11-20 19:17:25.001000+00:00,6542.25,{'stop_loss_price': 6542.25}
INVALID_RISK_UNIT,risk_unit == 0 or non-finite,NQZ18-CME,24687130,2018-11-20 19:17:25.002000+00:00,6542.25,{'stop_loss_price': 6542.25}
INVALID_RISK_UNIT,risk_unit == 0 or non-finite,NQZ18-CME,24687131,2018-11-20 19:17:25.003000+00:00,6542.25,{'stop_loss_price': 6542.25}
INVALID_RISK_UNIT,risk_unit == 0 or non-finite,NQZ18-CME,24687132,2018-11-20 19:17:25.004000+00:00,6542.25,{'stop_loss_price': 6542.25}
INVALID_RISK_UNIT,risk_unit == 0 or non-finite,NQZ18-CME,24687133,2018-11-20 19:17:25.005000+00:00,6542.25,{'stop_loss_price': 6542.25}
INVALID_RISK_UNIT,risk_unit == 0 or non-finite,NQZ18-CME,24687134,2018-11-20 19:17:25.006000+00:00,6542.25,{'stop_loss_price': 6542.25}
INVALID_RISK_UNIT,risk_unit == 0 or non-finite,NQZ18-CME,24694762,2018-11-20 19:26:59+00:00,6529.25,{'stop_loss_price': 6529.25}
INVALID_RISK_UNIT,risk_unit == 0 or non-finite,NQZ18-CME,24709892,2018-11-20 19:43:33+00:00,6527.0,{'stop_loss_price': 6527.0}
INVALID_RISK_UNIT,risk_unit == 0 or non-finite,NQZ18-CME,24774062,2018-11-20 20:41:23.043000+00:00,6542.25,{'stop_loss_price': 6542.25}
INVALID_RISK_UNIT,risk_unit == 0 or non-finite,NQZ18-CME,24774063,2018-11-20 20:41:23.044000+00:00,6542.25,{'stop_loss_price': 6542.25}
INVALID_RISK_UNIT,risk_unit == 0 or non-finite,NQZ18-CME,24774065,2018-11-20 20:41:24+00:00,6542.25,{'stop_loss_price': 6542.25}
INVALID_RISK_UNIT,risk_unit == 0 or non-finite,NQZ18-CME,24778797,2018-11-20 20:46:10+00:00,6542.5,{'stop_loss_price': 6542.5}
INVALID_RISK_UNIT,risk_unit == 0 or non-finite,NQZ18-CME,24786120,2018-11-20 20:53:53+00:00,6516.25,{'stop_loss_price': 6516.25}
INVALID_RISK_UNIT,risk_unit == 0 or non-finite,NQZ18-CME,24786121,2018-11-20 20:53:53.001000+00:00,6516.25,{'stop_loss_price': 6516.25}
INVALID_RISK_UNIT,risk_unit == 0 or non-finite,NQZ18-CME,24786122,2018-11-20 20:53:53.002000+00:00,6516.25,{'stop_loss_price': 6516.25}
INVALID_RISK_UNIT,risk_unit == 0 or non-finite,NQZ18-CME,24786123,2018-11-20 20:53:53.003000+00:00,6516.25,{'stop_loss_price': 6516.25}
INVALID_RISK_UNIT,risk_unit == 0 or non-finite,NQZ18-CME,24809142,2018-11-20 23:21:02.001000+00:00,6518.75,{'stop_loss_price': 6518.75}
INVALID_RISK_UNIT,risk_unit == 0 or non-finite,NQZ18-CME,24809143,2018-11-20 23:21:02.002000+00:00,6518.75,{'stop_loss_price': 6518.75}
INVALID_RISK_UNIT,risk_unit == 0 or non-finite,NQZ18-CME,24809144,2018-11-20 23:21:06+00:00,6518.75,{'stop_loss_price': 6518.75}
INVALID_RISK_UNIT,risk_unit == 0 or non-finite,NQZ18-CME,24809145,2018-11-20 23:21:06.001000+00:00,6518.75,{'stop_loss_price': 6518.75}
INVALID_RISK_UNIT,risk_unit == 0 or non-finite,NQZ18-CME,24809146,2018-11-20 23:21:06.002000+00:00,6518.75,{'stop_loss_price': 6518.75}
INVALID_RISK_UNIT,risk_unit == 0 or non-finite,NQZ18-CME,24809147,2018-11-20 23:21:07+00:00,6518.75,{'stop_loss_price': 6518.75}
INVALID_RISK_UNIT,risk_unit == 0 or non-finite,NQZ18-CME,24816666,2018-11-21 00:45:15.001000+00:00,6539.5,{'stop_loss_price': 6539.5}
INVALID_RISK_UNIT,risk_unit == 0 or non-finite,NQZ18-CME,24816667,2018-11-21 00:45:15.002000+00:00,6539.5,{'stop_loss_price': 6539.5}
INVALID_RISK_UNIT,risk_unit == 0 or non-finite,NQZ18-CME,24816668,2018-11-21 00:45:15.003000+00:00,6539.5,{'stop_loss_price': 6539.5}
INVALID_RISK_UNIT,risk_unit == 0 or non-finite,NQZ18-CME,24816669,2018-11-21 00:45:15.004000+00:00,6539.5,{'stop_loss_price': 6539.5}
INVALID_RISK_UNIT,risk_unit == 0 or non-finite,NQZ18-CME,24825795,2018-11-21 01:50:46+00:00,6558.25,{'stop_loss_price': 6558.25}
INVALID_RISK_UNIT,risk_unit == 0 or non-finite,NQZ18-CME,24836180,2018-11-21 04:49:39.005000+00:00,6562.75,{'stop_loss_price': 6562.75}
INVALID_RISK_UNIT,risk_unit == 0 or non-finite,NQZ18-CME,24839329,2018-11-21 05:51:31.003000+00:00,6566.0,{'stop_loss_price': 6566.0}
INVALID_RISK_UNIT,risk_unit == 0 or non-finite,NQZ18-CME,24855636,2018-11-21 08:14:28+00:00,6583.75,{'stop_loss_price': 6583.75}
INVALID_RISK_UNIT,risk_unit == 0 or non-finite,NQZ18-CME,24866339,2018-11-21 09:02:39+00:00,6596.25,{'stop_loss_price': 6596.25}
INVALID_RISK_UNIT,risk_unit == 0 or non-finite,NQZ18-CME,24878446,2018-11-21 10:20:13+00:00,6579.0,{'stop_loss_price': 6579.0}
INVALID_RISK_UNIT,risk_unit == 0 or non-finite,NQZ18-CME,24878447,2018-11-21 10:20:15+00:00,6579.0,{'stop_loss_price': 6579.0}
INVALID_RISK_UNIT,risk_unit == 0 or non-finite,NQZ18-CME,24878448,2018-11-21 10:20:15.001000+00:00,6579.0,{'stop_loss_price': 6579.0}
INVALID_RISK_UNIT,risk_unit == 0 or non-finite,NQZ18-CME,24883443,2018-11-21 10:50:46+00:00,6571.25,{'stop_loss_price': 6571.25}
INVALID_RISK_UNIT,risk_unit == 0 or non-finite,NQZ18-CME,24891855,2018-11-21 11:39:30.001000+00:00,6592.25,{'stop_loss_price': 6592.25}
INVALID_RISK_UNIT,risk_unit == 0 or non-finite,NQZ18-CME,24891856,2018-11-21 11:39:30.002000+00:00,6592.25,{'stop_loss_price': 6592.25}
INVALID_RISK_UNIT,risk_unit == 0 or non-finite,NQZ18-CME,24891857,2018-11-21 11:39:30.003000+00:00,6592.25,{'stop_loss_price': 6592.25}
INVALID_RISK_UNIT,risk_unit == 0 or non-finite,NQZ18-CME,24891858,2018-11-21 11:39:30.004000+00:00,6592.25,{'stop_loss_price': 6592.25}
INVALID_RISK_UNIT,risk_unit == 0 or non-finite,NQZ18-CME,24891859,2018-11-21 11:39:30.005000+00:00,6592.25,{'stop_loss_price': 6592.25}
INVALID_RISK_UNIT,risk_unit == 0 or non-finite,NQZ18-CME,24891862,2018-11-21 11:39:35+00:00,6592.25,{'stop_loss_price': 6592.25}
INVALID_RISK_UNIT,risk_unit == 0 or non-finite,NQZ18-CME,24911347,2018-11-21 12:50:59.050000+00:00,6621.75,{'stop_loss_price': 6621.75}
INVALID_RISK_UNIT,risk_unit == 0 or non-finite,NQZ18-CME,24922064,2018-11-21 13:24:53.005000+00:00,6620.5,{'stop_loss_price': 6620.5}
INVALID_RISK_UNIT,risk_unit == 0 or non-finite,NQZ18-CME,24922065,2018-11-21 13:24:53.006000+00:00,6620.5,{'stop_loss_price': 6620.5}
INVALID_RISK_UNIT,risk_unit == 0 or non-finite,NQZ18-CME,24922066,2018-11-21 13:24:53.007000+00:00,6620.5,{'stop_loss_price': 6620.5}
INVALID_RISK_UNIT,risk_unit == 0 or non-finite,NQZ18-CME,24922067,2018-11-21 13:24:53.008000+00:00,6620.5,{'stop_loss_price': 6620.5}
INVALID_RISK_UNIT,risk_unit == 0 or non-finite,NQZ18-CME,24922068,2018-11-21 13:24:53.009000+00:00,6620.5,{'stop_loss_price': 6620.5}
INVALID_RISK_UNIT,risk_unit == 0 or non-finite,NQZ18-CME,24961453,2018-11-21 14:35:49.030000+00:00,6629.75,{'stop_loss_price': 6629.75}
INVALID_RISK_UNIT,risk_unit == 0 or non-finite,NQZ18-CME,24961454,2018-11-21 14:35:49.031000+00:00,6629.75,{'stop_loss_price': 6629.75}
INVALID_RISK_UNIT,risk_unit == 0 or non-finite,NQZ18-CME,24961455,2018-11-21 14:35:49.032000+00:00,6629.75,{'stop_loss_price': 6629.75}
INVALID_RISK_UNIT,risk_unit == 0 or non-finite,NQZ18-CME,24961456,2018-11-21 14:35:49.033000+00:00,6629.75,{'stop_loss_price': 6629.75}
INVALID_RISK_UNIT,risk_unit == 0 or non-finite,NQZ18-CME,24961457,2018-11-21 14:35:49.034000+00:00,6629.75,{'stop_loss_price': 6629.75}
INVALID_RISK_UNIT,risk_unit == 0 or non-finite,NQZ18-CME,24961458,2018-11-21 14:35:49.035000+00:00,6629.75,{'stop_loss_price': 6629.75}
INVALID_RISK_UNIT,risk_unit == 0 or non-finite,NQZ18-CME,24985673,2018-11-21 14:44:32.023000+00:00,6604.75,{'stop_loss_price': 6604.75}
INVALID_RISK_UNIT,risk_unit == 0 or non-finite,NQZ18-CME,24985933,2018-11-21 14:44:37.049000+00:00,6606.5,{'stop_loss_price': 6606.5}
INVALID_RISK_UNIT,risk_unit == 0 or non-finite,NQZ18-CME,24985934,2018-11-21 14:44:37.050000+00:00,6606.5,{'stop_loss_price': 6606.5}
INVALID_RISK_UNIT,risk_unit == 0 or non-finite,NQZ18-CME,24985935,2018-11-21 14:44:37.051000+00:00,6606.5,{'stop_loss_price': 6606.5}
INVALID_RISK_UNIT,risk_unit == 0 or non-finite,NQZ18-CME,24985939,2018-11-21 14:44:37.055000+00:00,6606.5,{'stop_loss_price': 6606.5}
INVALID_RISK_UNIT,risk_unit == 0 or non-finite,NQZ18-CME,24985940,2018-11-21 14:44:37.056000+00:00,6606.5,{'stop_loss_price': 6606.5}
INVALID_RISK_UNIT,risk_unit == 0 or non-finite,NQZ18-CME,24985941,2018-11-21 14:44:37.057000+00:00,6606.5,{'stop_loss_price': 6606.5}
INVALID_RISK_UNIT,risk_unit == 0 or non-finite,NQZ18-CME,24996492,2018-11-21 14:48:40.053000+00:00,6607.75,{'stop_loss_price': 6607.75}
INVALID_RISK_UNIT,risk_unit == 0 or non-finite,NQZ18-CME,24996493,2018-11-21 14:48:40.054000+00:00,6607.75,{'stop_loss_price': 6607.75}
INVALID_RISK_UNIT,risk_unit == 0 or non-finite,NQZ18-CME,24996494,2018-11-21 14:48:40.055000+00:00,6607.75,{'stop_loss_price': 6607.75}
INVALID_RISK_UNIT,risk_unit == 0 or non-finite,NQZ18-CME,24996495,2018-11-21 14:48:40.056000+00:00,6607.75,{'stop_loss_price': 6607.75}
INVALID_RISK_UNIT,risk_unit == 0 or non-finite,NQZ18-CME,24996496,2018-11-21 14:48:40.057000+00:00,6607.75,{'stop_loss_price': 6607.75}
INVALID_RISK_UNIT,risk_unit == 0 or non-finite,NQZ18-CME,24996497,2018-11-21 14:48:40.058000+00:00,6607.75,{'stop_loss_price': 6607.75}
INVALID_RISK_UNIT,risk_unit == 0 or non-finite,NQZ18-CME,25009538,2018-11-21 14:52:55.066000+00:00,6588.75,{'stop_loss_price': 6588.75}
INVALID_RISK_UNIT,risk_unit == 0 or non-finite,NQZ18-CME,25009539,2018-11-21 14:52:55.067000+00:00,6588.75,{'stop_loss_price': 6588.75}
INVALID_RISK_UNIT,risk_unit == 0 or non-finite,NQZ18-CME,25009540,2018-11-21 14:52:55.068000+00:00,6588.75,{'stop_loss_price': 6588.75}
INVALID_RISK_UNIT,risk_unit == 0 or non-finite,NQZ18-CME,25009541,2018-11-21 14:52:55.069000+00:00,6588.75,{'stop_loss_price': 6588.75}
INVALID_RISK_UNIT,risk_unit == 0 or non-finite,NQZ18-CME,25009548,2018-11-21 14:52:55.076000+00:00,6588.75,{'stop_loss_price': 6588.75}
INVALID_RISK_UNIT,risk_unit == 0 or non-finite,NQZ18-CME,25026570,2018-11-21 15:01:16.007000+00:00,6619.25,{'stop_loss_price': 6619.25}
INVALID_RISK_UNIT,risk_unit == 0 or non-finite,NQZ18-CME,25033388,2018-11-21 15:03:04.372000+00:00,6636.5,{'stop_loss_price': 6636.5}
INVALID_RISK_UNIT,risk_unit == 0 or non-finite,NQZ18-CME,25033389,2018-11-21 15:03:04.373000+00:00,6636.5,{'stop_loss_price': 6636.5}
INVALID_RISK_UNIT,risk_unit == 0 or non-finite,NQZ18-CME,25033390,2018-11-21 15:03:04.374000+00:00,6636.5,{'stop_loss_price': 6636.5}
INVALID_RISK_UNIT,risk_unit == 0 or non-finite,NQZ18-CME,25033391,2018-11-21 15:03:04.375000+00:00,6636.5,{'stop_loss_price': 6636.5}
INVALID_RISK_UNIT,risk_unit == 0 or non-finite,NQZ18-CME,25033396,2018-11-21 15:03:04.380000+00:00,6636.5,{'stop_loss_price': 6636.5}
INVALID_RISK_UNIT,risk_unit == 0 or non-finite,NQZ18-CME,25033397,2018-11-21 15:03:04.381000+00:00,6636.5,{'stop_loss_price': 6636.5}
INVALID_RISK_UNIT,risk_unit == 0 or non-finite,NQZ18-CME,25033398,2018-11-21 15:03:04.382000+00:00,6636.5,{'stop_loss_price': 6636.5}
INVALID_RISK_UNIT,risk_unit == 0 or non-finite,NQZ18-CME,25033401,2018-11-21 15:03:04.385000+00:00,6636.5,{'stop_loss_price': 6636.5}
INVALID_RISK_UNIT,risk_unit == 0 or non-finite,NQZ18-CME,25033402,2018-11-21 15:03:04.386000+00:00,6636.5,{'stop_loss_price': 6636.5}
INVALID_RISK_UNIT,risk_unit == 0 or non-finite,NQZ18-CME,25033403,2018-11-21 15:03:04.387000+00:00,6636.5,{'stop_loss_price': 6636.5}
INVALID_RISK_UNIT,risk_unit == 0 or non-finite,NQZ18-CME,25033404,2018-11-21 15:03:04.388000+00:00,6636.5,{'stop_loss_price': 6636.5}
INVALID_RISK_UNIT,risk_unit == 0 or non-finite,NQZ18-CME,25053017,2018-11-21 15:11:38.011000+00:00,6598.0,{'stop_loss_price': 6598.0}
INVALID_RISK_UNIT,risk_unit == 0 or non-finite,NQZ18-CME,25053018,2018-11-21 15:11:38.012000+00:00,6598.0,{'stop_loss_price': 6598.0}
INVALID_RISK_UNIT,risk_unit == 0 or non-finite,NQZ18-CME,25053019,2018-11-21 15:11:38.013000+00:00,6598.0,{'stop_loss_price': 6598.0}
INVALID_RISK_UNIT,risk_unit == 0 or non-finite,NQZ18-CME,25053020,2018-11-21 15:11:38.014000+00:00,6598.0,{'stop_loss_price': 6598.0}
INVALID_RISK_UNIT,risk_unit == 0 or non-finite,NQZ18-CME,25061964,2018-11-21 15:16:30.108000+00:00,6608.5,{'stop_loss_price': 6608.5}
INVALID_RISK_UNIT,risk_unit == 0 or non-finite,NQZ18-CME,25061965,2018-11-21 15:16:30.109000+00:00,6608.5,{'stop_loss_price': 6608.5}
INVALID_RISK_UNIT,risk_unit == 0 or non-finite,NQZ18-CME,25061972,2018-11-21 15:16:31+00:00,6609.0,{'stop_loss_price': 6609.0}
INVALID_RISK_UNIT,risk_unit == 0 or non-finite,NQZ18-CME,25113839,2018-11-21 15:58:12.029000+00:00,6608.25,{'stop_loss_price': 6608.25}
INVALID_RISK_UNIT,risk_unit == 0 or non-finite,NQZ18-CME,25146431,2018-11-21 16:30:33+00:00,6638.75,{'stop_loss_price': 6638.75}
INVALID_RISK_UNIT,risk_unit == 0 or non-finite,NQZ18-CME,25146432,2018-11-21 16:30:33.001000+00:00,6638.75,{'stop_loss_price': 6638.75}
INVALID_RISK_UNIT,risk_unit == 0 or non-finite,NQZ18-CME,25146433,2018-11-21 16:30:33.002000+00:00,6638.75,{'stop_loss_price': 6638.75}
INVALID_RISK_UNIT,risk_unit == 0 or non-finite,NQZ18-CME,25146434,2018-11-21 16:30:33.003000+00:00,6638.75,{'stop_loss_price': 6638.75}
INVALID_RISK_UNIT,risk_unit == 0 or non-finite,NQZ18-CME,25146435,2018-11-21 16:30:33.004000+00:00,6638.75,{'stop_loss_price': 6638.75}
INVALID_RISK_UNIT,risk_unit == 0 or non-finite,NQZ18-CME,25252608,2018-11-21 20:30:21.192000+00:00,6601.75,{'stop_loss_price': 6601.75}
INVALID_RISK_UNIT,risk_unit == 0 or non-finite,NQZ18-CME,25252609,2018-11-21 20:30:21.193000+00:00,6601.75,{'stop_loss_price': 6601.75}
INVALID_RISK_UNIT,risk_unit == 0 or non-finite,NQZ18-CME,25252610,2018-11-21 20:30:21.194000+00:00,6601.75,{'stop_loss_price': 6601.75}
INVALID_RISK_UNIT,risk_unit == 0 or non-finite,NQZ18-CME,25252611,2018-11-21 20:30:21.195000+00:00,6601.75,{'stop_loss_price': 6601.75}
INVALID_RISK_UNIT,risk_unit == 0 or non-finite,NQZ18-CME,25252612,2018-11-21 20:30:21.196000+00:00,6601.75,{'stop_loss_price': 6601.75}
INVALID_RISK_UNIT,risk_unit == 0 or non-finite,NQZ18-CME,25252613,2018-11-21 20:30:21.197000+00:00,6601.75,{'stop_loss_price': 6601.75}
INVALID_RISK_UNIT,risk_unit == 0 or non-finite,NQZ18-CME,25252614,2018-11-21 20:30:21.198000+00:00,6601.75,{'stop_loss_price': 6601.75}
INVALID_RISK_UNIT,risk_unit == 0 or non-finite,NQZ18-CME,25252615,2018-11-21 20:30:21.199000+00:00,6601.75,{'stop_loss_price': 6601.75}
INVALID_RISK_UNIT,risk_unit == 0 or non-finite,NQZ18-CME,25252616,2018-11-21 20:30:21.200000+00:00,6601.75,{'stop_loss_price': 6601.75}
INVALID_RISK_UNIT,risk_unit == 0 or non-finite,NQZ18-CME,25252622,2018-11-21 20:30:21.206000+00:00,6601.75,{'stop_loss_price': 6601.75}
INVALID_RISK_UNIT,risk_unit == 0 or non-finite,NQZ18-CME,25252623,2018-11-21 20:30:21.207000+00:00,6601.75,{'stop_loss_price': 6601.75}
INVALID_RISK_UNIT,risk_unit == 0 or non-finite,NQZ18-CME,25252625,2018-11-21 20:30:21.209000+00:00,6601.75,{'stop_loss_price': 6601.75}
INVALID_RISK_UNIT,risk_unit == 0 or non-finite,NQZ18-CME,25272180,2018-11-21 20:54:38.011000+00:00,6593.75,{'stop_loss_price': 6593.75}
INVALID_RISK_UNIT,risk_unit == 0 or non-finite,NQZ18-CME,25272181,2018-11-21 20:54:38.012000+00:00,6593.75,{'stop_loss_price': 6593.75}
INVALID_RISK_UNIT,risk_unit == 0 or non-finite,NQZ18-CME,25272182,2018-11-21 20:54:38.013000+00:00,6593.75,{'stop_loss_price': 6593.75}
INVALID_RISK_UNIT,risk_unit == 0 or non-finite,NQZ18-CME,25272183,2018-11-21 20:54:38.014000+00:00,6593.75,{'stop_loss_price': 6593.75}
INVALID_RISK_UNIT,risk_unit == 0 or non-finite,NQZ18-CME,25272184,2018-11-21 20:54:38.015000+00:00,6593.75,{'stop_loss_price': 6593.75}
INVALID_RISK_UNIT,risk_unit == 0 or non-finite,NQZ18-CME,25272185,2018-11-21 20:54:38.016000+00:00,6593.75,{'stop_loss_price': 6593.75}
INVALID_RISK_UNIT,risk_unit == 0 or non-finite,NQZ18-CME,25272186,2018-11-21 20:54:38.017000+00:00,6593.75,{'stop_loss_price': 6593.75}
INVALID_RISK_UNIT,risk_unit == 0 or non-finite,NQZ18-CME,25272187,2018-11-21 20:54:38.018000+00:00,6593.75,{'stop_loss_price': 6593.75}
INVALID_RISK_UNIT,risk_unit == 0 or non-finite,NQZ18-CME,25272188,2018-11-21 20:54:38.019000+00:00,6593.75,{'stop_loss_price': 6593.75}
INVALID_RISK_UNIT,risk_unit == 0 or non-finite,NQZ18-CME,25272189,2018-11-21 20:54:38.020000+00:00,6593.75,{'stop_loss_price': 6593.75}
INVALID_RISK_UNIT,risk_unit == 0 or non-finite,NQZ18-CME,25272190,2018-11-21 20:54:38.021000+00:00,6593.75,{'stop_loss_price': 6593.75}
INVALID_RISK_UNIT,risk_unit == 0 or non-finite,NQZ18-CME,25272191,2018-11-21 20:54:38.022000+00:00,6593.75,{'stop_loss_price': 6593.75}
INVALID_RISK_UNIT,risk_unit == 0 or non-finite,NQZ18-CME,25272192,2018-11-21 20:54:38.023000+00:00,6593.75,{'stop_loss_price': 6593.75}
INVALID_RISK_UNIT,risk_unit == 0 or non-finite,NQZ18-CME,25286991,2018-11-21 21:14:29.016000+00:00,6578.25,{'stop_loss_price': 6578.25}
INVALID_RISK_UNIT,risk_unit == 0 or non-finite,NQZ18-CME,25291438,2018-11-22 00:34:50.006000+00:00,6592.0,{'stop_loss_price': 6592.0}
INVALID_RISK_UNIT,risk_unit == 0 or non-finite,NQZ18-CME,25294881,2018-11-22 01:41:00+00:00,6583.5,{'stop_loss_price': 6583.5}
INVALID_RISK_UNIT,risk_unit == 0 or non-finite,NQZ18-CME,25305406,2018-11-22 07:20:30.003000+00:00,6578.0,{'stop_loss_price': 6578.0}
INVALID_RISK_UNIT,risk_unit == 0 or non-finite,NQZ18-CME,25305407,2018-11-22 07:20:30.004000+00:00,6578.0,{'stop_loss_price': 6578.0}
INVALID_RISK_UNIT,risk_unit == 0 or non-finite,NQZ18-CME,25305413,2018-11-22 07:20:52+00:00,6578.0,{'stop_loss_price': 6578.0}
INVALID_RISK_UNIT,risk_unit == 0 or non-finite,NQZ18-CME,25332338,2018-11-22 11:52:28.001000+00:00,6554.0,{'stop_loss_price': 6554.0}
INVALID_RISK_UNIT,risk_unit == 0 or non-finite,NQZ18-CME,25347733,2018-11-22 15:09:30.002000+00:00,6545.25,{'stop_loss_price': 6545.25}
INVALID_RISK_UNIT,risk_unit == 0 or non-finite,NQZ18-CME,25347734,2018-11-22 15:09:30.003000+00:00,6545.25,{'stop_loss_price': 6545.25}
INVALID_RISK_UNIT,risk_unit == 0 or non-finite,NQZ18-CME,25347735,2018-11-22 15:09:30.004000+00:00,6545.25,{'stop_loss_price': 6545.25}
INVALID_RISK_UNIT,risk_unit == 0 or non-finite,NQZ18-CME,25347736,2018-11-22 15:09:30.005000+00:00,6545.25,{'stop_loss_price': 6545.25}
INVALID_RISK_UNIT,risk_unit == 0 or non-finite,NQZ18-CME,25347737,2018-11-22 15:09:30.006000+00:00,6545.25,{'stop_loss_price': 6545.25}
INVALID_RISK_UNIT,risk_unit == 0 or non-finite,NQZ18-CME,25347738,2018-11-22 15:09:30.007000+00:00,6545.25,{'stop_loss_price': 6545.25}
INVALID_RISK_UNIT,risk_unit == 0 or non-finite,NQZ18-CME,25347739,2018-11-22 15:09:30.008000+00:00,6545.25,{'stop_loss_price': 6545.25}
INVALID_RISK_UNIT,risk_unit == 0 or non-finite,NQZ18-CME,25347740,2018-11-22 15:09:30.009000+00:00,6545.25,{'stop_loss_price': 6545.25}
INVALID_RISK_UNIT,risk_unit == 0 or non-finite,NQZ18-CME,25347741,2018-11-22 15:09:30.010000+00:00,6545.25,{'stop_loss_price': 6545.25}
INVALID_RISK_UNIT,risk_unit == 0 or non-finite,NQZ18-CME,25519377,2018-11-23 15:28:18.004000+00:00,6561.0,{'stop_loss_price': 6561.0}
INVALID_RISK_UNIT,risk_unit == 0 or non-finite,NQZ18-CME,25519378,2018-11-23 15:28:18.005000+00:00,6561.0,{'stop_loss_price': 6561.0}
INVALID_RISK_UNIT,risk_unit == 0 or non-finite,NQZ18-CME,25519379,2018-11-23 15:28:18.006000+00:00,6561.0,{'stop_loss_price': 6561.0}
INVALID_RISK_UNIT,risk_unit == 0 or non-finite,NQZ18-CME,25524756,2018-11-23 15:34:25.068000+00:00,6577.0,{'stop_loss_price': 6577.0}
INVALID_RISK_UNIT,risk_unit == 0 or non-finite,NQZ18-CME,25536479,2018-11-23 15:54:35.002000+00:00,6574.25,{'stop_loss_price': 6574.25}
INVALID_RISK_UNIT,risk_unit == 0 or non-finite,NQZ18-CME,25561252,2018-11-23 16:47:25.001000+00:00,6562.75,{'stop_loss_price': 6562.75}
INVALID_RISK_UNIT,risk_unit == 0 or non-finite,NQZ18-CME,25648063,2018-11-26 08:38:14+00:00,6636.75,{'stop_loss_price': 6636.75}
INVALID_RISK_UNIT,risk_unit == 0 or non-finite,NQZ18-CME,25648064,2018-11-26 08:38:14.001000+00:00,6636.75,{'stop_loss_price': 6636.75}
INVALID_RISK_UNIT,risk_unit == 0 or non-finite,NQZ18-CME,25679604,2018-11-26 13:21:46.016000+00:00,6635.0,{'stop_loss_price': 6635.0}
INVALID_RISK_UNIT,risk_unit == 0 or non-finite,NQZ18-CME,25679605,2018-11-26 13:21:46.017000+00:00,6635.0,{'stop_loss_price': 6635.0}
INVALID_RISK_UNIT,risk_unit == 0 or non-finite,NQZ18-CME,25679606,2018-11-26 13:21:46.018000+00:00,6635.0,{'stop_loss_price': 6635.0}
INVALID_RISK_UNIT,risk_unit == 0 or non-finite,NQZ18-CME,25679610,2018-11-26 13:21:46.022000+00:00,6635.0,{'stop_loss_price': 6635.0}
INVALID_RISK_UNIT,risk_unit == 0 or non-finite,NQZ18-CME,25679611,2018-11-26 13:21:46.023000+00:00,6635.0,{'stop_loss_price': 6635.0}
INVALID_RISK_UNIT,risk_unit == 0 or non-finite,NQZ18-CME,25679612,2018-11-26 13:21:46.024000+00:00,6635.0,{'stop_loss_price': 6635.0}
INVALID_RISK_UNIT,risk_unit == 0 or non-finite,NQZ18-CME,25679613,2018-11-26 13:21:46.025000+00:00,6635.0,{'stop_loss_price': 6635.0}
INVALID_RISK_UNIT,risk_unit == 0 or non-finite,NQZ18-CME,25679614,2018-11-26 13:21:46.026000+00:00,6635.0,{'stop_loss_price': 6635.0}
INVALID_RISK_UNIT,risk_unit == 0 or non-finite,NQZ18-CME,25679615,2018-11-26 13:21:46.027000+00:00,6635.0,{'stop_loss_price': 6635.0}
INVALID_RISK_UNIT,risk_unit == 0 or non-finite,NQZ18-CME,25714155,2018-11-26 14:39:21.012000+00:00,6606.0,{'stop_loss_price': 6606.0}
INVALID_RISK_UNIT,risk_unit == 0 or non-finite,NQZ18-CME,25714156,2018-11-26 14:39:21.013000+00:00,6606.0,{'stop_loss_price': 6606.0}
INVALID_RISK_UNIT,risk_unit == 0 or non-finite,NQZ18-CME,25741528,2018-11-26 14:56:05.003000+00:00,6644.25,{'stop_loss_price': 6644.25}
INVALID_RISK_UNIT,risk_unit == 0 or non-finite,NQZ18-CME,25741529,2018-11-26 14:56:05.004000+00:00,6644.25,{'stop_loss_price': 6644.25}
INVALID_RISK_UNIT,risk_unit == 0 or non-finite,NQZ18-CME,25807296,2018-11-26 15:54:05.022000+00:00,6647.5,{'stop_loss_price': 6647.5}
INVALID_RISK_UNIT,risk_unit == 0 or non-finite,NQZ18-CME,25809722,2018-11-26 15:56:25.012000+00:00,6655.25,{'stop_loss_price': 6655.25}
INVALID_RISK_UNIT,risk_unit == 0 or non-finite,NQZ18-CME,25809723,2018-11-26 15:56:25.013000+00:00,6655.25,{'stop_loss_price': 6655.25}
INVALID_RISK_UNIT,risk_unit == 0 or non-finite,NQZ18-CME,25809724,2018-11-26 15:56:25.014000+00:00,6655.25,{'stop_loss_price': 6655.25}
INVALID_RISK_UNIT,risk_unit == 0 or non-finite,NQZ18-CME,25809725,2018-11-26 15:56:25.015000+00:00,6655.25,{'stop_loss_price': 6655.25}
INVALID_RISK_UNIT,risk_unit == 0 or non-finite,NQZ18-CME,25809726,2018-11-26 15:56:25.016000+00:00,6655.25,{'stop_loss_price': 6655.25}
INVALID_RISK_UNIT,risk_unit == 0 or non-finite,NQZ18-CME,25809727,2018-11-26 15:56:25.017000+00:00,6655.25,{'stop_loss_price': 6655.25}
INVALID_RISK_UNIT,risk_unit == 0 or non-finite,NQZ18-CME,25809728,2018-11-26 15:56:25.018000+00:00,6655.25,{'stop_loss_price': 6655.25}
INVALID_RISK_UNIT,risk_unit == 0 or non-finite,NQZ18-CME,25809729,2018-11-26 15:56:25.019000+00:00,6655.25,{'stop_loss_price': 6655.25}
INVALID_RISK_UNIT,risk_unit == 0 or non-finite,NQZ18-CME,25809730,2018-11-26 15:56:25.020000+00:00,6655.25,{'stop_loss_price': 6655.25}
INVALID_RISK_UNIT,risk_unit == 0 or non-finite,NQZ18-CME,25809731,2018-11-26 15:56:25.021000+00:00,6655.25,{'stop_loss_price': 6655.25}
INVALID_RISK_UNIT,risk_unit == 0 or non-finite,NQZ18-CME,25809732,2018-11-26 15:56:25.022000+00:00,6655.25,{'stop_loss_price': 6655.25}
INVALID_RISK_UNIT,risk_unit == 0 or non-finite,NQZ18-CME,25809733,2018-11-26 15:56:25.023000+00:00,6655.25,{'stop_loss_price': 6655.25}
INVALID_RISK_UNIT,risk_unit == 0 or non-finite,NQZ18-CME,25809734,2018-11-26 15:56:25.024000+00:00,6655.25,{'stop_loss_price': 6655.25}
INVALID_RISK_UNIT,risk_unit == 0 or non-finite,NQZ18-CME,25809736,2018-11-26 15:56:25.026000+00:00,6655.25,{'stop_loss_price': 6655.25}
INVALID_RISK_UNIT,risk_unit == 0 or non-finite,NQZ18-CME,25917117,2018-11-26 18:37:23.009000+00:00,6630.75,{'stop_loss_price': 6630.75}
INVALID_RISK_UNIT,risk_unit == 0 or non-finite,NQZ18-CME,25917118,2018-11-26 18:37:23.010000+00:00,6630.75,{'stop_loss_price': 6630.75}
INVALID_RISK_UNIT,risk_unit == 0 or non-finite,NQZ18-CME,25917119,2018-11-26 18:37:23.011000+00:00,6630.75,{'stop_loss_price': 6630.75}
INVALID_RISK_UNIT,risk_unit == 0 or non-finite,NQZ18-CME,25917120,2018-11-26 18:37:23.012000+00:00,6630.75,{'stop_loss_price': 6630.75}
INVALID_RISK_UNIT,risk_unit == 0 or non-finite,NQZ18-CME,25917121,2018-11-26 18:37:23.013000+00:00,6630.75,{'stop_loss_price': 6630.75}
INVALID_RISK_UNIT,risk_unit == 0 or non-finite,NQZ18-CME,25917122,2018-11-26 18:37:23.014000+00:00,6630.75,{'stop_loss_price': 6630.75}
INVALID_RISK_UNIT,risk_unit == 0 or non-finite,NQZ18-CME,25917123,2018-11-26 18:37:23.015000+00:00,6630.75,{'stop_loss_price': 6630.75}
INVALID_RISK_UNIT,risk_unit == 0 or non-finite,NQZ18-CME,25947636,2018-11-26 19:31:42+00:00,6667.75,{'stop_loss_price': 6667.75}
INVALID_RISK_UNIT,risk_unit == 0 or non-finite,NQZ18-CME,25947637,2018-11-26 19:31:42.001000+00:00,6667.75,{'stop_loss_price': 6667.75}
INVALID_RISK_UNIT,risk_unit == 0 or non-finite,NQZ18-CME,25947638,2018-11-26 19:31:42.002000+00:00,6667.75,{'stop_loss_price': 6667.75}
INVALID_RISK_UNIT,risk_unit == 0 or non-finite,NQZ18-CME,25947639,2018-11-26 19:31:42.003000+00:00,6667.75,{'stop_loss_price': 6667.75}
INVALID_RISK_UNIT,risk_unit == 0 or non-finite,NQZ18-CME,25947646,2018-11-26 19:31:43+00:00,6667.75,{'stop_loss_price': 6667.75}
INVALID_RISK_UNIT,risk_unit == 0 or non-finite,NQZ18-CME,25947647,2018-11-26 19:31:44+00:00,6667.75,{'stop_loss_price': 6667.75}
INVALID_RISK_UNIT,risk_unit == 0 or non-finite,NQZ18-CME,25947648,2018-11-26 19:31:44.001000+00:00,6667.75,{'stop_loss_price': 6667.75}
INVALID_RISK_UNIT,risk_unit == 0 or non-finite,NQZ18-CME,25952093,2018-11-26 19:38:49+00:00,6667.0,{'stop_loss_price': 6667.0}
INVALID_RISK_UNIT,risk_unit == 0 or non-finite,NQZ18-CME,26005921,2018-11-26 21:13:05.013000+00:00,6682.0,{'stop_loss_price': 6682.0}
INVALID_RISK_UNIT,risk_unit == 0 or non-finite,NQZ18-CME,26005922,2018-11-26 21:13:05.014000+00:00,6682.0,{'stop_loss_price': 6682.0}
INVALID_RISK_UNIT,risk_unit == 0 or non-finite,NQZ18-CME,26005923,2018-11-26 21:13:05.015000+00:00,6682.0,{'stop_loss_price': 6682.0}
INVALID_RISK_UNIT,risk_unit == 0 or non-finite,NQZ18-CME,26005924,2018-11-26 21:13:05.016000+00:00,6682.0,{'stop_loss_price': 6682.0}
INVALID_RISK_UNIT,risk_unit == 0 or non-finite,NQZ18-CME,26005925,2018-11-26 21:13:05.017000+00:00,6682.0,{'stop_loss_price': 6682.0}
INVALID_RISK_UNIT,risk_unit == 0 or non-finite,NQZ18-CME,26005926,2018-11-26 21:13:05.018000+00:00,6682.0,{'stop_loss_price': 6682.0}
INVALID_RISK_UNIT,risk_unit == 0 or non-finite,NQZ18-CME,26058321,2018-11-27 08:03:34+00:00,6665.0,{'stop_loss_price': 6665.0}
INVALID_RISK_UNIT,risk_unit == 0 or non-finite,NQZ18-CME,26067084,2018-11-27 08:46:29.001000+00:00,6651.5,{'stop_loss_price': 6651.5}
INVALID_RISK_UNIT,risk_unit == 0 or non-finite,NQZ18-CME,26067085,2018-11-27 08:46:29.002000+00:00,6651.5,{'stop_loss_price': 6651.5}
INVALID_RISK_UNIT,risk_unit == 0 or non-finite,NQZ18-CME,26067086,2018-11-27 08:46:29.003000+00:00,6651.5,{'stop_loss_price': 6651.5}
INVALID_RISK_UNIT,risk_unit == 0 or non-finite,NQZ18-CME,26071312,2018-11-27 09:15:36.003000+00:00,6661.5,{'stop_loss_price': 6661.5}
INVALID_RISK_UNIT,risk_unit == 0 or non-finite,NQZ18-CME,26095157,2018-11-27 12:31:24+00:00,6636.25,{'stop_loss_price': 6636.25}
INVALID_RISK_UNIT,risk_unit == 0 or non-finite,NQZ18-CME,26127768,2018-11-27 14:33:12.028000+00:00,6659.5,{'stop_loss_price': 6659.5}
INVALID_RISK_UNIT,risk_unit == 0 or non-finite,NQZ18-CME,26127769,2018-11-27 14:33:12.029000+00:00,6659.5,{'stop_loss_price': 6659.5}
INVALID_RISK_UNIT,risk_unit == 0 or non-finite,NQZ18-CME,26127770,2018-11-27 14:33:12.030000+00:00,6659.5,{'stop_loss_price': 6659.5}
INVALID_RISK_UNIT,risk_unit == 0 or non-finite,NQZ18-CME,26127771,2018-11-27 14:33:12.031000+00:00,6659.5,{'stop_loss_price': 6659.5}
INVALID_RISK_UNIT,risk_unit == 0 or non-finite,NQZ18-CME,26127772,2018-11-27 14:33:12.032000+00:00,6659.5,{'stop_loss_price': 6659.5}
INVALID_RISK_UNIT,risk_unit == 0 or non-finite,NQZ18-CME,26127773,2018-11-27 14:33:12.033000+00:00,6659.5,{'stop_loss_price': 6659.5}
INVALID_RISK_UNIT,risk_unit == 0 or non-finite,NQZ18-CME,26143935,2018-11-27 14:40:20.025000+00:00,6629.0,{'stop_loss_price': 6629.0}
INVALID_RISK_UNIT,risk_unit == 0 or non-finite,NQZ18-CME,26143936,2018-11-27 14:40:20.026000+00:00,6629.0,{'stop_loss_price': 6629.0}
INVALID_RISK_UNIT,risk_unit == 0 or non-finite,NQZ18-CME,26143937,2018-11-27 14:40:20.027000+00:00,6629.0,{'stop_loss_price': 6629.0}
INVALID_RISK_UNIT,risk_unit == 0 or non-finite,NQZ18-CME,26154425,2018-11-27 14:44:41.007000+00:00,6630.25,{'stop_loss_price': 6630.25}
INVALID_RISK_UNIT,risk_unit == 0 or non-finite,NQZ18-CME,26154426,2018-11-27 14:44:41.008000+00:00,6630.25,{'stop_loss_price': 6630.25}
INVALID_RISK_UNIT,risk_unit == 0 or non-finite,NQZ18-CME,26154427,2018-11-27 14:44:41.009000+00:00,6630.25,{'stop_loss_price': 6630.25}
INVALID_RISK_UNIT,risk_unit == 0 or non-finite,NQZ18-CME,26154428,2018-11-27 14:44:41.010000+00:00,6630.25,{'stop_loss_price': 6630.25}
INVALID_RISK_UNIT,risk_unit == 0 or non-finite,NQZ18-CME,26154429,2018-11-27 14:44:41.011000+00:00,6630.25,{'stop_loss_price': 6630.25}
INVALID_RISK_UNIT,risk_unit == 0 or non-finite,NQZ18-CME,26155679,2018-11-27 14:45:09.007000+00:00,6630.75,{'stop_loss_price': 6630.75}
INVALID_RISK_UNIT,risk_unit == 0 or non-finite,NQZ18-CME,26199110,2018-11-27 15:09:22.004000+00:00,6677.25,{'stop_loss_price': 6677.25}
INVALID_RISK_UNIT,risk_unit == 0 or non-finite,NQZ18-CME,26199111,2018-11-27 15:09:22.005000+00:00,6677.25,{'stop_loss_price': 6677.25}
INVALID_RISK_UNIT,risk_unit == 0 or non-finite,NQZ18-CME,26199112,2018-11-27 15:09:22.006000+00:00,6677.25,{'stop_loss_price': 6677.25}
INVALID_RISK_UNIT,risk_unit == 0 or non-finite,NQZ18-CME,26199113,2018-11-27 15:09:22.007000+00:00,6677.25,{'stop_loss_price': 6677.25}
INVALID_RISK_UNIT,risk_unit == 0 or non-finite,NQZ18-CME,26199114,2018-11-27 15:09:22.008000+00:00,6677.25,{'stop_loss_price': 6677.25}
INVALID_RISK_UNIT,risk_unit == 0 or non-finite,NQZ18-CME,26199115,2018-11-27 15:09:22.009000+00:00,6677.25,{'stop_loss_price': 6677.25}
INVALID_RISK_UNIT,risk_unit == 0 or non-finite,NQZ18-CME,26199116,2018-11-27 15:09:22.010000+00:00,6677.25,{'stop_loss_price': 6677.25}
INVALID_RISK_UNIT,risk_unit == 0 or non-finite,NQZ18-CME,26228260,2018-11-27 15:20:54.011000+00:00,6699.25,{'stop_loss_price': 6699.25}
INVALID_RISK_UNIT,risk_unit == 0 or non-finite,NQZ18-CME,26228261,2018-11-27 15:20:54.012000+00:00,6699.25,{'stop_loss_price': 6699.25}
INVALID_RISK_UNIT,risk_unit == 0 or non-finite,NQZ18-CME,26228262,2018-11-27 15:20:54.013000+00:00,6699.25,{'stop_loss_price': 6699.25}
INVALID_RISK_UNIT,risk_unit == 0 or non-finite,NQZ18-CME,26228263,2018-11-27 15:20:54.014000+00:00,6699.25,{'stop_loss_price': 6699.25}
INVALID_RISK_UNIT,risk_unit == 0 or non-finite,NQZ18-CME,26228264,2018-11-27 15:20:54.015000+00:00,6699.25,{'stop_loss_price': 6699.25}
INVALID_RISK_UNIT,risk_unit == 0 or non-finite,NQZ18-CME,26230270,2018-11-27 15:22:26.005000+00:00,6697.5,{'stop_loss_price': 6697.5}
INVALID_RISK_UNIT,risk_unit == 0 or non-finite,NQZ18-CME,26296486,2018-11-27 16:22:33.009000+00:00,6705.75,{'stop_loss_price': 6705.75}
INVALID_RISK_UNIT,risk_unit == 0 or non-finite,NQZ18-CME,26296487,2018-11-27 16:22:33.010000+00:00,6705.75,{'stop_loss_price': 6705.75}
INVALID_RISK_UNIT,risk_unit == 0 or non-finite,NQZ18-CME,26296488,2018-11-27 16:22:33.011000+00:00,6705.75,{'stop_loss_price': 6705.75}
INVALID_RISK_UNIT,risk_unit == 0 or non-finite,NQZ18-CME,26296489,2018-11-27 16:22:33.012000+00:00,6705.75,{'stop_loss_price': 6705.75}
INVALID_RISK_UNIT,risk_unit == 0 or non-finite,NQZ18-CME,26296490,2018-11-27 16:22:33.013000+00:00,6705.75,{'stop_loss_price': 6705.75}
INVALID_RISK_UNIT,risk_unit == 0 or non-finite,NQZ18-CME,26296491,2018-11-27 16:22:33.014000+00:00,6705.75,{'stop_loss_price': 6705.75}
INVALID_RISK_UNIT,risk_unit == 0 or non-finite,NQZ18-CME,26335583,2018-11-27 17:13:50.005000+00:00,6705.5,{'stop_loss_price': 6705.5}
INVALID_RISK_UNIT,risk_unit == 0 or non-finite,NQZ18-CME,26335584,2018-11-27 17:13:50.006000+00:00,6705.5,{'stop_loss_price': 6705.5}
INVALID_RISK_UNIT,risk_unit == 0 or non-finite,NQZ18-CME,26335585,2018-11-27 17:13:50.007000+00:00,6705.5,{'stop_loss_price': 6705.5}
INVALID_RISK_UNIT,risk_unit == 0 or non-finite,NQZ18-CME,26335586,2018-11-27 17:13:50.008000+00:00,6705.5,{'stop_loss_price': 6705.5}
INVALID_RISK_UNIT,risk_unit == 0 or non-finite,NQZ18-CME,26335587,2018-11-27 17:13:50.009000+00:00,6705.5,{'stop_loss_price': 6705.5}
INVALID_RISK_UNIT,risk_unit == 0 or non-finite,NQZ18-CME,26335589,2018-11-27 17:13:50.011000+00:00,6705.5,{'stop_loss_price': 6705.5}
INVALID_RISK_UNIT,risk_unit == 0 or non-finite,NQZ18-CME,26341000,2018-11-27 17:22:49.044000+00:00,6707.75,{'stop_loss_price': 6707.75}
INVALID_RISK_UNIT,risk_unit == 0 or non-finite,NQZ18-CME,26376633,2018-11-27 18:10:51.002000+00:00,6673.0,{'stop_loss_price': 6673.0}
INVALID_RISK_UNIT,risk_unit == 0 or non-finite,NQZ18-CME,26376634,2018-11-27 18:10:51.003000+00:00,6673.0,{'stop_loss_price': 6673.0}
INVALID_RISK_UNIT,risk_unit == 0 or non-finite,NQZ18-CME,26376635,2018-11-27 18:10:51.004000+00:00,6673.0,{'stop_loss_price': 6673.0}
INVALID_RISK_UNIT,risk_unit == 0 or non-finite,NQZ18-CME,26376636,2018-11-27 18:10:51.005000+00:00,6673.0,{'stop_loss_price': 6673.0}
INVALID_RISK_UNIT,risk_unit == 0 or non-finite,NQZ18-CME,26404968,2018-11-27 18:42:21.002000+00:00,6690.25,{'stop_loss_price': 6690.25}
INVALID_RISK_UNIT,risk_unit == 0 or non-finite,NQZ18-CME,26407065,2018-11-27 18:47:07+00:00,6695.25,{'stop_loss_price': 6695.25}
INVALID_RISK_UNIT,risk_unit == 0 or non-finite,NQZ18-CME,26407066,2018-11-27 18:47:07.001000+00:00,6695.25,{'stop_loss_price': 6695.25}
INVALID_RISK_UNIT,risk_unit == 0 or non-finite,NQZ18-CME,26407067,2018-11-27 18:47:07.002000+00:00,6695.25,{'stop_loss_price': 6695.25}
INVALID_RISK_UNIT,risk_unit == 0 or non-finite,NQZ18-CME,26418265,2018-11-27 19:05:13.008000+00:00,6711.25,{'stop_loss_price': 6711.25}
INVALID_RISK_UNIT,risk_unit == 0 or non-finite,NQZ18-CME,26445810,2018-11-27 19:58:15+00:00,6699.75,{'stop_loss_price': 6699.75}
INVALID_RISK_UNIT,risk_unit == 0 or non-finite,NQZ18-CME,26457847,2018-11-27 20:16:43+00:00,6690.5,{'stop_loss_price': 6690.5}
INVALID_RISK_UNIT,risk_unit == 0 or non-finite,NQZ18-CME,26457848,2018-11-27 20:16:43.001000+00:00,6690.5,{'stop_loss_price': 6690.5}
INVALID_RISK_UNIT,risk_unit == 0 or non-finite,NQZ18-CME,26457849,2018-11-27 20:16:43.002000+00:00,6690.5,{'stop_loss_price': 6690.5}
INVALID_RISK_UNIT,risk_unit == 0 or non-finite,NQZ18-CME,26457850,2018-11-27 20:16:43.003000+00:00,6690.5,{'stop_loss_price': 6690.5}
INVALID_RISK_UNIT,risk_unit == 0 or non-finite,NQZ18-CME,26457851,2018-11-27 20:16:43.004000+00:00,6690.5,{'stop_loss_price': 6690.5}
INVALID_RISK_UNIT,risk_unit == 0 or non-finite,NQZ18-CME,26461108,2018-11-27 20:22:53.059000+00:00,6684.25,{'stop_loss_price': 6684.25}
INVALID_RISK_UNIT,risk_unit == 0 or non-finite,NQZ18-CME,26461109,2018-11-27 20:22:53.060000+00:00,6684.25,{'stop_loss_price': 6684.25}
INVALID_RISK_UNIT,risk_unit == 0 or non-finite,NQZ18-CME,26677915,2018-11-28 15:47:45.001000+00:00,6725.5,{'stop_loss_price': 6725.5}
INVALID_RISK_UNIT,risk_unit == 0 or non-finite,NQZ18-CME,26745275,2018-11-28 17:01:54.234000+00:00,6770.25,{'stop_loss_price': 6770.25}
INVALID_RISK_UNIT,risk_unit == 0 or non-finite,NQZ18-CME,26781794,2018-11-28 17:15:39.036000+00:00,6824.25,{'stop_loss_price': 6824.25}
INVALID_RISK_UNIT,risk_unit == 0 or non-finite,NQZ18-CME,26782725,2018-11-28 17:16:02.050000+00:00,6820.25,{'stop_loss_price': 6820.25}
INVALID_RISK_UNIT,risk_unit == 0 or non-finite,NQZ18-CME,26788051,2018-11-28 17:19:41.012000+00:00,6820.0,{'stop_loss_price': 6820.0}
INVALID_RISK_UNIT,risk_unit == 0 or non-finite,NQZ18-CME,26788052,2018-11-28 17:19:41.013000+00:00,6820.0,{'stop_loss_price': 6820.0}
INVALID_RISK_UNIT,risk_unit == 0 or non-finite,NQZ18-CME,26788053,2018-11-28 17:19:41.014000+00:00,6820.0,{'stop_loss_price': 6820.0}
INVALID_RISK_UNIT,risk_unit == 0 or non-finite,NQZ18-CME,26788054,2018-11-28 17:19:41.015000+00:00,6820.0,{'stop_loss_price': 6820.0}
INVALID_RISK_UNIT,risk_unit == 0 or non-finite,NQZ18-CME,26788055,2018-11-28 17:19:41.016000+00:00,6820.0,{'stop_loss_price': 6820.0}
INVALID_RISK_UNIT,risk_unit == 0 or non-finite,NQZ18-CME,26793994,2018-11-28 17:23:28.025000+00:00,6824.25,{'stop_loss_price': 6824.25}
INVALID_RISK_UNIT,risk_unit == 0 or non-finite,NQZ18-CME,26793995,2018-11-28 17:23:28.026000+00:00,6824.25,{'stop_loss_price': 6824.25}
INVALID_RISK_UNIT,risk_unit == 0 or non-finite,NQZ18-CME,26793996,2018-11-28 17:23:28.027000+00:00,6824.25,{'stop_loss_price': 6824.25}
INVALID_RISK_UNIT,risk_unit == 0 or non-finite,NQZ18-CME,26793997,2018-11-28 17:23:28.028000+00:00,6824.25,{'stop_loss_price': 6824.25}
INVALID_RISK_UNIT,risk_unit == 0 or non-finite,NQZ18-CME,26793998,2018-11-28 17:23:28.029000+00:00,6824.25,{'stop_loss_price': 6824.25}
INVALID_RISK_UNIT,risk_unit == 0 or non-finite,NQZ18-CME,26793999,2018-11-28 17:23:28.030000+00:00,6824.25,{'stop_loss_price': 6824.25}
INVALID_RISK_UNIT,risk_unit == 0 or non-finite,NQZ18-CME,26803141,2018-11-28 17:29:01.036000+00:00,6846.5,{'stop_loss_price': 6846.5}
INVALID_RISK_UNIT,risk_unit == 0 or non-finite,NQZ18-CME,26803142,2018-11-28 17:29:01.037000+00:00,6846.5,{'stop_loss_price': 6846.5}
INVALID_RISK_UNIT,risk_unit == 0 or non-finite,NQZ18-CME,26803143,2018-11-28 17:29:01.038000+00:00,6846.5,{'stop_loss_price': 6846.5}
INVALID_RISK_UNIT,risk_unit == 0 or non-finite,NQZ18-CME,26803144,2018-11-28 17:29:01.039000+00:00,6846.5,{'stop_loss_price': 6846.5}
INVALID_RISK_UNIT,risk_unit == 0 or non-finite,NQZ18-CME,26803145,2018-11-28 17:29:01.040000+00:00,6846.5,{'stop_loss_price': 6846.5}
INVALID_RISK_UNIT,risk_unit == 0 or non-finite,NQZ18-CME,26849403,2018-11-28 18:08:07.001000+00:00,6821.0,{'stop_loss_price': 6821.0}
INVALID_RISK_UNIT,risk_unit == 0 or non-finite,NQZ18-CME,26859484,2018-11-28 18:22:58.039000+00:00,6836.25,{'stop_loss_price': 6836.25}
INVALID_RISK_UNIT,risk_unit == 0 or non-finite,NQZ18-CME,26859485,2018-11-28 18:22:58.040000+00:00,6836.25,{'stop_loss_price': 6836.25}
INVALID_RISK_UNIT,risk_unit == 0 or non-finite,NQZ18-CME,26859486,2018-11-28 18:22:58.041000+00:00,6836.25,{'stop_loss_price': 6836.25}
INVALID_RISK_UNIT,risk_unit == 0 or non-finite,NQZ18-CME,26859487,2018-11-28 18:22:58.042000+00:00,6836.25,{'stop_loss_price': 6836.25}
INVALID_RISK_UNIT,risk_unit == 0 or non-finite,NQZ18-CME,26859488,2018-11-28 18:22:58.043000+00:00,6836.25,{'stop_loss_price': 6836.25}
INVALID_RISK_UNIT,risk_unit == 0 or non-finite,NQZ18-CME,26859489,2018-11-28 18:22:58.044000+00:00,6836.25,{'stop_loss_price': 6836.25}
INVALID_RISK_UNIT,risk_unit == 0 or non-finite,NQZ18-CME,26859490,2018-11-28 18:22:58.045000+00:00,6836.25,{'stop_loss_price': 6836.25}
INVALID_RISK_UNIT,risk_unit == 0 or non-finite,NQZ18-CME,26859491,2018-11-28 18:22:58.046000+00:00,6836.25,{'stop_loss_price': 6836.25}
INVALID_RISK_UNIT,risk_unit == 0 or non-finite,NQZ18-CME,26859492,2018-11-28 18:22:58.047000+00:00,6836.25,{'stop_loss_price': 6836.25}
INVALID_RISK_UNIT,risk_unit == 0 or non-finite,NQZ18-CME,26872419,2018-11-28 18:36:26.001000+00:00,6860.75,{'stop_loss_price': 6860.75}
INVALID_RISK_UNIT,risk_unit == 0 or non-finite,NQZ18-CME,26872420,2018-11-28 18:36:26.002000+00:00,6860.75,{'stop_loss_price': 6860.75}
INVALID_RISK_UNIT,risk_unit == 0 or non-finite,NQZ18-CME,26872421,2018-11-28 18:36:26.003000+00:00,6860.75,{'stop_loss_price': 6860.75}
INVALID_RISK_UNIT,risk_unit == 0 or non-finite,NQZ18-CME,26872422,2018-11-28 18:36:26.004000+00:00,6860.75,{'stop_loss_price': 6860.75}
INVALID_RISK_UNIT,risk_unit == 0 or non-finite,NQZ18-CME,26872423,2018-11-28 18:36:26.005000+00:00,6860.75,{'stop_loss_price': 6860.75}
INVALID_RISK_UNIT,risk_unit == 0 or non-finite,NQZ18-CME,26872440,2018-11-28 18:36:27.016000+00:00,6860.75,{'stop_loss_price': 6860.75}
INVALID_RISK_UNIT,risk_unit == 0 or non-finite,NQZ18-CME,26872441,2018-11-28 18:36:27.017000+00:00,6860.75,{'stop_loss_price': 6860.75}
INVALID_RISK_UNIT,risk_unit == 0 or non-finite,NQZ18-CME,26900612,2018-11-28 19:06:36.003000+00:00,6877.25,{'stop_loss_price': 6877.25}
INVALID_RISK_UNIT,risk_unit == 0 or non-finite,NQZ18-CME,26910848,2018-11-28 19:17:06.011000+00:00,6868.25,{'stop_loss_price': 6868.25}
INVALID_RISK_UNIT,risk_unit == 0 or non-finite,NQZ18-CME,26910849,2018-11-28 19:17:06.012000+00:00,6868.25,{'stop_loss_price': 6868.25}
INVALID_RISK_UNIT,risk_unit == 0 or non-finite,NQZ18-CME,26910850,2018-11-28 19:17:06.013000+00:00,6868.25,{'stop_loss_price': 6868.25}
INVALID_RISK_UNIT,risk_unit == 0 or non-finite,NQZ18-CME,26910851,2018-11-28 19:17:06.014000+00:00,6868.25,{'stop_loss_price': 6868.25}
INVALID_RISK_UNIT,risk_unit == 0 or non-finite,NQZ18-CME,26910852,2018-11-28 19:17:06.015000+00:00,6868.25,{'stop_loss_price': 6868.25}
INVALID_RISK_UNIT,risk_unit == 0 or non-finite,NQZ18-CME,26910853,2018-11-28 19:17:06.016000+00:00,6868.25,{'stop_loss_price': 6868.25}
INVALID_RISK_UNIT,risk_unit == 0 or non-finite,NQZ18-CME,26910854,2018-11-28 19:17:06.017000+00:00,6868.25,{'stop_loss_price': 6868.25}
INVALID_RISK_UNIT,risk_unit == 0 or non-finite,NQZ18-CME,26915736,2018-11-28 19:24:54.004000+00:00,6872.0,{'stop_loss_price': 6872.0}
INVALID_RISK_UNIT,risk_unit == 0 or non-finite,NQZ18-CME,26915737,2018-11-28 19:24:54.005000+00:00,6872.0,{'stop_loss_price': 6872.0}
INVALID_RISK_UNIT,risk_unit == 0 or non-finite,NQZ18-CME,26915739,2018-11-28 19:24:55.001000+00:00,6872.0,{'stop_loss_price': 6872.0}
INVALID_RISK_UNIT,risk_unit == 0 or non-finite,NQZ18-CME,27042275,2018-11-29 11:11:46+00:00,6878.25,{'stop_loss_price': 6878.25}
INVALID_RISK_UNIT,risk_unit == 0 or non-finite,NQZ18-CME,27074414,2018-11-29 14:28:10.010000+00:00,6891.25,{'stop_loss_price': 6891.25}
INVALID_RISK_UNIT,risk_unit == 0 or non-finite,NQZ18-CME,27074415,2018-11-29 14:28:10.011000+00:00,6891.25,{'stop_loss_price': 6891.25}
INVALID_RISK_UNIT,risk_unit == 0 or non-finite,NQZ18-CME,27074416,2018-11-29 14:28:12+00:00,6891.25,{'stop_loss_price': 6891.25}
INVALID_RISK_UNIT,risk_unit == 0 or non-finite,NQZ18-CME,27090494,2018-11-29 14:36:11.008000+00:00,6888.0,{'stop_loss_price': 6888.0}
INVALID_RISK_UNIT,risk_unit == 0 or non-finite,NQZ18-CME,27090495,2018-11-29 14:36:11.009000+00:00,6888.0,{'stop_loss_price': 6888.0}
INVALID_RISK_UNIT,risk_unit == 0 or non-finite,NQZ18-CME,27173775,2018-11-29 15:30:11.005000+00:00,6865.75,{'stop_loss_price': 6865.75}
INVALID_RISK_UNIT,risk_unit == 0 or non-finite,NQZ18-CME,27173776,2018-11-29 15:30:11.006000+00:00,6865.75,{'stop_loss_price': 6865.75}
INVALID_RISK_UNIT,risk_unit == 0 or non-finite,NQZ18-CME,27173777,2018-11-29 15:30:11.007000+00:00,6865.75,{'stop_loss_price': 6865.75}
INVALID_RISK_UNIT,risk_unit == 0 or non-finite,NQZ18-CME,27173778,2018-11-29 15:30:11.008000+00:00,6865.75,{'stop_loss_price': 6865.75}
INVALID_RISK_UNIT,risk_unit == 0 or non-finite,NQZ18-CME,27173779,2018-11-29 15:30:11.009000+00:00,6865.75,{'stop_loss_price': 6865.75}
INVALID_RISK_UNIT,risk_unit == 0 or non-finite,NQZ18-CME,27242645,2018-11-29 16:17:31.001000+00:00,6862.75,{'stop_loss_price': 6862.75}
INVALID_RISK_UNIT,risk_unit == 0 or non-finite,NQZ18-CME,27254825,2018-11-29 16:24:42.029000+00:00,6870.25,{'stop_loss_price': 6870.25}
INVALID_RISK_UNIT,risk_unit == 0 or non-finite,NQZ18-CME,27254826,2018-11-29 16:24:42.030000+00:00,6870.25,{'stop_loss_price': 6870.25}
INVALID_RISK_UNIT,risk_unit == 0 or non-finite,NQZ18-CME,27254827,2018-11-29 16:24:42.031000+00:00,6870.25,{'stop_loss_price': 6870.25}
INVALID_RISK_UNIT,risk_unit == 0 or non-finite,NQZ18-CME,27254828,2018-11-29 16:24:42.032000+00:00,6870.25,{'stop_loss_price': 6870.25}
INVALID_RISK_UNIT,risk_unit == 0 or non-finite,NQZ18-CME,27254829,2018-11-29 16:24:42.033000+00:00,6870.25,{'stop_loss_price': 6870.25}
INVALID_RISK_UNIT,risk_unit == 0 or non-finite,NQZ18-CME,27283052,2018-11-29 16:54:54.528000+00:00,6896.75,{'stop_loss_price': 6896.75}
INVALID_RISK_UNIT,risk_unit == 0 or non-finite,NQZ18-CME,27283053,2018-11-29 16:54:54.529000+00:00,6896.75,{'stop_loss_price': 6896.75}
INVALID_RISK_UNIT,risk_unit == 0 or non-finite,NQZ18-CME,27283054,2018-11-29 16:54:54.530000+00:00,6896.75,{'stop_loss_price': 6896.75}
INVALID_RISK_UNIT,risk_unit == 0 or non-finite,NQZ18-CME,27283058,2018-11-29 16:54:54.534000+00:00,6896.75,{'stop_loss_price': 6896.75}
INVALID_RISK_UNIT,risk_unit == 0 or non-finite,NQZ18-CME,27283059,2018-11-29 16:54:54.535000+00:00,6896.75,{'stop_loss_price': 6896.75}
INVALID_RISK_UNIT,risk_unit == 0 or non-finite,NQZ18-CME,27283060,2018-11-29 16:54:54.536000+00:00,6896.75,{'stop_loss_price': 6896.75}
INVALID_RISK_UNIT,risk_unit == 0 or non-finite,NQZ18-CME,27346409,2018-11-29 19:05:11.002000+00:00,6904.0,{'stop_loss_price': 6904.0}
INVALID_RISK_UNIT,risk_unit == 0 or non-finite,NQZ18-CME,27346410,2018-11-29 19:05:11.003000+00:00,6904.0,{'stop_loss_price': 6904.0}
INVALID_RISK_UNIT,risk_unit == 0 or non-finite,NQZ18-CME,27346411,2018-11-29 19:05:11.004000+00:00,6904.0,{'stop_loss_price': 6904.0}
INVALID_RISK_UNIT,risk_unit == 0 or non-finite,NQZ18-CME,27350384,2018-11-29 19:11:22.020000+00:00,6911.75,{'stop_loss_price': 6911.75}
INVALID_RISK_UNIT,risk_unit == 0 or non-finite,NQZ18-CME,27350385,2018-11-29 19:11:22.021000+00:00,6911.75,{'stop_loss_price': 6911.75}
INVALID_RISK_UNIT,risk_unit == 0 or non-finite,NQZ18-CME,27356425,2018-11-29 19:18:21+00:00,6921.5,{'stop_loss_price': 6921.5}
INVALID_RISK_UNIT,risk_unit == 0 or non-finite,NQZ18-CME,27359669,2018-11-29 19:22:16.001000+00:00,6926.0,{'stop_loss_price': 6926.0}
INVALID_RISK_UNIT,risk_unit == 0 or non-finite,NQZ18-CME,27359670,2018-11-29 19:22:16.002000+00:00,6926.0,{'stop_loss_price': 6926.0}
INVALID_RISK_UNIT,risk_unit == 0 or non-finite,NQZ18-CME,27359671,2018-11-29 19:22:16.003000+00:00,6926.0,{'stop_loss_price': 6926.0}
INVALID_RISK_UNIT,risk_unit == 0 or non-finite,NQZ18-CME,27359672,2018-11-29 19:22:16.004000+00:00,6926.0,{'stop_loss_price': 6926.0}
INVALID_RISK_UNIT,risk_unit == 0 or non-finite,NQZ18-CME,27359673,2018-11-29 19:22:16.005000+00:00,6926.0,{'stop_loss_price': 6926.0}
INVALID_RISK_UNIT,risk_unit == 0 or non-finite,NQZ18-CME,27370403,2018-11-29 19:40:34.005000+00:00,6921.5,{'stop_loss_price': 6921.5}
INVALID_RISK_UNIT,risk_unit == 0 or non-finite,NQZ18-CME,27401040,2018-11-29 20:39:52.003000+00:00,6920.0,{'stop_loss_price': 6920.0}
INVALID_RISK_UNIT,risk_unit == 0 or non-finite,NQZ18-CME,27401041,2018-11-29 20:39:52.004000+00:00,6920.0,{'stop_loss_price': 6920.0}
INVALID_RISK_UNIT,risk_unit == 0 or non-finite,NQZ18-CME,27401042,2018-11-29 20:39:52.005000+00:00,6920.0,{'stop_loss_price': 6920.0}
INVALID_RISK_UNIT,risk_unit == 0 or non-finite,NQZ18-CME,27401043,2018-11-29 20:39:52.006000+00:00,6920.0,{'stop_loss_price': 6920.0}
INVALID_RISK_UNIT,risk_unit == 0 or non-finite,NQZ18-CME,27401044,2018-11-29 20:39:52.007000+00:00,6920.0,{'stop_loss_price': 6920.0}
INVALID_RISK_UNIT,risk_unit == 0 or non-finite,NQZ18-CME,27406919,2018-11-29 20:48:49+00:00,6919.25,{'stop_loss_price': 6919.25}
INVALID_RISK_UNIT,risk_unit == 0 or non-finite,NQZ18-CME,27406920,2018-11-29 20:48:49.001000+00:00,6919.25,{'stop_loss_price': 6919.25}
INVALID_RISK_UNIT,risk_unit == 0 or non-finite,NQZ18-CME,27406921,2018-11-29 20:48:49.002000+00:00,6919.25,{'stop_loss_price': 6919.25}
INVALID_RISK_UNIT,risk_unit == 0 or non-finite,NQZ18-CME,27406922,2018-11-29 20:48:49.003000+00:00,6919.25,{'stop_loss_price': 6919.25}
INVALID_RISK_UNIT,risk_unit == 0 or non-finite,NQZ18-CME,27406923,2018-11-29 20:48:49.004000+00:00,6919.25,{'stop_loss_price': 6919.25}
INVALID_RISK_UNIT,risk_unit == 0 or non-finite,NQZ18-CME,27406924,2018-11-29 20:48:49.005000+00:00,6919.25,{'stop_loss_price': 6919.25}
INVALID_RISK_UNIT,risk_unit == 0 or non-finite,NQZ18-CME,27406925,2018-11-29 20:48:49.006000+00:00,6919.25,{'stop_loss_price': 6919.25}
INVALID_RISK_UNIT,risk_unit == 0 or non-finite,NQZ18-CME,27406927,2018-11-29 20:48:50+00:00,6919.25,{'stop_loss_price': 6919.25}
INVALID_RISK_UNIT,risk_unit == 0 or non-finite,NQZ18-CME,27501715,2018-11-30 14:33:56.015000+00:00,6891.75,{'stop_loss_price': 6891.75}
INVALID_RISK_UNIT,risk_unit == 0 or non-finite,NQZ18-CME,27535167,2018-11-30 15:03:02.010000+00:00,6887.25,{'stop_loss_price': 6887.25}
INVALID_RISK_UNIT,risk_unit == 0 or non-finite,NQZ18-CME,27535168,2018-11-30 15:03:02.011000+00:00,6887.25,{'stop_loss_price': 6887.25}
INVALID_RISK_UNIT,risk_unit == 0 or non-finite,NQZ18-CME,27535169,2018-11-30 15:03:02.012000+00:00,6887.25,{'stop_loss_price': 6887.25}
INVALID_RISK_UNIT,risk_unit == 0 or non-finite,NQZ18-CME,27535170,2018-11-30 15:03:02.013000+00:00,6887.25,{'stop_loss_price': 6887.25}
INVALID_RISK_UNIT,risk_unit == 0 or non-finite,NQZ18-CME,27535171,2018-11-30 15:03:02.014000+00:00,6887.25,{'stop_loss_price': 6887.25}
INVALID_RISK_UNIT,risk_unit == 0 or non-finite,NQZ18-CME,27535172,2018-11-30 15:03:02.015000+00:00,6887.25,{'stop_loss_price': 6887.25}
INVALID_RISK_UNIT,risk_unit == 0 or non-finite,NQZ18-CME,27535173,2018-11-30 15:03:02.016000+00:00,6887.25,{'stop_loss_price': 6887.25}
INVALID_RISK_UNIT,risk_unit == 0 or non-finite,NQZ18-CME,27535174,2018-11-30 15:03:02.017000+00:00,6887.25,{'stop_loss_price': 6887.25}
INVALID_RISK_UNIT,risk_unit == 0 or non-finite,NQZ18-CME,27567067,2018-11-30 15:38:40.003000+00:00,6923.25,{'stop_loss_price': 6923.25}
INVALID_RISK_UNIT,risk_unit == 0 or non-finite,NQZ18-CME,27571585,2018-11-30 15:43:37.009000+00:00,6928.5,{'stop_loss_price': 6928.5}
INVALID_RISK_UNIT,risk_unit == 0 or non-finite,NQZ18-CME,27572474,2018-11-30 15:45:08+00:00,6928.75,{'stop_loss_price': 6928.75}
INVALID_RISK_UNIT,risk_unit == 0 or non-finite,NQZ18-CME,27640138,2018-11-30 17:12:31.007000+00:00,6904.25,{'stop_loss_price': 6904.25}
INVALID_RISK_UNIT,risk_unit == 0 or non-finite,NQZ18-CME,27663358,2018-11-30 17:59:09.002000+00:00,6897.5,{'stop_loss_price': 6897.5}
INVALID_RISK_UNIT,risk_unit == 0 or non-finite,NQZ18-CME,27663359,2018-11-30 17:59:09.003000+00:00,6897.5,{'stop_loss_price': 6897.5}
INVALID_RISK_UNIT,risk_unit == 0 or non-finite,NQZ18-CME,27663360,2018-11-30 17:59:09.004000+00:00,6897.5,{'stop_loss_price': 6897.5}
INVALID_RISK_UNIT,risk_unit == 0 or non-finite,NQZ18-CME,27663361,2018-11-30 17:59:09.005000+00:00,6897.5,{'stop_loss_price': 6897.5}
INVALID_RISK_UNIT,risk_unit == 0 or non-finite,NQZ18-CME,27663362,2018-11-30 17:59:09.006000+00:00,6897.5,{'stop_loss_price': 6897.5}
INVALID_RISK_UNIT,risk_unit == 0 or non-finite,NQZ18-CME,27663363,2018-11-30 17:59:09.007000+00:00,6897.5,{'stop_loss_price': 6897.5}
INVALID_RISK_UNIT,risk_unit == 0 or non-finite,NQZ18-CME,27663364,2018-11-30 17:59:09.008000+00:00,6897.5,{'stop_loss_price': 6897.5}
INVALID_RISK_UNIT,risk_unit == 0 or non-finite,NQZ18-CME,27663365,2018-11-30 17:59:09.009000+00:00,6897.5,{'stop_loss_price': 6897.5}
INVALID_RISK_UNIT,risk_unit == 0 or non-finite,NQZ18-CME,27709665,2018-11-30 19:13:15+00:00,6916.0,{'stop_loss_price': 6916.0}
INVALID_RISK_UNIT,risk_unit == 0 or non-finite,NQZ18-CME,27709666,2018-11-30 19:13:15.001000+00:00,6916.0,{'stop_loss_price': 6916.0}
INVALID_RISK_UNIT,risk_unit == 0 or non-finite,NQZ18-CME,27709667,2018-11-30 19:13:15.002000+00:00,6916.0,{'stop_loss_price': 6916.0}
INVALID_RISK_UNIT,risk_unit == 0 or non-finite,NQZ18-CME,27709668,2018-11-30 19:13:15.003000+00:00,6916.0,{'stop_loss_price': 6916.0}
INVALID_RISK_UNIT,risk_unit == 0 or non-finite,NQZ18-CME,27709703,2018-11-30 19:13:22.004000+00:00,6916.0,{'stop_loss_price': 6916.0}
INVALID_RISK_UNIT,risk_unit == 0 or non-finite,NQZ18-CME,27709704,2018-11-30 19:13:22.005000+00:00,6916.0,{'stop_loss_price': 6916.0}
INVALID_RISK_UNIT,risk_unit == 0 or non-finite,NQZ18-CME,27709705,2018-11-30 19:13:22.006000+00:00,6916.0,{'stop_loss_price': 6916.0}
INVALID_RISK_UNIT,risk_unit == 0 or non-finite,NQZ18-CME,27709706,2018-11-30 19:13:22.007000+00:00,6916.0,{'stop_loss_price': 6916.0}
INVALID_RISK_UNIT,risk_unit == 0 or non-finite,NQZ18-CME,27709707,2018-11-30 19:13:22.008000+00:00,6916.0,{'stop_loss_price': 6916.0}
INVALID_RISK_UNIT,risk_unit == 0 or non-finite,NQZ18-CME,27709708,2018-11-30 19:13:22.009000+00:00,6916.0,{'stop_loss_price': 6916.0}
INVALID_RISK_UNIT,risk_unit == 0 or non-finite,NQZ18-CME,27709709,2018-11-30 19:13:22.010000+00:00,6916.0,{'stop_loss_price': 6916.0}
INVALID_RISK_UNIT,risk_unit == 0 or non-finite,NQZ18-CME,27709710,2018-11-30 19:13:22.011000+00:00,6916.0,{'stop_loss_price': 6916.0}
INVALID_RISK_UNIT,risk_unit == 0 or non-finite,NQZ18-CME,27709711,2018-11-30 19:13:22.012000+00:00,6916.0,{'stop_loss_price': 6916.0}
INVALID_RISK_UNIT,risk_unit == 0 or non-finite,NQZ18-CME,27793968,2018-11-30 21:06:21.012000+00:00,6951.5,{'stop_loss_price': 6951.5}
INVALID_RISK_UNIT,risk_unit == 0 or non-finite,NQZ18-CME,27793969,2018-11-30 21:06:21.013000+00:00,6951.5,{'stop_loss_price': 6951.5}
INVALID_RISK_UNIT,risk_unit == 0 or non-finite,NQZ18-CME,27793970,2018-11-30 21:06:21.014000+00:00,6951.5,{'stop_loss_price': 6951.5}
INVALID_RISK_UNIT,risk_unit == 0 or non-finite,NQZ18-CME,27793971,2018-11-30 21:06:21.015000+00:00,6951.5,{'stop_loss_price': 6951.5}
INVALID_RISK_UNIT,risk_unit == 0 or non-finite,NQZ18-CME,27793972,2018-11-30 21:06:21.016000+00:00,6951.5,{'stop_loss_price': 6951.5}
INVALID_RISK_UNIT,risk_unit == 0 or non-finite,NQZ18-CME,27793973,2018-11-30 21:06:21.017000+00:00,6951.5,{'stop_loss_price': 6951.5}
INVALID_RISK_UNIT,risk_unit == 0 or non-finite,NQZ18-CME,27793974,2018-11-30 21:06:21.018000+00:00,6951.5,{'stop_loss_price': 6951.5}
INVALID_RISK_UNIT,risk_unit == 0 or non-finite,NQZ18-CME,27793975,2018-11-30 21:06:21.019000+00:00,6951.5,{'stop_loss_price': 6951.5}
INVALID_RISK_UNIT,risk_unit == 0 or non-finite,NQZ18-CME,27881378,2018-12-03 12:24:01.004000+00:00,7104.5,{'stop_loss_price': 7104.5}
INVALID_RISK_UNIT,risk_unit == 0 or non-finite,NQZ18-CME,27883627,2018-12-03 12:43:40+00:00,7102.25,{'stop_loss_price': 7102.25}
INVALID_RISK_UNIT,risk_unit == 0 or non-finite,NQZ18-CME,27894777,2018-12-03 13:43:42.003000+00:00,7091.0,{'stop_loss_price': 7091.0}
INVALID_RISK_UNIT,risk_unit == 0 or non-finite,NQZ18-CME,27894778,2018-12-03 13:43:42.004000+00:00,7091.0,{'stop_loss_price': 7091.0}
INVALID_RISK_UNIT,risk_unit == 0 or non-finite,NQZ18-CME,27894779,2018-12-03 13:43:42.005000+00:00,7091.0,{'stop_loss_price': 7091.0}
INVALID_RISK_UNIT,risk_unit == 0 or non-finite,NQZ18-CME,27938738,2018-12-03 14:41:44.028000+00:00,7063.5,{'stop_loss_price': 7063.5}
INVALID_RISK_UNIT,risk_unit == 0 or non-finite,NQZ18-CME,27955423,2018-12-03 14:51:35.036000+00:00,7046.5,{'stop_loss_price': 7046.5}
INVALID_RISK_UNIT,risk_unit == 0 or non-finite,NQZ18-CME,27960514,2018-12-03 14:54:41+00:00,7044.75,{'stop_loss_price': 7044.75}
INVALID_RISK_UNIT,risk_unit == 0 or non-finite,NQZ18-CME,27960515,2018-12-03 14:54:41.001000+00:00,7044.75,{'stop_loss_price': 7044.75}
INVALID_RISK_UNIT,risk_unit == 0 or non-finite,NQZ18-CME,27960516,2018-12-03 14:54:41.002000+00:00,7044.75,{'stop_loss_price': 7044.75}
INVALID_RISK_UNIT,risk_unit == 0 or non-finite,NQZ18-CME,27976072,2018-12-03 15:04:37.002000+00:00,7061.25,{'stop_loss_price': 7061.25}
INVALID_RISK_UNIT,risk_unit == 0 or non-finite,NQZ18-CME,27976073,2018-12-03 15:04:37.003000+00:00,7061.25,{'stop_loss_price': 7061.25}
INVALID_RISK_UNIT,risk_unit == 0 or non-finite,NQZ18-CME,27976074,2018-12-03 15:04:37.004000+00:00,7061.25,{'stop_loss_price': 7061.25}
INVALID_RISK_UNIT,risk_unit == 0 or non-finite,NQZ18-CME,27976075,2018-12-03 15:04:37.005000+00:00,7061.25,{'stop_loss_price': 7061.25}
INVALID_RISK_UNIT,risk_unit == 0 or non-finite,NQZ18-CME,27976076,2018-12-03 15:04:37.006000+00:00,7061.25,{'stop_loss_price': 7061.25}
INVALID_RISK_UNIT,risk_unit == 0 or non-finite,NQZ18-CME,27976077,2018-12-03 15:04:37.007000+00:00,7061.25,{'stop_loss_price': 7061.25}
INVALID_RISK_UNIT,risk_unit == 0 or non-finite,NQZ18-CME,27976078,2018-12-03 15:04:37.008000+00:00,7061.25,{'stop_loss_price': 7061.25}
INVALID_RISK_UNIT,risk_unit == 0 or non-finite,NQZ18-CME,27989779,2018-12-03 15:13:36.002000+00:00,7072.5,{'stop_loss_price': 7072.5}
INVALID_RISK_UNIT,risk_unit == 0 or non-finite,NQZ18-CME,28000020,2018-12-03 15:21:13+00:00,7081.25,{'stop_loss_price': 7081.25}
INVALID_RISK_UNIT,risk_unit == 0 or non-finite,NQZ18-CME,28059246,2018-12-03 16:04:41.065000+00:00,7046.25,{'stop_loss_price': 7046.25}
INVALID_RISK_UNIT,risk_unit == 0 or non-finite,NQZ18-CME,28059247,2018-12-03 16:04:41.066000+00:00,7046.25,{'stop_loss_price': 7046.25}
INVALID_RISK_UNIT,risk_unit == 0 or non-finite,NQZ18-CME,28059248,2018-12-03 16:04:41.067000+00:00,7046.25,{'stop_loss_price': 7046.25}
INVALID_RISK_UNIT,risk_unit == 0 or non-finite,NQZ18-CME,28059258,2018-12-03 16:04:43.001000+00:00,7046.25,{'stop_loss_price': 7046.25}
INVALID_RISK_UNIT,risk_unit == 0 or non-finite,NQZ18-CME,28069510,2018-12-03 16:15:26.005000+00:00,7057.75,{'stop_loss_price': 7057.75}
INVALID_RISK_UNIT,risk_unit == 0 or non-finite,NQZ18-CME,28116450,2018-12-03 17:08:58.004000+00:00,7044.75,{'stop_loss_price': 7044.75}
INVALID_RISK_UNIT,risk_unit == 0 or non-finite,NQZ18-CME,28116451,2018-12-03 17:08:58.005000+00:00,7044.75,{'stop_loss_price': 7044.75}
INVALID_RISK_UNIT,risk_unit == 0 or non-finite,NQZ18-CME,28116452,2018-12-03 17:08:58.006000+00:00,7044.75,{'stop_loss_price': 7044.75}
INVALID_RISK_UNIT,risk_unit == 0 or non-finite,NQZ18-CME,28116453,2018-12-03 17:08:58.007000+00:00,7044.75,{'stop_loss_price': 7044.75}
INVALID_RISK_UNIT,risk_unit == 0 or non-finite,NQZ18-CME,28116454,2018-12-03 17:08:58.008000+00:00,7044.75,{'stop_loss_price': 7044.75}
INVALID_RISK_UNIT,risk_unit == 0 or non-finite,NQZ18-CME,28116455,2018-12-03 17:08:58.009000+00:00,7044.75,{'stop_loss_price': 7044.75}
INVALID_RISK_UNIT,risk_unit == 0 or non-finite,NQZ18-CME,28116456,2018-12-03 17:08:58.010000+00:00,7044.75,{'stop_loss_price': 7044.75}
INVALID_RISK_UNIT,risk_unit == 0 or non-finite,NQZ18-CME,28116457,2018-12-03 17:08:58.011000+00:00,7044.75,{'stop_loss_price': 7044.75}
INVALID_RISK_UNIT,risk_unit == 0 or non-finite,NQZ18-CME,28116459,2018-12-03 17:08:59+00:00,7044.75,{'stop_loss_price': 7044.75}
INVALID_RISK_UNIT,risk_unit == 0 or non-finite,NQZ18-CME,28151700,2018-12-03 18:08:55.001000+00:00,7059.75,{'stop_loss_price': 7059.75}
INVALID_RISK_UNIT,risk_unit == 0 or non-finite,NQZ18-CME,28151701,2018-12-03 18:08:55.002000+00:00,7059.75,{'stop_loss_price': 7059.75}
INVALID_RISK_UNIT,risk_unit == 0 or non-finite,NQZ18-CME,28151702,2018-12-03 18:08:55.003000+00:00,7059.75,{'stop_loss_price': 7059.75}
INVALID_RISK_UNIT,risk_unit == 0 or non-finite,NQZ18-CME,28159111,2018-12-03 18:19:15.011000+00:00,7058.5,{'stop_loss_price': 7058.5}
INVALID_RISK_UNIT,risk_unit == 0 or non-finite,NQZ18-CME,28195207,2018-12-03 19:16:25.005000+00:00,7035.25,{'stop_loss_price': 7035.25}
INVALID_RISK_UNIT,risk_unit == 0 or non-finite,NQZ18-CME,28195208,2018-12-03 19:16:25.006000+00:00,7035.25,{'stop_loss_price': 7035.25}
INVALID_RISK_UNIT,risk_unit == 0 or non-finite,NQZ18-CME,28195209,2018-12-03 19:16:25.007000+00:00,7035.25,{'stop_loss_price': 7035.25}
INVALID_RISK_UNIT,risk_unit == 0 or non-finite,NQZ18-CME,28195211,2018-12-03 19:16:25.009000+00:00,7035.25,{'stop_loss_price': 7035.25}
INVALID_RISK_UNIT,risk_unit == 0 or non-finite,NQZ18-CME,28235079,2018-12-03 20:26:18.003000+00:00,7052.5,{'stop_loss_price': 7052.5}
INVALID_RISK_UNIT,risk_unit == 0 or non-finite,NQZ18-CME,28252947,2018-12-03 20:47:42.005000+00:00,7055.5,{'stop_loss_price': 7055.5}
INVALID_RISK_UNIT,risk_unit == 0 or non-finite,NQZ18-CME,28252948,2018-12-03 20:47:42.006000+00:00,7055.5,{'stop_loss_price': 7055.5}
INVALID_RISK_UNIT,risk_unit == 0 or non-finite,NQZ18-CME,28252949,2018-12-03 20:47:42.007000+00:00,7055.5,{'stop_loss_price': 7055.5}
INVALID_RISK_UNIT,risk_unit == 0 or non-finite,NQZ18-CME,28252950,2018-12-03 20:47:42.008000+00:00,7055.5,{'stop_loss_price': 7055.5}
INVALID_RISK_UNIT,risk_unit == 0 or non-finite,NQZ18-CME,28252951,2018-12-03 20:47:42.009000+00:00,7055.5,{'stop_loss_price': 7055.5}
INVALID_RISK_UNIT,risk_unit == 0 or non-finite,NQZ18-CME,28252952,2018-12-03 20:47:42.010000+00:00,7055.5,{'stop_loss_price': 7055.5}
INVALID_RISK_UNIT,risk_unit == 0 or non-finite,NQZ18-CME,28252953,2018-12-03 20:47:42.011000+00:00,7055.5,{'stop_loss_price': 7055.5}
INVALID_RISK_UNIT,risk_unit == 0 or non-finite,NQZ18-CME,28252956,2018-12-03 20:47:42.014000+00:00,7055.5,{'stop_loss_price': 7055.5}
INVALID_RISK_UNIT,risk_unit == 0 or non-finite,NQZ18-CME,28252957,2018-12-03 20:47:43+00:00,7055.5,{'stop_loss_price': 7055.5}
INVALID_RISK_UNIT,risk_unit == 0 or non-finite,NQZ18-CME,28252958,2018-12-03 20:47:43.001000+00:00,7055.5,{'stop_loss_price': 7055.5}
INVALID_RISK_UNIT,risk_unit == 0 or non-finite,NQZ18-CME,28270326,2018-12-03 21:07:26.005000+00:00,7059.75,{'stop_loss_price': 7059.75}
INVALID_RISK_UNIT,risk_unit == 0 or non-finite,NQZ18-CME,28270327,2018-12-03 21:07:27+00:00,7059.75,{'stop_loss_price': 7059.75}
INVALID_RISK_UNIT,risk_unit == 0 or non-finite,NQZ18-CME,28270341,2018-12-03 21:07:33.001000+00:00,7059.75,{'stop_loss_price': 7059.75}
INVALID_RISK_UNIT,risk_unit == 0 or non-finite,NQZ18-CME,28270342,2018-12-03 21:07:33.002000+00:00,7059.75,{'stop_loss_price': 7059.75}
INVALID_RISK_UNIT,risk_unit == 0 or non-finite,NQZ18-CME,28270343,2018-12-03 21:07:33.003000+00:00,7059.75,{'stop_loss_price': 7059.75}
INVALID_RISK_UNIT,risk_unit == 0 or non-finite,NQZ18-CME,28270344,2018-12-03 21:07:33.004000+00:00,7059.75,{'stop_loss_price': 7059.75}
INVALID_RISK_UNIT,risk_unit == 0 or non-finite,NQZ18-CME,28270345,2018-12-03 21:07:33.005000+00:00,7059.75,{'stop_loss_price': 7059.75}
INVALID_RISK_UNIT,risk_unit == 0 or non-finite,NQZ18-CME,28270346,2018-12-03 21:07:33.006000+00:00,7059.75,{'stop_loss_price': 7059.75}
INVALID_RISK_UNIT,risk_unit == 0 or non-finite,NQZ18-CME,28279315,2018-12-04 00:33:32+00:00,7043.75,{'stop_loss_price': 7043.75}
INVALID_RISK_UNIT,risk_unit == 0 or non-finite,NQZ18-CME,28296647,2018-12-04 05:15:04.002000+00:00,7008.0,{'stop_loss_price': 7008.0}
INVALID_RISK_UNIT,risk_unit == 0 or non-finite,NQZ18-CME,28296648,2018-12-04 05:15:08+00:00,7008.0,{'stop_loss_price': 7008.0}
INVALID_RISK_UNIT,risk_unit == 0 or non-finite,NQZ18-CME,28296649,2018-12-04 05:15:08.001000+00:00,7008.0,{'stop_loss_price': 7008.0}
INVALID_RISK_UNIT,risk_unit == 0 or non-finite,NQZ18-CME,28296650,2018-12-04 05:15:08.002000+00:00,7008.0,{'stop_loss_price': 7008.0}
INVALID_RISK_UNIT,risk_unit == 0 or non-finite,NQZ18-CME,28296651,2018-12-04 05:15:08.003000+00:00,7008.0,{'stop_loss_price': 7008.0}
INVALID_RISK_UNIT,risk_unit == 0 or non-finite,NQZ18-CME,28296652,2018-12-04 05:15:08.004000+00:00,7008.0,{'stop_loss_price': 7008.0}
INVALID_RISK_UNIT,risk_unit == 0 or non-finite,NQZ18-CME,28296653,2018-12-04 05:15:08.005000+00:00,7008.0,{'stop_loss_price': 7008.0}
INVALID_RISK_UNIT,risk_unit == 0 or non-finite,NQZ18-CME,28296654,2018-12-04 05:15:08.006000+00:00,7008.0,{'stop_loss_price': 7008.0}
INVALID_RISK_UNIT,risk_unit == 0 or non-finite,NQZ18-CME,28296655,2018-12-04 05:15:08.007000+00:00,7008.0,{'stop_loss_price': 7008.0}
INVALID_RISK_UNIT,risk_unit == 0 or non-finite,NQZ18-CME,28296656,2018-12-04 05:15:08.008000+00:00,7008.0,{'stop_loss_price': 7008.0}
INVALID_RISK_UNIT,risk_unit == 0 or non-finite,NQZ18-CME,28296657,2018-12-04 05:15:08.009000+00:00,7008.0,{'stop_loss_price': 7008.0}
INVALID_RISK_UNIT,risk_unit == 0 or non-finite,NQZ18-CME,28296666,2018-12-04 05:15:19+00:00,7008.0,{'stop_loss_price': 7008.0}
INVALID_RISK_UNIT,risk_unit == 0 or non-finite,NQZ18-CME,28311223,2018-12-04 08:01:09.001000+00:00,7013.0,{'stop_loss_price': 7013.0}
INVALID_RISK_UNIT,risk_unit == 0 or non-finite,NQZ18-CME,28311486,2018-12-04 08:02:31+00:00,7014.75,{'stop_loss_price': 7014.75}
INVALID_RISK_UNIT,risk_unit == 0 or non-finite,NQZ18-CME,28393353,2018-12-04 14:44:11+00:00,7033.5,{'stop_loss_price': 7033.5}
INVALID_RISK_UNIT,risk_unit == 0 or non-finite,NQZ18-CME,28393354,2018-12-04 14:44:11.001000+00:00,7033.5,{'stop_loss_price': 7033.5}
INVALID_RISK_UNIT,risk_unit == 0 or non-finite,NQZ18-CME,28393355,2018-12-04 14:44:11.002000+00:00,7033.5,{'stop_loss_price': 7033.5}
INVALID_RISK_UNIT,risk_unit == 0 or non-finite,NQZ18-CME,28393356,2018-12-04 14:44:11.003000+00:00,7033.5,{'stop_loss_price': 7033.5}
INVALID_RISK_UNIT,risk_unit == 0 or non-finite,NQZ18-CME,28393357,2018-12-04 14:44:11.004000+00:00,7033.5,{'stop_loss_price': 7033.5}
INVALID_RISK_UNIT,risk_unit == 0 or non-finite,NQZ18-CME,28393358,2018-12-04 14:44:11.005000+00:00,7033.5,{'stop_loss_price': 7033.5}
INVALID_RISK_UNIT,risk_unit == 0 or non-finite,NQZ18-CME,28423118,2018-12-04 15:00:10.010000+00:00,7028.0,{'stop_loss_price': 7028.0}
INVALID_RISK_UNIT,risk_unit == 0 or non-finite,NQZ18-CME,28441796,2018-12-04 15:14:31.017000+00:00,7036.25,{'stop_loss_price': 7036.25}
INVALID_RISK_UNIT,risk_unit == 0 or non-finite,NQZ18-CME,28477246,2018-12-04 15:39:55.014000+00:00,7038.0,{'stop_loss_price': 7038.0}
INVALID_RISK_UNIT,risk_unit == 0 or non-finite,NQZ18-CME,28495295,2018-12-04 16:01:16.006000+00:00,7020.0,{'stop_loss_price': 7020.0}
INVALID_RISK_UNIT,risk_unit == 0 or non-finite,NQZ18-CME,28495296,2018-12-04 16:01:16.007000+00:00,7020.0,{'stop_loss_price': 7020.0}
INVALID_RISK_UNIT,risk_unit == 0 or non-finite,NQZ18-CME,28495298,2018-12-04 16:01:16.009000+00:00,7020.0,{'stop_loss_price': 7020.0}
INVALID_RISK_UNIT,risk_unit == 0 or non-finite,NQZ18-CME,28515692,2018-12-04 16:22:11.012000+00:00,7017.75,{'stop_loss_price': 7017.75}
INVALID_RISK_UNIT,risk_unit == 0 or non-finite,NQZ18-CME,28515693,2018-12-04 16:22:11.013000+00:00,7017.75,{'stop_loss_price': 7017.75}
INVALID_RISK_UNIT,risk_unit == 0 or non-finite,NQZ18-CME,28515694,2018-12-04 16:22:11.014000+00:00,7017.75,{'stop_loss_price': 7017.75}
INVALID_RISK_UNIT,risk_unit == 0 or non-finite,NQZ18-CME,28515695,2018-12-04 16:22:11.015000+00:00,7017.75,{'stop_loss_price': 7017.75}
INVALID_RISK_UNIT,risk_unit == 0 or non-finite,NQZ18-CME,28515696,2018-12-04 16:22:11.016000+00:00,7017.75,{'stop_loss_price': 7017.75}
INVALID_RISK_UNIT,risk_unit == 0 or non-finite,NQZ18-CME,28515697,2018-12-04 16:22:12+00:00,7017.75,{'stop_loss_price': 7017.75}
INVALID_RISK_UNIT,risk_unit == 0 or non-finite,NQZ18-CME,28515698,2018-12-04 16:22:12.001000+00:00,7017.75,{'stop_loss_price': 7017.75}
INVALID_RISK_UNIT,risk_unit == 0 or non-finite,NQZ18-CME,28515699,2018-12-04 16:22:12.002000+00:00,7017.75,{'stop_loss_price': 7017.75}
INVALID_RISK_UNIT,risk_unit == 0 or non-finite,NQZ18-CME,28515713,2018-12-04 16:22:16+00:00,7017.75,{'stop_loss_price': 7017.75}
INVALID_RISK_UNIT,risk_unit == 0 or non-finite,NQZ18-CME,28531922,2018-12-04 16:37:43.012000+00:00,7000.5,{'stop_loss_price': 7000.5}
INVALID_RISK_UNIT,risk_unit == 0 or non-finite,NQZ18-CME,28599900,2018-12-04 17:22:21.018000+00:00,6925.25,{'stop_loss_price': 6925.25}
INVALID_RISK_UNIT,risk_unit == 0 or non-finite,NQZ18-CME,28601513,2018-12-04 17:23:11.035000+00:00,6929.0,{'stop_loss_price': 6929.0}
INVALID_RISK_UNIT,risk_unit == 0 or non-finite,NQZ18-CME,28601514,2018-12-04 17:23:11.036000+00:00,6929.0,{'stop_loss_price': 6929.0}
INVALID_RISK_UNIT,risk_unit == 0 or non-finite,NQZ18-CME,28668260,2018-12-04 17:53:54.004000+00:00,6897.0,{'stop_loss_price': 6897.0}
INVALID_RISK_UNIT,risk_unit == 0 or non-finite,NQZ18-CME,28697065,2018-12-04 18:18:41.059000+00:00,6888.75,{'stop_loss_price': 6888.75}
INVALID_RISK_UNIT,risk_unit == 0 or non-finite,NQZ18-CME,28808721,2018-12-04 19:30:35.008000+00:00,6868.0,{'stop_loss_price': 6868.0}
INVALID_RISK_UNIT,risk_unit == 0 or non-finite,NQZ18-CME,28824196,2018-12-04 19:43:05+00:00,6874.5,{'stop_loss_price': 6874.5}
INVALID_RISK_UNIT,risk_unit == 0 or non-finite,NQZ18-CME,28828119,2018-12-04 19:46:01.002000+00:00,6887.25,{'stop_loss_price': 6887.25}
INVALID_RISK_UNIT,risk_unit == 0 or non-finite,NQZ18-CME,28848885,2018-12-04 20:03:54.021000+00:00,6853.75,{'stop_loss_price': 6853.75}
INVALID_RISK_UNIT,risk_unit == 0 or non-finite,NQZ18-CME,28848886,2018-12-04 20:03:54.022000+00:00,6853.75,{'stop_loss_price': 6853.75}
INVALID_RISK_UNIT,risk_unit == 0 or non-finite,NQZ18-CME,28848887,2018-12-04 20:03:54.023000+00:00,6853.75,{'stop_loss_price': 6853.75}
INVALID_RISK_UNIT,risk_unit == 0 or non-finite,NQZ18-CME,28848888,2018-12-04 20:03:54.024000+00:00,6853.75,{'stop_loss_price': 6853.75}
INVALID_RISK_UNIT,risk_unit == 0 or non-finite,NQZ18-CME,28848889,2018-12-04 20:03:54.025000+00:00,6853.75,{'stop_loss_price': 6853.75}
INVALID_RISK_UNIT,risk_unit == 0 or non-finite,NQZ18-CME,28848890,2018-12-04 20:03:54.026000+00:00,6853.75,{'stop_loss_price': 6853.75}
INVALID_RISK_UNIT,risk_unit == 0 or non-finite,NQZ18-CME,28848916,2018-12-04 20:03:55.025000+00:00,6853.75,{'stop_loss_price': 6853.75}
INVALID_RISK_UNIT,risk_unit == 0 or non-finite,NQZ18-CME,28939050,2018-12-04 20:59:54.144000+00:00,6801.0,{'stop_loss_price': 6801.0}
INVALID_RISK_UNIT,risk_unit == 0 or non-finite,NQZ18-CME,28939051,2018-12-04 20:59:54.145000+00:00,6801.0,{'stop_loss_price': 6801.0}
INVALID_RISK_UNIT,risk_unit == 0 or non-finite,NQZ18-CME,28939052,2018-12-04 20:59:54.146000+00:00,6801.0,{'stop_loss_price': 6801.0}
INVALID_RISK_UNIT,risk_unit == 0 or non-finite,NQZ18-CME,28939053,2018-12-04 20:59:54.147000+00:00,6801.0,{'stop_loss_price': 6801.0}
INVALID_RISK_UNIT,risk_unit == 0 or non-finite,NQZ18-CME,28939054,2018-12-04 20:59:54.148000+00:00,6801.0,{'stop_loss_price': 6801.0}
INVALID_RISK_UNIT,risk_unit == 0 or non-finite,NQZ18-CME,28939055,2018-12-04 20:59:54.149000+00:00,6801.0,{'stop_loss_price': 6801.0}
INVALID_RISK_UNIT,risk_unit == 0 or non-finite,NQZ18-CME,28939056,2018-12-04 20:59:55+00:00,6801.0,{'stop_loss_price': 6801.0}
INVALID_RISK_UNIT,risk_unit == 0 or non-finite,NQZ18-CME,28978038,2018-12-05 03:40:20.004000+00:00,6828.5,{'stop_loss_price': 6828.5}
INVALID_RISK_UNIT,risk_unit == 0 or non-finite,NQZ18-CME,28997009,2018-12-05 08:56:24.005000+00:00,6848.0,{'stop_loss_price': 6848.0}
INVALID_RISK_UNIT,risk_unit == 0 or non-finite,NQZ18-CME,29001829,2018-12-05 10:00:33+00:00,6843.25,{'stop_loss_price': 6843.25}
INVALID_RISK_UNIT,risk_unit == 0 or non-finite,NQZ18-CME,29013481,2018-12-05 13:26:16+00:00,6859.0,{'stop_loss_price': 6859.0}
INVALID_RISK_UNIT,risk_unit == 0 or non-finite,NQZ18-CME,29013482,2018-12-05 13:26:16.001000+00:00,6859.0,{'stop_loss_price': 6859.0}
INVALID_RISK_UNIT,risk_unit == 0 or non-finite,NQZ18-CME,29013483,2018-12-05 13:26:17+00:00,6859.0,{'stop_loss_price': 6859.0}
INVALID_RISK_UNIT,risk_unit == 0 or non-finite,NQZ18-CME,29013491,2018-12-05 13:26:36+00:00,6859.0,{'stop_loss_price': 6859.0}
INVALID_RISK_UNIT,risk_unit == 0 or non-finite,NQZ18-CME,29015644,2018-12-05 13:53:55+00:00,6851.5,{'stop_loss_price': 6851.5}
INVALID_RISK_UNIT,risk_unit == 0 or non-finite,NQZ18-CME,29068087,2018-12-06 03:40:25.005000+00:00,6692.5,{'stop_loss_price': 6692.5}
INVALID_RISK_UNIT,risk_unit == 0 or non-finite,NQZ18-CME,29068088,2018-12-06 03:40:25.006000+00:00,6692.5,{'stop_loss_price': 6692.5}
INVALID_RISK_UNIT,risk_unit == 0 or non-finite,NQZ18-CME,29120170,2018-12-06 09:18:39.001000+00:00,6694.5,{'stop_loss_price': 6694.5}
INVALID_RISK_UNIT,risk_unit == 0 or non-finite,NQZ18-CME,29133291,2018-12-06 10:17:27.001000+00:00,6646.25,{'stop_loss_price': 6646.25}
INVALID_RISK_UNIT,risk_unit == 0 or non-finite,NQZ18-CME,29172989,2018-12-06 13:41:35.023000+00:00,6689.0,{'stop_loss_price': 6689.0}
INVALID_RISK_UNIT,risk_unit == 0 or non-finite,NQZ18-CME,29172990,2018-12-06 13:41:35.024000+00:00,6689.0,{'stop_loss_price': 6689.0}
INVALID_RISK_UNIT,risk_unit == 0 or non-finite,NQZ18-CME,29172991,2018-12-06 13:41:35.025000+00:00,6689.0,{'stop_loss_price': 6689.0}
INVALID_RISK_UNIT,risk_unit == 0 or non-finite,NQZ18-CME,29172998,2018-12-06 13:41:35.032000+00:00,6689.0,{'stop_loss_price': 6689.0}
INVALID_RISK_UNIT,risk_unit == 0 or non-finite,NQZ18-CME,29183948,2018-12-06 14:08:29.004000+00:00,6662.75,{'stop_loss_price': 6662.75}
INVALID_RISK_UNIT,risk_unit == 0 or non-finite,NQZ18-CME,29191991,2018-12-06 14:28:02.006000+00:00,6661.75,{'stop_loss_price': 6661.75}
INVALID_RISK_UNIT,risk_unit == 0 or non-finite,NQZ18-CME,29217130,2018-12-06 14:35:43.047000+00:00,6681.75,{'stop_loss_price': 6681.75}
INVALID_RISK_UNIT,risk_unit == 0 or non-finite,NQZ18-CME,29226282,2018-12-06 14:37:42.166000+00:00,6711.0,{'stop_loss_price': 6711.0}
INVALID_RISK_UNIT,risk_unit == 0 or non-finite,NQZ18-CME,29283121,2018-12-06 14:56:12.004000+00:00,6669.0,{'stop_loss_price': 6669.0}
INVALID_RISK_UNIT,risk_unit == 0 or non-finite,NQZ18-CME,29283122,2018-12-06 14:56:12.005000+00:00,6669.0,{'stop_loss_price': 6669.0}
INVALID_RISK_UNIT,risk_unit == 0 or non-finite,NQZ18-CME,29283123,2018-12-06 14:56:12.006000+00:00,6669.0,{'stop_loss_price': 6669.0}
INVALID_RISK_UNIT,risk_unit == 0 or non-finite,NQZ18-CME,29283124,2018-12-06 14:56:12.007000+00:00,6669.0,{'stop_loss_price': 6669.0}
INVALID_RISK_UNIT,risk_unit == 0 or non-finite,NQZ18-CME,29283125,2018-12-06 14:56:12.008000+00:00,6669.0,{'stop_loss_price': 6669.0}
INVALID_RISK_UNIT,risk_unit == 0 or non-finite,NQZ18-CME,29283126,2018-12-06 14:56:12.009000+00:00,6669.0,{'stop_loss_price': 6669.0}
INVALID_RISK_UNIT,risk_unit == 0 or non-finite,NQZ18-CME,29283127,2018-12-06 14:56:12.010000+00:00,6669.0,{'stop_loss_price': 6669.0}
INVALID_RISK_UNIT,risk_unit == 0 or non-finite,NQZ18-CME,29283128,2018-12-06 14:56:12.011000+00:00,6669.0,{'stop_loss_price': 6669.0}
INVALID_RISK_UNIT,risk_unit == 0 or non-finite,NQZ18-CME,29283129,2018-12-06 14:56:12.012000+00:00,6669.0,{'stop_loss_price': 6669.0}
INVALID_RISK_UNIT,risk_unit == 0 or non-finite,NQZ18-CME,29296699,2018-12-06 15:02:25.003000+00:00,6692.5,{'stop_loss_price': 6692.5}
INVALID_RISK_UNIT,risk_unit == 0 or non-finite,NQZ18-CME,29315924,2018-12-06 15:10:48.002000+00:00,6689.25,{'stop_loss_price': 6689.25}
INVALID_RISK_UNIT,risk_unit == 0 or non-finite,NQZ18-CME,29315925,2018-12-06 15:10:48.003000+00:00,6689.25,{'stop_loss_price': 6689.25}
INVALID_RISK_UNIT,risk_unit == 0 or non-finite,NQZ18-CME,29315926,2018-12-06 15:10:48.004000+00:00,6689.25,{'stop_loss_price': 6689.25}
INVALID_RISK_UNIT,risk_unit == 0 or non-finite,NQZ18-CME,29315927,2018-12-06 15:10:48.005000+00:00,6689.25,{'stop_loss_price': 6689.25}
INVALID_RISK_UNIT,risk_unit == 0 or non-finite,NQZ18-CME,29315928,2018-12-06 15:10:48.006000+00:00,6689.25,{'stop_loss_price': 6689.25}
INVALID_RISK_UNIT,risk_unit == 0 or non-finite,NQZ18-CME,29315929,2018-12-06 15:10:48.007000+00:00,6689.25,{'stop_loss_price': 6689.25}
INVALID_RISK_UNIT,risk_unit == 0 or non-finite,NQZ18-CME,29315930,2018-12-06 15:10:48.008000+00:00,6689.25,{'stop_loss_price': 6689.25}
INVALID_RISK_UNIT,risk_unit == 0 or non-finite,NQZ18-CME,29315931,2018-12-06 15:10:48.009000+00:00,6689.25,{'stop_loss_price': 6689.25}
INVALID_RISK_UNIT,risk_unit == 0 or non-finite,NQZ18-CME,29315932,2018-12-06 15:10:48.010000+00:00,6689.25,{'stop_loss_price': 6689.25}
INVALID_RISK_UNIT,risk_unit == 0 or non-finite,NQZ18-CME,29473296,2018-12-06 16:36:45.004000+00:00,6677.5,{'stop_loss_price': 6677.5}
INVALID_RISK_UNIT,risk_unit == 0 or non-finite,NQZ18-CME,29473297,2018-12-06 16:36:45.005000+00:00,6677.5,{'stop_loss_price': 6677.5}
INVALID_RISK_UNIT,risk_unit == 0 or non-finite,NQZ18-CME,29473299,2018-12-06 16:36:45.007000+00:00,6677.5,{'stop_loss_price': 6677.5}
INVALID_RISK_UNIT,risk_unit == 0 or non-finite,NQZ18-CME,29484846,2018-12-06 16:44:42.002000+00:00,6681.75,{'stop_loss_price': 6681.75}
INVALID_RISK_UNIT,risk_unit == 0 or non-finite,NQZ18-CME,29487534,2018-12-06 16:46:12.005000+00:00,6681.25,{'stop_loss_price': 6681.25}
INVALID_RISK_UNIT,risk_unit == 0 or non-finite,NQZ18-CME,29511176,2018-12-06 16:59:01.069000+00:00,6714.25,{'stop_loss_price': 6714.25}
INVALID_RISK_UNIT,risk_unit == 0 or non-finite,NQZ18-CME,29583731,2018-12-06 17:46:38+00:00,6777.5,{'stop_loss_price': 6777.5}
INVALID_RISK_UNIT,risk_unit == 0 or non-finite,NQZ18-CME,29645248,2018-12-06 18:42:25.012000+00:00,6753.75,{'stop_loss_price': 6753.75}
INVALID_RISK_UNIT,risk_unit == 0 or non-finite,NQZ18-CME,29645249,2018-12-06 18:42:25.013000+00:00,6753.75,{'stop_loss_price': 6753.75}
INVALID_RISK_UNIT,risk_unit == 0 or non-finite,NQZ18-CME,29645250,2018-12-06 18:42:25.014000+00:00,6753.75,{'stop_loss_price': 6753.75}
INVALID_RISK_UNIT,risk_unit == 0 or non-finite,NQZ18-CME,29645251,2018-12-06 18:42:25.015000+00:00,6753.75,{'stop_loss_price': 6753.75}
INVALID_RISK_UNIT,risk_unit == 0 or non-finite,NQZ18-CME,29663322,2018-12-06 19:00:00.026000+00:00,6792.25,{'stop_loss_price': 6792.25}
INVALID_RISK_UNIT,risk_unit == 0 or non-finite,NQZ18-CME,29663323,2018-12-06 19:00:00.027000+00:00,6792.25,{'stop_loss_price': 6792.25}
INVALID_RISK_UNIT,risk_unit == 0 or non-finite,NQZ18-CME,29663324,2018-12-06 19:00:00.028000+00:00,6792.25,{'stop_loss_price': 6792.25}
INVALID_RISK_UNIT,risk_unit == 0 or non-finite,NQZ18-CME,29663325,2018-12-06 19:00:00.029000+00:00,6792.25,{'stop_loss_price': 6792.25}
INVALID_RISK_UNIT,risk_unit == 0 or non-finite,NQZ18-CME,29663339,2018-12-06 19:00:00.043000+00:00,6792.25,{'stop_loss_price': 6792.25}
INVALID_RISK_UNIT,risk_unit == 0 or non-finite,NQZ18-CME,29663340,2018-12-06 19:00:00.044000+00:00,6792.25,{'stop_loss_price': 6792.25}
INVALID_RISK_UNIT,risk_unit == 0 or non-finite,NQZ18-CME,29663341,2018-12-06 19:00:00.045000+00:00,6792.25,{'stop_loss_price': 6792.25}
INVALID_RISK_UNIT,risk_unit == 0 or non-finite,NQZ18-CME,29663342,2018-12-06 19:00:00.046000+00:00,6792.25,{'stop_loss_price': 6792.25}
INVALID_RISK_UNIT,risk_unit == 0 or non-finite,NQZ18-CME,29663343,2018-12-06 19:00:00.047000+00:00,6792.25,{'stop_loss_price': 6792.25}
INVALID_RISK_UNIT,risk_unit == 0 or non-finite,NQZ18-CME,29694664,2018-12-06 19:26:04.004000+00:00,6757.5,{'stop_loss_price': 6757.5}
INVALID_RISK_UNIT,risk_unit == 0 or non-finite,NQZ18-CME,29712912,2018-12-06 19:41:21.027000+00:00,6765.75,{'stop_loss_price': 6765.75}
INVALID_RISK_UNIT,risk_unit == 0 or non-finite,NQZ18-CME,29712913,2018-12-06 19:41:21.028000+00:00,6765.75,{'stop_loss_price': 6765.75}
INVALID_RISK_UNIT,risk_unit == 0 or non-finite,NQZ18-CME,29740283,2018-12-06 19:57:57.035000+00:00,6778.5,{'stop_loss_price': 6778.5}
INVALID_RISK_UNIT,risk_unit == 0 or non-finite,NQZ18-CME,29740284,2018-12-06 19:57:57.036000+00:00,6778.5,{'stop_loss_price': 6778.5}
INVALID_RISK_UNIT,risk_unit == 0 or non-finite,NQZ18-CME,29740285,2018-12-06 19:57:57.037000+00:00,6778.5,{'stop_loss_price': 6778.5}
INVALID_RISK_UNIT,risk_unit == 0 or non-finite,NQZ18-CME,29740286,2018-12-06 19:57:57.038000+00:00,6778.5,{'stop_loss_price': 6778.5}
INVALID_RISK_UNIT,risk_unit == 0 or non-finite,NQZ18-CME,29740287,2018-12-06 19:57:57.039000+00:00,6778.5,{'stop_loss_price': 6778.5}
INVALID_RISK_UNIT,risk_unit == 0 or non-finite,NQZ18-CME,29740312,2018-12-06 19:57:58.020000+00:00,6778.5,{'stop_loss_price': 6778.5}
INVALID_RISK_UNIT,risk_unit == 0 or non-finite,NQZ18-CME,29740313,2018-12-06 19:57:58.021000+00:00,6778.5,{'stop_loss_price': 6778.5}
INVALID_RISK_UNIT,risk_unit == 0 or non-finite,NQZ18-CME,29740314,2018-12-06 19:57:58.022000+00:00,6778.5,{'stop_loss_price': 6778.5}
INVALID_RISK_UNIT,risk_unit == 0 or non-finite,NQZ18-CME,29740315,2018-12-06 19:57:58.023000+00:00,6778.5,{'stop_loss_price': 6778.5}
INVALID_RISK_UNIT,risk_unit == 0 or non-finite,NQZ18-CME,29740316,2018-12-06 19:57:58.024000+00:00,6778.5,{'stop_loss_price': 6778.5}
INVALID_RISK_UNIT,risk_unit == 0 or non-finite,NQZ18-CME,29755383,2018-12-06 20:06:01.090000+00:00,6763.25,{'stop_loss_price': 6763.25}
INVALID_RISK_UNIT,risk_unit == 0 or non-finite,NQZ18-CME,29792047,2018-12-06 20:28:45.113000+00:00,6781.25,{'stop_loss_price': 6781.25}
INVALID_RISK_UNIT,risk_unit == 0 or non-finite,NQZ18-CME,29849053,2018-12-06 21:14:28.015000+00:00,6829.0,{'stop_loss_price': 6829.0}
INVALID_RISK_UNIT,risk_unit == 0 or non-finite,NQZ18-CME,29849054,2018-12-06 21:14:28.016000+00:00,6829.0,{'stop_loss_price': 6829.0}
INVALID_RISK_UNIT,risk_unit == 0 or non-finite,NQZ18-CME,29849442,2018-12-06 21:14:35.002000+00:00,6824.5,{'stop_loss_price': 6824.5}
INVALID_RISK_UNIT,risk_unit == 0 or non-finite,NQZ18-CME,29849443,2018-12-06 21:14:35.003000+00:00,6824.5,{'stop_loss_price': 6824.5}
INVALID_RISK_UNIT,risk_unit == 0 or non-finite,NQZ18-CME,29849446,2018-12-06 21:14:35.006000+00:00,6824.5,{'stop_loss_price': 6824.5}
INVALID_RISK_UNIT,risk_unit == 0 or non-finite,NQZ18-CME,29902438,2018-12-07 08:36:19+00:00,6792.25,{'stop_loss_price': 6792.25}
INVALID_RISK_UNIT,risk_unit == 0 or non-finite,NQZ18-CME,29902439,2018-12-07 08:36:19.001000+00:00,6792.25,{'stop_loss_price': 6792.25}
INVALID_RISK_UNIT,risk_unit == 0 or non-finite,NQZ18-CME,29902440,2018-12-07 08:36:19.002000+00:00,6792.25,{'stop_loss_price': 6792.25}
INVALID_RISK_UNIT,risk_unit == 0 or non-finite,NQZ18-CME,29923817,2018-12-07 11:51:56.003000+00:00,6784.0,{'stop_loss_price': 6784.0}
INVALID_RISK_UNIT,risk_unit == 0 or non-finite,NQZ18-CME,29923818,2018-12-07 11:51:56.004000+00:00,6784.0,{'stop_loss_price': 6784.0}
INVALID_RISK_UNIT,risk_unit == 0 or non-finite,NQZ18-CME,29923819,2018-12-07 11:51:56.005000+00:00,6784.0,{'stop_loss_price': 6784.0}
INVALID_RISK_UNIT,risk_unit == 0 or non-finite,NQZ18-CME,29923841,2018-12-07 11:52:09.002000+00:00,6784.0,{'stop_loss_price': 6784.0}
INVALID_RISK_UNIT,risk_unit == 0 or non-finite,NQZ18-CME,29923842,2018-12-07 11:52:09.003000+00:00,6784.0,{'stop_loss_price': 6784.0}
INVALID_RISK_UNIT,risk_unit == 0 or non-finite,NQZ18-CME,29923843,2018-12-07 11:52:09.004000+00:00,6784.0,{'stop_loss_price': 6784.0}
INVALID_RISK_UNIT,risk_unit == 0 or non-finite,NQZ18-CME,29923844,2018-12-07 11:52:11+00:00,6784.0,{'stop_loss_price': 6784.0}
INVALID_RISK_UNIT,risk_unit == 0 or non-finite,NQZ18-CME,29923845,2018-12-07 11:52:13+00:00,6784.0,{'stop_loss_price': 6784.0}
INVALID_RISK_UNIT,risk_unit == 0 or non-finite,NQZ18-CME,29923846,2018-12-07 11:52:14+00:00,6784.0,{'stop_loss_price': 6784.0}
INVALID_RISK_UNIT,risk_unit == 0 or non-finite,NQZ18-CME,29925964,2018-12-07 12:09:46+00:00,6779.0,{'stop_loss_price': 6779.0}
INVALID_RISK_UNIT,risk_unit == 0 or non-finite,NQZ18-CME,29925965,2018-12-07 12:09:46.001000+00:00,6779.0,{'stop_loss_price': 6779.0}
INVALID_RISK_UNIT,risk_unit == 0 or non-finite,NQZ18-CME,29925966,2018-12-07 12:09:46.002000+00:00,6779.0,{'stop_loss_price': 6779.0}
INVALID_RISK_UNIT,risk_unit == 0 or non-finite,NQZ18-CME,29953092,2018-12-07 13:49:39.017000+00:00,6825.25,{'stop_loss_price': 6825.25}
INVALID_RISK_UNIT,risk_unit == 0 or non-finite,NQZ18-CME,29953093,2018-12-07 13:49:39.018000+00:00,6825.25,{'stop_loss_price': 6825.25}
INVALID_RISK_UNIT,risk_unit == 0 or non-finite,NQZ18-CME,29953094,2018-12-07 13:49:39.019000+00:00,6825.25,{'stop_loss_price': 6825.25}
INVALID_RISK_UNIT,risk_unit == 0 or non-finite,NQZ18-CME,29953095,2018-12-07 13:49:39.020000+00:00,6825.25,{'stop_loss_price': 6825.25}
INVALID_RISK_UNIT,risk_unit == 0 or non-finite,NQZ18-CME,29953097,2018-12-07 13:49:39.022000+00:00,6825.25,{'stop_loss_price': 6825.25}
INVALID_RISK_UNIT,risk_unit == 0 or non-finite,NQZ18-CME,29982823,2018-12-07 14:33:47.011000+00:00,6815.25,{'stop_loss_price': 6815.25}
INVALID_RISK_UNIT,risk_unit == 0 or non-finite,NQZ18-CME,29982824,2018-12-07 14:33:47.012000+00:00,6815.25,{'stop_loss_price': 6815.25}
INVALID_RISK_UNIT,risk_unit == 0 or non-finite,NQZ18-CME,29982825,2018-12-07 14:33:47.013000+00:00,6815.25,{'stop_loss_price': 6815.25}
INVALID_RISK_UNIT,risk_unit == 0 or non-finite,NQZ18-CME,29982828,2018-12-07 14:33:47.016000+00:00,6815.25,{'stop_loss_price': 6815.25}
INVALID_RISK_UNIT,risk_unit == 0 or non-finite,NQZ18-CME,29982829,2018-12-07 14:33:47.017000+00:00,6815.25,{'stop_loss_price': 6815.25}
INVALID_RISK_UNIT,risk_unit == 0 or non-finite,NQZ18-CME,29982830,2018-12-07 14:33:47.018000+00:00,6815.25,{'stop_loss_price': 6815.25}
INVALID_RISK_UNIT,risk_unit == 0 or non-finite,NQZ18-CME,30001510,2018-12-07 14:41:05.037000+00:00,6838.0,{'stop_loss_price': 6838.0}
INVALID_RISK_UNIT,risk_unit == 0 or non-finite,NQZ18-CME,30030927,2018-12-07 15:00:40+00:00,6825.5,{'stop_loss_price': 6825.5}
INVALID_RISK_UNIT,risk_unit == 0 or non-finite,NQZ18-CME,30061562,2018-12-07 15:17:45.076000+00:00,6765.5,{'stop_loss_price': 6765.5}
INVALID_RISK_UNIT,risk_unit == 0 or non-finite,NQZ18-CME,30061563,2018-12-07 15:17:45.077000+00:00,6765.5,{'stop_loss_price': 6765.5}
INVALID_RISK_UNIT,risk_unit == 0 or non-finite,NQZ18-CME,30061564,2018-12-07 15:17:45.078000+00:00,6765.5,{'stop_loss_price': 6765.5}
INVALID_RISK_UNIT,risk_unit == 0 or non-finite,NQZ18-CME,30061565,2018-12-07 15:17:45.079000+00:00,6765.5,{'stop_loss_price': 6765.5}
INVALID_RISK_UNIT,risk_unit == 0 or non-finite,NQZ18-CME,30061566,2018-12-07 15:17:45.080000+00:00,6765.5,{'stop_loss_price': 6765.5}
INVALID_RISK_UNIT,risk_unit == 0 or non-finite,NQZ18-CME,30061567,2018-12-07 15:17:45.081000+00:00,6765.5,{'stop_loss_price': 6765.5}
INVALID_RISK_UNIT,risk_unit == 0 or non-finite,NQZ18-CME,30061568,2018-12-07 15:17:45.082000+00:00,6765.5,{'stop_loss_price': 6765.5}
INVALID_RISK_UNIT,risk_unit == 0 or non-finite,NQZ18-CME,30113396,2018-12-07 15:48:32.029000+00:00,6752.0,{'stop_loss_price': 6752.0}
INVALID_RISK_UNIT,risk_unit == 0 or non-finite,NQZ18-CME,30118615,2018-12-07 15:50:36.058000+00:00,6745.25,{'stop_loss_price': 6745.25}
INVALID_RISK_UNIT,risk_unit == 0 or non-finite,NQZ18-CME,30173173,2018-12-07 16:23:40.028000+00:00,6692.25,{'stop_loss_price': 6692.25}
INVALID_RISK_UNIT,risk_unit == 0 or non-finite,NQZ18-CME,30173174,2018-12-07 16:23:40.029000+00:00,6692.25,{'stop_loss_price': 6692.25}
INVALID_RISK_UNIT,risk_unit == 0 or non-finite,NQZ18-CME,30173178,2018-12-07 16:23:40.033000+00:00,6692.25,{'stop_loss_price': 6692.25}
INVALID_RISK_UNIT,risk_unit == 0 or non-finite,NQZ18-CME,30218284,2018-12-07 16:53:43.014000+00:00,6700.0,{'stop_loss_price': 6700.0}
INVALID_RISK_UNIT,risk_unit == 0 or non-finite,NQZ18-CME,30218285,2018-12-07 16:53:43.015000+00:00,6700.0,{'stop_loss_price': 6700.0}
INVALID_RISK_UNIT,risk_unit == 0 or non-finite,NQZ18-CME,30218286,2018-12-07 16:53:43.016000+00:00,6700.0,{'stop_loss_price': 6700.0}
INVALID_RISK_UNIT,risk_unit == 0 or non-finite,NQZ18-CME,30218287,2018-12-07 16:53:43.017000+00:00,6700.0,{'stop_loss_price': 6700.0}
INVALID_RISK_UNIT,risk_unit == 0 or non-finite,NQZ18-CME,30218288,2018-12-07 16:53:43.018000+00:00,6700.0,{'stop_loss_price': 6700.0}
INVALID_RISK_UNIT,risk_unit == 0 or non-finite,NQZ18-CME,30218289,2018-12-07 16:53:43.019000+00:00,6700.0,{'stop_loss_price': 6700.0}
INVALID_RISK_UNIT,risk_unit == 0 or non-finite,NQZ18-CME,30218290,2018-12-07 16:53:43.020000+00:00,6700.0,{'stop_loss_price': 6700.0}
INVALID_RISK_UNIT,risk_unit == 0 or non-finite,NQZ18-CME,30218291,2018-12-07 16:53:43.021000+00:00,6700.0,{'stop_loss_price': 6700.0}
INVALID_RISK_UNIT,risk_unit == 0 or non-finite,NQZ18-CME,30235594,2018-12-07 17:04:35.020000+00:00,6695.0,{'stop_loss_price': 6695.0}
INVALID_RISK_UNIT,risk_unit == 0 or non-finite,NQZ18-CME,30235595,2018-12-07 17:04:35.021000+00:00,6695.0,{'stop_loss_price': 6695.0}
INVALID_RISK_UNIT,risk_unit == 0 or non-finite,NQZ18-CME,30285894,2018-12-07 17:39:25+00:00,6669.25,{'stop_loss_price': 6669.25}
INVALID_RISK_UNIT,risk_unit == 0 or non-finite,NQZ18-CME,30299835,2018-12-07 17:50:01+00:00,6659.0,{'stop_loss_price': 6659.0}
INVALID_RISK_UNIT,risk_unit == 0 or non-finite,NQZ18-CME,30300792,2018-12-07 17:50:44.027000+00:00,6670.25,{'stop_loss_price': 6670.25}
INVALID_RISK_UNIT,risk_unit == 0 or non-finite,NQZ18-CME,30300793,2018-12-07 17:50:44.028000+00:00,6670.25,{'stop_loss_price': 6670.25}
INVALID_RISK_UNIT,risk_unit == 0 or non-finite,NQZ18-CME,30300794,2018-12-07 17:50:44.029000+00:00,6670.25,{'stop_loss_price': 6670.25}
INVALID_RISK_UNIT,risk_unit == 0 or non-finite,NQZ18-CME,30300795,2018-12-07 17:50:45+00:00,6670.25,{'stop_loss_price': 6670.25}
INVALID_RISK_UNIT,risk_unit == 0 or non-finite,NQZ18-CME,30300797,2018-12-07 17:50:45.002000+00:00,6670.25,{'stop_loss_price': 6670.25}
INVALID_RISK_UNIT,risk_unit == 0 or non-finite,NQZ18-CME,30303520,2018-12-07 17:53:16.039000+00:00,6678.5,{'stop_loss_price': 6678.5}
INVALID_RISK_UNIT,risk_unit == 0 or non-finite,NQZ18-CME,30312081,2018-12-07 17:59:14.001000+00:00,6701.75,{'stop_loss_price': 6701.75}
INVALID_RISK_UNIT,risk_unit == 0 or non-finite,NQZ18-CME,30312082,2018-12-07 17:59:14.002000+00:00,6701.75,{'stop_loss_price': 6701.75}
INVALID_RISK_UNIT,risk_unit == 0 or non-finite,NQZ18-CME,30316275,2018-12-07 18:02:34.018000+00:00,6701.0,{'stop_loss_price': 6701.0}
INVALID_RISK_UNIT,risk_unit == 0 or non-finite,NQZ18-CME,30316276,2018-12-07 18:02:34.019000+00:00,6701.0,{'stop_loss_price': 6701.0}
INVALID_RISK_UNIT,risk_unit == 0 or non-finite,NQZ18-CME,30321800,2018-12-07 18:05:50.002000+00:00,6704.25,{'stop_loss_price': 6704.25}
INVALID_RISK_UNIT,risk_unit == 0 or non-finite,NQZ18-CME,30464653,2018-12-07 19:57:19.002000+00:00,6622.5,{'stop_loss_price': 6622.5}
INVALID_RISK_UNIT,risk_unit == 0 or non-finite,NQZ18-CME,30465683,2018-12-07 19:58:20.028000+00:00,6615.0,{'stop_loss_price': 6615.0}
INVALID_RISK_UNIT,risk_unit == 0 or non-finite,NQZ18-CME,30480230,2018-12-07 20:05:29.035000+00:00,6600.25,{'stop_loss_price': 6600.25}
INVALID_RISK_UNIT,risk_unit == 0 or non-finite,NQZ18-CME,30480231,2018-12-07 20:05:29.036000+00:00,6600.25,{'stop_loss_price': 6600.25}
INVALID_RISK_UNIT,risk_unit == 0 or non-finite,NQZ18-CME,30480232,2018-12-07 20:05:29.037000+00:00,6600.25,{'stop_loss_price': 6600.25}
INVALID_RISK_UNIT,risk_unit == 0 or non-finite,NQZ18-CME,30480233,2018-12-07 20:05:29.038000+00:00,6600.25,{'stop_loss_price': 6600.25}
INVALID_RISK_UNIT,risk_unit == 0 or non-finite,NQZ18-CME,30480234,2018-12-07 20:05:29.039000+00:00,6600.25,{'stop_loss_price': 6600.25}
INVALID_RISK_UNIT,risk_unit == 0 or non-finite,NQZ18-CME,30480235,2018-12-07 20:05:29.040000+00:00,6600.25,{'stop_loss_price': 6600.25}
INVALID_RISK_UNIT,risk_unit == 0 or non-finite,NQZ18-CME,30483422,2018-12-07 20:06:57.002000+00:00,6611.75,{'stop_loss_price': 6611.75}
INVALID_RISK_UNIT,risk_unit == 0 or non-finite,NQZ18-CME,30489747,2018-12-07 20:10:53.029000+00:00,6624.75,{'stop_loss_price': 6624.75}
INVALID_RISK_UNIT,risk_unit == 0 or non-finite,NQZ18-CME,30489748,2018-12-07 20:10:53.030000+00:00,6624.75,{'stop_loss_price': 6624.75}
INVALID_RISK_UNIT,risk_unit == 0 or non-finite,NQZ18-CME,30489749,2018-12-07 20:10:53.031000+00:00,6624.75,{'stop_loss_price': 6624.75}
INVALID_RISK_UNIT,risk_unit == 0 or non-finite,NQZ18-CME,30489750,2018-12-07 20:10:53.032000+00:00,6624.75,{'stop_loss_price': 6624.75}
INVALID_RISK_UNIT,risk_unit == 0 or non-finite,NQZ18-CME,30491938,2018-12-07 20:12:20.020000+00:00,6627.75,{'stop_loss_price': 6627.75}
INVALID_RISK_UNIT,risk_unit == 0 or non-finite,NQZ18-CME,30501632,2018-12-07 20:17:30.005000+00:00,6618.75,{'stop_loss_price': 6618.75}
INVALID_RISK_UNIT,risk_unit == 0 or non-finite,NQZ18-CME,30542789,2018-12-07 20:44:35.025000+00:00,6635.5,{'stop_loss_price': 6635.5}
INVALID_RISK_UNIT,risk_unit == 0 or non-finite,NQZ18-CME,30555410,2018-12-07 20:53:47.028000+00:00,6629.5,{'stop_loss_price': 6629.5}
INVALID_RISK_UNIT,risk_unit == 0 or non-finite,NQZ18-CME,30555411,2018-12-07 20:53:47.029000+00:00,6629.5,{'stop_loss_price': 6629.5}
INVALID_RISK_UNIT,risk_unit == 0 or non-finite,NQZ18-CME,30555412,2018-12-07 20:53:47.030000+00:00,6629.5,{'stop_loss_price': 6629.5}
INVALID_RISK_UNIT,risk_unit == 0 or non-finite,NQZ18-CME,30555413,2018-12-07 20:53:47.031000+00:00,6629.5,{'stop_loss_price': 6629.5}
INVALID_RISK_UNIT,risk_unit == 0 or non-finite,NQZ18-CME,30555414,2018-12-07 20:53:47.032000+00:00,6629.5,{'stop_loss_price': 6629.5}
INVALID_RISK_UNIT,risk_unit == 0 or non-finite,NQZ18-CME,30567787,2018-12-07 20:59:54.175000+00:00,6616.0,{'stop_loss_price': 6616.0}
INVALID_RISK_UNIT,risk_unit == 0 or non-finite,NQZ18-CME,30567788,2018-12-07 20:59:54.176000+00:00,6616.0,{'stop_loss_price': 6616.0}
INVALID_RISK_UNIT,risk_unit == 0 or non-finite,NQZ18-CME,30567791,2018-12-07 20:59:54.179000+00:00,6616.0,{'stop_loss_price': 6616.0}
INVALID_RISK_UNIT,risk_unit == 0 or non-finite,NQZ18-CME,30567792,2018-12-07 20:59:54.180000+00:00,6616.0,{'stop_loss_price': 6616.0}
INVALID_RISK_UNIT,risk_unit == 0 or non-finite,NQZ18-CME,30567793,2018-12-07 20:59:54.181000+00:00,6616.0,{'stop_loss_price': 6616.0}
INVALID_RISK_UNIT,risk_unit == 0 or non-finite,NQZ18-CME,30567794,2018-12-07 20:59:54.182000+00:00,6616.0,{'stop_loss_price': 6616.0}
INVALID_RISK_UNIT,risk_unit == 0 or non-finite,NQZ18-CME,30583310,2018-12-09 23:03:10+00:00,6581.25,{'stop_loss_price': 6581.25}
INVALID_RISK_UNIT,risk_unit == 0 or non-finite,NQZ18-CME,30594646,2018-12-10 00:27:28.023000+00:00,6559.5,{'stop_loss_price': 6559.5}
INVALID_RISK_UNIT,risk_unit == 0 or non-finite,NQZ18-CME,30602136,2018-12-10 01:38:20+00:00,6577.0,{'stop_loss_price': 6577.0}
INVALID_RISK_UNIT,risk_unit == 0 or non-finite,NQZ18-CME,30634413,2018-12-10 08:14:08.001000+00:00,6602.75,{'stop_loss_price': 6602.75}
INVALID_RISK_UNIT,risk_unit == 0 or non-finite,NQZ18-CME,30645749,2018-12-10 09:30:12+00:00,6588.5,{'stop_loss_price': 6588.5}
INVALID_RISK_UNIT,risk_unit == 0 or non-finite,NQZ18-CME,30683432,2018-12-10 13:47:22+00:00,6631.75,{'stop_loss_price': 6631.75}
INVALID_RISK_UNIT,risk_unit == 0 or non-finite,NQZ18-CME,30713481,2018-12-10 14:35:33.044000+00:00,6639.5,{'stop_loss_price': 6639.5}
INVALID_RISK_UNIT,risk_unit == 0 or non-finite,NQZ18-CME,30713482,2018-12-10 14:35:33.045000+00:00,6639.5,{'stop_loss_price': 6639.5}
INVALID_RISK_UNIT,risk_unit == 0 or non-finite,NQZ18-CME,30713485,2018-12-10 14:35:33.048000+00:00,6639.5,{'stop_loss_price': 6639.5}
INVALID_RISK_UNIT,risk_unit == 0 or non-finite,NQZ18-CME,30713486,2018-12-10 14:35:33.049000+00:00,6639.5,{'stop_loss_price': 6639.5}
INVALID_RISK_UNIT,risk_unit == 0 or non-finite,NQZ18-CME,30713487,2018-12-10 14:35:33.050000+00:00,6639.5,{'stop_loss_price': 6639.5}
INVALID_RISK_UNIT,risk_unit == 0 or non-finite,NQZ18-CME,30838486,2018-12-10 15:34:40.002000+00:00,6605.25,{'stop_loss_price': 6605.25}
INVALID_RISK_UNIT,risk_unit == 0 or non-finite,NQZ18-CME,30879871,2018-12-10 15:57:56.006000+00:00,6591.75,{'stop_loss_price': 6591.75}
INVALID_RISK_UNIT,risk_unit == 0 or non-finite,NQZ18-CME,30879872,2018-12-10 15:57:56.007000+00:00,6591.75,{'stop_loss_price': 6591.75}
INVALID_RISK_UNIT,risk_unit == 0 or non-finite,NQZ18-CME,30879879,2018-12-10 15:57:57.005000+00:00,6591.75,{'stop_loss_price': 6591.75}
INVALID_RISK_UNIT,risk_unit == 0 or non-finite,NQZ18-CME,30879880,2018-12-10 15:57:57.006000+00:00,6591.75,{'stop_loss_price': 6591.75}
INVALID_RISK_UNIT,risk_unit == 0 or non-finite,NQZ18-CME,30879881,2018-12-10 15:57:57.007000+00:00,6591.75,{'stop_loss_price': 6591.75}
INVALID_RISK_UNIT,risk_unit == 0 or non-finite,NQZ18-CME,30889877,2018-12-10 16:02:17.038000+00:00,6560.0,{'stop_loss_price': 6560.0}
INVALID_RISK_UNIT,risk_unit == 0 or non-finite,NQZ18-CME,30909030,2018-12-10 16:10:14.001000+00:00,6551.0,{'stop_loss_price': 6551.0}
INVALID_RISK_UNIT,risk_unit == 0 or non-finite,NQZ18-CME,30909031,2018-12-10 16:10:14.002000+00:00,6551.0,{'stop_loss_price': 6551.0}
INVALID_RISK_UNIT,risk_unit == 0 or non-finite,NQZ18-CME,30909032,2018-12-10 16:10:14.003000+00:00,6551.0,{'stop_loss_price': 6551.0}
INVALID_RISK_UNIT,risk_unit == 0 or non-finite,NQZ18-CME,30909033,2018-12-10 16:10:14.004000+00:00,6551.0,{'stop_loss_price': 6551.0}
INVALID_RISK_UNIT,risk_unit == 0 or non-finite,NQZ18-CME,30909040,2018-12-10 16:10:14.011000+00:00,6551.0,{'stop_loss_price': 6551.0}
INVALID_RISK_UNIT,risk_unit == 0 or non-finite,NQZ18-CME,30909041,2018-12-10 16:10:14.012000+00:00,6551.0,{'stop_loss_price': 6551.0}
INVALID_RISK_UNIT,risk_unit == 0 or non-finite,NQZ18-CME,30909042,2018-12-10 16:10:14.013000+00:00,6551.0,{'stop_loss_price': 6551.0}
INVALID_RISK_UNIT,risk_unit == 0 or non-finite,NQZ18-CME,30909043,2018-12-10 16:10:14.014000+00:00,6551.0,{'stop_loss_price': 6551.0}
INVALID_RISK_UNIT,risk_unit == 0 or non-finite,NQZ18-CME,30909044,2018-12-10 16:10:14.015000+00:00,6551.0,{'stop_loss_price': 6551.0}
INVALID_RISK_UNIT,risk_unit == 0 or non-finite,NQZ18-CME,30909045,2018-12-10 16:10:14.016000+00:00,6551.0,{'stop_loss_price': 6551.0}
INVALID_RISK_UNIT,risk_unit == 0 or non-finite,NQZ18-CME,30909046,2018-12-10 16:10:14.017000+00:00,6551.0,{'stop_loss_price': 6551.0}
INVALID_RISK_UNIT,risk_unit == 0 or non-finite,NQZ18-CME,30922556,2018-12-10 16:17:40.005000+00:00,6552.0,{'stop_loss_price': 6552.0}
INVALID_RISK_UNIT,risk_unit == 0 or non-finite,NQZ18-CME,30933592,2018-12-10 16:23:52.019000+00:00,6548.25,{'stop_loss_price': 6548.25}
INVALID_RISK_UNIT,risk_unit == 0 or non-finite,NQZ18-CME,30976314,2018-12-10 16:46:01.016000+00:00,6613.25,{'stop_loss_price': 6613.25}
INVALID_RISK_UNIT,risk_unit == 0 or non-finite,NQZ18-CME,30988889,2018-12-10 16:54:33+00:00,6607.0,{'stop_loss_price': 6607.0}
INVALID_RISK_UNIT,risk_unit == 0 or non-finite,NQZ18-CME,30988890,2018-12-10 16:54:33.001000+00:00,6607.0,{'stop_loss_price': 6607.0}
INVALID_RISK_UNIT,risk_unit == 0 or non-finite,NQZ18-CME,30988897,2018-12-10 16:54:33.008000+00:00,6607.0,{'stop_loss_price': 6607.0}
INVALID_RISK_UNIT,risk_unit == 0 or non-finite,NQZ18-CME,30996561,2018-12-10 16:59:14.027000+00:00,6580.5,{'stop_loss_price': 6580.5}
INVALID_RISK_UNIT,risk_unit == 0 or non-finite,NQZ18-CME,31017340,2018-12-10 17:16:01.092000+00:00,6586.5,{'stop_loss_price': 6586.5}
INVALID_RISK_UNIT,risk_unit == 0 or non-finite,NQZ18-CME,31017341,2018-12-10 17:16:01.093000+00:00,6586.5,{'stop_loss_price': 6586.5}
INVALID_RISK_UNIT,risk_unit == 0 or non-finite,NQZ18-CME,31017342,2018-12-10 17:16:01.094000+00:00,6586.5,{'stop_loss_price': 6586.5}
INVALID_RISK_UNIT,risk_unit == 0 or non-finite,NQZ18-CME,31017343,2018-12-10 17:16:01.095000+00:00,6586.5,{'stop_loss_price': 6586.5}
INVALID_RISK_UNIT,risk_unit == 0 or non-finite,NQZ18-CME,31043853,2018-12-10 17:38:46.004000+00:00,6619.5,{'stop_loss_price': 6619.5}
INVALID_RISK_UNIT,risk_unit == 0 or non-finite,NQZ18-CME,31043854,2018-12-10 17:38:46.005000+00:00,6619.5,{'stop_loss_price': 6619.5}
INVALID_RISK_UNIT,risk_unit == 0 or non-finite,NQZ18-CME,31043855,2018-12-10 17:38:46.006000+00:00,6619.5,{'stop_loss_price': 6619.5}
INVALID_RISK_UNIT,risk_unit == 0 or non-finite,NQZ18-CME,31043856,2018-12-10 17:38:46.007000+00:00,6619.5,{'stop_loss_price': 6619.5}
INVALID_RISK_UNIT,risk_unit == 0 or non-finite,NQZ18-CME,31043857,2018-12-10 17:38:46.008000+00:00,6619.5,{'stop_loss_price': 6619.5}
INVALID_RISK_UNIT,risk_unit == 0 or non-finite,NQZ18-CME,31051383,2018-12-10 17:44:45.013000+00:00,6630.25,{'stop_loss_price': 6630.25}
INVALID_RISK_UNIT,risk_unit == 0 or non-finite,NQZ18-CME,31069396,2018-12-10 17:57:44.002000+00:00,6649.0,{'stop_loss_price': 6649.0}
INVALID_RISK_UNIT,risk_unit == 0 or non-finite,NQZ18-CME,31069397,2018-12-10 17:57:44.003000+00:00,6649.0,{'stop_loss_price': 6649.0}
INVALID_RISK_UNIT,risk_unit == 0 or non-finite,NQZ18-CME,31069398,2018-12-10 17:57:44.004000+00:00,6649.0,{'stop_loss_price': 6649.0}
INVALID_RISK_UNIT,risk_unit == 0 or non-finite,NQZ18-CME,31069399,2018-12-10 17:57:44.005000+00:00,6649.0,{'stop_loss_price': 6649.0}
INVALID_RISK_UNIT,risk_unit == 0 or non-finite,NQZ18-CME,31069403,2018-12-10 17:57:44.009000+00:00,6649.0,{'stop_loss_price': 6649.0}
INVALID_RISK_UNIT,risk_unit == 0 or non-finite,NQZ18-CME,31069404,2018-12-10 17:57:44.010000+00:00,6649.0,{'stop_loss_price': 6649.0}
INVALID_RISK_UNIT,risk_unit == 0 or non-finite,NQZ18-CME,31102341,2018-12-10 18:31:35.008000+00:00,6625.25,{'stop_loss_price': 6625.25}
INVALID_RISK_UNIT,risk_unit == 0 or non-finite,NQZ18-CME,31102342,2018-12-10 18:31:35.009000+00:00,6625.25,{'stop_loss_price': 6625.25}
INVALID_RISK_UNIT,risk_unit == 0 or non-finite,NQZ18-CME,31102343,2018-12-10 18:31:35.010000+00:00,6625.25,{'stop_loss_price': 6625.25}
INVALID_RISK_UNIT,risk_unit == 0 or non-finite,NQZ18-CME,31102344,2018-12-10 18:31:35.011000+00:00,6625.25,{'stop_loss_price': 6625.25}
INVALID_RISK_UNIT,risk_unit == 0 or non-finite,NQZ18-CME,31102345,2018-12-10 18:31:35.012000+00:00,6625.25,{'stop_loss_price': 6625.25}
INVALID_RISK_UNIT,risk_unit == 0 or non-finite,NQZ18-CME,31102351,2018-12-10 18:31:36.005000+00:00,6625.25,{'stop_loss_price': 6625.25}
INVALID_RISK_UNIT,risk_unit == 0 or non-finite,NQZ18-CME,31112803,2018-12-10 18:41:11.019000+00:00,6657.75,{'stop_loss_price': 6657.75}
INVALID_RISK_UNIT,risk_unit == 0 or non-finite,NQZ18-CME,31133239,2018-12-10 19:04:49+00:00,6657.25,{'stop_loss_price': 6657.25}
INVALID_RISK_UNIT,risk_unit == 0 or non-finite,NQZ18-CME,31133240,2018-12-10 19:04:50+00:00,6657.25,{'stop_loss_price': 6657.25}
INVALID_RISK_UNIT,risk_unit == 0 or non-finite,NQZ18-CME,31133241,2018-12-10 19:04:50.001000+00:00,6657.25,{'stop_loss_price': 6657.25}
INVALID_RISK_UNIT,risk_unit == 0 or non-finite,NQZ18-CME,31133242,2018-12-10 19:04:50.002000+00:00,6657.25,{'stop_loss_price': 6657.25}
INVALID_RISK_UNIT,risk_unit == 0 or non-finite,NQZ18-CME,31140492,2018-12-10 19:12:08.027000+00:00,6665.25,{'stop_loss_price': 6665.25}
INVALID_RISK_UNIT,risk_unit == 0 or non-finite,NQZ18-CME,31144508,2018-12-10 19:16:26.047000+00:00,6657.0,{'stop_loss_price': 6657.0}
INVALID_RISK_UNIT,risk_unit == 0 or non-finite,NQZ18-CME,31144509,2018-12-10 19:16:26.048000+00:00,6657.0,{'stop_loss_price': 6657.0}
INVALID_RISK_UNIT,risk_unit == 0 or non-finite,NQZ18-CME,31144510,2018-12-10 19:16:26.049000+00:00,6657.0,{'stop_loss_price': 6657.0}
INVALID_RISK_UNIT,risk_unit == 0 or non-finite,NQZ18-CME,31144513,2018-12-10 19:16:26.052000+00:00,6657.0,{'stop_loss_price': 6657.0}
INVALID_RISK_UNIT,risk_unit == 0 or non-finite,NQZ18-CME,31144514,2018-12-10 19:16:26.053000+00:00,6657.0,{'stop_loss_price': 6657.0}
INVALID_RISK_UNIT,risk_unit == 0 or non-finite,NQZ18-CME,31144515,2018-12-10 19:16:26.054000+00:00,6657.0,{'stop_loss_price': 6657.0}
INVALID_RISK_UNIT,risk_unit == 0 or non-finite,NQZ18-CME,31144521,2018-12-10 19:16:27+00:00,6657.0,{'stop_loss_price': 6657.0}
INVALID_RISK_UNIT,risk_unit == 0 or non-finite,NQZ18-CME,31144522,2018-12-10 19:16:27.001000+00:00,6657.0,{'stop_loss_price': 6657.0}
INVALID_RISK_UNIT,risk_unit == 0 or non-finite,NQZ18-CME,31144523,2018-12-10 19:16:27.002000+00:00,6657.0,{'stop_loss_price': 6657.0}
INVALID_RISK_UNIT,risk_unit == 0 or non-finite,NQZ18-CME,31144524,2018-12-10 19:16:27.003000+00:00,6657.0,{'stop_loss_price': 6657.0}
INVALID_RISK_UNIT,risk_unit == 0 or non-finite,NQZ18-CME,31156229,2018-12-10 19:24:23.001000+00:00,6654.0,{'stop_loss_price': 6654.0}
INVALID_RISK_UNIT,risk_unit == 0 or non-finite,NQZ18-CME,31156230,2018-12-10 19:24:23.002000+00:00,6654.0,{'stop_loss_price': 6654.0}
INVALID_RISK_UNIT,risk_unit == 0 or non-finite,NQZ18-CME,31156231,2018-12-10 19:24:23.003000+00:00,6654.0,{'stop_loss_price': 6654.0}
INVALID_RISK_UNIT,risk_unit == 0 or non-finite,NQZ18-CME,31161220,2018-12-10 19:28:58.001000+00:00,6668.25,{'stop_loss_price': 6668.25}
INVALID_RISK_UNIT,risk_unit == 0 or non-finite,NQZ18-CME,31161221,2018-12-10 19:28:58.002000+00:00,6668.25,{'stop_loss_price': 6668.25}
INVALID_RISK_UNIT,risk_unit == 0 or non-finite,NQZ18-CME,31161222,2018-12-10 19:28:58.003000+00:00,6668.25,{'stop_loss_price': 6668.25}
INVALID_RISK_UNIT,risk_unit == 0 or non-finite,NQZ18-CME,31161223,2018-12-10 19:28:58.004000+00:00,6668.25,{'stop_loss_price': 6668.25}
INVALID_RISK_UNIT,risk_unit == 0 or non-finite,NQZ18-CME,31174235,2018-12-10 19:41:37.091000+00:00,6681.25,{'stop_loss_price': 6681.25}
INVALID_RISK_UNIT,risk_unit == 0 or non-finite,NQZ18-CME,31189340,2018-12-10 19:57:54.001000+00:00,6665.0,{'stop_loss_price': 6665.0}
INVALID_RISK_UNIT,risk_unit == 0 or non-finite,NQZ18-CME,31189341,2018-12-10 19:57:54.002000+00:00,6665.0,{'stop_loss_price': 6665.0}
INVALID_RISK_UNIT,risk_unit == 0 or non-finite,NQZ18-CME,31189342,2018-12-10 19:57:54.003000+00:00,6665.0,{'stop_loss_price': 6665.0}
INVALID_RISK_UNIT,risk_unit == 0 or non-finite,NQZ18-CME,31214564,2018-12-10 20:30:22.002000+00:00,6683.75,{'stop_loss_price': 6683.75}
INVALID_RISK_UNIT,risk_unit == 0 or non-finite,NQZ18-CME,31219281,2018-12-10 20:33:18.081000+00:00,6700.25,{'stop_loss_price': 6700.25}
INVALID_RISK_UNIT,risk_unit == 0 or non-finite,NQZ18-CME,31292773,2018-12-11 07:49:46+00:00,6687.25,{'stop_loss_price': 6687.25}
INVALID_RISK_UNIT,risk_unit == 0 or non-finite,NQZ18-CME,31305148,2018-12-11 09:44:36.024000+00:00,6691.25,{'stop_loss_price': 6691.25}
INVALID_RISK_UNIT,risk_unit == 0 or non-finite,NQZ18-CME,31314818,2018-12-11 10:32:51+00:00,6728.0,{'stop_loss_price': 6728.0}
INVALID_RISK_UNIT,risk_unit == 0 or non-finite,NQZ18-CME,31381225,2018-12-11 14:30:35.069000+00:00,6783.25,{'stop_loss_price': 6783.25}
INVALID_RISK_UNIT,risk_unit == 0 or non-finite,NQZ18-CME,31381226,2018-12-11 14:30:36+00:00,6783.25,{'stop_loss_price': 6783.25}
INVALID_RISK_UNIT,risk_unit == 0 or non-finite,NQZ18-CME,31381227,2018-12-11 14:30:36.001000+00:00,6783.25,{'stop_loss_price': 6783.25}
INVALID_RISK_UNIT,risk_unit == 0 or non-finite,NQZ18-CME,31381228,2018-12-11 14:30:36.002000+00:00,6783.25,{'stop_loss_price': 6783.25}
INVALID_RISK_UNIT,risk_unit == 0 or non-finite,NQZ18-CME,31385283,2018-12-11 14:31:41.015000+00:00,6779.0,{'stop_loss_price': 6779.0}
INVALID_RISK_UNIT,risk_unit == 0 or non-finite,NQZ18-CME,31385284,2018-12-11 14:31:41.016000+00:00,6779.0,{'stop_loss_price': 6779.0}
INVALID_RISK_UNIT,risk_unit == 0 or non-finite,NQZ18-CME,31385285,2018-12-11 14:31:41.017000+00:00,6779.0,{'stop_loss_price': 6779.0}
INVALID_RISK_UNIT,risk_unit == 0 or non-finite,NQZ18-CME,31385331,2018-12-11 14:31:42.023000+00:00,6778.75,{'stop_loss_price': 6778.75}
INVALID_RISK_UNIT,risk_unit == 0 or non-finite,NQZ18-CME,31385332,2018-12-11 14:31:42.024000+00:00,6778.75,{'stop_loss_price': 6778.75}
INVALID_RISK_UNIT,risk_unit == 0 or non-finite,NQZ18-CME,31385333,2018-12-11 14:31:42.025000+00:00,6778.75,{'stop_loss_price': 6778.75}
INVALID_RISK_UNIT,risk_unit == 0 or non-finite,NQZ18-CME,31385334,2018-12-11 14:31:42.026000+00:00,6778.75,{'stop_loss_price': 6778.75}
INVALID_RISK_UNIT,risk_unit == 0 or non-finite,NQZ18-CME,31385335,2018-12-11 14:31:42.027000+00:00,6778.75,{'stop_loss_price': 6778.75}
INVALID_RISK_UNIT,risk_unit == 0 or non-finite,NQZ18-CME,31385336,2018-12-11 14:31:42.028000+00:00,6778.75,{'stop_loss_price': 6778.75}
INVALID_RISK_UNIT,risk_unit == 0 or non-finite,NQZ18-CME,31389200,2018-12-11 14:32:50.028000+00:00,6771.75,{'stop_loss_price': 6771.75}
INVALID_RISK_UNIT,risk_unit == 0 or non-finite,NQZ18-CME,31399677,2018-12-11 14:36:16.021000+00:00,6781.5,{'stop_loss_price': 6781.5}
INVALID_RISK_UNIT,risk_unit == 0 or non-finite,NQZ18-CME,31400112,2018-12-11 14:36:27.029000+00:00,6780.5,{'stop_loss_price': 6780.5}
INVALID_RISK_UNIT,risk_unit == 0 or non-finite,NQZ18-CME,31432931,2018-12-11 14:50:42.015000+00:00,6766.25,{'stop_loss_price': 6766.25}
INVALID_RISK_UNIT,risk_unit == 0 or non-finite,NQZ18-CME,31454322,2018-12-11 15:04:05+00:00,6783.25,{'stop_loss_price': 6783.25}
INVALID_RISK_UNIT,risk_unit == 0 or non-finite,NQZ18-CME,31508643,2018-12-11 15:35:50.008000+00:00,6768.75,{'stop_loss_price': 6768.75}
INVALID_RISK_UNIT,risk_unit == 0 or non-finite,NQZ18-CME,31508644,2018-12-11 15:35:50.009000+00:00,6768.75,{'stop_loss_price': 6768.75}
INVALID_RISK_UNIT,risk_unit == 0 or non-finite,NQZ18-CME,31508645,2018-12-11 15:35:50.010000+00:00,6768.75,{'stop_loss_price': 6768.75}
INVALID_RISK_UNIT,risk_unit == 0 or non-finite,NQZ18-CME,31508646,2018-12-11 15:35:50.011000+00:00,6768.75,{'stop_loss_price': 6768.75}
INVALID_RISK_UNIT,risk_unit == 0 or non-finite,NQZ18-CME,31521041,2018-12-11 15:46:09.009000+00:00,6769.5,{'stop_loss_price': 6769.5}
INVALID_RISK_UNIT,risk_unit == 0 or non-finite,NQZ18-CME,31541788,2018-12-11 15:59:48.022000+00:00,6747.5,{'stop_loss_price': 6747.5}
INVALID_RISK_UNIT,risk_unit == 0 or non-finite,NQZ18-CME,31541789,2018-12-11 15:59:48.023000+00:00,6747.5,{'stop_loss_price': 6747.5}
INVALID_RISK_UNIT,risk_unit == 0 or non-finite,NQZ18-CME,31541790,2018-12-11 15:59:48.024000+00:00,6747.5,{'stop_loss_price': 6747.5}
INVALID_RISK_UNIT,risk_unit == 0 or non-finite,NQZ18-CME,31541791,2018-12-11 15:59:48.025000+00:00,6747.5,{'stop_loss_price': 6747.5}
INVALID_RISK_UNIT,risk_unit == 0 or non-finite,NQZ18-CME,31571258,2018-12-11 16:22:26.003000+00:00,6736.0,{'stop_loss_price': 6736.0}
INVALID_RISK_UNIT,risk_unit == 0 or non-finite,NQZ18-CME,31571259,2018-12-11 16:22:26.004000+00:00,6736.0,{'stop_loss_price': 6736.0}
INVALID_RISK_UNIT,risk_unit == 0 or non-finite,NQZ18-CME,31594947,2018-12-11 16:43:51.003000+00:00,6731.0,{'stop_loss_price': 6731.0}
INVALID_RISK_UNIT,risk_unit == 0 or non-finite,NQZ18-CME,31594948,2018-12-11 16:43:51.004000+00:00,6731.0,{'stop_loss_price': 6731.0}
INVALID_RISK_UNIT,risk_unit == 0 or non-finite,NQZ18-CME,31594949,2018-12-11 16:43:51.005000+00:00,6731.0,{'stop_loss_price': 6731.0}
INVALID_RISK_UNIT,risk_unit == 0 or non-finite,NQZ18-CME,31662636,2018-12-11 17:45:13.023000+00:00,6723.75,{'stop_loss_price': 6723.75}
INVALID_RISK_UNIT,risk_unit == 0 or non-finite,NQZ18-CME,31662637,2018-12-11 17:45:13.024000+00:00,6723.75,{'stop_loss_price': 6723.75}
INVALID_RISK_UNIT,risk_unit == 0 or non-finite,NQZ18-CME,31662638,2018-12-11 17:45:13.025000+00:00,6723.75,{'stop_loss_price': 6723.75}
INVALID_RISK_UNIT,risk_unit == 0 or non-finite,NQZ18-CME,31671372,2018-12-11 17:56:59.001000+00:00,6724.0,{'stop_loss_price': 6724.0}
INVALID_RISK_UNIT,risk_unit == 0 or non-finite,NQZ18-CME,31726093,2018-12-11 19:01:35.015000+00:00,6672.25,{'stop_loss_price': 6672.25}
INVALID_RISK_UNIT,risk_unit == 0 or non-finite,NQZ18-CME,31726094,2018-12-11 19:01:35.016000+00:00,6672.25,{'stop_loss_price': 6672.25}
INVALID_RISK_UNIT,risk_unit == 0 or non-finite,NQZ18-CME,31726095,2018-12-11 19:01:35.017000+00:00,6672.25,{'stop_loss_price': 6672.25}
INVALID_RISK_UNIT,risk_unit == 0 or non-finite,NQZ18-CME,31726096,2018-12-11 19:01:35.018000+00:00,6672.25,{'stop_loss_price': 6672.25}
INVALID_RISK_UNIT,risk_unit == 0 or non-finite,NQZ18-CME,31726097,2018-12-11 19:01:35.019000+00:00,6672.25,{'stop_loss_price': 6672.25}
INVALID_RISK_UNIT,risk_unit == 0 or non-finite,NQZ18-CME,31726098,2018-12-11 19:01:35.020000+00:00,6672.25,{'stop_loss_price': 6672.25}
INVALID_RISK_UNIT,risk_unit == 0 or non-finite,NQZ18-CME,31726099,2018-12-11 19:01:35.021000+00:00,6672.25,{'stop_loss_price': 6672.25}
INVALID_RISK_UNIT,risk_unit == 0 or non-finite,NQZ18-CME,31726103,2018-12-11 19:01:35.025000+00:00,6672.25,{'stop_loss_price': 6672.25}
INVALID_RISK_UNIT,risk_unit == 0 or non-finite,NQZ18-CME,31756735,2018-12-11 19:31:18.015000+00:00,6722.25,{'stop_loss_price': 6722.25}
INVALID_RISK_UNIT,risk_unit == 0 or non-finite,NQZ18-CME,31794730,2018-12-11 20:08:33+00:00,6716.75,{'stop_loss_price': 6716.75}
INVALID_RISK_UNIT,risk_unit == 0 or non-finite,NQZ18-CME,31887967,2018-12-12 01:40:13.002000+00:00,6759.75,{'stop_loss_price': 6759.75}
INVALID_RISK_UNIT,risk_unit == 0 or non-finite,NQZ18-CME,31892485,2018-12-12 02:32:01.008000+00:00,6753.0,{'stop_loss_price': 6753.0}
INVALID_RISK_UNIT,risk_unit == 0 or non-finite,NQZ18-CME,31961977,2018-12-12 13:24:59.017000+00:00,6790.0,{'stop_loss_price': 6790.0}
INVALID_RISK_UNIT,risk_unit == 0 or non-finite,NQZ18-CME,32012100,2018-12-12 14:41:12+00:00,6792.5,{'stop_loss_price': 6792.5}
INVALID_RISK_UNIT,risk_unit == 0 or non-finite,NQZ18-CME,32012101,2018-12-12 14:41:12.001000+00:00,6792.5,{'stop_loss_price': 6792.5}
INVALID_RISK_UNIT,risk_unit == 0 or non-finite,NQZ18-CME,32094771,2018-12-12 15:36:04.003000+00:00,6831.75,{'stop_loss_price': 6831.75}
INVALID_RISK_UNIT,risk_unit == 0 or non-finite,NQZ18-CME,32116573,2018-12-12 15:53:51.006000+00:00,6837.5,{'stop_loss_price': 6837.5}
INVALID_RISK_UNIT,risk_unit == 0 or non-finite,NQZ18-CME,32116574,2018-12-12 15:53:51.007000+00:00,6837.5,{'stop_loss_price': 6837.5}
INVALID_RISK_UNIT,risk_unit == 0 or non-finite,NQZ18-CME,32116575,2018-12-12 15:53:51.008000+00:00,6837.5,{'stop_loss_price': 6837.5}
INVALID_RISK_UNIT,risk_unit == 0 or non-finite,NQZ18-CME,32116576,2018-12-12 15:53:51.009000+00:00,6837.5,{'stop_loss_price': 6837.5}
INVALID_RISK_UNIT,risk_unit == 0 or non-finite,NQZ18-CME,32116577,2018-12-12 15:53:51.010000+00:00,6837.5,{'stop_loss_price': 6837.5}
INVALID_RISK_UNIT,risk_unit == 0 or non-finite,NQZ18-CME,32116578,2018-12-12 15:53:51.011000+00:00,6837.5,{'stop_loss_price': 6837.5}
INVALID_RISK_UNIT,risk_unit == 0 or non-finite,NQZ18-CME,32116579,2018-12-12 15:53:51.012000+00:00,6837.5,{'stop_loss_price': 6837.5}
INVALID_RISK_UNIT,risk_unit == 0 or non-finite,NQZ18-CME,32151663,2018-12-12 16:26:28.001000+00:00,6859.0,{'stop_loss_price': 6859.0}
INVALID_RISK_UNIT,risk_unit == 0 or non-finite,NQZ18-CME,32151664,2018-12-12 16:26:28.002000+00:00,6859.0,{'stop_loss_price': 6859.0}
INVALID_RISK_UNIT,risk_unit == 0 or non-finite,NQZ18-CME,32151665,2018-12-12 16:26:28.003000+00:00,6859.0,{'stop_loss_price': 6859.0}
INVALID_RISK_UNIT,risk_unit == 0 or non-finite,NQZ18-CME,32151666,2018-12-12 16:26:28.004000+00:00,6859.0,{'stop_loss_price': 6859.0}
INVALID_RISK_UNIT,risk_unit == 0 or non-finite,NQZ18-CME,32210212,2018-12-12 17:32:59.016000+00:00,6857.75,{'stop_loss_price': 6857.75}
INVALID_RISK_UNIT,risk_unit == 0 or non-finite,NQZ18-CME,32214637,2018-12-12 17:38:29+00:00,6848.75,{'stop_loss_price': 6848.75}
INVALID_RISK_UNIT,risk_unit == 0 or non-finite,NQZ18-CME,32241450,2018-12-12 18:25:05+00:00,6862.5,{'stop_loss_price': 6862.5}
INVALID_RISK_UNIT,risk_unit == 0 or non-finite,NQZ18-CME,32298494,2018-12-12 19:35:42.105000+00:00,6799.75,{'stop_loss_price': 6799.75}
INVALID_RISK_UNIT,risk_unit == 0 or non-finite,NQZ18-CME,32298495,2018-12-12 19:35:42.106000+00:00,6799.75,{'stop_loss_price': 6799.75}
INVALID_RISK_UNIT,risk_unit == 0 or non-finite,NQZ18-CME,32298496,2018-12-12 19:35:42.107000+00:00,6799.75,{'stop_loss_price': 6799.75}
INVALID_RISK_UNIT,risk_unit == 0 or non-finite,NQZ18-CME,32298497,2018-12-12 19:35:42.108000+00:00,6799.75,{'stop_loss_price': 6799.75}
INVALID_RISK_UNIT,risk_unit == 0 or non-finite,NQZ18-CME,32298498,2018-12-12 19:35:42.109000+00:00,6799.75,{'stop_loss_price': 6799.75}
INVALID_RISK_UNIT,risk_unit == 0 or non-finite,NQZ18-CME,32298499,2018-12-12 19:35:42.110000+00:00,6799.75,{'stop_loss_price': 6799.75}
INVALID_RISK_UNIT,risk_unit == 0 or non-finite,NQZ18-CME,32298500,2018-12-12 19:35:42.111000+00:00,6799.75,{'stop_loss_price': 6799.75}
INVALID_RISK_UNIT,risk_unit == 0 or non-finite,NQZ18-CME,32298501,2018-12-12 19:35:42.112000+00:00,6799.75,{'stop_loss_price': 6799.75}
INVALID_RISK_UNIT,risk_unit == 0 or non-finite,NQZ18-CME,32298502,2018-12-12 19:35:42.113000+00:00,6799.75,{'stop_loss_price': 6799.75}
INVALID_RISK_UNIT,risk_unit == 0 or non-finite,NQZ18-CME,32298503,2018-12-12 19:35:42.114000+00:00,6799.75,{'stop_loss_price': 6799.75}
INVALID_RISK_UNIT,risk_unit == 0 or non-finite,NQZ18-CME,32317997,2018-12-12 19:52:32.006000+00:00,6789.0,{'stop_loss_price': 6789.0}
INVALID_RISK_UNIT,risk_unit == 0 or non-finite,NQZ18-CME,32317998,2018-12-12 19:52:32.007000+00:00,6789.0,{'stop_loss_price': 6789.0}
INVALID_RISK_UNIT,risk_unit == 0 or non-finite,NQZ18-CME,32317999,2018-12-12 19:52:32.008000+00:00,6789.0,{'stop_loss_price': 6789.0}
INVALID_RISK_UNIT,risk_unit == 0 or non-finite,NQZ18-CME,32318000,2018-12-12 19:52:32.009000+00:00,6789.0,{'stop_loss_price': 6789.0}
INVALID_RISK_UNIT,risk_unit == 0 or non-finite,NQZ18-CME,32318001,2018-12-12 19:52:32.010000+00:00,6789.0,{'stop_loss_price': 6789.0}
INVALID_RISK_UNIT,risk_unit == 0 or non-finite,NQZ18-CME,32434095,2018-12-13 07:59:34.001000+00:00,6824.75,{'stop_loss_price': 6824.75}
INVALID_RISK_UNIT,risk_unit == 0 or non-finite,NQZ18-CME,32466668,2018-12-13 12:14:02.001000+00:00,6777.25,{'stop_loss_price': 6777.25}
INVALID_RISK_UNIT,risk_unit == 0 or non-finite,NQZ18-CME,32466669,2018-12-13 12:14:02.002000+00:00,6777.25,{'stop_loss_price': 6777.25}
INVALID_RISK_UNIT,risk_unit == 0 or non-finite,NQZ18-CME,32466670,2018-12-13 12:14:02.003000+00:00,6777.25,{'stop_loss_price': 6777.25}
INVALID_RISK_UNIT,risk_unit == 0 or non-finite,NQZ18-CME,32480230,2018-12-13 13:38:34+00:00,6809.0,{'stop_loss_price': 6809.0}
INVALID_RISK_UNIT,risk_unit == 0 or non-finite,NQZ18-CME,32480231,2018-12-13 13:38:34.001000+00:00,6809.0,{'stop_loss_price': 6809.0}
INVALID_RISK_UNIT,risk_unit == 0 or non-finite,NQZ18-CME,32524208,2018-12-13 14:43:09.006000+00:00,6822.75,{'stop_loss_price': 6822.75}
INVALID_RISK_UNIT,risk_unit == 0 or non-finite,NQZ18-CME,32605201,2018-12-13 15:41:35.033000+00:00,6776.25,{'stop_loss_price': 6776.25}
INVALID_RISK_UNIT,risk_unit == 0 or non-finite,NQZ18-CME,32605202,2018-12-13 15:41:35.034000+00:00,6776.25,{'stop_loss_price': 6776.25}
INVALID_RISK_UNIT,risk_unit == 0 or non-finite,NQZ18-CME,32605203,2018-12-13 15:41:35.035000+00:00,6776.25,{'stop_loss_price': 6776.25}
INVALID_RISK_UNIT,risk_unit == 0 or non-finite,NQZ18-CME,32605204,2018-12-13 15:41:35.036000+00:00,6776.25,{'stop_loss_price': 6776.25}
INVALID_RISK_UNIT,risk_unit == 0 or non-finite,NQZ18-CME,32605205,2018-12-13 15:41:35.037000+00:00,6776.25,{'stop_loss_price': 6776.25}
INVALID_RISK_UNIT,risk_unit == 0 or non-finite,NQZ18-CME,32605206,2018-12-13 15:41:35.038000+00:00,6776.25,{'stop_loss_price': 6776.25}
INVALID_RISK_UNIT,risk_unit == 0 or non-finite,NQZ18-CME,32605207,2018-12-13 15:41:35.039000+00:00,6776.25,{'stop_loss_price': 6776.25}
INVALID_RISK_UNIT,risk_unit == 0 or non-finite,NQZ18-CME,32605210,2018-12-13 15:41:35.042000+00:00,6776.25,{'stop_loss_price': 6776.25}
INVALID_RISK_UNIT,risk_unit == 0 or non-finite,NQZ18-CME,32618628,2018-12-13 15:50:50.002000+00:00,6764.5,{'stop_loss_price': 6764.5}
INVALID_RISK_UNIT,risk_unit == 0 or non-finite,NQZ18-CME,32645403,2018-12-13 16:07:21.015000+00:00,6776.75,{'stop_loss_price': 6776.75}
INVALID_RISK_UNIT,risk_unit == 0 or non-finite,NQZ18-CME,32651433,2018-12-13 16:12:42.008000+00:00,6763.25,{'stop_loss_price': 6763.25}
INVALID_RISK_UNIT,risk_unit == 0 or non-finite,NQZ18-CME,32651434,2018-12-13 16:12:42.009000+00:00,6763.25,{'stop_loss_price': 6763.25}
INVALID_RISK_UNIT,risk_unit == 0 or non-finite,NQZ18-CME,32651435,2018-12-13 16:12:42.010000+00:00,6763.25,{'stop_loss_price': 6763.25}
INVALID_RISK_UNIT,risk_unit == 0 or non-finite,NQZ18-CME,32651436,2018-12-13 16:12:42.011000+00:00,6763.25,{'stop_loss_price': 6763.25}
INVALID_RISK_UNIT,risk_unit == 0 or non-finite,NQZ18-CME,32651437,2018-12-13 16:12:42.012000+00:00,6763.25,{'stop_loss_price': 6763.25}
INVALID_RISK_UNIT,risk_unit == 0 or non-finite,NQZ18-CME,32651438,2018-12-13 16:12:42.013000+00:00,6763.25,{'stop_loss_price': 6763.25}
INVALID_RISK_UNIT,risk_unit == 0 or non-finite,NQZ18-CME,32651439,2018-12-13 16:12:42.014000+00:00,6763.25,{'stop_loss_price': 6763.25}
INVALID_RISK_UNIT,risk_unit == 0 or non-finite,NQZ18-CME,32651440,2018-12-13 16:12:42.015000+00:00,6763.25,{'stop_loss_price': 6763.25}
INVALID_RISK_UNIT,risk_unit == 0 or non-finite,NQZ18-CME,32651441,2018-12-13 16:12:42.016000+00:00,6763.25,{'stop_loss_price': 6763.25}
INVALID_RISK_UNIT,risk_unit == 0 or non-finite,NQZ18-CME,32651442,2018-12-13 16:12:42.017000+00:00,6763.25,{'stop_loss_price': 6763.25}
INVALID_RISK_UNIT,risk_unit == 0 or non-finite,NQZ18-CME,32651443,2018-12-13 16:12:42.018000+00:00,6763.25,{'stop_loss_price': 6763.25}
INVALID_RISK_UNIT,risk_unit == 0 or non-finite,NQZ18-CME,32651444,2018-12-13 16:12:42.019000+00:00,6763.25,{'stop_loss_price': 6763.25}
INVALID_RISK_UNIT,risk_unit == 0 or non-finite,NQZ18-CME,32651445,2018-12-13 16:12:42.020000+00:00,6763.25,{'stop_loss_price': 6763.25}
INVALID_RISK_UNIT,risk_unit == 0 or non-finite,NQZ18-CME,32651446,2018-12-13 16:12:42.021000+00:00,6763.25,{'stop_loss_price': 6763.25}
INVALID_RISK_UNIT,risk_unit == 0 or non-finite,NQZ18-CME,32651447,2018-12-13 16:12:42.022000+00:00,6763.25,{'stop_loss_price': 6763.25}
INVALID_RISK_UNIT,risk_unit == 0 or non-finite,NQZ18-CME,32651448,2018-12-13 16:12:42.023000+00:00,6763.25,{'stop_loss_price': 6763.25}
INVALID_RISK_UNIT,risk_unit == 0 or non-finite,NQZ18-CME,32656683,2018-12-13 16:15:44.055000+00:00,6755.5,{'stop_loss_price': 6755.5}
INVALID_RISK_UNIT,risk_unit == 0 or non-finite,NQZ18-CME,32685178,2018-12-13 16:38:54.023000+00:00,6772.75,{'stop_loss_price': 6772.75}
INVALID_RISK_UNIT,risk_unit == 0 or non-finite,NQZ18-CME,32688018,2018-12-13 16:41:46.009000+00:00,6769.5,{'stop_loss_price': 6769.5}
INVALID_RISK_UNIT,risk_unit == 0 or non-finite,NQZ18-CME,32688019,2018-12-13 16:41:46.010000+00:00,6769.5,{'stop_loss_price': 6769.5}
INVALID_RISK_UNIT,risk_unit == 0 or non-finite,NQZ18-CME,32688020,2018-12-13 16:41:46.011000+00:00,6769.5,{'stop_loss_price': 6769.5}
INVALID_RISK_UNIT,risk_unit == 0 or non-finite,NQZ18-CME,32688021,2018-12-13 16:41:46.012000+00:00,6769.5,{'stop_loss_price': 6769.5}
INVALID_RISK_UNIT,risk_unit == 0 or non-finite,NQZ18-CME,32688022,2018-12-13 16:41:46.013000+00:00,6769.5,{'stop_loss_price': 6769.5}
INVALID_RISK_UNIT,risk_unit == 0 or non-finite,NQZ18-CME,32688023,2018-12-13 16:41:46.014000+00:00,6769.5,{'stop_loss_price': 6769.5}
INVALID_RISK_UNIT,risk_unit == 0 or non-finite,NQZ18-CME,32709553,2018-12-13 16:58:49.008000+00:00,6773.75,{'stop_loss_price': 6773.75}
INVALID_RISK_UNIT,risk_unit == 0 or non-finite,NQZ18-CME,32709554,2018-12-13 16:58:49.009000+00:00,6773.75,{'stop_loss_price': 6773.75}
INVALID_RISK_UNIT,risk_unit == 0 or non-finite,NQZ18-CME,32709555,2018-12-13 16:58:49.010000+00:00,6773.75,{'stop_loss_price': 6773.75}
INVALID_RISK_UNIT,risk_unit == 0 or non-finite,NQZ18-CME,32709558,2018-12-13 16:58:49.013000+00:00,6773.75,{'stop_loss_price': 6773.75}
INVALID_RISK_UNIT,risk_unit == 0 or non-finite,NQZ18-CME,32709559,2018-12-13 16:58:49.014000+00:00,6773.75,{'stop_loss_price': 6773.75}
INVALID_RISK_UNIT,risk_unit == 0 or non-finite,NQZ18-CME,32709560,2018-12-13 16:58:49.015000+00:00,6773.75,{'stop_loss_price': 6773.75}
INVALID_RISK_UNIT,risk_unit == 0 or non-finite,NQZ18-CME,32718640,2018-12-13 17:04:50.038000+00:00,6745.0,{'stop_loss_price': 6745.0}
INVALID_RISK_UNIT,risk_unit == 0 or non-finite,NQZ18-CME,32724182,2018-12-13 17:10:32.014000+00:00,6752.25,{'stop_loss_price': 6752.25}
INVALID_RISK_UNIT,risk_unit == 0 or non-finite,NQZ18-CME,32724183,2018-12-13 17:10:32.015000+00:00,6752.25,{'stop_loss_price': 6752.25}
INVALID_RISK_UNIT,risk_unit == 0 or non-finite,NQZ18-CME,32724184,2018-12-13 17:10:32.016000+00:00,6752.25,{'stop_loss_price': 6752.25}
INVALID_RISK_UNIT,risk_unit == 0 or non-finite,NQZ18-CME,32744261,2018-12-13 17:32:06.001000+00:00,6738.75,{'stop_loss_price': 6738.75}
INVALID_RISK_UNIT,risk_unit == 0 or non-finite,NQZ18-CME,32744262,2018-12-13 17:32:06.002000+00:00,6738.75,{'stop_loss_price': 6738.75}
INVALID_RISK_UNIT,risk_unit == 0 or non-finite,NQZ18-CME,32744263,2018-12-13 17:32:06.003000+00:00,6738.75,{'stop_loss_price': 6738.75}
INVALID_RISK_UNIT,risk_unit == 0 or non-finite,NQZ18-CME,32772969,2018-12-13 18:11:07.002000+00:00,6742.5,{'stop_loss_price': 6742.5}
INVALID_RISK_UNIT,risk_unit == 0 or non-finite,NQZ18-CME,32772970,2018-12-13 18:11:07.003000+00:00,6742.5,{'stop_loss_price': 6742.5}
INVALID_RISK_UNIT,risk_unit == 0 or non-finite,NQZ18-CME,32772972,2018-12-13 18:11:08.001000+00:00,6742.5,{'stop_loss_price': 6742.5}
INVALID_RISK_UNIT,risk_unit == 0 or non-finite,NQZ18-CME,32775036,2018-12-13 18:13:25.003000+00:00,6740.5,{'stop_loss_price': 6740.5}
INVALID_RISK_UNIT,risk_unit == 0 or non-finite,NQZ18-CME,32775037,2018-12-13 18:13:25.004000+00:00,6740.5,{'stop_loss_price': 6740.5}
INVALID_RISK_UNIT,risk_unit == 0 or non-finite,NQZ18-CME,32775038,2018-12-13 18:13:25.005000+00:00,6740.5,{'stop_loss_price': 6740.5}
INVALID_RISK_UNIT,risk_unit == 0 or non-finite,NQZ18-CME,32775039,2018-12-13 18:13:25.006000+00:00,6740.5,{'stop_loss_price': 6740.5}
INVALID_RISK_UNIT,risk_unit == 0 or non-finite,NQZ18-CME,32799864,2018-12-13 18:45:44+00:00,6771.75,{'stop_loss_price': 6771.75}
INVALID_RISK_UNIT,risk_unit == 0 or non-finite,NQZ18-CME,32799865,2018-12-13 18:45:45+00:00,6771.75,{'stop_loss_price': 6771.75}
INVALID_RISK_UNIT,risk_unit == 0 or non-finite,NQZ18-CME,32799866,2018-12-13 18:45:45.001000+00:00,6771.75,{'stop_loss_price': 6771.75}
INVALID_RISK_UNIT,risk_unit == 0 or non-finite,NQZ18-CME,32799873,2018-12-13 18:45:46+00:00,6771.75,{'stop_loss_price': 6771.75}
INVALID_RISK_UNIT,risk_unit == 0 or non-finite,NQZ18-CME,32799874,2018-12-13 18:45:46.001000+00:00,6771.75,{'stop_loss_price': 6771.75}
INVALID_RISK_UNIT,risk_unit == 0 or non-finite,NQZ18-CME,32799875,2018-12-13 18:45:46.002000+00:00,6771.75,{'stop_loss_price': 6771.75}
INVALID_RISK_UNIT,risk_unit == 0 or non-finite,NQZ18-CME,32799876,2018-12-13 18:45:46.003000+00:00,6771.75,{'stop_loss_price': 6771.75}
INVALID_RISK_UNIT,risk_unit == 0 or non-finite,NQZ18-CME,32799877,2018-12-13 18:45:46.004000+00:00,6771.75,{'stop_loss_price': 6771.75}
INVALID_RISK_UNIT,risk_unit == 0 or non-finite,NQZ18-CME,32799888,2018-12-13 18:45:46.015000+00:00,6772.0,{'stop_loss_price': 6772.0}
INVALID_RISK_UNIT,risk_unit == 0 or non-finite,NQZ18-CME,32803132,2018-12-13 18:51:48.014000+00:00,6766.5,{'stop_loss_price': 6766.5}
INVALID_RISK_UNIT,risk_unit == 0 or non-finite,NQZ18-CME,32838275,2018-12-13 19:33:29+00:00,6739.25,{'stop_loss_price': 6739.25}
INVALID_RISK_UNIT,risk_unit == 0 or non-finite,NQZ18-CME,32838276,2018-12-13 19:33:31+00:00,6739.25,{'stop_loss_price': 6739.25}
INVALID_RISK_UNIT,risk_unit == 0 or non-finite,NQZ18-CME,32838277,2018-12-13 19:33:31.001000+00:00,6739.25,{'stop_loss_price': 6739.25}
INVALID_RISK_UNIT,risk_unit == 0 or non-finite,NQZ18-CME,32838278,2018-12-13 19:33:31.002000+00:00,6739.25,{'stop_loss_price': 6739.25}
INVALID_RISK_UNIT,risk_unit == 0 or non-finite,NQZ18-CME,32880124,2018-12-13 20:32:26.034000+00:00,6760.25,{'stop_loss_price': 6760.25}
INVALID_RISK_UNIT,risk_unit == 0 or non-finite,NQZ18-CME,32880125,2018-12-13 20:32:26.035000+00:00,6760.25,{'stop_loss_price': 6760.25}
INVALID_RISK_UNIT,risk_unit == 0 or non-finite,NQZ18-CME,32880126,2018-12-13 20:32:26.036000+00:00,6760.25,{'stop_loss_price': 6760.25}
INVALID_RISK_UNIT,risk_unit == 0 or non-finite,NQZ18-CME,32982620,2018-12-14 14:40:59.009000+00:00,6666.5,{'stop_loss_price': 6666.5}
INVALID_RISK_UNIT,risk_unit == 0 or non-finite,NQZ18-CME,32982621,2018-12-14 14:40:59.010000+00:00,6666.5,{'stop_loss_price': 6666.5}
INVALID_RISK_UNIT,risk_unit == 0 or non-finite,NQZ18-CME,32982622,2018-12-14 14:40:59.011000+00:00,6666.5,{'stop_loss_price': 6666.5}
INVALID_RISK_UNIT,risk_unit == 0 or non-finite,NQZ18-CME,32997177,2018-12-14 14:53:58.002000+00:00,6681.5,{'stop_loss_price': 6681.5}
INVALID_RISK_UNIT,risk_unit == 0 or non-finite,NQZ18-CME,33046167,2018-12-14 16:08:54.003000+00:00,6706.75,{'stop_loss_price': 6706.75}
INVALID_RISK_UNIT,risk_unit == 0 or non-finite,NQZ18-CME,33059737,2018-12-14 16:35:25.002000+00:00,6690.5,{'stop_loss_price': 6690.5}
INVALID_RISK_UNIT,risk_unit == 0 or non-finite,NQZ18-CME,33110469,2018-12-14 18:59:17.001000+00:00,6635.75,{'stop_loss_price': 6635.75}
INVALID_RISK_UNIT,risk_unit == 0 or non-finite,NQZ18-CME,33110470,2018-12-14 18:59:17.002000+00:00,6635.75,{'stop_loss_price': 6635.75}
INVALID_RISK_UNIT,risk_unit == 0 or non-finite,NQZ18-CME,33122230,2018-12-14 19:41:03.002000+00:00,6619.25,{'stop_loss_price': 6619.25}
INVALID_RISK_UNIT,risk_unit == 0 or non-finite,NQZ18-CME,33131531,2018-12-14 20:00:36.021000+00:00,6623.5,{'stop_loss_price': 6623.5}
INVALID_RISK_UNIT,risk_unit == 0 or non-finite,NQZ18-CME,33158708,2018-12-14 21:00:25.010000+00:00,6603.5,{'stop_loss_price': 6603.5}
