code,message,contract,row_index,timestamp_utc,price,context
INVALID_RISK_UNIT,risk_unit == 0 or non-finite,NQZ17-CME,42473,2017-09-11 13:47:06.005000+00:00,5990.25,{'stop_loss_price': 5990.25}
INVALID_RISK_UNIT,risk_unit == 0 or non-finite,NQZ17-CME,42474,2017-09-11 13:47:06.006000+00:00,5990.25,{'stop_loss_price': 5990.25}
INVALID_RISK_UNIT,risk_unit == 0 or non-finite,NQZ17-CME,42475,2017-09-11 13:47:06.007000+00:00,5990.25,{'stop_loss_price': 5990.25}
INVALID_RISK_UNIT,risk_unit == 0 or non-finite,NQZ17-CME,42476,2017-09-11 13:47:06.008000+00:00,5990.25,{'stop_loss_price': 5990.25}
INVALID_RISK_UNIT,risk_unit == 0 or non-finite,NQZ17-CME,42477,2017-09-11 13:47:07+00:00,5990.25,{'stop_loss_price': 5990.25}
INVALID_RISK_UNIT,risk_unit == 0 or non-finite,NQZ17-CME,42478,2017-09-11 13:47:07.001000+00:00,5990.25,{'stop_loss_price': 5990.25}
INVALID_RISK_UNIT,risk_unit == 0 or non-finite,NQZ17-CME,42479,2017-09-11 13:47:07.002000+00:00,5990.25,{'stop_loss_price': 5990.25}
INVALID_RISK_UNIT,risk_unit == 0 or non-finite,NQZ17-CME,42480,2017-09-11 13:47:07.003000+00:00,5990.25,{'stop_loss_price': 5990.25}
INVALID_RISK_UNIT,risk_unit == 0 or non-finite,NQZ17-CME,42481,2017-09-11 13:47:07.004000+00:00,5990.25,{'stop_loss_price': 5990.25}
INVALID_RISK_UNIT,risk_unit == 0 or non-finite,NQZ17-CME,42482,2017-09-11 13:47:07.005000+00:00,5990.25,{'stop_loss_price': 5990.25}
INVALID_RISK_UNIT,risk_unit == 0 or non-finite,NQZ17-CME,42483,2017-09-11 13:47:07.006000+00:00,5990.25,{'stop_loss_price': 5990.25}
INVALID_RISK_UNIT,risk_unit == 0 or non-finite,NQZ17-CME,42484,2017-09-11 13:47:07.007000+00:00,5990.25,{'stop_loss_price': 5990.25}
INVALID_RISK_UNIT,risk_unit == 0 or non-finite,NQZ17-CME,42619,2017-09-11 13:47:40.028000+00:00,5990.25,{'stop_loss_price': 5990.25}
INVALID_RISK_UNIT,risk_unit == 0 or non-finite,NQZ17-CME,42620,2017-09-11 13:47:40.029000+00:00,5990.25,{'stop_loss_price': 5990.25}
INVALID_RISK_UNIT,risk_unit == 0 or non-finite,NQZ17-CME,42621,2017-09-11 13:47:40.030000+00:00,5990.25,{'stop_loss_price': 5990.25}
INVALID_RISK_UNIT,risk_unit == 0 or non-finite,NQZ17-CME,42622,2017-09-11 13:47:40.031000+00:00,5990.25,{'stop_loss_price': 5990.25}
INVALID_RISK_UNIT,risk_unit == 0 or non-finite,NQZ17-CME,42623,2017-09-11 13:47:41+00:00,5990.25,{'stop_loss_price': 5990.25}
INVALID_RISK_UNIT,risk_unit == 0 or non-finite,NQZ17-CME,42624,2017-09-11 13:47:41.001000+00:00,5990.25,{'stop_loss_price': 5990.25}
INVALID_RISK_UNIT,risk_unit == 0 or non-finite,NQZ17-CME,42625,2017-09-11 13:47:41.002000+00:00,5990.25,{'stop_loss_price': 5990.25}
INVALID_RISK_UNIT,risk_unit == 0 or non-finite,NQZ17-CME,42626,2017-09-11 13:47:41.003000+00:00,5990.25,{'stop_loss_price': 5990.25}
INVALID_RISK_UNIT,risk_unit == 0 or non-finite,NQZ17-CME,42627,2017-09-11 13:47:41.004000+00:00,5990.25,{'stop_loss_price': 5990.25}
INVALID_RISK_UNIT,risk_unit == 0 or non-finite,NQZ17-CME,42628,2017-09-11 13:47:41.005000+00:00,5990.25,{'stop_loss_price': 5990.25}
INVALID_RISK_UNIT,risk_unit == 0 or non-finite,NQZ17-CME,42632,2017-09-11 13:47:41.009000+00:00,5990.25,{'stop_loss_price': 5990.25}
INVALID_RISK_UNIT,risk_unit == 0 or non-finite,NQZ17-CME,42633,2017-09-11 13:47:41.010000+00:00,5990.25,{'stop_loss_price': 5990.25}
INVALID_RISK_UNIT,risk_unit == 0 or non-finite,NQZ17-CME,92422,2017-09-11 16:28:49+00:00,5986.0,{'stop_loss_price': 5986.0}
INVALID_RISK_UNIT,risk_unit == 0 or non-finite,NQZ17-CME,92423,2017-09-11 16:28:49.001000+00:00,5986.0,{'stop_loss_price': 5986.0}
INVALID_RISK_UNIT,risk_unit == 0 or non-finite,NQZ17-CME,92424,2017-09-11 16:28:49.002000+00:00,5986.0,{'stop_loss_price': 5986.0}
INVALID_RISK_UNIT,risk_unit == 0 or non-finite,NQZ17-CME,92425,2017-09-11 16:28:49.003000+00:00,5986.0,{'stop_loss_price': 5986.0}
INVALID_RISK_UNIT,risk_unit == 0 or non-finite,NQZ17-CME,92426,2017-09-11 16:28:49.004000+00:00,5986.0,{'stop_loss_price': 5986.0}
INVALID_RISK_UNIT,risk_unit == 0 or non-finite,NQZ17-CME,92427,2017-09-11 16:28:49.005000+00:00,5986.0,{'stop_loss_price': 5986.0}
INVALID_RISK_UNIT,risk_unit == 0 or non-finite,NQZ17-CME,92428,2017-09-11 16:28:49.006000+00:00,5986.0,{'stop_loss_price': 5986.0}
INVALID_RISK_UNIT,risk_unit == 0 or non-finite,NQZ17-CME,92429,2017-09-11 16:28:50+00:00,5986.0,{'stop_loss_price': 5986.0}
INVALID_RISK_UNIT,risk_unit == 0 or non-finite,NQZ17-CME,107393,2017-09-11 18:17:38.007000+00:00,5990.0,{'stop_loss_price': 5990.0}
INVALID_RISK_UNIT,risk_unit == 0 or non-finite,NQZ17-CME,163779,2017-09-12 13:36:53.003000+00:00,6008.0,{'stop_loss_price': 6008.0}
INVALID_RISK_UNIT,risk_unit == 0 or non-finite,NQZ17-CME,219355,2017-09-12 15:22:20.001000+00:00,5988.25,{'stop_loss_price': 5988.25}
INVALID_RISK_UNIT,risk_unit == 0 or non-finite,NQZ17-CME,219356,2017-09-12 15:22:20.002000+00:00,5988.25,{'stop_loss_price': 5988.25}
INVALID_RISK_UNIT,risk_unit == 0 or non-finite,NQZ17-CME,219357,2017-09-12 15:22:20.003000+00:00,5988.25,{'stop_loss_price': 5988.25}
INVALID_RISK_UNIT,risk_unit == 0 or non-finite,NQZ17-CME,219358,2017-09-12 15:22:20.004000+00:00,5988.25,{'stop_loss_price': 5988.25}
INVALID_RISK_UNIT,risk_unit == 0 or non-finite,NQZ17-CME,219359,2017-09-12 15:22:20.005000+00:00,5988.25,{'stop_loss_price': 5988.25}
INVALID_RISK_UNIT,risk_unit == 0 or non-finite,NQZ17-CME,219360,2017-09-12 15:22:20.006000+00:00,5988.25,{'stop_loss_price': 5988.25}
INVALID_RISK_UNIT,risk_unit == 0 or non-finite,NQZ17-CME,226988,2017-09-12 15:56:27+00:00,5988.25,{'stop_loss_price': 5988.25}
INVALID_RISK_UNIT,risk_unit == 0 or non-finite,NQZ17-CME,241569,2017-09-12 17:11:17.016000+00:00,5998.25,{'stop_loss_price': 5998.25}
INVALID_RISK_UNIT,risk_unit == 0 or non-finite,NQZ17-CME,241570,2017-09-12 17:11:17.017000+00:00,5998.25,{'stop_loss_price': 5998.25}
INVALID_RISK_UNIT,risk_unit == 0 or non-finite,NQZ17-CME,241571,2017-09-12 17:11:17.018000+00:00,5998.25,{'stop_loss_price': 5998.25}
INVALID_RISK_UNIT,risk_unit == 0 or non-finite,NQZ17-CME,241576,2017-09-12 17:11:18.004000+00:00,5998.25,{'stop_loss_price': 5998.25}
INVALID_RISK_UNIT,risk_unit == 0 or non-finite,NQZ17-CME,241577,2017-09-12 17:11:18.005000+00:00,5998.25,{'stop_loss_price': 5998.25}
INVALID_RISK_UNIT,risk_unit == 0 or non-finite,NQZ17-CME,241578,2017-09-12 17:11:18.006000+00:00,5998.25,{'stop_loss_price': 5998.25}
INVALID_RISK_UNIT,risk_unit == 0 or non-finite,NQZ17-CME,241579,2017-09-12 17:11:18.007000+00:00,5998.25,{'stop_loss_price': 5998.25}
INVALID_RISK_UNIT,risk_unit == 0 or non-finite,NQZ17-CME,241581,2017-09-12 17:11:19.001000+00:00,5998.25,{'stop_loss_price': 5998.25}
INVALID_RISK_UNIT,risk_unit == 0 or non-finite,NQZ17-CME,317322,2017-09-13 06:19:07.011000+00:00,5994.75,{'stop_loss_price': 5994.75}
INVALID_RISK_UNIT,risk_unit == 0 or non-finite,NQZ17-CME,317323,2017-09-13 06:19:07.012000+00:00,5994.75,{'stop_loss_price': 5994.75}
INVALID_RISK_UNIT,risk_unit == 0 or non-finite,NQZ17-CME,317324,2017-09-13 06:19:07.013000+00:00,5994.75,{'stop_loss_price': 5994.75}
INVALID_RISK_UNIT,risk_unit == 0 or non-finite,NQZ17-CME,317325,2017-09-13 06:19:07.014000+00:00,5994.75,{'stop_loss_price': 5994.75}
INVALID_RISK_UNIT,risk_unit == 0 or non-finite,NQZ17-CME,486388,2017-09-14 13:37:12.014000+00:00,5973.0,{'stop_loss_price': 5973.0}
INVALID_RISK_UNIT,risk_unit == 0 or non-finite,NQZ17-CME,486389,2017-09-14 13:37:12.015000+00:00,5973.0,{'stop_loss_price': 5973.0}
INVALID_RISK_UNIT,risk_unit == 0 or non-finite,NQZ17-CME,486390,2017-09-14 13:37:12.016000+00:00,5973.0,{'stop_loss_price': 5973.0}
INVALID_RISK_UNIT,risk_unit == 0 or non-finite,NQZ17-CME,486391,2017-09-14 13:37:12.017000+00:00,5973.0,{'stop_loss_price': 5973.0}
INVALID_RISK_UNIT,risk_unit == 0 or non-finite,NQZ17-CME,486392,2017-09-14 13:37:12.018000+00:00,5973.0,{'stop_loss_price': 5973.0}
INVALID_RISK_UNIT,risk_unit == 0 or non-finite,NQZ17-CME,564107,2017-09-14 17:11:33+00:00,5986.25,{'stop_loss_price': 5986.25}
INVALID_RISK_UNIT,risk_unit == 0 or non-finite,NQZ17-CME,583322,2017-09-14 18:50:37.018000+00:00,5984.25,{'stop_loss_price': 5984.25}
INVALID_RISK_UNIT,risk_unit == 0 or non-finite,NQZ17-CME,635049,2017-09-15 10:01:02+00:00,5962.75,{'stop_loss_price': 5962.75}
INVALID_RISK_UNIT,risk_unit == 0 or non-finite,NQZ17-CME,676120,2017-09-15 14:04:44.016000+00:00,5977.0,{'stop_loss_price': 5977.0}
INVALID_RISK_UNIT,risk_unit == 0 or non-finite,NQZ17-CME,676121,2017-09-15 14:04:44.017000+00:00,5977.0,{'stop_loss_price': 5977.0}
INVALID_RISK_UNIT,risk_unit == 0 or non-finite,NQZ17-CME,676122,2017-09-15 14:04:44.018000+00:00,5977.0,{'stop_loss_price': 5977.0}
INVALID_RISK_UNIT,risk_unit == 0 or non-finite,NQZ17-CME,676123,2017-09-15 14:04:44.019000+00:00,5977.0,{'stop_loss_price': 5977.0}
INVALID_RISK_UNIT,risk_unit == 0 or non-finite,NQZ17-CME,676124,2017-09-15 14:04:44.020000+00:00,5977.0,{'stop_loss_price': 5977.0}
INVALID_RISK_UNIT,risk_unit == 0 or non-finite,NQZ17-CME,676125,2017-09-15 14:04:44.021000+00:00,5977.0,{'stop_loss_price': 5977.0}
INVALID_RISK_UNIT,risk_unit == 0 or non-finite,NQZ17-CME,676126,2017-09-15 14:04:44.022000+00:00,5977.0,{'stop_loss_price': 5977.0}
INVALID_RISK_UNIT,risk_unit == 0 or non-finite,NQZ17-CME,676127,2017-09-15 14:04:44.023000+00:00,5977.0,{'stop_loss_price': 5977.0}
INVALID_RISK_UNIT,risk_unit == 0 or non-finite,NQZ17-CME,676128,2017-09-15 14:04:44.024000+00:00,5977.0,{'stop_loss_price': 5977.0}
INVALID_RISK_UNIT,risk_unit == 0 or non-finite,NQZ17-CME,676129,2017-09-15 14:04:44.025000+00:00,5977.0,{'stop_loss_price': 5977.0}
INVALID_RISK_UNIT,risk_unit == 0 or non-finite,NQZ17-CME,676130,2017-09-15 14:04:44.026000+00:00,5977.0,{'stop_loss_price': 5977.0}
INVALID_RISK_UNIT,risk_unit == 0 or non-finite,NQZ17-CME,676131,2017-09-15 14:04:44.027000+00:00,5977.0,{'stop_loss_price': 5977.0}
INVALID_RISK_UNIT,risk_unit == 0 or non-finite,NQZ17-CME,676132,2017-09-15 14:04:44.028000+00:00,5977.0,{'stop_loss_price': 5977.0}
INVALID_RISK_UNIT,risk_unit == 0 or non-finite,NQZ17-CME,676133,2017-09-15 14:04:44.029000+00:00,5977.0,{'stop_loss_price': 5977.0}
INVALID_RISK_UNIT,risk_unit == 0 or non-finite,NQZ17-CME,676134,2017-09-15 14:04:44.030000+00:00,5977.0,{'stop_loss_price': 5977.0}
INVALID_RISK_UNIT,risk_unit == 0 or non-finite,NQZ17-CME,676171,2017-09-15 14:04:44.067000+00:00,5977.0,{'stop_loss_price': 5977.0}
INVALID_RISK_UNIT,risk_unit == 0 or non-finite,NQZ17-CME,676172,2017-09-15 14:04:44.068000+00:00,5977.0,{'stop_loss_price': 5977.0}
INVALID_RISK_UNIT,risk_unit == 0 or non-finite,NQZ17-CME,676175,2017-09-15 14:04:44.071000+00:00,5977.0,{'stop_loss_price': 5977.0}
INVALID_RISK_UNIT,risk_unit == 0 or non-finite,NQZ17-CME,676176,2017-09-15 14:04:44.072000+00:00,5977.0,{'stop_loss_price': 5977.0}
INVALID_RISK_UNIT,risk_unit == 0 or non-finite,NQZ17-CME,676177,2017-09-15 14:04:44.073000+00:00,5977.0,{'stop_loss_price': 5977.0}
INVALID_RISK_UNIT,risk_unit == 0 or non-finite,NQZ17-CME,676178,2017-09-15 14:04:44.074000+00:00,5977.0,{'stop_loss_price': 5977.0}
INVALID_RISK_UNIT,risk_unit == 0 or non-finite,NQZ17-CME,676179,2017-09-15 14:04:44.075000+00:00,5977.0,{'stop_loss_price': 5977.0}
INVALID_RISK_UNIT,risk_unit == 0 or non-finite,NQZ17-CME,681687,2017-09-15 14:13:08.004000+00:00,5975.0,{'stop_loss_price': 5975.0}
INVALID_RISK_UNIT,risk_unit == 0 or non-finite,NQZ17-CME,681688,2017-09-15 14:13:08.005000+00:00,5975.0,{'stop_loss_price': 5975.0}
INVALID_RISK_UNIT,risk_unit == 0 or non-finite,NQZ17-CME,681689,2017-09-15 14:13:08.006000+00:00,5975.0,{'stop_loss_price': 5975.0}
INVALID_RISK_UNIT,risk_unit == 0 or non-finite,NQZ17-CME,681691,2017-09-15 14:13:08.008000+00:00,5975.0,{'stop_loss_price': 5975.0}
INVALID_RISK_UNIT,risk_unit == 0 or non-finite,NQZ17-CME,713865,2017-09-15 15:00:09.007000+00:00,6008.75,{'stop_loss_price': 6008.75}
INVALID_RISK_UNIT,risk_unit == 0 or non-finite,NQZ17-CME,713866,2017-09-15 15:00:09.008000+00:00,6008.75,{'stop_loss_price': 6008.75}
INVALID_RISK_UNIT,risk_unit == 0 or non-finite,NQZ17-CME,713867,2017-09-15 15:00:09.009000+00:00,6008.75,{'stop_loss_price': 6008.75}
INVALID_RISK_UNIT,risk_unit == 0 or non-finite,NQZ17-CME,713876,2017-09-15 15:00:10.007000+00:00,6008.75,{'stop_loss_price': 6008.75}
INVALID_RISK_UNIT,risk_unit == 0 or non-finite,NQZ17-CME,713877,2017-09-15 15:00:10.008000+00:00,6008.75,{'stop_loss_price': 6008.75}
INVALID_RISK_UNIT,risk_unit == 0 or non-finite,NQZ17-CME,713878,2017-09-15 15:00:10.009000+00:00,6008.75,{'stop_loss_price': 6008.75}
INVALID_RISK_UNIT,risk_unit == 0 or non-finite,NQZ17-CME,713879,2017-09-15 15:00:10.010000+00:00,6008.75,{'stop_loss_price': 6008.75}
INVALID_RISK_UNIT,risk_unit == 0 or non-finite,NQZ17-CME,713880,2017-09-15 15:00:10.011000+00:00,6008.75,{'stop_loss_price': 6008.75}
INVALID_RISK_UNIT,risk_unit == 0 or non-finite,NQZ17-CME,713888,2017-09-15 15:00:11+00:00,6008.75,{'stop_loss_price': 6008.75}
INVALID_RISK_UNIT,risk_unit == 0 or non-finite,NQZ17-CME,713889,2017-09-15 15:00:11.001000+00:00,6008.75,{'stop_loss_price': 6008.75}
INVALID_RISK_UNIT,risk_unit == 0 or non-finite,NQZ17-CME,713890,2017-09-15 15:00:11.002000+00:00,6008.75,{'stop_loss_price': 6008.75}
INVALID_RISK_UNIT,risk_unit == 0 or non-finite,NQZ17-CME,713891,2017-09-15 15:00:11.003000+00:00,6008.75,{'stop_loss_price': 6008.75}
INVALID_RISK_UNIT,risk_unit == 0 or non-finite,NQZ17-CME,713892,2017-09-15 15:00:11.004000+00:00,6008.75,{'stop_loss_price': 6008.75}
INVALID_RISK_UNIT,risk_unit == 0 or non-finite,NQZ17-CME,713893,2017-09-15 15:00:11.005000+00:00,6008.75,{'stop_loss_price': 6008.75}
INVALID_RISK_UNIT,risk_unit == 0 or non-finite,NQZ17-CME,713894,2017-09-15 15:00:11.006000+00:00,6008.75,{'stop_loss_price': 6008.75}
INVALID_RISK_UNIT,risk_unit == 0 or non-finite,NQZ17-CME,713895,2017-09-15 15:00:11.007000+00:00,6008.75,{'stop_loss_price': 6008.75}
INVALID_RISK_UNIT,risk_unit == 0 or non-finite,NQZ17-CME,801512,2017-09-18 09:17:40+00:00,6003.5,{'stop_loss_price': 6003.5}
INVALID_RISK_UNIT,risk_unit == 0 or non-finite,NQZ17-CME,801513,2017-09-18 09:17:48+00:00,6003.5,{'stop_loss_price': 6003.5}
INVALID_RISK_UNIT,risk_unit == 0 or non-finite,NQZ17-CME,801514,2017-09-18 09:18:02+00:00,6003.5,{'stop_loss_price': 6003.5}
INVALID_RISK_UNIT,risk_unit == 0 or non-finite,NQZ17-CME,801515,2017-09-18 09:18:05+00:00,6003.5,{'stop_loss_price': 6003.5}
INVALID_RISK_UNIT,risk_unit == 0 or non-finite,NQZ17-CME,801536,2017-09-18 09:20:24+00:00,6003.5,{'stop_loss_price': 6003.5}
INVALID_RISK_UNIT,risk_unit == 0 or non-finite,NQZ17-CME,801537,2017-09-18 09:20:24.001000+00:00,6003.5,{'stop_loss_price': 6003.5}
INVALID_RISK_UNIT,risk_unit == 0 or non-finite,NQZ17-CME,801538,2017-09-18 09:20:24.002000+00:00,6003.5,{'stop_loss_price': 6003.5}
INVALID_RISK_UNIT,risk_unit == 0 or non-finite,NQZ17-CME,801539,2017-09-18 09:20:25+00:00,6003.5,{'stop_loss_price': 6003.5}
INVALID_RISK_UNIT,risk_unit == 0 or non-finite,NQZ17-CME,801540,2017-09-18 09:20:40+00:00,6003.5,{'stop_loss_price': 6003.5}
INVALID_RISK_UNIT,risk_unit == 0 or non-finite,NQZ17-CME,801541,2017-09-18 09:20:40.001000+00:00,6003.5,{'stop_loss_price': 6003.5}
INVALID_RISK_UNIT,risk_unit == 0 or non-finite,NQZ17-CME,801543,2017-09-18 09:21:38+00:00,6003.5,{'stop_loss_price': 6003.5}
INVALID_RISK_UNIT,risk_unit == 0 or non-finite,NQZ17-CME,864858,2017-09-18 15:06:57.010000+00:00,6011.0,{'stop_loss_price': 6011.0}
INVALID_RISK_UNIT,risk_unit == 0 or non-finite,NQZ17-CME,929087,2017-09-18 19:22:54.001000+00:00,5983.25,{'stop_loss_price': 5983.25}
INVALID_RISK_UNIT,risk_unit == 0 or non-finite,NQZ17-CME,1001805,2017-09-19 14:04:02.005000+00:00,5984.5,{'stop_loss_price': 5984.5}
INVALID_RISK_UNIT,risk_unit == 0 or non-finite,NQZ17-CME,1001806,2017-09-19 14:04:02.006000+00:00,5984.5,{'stop_loss_price': 5984.5}
INVALID_RISK_UNIT,risk_unit == 0 or non-finite,NQZ17-CME,1001807,2017-09-19 14:04:02.007000+00:00,5984.5,{'stop_loss_price': 5984.5}
INVALID_RISK_UNIT,risk_unit == 0 or non-finite,NQZ17-CME,1001808,2017-09-19 14:04:02.008000+00:00,5984.5,{'stop_loss_price': 5984.5}
INVALID_RISK_UNIT,risk_unit == 0 or non-finite,NQZ17-CME,1001822,2017-09-19 14:04:05.004000+00:00,5984.5,{'stop_loss_price': 5984.5}
INVALID_RISK_UNIT,risk_unit == 0 or non-finite,NQZ17-CME,1001823,2017-09-19 14:04:05.005000+00:00,5984.5,{'stop_loss_price': 5984.5}
INVALID_RISK_UNIT,risk_unit == 0 or non-finite,NQZ17-CME,1053434,2017-09-19 16:25:52+00:00,5998.25,{'stop_loss_price': 5998.25}
INVALID_RISK_UNIT,risk_unit == 0 or non-finite,NQZ17-CME,1053435,2017-09-19 16:25:52.001000+00:00,5998.25,{'stop_loss_price': 5998.25}
INVALID_RISK_UNIT,risk_unit == 0 or non-finite,NQZ17-CME,1053436,2017-09-19 16:25:52.002000+00:00,5998.25,{'stop_loss_price': 5998.25}
INVALID_RISK_UNIT,risk_unit == 0 or non-finite,NQZ17-CME,1053438,2017-09-19 16:25:53+00:00,5998.25,{'stop_loss_price': 5998.25}
INVALID_RISK_UNIT,risk_unit == 0 or non-finite,NQZ17-CME,1064837,2017-09-19 17:33:00+00:00,5995.25,{'stop_loss_price': 5995.25}
INVALID_RISK_UNIT,risk_unit == 0 or non-finite,NQZ17-CME,1064838,2017-09-19 17:33:00.001000+00:00,5995.25,{'stop_loss_price': 5995.25}
INVALID_RISK_UNIT,risk_unit == 0 or non-finite,NQZ17-CME,1064839,2017-09-19 17:33:00.002000+00:00,5995.25,{'stop_loss_price': 5995.25}
INVALID_RISK_UNIT,risk_unit == 0 or non-finite,NQZ17-CME,1064840,2017-09-19 17:33:00.003000+00:00,5995.25,{'stop_loss_price': 5995.25}
INVALID_RISK_UNIT,risk_unit == 0 or non-finite,NQZ17-CME,1064841,2017-09-19 17:33:00.004000+00:00,5995.25,{'stop_loss_price': 5995.25}
INVALID_RISK_UNIT,risk_unit == 0 or non-finite,NQZ17-CME,1064842,2017-09-19 17:33:00.005000+00:00,5995.25,{'stop_loss_price': 5995.25}
INVALID_RISK_UNIT,risk_unit == 0 or non-finite,NQZ17-CME,1064843,2017-09-19 17:33:00.006000+00:00,5995.25,{'stop_loss_price': 5995.25}
INVALID_RISK_UNIT,risk_unit == 0 or non-finite,NQZ17-CME,1064844,2017-09-19 17:33:00.007000+00:00,5995.25,{'stop_loss_price': 5995.25}
INVALID_RISK_UNIT,risk_unit == 0 or non-finite,NQZ17-CME,1134999,2017-09-20 13:57:53.021000+00:00,5986.5,{'stop_loss_price': 5986.5}
INVALID_RISK_UNIT,risk_unit == 0 or non-finite,NQZ17-CME,1135000,2017-09-20 13:57:53.022000+00:00,5986.5,{'stop_loss_price': 5986.5}
INVALID_RISK_UNIT,risk_unit == 0 or non-finite,NQZ17-CME,1135001,2017-09-20 13:57:53.023000+00:00,5986.5,{'stop_loss_price': 5986.5}
INVALID_RISK_UNIT,risk_unit == 0 or non-finite,NQZ17-CME,1135002,2017-09-20 13:57:53.024000+00:00,5986.5,{'stop_loss_price': 5986.5}
INVALID_RISK_UNIT,risk_unit == 0 or non-finite,NQZ17-CME,1135003,2017-09-20 13:57:53.025000+00:00,5986.5,{'stop_loss_price': 5986.5}
INVALID_RISK_UNIT,risk_unit == 0 or non-finite,NQZ17-CME,1135005,2017-09-20 13:57:53.027000+00:00,5986.5,{'stop_loss_price': 5986.5}
INVALID_RISK_UNIT,risk_unit == 0 or non-finite,NQZ17-CME,1187961,2017-09-20 15:23:39+00:00,5967.0,{'stop_loss_price': 5967.0}
INVALID_RISK_UNIT,risk_unit == 0 or non-finite,NQZ17-CME,1187962,2017-09-20 15:23:39.001000+00:00,5967.0,{'stop_loss_price': 5967.0}
INVALID_RISK_UNIT,risk_unit == 0 or non-finite,NQZ17-CME,1187963,2017-09-20 15:23:39.002000+00:00,5967.0,{'stop_loss_price': 5967.0}
INVALID_RISK_UNIT,risk_unit == 0 or non-finite,NQZ17-CME,1187964,2017-09-20 15:23:39.003000+00:00,5967.0,{'stop_loss_price': 5967.0}
INVALID_RISK_UNIT,risk_unit == 0 or non-finite,NQZ17-CME,1187965,2017-09-20 15:23:39.004000+00:00,5967.0,{'stop_loss_price': 5967.0}
INVALID_RISK_UNIT,risk_unit == 0 or non-finite,NQZ17-CME,1187966,2017-09-20 15:23:39.005000+00:00,5967.0,{'stop_loss_price': 5967.0}
INVALID_RISK_UNIT,risk_unit == 0 or non-finite,NQZ17-CME,1187967,2017-09-20 15:23:39.006000+00:00,5967.0,{'stop_loss_price': 5967.0}
INVALID_RISK_UNIT,risk_unit == 0 or non-finite,NQZ17-CME,1187968,2017-09-20 15:23:39.007000+00:00,5967.0,{'stop_loss_price': 5967.0}
INVALID_RISK_UNIT,risk_unit == 0 or non-finite,NQZ17-CME,1187969,2017-09-20 15:23:39.008000+00:00,5967.0,{'stop_loss_price': 5967.0}
INVALID_RISK_UNIT,risk_unit == 0 or non-finite,NQZ17-CME,1187970,2017-09-20 15:23:39.009000+00:00,5967.0,{'stop_loss_price': 5967.0}
INVALID_RISK_UNIT,risk_unit == 0 or non-finite,NQZ17-CME,1187971,2017-09-20 15:23:39.010000+00:00,5967.0,{'stop_loss_price': 5967.0}
INVALID_RISK_UNIT,risk_unit == 0 or non-finite,NQZ17-CME,1187972,2017-09-20 15:23:39.011000+00:00,5967.0,{'stop_loss_price': 5967.0}
INVALID_RISK_UNIT,risk_unit == 0 or non-finite,NQZ17-CME,1189262,2017-09-20 15:26:48.005000+00:00,5964.0,{'stop_loss_price': 5964.0}
INVALID_RISK_UNIT,risk_unit == 0 or non-finite,NQZ17-CME,1189263,2017-09-20 15:26:48.006000+00:00,5964.0,{'stop_loss_price': 5964.0}
INVALID_RISK_UNIT,risk_unit == 0 or non-finite,NQZ17-CME,1189264,2017-09-20 15:26:48.007000+00:00,5964.0,{'stop_loss_price': 5964.0}
INVALID_RISK_UNIT,risk_unit == 0 or non-finite,NQZ17-CME,1189265,2017-09-20 15:26:48.008000+00:00,5964.0,{'stop_loss_price': 5964.0}
INVALID_RISK_UNIT,risk_unit == 0 or non-finite,NQZ17-CME,1189266,2017-09-20 15:26:48.009000+00:00,5964.0,{'stop_loss_price': 5964.0}
INVALID_RISK_UNIT,risk_unit == 0 or non-finite,NQZ17-CME,1189267,2017-09-20 15:26:48.010000+00:00,5964.0,{'stop_loss_price': 5964.0}
INVALID_RISK_UNIT,risk_unit == 0 or non-finite,NQZ17-CME,1189268,2017-09-20 15:26:48.011000+00:00,5964.0,{'stop_loss_price': 5964.0}
INVALID_RISK_UNIT,risk_unit == 0 or non-finite,NQZ17-CME,1189269,2017-09-20 15:26:48.012000+00:00,5964.0,{'stop_loss_price': 5964.0}
INVALID_RISK_UNIT,risk_unit == 0 or non-finite,NQZ17-CME,1189270,2017-09-20 15:26:48.013000+00:00,5964.0,{'stop_loss_price': 5964.0}
INVALID_RISK_UNIT,risk_unit == 0 or non-finite,NQZ17-CME,1189271,2017-09-20 15:26:48.014000+00:00,5964.0,{'stop_loss_price': 5964.0}
INVALID_RISK_UNIT,risk_unit == 0 or non-finite,NQZ17-CME,1189272,2017-09-20 15:26:48.015000+00:00,5964.0,{'stop_loss_price': 5964.0}
INVALID_RISK_UNIT,risk_unit == 0 or non-finite,NQZ17-CME,1189273,2017-09-20 15:26:48.016000+00:00,5964.0,{'stop_loss_price': 5964.0}
INVALID_RISK_UNIT,risk_unit == 0 or non-finite,NQZ17-CME,1189274,2017-09-20 15:26:48.017000+00:00,5964.0,{'stop_loss_price': 5964.0}
INVALID_RISK_UNIT,risk_unit == 0 or non-finite,NQZ17-CME,1189275,2017-09-20 15:26:48.018000+00:00,5964.0,{'stop_loss_price': 5964.0}
INVALID_RISK_UNIT,risk_unit == 0 or non-finite,NQZ17-CME,1189276,2017-09-20 15:26:48.019000+00:00,5964.0,{'stop_loss_price': 5964.0}
INVALID_RISK_UNIT,risk_unit == 0 or non-finite,NQZ17-CME,1189277,2017-09-20 15:26:48.020000+00:00,5964.0,{'stop_loss_price': 5964.0}
INVALID_RISK_UNIT,risk_unit == 0 or non-finite,NQZ17-CME,1189278,2017-09-20 15:26:49+00:00,5964.0,{'stop_loss_price': 5964.0}
INVALID_RISK_UNIT,risk_unit == 0 or non-finite,NQZ17-CME,1189279,2017-09-20 15:26:49.001000+00:00,5964.0,{'stop_loss_price': 5964.0}
INVALID_RISK_UNIT,risk_unit == 0 or non-finite,NQZ17-CME,1189280,2017-09-20 15:26:49.002000+00:00,5964.0,{'stop_loss_price': 5964.0}
INVALID_RISK_UNIT,risk_unit == 0 or non-finite,NQZ17-CME,1189281,2017-09-20 15:26:49.003000+00:00,5964.0,{'stop_loss_price': 5964.0}
INVALID_RISK_UNIT,risk_unit == 0 or non-finite,NQZ17-CME,1189282,2017-09-20 15:26:49.004000+00:00,5964.0,{'stop_loss_price': 5964.0}
INVALID_RISK_UNIT,risk_unit == 0 or non-finite,NQZ17-CME,1189290,2017-09-20 15:26:51.006000+00:00,5964.0,{'stop_loss_price': 5964.0}
INVALID_RISK_UNIT,risk_unit == 0 or non-finite,NQZ17-CME,1283487,2017-09-20 18:43:40.030000+00:00,5940.0,{'stop_loss_price': 5940.0}
INVALID_RISK_UNIT,risk_unit == 0 or non-finite,NQZ17-CME,1303236,2017-09-20 19:08:17+00:00,5953.25,{'stop_loss_price': 5953.25}
INVALID_RISK_UNIT,risk_unit == 0 or non-finite,NQZ17-CME,1303237,2017-09-20 19:08:17.001000+00:00,5953.25,{'stop_loss_price': 5953.25}
INVALID_RISK_UNIT,risk_unit == 0 or non-finite,NQZ17-CME,1303238,2017-09-20 19:08:17.002000+00:00,5953.25,{'stop_loss_price': 5953.25}
INVALID_RISK_UNIT,risk_unit == 0 or non-finite,NQZ17-CME,1303239,2017-09-20 19:08:17.003000+00:00,5953.25,{'stop_loss_price': 5953.25}
INVALID_RISK_UNIT,risk_unit == 0 or non-finite,NQZ17-CME,1303240,2017-09-20 19:08:17.004000+00:00,5953.25,{'stop_loss_price': 5953.25}
INVALID_RISK_UNIT,risk_unit == 0 or non-finite,NQZ17-CME,1303241,2017-09-20 19:08:17.005000+00:00,5953.25,{'stop_loss_price': 5953.25}
INVALID_RISK_UNIT,risk_unit == 0 or non-finite,NQZ17-CME,1303242,2017-09-20 19:08:17.006000+00:00,5953.25,{'stop_loss_price': 5953.25}
INVALID_RISK_UNIT,risk_unit == 0 or non-finite,NQZ17-CME,1303243,2017-09-20 19:08:17.007000+00:00,5953.25,{'stop_loss_price': 5953.25}
INVALID_RISK_UNIT,risk_unit == 0 or non-finite,NQZ17-CME,1303244,2017-09-20 19:08:17.008000+00:00,5953.25,{'stop_loss_price': 5953.25}
INVALID_RISK_UNIT,risk_unit == 0 or non-finite,NQZ17-CME,1303245,2017-09-20 19:08:17.009000+00:00,5953.25,{'stop_loss_price': 5953.25}
INVALID_RISK_UNIT,risk_unit == 0 or non-finite,NQZ17-CME,1303246,2017-09-20 19:08:17.010000+00:00,5953.25,{'stop_loss_price': 5953.25}
INVALID_RISK_UNIT,risk_unit == 0 or non-finite,NQZ17-CME,1303263,2017-09-20 19:08:20+00:00,5953.25,{'stop_loss_price': 5953.25}
INVALID_RISK_UNIT,risk_unit == 0 or non-finite,NQZ17-CME,1303264,2017-09-20 19:08:20.001000+00:00,5953.25,{'stop_loss_price': 5953.25}
INVALID_RISK_UNIT,risk_unit == 0 or non-finite,NQZ17-CME,1303265,2017-09-20 19:08:20.002000+00:00,5953.25,{'stop_loss_price': 5953.25}
INVALID_RISK_UNIT,risk_unit == 0 or non-finite,NQZ17-CME,1303266,2017-09-20 19:08:20.003000+00:00,5953.25,{'stop_loss_price': 5953.25}
INVALID_RISK_UNIT,risk_unit == 0 or non-finite,NQZ17-CME,1303267,2017-09-20 19:08:20.004000+00:00,5953.25,{'stop_loss_price': 5953.25}
INVALID_RISK_UNIT,risk_unit == 0 or non-finite,NQZ17-CME,1303268,2017-09-20 19:08:20.005000+00:00,5953.25,{'stop_loss_price': 5953.25}
INVALID_RISK_UNIT,risk_unit == 0 or non-finite,NQZ17-CME,1303269,2017-09-20 19:08:20.006000+00:00,5953.25,{'stop_loss_price': 5953.25}
INVALID_RISK_UNIT,risk_unit == 0 or non-finite,NQZ17-CME,1303270,2017-09-20 19:08:20.007000+00:00,5953.25,{'stop_loss_price': 5953.25}
INVALID_RISK_UNIT,risk_unit == 0 or non-finite,NQZ17-CME,1303271,2017-09-20 19:08:20.008000+00:00,5953.25,{'stop_loss_price': 5953.25}
INVALID_RISK_UNIT,risk_unit == 0 or non-finite,NQZ17-CME,1303272,2017-09-20 19:08:20.009000+00:00,5953.25,{'stop_loss_price': 5953.25}
INVALID_RISK_UNIT,risk_unit == 0 or non-finite,NQZ17-CME,1303273,2017-09-20 19:08:20.010000+00:00,5953.25,{'stop_loss_price': 5953.25}
INVALID_RISK_UNIT,risk_unit == 0 or non-finite,NQZ17-CME,1303274,2017-09-20 19:08:20.011000+00:00,5953.25,{'stop_loss_price': 5953.25}
INVALID_RISK_UNIT,risk_unit == 0 or non-finite,NQZ17-CME,1411630,2017-09-21 14:09:50.007000+00:00,5936.0,{'stop_loss_price': 5936.0}
INVALID_RISK_UNIT,risk_unit == 0 or non-finite,NQZ17-CME,1411631,2017-09-21 14:09:50.008000+00:00,5936.0,{'stop_loss_price': 5936.0}
INVALID_RISK_UNIT,risk_unit == 0 or non-finite,NQZ17-CME,1411635,2017-09-21 14:09:50.012000+00:00,5936.0,{'stop_loss_price': 5936.0}
INVALID_RISK_UNIT,risk_unit == 0 or non-finite,NQZ17-CME,1464002,2017-09-21 15:15:46.003000+00:00,5947.25,{'stop_loss_price': 5947.25}
INVALID_RISK_UNIT,risk_unit == 0 or non-finite,NQZ17-CME,1464003,2017-09-21 15:15:46.004000+00:00,5947.25,{'stop_loss_price': 5947.25}
INVALID_RISK_UNIT,risk_unit == 0 or non-finite,NQZ17-CME,1464004,2017-09-21 15:15:46.005000+00:00,5947.25,{'stop_loss_price': 5947.25}
INVALID_RISK_UNIT,risk_unit == 0 or non-finite,NQZ17-CME,1464005,2017-09-21 15:15:46.006000+00:00,5947.25,{'stop_loss_price': 5947.25}
INVALID_RISK_UNIT,risk_unit == 0 or non-finite,NQZ17-CME,1464006,2017-09-21 15:15:46.007000+00:00,5947.25,{'stop_loss_price': 5947.25}
INVALID_RISK_UNIT,risk_unit == 0 or non-finite,NQZ17-CME,1464007,2017-09-21 15:15:46.008000+00:00,5947.25,{'stop_loss_price': 5947.25}
INVALID_RISK_UNIT,risk_unit == 0 or non-finite,NQZ17-CME,1464008,2017-09-21 15:15:46.009000+00:00,5947.25,{'stop_loss_price': 5947.25}
INVALID_RISK_UNIT,risk_unit == 0 or non-finite,NQZ17-CME,1464009,2017-09-21 15:15:46.010000+00:00,5947.25,{'stop_loss_price': 5947.25}
INVALID_RISK_UNIT,risk_unit == 0 or non-finite,NQZ17-CME,1464010,2017-09-21 15:15:46.011000+00:00,5947.25,{'stop_loss_price': 5947.25}
INVALID_RISK_UNIT,risk_unit == 0 or non-finite,NQZ17-CME,1464011,2017-09-21 15:15:46.012000+00:00,5947.25,{'stop_loss_price': 5947.25}
INVALID_RISK_UNIT,risk_unit == 0 or non-finite,NQZ17-CME,1464012,2017-09-21 15:15:46.013000+00:00,5947.25,{'stop_loss_price': 5947.25}
INVALID_RISK_UNIT,risk_unit == 0 or non-finite,NQZ17-CME,1464013,2017-09-21 15:15:46.014000+00:00,5947.25,{'stop_loss_price': 5947.25}
INVALID_RISK_UNIT,risk_unit == 0 or non-finite,NQZ17-CME,1464014,2017-09-21 15:15:46.015000+00:00,5947.25,{'stop_loss_price': 5947.25}
INVALID_RISK_UNIT,risk_unit == 0 or non-finite,NQZ17-CME,1464015,2017-09-21 15:15:46.016000+00:00,5947.25,{'stop_loss_price': 5947.25}
INVALID_RISK_UNIT,risk_unit == 0 or non-finite,NQZ17-CME,1464016,2017-09-21 15:15:46.017000+00:00,5947.25,{'stop_loss_price': 5947.25}
INVALID_RISK_UNIT,risk_unit == 0 or non-finite,NQZ17-CME,1464017,2017-09-21 15:15:46.018000+00:00,5947.25,{'stop_loss_price': 5947.25}
INVALID_RISK_UNIT,risk_unit == 0 or non-finite,NQZ17-CME,1464018,2017-09-21 15:15:46.019000+00:00,5947.25,{'stop_loss_price': 5947.25}
INVALID_RISK_UNIT,risk_unit == 0 or non-finite,NQZ17-CME,1464019,2017-09-21 15:15:46.020000+00:00,5947.25,{'stop_loss_price': 5947.25}
INVALID_RISK_UNIT,risk_unit == 0 or non-finite,NQZ17-CME,1464020,2017-09-21 15:15:46.021000+00:00,5947.25,{'stop_loss_price': 5947.25}
INVALID_RISK_UNIT,risk_unit == 0 or non-finite,NQZ17-CME,1464021,2017-09-21 15:15:47+00:00,5947.25,{'stop_loss_price': 5947.25}
INVALID_RISK_UNIT,risk_unit == 0 or non-finite,NQZ17-CME,1487559,2017-09-21 16:22:01.031000+00:00,5958.25,{'stop_loss_price': 5958.25}
INVALID_RISK_UNIT,risk_unit == 0 or non-finite,NQZ17-CME,1487560,2017-09-21 16:22:01.032000+00:00,5958.25,{'stop_loss_price': 5958.25}
INVALID_RISK_UNIT,risk_unit == 0 or non-finite,NQZ17-CME,1487561,2017-09-21 16:22:01.033000+00:00,5958.25,{'stop_loss_price': 5958.25}
INVALID_RISK_UNIT,risk_unit == 0 or non-finite,NQZ17-CME,1487562,2017-09-21 16:22:01.034000+00:00,5958.25,{'stop_loss_price': 5958.25}
INVALID_RISK_UNIT,risk_unit == 0 or non-finite,NQZ17-CME,1487563,2017-09-21 16:22:01.035000+00:00,5958.25,{'stop_loss_price': 5958.25}
INVALID_RISK_UNIT,risk_unit == 0 or non-finite,NQZ17-CME,1487579,2017-09-21 16:22:04+00:00,5958.25,{'stop_loss_price': 5958.25}
INVALID_RISK_UNIT,risk_unit == 0 or non-finite,NQZ17-CME,1595127,2017-09-22 13:30:02.161000+00:00,5920.0,{'stop_loss_price': 5920.0}
INVALID_RISK_UNIT,risk_unit == 0 or non-finite,NQZ17-CME,1595128,2017-09-22 13:30:02.162000+00:00,5920.0,{'stop_loss_price': 5920.0}
INVALID_RISK_UNIT,risk_unit == 0 or non-finite,NQZ17-CME,1595129,2017-09-22 13:30:02.163000+00:00,5920.0,{'stop_loss_price': 5920.0}
INVALID_RISK_UNIT,risk_unit == 0 or non-finite,NQZ17-CME,1595130,2017-09-22 13:30:02.164000+00:00,5920.0,{'stop_loss_price': 5920.0}
INVALID_RISK_UNIT,risk_unit == 0 or non-finite,NQZ17-CME,1595131,2017-09-22 13:30:02.165000+00:00,5920.0,{'stop_loss_price': 5920.0}
INVALID_RISK_UNIT,risk_unit == 0 or non-finite,NQZ17-CME,1595132,2017-09-22 13:30:02.166000+00:00,5920.0,{'stop_loss_price': 5920.0}
INVALID_RISK_UNIT,risk_unit == 0 or non-finite,NQZ17-CME,1595133,2017-09-22 13:30:02.167000+00:00,5920.0,{'stop_loss_price': 5920.0}
INVALID_RISK_UNIT,risk_unit == 0 or non-finite,NQZ17-CME,1595135,2017-09-22 13:30:02.169000+00:00,5920.0,{'stop_loss_price': 5920.0}
INVALID_RISK_UNIT,risk_unit == 0 or non-finite,NQZ17-CME,1601360,2017-09-22 13:33:03+00:00,5927.25,{'stop_loss_price': 5927.25}
INVALID_RISK_UNIT,risk_unit == 0 or non-finite,NQZ17-CME,1601361,2017-09-22 13:33:03.001000+00:00,5927.25,{'stop_loss_price': 5927.25}
INVALID_RISK_UNIT,risk_unit == 0 or non-finite,NQZ17-CME,1601362,2017-09-22 13:33:03.002000+00:00,5927.25,{'stop_loss_price': 5927.25}
INVALID_RISK_UNIT,risk_unit == 0 or non-finite,NQZ17-CME,1601363,2017-09-22 13:33:03.003000+00:00,5927.25,{'stop_loss_price': 5927.25}
INVALID_RISK_UNIT,risk_unit == 0 or non-finite,NQZ17-CME,1601364,2017-09-22 13:33:03.004000+00:00,5927.25,{'stop_loss_price': 5927.25}
INVALID_RISK_UNIT,risk_unit == 0 or non-finite,NQZ17-CME,1601365,2017-09-22 13:33:03.005000+00:00,5927.25,{'stop_loss_price': 5927.25}
INVALID_RISK_UNIT,risk_unit == 0 or non-finite,NQZ17-CME,1601366,2017-09-22 13:33:03.006000+00:00,5927.25,{'stop_loss_price': 5927.25}
INVALID_RISK_UNIT,risk_unit == 0 or non-finite,NQZ17-CME,1601367,2017-09-22 13:33:03.007000+00:00,5927.25,{'stop_loss_price': 5927.25}
INVALID_RISK_UNIT,risk_unit == 0 or non-finite,NQZ17-CME,1641715,2017-09-22 14:21:38.008000+00:00,5939.75,{'stop_loss_price': 5939.75}
INVALID_RISK_UNIT,risk_unit == 0 or non-finite,NQZ17-CME,1641716,2017-09-22 14:21:38.009000+00:00,5939.75,{'stop_loss_price': 5939.75}
INVALID_RISK_UNIT,risk_unit == 0 or non-finite,NQZ17-CME,1641717,2017-09-22 14:21:38.010000+00:00,5939.75,{'stop_loss_price': 5939.75}
INVALID_RISK_UNIT,risk_unit == 0 or non-finite,NQZ17-CME,1641718,2017-09-22 14:21:38.011000+00:00,5939.75,{'stop_loss_price': 5939.75}
INVALID_RISK_UNIT,risk_unit == 0 or non-finite,NQZ17-CME,1641719,2017-09-22 14:21:38.012000+00:00,5939.75,{'stop_loss_price': 5939.75}
INVALID_RISK_UNIT,risk_unit == 0 or non-finite,NQZ17-CME,1641722,2017-09-22 14:21:39.002000+00:00,5939.75,{'stop_loss_price': 5939.75}
INVALID_RISK_UNIT,risk_unit == 0 or non-finite,NQZ17-CME,1641723,2017-09-22 14:21:39.003000+00:00,5939.75,{'stop_loss_price': 5939.75}
INVALID_RISK_UNIT,risk_unit == 0 or non-finite,NQZ17-CME,1641724,2017-09-22 14:21:39.004000+00:00,5939.75,{'stop_loss_price': 5939.75}
INVALID_RISK_UNIT,risk_unit == 0 or non-finite,NQZ17-CME,1641725,2017-09-22 14:21:39.005000+00:00,5939.75,{'stop_loss_price': 5939.75}
INVALID_RISK_UNIT,risk_unit == 0 or non-finite,NQZ17-CME,1641726,2017-09-22 14:21:39.006000+00:00,5939.75,{'stop_loss_price': 5939.75}
INVALID_RISK_UNIT,risk_unit == 0 or non-finite,NQZ17-CME,1699035,2017-09-22 17:14:42.010000+00:00,5920.25,{'stop_loss_price': 5920.25}
INVALID_RISK_UNIT,risk_unit == 0 or non-finite,NQZ17-CME,1720953,2017-09-22 19:02:39+00:00,5933.75,{'stop_loss_price': 5933.75}
INVALID_RISK_UNIT,risk_unit == 0 or non-finite,NQZ17-CME,1747352,2017-09-25 01:01:32+00:00,5948.75,{'stop_loss_price': 5948.75}
INVALID_RISK_UNIT,risk_unit == 0 or non-finite,NQZ17-CME,1747353,2017-09-25 01:01:32.001000+00:00,5948.75,{'stop_loss_price': 5948.75}
INVALID_RISK_UNIT,risk_unit == 0 or non-finite,NQZ17-CME,1747370,2017-09-25 01:04:16+00:00,5948.75,{'stop_loss_price': 5948.75}
INVALID_RISK_UNIT,risk_unit == 0 or non-finite,NQZ17-CME,1889187,2017-09-25 15:03:32.012000+00:00,5859.75,{'stop_loss_price': 5859.75}
INVALID_RISK_UNIT,risk_unit == 0 or non-finite,NQZ17-CME,1910758,2017-09-25 15:27:35.001000+00:00,5874.75,{'stop_loss_price': 5874.75}
INVALID_RISK_UNIT,risk_unit == 0 or non-finite,NQZ17-CME,2000064,2017-09-25 18:41:43.019000+00:00,5845.25,{'stop_loss_price': 5845.25}
INVALID_RISK_UNIT,risk_unit == 0 or non-finite,NQZ17-CME,2000065,2017-09-25 18:41:43.020000+00:00,5845.25,{'stop_loss_price': 5845.25}
INVALID_RISK_UNIT,risk_unit == 0 or non-finite,NQZ17-CME,2000066,2017-09-25 18:41:43.021000+00:00,5845.25,{'stop_loss_price': 5845.25}
INVALID_RISK_UNIT,risk_unit == 0 or non-finite,NQZ17-CME,2000067,2017-09-25 18:41:43.022000+00:00,5845.25,{'stop_loss_price': 5845.25}
INVALID_RISK_UNIT,risk_unit == 0 or non-finite,NQZ17-CME,2000068,2017-09-25 18:41:43.023000+00:00,5845.25,{'stop_loss_price': 5845.25}
INVALID_RISK_UNIT,risk_unit == 0 or non-finite,NQZ17-CME,2000069,2017-09-25 18:41:43.024000+00:00,5845.25,{'stop_loss_price': 5845.25}
INVALID_RISK_UNIT,risk_unit == 0 or non-finite,NQZ17-CME,2000070,2017-09-25 18:41:43.025000+00:00,5845.25,{'stop_loss_price': 5845.25}
INVALID_RISK_UNIT,risk_unit == 0 or non-finite,NQZ17-CME,2000071,2017-09-25 18:41:43.026000+00:00,5845.25,{'stop_loss_price': 5845.25}
INVALID_RISK_UNIT,risk_unit == 0 or non-finite,NQZ17-CME,2000072,2017-09-25 18:41:43.027000+00:00,5845.25,{'stop_loss_price': 5845.25}
INVALID_RISK_UNIT,risk_unit == 0 or non-finite,NQZ17-CME,2095115,2017-09-26 13:36:52.008000+00:00,5907.0,{'stop_loss_price': 5907.0}
INVALID_RISK_UNIT,risk_unit == 0 or non-finite,NQZ17-CME,2095116,2017-09-26 13:36:52.009000+00:00,5907.0,{'stop_loss_price': 5907.0}
INVALID_RISK_UNIT,risk_unit == 0 or non-finite,NQZ17-CME,2095117,2017-09-26 13:36:52.010000+00:00,5907.0,{'stop_loss_price': 5907.0}
INVALID_RISK_UNIT,risk_unit == 0 or non-finite,NQZ17-CME,2095118,2017-09-26 13:36:52.011000+00:00,5907.0,{'stop_loss_price': 5907.0}
INVALID_RISK_UNIT,risk_unit == 0 or non-finite,NQZ17-CME,2097209,2017-09-26 13:39:21+00:00,5905.75,{'stop_loss_price': 5905.75}
INVALID_RISK_UNIT,risk_unit == 0 or non-finite,NQZ17-CME,2097210,2017-09-26 13:39:21.001000+00:00,5905.75,{'stop_loss_price': 5905.75}
INVALID_RISK_UNIT,risk_unit == 0 or non-finite,NQZ17-CME,2097211,2017-09-26 13:39:21.002000+00:00,5905.75,{'stop_loss_price': 5905.75}
INVALID_RISK_UNIT,risk_unit == 0 or non-finite,NQZ17-CME,2097212,2017-09-26 13:39:21.003000+00:00,5905.75,{'stop_loss_price': 5905.75}
INVALID_RISK_UNIT,risk_unit == 0 or non-finite,NQZ17-CME,2097213,2017-09-26 13:39:21.004000+00:00,5905.75,{'stop_loss_price': 5905.75}
INVALID_RISK_UNIT,risk_unit == 0 or non-finite,NQZ17-CME,2194869,2017-09-26 16:09:38.003000+00:00,5885.5,{'stop_loss_price': 5885.5}
INVALID_RISK_UNIT,risk_unit == 0 or non-finite,NQZ17-CME,2194870,2017-09-26 16:09:38.004000+00:00,5885.5,{'stop_loss_price': 5885.5}
INVALID_RISK_UNIT,risk_unit == 0 or non-finite,NQZ17-CME,2194871,2017-09-26 16:09:38.005000+00:00,5885.5,{'stop_loss_price': 5885.5}
INVALID_RISK_UNIT,risk_unit == 0 or non-finite,NQZ17-CME,2194872,2017-09-26 16:09:38.006000+00:00,5885.5,{'stop_loss_price': 5885.5}
INVALID_RISK_UNIT,risk_unit == 0 or non-finite,NQZ17-CME,2194873,2017-09-26 16:09:38.007000+00:00,5885.5,{'stop_loss_price': 5885.5}
INVALID_RISK_UNIT,risk_unit == 0 or non-finite,NQZ17-CME,2194874,2017-09-26 16:09:38.008000+00:00,5885.5,{'stop_loss_price': 5885.5}
INVALID_RISK_UNIT,risk_unit == 0 or non-finite,NQZ17-CME,2194875,2017-09-26 16:09:38.009000+00:00,5885.5,{'stop_loss_price': 5885.5}
INVALID_RISK_UNIT,risk_unit == 0 or non-finite,NQZ17-CME,2194876,2017-09-26 16:09:38.010000+00:00,5885.5,{'stop_loss_price': 5885.5}
INVALID_RISK_UNIT,risk_unit == 0 or non-finite,NQZ17-CME,2194877,2017-09-26 16:09:38.011000+00:00,5885.5,{'stop_loss_price': 5885.5}
INVALID_RISK_UNIT,risk_unit == 0 or non-finite,NQZ17-CME,2194878,2017-09-26 16:09:38.012000+00:00,5885.5,{'stop_loss_price': 5885.5}
INVALID_RISK_UNIT,risk_unit == 0 or non-finite,NQZ17-CME,2194879,2017-09-26 16:09:38.013000+00:00,5885.5,{'stop_loss_price': 5885.5}
INVALID_RISK_UNIT,risk_unit == 0 or non-finite,NQZ17-CME,2194880,2017-09-26 16:09:38.014000+00:00,5885.5,{'stop_loss_price': 5885.5}
INVALID_RISK_UNIT,risk_unit == 0 or non-finite,NQZ17-CME,2194881,2017-09-26 16:09:38.015000+00:00,5885.5,{'stop_loss_price': 5885.5}
INVALID_RISK_UNIT,risk_unit == 0 or non-finite,NQZ17-CME,2194882,2017-09-26 16:09:38.016000+00:00,5885.5,{'stop_loss_price': 5885.5}
INVALID_RISK_UNIT,risk_unit == 0 or non-finite,NQZ17-CME,2257923,2017-09-26 19:35:15.004000+00:00,5897.75,{'stop_loss_price': 5897.75}
INVALID_RISK_UNIT,risk_unit == 0 or non-finite,NQZ17-CME,2330876,2017-09-27 13:45:00.066000+00:00,5933.0,{'stop_loss_price': 5933.0}
INVALID_RISK_UNIT,risk_unit == 0 or non-finite,NQZ17-CME,2330877,2017-09-27 13:45:00.067000+00:00,5933.0,{'stop_loss_price': 5933.0}
INVALID_RISK_UNIT,risk_unit == 0 or non-finite,NQZ17-CME,2330878,2017-09-27 13:45:00.068000+00:00,5933.0,{'stop_loss_price': 5933.0}
INVALID_RISK_UNIT,risk_unit == 0 or non-finite,NQZ17-CME,2330879,2017-09-27 13:45:00.069000+00:00,5933.0,{'stop_loss_price': 5933.0}
INVALID_RISK_UNIT,risk_unit == 0 or non-finite,NQZ17-CME,2330880,2017-09-27 13:45:00.070000+00:00,5933.0,{'stop_loss_price': 5933.0}
INVALID_RISK_UNIT,risk_unit == 0 or non-finite,NQZ17-CME,2330881,2017-09-27 13:45:00.071000+00:00,5933.0,{'stop_loss_price': 5933.0}
INVALID_RISK_UNIT,risk_unit == 0 or non-finite,NQZ17-CME,2330882,2017-09-27 13:45:00.072000+00:00,5933.0,{'stop_loss_price': 5933.0}
INVALID_RISK_UNIT,risk_unit == 0 or non-finite,NQZ17-CME,2330883,2017-09-27 13:45:00.073000+00:00,5933.0,{'stop_loss_price': 5933.0}
INVALID_RISK_UNIT,risk_unit == 0 or non-finite,NQZ17-CME,2330884,2017-09-27 13:45:00.074000+00:00,5933.0,{'stop_loss_price': 5933.0}
INVALID_RISK_UNIT,risk_unit == 0 or non-finite,NQZ17-CME,2330885,2017-09-27 13:45:00.075000+00:00,5933.0,{'stop_loss_price': 5933.0}
INVALID_RISK_UNIT,risk_unit == 0 or non-finite,NQZ17-CME,2330886,2017-09-27 13:45:00.076000+00:00,5933.0,{'stop_loss_price': 5933.0}
INVALID_RISK_UNIT,risk_unit == 0 or non-finite,NQZ17-CME,2330887,2017-09-27 13:45:00.077000+00:00,5933.0,{'stop_loss_price': 5933.0}
INVALID_RISK_UNIT,risk_unit == 0 or non-finite,NQZ17-CME,2330888,2017-09-27 13:45:00.078000+00:00,5933.0,{'stop_loss_price': 5933.0}
INVALID_RISK_UNIT,risk_unit == 0 or non-finite,NQZ17-CME,2330889,2017-09-27 13:45:00.079000+00:00,5933.0,{'stop_loss_price': 5933.0}
INVALID_RISK_UNIT,risk_unit == 0 or non-finite,NQZ17-CME,2330890,2017-09-27 13:45:00.080000+00:00,5933.0,{'stop_loss_price': 5933.0}
INVALID_RISK_UNIT,risk_unit == 0 or non-finite,NQZ17-CME,2330891,2017-09-27 13:45:00.081000+00:00,5933.0,{'stop_loss_price': 5933.0}
INVALID_RISK_UNIT,risk_unit == 0 or non-finite,NQZ17-CME,2330892,2017-09-27 13:45:00.082000+00:00,5933.0,{'stop_loss_price': 5933.0}
INVALID_RISK_UNIT,risk_unit == 0 or non-finite,NQZ17-CME,2330893,2017-09-27 13:45:00.083000+00:00,5933.0,{'stop_loss_price': 5933.0}
INVALID_RISK_UNIT,risk_unit == 0 or non-finite,NQZ17-CME,2330894,2017-09-27 13:45:00.084000+00:00,5933.0,{'stop_loss_price': 5933.0}
INVALID_RISK_UNIT,risk_unit == 0 or non-finite,NQZ17-CME,2330895,2017-09-27 13:45:00.085000+00:00,5933.0,{'stop_loss_price': 5933.0}
INVALID_RISK_UNIT,risk_unit == 0 or non-finite,NQZ17-CME,2330896,2017-09-27 13:45:00.086000+00:00,5933.0,{'stop_loss_price': 5933.0}
INVALID_RISK_UNIT,risk_unit == 0 or non-finite,NQZ17-CME,2330897,2017-09-27 13:45:00.087000+00:00,5933.0,{'stop_loss_price': 5933.0}
INVALID_RISK_UNIT,risk_unit == 0 or non-finite,NQZ17-CME,2330898,2017-09-27 13:45:00.088000+00:00,5933.0,{'stop_loss_price': 5933.0}
INVALID_RISK_UNIT,risk_unit == 0 or non-finite,NQZ17-CME,2330899,2017-09-27 13:45:00.089000+00:00,5933.0,{'stop_loss_price': 5933.0}
INVALID_RISK_UNIT,risk_unit == 0 or non-finite,NQZ17-CME,2330900,2017-09-27 13:45:01+00:00,5933.0,{'stop_loss_price': 5933.0}
INVALID_RISK_UNIT,risk_unit == 0 or non-finite,NQZ17-CME,2330901,2017-09-27 13:45:01.001000+00:00,5933.0,{'stop_loss_price': 5933.0}
INVALID_RISK_UNIT,risk_unit == 0 or non-finite,NQZ17-CME,2330902,2017-09-27 13:45:01.002000+00:00,5933.0,{'stop_loss_price': 5933.0}
INVALID_RISK_UNIT,risk_unit == 0 or non-finite,NQZ17-CME,2330903,2017-09-27 13:45:01.003000+00:00,5933.0,{'stop_loss_price': 5933.0}
INVALID_RISK_UNIT,risk_unit == 0 or non-finite,NQZ17-CME,2335903,2017-09-27 13:50:12.001000+00:00,5931.75,{'stop_loss_price': 5931.75}
INVALID_RISK_UNIT,risk_unit == 0 or non-finite,NQZ17-CME,2360975,2017-09-27 14:25:42+00:00,5921.25,{'stop_loss_price': 5921.25}
INVALID_RISK_UNIT,risk_unit == 0 or non-finite,NQZ17-CME,2371883,2017-09-27 14:39:30.004000+00:00,5908.0,{'stop_loss_price': 5908.0}
INVALID_RISK_UNIT,risk_unit == 0 or non-finite,NQZ17-CME,2371884,2017-09-27 14:39:31+00:00,5908.0,{'stop_loss_price': 5908.0}
INVALID_RISK_UNIT,risk_unit == 0 or non-finite,NQZ17-CME,2371885,2017-09-27 14:39:31.001000+00:00,5908.0,{'stop_loss_price': 5908.0}
INVALID_RISK_UNIT,risk_unit == 0 or non-finite,NQZ17-CME,2371886,2017-09-27 14:39:31.002000+00:00,5908.0,{'stop_loss_price': 5908.0}
INVALID_RISK_UNIT,risk_unit == 0 or non-finite,NQZ17-CME,2371887,2017-09-27 14:39:31.003000+00:00,5908.0,{'stop_loss_price': 5908.0}
INVALID_RISK_UNIT,risk_unit == 0 or non-finite,NQZ17-CME,2371888,2017-09-27 14:39:31.004000+00:00,5908.0,{'stop_loss_price': 5908.0}
INVALID_RISK_UNIT,risk_unit == 0 or non-finite,NQZ17-CME,2371889,2017-09-27 14:39:31.005000+00:00,5908.0,{'stop_loss_price': 5908.0}
INVALID_RISK_UNIT,risk_unit == 0 or non-finite,NQZ17-CME,2371890,2017-09-27 14:39:31.006000+00:00,5908.0,{'stop_loss_price': 5908.0}
INVALID_RISK_UNIT,risk_unit == 0 or non-finite,NQZ17-CME,2371891,2017-09-27 14:39:31.007000+00:00,5908.0,{'stop_loss_price': 5908.0}
INVALID_RISK_UNIT,risk_unit == 0 or non-finite,NQZ17-CME,2371892,2017-09-27 14:39:31.008000+00:00,5908.0,{'stop_loss_price': 5908.0}
INVALID_RISK_UNIT,risk_unit == 0 or non-finite,NQZ17-CME,2373722,2017-09-27 14:40:41.017000+00:00,5908.75,{'stop_loss_price': 5908.75}
INVALID_RISK_UNIT,risk_unit == 0 or non-finite,NQZ17-CME,2373723,2017-09-27 14:40:41.018000+00:00,5908.75,{'stop_loss_price': 5908.75}
INVALID_RISK_UNIT,risk_unit == 0 or non-finite,NQZ17-CME,2373724,2017-09-27 14:40:41.019000+00:00,5908.75,{'stop_loss_price': 5908.75}
INVALID_RISK_UNIT,risk_unit == 0 or non-finite,NQZ17-CME,2373725,2017-09-27 14:40:41.020000+00:00,5908.75,{'stop_loss_price': 5908.75}
INVALID_RISK_UNIT,risk_unit == 0 or non-finite,NQZ17-CME,2373726,2017-09-27 14:40:41.021000+00:00,5908.75,{'stop_loss_price': 5908.75}
INVALID_RISK_UNIT,risk_unit == 0 or non-finite,NQZ17-CME,2373727,2017-09-27 14:40:41.022000+00:00,5908.75,{'stop_loss_price': 5908.75}
INVALID_RISK_UNIT,risk_unit == 0 or non-finite,NQZ17-CME,2373728,2017-09-27 14:40:41.023000+00:00,5908.75,{'stop_loss_price': 5908.75}
INVALID_RISK_UNIT,risk_unit == 0 or non-finite,NQZ17-CME,2373729,2017-09-27 14:40:41.024000+00:00,5908.75,{'stop_loss_price': 5908.75}
INVALID_RISK_UNIT,risk_unit == 0 or non-finite,NQZ17-CME,2419133,2017-09-27 16:21:33+00:00,5914.0,{'stop_loss_price': 5914.0}
INVALID_RISK_UNIT,risk_unit == 0 or non-finite,NQZ17-CME,2467142,2017-09-27 18:50:40+00:00,5945.5,{'stop_loss_price': 5945.5}
INVALID_RISK_UNIT,risk_unit == 0 or non-finite,NQZ17-CME,2467143,2017-09-27 18:50:40.001000+00:00,5945.5,{'stop_loss_price': 5945.5}
INVALID_RISK_UNIT,risk_unit == 0 or non-finite,NQZ17-CME,2467144,2017-09-27 18:50:40.002000+00:00,5945.5,{'stop_loss_price': 5945.5}
INVALID_RISK_UNIT,risk_unit == 0 or non-finite,NQZ17-CME,2467145,2017-09-27 18:50:40.003000+00:00,5945.5,{'stop_loss_price': 5945.5}
INVALID_RISK_UNIT,risk_unit == 0 or non-finite,NQZ17-CME,2467146,2017-09-27 18:50:40.004000+00:00,5945.5,{'stop_loss_price': 5945.5}
INVALID_RISK_UNIT,risk_unit == 0 or non-finite,NQZ17-CME,2467147,2017-09-27 18:50:40.005000+00:00,5945.5,{'stop_loss_price': 5945.5}
INVALID_RISK_UNIT,risk_unit == 0 or non-finite,NQZ17-CME,2467148,2017-09-27 18:50:40.006000+00:00,5945.5,{'stop_loss_price': 5945.5}
INVALID_RISK_UNIT,risk_unit == 0 or non-finite,NQZ17-CME,2467149,2017-09-27 18:50:40.007000+00:00,5945.5,{'stop_loss_price': 5945.5}
INVALID_RISK_UNIT,risk_unit == 0 or non-finite,NQZ17-CME,2467150,2017-09-27 18:50:40.008000+00:00,5945.5,{'stop_loss_price': 5945.5}
INVALID_RISK_UNIT,risk_unit == 0 or non-finite,NQZ17-CME,2467151,2017-09-27 18:50:40.009000+00:00,5945.5,{'stop_loss_price': 5945.5}
INVALID_RISK_UNIT,risk_unit == 0 or non-finite,NQZ17-CME,2467152,2017-09-27 18:50:40.010000+00:00,5945.5,{'stop_loss_price': 5945.5}
INVALID_RISK_UNIT,risk_unit == 0 or non-finite,NQZ17-CME,2467153,2017-09-27 18:50:40.011000+00:00,5945.5,{'stop_loss_price': 5945.5}
INVALID_RISK_UNIT,risk_unit == 0 or non-finite,NQZ17-CME,2467154,2017-09-27 18:50:40.012000+00:00,5945.5,{'stop_loss_price': 5945.5}
INVALID_RISK_UNIT,risk_unit == 0 or non-finite,NQZ17-CME,2467157,2017-09-27 18:50:42+00:00,5945.5,{'stop_loss_price': 5945.5}
INVALID_RISK_UNIT,risk_unit == 0 or non-finite,NQZ17-CME,2467158,2017-09-27 18:50:44+00:00,5945.5,{'stop_loss_price': 5945.5}
INVALID_RISK_UNIT,risk_unit == 0 or non-finite,NQZ17-CME,2467159,2017-09-27 18:50:45+00:00,5945.5,{'stop_loss_price': 5945.5}
INVALID_RISK_UNIT,risk_unit == 0 or non-finite,NQZ17-CME,2467160,2017-09-27 18:50:46+00:00,5945.5,{'stop_loss_price': 5945.5}
INVALID_RISK_UNIT,risk_unit == 0 or non-finite,NQZ17-CME,2467161,2017-09-27 18:50:46.001000+00:00,5945.5,{'stop_loss_price': 5945.5}
INVALID_RISK_UNIT,risk_unit == 0 or non-finite,NQZ17-CME,2467162,2017-09-27 18:50:46.002000+00:00,5945.5,{'stop_loss_price': 5945.5}
INVALID_RISK_UNIT,risk_unit == 0 or non-finite,NQZ17-CME,2467163,2017-09-27 18:50:46.003000+00:00,5945.5,{'stop_loss_price': 5945.5}
INVALID_RISK_UNIT,risk_unit == 0 or non-finite,NQZ17-CME,2467164,2017-09-27 18:50:46.004000+00:00,5945.5,{'stop_loss_price': 5945.5}
INVALID_RISK_UNIT,risk_unit == 0 or non-finite,NQZ17-CME,2467165,2017-09-27 18:50:47+00:00,5945.5,{'stop_loss_price': 5945.5}
INVALID_RISK_UNIT,risk_unit == 0 or non-finite,NQZ17-CME,2467166,2017-09-27 18:50:47.001000+00:00,5945.5,{'stop_loss_price': 5945.5}
INVALID_RISK_UNIT,risk_unit == 0 or non-finite,NQZ17-CME,2467167,2017-09-27 18:50:47.002000+00:00,5945.5,{'stop_loss_price': 5945.5}
INVALID_RISK_UNIT,risk_unit == 0 or non-finite,NQZ17-CME,2467168,2017-09-27 18:50:47.003000+00:00,5945.5,{'stop_loss_price': 5945.5}
INVALID_RISK_UNIT,risk_unit == 0 or non-finite,NQZ17-CME,2467169,2017-09-27 18:50:48+00:00,5945.5,{'stop_loss_price': 5945.5}
INVALID_RISK_UNIT,risk_unit == 0 or non-finite,NQZ17-CME,2467170,2017-09-27 18:50:48.001000+00:00,5945.5,{'stop_loss_price': 5945.5}
INVALID_RISK_UNIT,risk_unit == 0 or non-finite,NQZ17-CME,2494506,2017-09-27 19:50:28.011000+00:00,5948.0,{'stop_loss_price': 5948.0}
INVALID_RISK_UNIT,risk_unit == 0 or non-finite,NQZ17-CME,2494507,2017-09-27 19:50:28.012000+00:00,5948.0,{'stop_loss_price': 5948.0}
INVALID_RISK_UNIT,risk_unit == 0 or non-finite,NQZ17-CME,2494508,2017-09-27 19:50:28.013000+00:00,5948.0,{'stop_loss_price': 5948.0}
INVALID_RISK_UNIT,risk_unit == 0 or non-finite,NQZ17-CME,2494509,2017-09-27 19:50:28.014000+00:00,5948.0,{'stop_loss_price': 5948.0}
INVALID_RISK_UNIT,risk_unit == 0 or non-finite,NQZ17-CME,2494510,2017-09-27 19:50:28.015000+00:00,5948.0,{'stop_loss_price': 5948.0}
INVALID_RISK_UNIT,risk_unit == 0 or non-finite,NQZ17-CME,2494511,2017-09-27 19:50:28.016000+00:00,5948.0,{'stop_loss_price': 5948.0}
INVALID_RISK_UNIT,risk_unit == 0 or non-finite,NQZ17-CME,2494512,2017-09-27 19:50:28.017000+00:00,5948.0,{'stop_loss_price': 5948.0}
INVALID_RISK_UNIT,risk_unit == 0 or non-finite,NQZ17-CME,2494513,2017-09-27 19:50:28.018000+00:00,5948.0,{'stop_loss_price': 5948.0}
INVALID_RISK_UNIT,risk_unit == 0 or non-finite,NQZ17-CME,2509715,2017-09-27 22:05:34.001000+00:00,5934.0,{'stop_loss_price': 5934.0}
INVALID_RISK_UNIT,risk_unit == 0 or non-finite,NQZ17-CME,2509716,2017-09-27 22:05:35+00:00,5934.0,{'stop_loss_price': 5934.0}
INVALID_RISK_UNIT,risk_unit == 0 or non-finite,NQZ17-CME,2509717,2017-09-27 22:05:36+00:00,5934.0,{'stop_loss_price': 5934.0}
INVALID_RISK_UNIT,risk_unit == 0 or non-finite,NQZ17-CME,2517649,2017-09-28 05:59:43.005000+00:00,5947.25,{'stop_loss_price': 5947.25}
INVALID_RISK_UNIT,risk_unit == 0 or non-finite,NQZ17-CME,2565069,2017-09-28 13:44:02.001000+00:00,5921.75,{'stop_loss_price': 5921.75}
INVALID_RISK_UNIT,risk_unit == 0 or non-finite,NQZ17-CME,2565070,2017-09-28 13:44:02.002000+00:00,5921.75,{'stop_loss_price': 5921.75}
INVALID_RISK_UNIT,risk_unit == 0 or non-finite,NQZ17-CME,2565071,2017-09-28 13:44:02.003000+00:00,5921.75,{'stop_loss_price': 5921.75}
INVALID_RISK_UNIT,risk_unit == 0 or non-finite,NQZ17-CME,2565072,2017-09-28 13:44:02.004000+00:00,5921.75,{'stop_loss_price': 5921.75}
INVALID_RISK_UNIT,risk_unit == 0 or non-finite,NQZ17-CME,2565075,2017-09-28 13:44:02.007000+00:00,5921.75,{'stop_loss_price': 5921.75}
INVALID_RISK_UNIT,risk_unit == 0 or non-finite,NQZ17-CME,2565076,2017-09-28 13:44:02.008000+00:00,5921.75,{'stop_loss_price': 5921.75}
INVALID_RISK_UNIT,risk_unit == 0 or non-finite,NQZ17-CME,2565077,2017-09-28 13:44:02.009000+00:00,5921.75,{'stop_loss_price': 5921.75}
INVALID_RISK_UNIT,risk_unit == 0 or non-finite,NQZ17-CME,2565078,2017-09-28 13:44:02.010000+00:00,5921.75,{'stop_loss_price': 5921.75}
INVALID_RISK_UNIT,risk_unit == 0 or non-finite,NQZ17-CME,2565079,2017-09-28 13:44:02.011000+00:00,5921.75,{'stop_loss_price': 5921.75}
INVALID_RISK_UNIT,risk_unit == 0 or non-finite,NQZ17-CME,2565080,2017-09-28 13:44:02.012000+00:00,5921.75,{'stop_loss_price': 5921.75}
INVALID_RISK_UNIT,risk_unit == 0 or non-finite,NQZ17-CME,2565083,2017-09-28 13:44:03.001000+00:00,5921.75,{'stop_loss_price': 5921.75}
INVALID_RISK_UNIT,risk_unit == 0 or non-finite,NQZ17-CME,2565084,2017-09-28 13:44:03.002000+00:00,5921.75,{'stop_loss_price': 5921.75}
INVALID_RISK_UNIT,risk_unit == 0 or non-finite,NQZ17-CME,2565085,2017-09-28 13:44:03.003000+00:00,5921.75,{'stop_loss_price': 5921.75}
INVALID_RISK_UNIT,risk_unit == 0 or non-finite,NQZ17-CME,2565086,2017-09-28 13:44:03.004000+00:00,5921.75,{'stop_loss_price': 5921.75}
INVALID_RISK_UNIT,risk_unit == 0 or non-finite,NQZ17-CME,2567285,2017-09-28 13:46:09.011000+00:00,5917.75,{'stop_loss_price': 5917.75}
INVALID_RISK_UNIT,risk_unit == 0 or non-finite,NQZ17-CME,2567286,2017-09-28 13:46:09.012000+00:00,5917.75,{'stop_loss_price': 5917.75}
INVALID_RISK_UNIT,risk_unit == 0 or non-finite,NQZ17-CME,2567287,2017-09-28 13:46:09.013000+00:00,5917.75,{'stop_loss_price': 5917.75}
INVALID_RISK_UNIT,risk_unit == 0 or non-finite,NQZ17-CME,2567288,2017-09-28 13:46:09.014000+00:00,5917.75,{'stop_loss_price': 5917.75}
INVALID_RISK_UNIT,risk_unit == 0 or non-finite,NQZ17-CME,2567294,2017-09-28 13:46:10.003000+00:00,5917.75,{'stop_loss_price': 5917.75}
INVALID_RISK_UNIT,risk_unit == 0 or non-finite,NQZ17-CME,2567295,2017-09-28 13:46:10.004000+00:00,5917.75,{'stop_loss_price': 5917.75}
INVALID_RISK_UNIT,risk_unit == 0 or non-finite,NQZ17-CME,2567296,2017-09-28 13:46:10.005000+00:00,5917.75,{'stop_loss_price': 5917.75}
INVALID_RISK_UNIT,risk_unit == 0 or non-finite,NQZ17-CME,2567297,2017-09-28 13:46:10.006000+00:00,5917.75,{'stop_loss_price': 5917.75}
INVALID_RISK_UNIT,risk_unit == 0 or non-finite,NQZ17-CME,2567298,2017-09-28 13:46:10.007000+00:00,5917.75,{'stop_loss_price': 5917.75}
INVALID_RISK_UNIT,risk_unit == 0 or non-finite,NQZ17-CME,2586521,2017-09-28 14:08:10.150000+00:00,5925.0,{'stop_loss_price': 5925.0}
INVALID_RISK_UNIT,risk_unit == 0 or non-finite,NQZ17-CME,2586522,2017-09-28 14:08:10.151000+00:00,5925.0,{'stop_loss_price': 5925.0}
INVALID_RISK_UNIT,risk_unit == 0 or non-finite,NQZ17-CME,2586523,2017-09-28 14:08:10.152000+00:00,5925.0,{'stop_loss_price': 5925.0}
INVALID_RISK_UNIT,risk_unit == 0 or non-finite,NQZ17-CME,2586524,2017-09-28 14:08:10.153000+00:00,5925.0,{'stop_loss_price': 5925.0}
INVALID_RISK_UNIT,risk_unit == 0 or non-finite,NQZ17-CME,2586525,2017-09-28 14:08:10.154000+00:00,5925.0,{'stop_loss_price': 5925.0}
INVALID_RISK_UNIT,risk_unit == 0 or non-finite,NQZ17-CME,2586526,2017-09-28 14:08:10.155000+00:00,5925.0,{'stop_loss_price': 5925.0}
INVALID_RISK_UNIT,risk_unit == 0 or non-finite,NQZ17-CME,2586527,2017-09-28 14:08:10.156000+00:00,5925.0,{'stop_loss_price': 5925.0}
INVALID_RISK_UNIT,risk_unit == 0 or non-finite,NQZ17-CME,2586528,2017-09-28 14:08:10.157000+00:00,5925.0,{'stop_loss_price': 5925.0}
INVALID_RISK_UNIT,risk_unit == 0 or non-finite,NQZ17-CME,2586529,2017-09-28 14:08:10.158000+00:00,5925.0,{'stop_loss_price': 5925.0}
INVALID_RISK_UNIT,risk_unit == 0 or non-finite,NQZ17-CME,2586530,2017-09-28 14:08:10.159000+00:00,5925.0,{'stop_loss_price': 5925.0}
INVALID_RISK_UNIT,risk_unit == 0 or non-finite,NQZ17-CME,2586531,2017-09-28 14:08:10.160000+00:00,5925.0,{'stop_loss_price': 5925.0}
INVALID_RISK_UNIT,risk_unit == 0 or non-finite,NQZ17-CME,2586532,2017-09-28 14:08:10.161000+00:00,5925.0,{'stop_loss_price': 5925.0}
INVALID_RISK_UNIT,risk_unit == 0 or non-finite,NQZ17-CME,2586533,2017-09-28 14:08:10.162000+00:00,5925.0,{'stop_loss_price': 5925.0}
INVALID_RISK_UNIT,risk_unit == 0 or non-finite,NQZ17-CME,2586534,2017-09-28 14:08:10.163000+00:00,5925.0,{'stop_loss_price': 5925.0}
INVALID_RISK_UNIT,risk_unit == 0 or non-finite,NQZ17-CME,2586535,2017-09-28 14:08:10.164000+00:00,5925.0,{'stop_loss_price': 5925.0}
INVALID_RISK_UNIT,risk_unit == 0 or non-finite,NQZ17-CME,2627213,2017-09-28 15:22:42.004000+00:00,5928.25,{'stop_loss_price': 5928.25}
INVALID_RISK_UNIT,risk_unit == 0 or non-finite,NQZ17-CME,2627214,2017-09-28 15:22:42.005000+00:00,5928.25,{'stop_loss_price': 5928.25}
INVALID_RISK_UNIT,risk_unit == 0 or non-finite,NQZ17-CME,2657898,2017-09-28 17:24:43.026000+00:00,5931.0,{'stop_loss_price': 5931.0}
INVALID_RISK_UNIT,risk_unit == 0 or non-finite,NQZ17-CME,2657899,2017-09-28 17:24:43.027000+00:00,5931.0,{'stop_loss_price': 5931.0}
INVALID_RISK_UNIT,risk_unit == 0 or non-finite,NQZ17-CME,2657900,2017-09-28 17:24:43.028000+00:00,5931.0,{'stop_loss_price': 5931.0}
INVALID_RISK_UNIT,risk_unit == 0 or non-finite,NQZ17-CME,2657901,2017-09-28 17:24:43.029000+00:00,5931.0,{'stop_loss_price': 5931.0}
INVALID_RISK_UNIT,risk_unit == 0 or non-finite,NQZ17-CME,2657902,2017-09-28 17:24:43.030000+00:00,5931.0,{'stop_loss_price': 5931.0}
INVALID_RISK_UNIT,risk_unit == 0 or non-finite,NQZ17-CME,2657903,2017-09-28 17:24:43.031000+00:00,5931.0,{'stop_loss_price': 5931.0}
INVALID_RISK_UNIT,risk_unit == 0 or non-finite,NQZ17-CME,2657904,2017-09-28 17:24:43.032000+00:00,5931.0,{'stop_loss_price': 5931.0}
INVALID_RISK_UNIT,risk_unit == 0 or non-finite,NQZ17-CME,2657905,2017-09-28 17:24:43.033000+00:00,5931.0,{'stop_loss_price': 5931.0}
INVALID_RISK_UNIT,risk_unit == 0 or non-finite,NQZ17-CME,2657906,2017-09-28 17:24:43.034000+00:00,5931.0,{'stop_loss_price': 5931.0}
INVALID_RISK_UNIT,risk_unit == 0 or non-finite,NQZ17-CME,2657907,2017-09-28 17:24:43.035000+00:00,5931.0,{'stop_loss_price': 5931.0}
INVALID_RISK_UNIT,risk_unit == 0 or non-finite,NQZ17-CME,2657908,2017-09-28 17:24:43.036000+00:00,5931.0,{'stop_loss_price': 5931.0}
INVALID_RISK_UNIT,risk_unit == 0 or non-finite,NQZ17-CME,2657909,2017-09-28 17:24:43.037000+00:00,5931.0,{'stop_loss_price': 5931.0}
INVALID_RISK_UNIT,risk_unit == 0 or non-finite,NQZ17-CME,2657912,2017-09-28 17:24:43.040000+00:00,5931.0,{'stop_loss_price': 5931.0}
INVALID_RISK_UNIT,risk_unit == 0 or non-finite,NQZ17-CME,2657913,2017-09-28 17:24:43.041000+00:00,5931.0,{'stop_loss_price': 5931.0}
INVALID_RISK_UNIT,risk_unit == 0 or non-finite,NQZ17-CME,2657914,2017-09-28 17:24:43.042000+00:00,5931.0,{'stop_loss_price': 5931.0}
INVALID_RISK_UNIT,risk_unit == 0 or non-finite,NQZ17-CME,2657915,2017-09-28 17:24:43.043000+00:00,5931.0,{'stop_loss_price': 5931.0}
INVALID_RISK_UNIT,risk_unit == 0 or non-finite,NQZ17-CME,2657916,2017-09-28 17:24:43.044000+00:00,5931.0,{'stop_loss_price': 5931.0}
INVALID_RISK_UNIT,risk_unit == 0 or non-finite,NQZ17-CME,2657917,2017-09-28 17:24:43.045000+00:00,5931.0,{'stop_loss_price': 5931.0}
INVALID_RISK_UNIT,risk_unit == 0 or non-finite,NQZ17-CME,2657918,2017-09-28 17:24:43.046000+00:00,5931.0,{'stop_loss_price': 5931.0}
INVALID_RISK_UNIT,risk_unit == 0 or non-finite,NQZ17-CME,2657919,2017-09-28 17:24:43.047000+00:00,5931.0,{'stop_loss_price': 5931.0}
INVALID_RISK_UNIT,risk_unit == 0 or non-finite,NQZ17-CME,2657920,2017-09-28 17:24:43.048000+00:00,5931.0,{'stop_loss_price': 5931.0}
INVALID_RISK_UNIT,risk_unit == 0 or non-finite,NQZ17-CME,2657978,2017-09-28 17:24:59+00:00,5931.0,{'stop_loss_price': 5931.0}
INVALID_RISK_UNIT,risk_unit == 0 or non-finite,NQZ17-CME,2657979,2017-09-28 17:24:59.001000+00:00,5931.0,{'stop_loss_price': 5931.0}
INVALID_RISK_UNIT,risk_unit == 0 or non-finite,NQZ17-CME,2731814,2017-09-29 13:43:24.005000+00:00,5950.75,{'stop_loss_price': 5950.75}
INVALID_RISK_UNIT,risk_unit == 0 or non-finite,NQZ17-CME,2799398,2017-09-29 15:45:17+00:00,5965.25,{'stop_loss_price': 5965.25}
INVALID_RISK_UNIT,risk_unit == 0 or non-finite,NQZ17-CME,2799399,2017-09-29 15:45:17.001000+00:00,5965.25,{'stop_loss_price': 5965.25}
INVALID_RISK_UNIT,risk_unit == 0 or non-finite,NQZ17-CME,2799400,2017-09-29 15:45:17.002000+00:00,5965.25,{'stop_loss_price': 5965.25}
INVALID_RISK_UNIT,risk_unit == 0 or non-finite,NQZ17-CME,2799401,2017-09-29 15:45:17.003000+00:00,5965.25,{'stop_loss_price': 5965.25}
INVALID_RISK_UNIT,risk_unit == 0 or non-finite,NQZ17-CME,2799417,2017-09-29 15:45:18.015000+00:00,5965.25,{'stop_loss_price': 5965.25}
INVALID_RISK_UNIT,risk_unit == 0 or non-finite,NQZ17-CME,2799418,2017-09-29 15:45:18.016000+00:00,5965.25,{'stop_loss_price': 5965.25}
INVALID_RISK_UNIT,risk_unit == 0 or non-finite,NQZ17-CME,2799419,2017-09-29 15:45:19+00:00,5965.25,{'stop_loss_price': 5965.25}
INVALID_RISK_UNIT,risk_unit == 0 or non-finite,NQZ17-CME,2799420,2017-09-29 15:45:19.001000+00:00,5965.25,{'stop_loss_price': 5965.25}
INVALID_RISK_UNIT,risk_unit == 0 or non-finite,NQZ17-CME,2799421,2017-09-29 15:45:19.002000+00:00,5965.25,{'stop_loss_price': 5965.25}
INVALID_RISK_UNIT,risk_unit == 0 or non-finite,NQZ17-CME,2799422,2017-09-29 15:45:19.003000+00:00,5965.25,{'stop_loss_price': 5965.25}
INVALID_RISK_UNIT,risk_unit == 0 or non-finite,NQZ17-CME,2799425,2017-09-29 15:45:19.006000+00:00,5965.25,{'stop_loss_price': 5965.25}
INVALID_RISK_UNIT,risk_unit == 0 or non-finite,NQZ17-CME,2799426,2017-09-29 15:45:19.007000+00:00,5965.25,{'stop_loss_price': 5965.25}
INVALID_RISK_UNIT,risk_unit == 0 or non-finite,NQZ17-CME,2799429,2017-09-29 15:45:20+00:00,5965.25,{'stop_loss_price': 5965.25}
INVALID_RISK_UNIT,risk_unit == 0 or non-finite,NQZ17-CME,2834953,2017-09-29 18:27:35+00:00,5978.75,{'stop_loss_price': 5978.75}
INVALID_RISK_UNIT,risk_unit == 0 or non-finite,NQZ17-CME,2834954,2017-09-29 18:27:35.001000+00:00,5978.75,{'stop_loss_price': 5978.75}
INVALID_RISK_UNIT,risk_unit == 0 or non-finite,NQZ17-CME,2834955,2017-09-29 18:27:35.002000+00:00,5978.75,{'stop_loss_price': 5978.75}
INVALID_RISK_UNIT,risk_unit == 0 or non-finite,NQZ17-CME,2834956,2017-09-29 18:27:35.003000+00:00,5978.75,{'stop_loss_price': 5978.75}
INVALID_RISK_UNIT,risk_unit == 0 or non-finite,NQZ17-CME,2834957,2017-09-29 18:27:35.004000+00:00,5978.75,{'stop_loss_price': 5978.75}
INVALID_RISK_UNIT,risk_unit == 0 or non-finite,NQZ17-CME,2834958,2017-09-29 18:27:35.005000+00:00,5978.75,{'stop_loss_price': 5978.75}
INVALID_RISK_UNIT,risk_unit == 0 or non-finite,NQZ17-CME,2834959,2017-09-29 18:27:35.006000+00:00,5978.75,{'stop_loss_price': 5978.75}
INVALID_RISK_UNIT,risk_unit == 0 or non-finite,NQZ17-CME,2834960,2017-09-29 18:27:35.007000+00:00,5978.75,{'stop_loss_price': 5978.75}
INVALID_RISK_UNIT,risk_unit == 0 or non-finite,NQZ17-CME,2834961,2017-09-29 18:27:35.008000+00:00,5978.75,{'stop_loss_price': 5978.75}
INVALID_RISK_UNIT,risk_unit == 0 or non-finite,NQZ17-CME,2834962,2017-09-29 18:27:35.009000+00:00,5978.75,{'stop_loss_price': 5978.75}
INVALID_RISK_UNIT,risk_unit == 0 or non-finite,NQZ17-CME,2834963,2017-09-29 18:27:35.010000+00:00,5978.75,{'stop_loss_price': 5978.75}
INVALID_RISK_UNIT,risk_unit == 0 or non-finite,NQZ17-CME,2834964,2017-09-29 18:27:35.011000+00:00,5978.75,{'stop_loss_price': 5978.75}
INVALID_RISK_UNIT,risk_unit == 0 or non-finite,NQZ17-CME,2834965,2017-09-29 18:27:35.012000+00:00,5978.75,{'stop_loss_price': 5978.75}
INVALID_RISK_UNIT,risk_unit == 0 or non-finite,NQZ17-CME,2834966,2017-09-29 18:27:35.013000+00:00,5978.75,{'stop_loss_price': 5978.75}
INVALID_RISK_UNIT,risk_unit == 0 or non-finite,NQZ17-CME,2834967,2017-09-29 18:27:35.014000+00:00,5978.75,{'stop_loss_price': 5978.75}
INVALID_RISK_UNIT,risk_unit == 0 or non-finite,NQZ17-CME,2834968,2017-09-29 18:27:35.015000+00:00,5978.75,{'stop_loss_price': 5978.75}
INVALID_RISK_UNIT,risk_unit == 0 or non-finite,NQZ17-CME,2834969,2017-09-29 18:27:35.016000+00:00,5978.75,{'stop_loss_price': 5978.75}
INVALID_RISK_UNIT,risk_unit == 0 or non-finite,NQZ17-CME,2834970,2017-09-29 18:27:35.017000+00:00,5978.75,{'stop_loss_price': 5978.75}
INVALID_RISK_UNIT,risk_unit == 0 or non-finite,NQZ17-CME,2834971,2017-09-29 18:27:35.018000+00:00,5978.75,{'stop_loss_price': 5978.75}
INVALID_RISK_UNIT,risk_unit == 0 or non-finite,NQZ17-CME,2834972,2017-09-29 18:27:35.019000+00:00,5978.75,{'stop_loss_price': 5978.75}
INVALID_RISK_UNIT,risk_unit == 0 or non-finite,NQZ17-CME,2834973,2017-09-29 18:27:35.020000+00:00,5978.75,{'stop_loss_price': 5978.75}
INVALID_RISK_UNIT,risk_unit == 0 or non-finite,NQZ17-CME,2834974,2017-09-29 18:27:35.021000+00:00,5978.75,{'stop_loss_price': 5978.75}
INVALID_RISK_UNIT,risk_unit == 0 or non-finite,NQZ17-CME,2834975,2017-09-29 18:27:35.022000+00:00,5978.75,{'stop_loss_price': 5978.75}
INVALID_RISK_UNIT,risk_unit == 0 or non-finite,NQZ17-CME,2834976,2017-09-29 18:27:35.023000+00:00,5978.75,{'stop_loss_price': 5978.75}
INVALID_RISK_UNIT,risk_unit == 0 or non-finite,NQZ17-CME,2834977,2017-09-29 18:27:35.024000+00:00,5978.75,{'stop_loss_price': 5978.75}
INVALID_RISK_UNIT,risk_unit == 0 or non-finite,NQZ17-CME,2834978,2017-09-29 18:27:35.025000+00:00,5978.75,{'stop_loss_price': 5978.75}
INVALID_RISK_UNIT,risk_unit == 0 or non-finite,NQZ17-CME,2834979,2017-09-29 18:27:35.026000+00:00,5978.75,{'stop_loss_price': 5978.75}
INVALID_RISK_UNIT,risk_unit == 0 or non-finite,NQZ17-CME,2834980,2017-09-29 18:27:35.027000+00:00,5978.75,{'stop_loss_price': 5978.75}
INVALID_RISK_UNIT,risk_unit == 0 or non-finite,NQZ17-CME,2834981,2017-09-29 18:27:35.028000+00:00,5978.75,{'stop_loss_price': 5978.75}
INVALID_RISK_UNIT,risk_unit == 0 or non-finite,NQZ17-CME,2834982,2017-09-29 18:27:35.029000+00:00,5978.75,{'stop_loss_price': 5978.75}
INVALID_RISK_UNIT,risk_unit == 0 or non-finite,NQZ17-CME,2834983,2017-09-29 18:27:35.030000+00:00,5978.75,{'stop_loss_price': 5978.75}
INVALID_RISK_UNIT,risk_unit == 0 or non-finite,NQZ17-CME,2834984,2017-09-29 18:27:36+00:00,5978.75,{'stop_loss_price': 5978.75}
INVALID_RISK_UNIT,risk_unit == 0 or non-finite,NQZ17-CME,2834989,2017-09-29 18:27:40+00:00,5978.75,{'stop_loss_price': 5978.75}
INVALID_RISK_UNIT,risk_unit == 0 or non-finite,NQZ17-CME,2834990,2017-09-29 18:27:40.001000+00:00,5978.75,{'stop_loss_price': 5978.75}
INVALID_RISK_UNIT,risk_unit == 0 or non-finite,NQZ17-CME,2835001,2017-09-29 18:27:46+00:00,5978.75,{'stop_loss_price': 5978.75}
INVALID_RISK_UNIT,risk_unit == 0 or non-finite,NQZ17-CME,2835002,2017-09-29 18:27:46.001000+00:00,5978.75,{'stop_loss_price': 5978.75}
INVALID_RISK_UNIT,risk_unit == 0 or non-finite,NQZ17-CME,2835003,2017-09-29 18:27:46.002000+00:00,5978.75,{'stop_loss_price': 5978.75}
INVALID_RISK_UNIT,risk_unit == 0 or non-finite,NQZ17-CME,2835004,2017-09-29 18:27:46.003000+00:00,5978.75,{'stop_loss_price': 5978.75}
INVALID_RISK_UNIT,risk_unit == 0 or non-finite,NQZ17-CME,2835005,2017-09-29 18:27:46.004000+00:00,5978.75,{'stop_loss_price': 5978.75}
INVALID_RISK_UNIT,risk_unit == 0 or non-finite,NQZ17-CME,2835006,2017-09-29 18:27:46.005000+00:00,5978.75,{'stop_loss_price': 5978.75}
INVALID_RISK_UNIT,risk_unit == 0 or non-finite,NQZ17-CME,2835007,2017-09-29 18:27:46.006000+00:00,5978.75,{'stop_loss_price': 5978.75}
INVALID_RISK_UNIT,risk_unit == 0 or non-finite,NQZ17-CME,2835008,2017-09-29 18:27:46.007000+00:00,5978.75,{'stop_loss_price': 5978.75}
INVALID_RISK_UNIT,risk_unit == 0 or non-finite,NQZ17-CME,2874776,2017-10-02 00:01:10.004000+00:00,5993.0,{'stop_loss_price': 5993.0}
INVALID_RISK_UNIT,risk_unit == 0 or non-finite,NQZ17-CME,2874777,2017-10-02 00:01:10.005000+00:00,5993.0,{'stop_loss_price': 5993.0}
INVALID_RISK_UNIT,risk_unit == 0 or non-finite,NQZ17-CME,2874778,2017-10-02 00:01:10.006000+00:00,5993.0,{'stop_loss_price': 5993.0}
INVALID_RISK_UNIT,risk_unit == 0 or non-finite,NQZ17-CME,2874779,2017-10-02 00:01:10.007000+00:00,5993.0,{'stop_loss_price': 5993.0}
INVALID_RISK_UNIT,risk_unit == 0 or non-finite,NQZ17-CME,2917991,2017-10-02 13:56:38+00:00,5997.75,{'stop_loss_price': 5997.75}
INVALID_RISK_UNIT,risk_unit == 0 or non-finite,NQZ17-CME,2921229,2017-10-02 14:00:56.006000+00:00,5999.25,{'stop_loss_price': 5999.25}
INVALID_RISK_UNIT,risk_unit == 0 or non-finite,NQZ17-CME,2922399,2017-10-02 14:02:21.010000+00:00,5998.0,{'stop_loss_price': 5998.0}
INVALID_RISK_UNIT,risk_unit == 0 or non-finite,NQZ17-CME,3054715,2017-10-02 20:43:46.014000+00:00,5982.0,{'stop_loss_price': 5982.0}
INVALID_RISK_UNIT,risk_unit == 0 or non-finite,NQZ17-CME,3054716,2017-10-02 20:43:46.015000+00:00,5982.0,{'stop_loss_price': 5982.0}
INVALID_RISK_UNIT,risk_unit == 0 or non-finite,NQZ17-CME,3054717,2017-10-02 20:43:46.016000+00:00,5982.0,{'stop_loss_price': 5982.0}
INVALID_RISK_UNIT,risk_unit == 0 or non-finite,NQZ17-CME,3054718,2017-10-02 20:43:46.017000+00:00,5982.0,{'stop_loss_price': 5982.0}
INVALID_RISK_UNIT,risk_unit == 0 or non-finite,NQZ17-CME,3054719,2017-10-02 20:43:46.018000+00:00,5982.0,{'stop_loss_price': 5982.0}
INVALID_RISK_UNIT,risk_unit == 0 or non-finite,NQZ17-CME,3116825,2017-10-03 14:15:55.013000+00:00,5980.25,{'stop_loss_price': 5980.25}
INVALID_RISK_UNIT,risk_unit == 0 or non-finite,NQZ17-CME,3116826,2017-10-03 14:15:55.014000+00:00,5980.25,{'stop_loss_price': 5980.25}
INVALID_RISK_UNIT,risk_unit == 0 or non-finite,NQZ17-CME,3116827,2017-10-03 14:15:55.015000+00:00,5980.25,{'stop_loss_price': 5980.25}
INVALID_RISK_UNIT,risk_unit == 0 or non-finite,NQZ17-CME,3116828,2017-10-03 14:15:55.016000+00:00,5980.25,{'stop_loss_price': 5980.25}
INVALID_RISK_UNIT,risk_unit == 0 or non-finite,NQZ17-CME,3116829,2017-10-03 14:15:55.017000+00:00,5980.25,{'stop_loss_price': 5980.25}
INVALID_RISK_UNIT,risk_unit == 0 or non-finite,NQZ17-CME,3116835,2017-10-03 14:15:56.001000+00:00,5980.25,{'stop_loss_price': 5980.25}
INVALID_RISK_UNIT,risk_unit == 0 or non-finite,NQZ17-CME,3116836,2017-10-03 14:15:56.002000+00:00,5980.25,{'stop_loss_price': 5980.25}
INVALID_RISK_UNIT,risk_unit == 0 or non-finite,NQZ17-CME,3116837,2017-10-03 14:15:56.003000+00:00,5980.25,{'stop_loss_price': 5980.25}
INVALID_RISK_UNIT,risk_unit == 0 or non-finite,NQZ17-CME,3116838,2017-10-03 14:15:56.004000+00:00,5980.25,{'stop_loss_price': 5980.25}
INVALID_RISK_UNIT,risk_unit == 0 or non-finite,NQZ17-CME,3116839,2017-10-03 14:15:56.005000+00:00,5980.25,{'stop_loss_price': 5980.25}
INVALID_RISK_UNIT,risk_unit == 0 or non-finite,NQZ17-CME,3214295,2017-10-04 13:34:27.003000+00:00,5986.5,{'stop_loss_price': 5986.5}
INVALID_RISK_UNIT,risk_unit == 0 or non-finite,NQZ17-CME,3214296,2017-10-04 13:34:27.004000+00:00,5986.5,{'stop_loss_price': 5986.5}
INVALID_RISK_UNIT,risk_unit == 0 or non-finite,NQZ17-CME,3214297,2017-10-04 13:34:27.005000+00:00,5986.5,{'stop_loss_price': 5986.5}
INVALID_RISK_UNIT,risk_unit == 0 or non-finite,NQZ17-CME,3214298,2017-10-04 13:34:27.006000+00:00,5986.5,{'stop_loss_price': 5986.5}
INVALID_RISK_UNIT,risk_unit == 0 or non-finite,NQZ17-CME,3214299,2017-10-04 13:34:27.007000+00:00,5986.5,{'stop_loss_price': 5986.5}
INVALID_RISK_UNIT,risk_unit == 0 or non-finite,NQZ17-CME,3214321,2017-10-04 13:34:29.006000+00:00,5986.5,{'stop_loss_price': 5986.5}
INVALID_RISK_UNIT,risk_unit == 0 or non-finite,NQZ17-CME,3310186,2017-10-04 17:25:56+00:00,6000.5,{'stop_loss_price': 6000.5}
INVALID_RISK_UNIT,risk_unit == 0 or non-finite,NQZ17-CME,3310187,2017-10-04 17:25:59+00:00,6000.5,{'stop_loss_price': 6000.5}
INVALID_RISK_UNIT,risk_unit == 0 or non-finite,NQZ17-CME,3310188,2017-10-04 17:26:00+00:00,6000.5,{'stop_loss_price': 6000.5}
INVALID_RISK_UNIT,risk_unit == 0 or non-finite,NQZ17-CME,3310189,2017-10-04 17:26:00.001000+00:00,6000.5,{'stop_loss_price': 6000.5}
INVALID_RISK_UNIT,risk_unit == 0 or non-finite,NQZ17-CME,3310190,2017-10-04 17:26:00.002000+00:00,6000.5,{'stop_loss_price': 6000.5}
INVALID_RISK_UNIT,risk_unit == 0 or non-finite,NQZ17-CME,3310191,2017-10-04 17:26:01+00:00,6000.5,{'stop_loss_price': 6000.5}
INVALID_RISK_UNIT,risk_unit == 0 or non-finite,NQZ17-CME,3310192,2017-10-04 17:26:01.001000+00:00,6000.5,{'stop_loss_price': 6000.5}
INVALID_RISK_UNIT,risk_unit == 0 or non-finite,NQZ17-CME,3310193,2017-10-04 17:26:01.002000+00:00,6000.5,{'stop_loss_price': 6000.5}
INVALID_RISK_UNIT,risk_unit == 0 or non-finite,NQZ17-CME,3310194,2017-10-04 17:26:02+00:00,6000.5,{'stop_loss_price': 6000.5}
INVALID_RISK_UNIT,risk_unit == 0 or non-finite,NQZ17-CME,3310195,2017-10-04 17:26:02.001000+00:00,6000.5,{'stop_loss_price': 6000.5}
INVALID_RISK_UNIT,risk_unit == 0 or non-finite,NQZ17-CME,3310196,2017-10-04 17:26:05+00:00,6000.5,{'stop_loss_price': 6000.5}
INVALID_RISK_UNIT,risk_unit == 0 or non-finite,NQZ17-CME,3310219,2017-10-04 17:26:15.001000+00:00,6000.5,{'stop_loss_price': 6000.5}
INVALID_RISK_UNIT,risk_unit == 0 or non-finite,NQZ17-CME,3333408,2017-10-04 18:57:15+00:00,6000.75,{'stop_loss_price': 6000.75}
INVALID_RISK_UNIT,risk_unit == 0 or non-finite,NQZ17-CME,3391004,2017-10-05 13:42:22.010000+00:00,6031.25,{'stop_loss_price': 6031.25}
INVALID_RISK_UNIT,risk_unit == 0 or non-finite,NQZ17-CME,3391005,2017-10-05 13:42:22.011000+00:00,6031.25,{'stop_loss_price': 6031.25}
INVALID_RISK_UNIT,risk_unit == 0 or non-finite,NQZ17-CME,3391007,2017-10-05 13:42:22.013000+00:00,6031.25,{'stop_loss_price': 6031.25}
INVALID_RISK_UNIT,risk_unit == 0 or non-finite,NQZ17-CME,3422027,2017-10-05 14:38:50+00:00,6026.0,{'stop_loss_price': 6026.0}
INVALID_RISK_UNIT,risk_unit == 0 or non-finite,NQZ17-CME,3443925,2017-10-05 15:43:19.004000+00:00,6032.5,{'stop_loss_price': 6032.5}
INVALID_RISK_UNIT,risk_unit == 0 or non-finite,NQZ17-CME,3489880,2017-10-05 18:56:37+00:00,6053.5,{'stop_loss_price': 6053.5}
INVALID_RISK_UNIT,risk_unit == 0 or non-finite,NQZ17-CME,3489881,2017-10-05 18:56:42+00:00,6053.5,{'stop_loss_price': 6053.5}
INVALID_RISK_UNIT,risk_unit == 0 or non-finite,NQZ17-CME,3489882,2017-10-05 18:56:42.001000+00:00,6053.5,{'stop_loss_price': 6053.5}
INVALID_RISK_UNIT,risk_unit == 0 or non-finite,NQZ17-CME,3489883,2017-10-05 18:56:42.002000+00:00,6053.5,{'stop_loss_price': 6053.5}
INVALID_RISK_UNIT,risk_unit == 0 or non-finite,NQZ17-CME,3489884,2017-10-05 18:56:42.003000+00:00,6053.5,{'stop_loss_price': 6053.5}
INVALID_RISK_UNIT,risk_unit == 0 or non-finite,NQZ17-CME,3489885,2017-10-05 18:56:42.004000+00:00,6053.5,{'stop_loss_price': 6053.5}
INVALID_RISK_UNIT,risk_unit == 0 or non-finite,NQZ17-CME,3489886,2017-10-05 18:56:42.005000+00:00,6053.5,{'stop_loss_price': 6053.5}
INVALID_RISK_UNIT,risk_unit == 0 or non-finite,NQZ17-CME,3489887,2017-10-05 18:56:42.006000+00:00,6053.5,{'stop_loss_price': 6053.5}
INVALID_RISK_UNIT,risk_unit == 0 or non-finite,NQZ17-CME,3489888,2017-10-05 18:56:42.007000+00:00,6053.5,{'stop_loss_price': 6053.5}
INVALID_RISK_UNIT,risk_unit == 0 or non-finite,NQZ17-CME,3489889,2017-10-05 18:56:42.008000+00:00,6053.5,{'stop_loss_price': 6053.5}
INVALID_RISK_UNIT,risk_unit == 0 or non-finite,NQZ17-CME,3489890,2017-10-05 18:56:42.009000+00:00,6053.5,{'stop_loss_price': 6053.5}
INVALID_RISK_UNIT,risk_unit == 0 or non-finite,NQZ17-CME,3489891,2017-10-05 18:56:42.010000+00:00,6053.5,{'stop_loss_price': 6053.5}
INVALID_RISK_UNIT,risk_unit == 0 or non-finite,NQZ17-CME,3489892,2017-10-05 18:56:42.011000+00:00,6053.5,{'stop_loss_price': 6053.5}
INVALID_RISK_UNIT,risk_unit == 0 or non-finite,NQZ17-CME,3489893,2017-10-05 18:56:42.012000+00:00,6053.5,{'stop_loss_price': 6053.5}
INVALID_RISK_UNIT,risk_unit == 0 or non-finite,NQZ17-CME,3489894,2017-10-05 18:56:42.013000+00:00,6053.5,{'stop_loss_price': 6053.5}
INVALID_RISK_UNIT,risk_unit == 0 or non-finite,NQZ17-CME,3489895,2017-10-05 18:56:42.014000+00:00,6053.5,{'stop_loss_price': 6053.5}
INVALID_RISK_UNIT,risk_unit == 0 or non-finite,NQZ17-CME,3489896,2017-10-05 18:56:44+00:00,6053.5,{'stop_loss_price': 6053.5}
INVALID_RISK_UNIT,risk_unit == 0 or non-finite,NQZ17-CME,3489897,2017-10-05 18:56:44.001000+00:00,6053.5,{'stop_loss_price': 6053.5}
INVALID_RISK_UNIT,risk_unit == 0 or non-finite,NQZ17-CME,3553139,2017-10-06 13:12:37.007000+00:00,6040.5,{'stop_loss_price': 6040.5}
INVALID_RISK_UNIT,risk_unit == 0 or non-finite,NQZ17-CME,3553140,2017-10-06 13:12:37.008000+00:00,6040.5,{'stop_loss_price': 6040.5}
INVALID_RISK_UNIT,risk_unit == 0 or non-finite,NQZ17-CME,3553141,2017-10-06 13:12:37.009000+00:00,6040.5,{'stop_loss_price': 6040.5}
INVALID_RISK_UNIT,risk_unit == 0 or non-finite,NQZ17-CME,3553142,2017-10-06 13:12:37.010000+00:00,6040.5,{'stop_loss_price': 6040.5}
INVALID_RISK_UNIT,risk_unit == 0 or non-finite,NQZ17-CME,3553143,2017-10-06 13:12:38+00:00,6040.5,{'stop_loss_price': 6040.5}
INVALID_RISK_UNIT,risk_unit == 0 or non-finite,NQZ17-CME,3553144,2017-10-06 13:12:38.001000+00:00,6040.5,{'stop_loss_price': 6040.5}
INVALID_RISK_UNIT,risk_unit == 0 or non-finite,NQZ17-CME,3553145,2017-10-06 13:12:38.002000+00:00,6040.5,{'stop_loss_price': 6040.5}
INVALID_RISK_UNIT,risk_unit == 0 or non-finite,NQZ17-CME,3553146,2017-10-06 13:12:38.003000+00:00,6040.5,{'stop_loss_price': 6040.5}
INVALID_RISK_UNIT,risk_unit == 0 or non-finite,NQZ17-CME,3553147,2017-10-06 13:12:38.004000+00:00,6040.5,{'stop_loss_price': 6040.5}
INVALID_RISK_UNIT,risk_unit == 0 or non-finite,NQZ17-CME,3553148,2017-10-06 13:12:38.005000+00:00,6040.5,{'stop_loss_price': 6040.5}
INVALID_RISK_UNIT,risk_unit == 0 or non-finite,NQZ17-CME,3553149,2017-10-06 13:12:39+00:00,6040.5,{'stop_loss_price': 6040.5}
INVALID_RISK_UNIT,risk_unit == 0 or non-finite,NQZ17-CME,3553150,2017-10-06 13:12:39.001000+00:00,6040.5,{'stop_loss_price': 6040.5}
INVALID_RISK_UNIT,risk_unit == 0 or non-finite,NQZ17-CME,3553151,2017-10-06 13:12:39.002000+00:00,6040.5,{'stop_loss_price': 6040.5}
INVALID_RISK_UNIT,risk_unit == 0 or non-finite,NQZ17-CME,3553152,2017-10-06 13:12:39.003000+00:00,6040.5,{'stop_loss_price': 6040.5}
INVALID_RISK_UNIT,risk_unit == 0 or non-finite,NQZ17-CME,3553153,2017-10-06 13:12:39.004000+00:00,6040.5,{'stop_loss_price': 6040.5}
INVALID_RISK_UNIT,risk_unit == 0 or non-finite,NQZ17-CME,3553154,2017-10-06 13:12:39.005000+00:00,6040.5,{'stop_loss_price': 6040.5}
INVALID_RISK_UNIT,risk_unit == 0 or non-finite,NQZ17-CME,3553155,2017-10-06 13:12:40+00:00,6040.5,{'stop_loss_price': 6040.5}
INVALID_RISK_UNIT,risk_unit == 0 or non-finite,NQZ17-CME,3553156,2017-10-06 13:12:40.001000+00:00,6040.5,{'stop_loss_price': 6040.5}
INVALID_RISK_UNIT,risk_unit == 0 or non-finite,NQZ17-CME,3553157,2017-10-06 13:12:40.002000+00:00,6040.5,{'stop_loss_price': 6040.5}
INVALID_RISK_UNIT,risk_unit == 0 or non-finite,NQZ17-CME,3553158,2017-10-06 13:12:40.003000+00:00,6040.5,{'stop_loss_price': 6040.5}
INVALID_RISK_UNIT,risk_unit == 0 or non-finite,NQZ17-CME,3553159,2017-10-06 13:12:42+00:00,6040.5,{'stop_loss_price': 6040.5}
INVALID_RISK_UNIT,risk_unit == 0 or non-finite,NQZ17-CME,3553160,2017-10-06 13:12:42.001000+00:00,6040.5,{'stop_loss_price': 6040.5}
INVALID_RISK_UNIT,risk_unit == 0 or non-finite,NQZ17-CME,3553161,2017-10-06 13:12:42.002000+00:00,6040.5,{'stop_loss_price': 6040.5}
INVALID_RISK_UNIT,risk_unit == 0 or non-finite,NQZ17-CME,3607821,2017-10-06 14:51:41+00:00,6053.25,{'stop_loss_price': 6053.25}
INVALID_RISK_UNIT,risk_unit == 0 or non-finite,NQZ17-CME,3607822,2017-10-06 14:51:41.001000+00:00,6053.25,{'stop_loss_price': 6053.25}
INVALID_RISK_UNIT,risk_unit == 0 or non-finite,NQZ17-CME,3607824,2017-10-06 14:51:42+00:00,6053.25,{'stop_loss_price': 6053.25}
INVALID_RISK_UNIT,risk_unit == 0 or non-finite,NQZ17-CME,3625368,2017-10-06 15:43:07.011000+00:00,6055.25,{'stop_loss_price': 6055.25}
INVALID_RISK_UNIT,risk_unit == 0 or non-finite,NQZ17-CME,3625369,2017-10-06 15:43:07.012000+00:00,6055.25,{'stop_loss_price': 6055.25}
INVALID_RISK_UNIT,risk_unit == 0 or non-finite,NQZ17-CME,3625377,2017-10-06 15:43:07.020000+00:00,6055.25,{'stop_loss_price': 6055.25}
INVALID_RISK_UNIT,risk_unit == 0 or non-finite,NQZ17-CME,3625378,2017-10-06 15:43:07.021000+00:00,6055.25,{'stop_loss_price': 6055.25}
INVALID_RISK_UNIT,risk_unit == 0 or non-finite,NQZ17-CME,3625380,2017-10-06 15:43:07.023000+00:00,6055.25,{'stop_loss_price': 6055.25}
INVALID_RISK_UNIT,risk_unit == 0 or non-finite,NQZ17-CME,3696558,2017-10-09 09:21:05+00:00,6074.25,{'stop_loss_price': 6074.25}
INVALID_RISK_UNIT,risk_unit == 0 or non-finite,NQZ17-CME,3696559,2017-10-09 09:21:05.001000+00:00,6074.25,{'stop_loss_price': 6074.25}
INVALID_RISK_UNIT,risk_unit == 0 or non-finite,NQZ17-CME,3696560,2017-10-09 09:21:05.002000+00:00,6074.25,{'stop_loss_price': 6074.25}
INVALID_RISK_UNIT,risk_unit == 0 or non-finite,NQZ17-CME,3747697,2017-10-09 15:04:39.015000+00:00,6073.25,{'stop_loss_price': 6073.25}
INVALID_RISK_UNIT,risk_unit == 0 or non-finite,NQZ17-CME,3747698,2017-10-09 15:04:39.016000+00:00,6073.25,{'stop_loss_price': 6073.25}
INVALID_RISK_UNIT,risk_unit == 0 or non-finite,NQZ17-CME,3747699,2017-10-09 15:04:39.017000+00:00,6073.25,{'stop_loss_price': 6073.25}
INVALID_RISK_UNIT,risk_unit == 0 or non-finite,NQZ17-CME,3747700,2017-10-09 15:04:39.018000+00:00,6073.25,{'stop_loss_price': 6073.25}
INVALID_RISK_UNIT,risk_unit == 0 or non-finite,NQZ17-CME,3747701,2017-10-09 15:04:39.019000+00:00,6073.25,{'stop_loss_price': 6073.25}
INVALID_RISK_UNIT,risk_unit == 0 or non-finite,NQZ17-CME,3747702,2017-10-09 15:04:39.020000+00:00,6073.25,{'stop_loss_price': 6073.25}
INVALID_RISK_UNIT,risk_unit == 0 or non-finite,NQZ17-CME,3747703,2017-10-09 15:04:39.021000+00:00,6073.25,{'stop_loss_price': 6073.25}
INVALID_RISK_UNIT,risk_unit == 0 or non-finite,NQZ17-CME,3747704,2017-10-09 15:04:39.022000+00:00,6073.25,{'stop_loss_price': 6073.25}
INVALID_RISK_UNIT,risk_unit == 0 or non-finite,NQZ17-CME,3747705,2017-10-09 15:04:39.023000+00:00,6073.25,{'stop_loss_price': 6073.25}
INVALID_RISK_UNIT,risk_unit == 0 or non-finite,NQZ17-CME,3747706,2017-10-09 15:04:39.024000+00:00,6073.25,{'stop_loss_price': 6073.25}
INVALID_RISK_UNIT,risk_unit == 0 or non-finite,NQZ17-CME,3747707,2017-10-09 15:04:39.025000+00:00,6073.25,{'stop_loss_price': 6073.25}
INVALID_RISK_UNIT,risk_unit == 0 or non-finite,NQZ17-CME,3747708,2017-10-09 15:04:39.026000+00:00,6073.25,{'stop_loss_price': 6073.25}
INVALID_RISK_UNIT,risk_unit == 0 or non-finite,NQZ17-CME,3747709,2017-10-09 15:04:39.027000+00:00,6073.25,{'stop_loss_price': 6073.25}
INVALID_RISK_UNIT,risk_unit == 0 or non-finite,NQZ17-CME,3747710,2017-10-09 15:04:39.028000+00:00,6073.25,{'stop_loss_price': 6073.25}
INVALID_RISK_UNIT,risk_unit == 0 or non-finite,NQZ17-CME,3849073,2017-10-10 14:00:48.048000+00:00,6069.25,{'stop_loss_price': 6069.25}
INVALID_RISK_UNIT,risk_unit == 0 or non-finite,NQZ17-CME,3849074,2017-10-10 14:00:48.049000+00:00,6069.25,{'stop_loss_price': 6069.25}
INVALID_RISK_UNIT,risk_unit == 0 or non-finite,NQZ17-CME,3849075,2017-10-10 14:00:48.050000+00:00,6069.25,{'stop_loss_price': 6069.25}
INVALID_RISK_UNIT,risk_unit == 0 or non-finite,NQZ17-CME,3849076,2017-10-10 14:00:48.051000+00:00,6069.25,{'stop_loss_price': 6069.25}
INVALID_RISK_UNIT,risk_unit == 0 or non-finite,NQZ17-CME,3849077,2017-10-10 14:00:49+00:00,6069.25,{'stop_loss_price': 6069.25}
INVALID_RISK_UNIT,risk_unit == 0 or non-finite,NQZ17-CME,3849078,2017-10-10 14:00:49.001000+00:00,6069.25,{'stop_loss_price': 6069.25}
INVALID_RISK_UNIT,risk_unit == 0 or non-finite,NQZ17-CME,3849079,2017-10-10 14:00:49.002000+00:00,6069.25,{'stop_loss_price': 6069.25}
INVALID_RISK_UNIT,risk_unit == 0 or non-finite,NQZ17-CME,3849080,2017-10-10 14:00:49.003000+00:00,6069.25,{'stop_loss_price': 6069.25}
INVALID_RISK_UNIT,risk_unit == 0 or non-finite,NQZ17-CME,3849081,2017-10-10 14:00:49.004000+00:00,6069.25,{'stop_loss_price': 6069.25}
INVALID_RISK_UNIT,risk_unit == 0 or non-finite,NQZ17-CME,3849082,2017-10-10 14:00:49.005000+00:00,6069.25,{'stop_loss_price': 6069.25}
INVALID_RISK_UNIT,risk_unit == 0 or non-finite,NQZ17-CME,3849083,2017-10-10 14:00:49.006000+00:00,6069.25,{'stop_loss_price': 6069.25}
INVALID_RISK_UNIT,risk_unit == 0 or non-finite,NQZ17-CME,3849084,2017-10-10 14:00:49.007000+00:00,6069.25,{'stop_loss_price': 6069.25}
INVALID_RISK_UNIT,risk_unit == 0 or non-finite,NQZ17-CME,3849085,2017-10-10 14:00:49.008000+00:00,6069.25,{'stop_loss_price': 6069.25}
INVALID_RISK_UNIT,risk_unit == 0 or non-finite,NQZ17-CME,3849086,2017-10-10 14:00:49.009000+00:00,6069.25,{'stop_loss_price': 6069.25}
INVALID_RISK_UNIT,risk_unit == 0 or non-finite,NQZ17-CME,3849087,2017-10-10 14:00:49.010000+00:00,6069.25,{'stop_loss_price': 6069.25}
INVALID_RISK_UNIT,risk_unit == 0 or non-finite,NQZ17-CME,3849088,2017-10-10 14:00:49.011000+00:00,6069.25,{'stop_loss_price': 6069.25}
INVALID_RISK_UNIT,risk_unit == 0 or non-finite,NQZ17-CME,3858496,2017-10-10 14:12:13+00:00,6068.5,{'stop_loss_price': 6068.5}
INVALID_RISK_UNIT,risk_unit == 0 or non-finite,NQZ17-CME,3858497,2017-10-10 14:12:13.001000+00:00,6068.5,{'stop_loss_price': 6068.5}
INVALID_RISK_UNIT,risk_unit == 0 or non-finite,NQZ17-CME,3858498,2017-10-10 14:12:13.002000+00:00,6068.5,{'stop_loss_price': 6068.5}
INVALID_RISK_UNIT,risk_unit == 0 or non-finite,NQZ17-CME,3858499,2017-10-10 14:12:13.003000+00:00,6068.5,{'stop_loss_price': 6068.5}
INVALID_RISK_UNIT,risk_unit == 0 or non-finite,NQZ17-CME,3858500,2017-10-10 14:12:13.004000+00:00,6068.5,{'stop_loss_price': 6068.5}
INVALID_RISK_UNIT,risk_unit == 0 or non-finite,NQZ17-CME,3894568,2017-10-10 15:17:24+00:00,6061.5,{'stop_loss_price': 6061.5}
INVALID_RISK_UNIT,risk_unit == 0 or non-finite,NQZ17-CME,3894569,2017-10-10 15:17:24.001000+00:00,6061.5,{'stop_loss_price': 6061.5}
INVALID_RISK_UNIT,risk_unit == 0 or non-finite,NQZ17-CME,3894570,2017-10-10 15:17:24.002000+00:00,6061.5,{'stop_loss_price': 6061.5}
INVALID_RISK_UNIT,risk_unit == 0 or non-finite,NQZ17-CME,3894571,2017-10-10 15:17:24.003000+00:00,6061.5,{'stop_loss_price': 6061.5}
INVALID_RISK_UNIT,risk_unit == 0 or non-finite,NQZ17-CME,3894572,2017-10-10 15:17:24.004000+00:00,6061.5,{'stop_loss_price': 6061.5}
INVALID_RISK_UNIT,risk_unit == 0 or non-finite,NQZ17-CME,3894573,2017-10-10 15:17:24.005000+00:00,6061.5,{'stop_loss_price': 6061.5}
INVALID_RISK_UNIT,risk_unit == 0 or non-finite,NQZ17-CME,3894574,2017-10-10 15:17:24.006000+00:00,6061.5,{'stop_loss_price': 6061.5}
INVALID_RISK_UNIT,risk_unit == 0 or non-finite,NQZ17-CME,3894575,2017-10-10 15:17:24.007000+00:00,6061.5,{'stop_loss_price': 6061.5}
INVALID_RISK_UNIT,risk_unit == 0 or non-finite,NQZ17-CME,3961551,2017-10-10 19:20:25.001000+00:00,6062.75,{'stop_loss_price': 6062.75}
INVALID_RISK_UNIT,risk_unit == 0 or non-finite,NQZ17-CME,3961552,2017-10-10 19:20:26+00:00,6062.75,{'stop_loss_price': 6062.75}
INVALID_RISK_UNIT,risk_unit == 0 or non-finite,NQZ17-CME,3983756,2017-10-11 09:00:42+00:00,6060.25,{'stop_loss_price': 6060.25}
INVALID_RISK_UNIT,risk_unit == 0 or non-finite,NQZ17-CME,3983757,2017-10-11 09:00:42.001000+00:00,6060.25,{'stop_loss_price': 6060.25}
INVALID_RISK_UNIT,risk_unit == 0 or non-finite,NQZ17-CME,3983758,2017-10-11 09:00:42.002000+00:00,6060.25,{'stop_loss_price': 6060.25}
INVALID_RISK_UNIT,risk_unit == 0 or non-finite,NQZ17-CME,3983759,2017-10-11 09:00:42.003000+00:00,6060.25,{'stop_loss_price': 6060.25}
INVALID_RISK_UNIT,risk_unit == 0 or non-finite,NQZ17-CME,3983761,2017-10-11 09:01:06+00:00,6060.25,{'stop_loss_price': 6060.25}
INVALID_RISK_UNIT,risk_unit == 0 or non-finite,NQZ17-CME,4072055,2017-10-11 18:23:00.013000+00:00,6071.75,{'stop_loss_price': 6071.75}
INVALID_RISK_UNIT,risk_unit == 0 or non-finite,NQZ17-CME,4072056,2017-10-11 18:23:00.014000+00:00,6071.75,{'stop_loss_price': 6071.75}
INVALID_RISK_UNIT,risk_unit == 0 or non-finite,NQZ17-CME,4072057,2017-10-11 18:23:00.015000+00:00,6071.75,{'stop_loss_price': 6071.75}
INVALID_RISK_UNIT,risk_unit == 0 or non-finite,NQZ17-CME,4072130,2017-10-11 18:23:03.008000+00:00,6071.75,{'stop_loss_price': 6071.75}
INVALID_RISK_UNIT,risk_unit == 0 or non-finite,NQZ17-CME,4072131,2017-10-11 18:23:04+00:00,6071.75,{'stop_loss_price': 6071.75}
INVALID_RISK_UNIT,risk_unit == 0 or non-finite,NQZ17-CME,4072132,2017-10-11 18:23:04.001000+00:00,6071.75,{'stop_loss_price': 6071.75}
INVALID_RISK_UNIT,risk_unit == 0 or non-finite,NQZ17-CME,4072133,2017-10-11 18:23:04.002000+00:00,6071.75,{'stop_loss_price': 6071.75}
INVALID_RISK_UNIT,risk_unit == 0 or non-finite,NQZ17-CME,4072134,2017-10-11 18:23:04.003000+00:00,6071.75,{'stop_loss_price': 6071.75}
INVALID_RISK_UNIT,risk_unit == 0 or non-finite,NQZ17-CME,4072135,2017-10-11 18:23:06+00:00,6071.75,{'stop_loss_price': 6071.75}
INVALID_RISK_UNIT,risk_unit == 0 or non-finite,NQZ17-CME,4072136,2017-10-11 18:23:06.001000+00:00,6071.75,{'stop_loss_price': 6071.75}
INVALID_RISK_UNIT,risk_unit == 0 or non-finite,NQZ17-CME,4075630,2017-10-11 18:37:44.005000+00:00,6072.25,{'stop_loss_price': 6072.25}
INVALID_RISK_UNIT,risk_unit == 0 or non-finite,NQZ17-CME,4075631,2017-10-11 18:37:44.006000+00:00,6072.25,{'stop_loss_price': 6072.25}
INVALID_RISK_UNIT,risk_unit == 0 or non-finite,NQZ17-CME,4075632,2017-10-11 18:37:44.007000+00:00,6072.25,{'stop_loss_price': 6072.25}
INVALID_RISK_UNIT,risk_unit == 0 or non-finite,NQZ17-CME,4075633,2017-10-11 18:37:44.008000+00:00,6072.25,{'stop_loss_price': 6072.25}
INVALID_RISK_UNIT,risk_unit == 0 or non-finite,NQZ17-CME,4075634,2017-10-11 18:37:44.009000+00:00,6072.25,{'stop_loss_price': 6072.25}
INVALID_RISK_UNIT,risk_unit == 0 or non-finite,NQZ17-CME,4075635,2017-10-11 18:37:44.010000+00:00,6072.25,{'stop_loss_price': 6072.25}
INVALID_RISK_UNIT,risk_unit == 0 or non-finite,NQZ17-CME,4075636,2017-10-11 18:37:44.011000+00:00,6072.25,{'stop_loss_price': 6072.25}
INVALID_RISK_UNIT,risk_unit == 0 or non-finite,NQZ17-CME,4075648,2017-10-11 18:37:58+00:00,6072.25,{'stop_loss_price': 6072.25}
INVALID_RISK_UNIT,risk_unit == 0 or non-finite,NQZ17-CME,4075649,2017-10-11 18:37:58.001000+00:00,6072.25,{'stop_loss_price': 6072.25}
INVALID_RISK_UNIT,risk_unit == 0 or non-finite,NQZ17-CME,4075650,2017-10-11 18:38:01+00:00,6072.25,{'stop_loss_price': 6072.25}
INVALID_RISK_UNIT,risk_unit == 0 or non-finite,NQZ17-CME,4075651,2017-10-11 18:38:01.001000+00:00,6072.25,{'stop_loss_price': 6072.25}
INVALID_RISK_UNIT,risk_unit == 0 or non-finite,NQZ17-CME,4075652,2017-10-11 18:38:01.002000+00:00,6072.25,{'stop_loss_price': 6072.25}
INVALID_RISK_UNIT,risk_unit == 0 or non-finite,NQZ17-CME,4075653,2017-10-11 18:38:01.003000+00:00,6072.25,{'stop_loss_price': 6072.25}
INVALID_RISK_UNIT,risk_unit == 0 or non-finite,NQZ17-CME,4075654,2017-10-11 18:38:01.004000+00:00,6072.25,{'stop_loss_price': 6072.25}
INVALID_RISK_UNIT,risk_unit == 0 or non-finite,NQZ17-CME,4075655,2017-10-11 18:38:01.005000+00:00,6072.25,{'stop_loss_price': 6072.25}
INVALID_RISK_UNIT,risk_unit == 0 or non-finite,NQZ17-CME,4075656,2017-10-11 18:38:01.006000+00:00,6072.25,{'stop_loss_price': 6072.25}
INVALID_RISK_UNIT,risk_unit == 0 or non-finite,NQZ17-CME,4075657,2017-10-11 18:38:01.007000+00:00,6072.25,{'stop_loss_price': 6072.25}
INVALID_RISK_UNIT,risk_unit == 0 or non-finite,NQZ17-CME,4075658,2017-10-11 18:38:01.008000+00:00,6072.25,{'stop_loss_price': 6072.25}
INVALID_RISK_UNIT,risk_unit == 0 or non-finite,NQZ17-CME,4075659,2017-10-11 18:38:01.009000+00:00,6072.25,{'stop_loss_price': 6072.25}
INVALID_RISK_UNIT,risk_unit == 0 or non-finite,NQZ17-CME,4075672,2017-10-11 18:38:10+00:00,6072.25,{'stop_loss_price': 6072.25}
INVALID_RISK_UNIT,risk_unit == 0 or non-finite,NQZ17-CME,4075673,2017-10-11 18:38:10.001000+00:00,6072.25,{'stop_loss_price': 6072.25}
INVALID_RISK_UNIT,risk_unit == 0 or non-finite,NQZ17-CME,4075674,2017-10-11 18:38:10.002000+00:00,6072.25,{'stop_loss_price': 6072.25}
INVALID_RISK_UNIT,risk_unit == 0 or non-finite,NQZ17-CME,4075675,2017-10-11 18:38:10.003000+00:00,6072.25,{'stop_loss_price': 6072.25}
INVALID_RISK_UNIT,risk_unit == 0 or non-finite,NQZ17-CME,4075676,2017-10-11 18:38:15+00:00,6072.25,{'stop_loss_price': 6072.25}
INVALID_RISK_UNIT,risk_unit == 0 or non-finite,NQZ17-CME,4075677,2017-10-11 18:38:15.001000+00:00,6072.25,{'stop_loss_price': 6072.25}
INVALID_RISK_UNIT,risk_unit == 0 or non-finite,NQZ17-CME,4075678,2017-10-11 18:38:15.002000+00:00,6072.25,{'stop_loss_price': 6072.25}
INVALID_RISK_UNIT,risk_unit == 0 or non-finite,NQZ17-CME,4150461,2017-10-12 14:11:12+00:00,6080.5,{'stop_loss_price': 6080.5}
INVALID_RISK_UNIT,risk_unit == 0 or non-finite,NQZ17-CME,4150462,2017-10-12 14:11:12.001000+00:00,6080.5,{'stop_loss_price': 6080.5}
INVALID_RISK_UNIT,risk_unit == 0 or non-finite,NQZ17-CME,4150463,2017-10-12 14:11:12.002000+00:00,6080.5,{'stop_loss_price': 6080.5}
INVALID_RISK_UNIT,risk_unit == 0 or non-finite,NQZ17-CME,4150465,2017-10-12 14:11:14.001000+00:00,6080.5,{'stop_loss_price': 6080.5}
INVALID_RISK_UNIT,risk_unit == 0 or non-finite,NQZ17-CME,4189012,2017-10-12 16:36:04+00:00,6089.0,{'stop_loss_price': 6089.0}
INVALID_RISK_UNIT,risk_unit == 0 or non-finite,NQZ17-CME,4194996,2017-10-12 17:11:53+00:00,6089.5,{'stop_loss_price': 6089.5}
INVALID_RISK_UNIT,risk_unit == 0 or non-finite,NQZ17-CME,4194997,2017-10-12 17:11:53.001000+00:00,6089.5,{'stop_loss_price': 6089.5}
INVALID_RISK_UNIT,risk_unit == 0 or non-finite,NQZ17-CME,4194998,2017-10-12 17:11:53.002000+00:00,6089.5,{'stop_loss_price': 6089.5}
INVALID_RISK_UNIT,risk_unit == 0 or non-finite,NQZ17-CME,4194999,2017-10-12 17:11:53.003000+00:00,6089.5,{'stop_loss_price': 6089.5}
INVALID_RISK_UNIT,risk_unit == 0 or non-finite,NQZ17-CME,4195000,2017-10-12 17:11:53.004000+00:00,6089.5,{'stop_loss_price': 6089.5}
INVALID_RISK_UNIT,risk_unit == 0 or non-finite,NQZ17-CME,4195001,2017-10-12 17:11:53.005000+00:00,6089.5,{'stop_loss_price': 6089.5}
INVALID_RISK_UNIT,risk_unit == 0 or non-finite,NQZ17-CME,4195002,2017-10-12 17:11:53.006000+00:00,6089.5,{'stop_loss_price': 6089.5}
INVALID_RISK_UNIT,risk_unit == 0 or non-finite,NQZ17-CME,4195003,2017-10-12 17:11:53.007000+00:00,6089.5,{'stop_loss_price': 6089.5}
INVALID_RISK_UNIT,risk_unit == 0 or non-finite,NQZ17-CME,4195004,2017-10-12 17:11:53.008000+00:00,6089.5,{'stop_loss_price': 6089.5}
INVALID_RISK_UNIT,risk_unit == 0 or non-finite,NQZ17-CME,4195005,2017-10-12 17:11:53.009000+00:00,6089.5,{'stop_loss_price': 6089.5}
INVALID_RISK_UNIT,risk_unit == 0 or non-finite,NQZ17-CME,4195006,2017-10-12 17:11:53.010000+00:00,6089.5,{'stop_loss_price': 6089.5}
INVALID_RISK_UNIT,risk_unit == 0 or non-finite,NQZ17-CME,4195007,2017-10-12 17:11:53.011000+00:00,6089.5,{'stop_loss_price': 6089.5}
INVALID_RISK_UNIT,risk_unit == 0 or non-finite,NQZ17-CME,4195008,2017-10-12 17:11:53.012000+00:00,6089.5,{'stop_loss_price': 6089.5}
INVALID_RISK_UNIT,risk_unit == 0 or non-finite,NQZ17-CME,4195009,2017-10-12 17:11:55+00:00,6089.5,{'stop_loss_price': 6089.5}
INVALID_RISK_UNIT,risk_unit == 0 or non-finite,NQZ17-CME,4195010,2017-10-12 17:11:55.001000+00:00,6089.5,{'stop_loss_price': 6089.5}
INVALID_RISK_UNIT,risk_unit == 0 or non-finite,NQZ17-CME,4220783,2017-10-12 19:37:07.036000+00:00,6075.25,{'stop_loss_price': 6075.25}
INVALID_RISK_UNIT,risk_unit == 0 or non-finite,NQZ17-CME,4220784,2017-10-12 19:37:07.037000+00:00,6075.25,{'stop_loss_price': 6075.25}
INVALID_RISK_UNIT,risk_unit == 0 or non-finite,NQZ17-CME,4220785,2017-10-12 19:37:07.038000+00:00,6075.25,{'stop_loss_price': 6075.25}
INVALID_RISK_UNIT,risk_unit == 0 or non-finite,NQZ17-CME,4226322,2017-10-12 19:53:06.071000+00:00,6067.25,{'stop_loss_price': 6067.25}
INVALID_RISK_UNIT,risk_unit == 0 or non-finite,NQZ17-CME,4226323,2017-10-12 19:53:06.072000+00:00,6067.25,{'stop_loss_price': 6067.25}
INVALID_RISK_UNIT,risk_unit == 0 or non-finite,NQZ17-CME,4226324,2017-10-12 19:53:06.073000+00:00,6067.25,{'stop_loss_price': 6067.25}
INVALID_RISK_UNIT,risk_unit == 0 or non-finite,NQZ17-CME,4226325,2017-10-12 19:53:06.074000+00:00,6067.25,{'stop_loss_price': 6067.25}
INVALID_RISK_UNIT,risk_unit == 0 or non-finite,NQZ17-CME,4226326,2017-10-12 19:53:06.075000+00:00,6067.25,{'stop_loss_price': 6067.25}
INVALID_RISK_UNIT,risk_unit == 0 or non-finite,NQZ17-CME,4226327,2017-10-12 19:53:06.076000+00:00,6067.25,{'stop_loss_price': 6067.25}
INVALID_RISK_UNIT,risk_unit == 0 or non-finite,NQZ17-CME,4226328,2017-10-12 19:53:06.077000+00:00,6067.25,{'stop_loss_price': 6067.25}
INVALID_RISK_UNIT,risk_unit == 0 or non-finite,NQZ17-CME,4226329,2017-10-12 19:53:06.078000+00:00,6067.25,{'stop_loss_price': 6067.25}
INVALID_RISK_UNIT,risk_unit == 0 or non-finite,NQZ17-CME,4226330,2017-10-12 19:53:06.079000+00:00,6067.25,{'stop_loss_price': 6067.25}
INVALID_RISK_UNIT,risk_unit == 0 or non-finite,NQZ17-CME,4226331,2017-10-12 19:53:06.080000+00:00,6067.25,{'stop_loss_price': 6067.25}
INVALID_RISK_UNIT,risk_unit == 0 or non-finite,NQZ17-CME,4226332,2017-10-12 19:53:06.081000+00:00,6067.25,{'stop_loss_price': 6067.25}
INVALID_RISK_UNIT,risk_unit == 0 or non-finite,NQZ17-CME,4226333,2017-10-12 19:53:06.082000+00:00,6067.25,{'stop_loss_price': 6067.25}
INVALID_RISK_UNIT,risk_unit == 0 or non-finite,NQZ17-CME,4226334,2017-10-12 19:53:06.083000+00:00,6067.25,{'stop_loss_price': 6067.25}
INVALID_RISK_UNIT,risk_unit == 0 or non-finite,NQZ17-CME,4226335,2017-10-12 19:53:06.084000+00:00,6067.25,{'stop_loss_price': 6067.25}
INVALID_RISK_UNIT,risk_unit == 0 or non-finite,NQZ17-CME,4226336,2017-10-12 19:53:06.085000+00:00,6067.25,{'stop_loss_price': 6067.25}
INVALID_RISK_UNIT,risk_unit == 0 or non-finite,NQZ17-CME,4226337,2017-10-12 19:53:07+00:00,6067.25,{'stop_loss_price': 6067.25}
INVALID_RISK_UNIT,risk_unit == 0 or non-finite,NQZ17-CME,4226338,2017-10-12 19:53:07.001000+00:00,6067.25,{'stop_loss_price': 6067.25}
INVALID_RISK_UNIT,risk_unit == 0 or non-finite,NQZ17-CME,4226339,2017-10-12 19:53:07.002000+00:00,6067.25,{'stop_loss_price': 6067.25}
INVALID_RISK_UNIT,risk_unit == 0 or non-finite,NQZ17-CME,4226340,2017-10-12 19:53:07.003000+00:00,6067.25,{'stop_loss_price': 6067.25}
INVALID_RISK_UNIT,risk_unit == 0 or non-finite,NQZ17-CME,4226341,2017-10-12 19:53:07.004000+00:00,6067.25,{'stop_loss_price': 6067.25}
INVALID_RISK_UNIT,risk_unit == 0 or non-finite,NQZ17-CME,4226342,2017-10-12 19:53:07.005000+00:00,6067.25,{'stop_loss_price': 6067.25}
INVALID_RISK_UNIT,risk_unit == 0 or non-finite,NQZ17-CME,4226343,2017-10-12 19:53:07.006000+00:00,6067.25,{'stop_loss_price': 6067.25}
INVALID_RISK_UNIT,risk_unit == 0 or non-finite,NQZ17-CME,4250305,2017-10-13 12:02:15+00:00,6084.0,{'stop_loss_price': 6084.0}
INVALID_RISK_UNIT,risk_unit == 0 or non-finite,NQZ17-CME,4250306,2017-10-13 12:02:15.001000+00:00,6084.0,{'stop_loss_price': 6084.0}
INVALID_RISK_UNIT,risk_unit == 0 or non-finite,NQZ17-CME,4332366,2017-10-13 18:02:38.024000+00:00,6099.5,{'stop_loss_price': 6099.5}
INVALID_RISK_UNIT,risk_unit == 0 or non-finite,NQZ17-CME,4345198,2017-10-13 19:46:07+00:00,6096.0,{'stop_loss_price': 6096.0}
INVALID_RISK_UNIT,risk_unit == 0 or non-finite,NQZ17-CME,4345199,2017-10-13 19:46:07.001000+00:00,6096.0,{'stop_loss_price': 6096.0}
INVALID_RISK_UNIT,risk_unit == 0 or non-finite,NQZ17-CME,4345217,2017-10-13 19:46:09.005000+00:00,6096.0,{'stop_loss_price': 6096.0}
INVALID_RISK_UNIT,risk_unit == 0 or non-finite,NQZ17-CME,4345218,2017-10-13 19:46:10+00:00,6096.0,{'stop_loss_price': 6096.0}
INVALID_RISK_UNIT,risk_unit == 0 or non-finite,NQZ17-CME,4345219,2017-10-13 19:46:10.001000+00:00,6096.0,{'stop_loss_price': 6096.0}
INVALID_RISK_UNIT,risk_unit == 0 or non-finite,NQZ17-CME,4345220,2017-10-13 19:46:10.002000+00:00,6096.0,{'stop_loss_price': 6096.0}
INVALID_RISK_UNIT,risk_unit == 0 or non-finite,NQZ17-CME,4345221,2017-10-13 19:46:10.003000+00:00,6096.0,{'stop_loss_price': 6096.0}
INVALID_RISK_UNIT,risk_unit == 0 or non-finite,NQZ17-CME,4345222,2017-10-13 19:46:10.004000+00:00,6096.0,{'stop_loss_price': 6096.0}
INVALID_RISK_UNIT,risk_unit == 0 or non-finite,NQZ17-CME,4345223,2017-10-13 19:46:10.005000+00:00,6096.0,{'stop_loss_price': 6096.0}
INVALID_RISK_UNIT,risk_unit == 0 or non-finite,NQZ17-CME,4345224,2017-10-13 19:46:10.006000+00:00,6096.0,{'stop_loss_price': 6096.0}
INVALID_RISK_UNIT,risk_unit == 0 or non-finite,NQZ17-CME,4345225,2017-10-13 19:46:10.007000+00:00,6096.0,{'stop_loss_price': 6096.0}
INVALID_RISK_UNIT,risk_unit == 0 or non-finite,NQZ17-CME,4345226,2017-10-13 19:46:10.008000+00:00,6096.0,{'stop_loss_price': 6096.0}
INVALID_RISK_UNIT,risk_unit == 0 or non-finite,NQZ17-CME,4345227,2017-10-13 19:46:10.009000+00:00,6096.0,{'stop_loss_price': 6096.0}
INVALID_RISK_UNIT,risk_unit == 0 or non-finite,NQZ17-CME,4345228,2017-10-13 19:46:10.010000+00:00,6096.0,{'stop_loss_price': 6096.0}
INVALID_RISK_UNIT,risk_unit == 0 or non-finite,NQZ17-CME,4345229,2017-10-13 19:46:10.011000+00:00,6096.0,{'stop_loss_price': 6096.0}
INVALID_RISK_UNIT,risk_unit == 0 or non-finite,NQZ17-CME,4375019,2017-10-16 13:22:23.028000+00:00,6113.0,{'stop_loss_price': 6113.0}
INVALID_RISK_UNIT,risk_unit == 0 or non-finite,NQZ17-CME,4375020,2017-10-16 13:22:23.029000+00:00,6113.0,{'stop_loss_price': 6113.0}
INVALID_RISK_UNIT,risk_unit == 0 or non-finite,NQZ17-CME,4375021,2017-10-16 13:22:23.030000+00:00,6113.0,{'stop_loss_price': 6113.0}
INVALID_RISK_UNIT,risk_unit == 0 or non-finite,NQZ17-CME,4375022,2017-10-16 13:22:23.031000+00:00,6113.0,{'stop_loss_price': 6113.0}
INVALID_RISK_UNIT,risk_unit == 0 or non-finite,NQZ17-CME,4375023,2017-10-16 13:22:23.032000+00:00,6113.0,{'stop_loss_price': 6113.0}
INVALID_RISK_UNIT,risk_unit == 0 or non-finite,NQZ17-CME,4375024,2017-10-16 13:22:23.033000+00:00,6113.0,{'stop_loss_price': 6113.0}
INVALID_RISK_UNIT,risk_unit == 0 or non-finite,NQZ17-CME,4375025,2017-10-16 13:22:23.034000+00:00,6113.0,{'stop_loss_price': 6113.0}
INVALID_RISK_UNIT,risk_unit == 0 or non-finite,NQZ17-CME,4375026,2017-10-16 13:22:23.035000+00:00,6113.0,{'stop_loss_price': 6113.0}
INVALID_RISK_UNIT,risk_unit == 0 or non-finite,NQZ17-CME,4375027,2017-10-16 13:22:23.036000+00:00,6113.0,{'stop_loss_price': 6113.0}
INVALID_RISK_UNIT,risk_unit == 0 or non-finite,NQZ17-CME,4375028,2017-10-16 13:22:23.037000+00:00,6113.0,{'stop_loss_price': 6113.0}
INVALID_RISK_UNIT,risk_unit == 0 or non-finite,NQZ17-CME,4375029,2017-10-16 13:22:23.038000+00:00,6113.0,{'stop_loss_price': 6113.0}
INVALID_RISK_UNIT,risk_unit == 0 or non-finite,NQZ17-CME,4375030,2017-10-16 13:22:23.039000+00:00,6113.0,{'stop_loss_price': 6113.0}
INVALID_RISK_UNIT,risk_unit == 0 or non-finite,NQZ17-CME,4375031,2017-10-16 13:22:23.040000+00:00,6113.0,{'stop_loss_price': 6113.0}
INVALID_RISK_UNIT,risk_unit == 0 or non-finite,NQZ17-CME,4375032,2017-10-16 13:22:23.041000+00:00,6113.0,{'stop_loss_price': 6113.0}
INVALID_RISK_UNIT,risk_unit == 0 or non-finite,NQZ17-CME,4375033,2017-10-16 13:22:23.042000+00:00,6113.0,{'stop_loss_price': 6113.0}
INVALID_RISK_UNIT,risk_unit == 0 or non-finite,NQZ17-CME,4375034,2017-10-16 13:22:23.043000+00:00,6113.0,{'stop_loss_price': 6113.0}
INVALID_RISK_UNIT,risk_unit == 0 or non-finite,NQZ17-CME,4375035,2017-10-16 13:22:23.044000+00:00,6113.0,{'stop_loss_price': 6113.0}
INVALID_RISK_UNIT,risk_unit == 0 or non-finite,NQZ17-CME,4375036,2017-10-16 13:22:23.045000+00:00,6113.0,{'stop_loss_price': 6113.0}
INVALID_RISK_UNIT,risk_unit == 0 or non-finite,NQZ17-CME,4375037,2017-10-16 13:22:23.046000+00:00,6113.0,{'stop_loss_price': 6113.0}
INVALID_RISK_UNIT,risk_unit == 0 or non-finite,NQZ17-CME,4375038,2017-10-16 13:22:23.047000+00:00,6113.0,{'stop_loss_price': 6113.0}
INVALID_RISK_UNIT,risk_unit == 0 or non-finite,NQZ17-CME,4375039,2017-10-16 13:22:23.048000+00:00,6113.0,{'stop_loss_price': 6113.0}
INVALID_RISK_UNIT,risk_unit == 0 or non-finite,NQZ17-CME,4375040,2017-10-16 13:22:23.049000+00:00,6113.0,{'stop_loss_price': 6113.0}
INVALID_RISK_UNIT,risk_unit == 0 or non-finite,NQZ17-CME,4375041,2017-10-16 13:22:25+00:00,6113.0,{'stop_loss_price': 6113.0}
INVALID_RISK_UNIT,risk_unit == 0 or non-finite,NQZ17-CME,4375060,2017-10-16 13:22:41.003000+00:00,6113.0,{'stop_loss_price': 6113.0}
INVALID_RISK_UNIT,risk_unit == 0 or non-finite,NQZ17-CME,4416714,2017-10-16 15:04:05.002000+00:00,6111.5,{'stop_loss_price': 6111.5}
INVALID_RISK_UNIT,risk_unit == 0 or non-finite,NQZ17-CME,4416715,2017-10-16 15:04:05.003000+00:00,6111.5,{'stop_loss_price': 6111.5}
INVALID_RISK_UNIT,risk_unit == 0 or non-finite,NQZ17-CME,4416716,2017-10-16 15:04:05.004000+00:00,6111.5,{'stop_loss_price': 6111.5}
INVALID_RISK_UNIT,risk_unit == 0 or non-finite,NQZ17-CME,4416717,2017-10-16 15:04:05.005000+00:00,6111.5,{'stop_loss_price': 6111.5}
INVALID_RISK_UNIT,risk_unit == 0 or non-finite,NQZ17-CME,4416718,2017-10-16 15:04:05.006000+00:00,6111.5,{'stop_loss_price': 6111.5}
INVALID_RISK_UNIT,risk_unit == 0 or non-finite,NQZ17-CME,4416719,2017-10-16 15:04:05.007000+00:00,6111.5,{'stop_loss_price': 6111.5}
INVALID_RISK_UNIT,risk_unit == 0 or non-finite,NQZ17-CME,4416720,2017-10-16 15:04:05.008000+00:00,6111.5,{'stop_loss_price': 6111.5}
INVALID_RISK_UNIT,risk_unit == 0 or non-finite,NQZ17-CME,4416721,2017-10-16 15:04:05.009000+00:00,6111.5,{'stop_loss_price': 6111.5}
INVALID_RISK_UNIT,risk_unit == 0 or non-finite,NQZ17-CME,4416722,2017-10-16 15:04:05.010000+00:00,6111.5,{'stop_loss_price': 6111.5}
INVALID_RISK_UNIT,risk_unit == 0 or non-finite,NQZ17-CME,4416723,2017-10-16 15:04:05.011000+00:00,6111.5,{'stop_loss_price': 6111.5}
INVALID_RISK_UNIT,risk_unit == 0 or non-finite,NQZ17-CME,4416724,2017-10-16 15:04:05.012000+00:00,6111.5,{'stop_loss_price': 6111.5}
INVALID_RISK_UNIT,risk_unit == 0 or non-finite,NQZ17-CME,4423658,2017-10-16 15:38:54.004000+00:00,6112.25,{'stop_loss_price': 6112.25}
INVALID_RISK_UNIT,risk_unit == 0 or non-finite,NQZ17-CME,4423659,2017-10-16 15:38:54.005000+00:00,6112.25,{'stop_loss_price': 6112.25}
INVALID_RISK_UNIT,risk_unit == 0 or non-finite,NQZ17-CME,4423660,2017-10-16 15:38:54.006000+00:00,6112.25,{'stop_loss_price': 6112.25}
INVALID_RISK_UNIT,risk_unit == 0 or non-finite,NQZ17-CME,4423661,2017-10-16 15:38:54.007000+00:00,6112.25,{'stop_loss_price': 6112.25}
INVALID_RISK_UNIT,risk_unit == 0 or non-finite,NQZ17-CME,4423662,2017-10-16 15:38:54.008000+00:00,6112.25,{'stop_loss_price': 6112.25}
INVALID_RISK_UNIT,risk_unit == 0 or non-finite,NQZ17-CME,4423663,2017-10-16 15:38:54.009000+00:00,6112.25,{'stop_loss_price': 6112.25}
INVALID_RISK_UNIT,risk_unit == 0 or non-finite,NQZ17-CME,4423664,2017-10-16 15:38:54.010000+00:00,6112.25,{'stop_loss_price': 6112.25}
INVALID_RISK_UNIT,risk_unit == 0 or non-finite,NQZ17-CME,4423665,2017-10-16 15:38:54.011000+00:00,6112.25,{'stop_loss_price': 6112.25}
INVALID_RISK_UNIT,risk_unit == 0 or non-finite,NQZ17-CME,4423666,2017-10-16 15:38:54.012000+00:00,6112.25,{'stop_loss_price': 6112.25}
INVALID_RISK_UNIT,risk_unit == 0 or non-finite,NQZ17-CME,4423667,2017-10-16 15:38:54.013000+00:00,6112.25,{'stop_loss_price': 6112.25}
INVALID_RISK_UNIT,risk_unit == 0 or non-finite,NQZ17-CME,4423668,2017-10-16 15:38:54.014000+00:00,6112.25,{'stop_loss_price': 6112.25}
INVALID_RISK_UNIT,risk_unit == 0 or non-finite,NQZ17-CME,4423669,2017-10-16 15:38:54.015000+00:00,6112.25,{'stop_loss_price': 6112.25}
INVALID_RISK_UNIT,risk_unit == 0 or non-finite,NQZ17-CME,4423670,2017-10-16 15:38:55+00:00,6112.25,{'stop_loss_price': 6112.25}
INVALID_RISK_UNIT,risk_unit == 0 or non-finite,NQZ17-CME,4423671,2017-10-16 15:38:56+00:00,6112.25,{'stop_loss_price': 6112.25}
INVALID_RISK_UNIT,risk_unit == 0 or non-finite,NQZ17-CME,4423672,2017-10-16 15:38:56.001000+00:00,6112.25,{'stop_loss_price': 6112.25}
INVALID_RISK_UNIT,risk_unit == 0 or non-finite,NQZ17-CME,4423673,2017-10-16 15:39:05+00:00,6112.25,{'stop_loss_price': 6112.25}
INVALID_RISK_UNIT,risk_unit == 0 or non-finite,NQZ17-CME,4423674,2017-10-16 15:39:05.001000+00:00,6112.25,{'stop_loss_price': 6112.25}
INVALID_RISK_UNIT,risk_unit == 0 or non-finite,NQZ17-CME,4423675,2017-10-16 15:39:07+00:00,6112.25,{'stop_loss_price': 6112.25}
INVALID_RISK_UNIT,risk_unit == 0 or non-finite,NQZ17-CME,4423676,2017-10-16 15:39:07.001000+00:00,6112.25,{'stop_loss_price': 6112.25}
INVALID_RISK_UNIT,risk_unit == 0 or non-finite,NQZ17-CME,4423680,2017-10-16 15:39:17+00:00,6112.25,{'stop_loss_price': 6112.25}
INVALID_RISK_UNIT,risk_unit == 0 or non-finite,NQZ17-CME,4444576,2017-10-16 17:22:25+00:00,6106.75,{'stop_loss_price': 6106.75}
INVALID_RISK_UNIT,risk_unit == 0 or non-finite,NQZ17-CME,4444577,2017-10-16 17:22:25.001000+00:00,6106.75,{'stop_loss_price': 6106.75}
INVALID_RISK_UNIT,risk_unit == 0 or non-finite,NQZ17-CME,4444578,2017-10-16 17:22:25.002000+00:00,6106.75,{'stop_loss_price': 6106.75}
INVALID_RISK_UNIT,risk_unit == 0 or non-finite,NQZ17-CME,4444579,2017-10-16 17:22:25.003000+00:00,6106.75,{'stop_loss_price': 6106.75}
INVALID_RISK_UNIT,risk_unit == 0 or non-finite,NQZ17-CME,4444580,2017-10-16 17:22:25.004000+00:00,6106.75,{'stop_loss_price': 6106.75}
INVALID_RISK_UNIT,risk_unit == 0 or non-finite,NQZ17-CME,4444581,2017-10-16 17:22:25.005000+00:00,6106.75,{'stop_loss_price': 6106.75}
INVALID_RISK_UNIT,risk_unit == 0 or non-finite,NQZ17-CME,4542131,2017-10-17 15:58:06+00:00,6112.75,{'stop_loss_price': 6112.75}
INVALID_RISK_UNIT,risk_unit == 0 or non-finite,NQZ17-CME,4677343,2017-10-18 18:20:47+00:00,6124.5,{'stop_loss_price': 6124.5}
INVALID_RISK_UNIT,risk_unit == 0 or non-finite,NQZ17-CME,4677344,2017-10-18 18:20:47.001000+00:00,6124.5,{'stop_loss_price': 6124.5}
INVALID_RISK_UNIT,risk_unit == 0 or non-finite,NQZ17-CME,4677345,2017-10-18 18:20:47.002000+00:00,6124.5,{'stop_loss_price': 6124.5}
INVALID_RISK_UNIT,risk_unit == 0 or non-finite,NQZ17-CME,4677346,2017-10-18 18:20:47.003000+00:00,6124.5,{'stop_loss_price': 6124.5}
INVALID_RISK_UNIT,risk_unit == 0 or non-finite,NQZ17-CME,4677347,2017-10-18 18:20:47.004000+00:00,6124.5,{'stop_loss_price': 6124.5}
INVALID_RISK_UNIT,risk_unit == 0 or non-finite,NQZ17-CME,4677348,2017-10-18 18:20:47.005000+00:00,6124.5,{'stop_loss_price': 6124.5}
INVALID_RISK_UNIT,risk_unit == 0 or non-finite,NQZ17-CME,4677349,2017-10-18 18:20:47.006000+00:00,6124.5,{'stop_loss_price': 6124.5}
INVALID_RISK_UNIT,risk_unit == 0 or non-finite,NQZ17-CME,4677350,2017-10-18 18:20:47.007000+00:00,6124.5,{'stop_loss_price': 6124.5}
INVALID_RISK_UNIT,risk_unit == 0 or non-finite,NQZ17-CME,4677351,2017-10-18 18:20:47.008000+00:00,6124.5,{'stop_loss_price': 6124.5}
INVALID_RISK_UNIT,risk_unit == 0 or non-finite,NQZ17-CME,4677352,2017-10-18 18:20:47.009000+00:00,6124.5,{'stop_loss_price': 6124.5}
INVALID_RISK_UNIT,risk_unit == 0 or non-finite,NQZ17-CME,4677353,2017-10-18 18:20:48+00:00,6124.5,{'stop_loss_price': 6124.5}
INVALID_RISK_UNIT,risk_unit == 0 or non-finite,NQZ17-CME,4677354,2017-10-18 18:20:48.001000+00:00,6124.5,{'stop_loss_price': 6124.5}
INVALID_RISK_UNIT,risk_unit == 0 or non-finite,NQZ17-CME,4677367,2017-10-18 18:20:49+00:00,6124.5,{'stop_loss_price': 6124.5}
INVALID_RISK_UNIT,risk_unit == 0 or non-finite,NQZ17-CME,4702501,2017-10-19 00:15:48+00:00,6116.25,{'stop_loss_price': 6116.25}
INVALID_RISK_UNIT,risk_unit == 0 or non-finite,NQZ17-CME,4702502,2017-10-19 00:15:48.001000+00:00,6116.25,{'stop_loss_price': 6116.25}
INVALID_RISK_UNIT,risk_unit == 0 or non-finite,NQZ17-CME,4702503,2017-10-19 00:15:48.002000+00:00,6116.25,{'stop_loss_price': 6116.25}
INVALID_RISK_UNIT,risk_unit == 0 or non-finite,NQZ17-CME,4702505,2017-10-19 00:15:51+00:00,6116.25,{'stop_loss_price': 6116.25}
INVALID_RISK_UNIT,risk_unit == 0 or non-finite,NQZ17-CME,4722785,2017-10-19 08:17:35.006000+00:00,6075.25,{'stop_loss_price': 6075.25}
INVALID_RISK_UNIT,risk_unit == 0 or non-finite,NQZ17-CME,4722786,2017-10-19 08:17:35.007000+00:00,6075.25,{'stop_loss_price': 6075.25}
INVALID_RISK_UNIT,risk_unit == 0 or non-finite,NQZ17-CME,4722787,2017-10-19 08:17:35.008000+00:00,6075.25,{'stop_loss_price': 6075.25}
INVALID_RISK_UNIT,risk_unit == 0 or non-finite,NQZ17-CME,4722788,2017-10-19 08:17:35.009000+00:00,6075.25,{'stop_loss_price': 6075.25}
INVALID_RISK_UNIT,risk_unit == 0 or non-finite,NQZ17-CME,4722789,2017-10-19 08:17:35.010000+00:00,6075.25,{'stop_loss_price': 6075.25}
INVALID_RISK_UNIT,risk_unit == 0 or non-finite,NQZ17-CME,4754028,2017-10-19 13:30:48.032000+00:00,6080.5,{'stop_loss_price': 6080.5}
INVALID_RISK_UNIT,risk_unit == 0 or non-finite,NQZ17-CME,4754029,2017-10-19 13:30:48.033000+00:00,6080.5,{'stop_loss_price': 6080.5}
INVALID_RISK_UNIT,risk_unit == 0 or non-finite,NQZ17-CME,4754030,2017-10-19 13:30:48.034000+00:00,6080.5,{'stop_loss_price': 6080.5}
INVALID_RISK_UNIT,risk_unit == 0 or non-finite,NQZ17-CME,4754032,2017-10-19 13:30:49+00:00,6080.5,{'stop_loss_price': 6080.5}
INVALID_RISK_UNIT,risk_unit == 0 or non-finite,NQZ17-CME,4777874,2017-10-19 13:44:10.067000+00:00,6066.25,{'stop_loss_price': 6066.25}
INVALID_RISK_UNIT,risk_unit == 0 or non-finite,NQZ17-CME,4777875,2017-10-19 13:44:10.068000+00:00,6066.25,{'stop_loss_price': 6066.25}
INVALID_RISK_UNIT,risk_unit == 0 or non-finite,NQZ17-CME,4777876,2017-10-19 13:44:10.069000+00:00,6066.25,{'stop_loss_price': 6066.25}
INVALID_RISK_UNIT,risk_unit == 0 or non-finite,NQZ17-CME,4777877,2017-10-19 13:44:10.070000+00:00,6066.25,{'stop_loss_price': 6066.25}
INVALID_RISK_UNIT,risk_unit == 0 or non-finite,NQZ17-CME,4777878,2017-10-19 13:44:10.071000+00:00,6066.25,{'stop_loss_price': 6066.25}
INVALID_RISK_UNIT,risk_unit == 0 or non-finite,NQZ17-CME,4777879,2017-10-19 13:44:10.072000+00:00,6066.25,{'stop_loss_price': 6066.25}
INVALID_RISK_UNIT,risk_unit == 0 or non-finite,NQZ17-CME,4777880,2017-10-19 13:44:10.073000+00:00,6066.25,{'stop_loss_price': 6066.25}
INVALID_RISK_UNIT,risk_unit == 0 or non-finite,NQZ17-CME,4777881,2017-10-19 13:44:10.074000+00:00,6066.25,{'stop_loss_price': 6066.25}
INVALID_RISK_UNIT,risk_unit == 0 or non-finite,NQZ17-CME,4777882,2017-10-19 13:44:10.075000+00:00,6066.25,{'stop_loss_price': 6066.25}
INVALID_RISK_UNIT,risk_unit == 0 or non-finite,NQZ17-CME,4777884,2017-10-19 13:44:10.077000+00:00,6066.25,{'stop_loss_price': 6066.25}
INVALID_RISK_UNIT,risk_unit == 0 or non-finite,NQZ17-CME,4782183,2017-10-19 13:47:00+00:00,6067.5,{'stop_loss_price': 6067.5}
INVALID_RISK_UNIT,risk_unit == 0 or non-finite,NQZ17-CME,4830109,2017-10-19 14:35:52.003000+00:00,6069.0,{'stop_loss_price': 6069.0}
INVALID_RISK_UNIT,risk_unit == 0 or non-finite,NQZ17-CME,4830110,2017-10-19 14:35:52.004000+00:00,6069.0,{'stop_loss_price': 6069.0}
INVALID_RISK_UNIT,risk_unit == 0 or non-finite,NQZ17-CME,4830111,2017-10-19 14:35:52.005000+00:00,6069.0,{'stop_loss_price': 6069.0}
INVALID_RISK_UNIT,risk_unit == 0 or non-finite,NQZ17-CME,4830112,2017-10-19 14:35:52.006000+00:00,6069.0,{'stop_loss_price': 6069.0}
INVALID_RISK_UNIT,risk_unit == 0 or non-finite,NQZ17-CME,4830114,2017-10-19 14:35:52.008000+00:00,6069.0,{'stop_loss_price': 6069.0}
INVALID_RISK_UNIT,risk_unit == 0 or non-finite,NQZ17-CME,4869487,2017-10-19 16:19:46+00:00,6076.5,{'stop_loss_price': 6076.5}
INVALID_RISK_UNIT,risk_unit == 0 or non-finite,NQZ17-CME,4869488,2017-10-19 16:19:46.001000+00:00,6076.5,{'stop_loss_price': 6076.5}
INVALID_RISK_UNIT,risk_unit == 0 or non-finite,NQZ17-CME,4882660,2017-10-19 17:35:03.001000+00:00,6080.0,{'stop_loss_price': 6080.0}
INVALID_RISK_UNIT,risk_unit == 0 or non-finite,NQZ17-CME,4882661,2017-10-19 17:35:03.002000+00:00,6080.0,{'stop_loss_price': 6080.0}
INVALID_RISK_UNIT,risk_unit == 0 or non-finite,NQZ17-CME,4882662,2017-10-19 17:35:03.003000+00:00,6080.0,{'stop_loss_price': 6080.0}
INVALID_RISK_UNIT,risk_unit == 0 or non-finite,NQZ17-CME,4882663,2017-10-19 17:35:03.004000+00:00,6080.0,{'stop_loss_price': 6080.0}
INVALID_RISK_UNIT,risk_unit == 0 or non-finite,NQZ17-CME,4882664,2017-10-19 17:35:03.005000+00:00,6080.0,{'stop_loss_price': 6080.0}
INVALID_RISK_UNIT,risk_unit == 0 or non-finite,NQZ17-CME,4882665,2017-10-19 17:35:03.006000+00:00,6080.0,{'stop_loss_price': 6080.0}
INVALID_RISK_UNIT,risk_unit == 0 or non-finite,NQZ17-CME,4882666,2017-10-19 17:35:03.007000+00:00,6080.0,{'stop_loss_price': 6080.0}
INVALID_RISK_UNIT,risk_unit == 0 or non-finite,NQZ17-CME,4882667,2017-10-19 17:35:03.008000+00:00,6080.0,{'stop_loss_price': 6080.0}
INVALID_RISK_UNIT,risk_unit == 0 or non-finite,NQZ17-CME,4906472,2017-10-19 19:36:35+00:00,6088.0,{'stop_loss_price': 6088.0}
INVALID_RISK_UNIT,risk_unit == 0 or non-finite,NQZ17-CME,4906473,2017-10-19 19:36:35.001000+00:00,6088.0,{'stop_loss_price': 6088.0}
INVALID_RISK_UNIT,risk_unit == 0 or non-finite,NQZ17-CME,4906474,2017-10-19 19:36:35.002000+00:00,6088.0,{'stop_loss_price': 6088.0}
INVALID_RISK_UNIT,risk_unit == 0 or non-finite,NQZ17-CME,4906475,2017-10-19 19:36:35.003000+00:00,6088.0,{'stop_loss_price': 6088.0}
INVALID_RISK_UNIT,risk_unit == 0 or non-finite,NQZ17-CME,5083356,2017-10-23 05:45:52.008000+00:00,6110.25,{'stop_loss_price': 6110.25}
INVALID_RISK_UNIT,risk_unit == 0 or non-finite,NQZ17-CME,5083357,2017-10-23 05:45:52.009000+00:00,6110.25,{'stop_loss_price': 6110.25}
INVALID_RISK_UNIT,risk_unit == 0 or non-finite,NQZ17-CME,5083358,2017-10-23 05:45:52.010000+00:00,6110.25,{'stop_loss_price': 6110.25}
INVALID_RISK_UNIT,risk_unit == 0 or non-finite,NQZ17-CME,5083359,2017-10-23 05:45:53+00:00,6110.25,{'stop_loss_price': 6110.25}
INVALID_RISK_UNIT,risk_unit == 0 or non-finite,NQZ17-CME,5147281,2017-10-23 14:50:29.014000+00:00,6090.0,{'stop_loss_price': 6090.0}
INVALID_RISK_UNIT,risk_unit == 0 or non-finite,NQZ17-CME,5147282,2017-10-23 14:50:29.015000+00:00,6090.0,{'stop_loss_price': 6090.0}
INVALID_RISK_UNIT,risk_unit == 0 or non-finite,NQZ17-CME,5147283,2017-10-23 14:50:29.016000+00:00,6090.0,{'stop_loss_price': 6090.0}
INVALID_RISK_UNIT,risk_unit == 0 or non-finite,NQZ17-CME,5147284,2017-10-23 14:50:29.017000+00:00,6090.0,{'stop_loss_price': 6090.0}
INVALID_RISK_UNIT,risk_unit == 0 or non-finite,NQZ17-CME,5147285,2017-10-23 14:50:29.018000+00:00,6090.0,{'stop_loss_price': 6090.0}
INVALID_RISK_UNIT,risk_unit == 0 or non-finite,NQZ17-CME,5147286,2017-10-23 14:50:29.019000+00:00,6090.0,{'stop_loss_price': 6090.0}
INVALID_RISK_UNIT,risk_unit == 0 or non-finite,NQZ17-CME,5147287,2017-10-23 14:50:29.020000+00:00,6090.0,{'stop_loss_price': 6090.0}
INVALID_RISK_UNIT,risk_unit == 0 or non-finite,NQZ17-CME,5147288,2017-10-23 14:50:29.021000+00:00,6090.0,{'stop_loss_price': 6090.0}
INVALID_RISK_UNIT,risk_unit == 0 or non-finite,NQZ17-CME,5147289,2017-10-23 14:50:29.022000+00:00,6090.0,{'stop_loss_price': 6090.0}
INVALID_RISK_UNIT,risk_unit == 0 or non-finite,NQZ17-CME,5147290,2017-10-23 14:50:29.023000+00:00,6090.0,{'stop_loss_price': 6090.0}
INVALID_RISK_UNIT,risk_unit == 0 or non-finite,NQZ17-CME,5147291,2017-10-23 14:50:29.024000+00:00,6090.0,{'stop_loss_price': 6090.0}
INVALID_RISK_UNIT,risk_unit == 0 or non-finite,NQZ17-CME,5147292,2017-10-23 14:50:29.025000+00:00,6090.0,{'stop_loss_price': 6090.0}
INVALID_RISK_UNIT,risk_unit == 0 or non-finite,NQZ17-CME,5147293,2017-10-23 14:50:29.026000+00:00,6090.0,{'stop_loss_price': 6090.0}
INVALID_RISK_UNIT,risk_unit == 0 or non-finite,NQZ17-CME,5147294,2017-10-23 14:50:29.027000+00:00,6090.0,{'stop_loss_price': 6090.0}
INVALID_RISK_UNIT,risk_unit == 0 or non-finite,NQZ17-CME,5147295,2017-10-23 14:50:29.028000+00:00,6090.0,{'stop_loss_price': 6090.0}
INVALID_RISK_UNIT,risk_unit == 0 or non-finite,NQZ17-CME,5147296,2017-10-23 14:50:29.029000+00:00,6090.0,{'stop_loss_price': 6090.0}
INVALID_RISK_UNIT,risk_unit == 0 or non-finite,NQZ17-CME,5147297,2017-10-23 14:50:29.030000+00:00,6090.0,{'stop_loss_price': 6090.0}
INVALID_RISK_UNIT,risk_unit == 0 or non-finite,NQZ17-CME,5147298,2017-10-23 14:50:29.031000+00:00,6090.0,{'stop_loss_price': 6090.0}
INVALID_RISK_UNIT,risk_unit == 0 or non-finite,NQZ17-CME,5147301,2017-10-23 14:50:30.002000+00:00,6090.0,{'stop_loss_price': 6090.0}
INVALID_RISK_UNIT,risk_unit == 0 or non-finite,NQZ17-CME,5147302,2017-10-23 14:50:30.003000+00:00,6090.0,{'stop_loss_price': 6090.0}
INVALID_RISK_UNIT,risk_unit == 0 or non-finite,NQZ17-CME,5147303,2017-10-23 14:50:30.004000+00:00,6090.0,{'stop_loss_price': 6090.0}
INVALID_RISK_UNIT,risk_unit == 0 or non-finite,NQZ17-CME,5147304,2017-10-23 14:50:30.005000+00:00,6090.0,{'stop_loss_price': 6090.0}
INVALID_RISK_UNIT,risk_unit == 0 or non-finite,NQZ17-CME,5147305,2017-10-23 14:50:30.006000+00:00,6090.0,{'stop_loss_price': 6090.0}
INVALID_RISK_UNIT,risk_unit == 0 or non-finite,NQZ17-CME,5181276,2017-10-23 17:33:52.004000+00:00,6095.25,{'stop_loss_price': 6095.25}
INVALID_RISK_UNIT,risk_unit == 0 or non-finite,NQZ17-CME,5181277,2017-10-23 17:33:52.005000+00:00,6095.25,{'stop_loss_price': 6095.25}
INVALID_RISK_UNIT,risk_unit == 0 or non-finite,NQZ17-CME,5181278,2017-10-23 17:33:52.006000+00:00,6095.25,{'stop_loss_price': 6095.25}
INVALID_RISK_UNIT,risk_unit == 0 or non-finite,NQZ17-CME,5181281,2017-10-23 17:33:53.002000+00:00,6095.25,{'stop_loss_price': 6095.25}
INVALID_RISK_UNIT,risk_unit == 0 or non-finite,NQZ17-CME,5181282,2017-10-23 17:33:53.003000+00:00,6095.25,{'stop_loss_price': 6095.25}
INVALID_RISK_UNIT,risk_unit == 0 or non-finite,NQZ17-CME,5181283,2017-10-23 17:33:54+00:00,6095.25,{'stop_loss_price': 6095.25}
INVALID_RISK_UNIT,risk_unit == 0 or non-finite,NQZ17-CME,5181284,2017-10-23 17:33:54.001000+00:00,6095.25,{'stop_loss_price': 6095.25}
INVALID_RISK_UNIT,risk_unit == 0 or non-finite,NQZ17-CME,5184891,2017-10-23 17:46:15.012000+00:00,6094.0,{'stop_loss_price': 6094.0}
INVALID_RISK_UNIT,risk_unit == 0 or non-finite,NQZ17-CME,5184892,2017-10-23 17:46:15.013000+00:00,6094.0,{'stop_loss_price': 6094.0}
INVALID_RISK_UNIT,risk_unit == 0 or non-finite,NQZ17-CME,5184893,2017-10-23 17:46:15.014000+00:00,6094.0,{'stop_loss_price': 6094.0}
INVALID_RISK_UNIT,risk_unit == 0 or non-finite,NQZ17-CME,5184894,2017-10-23 17:46:15.015000+00:00,6094.0,{'stop_loss_price': 6094.0}
INVALID_RISK_UNIT,risk_unit == 0 or non-finite,NQZ17-CME,5184895,2017-10-23 17:46:15.016000+00:00,6094.0,{'stop_loss_price': 6094.0}
INVALID_RISK_UNIT,risk_unit == 0 or non-finite,NQZ17-CME,5184896,2017-10-23 17:46:15.017000+00:00,6094.0,{'stop_loss_price': 6094.0}
INVALID_RISK_UNIT,risk_unit == 0 or non-finite,NQZ17-CME,5184897,2017-10-23 17:46:15.018000+00:00,6094.0,{'stop_loss_price': 6094.0}
INVALID_RISK_UNIT,risk_unit == 0 or non-finite,NQZ17-CME,5197462,2017-10-23 18:41:15+00:00,6091.5,{'stop_loss_price': 6091.5}
INVALID_RISK_UNIT,risk_unit == 0 or non-finite,NQZ17-CME,5197463,2017-10-23 18:41:15.001000+00:00,6091.5,{'stop_loss_price': 6091.5}
INVALID_RISK_UNIT,risk_unit == 0 or non-finite,NQZ17-CME,5197464,2017-10-23 18:41:15.002000+00:00,6091.5,{'stop_loss_price': 6091.5}
INVALID_RISK_UNIT,risk_unit == 0 or non-finite,NQZ17-CME,5197465,2017-10-23 18:41:15.003000+00:00,6091.5,{'stop_loss_price': 6091.5}
INVALID_RISK_UNIT,risk_unit == 0 or non-finite,NQZ17-CME,5197466,2017-10-23 18:41:15.004000+00:00,6091.5,{'stop_loss_price': 6091.5}
INVALID_RISK_UNIT,risk_unit == 0 or non-finite,NQZ17-CME,5197467,2017-10-23 18:41:15.005000+00:00,6091.5,{'stop_loss_price': 6091.5}
INVALID_RISK_UNIT,risk_unit == 0 or non-finite,NQZ17-CME,5197480,2017-10-23 18:41:21+00:00,6091.5,{'stop_loss_price': 6091.5}
INVALID_RISK_UNIT,risk_unit == 0 or non-finite,NQZ17-CME,5197481,2017-10-23 18:41:21.001000+00:00,6091.5,{'stop_loss_price': 6091.5}
INVALID_RISK_UNIT,risk_unit == 0 or non-finite,NQZ17-CME,5197482,2017-10-23 18:41:21.002000+00:00,6091.5,{'stop_loss_price': 6091.5}
INVALID_RISK_UNIT,risk_unit == 0 or non-finite,NQZ17-CME,5197483,2017-10-23 18:41:21.003000+00:00,6091.5,{'stop_loss_price': 6091.5}
INVALID_RISK_UNIT,risk_unit == 0 or non-finite,NQZ17-CME,5197484,2017-10-23 18:41:21.004000+00:00,6091.5,{'stop_loss_price': 6091.5}
INVALID_RISK_UNIT,risk_unit == 0 or non-finite,NQZ17-CME,5197485,2017-10-23 18:41:21.005000+00:00,6091.5,{'stop_loss_price': 6091.5}
INVALID_RISK_UNIT,risk_unit == 0 or non-finite,NQZ17-CME,5197486,2017-10-23 18:41:21.006000+00:00,6091.5,{'stop_loss_price': 6091.5}
INVALID_RISK_UNIT,risk_unit == 0 or non-finite,NQZ17-CME,5197487,2017-10-23 18:41:21.007000+00:00,6091.5,{'stop_loss_price': 6091.5}
INVALID_RISK_UNIT,risk_unit == 0 or non-finite,NQZ17-CME,5197488,2017-10-23 18:41:21.008000+00:00,6091.5,{'stop_loss_price': 6091.5}
INVALID_RISK_UNIT,risk_unit == 0 or non-finite,NQZ17-CME,5197489,2017-10-23 18:41:21.009000+00:00,6091.5,{'stop_loss_price': 6091.5}
INVALID_RISK_UNIT,risk_unit == 0 or non-finite,NQZ17-CME,5197490,2017-10-23 18:41:21.010000+00:00,6091.5,{'stop_loss_price': 6091.5}
INVALID_RISK_UNIT,risk_unit == 0 or non-finite,NQZ17-CME,5197491,2017-10-23 18:41:21.011000+00:00,6091.5,{'stop_loss_price': 6091.5}
INVALID_RISK_UNIT,risk_unit == 0 or non-finite,NQZ17-CME,5197492,2017-10-23 18:41:21.012000+00:00,6091.5,{'stop_loss_price': 6091.5}
INVALID_RISK_UNIT,risk_unit == 0 or non-finite,NQZ17-CME,5197493,2017-10-23 18:41:21.013000+00:00,6091.5,{'stop_loss_price': 6091.5}
INVALID_RISK_UNIT,risk_unit == 0 or non-finite,NQZ17-CME,5197494,2017-10-23 18:41:21.014000+00:00,6091.5,{'stop_loss_price': 6091.5}
INVALID_RISK_UNIT,risk_unit == 0 or non-finite,NQZ17-CME,5197495,2017-10-23 18:41:21.015000+00:00,6091.5,{'stop_loss_price': 6091.5}
INVALID_RISK_UNIT,risk_unit == 0 or non-finite,NQZ17-CME,5197496,2017-10-23 18:41:21.016000+00:00,6091.5,{'stop_loss_price': 6091.5}
INVALID_RISK_UNIT,risk_unit == 0 or non-finite,NQZ17-CME,5248498,2017-10-24 02:11:44.002000+00:00,6076.25,{'stop_loss_price': 6076.25}
INVALID_RISK_UNIT,risk_unit == 0 or non-finite,NQZ17-CME,5408313,2017-10-25 00:13:45+00:00,6075.0,{'stop_loss_price': 6075.0}
INVALID_RISK_UNIT,risk_unit == 0 or non-finite,NQZ17-CME,5408314,2017-10-25 00:13:45.001000+00:00,6075.0,{'stop_loss_price': 6075.0}
INVALID_RISK_UNIT,risk_unit == 0 or non-finite,NQZ17-CME,5408315,2017-10-25 00:13:45.002000+00:00,6075.0,{'stop_loss_price': 6075.0}
INVALID_RISK_UNIT,risk_unit == 0 or non-finite,NQZ17-CME,5408316,2017-10-25 00:13:45.003000+00:00,6075.0,{'stop_loss_price': 6075.0}
INVALID_RISK_UNIT,risk_unit == 0 or non-finite,NQZ17-CME,5408317,2017-10-25 00:13:45.004000+00:00,6075.0,{'stop_loss_price': 6075.0}
INVALID_RISK_UNIT,risk_unit == 0 or non-finite,NQZ17-CME,5408318,2017-10-25 00:13:45.005000+00:00,6075.0,{'stop_loss_price': 6075.0}
INVALID_RISK_UNIT,risk_unit == 0 or non-finite,NQZ17-CME,5466793,2017-10-25 13:59:55+00:00,6066.0,{'stop_loss_price': 6066.0}
INVALID_RISK_UNIT,risk_unit == 0 or non-finite,NQZ17-CME,5533115,2017-10-25 15:13:16.001000+00:00,6035.75,{'stop_loss_price': 6035.75}
INVALID_RISK_UNIT,risk_unit == 0 or non-finite,NQZ17-CME,5533116,2017-10-25 15:13:16.002000+00:00,6035.75,{'stop_loss_price': 6035.75}
INVALID_RISK_UNIT,risk_unit == 0 or non-finite,NQZ17-CME,5533117,2017-10-25 15:13:16.003000+00:00,6035.75,{'stop_loss_price': 6035.75}
INVALID_RISK_UNIT,risk_unit == 0 or non-finite,NQZ17-CME,5533118,2017-10-25 15:13:16.004000+00:00,6035.75,{'stop_loss_price': 6035.75}
INVALID_RISK_UNIT,risk_unit == 0 or non-finite,NQZ17-CME,5533119,2017-10-25 15:13:16.005000+00:00,6035.75,{'stop_loss_price': 6035.75}
INVALID_RISK_UNIT,risk_unit == 0 or non-finite,NQZ17-CME,5533137,2017-10-25 15:13:18.001000+00:00,6035.75,{'stop_loss_price': 6035.75}
INVALID_RISK_UNIT,risk_unit == 0 or non-finite,NQZ17-CME,5533138,2017-10-25 15:13:18.002000+00:00,6035.75,{'stop_loss_price': 6035.75}
INVALID_RISK_UNIT,risk_unit == 0 or non-finite,NQZ17-CME,5533139,2017-10-25 15:13:18.003000+00:00,6035.75,{'stop_loss_price': 6035.75}
INVALID_RISK_UNIT,risk_unit == 0 or non-finite,NQZ17-CME,5533140,2017-10-25 15:13:18.004000+00:00,6035.75,{'stop_loss_price': 6035.75}
INVALID_RISK_UNIT,risk_unit == 0 or non-finite,NQZ17-CME,5560264,2017-10-25 15:32:20.002000+00:00,6029.25,{'stop_loss_price': 6029.25}
INVALID_RISK_UNIT,risk_unit == 0 or non-finite,NQZ17-CME,5560265,2017-10-25 15:32:20.003000+00:00,6029.25,{'stop_loss_price': 6029.25}
INVALID_RISK_UNIT,risk_unit == 0 or non-finite,NQZ17-CME,5560266,2017-10-25 15:32:20.004000+00:00,6029.25,{'stop_loss_price': 6029.25}
INVALID_RISK_UNIT,risk_unit == 0 or non-finite,NQZ17-CME,5560267,2017-10-25 15:32:20.005000+00:00,6029.25,{'stop_loss_price': 6029.25}
INVALID_RISK_UNIT,risk_unit == 0 or non-finite,NQZ17-CME,5560268,2017-10-25 15:32:20.006000+00:00,6029.25,{'stop_loss_price': 6029.25}
INVALID_RISK_UNIT,risk_unit == 0 or non-finite,NQZ17-CME,5560270,2017-10-25 15:32:21+00:00,6029.25,{'stop_loss_price': 6029.25}
INVALID_RISK_UNIT,risk_unit == 0 or non-finite,NQZ17-CME,5577555,2017-10-25 15:57:32.001000+00:00,6024.5,{'stop_loss_price': 6024.5}
INVALID_RISK_UNIT,risk_unit == 0 or non-finite,NQZ17-CME,5577556,2017-10-25 15:57:32.002000+00:00,6024.5,{'stop_loss_price': 6024.5}
INVALID_RISK_UNIT,risk_unit == 0 or non-finite,NQZ17-CME,5577557,2017-10-25 15:57:32.003000+00:00,6024.5,{'stop_loss_price': 6024.5}
INVALID_RISK_UNIT,risk_unit == 0 or non-finite,NQZ17-CME,5577558,2017-10-25 15:57:32.004000+00:00,6024.5,{'stop_loss_price': 6024.5}
INVALID_RISK_UNIT,risk_unit == 0 or non-finite,NQZ17-CME,5577559,2017-10-25 15:57:32.005000+00:00,6024.5,{'stop_loss_price': 6024.5}
INVALID_RISK_UNIT,risk_unit == 0 or non-finite,NQZ17-CME,5577560,2017-10-25 15:57:32.006000+00:00,6024.5,{'stop_loss_price': 6024.5}
INVALID_RISK_UNIT,risk_unit == 0 or non-finite,NQZ17-CME,5577561,2017-10-25 15:57:32.007000+00:00,6024.5,{'stop_loss_price': 6024.5}
INVALID_RISK_UNIT,risk_unit == 0 or non-finite,NQZ17-CME,5577562,2017-10-25 15:57:32.008000+00:00,6024.5,{'stop_loss_price': 6024.5}
INVALID_RISK_UNIT,risk_unit == 0 or non-finite,NQZ17-CME,5577563,2017-10-25 15:57:32.009000+00:00,6024.5,{'stop_loss_price': 6024.5}
INVALID_RISK_UNIT,risk_unit == 0 or non-finite,NQZ17-CME,5597303,2017-10-25 16:23:16.006000+00:00,6019.25,{'stop_loss_price': 6019.25}
INVALID_RISK_UNIT,risk_unit == 0 or non-finite,NQZ17-CME,5597304,2017-10-25 16:23:16.007000+00:00,6019.25,{'stop_loss_price': 6019.25}
INVALID_RISK_UNIT,risk_unit == 0 or non-finite,NQZ17-CME,5597305,2017-10-25 16:23:16.008000+00:00,6019.25,{'stop_loss_price': 6019.25}
INVALID_RISK_UNIT,risk_unit == 0 or non-finite,NQZ17-CME,5597306,2017-10-25 16:23:16.009000+00:00,6019.25,{'stop_loss_price': 6019.25}
INVALID_RISK_UNIT,risk_unit == 0 or non-finite,NQZ17-CME,5597307,2017-10-25 16:23:16.010000+00:00,6019.25,{'stop_loss_price': 6019.25}
INVALID_RISK_UNIT,risk_unit == 0 or non-finite,NQZ17-CME,5597308,2017-10-25 16:23:16.011000+00:00,6019.25,{'stop_loss_price': 6019.25}
INVALID_RISK_UNIT,risk_unit == 0 or non-finite,NQZ17-CME,5601731,2017-10-25 16:26:17.003000+00:00,6018.0,{'stop_loss_price': 6018.0}
INVALID_RISK_UNIT,risk_unit == 0 or non-finite,NQZ17-CME,5866599,2017-10-26 17:06:27.006000+00:00,6048.75,{'stop_loss_price': 6048.75}
INVALID_RISK_UNIT,risk_unit == 0 or non-finite,NQZ17-CME,5866600,2017-10-26 17:06:27.007000+00:00,6048.75,{'stop_loss_price': 6048.75}
INVALID_RISK_UNIT,risk_unit == 0 or non-finite,NQZ17-CME,5866601,2017-10-26 17:06:27.008000+00:00,6048.75,{'stop_loss_price': 6048.75}
INVALID_RISK_UNIT,risk_unit == 0 or non-finite,NQZ17-CME,5866602,2017-10-26 17:06:27.009000+00:00,6048.75,{'stop_loss_price': 6048.75}
INVALID_RISK_UNIT,risk_unit == 0 or non-finite,NQZ17-CME,5866603,2017-10-26 17:06:28+00:00,6048.75,{'stop_loss_price': 6048.75}
INVALID_RISK_UNIT,risk_unit == 0 or non-finite,NQZ17-CME,5866604,2017-10-26 17:06:28.001000+00:00,6048.75,{'stop_loss_price': 6048.75}
INVALID_RISK_UNIT,risk_unit == 0 or non-finite,NQZ17-CME,5866605,2017-10-26 17:06:28.002000+00:00,6048.75,{'stop_loss_price': 6048.75}
INVALID_RISK_UNIT,risk_unit == 0 or non-finite,NQZ17-CME,6021995,2017-10-27 13:56:32.002000+00:00,6153.25,{'stop_loss_price': 6153.25}
INVALID_RISK_UNIT,risk_unit == 0 or non-finite,NQZ17-CME,6021996,2017-10-27 13:56:32.003000+00:00,6153.25,{'stop_loss_price': 6153.25}
INVALID_RISK_UNIT,risk_unit == 0 or non-finite,NQZ17-CME,6021997,2017-10-27 13:56:32.004000+00:00,6153.25,{'stop_loss_price': 6153.25}
INVALID_RISK_UNIT,risk_unit == 0 or non-finite,NQZ17-CME,6021998,2017-10-27 13:56:32.005000+00:00,6153.25,{'stop_loss_price': 6153.25}
INVALID_RISK_UNIT,risk_unit == 0 or non-finite,NQZ17-CME,6022010,2017-10-27 13:56:33.006000+00:00,6153.25,{'stop_loss_price': 6153.25}
INVALID_RISK_UNIT,risk_unit == 0 or non-finite,NQZ17-CME,6246880,2017-10-30 10:43:31+00:00,6213.25,{'stop_loss_price': 6213.25}
INVALID_RISK_UNIT,risk_unit == 0 or non-finite,NQZ17-CME,6246881,2017-10-30 10:43:32+00:00,6213.25,{'stop_loss_price': 6213.25}
INVALID_RISK_UNIT,risk_unit == 0 or non-finite,NQZ17-CME,6246882,2017-10-30 10:43:32.001000+00:00,6213.25,{'stop_loss_price': 6213.25}
INVALID_RISK_UNIT,risk_unit == 0 or non-finite,NQZ17-CME,6246883,2017-10-30 10:43:32.002000+00:00,6213.25,{'stop_loss_price': 6213.25}
INVALID_RISK_UNIT,risk_unit == 0 or non-finite,NQZ17-CME,6246884,2017-10-30 10:43:32.003000+00:00,6213.25,{'stop_loss_price': 6213.25}
INVALID_RISK_UNIT,risk_unit == 0 or non-finite,NQZ17-CME,6246885,2017-10-30 10:43:32.004000+00:00,6213.25,{'stop_loss_price': 6213.25}
INVALID_RISK_UNIT,risk_unit == 0 or non-finite,NQZ17-CME,6307134,2017-10-30 14:19:01.011000+00:00,6247.75,{'stop_loss_price': 6247.75}
INVALID_RISK_UNIT,risk_unit == 0 or non-finite,NQZ17-CME,6307135,2017-10-30 14:19:01.012000+00:00,6247.75,{'stop_loss_price': 6247.75}
INVALID_RISK_UNIT,risk_unit == 0 or non-finite,NQZ17-CME,6307136,2017-10-30 14:19:01.013000+00:00,6247.75,{'stop_loss_price': 6247.75}
INVALID_RISK_UNIT,risk_unit == 0 or non-finite,NQZ17-CME,6307137,2017-10-30 14:19:01.014000+00:00,6247.75,{'stop_loss_price': 6247.75}
INVALID_RISK_UNIT,risk_unit == 0 or non-finite,NQZ17-CME,6307138,2017-10-30 14:19:01.015000+00:00,6247.75,{'stop_loss_price': 6247.75}
INVALID_RISK_UNIT,risk_unit == 0 or non-finite,NQZ17-CME,6307139,2017-10-30 14:19:01.016000+00:00,6247.75,{'stop_loss_price': 6247.75}
INVALID_RISK_UNIT,risk_unit == 0 or non-finite,NQZ17-CME,6307140,2017-10-30 14:19:01.017000+00:00,6247.75,{'stop_loss_price': 6247.75}
INVALID_RISK_UNIT,risk_unit == 0 or non-finite,NQZ17-CME,6307141,2017-10-30 14:19:01.018000+00:00,6247.75,{'stop_loss_price': 6247.75}
INVALID_RISK_UNIT,risk_unit == 0 or non-finite,NQZ17-CME,6307142,2017-10-30 14:19:01.019000+00:00,6247.75,{'stop_loss_price': 6247.75}
INVALID_RISK_UNIT,risk_unit == 0 or non-finite,NQZ17-CME,6307143,2017-10-30 14:19:01.020000+00:00,6247.75,{'stop_loss_price': 6247.75}
INVALID_RISK_UNIT,risk_unit == 0 or non-finite,NQZ17-CME,6307144,2017-10-30 14:19:01.021000+00:00,6247.75,{'stop_loss_price': 6247.75}
INVALID_RISK_UNIT,risk_unit == 0 or non-finite,NQZ17-CME,6307145,2017-10-30 14:19:01.022000+00:00,6247.75,{'stop_loss_price': 6247.75}
INVALID_RISK_UNIT,risk_unit == 0 or non-finite,NQZ17-CME,6307146,2017-10-30 14:19:02+00:00,6247.75,{'stop_loss_price': 6247.75}
INVALID_RISK_UNIT,risk_unit == 0 or non-finite,NQZ17-CME,6307147,2017-10-30 14:19:02.001000+00:00,6247.75,{'stop_loss_price': 6247.75}
INVALID_RISK_UNIT,risk_unit == 0 or non-finite,NQZ17-CME,6439856,2017-10-30 18:59:55.001000+00:00,6222.5,{'stop_loss_price': 6222.5}
INVALID_RISK_UNIT,risk_unit == 0 or non-finite,NQZ17-CME,6439857,2017-10-30 18:59:56+00:00,6222.5,{'stop_loss_price': 6222.5}
INVALID_RISK_UNIT,risk_unit == 0 or non-finite,NQZ17-CME,6439860,2017-10-30 19:00:00+00:00,6222.5,{'stop_loss_price': 6222.5}
INVALID_RISK_UNIT,risk_unit == 0 or non-finite,NQZ17-CME,6439861,2017-10-30 19:00:00.001000+00:00,6222.5,{'stop_loss_price': 6222.5}
INVALID_RISK_UNIT,risk_unit == 0 or non-finite,NQZ17-CME,6439862,2017-10-30 19:00:00.002000+00:00,6222.5,{'stop_loss_price': 6222.5}
INVALID_RISK_UNIT,risk_unit == 0 or non-finite,NQZ17-CME,6439863,2017-10-30 19:00:00.003000+00:00,6222.5,{'stop_loss_price': 6222.5}
INVALID_RISK_UNIT,risk_unit == 0 or non-finite,NQZ17-CME,6439864,2017-10-30 19:00:00.004000+00:00,6222.5,{'stop_loss_price': 6222.5}
INVALID_RISK_UNIT,risk_unit == 0 or non-finite,NQZ17-CME,6439865,2017-10-30 19:00:00.005000+00:00,6222.5,{'stop_loss_price': 6222.5}
INVALID_RISK_UNIT,risk_unit == 0 or non-finite,NQZ17-CME,6446631,2017-10-30 19:20:41+00:00,6215.0,{'stop_loss_price': 6215.0}
INVALID_RISK_UNIT,risk_unit == 0 or non-finite,NQZ17-CME,6446632,2017-10-30 19:20:44+00:00,6215.0,{'stop_loss_price': 6215.0}
INVALID_RISK_UNIT,risk_unit == 0 or non-finite,NQZ17-CME,6446633,2017-10-30 19:20:44.001000+00:00,6215.0,{'stop_loss_price': 6215.0}
INVALID_RISK_UNIT,risk_unit == 0 or non-finite,NQZ17-CME,6446634,2017-10-30 19:20:44.002000+00:00,6215.0,{'stop_loss_price': 6215.0}
INVALID_RISK_UNIT,risk_unit == 0 or non-finite,NQZ17-CME,6446635,2017-10-30 19:20:44.003000+00:00,6215.0,{'stop_loss_price': 6215.0}
INVALID_RISK_UNIT,risk_unit == 0 or non-finite,NQZ17-CME,6446636,2017-10-30 19:20:44.004000+00:00,6215.0,{'stop_loss_price': 6215.0}
INVALID_RISK_UNIT,risk_unit == 0 or non-finite,NQZ17-CME,6446637,2017-10-30 19:20:44.005000+00:00,6215.0,{'stop_loss_price': 6215.0}
INVALID_RISK_UNIT,risk_unit == 0 or non-finite,NQZ17-CME,6446638,2017-10-30 19:20:44.006000+00:00,6215.0,{'stop_loss_price': 6215.0}
INVALID_RISK_UNIT,risk_unit == 0 or non-finite,NQZ17-CME,6446639,2017-10-30 19:20:44.007000+00:00,6215.0,{'stop_loss_price': 6215.0}
INVALID_RISK_UNIT,risk_unit == 0 or non-finite,NQZ17-CME,6446640,2017-10-30 19:20:44.008000+00:00,6215.0,{'stop_loss_price': 6215.0}
INVALID_RISK_UNIT,risk_unit == 0 or non-finite,NQZ17-CME,6446641,2017-10-30 19:20:44.009000+00:00,6215.0,{'stop_loss_price': 6215.0}
INVALID_RISK_UNIT,risk_unit == 0 or non-finite,NQZ17-CME,6446642,2017-10-30 19:20:44.010000+00:00,6215.0,{'stop_loss_price': 6215.0}
INVALID_RISK_UNIT,risk_unit == 0 or non-finite,NQZ17-CME,6446643,2017-10-30 19:20:44.011000+00:00,6215.0,{'stop_loss_price': 6215.0}
INVALID_RISK_UNIT,risk_unit == 0 or non-finite,NQZ17-CME,6505205,2017-10-31 13:41:06.009000+00:00,6244.25,{'stop_loss_price': 6244.25}
INVALID_RISK_UNIT,risk_unit == 0 or non-finite,NQZ17-CME,6524872,2017-10-31 14:05:09.012000+00:00,6233.75,{'stop_loss_price': 6233.75}
INVALID_RISK_UNIT,risk_unit == 0 or non-finite,NQZ17-CME,6524873,2017-10-31 14:05:09.013000+00:00,6233.75,{'stop_loss_price': 6233.75}
INVALID_RISK_UNIT,risk_unit == 0 or non-finite,NQZ17-CME,6524874,2017-10-31 14:05:09.014000+00:00,6233.75,{'stop_loss_price': 6233.75}
INVALID_RISK_UNIT,risk_unit == 0 or non-finite,NQZ17-CME,6524875,2017-10-31 14:05:09.015000+00:00,6233.75,{'stop_loss_price': 6233.75}
INVALID_RISK_UNIT,risk_unit == 0 or non-finite,NQZ17-CME,6524876,2017-10-31 14:05:09.016000+00:00,6233.75,{'stop_loss_price': 6233.75}
INVALID_RISK_UNIT,risk_unit == 0 or non-finite,NQZ17-CME,6524877,2017-10-31 14:05:09.017000+00:00,6233.75,{'stop_loss_price': 6233.75}
INVALID_RISK_UNIT,risk_unit == 0 or non-finite,NQZ17-CME,6530858,2017-10-31 14:12:13+00:00,6235.25,{'stop_loss_price': 6235.25}
INVALID_RISK_UNIT,risk_unit == 0 or non-finite,NQZ17-CME,6590022,2017-10-31 18:03:28.013000+00:00,6253.25,{'stop_loss_price': 6253.25}
INVALID_RISK_UNIT,risk_unit == 0 or non-finite,NQZ17-CME,6590023,2017-10-31 18:03:28.014000+00:00,6253.25,{'stop_loss_price': 6253.25}
INVALID_RISK_UNIT,risk_unit == 0 or non-finite,NQZ17-CME,6590024,2017-10-31 18:03:28.015000+00:00,6253.25,{'stop_loss_price': 6253.25}
INVALID_RISK_UNIT,risk_unit == 0 or non-finite,NQZ17-CME,6590025,2017-10-31 18:03:29+00:00,6253.25,{'stop_loss_price': 6253.25}
INVALID_RISK_UNIT,risk_unit == 0 or non-finite,NQZ17-CME,6590026,2017-10-31 18:03:29.001000+00:00,6253.25,{'stop_loss_price': 6253.25}
INVALID_RISK_UNIT,risk_unit == 0 or non-finite,NQZ17-CME,6590027,2017-10-31 18:03:29.002000+00:00,6253.25,{'stop_loss_price': 6253.25}
INVALID_RISK_UNIT,risk_unit == 0 or non-finite,NQZ17-CME,6590028,2017-10-31 18:03:29.003000+00:00,6253.25,{'stop_loss_price': 6253.25}
INVALID_RISK_UNIT,risk_unit == 0 or non-finite,NQZ17-CME,6590035,2017-10-31 18:03:38+00:00,6253.25,{'stop_loss_price': 6253.25}
INVALID_RISK_UNIT,risk_unit == 0 or non-finite,NQZ17-CME,6590036,2017-10-31 18:03:38.001000+00:00,6253.25,{'stop_loss_price': 6253.25}
INVALID_RISK_UNIT,risk_unit == 0 or non-finite,NQZ17-CME,6590037,2017-10-31 18:03:38.002000+00:00,6253.25,{'stop_loss_price': 6253.25}
INVALID_RISK_UNIT,risk_unit == 0 or non-finite,NQZ17-CME,6590038,2017-10-31 18:03:38.003000+00:00,6253.25,{'stop_loss_price': 6253.25}
INVALID_RISK_UNIT,risk_unit == 0 or non-finite,NQZ17-CME,6590039,2017-10-31 18:03:38.004000+00:00,6253.25,{'stop_loss_price': 6253.25}
INVALID_RISK_UNIT,risk_unit == 0 or non-finite,NQZ17-CME,6590040,2017-10-31 18:03:38.005000+00:00,6253.25,{'stop_loss_price': 6253.25}
INVALID_RISK_UNIT,risk_unit == 0 or non-finite,NQZ17-CME,6590041,2017-10-31 18:03:38.006000+00:00,6253.25,{'stop_loss_price': 6253.25}
INVALID_RISK_UNIT,risk_unit == 0 or non-finite,NQZ17-CME,6590042,2017-10-31 18:03:38.007000+00:00,6253.25,{'stop_loss_price': 6253.25}
INVALID_RISK_UNIT,risk_unit == 0 or non-finite,NQZ17-CME,6590043,2017-10-31 18:03:38.008000+00:00,6253.25,{'stop_loss_price': 6253.25}
INVALID_RISK_UNIT,risk_unit == 0 or non-finite,NQZ17-CME,6590044,2017-10-31 18:03:38.009000+00:00,6253.25,{'stop_loss_price': 6253.25}
INVALID_RISK_UNIT,risk_unit == 0 or non-finite,NQZ17-CME,6590045,2017-10-31 18:03:38.010000+00:00,6253.25,{'stop_loss_price': 6253.25}
INVALID_RISK_UNIT,risk_unit == 0 or non-finite,NQZ17-CME,6590046,2017-10-31 18:03:38.011000+00:00,6253.25,{'stop_loss_price': 6253.25}
INVALID_RISK_UNIT,risk_unit == 0 or non-finite,NQZ17-CME,6590047,2017-10-31 18:03:38.012000+00:00,6253.25,{'stop_loss_price': 6253.25}
INVALID_RISK_UNIT,risk_unit == 0 or non-finite,NQZ17-CME,6601539,2017-10-31 18:46:20+00:00,6250.0,{'stop_loss_price': 6250.0}
INVALID_RISK_UNIT,risk_unit == 0 or non-finite,NQZ17-CME,6682630,2017-11-01 13:41:36.023000+00:00,6268.5,{'stop_loss_price': 6268.5}
INVALID_RISK_UNIT,risk_unit == 0 or non-finite,NQZ17-CME,6682631,2017-11-01 13:41:36.024000+00:00,6268.5,{'stop_loss_price': 6268.5}
INVALID_RISK_UNIT,risk_unit == 0 or non-finite,NQZ17-CME,6682632,2017-11-01 13:41:36.025000+00:00,6268.5,{'stop_loss_price': 6268.5}
INVALID_RISK_UNIT,risk_unit == 0 or non-finite,NQZ17-CME,6682633,2017-11-01 13:41:36.026000+00:00,6268.5,{'stop_loss_price': 6268.5}
INVALID_RISK_UNIT,risk_unit == 0 or non-finite,NQZ17-CME,6686517,2017-11-01 13:45:37.011000+00:00,6268.5,{'stop_loss_price': 6268.5}
INVALID_RISK_UNIT,risk_unit == 0 or non-finite,NQZ17-CME,6686518,2017-11-01 13:45:37.012000+00:00,6268.5,{'stop_loss_price': 6268.5}
INVALID_RISK_UNIT,risk_unit == 0 or non-finite,NQZ17-CME,6686519,2017-11-01 13:45:37.013000+00:00,6268.5,{'stop_loss_price': 6268.5}
INVALID_RISK_UNIT,risk_unit == 0 or non-finite,NQZ17-CME,6686520,2017-11-01 13:45:37.014000+00:00,6268.5,{'stop_loss_price': 6268.5}
INVALID_RISK_UNIT,risk_unit == 0 or non-finite,NQZ17-CME,6686521,2017-11-01 13:45:37.015000+00:00,6268.5,{'stop_loss_price': 6268.5}
INVALID_RISK_UNIT,risk_unit == 0 or non-finite,NQZ17-CME,6686522,2017-11-01 13:45:37.016000+00:00,6268.5,{'stop_loss_price': 6268.5}
INVALID_RISK_UNIT,risk_unit == 0 or non-finite,NQZ17-CME,6686523,2017-11-01 13:45:37.017000+00:00,6268.5,{'stop_loss_price': 6268.5}
INVALID_RISK_UNIT,risk_unit == 0 or non-finite,NQZ17-CME,6686524,2017-11-01 13:45:37.018000+00:00,6268.5,{'stop_loss_price': 6268.5}
INVALID_RISK_UNIT,risk_unit == 0 or non-finite,NQZ17-CME,6686533,2017-11-01 13:45:38.008000+00:00,6268.5,{'stop_loss_price': 6268.5}
INVALID_RISK_UNIT,risk_unit == 0 or non-finite,NQZ17-CME,6686534,2017-11-01 13:45:38.009000+00:00,6268.5,{'stop_loss_price': 6268.5}
INVALID_RISK_UNIT,risk_unit == 0 or non-finite,NQZ17-CME,6686552,2017-11-01 13:45:41.007000+00:00,6268.5,{'stop_loss_price': 6268.5}
INVALID_RISK_UNIT,risk_unit == 0 or non-finite,NQZ17-CME,6686553,2017-11-01 13:45:41.008000+00:00,6268.5,{'stop_loss_price': 6268.5}
INVALID_RISK_UNIT,risk_unit == 0 or non-finite,NQZ17-CME,6686554,2017-11-01 13:45:41.009000+00:00,6268.5,{'stop_loss_price': 6268.5}
INVALID_RISK_UNIT,risk_unit == 0 or non-finite,NQZ17-CME,6686555,2017-11-01 13:45:41.010000+00:00,6268.5,{'stop_loss_price': 6268.5}
INVALID_RISK_UNIT,risk_unit == 0 or non-finite,NQZ17-CME,6686556,2017-11-01 13:45:41.011000+00:00,6268.5,{'stop_loss_price': 6268.5}
INVALID_RISK_UNIT,risk_unit == 0 or non-finite,NQZ17-CME,6686557,2017-11-01 13:45:41.012000+00:00,6268.5,{'stop_loss_price': 6268.5}
INVALID_RISK_UNIT,risk_unit == 0 or non-finite,NQZ17-CME,6686559,2017-11-01 13:45:41.014000+00:00,6268.5,{'stop_loss_price': 6268.5}
INVALID_RISK_UNIT,risk_unit == 0 or non-finite,NQZ17-CME,6709756,2017-11-01 14:13:43+00:00,6261.0,{'stop_loss_price': 6261.0}
INVALID_RISK_UNIT,risk_unit == 0 or non-finite,NQZ17-CME,6709757,2017-11-01 14:13:43.001000+00:00,6261.0,{'stop_loss_price': 6261.0}
INVALID_RISK_UNIT,risk_unit == 0 or non-finite,NQZ17-CME,6709758,2017-11-01 14:13:43.002000+00:00,6261.0,{'stop_loss_price': 6261.0}
INVALID_RISK_UNIT,risk_unit == 0 or non-finite,NQZ17-CME,6709759,2017-11-01 14:13:43.003000+00:00,6261.0,{'stop_loss_price': 6261.0}
INVALID_RISK_UNIT,risk_unit == 0 or non-finite,NQZ17-CME,6709760,2017-11-01 14:13:43.004000+00:00,6261.0,{'stop_loss_price': 6261.0}
INVALID_RISK_UNIT,risk_unit == 0 or non-finite,NQZ17-CME,6709761,2017-11-01 14:13:43.005000+00:00,6261.0,{'stop_loss_price': 6261.0}
INVALID_RISK_UNIT,risk_unit == 0 or non-finite,NQZ17-CME,6709762,2017-11-01 14:13:43.006000+00:00,6261.0,{'stop_loss_price': 6261.0}
INVALID_RISK_UNIT,risk_unit == 0 or non-finite,NQZ17-CME,6709763,2017-11-01 14:13:44+00:00,6261.0,{'stop_loss_price': 6261.0}
INVALID_RISK_UNIT,risk_unit == 0 or non-finite,NQZ17-CME,6709764,2017-11-01 14:13:44.001000+00:00,6261.0,{'stop_loss_price': 6261.0}
INVALID_RISK_UNIT,risk_unit == 0 or non-finite,NQZ17-CME,6709765,2017-11-01 14:13:45+00:00,6261.0,{'stop_loss_price': 6261.0}
INVALID_RISK_UNIT,risk_unit == 0 or non-finite,NQZ17-CME,6709766,2017-11-01 14:13:45.001000+00:00,6261.0,{'stop_loss_price': 6261.0}
INVALID_RISK_UNIT,risk_unit == 0 or non-finite,NQZ17-CME,6709768,2017-11-01 14:13:46.001000+00:00,6261.0,{'stop_loss_price': 6261.0}
INVALID_RISK_UNIT,risk_unit == 0 or non-finite,NQZ17-CME,6727008,2017-11-01 14:34:10.017000+00:00,6254.25,{'stop_loss_price': 6254.25}
INVALID_RISK_UNIT,risk_unit == 0 or non-finite,NQZ17-CME,6727009,2017-11-01 14:34:10.018000+00:00,6254.25,{'stop_loss_price': 6254.25}
INVALID_RISK_UNIT,risk_unit == 0 or non-finite,NQZ17-CME,6727010,2017-11-01 14:34:10.019000+00:00,6254.25,{'stop_loss_price': 6254.25}
INVALID_RISK_UNIT,risk_unit == 0 or non-finite,NQZ17-CME,6727011,2017-11-01 14:34:10.020000+00:00,6254.25,{'stop_loss_price': 6254.25}
INVALID_RISK_UNIT,risk_unit == 0 or non-finite,NQZ17-CME,6727012,2017-11-01 14:34:10.021000+00:00,6254.25,{'stop_loss_price': 6254.25}
INVALID_RISK_UNIT,risk_unit == 0 or non-finite,NQZ17-CME,6727013,2017-11-01 14:34:10.022000+00:00,6254.25,{'stop_loss_price': 6254.25}
INVALID_RISK_UNIT,risk_unit == 0 or non-finite,NQZ17-CME,6727014,2017-11-01 14:34:10.023000+00:00,6254.25,{'stop_loss_price': 6254.25}
INVALID_RISK_UNIT,risk_unit == 0 or non-finite,NQZ17-CME,6727018,2017-11-01 14:34:10.027000+00:00,6254.25,{'stop_loss_price': 6254.25}
INVALID_RISK_UNIT,risk_unit == 0 or non-finite,NQZ17-CME,6732666,2017-11-01 14:41:13.015000+00:00,6252.75,{'stop_loss_price': 6252.75}
INVALID_RISK_UNIT,risk_unit == 0 or non-finite,NQZ17-CME,6732667,2017-11-01 14:41:13.016000+00:00,6252.75,{'stop_loss_price': 6252.75}
INVALID_RISK_UNIT,risk_unit == 0 or non-finite,NQZ17-CME,6742129,2017-11-01 15:00:49.009000+00:00,6250.0,{'stop_loss_price': 6250.0}
INVALID_RISK_UNIT,risk_unit == 0 or non-finite,NQZ17-CME,6742130,2017-11-01 15:00:49.010000+00:00,6250.0,{'stop_loss_price': 6250.0}
INVALID_RISK_UNIT,risk_unit == 0 or non-finite,NQZ17-CME,6742131,2017-11-01 15:00:49.011000+00:00,6250.0,{'stop_loss_price': 6250.0}
INVALID_RISK_UNIT,risk_unit == 0 or non-finite,NQZ17-CME,6742132,2017-11-01 15:00:49.012000+00:00,6250.0,{'stop_loss_price': 6250.0}
INVALID_RISK_UNIT,risk_unit == 0 or non-finite,NQZ17-CME,6742133,2017-11-01 15:00:49.013000+00:00,6250.0,{'stop_loss_price': 6250.0}
INVALID_RISK_UNIT,risk_unit == 0 or non-finite,NQZ17-CME,6742134,2017-11-01 15:00:49.014000+00:00,6250.0,{'stop_loss_price': 6250.0}
INVALID_RISK_UNIT,risk_unit == 0 or non-finite,NQZ17-CME,6742135,2017-11-01 15:00:49.015000+00:00,6250.0,{'stop_loss_price': 6250.0}
INVALID_RISK_UNIT,risk_unit == 0 or non-finite,NQZ17-CME,6742136,2017-11-01 15:00:49.016000+00:00,6250.0,{'stop_loss_price': 6250.0}
INVALID_RISK_UNIT,risk_unit == 0 or non-finite,NQZ17-CME,6742137,2017-11-01 15:00:49.017000+00:00,6250.0,{'stop_loss_price': 6250.0}
INVALID_RISK_UNIT,risk_unit == 0 or non-finite,NQZ17-CME,6742138,2017-11-01 15:00:49.018000+00:00,6250.0,{'stop_loss_price': 6250.0}
INVALID_RISK_UNIT,risk_unit == 0 or non-finite,NQZ17-CME,6742139,2017-11-01 15:00:49.019000+00:00,6250.0,{'stop_loss_price': 6250.0}
INVALID_RISK_UNIT,risk_unit == 0 or non-finite,NQZ17-CME,6742144,2017-11-01 15:00:52+00:00,6250.0,{'stop_loss_price': 6250.0}
INVALID_RISK_UNIT,risk_unit == 0 or non-finite,NQZ17-CME,6742145,2017-11-01 15:00:52.001000+00:00,6250.0,{'stop_loss_price': 6250.0}
INVALID_RISK_UNIT,risk_unit == 0 or non-finite,NQZ17-CME,6742146,2017-11-01 15:00:52.002000+00:00,6250.0,{'stop_loss_price': 6250.0}
INVALID_RISK_UNIT,risk_unit == 0 or non-finite,NQZ17-CME,6742147,2017-11-01 15:00:52.003000+00:00,6250.0,{'stop_loss_price': 6250.0}
INVALID_RISK_UNIT,risk_unit == 0 or non-finite,NQZ17-CME,6742151,2017-11-01 15:00:52.007000+00:00,6250.0,{'stop_loss_price': 6250.0}
INVALID_RISK_UNIT,risk_unit == 0 or non-finite,NQZ17-CME,6742152,2017-11-01 15:00:52.008000+00:00,6250.0,{'stop_loss_price': 6250.0}
INVALID_RISK_UNIT,risk_unit == 0 or non-finite,NQZ17-CME,6742153,2017-11-01 15:00:53+00:00,6250.0,{'stop_loss_price': 6250.0}
INVALID_RISK_UNIT,risk_unit == 0 or non-finite,NQZ17-CME,6742154,2017-11-01 15:00:53.001000+00:00,6250.0,{'stop_loss_price': 6250.0}
INVALID_RISK_UNIT,risk_unit == 0 or non-finite,NQZ17-CME,6780607,2017-11-01 16:30:07+00:00,6255.25,{'stop_loss_price': 6255.25}
INVALID_RISK_UNIT,risk_unit == 0 or non-finite,NQZ17-CME,6780608,2017-11-01 16:30:07.001000+00:00,6255.25,{'stop_loss_price': 6255.25}
INVALID_RISK_UNIT,risk_unit == 0 or non-finite,NQZ17-CME,6780609,2017-11-01 16:30:07.002000+00:00,6255.25,{'stop_loss_price': 6255.25}
INVALID_RISK_UNIT,risk_unit == 0 or non-finite,NQZ17-CME,6780610,2017-11-01 16:30:07.003000+00:00,6255.25,{'stop_loss_price': 6255.25}
INVALID_RISK_UNIT,risk_unit == 0 or non-finite,NQZ17-CME,6780611,2017-11-01 16:30:07.004000+00:00,6255.25,{'stop_loss_price': 6255.25}
INVALID_RISK_UNIT,risk_unit == 0 or non-finite,NQZ17-CME,6780612,2017-11-01 16:30:07.005000+00:00,6255.25,{'stop_loss_price': 6255.25}
INVALID_RISK_UNIT,risk_unit == 0 or non-finite,NQZ17-CME,6780613,2017-11-01 16:30:07.006000+00:00,6255.25,{'stop_loss_price': 6255.25}
INVALID_RISK_UNIT,risk_unit == 0 or non-finite,NQZ17-CME,6823843,2017-11-01 18:05:18.007000+00:00,6242.5,{'stop_loss_price': 6242.5}
INVALID_RISK_UNIT,risk_unit == 0 or non-finite,NQZ17-CME,6823844,2017-11-01 18:05:18.008000+00:00,6242.5,{'stop_loss_price': 6242.5}
INVALID_RISK_UNIT,risk_unit == 0 or non-finite,NQZ17-CME,6890325,2017-11-02 02:41:01.013000+00:00,6224.0,{'stop_loss_price': 6224.0}
INVALID_RISK_UNIT,risk_unit == 0 or non-finite,NQZ17-CME,6890326,2017-11-02 02:41:01.014000+00:00,6224.0,{'stop_loss_price': 6224.0}
INVALID_RISK_UNIT,risk_unit == 0 or non-finite,NQZ17-CME,6890327,2017-11-02 02:41:01.015000+00:00,6224.0,{'stop_loss_price': 6224.0}
INVALID_RISK_UNIT,risk_unit == 0 or non-finite,NQZ17-CME,6890328,2017-11-02 02:41:01.016000+00:00,6224.0,{'stop_loss_price': 6224.0}
INVALID_RISK_UNIT,risk_unit == 0 or non-finite,NQZ17-CME,6890329,2017-11-02 02:41:01.017000+00:00,6224.0,{'stop_loss_price': 6224.0}
INVALID_RISK_UNIT,risk_unit == 0 or non-finite,NQZ17-CME,6890330,2017-11-02 02:41:01.018000+00:00,6224.0,{'stop_loss_price': 6224.0}
INVALID_RISK_UNIT,risk_unit == 0 or non-finite,NQZ17-CME,6890331,2017-11-02 02:41:01.019000+00:00,6224.0,{'stop_loss_price': 6224.0}
INVALID_RISK_UNIT,risk_unit == 0 or non-finite,NQZ17-CME,6890332,2017-11-02 02:41:01.020000+00:00,6224.0,{'stop_loss_price': 6224.0}
INVALID_RISK_UNIT,risk_unit == 0 or non-finite,NQZ17-CME,6890333,2017-11-02 02:41:01.021000+00:00,6224.0,{'stop_loss_price': 6224.0}
INVALID_RISK_UNIT,risk_unit == 0 or non-finite,NQZ17-CME,6890334,2017-11-02 02:41:01.022000+00:00,6224.0,{'stop_loss_price': 6224.0}
INVALID_RISK_UNIT,risk_unit == 0 or non-finite,NQZ17-CME,6890335,2017-11-02 02:41:01.023000+00:00,6224.0,{'stop_loss_price': 6224.0}
INVALID_RISK_UNIT,risk_unit == 0 or non-finite,NQZ17-CME,6890336,2017-11-02 02:41:01.024000+00:00,6224.0,{'stop_loss_price': 6224.0}
INVALID_RISK_UNIT,risk_unit == 0 or non-finite,NQZ17-CME,6890337,2017-11-02 02:41:03+00:00,6224.0,{'stop_loss_price': 6224.0}
INVALID_RISK_UNIT,risk_unit == 0 or non-finite,NQZ17-CME,6890338,2017-11-02 02:41:03.001000+00:00,6224.0,{'stop_loss_price': 6224.0}
INVALID_RISK_UNIT,risk_unit == 0 or non-finite,NQZ17-CME,6890339,2017-11-02 02:41:03.002000+00:00,6224.0,{'stop_loss_price': 6224.0}
INVALID_RISK_UNIT,risk_unit == 0 or non-finite,NQZ17-CME,6890340,2017-11-02 02:41:03.003000+00:00,6224.0,{'stop_loss_price': 6224.0}
INVALID_RISK_UNIT,risk_unit == 0 or non-finite,NQZ17-CME,6890341,2017-11-02 02:41:03.004000+00:00,6224.0,{'stop_loss_price': 6224.0}
INVALID_RISK_UNIT,risk_unit == 0 or non-finite,NQZ17-CME,6900150,2017-11-02 09:43:51.006000+00:00,6234.25,{'stop_loss_price': 6234.25}
INVALID_RISK_UNIT,risk_unit == 0 or non-finite,NQZ17-CME,6900151,2017-11-02 09:43:51.007000+00:00,6234.25,{'stop_loss_price': 6234.25}
INVALID_RISK_UNIT,risk_unit == 0 or non-finite,NQZ17-CME,6900152,2017-11-02 09:43:51.008000+00:00,6234.25,{'stop_loss_price': 6234.25}
INVALID_RISK_UNIT,risk_unit == 0 or non-finite,NQZ17-CME,6900153,2017-11-02 09:43:51.009000+00:00,6234.25,{'stop_loss_price': 6234.25}
INVALID_RISK_UNIT,risk_unit == 0 or non-finite,NQZ17-CME,6900154,2017-11-02 09:43:51.010000+00:00,6234.25,{'stop_loss_price': 6234.25}
INVALID_RISK_UNIT,risk_unit == 0 or non-finite,NQZ17-CME,6900155,2017-11-02 09:43:51.011000+00:00,6234.25,{'stop_loss_price': 6234.25}
INVALID_RISK_UNIT,risk_unit == 0 or non-finite,NQZ17-CME,6900156,2017-11-02 09:43:51.012000+00:00,6234.25,{'stop_loss_price': 6234.25}
INVALID_RISK_UNIT,risk_unit == 0 or non-finite,NQZ17-CME,6900157,2017-11-02 09:43:58+00:00,6234.25,{'stop_loss_price': 6234.25}
INVALID_RISK_UNIT,risk_unit == 0 or non-finite,NQZ17-CME,6947547,2017-11-02 14:03:34.148000+00:00,6225.0,{'stop_loss_price': 6225.0}
INVALID_RISK_UNIT,risk_unit == 0 or non-finite,NQZ17-CME,6947548,2017-11-02 14:03:34.149000+00:00,6225.0,{'stop_loss_price': 6225.0}
INVALID_RISK_UNIT,risk_unit == 0 or non-finite,NQZ17-CME,6947549,2017-11-02 14:03:34.150000+00:00,6225.0,{'stop_loss_price': 6225.0}
INVALID_RISK_UNIT,risk_unit == 0 or non-finite,NQZ17-CME,6947550,2017-11-02 14:03:34.151000+00:00,6225.0,{'stop_loss_price': 6225.0}
INVALID_RISK_UNIT,risk_unit == 0 or non-finite,NQZ17-CME,6947551,2017-11-02 14:03:34.152000+00:00,6225.0,{'stop_loss_price': 6225.0}
INVALID_RISK_UNIT,risk_unit == 0 or non-finite,NQZ17-CME,6947552,2017-11-02 14:03:34.153000+00:00,6225.0,{'stop_loss_price': 6225.0}
INVALID_RISK_UNIT,risk_unit == 0 or non-finite,NQZ17-CME,6947553,2017-11-02 14:03:34.154000+00:00,6225.0,{'stop_loss_price': 6225.0}
INVALID_RISK_UNIT,risk_unit == 0 or non-finite,NQZ17-CME,6947554,2017-11-02 14:03:34.155000+00:00,6225.0,{'stop_loss_price': 6225.0}
INVALID_RISK_UNIT,risk_unit == 0 or non-finite,NQZ17-CME,6947555,2017-11-02 14:03:34.156000+00:00,6225.0,{'stop_loss_price': 6225.0}
INVALID_RISK_UNIT,risk_unit == 0 or non-finite,NQZ17-CME,6947556,2017-11-02 14:03:34.157000+00:00,6225.0,{'stop_loss_price': 6225.0}
INVALID_RISK_UNIT,risk_unit == 0 or non-finite,NQZ17-CME,6947557,2017-11-02 14:03:34.158000+00:00,6225.0,{'stop_loss_price': 6225.0}
INVALID_RISK_UNIT,risk_unit == 0 or non-finite,NQZ17-CME,6947558,2017-11-02 14:03:34.159000+00:00,6225.0,{'stop_loss_price': 6225.0}
INVALID_RISK_UNIT,risk_unit == 0 or non-finite,NQZ17-CME,6947559,2017-11-02 14:03:34.160000+00:00,6225.0,{'stop_loss_price': 6225.0}
INVALID_RISK_UNIT,risk_unit == 0 or non-finite,NQZ17-CME,6947560,2017-11-02 14:03:34.161000+00:00,6225.0,{'stop_loss_price': 6225.0}
INVALID_RISK_UNIT,risk_unit == 0 or non-finite,NQZ17-CME,6947561,2017-11-02 14:03:34.162000+00:00,6225.0,{'stop_loss_price': 6225.0}
INVALID_RISK_UNIT,risk_unit == 0 or non-finite,NQZ17-CME,6947562,2017-11-02 14:03:34.163000+00:00,6225.0,{'stop_loss_price': 6225.0}
INVALID_RISK_UNIT,risk_unit == 0 or non-finite,NQZ17-CME,6947566,2017-11-02 14:03:34.167000+00:00,6225.0,{'stop_loss_price': 6225.0}
INVALID_RISK_UNIT,risk_unit == 0 or non-finite,NQZ17-CME,7046925,2017-11-02 16:20:22+00:00,6220.5,{'stop_loss_price': 6220.5}
INVALID_RISK_UNIT,risk_unit == 0 or non-finite,NQZ17-CME,7046926,2017-11-02 16:20:22.001000+00:00,6220.5,{'stop_loss_price': 6220.5}
INVALID_RISK_UNIT,risk_unit == 0 or non-finite,NQZ17-CME,7046927,2017-11-02 16:20:22.002000+00:00,6220.5,{'stop_loss_price': 6220.5}
INVALID_RISK_UNIT,risk_unit == 0 or non-finite,NQZ17-CME,7046928,2017-11-02 16:20:22.003000+00:00,6220.5,{'stop_loss_price': 6220.5}
INVALID_RISK_UNIT,risk_unit == 0 or non-finite,NQZ17-CME,7046929,2017-11-02 16:20:22.004000+00:00,6220.5,{'stop_loss_price': 6220.5}
INVALID_RISK_UNIT,risk_unit == 0 or non-finite,NQZ17-CME,7046930,2017-11-02 16:20:22.005000+00:00,6220.5,{'stop_loss_price': 6220.5}
INVALID_RISK_UNIT,risk_unit == 0 or non-finite,NQZ17-CME,7046931,2017-11-02 16:20:22.006000+00:00,6220.5,{'stop_loss_price': 6220.5}
INVALID_RISK_UNIT,risk_unit == 0 or non-finite,NQZ17-CME,7046932,2017-11-02 16:20:22.007000+00:00,6220.5,{'stop_loss_price': 6220.5}
INVALID_RISK_UNIT,risk_unit == 0 or non-finite,NQZ17-CME,7046933,2017-11-02 16:20:22.008000+00:00,6220.5,{'stop_loss_price': 6220.5}
INVALID_RISK_UNIT,risk_unit == 0 or non-finite,NQZ17-CME,7075788,2017-11-02 18:02:13+00:00,6220.0,{'stop_loss_price': 6220.0}
INVALID_RISK_UNIT,risk_unit == 0 or non-finite,NQZ17-CME,7075789,2017-11-02 18:02:13.001000+00:00,6220.0,{'stop_loss_price': 6220.0}
INVALID_RISK_UNIT,risk_unit == 0 or non-finite,NQZ17-CME,7075790,2017-11-02 18:02:13.002000+00:00,6220.0,{'stop_loss_price': 6220.0}
INVALID_RISK_UNIT,risk_unit == 0 or non-finite,NQZ17-CME,7075791,2017-11-02 18:02:13.003000+00:00,6220.0,{'stop_loss_price': 6220.0}
INVALID_RISK_UNIT,risk_unit == 0 or non-finite,NQZ17-CME,7075798,2017-11-02 18:02:15+00:00,6220.0,{'stop_loss_price': 6220.0}
INVALID_RISK_UNIT,risk_unit == 0 or non-finite,NQZ17-CME,7075799,2017-11-02 18:02:15.001000+00:00,6220.0,{'stop_loss_price': 6220.0}
INVALID_RISK_UNIT,risk_unit == 0 or non-finite,NQZ17-CME,7075800,2017-11-02 18:02:15.002000+00:00,6220.0,{'stop_loss_price': 6220.0}
INVALID_RISK_UNIT,risk_unit == 0 or non-finite,NQZ17-CME,7075801,2017-11-02 18:02:15.003000+00:00,6220.0,{'stop_loss_price': 6220.0}
INVALID_RISK_UNIT,risk_unit == 0 or non-finite,NQZ17-CME,7123395,2017-11-03 00:32:02+00:00,6254.25,{'stop_loss_price': 6254.25}
INVALID_RISK_UNIT,risk_unit == 0 or non-finite,NQZ17-CME,7123396,2017-11-03 00:32:02.001000+00:00,6254.25,{'stop_loss_price': 6254.25}
INVALID_RISK_UNIT,risk_unit == 0 or non-finite,NQZ17-CME,7123397,2017-11-03 00:32:56+00:00,6254.25,{'stop_loss_price': 6254.25}
INVALID_RISK_UNIT,risk_unit == 0 or non-finite,NQZ17-CME,7133564,2017-11-03 10:34:56.001000+00:00,6256.0,{'stop_loss_price': 6256.0}
INVALID_RISK_UNIT,risk_unit == 0 or non-finite,NQZ17-CME,7133565,2017-11-03 10:34:56.002000+00:00,6256.0,{'stop_loss_price': 6256.0}
INVALID_RISK_UNIT,risk_unit == 0 or non-finite,NQZ17-CME,7133566,2017-11-03 10:34:56.003000+00:00,6256.0,{'stop_loss_price': 6256.0}
INVALID_RISK_UNIT,risk_unit == 0 or non-finite,NQZ17-CME,7133567,2017-11-03 10:34:56.004000+00:00,6256.0,{'stop_loss_price': 6256.0}
INVALID_RISK_UNIT,risk_unit == 0 or non-finite,NQZ17-CME,7133568,2017-11-03 10:34:56.005000+00:00,6256.0,{'stop_loss_price': 6256.0}
INVALID_RISK_UNIT,risk_unit == 0 or non-finite,NQZ17-CME,7133569,2017-11-03 10:34:56.006000+00:00,6256.0,{'stop_loss_price': 6256.0}
INVALID_RISK_UNIT,risk_unit == 0 or non-finite,NQZ17-CME,7133570,2017-11-03 10:34:56.007000+00:00,6256.0,{'stop_loss_price': 6256.0}
INVALID_RISK_UNIT,risk_unit == 0 or non-finite,NQZ17-CME,7133571,2017-11-03 10:34:56.008000+00:00,6256.0,{'stop_loss_price': 6256.0}
INVALID_RISK_UNIT,risk_unit == 0 or non-finite,NQZ17-CME,7133572,2017-11-03 10:34:56.009000+00:00,6256.0,{'stop_loss_price': 6256.0}
INVALID_RISK_UNIT,risk_unit == 0 or non-finite,NQZ17-CME,7133573,2017-11-03 10:34:56.010000+00:00,6256.0,{'stop_loss_price': 6256.0}
INVALID_RISK_UNIT,risk_unit == 0 or non-finite,NQZ17-CME,7133574,2017-11-03 10:34:56.011000+00:00,6256.0,{'stop_loss_price': 6256.0}
INVALID_RISK_UNIT,risk_unit == 0 or non-finite,NQZ17-CME,7133575,2017-11-03 10:34:56.012000+00:00,6256.0,{'stop_loss_price': 6256.0}
INVALID_RISK_UNIT,risk_unit == 0 or non-finite,NQZ17-CME,7133576,2017-11-03 10:34:56.013000+00:00,6256.0,{'stop_loss_price': 6256.0}
INVALID_RISK_UNIT,risk_unit == 0 or non-finite,NQZ17-CME,7153101,2017-11-03 13:32:02.017000+00:00,6256.75,{'stop_loss_price': 6256.75}
INVALID_RISK_UNIT,risk_unit == 0 or non-finite,NQZ17-CME,7197692,2017-11-03 14:20:39.011000+00:00,6245.0,{'stop_loss_price': 6245.0}
INVALID_RISK_UNIT,risk_unit == 0 or non-finite,NQZ17-CME,7199638,2017-11-03 14:23:08.003000+00:00,6248.75,{'stop_loss_price': 6248.75}
INVALID_RISK_UNIT,risk_unit == 0 or non-finite,NQZ17-CME,7199639,2017-11-03 14:23:08.004000+00:00,6248.75,{'stop_loss_price': 6248.75}
INVALID_RISK_UNIT,risk_unit == 0 or non-finite,NQZ17-CME,7199640,2017-11-03 14:23:08.005000+00:00,6248.75,{'stop_loss_price': 6248.75}
INVALID_RISK_UNIT,risk_unit == 0 or non-finite,NQZ17-CME,7199641,2017-11-03 14:23:08.006000+00:00,6248.75,{'stop_loss_price': 6248.75}
INVALID_RISK_UNIT,risk_unit == 0 or non-finite,NQZ17-CME,7273768,2017-11-03 17:44:54.001000+00:00,6285.75,{'stop_loss_price': 6285.75}
INVALID_RISK_UNIT,risk_unit == 0 or non-finite,NQZ17-CME,7273769,2017-11-03 17:44:54.002000+00:00,6285.75,{'stop_loss_price': 6285.75}
INVALID_RISK_UNIT,risk_unit == 0 or non-finite,NQZ17-CME,7273770,2017-11-03 17:44:54.003000+00:00,6285.75,{'stop_loss_price': 6285.75}
INVALID_RISK_UNIT,risk_unit == 0 or non-finite,NQZ17-CME,7277654,2017-11-03 17:58:37.001000+00:00,6283.75,{'stop_loss_price': 6283.75}
INVALID_RISK_UNIT,risk_unit == 0 or non-finite,NQZ17-CME,7277655,2017-11-03 17:58:37.002000+00:00,6283.75,{'stop_loss_price': 6283.75}
INVALID_RISK_UNIT,risk_unit == 0 or non-finite,NQZ17-CME,7277656,2017-11-03 17:58:37.003000+00:00,6283.75,{'stop_loss_price': 6283.75}
INVALID_RISK_UNIT,risk_unit == 0 or non-finite,NQZ17-CME,7277657,2017-11-03 17:58:37.004000+00:00,6283.75,{'stop_loss_price': 6283.75}
INVALID_RISK_UNIT,risk_unit == 0 or non-finite,NQZ17-CME,7277658,2017-11-03 17:58:37.005000+00:00,6283.75,{'stop_loss_price': 6283.75}
INVALID_RISK_UNIT,risk_unit == 0 or non-finite,NQZ17-CME,7277659,2017-11-03 17:58:39+00:00,6283.75,{'stop_loss_price': 6283.75}
INVALID_RISK_UNIT,risk_unit == 0 or non-finite,NQZ17-CME,7277660,2017-11-03 17:58:39.001000+00:00,6283.75,{'stop_loss_price': 6283.75}
INVALID_RISK_UNIT,risk_unit == 0 or non-finite,NQZ17-CME,7277661,2017-11-03 17:58:39.002000+00:00,6283.75,{'stop_loss_price': 6283.75}
INVALID_RISK_UNIT,risk_unit == 0 or non-finite,NQZ17-CME,7277662,2017-11-03 17:58:39.003000+00:00,6283.75,{'stop_loss_price': 6283.75}
INVALID_RISK_UNIT,risk_unit == 0 or non-finite,NQZ17-CME,7277663,2017-11-03 17:58:39.004000+00:00,6283.75,{'stop_loss_price': 6283.75}
INVALID_RISK_UNIT,risk_unit == 0 or non-finite,NQZ17-CME,7277664,2017-11-03 17:58:39.005000+00:00,6283.75,{'stop_loss_price': 6283.75}
INVALID_RISK_UNIT,risk_unit == 0 or non-finite,NQZ17-CME,7277665,2017-11-03 17:58:39.006000+00:00,6283.75,{'stop_loss_price': 6283.75}
INVALID_RISK_UNIT,risk_unit == 0 or non-finite,NQZ17-CME,7278293,2017-11-03 18:00:22+00:00,6285.25,{'stop_loss_price': 6285.25}
INVALID_RISK_UNIT,risk_unit == 0 or non-finite,NQZ17-CME,7278294,2017-11-03 18:00:22.001000+00:00,6285.25,{'stop_loss_price': 6285.25}
INVALID_RISK_UNIT,risk_unit == 0 or non-finite,NQZ17-CME,7278295,2017-11-03 18:00:23+00:00,6285.25,{'stop_loss_price': 6285.25}
INVALID_RISK_UNIT,risk_unit == 0 or non-finite,NQZ17-CME,7278296,2017-11-03 18:00:23.001000+00:00,6285.25,{'stop_loss_price': 6285.25}
INVALID_RISK_UNIT,risk_unit == 0 or non-finite,NQZ17-CME,7278297,2017-11-03 18:00:24+00:00,6285.25,{'stop_loss_price': 6285.25}
INVALID_RISK_UNIT,risk_unit == 0 or non-finite,NQZ17-CME,7278298,2017-11-03 18:00:24.001000+00:00,6285.25,{'stop_loss_price': 6285.25}
INVALID_RISK_UNIT,risk_unit == 0 or non-finite,NQZ17-CME,7325231,2017-11-06 01:28:20.008000+00:00,6284.25,{'stop_loss_price': 6284.25}
INVALID_RISK_UNIT,risk_unit == 0 or non-finite,NQZ17-CME,7325232,2017-11-06 01:28:20.009000+00:00,6284.25,{'stop_loss_price': 6284.25}
INVALID_RISK_UNIT,risk_unit == 0 or non-finite,NQZ17-CME,7325233,2017-11-06 01:28:20.010000+00:00,6284.25,{'stop_loss_price': 6284.25}
INVALID_RISK_UNIT,risk_unit == 0 or non-finite,NQZ17-CME,7325234,2017-11-06 01:28:20.011000+00:00,6284.25,{'stop_loss_price': 6284.25}
INVALID_RISK_UNIT,risk_unit == 0 or non-finite,NQZ17-CME,7342185,2017-11-06 10:56:53+00:00,6286.75,{'stop_loss_price': 6286.75}
INVALID_RISK_UNIT,risk_unit == 0 or non-finite,NQZ17-CME,7342499,2017-11-06 11:04:02+00:00,6286.0,{'stop_loss_price': 6286.0}
INVALID_RISK_UNIT,risk_unit == 0 or non-finite,NQZ17-CME,7342500,2017-11-06 11:04:02.001000+00:00,6286.0,{'stop_loss_price': 6286.0}
INVALID_RISK_UNIT,risk_unit == 0 or non-finite,NQZ17-CME,7342501,2017-11-06 11:04:08+00:00,6286.0,{'stop_loss_price': 6286.0}
INVALID_RISK_UNIT,risk_unit == 0 or non-finite,NQZ17-CME,7342502,2017-11-06 11:04:14+00:00,6286.0,{'stop_loss_price': 6286.0}
INVALID_RISK_UNIT,risk_unit == 0 or non-finite,NQZ17-CME,7342503,2017-11-06 11:04:14.001000+00:00,6286.0,{'stop_loss_price': 6286.0}
INVALID_RISK_UNIT,risk_unit == 0 or non-finite,NQZ17-CME,7342504,2017-11-06 11:04:36+00:00,6286.0,{'stop_loss_price': 6286.0}
INVALID_RISK_UNIT,risk_unit == 0 or non-finite,NQZ17-CME,7342510,2017-11-06 11:05:45+00:00,6286.0,{'stop_loss_price': 6286.0}
INVALID_RISK_UNIT,risk_unit == 0 or non-finite,NQZ17-CME,7342511,2017-11-06 11:05:58+00:00,6286.0,{'stop_loss_price': 6286.0}
INVALID_RISK_UNIT,risk_unit == 0 or non-finite,NQZ17-CME,7342512,2017-11-06 11:05:58.001000+00:00,6286.0,{'stop_loss_price': 6286.0}
INVALID_RISK_UNIT,risk_unit == 0 or non-finite,NQZ17-CME,7342513,2017-11-06 11:05:58.002000+00:00,6286.0,{'stop_loss_price': 6286.0}
INVALID_RISK_UNIT,risk_unit == 0 or non-finite,NQZ17-CME,7342514,2017-11-06 11:05:58.003000+00:00,6286.0,{'stop_loss_price': 6286.0}
INVALID_RISK_UNIT,risk_unit == 0 or non-finite,NQZ17-CME,7342515,2017-11-06 11:05:58.004000+00:00,6286.0,{'stop_loss_price': 6286.0}
INVALID_RISK_UNIT,risk_unit == 0 or non-finite,NQZ17-CME,7342516,2017-11-06 11:05:58.005000+00:00,6286.0,{'stop_loss_price': 6286.0}
INVALID_RISK_UNIT,risk_unit == 0 or non-finite,NQZ17-CME,7373036,2017-11-06 14:50:58.001000+00:00,6302.75,{'stop_loss_price': 6302.75}
INVALID_RISK_UNIT,risk_unit == 0 or non-finite,NQZ17-CME,7373037,2017-11-06 14:50:58.002000+00:00,6302.75,{'stop_loss_price': 6302.75}
INVALID_RISK_UNIT,risk_unit == 0 or non-finite,NQZ17-CME,7373038,2017-11-06 14:50:58.003000+00:00,6302.75,{'stop_loss_price': 6302.75}
INVALID_RISK_UNIT,risk_unit == 0 or non-finite,NQZ17-CME,7373039,2017-11-06 14:51:00+00:00,6302.75,{'stop_loss_price': 6302.75}
INVALID_RISK_UNIT,risk_unit == 0 or non-finite,NQZ17-CME,7373040,2017-11-06 14:51:00.001000+00:00,6302.75,{'stop_loss_price': 6302.75}
INVALID_RISK_UNIT,risk_unit == 0 or non-finite,NQZ17-CME,7373041,2017-11-06 14:51:00.002000+00:00,6302.75,{'stop_loss_price': 6302.75}
INVALID_RISK_UNIT,risk_unit == 0 or non-finite,NQZ17-CME,7373042,2017-11-06 14:51:00.003000+00:00,6302.75,{'stop_loss_price': 6302.75}
INVALID_RISK_UNIT,risk_unit == 0 or non-finite,NQZ17-CME,7373043,2017-11-06 14:51:00.004000+00:00,6302.75,{'stop_loss_price': 6302.75}
INVALID_RISK_UNIT,risk_unit == 0 or non-finite,NQZ17-CME,7373044,2017-11-06 14:51:00.005000+00:00,6302.75,{'stop_loss_price': 6302.75}
INVALID_RISK_UNIT,risk_unit == 0 or non-finite,NQZ17-CME,7373045,2017-11-06 14:51:00.006000+00:00,6302.75,{'stop_loss_price': 6302.75}
INVALID_RISK_UNIT,risk_unit == 0 or non-finite,NQZ17-CME,7373046,2017-11-06 14:51:00.007000+00:00,6302.75,{'stop_loss_price': 6302.75}
INVALID_RISK_UNIT,risk_unit == 0 or non-finite,NQZ17-CME,7373047,2017-11-06 14:51:00.008000+00:00,6302.75,{'stop_loss_price': 6302.75}
INVALID_RISK_UNIT,risk_unit == 0 or non-finite,NQZ17-CME,7373048,2017-11-06 14:51:00.009000+00:00,6302.75,{'stop_loss_price': 6302.75}
INVALID_RISK_UNIT,risk_unit == 0 or non-finite,NQZ17-CME,7373049,2017-11-06 14:51:00.010000+00:00,6302.75,{'stop_loss_price': 6302.75}
INVALID_RISK_UNIT,risk_unit == 0 or non-finite,NQZ17-CME,7373050,2017-11-06 14:51:00.011000+00:00,6302.75,{'stop_loss_price': 6302.75}
INVALID_RISK_UNIT,risk_unit == 0 or non-finite,NQZ17-CME,7373057,2017-11-06 14:51:00.018000+00:00,6302.75,{'stop_loss_price': 6302.75}
INVALID_RISK_UNIT,risk_unit == 0 or non-finite,NQZ17-CME,7373058,2017-11-06 14:51:00.019000+00:00,6302.75,{'stop_loss_price': 6302.75}
INVALID_RISK_UNIT,risk_unit == 0 or non-finite,NQZ17-CME,7373060,2017-11-06 14:51:00.021000+00:00,6302.75,{'stop_loss_price': 6302.75}
INVALID_RISK_UNIT,risk_unit == 0 or non-finite,NQZ17-CME,7431069,2017-11-06 18:04:44.001000+00:00,6306.25,{'stop_loss_price': 6306.25}
INVALID_RISK_UNIT,risk_unit == 0 or non-finite,NQZ17-CME,7478890,2017-11-07 08:05:25+00:00,6321.75,{'stop_loss_price': 6321.75}
INVALID_RISK_UNIT,risk_unit == 0 or non-finite,NQZ17-CME,7521876,2017-11-07 14:59:20.006000+00:00,6319.0,{'stop_loss_price': 6319.0}
INVALID_RISK_UNIT,risk_unit == 0 or non-finite,NQZ17-CME,7521877,2017-11-07 14:59:21+00:00,6319.0,{'stop_loss_price': 6319.0}
INVALID_RISK_UNIT,risk_unit == 0 or non-finite,NQZ17-CME,7521878,2017-11-07 14:59:21.001000+00:00,6319.0,{'stop_loss_price': 6319.0}
INVALID_RISK_UNIT,risk_unit == 0 or non-finite,NQZ17-CME,7521879,2017-11-07 14:59:21.002000+00:00,6319.0,{'stop_loss_price': 6319.0}
INVALID_RISK_UNIT,risk_unit == 0 or non-finite,NQZ17-CME,7521881,2017-11-07 14:59:21.004000+00:00,6319.0,{'stop_loss_price': 6319.0}
INVALID_RISK_UNIT,risk_unit == 0 or non-finite,NQZ17-CME,7528453,2017-11-07 15:05:35.011000+00:00,6308.75,{'stop_loss_price': 6308.75}
INVALID_RISK_UNIT,risk_unit == 0 or non-finite,NQZ17-CME,7528454,2017-11-07 15:05:35.012000+00:00,6308.75,{'stop_loss_price': 6308.75}
INVALID_RISK_UNIT,risk_unit == 0 or non-finite,NQZ17-CME,7528455,2017-11-07 15:05:35.013000+00:00,6308.75,{'stop_loss_price': 6308.75}
INVALID_RISK_UNIT,risk_unit == 0 or non-finite,NQZ17-CME,7528456,2017-11-07 15:05:35.014000+00:00,6308.75,{'stop_loss_price': 6308.75}
INVALID_RISK_UNIT,risk_unit == 0 or non-finite,NQZ17-CME,7528457,2017-11-07 15:05:35.015000+00:00,6308.75,{'stop_loss_price': 6308.75}
INVALID_RISK_UNIT,risk_unit == 0 or non-finite,NQZ17-CME,7528458,2017-11-07 15:05:35.016000+00:00,6308.75,{'stop_loss_price': 6308.75}
INVALID_RISK_UNIT,risk_unit == 0 or non-finite,NQZ17-CME,7528459,2017-11-07 15:05:35.017000+00:00,6308.75,{'stop_loss_price': 6308.75}
INVALID_RISK_UNIT,risk_unit == 0 or non-finite,NQZ17-CME,7528460,2017-11-07 15:05:35.018000+00:00,6308.75,{'stop_loss_price': 6308.75}
INVALID_RISK_UNIT,risk_unit == 0 or non-finite,NQZ17-CME,7528461,2017-11-07 15:05:35.019000+00:00,6308.75,{'stop_loss_price': 6308.75}
INVALID_RISK_UNIT,risk_unit == 0 or non-finite,NQZ17-CME,7528462,2017-11-07 15:05:35.020000+00:00,6308.75,{'stop_loss_price': 6308.75}
INVALID_RISK_UNIT,risk_unit == 0 or non-finite,NQZ17-CME,7528463,2017-11-07 15:05:35.021000+00:00,6308.75,{'stop_loss_price': 6308.75}
INVALID_RISK_UNIT,risk_unit == 0 or non-finite,NQZ17-CME,7528464,2017-11-07 15:05:35.022000+00:00,6308.75,{'stop_loss_price': 6308.75}
INVALID_RISK_UNIT,risk_unit == 0 or non-finite,NQZ17-CME,7528465,2017-11-07 15:05:35.023000+00:00,6308.75,{'stop_loss_price': 6308.75}
INVALID_RISK_UNIT,risk_unit == 0 or non-finite,NQZ17-CME,7528466,2017-11-07 15:05:35.024000+00:00,6308.75,{'stop_loss_price': 6308.75}
INVALID_RISK_UNIT,risk_unit == 0 or non-finite,NQZ17-CME,7528467,2017-11-07 15:05:35.025000+00:00,6308.75,{'stop_loss_price': 6308.75}
INVALID_RISK_UNIT,risk_unit == 0 or non-finite,NQZ17-CME,7528468,2017-11-07 15:05:35.026000+00:00,6308.75,{'stop_loss_price': 6308.75}
INVALID_RISK_UNIT,risk_unit == 0 or non-finite,NQZ17-CME,7528469,2017-11-07 15:05:35.027000+00:00,6308.75,{'stop_loss_price': 6308.75}
INVALID_RISK_UNIT,risk_unit == 0 or non-finite,NQZ17-CME,7528471,2017-11-07 15:05:35.029000+00:00,6308.75,{'stop_loss_price': 6308.75}
INVALID_RISK_UNIT,risk_unit == 0 or non-finite,NQZ17-CME,7569429,2017-11-07 16:02:01.016000+00:00,6311.0,{'stop_loss_price': 6311.0}
INVALID_RISK_UNIT,risk_unit == 0 or non-finite,NQZ17-CME,7569430,2017-11-07 16:02:01.017000+00:00,6311.0,{'stop_loss_price': 6311.0}
INVALID_RISK_UNIT,risk_unit == 0 or non-finite,NQZ17-CME,7569431,2017-11-07 16:02:01.018000+00:00,6311.0,{'stop_loss_price': 6311.0}
INVALID_RISK_UNIT,risk_unit == 0 or non-finite,NQZ17-CME,7569434,2017-11-07 16:02:02.002000+00:00,6311.0,{'stop_loss_price': 6311.0}
INVALID_RISK_UNIT,risk_unit == 0 or non-finite,NQZ17-CME,7569435,2017-11-07 16:02:02.003000+00:00,6311.0,{'stop_loss_price': 6311.0}
INVALID_RISK_UNIT,risk_unit == 0 or non-finite,NQZ17-CME,7569436,2017-11-07 16:02:02.004000+00:00,6311.0,{'stop_loss_price': 6311.0}
INVALID_RISK_UNIT,risk_unit == 0 or non-finite,NQZ17-CME,7569437,2017-11-07 16:02:02.005000+00:00,6311.0,{'stop_loss_price': 6311.0}
INVALID_RISK_UNIT,risk_unit == 0 or non-finite,NQZ17-CME,7569438,2017-11-07 16:02:02.006000+00:00,6311.0,{'stop_loss_price': 6311.0}
INVALID_RISK_UNIT,risk_unit == 0 or non-finite,NQZ17-CME,7569439,2017-11-07 16:02:02.007000+00:00,6311.0,{'stop_loss_price': 6311.0}
INVALID_RISK_UNIT,risk_unit == 0 or non-finite,NQZ17-CME,7569440,2017-11-07 16:02:02.008000+00:00,6311.0,{'stop_loss_price': 6311.0}
INVALID_RISK_UNIT,risk_unit == 0 or non-finite,NQZ17-CME,7569441,2017-11-07 16:02:02.009000+00:00,6311.0,{'stop_loss_price': 6311.0}
INVALID_RISK_UNIT,risk_unit == 0 or non-finite,NQZ17-CME,7569442,2017-11-07 16:02:02.010000+00:00,6311.0,{'stop_loss_price': 6311.0}
INVALID_RISK_UNIT,risk_unit == 0 or non-finite,NQZ17-CME,7569443,2017-11-07 16:02:02.011000+00:00,6311.0,{'stop_loss_price': 6311.0}
INVALID_RISK_UNIT,risk_unit == 0 or non-finite,NQZ17-CME,7569444,2017-11-07 16:02:02.012000+00:00,6311.0,{'stop_loss_price': 6311.0}
INVALID_RISK_UNIT,risk_unit == 0 or non-finite,NQZ17-CME,7569445,2017-11-07 16:02:02.013000+00:00,6311.0,{'stop_loss_price': 6311.0}
INVALID_RISK_UNIT,risk_unit == 0 or non-finite,NQZ17-CME,7569446,2017-11-07 16:02:02.014000+00:00,6311.0,{'stop_loss_price': 6311.0}
INVALID_RISK_UNIT,risk_unit == 0 or non-finite,NQZ17-CME,7569447,2017-11-07 16:02:02.015000+00:00,6311.0,{'stop_loss_price': 6311.0}
INVALID_RISK_UNIT,risk_unit == 0 or non-finite,NQZ17-CME,7569448,2017-11-07 16:02:02.016000+00:00,6311.0,{'stop_loss_price': 6311.0}
INVALID_RISK_UNIT,risk_unit == 0 or non-finite,NQZ17-CME,7569449,2017-11-07 16:02:02.017000+00:00,6311.0,{'stop_loss_price': 6311.0}
INVALID_RISK_UNIT,risk_unit == 0 or non-finite,NQZ17-CME,7569450,2017-11-07 16:02:02.018000+00:00,6311.0,{'stop_loss_price': 6311.0}
INVALID_RISK_UNIT,risk_unit == 0 or non-finite,NQZ17-CME,7569451,2017-11-07 16:02:02.019000+00:00,6311.0,{'stop_loss_price': 6311.0}
INVALID_RISK_UNIT,risk_unit == 0 or non-finite,NQZ17-CME,7569452,2017-11-07 16:02:02.020000+00:00,6311.0,{'stop_loss_price': 6311.0}
INVALID_RISK_UNIT,risk_unit == 0 or non-finite,NQZ17-CME,7569453,2017-11-07 16:02:02.021000+00:00,6311.0,{'stop_loss_price': 6311.0}
INVALID_RISK_UNIT,risk_unit == 0 or non-finite,NQZ17-CME,7569454,2017-11-07 16:02:02.022000+00:00,6311.0,{'stop_loss_price': 6311.0}
INVALID_RISK_UNIT,risk_unit == 0 or non-finite,NQZ17-CME,7569455,2017-11-07 16:02:02.023000+00:00,6311.0,{'stop_loss_price': 6311.0}
INVALID_RISK_UNIT,risk_unit == 0 or non-finite,NQZ17-CME,7569456,2017-11-07 16:02:02.024000+00:00,6311.0,{'stop_loss_price': 6311.0}
INVALID_RISK_UNIT,risk_unit == 0 or non-finite,NQZ17-CME,7569457,2017-11-07 16:02:02.025000+00:00,6311.0,{'stop_loss_price': 6311.0}
INVALID_RISK_UNIT,risk_unit == 0 or non-finite,NQZ17-CME,7569458,2017-11-07 16:02:02.026000+00:00,6311.0,{'stop_loss_price': 6311.0}
INVALID_RISK_UNIT,risk_unit == 0 or non-finite,NQZ17-CME,7569459,2017-11-07 16:02:02.027000+00:00,6311.0,{'stop_loss_price': 6311.0}
INVALID_RISK_UNIT,risk_unit == 0 or non-finite,NQZ17-CME,7569460,2017-11-07 16:02:02.028000+00:00,6311.0,{'stop_loss_price': 6311.0}
INVALID_RISK_UNIT,risk_unit == 0 or non-finite,NQZ17-CME,7569461,2017-11-07 16:02:02.029000+00:00,6311.0,{'stop_loss_price': 6311.0}
INVALID_RISK_UNIT,risk_unit == 0 or non-finite,NQZ17-CME,7569462,2017-11-07 16:02:02.030000+00:00,6311.0,{'stop_loss_price': 6311.0}
INVALID_RISK_UNIT,risk_unit == 0 or non-finite,NQZ17-CME,7569463,2017-11-07 16:02:02.031000+00:00,6311.0,{'stop_loss_price': 6311.0}
INVALID_RISK_UNIT,risk_unit == 0 or non-finite,NQZ17-CME,7569464,2017-11-07 16:02:02.032000+00:00,6311.0,{'stop_loss_price': 6311.0}
INVALID_RISK_UNIT,risk_unit == 0 or non-finite,NQZ17-CME,7569465,2017-11-07 16:02:02.033000+00:00,6311.0,{'stop_loss_price': 6311.0}
INVALID_RISK_UNIT,risk_unit == 0 or non-finite,NQZ17-CME,7569466,2017-11-07 16:02:02.034000+00:00,6311.0,{'stop_loss_price': 6311.0}
INVALID_RISK_UNIT,risk_unit == 0 or non-finite,NQZ17-CME,7569467,2017-11-07 16:02:02.035000+00:00,6311.0,{'stop_loss_price': 6311.0}
INVALID_RISK_UNIT,risk_unit == 0 or non-finite,NQZ17-CME,7569468,2017-11-07 16:02:02.036000+00:00,6311.0,{'stop_loss_price': 6311.0}
INVALID_RISK_UNIT,risk_unit == 0 or non-finite,NQZ17-CME,7569469,2017-11-07 16:02:02.037000+00:00,6311.0,{'stop_loss_price': 6311.0}
INVALID_RISK_UNIT,risk_unit == 0 or non-finite,NQZ17-CME,7569470,2017-11-07 16:02:02.038000+00:00,6311.0,{'stop_loss_price': 6311.0}
INVALID_RISK_UNIT,risk_unit == 0 or non-finite,NQZ17-CME,7569471,2017-11-07 16:02:02.039000+00:00,6311.0,{'stop_loss_price': 6311.0}
INVALID_RISK_UNIT,risk_unit == 0 or non-finite,NQZ17-CME,7569472,2017-11-07 16:02:02.040000+00:00,6311.0,{'stop_loss_price': 6311.0}
INVALID_RISK_UNIT,risk_unit == 0 or non-finite,NQZ17-CME,7569473,2017-11-07 16:02:02.041000+00:00,6311.0,{'stop_loss_price': 6311.0}
INVALID_RISK_UNIT,risk_unit == 0 or non-finite,NQZ17-CME,7569483,2017-11-07 16:02:03+00:00,6311.0,{'stop_loss_price': 6311.0}
INVALID_RISK_UNIT,risk_unit == 0 or non-finite,NQZ17-CME,7569484,2017-11-07 16:02:03.001000+00:00,6311.0,{'stop_loss_price': 6311.0}
INVALID_RISK_UNIT,risk_unit == 0 or non-finite,NQZ17-CME,7569485,2017-11-07 16:02:03.002000+00:00,6311.0,{'stop_loss_price': 6311.0}
INVALID_RISK_UNIT,risk_unit == 0 or non-finite,NQZ17-CME,7569486,2017-11-07 16:02:03.003000+00:00,6311.0,{'stop_loss_price': 6311.0}
INVALID_RISK_UNIT,risk_unit == 0 or non-finite,NQZ17-CME,7569487,2017-11-07 16:02:03.004000+00:00,6311.0,{'stop_loss_price': 6311.0}
INVALID_RISK_UNIT,risk_unit == 0 or non-finite,NQZ17-CME,7569488,2017-11-07 16:02:03.005000+00:00,6311.0,{'stop_loss_price': 6311.0}
INVALID_RISK_UNIT,risk_unit == 0 or non-finite,NQZ17-CME,7569489,2017-11-07 16:02:03.006000+00:00,6311.0,{'stop_loss_price': 6311.0}
INVALID_RISK_UNIT,risk_unit == 0 or non-finite,NQZ17-CME,7569490,2017-11-07 16:02:03.007000+00:00,6311.0,{'stop_loss_price': 6311.0}
INVALID_RISK_UNIT,risk_unit == 0 or non-finite,NQZ17-CME,7569491,2017-11-07 16:02:03.008000+00:00,6311.0,{'stop_loss_price': 6311.0}
INVALID_RISK_UNIT,risk_unit == 0 or non-finite,NQZ17-CME,7569492,2017-11-07 16:02:03.009000+00:00,6311.0,{'stop_loss_price': 6311.0}
INVALID_RISK_UNIT,risk_unit == 0 or non-finite,NQZ17-CME,7569493,2017-11-07 16:02:03.010000+00:00,6311.0,{'stop_loss_price': 6311.0}
INVALID_RISK_UNIT,risk_unit == 0 or non-finite,NQZ17-CME,7569494,2017-11-07 16:02:03.011000+00:00,6311.0,{'stop_loss_price': 6311.0}
INVALID_RISK_UNIT,risk_unit == 0 or non-finite,NQZ17-CME,7569495,2017-11-07 16:02:03.012000+00:00,6311.0,{'stop_loss_price': 6311.0}
INVALID_RISK_UNIT,risk_unit == 0 or non-finite,NQZ17-CME,7569496,2017-11-07 16:02:03.013000+00:00,6311.0,{'stop_loss_price': 6311.0}
INVALID_RISK_UNIT,risk_unit == 0 or non-finite,NQZ17-CME,7569497,2017-11-07 16:02:03.014000+00:00,6311.0,{'stop_loss_price': 6311.0}
INVALID_RISK_UNIT,risk_unit == 0 or non-finite,NQZ17-CME,7569498,2017-11-07 16:02:03.015000+00:00,6311.0,{'stop_loss_price': 6311.0}
INVALID_RISK_UNIT,risk_unit == 0 or non-finite,NQZ17-CME,7569534,2017-11-07 16:02:04.009000+00:00,6311.0,{'stop_loss_price': 6311.0}
INVALID_RISK_UNIT,risk_unit == 0 or non-finite,NQZ17-CME,7569535,2017-11-07 16:02:04.010000+00:00,6311.0,{'stop_loss_price': 6311.0}
INVALID_RISK_UNIT,risk_unit == 0 or non-finite,NQZ17-CME,7569536,2017-11-07 16:02:04.011000+00:00,6311.0,{'stop_loss_price': 6311.0}
INVALID_RISK_UNIT,risk_unit == 0 or non-finite,NQZ17-CME,7569537,2017-11-07 16:02:04.012000+00:00,6311.0,{'stop_loss_price': 6311.0}
INVALID_RISK_UNIT,risk_unit == 0 or non-finite,NQZ17-CME,7569538,2017-11-07 16:02:04.013000+00:00,6311.0,{'stop_loss_price': 6311.0}
INVALID_RISK_UNIT,risk_unit == 0 or non-finite,NQZ17-CME,7569539,2017-11-07 16:02:04.014000+00:00,6311.0,{'stop_loss_price': 6311.0}
INVALID_RISK_UNIT,risk_unit == 0 or non-finite,NQZ17-CME,7569540,2017-11-07 16:02:04.015000+00:00,6311.0,{'stop_loss_price': 6311.0}
INVALID_RISK_UNIT,risk_unit == 0 or non-finite,NQZ17-CME,7569541,2017-11-07 16:02:04.016000+00:00,6311.0,{'stop_loss_price': 6311.0}
INVALID_RISK_UNIT,risk_unit == 0 or non-finite,NQZ17-CME,7569543,2017-11-07 16:02:05+00:00,6311.0,{'stop_loss_price': 6311.0}
INVALID_RISK_UNIT,risk_unit == 0 or non-finite,NQZ17-CME,7598415,2017-11-07 17:04:55+00:00,6304.75,{'stop_loss_price': 6304.75}
INVALID_RISK_UNIT,risk_unit == 0 or non-finite,NQZ17-CME,7598416,2017-11-07 17:04:55.001000+00:00,6304.75,{'stop_loss_price': 6304.75}
INVALID_RISK_UNIT,risk_unit == 0 or non-finite,NQZ17-CME,7598417,2017-11-07 17:04:55.002000+00:00,6304.75,{'stop_loss_price': 6304.75}
INVALID_RISK_UNIT,risk_unit == 0 or non-finite,NQZ17-CME,7598418,2017-11-07 17:04:55.003000+00:00,6304.75,{'stop_loss_price': 6304.75}
INVALID_RISK_UNIT,risk_unit == 0 or non-finite,NQZ17-CME,7598419,2017-11-07 17:04:55.004000+00:00,6304.75,{'stop_loss_price': 6304.75}
INVALID_RISK_UNIT,risk_unit == 0 or non-finite,NQZ17-CME,7598420,2017-11-07 17:04:55.005000+00:00,6304.75,{'stop_loss_price': 6304.75}
INVALID_RISK_UNIT,risk_unit == 0 or non-finite,NQZ17-CME,7598421,2017-11-07 17:04:55.006000+00:00,6304.75,{'stop_loss_price': 6304.75}
INVALID_RISK_UNIT,risk_unit == 0 or non-finite,NQZ17-CME,7598422,2017-11-07 17:04:55.007000+00:00,6304.75,{'stop_loss_price': 6304.75}
INVALID_RISK_UNIT,risk_unit == 0 or non-finite,NQZ17-CME,7598423,2017-11-07 17:04:55.008000+00:00,6304.75,{'stop_loss_price': 6304.75}
INVALID_RISK_UNIT,risk_unit == 0 or non-finite,NQZ17-CME,7598424,2017-11-07 17:04:55.009000+00:00,6304.75,{'stop_loss_price': 6304.75}
INVALID_RISK_UNIT,risk_unit == 0 or non-finite,NQZ17-CME,7598425,2017-11-07 17:04:55.010000+00:00,6304.75,{'stop_loss_price': 6304.75}
INVALID_RISK_UNIT,risk_unit == 0 or non-finite,NQZ17-CME,7598426,2017-11-07 17:04:55.011000+00:00,6304.75,{'stop_loss_price': 6304.75}
INVALID_RISK_UNIT,risk_unit == 0 or non-finite,NQZ17-CME,7598427,2017-11-07 17:04:55.012000+00:00,6304.75,{'stop_loss_price': 6304.75}
INVALID_RISK_UNIT,risk_unit == 0 or non-finite,NQZ17-CME,7598428,2017-11-07 17:04:56+00:00,6304.75,{'stop_loss_price': 6304.75}
INVALID_RISK_UNIT,risk_unit == 0 or non-finite,NQZ17-CME,7598429,2017-11-07 17:04:56.001000+00:00,6304.75,{'stop_loss_price': 6304.75}
INVALID_RISK_UNIT,risk_unit == 0 or non-finite,NQZ17-CME,7598430,2017-11-07 17:04:56.002000+00:00,6304.75,{'stop_loss_price': 6304.75}
INVALID_RISK_UNIT,risk_unit == 0 or non-finite,NQZ17-CME,7598431,2017-11-07 17:04:56.003000+00:00,6304.75,{'stop_loss_price': 6304.75}
INVALID_RISK_UNIT,risk_unit == 0 or non-finite,NQZ17-CME,7613351,2017-11-07 17:37:38.007000+00:00,6310.5,{'stop_loss_price': 6310.5}
INVALID_RISK_UNIT,risk_unit == 0 or non-finite,NQZ17-CME,7613352,2017-11-07 17:37:38.008000+00:00,6310.5,{'stop_loss_price': 6310.5}
INVALID_RISK_UNIT,risk_unit == 0 or non-finite,NQZ17-CME,7613353,2017-11-07 17:37:38.009000+00:00,6310.5,{'stop_loss_price': 6310.5}
INVALID_RISK_UNIT,risk_unit == 0 or non-finite,NQZ17-CME,7613354,2017-11-07 17:37:38.010000+00:00,6310.5,{'stop_loss_price': 6310.5}
INVALID_RISK_UNIT,risk_unit == 0 or non-finite,NQZ17-CME,7613355,2017-11-07 17:37:38.011000+00:00,6310.5,{'stop_loss_price': 6310.5}
INVALID_RISK_UNIT,risk_unit == 0 or non-finite,NQZ17-CME,7613356,2017-11-07 17:37:38.012000+00:00,6310.5,{'stop_loss_price': 6310.5}
INVALID_RISK_UNIT,risk_unit == 0 or non-finite,NQZ17-CME,7613357,2017-11-07 17:37:38.013000+00:00,6310.5,{'stop_loss_price': 6310.5}
INVALID_RISK_UNIT,risk_unit == 0 or non-finite,NQZ17-CME,7613358,2017-11-07 17:37:38.014000+00:00,6310.5,{'stop_loss_price': 6310.5}
INVALID_RISK_UNIT,risk_unit == 0 or non-finite,NQZ17-CME,7613359,2017-11-07 17:37:38.015000+00:00,6310.5,{'stop_loss_price': 6310.5}
INVALID_RISK_UNIT,risk_unit == 0 or non-finite,NQZ17-CME,7613360,2017-11-07 17:37:38.016000+00:00,6310.5,{'stop_loss_price': 6310.5}
INVALID_RISK_UNIT,risk_unit == 0 or non-finite,NQZ17-CME,7613361,2017-11-07 17:37:38.017000+00:00,6310.5,{'stop_loss_price': 6310.5}
INVALID_RISK_UNIT,risk_unit == 0 or non-finite,NQZ17-CME,7613362,2017-11-07 17:37:38.018000+00:00,6310.5,{'stop_loss_price': 6310.5}
INVALID_RISK_UNIT,risk_unit == 0 or non-finite,NQZ17-CME,7613363,2017-11-07 17:37:38.019000+00:00,6310.5,{'stop_loss_price': 6310.5}
INVALID_RISK_UNIT,risk_unit == 0 or non-finite,NQZ17-CME,7613364,2017-11-07 17:37:38.020000+00:00,6310.5,{'stop_loss_price': 6310.5}
INVALID_RISK_UNIT,risk_unit == 0 or non-finite,NQZ17-CME,7613365,2017-11-07 17:37:38.021000+00:00,6310.5,{'stop_loss_price': 6310.5}
INVALID_RISK_UNIT,risk_unit == 0 or non-finite,NQZ17-CME,7613366,2017-11-07 17:37:38.022000+00:00,6310.5,{'stop_loss_price': 6310.5}
INVALID_RISK_UNIT,risk_unit == 0 or non-finite,NQZ17-CME,7613367,2017-11-07 17:37:38.023000+00:00,6310.5,{'stop_loss_price': 6310.5}
INVALID_RISK_UNIT,risk_unit == 0 or non-finite,NQZ17-CME,7613368,2017-11-07 17:37:39+00:00,6310.5,{'stop_loss_price': 6310.5}
INVALID_RISK_UNIT,risk_unit == 0 or non-finite,NQZ17-CME,7613369,2017-11-07 17:37:39.001000+00:00,6310.5,{'stop_loss_price': 6310.5}
INVALID_RISK_UNIT,risk_unit == 0 or non-finite,NQZ17-CME,7613370,2017-11-07 17:37:39.002000+00:00,6310.5,{'stop_loss_price': 6310.5}
INVALID_RISK_UNIT,risk_unit == 0 or non-finite,NQZ17-CME,7613371,2017-11-07 17:37:40+00:00,6310.5,{'stop_loss_price': 6310.5}
INVALID_RISK_UNIT,risk_unit == 0 or non-finite,NQZ17-CME,7613372,2017-11-07 17:37:40.001000+00:00,6310.5,{'stop_loss_price': 6310.5}
INVALID_RISK_UNIT,risk_unit == 0 or non-finite,NQZ17-CME,7613373,2017-11-07 17:37:40.002000+00:00,6310.5,{'stop_loss_price': 6310.5}
INVALID_RISK_UNIT,risk_unit == 0 or non-finite,NQZ17-CME,7613374,2017-11-07 17:37:40.003000+00:00,6310.5,{'stop_loss_price': 6310.5}
INVALID_RISK_UNIT,risk_unit == 0 or non-finite,NQZ17-CME,7613375,2017-11-07 17:37:40.004000+00:00,6310.5,{'stop_loss_price': 6310.5}
INVALID_RISK_UNIT,risk_unit == 0 or non-finite,NQZ17-CME,7613376,2017-11-07 17:37:40.005000+00:00,6310.5,{'stop_loss_price': 6310.5}
INVALID_RISK_UNIT,risk_unit == 0 or non-finite,NQZ17-CME,7613377,2017-11-07 17:37:40.006000+00:00,6310.5,{'stop_loss_price': 6310.5}
INVALID_RISK_UNIT,risk_unit == 0 or non-finite,NQZ17-CME,7613378,2017-11-07 17:37:40.007000+00:00,6310.5,{'stop_loss_price': 6310.5}
INVALID_RISK_UNIT,risk_unit == 0 or non-finite,NQZ17-CME,7613379,2017-11-07 17:37:40.008000+00:00,6310.5,{'stop_loss_price': 6310.5}
INVALID_RISK_UNIT,risk_unit == 0 or non-finite,NQZ17-CME,7613386,2017-11-07 17:37:43+00:00,6310.5,{'stop_loss_price': 6310.5}
INVALID_RISK_UNIT,risk_unit == 0 or non-finite,NQZ17-CME,7613387,2017-11-07 17:37:43.001000+00:00,6310.5,{'stop_loss_price': 6310.5}
INVALID_RISK_UNIT,risk_unit == 0 or non-finite,NQZ17-CME,7613389,2017-11-07 17:37:45+00:00,6310.5,{'stop_loss_price': 6310.5}
INVALID_RISK_UNIT,risk_unit == 0 or non-finite,NQZ17-CME,7616926,2017-11-07 17:51:14+00:00,6314.75,{'stop_loss_price': 6314.75}
INVALID_RISK_UNIT,risk_unit == 0 or non-finite,NQZ17-CME,7616927,2017-11-07 17:51:14.001000+00:00,6314.75,{'stop_loss_price': 6314.75}
INVALID_RISK_UNIT,risk_unit == 0 or non-finite,NQZ17-CME,7616928,2017-11-07 17:51:14.002000+00:00,6314.75,{'stop_loss_price': 6314.75}
INVALID_RISK_UNIT,risk_unit == 0 or non-finite,NQZ17-CME,7616929,2017-11-07 17:51:14.003000+00:00,6314.75,{'stop_loss_price': 6314.75}
INVALID_RISK_UNIT,risk_unit == 0 or non-finite,NQZ17-CME,7616930,2017-11-07 17:51:14.004000+00:00,6314.75,{'stop_loss_price': 6314.75}
INVALID_RISK_UNIT,risk_unit == 0 or non-finite,NQZ17-CME,7616931,2017-11-07 17:51:14.005000+00:00,6314.75,{'stop_loss_price': 6314.75}
INVALID_RISK_UNIT,risk_unit == 0 or non-finite,NQZ17-CME,7616932,2017-11-07 17:51:14.006000+00:00,6314.75,{'stop_loss_price': 6314.75}
INVALID_RISK_UNIT,risk_unit == 0 or non-finite,NQZ17-CME,7616933,2017-11-07 17:51:14.007000+00:00,6314.75,{'stop_loss_price': 6314.75}
INVALID_RISK_UNIT,risk_unit == 0 or non-finite,NQZ17-CME,7616934,2017-11-07 17:51:14.008000+00:00,6314.75,{'stop_loss_price': 6314.75}
INVALID_RISK_UNIT,risk_unit == 0 or non-finite,NQZ17-CME,7616935,2017-11-07 17:51:14.009000+00:00,6314.75,{'stop_loss_price': 6314.75}
INVALID_RISK_UNIT,risk_unit == 0 or non-finite,NQZ17-CME,7616936,2017-11-07 17:51:14.010000+00:00,6314.75,{'stop_loss_price': 6314.75}
INVALID_RISK_UNIT,risk_unit == 0 or non-finite,NQZ17-CME,7616937,2017-11-07 17:51:14.011000+00:00,6314.75,{'stop_loss_price': 6314.75}
INVALID_RISK_UNIT,risk_unit == 0 or non-finite,NQZ17-CME,7616938,2017-11-07 17:51:14.012000+00:00,6314.75,{'stop_loss_price': 6314.75}
INVALID_RISK_UNIT,risk_unit == 0 or non-finite,NQZ17-CME,7616939,2017-11-07 17:51:14.013000+00:00,6314.75,{'stop_loss_price': 6314.75}
INVALID_RISK_UNIT,risk_unit == 0 or non-finite,NQZ17-CME,7616940,2017-11-07 17:51:14.014000+00:00,6314.75,{'stop_loss_price': 6314.75}
INVALID_RISK_UNIT,risk_unit == 0 or non-finite,NQZ17-CME,7616941,2017-11-07 17:51:14.015000+00:00,6314.75,{'stop_loss_price': 6314.75}
INVALID_RISK_UNIT,risk_unit == 0 or non-finite,NQZ17-CME,7616942,2017-11-07 17:51:14.016000+00:00,6314.75,{'stop_loss_price': 6314.75}
INVALID_RISK_UNIT,risk_unit == 0 or non-finite,NQZ17-CME,7616943,2017-11-07 17:51:14.017000+00:00,6314.75,{'stop_loss_price': 6314.75}
INVALID_RISK_UNIT,risk_unit == 0 or non-finite,NQZ17-CME,7616944,2017-11-07 17:51:14.018000+00:00,6314.75,{'stop_loss_price': 6314.75}
INVALID_RISK_UNIT,risk_unit == 0 or non-finite,NQZ17-CME,7616945,2017-11-07 17:51:14.019000+00:00,6314.75,{'stop_loss_price': 6314.75}
INVALID_RISK_UNIT,risk_unit == 0 or non-finite,NQZ17-CME,7616946,2017-11-07 17:51:14.020000+00:00,6314.75,{'stop_loss_price': 6314.75}
INVALID_RISK_UNIT,risk_unit == 0 or non-finite,NQZ17-CME,7616947,2017-11-07 17:51:14.021000+00:00,6314.75,{'stop_loss_price': 6314.75}
INVALID_RISK_UNIT,risk_unit == 0 or non-finite,NQZ17-CME,7616949,2017-11-07 17:51:15.001000+00:00,6314.75,{'stop_loss_price': 6314.75}
INVALID_RISK_UNIT,risk_unit == 0 or non-finite,NQZ17-CME,7683118,2017-11-08 13:11:57+00:00,6316.75,{'stop_loss_price': 6316.75}
INVALID_RISK_UNIT,risk_unit == 0 or non-finite,NQZ17-CME,7704934,2017-11-08 14:46:26+00:00,6315.75,{'stop_loss_price': 6315.75}
INVALID_RISK_UNIT,risk_unit == 0 or non-finite,NQZ17-CME,7704935,2017-11-08 14:46:26.001000+00:00,6315.75,{'stop_loss_price': 6315.75}
INVALID_RISK_UNIT,risk_unit == 0 or non-finite,NQZ17-CME,7704936,2017-11-08 14:46:26.002000+00:00,6315.75,{'stop_loss_price': 6315.75}
INVALID_RISK_UNIT,risk_unit == 0 or non-finite,NQZ17-CME,7704937,2017-11-08 14:46:26.003000+00:00,6315.75,{'stop_loss_price': 6315.75}
INVALID_RISK_UNIT,risk_unit == 0 or non-finite,NQZ17-CME,7704938,2017-11-08 14:46:26.004000+00:00,6315.75,{'stop_loss_price': 6315.75}
INVALID_RISK_UNIT,risk_unit == 0 or non-finite,NQZ17-CME,7704939,2017-11-08 14:46:26.005000+00:00,6315.75,{'stop_loss_price': 6315.75}
INVALID_RISK_UNIT,risk_unit == 0 or non-finite,NQZ17-CME,7704940,2017-11-08 14:46:26.006000+00:00,6315.75,{'stop_loss_price': 6315.75}
INVALID_RISK_UNIT,risk_unit == 0 or non-finite,NQZ17-CME,7704941,2017-11-08 14:46:26.007000+00:00,6315.75,{'stop_loss_price': 6315.75}
INVALID_RISK_UNIT,risk_unit == 0 or non-finite,NQZ17-CME,7704942,2017-11-08 14:46:26.008000+00:00,6315.75,{'stop_loss_price': 6315.75}
INVALID_RISK_UNIT,risk_unit == 0 or non-finite,NQZ17-CME,7720067,2017-11-08 15:08:04.006000+00:00,6318.75,{'stop_loss_price': 6318.75}
INVALID_RISK_UNIT,risk_unit == 0 or non-finite,NQZ17-CME,7720068,2017-11-08 15:08:04.007000+00:00,6318.75,{'stop_loss_price': 6318.75}
INVALID_RISK_UNIT,risk_unit == 0 or non-finite,NQZ17-CME,7720069,2017-11-08 15:08:04.008000+00:00,6318.75,{'stop_loss_price': 6318.75}
INVALID_RISK_UNIT,risk_unit == 0 or non-finite,NQZ17-CME,7720070,2017-11-08 15:08:04.009000+00:00,6318.75,{'stop_loss_price': 6318.75}
INVALID_RISK_UNIT,risk_unit == 0 or non-finite,NQZ17-CME,7720071,2017-11-08 15:08:04.010000+00:00,6318.75,{'stop_loss_price': 6318.75}
INVALID_RISK_UNIT,risk_unit == 0 or non-finite,NQZ17-CME,7838399,2017-11-09 10:27:09+00:00,6328.25,{'stop_loss_price': 6328.25}
INVALID_RISK_UNIT,risk_unit == 0 or non-finite,NQZ17-CME,7838400,2017-11-09 10:27:09.001000+00:00,6328.25,{'stop_loss_price': 6328.25}
INVALID_RISK_UNIT,risk_unit == 0 or non-finite,NQZ17-CME,7838401,2017-11-09 10:27:09.002000+00:00,6328.25,{'stop_loss_price': 6328.25}
INVALID_RISK_UNIT,risk_unit == 0 or non-finite,NQZ17-CME,7838402,2017-11-09 10:27:09.003000+00:00,6328.25,{'stop_loss_price': 6328.25}
INVALID_RISK_UNIT,risk_unit == 0 or non-finite,NQZ17-CME,7838403,2017-11-09 10:27:09.004000+00:00,6328.25,{'stop_loss_price': 6328.25}
INVALID_RISK_UNIT,risk_unit == 0 or non-finite,NQZ17-CME,7838404,2017-11-09 10:27:09.005000+00:00,6328.25,{'stop_loss_price': 6328.25}
INVALID_RISK_UNIT,risk_unit == 0 or non-finite,NQZ17-CME,7838405,2017-11-09 10:27:09.006000+00:00,6328.25,{'stop_loss_price': 6328.25}
INVALID_RISK_UNIT,risk_unit == 0 or non-finite,NQZ17-CME,7846932,2017-11-09 12:15:56+00:00,6314.5,{'stop_loss_price': 6314.5}
INVALID_RISK_UNIT,risk_unit == 0 or non-finite,NQZ17-CME,7846933,2017-11-09 12:15:56.001000+00:00,6314.5,{'stop_loss_price': 6314.5}
INVALID_RISK_UNIT,risk_unit == 0 or non-finite,NQZ17-CME,7846934,2017-11-09 12:15:56.002000+00:00,6314.5,{'stop_loss_price': 6314.5}
INVALID_RISK_UNIT,risk_unit == 0 or non-finite,NQZ17-CME,7846935,2017-11-09 12:15:56.003000+00:00,6314.5,{'stop_loss_price': 6314.5}
INVALID_RISK_UNIT,risk_unit == 0 or non-finite,NQZ17-CME,7846936,2017-11-09 12:15:56.004000+00:00,6314.5,{'stop_loss_price': 6314.5}
INVALID_RISK_UNIT,risk_unit == 0 or non-finite,NQZ17-CME,7892780,2017-11-09 14:40:52.042000+00:00,6290.75,{'stop_loss_price': 6290.75}
INVALID_RISK_UNIT,risk_unit == 0 or non-finite,NQZ17-CME,7892781,2017-11-09 14:40:52.043000+00:00,6290.75,{'stop_loss_price': 6290.75}
INVALID_RISK_UNIT,risk_unit == 0 or non-finite,NQZ17-CME,7892782,2017-11-09 14:40:52.044000+00:00,6290.75,{'stop_loss_price': 6290.75}
INVALID_RISK_UNIT,risk_unit == 0 or non-finite,NQZ17-CME,7892783,2017-11-09 14:40:52.045000+00:00,6290.75,{'stop_loss_price': 6290.75}
INVALID_RISK_UNIT,risk_unit == 0 or non-finite,NQZ17-CME,7892784,2017-11-09 14:40:52.046000+00:00,6290.75,{'stop_loss_price': 6290.75}
INVALID_RISK_UNIT,risk_unit == 0 or non-finite,NQZ17-CME,7892785,2017-11-09 14:40:52.047000+00:00,6290.75,{'stop_loss_price': 6290.75}
INVALID_RISK_UNIT,risk_unit == 0 or non-finite,NQZ17-CME,7892786,2017-11-09 14:40:52.048000+00:00,6290.75,{'stop_loss_price': 6290.75}
INVALID_RISK_UNIT,risk_unit == 0 or non-finite,NQZ17-CME,7892787,2017-11-09 14:40:52.049000+00:00,6290.75,{'stop_loss_price': 6290.75}
INVALID_RISK_UNIT,risk_unit == 0 or non-finite,NQZ17-CME,7892788,2017-11-09 14:40:52.050000+00:00,6290.75,{'stop_loss_price': 6290.75}
INVALID_RISK_UNIT,risk_unit == 0 or non-finite,NQZ17-CME,7892789,2017-11-09 14:40:52.051000+00:00,6290.75,{'stop_loss_price': 6290.75}
INVALID_RISK_UNIT,risk_unit == 0 or non-finite,NQZ17-CME,7892790,2017-11-09 14:40:52.052000+00:00,6290.75,{'stop_loss_price': 6290.75}
INVALID_RISK_UNIT,risk_unit == 0 or non-finite,NQZ17-CME,7892791,2017-11-09 14:40:52.053000+00:00,6290.75,{'stop_loss_price': 6290.75}
INVALID_RISK_UNIT,risk_unit == 0 or non-finite,NQZ17-CME,7892792,2017-11-09 14:40:52.054000+00:00,6290.75,{'stop_loss_price': 6290.75}
INVALID_RISK_UNIT,risk_unit == 0 or non-finite,NQZ17-CME,7892793,2017-11-09 14:40:52.055000+00:00,6290.75,{'stop_loss_price': 6290.75}
INVALID_RISK_UNIT,risk_unit == 0 or non-finite,NQZ17-CME,7892794,2017-11-09 14:40:52.056000+00:00,6290.75,{'stop_loss_price': 6290.75}
INVALID_RISK_UNIT,risk_unit == 0 or non-finite,NQZ17-CME,7892795,2017-11-09 14:40:52.057000+00:00,6290.75,{'stop_loss_price': 6290.75}
INVALID_RISK_UNIT,risk_unit == 0 or non-finite,NQZ17-CME,7892796,2017-11-09 14:40:52.058000+00:00,6290.75,{'stop_loss_price': 6290.75}
INVALID_RISK_UNIT,risk_unit == 0 or non-finite,NQZ17-CME,7892797,2017-11-09 14:40:52.059000+00:00,6290.75,{'stop_loss_price': 6290.75}
INVALID_RISK_UNIT,risk_unit == 0 or non-finite,NQZ17-CME,7965715,2017-11-09 15:36:14.005000+00:00,6299.5,{'stop_loss_price': 6299.5}
INVALID_RISK_UNIT,risk_unit == 0 or non-finite,NQZ17-CME,7965716,2017-11-09 15:36:14.006000+00:00,6299.5,{'stop_loss_price': 6299.5}
INVALID_RISK_UNIT,risk_unit == 0 or non-finite,NQZ17-CME,7965717,2017-11-09 15:36:14.007000+00:00,6299.5,{'stop_loss_price': 6299.5}
INVALID_RISK_UNIT,risk_unit == 0 or non-finite,NQZ17-CME,7965722,2017-11-09 15:36:14.012000+00:00,6299.5,{'stop_loss_price': 6299.5}
INVALID_RISK_UNIT,risk_unit == 0 or non-finite,NQZ17-CME,7965723,2017-11-09 15:36:14.013000+00:00,6299.5,{'stop_loss_price': 6299.5}
INVALID_RISK_UNIT,risk_unit == 0 or non-finite,NQZ17-CME,7965727,2017-11-09 15:36:14.017000+00:00,6299.5,{'stop_loss_price': 6299.5}
INVALID_RISK_UNIT,risk_unit == 0 or non-finite,NQZ17-CME,7965728,2017-11-09 15:36:14.018000+00:00,6299.5,{'stop_loss_price': 6299.5}
INVALID_RISK_UNIT,risk_unit == 0 or non-finite,NQZ17-CME,7965729,2017-11-09 15:36:14.019000+00:00,6299.5,{'stop_loss_price': 6299.5}
INVALID_RISK_UNIT,risk_unit == 0 or non-finite,NQZ17-CME,7965730,2017-11-09 15:36:14.020000+00:00,6299.5,{'stop_loss_price': 6299.5}
INVALID_RISK_UNIT,risk_unit == 0 or non-finite,NQZ17-CME,7965731,2017-11-09 15:36:15+00:00,6299.5,{'stop_loss_price': 6299.5}
INVALID_RISK_UNIT,risk_unit == 0 or non-finite,NQZ17-CME,7965732,2017-11-09 15:36:15.001000+00:00,6299.5,{'stop_loss_price': 6299.5}
INVALID_RISK_UNIT,risk_unit == 0 or non-finite,NQZ17-CME,7965733,2017-11-09 15:36:15.002000+00:00,6299.5,{'stop_loss_price': 6299.5}
INVALID_RISK_UNIT,risk_unit == 0 or non-finite,NQZ17-CME,7965734,2017-11-09 15:36:15.003000+00:00,6299.5,{'stop_loss_price': 6299.5}
INVALID_RISK_UNIT,risk_unit == 0 or non-finite,NQZ17-CME,7965735,2017-11-09 15:36:15.004000+00:00,6299.5,{'stop_loss_price': 6299.5}
INVALID_RISK_UNIT,risk_unit == 0 or non-finite,NQZ17-CME,7965736,2017-11-09 15:36:15.005000+00:00,6299.5,{'stop_loss_price': 6299.5}
INVALID_RISK_UNIT,risk_unit == 0 or non-finite,NQZ17-CME,7965737,2017-11-09 15:36:15.006000+00:00,6299.5,{'stop_loss_price': 6299.5}
INVALID_RISK_UNIT,risk_unit == 0 or non-finite,NQZ17-CME,7965738,2017-11-09 15:36:15.007000+00:00,6299.5,{'stop_loss_price': 6299.5}
INVALID_RISK_UNIT,risk_unit == 0 or non-finite,NQZ17-CME,7965739,2017-11-09 15:36:15.008000+00:00,6299.5,{'stop_loss_price': 6299.5}
INVALID_RISK_UNIT,risk_unit == 0 or non-finite,NQZ17-CME,7965772,2017-11-09 15:36:17.008000+00:00,6299.5,{'stop_loss_price': 6299.5}
INVALID_RISK_UNIT,risk_unit == 0 or non-finite,NQZ17-CME,7965773,2017-11-09 15:36:17.009000+00:00,6299.5,{'stop_loss_price': 6299.5}
INVALID_RISK_UNIT,risk_unit == 0 or non-finite,NQZ17-CME,7972337,2017-11-09 15:43:26.044000+00:00,6293.75,{'stop_loss_price': 6293.75}
INVALID_RISK_UNIT,risk_unit == 0 or non-finite,NQZ17-CME,7972338,2017-11-09 15:43:27+00:00,6293.75,{'stop_loss_price': 6293.75}
INVALID_RISK_UNIT,risk_unit == 0 or non-finite,NQZ17-CME,7972339,2017-11-09 15:43:27.001000+00:00,6293.75,{'stop_loss_price': 6293.75}
INVALID_RISK_UNIT,risk_unit == 0 or non-finite,NQZ17-CME,7988622,2017-11-09 16:11:54.020000+00:00,6306.25,{'stop_loss_price': 6306.25}
INVALID_RISK_UNIT,risk_unit == 0 or non-finite,NQZ17-CME,7993672,2017-11-09 16:22:27.003000+00:00,6297.5,{'stop_loss_price': 6297.5}
INVALID_RISK_UNIT,risk_unit == 0 or non-finite,NQZ17-CME,7993673,2017-11-09 16:22:27.004000+00:00,6297.5,{'stop_loss_price': 6297.5}
INVALID_RISK_UNIT,risk_unit == 0 or non-finite,NQZ17-CME,7993674,2017-11-09 16:22:27.005000+00:00,6297.5,{'stop_loss_price': 6297.5}
INVALID_RISK_UNIT,risk_unit == 0 or non-finite,NQZ17-CME,7993675,2017-11-09 16:22:27.006000+00:00,6297.5,{'stop_loss_price': 6297.5}
INVALID_RISK_UNIT,risk_unit == 0 or non-finite,NQZ17-CME,7993676,2017-11-09 16:22:27.007000+00:00,6297.5,{'stop_loss_price': 6297.5}
INVALID_RISK_UNIT,risk_unit == 0 or non-finite,NQZ17-CME,7993677,2017-11-09 16:22:27.008000+00:00,6297.5,{'stop_loss_price': 6297.5}
INVALID_RISK_UNIT,risk_unit == 0 or non-finite,NQZ17-CME,7993678,2017-11-09 16:22:27.009000+00:00,6297.5,{'stop_loss_price': 6297.5}
INVALID_RISK_UNIT,risk_unit == 0 or non-finite,NQZ17-CME,7993679,2017-11-09 16:22:27.010000+00:00,6297.5,{'stop_loss_price': 6297.5}
INVALID_RISK_UNIT,risk_unit == 0 or non-finite,NQZ17-CME,7993680,2017-11-09 16:22:27.011000+00:00,6297.5,{'stop_loss_price': 6297.5}
INVALID_RISK_UNIT,risk_unit == 0 or non-finite,NQZ17-CME,7993681,2017-11-09 16:22:27.012000+00:00,6297.5,{'stop_loss_price': 6297.5}
INVALID_RISK_UNIT,risk_unit == 0 or non-finite,NQZ17-CME,7993682,2017-11-09 16:22:28+00:00,6297.5,{'stop_loss_price': 6297.5}
INVALID_RISK_UNIT,risk_unit == 0 or non-finite,NQZ17-CME,7993683,2017-11-09 16:22:28.001000+00:00,6297.5,{'stop_loss_price': 6297.5}
INVALID_RISK_UNIT,risk_unit == 0 or non-finite,NQZ17-CME,7993684,2017-11-09 16:22:28.002000+00:00,6297.5,{'stop_loss_price': 6297.5}
INVALID_RISK_UNIT,risk_unit == 0 or non-finite,NQZ17-CME,7993685,2017-11-09 16:22:28.003000+00:00,6297.5,{'stop_loss_price': 6297.5}
INVALID_RISK_UNIT,risk_unit == 0 or non-finite,NQZ17-CME,7993686,2017-11-09 16:22:28.004000+00:00,6297.5,{'stop_loss_price': 6297.5}
INVALID_RISK_UNIT,risk_unit == 0 or non-finite,NQZ17-CME,7993687,2017-11-09 16:22:29+00:00,6297.5,{'stop_loss_price': 6297.5}
INVALID_RISK_UNIT,risk_unit == 0 or non-finite,NQZ17-CME,7993688,2017-11-09 16:22:29.001000+00:00,6297.5,{'stop_loss_price': 6297.5}
INVALID_RISK_UNIT,risk_unit == 0 or non-finite,NQZ17-CME,7993689,2017-11-09 16:22:30+00:00,6297.5,{'stop_loss_price': 6297.5}
INVALID_RISK_UNIT,risk_unit == 0 or non-finite,NQZ17-CME,7993690,2017-11-09 16:22:30.001000+00:00,6297.5,{'stop_loss_price': 6297.5}
INVALID_RISK_UNIT,risk_unit == 0 or non-finite,NQZ17-CME,7993691,2017-11-09 16:22:30.002000+00:00,6297.5,{'stop_loss_price': 6297.5}
INVALID_RISK_UNIT,risk_unit == 0 or non-finite,NQZ17-CME,7993692,2017-11-09 16:22:30.003000+00:00,6297.5,{'stop_loss_price': 6297.5}
INVALID_RISK_UNIT,risk_unit == 0 or non-finite,NQZ17-CME,7993693,2017-11-09 16:22:30.004000+00:00,6297.5,{'stop_loss_price': 6297.5}
INVALID_RISK_UNIT,risk_unit == 0 or non-finite,NQZ17-CME,7993694,2017-11-09 16:22:30.005000+00:00,6297.5,{'stop_loss_price': 6297.5}
INVALID_RISK_UNIT,risk_unit == 0 or non-finite,NQZ17-CME,7993695,2017-11-09 16:22:30.006000+00:00,6297.5,{'stop_loss_price': 6297.5}
INVALID_RISK_UNIT,risk_unit == 0 or non-finite,NQZ17-CME,7996988,2017-11-09 16:25:18.010000+00:00,6287.75,{'stop_loss_price': 6287.75}
INVALID_RISK_UNIT,risk_unit == 0 or non-finite,NQZ17-CME,8004012,2017-11-09 16:36:35+00:00,6292.0,{'stop_loss_price': 6292.0}
INVALID_RISK_UNIT,risk_unit == 0 or non-finite,NQZ17-CME,8004013,2017-11-09 16:36:36+00:00,6292.0,{'stop_loss_price': 6292.0}
INVALID_RISK_UNIT,risk_unit == 0 or non-finite,NQZ17-CME,8004014,2017-11-09 16:36:36.001000+00:00,6292.0,{'stop_loss_price': 6292.0}
INVALID_RISK_UNIT,risk_unit == 0 or non-finite,NQZ17-CME,8004015,2017-11-09 16:36:36.002000+00:00,6292.0,{'stop_loss_price': 6292.0}
INVALID_RISK_UNIT,risk_unit == 0 or non-finite,NQZ17-CME,8059590,2017-11-09 17:26:44.019000+00:00,6266.75,{'stop_loss_price': 6266.75}
INVALID_RISK_UNIT,risk_unit == 0 or non-finite,NQZ17-CME,8059591,2017-11-09 17:26:44.020000+00:00,6266.75,{'stop_loss_price': 6266.75}
INVALID_RISK_UNIT,risk_unit == 0 or non-finite,NQZ17-CME,8059592,2017-11-09 17:26:44.021000+00:00,6266.75,{'stop_loss_price': 6266.75}
INVALID_RISK_UNIT,risk_unit == 0 or non-finite,NQZ17-CME,8059593,2017-11-09 17:26:44.022000+00:00,6266.75,{'stop_loss_price': 6266.75}
INVALID_RISK_UNIT,risk_unit == 0 or non-finite,NQZ17-CME,8059594,2017-11-09 17:26:44.023000+00:00,6266.75,{'stop_loss_price': 6266.75}
INVALID_RISK_UNIT,risk_unit == 0 or non-finite,NQZ17-CME,8059595,2017-11-09 17:26:44.024000+00:00,6266.75,{'stop_loss_price': 6266.75}
INVALID_RISK_UNIT,risk_unit == 0 or non-finite,NQZ17-CME,8079114,2017-11-09 17:40:25.012000+00:00,6256.25,{'stop_loss_price': 6256.25}
INVALID_RISK_UNIT,risk_unit == 0 or non-finite,NQZ17-CME,8110342,2017-11-09 18:16:58.055000+00:00,6268.5,{'stop_loss_price': 6268.5}
INVALID_RISK_UNIT,risk_unit == 0 or non-finite,NQZ17-CME,8113558,2017-11-09 18:20:58.008000+00:00,6275.75,{'stop_loss_price': 6275.75}
INVALID_RISK_UNIT,risk_unit == 0 or non-finite,NQZ17-CME,8113559,2017-11-09 18:20:58.009000+00:00,6275.75,{'stop_loss_price': 6275.75}
INVALID_RISK_UNIT,risk_unit == 0 or non-finite,NQZ17-CME,8113560,2017-11-09 18:20:58.010000+00:00,6275.75,{'stop_loss_price': 6275.75}
INVALID_RISK_UNIT,risk_unit == 0 or non-finite,NQZ17-CME,8113561,2017-11-09 18:20:58.011000+00:00,6275.75,{'stop_loss_price': 6275.75}
INVALID_RISK_UNIT,risk_unit == 0 or non-finite,NQZ17-CME,8113562,2017-11-09 18:20:58.012000+00:00,6275.75,{'stop_loss_price': 6275.75}
INVALID_RISK_UNIT,risk_unit == 0 or non-finite,NQZ17-CME,8113563,2017-11-09 18:20:58.013000+00:00,6275.75,{'stop_loss_price': 6275.75}
INVALID_RISK_UNIT,risk_unit == 0 or non-finite,NQZ17-CME,8113564,2017-11-09 18:20:58.014000+00:00,6275.75,{'stop_loss_price': 6275.75}
INVALID_RISK_UNIT,risk_unit == 0 or non-finite,NQZ17-CME,8113565,2017-11-09 18:20:58.015000+00:00,6275.75,{'stop_loss_price': 6275.75}
INVALID_RISK_UNIT,risk_unit == 0 or non-finite,NQZ17-CME,8135242,2017-11-09 19:03:24.004000+00:00,6282.75,{'stop_loss_price': 6282.75}
INVALID_RISK_UNIT,risk_unit == 0 or non-finite,NQZ17-CME,8165481,2017-11-09 20:06:08.004000+00:00,6291.0,{'stop_loss_price': 6291.0}
INVALID_RISK_UNIT,risk_unit == 0 or non-finite,NQZ17-CME,8165482,2017-11-09 20:06:08.005000+00:00,6291.0,{'stop_loss_price': 6291.0}
INVALID_RISK_UNIT,risk_unit == 0 or non-finite,NQZ17-CME,8165483,2017-11-09 20:06:08.006000+00:00,6291.0,{'stop_loss_price': 6291.0}
INVALID_RISK_UNIT,risk_unit == 0 or non-finite,NQZ17-CME,8165484,2017-11-09 20:06:08.007000+00:00,6291.0,{'stop_loss_price': 6291.0}
INVALID_RISK_UNIT,risk_unit == 0 or non-finite,NQZ17-CME,8165485,2017-11-09 20:06:08.008000+00:00,6291.0,{'stop_loss_price': 6291.0}
INVALID_RISK_UNIT,risk_unit == 0 or non-finite,NQZ17-CME,8204853,2017-11-10 02:01:15+00:00,6314.25,{'stop_loss_price': 6314.25}
INVALID_RISK_UNIT,risk_unit == 0 or non-finite,NQZ17-CME,8204854,2017-11-10 02:01:15.001000+00:00,6314.25,{'stop_loss_price': 6314.25}
INVALID_RISK_UNIT,risk_unit == 0 or non-finite,NQZ17-CME,8204855,2017-11-10 02:01:15.002000+00:00,6314.25,{'stop_loss_price': 6314.25}
INVALID_RISK_UNIT,risk_unit == 0 or non-finite,NQZ17-CME,8204878,2017-11-10 02:03:12+00:00,6314.25,{'stop_loss_price': 6314.25}
INVALID_RISK_UNIT,risk_unit == 0 or non-finite,NQZ17-CME,8204879,2017-11-10 02:03:12.001000+00:00,6314.25,{'stop_loss_price': 6314.25}
INVALID_RISK_UNIT,risk_unit == 0 or non-finite,NQZ17-CME,8228530,2017-11-10 11:37:11+00:00,6290.75,{'stop_loss_price': 6290.75}
INVALID_RISK_UNIT,risk_unit == 0 or non-finite,NQZ17-CME,8228531,2017-11-10 11:37:11.001000+00:00,6290.75,{'stop_loss_price': 6290.75}
INVALID_RISK_UNIT,risk_unit == 0 or non-finite,NQZ17-CME,8228532,2017-11-10 11:37:11.002000+00:00,6290.75,{'stop_loss_price': 6290.75}
INVALID_RISK_UNIT,risk_unit == 0 or non-finite,NQZ17-CME,8228533,2017-11-10 11:37:11.003000+00:00,6290.75,{'stop_loss_price': 6290.75}
INVALID_RISK_UNIT,risk_unit == 0 or non-finite,NQZ17-CME,8228534,2017-11-10 11:37:11.004000+00:00,6290.75,{'stop_loss_price': 6290.75}
INVALID_RISK_UNIT,risk_unit == 0 or non-finite,NQZ17-CME,8228535,2017-11-10 11:37:11.005000+00:00,6290.75,{'stop_loss_price': 6290.75}
INVALID_RISK_UNIT,risk_unit == 0 or non-finite,NQZ17-CME,8228536,2017-11-10 11:37:11.006000+00:00,6290.75,{'stop_loss_price': 6290.75}
INVALID_RISK_UNIT,risk_unit == 0 or non-finite,NQZ17-CME,8228537,2017-11-10 11:37:12+00:00,6290.75,{'stop_loss_price': 6290.75}
INVALID_RISK_UNIT,risk_unit == 0 or non-finite,NQZ17-CME,8228538,2017-11-10 11:37:12.001000+00:00,6290.75,{'stop_loss_price': 6290.75}
INVALID_RISK_UNIT,risk_unit == 0 or non-finite,NQZ17-CME,8228539,2017-11-10 11:37:12.002000+00:00,6290.75,{'stop_loss_price': 6290.75}
INVALID_RISK_UNIT,risk_unit == 0 or non-finite,NQZ17-CME,8274770,2017-11-10 15:01:18.003000+00:00,6297.75,{'stop_loss_price': 6297.75}
INVALID_RISK_UNIT,risk_unit == 0 or non-finite,NQZ17-CME,8310333,2017-11-10 15:59:13.024000+00:00,6296.25,{'stop_loss_price': 6296.25}
INVALID_RISK_UNIT,risk_unit == 0 or non-finite,NQZ17-CME,8310334,2017-11-10 15:59:13.025000+00:00,6296.25,{'stop_loss_price': 6296.25}
INVALID_RISK_UNIT,risk_unit == 0 or non-finite,NQZ17-CME,8310335,2017-11-10 15:59:13.026000+00:00,6296.25,{'stop_loss_price': 6296.25}
INVALID_RISK_UNIT,risk_unit == 0 or non-finite,NQZ17-CME,8310336,2017-11-10 15:59:13.027000+00:00,6296.25,{'stop_loss_price': 6296.25}
INVALID_RISK_UNIT,risk_unit == 0 or non-finite,NQZ17-CME,8310337,2017-11-10 15:59:13.028000+00:00,6296.25,{'stop_loss_price': 6296.25}
INVALID_RISK_UNIT,risk_unit == 0 or non-finite,NQZ17-CME,8310338,2017-11-10 15:59:13.029000+00:00,6296.25,{'stop_loss_price': 6296.25}
INVALID_RISK_UNIT,risk_unit == 0 or non-finite,NQZ17-CME,8310339,2017-11-10 15:59:13.030000+00:00,6296.25,{'stop_loss_price': 6296.25}
INVALID_RISK_UNIT,risk_unit == 0 or non-finite,NQZ17-CME,8310340,2017-11-10 15:59:13.031000+00:00,6296.25,{'stop_loss_price': 6296.25}
INVALID_RISK_UNIT,risk_unit == 0 or non-finite,NQZ17-CME,8310341,2017-11-10 15:59:13.032000+00:00,6296.25,{'stop_loss_price': 6296.25}
INVALID_RISK_UNIT,risk_unit == 0 or non-finite,NQZ17-CME,8310342,2017-11-10 15:59:13.033000+00:00,6296.25,{'stop_loss_price': 6296.25}
INVALID_RISK_UNIT,risk_unit == 0 or non-finite,NQZ17-CME,8310343,2017-11-10 15:59:13.034000+00:00,6296.25,{'stop_loss_price': 6296.25}
INVALID_RISK_UNIT,risk_unit == 0 or non-finite,NQZ17-CME,8310344,2017-11-10 15:59:13.035000+00:00,6296.25,{'stop_loss_price': 6296.25}
INVALID_RISK_UNIT,risk_unit == 0 or non-finite,NQZ17-CME,8310345,2017-11-10 15:59:13.036000+00:00,6296.25,{'stop_loss_price': 6296.25}
INVALID_RISK_UNIT,risk_unit == 0 or non-finite,NQZ17-CME,8310346,2017-11-10 15:59:13.037000+00:00,6296.25,{'stop_loss_price': 6296.25}
INVALID_RISK_UNIT,risk_unit == 0 or non-finite,NQZ17-CME,8310347,2017-11-10 15:59:13.038000+00:00,6296.25,{'stop_loss_price': 6296.25}
INVALID_RISK_UNIT,risk_unit == 0 or non-finite,NQZ17-CME,8310348,2017-11-10 15:59:13.039000+00:00,6296.25,{'stop_loss_price': 6296.25}
INVALID_RISK_UNIT,risk_unit == 0 or non-finite,NQZ17-CME,8310349,2017-11-10 15:59:13.040000+00:00,6296.25,{'stop_loss_price': 6296.25}
INVALID_RISK_UNIT,risk_unit == 0 or non-finite,NQZ17-CME,8310350,2017-11-10 15:59:13.041000+00:00,6296.25,{'stop_loss_price': 6296.25}
INVALID_RISK_UNIT,risk_unit == 0 or non-finite,NQZ17-CME,8310351,2017-11-10 15:59:13.042000+00:00,6296.25,{'stop_loss_price': 6296.25}
INVALID_RISK_UNIT,risk_unit == 0 or non-finite,NQZ17-CME,8310352,2017-11-10 15:59:13.043000+00:00,6296.25,{'stop_loss_price': 6296.25}
INVALID_RISK_UNIT,risk_unit == 0 or non-finite,NQZ17-CME,8310353,2017-11-10 15:59:13.044000+00:00,6296.25,{'stop_loss_price': 6296.25}
INVALID_RISK_UNIT,risk_unit == 0 or non-finite,NQZ17-CME,8310354,2017-11-10 15:59:13.045000+00:00,6296.25,{'stop_loss_price': 6296.25}
INVALID_RISK_UNIT,risk_unit == 0 or non-finite,NQZ17-CME,8310355,2017-11-10 15:59:13.046000+00:00,6296.25,{'stop_loss_price': 6296.25}
INVALID_RISK_UNIT,risk_unit == 0 or non-finite,NQZ17-CME,8310356,2017-11-10 15:59:13.047000+00:00,6296.25,{'stop_loss_price': 6296.25}
INVALID_RISK_UNIT,risk_unit == 0 or non-finite,NQZ17-CME,8310357,2017-11-10 15:59:13.048000+00:00,6296.25,{'stop_loss_price': 6296.25}
INVALID_RISK_UNIT,risk_unit == 0 or non-finite,NQZ17-CME,8310358,2017-11-10 15:59:13.049000+00:00,6296.25,{'stop_loss_price': 6296.25}
INVALID_RISK_UNIT,risk_unit == 0 or non-finite,NQZ17-CME,8310359,2017-11-10 15:59:13.050000+00:00,6296.25,{'stop_loss_price': 6296.25}
INVALID_RISK_UNIT,risk_unit == 0 or non-finite,NQZ17-CME,8324192,2017-11-10 16:33:30+00:00,6293.25,{'stop_loss_price': 6293.25}
INVALID_RISK_UNIT,risk_unit == 0 or non-finite,NQZ17-CME,8324193,2017-11-10 16:33:30.001000+00:00,6293.25,{'stop_loss_price': 6293.25}
INVALID_RISK_UNIT,risk_unit == 0 or non-finite,NQZ17-CME,8324194,2017-11-10 16:33:30.002000+00:00,6293.25,{'stop_loss_price': 6293.25}
INVALID_RISK_UNIT,risk_unit == 0 or non-finite,NQZ17-CME,8324195,2017-11-10 16:33:30.003000+00:00,6293.25,{'stop_loss_price': 6293.25}
INVALID_RISK_UNIT,risk_unit == 0 or non-finite,NQZ17-CME,8324196,2017-11-10 16:33:30.004000+00:00,6293.25,{'stop_loss_price': 6293.25}
INVALID_RISK_UNIT,risk_unit == 0 or non-finite,NQZ17-CME,8324197,2017-11-10 16:33:30.005000+00:00,6293.25,{'stop_loss_price': 6293.25}
INVALID_RISK_UNIT,risk_unit == 0 or non-finite,NQZ17-CME,8324198,2017-11-10 16:33:30.006000+00:00,6293.25,{'stop_loss_price': 6293.25}
INVALID_RISK_UNIT,risk_unit == 0 or non-finite,NQZ17-CME,8358379,2017-11-10 19:10:50.011000+00:00,6308.25,{'stop_loss_price': 6308.25}
INVALID_RISK_UNIT,risk_unit == 0 or non-finite,NQZ17-CME,8358380,2017-11-10 19:10:50.012000+00:00,6308.25,{'stop_loss_price': 6308.25}
INVALID_RISK_UNIT,risk_unit == 0 or non-finite,NQZ17-CME,8358381,2017-11-10 19:10:50.013000+00:00,6308.25,{'stop_loss_price': 6308.25}
INVALID_RISK_UNIT,risk_unit == 0 or non-finite,NQZ17-CME,8358382,2017-11-10 19:10:50.014000+00:00,6308.25,{'stop_loss_price': 6308.25}
INVALID_RISK_UNIT,risk_unit == 0 or non-finite,NQZ17-CME,8358383,2017-11-10 19:10:50.015000+00:00,6308.25,{'stop_loss_price': 6308.25}
INVALID_RISK_UNIT,risk_unit == 0 or non-finite,NQZ17-CME,8358384,2017-11-10 19:10:50.016000+00:00,6308.25,{'stop_loss_price': 6308.25}
INVALID_RISK_UNIT,risk_unit == 0 or non-finite,NQZ17-CME,8358385,2017-11-10 19:10:50.017000+00:00,6308.25,{'stop_loss_price': 6308.25}
INVALID_RISK_UNIT,risk_unit == 0 or non-finite,NQZ17-CME,8358386,2017-11-10 19:10:50.018000+00:00,6308.25,{'stop_loss_price': 6308.25}
INVALID_RISK_UNIT,risk_unit == 0 or non-finite,NQZ17-CME,8358387,2017-11-10 19:10:50.019000+00:00,6308.25,{'stop_loss_price': 6308.25}
INVALID_RISK_UNIT,risk_unit == 0 or non-finite,NQZ17-CME,8358388,2017-11-10 19:10:50.020000+00:00,6308.25,{'stop_loss_price': 6308.25}
INVALID_RISK_UNIT,risk_unit == 0 or non-finite,NQZ17-CME,8358389,2017-11-10 19:10:50.021000+00:00,6308.25,{'stop_loss_price': 6308.25}
INVALID_RISK_UNIT,risk_unit == 0 or non-finite,NQZ17-CME,8358390,2017-11-10 19:10:50.022000+00:00,6308.25,{'stop_loss_price': 6308.25}
INVALID_RISK_UNIT,risk_unit == 0 or non-finite,NQZ17-CME,8358391,2017-11-10 19:10:50.023000+00:00,6308.25,{'stop_loss_price': 6308.25}
INVALID_RISK_UNIT,risk_unit == 0 or non-finite,NQZ17-CME,8358392,2017-11-10 19:10:50.024000+00:00,6308.25,{'stop_loss_price': 6308.25}
INVALID_RISK_UNIT,risk_unit == 0 or non-finite,NQZ17-CME,8358393,2017-11-10 19:10:50.025000+00:00,6308.25,{'stop_loss_price': 6308.25}
INVALID_RISK_UNIT,risk_unit == 0 or non-finite,NQZ17-CME,8358394,2017-11-10 19:10:50.026000+00:00,6308.25,{'stop_loss_price': 6308.25}
INVALID_RISK_UNIT,risk_unit == 0 or non-finite,NQZ17-CME,8358395,2017-11-10 19:10:50.027000+00:00,6308.25,{'stop_loss_price': 6308.25}
INVALID_RISK_UNIT,risk_unit == 0 or non-finite,NQZ17-CME,8358396,2017-11-10 19:10:50.028000+00:00,6308.25,{'stop_loss_price': 6308.25}
INVALID_RISK_UNIT,risk_unit == 0 or non-finite,NQZ17-CME,8358397,2017-11-10 19:10:50.029000+00:00,6308.25,{'stop_loss_price': 6308.25}
INVALID_RISK_UNIT,risk_unit == 0 or non-finite,NQZ17-CME,8358398,2017-11-10 19:10:50.030000+00:00,6308.25,{'stop_loss_price': 6308.25}
INVALID_RISK_UNIT,risk_unit == 0 or non-finite,NQZ17-CME,8358399,2017-11-10 19:10:50.031000+00:00,6308.25,{'stop_loss_price': 6308.25}
INVALID_RISK_UNIT,risk_unit == 0 or non-finite,NQZ17-CME,8358400,2017-11-10 19:10:50.032000+00:00,6308.25,{'stop_loss_price': 6308.25}
INVALID_RISK_UNIT,risk_unit == 0 or non-finite,NQZ17-CME,8358401,2017-11-10 19:10:50.033000+00:00,6308.25,{'stop_loss_price': 6308.25}
INVALID_RISK_UNIT,risk_unit == 0 or non-finite,NQZ17-CME,8358402,2017-11-10 19:10:50.034000+00:00,6308.25,{'stop_loss_price': 6308.25}
INVALID_RISK_UNIT,risk_unit == 0 or non-finite,NQZ17-CME,8358403,2017-11-10 19:10:50.035000+00:00,6308.25,{'stop_loss_price': 6308.25}
INVALID_RISK_UNIT,risk_unit == 0 or non-finite,NQZ17-CME,8358404,2017-11-10 19:10:50.036000+00:00,6308.25,{'stop_loss_price': 6308.25}
INVALID_RISK_UNIT,risk_unit == 0 or non-finite,NQZ17-CME,8358405,2017-11-10 19:10:50.037000+00:00,6308.25,{'stop_loss_price': 6308.25}
INVALID_RISK_UNIT,risk_unit == 0 or non-finite,NQZ17-CME,8358406,2017-11-10 19:10:50.038000+00:00,6308.25,{'stop_loss_price': 6308.25}
INVALID_RISK_UNIT,risk_unit == 0 or non-finite,NQZ17-CME,8358407,2017-11-10 19:10:50.039000+00:00,6308.25,{'stop_loss_price': 6308.25}
INVALID_RISK_UNIT,risk_unit == 0 or non-finite,NQZ17-CME,8358408,2017-11-10 19:10:50.040000+00:00,6308.25,{'stop_loss_price': 6308.25}
INVALID_RISK_UNIT,risk_unit == 0 or non-finite,NQZ17-CME,8358409,2017-11-10 19:10:50.041000+00:00,6308.25,{'stop_loss_price': 6308.25}
INVALID_RISK_UNIT,risk_unit == 0 or non-finite,NQZ17-CME,8358410,2017-11-10 19:10:50.042000+00:00,6308.25,{'stop_loss_price': 6308.25}
INVALID_RISK_UNIT,risk_unit == 0 or non-finite,NQZ17-CME,8358411,2017-11-10 19:10:50.043000+00:00,6308.25,{'stop_loss_price': 6308.25}
INVALID_RISK_UNIT,risk_unit == 0 or non-finite,NQZ17-CME,8362225,2017-11-10 19:27:29.002000+00:00,6309.0,{'stop_loss_price': 6309.0}
INVALID_RISK_UNIT,risk_unit == 0 or non-finite,NQZ17-CME,8362226,2017-11-10 19:27:29.003000+00:00,6309.0,{'stop_loss_price': 6309.0}
INVALID_RISK_UNIT,risk_unit == 0 or non-finite,NQZ17-CME,8362227,2017-11-10 19:27:29.004000+00:00,6309.0,{'stop_loss_price': 6309.0}
INVALID_RISK_UNIT,risk_unit == 0 or non-finite,NQZ17-CME,8362228,2017-11-10 19:27:29.005000+00:00,6309.0,{'stop_loss_price': 6309.0}
INVALID_RISK_UNIT,risk_unit == 0 or non-finite,NQZ17-CME,8362229,2017-11-10 19:27:29.006000+00:00,6309.0,{'stop_loss_price': 6309.0}
INVALID_RISK_UNIT,risk_unit == 0 or non-finite,NQZ17-CME,8362230,2017-11-10 19:27:29.007000+00:00,6309.0,{'stop_loss_price': 6309.0}
INVALID_RISK_UNIT,risk_unit == 0 or non-finite,NQZ17-CME,8481515,2017-11-13 15:44:56+00:00,6306.0,{'stop_loss_price': 6306.0}
INVALID_RISK_UNIT,risk_unit == 0 or non-finite,NQZ17-CME,8587622,2017-11-14 14:30:54.011000+00:00,6296.25,{'stop_loss_price': 6296.25}
INVALID_RISK_UNIT,risk_unit == 0 or non-finite,NQZ17-CME,8587623,2017-11-14 14:30:54.012000+00:00,6296.25,{'stop_loss_price': 6296.25}
INVALID_RISK_UNIT,risk_unit == 0 or non-finite,NQZ17-CME,8587626,2017-11-14 14:30:54.015000+00:00,6296.25,{'stop_loss_price': 6296.25}
INVALID_RISK_UNIT,risk_unit == 0 or non-finite,NQZ17-CME,8632771,2017-11-14 15:03:58+00:00,6268.5,{'stop_loss_price': 6268.5}
INVALID_RISK_UNIT,risk_unit == 0 or non-finite,NQZ17-CME,8632772,2017-11-14 15:03:58.001000+00:00,6268.5,{'stop_loss_price': 6268.5}
INVALID_RISK_UNIT,risk_unit == 0 or non-finite,NQZ17-CME,8632773,2017-11-14 15:03:58.002000+00:00,6268.5,{'stop_loss_price': 6268.5}
INVALID_RISK_UNIT,risk_unit == 0 or non-finite,NQZ17-CME,8782687,2017-11-14 20:40:56.050000+00:00,6288.5,{'stop_loss_price': 6288.5}
INVALID_RISK_UNIT,risk_unit == 0 or non-finite,NQZ17-CME,8782688,2017-11-14 20:40:56.051000+00:00,6288.5,{'stop_loss_price': 6288.5}
INVALID_RISK_UNIT,risk_unit == 0 or non-finite,NQZ17-CME,8782689,2017-11-14 20:40:56.052000+00:00,6288.5,{'stop_loss_price': 6288.5}
INVALID_RISK_UNIT,risk_unit == 0 or non-finite,NQZ17-CME,8782690,2017-11-14 20:40:56.053000+00:00,6288.5,{'stop_loss_price': 6288.5}
INVALID_RISK_UNIT,risk_unit == 0 or non-finite,NQZ17-CME,8782691,2017-11-14 20:40:56.054000+00:00,6288.5,{'stop_loss_price': 6288.5}
INVALID_RISK_UNIT,risk_unit == 0 or non-finite,NQZ17-CME,8782692,2017-11-14 20:40:56.055000+00:00,6288.5,{'stop_loss_price': 6288.5}
INVALID_RISK_UNIT,risk_unit == 0 or non-finite,NQZ17-CME,8782693,2017-11-14 20:40:56.056000+00:00,6288.5,{'stop_loss_price': 6288.5}
INVALID_RISK_UNIT,risk_unit == 0 or non-finite,NQZ17-CME,8782694,2017-11-14 20:40:56.057000+00:00,6288.5,{'stop_loss_price': 6288.5}
INVALID_RISK_UNIT,risk_unit == 0 or non-finite,NQZ17-CME,8782695,2017-11-14 20:40:56.058000+00:00,6288.5,{'stop_loss_price': 6288.5}
INVALID_RISK_UNIT,risk_unit == 0 or non-finite,NQZ17-CME,8782696,2017-11-14 20:40:56.059000+00:00,6288.5,{'stop_loss_price': 6288.5}
INVALID_RISK_UNIT,risk_unit == 0 or non-finite,NQZ17-CME,8782697,2017-11-14 20:40:56.060000+00:00,6288.5,{'stop_loss_price': 6288.5}
INVALID_RISK_UNIT,risk_unit == 0 or non-finite,NQZ17-CME,8782698,2017-11-14 20:40:56.061000+00:00,6288.5,{'stop_loss_price': 6288.5}
INVALID_RISK_UNIT,risk_unit == 0 or non-finite,NQZ17-CME,8782699,2017-11-14 20:40:56.062000+00:00,6288.5,{'stop_loss_price': 6288.5}
INVALID_RISK_UNIT,risk_unit == 0 or non-finite,NQZ17-CME,8782700,2017-11-14 20:40:56.063000+00:00,6288.5,{'stop_loss_price': 6288.5}
INVALID_RISK_UNIT,risk_unit == 0 or non-finite,NQZ17-CME,8782701,2017-11-14 20:40:56.064000+00:00,6288.5,{'stop_loss_price': 6288.5}
INVALID_RISK_UNIT,risk_unit == 0 or non-finite,NQZ17-CME,8782702,2017-11-14 20:40:56.065000+00:00,6288.5,{'stop_loss_price': 6288.5}
INVALID_RISK_UNIT,risk_unit == 0 or non-finite,NQZ17-CME,8782703,2017-11-14 20:40:56.066000+00:00,6288.5,{'stop_loss_price': 6288.5}
INVALID_RISK_UNIT,risk_unit == 0 or non-finite,NQZ17-CME,8782704,2017-11-14 20:40:56.067000+00:00,6288.5,{'stop_loss_price': 6288.5}
INVALID_RISK_UNIT,risk_unit == 0 or non-finite,NQZ17-CME,8782705,2017-11-14 20:40:56.068000+00:00,6288.5,{'stop_loss_price': 6288.5}
INVALID_RISK_UNIT,risk_unit == 0 or non-finite,NQZ17-CME,8782706,2017-11-14 20:40:56.069000+00:00,6288.5,{'stop_loss_price': 6288.5}
INVALID_RISK_UNIT,risk_unit == 0 or non-finite,NQZ17-CME,8782707,2017-11-14 20:40:56.070000+00:00,6288.5,{'stop_loss_price': 6288.5}
INVALID_RISK_UNIT,risk_unit == 0 or non-finite,NQZ17-CME,8869804,2017-11-15 14:39:24.011000+00:00,6240.0,{'stop_loss_price': 6240.0}
INVALID_RISK_UNIT,risk_unit == 0 or non-finite,NQZ17-CME,8871932,2017-11-15 14:39:47.045000+00:00,6232.25,{'stop_loss_price': 6232.25}
INVALID_RISK_UNIT,risk_unit == 0 or non-finite,NQZ17-CME,8871933,2017-11-15 14:39:47.046000+00:00,6232.25,{'stop_loss_price': 6232.25}
INVALID_RISK_UNIT,risk_unit == 0 or non-finite,NQZ17-CME,8871934,2017-11-15 14:39:47.047000+00:00,6232.25,{'stop_loss_price': 6232.25}
INVALID_RISK_UNIT,risk_unit == 0 or non-finite,NQZ17-CME,8871935,2017-11-15 14:39:47.048000+00:00,6232.25,{'stop_loss_price': 6232.25}
INVALID_RISK_UNIT,risk_unit == 0 or non-finite,NQZ17-CME,8871936,2017-11-15 14:39:47.049000+00:00,6232.25,{'stop_loss_price': 6232.25}
INVALID_RISK_UNIT,risk_unit == 0 or non-finite,NQZ17-CME,8871937,2017-11-15 14:39:47.050000+00:00,6232.25,{'stop_loss_price': 6232.25}
INVALID_RISK_UNIT,risk_unit == 0 or non-finite,NQZ17-CME,8871938,2017-11-15 14:39:47.051000+00:00,6232.25,{'stop_loss_price': 6232.25}
INVALID_RISK_UNIT,risk_unit == 0 or non-finite,NQZ17-CME,8871939,2017-11-15 14:39:47.052000+00:00,6232.25,{'stop_loss_price': 6232.25}
INVALID_RISK_UNIT,risk_unit == 0 or non-finite,NQZ17-CME,8871940,2017-11-15 14:39:47.053000+00:00,6232.25,{'stop_loss_price': 6232.25}
INVALID_RISK_UNIT,risk_unit == 0 or non-finite,NQZ17-CME,8871941,2017-11-15 14:39:47.054000+00:00,6232.25,{'stop_loss_price': 6232.25}
INVALID_RISK_UNIT,risk_unit == 0 or non-finite,NQZ17-CME,8871942,2017-11-15 14:39:47.055000+00:00,6232.25,{'stop_loss_price': 6232.25}
INVALID_RISK_UNIT,risk_unit == 0 or non-finite,NQZ17-CME,8871943,2017-11-15 14:39:47.056000+00:00,6232.25,{'stop_loss_price': 6232.25}
INVALID_RISK_UNIT,risk_unit == 0 or non-finite,NQZ17-CME,8871944,2017-11-15 14:39:47.057000+00:00,6232.25,{'stop_loss_price': 6232.25}
INVALID_RISK_UNIT,risk_unit == 0 or non-finite,NQZ17-CME,8871945,2017-11-15 14:39:47.058000+00:00,6232.25,{'stop_loss_price': 6232.25}
INVALID_RISK_UNIT,risk_unit == 0 or non-finite,NQZ17-CME,8871946,2017-11-15 14:39:47.059000+00:00,6232.25,{'stop_loss_price': 6232.25}
INVALID_RISK_UNIT,risk_unit == 0 or non-finite,NQZ17-CME,8871947,2017-11-15 14:39:47.060000+00:00,6232.25,{'stop_loss_price': 6232.25}
INVALID_RISK_UNIT,risk_unit == 0 or non-finite,NQZ17-CME,8871948,2017-11-15 14:39:47.061000+00:00,6232.25,{'stop_loss_price': 6232.25}
INVALID_RISK_UNIT,risk_unit == 0 or non-finite,NQZ17-CME,8871949,2017-11-15 14:39:47.062000+00:00,6232.25,{'stop_loss_price': 6232.25}
INVALID_RISK_UNIT,risk_unit == 0 or non-finite,NQZ17-CME,8871950,2017-11-15 14:39:47.063000+00:00,6232.25,{'stop_loss_price': 6232.25}
INVALID_RISK_UNIT,risk_unit == 0 or non-finite,NQZ17-CME,8958374,2017-11-15 16:04:39.005000+00:00,6273.0,{'stop_loss_price': 6273.0}
INVALID_RISK_UNIT,risk_unit == 0 or non-finite,NQZ17-CME,8958375,2017-11-15 16:04:39.006000+00:00,6273.0,{'stop_loss_price': 6273.0}
INVALID_RISK_UNIT,risk_unit == 0 or non-finite,NQZ17-CME,8958376,2017-11-15 16:04:40+00:00,6273.0,{'stop_loss_price': 6273.0}
INVALID_RISK_UNIT,risk_unit == 0 or non-finite,NQZ17-CME,8958377,2017-11-15 16:04:40.001000+00:00,6273.0,{'stop_loss_price': 6273.0}
INVALID_RISK_UNIT,risk_unit == 0 or non-finite,NQZ17-CME,8958378,2017-11-15 16:04:40.002000+00:00,6273.0,{'stop_loss_price': 6273.0}
INVALID_RISK_UNIT,risk_unit == 0 or non-finite,NQZ17-CME,8958379,2017-11-15 16:04:40.003000+00:00,6273.0,{'stop_loss_price': 6273.0}
INVALID_RISK_UNIT,risk_unit == 0 or non-finite,NQZ17-CME,8958380,2017-11-15 16:04:40.004000+00:00,6273.0,{'stop_loss_price': 6273.0}
INVALID_RISK_UNIT,risk_unit == 0 or non-finite,NQZ17-CME,8958384,2017-11-15 16:04:41+00:00,6273.0,{'stop_loss_price': 6273.0}
INVALID_RISK_UNIT,risk_unit == 0 or non-finite,NQZ17-CME,8958385,2017-11-15 16:04:41.001000+00:00,6273.0,{'stop_loss_price': 6273.0}
INVALID_RISK_UNIT,risk_unit == 0 or non-finite,NQZ17-CME,8958395,2017-11-15 16:04:46+00:00,6273.0,{'stop_loss_price': 6273.0}
INVALID_RISK_UNIT,risk_unit == 0 or non-finite,NQZ17-CME,9036239,2017-11-15 20:18:04.041000+00:00,6278.25,{'stop_loss_price': 6278.25}
INVALID_RISK_UNIT,risk_unit == 0 or non-finite,NQZ17-CME,9036240,2017-11-15 20:18:04.042000+00:00,6278.25,{'stop_loss_price': 6278.25}
INVALID_RISK_UNIT,risk_unit == 0 or non-finite,NQZ17-CME,9036241,2017-11-15 20:18:04.043000+00:00,6278.25,{'stop_loss_price': 6278.25}
INVALID_RISK_UNIT,risk_unit == 0 or non-finite,NQZ17-CME,9036242,2017-11-15 20:18:04.044000+00:00,6278.25,{'stop_loss_price': 6278.25}
INVALID_RISK_UNIT,risk_unit == 0 or non-finite,NQZ17-CME,9036243,2017-11-15 20:18:04.045000+00:00,6278.25,{'stop_loss_price': 6278.25}
INVALID_RISK_UNIT,risk_unit == 0 or non-finite,NQZ17-CME,9036244,2017-11-15 20:18:04.046000+00:00,6278.25,{'stop_loss_price': 6278.25}
INVALID_RISK_UNIT,risk_unit == 0 or non-finite,NQZ17-CME,9036245,2017-11-15 20:18:04.047000+00:00,6278.25,{'stop_loss_price': 6278.25}
INVALID_RISK_UNIT,risk_unit == 0 or non-finite,NQZ17-CME,9036246,2017-11-15 20:18:04.048000+00:00,6278.25,{'stop_loss_price': 6278.25}
INVALID_RISK_UNIT,risk_unit == 0 or non-finite,NQZ17-CME,9036247,2017-11-15 20:18:04.049000+00:00,6278.25,{'stop_loss_price': 6278.25}
INVALID_RISK_UNIT,risk_unit == 0 or non-finite,NQZ17-CME,9036248,2017-11-15 20:18:04.050000+00:00,6278.25,{'stop_loss_price': 6278.25}
INVALID_RISK_UNIT,risk_unit == 0 or non-finite,NQZ17-CME,9036249,2017-11-15 20:18:04.051000+00:00,6278.25,{'stop_loss_price': 6278.25}
INVALID_RISK_UNIT,risk_unit == 0 or non-finite,NQZ17-CME,9036250,2017-11-15 20:18:04.052000+00:00,6278.25,{'stop_loss_price': 6278.25}
INVALID_RISK_UNIT,risk_unit == 0 or non-finite,NQZ17-CME,9036251,2017-11-15 20:18:04.053000+00:00,6278.25,{'stop_loss_price': 6278.25}
INVALID_RISK_UNIT,risk_unit == 0 or non-finite,NQZ17-CME,9036252,2017-11-15 20:18:04.054000+00:00,6278.25,{'stop_loss_price': 6278.25}
INVALID_RISK_UNIT,risk_unit == 0 or non-finite,NQZ17-CME,9036253,2017-11-15 20:18:04.055000+00:00,6278.25,{'stop_loss_price': 6278.25}
INVALID_RISK_UNIT,risk_unit == 0 or non-finite,NQZ17-CME,9036254,2017-11-15 20:18:05+00:00,6278.25,{'stop_loss_price': 6278.25}
INVALID_RISK_UNIT,risk_unit == 0 or non-finite,NQZ17-CME,9036255,2017-11-15 20:18:05.001000+00:00,6278.25,{'stop_loss_price': 6278.25}
INVALID_RISK_UNIT,risk_unit == 0 or non-finite,NQZ17-CME,9036256,2017-11-15 20:18:05.002000+00:00,6278.25,{'stop_loss_price': 6278.25}
INVALID_RISK_UNIT,risk_unit == 0 or non-finite,NQZ17-CME,9036257,2017-11-15 20:18:06+00:00,6278.25,{'stop_loss_price': 6278.25}
INVALID_RISK_UNIT,risk_unit == 0 or non-finite,NQZ17-CME,9036258,2017-11-15 20:18:06.001000+00:00,6278.25,{'stop_loss_price': 6278.25}
INVALID_RISK_UNIT,risk_unit == 0 or non-finite,NQZ17-CME,9036259,2017-11-15 20:18:07+00:00,6278.25,{'stop_loss_price': 6278.25}
INVALID_RISK_UNIT,risk_unit == 0 or non-finite,NQZ17-CME,9036260,2017-11-15 20:18:07.001000+00:00,6278.25,{'stop_loss_price': 6278.25}
INVALID_RISK_UNIT,risk_unit == 0 or non-finite,NQZ17-CME,9036261,2017-11-15 20:18:07.002000+00:00,6278.25,{'stop_loss_price': 6278.25}
INVALID_RISK_UNIT,risk_unit == 0 or non-finite,NQZ17-CME,9036262,2017-11-15 20:18:07.003000+00:00,6278.25,{'stop_loss_price': 6278.25}
INVALID_RISK_UNIT,risk_unit == 0 or non-finite,NQZ17-CME,9036263,2017-11-15 20:18:07.004000+00:00,6278.25,{'stop_loss_price': 6278.25}
INVALID_RISK_UNIT,risk_unit == 0 or non-finite,NQZ17-CME,9036264,2017-11-15 20:18:08+00:00,6278.25,{'stop_loss_price': 6278.25}
INVALID_RISK_UNIT,risk_unit == 0 or non-finite,NQZ17-CME,9036265,2017-11-15 20:18:08.001000+00:00,6278.25,{'stop_loss_price': 6278.25}
INVALID_RISK_UNIT,risk_unit == 0 or non-finite,NQZ17-CME,9036266,2017-11-15 20:18:08.002000+00:00,6278.25,{'stop_loss_price': 6278.25}
INVALID_RISK_UNIT,risk_unit == 0 or non-finite,NQZ17-CME,9036267,2017-11-15 20:18:09+00:00,6278.25,{'stop_loss_price': 6278.25}
INVALID_RISK_UNIT,risk_unit == 0 or non-finite,NQZ17-CME,9036268,2017-11-15 20:18:09.001000+00:00,6278.25,{'stop_loss_price': 6278.25}
INVALID_RISK_UNIT,risk_unit == 0 or non-finite,NQZ17-CME,9036269,2017-11-15 20:18:10+00:00,6278.25,{'stop_loss_price': 6278.25}
INVALID_RISK_UNIT,risk_unit == 0 or non-finite,NQZ17-CME,9094490,2017-11-16 10:00:27+00:00,6291.0,{'stop_loss_price': 6291.0}
INVALID_RISK_UNIT,risk_unit == 0 or non-finite,NQZ17-CME,9169686,2017-11-16 15:38:38.008000+00:00,6329.5,{'stop_loss_price': 6329.5}
INVALID_RISK_UNIT,risk_unit == 0 or non-finite,NQZ17-CME,9169687,2017-11-16 15:38:38.009000+00:00,6329.5,{'stop_loss_price': 6329.5}
INVALID_RISK_UNIT,risk_unit == 0 or non-finite,NQZ17-CME,9169688,2017-11-16 15:38:38.010000+00:00,6329.5,{'stop_loss_price': 6329.5}
INVALID_RISK_UNIT,risk_unit == 0 or non-finite,NQZ17-CME,9169689,2017-11-16 15:38:38.011000+00:00,6329.5,{'stop_loss_price': 6329.5}
INVALID_RISK_UNIT,risk_unit == 0 or non-finite,NQZ17-CME,9169690,2017-11-16 15:38:38.012000+00:00,6329.5,{'stop_loss_price': 6329.5}
INVALID_RISK_UNIT,risk_unit == 0 or non-finite,NQZ17-CME,9169691,2017-11-16 15:38:38.013000+00:00,6329.5,{'stop_loss_price': 6329.5}
INVALID_RISK_UNIT,risk_unit == 0 or non-finite,NQZ17-CME,9169692,2017-11-16 15:38:38.014000+00:00,6329.5,{'stop_loss_price': 6329.5}
INVALID_RISK_UNIT,risk_unit == 0 or non-finite,NQZ17-CME,9169693,2017-11-16 15:38:38.015000+00:00,6329.5,{'stop_loss_price': 6329.5}
INVALID_RISK_UNIT,risk_unit == 0 or non-finite,NQZ17-CME,9169694,2017-11-16 15:38:38.016000+00:00,6329.5,{'stop_loss_price': 6329.5}
INVALID_RISK_UNIT,risk_unit == 0 or non-finite,NQZ17-CME,9169695,2017-11-16 15:38:38.017000+00:00,6329.5,{'stop_loss_price': 6329.5}
INVALID_RISK_UNIT,risk_unit == 0 or non-finite,NQZ17-CME,9169696,2017-11-16 15:38:38.018000+00:00,6329.5,{'stop_loss_price': 6329.5}
INVALID_RISK_UNIT,risk_unit == 0 or non-finite,NQZ17-CME,9169697,2017-11-16 15:38:38.019000+00:00,6329.5,{'stop_loss_price': 6329.5}
INVALID_RISK_UNIT,risk_unit == 0 or non-finite,NQZ17-CME,9169698,2017-11-16 15:38:38.020000+00:00,6329.5,{'stop_loss_price': 6329.5}
INVALID_RISK_UNIT,risk_unit == 0 or non-finite,NQZ17-CME,9169699,2017-11-16 15:38:38.021000+00:00,6329.5,{'stop_loss_price': 6329.5}
INVALID_RISK_UNIT,risk_unit == 0 or non-finite,NQZ17-CME,9169700,2017-11-16 15:38:38.022000+00:00,6329.5,{'stop_loss_price': 6329.5}
INVALID_RISK_UNIT,risk_unit == 0 or non-finite,NQZ17-CME,9169702,2017-11-16 15:38:38.024000+00:00,6329.5,{'stop_loss_price': 6329.5}
INVALID_RISK_UNIT,risk_unit == 0 or non-finite,NQZ17-CME,9276020,2017-11-16 20:56:57.001000+00:00,6347.75,{'stop_loss_price': 6347.75}
INVALID_RISK_UNIT,risk_unit == 0 or non-finite,NQZ17-CME,9276021,2017-11-16 20:56:57.002000+00:00,6347.75,{'stop_loss_price': 6347.75}
INVALID_RISK_UNIT,risk_unit == 0 or non-finite,NQZ17-CME,9276022,2017-11-16 20:56:57.003000+00:00,6347.75,{'stop_loss_price': 6347.75}
INVALID_RISK_UNIT,risk_unit == 0 or non-finite,NQZ17-CME,9276023,2017-11-16 20:56:59+00:00,6347.75,{'stop_loss_price': 6347.75}
INVALID_RISK_UNIT,risk_unit == 0 or non-finite,NQZ17-CME,9276025,2017-11-16 20:57:00+00:00,6347.75,{'stop_loss_price': 6347.75}
INVALID_RISK_UNIT,risk_unit == 0 or non-finite,NQZ17-CME,9362772,2017-11-17 15:13:52+00:00,6335.5,{'stop_loss_price': 6335.5}
INVALID_RISK_UNIT,risk_unit == 0 or non-finite,NQZ17-CME,9482881,2017-11-20 02:55:17.013000+00:00,6299.0,{'stop_loss_price': 6299.0}
INVALID_RISK_UNIT,risk_unit == 0 or non-finite,NQZ17-CME,9482882,2017-11-20 02:55:17.014000+00:00,6299.0,{'stop_loss_price': 6299.0}
INVALID_RISK_UNIT,risk_unit == 0 or non-finite,NQZ17-CME,9482883,2017-11-20 02:55:17.015000+00:00,6299.0,{'stop_loss_price': 6299.0}
INVALID_RISK_UNIT,risk_unit == 0 or non-finite,NQZ17-CME,9482884,2017-11-20 02:55:17.016000+00:00,6299.0,{'stop_loss_price': 6299.0}
INVALID_RISK_UNIT,risk_unit == 0 or non-finite,NQZ17-CME,9482885,2017-11-20 02:55:17.017000+00:00,6299.0,{'stop_loss_price': 6299.0}
INVALID_RISK_UNIT,risk_unit == 0 or non-finite,NQZ17-CME,9482886,2017-11-20 02:55:17.018000+00:00,6299.0,{'stop_loss_price': 6299.0}
INVALID_RISK_UNIT,risk_unit == 0 or non-finite,NQZ17-CME,9526444,2017-11-20 14:52:05.013000+00:00,6322.0,{'stop_loss_price': 6322.0}
INVALID_RISK_UNIT,risk_unit == 0 or non-finite,NQZ17-CME,9526445,2017-11-20 14:52:05.014000+00:00,6322.0,{'stop_loss_price': 6322.0}
INVALID_RISK_UNIT,risk_unit == 0 or non-finite,NQZ17-CME,9526446,2017-11-20 14:52:05.015000+00:00,6322.0,{'stop_loss_price': 6322.0}
INVALID_RISK_UNIT,risk_unit == 0 or non-finite,NQZ17-CME,9526447,2017-11-20 14:52:05.016000+00:00,6322.0,{'stop_loss_price': 6322.0}
INVALID_RISK_UNIT,risk_unit == 0 or non-finite,NQZ17-CME,9526448,2017-11-20 14:52:05.017000+00:00,6322.0,{'stop_loss_price': 6322.0}
INVALID_RISK_UNIT,risk_unit == 0 or non-finite,NQZ17-CME,9526449,2017-11-20 14:52:05.018000+00:00,6322.0,{'stop_loss_price': 6322.0}
INVALID_RISK_UNIT,risk_unit == 0 or non-finite,NQZ17-CME,9526450,2017-11-20 14:52:05.019000+00:00,6322.0,{'stop_loss_price': 6322.0}
INVALID_RISK_UNIT,risk_unit == 0 or non-finite,NQZ17-CME,9526451,2017-11-20 14:52:05.020000+00:00,6322.0,{'stop_loss_price': 6322.0}
INVALID_RISK_UNIT,risk_unit == 0 or non-finite,NQZ17-CME,9526452,2017-11-20 14:52:05.021000+00:00,6322.0,{'stop_loss_price': 6322.0}
INVALID_RISK_UNIT,risk_unit == 0 or non-finite,NQZ17-CME,9526453,2017-11-20 14:52:05.022000+00:00,6322.0,{'stop_loss_price': 6322.0}
INVALID_RISK_UNIT,risk_unit == 0 or non-finite,NQZ17-CME,9526454,2017-11-20 14:52:05.023000+00:00,6322.0,{'stop_loss_price': 6322.0}
INVALID_RISK_UNIT,risk_unit == 0 or non-finite,NQZ17-CME,9526455,2017-11-20 14:52:05.024000+00:00,6322.0,{'stop_loss_price': 6322.0}
INVALID_RISK_UNIT,risk_unit == 0 or non-finite,NQZ17-CME,9526456,2017-11-20 14:52:05.025000+00:00,6322.0,{'stop_loss_price': 6322.0}
INVALID_RISK_UNIT,risk_unit == 0 or non-finite,NQZ17-CME,9526457,2017-11-20 14:52:05.026000+00:00,6322.0,{'stop_loss_price': 6322.0}
INVALID_RISK_UNIT,risk_unit == 0 or non-finite,NQZ17-CME,9526458,2017-11-20 14:52:05.027000+00:00,6322.0,{'stop_loss_price': 6322.0}
INVALID_RISK_UNIT,risk_unit == 0 or non-finite,NQZ17-CME,9526459,2017-11-20 14:52:05.028000+00:00,6322.0,{'stop_loss_price': 6322.0}
INVALID_RISK_UNIT,risk_unit == 0 or non-finite,NQZ17-CME,9526460,2017-11-20 14:52:05.029000+00:00,6322.0,{'stop_loss_price': 6322.0}
INVALID_RISK_UNIT,risk_unit == 0 or non-finite,NQZ17-CME,9526461,2017-11-20 14:52:05.030000+00:00,6322.0,{'stop_loss_price': 6322.0}
INVALID_RISK_UNIT,risk_unit == 0 or non-finite,NQZ17-CME,9526462,2017-11-20 14:52:05.031000+00:00,6322.0,{'stop_loss_price': 6322.0}
INVALID_RISK_UNIT,risk_unit == 0 or non-finite,NQZ17-CME,9526463,2017-11-20 14:52:05.032000+00:00,6322.0,{'stop_loss_price': 6322.0}
INVALID_RISK_UNIT,risk_unit == 0 or non-finite,NQZ17-CME,9526464,2017-11-20 14:52:05.033000+00:00,6322.0,{'stop_loss_price': 6322.0}
INVALID_RISK_UNIT,risk_unit == 0 or non-finite,NQZ17-CME,9526465,2017-11-20 14:52:05.034000+00:00,6322.0,{'stop_loss_price': 6322.0}
INVALID_RISK_UNIT,risk_unit == 0 or non-finite,NQZ17-CME,9526466,2017-11-20 14:52:05.035000+00:00,6322.0,{'stop_loss_price': 6322.0}
INVALID_RISK_UNIT,risk_unit == 0 or non-finite,NQZ17-CME,9526467,2017-11-20 14:52:05.036000+00:00,6322.0,{'stop_loss_price': 6322.0}
INVALID_RISK_UNIT,risk_unit == 0 or non-finite,NQZ17-CME,9526468,2017-11-20 14:52:05.037000+00:00,6322.0,{'stop_loss_price': 6322.0}
INVALID_RISK_UNIT,risk_unit == 0 or non-finite,NQZ17-CME,9526469,2017-11-20 14:52:05.038000+00:00,6322.0,{'stop_loss_price': 6322.0}
INVALID_RISK_UNIT,risk_unit == 0 or non-finite,NQZ17-CME,9526470,2017-11-20 14:52:05.039000+00:00,6322.0,{'stop_loss_price': 6322.0}
INVALID_RISK_UNIT,risk_unit == 0 or non-finite,NQZ17-CME,9526471,2017-11-20 14:52:05.040000+00:00,6322.0,{'stop_loss_price': 6322.0}
INVALID_RISK_UNIT,risk_unit == 0 or non-finite,NQZ17-CME,9526472,2017-11-20 14:52:05.041000+00:00,6322.0,{'stop_loss_price': 6322.0}
INVALID_RISK_UNIT,risk_unit == 0 or non-finite,NQZ17-CME,9526473,2017-11-20 14:52:05.042000+00:00,6322.0,{'stop_loss_price': 6322.0}
INVALID_RISK_UNIT,risk_unit == 0 or non-finite,NQZ17-CME,9526474,2017-11-20 14:52:05.043000+00:00,6322.0,{'stop_loss_price': 6322.0}
INVALID_RISK_UNIT,risk_unit == 0 or non-finite,NQZ17-CME,9526475,2017-11-20 14:52:05.044000+00:00,6322.0,{'stop_loss_price': 6322.0}
INVALID_RISK_UNIT,risk_unit == 0 or non-finite,NQZ17-CME,9526476,2017-11-20 14:52:05.045000+00:00,6322.0,{'stop_loss_price': 6322.0}
INVALID_RISK_UNIT,risk_unit == 0 or non-finite,NQZ17-CME,9526477,2017-11-20 14:52:05.046000+00:00,6322.0,{'stop_loss_price': 6322.0}
INVALID_RISK_UNIT,risk_unit == 0 or non-finite,NQZ17-CME,9526478,2017-11-20 14:52:05.047000+00:00,6322.0,{'stop_loss_price': 6322.0}
INVALID_RISK_UNIT,risk_unit == 0 or non-finite,NQZ17-CME,9526479,2017-11-20 14:52:05.048000+00:00,6322.0,{'stop_loss_price': 6322.0}
INVALID_RISK_UNIT,risk_unit == 0 or non-finite,NQZ17-CME,9526480,2017-11-20 14:52:05.049000+00:00,6322.0,{'stop_loss_price': 6322.0}
INVALID_RISK_UNIT,risk_unit == 0 or non-finite,NQZ17-CME,9634483,2017-11-21 08:03:40+00:00,6314.5,{'stop_loss_price': 6314.5}
INVALID_RISK_UNIT,risk_unit == 0 or non-finite,NQZ17-CME,9669916,2017-11-21 14:40:34.033000+00:00,6356.75,{'stop_loss_price': 6356.75}
INVALID_RISK_UNIT,risk_unit == 0 or non-finite,NQZ17-CME,9808096,2017-11-22 14:30:12.011000+00:00,6386.5,{'stop_loss_price': 6386.5}
INVALID_RISK_UNIT,risk_unit == 0 or non-finite,NQZ17-CME,9808097,2017-11-22 14:30:12.012000+00:00,6386.5,{'stop_loss_price': 6386.5}
INVALID_RISK_UNIT,risk_unit == 0 or non-finite,NQZ17-CME,9808099,2017-11-22 14:30:12.014000+00:00,6386.5,{'stop_loss_price': 6386.5}
INVALID_RISK_UNIT,risk_unit == 0 or non-finite,NQZ17-CME,9813262,2017-11-22 14:35:28.008000+00:00,6391.0,{'stop_loss_price': 6391.0}
INVALID_RISK_UNIT,risk_unit == 0 or non-finite,NQZ17-CME,9813263,2017-11-22 14:35:28.009000+00:00,6391.0,{'stop_loss_price': 6391.0}
INVALID_RISK_UNIT,risk_unit == 0 or non-finite,NQZ17-CME,9813264,2017-11-22 14:35:28.010000+00:00,6391.0,{'stop_loss_price': 6391.0}
INVALID_RISK_UNIT,risk_unit == 0 or non-finite,NQZ17-CME,9813265,2017-11-22 14:35:28.011000+00:00,6391.0,{'stop_loss_price': 6391.0}
INVALID_RISK_UNIT,risk_unit == 0 or non-finite,NQZ17-CME,9813266,2017-11-22 14:35:28.012000+00:00,6391.0,{'stop_loss_price': 6391.0}
INVALID_RISK_UNIT,risk_unit == 0 or non-finite,NQZ17-CME,9813267,2017-11-22 14:35:28.013000+00:00,6391.0,{'stop_loss_price': 6391.0}
INVALID_RISK_UNIT,risk_unit == 0 or non-finite,NQZ17-CME,9813269,2017-11-22 14:35:28.015000+00:00,6391.0,{'stop_loss_price': 6391.0}
INVALID_RISK_UNIT,risk_unit == 0 or non-finite,NQZ17-CME,9837308,2017-11-22 15:06:58.005000+00:00,6381.75,{'stop_loss_price': 6381.75}
INVALID_RISK_UNIT,risk_unit == 0 or non-finite,NQZ17-CME,9837309,2017-11-22 15:06:58.006000+00:00,6381.75,{'stop_loss_price': 6381.75}
INVALID_RISK_UNIT,risk_unit == 0 or non-finite,NQZ17-CME,9837310,2017-11-22 15:06:58.007000+00:00,6381.75,{'stop_loss_price': 6381.75}
INVALID_RISK_UNIT,risk_unit == 0 or non-finite,NQZ17-CME,9837311,2017-11-22 15:06:58.008000+00:00,6381.75,{'stop_loss_price': 6381.75}
INVALID_RISK_UNIT,risk_unit == 0 or non-finite,NQZ17-CME,9837312,2017-11-22 15:06:58.009000+00:00,6381.75,{'stop_loss_price': 6381.75}
INVALID_RISK_UNIT,risk_unit == 0 or non-finite,NQZ17-CME,9837313,2017-11-22 15:06:58.010000+00:00,6381.75,{'stop_loss_price': 6381.75}
INVALID_RISK_UNIT,risk_unit == 0 or non-finite,NQZ17-CME,9837316,2017-11-22 15:06:59.002000+00:00,6381.75,{'stop_loss_price': 6381.75}
INVALID_RISK_UNIT,risk_unit == 0 or non-finite,NQZ17-CME,9837317,2017-11-22 15:07:01+00:00,6381.75,{'stop_loss_price': 6381.75}
INVALID_RISK_UNIT,risk_unit == 0 or non-finite,NQZ17-CME,9844177,2017-11-22 15:21:23.011000+00:00,6376.75,{'stop_loss_price': 6376.75}
INVALID_RISK_UNIT,risk_unit == 0 or non-finite,NQZ17-CME,9861613,2017-11-22 16:18:51+00:00,6385.0,{'stop_loss_price': 6385.0}
INVALID_RISK_UNIT,risk_unit == 0 or non-finite,NQZ17-CME,9861614,2017-11-22 16:18:51.001000+00:00,6385.0,{'stop_loss_price': 6385.0}
INVALID_RISK_UNIT,risk_unit == 0 or non-finite,NQZ17-CME,9861615,2017-11-22 16:18:51.002000+00:00,6385.0,{'stop_loss_price': 6385.0}
INVALID_RISK_UNIT,risk_unit == 0 or non-finite,NQZ17-CME,9861616,2017-11-22 16:18:51.003000+00:00,6385.0,{'stop_loss_price': 6385.0}
INVALID_RISK_UNIT,risk_unit == 0 or non-finite,NQZ17-CME,9861617,2017-11-22 16:18:51.004000+00:00,6385.0,{'stop_loss_price': 6385.0}
INVALID_RISK_UNIT,risk_unit == 0 or non-finite,NQZ17-CME,9861618,2017-11-22 16:18:51.005000+00:00,6385.0,{'stop_loss_price': 6385.0}
INVALID_RISK_UNIT,risk_unit == 0 or non-finite,NQZ17-CME,9861619,2017-11-22 16:18:51.006000+00:00,6385.0,{'stop_loss_price': 6385.0}
INVALID_RISK_UNIT,risk_unit == 0 or non-finite,NQZ17-CME,9890240,2017-11-22 19:07:19.004000+00:00,6387.25,{'stop_loss_price': 6387.25}
INVALID_RISK_UNIT,risk_unit == 0 or non-finite,NQZ17-CME,9890241,2017-11-22 19:07:19.005000+00:00,6387.25,{'stop_loss_price': 6387.25}
INVALID_RISK_UNIT,risk_unit == 0 or non-finite,NQZ17-CME,9890245,2017-11-22 19:07:19.009000+00:00,6387.25,{'stop_loss_price': 6387.25}
INVALID_RISK_UNIT,risk_unit == 0 or non-finite,NQZ17-CME,9913327,2017-11-22 20:59:10.044000+00:00,6389.75,{'stop_loss_price': 6389.75}
INVALID_RISK_UNIT,risk_unit == 0 or non-finite,NQZ17-CME,9913328,2017-11-22 20:59:10.045000+00:00,6389.75,{'stop_loss_price': 6389.75}
INVALID_RISK_UNIT,risk_unit == 0 or non-finite,NQZ17-CME,9913329,2017-11-22 20:59:10.046000+00:00,6389.75,{'stop_loss_price': 6389.75}
INVALID_RISK_UNIT,risk_unit == 0 or non-finite,NQZ17-CME,9913334,2017-11-22 20:59:10.051000+00:00,6389.75,{'stop_loss_price': 6389.75}
INVALID_RISK_UNIT,risk_unit == 0 or non-finite,NQZ17-CME,9913335,2017-11-22 20:59:10.052000+00:00,6389.75,{'stop_loss_price': 6389.75}
INVALID_RISK_UNIT,risk_unit == 0 or non-finite,NQZ17-CME,9913336,2017-11-22 20:59:10.053000+00:00,6389.75,{'stop_loss_price': 6389.75}
INVALID_RISK_UNIT,risk_unit == 0 or non-finite,NQZ17-CME,9913337,2017-11-22 20:59:10.054000+00:00,6389.75,{'stop_loss_price': 6389.75}
INVALID_RISK_UNIT,risk_unit == 0 or non-finite,NQZ17-CME,9913338,2017-11-22 20:59:10.055000+00:00,6389.75,{'stop_loss_price': 6389.75}
INVALID_RISK_UNIT,risk_unit == 0 or non-finite,NQZ17-CME,9913339,2017-11-22 20:59:10.056000+00:00,6389.75,{'stop_loss_price': 6389.75}
INVALID_RISK_UNIT,risk_unit == 0 or non-finite,NQZ17-CME,9913340,2017-11-22 20:59:11+00:00,6389.75,{'stop_loss_price': 6389.75}
INVALID_RISK_UNIT,risk_unit == 0 or non-finite,NQZ17-CME,9913341,2017-11-22 20:59:11.001000+00:00,6389.75,{'stop_loss_price': 6389.75}
INVALID_RISK_UNIT,risk_unit == 0 or non-finite,NQZ17-CME,9913342,2017-11-22 20:59:11.002000+00:00,6389.75,{'stop_loss_price': 6389.75}
INVALID_RISK_UNIT,risk_unit == 0 or non-finite,NQZ17-CME,9913343,2017-11-22 20:59:11.003000+00:00,6389.75,{'stop_loss_price': 6389.75}
INVALID_RISK_UNIT,risk_unit == 0 or non-finite,NQZ17-CME,9913344,2017-11-22 20:59:11.004000+00:00,6389.75,{'stop_loss_price': 6389.75}
INVALID_RISK_UNIT,risk_unit == 0 or non-finite,NQZ17-CME,9913345,2017-11-22 20:59:11.005000+00:00,6389.75,{'stop_loss_price': 6389.75}
INVALID_RISK_UNIT,risk_unit == 0 or non-finite,NQZ17-CME,9913346,2017-11-22 20:59:12+00:00,6389.75,{'stop_loss_price': 6389.75}
INVALID_RISK_UNIT,risk_unit == 0 or non-finite,NQZ17-CME,9913347,2017-11-22 20:59:12.001000+00:00,6389.75,{'stop_loss_price': 6389.75}
INVALID_RISK_UNIT,risk_unit == 0 or non-finite,NQZ17-CME,9913348,2017-11-22 20:59:12.002000+00:00,6389.75,{'stop_loss_price': 6389.75}
INVALID_RISK_UNIT,risk_unit == 0 or non-finite,NQZ17-CME,9913349,2017-11-22 20:59:12.003000+00:00,6389.75,{'stop_loss_price': 6389.75}
INVALID_RISK_UNIT,risk_unit == 0 or non-finite,NQZ17-CME,9913350,2017-11-22 20:59:12.004000+00:00,6389.75,{'stop_loss_price': 6389.75}
INVALID_RISK_UNIT,risk_unit == 0 or non-finite,NQZ17-CME,9913351,2017-11-22 20:59:12.005000+00:00,6389.75,{'stop_loss_price': 6389.75}
INVALID_RISK_UNIT,risk_unit == 0 or non-finite,NQZ17-CME,9913352,2017-11-22 20:59:12.006000+00:00,6389.75,{'stop_loss_price': 6389.75}
INVALID_RISK_UNIT,risk_unit == 0 or non-finite,NQZ17-CME,9913353,2017-11-22 20:59:12.007000+00:00,6389.75,{'stop_loss_price': 6389.75}
INVALID_RISK_UNIT,risk_unit == 0 or non-finite,NQZ17-CME,9913364,2017-11-22 20:59:12.018000+00:00,6389.75,{'stop_loss_price': 6389.75}
INVALID_RISK_UNIT,risk_unit == 0 or non-finite,NQZ17-CME,9913365,2017-11-22 20:59:12.019000+00:00,6389.75,{'stop_loss_price': 6389.75}
INVALID_RISK_UNIT,risk_unit == 0 or non-finite,NQZ17-CME,9913366,2017-11-22 20:59:12.020000+00:00,6389.75,{'stop_loss_price': 6389.75}
INVALID_RISK_UNIT,risk_unit == 0 or non-finite,NQZ17-CME,9913367,2017-11-22 20:59:13+00:00,6389.75,{'stop_loss_price': 6389.75}
INVALID_RISK_UNIT,risk_unit == 0 or non-finite,NQZ17-CME,9913368,2017-11-22 20:59:13.001000+00:00,6389.75,{'stop_loss_price': 6389.75}
INVALID_RISK_UNIT,risk_unit == 0 or non-finite,NQZ17-CME,9913369,2017-11-22 20:59:13.002000+00:00,6389.75,{'stop_loss_price': 6389.75}
INVALID_RISK_UNIT,risk_unit == 0 or non-finite,NQZ17-CME,9913370,2017-11-22 20:59:13.003000+00:00,6389.75,{'stop_loss_price': 6389.75}
INVALID_RISK_UNIT,risk_unit == 0 or non-finite,NQZ17-CME,9913371,2017-11-22 20:59:13.004000+00:00,6389.75,{'stop_loss_price': 6389.75}
INVALID_RISK_UNIT,risk_unit == 0 or non-finite,NQZ17-CME,9913372,2017-11-22 20:59:13.005000+00:00,6389.75,{'stop_loss_price': 6389.75}
INVALID_RISK_UNIT,risk_unit == 0 or non-finite,NQZ17-CME,9913373,2017-11-22 20:59:13.006000+00:00,6389.75,{'stop_loss_price': 6389.75}
INVALID_RISK_UNIT,risk_unit == 0 or non-finite,NQZ17-CME,9913374,2017-11-22 20:59:13.007000+00:00,6389.75,{'stop_loss_price': 6389.75}
INVALID_RISK_UNIT,risk_unit == 0 or non-finite,NQZ17-CME,9913375,2017-11-22 20:59:13.008000+00:00,6389.75,{'stop_loss_price': 6389.75}
INVALID_RISK_UNIT,risk_unit == 0 or non-finite,NQZ17-CME,9913376,2017-11-22 20:59:13.009000+00:00,6389.75,{'stop_loss_price': 6389.75}
INVALID_RISK_UNIT,risk_unit == 0 or non-finite,NQZ17-CME,9913377,2017-11-22 20:59:13.010000+00:00,6389.75,{'stop_loss_price': 6389.75}
INVALID_RISK_UNIT,risk_unit == 0 or non-finite,NQZ17-CME,9913378,2017-11-22 20:59:13.011000+00:00,6389.75,{'stop_loss_price': 6389.75}
INVALID_RISK_UNIT,risk_unit == 0 or non-finite,NQZ17-CME,9913379,2017-11-22 20:59:13.012000+00:00,6389.75,{'stop_loss_price': 6389.75}
INVALID_RISK_UNIT,risk_unit == 0 or non-finite,NQZ17-CME,9913380,2017-11-22 20:59:13.013000+00:00,6389.75,{'stop_loss_price': 6389.75}
INVALID_RISK_UNIT,risk_unit == 0 or non-finite,NQZ17-CME,9913381,2017-11-22 20:59:13.014000+00:00,6389.75,{'stop_loss_price': 6389.75}
INVALID_RISK_UNIT,risk_unit == 0 or non-finite,NQZ17-CME,9913382,2017-11-22 20:59:13.015000+00:00,6389.75,{'stop_loss_price': 6389.75}
INVALID_RISK_UNIT,risk_unit == 0 or non-finite,NQZ17-CME,9913383,2017-11-22 20:59:13.016000+00:00,6389.75,{'stop_loss_price': 6389.75}
INVALID_RISK_UNIT,risk_unit == 0 or non-finite,NQZ17-CME,9913384,2017-11-22 20:59:13.017000+00:00,6389.75,{'stop_loss_price': 6389.75}
INVALID_RISK_UNIT,risk_unit == 0 or non-finite,NQZ17-CME,9913385,2017-11-22 20:59:13.018000+00:00,6389.75,{'stop_loss_price': 6389.75}
INVALID_RISK_UNIT,risk_unit == 0 or non-finite,NQZ17-CME,9913386,2017-11-22 20:59:13.019000+00:00,6389.75,{'stop_loss_price': 6389.75}
INVALID_RISK_UNIT,risk_unit == 0 or non-finite,NQZ17-CME,9913387,2017-11-22 20:59:13.020000+00:00,6389.75,{'stop_loss_price': 6389.75}
INVALID_RISK_UNIT,risk_unit == 0 or non-finite,NQZ17-CME,9913388,2017-11-22 20:59:13.021000+00:00,6389.75,{'stop_loss_price': 6389.75}
INVALID_RISK_UNIT,risk_unit == 0 or non-finite,NQZ17-CME,10025890,2017-11-27 10:46:11+00:00,6419.75,{'stop_loss_price': 6419.75}
INVALID_RISK_UNIT,risk_unit == 0 or non-finite,NQZ17-CME,10078663,2017-11-27 15:41:22.002000+00:00,6419.25,{'stop_loss_price': 6419.25}
INVALID_RISK_UNIT,risk_unit == 0 or non-finite,NQZ17-CME,10078664,2017-11-27 15:41:22.003000+00:00,6419.25,{'stop_loss_price': 6419.25}
INVALID_RISK_UNIT,risk_unit == 0 or non-finite,NQZ17-CME,10078665,2017-11-27 15:41:22.004000+00:00,6419.25,{'stop_loss_price': 6419.25}
INVALID_RISK_UNIT,risk_unit == 0 or non-finite,NQZ17-CME,10078666,2017-11-27 15:41:22.005000+00:00,6419.25,{'stop_loss_price': 6419.25}
INVALID_RISK_UNIT,risk_unit == 0 or non-finite,NQZ17-CME,10078667,2017-11-27 15:41:22.006000+00:00,6419.25,{'stop_loss_price': 6419.25}
INVALID_RISK_UNIT,risk_unit == 0 or non-finite,NQZ17-CME,10078668,2017-11-27 15:41:22.007000+00:00,6419.25,{'stop_loss_price': 6419.25}
INVALID_RISK_UNIT,risk_unit == 0 or non-finite,NQZ17-CME,10078669,2017-11-27 15:41:22.008000+00:00,6419.25,{'stop_loss_price': 6419.25}
INVALID_RISK_UNIT,risk_unit == 0 or non-finite,NQZ17-CME,10078670,2017-11-27 15:41:22.009000+00:00,6419.25,{'stop_loss_price': 6419.25}
INVALID_RISK_UNIT,risk_unit == 0 or non-finite,NQZ17-CME,10078671,2017-11-27 15:41:22.010000+00:00,6419.25,{'stop_loss_price': 6419.25}
INVALID_RISK_UNIT,risk_unit == 0 or non-finite,NQZ17-CME,10078672,2017-11-27 15:41:22.011000+00:00,6419.25,{'stop_loss_price': 6419.25}
INVALID_RISK_UNIT,risk_unit == 0 or non-finite,NQZ17-CME,10078673,2017-11-27 15:41:22.012000+00:00,6419.25,{'stop_loss_price': 6419.25}
INVALID_RISK_UNIT,risk_unit == 0 or non-finite,NQZ17-CME,10078674,2017-11-27 15:41:22.013000+00:00,6419.25,{'stop_loss_price': 6419.25}
INVALID_RISK_UNIT,risk_unit == 0 or non-finite,NQZ17-CME,10078675,2017-11-27 15:41:22.014000+00:00,6419.25,{'stop_loss_price': 6419.25}
INVALID_RISK_UNIT,risk_unit == 0 or non-finite,NQZ17-CME,10078676,2017-11-27 15:41:22.015000+00:00,6419.25,{'stop_loss_price': 6419.25}
INVALID_RISK_UNIT,risk_unit == 0 or non-finite,NQZ17-CME,10078677,2017-11-27 15:41:22.016000+00:00,6419.25,{'stop_loss_price': 6419.25}
INVALID_RISK_UNIT,risk_unit == 0 or non-finite,NQZ17-CME,10078678,2017-11-27 15:41:22.017000+00:00,6419.25,{'stop_loss_price': 6419.25}
INVALID_RISK_UNIT,risk_unit == 0 or non-finite,NQZ17-CME,10078679,2017-11-27 15:41:22.018000+00:00,6419.25,{'stop_loss_price': 6419.25}
INVALID_RISK_UNIT,risk_unit == 0 or non-finite,NQZ17-CME,10170738,2017-11-28 09:47:09+00:00,6413.5,{'stop_loss_price': 6413.5}
INVALID_RISK_UNIT,risk_unit == 0 or non-finite,NQZ17-CME,10170739,2017-11-28 09:47:09.001000+00:00,6413.5,{'stop_loss_price': 6413.5}
INVALID_RISK_UNIT,risk_unit == 0 or non-finite,NQZ17-CME,10170740,2017-11-28 09:47:17+00:00,6413.5,{'stop_loss_price': 6413.5}
INVALID_RISK_UNIT,risk_unit == 0 or non-finite,NQZ17-CME,10170742,2017-11-28 09:47:39+00:00,6413.5,{'stop_loss_price': 6413.5}
INVALID_RISK_UNIT,risk_unit == 0 or non-finite,NQZ17-CME,10189825,2017-11-28 14:37:16.013000+00:00,6416.75,{'stop_loss_price': 6416.75}
INVALID_RISK_UNIT,risk_unit == 0 or non-finite,NQZ17-CME,10189826,2017-11-28 14:37:16.014000+00:00,6416.75,{'stop_loss_price': 6416.75}
INVALID_RISK_UNIT,risk_unit == 0 or non-finite,NQZ17-CME,10189827,2017-11-28 14:37:16.015000+00:00,6416.75,{'stop_loss_price': 6416.75}
INVALID_RISK_UNIT,risk_unit == 0 or non-finite,NQZ17-CME,10189828,2017-11-28 14:37:16.016000+00:00,6416.75,{'stop_loss_price': 6416.75}
INVALID_RISK_UNIT,risk_unit == 0 or non-finite,NQZ17-CME,10189829,2017-11-28 14:37:16.017000+00:00,6416.75,{'stop_loss_price': 6416.75}
INVALID_RISK_UNIT,risk_unit == 0 or non-finite,NQZ17-CME,10189830,2017-11-28 14:37:16.018000+00:00,6416.75,{'stop_loss_price': 6416.75}
INVALID_RISK_UNIT,risk_unit == 0 or non-finite,NQZ17-CME,10189831,2017-11-28 14:37:16.019000+00:00,6416.75,{'stop_loss_price': 6416.75}
INVALID_RISK_UNIT,risk_unit == 0 or non-finite,NQZ17-CME,10189832,2017-11-28 14:37:16.020000+00:00,6416.75,{'stop_loss_price': 6416.75}
INVALID_RISK_UNIT,risk_unit == 0 or non-finite,NQZ17-CME,10189833,2017-11-28 14:37:16.021000+00:00,6416.75,{'stop_loss_price': 6416.75}
INVALID_RISK_UNIT,risk_unit == 0 or non-finite,NQZ17-CME,10191260,2017-11-28 14:38:59.007000+00:00,6417.5,{'stop_loss_price': 6417.5}
INVALID_RISK_UNIT,risk_unit == 0 or non-finite,NQZ17-CME,10191261,2017-11-28 14:38:59.008000+00:00,6417.5,{'stop_loss_price': 6417.5}
INVALID_RISK_UNIT,risk_unit == 0 or non-finite,NQZ17-CME,10191262,2017-11-28 14:38:59.009000+00:00,6417.5,{'stop_loss_price': 6417.5}
INVALID_RISK_UNIT,risk_unit == 0 or non-finite,NQZ17-CME,10203524,2017-11-28 14:50:00.020000+00:00,6412.5,{'stop_loss_price': 6412.5}
INVALID_RISK_UNIT,risk_unit == 0 or non-finite,NQZ17-CME,10220605,2017-11-28 15:17:22+00:00,6416.0,{'stop_loss_price': 6416.0}
INVALID_RISK_UNIT,risk_unit == 0 or non-finite,NQZ17-CME,10220606,2017-11-28 15:17:22.001000+00:00,6416.0,{'stop_loss_price': 6416.0}
INVALID_RISK_UNIT,risk_unit == 0 or non-finite,NQZ17-CME,10220607,2017-11-28 15:17:22.002000+00:00,6416.0,{'stop_loss_price': 6416.0}
INVALID_RISK_UNIT,risk_unit == 0 or non-finite,NQZ17-CME,10220608,2017-11-28 15:17:22.003000+00:00,6416.0,{'stop_loss_price': 6416.0}
INVALID_RISK_UNIT,risk_unit == 0 or non-finite,NQZ17-CME,10220609,2017-11-28 15:17:22.004000+00:00,6416.0,{'stop_loss_price': 6416.0}
INVALID_RISK_UNIT,risk_unit == 0 or non-finite,NQZ17-CME,10220610,2017-11-28 15:17:22.005000+00:00,6416.0,{'stop_loss_price': 6416.0}
INVALID_RISK_UNIT,risk_unit == 0 or non-finite,NQZ17-CME,10220611,2017-11-28 15:17:22.006000+00:00,6416.0,{'stop_loss_price': 6416.0}
INVALID_RISK_UNIT,risk_unit == 0 or non-finite,NQZ17-CME,10220612,2017-11-28 15:17:22.007000+00:00,6416.0,{'stop_loss_price': 6416.0}
INVALID_RISK_UNIT,risk_unit == 0 or non-finite,NQZ17-CME,10220613,2017-11-28 15:17:22.008000+00:00,6416.0,{'stop_loss_price': 6416.0}
INVALID_RISK_UNIT,risk_unit == 0 or non-finite,NQZ17-CME,10242176,2017-11-28 16:28:36.014000+00:00,6417.0,{'stop_loss_price': 6417.0}
INVALID_RISK_UNIT,risk_unit == 0 or non-finite,NQZ17-CME,10242177,2017-11-28 16:28:40+00:00,6417.0,{'stop_loss_price': 6417.0}
INVALID_RISK_UNIT,risk_unit == 0 or non-finite,NQZ17-CME,10242178,2017-11-28 16:28:40.001000+00:00,6417.0,{'stop_loss_price': 6417.0}
INVALID_RISK_UNIT,risk_unit == 0 or non-finite,NQZ17-CME,10242179,2017-11-28 16:28:40.002000+00:00,6417.0,{'stop_loss_price': 6417.0}
INVALID_RISK_UNIT,risk_unit == 0 or non-finite,NQZ17-CME,10242180,2017-11-28 16:28:40.003000+00:00,6417.0,{'stop_loss_price': 6417.0}
INVALID_RISK_UNIT,risk_unit == 0 or non-finite,NQZ17-CME,10242181,2017-11-28 16:28:40.004000+00:00,6417.0,{'stop_loss_price': 6417.0}
INVALID_RISK_UNIT,risk_unit == 0 or non-finite,NQZ17-CME,10242182,2017-11-28 16:28:40.005000+00:00,6417.0,{'stop_loss_price': 6417.0}
INVALID_RISK_UNIT,risk_unit == 0 or non-finite,NQZ17-CME,10242183,2017-11-28 16:28:40.006000+00:00,6417.0,{'stop_loss_price': 6417.0}
INVALID_RISK_UNIT,risk_unit == 0 or non-finite,NQZ17-CME,10242184,2017-11-28 16:28:40.007000+00:00,6417.0,{'stop_loss_price': 6417.0}
INVALID_RISK_UNIT,risk_unit == 0 or non-finite,NQZ17-CME,10242185,2017-11-28 16:28:40.008000+00:00,6417.0,{'stop_loss_price': 6417.0}
INVALID_RISK_UNIT,risk_unit == 0 or non-finite,NQZ17-CME,10242186,2017-11-28 16:28:40.009000+00:00,6417.0,{'stop_loss_price': 6417.0}
INVALID_RISK_UNIT,risk_unit == 0 or non-finite,NQZ17-CME,10242187,2017-11-28 16:28:40.010000+00:00,6417.0,{'stop_loss_price': 6417.0}
INVALID_RISK_UNIT,risk_unit == 0 or non-finite,NQZ17-CME,10242188,2017-11-28 16:28:41+00:00,6417.0,{'stop_loss_price': 6417.0}
INVALID_RISK_UNIT,risk_unit == 0 or non-finite,NQZ17-CME,10242189,2017-11-28 16:28:41.001000+00:00,6417.0,{'stop_loss_price': 6417.0}
INVALID_RISK_UNIT,risk_unit == 0 or non-finite,NQZ17-CME,10242190,2017-11-28 16:28:41.002000+00:00,6417.0,{'stop_loss_price': 6417.0}
INVALID_RISK_UNIT,risk_unit == 0 or non-finite,NQZ17-CME,10242191,2017-11-28 16:28:41.003000+00:00,6417.0,{'stop_loss_price': 6417.0}
INVALID_RISK_UNIT,risk_unit == 0 or non-finite,NQZ17-CME,10242192,2017-11-28 16:28:41.004000+00:00,6417.0,{'stop_loss_price': 6417.0}
INVALID_RISK_UNIT,risk_unit == 0 or non-finite,NQZ17-CME,10242193,2017-11-28 16:28:41.005000+00:00,6417.0,{'stop_loss_price': 6417.0}
INVALID_RISK_UNIT,risk_unit == 0 or non-finite,NQZ17-CME,10242194,2017-11-28 16:28:41.006000+00:00,6417.0,{'stop_loss_price': 6417.0}
INVALID_RISK_UNIT,risk_unit == 0 or non-finite,NQZ17-CME,10242195,2017-11-28 16:28:45+00:00,6417.0,{'stop_loss_price': 6417.0}
INVALID_RISK_UNIT,risk_unit == 0 or non-finite,NQZ17-CME,10242196,2017-11-28 16:28:45.001000+00:00,6417.0,{'stop_loss_price': 6417.0}
INVALID_RISK_UNIT,risk_unit == 0 or non-finite,NQZ17-CME,10242197,2017-11-28 16:28:45.002000+00:00,6417.0,{'stop_loss_price': 6417.0}
INVALID_RISK_UNIT,risk_unit == 0 or non-finite,NQZ17-CME,10242198,2017-11-28 16:28:45.003000+00:00,6417.0,{'stop_loss_price': 6417.0}
INVALID_RISK_UNIT,risk_unit == 0 or non-finite,NQZ17-CME,10242199,2017-11-28 16:28:45.004000+00:00,6417.0,{'stop_loss_price': 6417.0}
INVALID_RISK_UNIT,risk_unit == 0 or non-finite,NQZ17-CME,10242200,2017-11-28 16:28:47+00:00,6417.0,{'stop_loss_price': 6417.0}
INVALID_RISK_UNIT,risk_unit == 0 or non-finite,NQZ17-CME,10242201,2017-11-28 16:28:47.001000+00:00,6417.0,{'stop_loss_price': 6417.0}
INVALID_RISK_UNIT,risk_unit == 0 or non-finite,NQZ17-CME,10242202,2017-11-28 16:28:47.002000+00:00,6417.0,{'stop_loss_price': 6417.0}
INVALID_RISK_UNIT,risk_unit == 0 or non-finite,NQZ17-CME,10242203,2017-11-28 16:28:51+00:00,6417.0,{'stop_loss_price': 6417.0}
INVALID_RISK_UNIT,risk_unit == 0 or non-finite,NQZ17-CME,10242204,2017-11-28 16:28:51.001000+00:00,6417.0,{'stop_loss_price': 6417.0}
INVALID_RISK_UNIT,risk_unit == 0 or non-finite,NQZ17-CME,10242205,2017-11-28 16:28:51.002000+00:00,6417.0,{'stop_loss_price': 6417.0}
INVALID_RISK_UNIT,risk_unit == 0 or non-finite,NQZ17-CME,10242206,2017-11-28 16:28:51.003000+00:00,6417.0,{'stop_loss_price': 6417.0}
INVALID_RISK_UNIT,risk_unit == 0 or non-finite,NQZ17-CME,10242207,2017-11-28 16:28:52+00:00,6417.0,{'stop_loss_price': 6417.0}
INVALID_RISK_UNIT,risk_unit == 0 or non-finite,NQZ17-CME,10242208,2017-11-28 16:28:53+00:00,6417.0,{'stop_loss_price': 6417.0}
INVALID_RISK_UNIT,risk_unit == 0 or non-finite,NQZ17-CME,10242209,2017-11-28 16:28:53.001000+00:00,6417.0,{'stop_loss_price': 6417.0}
INVALID_RISK_UNIT,risk_unit == 0 or non-finite,NQZ17-CME,10242210,2017-11-28 16:28:53.002000+00:00,6417.0,{'stop_loss_price': 6417.0}
INVALID_RISK_UNIT,risk_unit == 0 or non-finite,NQZ17-CME,10242211,2017-11-28 16:28:55+00:00,6417.0,{'stop_loss_price': 6417.0}
INVALID_RISK_UNIT,risk_unit == 0 or non-finite,NQZ17-CME,10242212,2017-11-28 16:28:55.001000+00:00,6417.0,{'stop_loss_price': 6417.0}
INVALID_RISK_UNIT,risk_unit == 0 or non-finite,NQZ17-CME,10242213,2017-11-28 16:28:55.002000+00:00,6417.0,{'stop_loss_price': 6417.0}
INVALID_RISK_UNIT,risk_unit == 0 or non-finite,NQZ17-CME,10242214,2017-11-28 16:28:55.003000+00:00,6417.0,{'stop_loss_price': 6417.0}
INVALID_RISK_UNIT,risk_unit == 0 or non-finite,NQZ17-CME,10242216,2017-11-28 16:28:56+00:00,6417.0,{'stop_loss_price': 6417.0}
INVALID_RISK_UNIT,risk_unit == 0 or non-finite,NQZ17-CME,10266662,2017-11-28 18:00:25+00:00,6422.5,{'stop_loss_price': 6422.5}
INVALID_RISK_UNIT,risk_unit == 0 or non-finite,NQZ17-CME,10266663,2017-11-28 18:00:25.001000+00:00,6422.5,{'stop_loss_price': 6422.5}
INVALID_RISK_UNIT,risk_unit == 0 or non-finite,NQZ17-CME,10266664,2017-11-28 18:00:25.002000+00:00,6422.5,{'stop_loss_price': 6422.5}
INVALID_RISK_UNIT,risk_unit == 0 or non-finite,NQZ17-CME,10266665,2017-11-28 18:00:25.003000+00:00,6422.5,{'stop_loss_price': 6422.5}
INVALID_RISK_UNIT,risk_unit == 0 or non-finite,NQZ17-CME,10266666,2017-11-28 18:00:25.004000+00:00,6422.5,{'stop_loss_price': 6422.5}
INVALID_RISK_UNIT,risk_unit == 0 or non-finite,NQZ17-CME,10266667,2017-11-28 18:00:25.005000+00:00,6422.5,{'stop_loss_price': 6422.5}
INVALID_RISK_UNIT,risk_unit == 0 or non-finite,NQZ17-CME,10266670,2017-11-28 18:00:27+00:00,6422.5,{'stop_loss_price': 6422.5}
INVALID_RISK_UNIT,risk_unit == 0 or non-finite,NQZ17-CME,10266671,2017-11-28 18:00:27.001000+00:00,6422.5,{'stop_loss_price': 6422.5}
INVALID_RISK_UNIT,risk_unit == 0 or non-finite,NQZ17-CME,10266672,2017-11-28 18:00:27.002000+00:00,6422.5,{'stop_loss_price': 6422.5}
INVALID_RISK_UNIT,risk_unit == 0 or non-finite,NQZ17-CME,10266673,2017-11-28 18:00:27.003000+00:00,6422.5,{'stop_loss_price': 6422.5}
INVALID_RISK_UNIT,risk_unit == 0 or non-finite,NQZ17-CME,10266674,2017-11-28 18:00:27.004000+00:00,6422.5,{'stop_loss_price': 6422.5}
INVALID_RISK_UNIT,risk_unit == 0 or non-finite,NQZ17-CME,10266675,2017-11-28 18:00:27.005000+00:00,6422.5,{'stop_loss_price': 6422.5}
INVALID_RISK_UNIT,risk_unit == 0 or non-finite,NQZ17-CME,10266676,2017-11-28 18:00:27.006000+00:00,6422.5,{'stop_loss_price': 6422.5}
INVALID_RISK_UNIT,risk_unit == 0 or non-finite,NQZ17-CME,10266677,2017-11-28 18:00:27.007000+00:00,6422.5,{'stop_loss_price': 6422.5}
INVALID_RISK_UNIT,risk_unit == 0 or non-finite,NQZ17-CME,10266678,2017-11-28 18:00:27.008000+00:00,6422.5,{'stop_loss_price': 6422.5}
INVALID_RISK_UNIT,risk_unit == 0 or non-finite,NQZ17-CME,10266679,2017-11-28 18:00:27.009000+00:00,6422.5,{'stop_loss_price': 6422.5}
INVALID_RISK_UNIT,risk_unit == 0 or non-finite,NQZ17-CME,10266680,2017-11-28 18:00:27.010000+00:00,6422.5,{'stop_loss_price': 6422.5}
INVALID_RISK_UNIT,risk_unit == 0 or non-finite,NQZ17-CME,10266681,2017-11-28 18:00:27.011000+00:00,6422.5,{'stop_loss_price': 6422.5}
INVALID_RISK_UNIT,risk_unit == 0 or non-finite,NQZ17-CME,10266682,2017-11-28 18:00:27.012000+00:00,6422.5,{'stop_loss_price': 6422.5}
INVALID_RISK_UNIT,risk_unit == 0 or non-finite,NQZ17-CME,10266683,2017-11-28 18:00:27.013000+00:00,6422.5,{'stop_loss_price': 6422.5}
INVALID_RISK_UNIT,risk_unit == 0 or non-finite,NQZ17-CME,10266684,2017-11-28 18:00:27.014000+00:00,6422.5,{'stop_loss_price': 6422.5}
INVALID_RISK_UNIT,risk_unit == 0 or non-finite,NQZ17-CME,10266685,2017-11-28 18:00:27.015000+00:00,6422.5,{'stop_loss_price': 6422.5}
INVALID_RISK_UNIT,risk_unit == 0 or non-finite,NQZ17-CME,10266686,2017-11-28 18:00:27.016000+00:00,6422.5,{'stop_loss_price': 6422.5}
INVALID_RISK_UNIT,risk_unit == 0 or non-finite,NQZ17-CME,10420702,2017-11-29 14:46:17.034000+00:00,6387.25,{'stop_loss_price': 6387.25}
INVALID_RISK_UNIT,risk_unit == 0 or non-finite,NQZ17-CME,10420703,2017-11-29 14:46:17.035000+00:00,6387.25,{'stop_loss_price': 6387.25}
INVALID_RISK_UNIT,risk_unit == 0 or non-finite,NQZ17-CME,10420704,2017-11-29 14:46:17.036000+00:00,6387.25,{'stop_loss_price': 6387.25}
INVALID_RISK_UNIT,risk_unit == 0 or non-finite,NQZ17-CME,10420705,2017-11-29 14:46:17.037000+00:00,6387.25,{'stop_loss_price': 6387.25}
INVALID_RISK_UNIT,risk_unit == 0 or non-finite,NQZ17-CME,10420706,2017-11-29 14:46:17.038000+00:00,6387.25,{'stop_loss_price': 6387.25}
INVALID_RISK_UNIT,risk_unit == 0 or non-finite,NQZ17-CME,10420707,2017-11-29 14:46:17.039000+00:00,6387.25,{'stop_loss_price': 6387.25}
INVALID_RISK_UNIT,risk_unit == 0 or non-finite,NQZ17-CME,10420708,2017-11-29 14:46:17.040000+00:00,6387.25,{'stop_loss_price': 6387.25}
INVALID_RISK_UNIT,risk_unit == 0 or non-finite,NQZ17-CME,10420709,2017-11-29 14:46:17.041000+00:00,6387.25,{'stop_loss_price': 6387.25}
INVALID_RISK_UNIT,risk_unit == 0 or non-finite,NQZ17-CME,10420710,2017-11-29 14:46:17.042000+00:00,6387.25,{'stop_loss_price': 6387.25}
INVALID_RISK_UNIT,risk_unit == 0 or non-finite,NQZ17-CME,10420711,2017-11-29 14:46:17.043000+00:00,6387.25,{'stop_loss_price': 6387.25}
INVALID_RISK_UNIT,risk_unit == 0 or non-finite,NQZ17-CME,10420712,2017-11-29 14:46:17.044000+00:00,6387.25,{'stop_loss_price': 6387.25}
INVALID_RISK_UNIT,risk_unit == 0 or non-finite,NQZ17-CME,10420713,2017-11-29 14:46:17.045000+00:00,6387.25,{'stop_loss_price': 6387.25}
INVALID_RISK_UNIT,risk_unit == 0 or non-finite,NQZ17-CME,10420714,2017-11-29 14:46:17.046000+00:00,6387.25,{'stop_loss_price': 6387.25}
INVALID_RISK_UNIT,risk_unit == 0 or non-finite,NQZ17-CME,10420715,2017-11-29 14:46:17.047000+00:00,6387.25,{'stop_loss_price': 6387.25}
INVALID_RISK_UNIT,risk_unit == 0 or non-finite,NQZ17-CME,10420716,2017-11-29 14:46:17.048000+00:00,6387.25,{'stop_loss_price': 6387.25}
INVALID_RISK_UNIT,risk_unit == 0 or non-finite,NQZ17-CME,10420717,2017-11-29 14:46:17.049000+00:00,6387.25,{'stop_loss_price': 6387.25}
INVALID_RISK_UNIT,risk_unit == 0 or non-finite,NQZ17-CME,10420718,2017-11-29 14:46:17.050000+00:00,6387.25,{'stop_loss_price': 6387.25}
INVALID_RISK_UNIT,risk_unit == 0 or non-finite,NQZ17-CME,10420719,2017-11-29 14:46:17.051000+00:00,6387.25,{'stop_loss_price': 6387.25}
INVALID_RISK_UNIT,risk_unit == 0 or non-finite,NQZ17-CME,10420720,2017-11-29 14:46:17.052000+00:00,6387.25,{'stop_loss_price': 6387.25}
INVALID_RISK_UNIT,risk_unit == 0 or non-finite,NQZ17-CME,10420721,2017-11-29 14:46:17.053000+00:00,6387.25,{'stop_loss_price': 6387.25}
INVALID_RISK_UNIT,risk_unit == 0 or non-finite,NQZ17-CME,10420724,2017-11-29 14:46:17.056000+00:00,6387.25,{'stop_loss_price': 6387.25}
INVALID_RISK_UNIT,risk_unit == 0 or non-finite,NQZ17-CME,10420725,2017-11-29 14:46:17.057000+00:00,6387.25,{'stop_loss_price': 6387.25}
INVALID_RISK_UNIT,risk_unit == 0 or non-finite,NQZ17-CME,10420726,2017-11-29 14:46:17.058000+00:00,6387.25,{'stop_loss_price': 6387.25}
INVALID_RISK_UNIT,risk_unit == 0 or non-finite,NQZ17-CME,10420727,2017-11-29 14:46:17.059000+00:00,6387.25,{'stop_loss_price': 6387.25}
INVALID_RISK_UNIT,risk_unit == 0 or non-finite,NQZ17-CME,10420728,2017-11-29 14:46:17.060000+00:00,6387.25,{'stop_loss_price': 6387.25}
INVALID_RISK_UNIT,risk_unit == 0 or non-finite,NQZ17-CME,10437715,2017-11-29 14:56:14.018000+00:00,6383.75,{'stop_loss_price': 6383.75}
INVALID_RISK_UNIT,risk_unit == 0 or non-finite,NQZ17-CME,10437716,2017-11-29 14:56:14.019000+00:00,6383.75,{'stop_loss_price': 6383.75}
INVALID_RISK_UNIT,risk_unit == 0 or non-finite,NQZ17-CME,10437717,2017-11-29 14:56:14.020000+00:00,6383.75,{'stop_loss_price': 6383.75}
INVALID_RISK_UNIT,risk_unit == 0 or non-finite,NQZ17-CME,10437718,2017-11-29 14:56:14.021000+00:00,6383.75,{'stop_loss_price': 6383.75}
INVALID_RISK_UNIT,risk_unit == 0 or non-finite,NQZ17-CME,10437719,2017-11-29 14:56:14.022000+00:00,6383.75,{'stop_loss_price': 6383.75}
INVALID_RISK_UNIT,risk_unit == 0 or non-finite,NQZ17-CME,10437720,2017-11-29 14:56:14.023000+00:00,6383.75,{'stop_loss_price': 6383.75}
INVALID_RISK_UNIT,risk_unit == 0 or non-finite,NQZ17-CME,10437721,2017-11-29 14:56:14.024000+00:00,6383.75,{'stop_loss_price': 6383.75}
INVALID_RISK_UNIT,risk_unit == 0 or non-finite,NQZ17-CME,10437722,2017-11-29 14:56:14.025000+00:00,6383.75,{'stop_loss_price': 6383.75}
INVALID_RISK_UNIT,risk_unit == 0 or non-finite,NQZ17-CME,10437723,2017-11-29 14:56:14.026000+00:00,6383.75,{'stop_loss_price': 6383.75}
INVALID_RISK_UNIT,risk_unit == 0 or non-finite,NQZ17-CME,10437724,2017-11-29 14:56:14.027000+00:00,6383.75,{'stop_loss_price': 6383.75}
INVALID_RISK_UNIT,risk_unit == 0 or non-finite,NQZ17-CME,10437725,2017-11-29 14:56:14.028000+00:00,6383.75,{'stop_loss_price': 6383.75}
INVALID_RISK_UNIT,risk_unit == 0 or non-finite,NQZ17-CME,10437726,2017-11-29 14:56:14.029000+00:00,6383.75,{'stop_loss_price': 6383.75}
INVALID_RISK_UNIT,risk_unit == 0 or non-finite,NQZ17-CME,10437727,2017-11-29 14:56:14.030000+00:00,6383.75,{'stop_loss_price': 6383.75}
INVALID_RISK_UNIT,risk_unit == 0 or non-finite,NQZ17-CME,10437729,2017-11-29 14:56:15.001000+00:00,6383.75,{'stop_loss_price': 6383.75}
INVALID_RISK_UNIT,risk_unit == 0 or non-finite,NQZ17-CME,10504616,2017-11-29 15:27:51.021000+00:00,6330.0,{'stop_loss_price': 6330.0}
INVALID_RISK_UNIT,risk_unit == 0 or non-finite,NQZ17-CME,10504617,2017-11-29 15:27:51.022000+00:00,6330.0,{'stop_loss_price': 6330.0}
INVALID_RISK_UNIT,risk_unit == 0 or non-finite,NQZ17-CME,10504618,2017-11-29 15:27:51.023000+00:00,6330.0,{'stop_loss_price': 6330.0}
INVALID_RISK_UNIT,risk_unit == 0 or non-finite,NQZ17-CME,10504619,2017-11-29 15:27:51.024000+00:00,6330.0,{'stop_loss_price': 6330.0}
INVALID_RISK_UNIT,risk_unit == 0 or non-finite,NQZ17-CME,10504620,2017-11-29 15:27:51.025000+00:00,6330.0,{'stop_loss_price': 6330.0}
INVALID_RISK_UNIT,risk_unit == 0 or non-finite,NQZ17-CME,10504621,2017-11-29 15:27:51.026000+00:00,6330.0,{'stop_loss_price': 6330.0}
INVALID_RISK_UNIT,risk_unit == 0 or non-finite,NQZ17-CME,10504622,2017-11-29 15:27:51.027000+00:00,6330.0,{'stop_loss_price': 6330.0}
INVALID_RISK_UNIT,risk_unit == 0 or non-finite,NQZ17-CME,10504623,2017-11-29 15:27:51.028000+00:00,6330.0,{'stop_loss_price': 6330.0}
INVALID_RISK_UNIT,risk_unit == 0 or non-finite,NQZ17-CME,10508855,2017-11-29 15:30:19+00:00,6336.0,{'stop_loss_price': 6336.0}
INVALID_RISK_UNIT,risk_unit == 0 or non-finite,NQZ17-CME,10508856,2017-11-29 15:30:19.001000+00:00,6336.0,{'stop_loss_price': 6336.0}
INVALID_RISK_UNIT,risk_unit == 0 or non-finite,NQZ17-CME,10508857,2017-11-29 15:30:19.002000+00:00,6336.0,{'stop_loss_price': 6336.0}
INVALID_RISK_UNIT,risk_unit == 0 or non-finite,NQZ17-CME,10508858,2017-11-29 15:30:19.003000+00:00,6336.0,{'stop_loss_price': 6336.0}
INVALID_RISK_UNIT,risk_unit == 0 or non-finite,NQZ17-CME,10508859,2017-11-29 15:30:19.004000+00:00,6336.0,{'stop_loss_price': 6336.0}
INVALID_RISK_UNIT,risk_unit == 0 or non-finite,NQZ17-CME,10508860,2017-11-29 15:30:19.005000+00:00,6336.0,{'stop_loss_price': 6336.0}
INVALID_RISK_UNIT,risk_unit == 0 or non-finite,NQZ17-CME,10508861,2017-11-29 15:30:19.006000+00:00,6336.0,{'stop_loss_price': 6336.0}
INVALID_RISK_UNIT,risk_unit == 0 or non-finite,NQZ17-CME,10508866,2017-11-29 15:30:19.011000+00:00,6336.0,{'stop_loss_price': 6336.0}
INVALID_RISK_UNIT,risk_unit == 0 or non-finite,NQZ17-CME,10513634,2017-11-29 15:32:58+00:00,6332.5,{'stop_loss_price': 6332.5}
INVALID_RISK_UNIT,risk_unit == 0 or non-finite,NQZ17-CME,10513635,2017-11-29 15:32:58.001000+00:00,6332.5,{'stop_loss_price': 6332.5}
INVALID_RISK_UNIT,risk_unit == 0 or non-finite,NQZ17-CME,10513636,2017-11-29 15:32:58.002000+00:00,6332.5,{'stop_loss_price': 6332.5}
INVALID_RISK_UNIT,risk_unit == 0 or non-finite,NQZ17-CME,10513637,2017-11-29 15:32:58.003000+00:00,6332.5,{'stop_loss_price': 6332.5}
INVALID_RISK_UNIT,risk_unit == 0 or non-finite,NQZ17-CME,10513638,2017-11-29 15:32:58.004000+00:00,6332.5,{'stop_loss_price': 6332.5}
INVALID_RISK_UNIT,risk_unit == 0 or non-finite,NQZ17-CME,10513639,2017-11-29 15:32:58.005000+00:00,6332.5,{'stop_loss_price': 6332.5}
INVALID_RISK_UNIT,risk_unit == 0 or non-finite,NQZ17-CME,10513640,2017-11-29 15:32:58.006000+00:00,6332.5,{'stop_loss_price': 6332.5}
INVALID_RISK_UNIT,risk_unit == 0 or non-finite,NQZ17-CME,10528272,2017-11-29 15:39:59.009000+00:00,6347.25,{'stop_loss_price': 6347.25}
INVALID_RISK_UNIT,risk_unit == 0 or non-finite,NQZ17-CME,10528273,2017-11-29 15:39:59.010000+00:00,6347.25,{'stop_loss_price': 6347.25}
INVALID_RISK_UNIT,risk_unit == 0 or non-finite,NQZ17-CME,10528274,2017-11-29 15:39:59.011000+00:00,6347.25,{'stop_loss_price': 6347.25}
INVALID_RISK_UNIT,risk_unit == 0 or non-finite,NQZ17-CME,10528275,2017-11-29 15:39:59.012000+00:00,6347.25,{'stop_loss_price': 6347.25}
INVALID_RISK_UNIT,risk_unit == 0 or non-finite,NQZ17-CME,10528276,2017-11-29 15:39:59.013000+00:00,6347.25,{'stop_loss_price': 6347.25}
INVALID_RISK_UNIT,risk_unit == 0 or non-finite,NQZ17-CME,10528277,2017-11-29 15:39:59.014000+00:00,6347.25,{'stop_loss_price': 6347.25}
INVALID_RISK_UNIT,risk_unit == 0 or non-finite,NQZ17-CME,10528278,2017-11-29 15:39:59.015000+00:00,6347.25,{'stop_loss_price': 6347.25}
INVALID_RISK_UNIT,risk_unit == 0 or non-finite,NQZ17-CME,10528279,2017-11-29 15:39:59.016000+00:00,6347.25,{'stop_loss_price': 6347.25}
INVALID_RISK_UNIT,risk_unit == 0 or non-finite,NQZ17-CME,10528280,2017-11-29 15:39:59.017000+00:00,6347.25,{'stop_loss_price': 6347.25}
INVALID_RISK_UNIT,risk_unit == 0 or non-finite,NQZ17-CME,10528281,2017-11-29 15:39:59.018000+00:00,6347.25,{'stop_loss_price': 6347.25}
INVALID_RISK_UNIT,risk_unit == 0 or non-finite,NQZ17-CME,10528282,2017-11-29 15:39:59.019000+00:00,6347.25,{'stop_loss_price': 6347.25}
INVALID_RISK_UNIT,risk_unit == 0 or non-finite,NQZ17-CME,10528283,2017-11-29 15:39:59.020000+00:00,6347.25,{'stop_loss_price': 6347.25}
INVALID_RISK_UNIT,risk_unit == 0 or non-finite,NQZ17-CME,10528284,2017-11-29 15:39:59.021000+00:00,6347.25,{'stop_loss_price': 6347.25}
INVALID_RISK_UNIT,risk_unit == 0 or non-finite,NQZ17-CME,10528285,2017-11-29 15:39:59.022000+00:00,6347.25,{'stop_loss_price': 6347.25}
INVALID_RISK_UNIT,risk_unit == 0 or non-finite,NQZ17-CME,10528286,2017-11-29 15:39:59.023000+00:00,6347.25,{'stop_loss_price': 6347.25}
INVALID_RISK_UNIT,risk_unit == 0 or non-finite,NQZ17-CME,10528287,2017-11-29 15:39:59.024000+00:00,6347.25,{'stop_loss_price': 6347.25}
INVALID_RISK_UNIT,risk_unit == 0 or non-finite,NQZ17-CME,10528288,2017-11-29 15:39:59.025000+00:00,6347.25,{'stop_loss_price': 6347.25}
INVALID_RISK_UNIT,risk_unit == 0 or non-finite,NQZ17-CME,10528289,2017-11-29 15:39:59.026000+00:00,6347.25,{'stop_loss_price': 6347.25}
INVALID_RISK_UNIT,risk_unit == 0 or non-finite,NQZ17-CME,10528290,2017-11-29 15:39:59.027000+00:00,6347.25,{'stop_loss_price': 6347.25}
INVALID_RISK_UNIT,risk_unit == 0 or non-finite,NQZ17-CME,10528291,2017-11-29 15:39:59.028000+00:00,6347.25,{'stop_loss_price': 6347.25}
INVALID_RISK_UNIT,risk_unit == 0 or non-finite,NQZ17-CME,10537172,2017-11-29 15:45:49.004000+00:00,6342.25,{'stop_loss_price': 6342.25}
INVALID_RISK_UNIT,risk_unit == 0 or non-finite,NQZ17-CME,10537173,2017-11-29 15:45:49.005000+00:00,6342.25,{'stop_loss_price': 6342.25}
INVALID_RISK_UNIT,risk_unit == 0 or non-finite,NQZ17-CME,10537174,2017-11-29 15:45:49.006000+00:00,6342.25,{'stop_loss_price': 6342.25}
INVALID_RISK_UNIT,risk_unit == 0 or non-finite,NQZ17-CME,10537175,2017-11-29 15:45:49.007000+00:00,6342.25,{'stop_loss_price': 6342.25}
INVALID_RISK_UNIT,risk_unit == 0 or non-finite,NQZ17-CME,10576199,2017-11-29 16:09:32.011000+00:00,6315.0,{'stop_loss_price': 6315.0}
INVALID_RISK_UNIT,risk_unit == 0 or non-finite,NQZ17-CME,10578073,2017-11-29 16:10:56.016000+00:00,6317.75,{'stop_loss_price': 6317.75}
INVALID_RISK_UNIT,risk_unit == 0 or non-finite,NQZ17-CME,10578074,2017-11-29 16:10:56.017000+00:00,6317.75,{'stop_loss_price': 6317.75}
INVALID_RISK_UNIT,risk_unit == 0 or non-finite,NQZ17-CME,10578075,2017-11-29 16:10:56.018000+00:00,6317.75,{'stop_loss_price': 6317.75}
INVALID_RISK_UNIT,risk_unit == 0 or non-finite,NQZ17-CME,10578076,2017-11-29 16:10:56.019000+00:00,6317.75,{'stop_loss_price': 6317.75}
INVALID_RISK_UNIT,risk_unit == 0 or non-finite,NQZ17-CME,10578077,2017-11-29 16:10:56.020000+00:00,6317.75,{'stop_loss_price': 6317.75}
INVALID_RISK_UNIT,risk_unit == 0 or non-finite,NQZ17-CME,10578078,2017-11-29 16:10:56.021000+00:00,6317.75,{'stop_loss_price': 6317.75}
INVALID_RISK_UNIT,risk_unit == 0 or non-finite,NQZ17-CME,10578079,2017-11-29 16:10:56.022000+00:00,6317.75,{'stop_loss_price': 6317.75}
INVALID_RISK_UNIT,risk_unit == 0 or non-finite,NQZ17-CME,10578080,2017-11-29 16:10:56.023000+00:00,6317.75,{'stop_loss_price': 6317.75}
INVALID_RISK_UNIT,risk_unit == 0 or non-finite,NQZ17-CME,10578081,2017-11-29 16:10:56.024000+00:00,6317.75,{'stop_loss_price': 6317.75}
INVALID_RISK_UNIT,risk_unit == 0 or non-finite,NQZ17-CME,10580516,2017-11-29 16:12:22.006000+00:00,6327.0,{'stop_loss_price': 6327.0}
INVALID_RISK_UNIT,risk_unit == 0 or non-finite,NQZ17-CME,10580517,2017-11-29 16:12:22.007000+00:00,6327.0,{'stop_loss_price': 6327.0}
INVALID_RISK_UNIT,risk_unit == 0 or non-finite,NQZ17-CME,10580518,2017-11-29 16:12:22.008000+00:00,6327.0,{'stop_loss_price': 6327.0}
INVALID_RISK_UNIT,risk_unit == 0 or non-finite,NQZ17-CME,10580519,2017-11-29 16:12:22.009000+00:00,6327.0,{'stop_loss_price': 6327.0}
INVALID_RISK_UNIT,risk_unit == 0 or non-finite,NQZ17-CME,10580520,2017-11-29 16:12:22.010000+00:00,6327.0,{'stop_loss_price': 6327.0}
INVALID_RISK_UNIT,risk_unit == 0 or non-finite,NQZ17-CME,10580521,2017-11-29 16:12:22.011000+00:00,6327.0,{'stop_loss_price': 6327.0}
INVALID_RISK_UNIT,risk_unit == 0 or non-finite,NQZ17-CME,10580522,2017-11-29 16:12:22.012000+00:00,6327.0,{'stop_loss_price': 6327.0}
INVALID_RISK_UNIT,risk_unit == 0 or non-finite,NQZ17-CME,10580523,2017-11-29 16:12:22.013000+00:00,6327.0,{'stop_loss_price': 6327.0}
INVALID_RISK_UNIT,risk_unit == 0 or non-finite,NQZ17-CME,10580524,2017-11-29 16:12:22.014000+00:00,6327.0,{'stop_loss_price': 6327.0}
INVALID_RISK_UNIT,risk_unit == 0 or non-finite,NQZ17-CME,10580525,2017-11-29 16:12:22.015000+00:00,6327.0,{'stop_loss_price': 6327.0}
INVALID_RISK_UNIT,risk_unit == 0 or non-finite,NQZ17-CME,10580527,2017-11-29 16:12:22.017000+00:00,6327.0,{'stop_loss_price': 6327.0}
INVALID_RISK_UNIT,risk_unit == 0 or non-finite,NQZ17-CME,10584699,2017-11-29 16:14:53+00:00,6329.75,{'stop_loss_price': 6329.75}
INVALID_RISK_UNIT,risk_unit == 0 or non-finite,NQZ17-CME,10628234,2017-11-29 16:47:54+00:00,6302.75,{'stop_loss_price': 6302.75}
INVALID_RISK_UNIT,risk_unit == 0 or non-finite,NQZ17-CME,10628235,2017-11-29 16:47:54.001000+00:00,6302.75,{'stop_loss_price': 6302.75}
INVALID_RISK_UNIT,risk_unit == 0 or non-finite,NQZ17-CME,10628236,2017-11-29 16:47:54.002000+00:00,6302.75,{'stop_loss_price': 6302.75}
INVALID_RISK_UNIT,risk_unit == 0 or non-finite,NQZ17-CME,10628237,2017-11-29 16:47:54.003000+00:00,6302.75,{'stop_loss_price': 6302.75}
INVALID_RISK_UNIT,risk_unit == 0 or non-finite,NQZ17-CME,10683593,2017-11-29 17:35:20.009000+00:00,6314.25,{'stop_loss_price': 6314.25}
INVALID_RISK_UNIT,risk_unit == 0 or non-finite,NQZ17-CME,10683594,2017-11-29 17:35:20.010000+00:00,6314.25,{'stop_loss_price': 6314.25}
INVALID_RISK_UNIT,risk_unit == 0 or non-finite,NQZ17-CME,10683595,2017-11-29 17:35:20.011000+00:00,6314.25,{'stop_loss_price': 6314.25}
INVALID_RISK_UNIT,risk_unit == 0 or non-finite,NQZ17-CME,10683596,2017-11-29 17:35:20.012000+00:00,6314.25,{'stop_loss_price': 6314.25}
INVALID_RISK_UNIT,risk_unit == 0 or non-finite,NQZ17-CME,10683597,2017-11-29 17:35:20.013000+00:00,6314.25,{'stop_loss_price': 6314.25}
INVALID_RISK_UNIT,risk_unit == 0 or non-finite,NQZ17-CME,10748457,2017-11-29 19:33:20.002000+00:00,6304.5,{'stop_loss_price': 6304.5}
INVALID_RISK_UNIT,risk_unit == 0 or non-finite,NQZ17-CME,10756107,2017-11-29 19:48:16.083000+00:00,6305.25,{'stop_loss_price': 6305.25}
INVALID_RISK_UNIT,risk_unit == 0 or non-finite,NQZ17-CME,10781650,2017-11-29 20:37:02.009000+00:00,6311.5,{'stop_loss_price': 6311.5}
INVALID_RISK_UNIT,risk_unit == 0 or non-finite,NQZ17-CME,10781651,2017-11-29 20:37:02.010000+00:00,6311.5,{'stop_loss_price': 6311.5}
INVALID_RISK_UNIT,risk_unit == 0 or non-finite,NQZ17-CME,10781652,2017-11-29 20:37:02.011000+00:00,6311.5,{'stop_loss_price': 6311.5}
INVALID_RISK_UNIT,risk_unit == 0 or non-finite,NQZ17-CME,10781653,2017-11-29 20:37:03+00:00,6311.5,{'stop_loss_price': 6311.5}
INVALID_RISK_UNIT,risk_unit == 0 or non-finite,NQZ17-CME,10781654,2017-11-29 20:37:03.001000+00:00,6311.5,{'stop_loss_price': 6311.5}
INVALID_RISK_UNIT,risk_unit == 0 or non-finite,NQZ17-CME,10781655,2017-11-29 20:37:03.002000+00:00,6311.5,{'stop_loss_price': 6311.5}
INVALID_RISK_UNIT,risk_unit == 0 or non-finite,NQZ17-CME,10781656,2017-11-29 20:37:03.003000+00:00,6311.5,{'stop_loss_price': 6311.5}
INVALID_RISK_UNIT,risk_unit == 0 or non-finite,NQZ17-CME,10781657,2017-11-29 20:37:03.004000+00:00,6311.5,{'stop_loss_price': 6311.5}
INVALID_RISK_UNIT,risk_unit == 0 or non-finite,NQZ17-CME,10854994,2017-11-30 14:31:51.030000+00:00,6333.75,{'stop_loss_price': 6333.75}
INVALID_RISK_UNIT,risk_unit == 0 or non-finite,NQZ17-CME,10854995,2017-11-30 14:31:51.031000+00:00,6333.75,{'stop_loss_price': 6333.75}
INVALID_RISK_UNIT,risk_unit == 0 or non-finite,NQZ17-CME,10854996,2017-11-30 14:31:51.032000+00:00,6333.75,{'stop_loss_price': 6333.75}
INVALID_RISK_UNIT,risk_unit == 0 or non-finite,NQZ17-CME,10854997,2017-11-30 14:31:51.033000+00:00,6333.75,{'stop_loss_price': 6333.75}
INVALID_RISK_UNIT,risk_unit == 0 or non-finite,NQZ17-CME,10854998,2017-11-30 14:31:51.034000+00:00,6333.75,{'stop_loss_price': 6333.75}
INVALID_RISK_UNIT,risk_unit == 0 or non-finite,NQZ17-CME,10888017,2017-11-30 14:48:39.048000+00:00,6341.75,{'stop_loss_price': 6341.75}
INVALID_RISK_UNIT,risk_unit == 0 or non-finite,NQZ17-CME,10888018,2017-11-30 14:48:39.049000+00:00,6341.75,{'stop_loss_price': 6341.75}
INVALID_RISK_UNIT,risk_unit == 0 or non-finite,NQZ17-CME,10888019,2017-11-30 14:48:39.050000+00:00,6341.75,{'stop_loss_price': 6341.75}
INVALID_RISK_UNIT,risk_unit == 0 or non-finite,NQZ17-CME,10888020,2017-11-30 14:48:39.051000+00:00,6341.75,{'stop_loss_price': 6341.75}
INVALID_RISK_UNIT,risk_unit == 0 or non-finite,NQZ17-CME,10888021,2017-11-30 14:48:39.052000+00:00,6341.75,{'stop_loss_price': 6341.75}
INVALID_RISK_UNIT,risk_unit == 0 or non-finite,NQZ17-CME,10888022,2017-11-30 14:48:39.053000+00:00,6341.75,{'stop_loss_price': 6341.75}
INVALID_RISK_UNIT,risk_unit == 0 or non-finite,NQZ17-CME,10888023,2017-11-30 14:48:39.054000+00:00,6341.75,{'stop_loss_price': 6341.75}
INVALID_RISK_UNIT,risk_unit == 0 or non-finite,NQZ17-CME,10888024,2017-11-30 14:48:39.055000+00:00,6341.75,{'stop_loss_price': 6341.75}
INVALID_RISK_UNIT,risk_unit == 0 or non-finite,NQZ17-CME,10915559,2017-11-30 15:07:48+00:00,6343.25,{'stop_loss_price': 6343.25}
INVALID_RISK_UNIT,risk_unit == 0 or non-finite,NQZ17-CME,10915560,2017-11-30 15:07:48.001000+00:00,6343.25,{'stop_loss_price': 6343.25}
INVALID_RISK_UNIT,risk_unit == 0 or non-finite,NQZ17-CME,10915561,2017-11-30 15:07:48.002000+00:00,6343.25,{'stop_loss_price': 6343.25}
INVALID_RISK_UNIT,risk_unit == 0 or non-finite,NQZ17-CME,10915562,2017-11-30 15:07:48.003000+00:00,6343.25,{'stop_loss_price': 6343.25}
INVALID_RISK_UNIT,risk_unit == 0 or non-finite,NQZ17-CME,10915563,2017-11-30 15:07:48.004000+00:00,6343.25,{'stop_loss_price': 6343.25}
INVALID_RISK_UNIT,risk_unit == 0 or non-finite,NQZ17-CME,10915564,2017-11-30 15:07:48.005000+00:00,6343.25,{'stop_loss_price': 6343.25}
INVALID_RISK_UNIT,risk_unit == 0 or non-finite,NQZ17-CME,10915565,2017-11-30 15:07:48.006000+00:00,6343.25,{'stop_loss_price': 6343.25}
INVALID_RISK_UNIT,risk_unit == 0 or non-finite,NQZ17-CME,10915566,2017-11-30 15:07:48.007000+00:00,6343.25,{'stop_loss_price': 6343.25}
INVALID_RISK_UNIT,risk_unit == 0 or non-finite,NQZ17-CME,10915567,2017-11-30 15:07:48.008000+00:00,6343.25,{'stop_loss_price': 6343.25}
INVALID_RISK_UNIT,risk_unit == 0 or non-finite,NQZ17-CME,10959230,2017-11-30 15:52:40.002000+00:00,6351.25,{'stop_loss_price': 6351.25}
INVALID_RISK_UNIT,risk_unit == 0 or non-finite,NQZ17-CME,10959231,2017-11-30 15:52:40.003000+00:00,6351.25,{'stop_loss_price': 6351.25}
INVALID_RISK_UNIT,risk_unit == 0 or non-finite,NQZ17-CME,10959232,2017-11-30 15:52:40.004000+00:00,6351.25,{'stop_loss_price': 6351.25}
INVALID_RISK_UNIT,risk_unit == 0 or non-finite,NQZ17-CME,10959233,2017-11-30 15:52:40.005000+00:00,6351.25,{'stop_loss_price': 6351.25}
INVALID_RISK_UNIT,risk_unit == 0 or non-finite,NQZ17-CME,10959234,2017-11-30 15:52:40.006000+00:00,6351.25,{'stop_loss_price': 6351.25}
INVALID_RISK_UNIT,risk_unit == 0 or non-finite,NQZ17-CME,10959235,2017-11-30 15:52:40.007000+00:00,6351.25,{'stop_loss_price': 6351.25}
INVALID_RISK_UNIT,risk_unit == 0 or non-finite,NQZ17-CME,10959236,2017-11-30 15:52:40.008000+00:00,6351.25,{'stop_loss_price': 6351.25}
INVALID_RISK_UNIT,risk_unit == 0 or non-finite,NQZ17-CME,10959237,2017-11-30 15:52:40.009000+00:00,6351.25,{'stop_loss_price': 6351.25}
INVALID_RISK_UNIT,risk_unit == 0 or non-finite,NQZ17-CME,10959238,2017-11-30 15:52:40.010000+00:00,6351.25,{'stop_loss_price': 6351.25}
INVALID_RISK_UNIT,risk_unit == 0 or non-finite,NQZ17-CME,10959239,2017-11-30 15:52:40.011000+00:00,6351.25,{'stop_loss_price': 6351.25}
INVALID_RISK_UNIT,risk_unit == 0 or non-finite,NQZ17-CME,10962300,2017-11-30 15:58:03.002000+00:00,6351.25,{'stop_loss_price': 6351.25}
INVALID_RISK_UNIT,risk_unit == 0 or non-finite,NQZ17-CME,10962301,2017-11-30 15:58:03.003000+00:00,6351.25,{'stop_loss_price': 6351.25}
INVALID_RISK_UNIT,risk_unit == 0 or non-finite,NQZ17-CME,10962302,2017-11-30 15:58:03.004000+00:00,6351.25,{'stop_loss_price': 6351.25}
INVALID_RISK_UNIT,risk_unit == 0 or non-finite,NQZ17-CME,10962303,2017-11-30 15:58:03.005000+00:00,6351.25,{'stop_loss_price': 6351.25}
INVALID_RISK_UNIT,risk_unit == 0 or non-finite,NQZ17-CME,10989379,2017-11-30 16:29:37.005000+00:00,6352.75,{'stop_loss_price': 6352.75}
INVALID_RISK_UNIT,risk_unit == 0 or non-finite,NQZ17-CME,10989380,2017-11-30 16:29:37.006000+00:00,6352.75,{'stop_loss_price': 6352.75}
INVALID_RISK_UNIT,risk_unit == 0 or non-finite,NQZ17-CME,10989381,2017-11-30 16:29:37.007000+00:00,6352.75,{'stop_loss_price': 6352.75}
INVALID_RISK_UNIT,risk_unit == 0 or non-finite,NQZ17-CME,10989382,2017-11-30 16:29:37.008000+00:00,6352.75,{'stop_loss_price': 6352.75}
INVALID_RISK_UNIT,risk_unit == 0 or non-finite,NQZ17-CME,10989383,2017-11-30 16:29:37.009000+00:00,6352.75,{'stop_loss_price': 6352.75}
INVALID_RISK_UNIT,risk_unit == 0 or non-finite,NQZ17-CME,10989384,2017-11-30 16:29:37.010000+00:00,6352.75,{'stop_loss_price': 6352.75}
INVALID_RISK_UNIT,risk_unit == 0 or non-finite,NQZ17-CME,10989385,2017-11-30 16:29:37.011000+00:00,6352.75,{'stop_loss_price': 6352.75}
INVALID_RISK_UNIT,risk_unit == 0 or non-finite,NQZ17-CME,10989386,2017-11-30 16:29:37.012000+00:00,6352.75,{'stop_loss_price': 6352.75}
INVALID_RISK_UNIT,risk_unit == 0 or non-finite,NQZ17-CME,11004936,2017-11-30 17:05:05+00:00,6355.25,{'stop_loss_price': 6355.25}
INVALID_RISK_UNIT,risk_unit == 0 or non-finite,NQZ17-CME,11004937,2017-11-30 17:05:05.001000+00:00,6355.25,{'stop_loss_price': 6355.25}
INVALID_RISK_UNIT,risk_unit == 0 or non-finite,NQZ17-CME,11004938,2017-11-30 17:05:05.002000+00:00,6355.25,{'stop_loss_price': 6355.25}
INVALID_RISK_UNIT,risk_unit == 0 or non-finite,NQZ17-CME,11004939,2017-11-30 17:05:05.003000+00:00,6355.25,{'stop_loss_price': 6355.25}
INVALID_RISK_UNIT,risk_unit == 0 or non-finite,NQZ17-CME,11004940,2017-11-30 17:05:05.004000+00:00,6355.25,{'stop_loss_price': 6355.25}
INVALID_RISK_UNIT,risk_unit == 0 or non-finite,NQZ17-CME,11004941,2017-11-30 17:05:05.005000+00:00,6355.25,{'stop_loss_price': 6355.25}
INVALID_RISK_UNIT,risk_unit == 0 or non-finite,NQZ17-CME,11004942,2017-11-30 17:05:06+00:00,6355.25,{'stop_loss_price': 6355.25}
INVALID_RISK_UNIT,risk_unit == 0 or non-finite,NQZ17-CME,11004944,2017-11-30 17:05:08+00:00,6355.25,{'stop_loss_price': 6355.25}
INVALID_RISK_UNIT,risk_unit == 0 or non-finite,NQZ17-CME,11042808,2017-11-30 18:13:00.001000+00:00,6371.25,{'stop_loss_price': 6371.25}
INVALID_RISK_UNIT,risk_unit == 0 or non-finite,NQZ17-CME,11042809,2017-11-30 18:13:00.002000+00:00,6371.25,{'stop_loss_price': 6371.25}
INVALID_RISK_UNIT,risk_unit == 0 or non-finite,NQZ17-CME,11042810,2017-11-30 18:13:00.003000+00:00,6371.25,{'stop_loss_price': 6371.25}
INVALID_RISK_UNIT,risk_unit == 0 or non-finite,NQZ17-CME,11058500,2017-11-30 18:55:19.003000+00:00,6361.5,{'stop_loss_price': 6361.5}
INVALID_RISK_UNIT,risk_unit == 0 or non-finite,NQZ17-CME,11058501,2017-11-30 18:55:19.004000+00:00,6361.5,{'stop_loss_price': 6361.5}
INVALID_RISK_UNIT,risk_unit == 0 or non-finite,NQZ17-CME,11058502,2017-11-30 18:55:19.005000+00:00,6361.5,{'stop_loss_price': 6361.5}
INVALID_RISK_UNIT,risk_unit == 0 or non-finite,NQZ17-CME,11058503,2017-11-30 18:55:19.006000+00:00,6361.5,{'stop_loss_price': 6361.5}
INVALID_RISK_UNIT,risk_unit == 0 or non-finite,NQZ17-CME,11058504,2017-11-30 18:55:19.007000+00:00,6361.5,{'stop_loss_price': 6361.5}
INVALID_RISK_UNIT,risk_unit == 0 or non-finite,NQZ17-CME,11058505,2017-11-30 18:55:19.008000+00:00,6361.5,{'stop_loss_price': 6361.5}
INVALID_RISK_UNIT,risk_unit == 0 or non-finite,NQZ17-CME,11058506,2017-11-30 18:55:19.009000+00:00,6361.5,{'stop_loss_price': 6361.5}
INVALID_RISK_UNIT,risk_unit == 0 or non-finite,NQZ17-CME,11058507,2017-11-30 18:55:19.010000+00:00,6361.5,{'stop_loss_price': 6361.5}
INVALID_RISK_UNIT,risk_unit == 0 or non-finite,NQZ17-CME,11058508,2017-11-30 18:55:19.011000+00:00,6361.5,{'stop_loss_price': 6361.5}
INVALID_RISK_UNIT,risk_unit == 0 or non-finite,NQZ17-CME,11058509,2017-11-30 18:55:19.012000+00:00,6361.5,{'stop_loss_price': 6361.5}
INVALID_RISK_UNIT,risk_unit == 0 or non-finite,NQZ17-CME,11058510,2017-11-30 18:55:19.013000+00:00,6361.5,{'stop_loss_price': 6361.5}
INVALID_RISK_UNIT,risk_unit == 0 or non-finite,NQZ17-CME,11058511,2017-11-30 18:55:19.014000+00:00,6361.5,{'stop_loss_price': 6361.5}
INVALID_RISK_UNIT,risk_unit == 0 or non-finite,NQZ17-CME,11072916,2017-11-30 19:53:49+00:00,6364.75,{'stop_loss_price': 6364.75}
INVALID_RISK_UNIT,risk_unit == 0 or non-finite,NQZ17-CME,11116187,2017-11-30 21:05:36.007000+00:00,6356.0,{'stop_loss_price': 6356.0}
INVALID_RISK_UNIT,risk_unit == 0 or non-finite,NQZ17-CME,11116188,2017-11-30 21:05:36.008000+00:00,6356.0,{'stop_loss_price': 6356.0}
INVALID_RISK_UNIT,risk_unit == 0 or non-finite,NQZ17-CME,11116189,2017-11-30 21:05:36.009000+00:00,6356.0,{'stop_loss_price': 6356.0}
INVALID_RISK_UNIT,risk_unit == 0 or non-finite,NQZ17-CME,11116190,2017-11-30 21:05:36.010000+00:00,6356.0,{'stop_loss_price': 6356.0}
INVALID_RISK_UNIT,risk_unit == 0 or non-finite,NQZ17-CME,11116191,2017-11-30 21:05:36.011000+00:00,6356.0,{'stop_loss_price': 6356.0}
INVALID_RISK_UNIT,risk_unit == 0 or non-finite,NQZ17-CME,11116192,2017-11-30 21:05:36.012000+00:00,6356.0,{'stop_loss_price': 6356.0}
INVALID_RISK_UNIT,risk_unit == 0 or non-finite,NQZ17-CME,11116193,2017-11-30 21:05:36.013000+00:00,6356.0,{'stop_loss_price': 6356.0}
INVALID_RISK_UNIT,risk_unit == 0 or non-finite,NQZ17-CME,11116194,2017-11-30 21:05:36.014000+00:00,6356.0,{'stop_loss_price': 6356.0}
INVALID_RISK_UNIT,risk_unit == 0 or non-finite,NQZ17-CME,11116195,2017-11-30 21:05:36.015000+00:00,6356.0,{'stop_loss_price': 6356.0}
INVALID_RISK_UNIT,risk_unit == 0 or non-finite,NQZ17-CME,11116196,2017-11-30 21:05:36.016000+00:00,6356.0,{'stop_loss_price': 6356.0}
INVALID_RISK_UNIT,risk_unit == 0 or non-finite,NQZ17-CME,11116197,2017-11-30 21:05:36.017000+00:00,6356.0,{'stop_loss_price': 6356.0}
INVALID_RISK_UNIT,risk_unit == 0 or non-finite,NQZ17-CME,11116198,2017-11-30 21:05:36.018000+00:00,6356.0,{'stop_loss_price': 6356.0}
INVALID_RISK_UNIT,risk_unit == 0 or non-finite,NQZ17-CME,11116199,2017-11-30 21:05:36.019000+00:00,6356.0,{'stop_loss_price': 6356.0}
INVALID_RISK_UNIT,risk_unit == 0 or non-finite,NQZ17-CME,11116200,2017-11-30 21:05:36.020000+00:00,6356.0,{'stop_loss_price': 6356.0}
INVALID_RISK_UNIT,risk_unit == 0 or non-finite,NQZ17-CME,11116201,2017-11-30 21:05:36.021000+00:00,6356.0,{'stop_loss_price': 6356.0}
INVALID_RISK_UNIT,risk_unit == 0 or non-finite,NQZ17-CME,11116202,2017-11-30 21:05:36.022000+00:00,6356.0,{'stop_loss_price': 6356.0}
INVALID_RISK_UNIT,risk_unit == 0 or non-finite,NQZ17-CME,11116203,2017-11-30 21:05:36.023000+00:00,6356.0,{'stop_loss_price': 6356.0}
INVALID_RISK_UNIT,risk_unit == 0 or non-finite,NQZ17-CME,11116204,2017-11-30 21:05:36.024000+00:00,6356.0,{'stop_loss_price': 6356.0}
INVALID_RISK_UNIT,risk_unit == 0 or non-finite,NQZ17-CME,11116205,2017-11-30 21:05:36.025000+00:00,6356.0,{'stop_loss_price': 6356.0}
INVALID_RISK_UNIT,risk_unit == 0 or non-finite,NQZ17-CME,11116206,2017-11-30 21:05:36.026000+00:00,6356.0,{'stop_loss_price': 6356.0}
INVALID_RISK_UNIT,risk_unit == 0 or non-finite,NQZ17-CME,11116207,2017-11-30 21:05:36.027000+00:00,6356.0,{'stop_loss_price': 6356.0}
INVALID_RISK_UNIT,risk_unit == 0 or non-finite,NQZ17-CME,11116208,2017-11-30 21:05:36.028000+00:00,6356.0,{'stop_loss_price': 6356.0}
INVALID_RISK_UNIT,risk_unit == 0 or non-finite,NQZ17-CME,11116209,2017-11-30 21:05:37+00:00,6356.0,{'stop_loss_price': 6356.0}
INVALID_RISK_UNIT,risk_unit == 0 or non-finite,NQZ17-CME,11116210,2017-11-30 21:05:37.001000+00:00,6356.0,{'stop_loss_price': 6356.0}
INVALID_RISK_UNIT,risk_unit == 0 or non-finite,NQZ17-CME,11116225,2017-11-30 21:05:41.013000+00:00,6356.0,{'stop_loss_price': 6356.0}
INVALID_RISK_UNIT,risk_unit == 0 or non-finite,NQZ17-CME,11116226,2017-11-30 21:05:42+00:00,6356.0,{'stop_loss_price': 6356.0}
INVALID_RISK_UNIT,risk_unit == 0 or non-finite,NQZ17-CME,11116227,2017-11-30 21:05:42.001000+00:00,6356.0,{'stop_loss_price': 6356.0}
INVALID_RISK_UNIT,risk_unit == 0 or non-finite,NQZ17-CME,11121000,2017-11-30 23:30:05.004000+00:00,6351.75,{'stop_loss_price': 6351.75}
INVALID_RISK_UNIT,risk_unit == 0 or non-finite,NQZ17-CME,11121001,2017-11-30 23:30:05.005000+00:00,6351.75,{'stop_loss_price': 6351.75}
INVALID_RISK_UNIT,risk_unit == 0 or non-finite,NQZ17-CME,11134411,2017-12-01 04:50:00+00:00,6359.25,{'stop_loss_price': 6359.25}
INVALID_RISK_UNIT,risk_unit == 0 or non-finite,NQZ17-CME,11134412,2017-12-01 04:50:00.001000+00:00,6359.25,{'stop_loss_price': 6359.25}
INVALID_RISK_UNIT,risk_unit == 0 or non-finite,NQZ17-CME,11134616,2017-12-01 04:59:56+00:00,6357.5,{'stop_loss_price': 6357.5}
INVALID_RISK_UNIT,risk_unit == 0 or non-finite,NQZ17-CME,11134617,2017-12-01 04:59:56.001000+00:00,6357.5,{'stop_loss_price': 6357.5}
INVALID_RISK_UNIT,risk_unit == 0 or non-finite,NQZ17-CME,11134618,2017-12-01 04:59:56.002000+00:00,6357.5,{'stop_loss_price': 6357.5}
INVALID_RISK_UNIT,risk_unit == 0 or non-finite,NQZ17-CME,11217792,2017-12-01 14:46:50.012000+00:00,6331.25,{'stop_loss_price': 6331.25}
INVALID_RISK_UNIT,risk_unit == 0 or non-finite,NQZ17-CME,11244048,2017-12-01 15:11:18.009000+00:00,6348.5,{'stop_loss_price': 6348.5}
INVALID_RISK_UNIT,risk_unit == 0 or non-finite,NQZ17-CME,11244049,2017-12-01 15:11:18.010000+00:00,6348.5,{'stop_loss_price': 6348.5}
INVALID_RISK_UNIT,risk_unit == 0 or non-finite,NQZ17-CME,11244050,2017-12-01 15:11:18.011000+00:00,6348.5,{'stop_loss_price': 6348.5}
INVALID_RISK_UNIT,risk_unit == 0 or non-finite,NQZ17-CME,11244051,2017-12-01 15:11:18.012000+00:00,6348.5,{'stop_loss_price': 6348.5}
INVALID_RISK_UNIT,risk_unit == 0 or non-finite,NQZ17-CME,11244052,2017-12-01 15:11:18.013000+00:00,6348.5,{'stop_loss_price': 6348.5}
INVALID_RISK_UNIT,risk_unit == 0 or non-finite,NQZ17-CME,11244053,2017-12-01 15:11:18.014000+00:00,6348.5,{'stop_loss_price': 6348.5}
INVALID_RISK_UNIT,risk_unit == 0 or non-finite,NQZ17-CME,11244054,2017-12-01 15:11:18.015000+00:00,6348.5,{'stop_loss_price': 6348.5}
INVALID_RISK_UNIT,risk_unit == 0 or non-finite,NQZ17-CME,11244055,2017-12-01 15:11:18.016000+00:00,6348.5,{'stop_loss_price': 6348.5}
INVALID_RISK_UNIT,risk_unit == 0 or non-finite,NQZ17-CME,11244056,2017-12-01 15:11:18.017000+00:00,6348.5,{'stop_loss_price': 6348.5}
INVALID_RISK_UNIT,risk_unit == 0 or non-finite,NQZ17-CME,11244057,2017-12-01 15:11:18.018000+00:00,6348.5,{'stop_loss_price': 6348.5}
INVALID_RISK_UNIT,risk_unit == 0 or non-finite,NQZ17-CME,11244061,2017-12-01 15:11:18.022000+00:00,6348.5,{'stop_loss_price': 6348.5}
INVALID_RISK_UNIT,risk_unit == 0 or non-finite,NQZ17-CME,11244062,2017-12-01 15:11:18.023000+00:00,6348.5,{'stop_loss_price': 6348.5}
INVALID_RISK_UNIT,risk_unit == 0 or non-finite,NQZ17-CME,11244063,2017-12-01 15:11:18.024000+00:00,6348.5,{'stop_loss_price': 6348.5}
INVALID_RISK_UNIT,risk_unit == 0 or non-finite,NQZ17-CME,11244064,2017-12-01 15:11:18.025000+00:00,6348.5,{'stop_loss_price': 6348.5}
INVALID_RISK_UNIT,risk_unit == 0 or non-finite,NQZ17-CME,11244065,2017-12-01 15:11:18.026000+00:00,6348.5,{'stop_loss_price': 6348.5}
INVALID_RISK_UNIT,risk_unit == 0 or non-finite,NQZ17-CME,11244066,2017-12-01 15:11:18.027000+00:00,6348.5,{'stop_loss_price': 6348.5}
INVALID_RISK_UNIT,risk_unit == 0 or non-finite,NQZ17-CME,11244131,2017-12-01 15:11:23.008000+00:00,6348.5,{'stop_loss_price': 6348.5}
INVALID_RISK_UNIT,risk_unit == 0 or non-finite,NQZ17-CME,11244132,2017-12-01 15:11:23.009000+00:00,6348.5,{'stop_loss_price': 6348.5}
INVALID_RISK_UNIT,risk_unit == 0 or non-finite,NQZ17-CME,11244133,2017-12-01 15:11:23.010000+00:00,6348.5,{'stop_loss_price': 6348.5}
INVALID_RISK_UNIT,risk_unit == 0 or non-finite,NQZ17-CME,11244134,2017-12-01 15:11:23.011000+00:00,6348.5,{'stop_loss_price': 6348.5}
INVALID_RISK_UNIT,risk_unit == 0 or non-finite,NQZ17-CME,11244148,2017-12-01 15:11:24.005000+00:00,6348.5,{'stop_loss_price': 6348.5}
INVALID_RISK_UNIT,risk_unit == 0 or non-finite,NQZ17-CME,11244149,2017-12-01 15:11:24.006000+00:00,6348.5,{'stop_loss_price': 6348.5}
INVALID_RISK_UNIT,risk_unit == 0 or non-finite,NQZ17-CME,11244150,2017-12-01 15:11:24.007000+00:00,6348.5,{'stop_loss_price': 6348.5}
INVALID_RISK_UNIT,risk_unit == 0 or non-finite,NQZ17-CME,11244151,2017-12-01 15:11:24.008000+00:00,6348.5,{'stop_loss_price': 6348.5}
INVALID_RISK_UNIT,risk_unit == 0 or non-finite,NQZ17-CME,11244152,2017-12-01 15:11:24.009000+00:00,6348.5,{'stop_loss_price': 6348.5}
INVALID_RISK_UNIT,risk_unit == 0 or non-finite,NQZ17-CME,11244230,2017-12-01 15:11:29.011000+00:00,6348.0,{'stop_loss_price': 6348.0}
INVALID_RISK_UNIT,risk_unit == 0 or non-finite,NQZ17-CME,11244231,2017-12-01 15:11:29.012000+00:00,6348.0,{'stop_loss_price': 6348.0}
INVALID_RISK_UNIT,risk_unit == 0 or non-finite,NQZ17-CME,11244232,2017-12-01 15:11:29.013000+00:00,6348.0,{'stop_loss_price': 6348.0}
INVALID_RISK_UNIT,risk_unit == 0 or non-finite,NQZ17-CME,11244233,2017-12-01 15:11:29.014000+00:00,6348.0,{'stop_loss_price': 6348.0}
INVALID_RISK_UNIT,risk_unit == 0 or non-finite,NQZ17-CME,11244234,2017-12-01 15:11:29.015000+00:00,6348.0,{'stop_loss_price': 6348.0}
INVALID_RISK_UNIT,risk_unit == 0 or non-finite,NQZ17-CME,11244235,2017-12-01 15:11:29.016000+00:00,6348.0,{'stop_loss_price': 6348.0}
INVALID_RISK_UNIT,risk_unit == 0 or non-finite,NQZ17-CME,11244236,2017-12-01 15:11:29.017000+00:00,6348.0,{'stop_loss_price': 6348.0}
INVALID_RISK_UNIT,risk_unit == 0 or non-finite,NQZ17-CME,11244237,2017-12-01 15:11:29.018000+00:00,6348.0,{'stop_loss_price': 6348.0}
INVALID_RISK_UNIT,risk_unit == 0 or non-finite,NQZ17-CME,11244238,2017-12-01 15:11:29.019000+00:00,6348.0,{'stop_loss_price': 6348.0}
INVALID_RISK_UNIT,risk_unit == 0 or non-finite,NQZ17-CME,11244239,2017-12-01 15:11:29.020000+00:00,6348.0,{'stop_loss_price': 6348.0}
INVALID_RISK_UNIT,risk_unit == 0 or non-finite,NQZ17-CME,11244240,2017-12-01 15:11:29.021000+00:00,6348.0,{'stop_loss_price': 6348.0}
INVALID_RISK_UNIT,risk_unit == 0 or non-finite,NQZ17-CME,11244241,2017-12-01 15:11:29.022000+00:00,6348.0,{'stop_loss_price': 6348.0}
INVALID_RISK_UNIT,risk_unit == 0 or non-finite,NQZ17-CME,11244242,2017-12-01 15:11:29.023000+00:00,6348.0,{'stop_loss_price': 6348.0}
INVALID_RISK_UNIT,risk_unit == 0 or non-finite,NQZ17-CME,11244243,2017-12-01 15:11:29.024000+00:00,6348.0,{'stop_loss_price': 6348.0}
INVALID_RISK_UNIT,risk_unit == 0 or non-finite,NQZ17-CME,11244244,2017-12-01 15:11:29.025000+00:00,6348.0,{'stop_loss_price': 6348.0}
INVALID_RISK_UNIT,risk_unit == 0 or non-finite,NQZ17-CME,11244245,2017-12-01 15:11:29.026000+00:00,6348.0,{'stop_loss_price': 6348.0}
INVALID_RISK_UNIT,risk_unit == 0 or non-finite,NQZ17-CME,11244246,2017-12-01 15:11:29.027000+00:00,6348.0,{'stop_loss_price': 6348.0}
INVALID_RISK_UNIT,risk_unit == 0 or non-finite,NQZ17-CME,11244247,2017-12-01 15:11:29.028000+00:00,6348.0,{'stop_loss_price': 6348.0}
INVALID_RISK_UNIT,risk_unit == 0 or non-finite,NQZ17-CME,11244249,2017-12-01 15:11:30.001000+00:00,6348.0,{'stop_loss_price': 6348.0}
INVALID_RISK_UNIT,risk_unit == 0 or non-finite,NQZ17-CME,11246683,2017-12-01 15:13:35.006000+00:00,6347.75,{'stop_loss_price': 6347.75}
INVALID_RISK_UNIT,risk_unit == 0 or non-finite,NQZ17-CME,11246684,2017-12-01 15:13:35.007000+00:00,6347.75,{'stop_loss_price': 6347.75}
INVALID_RISK_UNIT,risk_unit == 0 or non-finite,NQZ17-CME,11246685,2017-12-01 15:13:35.008000+00:00,6347.75,{'stop_loss_price': 6347.75}
INVALID_RISK_UNIT,risk_unit == 0 or non-finite,NQZ17-CME,11254134,2017-12-01 15:19:10+00:00,6365.5,{'stop_loss_price': 6365.5}
INVALID_RISK_UNIT,risk_unit == 0 or non-finite,NQZ17-CME,11254135,2017-12-01 15:19:10.001000+00:00,6365.5,{'stop_loss_price': 6365.5}
INVALID_RISK_UNIT,risk_unit == 0 or non-finite,NQZ17-CME,11254136,2017-12-01 15:19:10.002000+00:00,6365.5,{'stop_loss_price': 6365.5}
INVALID_RISK_UNIT,risk_unit == 0 or non-finite,NQZ17-CME,11254137,2017-12-01 15:19:10.003000+00:00,6365.5,{'stop_loss_price': 6365.5}
INVALID_RISK_UNIT,risk_unit == 0 or non-finite,NQZ17-CME,11254138,2017-12-01 15:19:10.004000+00:00,6365.5,{'stop_loss_price': 6365.5}
INVALID_RISK_UNIT,risk_unit == 0 or non-finite,NQZ17-CME,11254139,2017-12-01 15:19:10.005000+00:00,6365.5,{'stop_loss_price': 6365.5}
INVALID_RISK_UNIT,risk_unit == 0 or non-finite,NQZ17-CME,11254140,2017-12-01 15:19:10.006000+00:00,6365.5,{'stop_loss_price': 6365.5}
INVALID_RISK_UNIT,risk_unit == 0 or non-finite,NQZ17-CME,11254141,2017-12-01 15:19:10.007000+00:00,6365.5,{'stop_loss_price': 6365.5}
INVALID_RISK_UNIT,risk_unit == 0 or non-finite,NQZ17-CME,11254142,2017-12-01 15:19:10.008000+00:00,6365.5,{'stop_loss_price': 6365.5}
INVALID_RISK_UNIT,risk_unit == 0 or non-finite,NQZ17-CME,11254143,2017-12-01 15:19:10.009000+00:00,6365.5,{'stop_loss_price': 6365.5}
INVALID_RISK_UNIT,risk_unit == 0 or non-finite,NQZ17-CME,11254144,2017-12-01 15:19:10.010000+00:00,6365.5,{'stop_loss_price': 6365.5}
INVALID_RISK_UNIT,risk_unit == 0 or non-finite,NQZ17-CME,11254145,2017-12-01 15:19:10.011000+00:00,6365.5,{'stop_loss_price': 6365.5}
INVALID_RISK_UNIT,risk_unit == 0 or non-finite,NQZ17-CME,11254146,2017-12-01 15:19:10.012000+00:00,6365.5,{'stop_loss_price': 6365.5}
INVALID_RISK_UNIT,risk_unit == 0 or non-finite,NQZ17-CME,11254147,2017-12-01 15:19:10.013000+00:00,6365.5,{'stop_loss_price': 6365.5}
INVALID_RISK_UNIT,risk_unit == 0 or non-finite,NQZ17-CME,11254148,2017-12-01 15:19:10.014000+00:00,6365.5,{'stop_loss_price': 6365.5}
INVALID_RISK_UNIT,risk_unit == 0 or non-finite,NQZ17-CME,11254149,2017-12-01 15:19:10.015000+00:00,6365.5,{'stop_loss_price': 6365.5}
INVALID_RISK_UNIT,risk_unit == 0 or non-finite,NQZ17-CME,11254150,2017-12-01 15:19:10.016000+00:00,6365.5,{'stop_loss_price': 6365.5}
INVALID_RISK_UNIT,risk_unit == 0 or non-finite,NQZ17-CME,11254151,2017-12-01 15:19:10.017000+00:00,6365.5,{'stop_loss_price': 6365.5}
INVALID_RISK_UNIT,risk_unit == 0 or non-finite,NQZ17-CME,11254152,2017-12-01 15:19:10.018000+00:00,6365.5,{'stop_loss_price': 6365.5}
INVALID_RISK_UNIT,risk_unit == 0 or non-finite,NQZ17-CME,11254153,2017-12-01 15:19:10.019000+00:00,6365.5,{'stop_loss_price': 6365.5}
INVALID_RISK_UNIT,risk_unit == 0 or non-finite,NQZ17-CME,11279758,2017-12-01 15:54:36.013000+00:00,6363.75,{'stop_loss_price': 6363.75}
INVALID_RISK_UNIT,risk_unit == 0 or non-finite,NQZ17-CME,11344292,2017-12-01 16:22:52.001000+00:00,6312.5,{'stop_loss_price': 6312.5}
INVALID_RISK_UNIT,risk_unit == 0 or non-finite,NQZ17-CME,11404001,2017-12-01 16:37:49.018000+00:00,6303.0,{'stop_loss_price': 6303.0}
INVALID_RISK_UNIT,risk_unit == 0 or non-finite,NQZ17-CME,11404002,2017-12-01 16:37:49.019000+00:00,6303.0,{'stop_loss_price': 6303.0}
INVALID_RISK_UNIT,risk_unit == 0 or non-finite,NQZ17-CME,11404003,2017-12-01 16:37:49.020000+00:00,6303.0,{'stop_loss_price': 6303.0}
INVALID_RISK_UNIT,risk_unit == 0 or non-finite,NQZ17-CME,11404004,2017-12-01 16:37:49.021000+00:00,6303.0,{'stop_loss_price': 6303.0}
INVALID_RISK_UNIT,risk_unit == 0 or non-finite,NQZ17-CME,11404005,2017-12-01 16:37:49.022000+00:00,6303.0,{'stop_loss_price': 6303.0}
INVALID_RISK_UNIT,risk_unit == 0 or non-finite,NQZ17-CME,11404007,2017-12-01 16:37:49.024000+00:00,6303.0,{'stop_loss_price': 6303.0}
INVALID_RISK_UNIT,risk_unit == 0 or non-finite,NQZ17-CME,11414095,2017-12-01 16:41:08.033000+00:00,6303.75,{'stop_loss_price': 6303.75}
INVALID_RISK_UNIT,risk_unit == 0 or non-finite,NQZ17-CME,11414096,2017-12-01 16:41:08.034000+00:00,6303.75,{'stop_loss_price': 6303.75}
INVALID_RISK_UNIT,risk_unit == 0 or non-finite,NQZ17-CME,11414097,2017-12-01 16:41:08.035000+00:00,6303.75,{'stop_loss_price': 6303.75}
INVALID_RISK_UNIT,risk_unit == 0 or non-finite,NQZ17-CME,11414098,2017-12-01 16:41:08.036000+00:00,6303.75,{'stop_loss_price': 6303.75}
INVALID_RISK_UNIT,risk_unit == 0 or non-finite,NQZ17-CME,11414099,2017-12-01 16:41:08.037000+00:00,6303.75,{'stop_loss_price': 6303.75}
INVALID_RISK_UNIT,risk_unit == 0 or non-finite,NQZ17-CME,11414100,2017-12-01 16:41:08.038000+00:00,6303.75,{'stop_loss_price': 6303.75}
INVALID_RISK_UNIT,risk_unit == 0 or non-finite,NQZ17-CME,11433231,2017-12-01 16:52:12.028000+00:00,6287.75,{'stop_loss_price': 6287.75}
INVALID_RISK_UNIT,risk_unit == 0 or non-finite,NQZ17-CME,11433232,2017-12-01 16:52:12.029000+00:00,6287.75,{'stop_loss_price': 6287.75}
INVALID_RISK_UNIT,risk_unit == 0 or non-finite,NQZ17-CME,11433233,2017-12-01 16:52:12.030000+00:00,6287.75,{'stop_loss_price': 6287.75}
INVALID_RISK_UNIT,risk_unit == 0 or non-finite,NQZ17-CME,11433234,2017-12-01 16:52:12.031000+00:00,6287.75,{'stop_loss_price': 6287.75}
INVALID_RISK_UNIT,risk_unit == 0 or non-finite,NQZ17-CME,11523883,2017-12-01 18:26:35.017000+00:00,6323.25,{'stop_loss_price': 6323.25}
INVALID_RISK_UNIT,risk_unit == 0 or non-finite,NQZ17-CME,11533657,2017-12-01 18:51:15.004000+00:00,6326.75,{'stop_loss_price': 6326.75}
INVALID_RISK_UNIT,risk_unit == 0 or non-finite,NQZ17-CME,11533658,2017-12-01 18:51:15.005000+00:00,6326.75,{'stop_loss_price': 6326.75}
INVALID_RISK_UNIT,risk_unit == 0 or non-finite,NQZ17-CME,11533659,2017-12-01 18:51:15.006000+00:00,6326.75,{'stop_loss_price': 6326.75}
INVALID_RISK_UNIT,risk_unit == 0 or non-finite,NQZ17-CME,11533660,2017-12-01 18:51:15.007000+00:00,6326.75,{'stop_loss_price': 6326.75}
INVALID_RISK_UNIT,risk_unit == 0 or non-finite,NQZ17-CME,11533661,2017-12-01 18:51:15.008000+00:00,6326.75,{'stop_loss_price': 6326.75}
INVALID_RISK_UNIT,risk_unit == 0 or non-finite,NQZ17-CME,11533662,2017-12-01 18:51:15.009000+00:00,6326.75,{'stop_loss_price': 6326.75}
INVALID_RISK_UNIT,risk_unit == 0 or non-finite,NQZ17-CME,11533663,2017-12-01 18:51:15.010000+00:00,6326.75,{'stop_loss_price': 6326.75}
INVALID_RISK_UNIT,risk_unit == 0 or non-finite,NQZ17-CME,11533664,2017-12-01 18:51:15.011000+00:00,6326.75,{'stop_loss_price': 6326.75}
INVALID_RISK_UNIT,risk_unit == 0 or non-finite,NQZ17-CME,11533665,2017-12-01 18:51:15.012000+00:00,6326.75,{'stop_loss_price': 6326.75}
INVALID_RISK_UNIT,risk_unit == 0 or non-finite,NQZ17-CME,11589317,2017-12-03 23:36:41+00:00,6375.0,{'stop_loss_price': 6375.0}
INVALID_RISK_UNIT,risk_unit == 0 or non-finite,NQZ17-CME,11589318,2017-12-03 23:36:41.001000+00:00,6375.0,{'stop_loss_price': 6375.0}
INVALID_RISK_UNIT,risk_unit == 0 or non-finite,NQZ17-CME,11589319,2017-12-03 23:36:41.002000+00:00,6375.0,{'stop_loss_price': 6375.0}
INVALID_RISK_UNIT,risk_unit == 0 or non-finite,NQZ17-CME,11589320,2017-12-03 23:36:41.003000+00:00,6375.0,{'stop_loss_price': 6375.0}
INVALID_RISK_UNIT,risk_unit == 0 or non-finite,NQZ17-CME,11589321,2017-12-03 23:36:41.004000+00:00,6375.0,{'stop_loss_price': 6375.0}
INVALID_RISK_UNIT,risk_unit == 0 or non-finite,NQZ17-CME,11589322,2017-12-03 23:36:41.005000+00:00,6375.0,{'stop_loss_price': 6375.0}
INVALID_RISK_UNIT,risk_unit == 0 or non-finite,NQZ17-CME,11589323,2017-12-03 23:36:41.006000+00:00,6375.0,{'stop_loss_price': 6375.0}
INVALID_RISK_UNIT,risk_unit == 0 or non-finite,NQZ17-CME,11612809,2017-12-04 11:59:37.004000+00:00,6376.75,{'stop_loss_price': 6376.75}
INVALID_RISK_UNIT,risk_unit == 0 or non-finite,NQZ17-CME,11612810,2017-12-04 11:59:37.005000+00:00,6376.75,{'stop_loss_price': 6376.75}
INVALID_RISK_UNIT,risk_unit == 0 or non-finite,NQZ17-CME,11612811,2017-12-04 11:59:37.006000+00:00,6376.75,{'stop_loss_price': 6376.75}
INVALID_RISK_UNIT,risk_unit == 0 or non-finite,NQZ17-CME,11612812,2017-12-04 11:59:37.007000+00:00,6376.75,{'stop_loss_price': 6376.75}
INVALID_RISK_UNIT,risk_unit == 0 or non-finite,NQZ17-CME,11612813,2017-12-04 11:59:37.008000+00:00,6376.75,{'stop_loss_price': 6376.75}
INVALID_RISK_UNIT,risk_unit == 0 or non-finite,NQZ17-CME,11612814,2017-12-04 11:59:37.009000+00:00,6376.75,{'stop_loss_price': 6376.75}
INVALID_RISK_UNIT,risk_unit == 0 or non-finite,NQZ17-CME,11612815,2017-12-04 11:59:37.010000+00:00,6376.75,{'stop_loss_price': 6376.75}
INVALID_RISK_UNIT,risk_unit == 0 or non-finite,NQZ17-CME,11612816,2017-12-04 11:59:37.011000+00:00,6376.75,{'stop_loss_price': 6376.75}
INVALID_RISK_UNIT,risk_unit == 0 or non-finite,NQZ17-CME,11632106,2017-12-04 14:34:21.025000+00:00,6367.0,{'stop_loss_price': 6367.0}
INVALID_RISK_UNIT,risk_unit == 0 or non-finite,NQZ17-CME,11678959,2017-12-04 15:06:56.003000+00:00,6321.75,{'stop_loss_price': 6321.75}
INVALID_RISK_UNIT,risk_unit == 0 or non-finite,NQZ17-CME,11678960,2017-12-04 15:06:56.004000+00:00,6321.75,{'stop_loss_price': 6321.75}
INVALID_RISK_UNIT,risk_unit == 0 or non-finite,NQZ17-CME,11678961,2017-12-04 15:06:56.005000+00:00,6321.75,{'stop_loss_price': 6321.75}
INVALID_RISK_UNIT,risk_unit == 0 or non-finite,NQZ17-CME,11678962,2017-12-04 15:06:56.006000+00:00,6321.75,{'stop_loss_price': 6321.75}
INVALID_RISK_UNIT,risk_unit == 0 or non-finite,NQZ17-CME,11678963,2017-12-04 15:06:56.007000+00:00,6321.75,{'stop_loss_price': 6321.75}
INVALID_RISK_UNIT,risk_unit == 0 or non-finite,NQZ17-CME,11678964,2017-12-04 15:06:56.008000+00:00,6321.75,{'stop_loss_price': 6321.75}
INVALID_RISK_UNIT,risk_unit == 0 or non-finite,NQZ17-CME,11678965,2017-12-04 15:06:56.009000+00:00,6321.75,{'stop_loss_price': 6321.75}
INVALID_RISK_UNIT,risk_unit == 0 or non-finite,NQZ17-CME,11678966,2017-12-04 15:06:56.010000+00:00,6321.75,{'stop_loss_price': 6321.75}
INVALID_RISK_UNIT,risk_unit == 0 or non-finite,NQZ17-CME,11678967,2017-12-04 15:06:56.011000+00:00,6321.75,{'stop_loss_price': 6321.75}
INVALID_RISK_UNIT,risk_unit == 0 or non-finite,NQZ17-CME,11704172,2017-12-04 15:19:07.108000+00:00,6307.75,{'stop_loss_price': 6307.75}
INVALID_RISK_UNIT,risk_unit == 0 or non-finite,NQZ17-CME,11704173,2017-12-04 15:19:07.109000+00:00,6307.75,{'stop_loss_price': 6307.75}
INVALID_RISK_UNIT,risk_unit == 0 or non-finite,NQZ17-CME,11704174,2017-12-04 15:19:07.110000+00:00,6307.75,{'stop_loss_price': 6307.75}
INVALID_RISK_UNIT,risk_unit == 0 or non-finite,NQZ17-CME,11704175,2017-12-04 15:19:07.111000+00:00,6307.75,{'stop_loss_price': 6307.75}
INVALID_RISK_UNIT,risk_unit == 0 or non-finite,NQZ17-CME,11704176,2017-12-04 15:19:07.112000+00:00,6307.75,{'stop_loss_price': 6307.75}
INVALID_RISK_UNIT,risk_unit == 0 or non-finite,NQZ17-CME,11704177,2017-12-04 15:19:07.113000+00:00,6307.75,{'stop_loss_price': 6307.75}
INVALID_RISK_UNIT,risk_unit == 0 or non-finite,NQZ17-CME,11704178,2017-12-04 15:19:07.114000+00:00,6307.75,{'stop_loss_price': 6307.75}
INVALID_RISK_UNIT,risk_unit == 0 or non-finite,NQZ17-CME,11704179,2017-12-04 15:19:07.115000+00:00,6307.75,{'stop_loss_price': 6307.75}
INVALID_RISK_UNIT,risk_unit == 0 or non-finite,NQZ17-CME,11704180,2017-12-04 15:19:07.116000+00:00,6307.75,{'stop_loss_price': 6307.75}
INVALID_RISK_UNIT,risk_unit == 0 or non-finite,NQZ17-CME,11760530,2017-12-04 15:58:52.021000+00:00,6289.0,{'stop_loss_price': 6289.0}
INVALID_RISK_UNIT,risk_unit == 0 or non-finite,NQZ17-CME,11760531,2017-12-04 15:58:52.022000+00:00,6289.0,{'stop_loss_price': 6289.0}
INVALID_RISK_UNIT,risk_unit == 0 or non-finite,NQZ17-CME,11760532,2017-12-04 15:58:52.023000+00:00,6289.0,{'stop_loss_price': 6289.0}
INVALID_RISK_UNIT,risk_unit == 0 or non-finite,NQZ17-CME,11760533,2017-12-04 15:58:52.024000+00:00,6289.0,{'stop_loss_price': 6289.0}
INVALID_RISK_UNIT,risk_unit == 0 or non-finite,NQZ17-CME,11760534,2017-12-04 15:58:52.025000+00:00,6289.0,{'stop_loss_price': 6289.0}
INVALID_RISK_UNIT,risk_unit == 0 or non-finite,NQZ17-CME,11760535,2017-12-04 15:58:52.026000+00:00,6289.0,{'stop_loss_price': 6289.0}
INVALID_RISK_UNIT,risk_unit == 0 or non-finite,NQZ17-CME,11760536,2017-12-04 15:58:52.027000+00:00,6289.0,{'stop_loss_price': 6289.0}
INVALID_RISK_UNIT,risk_unit == 0 or non-finite,NQZ17-CME,11760537,2017-12-04 15:58:52.028000+00:00,6289.0,{'stop_loss_price': 6289.0}
INVALID_RISK_UNIT,risk_unit == 0 or non-finite,NQZ17-CME,11760538,2017-12-04 15:58:52.029000+00:00,6289.0,{'stop_loss_price': 6289.0}
INVALID_RISK_UNIT,risk_unit == 0 or non-finite,NQZ17-CME,11760539,2017-12-04 15:58:52.030000+00:00,6289.0,{'stop_loss_price': 6289.0}
INVALID_RISK_UNIT,risk_unit == 0 or non-finite,NQZ17-CME,11760540,2017-12-04 15:58:52.031000+00:00,6289.0,{'stop_loss_price': 6289.0}
INVALID_RISK_UNIT,risk_unit == 0 or non-finite,NQZ17-CME,11760543,2017-12-04 15:58:52.034000+00:00,6289.0,{'stop_loss_price': 6289.0}
INVALID_RISK_UNIT,risk_unit == 0 or non-finite,NQZ17-CME,11799266,2017-12-04 16:30:07.010000+00:00,6303.5,{'stop_loss_price': 6303.5}
INVALID_RISK_UNIT,risk_unit == 0 or non-finite,NQZ17-CME,11799267,2017-12-04 16:30:07.011000+00:00,6303.5,{'stop_loss_price': 6303.5}
INVALID_RISK_UNIT,risk_unit == 0 or non-finite,NQZ17-CME,11799268,2017-12-04 16:30:07.012000+00:00,6303.5,{'stop_loss_price': 6303.5}
INVALID_RISK_UNIT,risk_unit == 0 or non-finite,NQZ17-CME,11799269,2017-12-04 16:30:07.013000+00:00,6303.5,{'stop_loss_price': 6303.5}
INVALID_RISK_UNIT,risk_unit == 0 or non-finite,NQZ17-CME,11862995,2017-12-04 18:24:19.020000+00:00,6323.75,{'stop_loss_price': 6323.75}
INVALID_RISK_UNIT,risk_unit == 0 or non-finite,NQZ17-CME,11862996,2017-12-04 18:24:19.021000+00:00,6323.75,{'stop_loss_price': 6323.75}
INVALID_RISK_UNIT,risk_unit == 0 or non-finite,NQZ17-CME,11862997,2017-12-04 18:24:19.022000+00:00,6323.75,{'stop_loss_price': 6323.75}
INVALID_RISK_UNIT,risk_unit == 0 or non-finite,NQZ17-CME,11862998,2017-12-04 18:24:19.023000+00:00,6323.75,{'stop_loss_price': 6323.75}
INVALID_RISK_UNIT,risk_unit == 0 or non-finite,NQZ17-CME,11862999,2017-12-04 18:24:19.024000+00:00,6323.75,{'stop_loss_price': 6323.75}
INVALID_RISK_UNIT,risk_unit == 0 or non-finite,NQZ17-CME,11863000,2017-12-04 18:24:19.025000+00:00,6323.75,{'stop_loss_price': 6323.75}
INVALID_RISK_UNIT,risk_unit == 0 or non-finite,NQZ17-CME,11863001,2017-12-04 18:24:19.026000+00:00,6323.75,{'stop_loss_price': 6323.75}
INVALID_RISK_UNIT,risk_unit == 0 or non-finite,NQZ17-CME,11863002,2017-12-04 18:24:19.027000+00:00,6323.75,{'stop_loss_price': 6323.75}
INVALID_RISK_UNIT,risk_unit == 0 or non-finite,NQZ17-CME,11863003,2017-12-04 18:24:19.028000+00:00,6323.75,{'stop_loss_price': 6323.75}
INVALID_RISK_UNIT,risk_unit == 0 or non-finite,NQZ17-CME,11863004,2017-12-04 18:24:19.029000+00:00,6323.75,{'stop_loss_price': 6323.75}
INVALID_RISK_UNIT,risk_unit == 0 or non-finite,NQZ17-CME,11863005,2017-12-04 18:24:19.030000+00:00,6323.75,{'stop_loss_price': 6323.75}
INVALID_RISK_UNIT,risk_unit == 0 or non-finite,NQZ17-CME,11863006,2017-12-04 18:24:19.031000+00:00,6323.75,{'stop_loss_price': 6323.75}
INVALID_RISK_UNIT,risk_unit == 0 or non-finite,NQZ17-CME,11863007,2017-12-04 18:24:19.032000+00:00,6323.75,{'stop_loss_price': 6323.75}
INVALID_RISK_UNIT,risk_unit == 0 or non-finite,NQZ17-CME,11863008,2017-12-04 18:24:19.033000+00:00,6323.75,{'stop_loss_price': 6323.75}
INVALID_RISK_UNIT,risk_unit == 0 or non-finite,NQZ17-CME,11863009,2017-12-04 18:24:19.034000+00:00,6323.75,{'stop_loss_price': 6323.75}
INVALID_RISK_UNIT,risk_unit == 0 or non-finite,NQZ17-CME,11863010,2017-12-04 18:24:19.035000+00:00,6323.75,{'stop_loss_price': 6323.75}
INVALID_RISK_UNIT,risk_unit == 0 or non-finite,NQZ17-CME,11863011,2017-12-04 18:24:19.036000+00:00,6323.75,{'stop_loss_price': 6323.75}
INVALID_RISK_UNIT,risk_unit == 0 or non-finite,NQZ17-CME,11863012,2017-12-04 18:24:19.037000+00:00,6323.75,{'stop_loss_price': 6323.75}
INVALID_RISK_UNIT,risk_unit == 0 or non-finite,NQZ17-CME,11863013,2017-12-04 18:24:19.038000+00:00,6323.75,{'stop_loss_price': 6323.75}
INVALID_RISK_UNIT,risk_unit == 0 or non-finite,NQZ17-CME,11863014,2017-12-04 18:24:19.039000+00:00,6323.75,{'stop_loss_price': 6323.75}
INVALID_RISK_UNIT,risk_unit == 0 or non-finite,NQZ17-CME,11863015,2017-12-04 18:24:19.040000+00:00,6323.75,{'stop_loss_price': 6323.75}
INVALID_RISK_UNIT,risk_unit == 0 or non-finite,NQZ17-CME,11872201,2017-12-04 18:50:16.006000+00:00,6317.75,{'stop_loss_price': 6317.75}
INVALID_RISK_UNIT,risk_unit == 0 or non-finite,NQZ17-CME,11872202,2017-12-04 18:50:17+00:00,6317.75,{'stop_loss_price': 6317.75}
INVALID_RISK_UNIT,risk_unit == 0 or non-finite,NQZ17-CME,11872203,2017-12-04 18:50:17.001000+00:00,6317.75,{'stop_loss_price': 6317.75}
INVALID_RISK_UNIT,risk_unit == 0 or non-finite,NQZ17-CME,11872204,2017-12-04 18:50:17.002000+00:00,6317.75,{'stop_loss_price': 6317.75}
INVALID_RISK_UNIT,risk_unit == 0 or non-finite,NQZ17-CME,11872205,2017-12-04 18:50:17.003000+00:00,6317.75,{'stop_loss_price': 6317.75}
INVALID_RISK_UNIT,risk_unit == 0 or non-finite,NQZ17-CME,11872206,2017-12-04 18:50:17.004000+00:00,6317.75,{'stop_loss_price': 6317.75}
INVALID_RISK_UNIT,risk_unit == 0 or non-finite,NQZ17-CME,11898355,2017-12-04 19:37:47.010000+00:00,6296.5,{'stop_loss_price': 6296.5}
INVALID_RISK_UNIT,risk_unit == 0 or non-finite,NQZ17-CME,11907693,2017-12-04 19:51:17+00:00,6291.75,{'stop_loss_price': 6291.75}
INVALID_RISK_UNIT,risk_unit == 0 or non-finite,NQZ17-CME,11907694,2017-12-04 19:51:17.001000+00:00,6291.75,{'stop_loss_price': 6291.75}
INVALID_RISK_UNIT,risk_unit == 0 or non-finite,NQZ17-CME,11907695,2017-12-04 19:51:17.002000+00:00,6291.75,{'stop_loss_price': 6291.75}
INVALID_RISK_UNIT,risk_unit == 0 or non-finite,NQZ17-CME,11939819,2017-12-04 20:38:33.016000+00:00,6268.75,{'stop_loss_price': 6268.75}
INVALID_RISK_UNIT,risk_unit == 0 or non-finite,NQZ17-CME,11939820,2017-12-04 20:38:33.017000+00:00,6268.75,{'stop_loss_price': 6268.75}
INVALID_RISK_UNIT,risk_unit == 0 or non-finite,NQZ17-CME,11939821,2017-12-04 20:38:33.018000+00:00,6268.75,{'stop_loss_price': 6268.75}
INVALID_RISK_UNIT,risk_unit == 0 or non-finite,NQZ17-CME,11939822,2017-12-04 20:38:33.019000+00:00,6268.75,{'stop_loss_price': 6268.75}
INVALID_RISK_UNIT,risk_unit == 0 or non-finite,NQZ17-CME,11939823,2017-12-04 20:38:33.020000+00:00,6268.75,{'stop_loss_price': 6268.75}
INVALID_RISK_UNIT,risk_unit == 0 or non-finite,NQZ17-CME,11939824,2017-12-04 20:38:33.021000+00:00,6268.75,{'stop_loss_price': 6268.75}
INVALID_RISK_UNIT,risk_unit == 0 or non-finite,NQZ17-CME,11939825,2017-12-04 20:38:33.022000+00:00,6268.75,{'stop_loss_price': 6268.75}
INVALID_RISK_UNIT,risk_unit == 0 or non-finite,NQZ17-CME,11939923,2017-12-04 20:38:44.004000+00:00,6268.5,{'stop_loss_price': 6268.5}
INVALID_RISK_UNIT,risk_unit == 0 or non-finite,NQZ17-CME,11939924,2017-12-04 20:38:44.005000+00:00,6268.5,{'stop_loss_price': 6268.5}
INVALID_RISK_UNIT,risk_unit == 0 or non-finite,NQZ17-CME,11939925,2017-12-04 20:38:44.006000+00:00,6268.5,{'stop_loss_price': 6268.5}
INVALID_RISK_UNIT,risk_unit == 0 or non-finite,NQZ17-CME,11939926,2017-12-04 20:38:44.007000+00:00,6268.5,{'stop_loss_price': 6268.5}
INVALID_RISK_UNIT,risk_unit == 0 or non-finite,NQZ17-CME,11939927,2017-12-04 20:38:45+00:00,6268.5,{'stop_loss_price': 6268.5}
INVALID_RISK_UNIT,risk_unit == 0 or non-finite,NQZ17-CME,11939928,2017-12-04 20:38:45.001000+00:00,6268.5,{'stop_loss_price': 6268.5}
INVALID_RISK_UNIT,risk_unit == 0 or non-finite,NQZ17-CME,11969691,2017-12-04 23:06:10+00:00,6262.5,{'stop_loss_price': 6262.5}
INVALID_RISK_UNIT,risk_unit == 0 or non-finite,NQZ17-CME,11969692,2017-12-04 23:06:10.001000+00:00,6262.5,{'stop_loss_price': 6262.5}
INVALID_RISK_UNIT,risk_unit == 0 or non-finite,NQZ17-CME,11969693,2017-12-04 23:06:10.002000+00:00,6262.5,{'stop_loss_price': 6262.5}
INVALID_RISK_UNIT,risk_unit == 0 or non-finite,NQZ17-CME,11969694,2017-12-04 23:06:11+00:00,6262.5,{'stop_loss_price': 6262.5}
INVALID_RISK_UNIT,risk_unit == 0 or non-finite,NQZ17-CME,11969695,2017-12-04 23:06:19+00:00,6262.5,{'stop_loss_price': 6262.5}
INVALID_RISK_UNIT,risk_unit == 0 or non-finite,NQZ17-CME,12052473,2017-12-05 14:40:37.011000+00:00,6293.0,{'stop_loss_price': 6293.0}
INVALID_RISK_UNIT,risk_unit == 0 or non-finite,NQZ17-CME,12052474,2017-12-05 14:40:37.012000+00:00,6293.0,{'stop_loss_price': 6293.0}
INVALID_RISK_UNIT,risk_unit == 0 or non-finite,NQZ17-CME,12052475,2017-12-05 14:40:37.013000+00:00,6293.0,{'stop_loss_price': 6293.0}
INVALID_RISK_UNIT,risk_unit == 0 or non-finite,NQZ17-CME,12052476,2017-12-05 14:40:37.014000+00:00,6293.0,{'stop_loss_price': 6293.0}
INVALID_RISK_UNIT,risk_unit == 0 or non-finite,NQZ17-CME,12052477,2017-12-05 14:40:37.015000+00:00,6293.0,{'stop_loss_price': 6293.0}
INVALID_RISK_UNIT,risk_unit == 0 or non-finite,NQZ17-CME,12052478,2017-12-05 14:40:37.016000+00:00,6293.0,{'stop_loss_price': 6293.0}
INVALID_RISK_UNIT,risk_unit == 0 or non-finite,NQZ17-CME,12052479,2017-12-05 14:40:37.017000+00:00,6293.0,{'stop_loss_price': 6293.0}
INVALID_RISK_UNIT,risk_unit == 0 or non-finite,NQZ17-CME,12074066,2017-12-05 14:55:14.006000+00:00,6296.5,{'stop_loss_price': 6296.5}
INVALID_RISK_UNIT,risk_unit == 0 or non-finite,NQZ17-CME,12074067,2017-12-05 14:55:14.007000+00:00,6296.5,{'stop_loss_price': 6296.5}
INVALID_RISK_UNIT,risk_unit == 0 or non-finite,NQZ17-CME,12103934,2017-12-05 15:19:24.010000+00:00,6310.5,{'stop_loss_price': 6310.5}
INVALID_RISK_UNIT,risk_unit == 0 or non-finite,NQZ17-CME,12103935,2017-12-05 15:19:24.011000+00:00,6310.5,{'stop_loss_price': 6310.5}
INVALID_RISK_UNIT,risk_unit == 0 or non-finite,NQZ17-CME,12103936,2017-12-05 15:19:24.012000+00:00,6310.5,{'stop_loss_price': 6310.5}
INVALID_RISK_UNIT,risk_unit == 0 or non-finite,NQZ17-CME,12103937,2017-12-05 15:19:24.013000+00:00,6310.5,{'stop_loss_price': 6310.5}
INVALID_RISK_UNIT,risk_unit == 0 or non-finite,NQZ17-CME,12103938,2017-12-05 15:19:24.014000+00:00,6310.5,{'stop_loss_price': 6310.5}
INVALID_RISK_UNIT,risk_unit == 0 or non-finite,NQZ17-CME,12103939,2017-12-05 15:19:24.015000+00:00,6310.5,{'stop_loss_price': 6310.5}
INVALID_RISK_UNIT,risk_unit == 0 or non-finite,NQZ17-CME,12103945,2017-12-05 15:19:24.021000+00:00,6310.5,{'stop_loss_price': 6310.5}
INVALID_RISK_UNIT,risk_unit == 0 or non-finite,NQZ17-CME,12103946,2017-12-05 15:19:24.022000+00:00,6310.5,{'stop_loss_price': 6310.5}
INVALID_RISK_UNIT,risk_unit == 0 or non-finite,NQZ17-CME,12103947,2017-12-05 15:19:24.023000+00:00,6310.5,{'stop_loss_price': 6310.5}
INVALID_RISK_UNIT,risk_unit == 0 or non-finite,NQZ17-CME,12103948,2017-12-05 15:19:24.024000+00:00,6310.5,{'stop_loss_price': 6310.5}
INVALID_RISK_UNIT,risk_unit == 0 or non-finite,NQZ17-CME,12103949,2017-12-05 15:19:24.025000+00:00,6310.5,{'stop_loss_price': 6310.5}
INVALID_RISK_UNIT,risk_unit == 0 or non-finite,NQZ17-CME,12103950,2017-12-05 15:19:24.026000+00:00,6310.5,{'stop_loss_price': 6310.5}
INVALID_RISK_UNIT,risk_unit == 0 or non-finite,NQZ17-CME,12128179,2017-12-05 15:52:21.008000+00:00,6309.75,{'stop_loss_price': 6309.75}
INVALID_RISK_UNIT,risk_unit == 0 or non-finite,NQZ17-CME,12128180,2017-12-05 15:52:21.009000+00:00,6309.75,{'stop_loss_price': 6309.75}
INVALID_RISK_UNIT,risk_unit == 0 or non-finite,NQZ17-CME,12128181,2017-12-05 15:52:21.010000+00:00,6309.75,{'stop_loss_price': 6309.75}
INVALID_RISK_UNIT,risk_unit == 0 or non-finite,NQZ17-CME,12128182,2017-12-05 15:52:21.011000+00:00,6309.75,{'stop_loss_price': 6309.75}
INVALID_RISK_UNIT,risk_unit == 0 or non-finite,NQZ17-CME,12128183,2017-12-05 15:52:21.012000+00:00,6309.75,{'stop_loss_price': 6309.75}
INVALID_RISK_UNIT,risk_unit == 0 or non-finite,NQZ17-CME,12128202,2017-12-05 15:52:22.011000+00:00,6309.75,{'stop_loss_price': 6309.75}
INVALID_RISK_UNIT,risk_unit == 0 or non-finite,NQZ17-CME,12132785,2017-12-05 15:58:42.014000+00:00,6319.0,{'stop_loss_price': 6319.0}
INVALID_RISK_UNIT,risk_unit == 0 or non-finite,NQZ17-CME,12132786,2017-12-05 15:58:42.015000+00:00,6319.0,{'stop_loss_price': 6319.0}
INVALID_RISK_UNIT,risk_unit == 0 or non-finite,NQZ17-CME,12132787,2017-12-05 15:58:42.016000+00:00,6319.0,{'stop_loss_price': 6319.0}
INVALID_RISK_UNIT,risk_unit == 0 or non-finite,NQZ17-CME,12257339,2017-12-05 20:04:51.014000+00:00,6277.0,{'stop_loss_price': 6277.0}
INVALID_RISK_UNIT,risk_unit == 0 or non-finite,NQZ17-CME,12257340,2017-12-05 20:04:51.015000+00:00,6277.0,{'stop_loss_price': 6277.0}
INVALID_RISK_UNIT,risk_unit == 0 or non-finite,NQZ17-CME,12257341,2017-12-05 20:04:51.016000+00:00,6277.0,{'stop_loss_price': 6277.0}
INVALID_RISK_UNIT,risk_unit == 0 or non-finite,NQZ17-CME,12265098,2017-12-05 20:17:59.006000+00:00,6271.25,{'stop_loss_price': 6271.25}
INVALID_RISK_UNIT,risk_unit == 0 or non-finite,NQZ17-CME,12265099,2017-12-05 20:17:59.007000+00:00,6271.25,{'stop_loss_price': 6271.25}
INVALID_RISK_UNIT,risk_unit == 0 or non-finite,NQZ17-CME,12265100,2017-12-05 20:17:59.008000+00:00,6271.25,{'stop_loss_price': 6271.25}
INVALID_RISK_UNIT,risk_unit == 0 or non-finite,NQZ17-CME,12265101,2017-12-05 20:17:59.009000+00:00,6271.25,{'stop_loss_price': 6271.25}
INVALID_RISK_UNIT,risk_unit == 0 or non-finite,NQZ17-CME,12265102,2017-12-05 20:17:59.010000+00:00,6271.25,{'stop_loss_price': 6271.25}
INVALID_RISK_UNIT,risk_unit == 0 or non-finite,NQZ17-CME,12265103,2017-12-05 20:17:59.011000+00:00,6271.25,{'stop_loss_price': 6271.25}
INVALID_RISK_UNIT,risk_unit == 0 or non-finite,NQZ17-CME,12265104,2017-12-05 20:17:59.012000+00:00,6271.25,{'stop_loss_price': 6271.25}
INVALID_RISK_UNIT,risk_unit == 0 or non-finite,NQZ17-CME,12265105,2017-12-05 20:17:59.013000+00:00,6271.25,{'stop_loss_price': 6271.25}
INVALID_RISK_UNIT,risk_unit == 0 or non-finite,NQZ17-CME,12265106,2017-12-05 20:17:59.014000+00:00,6271.25,{'stop_loss_price': 6271.25}
INVALID_RISK_UNIT,risk_unit == 0 or non-finite,NQZ17-CME,12293013,2017-12-05 21:31:16.005000+00:00,6271.5,{'stop_loss_price': 6271.5}
INVALID_RISK_UNIT,risk_unit == 0 or non-finite,NQZ17-CME,12293014,2017-12-05 21:31:16.006000+00:00,6271.5,{'stop_loss_price': 6271.5}
INVALID_RISK_UNIT,risk_unit == 0 or non-finite,NQZ17-CME,12293015,2017-12-05 21:31:18+00:00,6271.5,{'stop_loss_price': 6271.5}
INVALID_RISK_UNIT,risk_unit == 0 or non-finite,NQZ17-CME,12312051,2017-12-06 07:02:41.005000+00:00,6246.25,{'stop_loss_price': 6246.25}
INVALID_RISK_UNIT,risk_unit == 0 or non-finite,NQZ17-CME,12312052,2017-12-06 07:02:41.006000+00:00,6246.25,{'stop_loss_price': 6246.25}
INVALID_RISK_UNIT,risk_unit == 0 or non-finite,NQZ17-CME,12312053,2017-12-06 07:02:41.007000+00:00,6246.25,{'stop_loss_price': 6246.25}
INVALID_RISK_UNIT,risk_unit == 0 or non-finite,NQZ17-CME,12312054,2017-12-06 07:02:41.008000+00:00,6246.25,{'stop_loss_price': 6246.25}
INVALID_RISK_UNIT,risk_unit == 0 or non-finite,NQZ17-CME,12312069,2017-12-06 07:03:02.009000+00:00,6246.25,{'stop_loss_price': 6246.25}
INVALID_RISK_UNIT,risk_unit == 0 or non-finite,NQZ17-CME,12312070,2017-12-06 07:03:02.010000+00:00,6246.25,{'stop_loss_price': 6246.25}
INVALID_RISK_UNIT,risk_unit == 0 or non-finite,NQZ17-CME,12312071,2017-12-06 07:03:02.011000+00:00,6246.25,{'stop_loss_price': 6246.25}
INVALID_RISK_UNIT,risk_unit == 0 or non-finite,NQZ17-CME,12323930,2017-12-06 09:31:46+00:00,6250.0,{'stop_loss_price': 6250.0}
INVALID_RISK_UNIT,risk_unit == 0 or non-finite,NQZ17-CME,12323931,2017-12-06 09:31:46.001000+00:00,6250.0,{'stop_loss_price': 6250.0}
INVALID_RISK_UNIT,risk_unit == 0 or non-finite,NQZ17-CME,12323932,2017-12-06 09:31:46.002000+00:00,6250.0,{'stop_loss_price': 6250.0}
INVALID_RISK_UNIT,risk_unit == 0 or non-finite,NQZ17-CME,12323933,2017-12-06 09:31:46.003000+00:00,6250.0,{'stop_loss_price': 6250.0}
INVALID_RISK_UNIT,risk_unit == 0 or non-finite,NQZ17-CME,12405746,2017-12-06 15:06:11.009000+00:00,6283.25,{'stop_loss_price': 6283.25}
INVALID_RISK_UNIT,risk_unit == 0 or non-finite,NQZ17-CME,12405747,2017-12-06 15:06:11.010000+00:00,6283.25,{'stop_loss_price': 6283.25}
INVALID_RISK_UNIT,risk_unit == 0 or non-finite,NQZ17-CME,12405748,2017-12-06 15:06:11.011000+00:00,6283.25,{'stop_loss_price': 6283.25}
INVALID_RISK_UNIT,risk_unit == 0 or non-finite,NQZ17-CME,12405749,2017-12-06 15:06:11.012000+00:00,6283.25,{'stop_loss_price': 6283.25}
INVALID_RISK_UNIT,risk_unit == 0 or non-finite,NQZ17-CME,12405750,2017-12-06 15:06:11.013000+00:00,6283.25,{'stop_loss_price': 6283.25}
INVALID_RISK_UNIT,risk_unit == 0 or non-finite,NQZ17-CME,12405751,2017-12-06 15:06:11.014000+00:00,6283.25,{'stop_loss_price': 6283.25}
INVALID_RISK_UNIT,risk_unit == 0 or non-finite,NQZ17-CME,12405752,2017-12-06 15:06:11.015000+00:00,6283.25,{'stop_loss_price': 6283.25}
INVALID_RISK_UNIT,risk_unit == 0 or non-finite,NQZ17-CME,12405753,2017-12-06 15:06:11.016000+00:00,6283.25,{'stop_loss_price': 6283.25}
INVALID_RISK_UNIT,risk_unit == 0 or non-finite,NQZ17-CME,12405754,2017-12-06 15:06:11.017000+00:00,6283.25,{'stop_loss_price': 6283.25}
INVALID_RISK_UNIT,risk_unit == 0 or non-finite,NQZ17-CME,12405755,2017-12-06 15:06:12+00:00,6283.25,{'stop_loss_price': 6283.25}
INVALID_RISK_UNIT,risk_unit == 0 or non-finite,NQZ17-CME,12405756,2017-12-06 15:06:12.001000+00:00,6283.25,{'stop_loss_price': 6283.25}
INVALID_RISK_UNIT,risk_unit == 0 or non-finite,NQZ17-CME,12405758,2017-12-06 15:06:12.003000+00:00,6283.25,{'stop_loss_price': 6283.25}
INVALID_RISK_UNIT,risk_unit == 0 or non-finite,NQZ17-CME,12407552,2017-12-06 15:07:24+00:00,6286.5,{'stop_loss_price': 6286.5}
INVALID_RISK_UNIT,risk_unit == 0 or non-finite,NQZ17-CME,12407553,2017-12-06 15:07:24.001000+00:00,6286.5,{'stop_loss_price': 6286.5}
INVALID_RISK_UNIT,risk_unit == 0 or non-finite,NQZ17-CME,12573395,2017-12-07 02:25:00.001000+00:00,6318.0,{'stop_loss_price': 6318.0}
INVALID_RISK_UNIT,risk_unit == 0 or non-finite,NQZ17-CME,12613436,2017-12-07 14:32:27.003000+00:00,6295.5,{'stop_loss_price': 6295.5}
INVALID_RISK_UNIT,risk_unit == 0 or non-finite,NQZ17-CME,12613437,2017-12-07 14:32:27.004000+00:00,6295.5,{'stop_loss_price': 6295.5}
INVALID_RISK_UNIT,risk_unit == 0 or non-finite,NQZ17-CME,12613438,2017-12-07 14:32:27.005000+00:00,6295.5,{'stop_loss_price': 6295.5}
INVALID_RISK_UNIT,risk_unit == 0 or non-finite,NQZ17-CME,12613439,2017-12-07 14:32:27.006000+00:00,6295.5,{'stop_loss_price': 6295.5}
INVALID_RISK_UNIT,risk_unit == 0 or non-finite,NQZ17-CME,12613440,2017-12-07 14:32:27.007000+00:00,6295.5,{'stop_loss_price': 6295.5}
INVALID_RISK_UNIT,risk_unit == 0 or non-finite,NQZ17-CME,12613441,2017-12-07 14:32:27.008000+00:00,6295.5,{'stop_loss_price': 6295.5}
INVALID_RISK_UNIT,risk_unit == 0 or non-finite,NQZ17-CME,12613442,2017-12-07 14:32:27.009000+00:00,6295.5,{'stop_loss_price': 6295.5}
INVALID_RISK_UNIT,risk_unit == 0 or non-finite,NQZ17-CME,12780439,2017-12-07 20:59:47.036000+00:00,6315.75,{'stop_loss_price': 6315.75}
INVALID_RISK_UNIT,risk_unit == 0 or non-finite,NQZ17-CME,12780440,2017-12-07 20:59:47.037000+00:00,6315.75,{'stop_loss_price': 6315.75}
INVALID_RISK_UNIT,risk_unit == 0 or non-finite,NQZ17-CME,12780441,2017-12-07 20:59:47.038000+00:00,6315.75,{'stop_loss_price': 6315.75}
INVALID_RISK_UNIT,risk_unit == 0 or non-finite,NQZ17-CME,12780442,2017-12-07 20:59:47.039000+00:00,6315.75,{'stop_loss_price': 6315.75}
INVALID_RISK_UNIT,risk_unit == 0 or non-finite,NQZ17-CME,12780443,2017-12-07 20:59:47.040000+00:00,6315.75,{'stop_loss_price': 6315.75}
INVALID_RISK_UNIT,risk_unit == 0 or non-finite,NQZ17-CME,12780444,2017-12-07 20:59:47.041000+00:00,6315.75,{'stop_loss_price': 6315.75}
INVALID_RISK_UNIT,risk_unit == 0 or non-finite,NQZ17-CME,12780445,2017-12-07 20:59:47.042000+00:00,6315.75,{'stop_loss_price': 6315.75}
INVALID_RISK_UNIT,risk_unit == 0 or non-finite,NQZ17-CME,12780446,2017-12-07 20:59:47.043000+00:00,6315.75,{'stop_loss_price': 6315.75}
INVALID_RISK_UNIT,risk_unit == 0 or non-finite,NQZ17-CME,12780447,2017-12-07 20:59:48+00:00,6315.75,{'stop_loss_price': 6315.75}
INVALID_RISK_UNIT,risk_unit == 0 or non-finite,NQZ17-CME,12780448,2017-12-07 20:59:48.001000+00:00,6315.75,{'stop_loss_price': 6315.75}
INVALID_RISK_UNIT,risk_unit == 0 or non-finite,NQZ17-CME,12780449,2017-12-07 20:59:48.002000+00:00,6315.75,{'stop_loss_price': 6315.75}
INVALID_RISK_UNIT,risk_unit == 0 or non-finite,NQZ17-CME,12780450,2017-12-07 20:59:48.003000+00:00,6315.75,{'stop_loss_price': 6315.75}
INVALID_RISK_UNIT,risk_unit == 0 or non-finite,NQZ17-CME,12780451,2017-12-07 20:59:48.004000+00:00,6315.75,{'stop_loss_price': 6315.75}
INVALID_RISK_UNIT,risk_unit == 0 or non-finite,NQZ17-CME,12780452,2017-12-07 20:59:48.005000+00:00,6315.75,{'stop_loss_price': 6315.75}
INVALID_RISK_UNIT,risk_unit == 0 or non-finite,NQZ17-CME,12823698,2017-12-08 15:41:00+00:00,6366.0,{'stop_loss_price': 6366.0}
INVALID_RISK_UNIT,risk_unit == 0 or non-finite,NQZ17-CME,12848749,2017-12-08 19:41:27.001000+00:00,6345.0,{'stop_loss_price': 6345.0}
