code,message,contract,row_index,timestamp_utc,price,context
INVALID_RISK_UNIT,risk_unit == 0 or non-finite,NQZ20-CME,20625,2020-09-15 06:06:55.157000+00:00,11325.75,{'stop_loss_price': 11325.75}
INVALID_RISK_UNIT,risk_unit == 0 or non-finite,NQZ20-CME,94188,2020-09-15 13:45:04.776000+00:00,11433.25,{'stop_loss_price': 11433.25}
INVALID_RISK_UNIT,risk_unit == 0 or non-finite,NQZ20-CME,124787,2020-09-15 14:11:23.146000+00:00,11457.25,{'stop_loss_price': 11457.25}
INVALID_RISK_UNIT,risk_unit == 0 or non-finite,NQZ20-CME,124788,2020-09-15 14:11:23.147000+00:00,11457.25,{'stop_loss_price': 11457.25}
INVALID_RISK_UNIT,risk_unit == 0 or non-finite,NQZ20-CME,124794,2020-09-15 14:11:23.188000+00:00,11457.25,{'stop_loss_price': 11457.25}
INVALID_RISK_UNIT,risk_unit == 0 or non-finite,NQZ20-CME,128348,2020-09-15 14:14:43+00:00,11429.5,{'stop_loss_price': 11429.5}
INVALID_RISK_UNIT,risk_unit == 0 or non-finite,NQZ20-CME,167912,2020-09-15 14:46:21.475000+00:00,11377.25,{'stop_loss_price': 11377.25}
INVALID_RISK_UNIT,risk_unit == 0 or non-finite,NQZ20-CME,232921,2020-09-15 16:23:06.075000+00:00,11453.75,{'stop_loss_price': 11453.75}
INVALID_RISK_UNIT,risk_unit == 0 or non-finite,NQZ20-CME,232922,2020-09-15 16:23:06.075001+00:00,11453.75,{'stop_loss_price': 11453.75}
INVALID_RISK_UNIT,risk_unit == 0 or non-finite,NQZ20-CME,232923,2020-09-15 16:23:06.075002+00:00,11453.75,{'stop_loss_price': 11453.75}
INVALID_RISK_UNIT,risk_unit == 0 or non-finite,NQZ20-CME,236226,2020-09-15 16:29:04.895000+00:00,11457.75,{'stop_loss_price': 11457.75}
INVALID_RISK_UNIT,risk_unit == 0 or non-finite,NQZ20-CME,236227,2020-09-15 16:29:04.895001+00:00,11457.75,{'stop_loss_price': 11457.75}
INVALID_RISK_UNIT,risk_unit == 0 or non-finite,NQZ20-CME,249459,2020-09-15 16:59:29.494000+00:00,11471.0,{'stop_loss_price': 11471.0}
INVALID_RISK_UNIT,risk_unit == 0 or non-finite,NQZ20-CME,299011,2020-09-15 18:26:30.207000+00:00,11414.0,{'stop_loss_price': 11414.0}
INVALID_RISK_UNIT,risk_unit == 0 or non-finite,NQZ20-CME,314472,2020-09-15 18:50:07.808000+00:00,11443.0,{'stop_loss_price': 11443.0}
INVALID_RISK_UNIT,risk_unit == 0 or non-finite,NQZ20-CME,314473,2020-09-15 18:50:07.808001+00:00,11443.0,{'stop_loss_price': 11443.0}
INVALID_RISK_UNIT,risk_unit == 0 or non-finite,NQZ20-CME,314474,2020-09-15 18:50:07.808002+00:00,11443.0,{'stop_loss_price': 11443.0}
INVALID_RISK_UNIT,risk_unit == 0 or non-finite,NQZ20-CME,314475,2020-09-15 18:50:07.808003+00:00,11443.0,{'stop_loss_price': 11443.0}
INVALID_RISK_UNIT,risk_unit == 0 or non-finite,NQZ20-CME,366228,2020-09-15 19:43:08.378000+00:00,11372.75,{'stop_loss_price': 11372.75}
INVALID_RISK_UNIT,risk_unit == 0 or non-finite,NQZ20-CME,366229,2020-09-15 19:43:08.444000+00:00,11372.75,{'stop_loss_price': 11372.75}
INVALID_RISK_UNIT,risk_unit == 0 or non-finite,NQZ20-CME,366230,2020-09-15 19:43:08.444001+00:00,11372.75,{'stop_loss_price': 11372.75}
INVALID_RISK_UNIT,risk_unit == 0 or non-finite,NQZ20-CME,366231,2020-09-15 19:43:08.444002+00:00,11372.75,{'stop_loss_price': 11372.75}
INVALID_RISK_UNIT,risk_unit == 0 or non-finite,NQZ20-CME,385379,2020-09-15 19:59:59.538002+00:00,11423.75,{'stop_loss_price': 11423.75}
INVALID_RISK_UNIT,risk_unit == 0 or non-finite,NQZ20-CME,466974,2020-09-16 12:42:40.665000+00:00,11469.0,{'stop_loss_price': 11469.0}
INVALID_RISK_UNIT,risk_unit == 0 or non-finite,NQZ20-CME,466975,2020-09-16 12:42:40.665001+00:00,11469.0,{'stop_loss_price': 11469.0}
INVALID_RISK_UNIT,risk_unit == 0 or non-finite,NQZ20-CME,466976,2020-09-16 12:42:40.665002+00:00,11469.0,{'stop_loss_price': 11469.0}
INVALID_RISK_UNIT,risk_unit == 0 or non-finite,NQZ20-CME,479777,2020-09-16 13:21:48.949000+00:00,11457.25,{'stop_loss_price': 11457.25}
INVALID_RISK_UNIT,risk_unit == 0 or non-finite,NQZ20-CME,479778,2020-09-16 13:21:48.949001+00:00,11457.25,{'stop_loss_price': 11457.25}
INVALID_RISK_UNIT,risk_unit == 0 or non-finite,NQZ20-CME,479781,2020-09-16 13:21:48.958000+00:00,11457.25,{'stop_loss_price': 11457.25}
INVALID_RISK_UNIT,risk_unit == 0 or non-finite,NQZ20-CME,479782,2020-09-16 13:21:49.405000+00:00,11457.25,{'stop_loss_price': 11457.25}
INVALID_RISK_UNIT,risk_unit == 0 or non-finite,NQZ20-CME,479783,2020-09-16 13:21:49.405001+00:00,11457.25,{'stop_loss_price': 11457.25}
INVALID_RISK_UNIT,risk_unit == 0 or non-finite,NQZ20-CME,485827,2020-09-16 13:30:49.567000+00:00,11450.25,{'stop_loss_price': 11450.25}
INVALID_RISK_UNIT,risk_unit == 0 or non-finite,NQZ20-CME,527788,2020-09-16 13:53:20.515000+00:00,11433.5,{'stop_loss_price': 11433.5}
INVALID_RISK_UNIT,risk_unit == 0 or non-finite,NQZ20-CME,574263,2020-09-16 14:33:24.789000+00:00,11391.75,{'stop_loss_price': 11391.75}
INVALID_RISK_UNIT,risk_unit == 0 or non-finite,NQZ20-CME,574264,2020-09-16 14:33:24.789001+00:00,11391.75,{'stop_loss_price': 11391.75}
INVALID_RISK_UNIT,risk_unit == 0 or non-finite,NQZ20-CME,574265,2020-09-16 14:33:24.789002+00:00,11391.75,{'stop_loss_price': 11391.75}
INVALID_RISK_UNIT,risk_unit == 0 or non-finite,NQZ20-CME,584175,2020-09-16 14:40:18.604000+00:00,11385.25,{'stop_loss_price': 11385.25}
INVALID_RISK_UNIT,risk_unit == 0 or non-finite,NQZ20-CME,584176,2020-09-16 14:40:18.604001+00:00,11385.25,{'stop_loss_price': 11385.25}
INVALID_RISK_UNIT,risk_unit == 0 or non-finite,NQZ20-CME,584694,2020-09-16 14:40:52.615000+00:00,11380.75,{'stop_loss_price': 11380.75}
INVALID_RISK_UNIT,risk_unit == 0 or non-finite,NQZ20-CME,586237,2020-09-16 14:42:42.480000+00:00,11374.25,{'stop_loss_price': 11374.25}
INVALID_RISK_UNIT,risk_unit == 0 or non-finite,NQZ20-CME,601700,2020-09-16 14:54:02.491001+00:00,11374.0,{'stop_loss_price': 11374.0}
INVALID_RISK_UNIT,risk_unit == 0 or non-finite,NQZ20-CME,601701,2020-09-16 14:54:02.516000+00:00,11374.0,{'stop_loss_price': 11374.0}
INVALID_RISK_UNIT,risk_unit == 0 or non-finite,NQZ20-CME,610538,2020-09-16 15:03:33.364000+00:00,11389.25,{'stop_loss_price': 11389.25}
INVALID_RISK_UNIT,risk_unit == 0 or non-finite,NQZ20-CME,634096,2020-09-16 15:30:13.968000+00:00,11415.5,{'stop_loss_price': 11415.5}
INVALID_RISK_UNIT,risk_unit == 0 or non-finite,NQZ20-CME,634097,2020-09-16 15:30:14.257000+00:00,11415.5,{'stop_loss_price': 11415.5}
INVALID_RISK_UNIT,risk_unit == 0 or non-finite,NQZ20-CME,634098,2020-09-16 15:30:14.257001+00:00,11415.5,{'stop_loss_price': 11415.5}
INVALID_RISK_UNIT,risk_unit == 0 or non-finite,NQZ20-CME,647519,2020-09-16 15:51:05.128000+00:00,11401.75,{'stop_loss_price': 11401.75}
INVALID_RISK_UNIT,risk_unit == 0 or non-finite,NQZ20-CME,651378,2020-09-16 15:57:48.003000+00:00,11387.25,{'stop_loss_price': 11387.25}
INVALID_RISK_UNIT,risk_unit == 0 or non-finite,NQZ20-CME,651379,2020-09-16 15:57:48.003001+00:00,11387.25,{'stop_loss_price': 11387.25}
INVALID_RISK_UNIT,risk_unit == 0 or non-finite,NQZ20-CME,651380,2020-09-16 15:57:48.003002+00:00,11387.25,{'stop_loss_price': 11387.25}
INVALID_RISK_UNIT,risk_unit == 0 or non-finite,NQZ20-CME,681328,2020-09-16 16:47:39.556000+00:00,11355.5,{'stop_loss_price': 11355.5}
INVALID_RISK_UNIT,risk_unit == 0 or non-finite,NQZ20-CME,698700,2020-09-16 17:18:39.696000+00:00,11349.75,{'stop_loss_price': 11349.75}
INVALID_RISK_UNIT,risk_unit == 0 or non-finite,NQZ20-CME,718994,2020-09-16 17:46:00.988000+00:00,11333.0,{'stop_loss_price': 11333.0}
INVALID_RISK_UNIT,risk_unit == 0 or non-finite,NQZ20-CME,742861,2020-09-16 18:12:12.030000+00:00,11368.75,{'stop_loss_price': 11368.75}
INVALID_RISK_UNIT,risk_unit == 0 or non-finite,NQZ20-CME,742862,2020-09-16 18:12:12.030001+00:00,11368.75,{'stop_loss_price': 11368.75}
INVALID_RISK_UNIT,risk_unit == 0 or non-finite,NQZ20-CME,764463,2020-09-16 18:31:40.265000+00:00,11393.5,{'stop_loss_price': 11393.5}
INVALID_RISK_UNIT,risk_unit == 0 or non-finite,NQZ20-CME,764464,2020-09-16 18:31:40.265001+00:00,11393.5,{'stop_loss_price': 11393.5}
INVALID_RISK_UNIT,risk_unit == 0 or non-finite,NQZ20-CME,790224,2020-09-16 18:53:41.249000+00:00,11344.75,{'stop_loss_price': 11344.75}
INVALID_RISK_UNIT,risk_unit == 0 or non-finite,NQZ20-CME,790225,2020-09-16 18:53:41.250000+00:00,11344.75,{'stop_loss_price': 11344.75}
INVALID_RISK_UNIT,risk_unit == 0 or non-finite,NQZ20-CME,790226,2020-09-16 18:53:41.253000+00:00,11344.75,{'stop_loss_price': 11344.75}
INVALID_RISK_UNIT,risk_unit == 0 or non-finite,NQZ20-CME,790228,2020-09-16 18:53:41.258000+00:00,11344.75,{'stop_loss_price': 11344.75}
INVALID_RISK_UNIT,risk_unit == 0 or non-finite,NQZ20-CME,796402,2020-09-16 18:58:26.324000+00:00,11341.0,{'stop_loss_price': 11341.0}
INVALID_RISK_UNIT,risk_unit == 0 or non-finite,NQZ20-CME,809735,2020-09-16 19:09:51.920000+00:00,11321.0,{'stop_loss_price': 11321.0}
INVALID_RISK_UNIT,risk_unit == 0 or non-finite,NQZ20-CME,836163,2020-09-16 19:27:24.695000+00:00,11280.75,{'stop_loss_price': 11280.75}
INVALID_RISK_UNIT,risk_unit == 0 or non-finite,NQZ20-CME,863385,2020-09-16 19:45:02.431000+00:00,11268.25,{'stop_loss_price': 11268.25}
INVALID_RISK_UNIT,risk_unit == 0 or non-finite,NQZ20-CME,867443,2020-09-16 19:47:31.627000+00:00,11293.25,{'stop_loss_price': 11293.25}
INVALID_RISK_UNIT,risk_unit == 0 or non-finite,NQZ20-CME,916446,2020-09-17 01:04:09.015000+00:00,11200.0,{'stop_loss_price': 11200.0}
INVALID_RISK_UNIT,risk_unit == 0 or non-finite,NQZ20-CME,916447,2020-09-17 01:04:09.015001+00:00,11200.0,{'stop_loss_price': 11200.0}
INVALID_RISK_UNIT,risk_unit == 0 or non-finite,NQZ20-CME,922375,2020-09-17 01:52:31.942000+00:00,11175.75,{'stop_loss_price': 11175.75}
INVALID_RISK_UNIT,risk_unit == 0 or non-finite,NQZ20-CME,933807,2020-09-17 03:01:49.365000+00:00,11118.0,{'stop_loss_price': 11118.0}
INVALID_RISK_UNIT,risk_unit == 0 or non-finite,NQZ20-CME,992191,2020-09-17 08:53:06.819000+00:00,11109.0,{'stop_loss_price': 11109.0}
INVALID_RISK_UNIT,risk_unit == 0 or non-finite,NQZ20-CME,1016476,2020-09-17 10:58:00.520000+00:00,11073.75,{'stop_loss_price': 11073.75}
INVALID_RISK_UNIT,risk_unit == 0 or non-finite,NQZ20-CME,1049912,2020-09-17 12:31:22.410001+00:00,10990.5,{'stop_loss_price': 10990.5}
INVALID_RISK_UNIT,risk_unit == 0 or non-finite,NQZ20-CME,1070491,2020-09-17 13:05:30.033000+00:00,10950.75,{'stop_loss_price': 10950.75}
INVALID_RISK_UNIT,risk_unit == 0 or non-finite,NQZ20-CME,1084418,2020-09-17 13:18:34.326000+00:00,10938.5,{'stop_loss_price': 10938.5}
INVALID_RISK_UNIT,risk_unit == 0 or non-finite,NQZ20-CME,1087723,2020-09-17 13:23:43.221000+00:00,10940.75,{'stop_loss_price': 10940.75}
INVALID_RISK_UNIT,risk_unit == 0 or non-finite,NQZ20-CME,1087724,2020-09-17 13:23:43.221001+00:00,10940.75,{'stop_loss_price': 10940.75}
INVALID_RISK_UNIT,risk_unit == 0 or non-finite,NQZ20-CME,1087725,2020-09-17 13:23:43.221002+00:00,10940.75,{'stop_loss_price': 10940.75}
INVALID_RISK_UNIT,risk_unit == 0 or non-finite,NQZ20-CME,1104092,2020-09-17 13:32:03.415002+00:00,10988.25,{'stop_loss_price': 10988.25}
INVALID_RISK_UNIT,risk_unit == 0 or non-finite,NQZ20-CME,1104093,2020-09-17 13:32:03.415003+00:00,10988.25,{'stop_loss_price': 10988.25}
INVALID_RISK_UNIT,risk_unit == 0 or non-finite,NQZ20-CME,1135705,2020-09-17 13:44:02.135002+00:00,11002.5,{'stop_loss_price': 11002.5}
INVALID_RISK_UNIT,risk_unit == 0 or non-finite,NQZ20-CME,1135706,2020-09-17 13:44:02.135003+00:00,11002.5,{'stop_loss_price': 11002.5}
INVALID_RISK_UNIT,risk_unit == 0 or non-finite,NQZ20-CME,1135707,2020-09-17 13:44:02.135004+00:00,11002.5,{'stop_loss_price': 11002.5}
INVALID_RISK_UNIT,risk_unit == 0 or non-finite,NQZ20-CME,1135708,2020-09-17 13:44:02.135005+00:00,11002.5,{'stop_loss_price': 11002.5}
INVALID_RISK_UNIT,risk_unit == 0 or non-finite,NQZ20-CME,1150535,2020-09-17 13:51:02.189000+00:00,11042.5,{'stop_loss_price': 11042.5}
INVALID_RISK_UNIT,risk_unit == 0 or non-finite,NQZ20-CME,1254710,2020-09-17 14:45:44.128000+00:00,11123.0,{'stop_loss_price': 11123.0}
INVALID_RISK_UNIT,risk_unit == 0 or non-finite,NQZ20-CME,1263788,2020-09-17 14:53:06.679000+00:00,11119.0,{'stop_loss_price': 11119.0}
INVALID_RISK_UNIT,risk_unit == 0 or non-finite,NQZ20-CME,1263789,2020-09-17 14:53:06.680000+00:00,11119.0,{'stop_loss_price': 11119.0}
INVALID_RISK_UNIT,risk_unit == 0 or non-finite,NQZ20-CME,1272044,2020-09-17 14:59:29.064000+00:00,11083.5,{'stop_loss_price': 11083.5}
INVALID_RISK_UNIT,risk_unit == 0 or non-finite,NQZ20-CME,1272045,2020-09-17 14:59:29.064001+00:00,11083.5,{'stop_loss_price': 11083.5}
INVALID_RISK_UNIT,risk_unit == 0 or non-finite,NQZ20-CME,1272046,2020-09-17 14:59:29.068000+00:00,11083.5,{'stop_loss_price': 11083.5}
INVALID_RISK_UNIT,risk_unit == 0 or non-finite,NQZ20-CME,1272047,2020-09-17 14:59:29.117000+00:00,11083.5,{'stop_loss_price': 11083.5}
INVALID_RISK_UNIT,risk_unit == 0 or non-finite,NQZ20-CME,1278622,2020-09-17 15:03:56.520000+00:00,11118.0,{'stop_loss_price': 11118.0}
INVALID_RISK_UNIT,risk_unit == 0 or non-finite,NQZ20-CME,1279804,2020-09-17 15:05:17.203000+00:00,11119.75,{'stop_loss_price': 11119.75}
INVALID_RISK_UNIT,risk_unit == 0 or non-finite,NQZ20-CME,1279805,2020-09-17 15:05:17.203001+00:00,11119.75,{'stop_loss_price': 11119.75}
INVALID_RISK_UNIT,risk_unit == 0 or non-finite,NQZ20-CME,1323010,2020-09-17 15:34:01.553000+00:00,11087.75,{'stop_loss_price': 11087.75}
INVALID_RISK_UNIT,risk_unit == 0 or non-finite,NQZ20-CME,1343360,2020-09-17 15:49:47.061000+00:00,11035.0,{'stop_loss_price': 11035.0}
INVALID_RISK_UNIT,risk_unit == 0 or non-finite,NQZ20-CME,1355035,2020-09-17 15:57:37.751000+00:00,11003.25,{'stop_loss_price': 11003.25}
INVALID_RISK_UNIT,risk_unit == 0 or non-finite,NQZ20-CME,1447822,2020-09-17 17:15:55.391000+00:00,10968.0,{'stop_loss_price': 10968.0}
INVALID_RISK_UNIT,risk_unit == 0 or non-finite,NQZ20-CME,1476638,2020-09-17 17:57:56.242000+00:00,11001.0,{'stop_loss_price': 11001.0}
INVALID_RISK_UNIT,risk_unit == 0 or non-finite,NQZ20-CME,1476639,2020-09-17 17:57:56.242001+00:00,11001.0,{'stop_loss_price': 11001.0}
INVALID_RISK_UNIT,risk_unit == 0 or non-finite,NQZ20-CME,1500040,2020-09-17 18:37:14.677000+00:00,10971.75,{'stop_loss_price': 10971.75}
INVALID_RISK_UNIT,risk_unit == 0 or non-finite,NQZ20-CME,1521397,2020-09-17 19:09:39.087000+00:00,10971.5,{'stop_loss_price': 10971.5}
INVALID_RISK_UNIT,risk_unit == 0 or non-finite,NQZ20-CME,1525383,2020-09-17 19:13:34.238000+00:00,11013.0,{'stop_loss_price': 11013.0}
INVALID_RISK_UNIT,risk_unit == 0 or non-finite,NQZ20-CME,1536846,2020-09-17 19:27:32.196000+00:00,10968.25,{'stop_loss_price': 10968.25}
INVALID_RISK_UNIT,risk_unit == 0 or non-finite,NQZ20-CME,1590517,2020-09-18 00:12:19.259000+00:00,11094.25,{'stop_loss_price': 11094.25}
INVALID_RISK_UNIT,risk_unit == 0 or non-finite,NQZ20-CME,1592340,2020-09-18 00:24:12.983000+00:00,11083.25,{'stop_loss_price': 11083.25}
INVALID_RISK_UNIT,risk_unit == 0 or non-finite,NQZ20-CME,1592341,2020-09-18 00:24:14.071000+00:00,11083.25,{'stop_loss_price': 11083.25}
INVALID_RISK_UNIT,risk_unit == 0 or non-finite,NQZ20-CME,1608783,2020-09-18 02:15:18.750000+00:00,11071.5,{'stop_loss_price': 11071.5}
INVALID_RISK_UNIT,risk_unit == 0 or non-finite,NQZ20-CME,1655644,2020-09-18 08:17:39.633000+00:00,11111.0,{'stop_loss_price': 11111.0}
INVALID_RISK_UNIT,risk_unit == 0 or non-finite,NQZ20-CME,1680659,2020-09-18 11:49:49.650000+00:00,11141.25,{'stop_loss_price': 11141.25}
INVALID_RISK_UNIT,risk_unit == 0 or non-finite,NQZ20-CME,1711473,2020-09-18 13:26:16.448000+00:00,11130.75,{'stop_loss_price': 11130.75}
INVALID_RISK_UNIT,risk_unit == 0 or non-finite,NQZ20-CME,1729328,2020-09-18 13:32:29.340001+00:00,11101.75,{'stop_loss_price': 11101.75}
INVALID_RISK_UNIT,risk_unit == 0 or non-finite,NQZ20-CME,1729329,2020-09-18 13:32:29.340002+00:00,11101.75,{'stop_loss_price': 11101.75}
INVALID_RISK_UNIT,risk_unit == 0 or non-finite,NQZ20-CME,1748055,2020-09-18 13:41:50.797000+00:00,11083.5,{'stop_loss_price': 11083.5}
INVALID_RISK_UNIT,risk_unit == 0 or non-finite,NQZ20-CME,1756385,2020-09-18 13:47:17.166000+00:00,11053.5,{'stop_loss_price': 11053.5}
INVALID_RISK_UNIT,risk_unit == 0 or non-finite,NQZ20-CME,1820908,2020-09-18 14:27:16.238000+00:00,11052.25,{'stop_loss_price': 11052.25}
INVALID_RISK_UNIT,risk_unit == 0 or non-finite,NQZ20-CME,1820909,2020-09-18 14:27:16.238001+00:00,11052.25,{'stop_loss_price': 11052.25}
INVALID_RISK_UNIT,risk_unit == 0 or non-finite,NQZ20-CME,1820910,2020-09-18 14:27:16.238002+00:00,11052.25,{'stop_loss_price': 11052.25}
INVALID_RISK_UNIT,risk_unit == 0 or non-finite,NQZ20-CME,1834740,2020-09-18 14:33:22.519000+00:00,11022.25,{'stop_loss_price': 11022.25}
INVALID_RISK_UNIT,risk_unit == 0 or non-finite,NQZ20-CME,1851722,2020-09-18 14:40:48.241000+00:00,11010.0,{'stop_loss_price': 11010.0}
INVALID_RISK_UNIT,risk_unit == 0 or non-finite,NQZ20-CME,1851723,2020-09-18 14:40:48.241001+00:00,11010.0,{'stop_loss_price': 11010.0}
INVALID_RISK_UNIT,risk_unit == 0 or non-finite,NQZ20-CME,1851724,2020-09-18 14:40:48.242000+00:00,11010.0,{'stop_loss_price': 11010.0}
INVALID_RISK_UNIT,risk_unit == 0 or non-finite,NQZ20-CME,1851725,2020-09-18 14:40:48.278000+00:00,11010.0,{'stop_loss_price': 11010.0}
INVALID_RISK_UNIT,risk_unit == 0 or non-finite,NQZ20-CME,1884873,2020-09-18 14:55:52.535000+00:00,10946.0,{'stop_loss_price': 10946.0}
INVALID_RISK_UNIT,risk_unit == 0 or non-finite,NQZ20-CME,1903644,2020-09-18 15:05:21.752000+00:00,10957.75,{'stop_loss_price': 10957.75}
INVALID_RISK_UNIT,risk_unit == 0 or non-finite,NQZ20-CME,1903645,2020-09-18 15:05:21.753000+00:00,10957.75,{'stop_loss_price': 10957.75}
INVALID_RISK_UNIT,risk_unit == 0 or non-finite,NQZ20-CME,1911041,2020-09-18 15:10:05.657000+00:00,10969.75,{'stop_loss_price': 10969.75}
INVALID_RISK_UNIT,risk_unit == 0 or non-finite,NQZ20-CME,1929324,2020-09-18 15:21:54.540000+00:00,10958.0,{'stop_loss_price': 10958.0}
INVALID_RISK_UNIT,risk_unit == 0 or non-finite,NQZ20-CME,2062582,2020-09-18 16:56:26.759000+00:00,10848.25,{'stop_loss_price': 10848.25}
INVALID_RISK_UNIT,risk_unit == 0 or non-finite,NQZ20-CME,2065834,2020-09-18 16:59:29.232000+00:00,10838.0,{'stop_loss_price': 10838.0}
INVALID_RISK_UNIT,risk_unit == 0 or non-finite,NQZ20-CME,2065835,2020-09-18 16:59:29.232001+00:00,10838.0,{'stop_loss_price': 10838.0}
INVALID_RISK_UNIT,risk_unit == 0 or non-finite,NQZ20-CME,2085711,2020-09-18 17:15:14.049000+00:00,10842.0,{'stop_loss_price': 10842.0}
INVALID_RISK_UNIT,risk_unit == 0 or non-finite,NQZ20-CME,2141258,2020-09-18 17:54:10.886000+00:00,10820.0,{'stop_loss_price': 10820.0}
INVALID_RISK_UNIT,risk_unit == 0 or non-finite,NQZ20-CME,2160417,2020-09-18 18:13:39.827000+00:00,10839.25,{'stop_loss_price': 10839.25}
INVALID_RISK_UNIT,risk_unit == 0 or non-finite,NQZ20-CME,2180495,2020-09-18 18:39:28.972000+00:00,10869.75,{'stop_loss_price': 10869.75}
INVALID_RISK_UNIT,risk_unit == 0 or non-finite,NQZ20-CME,2210148,2020-09-18 19:17:20.402000+00:00,10897.5,{'stop_loss_price': 10897.5}
INVALID_RISK_UNIT,risk_unit == 0 or non-finite,NQZ20-CME,2215658,2020-09-18 19:25:53.219000+00:00,10910.75,{'stop_loss_price': 10910.75}
INVALID_RISK_UNIT,risk_unit == 0 or non-finite,NQZ20-CME,2215659,2020-09-18 19:25:53.219001+00:00,10910.75,{'stop_loss_price': 10910.75}
INVALID_RISK_UNIT,risk_unit == 0 or non-finite,NQZ20-CME,2215660,2020-09-18 19:25:53.219002+00:00,10910.75,{'stop_loss_price': 10910.75}
INVALID_RISK_UNIT,risk_unit == 0 or non-finite,NQZ20-CME,2256509,2020-09-18 20:05:09.626000+00:00,10909.5,{'stop_loss_price': 10909.5}
INVALID_RISK_UNIT,risk_unit == 0 or non-finite,NQZ20-CME,2256510,2020-09-18 20:05:09.715000+00:00,10909.5,{'stop_loss_price': 10909.5}
INVALID_RISK_UNIT,risk_unit == 0 or non-finite,NQZ20-CME,2289169,2020-09-21 01:57:03.696000+00:00,10927.75,{'stop_loss_price': 10927.75}
INVALID_RISK_UNIT,risk_unit == 0 or non-finite,NQZ20-CME,2341446,2020-09-21 08:43:38.726002+00:00,10749.75,{'stop_loss_price': 10749.75}
INVALID_RISK_UNIT,risk_unit == 0 or non-finite,NQZ20-CME,2341447,2020-09-21 08:43:38.726003+00:00,10749.75,{'stop_loss_price': 10749.75}
INVALID_RISK_UNIT,risk_unit == 0 or non-finite,NQZ20-CME,2354244,2020-09-21 09:30:56.709000+00:00,10768.0,{'stop_loss_price': 10768.0}
INVALID_RISK_UNIT,risk_unit == 0 or non-finite,NQZ20-CME,2361270,2020-09-21 09:59:41.447000+00:00,10739.0,{'stop_loss_price': 10739.0}
INVALID_RISK_UNIT,risk_unit == 0 or non-finite,NQZ20-CME,2382935,2020-09-21 11:55:43.851000+00:00,10782.5,{'stop_loss_price': 10782.5}
INVALID_RISK_UNIT,risk_unit == 0 or non-finite,NQZ20-CME,2404606,2020-09-21 13:04:49.884000+00:00,10772.5,{'stop_loss_price': 10772.5}
INVALID_RISK_UNIT,risk_unit == 0 or non-finite,NQZ20-CME,2536364,2020-09-21 14:32:36.670000+00:00,10687.5,{'stop_loss_price': 10687.5}
INVALID_RISK_UNIT,risk_unit == 0 or non-finite,NQZ20-CME,2536365,2020-09-21 14:32:36.670001+00:00,10687.5,{'stop_loss_price': 10687.5}
INVALID_RISK_UNIT,risk_unit == 0 or non-finite,NQZ20-CME,2536366,2020-09-21 14:32:36.670002+00:00,10687.5,{'stop_loss_price': 10687.5}
INVALID_RISK_UNIT,risk_unit == 0 or non-finite,NQZ20-CME,2536367,2020-09-21 14:32:36.670003+00:00,10687.5,{'stop_loss_price': 10687.5}
INVALID_RISK_UNIT,risk_unit == 0 or non-finite,NQZ20-CME,2536369,2020-09-21 14:32:36.753000+00:00,10687.5,{'stop_loss_price': 10687.5}
INVALID_RISK_UNIT,risk_unit == 0 or non-finite,NQZ20-CME,2571442,2020-09-21 14:56:06.378000+00:00,10710.25,{'stop_loss_price': 10710.25}
INVALID_RISK_UNIT,risk_unit == 0 or non-finite,NQZ20-CME,2625004,2020-09-21 15:36:34.644000+00:00,10723.25,{'stop_loss_price': 10723.25}
INVALID_RISK_UNIT,risk_unit == 0 or non-finite,NQZ20-CME,2663056,2020-09-21 16:07:17.085000+00:00,10829.25,{'stop_loss_price': 10829.25}
INVALID_RISK_UNIT,risk_unit == 0 or non-finite,NQZ20-CME,2665583,2020-09-21 16:09:08.309000+00:00,10840.0,{'stop_loss_price': 10840.0}
INVALID_RISK_UNIT,risk_unit == 0 or non-finite,NQZ20-CME,2781020,2020-09-21 18:10:55.749001+00:00,10807.25,{'stop_loss_price': 10807.25}
INVALID_RISK_UNIT,risk_unit == 0 or non-finite,NQZ20-CME,2781021,2020-09-21 18:10:55.749002+00:00,10807.25,{'stop_loss_price': 10807.25}
INVALID_RISK_UNIT,risk_unit == 0 or non-finite,NQZ20-CME,2790043,2020-09-21 18:22:56.189000+00:00,10808.75,{'stop_loss_price': 10808.75}
INVALID_RISK_UNIT,risk_unit == 0 or non-finite,NQZ20-CME,2825959,2020-09-21 19:04:21.532000+00:00,10846.25,{'stop_loss_price': 10846.25}
INVALID_RISK_UNIT,risk_unit == 0 or non-finite,NQZ20-CME,2826528,2020-09-21 19:04:56.163000+00:00,10845.25,{'stop_loss_price': 10845.25}
INVALID_RISK_UNIT,risk_unit == 0 or non-finite,NQZ20-CME,2832425,2020-09-21 19:12:49.796000+00:00,10850.5,{'stop_loss_price': 10850.5}
INVALID_RISK_UNIT,risk_unit == 0 or non-finite,NQZ20-CME,2832426,2020-09-21 19:12:49.796001+00:00,10850.5,{'stop_loss_price': 10850.5}
INVALID_RISK_UNIT,risk_unit == 0 or non-finite,NQZ20-CME,2832427,2020-09-21 19:12:49.796002+00:00,10850.5,{'stop_loss_price': 10850.5}
INVALID_RISK_UNIT,risk_unit == 0 or non-finite,NQZ20-CME,2954756,2020-09-22 07:04:41.793000+00:00,10941.0,{'stop_loss_price': 10941.0}
INVALID_RISK_UNIT,risk_unit == 0 or non-finite,NQZ20-CME,2960327,2020-09-22 07:38:49.116000+00:00,10918.0,{'stop_loss_price': 10918.0}
INVALID_RISK_UNIT,risk_unit == 0 or non-finite,NQZ20-CME,2969098,2020-09-22 08:24:06.268000+00:00,10991.75,{'stop_loss_price': 10991.75}
INVALID_RISK_UNIT,risk_unit == 0 or non-finite,NQZ20-CME,2978811,2020-09-22 09:34:01.234000+00:00,11049.0,{'stop_loss_price': 11049.0}
INVALID_RISK_UNIT,risk_unit == 0 or non-finite,NQZ20-CME,2978812,2020-09-22 09:34:01.235000+00:00,11049.0,{'stop_loss_price': 11049.0}
INVALID_RISK_UNIT,risk_unit == 0 or non-finite,NQZ20-CME,3086440,2020-09-22 14:02:41.973000+00:00,11013.25,{'stop_loss_price': 11013.25}
INVALID_RISK_UNIT,risk_unit == 0 or non-finite,NQZ20-CME,3140884,2020-09-22 14:43:54.587000+00:00,11011.75,{'stop_loss_price': 11011.75}
INVALID_RISK_UNIT,risk_unit == 0 or non-finite,NQZ20-CME,3140885,2020-09-22 14:43:54.587001+00:00,11011.75,{'stop_loss_price': 11011.75}
INVALID_RISK_UNIT,risk_unit == 0 or non-finite,NQZ20-CME,3140888,2020-09-22 14:43:54.669000+00:00,11011.75,{'stop_loss_price': 11011.75}
INVALID_RISK_UNIT,risk_unit == 0 or non-finite,NQZ20-CME,3173555,2020-09-22 15:07:03.718000+00:00,10943.25,{'stop_loss_price': 10943.25}
INVALID_RISK_UNIT,risk_unit == 0 or non-finite,NQZ20-CME,3260624,2020-09-22 16:50:54.209000+00:00,11021.25,{'stop_loss_price': 11021.25}
INVALID_RISK_UNIT,risk_unit == 0 or non-finite,NQZ20-CME,3263578,2020-09-22 16:55:31.133000+00:00,11008.5,{'stop_loss_price': 11008.5}
INVALID_RISK_UNIT,risk_unit == 0 or non-finite,NQZ20-CME,3333837,2020-09-22 18:31:30.049000+00:00,11115.0,{'stop_loss_price': 11115.0}
INVALID_RISK_UNIT,risk_unit == 0 or non-finite,NQZ20-CME,3355562,2020-09-22 19:02:37.135000+00:00,11113.0,{'stop_loss_price': 11113.0}
INVALID_RISK_UNIT,risk_unit == 0 or non-finite,NQZ20-CME,3371706,2020-09-22 19:27:21.899000+00:00,11148.75,{'stop_loss_price': 11148.75}
INVALID_RISK_UNIT,risk_unit == 0 or non-finite,NQZ20-CME,3374914,2020-09-22 19:31:45.726000+00:00,11141.5,{'stop_loss_price': 11141.5}
INVALID_RISK_UNIT,risk_unit == 0 or non-finite,NQZ20-CME,3378589,2020-09-22 19:35:48.871000+00:00,11152.25,{'stop_loss_price': 11152.25}
INVALID_RISK_UNIT,risk_unit == 0 or non-finite,NQZ20-CME,3378947,2020-09-22 19:36:04.071000+00:00,11156.0,{'stop_loss_price': 11156.0}
INVALID_RISK_UNIT,risk_unit == 0 or non-finite,NQZ20-CME,3395816,2020-09-22 19:51:32.486000+00:00,11163.0,{'stop_loss_price': 11163.0}
INVALID_RISK_UNIT,risk_unit == 0 or non-finite,NQZ20-CME,3395817,2020-09-22 19:51:32.486001+00:00,11163.0,{'stop_loss_price': 11163.0}
INVALID_RISK_UNIT,risk_unit == 0 or non-finite,NQZ20-CME,3395818,2020-09-22 19:51:32.486002+00:00,11163.0,{'stop_loss_price': 11163.0}
INVALID_RISK_UNIT,risk_unit == 0 or non-finite,NQZ20-CME,3395819,2020-09-22 19:51:32.487000+00:00,11163.0,{'stop_loss_price': 11163.0}
INVALID_RISK_UNIT,risk_unit == 0 or non-finite,NQZ20-CME,3472841,2020-09-23 08:42:28.970000+00:00,11185.75,{'stop_loss_price': 11185.75}
INVALID_RISK_UNIT,risk_unit == 0 or non-finite,NQZ20-CME,3472842,2020-09-23 08:42:28.970001+00:00,11185.75,{'stop_loss_price': 11185.75}
INVALID_RISK_UNIT,risk_unit == 0 or non-finite,NQZ20-CME,3472843,2020-09-23 08:42:28.970002+00:00,11185.75,{'stop_loss_price': 11185.75}
INVALID_RISK_UNIT,risk_unit == 0 or non-finite,NQZ20-CME,3472844,2020-09-23 08:42:28.970003+00:00,11185.75,{'stop_loss_price': 11185.75}
INVALID_RISK_UNIT,risk_unit == 0 or non-finite,NQZ20-CME,3583051,2020-09-23 14:08:47.056000+00:00,11058.0,{'stop_loss_price': 11058.0}
INVALID_RISK_UNIT,risk_unit == 0 or non-finite,NQZ20-CME,3608561,2020-09-23 14:26:11.448000+00:00,11066.75,{'stop_loss_price': 11066.75}
INVALID_RISK_UNIT,risk_unit == 0 or non-finite,NQZ20-CME,3653662,2020-09-23 15:06:23.290000+00:00,11077.75,{'stop_loss_price': 11077.75}
INVALID_RISK_UNIT,risk_unit == 0 or non-finite,NQZ20-CME,3695160,2020-09-23 15:48:43.819000+00:00,11017.0,{'stop_loss_price': 11017.0}
INVALID_RISK_UNIT,risk_unit == 0 or non-finite,NQZ20-CME,3712223,2020-09-23 16:03:19.409000+00:00,11001.25,{'stop_loss_price': 11001.25}
INVALID_RISK_UNIT,risk_unit == 0 or non-finite,NQZ20-CME,3733823,2020-09-23 16:24:32.519000+00:00,10982.0,{'stop_loss_price': 10982.0}
INVALID_RISK_UNIT,risk_unit == 0 or non-finite,NQZ20-CME,3733824,2020-09-23 16:24:32.519001+00:00,10982.0,{'stop_loss_price': 10982.0}
INVALID_RISK_UNIT,risk_unit == 0 or non-finite,NQZ20-CME,3786894,2020-09-23 17:39:11.137002+00:00,11005.75,{'stop_loss_price': 11005.75}
INVALID_RISK_UNIT,risk_unit == 0 or non-finite,NQZ20-CME,3789243,2020-09-23 17:41:19.008027+00:00,10992.25,{'stop_loss_price': 10992.25}
INVALID_RISK_UNIT,risk_unit == 0 or non-finite,NQZ20-CME,3836845,2020-09-23 18:21:38.026000+00:00,10898.25,{'stop_loss_price': 10898.25}
INVALID_RISK_UNIT,risk_unit == 0 or non-finite,NQZ20-CME,3836846,2020-09-23 18:21:38.026001+00:00,10898.25,{'stop_loss_price': 10898.25}
INVALID_RISK_UNIT,risk_unit == 0 or non-finite,NQZ20-CME,3836847,2020-09-23 18:21:38.026002+00:00,10898.25,{'stop_loss_price': 10898.25}
INVALID_RISK_UNIT,risk_unit == 0 or non-finite,NQZ20-CME,3836848,2020-09-23 18:21:38.051000+00:00,10898.25,{'stop_loss_price': 10898.25}
INVALID_RISK_UNIT,risk_unit == 0 or non-finite,NQZ20-CME,3836931,2020-09-23 18:21:40.902000+00:00,10900.0,{'stop_loss_price': 10900.0}
INVALID_RISK_UNIT,risk_unit == 0 or non-finite,NQZ20-CME,3862926,2020-09-23 18:39:04.513000+00:00,10899.25,{'stop_loss_price': 10899.25}
INVALID_RISK_UNIT,risk_unit == 0 or non-finite,NQZ20-CME,3951454,2020-09-23 19:35:05.357000+00:00,10844.75,{'stop_loss_price': 10844.75}
INVALID_RISK_UNIT,risk_unit == 0 or non-finite,NQZ20-CME,3955115,2020-09-23 19:37:58.981000+00:00,10851.75,{'stop_loss_price': 10851.75}
INVALID_RISK_UNIT,risk_unit == 0 or non-finite,NQZ20-CME,3983270,2020-09-23 19:55:26.605000+00:00,10807.25,{'stop_loss_price': 10807.25}
INVALID_RISK_UNIT,risk_unit == 0 or non-finite,NQZ20-CME,3983271,2020-09-23 19:55:26.751000+00:00,10807.25,{'stop_loss_price': 10807.25}
INVALID_RISK_UNIT,risk_unit == 0 or non-finite,NQZ20-CME,4070017,2020-09-24 06:47:21.748000+00:00,10736.5,{'stop_loss_price': 10736.5}
INVALID_RISK_UNIT,risk_unit == 0 or non-finite,NQZ20-CME,4094726,2020-09-24 09:42:32.637000+00:00,10767.0,{'stop_loss_price': 10767.0}
INVALID_RISK_UNIT,risk_unit == 0 or non-finite,NQZ20-CME,4138289,2020-09-24 12:53:13.178000+00:00,10680.5,{'stop_loss_price': 10680.5}
INVALID_RISK_UNIT,risk_unit == 0 or non-finite,NQZ20-CME,4138290,2020-09-24 12:53:13.178001+00:00,10680.5,{'stop_loss_price': 10680.5}
INVALID_RISK_UNIT,risk_unit == 0 or non-finite,NQZ20-CME,4159907,2020-09-24 13:30:32.157000+00:00,10741.5,{'stop_loss_price': 10741.5}
INVALID_RISK_UNIT,risk_unit == 0 or non-finite,NQZ20-CME,4159908,2020-09-24 13:30:32.157001+00:00,10741.5,{'stop_loss_price': 10741.5}
INVALID_RISK_UNIT,risk_unit == 0 or non-finite,NQZ20-CME,4196355,2020-09-24 13:41:32.385000+00:00,10731.25,{'stop_loss_price': 10731.25}
INVALID_RISK_UNIT,risk_unit == 0 or non-finite,NQZ20-CME,4200791,2020-09-24 13:43:07.870000+00:00,10763.0,{'stop_loss_price': 10763.0}
INVALID_RISK_UNIT,risk_unit == 0 or non-finite,NQZ20-CME,4200792,2020-09-24 13:43:07.882000+00:00,10763.0,{'stop_loss_price': 10763.0}
INVALID_RISK_UNIT,risk_unit == 0 or non-finite,NQZ20-CME,4212652,2020-09-24 13:47:33.615003+00:00,10806.75,{'stop_loss_price': 10806.75}
INVALID_RISK_UNIT,risk_unit == 0 or non-finite,NQZ20-CME,4212653,2020-09-24 13:47:33.671000+00:00,10806.75,{'stop_loss_price': 10806.75}
INVALID_RISK_UNIT,risk_unit == 0 or non-finite,NQZ20-CME,4241238,2020-09-24 13:57:45.011000+00:00,10813.25,{'stop_loss_price': 10813.25}
INVALID_RISK_UNIT,risk_unit == 0 or non-finite,NQZ20-CME,4273850,2020-09-24 14:12:13.433000+00:00,10899.5,{'stop_loss_price': 10899.5}
INVALID_RISK_UNIT,risk_unit == 0 or non-finite,NQZ20-CME,4312323,2020-09-24 14:30:43.784000+00:00,10821.5,{'stop_loss_price': 10821.5}
INVALID_RISK_UNIT,risk_unit == 0 or non-finite,NQZ20-CME,4316394,2020-09-24 14:32:26.624000+00:00,10807.25,{'stop_loss_price': 10807.25}
INVALID_RISK_UNIT,risk_unit == 0 or non-finite,NQZ20-CME,4316395,2020-09-24 14:32:26.624001+00:00,10807.25,{'stop_loss_price': 10807.25}
INVALID_RISK_UNIT,risk_unit == 0 or non-finite,NQZ20-CME,4316396,2020-09-24 14:32:26.624002+00:00,10807.25,{'stop_loss_price': 10807.25}
INVALID_RISK_UNIT,risk_unit == 0 or non-finite,NQZ20-CME,4316400,2020-09-24 14:32:26.762002+00:00,10807.25,{'stop_loss_price': 10807.25}
INVALID_RISK_UNIT,risk_unit == 0 or non-finite,NQZ20-CME,4316401,2020-09-24 14:32:26.762003+00:00,10807.25,{'stop_loss_price': 10807.25}
INVALID_RISK_UNIT,risk_unit == 0 or non-finite,NQZ20-CME,4316402,2020-09-24 14:32:26.762004+00:00,10807.25,{'stop_loss_price': 10807.25}
INVALID_RISK_UNIT,risk_unit == 0 or non-finite,NQZ20-CME,4332473,2020-09-24 14:40:18.878000+00:00,10797.5,{'stop_loss_price': 10797.5}
INVALID_RISK_UNIT,risk_unit == 0 or non-finite,NQZ20-CME,4363437,2020-09-24 14:56:48.368000+00:00,10877.25,{'stop_loss_price': 10877.25}
INVALID_RISK_UNIT,risk_unit == 0 or non-finite,NQZ20-CME,4363438,2020-09-24 14:56:48.368001+00:00,10877.25,{'stop_loss_price': 10877.25}
INVALID_RISK_UNIT,risk_unit == 0 or non-finite,NQZ20-CME,4363440,2020-09-24 14:56:48.659000+00:00,10877.25,{'stop_loss_price': 10877.25}
INVALID_RISK_UNIT,risk_unit == 0 or non-finite,NQZ20-CME,4405338,2020-09-24 15:26:22.684000+00:00,10913.25,{'stop_loss_price': 10913.25}
INVALID_RISK_UNIT,risk_unit == 0 or non-finite,NQZ20-CME,4408003,2020-09-24 15:28:30.629000+00:00,10911.0,{'stop_loss_price': 10911.0}
INVALID_RISK_UNIT,risk_unit == 0 or non-finite,NQZ20-CME,4424969,2020-09-24 15:43:05.711000+00:00,10942.0,{'stop_loss_price': 10942.0}
INVALID_RISK_UNIT,risk_unit == 0 or non-finite,NQZ20-CME,4424970,2020-09-24 15:43:05.711001+00:00,10942.0,{'stop_loss_price': 10942.0}
INVALID_RISK_UNIT,risk_unit == 0 or non-finite,NQZ20-CME,4442957,2020-09-24 15:59:54.364000+00:00,10950.0,{'stop_loss_price': 10950.0}
INVALID_RISK_UNIT,risk_unit == 0 or non-finite,NQZ20-CME,4442958,2020-09-24 15:59:54.364001+00:00,10950.0,{'stop_loss_price': 10950.0}
INVALID_RISK_UNIT,risk_unit == 0 or non-finite,NQZ20-CME,4442959,2020-09-24 15:59:54.420000+00:00,10950.0,{'stop_loss_price': 10950.0}
INVALID_RISK_UNIT,risk_unit == 0 or non-finite,NQZ20-CME,4442960,2020-09-24 15:59:54.420001+00:00,10950.0,{'stop_loss_price': 10950.0}
INVALID_RISK_UNIT,risk_unit == 0 or non-finite,NQZ20-CME,4442961,2020-09-24 15:59:54.421000+00:00,10950.0,{'stop_loss_price': 10950.0}
INVALID_RISK_UNIT,risk_unit == 0 or non-finite,NQZ20-CME,4445021,2020-09-24 16:01:30.750000+00:00,10957.0,{'stop_loss_price': 10957.0}
INVALID_RISK_UNIT,risk_unit == 0 or non-finite,NQZ20-CME,4445022,2020-09-24 16:01:30.750001+00:00,10957.0,{'stop_loss_price': 10957.0}
INVALID_RISK_UNIT,risk_unit == 0 or non-finite,NQZ20-CME,4496002,2020-09-24 16:50:48.209000+00:00,10928.25,{'stop_loss_price': 10928.25}
INVALID_RISK_UNIT,risk_unit == 0 or non-finite,NQZ20-CME,4496003,2020-09-24 16:50:48.209001+00:00,10928.25,{'stop_loss_price': 10928.25}
INVALID_RISK_UNIT,risk_unit == 0 or non-finite,NQZ20-CME,4500757,2020-09-24 16:57:25.876000+00:00,10929.25,{'stop_loss_price': 10929.25}
INVALID_RISK_UNIT,risk_unit == 0 or non-finite,NQZ20-CME,4500758,2020-09-24 16:57:26.213000+00:00,10929.25,{'stop_loss_price': 10929.25}
INVALID_RISK_UNIT,risk_unit == 0 or non-finite,NQZ20-CME,4505170,2020-09-24 17:02:47.170000+00:00,10951.25,{'stop_loss_price': 10951.25}
INVALID_RISK_UNIT,risk_unit == 0 or non-finite,NQZ20-CME,4505431,2020-09-24 17:03:14.235000+00:00,10956.25,{'stop_loss_price': 10956.25}
INVALID_RISK_UNIT,risk_unit == 0 or non-finite,NQZ20-CME,4548616,2020-09-24 17:54:09.594000+00:00,10976.75,{'stop_loss_price': 10976.75}
INVALID_RISK_UNIT,risk_unit == 0 or non-finite,NQZ20-CME,4573867,2020-09-24 18:20:32.771000+00:00,10910.25,{'stop_loss_price': 10910.25}
INVALID_RISK_UNIT,risk_unit == 0 or non-finite,NQZ20-CME,4575910,2020-09-24 18:22:21.336000+00:00,10909.25,{'stop_loss_price': 10909.25}
INVALID_RISK_UNIT,risk_unit == 0 or non-finite,NQZ20-CME,4575911,2020-09-24 18:22:21.336001+00:00,10909.25,{'stop_loss_price': 10909.25}
INVALID_RISK_UNIT,risk_unit == 0 or non-finite,NQZ20-CME,4575912,2020-09-24 18:22:21.409000+00:00,10909.25,{'stop_loss_price': 10909.25}
INVALID_RISK_UNIT,risk_unit == 0 or non-finite,NQZ20-CME,4576903,2020-09-24 18:23:43.500000+00:00,10912.0,{'stop_loss_price': 10912.0}
INVALID_RISK_UNIT,risk_unit == 0 or non-finite,NQZ20-CME,4577205,2020-09-24 18:24:06.055000+00:00,10905.75,{'stop_loss_price': 10905.75}
INVALID_RISK_UNIT,risk_unit == 0 or non-finite,NQZ20-CME,4580385,2020-09-24 18:26:48.056000+00:00,10918.25,{'stop_loss_price': 10918.25}
INVALID_RISK_UNIT,risk_unit == 0 or non-finite,NQZ20-CME,4601702,2020-09-24 18:47:38.781007+00:00,10949.5,{'stop_loss_price': 10949.5}
INVALID_RISK_UNIT,risk_unit == 0 or non-finite,NQZ20-CME,4601703,2020-09-24 18:47:38.781008+00:00,10949.5,{'stop_loss_price': 10949.5}
INVALID_RISK_UNIT,risk_unit == 0 or non-finite,NQZ20-CME,4601704,2020-09-24 18:47:38.781009+00:00,10949.5,{'stop_loss_price': 10949.5}
INVALID_RISK_UNIT,risk_unit == 0 or non-finite,NQZ20-CME,4615003,2020-09-24 18:58:18.278000+00:00,10879.75,{'stop_loss_price': 10879.75}
INVALID_RISK_UNIT,risk_unit == 0 or non-finite,NQZ20-CME,4623608,2020-09-24 19:05:04.512000+00:00,10856.5,{'stop_loss_price': 10856.5}
INVALID_RISK_UNIT,risk_unit == 0 or non-finite,NQZ20-CME,4639150,2020-09-24 19:17:44.892000+00:00,10888.75,{'stop_loss_price': 10888.75}
INVALID_RISK_UNIT,risk_unit == 0 or non-finite,NQZ20-CME,4639151,2020-09-24 19:17:44.893000+00:00,10888.75,{'stop_loss_price': 10888.75}
INVALID_RISK_UNIT,risk_unit == 0 or non-finite,NQZ20-CME,4639417,2020-09-24 19:17:58.339000+00:00,10896.25,{'stop_loss_price': 10896.25}
INVALID_RISK_UNIT,risk_unit == 0 or non-finite,NQZ20-CME,4657559,2020-09-24 19:30:59.514000+00:00,10823.5,{'stop_loss_price': 10823.5}
INVALID_RISK_UNIT,risk_unit == 0 or non-finite,NQZ20-CME,4680404,2020-09-24 19:48:01.236002+00:00,10909.25,{'stop_loss_price': 10909.25}
INVALID_RISK_UNIT,risk_unit == 0 or non-finite,NQZ20-CME,4680405,2020-09-24 19:48:01.236003+00:00,10909.25,{'stop_loss_price': 10909.25}
INVALID_RISK_UNIT,risk_unit == 0 or non-finite,NQZ20-CME,4721356,2020-09-25 01:18:32.561000+00:00,10965.75,{'stop_loss_price': 10965.75}
INVALID_RISK_UNIT,risk_unit == 0 or non-finite,NQZ20-CME,4825224,2020-09-25 13:30:08.019000+00:00,10900.75,{'stop_loss_price': 10900.75}
INVALID_RISK_UNIT,risk_unit == 0 or non-finite,NQZ20-CME,4825953,2020-09-25 13:30:21.095000+00:00,10888.75,{'stop_loss_price': 10888.75}
INVALID_RISK_UNIT,risk_unit == 0 or non-finite,NQZ20-CME,4825954,2020-09-25 13:30:21.119000+00:00,10888.75,{'stop_loss_price': 10888.75}
INVALID_RISK_UNIT,risk_unit == 0 or non-finite,NQZ20-CME,4825955,2020-09-25 13:30:21.119001+00:00,10888.75,{'stop_loss_price': 10888.75}
INVALID_RISK_UNIT,risk_unit == 0 or non-finite,NQZ20-CME,4825956,2020-09-25 13:30:21.119002+00:00,10888.75,{'stop_loss_price': 10888.75}
INVALID_RISK_UNIT,risk_unit == 0 or non-finite,NQZ20-CME,4825957,2020-09-25 13:30:21.119003+00:00,10888.75,{'stop_loss_price': 10888.75}
INVALID_RISK_UNIT,risk_unit == 0 or non-finite,NQZ20-CME,4825958,2020-09-25 13:30:21.119004+00:00,10888.75,{'stop_loss_price': 10888.75}
INVALID_RISK_UNIT,risk_unit == 0 or non-finite,NQZ20-CME,4825959,2020-09-25 13:30:21.119005+00:00,10888.75,{'stop_loss_price': 10888.75}
INVALID_RISK_UNIT,risk_unit == 0 or non-finite,NQZ20-CME,4919088,2020-09-25 14:15:53.699000+00:00,10865.25,{'stop_loss_price': 10865.25}
INVALID_RISK_UNIT,risk_unit == 0 or non-finite,NQZ20-CME,4919778,2020-09-25 14:16:03.807000+00:00,10872.0,{'stop_loss_price': 10872.0}
INVALID_RISK_UNIT,risk_unit == 0 or non-finite,NQZ20-CME,4922036,2020-09-25 14:16:58.446000+00:00,10884.75,{'stop_loss_price': 10884.75}
INVALID_RISK_UNIT,risk_unit == 0 or non-finite,NQZ20-CME,4929452,2020-09-25 14:21:51.549006+00:00,10904.5,{'stop_loss_price': 10904.5}
INVALID_RISK_UNIT,risk_unit == 0 or non-finite,NQZ20-CME,4929453,2020-09-25 14:21:51.549007+00:00,10904.5,{'stop_loss_price': 10904.5}
INVALID_RISK_UNIT,risk_unit == 0 or non-finite,NQZ20-CME,4929454,2020-09-25 14:21:51.549008+00:00,10904.5,{'stop_loss_price': 10904.5}
INVALID_RISK_UNIT,risk_unit == 0 or non-finite,NQZ20-CME,4929455,2020-09-25 14:21:51.549009+00:00,10904.5,{'stop_loss_price': 10904.5}
INVALID_RISK_UNIT,risk_unit == 0 or non-finite,NQZ20-CME,4935973,2020-09-25 14:24:22.631000+00:00,10937.75,{'stop_loss_price': 10937.75}
INVALID_RISK_UNIT,risk_unit == 0 or non-finite,NQZ20-CME,4935974,2020-09-25 14:24:22.631001+00:00,10937.75,{'stop_loss_price': 10937.75}
INVALID_RISK_UNIT,risk_unit == 0 or non-finite,NQZ20-CME,4935975,2020-09-25 14:24:22.631002+00:00,10937.75,{'stop_loss_price': 10937.75}
INVALID_RISK_UNIT,risk_unit == 0 or non-finite,NQZ20-CME,4949568,2020-09-25 14:35:17.909000+00:00,10946.5,{'stop_loss_price': 10946.5}
INVALID_RISK_UNIT,risk_unit == 0 or non-finite,NQZ20-CME,4975212,2020-09-25 14:54:19.017000+00:00,10975.5,{'stop_loss_price': 10975.5}
INVALID_RISK_UNIT,risk_unit == 0 or non-finite,NQZ20-CME,4993249,2020-09-25 15:13:20.766000+00:00,10990.0,{'stop_loss_price': 10990.0}
INVALID_RISK_UNIT,risk_unit == 0 or non-finite,NQZ20-CME,5002416,2020-09-25 15:21:30.285000+00:00,11008.0,{'stop_loss_price': 11008.0}
INVALID_RISK_UNIT,risk_unit == 0 or non-finite,NQZ20-CME,5002417,2020-09-25 15:21:30.285001+00:00,11008.0,{'stop_loss_price': 11008.0}
INVALID_RISK_UNIT,risk_unit == 0 or non-finite,NQZ20-CME,5002418,2020-09-25 15:21:30.285002+00:00,11008.0,{'stop_loss_price': 11008.0}
INVALID_RISK_UNIT,risk_unit == 0 or non-finite,NQZ20-CME,5028648,2020-09-25 15:47:40.505000+00:00,10981.75,{'stop_loss_price': 10981.75}
INVALID_RISK_UNIT,risk_unit == 0 or non-finite,NQZ20-CME,5045113,2020-09-25 16:06:53.114000+00:00,11006.5,{'stop_loss_price': 11006.5}
INVALID_RISK_UNIT,risk_unit == 0 or non-finite,NQZ20-CME,5053901,2020-09-25 16:18:05.504001+00:00,11017.75,{'stop_loss_price': 11017.75}
INVALID_RISK_UNIT,risk_unit == 0 or non-finite,NQZ20-CME,5079656,2020-09-25 16:56:51.673000+00:00,11013.0,{'stop_loss_price': 11013.0}
INVALID_RISK_UNIT,risk_unit == 0 or non-finite,NQZ20-CME,5079657,2020-09-25 16:56:51.673001+00:00,11013.0,{'stop_loss_price': 11013.0}
INVALID_RISK_UNIT,risk_unit == 0 or non-finite,NQZ20-CME,5106397,2020-09-25 17:37:24.954000+00:00,11027.5,{'stop_loss_price': 11027.5}
INVALID_RISK_UNIT,risk_unit == 0 or non-finite,NQZ20-CME,5107338,2020-09-25 17:39:12.098000+00:00,11029.75,{'stop_loss_price': 11029.75}
INVALID_RISK_UNIT,risk_unit == 0 or non-finite,NQZ20-CME,5117266,2020-09-25 17:53:43.186000+00:00,11062.5,{'stop_loss_price': 11062.5}
INVALID_RISK_UNIT,risk_unit == 0 or non-finite,NQZ20-CME,5169517,2020-09-25 19:08:18.295000+00:00,11127.0,{'stop_loss_price': 11127.0}
INVALID_RISK_UNIT,risk_unit == 0 or non-finite,NQZ20-CME,5234986,2020-09-25 20:30:00.918000+00:00,11138.5,{'stop_loss_price': 11138.5}
INVALID_RISK_UNIT,risk_unit == 0 or non-finite,NQZ20-CME,5240147,2020-09-27 22:37:13.316000+00:00,11162.25,{'stop_loss_price': 11162.25}
INVALID_RISK_UNIT,risk_unit == 0 or non-finite,NQZ20-CME,5280843,2020-09-28 07:32:03.203000+00:00,11217.0,{'stop_loss_price': 11217.0}
INVALID_RISK_UNIT,risk_unit == 0 or non-finite,NQZ20-CME,5358569,2020-09-28 13:36:23.770000+00:00,11312.0,{'stop_loss_price': 11312.0}
INVALID_RISK_UNIT,risk_unit == 0 or non-finite,NQZ20-CME,5358570,2020-09-28 13:36:23.770001+00:00,11312.0,{'stop_loss_price': 11312.0}
INVALID_RISK_UNIT,risk_unit == 0 or non-finite,NQZ20-CME,5379794,2020-09-28 13:47:53.008000+00:00,11286.0,{'stop_loss_price': 11286.0}
INVALID_RISK_UNIT,risk_unit == 0 or non-finite,NQZ20-CME,5379795,2020-09-28 13:47:53.008001+00:00,11286.0,{'stop_loss_price': 11286.0}
INVALID_RISK_UNIT,risk_unit == 0 or non-finite,NQZ20-CME,5454227,2020-09-28 14:45:02.630000+00:00,11273.25,{'stop_loss_price': 11273.25}
INVALID_RISK_UNIT,risk_unit == 0 or non-finite,NQZ20-CME,5479518,2020-09-28 15:08:23.983001+00:00,11283.0,{'stop_loss_price': 11283.0}
INVALID_RISK_UNIT,risk_unit == 0 or non-finite,NQZ20-CME,5479519,2020-09-28 15:08:23.983002+00:00,11283.0,{'stop_loss_price': 11283.0}
INVALID_RISK_UNIT,risk_unit == 0 or non-finite,NQZ20-CME,5479520,2020-09-28 15:08:24.178000+00:00,11283.0,{'stop_loss_price': 11283.0}
INVALID_RISK_UNIT,risk_unit == 0 or non-finite,NQZ20-CME,5479521,2020-09-28 15:08:24.178001+00:00,11283.0,{'stop_loss_price': 11283.0}
INVALID_RISK_UNIT,risk_unit == 0 or non-finite,NQZ20-CME,5479522,2020-09-28 15:08:24.200000+00:00,11283.0,{'stop_loss_price': 11283.0}
INVALID_RISK_UNIT,risk_unit == 0 or non-finite,NQZ20-CME,5479527,2020-09-28 15:08:24.325000+00:00,11283.0,{'stop_loss_price': 11283.0}
INVALID_RISK_UNIT,risk_unit == 0 or non-finite,NQZ20-CME,5481149,2020-09-28 15:10:28.095000+00:00,11275.25,{'stop_loss_price': 11275.25}
INVALID_RISK_UNIT,risk_unit == 0 or non-finite,NQZ20-CME,5501838,2020-09-28 15:35:03.573000+00:00,11279.25,{'stop_loss_price': 11279.25}
INVALID_RISK_UNIT,risk_unit == 0 or non-finite,NQZ20-CME,5501839,2020-09-28 15:35:03.573001+00:00,11279.25,{'stop_loss_price': 11279.25}
INVALID_RISK_UNIT,risk_unit == 0 or non-finite,NQZ20-CME,5501845,2020-09-28 15:35:04.386000+00:00,11278.75,{'stop_loss_price': 11278.75}
INVALID_RISK_UNIT,risk_unit == 0 or non-finite,NQZ20-CME,5501846,2020-09-28 15:35:04.386001+00:00,11278.75,{'stop_loss_price': 11278.75}
INVALID_RISK_UNIT,risk_unit == 0 or non-finite,NQZ20-CME,5501847,2020-09-28 15:35:04.386002+00:00,11278.75,{'stop_loss_price': 11278.75}
INVALID_RISK_UNIT,risk_unit == 0 or non-finite,NQZ20-CME,5521677,2020-09-28 15:59:15.410000+00:00,11260.75,{'stop_loss_price': 11260.75}
INVALID_RISK_UNIT,risk_unit == 0 or non-finite,NQZ20-CME,5537185,2020-09-28 16:20:47.378000+00:00,11240.75,{'stop_loss_price': 11240.75}
INVALID_RISK_UNIT,risk_unit == 0 or non-finite,NQZ20-CME,5540200,2020-09-28 16:25:42.584004+00:00,11234.5,{'stop_loss_price': 11234.5}
INVALID_RISK_UNIT,risk_unit == 0 or non-finite,NQZ20-CME,5635434,2020-09-28 19:03:24.587000+00:00,11325.25,{'stop_loss_price': 11325.25}
INVALID_RISK_UNIT,risk_unit == 0 or non-finite,NQZ20-CME,5648111,2020-09-28 19:23:02.871000+00:00,11343.5,{'stop_loss_price': 11343.5}
INVALID_RISK_UNIT,risk_unit == 0 or non-finite,NQZ20-CME,5654092,2020-09-28 19:32:10.937000+00:00,11318.75,{'stop_loss_price': 11318.75}
INVALID_RISK_UNIT,risk_unit == 0 or non-finite,NQZ20-CME,5654093,2020-09-28 19:32:10.938000+00:00,11318.75,{'stop_loss_price': 11318.75}
INVALID_RISK_UNIT,risk_unit == 0 or non-finite,NQZ20-CME,5654094,2020-09-28 19:32:10.938001+00:00,11318.75,{'stop_loss_price': 11318.75}
INVALID_RISK_UNIT,risk_unit == 0 or non-finite,NQZ20-CME,5654096,2020-09-28 19:32:11.058000+00:00,11318.75,{'stop_loss_price': 11318.75}
INVALID_RISK_UNIT,risk_unit == 0 or non-finite,NQZ20-CME,5657866,2020-09-28 19:35:07.558000+00:00,11321.25,{'stop_loss_price': 11321.25}
INVALID_RISK_UNIT,risk_unit == 0 or non-finite,NQZ20-CME,5691451,2020-09-28 19:59:21.170000+00:00,11344.75,{'stop_loss_price': 11344.75}
INVALID_RISK_UNIT,risk_unit == 0 or non-finite,NQZ20-CME,5691452,2020-09-28 19:59:21.171000+00:00,11344.75,{'stop_loss_price': 11344.75}
INVALID_RISK_UNIT,risk_unit == 0 or non-finite,NQZ20-CME,5691453,2020-09-28 19:59:21.171001+00:00,11344.75,{'stop_loss_price': 11344.75}
INVALID_RISK_UNIT,risk_unit == 0 or non-finite,NQZ20-CME,5729399,2020-09-29 03:27:54.206000+00:00,11403.25,{'stop_loss_price': 11403.25}
INVALID_RISK_UNIT,risk_unit == 0 or non-finite,NQZ20-CME,5729400,2020-09-29 03:27:54.206001+00:00,11403.25,{'stop_loss_price': 11403.25}
INVALID_RISK_UNIT,risk_unit == 0 or non-finite,NQZ20-CME,5786049,2020-09-29 12:01:52.107000+00:00,11343.5,{'stop_loss_price': 11343.5}
INVALID_RISK_UNIT,risk_unit == 0 or non-finite,NQZ20-CME,5805538,2020-09-29 13:32:01.234008+00:00,11337.25,{'stop_loss_price': 11337.25}
INVALID_RISK_UNIT,risk_unit == 0 or non-finite,NQZ20-CME,5805539,2020-09-29 13:32:01.234009+00:00,11337.25,{'stop_loss_price': 11337.25}
INVALID_RISK_UNIT,risk_unit == 0 or non-finite,NQZ20-CME,5805545,2020-09-29 13:32:01.505000+00:00,11337.25,{'stop_loss_price': 11337.25}
INVALID_RISK_UNIT,risk_unit == 0 or non-finite,NQZ20-CME,5812363,2020-09-29 13:35:52.403000+00:00,11365.5,{'stop_loss_price': 11365.5}
INVALID_RISK_UNIT,risk_unit == 0 or non-finite,NQZ20-CME,5835102,2020-09-29 13:50:00.039000+00:00,11358.75,{'stop_loss_price': 11358.75}
INVALID_RISK_UNIT,risk_unit == 0 or non-finite,NQZ20-CME,5851039,2020-09-29 14:01:47.672000+00:00,11349.75,{'stop_loss_price': 11349.75}
INVALID_RISK_UNIT,risk_unit == 0 or non-finite,NQZ20-CME,5863348,2020-09-29 14:13:11.926000+00:00,11377.5,{'stop_loss_price': 11377.5}
INVALID_RISK_UNIT,risk_unit == 0 or non-finite,NQZ20-CME,5890185,2020-09-29 14:36:40.827000+00:00,11311.0,{'stop_loss_price': 11311.0}
INVALID_RISK_UNIT,risk_unit == 0 or non-finite,NQZ20-CME,5893361,2020-09-29 14:38:52.323001+00:00,11308.75,{'stop_loss_price': 11308.75}
INVALID_RISK_UNIT,risk_unit == 0 or non-finite,NQZ20-CME,5893362,2020-09-29 14:38:52.323002+00:00,11308.75,{'stop_loss_price': 11308.75}
INVALID_RISK_UNIT,risk_unit == 0 or non-finite,NQZ20-CME,5946619,2020-09-29 15:35:32.838000+00:00,11351.25,{'stop_loss_price': 11351.25}
INVALID_RISK_UNIT,risk_unit == 0 or non-finite,NQZ20-CME,5976565,2020-09-29 16:15:45.738000+00:00,11318.0,{'stop_loss_price': 11318.0}
INVALID_RISK_UNIT,risk_unit == 0 or non-finite,NQZ20-CME,5976566,2020-09-29 16:15:45.822000+00:00,11318.0,{'stop_loss_price': 11318.0}
INVALID_RISK_UNIT,risk_unit == 0 or non-finite,NQZ20-CME,6042868,2020-09-29 18:33:14.719000+00:00,11357.25,{'stop_loss_price': 11357.25}
INVALID_RISK_UNIT,risk_unit == 0 or non-finite,NQZ20-CME,6042869,2020-09-29 18:33:14.826000+00:00,11357.25,{'stop_loss_price': 11357.25}
INVALID_RISK_UNIT,risk_unit == 0 or non-finite,NQZ20-CME,6042870,2020-09-29 18:33:14.826001+00:00,11357.25,{'stop_loss_price': 11357.25}
INVALID_RISK_UNIT,risk_unit == 0 or non-finite,NQZ20-CME,6042871,2020-09-29 18:33:14.826002+00:00,11357.25,{'stop_loss_price': 11357.25}
INVALID_RISK_UNIT,risk_unit == 0 or non-finite,NQZ20-CME,6042872,2020-09-29 18:33:15.420000+00:00,11357.25,{'stop_loss_price': 11357.25}
INVALID_RISK_UNIT,risk_unit == 0 or non-finite,NQZ20-CME,6069428,2020-09-29 19:29:05.837000+00:00,11321.25,{'stop_loss_price': 11321.25}
INVALID_RISK_UNIT,risk_unit == 0 or non-finite,NQZ20-CME,6069429,2020-09-29 19:29:05.837001+00:00,11321.25,{'stop_loss_price': 11321.25}
INVALID_RISK_UNIT,risk_unit == 0 or non-finite,NQZ20-CME,6069430,2020-09-29 19:29:05.920000+00:00,11321.25,{'stop_loss_price': 11321.25}
INVALID_RISK_UNIT,risk_unit == 0 or non-finite,NQZ20-CME,6109862,2020-09-30 00:40:09.400000+00:00,11332.25,{'stop_loss_price': 11332.25}
INVALID_RISK_UNIT,risk_unit == 0 or non-finite,NQZ20-CME,6129038,2020-09-30 02:45:12.141000+00:00,11356.75,{'stop_loss_price': 11356.75}
INVALID_RISK_UNIT,risk_unit == 0 or non-finite,NQZ20-CME,6152529,2020-09-30 04:27:11.966000+00:00,11249.75,{'stop_loss_price': 11249.75}
INVALID_RISK_UNIT,risk_unit == 0 or non-finite,NQZ20-CME,6164188,2020-09-30 05:49:33.814000+00:00,11205.5,{'stop_loss_price': 11205.5}
INVALID_RISK_UNIT,risk_unit == 0 or non-finite,NQZ20-CME,6188772,2020-09-30 07:36:06.134000+00:00,11263.75,{'stop_loss_price': 11263.75}
INVALID_RISK_UNIT,risk_unit == 0 or non-finite,NQZ20-CME,6191521,2020-09-30 07:53:16.198000+00:00,11224.25,{'stop_loss_price': 11224.25}
INVALID_RISK_UNIT,risk_unit == 0 or non-finite,NQZ20-CME,6202379,2020-09-30 09:20:35.127000+00:00,11215.75,{'stop_loss_price': 11215.75}
INVALID_RISK_UNIT,risk_unit == 0 or non-finite,NQZ20-CME,6205296,2020-09-30 09:32:34.799000+00:00,11205.0,{'stop_loss_price': 11205.0}
INVALID_RISK_UNIT,risk_unit == 0 or non-finite,NQZ20-CME,6233284,2020-09-30 12:40:38.751000+00:00,11318.0,{'stop_loss_price': 11318.0}
INVALID_RISK_UNIT,risk_unit == 0 or non-finite,NQZ20-CME,6243462,2020-09-30 13:14:31.212000+00:00,11319.75,{'stop_loss_price': 11319.75}
INVALID_RISK_UNIT,risk_unit == 0 or non-finite,NQZ20-CME,6273928,2020-09-30 13:47:27.118000+00:00,11347.75,{'stop_loss_price': 11347.75}
INVALID_RISK_UNIT,risk_unit == 0 or non-finite,NQZ20-CME,6273929,2020-09-30 13:47:27.118001+00:00,11347.75,{'stop_loss_price': 11347.75}
INVALID_RISK_UNIT,risk_unit == 0 or non-finite,NQZ20-CME,6284935,2020-09-30 13:54:11.997000+00:00,11374.25,{'stop_loss_price': 11374.25}
INVALID_RISK_UNIT,risk_unit == 0 or non-finite,NQZ20-CME,6293146,2020-09-30 13:59:22.853000+00:00,11413.0,{'stop_loss_price': 11413.0}
INVALID_RISK_UNIT,risk_unit == 0 or non-finite,NQZ20-CME,6293147,2020-09-30 13:59:22.853001+00:00,11413.0,{'stop_loss_price': 11413.0}
INVALID_RISK_UNIT,risk_unit == 0 or non-finite,NQZ20-CME,6293148,2020-09-30 13:59:22.853002+00:00,11413.0,{'stop_loss_price': 11413.0}
INVALID_RISK_UNIT,risk_unit == 0 or non-finite,NQZ20-CME,6293149,2020-09-30 13:59:22.865000+00:00,11413.0,{'stop_loss_price': 11413.0}
INVALID_RISK_UNIT,risk_unit == 0 or non-finite,NQZ20-CME,6293150,2020-09-30 13:59:22.874000+00:00,11413.0,{'stop_loss_price': 11413.0}
INVALID_RISK_UNIT,risk_unit == 0 or non-finite,NQZ20-CME,6297279,2020-09-30 14:01:32.043000+00:00,11424.5,{'stop_loss_price': 11424.5}
INVALID_RISK_UNIT,risk_unit == 0 or non-finite,NQZ20-CME,6354452,2020-09-30 14:49:02.410000+00:00,11438.25,{'stop_loss_price': 11438.25}
INVALID_RISK_UNIT,risk_unit == 0 or non-finite,NQZ20-CME,6359181,2020-09-30 14:54:17.144000+00:00,11435.25,{'stop_loss_price': 11435.25}
INVALID_RISK_UNIT,risk_unit == 0 or non-finite,NQZ20-CME,6359182,2020-09-30 14:54:17.197000+00:00,11435.25,{'stop_loss_price': 11435.25}
INVALID_RISK_UNIT,risk_unit == 0 or non-finite,NQZ20-CME,6386007,2020-09-30 15:28:44.468000+00:00,11475.0,{'stop_loss_price': 11475.0}
INVALID_RISK_UNIT,risk_unit == 0 or non-finite,NQZ20-CME,6428893,2020-09-30 16:36:26.510000+00:00,11475.5,{'stop_loss_price': 11475.5}
INVALID_RISK_UNIT,risk_unit == 0 or non-finite,NQZ20-CME,6456604,2020-09-30 17:19:34.258000+00:00,11440.0,{'stop_loss_price': 11440.0}
INVALID_RISK_UNIT,risk_unit == 0 or non-finite,NQZ20-CME,6468148,2020-09-30 17:43:21.612000+00:00,11471.25,{'stop_loss_price': 11471.25}
INVALID_RISK_UNIT,risk_unit == 0 or non-finite,NQZ20-CME,6480104,2020-09-30 18:00:45.321000+00:00,11497.5,{'stop_loss_price': 11497.5}
INVALID_RISK_UNIT,risk_unit == 0 or non-finite,NQZ20-CME,6498134,2020-09-30 18:22:01.202000+00:00,11514.0,{'stop_loss_price': 11514.0}
INVALID_RISK_UNIT,risk_unit == 0 or non-finite,NQZ20-CME,6530350,2020-09-30 18:39:07.501000+00:00,11451.25,{'stop_loss_price': 11451.25}
INVALID_RISK_UNIT,risk_unit == 0 or non-finite,NQZ20-CME,6540397,2020-09-30 18:46:50.264000+00:00,11424.75,{'stop_loss_price': 11424.75}
INVALID_RISK_UNIT,risk_unit == 0 or non-finite,NQZ20-CME,6565388,2020-09-30 19:02:53.325000+00:00,11448.5,{'stop_loss_price': 11448.5}
INVALID_RISK_UNIT,risk_unit == 0 or non-finite,NQZ20-CME,6569580,2020-09-30 19:06:29.345000+00:00,11438.25,{'stop_loss_price': 11438.25}
INVALID_RISK_UNIT,risk_unit == 0 or non-finite,NQZ20-CME,6591648,2020-09-30 19:19:32.727000+00:00,11361.0,{'stop_loss_price': 11361.0}
INVALID_RISK_UNIT,risk_unit == 0 or non-finite,NQZ20-CME,6612272,2020-09-30 19:32:23.791001+00:00,11358.75,{'stop_loss_price': 11358.75}
INVALID_RISK_UNIT,risk_unit == 0 or non-finite,NQZ20-CME,6618701,2020-09-30 19:37:12.786000+00:00,11378.75,{'stop_loss_price': 11378.75}
INVALID_RISK_UNIT,risk_unit == 0 or non-finite,NQZ20-CME,6631704,2020-09-30 19:48:02.499000+00:00,11419.75,{'stop_loss_price': 11419.75}
INVALID_RISK_UNIT,risk_unit == 0 or non-finite,NQZ20-CME,6632376,2020-09-30 19:48:52.010000+00:00,11422.25,{'stop_loss_price': 11422.25}
INVALID_RISK_UNIT,risk_unit == 0 or non-finite,NQZ20-CME,6691684,2020-10-01 04:11:01.780000+00:00,11463.5,{'stop_loss_price': 11463.5}
INVALID_RISK_UNIT,risk_unit == 0 or non-finite,NQZ20-CME,6693981,2020-10-01 05:20:45.930000+00:00,11453.25,{'stop_loss_price': 11453.25}
INVALID_RISK_UNIT,risk_unit == 0 or non-finite,NQZ20-CME,6741686,2020-10-01 11:32:20.389000+00:00,11560.25,{'stop_loss_price': 11560.25}
INVALID_RISK_UNIT,risk_unit == 0 or non-finite,NQZ20-CME,6741687,2020-10-01 11:32:20.389001+00:00,11560.25,{'stop_loss_price': 11560.25}
INVALID_RISK_UNIT,risk_unit == 0 or non-finite,NQZ20-CME,6741692,2020-10-01 11:32:25.689000+00:00,11560.25,{'stop_loss_price': 11560.25}
INVALID_RISK_UNIT,risk_unit == 0 or non-finite,NQZ20-CME,6741693,2020-10-01 11:32:25.690000+00:00,11560.25,{'stop_loss_price': 11560.25}
INVALID_RISK_UNIT,risk_unit == 0 or non-finite,NQZ20-CME,6741700,2020-10-01 11:32:30.333000+00:00,11560.25,{'stop_loss_price': 11560.25}
INVALID_RISK_UNIT,risk_unit == 0 or non-finite,NQZ20-CME,6829464,2020-10-01 13:56:33.248000+00:00,11529.75,{'stop_loss_price': 11529.75}
INVALID_RISK_UNIT,risk_unit == 0 or non-finite,NQZ20-CME,6829465,2020-10-01 13:56:33.248001+00:00,11529.75,{'stop_loss_price': 11529.75}
INVALID_RISK_UNIT,risk_unit == 0 or non-finite,NQZ20-CME,6851109,2020-10-01 14:13:20.341000+00:00,11494.75,{'stop_loss_price': 11494.75}
INVALID_RISK_UNIT,risk_unit == 0 or non-finite,NQZ20-CME,6851110,2020-10-01 14:13:20.341001+00:00,11494.75,{'stop_loss_price': 11494.75}
INVALID_RISK_UNIT,risk_unit == 0 or non-finite,NQZ20-CME,6875162,2020-10-01 14:33:14.421000+00:00,11515.25,{'stop_loss_price': 11515.25}
INVALID_RISK_UNIT,risk_unit == 0 or non-finite,NQZ20-CME,6878833,2020-10-01 14:36:15.257000+00:00,11529.25,{'stop_loss_price': 11529.25}
INVALID_RISK_UNIT,risk_unit == 0 or non-finite,NQZ20-CME,6897586,2020-10-01 14:56:23.659000+00:00,11498.0,{'stop_loss_price': 11498.0}
INVALID_RISK_UNIT,risk_unit == 0 or non-finite,NQZ20-CME,6897587,2020-10-01 14:56:23.659001+00:00,11498.0,{'stop_loss_price': 11498.0}
INVALID_RISK_UNIT,risk_unit == 0 or non-finite,NQZ20-CME,6897588,2020-10-01 14:56:23.659002+00:00,11498.0,{'stop_loss_price': 11498.0}
INVALID_RISK_UNIT,risk_unit == 0 or non-finite,NQZ20-CME,6897589,2020-10-01 14:56:23.661000+00:00,11498.0,{'stop_loss_price': 11498.0}
INVALID_RISK_UNIT,risk_unit == 0 or non-finite,NQZ20-CME,6897875,2020-10-01 14:56:37.119000+00:00,11499.75,{'stop_loss_price': 11499.75}
INVALID_RISK_UNIT,risk_unit == 0 or non-finite,NQZ20-CME,6897876,2020-10-01 14:56:37.119001+00:00,11499.75,{'stop_loss_price': 11499.75}
INVALID_RISK_UNIT,risk_unit == 0 or non-finite,NQZ20-CME,6897877,2020-10-01 14:56:37.119002+00:00,11499.75,{'stop_loss_price': 11499.75}
INVALID_RISK_UNIT,risk_unit == 0 or non-finite,NQZ20-CME,6900077,2020-10-01 14:59:22.685000+00:00,11496.5,{'stop_loss_price': 11496.5}
INVALID_RISK_UNIT,risk_unit == 0 or non-finite,NQZ20-CME,6917126,2020-10-01 15:10:54.624000+00:00,11475.75,{'stop_loss_price': 11475.75}
INVALID_RISK_UNIT,risk_unit == 0 or non-finite,NQZ20-CME,6917127,2020-10-01 15:10:54.627000+00:00,11475.75,{'stop_loss_price': 11475.75}
INVALID_RISK_UNIT,risk_unit == 0 or non-finite,NQZ20-CME,6917128,2020-10-01 15:10:54.627001+00:00,11475.75,{'stop_loss_price': 11475.75}
INVALID_RISK_UNIT,risk_unit == 0 or non-finite,NQZ20-CME,6917129,2020-10-01 15:10:54.636000+00:00,11475.75,{'stop_loss_price': 11475.75}
INVALID_RISK_UNIT,risk_unit == 0 or non-finite,NQZ20-CME,6917131,2020-10-01 15:10:54.746000+00:00,11475.75,{'stop_loss_price': 11475.75}
INVALID_RISK_UNIT,risk_unit == 0 or non-finite,NQZ20-CME,6935516,2020-10-01 15:28:59.475000+00:00,11535.0,{'stop_loss_price': 11535.0}
INVALID_RISK_UNIT,risk_unit == 0 or non-finite,NQZ20-CME,7005909,2020-10-01 17:17:12.484000+00:00,11542.75,{'stop_loss_price': 11542.75}
INVALID_RISK_UNIT,risk_unit == 0 or non-finite,NQZ20-CME,7018567,2020-10-01 17:40:59.743000+00:00,11563.0,{'stop_loss_price': 11563.0}
INVALID_RISK_UNIT,risk_unit == 0 or non-finite,NQZ20-CME,7018568,2020-10-01 17:40:59.743001+00:00,11563.0,{'stop_loss_price': 11563.0}
INVALID_RISK_UNIT,risk_unit == 0 or non-finite,NQZ20-CME,7018576,2020-10-01 17:41:01.008000+00:00,11563.0,{'stop_loss_price': 11563.0}
INVALID_RISK_UNIT,risk_unit == 0 or non-finite,NQZ20-CME,7111623,2020-10-01 19:06:42.772000+00:00,11584.75,{'stop_loss_price': 11584.75}
INVALID_RISK_UNIT,risk_unit == 0 or non-finite,NQZ20-CME,7118119,2020-10-01 19:16:39.748000+00:00,11560.0,{'stop_loss_price': 11560.0}
INVALID_RISK_UNIT,risk_unit == 0 or non-finite,NQZ20-CME,7118120,2020-10-01 19:16:39.748001+00:00,11560.0,{'stop_loss_price': 11560.0}
INVALID_RISK_UNIT,risk_unit == 0 or non-finite,NQZ20-CME,7118121,2020-10-01 19:16:39.748002+00:00,11560.0,{'stop_loss_price': 11560.0}
INVALID_RISK_UNIT,risk_unit == 0 or non-finite,NQZ20-CME,7118122,2020-10-01 19:16:39.748003+00:00,11560.0,{'stop_loss_price': 11560.0}
INVALID_RISK_UNIT,risk_unit == 0 or non-finite,NQZ20-CME,7118123,2020-10-01 19:16:39.749000+00:00,11560.0,{'stop_loss_price': 11560.0}
INVALID_RISK_UNIT,risk_unit == 0 or non-finite,NQZ20-CME,7118124,2020-10-01 19:16:39.772000+00:00,11560.0,{'stop_loss_price': 11560.0}
INVALID_RISK_UNIT,risk_unit == 0 or non-finite,NQZ20-CME,7118125,2020-10-01 19:16:39.782000+00:00,11560.0,{'stop_loss_price': 11560.0}
INVALID_RISK_UNIT,risk_unit == 0 or non-finite,NQZ20-CME,7118126,2020-10-01 19:16:40.474000+00:00,11560.0,{'stop_loss_price': 11560.0}
INVALID_RISK_UNIT,risk_unit == 0 or non-finite,NQZ20-CME,7142226,2020-10-01 19:50:20.068000+00:00,11564.5,{'stop_loss_price': 11564.5}
INVALID_RISK_UNIT,risk_unit == 0 or non-finite,NQZ20-CME,7142227,2020-10-01 19:50:20.069000+00:00,11564.5,{'stop_loss_price': 11564.5}
INVALID_RISK_UNIT,risk_unit == 0 or non-finite,NQZ20-CME,7142228,2020-10-01 19:50:20.069001+00:00,11564.5,{'stop_loss_price': 11564.5}
INVALID_RISK_UNIT,risk_unit == 0 or non-finite,NQZ20-CME,7188150,2020-10-02 02:56:19.318000+00:00,11524.25,{'stop_loss_price': 11524.25}
INVALID_RISK_UNIT,risk_unit == 0 or non-finite,NQZ20-CME,7195578,2020-10-02 04:48:23.138000+00:00,11557.5,{'stop_loss_price': 11557.5}
INVALID_RISK_UNIT,risk_unit == 0 or non-finite,NQZ20-CME,7195579,2020-10-02 04:48:23.138001+00:00,11557.5,{'stop_loss_price': 11557.5}
INVALID_RISK_UNIT,risk_unit == 0 or non-finite,NQZ20-CME,7216065,2020-10-02 05:12:32.752000+00:00,11407.0,{'stop_loss_price': 11407.0}
INVALID_RISK_UNIT,risk_unit == 0 or non-finite,NQZ20-CME,7218129,2020-10-02 05:15:50.807000+00:00,11407.75,{'stop_loss_price': 11407.75}
INVALID_RISK_UNIT,risk_unit == 0 or non-finite,NQZ20-CME,7311045,2020-10-02 11:41:09.394000+00:00,11319.75,{'stop_loss_price': 11319.75}
INVALID_RISK_UNIT,risk_unit == 0 or non-finite,NQZ20-CME,7321630,2020-10-02 12:06:32.568000+00:00,11313.25,{'stop_loss_price': 11313.25}
INVALID_RISK_UNIT,risk_unit == 0 or non-finite,NQZ20-CME,7337229,2020-10-02 12:47:17.489000+00:00,11312.75,{'stop_loss_price': 11312.75}
INVALID_RISK_UNIT,risk_unit == 0 or non-finite,NQZ20-CME,7402504,2020-10-02 13:45:09.359000+00:00,11404.75,{'stop_loss_price': 11404.75}
INVALID_RISK_UNIT,risk_unit == 0 or non-finite,NQZ20-CME,7463669,2020-10-02 14:23:09.577000+00:00,11449.25,{'stop_loss_price': 11449.25}
INVALID_RISK_UNIT,risk_unit == 0 or non-finite,NQZ20-CME,7513594,2020-10-02 15:03:13.651000+00:00,11420.5,{'stop_loss_price': 11420.5}
INVALID_RISK_UNIT,risk_unit == 0 or non-finite,NQZ20-CME,7566184,2020-10-02 15:42:43.571000+00:00,11321.75,{'stop_loss_price': 11321.75}
INVALID_RISK_UNIT,risk_unit == 0 or non-finite,NQZ20-CME,7566185,2020-10-02 15:42:43.583000+00:00,11321.75,{'stop_loss_price': 11321.75}
INVALID_RISK_UNIT,risk_unit == 0 or non-finite,NQZ20-CME,7566186,2020-10-02 15:42:43.584000+00:00,11321.75,{'stop_loss_price': 11321.75}
INVALID_RISK_UNIT,risk_unit == 0 or non-finite,NQZ20-CME,7566191,2020-10-02 15:42:43.773000+00:00,11321.75,{'stop_loss_price': 11321.75}
INVALID_RISK_UNIT,risk_unit == 0 or non-finite,NQZ20-CME,7566192,2020-10-02 15:42:43.834000+00:00,11321.75,{'stop_loss_price': 11321.75}
INVALID_RISK_UNIT,risk_unit == 0 or non-finite,NQZ20-CME,7617091,2020-10-02 16:07:48.847000+00:00,11258.75,{'stop_loss_price': 11258.75}
INVALID_RISK_UNIT,risk_unit == 0 or non-finite,NQZ20-CME,7617867,2020-10-02 16:08:00.298004+00:00,11261.0,{'stop_loss_price': 11261.0}
INVALID_RISK_UNIT,risk_unit == 0 or non-finite,NQZ20-CME,7617868,2020-10-02 16:08:00.298005+00:00,11261.0,{'stop_loss_price': 11261.0}
INVALID_RISK_UNIT,risk_unit == 0 or non-finite,NQZ20-CME,7617869,2020-10-02 16:08:00.298006+00:00,11261.0,{'stop_loss_price': 11261.0}
INVALID_RISK_UNIT,risk_unit == 0 or non-finite,NQZ20-CME,7617870,2020-10-02 16:08:00.298007+00:00,11261.0,{'stop_loss_price': 11261.0}
INVALID_RISK_UNIT,risk_unit == 0 or non-finite,NQZ20-CME,7625598,2020-10-02 16:11:58.853000+00:00,11276.0,{'stop_loss_price': 11276.0}
INVALID_RISK_UNIT,risk_unit == 0 or non-finite,NQZ20-CME,7689496,2020-10-02 16:59:14.917000+00:00,11318.0,{'stop_loss_price': 11318.0}
INVALID_RISK_UNIT,risk_unit == 0 or non-finite,NQZ20-CME,7694118,2020-10-02 17:04:03.035006+00:00,11311.25,{'stop_loss_price': 11311.25}
INVALID_RISK_UNIT,risk_unit == 0 or non-finite,NQZ20-CME,7694119,2020-10-02 17:04:03.035007+00:00,11311.25,{'stop_loss_price': 11311.25}
INVALID_RISK_UNIT,risk_unit == 0 or non-finite,NQZ20-CME,7703641,2020-10-02 17:11:31.514000+00:00,11304.25,{'stop_loss_price': 11304.25}
INVALID_RISK_UNIT,risk_unit == 0 or non-finite,NQZ20-CME,7703642,2020-10-02 17:11:31.514001+00:00,11304.25,{'stop_loss_price': 11304.25}
INVALID_RISK_UNIT,risk_unit == 0 or non-finite,NQZ20-CME,7703643,2020-10-02 17:11:31.514002+00:00,11304.25,{'stop_loss_price': 11304.25}
INVALID_RISK_UNIT,risk_unit == 0 or non-finite,NQZ20-CME,7703644,2020-10-02 17:11:31.546000+00:00,11304.25,{'stop_loss_price': 11304.25}
INVALID_RISK_UNIT,risk_unit == 0 or non-finite,NQZ20-CME,7703645,2020-10-02 17:11:31.546001+00:00,11304.25,{'stop_loss_price': 11304.25}
INVALID_RISK_UNIT,risk_unit == 0 or non-finite,NQZ20-CME,7703648,2020-10-02 17:11:31.560000+00:00,11304.25,{'stop_loss_price': 11304.25}
INVALID_RISK_UNIT,risk_unit == 0 or non-finite,NQZ20-CME,7744666,2020-10-02 18:00:25.351000+00:00,11294.25,{'stop_loss_price': 11294.25}
INVALID_RISK_UNIT,risk_unit == 0 or non-finite,NQZ20-CME,7782615,2020-10-02 18:41:47.424000+00:00,11270.0,{'stop_loss_price': 11270.0}
INVALID_RISK_UNIT,risk_unit == 0 or non-finite,NQZ20-CME,7782616,2020-10-02 18:41:47.424001+00:00,11270.0,{'stop_loss_price': 11270.0}
INVALID_RISK_UNIT,risk_unit == 0 or non-finite,NQZ20-CME,7782617,2020-10-02 18:41:47.424002+00:00,11270.0,{'stop_loss_price': 11270.0}
INVALID_RISK_UNIT,risk_unit == 0 or non-finite,NQZ20-CME,7782619,2020-10-02 18:41:47.424004+00:00,11270.0,{'stop_loss_price': 11270.0}
INVALID_RISK_UNIT,risk_unit == 0 or non-finite,NQZ20-CME,7783652,2020-10-02 18:43:16.312005+00:00,11270.5,{'stop_loss_price': 11270.5}
INVALID_RISK_UNIT,risk_unit == 0 or non-finite,NQZ20-CME,7783653,2020-10-02 18:43:16.312006+00:00,11270.5,{'stop_loss_price': 11270.5}
INVALID_RISK_UNIT,risk_unit == 0 or non-finite,NQZ20-CME,7783654,2020-10-02 18:43:16.312007+00:00,11270.5,{'stop_loss_price': 11270.5}
INVALID_RISK_UNIT,risk_unit == 0 or non-finite,NQZ20-CME,7783655,2020-10-02 18:43:16.312008+00:00,11270.5,{'stop_loss_price': 11270.5}
INVALID_RISK_UNIT,risk_unit == 0 or non-finite,NQZ20-CME,7785678,2020-10-02 18:46:29.165000+00:00,11283.25,{'stop_loss_price': 11283.25}
INVALID_RISK_UNIT,risk_unit == 0 or non-finite,NQZ20-CME,7787258,2020-10-02 18:47:49.403000+00:00,11280.0,{'stop_loss_price': 11280.0}
INVALID_RISK_UNIT,risk_unit == 0 or non-finite,NQZ20-CME,7824866,2020-10-02 19:37:31.854007+00:00,11312.25,{'stop_loss_price': 11312.25}
INVALID_RISK_UNIT,risk_unit == 0 or non-finite,NQZ20-CME,7824867,2020-10-02 19:37:31.854008+00:00,11312.25,{'stop_loss_price': 11312.25}
INVALID_RISK_UNIT,risk_unit == 0 or non-finite,NQZ20-CME,7824868,2020-10-02 19:37:31.854009+00:00,11312.25,{'stop_loss_price': 11312.25}
INVALID_RISK_UNIT,risk_unit == 0 or non-finite,NQZ20-CME,7833910,2020-10-02 19:52:29.880000+00:00,11260.5,{'stop_loss_price': 11260.5}
INVALID_RISK_UNIT,risk_unit == 0 or non-finite,NQZ20-CME,7850996,2020-10-02 20:09:45.372000+00:00,11228.75,{'stop_loss_price': 11228.75}
INVALID_RISK_UNIT,risk_unit == 0 or non-finite,NQZ20-CME,7850997,2020-10-02 20:09:45.372001+00:00,11228.75,{'stop_loss_price': 11228.75}
INVALID_RISK_UNIT,risk_unit == 0 or non-finite,NQZ20-CME,7850998,2020-10-02 20:09:45.372002+00:00,11228.75,{'stop_loss_price': 11228.75}
INVALID_RISK_UNIT,risk_unit == 0 or non-finite,NQZ20-CME,7850999,2020-10-02 20:09:45.372003+00:00,11228.75,{'stop_loss_price': 11228.75}
INVALID_RISK_UNIT,risk_unit == 0 or non-finite,NQZ20-CME,7851000,2020-10-02 20:09:45.372004+00:00,11228.75,{'stop_loss_price': 11228.75}
INVALID_RISK_UNIT,risk_unit == 0 or non-finite,NQZ20-CME,7851001,2020-10-02 20:09:45.373000+00:00,11228.75,{'stop_loss_price': 11228.75}
INVALID_RISK_UNIT,risk_unit == 0 or non-finite,NQZ20-CME,7868283,2020-10-04 23:56:02.328000+00:00,11332.5,{'stop_loss_price': 11332.5}
INVALID_RISK_UNIT,risk_unit == 0 or non-finite,NQZ20-CME,7920248,2020-10-05 09:05:01.490000+00:00,11330.5,{'stop_loss_price': 11330.5}
INVALID_RISK_UNIT,risk_unit == 0 or non-finite,NQZ20-CME,7969432,2020-10-05 13:38:04.078000+00:00,11345.75,{'stop_loss_price': 11345.75}
INVALID_RISK_UNIT,risk_unit == 0 or non-finite,NQZ20-CME,7999499,2020-10-05 14:05:25.489000+00:00,11387.75,{'stop_loss_price': 11387.75}
INVALID_RISK_UNIT,risk_unit == 0 or non-finite,NQZ20-CME,7999500,2020-10-05 14:05:25.490000+00:00,11387.75,{'stop_loss_price': 11387.75}
INVALID_RISK_UNIT,risk_unit == 0 or non-finite,NQZ20-CME,7999501,2020-10-05 14:05:25.996000+00:00,11387.75,{'stop_loss_price': 11387.75}
INVALID_RISK_UNIT,risk_unit == 0 or non-finite,NQZ20-CME,7999502,2020-10-05 14:05:26.320000+00:00,11387.75,{'stop_loss_price': 11387.75}
INVALID_RISK_UNIT,risk_unit == 0 or non-finite,NQZ20-CME,7999503,2020-10-05 14:05:26.320001+00:00,11387.75,{'stop_loss_price': 11387.75}
INVALID_RISK_UNIT,risk_unit == 0 or non-finite,NQZ20-CME,8003000,2020-10-05 14:09:16.907000+00:00,11393.5,{'stop_loss_price': 11393.5}
INVALID_RISK_UNIT,risk_unit == 0 or non-finite,NQZ20-CME,8003001,2020-10-05 14:09:16.907001+00:00,11393.5,{'stop_loss_price': 11393.5}
INVALID_RISK_UNIT,risk_unit == 0 or non-finite,NQZ20-CME,8003002,2020-10-05 14:09:16.907002+00:00,11393.5,{'stop_loss_price': 11393.5}
INVALID_RISK_UNIT,risk_unit == 0 or non-finite,NQZ20-CME,8018559,2020-10-05 14:24:20.620002+00:00,11402.25,{'stop_loss_price': 11402.25}
INVALID_RISK_UNIT,risk_unit == 0 or non-finite,NQZ20-CME,8018560,2020-10-05 14:24:20.620003+00:00,11402.25,{'stop_loss_price': 11402.25}
INVALID_RISK_UNIT,risk_unit == 0 or non-finite,NQZ20-CME,8071657,2020-10-05 15:44:30.323000+00:00,11412.5,{'stop_loss_price': 11412.5}
INVALID_RISK_UNIT,risk_unit == 0 or non-finite,NQZ20-CME,8071658,2020-10-05 15:44:30.335000+00:00,11412.5,{'stop_loss_price': 11412.5}
INVALID_RISK_UNIT,risk_unit == 0 or non-finite,NQZ20-CME,8071673,2020-10-05 15:44:33.151000+00:00,11412.5,{'stop_loss_price': 11412.5}
INVALID_RISK_UNIT,risk_unit == 0 or non-finite,NQZ20-CME,8103120,2020-10-05 17:11:33.966000+00:00,11444.0,{'stop_loss_price': 11444.0}
INVALID_RISK_UNIT,risk_unit == 0 or non-finite,NQZ20-CME,8129340,2020-10-05 18:06:03.983000+00:00,11393.5,{'stop_loss_price': 11393.5}
INVALID_RISK_UNIT,risk_unit == 0 or non-finite,NQZ20-CME,8150253,2020-10-05 18:50:43.446000+00:00,11431.25,{'stop_loss_price': 11431.25}
INVALID_RISK_UNIT,risk_unit == 0 or non-finite,NQZ20-CME,8303023,2020-10-06 13:31:57.727000+00:00,11471.0,{'stop_loss_price': 11471.0}
INVALID_RISK_UNIT,risk_unit == 0 or non-finite,NQZ20-CME,8314448,2020-10-06 13:40:12.211000+00:00,11464.5,{'stop_loss_price': 11464.5}
INVALID_RISK_UNIT,risk_unit == 0 or non-finite,NQZ20-CME,8347084,2020-10-06 14:03:40.841001+00:00,11478.75,{'stop_loss_price': 11478.75}
INVALID_RISK_UNIT,risk_unit == 0 or non-finite,NQZ20-CME,8347085,2020-10-06 14:03:40.841002+00:00,11478.75,{'stop_loss_price': 11478.75}
INVALID_RISK_UNIT,risk_unit == 0 or non-finite,NQZ20-CME,8347092,2020-10-06 14:03:41.022000+00:00,11478.75,{'stop_loss_price': 11478.75}
INVALID_RISK_UNIT,risk_unit == 0 or non-finite,NQZ20-CME,8347093,2020-10-06 14:03:41.022001+00:00,11478.75,{'stop_loss_price': 11478.75}
INVALID_RISK_UNIT,risk_unit == 0 or non-finite,NQZ20-CME,8347094,2020-10-06 14:03:41.022002+00:00,11478.75,{'stop_loss_price': 11478.75}
INVALID_RISK_UNIT,risk_unit == 0 or non-finite,NQZ20-CME,8347109,2020-10-06 14:03:41.405001+00:00,11478.75,{'stop_loss_price': 11478.75}
INVALID_RISK_UNIT,risk_unit == 0 or non-finite,NQZ20-CME,8347110,2020-10-06 14:03:41.405002+00:00,11478.75,{'stop_loss_price': 11478.75}
INVALID_RISK_UNIT,risk_unit == 0 or non-finite,NQZ20-CME,8347112,2020-10-06 14:03:41.417000+00:00,11478.75,{'stop_loss_price': 11478.75}
INVALID_RISK_UNIT,risk_unit == 0 or non-finite,NQZ20-CME,8374564,2020-10-06 14:33:33.388000+00:00,11480.75,{'stop_loss_price': 11480.75}
INVALID_RISK_UNIT,risk_unit == 0 or non-finite,NQZ20-CME,8374565,2020-10-06 14:33:33.480000+00:00,11480.75,{'stop_loss_price': 11480.75}
INVALID_RISK_UNIT,risk_unit == 0 or non-finite,NQZ20-CME,8374567,2020-10-06 14:33:33.855000+00:00,11480.75,{'stop_loss_price': 11480.75}
INVALID_RISK_UNIT,risk_unit == 0 or non-finite,NQZ20-CME,8378240,2020-10-06 14:38:12.850000+00:00,11473.5,{'stop_loss_price': 11473.5}
INVALID_RISK_UNIT,risk_unit == 0 or non-finite,NQZ20-CME,8378241,2020-10-06 14:38:12.850001+00:00,11473.5,{'stop_loss_price': 11473.5}
INVALID_RISK_UNIT,risk_unit == 0 or non-finite,NQZ20-CME,8378245,2020-10-06 14:38:13.031000+00:00,11473.5,{'stop_loss_price': 11473.5}
INVALID_RISK_UNIT,risk_unit == 0 or non-finite,NQZ20-CME,8378246,2020-10-06 14:38:13.065000+00:00,11473.5,{'stop_loss_price': 11473.5}
INVALID_RISK_UNIT,risk_unit == 0 or non-finite,NQZ20-CME,8378249,2020-10-06 14:38:13.848000+00:00,11473.5,{'stop_loss_price': 11473.5}
INVALID_RISK_UNIT,risk_unit == 0 or non-finite,NQZ20-CME,8378250,2020-10-06 14:38:13.926000+00:00,11473.5,{'stop_loss_price': 11473.5}
INVALID_RISK_UNIT,risk_unit == 0 or non-finite,NQZ20-CME,8378251,2020-10-06 14:38:13.926001+00:00,11473.5,{'stop_loss_price': 11473.5}
INVALID_RISK_UNIT,risk_unit == 0 or non-finite,NQZ20-CME,8401524,2020-10-06 14:55:06.505001+00:00,11455.75,{'stop_loss_price': 11455.75}
INVALID_RISK_UNIT,risk_unit == 0 or non-finite,NQZ20-CME,8401525,2020-10-06 14:55:06.505002+00:00,11455.75,{'stop_loss_price': 11455.75}
INVALID_RISK_UNIT,risk_unit == 0 or non-finite,NQZ20-CME,8401526,2020-10-06 14:55:06.516000+00:00,11455.75,{'stop_loss_price': 11455.75}
INVALID_RISK_UNIT,risk_unit == 0 or non-finite,NQZ20-CME,8404582,2020-10-06 14:58:09.021003+00:00,11456.75,{'stop_loss_price': 11456.75}
INVALID_RISK_UNIT,risk_unit == 0 or non-finite,NQZ20-CME,8404583,2020-10-06 14:58:09.021004+00:00,11456.75,{'stop_loss_price': 11456.75}
INVALID_RISK_UNIT,risk_unit == 0 or non-finite,NQZ20-CME,8444977,2020-10-06 15:32:16.904002+00:00,11390.25,{'stop_loss_price': 11390.25}
INVALID_RISK_UNIT,risk_unit == 0 or non-finite,NQZ20-CME,8444978,2020-10-06 15:32:16.904003+00:00,11390.25,{'stop_loss_price': 11390.25}
INVALID_RISK_UNIT,risk_unit == 0 or non-finite,NQZ20-CME,8444979,2020-10-06 15:32:16.904004+00:00,11390.25,{'stop_loss_price': 11390.25}
INVALID_RISK_UNIT,risk_unit == 0 or non-finite,NQZ20-CME,8521273,2020-10-06 17:29:50.652000+00:00,11445.75,{'stop_loss_price': 11445.75}
INVALID_RISK_UNIT,risk_unit == 0 or non-finite,NQZ20-CME,8521274,2020-10-06 17:29:50.652001+00:00,11445.75,{'stop_loss_price': 11445.75}
INVALID_RISK_UNIT,risk_unit == 0 or non-finite,NQZ20-CME,8521275,2020-10-06 17:29:50.652002+00:00,11445.75,{'stop_loss_price': 11445.75}
INVALID_RISK_UNIT,risk_unit == 0 or non-finite,NQZ20-CME,8540337,2020-10-06 18:06:32.953000+00:00,11469.25,{'stop_loss_price': 11469.25}
INVALID_RISK_UNIT,risk_unit == 0 or non-finite,NQZ20-CME,8560605,2020-10-06 18:44:13.415000+00:00,11510.0,{'stop_loss_price': 11510.0}
INVALID_RISK_UNIT,risk_unit == 0 or non-finite,NQZ20-CME,8560606,2020-10-06 18:44:13.415001+00:00,11510.0,{'stop_loss_price': 11510.0}
INVALID_RISK_UNIT,risk_unit == 0 or non-finite,NQZ20-CME,8560607,2020-10-06 18:44:13.416000+00:00,11510.0,{'stop_loss_price': 11510.0}
INVALID_RISK_UNIT,risk_unit == 0 or non-finite,NQZ20-CME,8609633,2020-10-06 18:59:03.732000+00:00,11360.75,{'stop_loss_price': 11360.75}
INVALID_RISK_UNIT,risk_unit == 0 or non-finite,NQZ20-CME,8627654,2020-10-06 19:04:41.275000+00:00,11306.25,{'stop_loss_price': 11306.25}
INVALID_RISK_UNIT,risk_unit == 0 or non-finite,NQZ20-CME,8653959,2020-10-06 19:14:08.349001+00:00,11327.5,{'stop_loss_price': 11327.5}
INVALID_RISK_UNIT,risk_unit == 0 or non-finite,NQZ20-CME,8653960,2020-10-06 19:14:08.349002+00:00,11327.5,{'stop_loss_price': 11327.5}
INVALID_RISK_UNIT,risk_unit == 0 or non-finite,NQZ20-CME,8721676,2020-10-06 19:55:13.079000+00:00,11289.75,{'stop_loss_price': 11289.75}
INVALID_RISK_UNIT,risk_unit == 0 or non-finite,NQZ20-CME,8745391,2020-10-06 20:33:25.120003+00:00,11248.5,{'stop_loss_price': 11248.5}
INVALID_RISK_UNIT,risk_unit == 0 or non-finite,NQZ20-CME,8745392,2020-10-06 20:33:28.440000+00:00,11248.5,{'stop_loss_price': 11248.5}
INVALID_RISK_UNIT,risk_unit == 0 or non-finite,NQZ20-CME,8745393,2020-10-06 20:33:28.726000+00:00,11248.5,{'stop_loss_price': 11248.5}
INVALID_RISK_UNIT,risk_unit == 0 or non-finite,NQZ20-CME,8745394,2020-10-06 20:33:28.726001+00:00,11248.5,{'stop_loss_price': 11248.5}
INVALID_RISK_UNIT,risk_unit == 0 or non-finite,NQZ20-CME,8745395,2020-10-06 20:33:28.730000+00:00,11248.5,{'stop_loss_price': 11248.5}
INVALID_RISK_UNIT,risk_unit == 0 or non-finite,NQZ20-CME,8787332,2020-10-07 04:29:03.956000+00:00,11289.25,{'stop_loss_price': 11289.25}
INVALID_RISK_UNIT,risk_unit == 0 or non-finite,NQZ20-CME,8798756,2020-10-07 06:36:50.200000+00:00,11318.25,{'stop_loss_price': 11318.25}
INVALID_RISK_UNIT,risk_unit == 0 or non-finite,NQZ20-CME,8829992,2020-10-07 11:58:56.804000+00:00,11358.75,{'stop_loss_price': 11358.75}
INVALID_RISK_UNIT,risk_unit == 0 or non-finite,NQZ20-CME,8842106,2020-10-07 12:52:12.782000+00:00,11374.5,{'stop_loss_price': 11374.5}
INVALID_RISK_UNIT,risk_unit == 0 or non-finite,NQZ20-CME,8862040,2020-10-07 13:34:07.588000+00:00,11425.0,{'stop_loss_price': 11425.0}
INVALID_RISK_UNIT,risk_unit == 0 or non-finite,NQZ20-CME,8862041,2020-10-07 13:34:07.588001+00:00,11425.0,{'stop_loss_price': 11425.0}
INVALID_RISK_UNIT,risk_unit == 0 or non-finite,NQZ20-CME,8862042,2020-10-07 13:34:07.588002+00:00,11425.0,{'stop_loss_price': 11425.0}
INVALID_RISK_UNIT,risk_unit == 0 or non-finite,NQZ20-CME,8862043,2020-10-07 13:34:07.658000+00:00,11425.0,{'stop_loss_price': 11425.0}
INVALID_RISK_UNIT,risk_unit == 0 or non-finite,NQZ20-CME,8862044,2020-10-07 13:34:07.710000+00:00,11425.0,{'stop_loss_price': 11425.0}
INVALID_RISK_UNIT,risk_unit == 0 or non-finite,NQZ20-CME,8862045,2020-10-07 13:34:07.766000+00:00,11425.0,{'stop_loss_price': 11425.0}
INVALID_RISK_UNIT,risk_unit == 0 or non-finite,NQZ20-CME,8950280,2020-10-07 14:46:26.485000+00:00,11391.75,{'stop_loss_price': 11391.75}
INVALID_RISK_UNIT,risk_unit == 0 or non-finite,NQZ20-CME,8955518,2020-10-07 14:53:06.343000+00:00,11403.0,{'stop_loss_price': 11403.0}
INVALID_RISK_UNIT,risk_unit == 0 or non-finite,NQZ20-CME,8961068,2020-10-07 15:00:11.442000+00:00,11421.0,{'stop_loss_price': 11421.0}
INVALID_RISK_UNIT,risk_unit == 0 or non-finite,NQZ20-CME,8961069,2020-10-07 15:00:11.465000+00:00,11421.0,{'stop_loss_price': 11421.0}
INVALID_RISK_UNIT,risk_unit == 0 or non-finite,NQZ20-CME,8975585,2020-10-07 15:23:00.655001+00:00,11419.5,{'stop_loss_price': 11419.5}
INVALID_RISK_UNIT,risk_unit == 0 or non-finite,NQZ20-CME,8975586,2020-10-07 15:23:01.101000+00:00,11419.5,{'stop_loss_price': 11419.5}
INVALID_RISK_UNIT,risk_unit == 0 or non-finite,NQZ20-CME,8975587,2020-10-07 15:23:01.101001+00:00,11419.5,{'stop_loss_price': 11419.5}
INVALID_RISK_UNIT,risk_unit == 0 or non-finite,NQZ20-CME,8975588,2020-10-07 15:23:01.101002+00:00,11419.5,{'stop_loss_price': 11419.5}
INVALID_RISK_UNIT,risk_unit == 0 or non-finite,NQZ20-CME,8997457,2020-10-07 16:03:01.903000+00:00,11439.25,{'stop_loss_price': 11439.25}
INVALID_RISK_UNIT,risk_unit == 0 or non-finite,NQZ20-CME,9027614,2020-10-07 16:48:58.050000+00:00,11442.0,{'stop_loss_price': 11442.0}
INVALID_RISK_UNIT,risk_unit == 0 or non-finite,NQZ20-CME,9031536,2020-10-07 16:59:43.438000+00:00,11457.25,{'stop_loss_price': 11457.25}
INVALID_RISK_UNIT,risk_unit == 0 or non-finite,NQZ20-CME,9034163,2020-10-07 17:02:32.190000+00:00,11460.75,{'stop_loss_price': 11460.75}
INVALID_RISK_UNIT,risk_unit == 0 or non-finite,NQZ20-CME,9034164,2020-10-07 17:02:32.215000+00:00,11460.75,{'stop_loss_price': 11460.75}
INVALID_RISK_UNIT,risk_unit == 0 or non-finite,NQZ20-CME,9039537,2020-10-07 17:12:54.700000+00:00,11466.0,{'stop_loss_price': 11466.0}
INVALID_RISK_UNIT,risk_unit == 0 or non-finite,NQZ20-CME,9042148,2020-10-07 17:19:38.548000+00:00,11467.0,{'stop_loss_price': 11467.0}
INVALID_RISK_UNIT,risk_unit == 0 or non-finite,NQZ20-CME,9077630,2020-10-07 18:28:26.718000+00:00,11496.75,{'stop_loss_price': 11496.75}
INVALID_RISK_UNIT,risk_unit == 0 or non-finite,NQZ20-CME,9077631,2020-10-07 18:28:26.718001+00:00,11496.75,{'stop_loss_price': 11496.75}
INVALID_RISK_UNIT,risk_unit == 0 or non-finite,NQZ20-CME,9093666,2020-10-07 19:03:39.503000+00:00,11496.0,{'stop_loss_price': 11496.0}
INVALID_RISK_UNIT,risk_unit == 0 or non-finite,NQZ20-CME,9102406,2020-10-07 19:21:20.699000+00:00,11495.25,{'stop_loss_price': 11495.25}
INVALID_RISK_UNIT,risk_unit == 0 or non-finite,NQZ20-CME,9159229,2020-10-08 03:15:13.907000+00:00,11511.0,{'stop_loss_price': 11511.0}
INVALID_RISK_UNIT,risk_unit == 0 or non-finite,NQZ20-CME,9159230,2020-10-08 03:15:13.907001+00:00,11511.0,{'stop_loss_price': 11511.0}
INVALID_RISK_UNIT,risk_unit == 0 or non-finite,NQZ20-CME,9159231,2020-10-08 03:15:15.823000+00:00,11511.0,{'stop_loss_price': 11511.0}
INVALID_RISK_UNIT,risk_unit == 0 or non-finite,NQZ20-CME,9159232,2020-10-08 03:15:15.823001+00:00,11511.0,{'stop_loss_price': 11511.0}
INVALID_RISK_UNIT,risk_unit == 0 or non-finite,NQZ20-CME,9159233,2020-10-08 03:15:19.743000+00:00,11511.0,{'stop_loss_price': 11511.0}
INVALID_RISK_UNIT,risk_unit == 0 or non-finite,NQZ20-CME,9159234,2020-10-08 03:15:19.744000+00:00,11511.0,{'stop_loss_price': 11511.0}
INVALID_RISK_UNIT,risk_unit == 0 or non-finite,NQZ20-CME,9160439,2020-10-08 03:44:54.544001+00:00,11510.5,{'stop_loss_price': 11510.5}
INVALID_RISK_UNIT,risk_unit == 0 or non-finite,NQZ20-CME,9165154,2020-10-08 05:34:16.018000+00:00,11503.25,{'stop_loss_price': 11503.25}
INVALID_RISK_UNIT,risk_unit == 0 or non-finite,NQZ20-CME,9289706,2020-10-08 14:19:58.282000+00:00,11512.0,{'stop_loss_price': 11512.0}
INVALID_RISK_UNIT,risk_unit == 0 or non-finite,NQZ20-CME,9313338,2020-10-08 14:42:52.185000+00:00,11528.75,{'stop_loss_price': 11528.75}
INVALID_RISK_UNIT,risk_unit == 0 or non-finite,NQZ20-CME,9324246,2020-10-08 14:55:04.665000+00:00,11506.5,{'stop_loss_price': 11506.5}
INVALID_RISK_UNIT,risk_unit == 0 or non-finite,NQZ20-CME,9324247,2020-10-08 14:55:04.665001+00:00,11506.5,{'stop_loss_price': 11506.5}
INVALID_RISK_UNIT,risk_unit == 0 or non-finite,NQZ20-CME,9342645,2020-10-08 15:19:32.064002+00:00,11545.0,{'stop_loss_price': 11545.0}
INVALID_RISK_UNIT,risk_unit == 0 or non-finite,NQZ20-CME,9350352,2020-10-08 15:26:08.984000+00:00,11531.25,{'stop_loss_price': 11531.25}
INVALID_RISK_UNIT,risk_unit == 0 or non-finite,NQZ20-CME,9400842,2020-10-08 16:46:04.493000+00:00,11554.75,{'stop_loss_price': 11554.75}
INVALID_RISK_UNIT,risk_unit == 0 or non-finite,NQZ20-CME,9441210,2020-10-08 18:20:16.332000+00:00,11523.25,{'stop_loss_price': 11523.25}
INVALID_RISK_UNIT,risk_unit == 0 or non-finite,NQZ20-CME,9441211,2020-10-08 18:20:16.332001+00:00,11523.25,{'stop_loss_price': 11523.25}
INVALID_RISK_UNIT,risk_unit == 0 or non-finite,NQZ20-CME,9441212,2020-10-08 18:20:16.332002+00:00,11523.25,{'stop_loss_price': 11523.25}
INVALID_RISK_UNIT,risk_unit == 0 or non-finite,NQZ20-CME,9441213,2020-10-08 18:20:16.332003+00:00,11523.25,{'stop_loss_price': 11523.25}
INVALID_RISK_UNIT,risk_unit == 0 or non-finite,NQZ20-CME,9441214,2020-10-08 18:20:16.332004+00:00,11523.25,{'stop_loss_price': 11523.25}
INVALID_RISK_UNIT,risk_unit == 0 or non-finite,NQZ20-CME,9462817,2020-10-08 19:12:17.595000+00:00,11527.0,{'stop_loss_price': 11527.0}
INVALID_RISK_UNIT,risk_unit == 0 or non-finite,NQZ20-CME,9471449,2020-10-08 19:32:33.464000+00:00,11529.5,{'stop_loss_price': 11529.5}
INVALID_RISK_UNIT,risk_unit == 0 or non-finite,NQZ20-CME,9472837,2020-10-08 19:36:15.830000+00:00,11527.5,{'stop_loss_price': 11527.5}
INVALID_RISK_UNIT,risk_unit == 0 or non-finite,NQZ20-CME,9472838,2020-10-08 19:36:15.830001+00:00,11527.5,{'stop_loss_price': 11527.5}
INVALID_RISK_UNIT,risk_unit == 0 or non-finite,NQZ20-CME,9490846,2020-10-08 20:10:00.041000+00:00,11538.75,{'stop_loss_price': 11538.75}
INVALID_RISK_UNIT,risk_unit == 0 or non-finite,NQZ20-CME,9490847,2020-10-08 20:10:00.086000+00:00,11538.75,{'stop_loss_price': 11538.75}
INVALID_RISK_UNIT,risk_unit == 0 or non-finite,NQZ20-CME,9490850,2020-10-08 20:10:00.336000+00:00,11538.75,{'stop_loss_price': 11538.75}
INVALID_RISK_UNIT,risk_unit == 0 or non-finite,NQZ20-CME,9518525,2020-10-09 03:35:55.539000+00:00,11598.0,{'stop_loss_price': 11598.0}
INVALID_RISK_UNIT,risk_unit == 0 or non-finite,NQZ20-CME,9518526,2020-10-09 03:35:55.539001+00:00,11598.0,{'stop_loss_price': 11598.0}
INVALID_RISK_UNIT,risk_unit == 0 or non-finite,NQZ20-CME,9518527,2020-10-09 03:35:55.539002+00:00,11598.0,{'stop_loss_price': 11598.0}
INVALID_RISK_UNIT,risk_unit == 0 or non-finite,NQZ20-CME,9521637,2020-10-09 05:08:34.493000+00:00,11586.75,{'stop_loss_price': 11586.75}
INVALID_RISK_UNIT,risk_unit == 0 or non-finite,NQZ20-CME,9524412,2020-10-09 06:03:42.337000+00:00,11582.75,{'stop_loss_price': 11582.75}
INVALID_RISK_UNIT,risk_unit == 0 or non-finite,NQZ20-CME,9548508,2020-10-09 10:45:29.059000+00:00,11568.0,{'stop_loss_price': 11568.0}
INVALID_RISK_UNIT,risk_unit == 0 or non-finite,NQZ20-CME,9561178,2020-10-09 12:33:14.150000+00:00,11592.0,{'stop_loss_price': 11592.0}
INVALID_RISK_UNIT,risk_unit == 0 or non-finite,NQZ20-CME,9676822,2020-10-09 15:12:00.910000+00:00,11659.5,{'stop_loss_price': 11659.5}
INVALID_RISK_UNIT,risk_unit == 0 or non-finite,NQZ20-CME,9676823,2020-10-09 15:12:00.910001+00:00,11659.5,{'stop_loss_price': 11659.5}
INVALID_RISK_UNIT,risk_unit == 0 or non-finite,NQZ20-CME,9676824,2020-10-09 15:12:01.112000+00:00,11659.5,{'stop_loss_price': 11659.5}
INVALID_RISK_UNIT,risk_unit == 0 or non-finite,NQZ20-CME,9676825,2020-10-09 15:12:01.454000+00:00,11659.5,{'stop_loss_price': 11659.5}
INVALID_RISK_UNIT,risk_unit == 0 or non-finite,NQZ20-CME,9704534,2020-10-09 15:52:28.758000+00:00,11677.5,{'stop_loss_price': 11677.5}
INVALID_RISK_UNIT,risk_unit == 0 or non-finite,NQZ20-CME,9704535,2020-10-09 15:52:28.758001+00:00,11677.5,{'stop_loss_price': 11677.5}
INVALID_RISK_UNIT,risk_unit == 0 or non-finite,NQZ20-CME,9704536,2020-10-09 15:52:28.759000+00:00,11677.5,{'stop_loss_price': 11677.5}
INVALID_RISK_UNIT,risk_unit == 0 or non-finite,NQZ20-CME,9704537,2020-10-09 15:52:28.759001+00:00,11677.5,{'stop_loss_price': 11677.5}
INVALID_RISK_UNIT,risk_unit == 0 or non-finite,NQZ20-CME,9704538,2020-10-09 15:52:28.762000+00:00,11677.5,{'stop_loss_price': 11677.5}
INVALID_RISK_UNIT,risk_unit == 0 or non-finite,NQZ20-CME,9704539,2020-10-09 15:52:28.762001+00:00,11677.5,{'stop_loss_price': 11677.5}
INVALID_RISK_UNIT,risk_unit == 0 or non-finite,NQZ20-CME,9746766,2020-10-09 16:56:25.789000+00:00,11686.75,{'stop_loss_price': 11686.75}
INVALID_RISK_UNIT,risk_unit == 0 or non-finite,NQZ20-CME,9746767,2020-10-09 16:56:26.010000+00:00,11686.75,{'stop_loss_price': 11686.75}
INVALID_RISK_UNIT,risk_unit == 0 or non-finite,NQZ20-CME,9760895,2020-10-09 17:30:14.176000+00:00,11682.75,{'stop_loss_price': 11682.75}
INVALID_RISK_UNIT,risk_unit == 0 or non-finite,NQZ20-CME,9760896,2020-10-09 17:30:14.176001+00:00,11682.75,{'stop_loss_price': 11682.75}
INVALID_RISK_UNIT,risk_unit == 0 or non-finite,NQZ20-CME,9760897,2020-10-09 17:30:14.176002+00:00,11682.75,{'stop_loss_price': 11682.75}
INVALID_RISK_UNIT,risk_unit == 0 or non-finite,NQZ20-CME,9766640,2020-10-09 17:44:05.349005+00:00,11676.25,{'stop_loss_price': 11676.25}
INVALID_RISK_UNIT,risk_unit == 0 or non-finite,NQZ20-CME,9766641,2020-10-09 17:44:05.349006+00:00,11676.25,{'stop_loss_price': 11676.25}
INVALID_RISK_UNIT,risk_unit == 0 or non-finite,NQZ20-CME,9766642,2020-10-09 17:44:05.349007+00:00,11676.25,{'stop_loss_price': 11676.25}
INVALID_RISK_UNIT,risk_unit == 0 or non-finite,NQZ20-CME,9766643,2020-10-09 17:44:05.349008+00:00,11676.25,{'stop_loss_price': 11676.25}
INVALID_RISK_UNIT,risk_unit == 0 or non-finite,NQZ20-CME,9766644,2020-10-09 17:44:05.349009+00:00,11676.25,{'stop_loss_price': 11676.25}
INVALID_RISK_UNIT,risk_unit == 0 or non-finite,NQZ20-CME,9766645,2020-10-09 17:44:05.349010+00:00,11676.25,{'stop_loss_price': 11676.25}
INVALID_RISK_UNIT,risk_unit == 0 or non-finite,NQZ20-CME,9766646,2020-10-09 17:44:05.349011+00:00,11676.25,{'stop_loss_price': 11676.25}
INVALID_RISK_UNIT,risk_unit == 0 or non-finite,NQZ20-CME,9770015,2020-10-09 17:54:40.298000+00:00,11688.5,{'stop_loss_price': 11688.5}
INVALID_RISK_UNIT,risk_unit == 0 or non-finite,NQZ20-CME,9770016,2020-10-09 17:54:40.298001+00:00,11688.5,{'stop_loss_price': 11688.5}
INVALID_RISK_UNIT,risk_unit == 0 or non-finite,NQZ20-CME,9778202,2020-10-09 18:15:17.195000+00:00,11688.25,{'stop_loss_price': 11688.25}
INVALID_RISK_UNIT,risk_unit == 0 or non-finite,NQZ20-CME,9778203,2020-10-09 18:15:17.195001+00:00,11688.25,{'stop_loss_price': 11688.25}
INVALID_RISK_UNIT,risk_unit == 0 or non-finite,NQZ20-CME,9778204,2020-10-09 18:15:17.195002+00:00,11688.25,{'stop_loss_price': 11688.25}
INVALID_RISK_UNIT,risk_unit == 0 or non-finite,NQZ20-CME,9820753,2020-10-09 19:46:24.314000+00:00,11698.25,{'stop_loss_price': 11698.25}
INVALID_RISK_UNIT,risk_unit == 0 or non-finite,NQZ20-CME,9820754,2020-10-09 19:46:24.315000+00:00,11698.25,{'stop_loss_price': 11698.25}
INVALID_RISK_UNIT,risk_unit == 0 or non-finite,NQZ20-CME,9820758,2020-10-09 19:46:24.659000+00:00,11698.25,{'stop_loss_price': 11698.25}
INVALID_RISK_UNIT,risk_unit == 0 or non-finite,NQZ20-CME,9871391,2020-10-12 02:13:23.185003+00:00,11761.0,{'stop_loss_price': 11761.0}
INVALID_RISK_UNIT,risk_unit == 0 or non-finite,NQZ20-CME,9871392,2020-10-12 02:13:23.185004+00:00,11761.0,{'stop_loss_price': 11761.0}
INVALID_RISK_UNIT,risk_unit == 0 or non-finite,NQZ20-CME,9871393,2020-10-12 02:13:23.186000+00:00,11761.0,{'stop_loss_price': 11761.0}
INVALID_RISK_UNIT,risk_unit == 0 or non-finite,NQZ20-CME,9871395,2020-10-12 02:13:23.188000+00:00,11761.0,{'stop_loss_price': 11761.0}
INVALID_RISK_UNIT,risk_unit == 0 or non-finite,NQZ20-CME,9906563,2020-10-12 08:26:13.360000+00:00,11847.75,{'stop_loss_price': 11847.75}
INVALID_RISK_UNIT,risk_unit == 0 or non-finite,NQZ20-CME,9906564,2020-10-12 08:26:13.360001+00:00,11847.75,{'stop_loss_price': 11847.75}
INVALID_RISK_UNIT,risk_unit == 0 or non-finite,NQZ20-CME,9945915,2020-10-12 11:53:21.275000+00:00,11915.0,{'stop_loss_price': 11915.0}
INVALID_RISK_UNIT,risk_unit == 0 or non-finite,NQZ20-CME,9961461,2020-10-12 12:40:56.698000+00:00,11954.25,{'stop_loss_price': 11954.25}
INVALID_RISK_UNIT,risk_unit == 0 or non-finite,NQZ20-CME,9972907,2020-10-12 13:19:41.097000+00:00,11937.75,{'stop_loss_price': 11937.75}
INVALID_RISK_UNIT,risk_unit == 0 or non-finite,NQZ20-CME,9988214,2020-10-12 13:33:19.164000+00:00,11888.5,{'stop_loss_price': 11888.5}
INVALID_RISK_UNIT,risk_unit == 0 or non-finite,NQZ20-CME,9988215,2020-10-12 13:33:19.176000+00:00,11888.5,{'stop_loss_price': 11888.5}
INVALID_RISK_UNIT,risk_unit == 0 or non-finite,NQZ20-CME,9993890,2020-10-12 13:35:31.667000+00:00,11912.75,{'stop_loss_price': 11912.75}
INVALID_RISK_UNIT,risk_unit == 0 or non-finite,NQZ20-CME,9993891,2020-10-12 13:35:31.667001+00:00,11912.75,{'stop_loss_price': 11912.75}
INVALID_RISK_UNIT,risk_unit == 0 or non-finite,NQZ20-CME,9993892,2020-10-12 13:35:31.669000+00:00,11912.75,{'stop_loss_price': 11912.75}
INVALID_RISK_UNIT,risk_unit == 0 or non-finite,NQZ20-CME,9993893,2020-10-12 13:35:31.741000+00:00,11912.75,{'stop_loss_price': 11912.75}
INVALID_RISK_UNIT,risk_unit == 0 or non-finite,NQZ20-CME,9993896,2020-10-12 13:35:31.844000+00:00,11912.75,{'stop_loss_price': 11912.75}
INVALID_RISK_UNIT,risk_unit == 0 or non-finite,NQZ20-CME,9993897,2020-10-12 13:35:31.844001+00:00,11912.75,{'stop_loss_price': 11912.75}
INVALID_RISK_UNIT,risk_unit == 0 or non-finite,NQZ20-CME,9993907,2020-10-12 13:35:31.954009+00:00,11912.75,{'stop_loss_price': 11912.75}
INVALID_RISK_UNIT,risk_unit == 0 or non-finite,NQZ20-CME,9993908,2020-10-12 13:35:31.954010+00:00,11912.75,{'stop_loss_price': 11912.75}
INVALID_RISK_UNIT,risk_unit == 0 or non-finite,NQZ20-CME,9993909,2020-10-12 13:35:31.954011+00:00,11912.75,{'stop_loss_price': 11912.75}
INVALID_RISK_UNIT,risk_unit == 0 or non-finite,NQZ20-CME,9994968,2020-10-12 13:36:01.669000+00:00,11915.0,{'stop_loss_price': 11915.0}
INVALID_RISK_UNIT,risk_unit == 0 or non-finite,NQZ20-CME,9994969,2020-10-12 13:36:01.669001+00:00,11915.0,{'stop_loss_price': 11915.0}
INVALID_RISK_UNIT,risk_unit == 0 or non-finite,NQZ20-CME,10004187,2020-10-12 13:40:05.060000+00:00,11925.25,{'stop_loss_price': 11925.25}
INVALID_RISK_UNIT,risk_unit == 0 or non-finite,NQZ20-CME,10004575,2020-10-12 13:40:16.548000+00:00,11918.75,{'stop_loss_price': 11918.75}
INVALID_RISK_UNIT,risk_unit == 0 or non-finite,NQZ20-CME,10004576,2020-10-12 13:40:16.548001+00:00,11918.75,{'stop_loss_price': 11918.75}
INVALID_RISK_UNIT,risk_unit == 0 or non-finite,NQZ20-CME,10004577,2020-10-12 13:40:16.548002+00:00,11918.75,{'stop_loss_price': 11918.75}
INVALID_RISK_UNIT,risk_unit == 0 or non-finite,NQZ20-CME,10004578,2020-10-12 13:40:16.549000+00:00,11918.75,{'stop_loss_price': 11918.75}
INVALID_RISK_UNIT,risk_unit == 0 or non-finite,NQZ20-CME,10015461,2020-10-12 13:46:12.113000+00:00,11889.0,{'stop_loss_price': 11889.0}
INVALID_RISK_UNIT,risk_unit == 0 or non-finite,NQZ20-CME,10043074,2020-10-12 14:04:55.326000+00:00,11884.75,{'stop_loss_price': 11884.75}
INVALID_RISK_UNIT,risk_unit == 0 or non-finite,NQZ20-CME,10124749,2020-10-12 15:15:00.187000+00:00,11998.25,{'stop_loss_price': 11998.25}
INVALID_RISK_UNIT,risk_unit == 0 or non-finite,NQZ20-CME,10124750,2020-10-12 15:15:00.255000+00:00,11998.25,{'stop_loss_price': 11998.25}
INVALID_RISK_UNIT,risk_unit == 0 or non-finite,NQZ20-CME,10126571,2020-10-12 15:16:15.721000+00:00,12002.25,{'stop_loss_price': 12002.25}
INVALID_RISK_UNIT,risk_unit == 0 or non-finite,NQZ20-CME,10126572,2020-10-12 15:16:15.721001+00:00,12002.25,{'stop_loss_price': 12002.25}
INVALID_RISK_UNIT,risk_unit == 0 or non-finite,NQZ20-CME,10156081,2020-10-12 15:44:01.682005+00:00,12035.75,{'stop_loss_price': 12035.75}
INVALID_RISK_UNIT,risk_unit == 0 or non-finite,NQZ20-CME,10156082,2020-10-12 15:44:01.682006+00:00,12035.75,{'stop_loss_price': 12035.75}
INVALID_RISK_UNIT,risk_unit == 0 or non-finite,NQZ20-CME,10156083,2020-10-12 15:44:01.682007+00:00,12035.75,{'stop_loss_price': 12035.75}
INVALID_RISK_UNIT,risk_unit == 0 or non-finite,NQZ20-CME,10156084,2020-10-12 15:44:01.682008+00:00,12035.75,{'stop_loss_price': 12035.75}
INVALID_RISK_UNIT,risk_unit == 0 or non-finite,NQZ20-CME,10156085,2020-10-12 15:44:01.682009+00:00,12035.75,{'stop_loss_price': 12035.75}
INVALID_RISK_UNIT,risk_unit == 0 or non-finite,NQZ20-CME,10156086,2020-10-12 15:44:01.682010+00:00,12035.75,{'stop_loss_price': 12035.75}
INVALID_RISK_UNIT,risk_unit == 0 or non-finite,NQZ20-CME,10174719,2020-10-12 16:01:25.538000+00:00,12020.0,{'stop_loss_price': 12020.0}
INVALID_RISK_UNIT,risk_unit == 0 or non-finite,NQZ20-CME,10174720,2020-10-12 16:01:25.538001+00:00,12020.0,{'stop_loss_price': 12020.0}
INVALID_RISK_UNIT,risk_unit == 0 or non-finite,NQZ20-CME,10279379,2020-10-12 17:31:24.192000+00:00,12135.25,{'stop_loss_price': 12135.25}
INVALID_RISK_UNIT,risk_unit == 0 or non-finite,NQZ20-CME,10281617,2020-10-12 17:32:49.592000+00:00,12144.25,{'stop_loss_price': 12144.25}
INVALID_RISK_UNIT,risk_unit == 0 or non-finite,NQZ20-CME,10356896,2020-10-12 18:42:56.066000+00:00,12164.5,{'stop_loss_price': 12164.5}
INVALID_RISK_UNIT,risk_unit == 0 or non-finite,NQZ20-CME,10364719,2020-10-12 18:48:10.226000+00:00,12177.75,{'stop_loss_price': 12177.75}
INVALID_RISK_UNIT,risk_unit == 0 or non-finite,NQZ20-CME,10410312,2020-10-12 19:28:31.552007+00:00,12109.25,{'stop_loss_price': 12109.25}
INVALID_RISK_UNIT,risk_unit == 0 or non-finite,NQZ20-CME,10410313,2020-10-12 19:28:31.552008+00:00,12109.25,{'stop_loss_price': 12109.25}
INVALID_RISK_UNIT,risk_unit == 0 or non-finite,NQZ20-CME,10410314,2020-10-12 19:28:31.552009+00:00,12109.25,{'stop_loss_price': 12109.25}
INVALID_RISK_UNIT,risk_unit == 0 or non-finite,NQZ20-CME,10410315,2020-10-12 19:28:31.552010+00:00,12109.25,{'stop_loss_price': 12109.25}
INVALID_RISK_UNIT,risk_unit == 0 or non-finite,NQZ20-CME,10410316,2020-10-12 19:28:31.552011+00:00,12109.25,{'stop_loss_price': 12109.25}
INVALID_RISK_UNIT,risk_unit == 0 or non-finite,NQZ20-CME,10410317,2020-10-12 19:28:31.552012+00:00,12109.25,{'stop_loss_price': 12109.25}
INVALID_RISK_UNIT,risk_unit == 0 or non-finite,NQZ20-CME,10411318,2020-10-12 19:29:34.377000+00:00,12111.75,{'stop_loss_price': 12111.75}
INVALID_RISK_UNIT,risk_unit == 0 or non-finite,NQZ20-CME,10443851,2020-10-12 19:55:52.841000+00:00,12080.0,{'stop_loss_price': 12080.0}
INVALID_RISK_UNIT,risk_unit == 0 or non-finite,NQZ20-CME,10496875,2020-10-13 05:34:40.042000+00:00,12090.0,{'stop_loss_price': 12090.0}
INVALID_RISK_UNIT,risk_unit == 0 or non-finite,NQZ20-CME,10553264,2020-10-13 10:02:45.699000+00:00,12189.5,{'stop_loss_price': 12189.5}
INVALID_RISK_UNIT,risk_unit == 0 or non-finite,NQZ20-CME,10608429,2020-10-13 12:48:11.780000+00:00,12167.25,{'stop_loss_price': 12167.25}
INVALID_RISK_UNIT,risk_unit == 0 or non-finite,NQZ20-CME,10611122,2020-10-13 12:53:43.749000+00:00,12151.75,{'stop_loss_price': 12151.75}
INVALID_RISK_UNIT,risk_unit == 0 or non-finite,NQZ20-CME,10619160,2020-10-13 13:14:11.172000+00:00,12127.5,{'stop_loss_price': 12127.5}
INVALID_RISK_UNIT,risk_unit == 0 or non-finite,NQZ20-CME,10674073,2020-10-13 13:44:55.069000+00:00,12052.25,{'stop_loss_price': 12052.25}
INVALID_RISK_UNIT,risk_unit == 0 or non-finite,NQZ20-CME,10684365,2020-10-13 13:49:47.148000+00:00,12077.0,{'stop_loss_price': 12077.0}
INVALID_RISK_UNIT,risk_unit == 0 or non-finite,NQZ20-CME,10725527,2020-10-13 14:13:38.173000+00:00,12050.0,{'stop_loss_price': 12050.0}
INVALID_RISK_UNIT,risk_unit == 0 or non-finite,NQZ20-CME,10757004,2020-10-13 14:34:34.713000+00:00,12070.0,{'stop_loss_price': 12070.0}
INVALID_RISK_UNIT,risk_unit == 0 or non-finite,NQZ20-CME,10761419,2020-10-13 14:37:40.683000+00:00,12063.75,{'stop_loss_price': 12063.75}
INVALID_RISK_UNIT,risk_unit == 0 or non-finite,NQZ20-CME,10761420,2020-10-13 14:37:40.684000+00:00,12063.75,{'stop_loss_price': 12063.75}
INVALID_RISK_UNIT,risk_unit == 0 or non-finite,NQZ20-CME,10761421,2020-10-13 14:37:40.684001+00:00,12063.75,{'stop_loss_price': 12063.75}
INVALID_RISK_UNIT,risk_unit == 0 or non-finite,NQZ20-CME,10809325,2020-10-13 15:10:59.302000+00:00,12138.0,{'stop_loss_price': 12138.0}
INVALID_RISK_UNIT,risk_unit == 0 or non-finite,NQZ20-CME,10823587,2020-10-13 15:22:48.125000+00:00,12162.5,{'stop_loss_price': 12162.5}
INVALID_RISK_UNIT,risk_unit == 0 or non-finite,NQZ20-CME,10833515,2020-10-13 15:30:54.744000+00:00,12153.25,{'stop_loss_price': 12153.25}
INVALID_RISK_UNIT,risk_unit == 0 or non-finite,NQZ20-CME,10833516,2020-10-13 15:30:54.929000+00:00,12153.25,{'stop_loss_price': 12153.25}
INVALID_RISK_UNIT,risk_unit == 0 or non-finite,NQZ20-CME,10833517,2020-10-13 15:30:54.930000+00:00,12153.25,{'stop_loss_price': 12153.25}
INVALID_RISK_UNIT,risk_unit == 0 or non-finite,NQZ20-CME,10833518,2020-10-13 15:30:54.930001+00:00,12153.25,{'stop_loss_price': 12153.25}
INVALID_RISK_UNIT,risk_unit == 0 or non-finite,NQZ20-CME,10848365,2020-10-13 15:41:30.679000+00:00,12168.0,{'stop_loss_price': 12168.0}
INVALID_RISK_UNIT,risk_unit == 0 or non-finite,NQZ20-CME,10848366,2020-10-13 15:41:30.679001+00:00,12168.0,{'stop_loss_price': 12168.0}
INVALID_RISK_UNIT,risk_unit == 0 or non-finite,NQZ20-CME,10848367,2020-10-13 15:41:30.679002+00:00,12168.0,{'stop_loss_price': 12168.0}
INVALID_RISK_UNIT,risk_unit == 0 or non-finite,NQZ20-CME,10848368,2020-10-13 15:41:30.679003+00:00,12168.0,{'stop_loss_price': 12168.0}
INVALID_RISK_UNIT,risk_unit == 0 or non-finite,NQZ20-CME,10848369,2020-10-13 15:41:30.744000+00:00,12168.0,{'stop_loss_price': 12168.0}
INVALID_RISK_UNIT,risk_unit == 0 or non-finite,NQZ20-CME,10848370,2020-10-13 15:41:30.745000+00:00,12168.0,{'stop_loss_price': 12168.0}
INVALID_RISK_UNIT,risk_unit == 0 or non-finite,NQZ20-CME,10848371,2020-10-13 15:41:30.756000+00:00,12168.0,{'stop_loss_price': 12168.0}
INVALID_RISK_UNIT,risk_unit == 0 or non-finite,NQZ20-CME,10848373,2020-10-13 15:41:30.795000+00:00,12168.0,{'stop_loss_price': 12168.0}
INVALID_RISK_UNIT,risk_unit == 0 or non-finite,NQZ20-CME,10873172,2020-10-13 16:10:09.191000+00:00,12121.0,{'stop_loss_price': 12121.0}
INVALID_RISK_UNIT,risk_unit == 0 or non-finite,NQZ20-CME,10891677,2020-10-13 16:27:07.663000+00:00,12107.0,{'stop_loss_price': 12107.0}
INVALID_RISK_UNIT,risk_unit == 0 or non-finite,NQZ20-CME,10981758,2020-10-13 17:56:56.514000+00:00,12046.5,{'stop_loss_price': 12046.5}
INVALID_RISK_UNIT,risk_unit == 0 or non-finite,NQZ20-CME,10981759,2020-10-13 17:56:56.514001+00:00,12046.5,{'stop_loss_price': 12046.5}
INVALID_RISK_UNIT,risk_unit == 0 or non-finite,NQZ20-CME,11000389,2020-10-13 18:10:46.772000+00:00,12031.75,{'stop_loss_price': 12031.75}
INVALID_RISK_UNIT,risk_unit == 0 or non-finite,NQZ20-CME,11024707,2020-10-13 18:34:16.539000+00:00,12062.75,{'stop_loss_price': 12062.75}
INVALID_RISK_UNIT,risk_unit == 0 or non-finite,NQZ20-CME,11024708,2020-10-13 18:34:16.540000+00:00,12062.75,{'stop_loss_price': 12062.75}
INVALID_RISK_UNIT,risk_unit == 0 or non-finite,NQZ20-CME,11032362,2020-10-13 18:43:04.514004+00:00,12064.0,{'stop_loss_price': 12064.0}
INVALID_RISK_UNIT,risk_unit == 0 or non-finite,NQZ20-CME,11080379,2020-10-13 19:41:10.015000+00:00,12132.0,{'stop_loss_price': 12132.0}
INVALID_RISK_UNIT,risk_unit == 0 or non-finite,NQZ20-CME,11080380,2020-10-13 19:41:10.015001+00:00,12132.0,{'stop_loss_price': 12132.0}
INVALID_RISK_UNIT,risk_unit == 0 or non-finite,NQZ20-CME,11080381,2020-10-13 19:41:10.015002+00:00,12132.0,{'stop_loss_price': 12132.0}
INVALID_RISK_UNIT,risk_unit == 0 or non-finite,NQZ20-CME,11094453,2020-10-13 19:56:47.301000+00:00,12086.0,{'stop_loss_price': 12086.0}
INVALID_RISK_UNIT,risk_unit == 0 or non-finite,NQZ20-CME,11094454,2020-10-13 19:56:47.302000+00:00,12086.0,{'stop_loss_price': 12086.0}
INVALID_RISK_UNIT,risk_unit == 0 or non-finite,NQZ20-CME,11132213,2020-10-14 03:58:54.996000+00:00,12157.5,{'stop_loss_price': 12157.5}
INVALID_RISK_UNIT,risk_unit == 0 or non-finite,NQZ20-CME,11132214,2020-10-14 03:58:54.996001+00:00,12157.5,{'stop_loss_price': 12157.5}
INVALID_RISK_UNIT,risk_unit == 0 or non-finite,NQZ20-CME,11135775,2020-10-14 04:59:42.098000+00:00,12140.75,{'stop_loss_price': 12140.75}
INVALID_RISK_UNIT,risk_unit == 0 or non-finite,NQZ20-CME,11182575,2020-10-14 11:57:13.495002+00:00,12113.75,{'stop_loss_price': 12113.75}
INVALID_RISK_UNIT,risk_unit == 0 or non-finite,NQZ20-CME,11233116,2020-10-14 13:46:07.278000+00:00,12143.75,{'stop_loss_price': 12143.75}
INVALID_RISK_UNIT,risk_unit == 0 or non-finite,NQZ20-CME,11243146,2020-10-14 13:52:51.687000+00:00,12130.0,{'stop_loss_price': 12130.0}
INVALID_RISK_UNIT,risk_unit == 0 or non-finite,NQZ20-CME,11256342,2020-10-14 14:02:28.239000+00:00,12116.25,{'stop_loss_price': 12116.25}
INVALID_RISK_UNIT,risk_unit == 0 or non-finite,NQZ20-CME,11303597,2020-10-14 14:35:46.726006+00:00,12033.25,{'stop_loss_price': 12033.25}
INVALID_RISK_UNIT,risk_unit == 0 or non-finite,NQZ20-CME,11303598,2020-10-14 14:35:46.726007+00:00,12033.25,{'stop_loss_price': 12033.25}
INVALID_RISK_UNIT,risk_unit == 0 or non-finite,NQZ20-CME,11303599,2020-10-14 14:35:46.726008+00:00,12033.25,{'stop_loss_price': 12033.25}
INVALID_RISK_UNIT,risk_unit == 0 or non-finite,NQZ20-CME,11327469,2020-10-14 14:55:48.780000+00:00,12082.25,{'stop_loss_price': 12082.25}
INVALID_RISK_UNIT,risk_unit == 0 or non-finite,NQZ20-CME,11361354,2020-10-14 15:31:40.925000+00:00,12053.25,{'stop_loss_price': 12053.25}
INVALID_RISK_UNIT,risk_unit == 0 or non-finite,NQZ20-CME,11386521,2020-10-14 15:52:20.392000+00:00,12003.25,{'stop_loss_price': 12003.25}
INVALID_RISK_UNIT,risk_unit == 0 or non-finite,NQZ20-CME,11393422,2020-10-14 15:56:25.815000+00:00,11990.5,{'stop_loss_price': 11990.5}
INVALID_RISK_UNIT,risk_unit == 0 or non-finite,NQZ20-CME,11485924,2020-10-14 17:20:04.987000+00:00,11943.0,{'stop_loss_price': 11943.0}
INVALID_RISK_UNIT,risk_unit == 0 or non-finite,NQZ20-CME,11580032,2020-10-14 19:11:01.420002+00:00,12012.0,{'stop_loss_price': 12012.0}
INVALID_RISK_UNIT,risk_unit == 0 or non-finite,NQZ20-CME,11580033,2020-10-14 19:11:01.420003+00:00,12012.0,{'stop_loss_price': 12012.0}
INVALID_RISK_UNIT,risk_unit == 0 or non-finite,NQZ20-CME,11580034,2020-10-14 19:11:01.420004+00:00,12012.0,{'stop_loss_price': 12012.0}
INVALID_RISK_UNIT,risk_unit == 0 or non-finite,NQZ20-CME,11580035,2020-10-14 19:11:01.421000+00:00,12012.0,{'stop_loss_price': 12012.0}
INVALID_RISK_UNIT,risk_unit == 0 or non-finite,NQZ20-CME,11580039,2020-10-14 19:11:01.422000+00:00,12012.0,{'stop_loss_price': 12012.0}
INVALID_RISK_UNIT,risk_unit == 0 or non-finite,NQZ20-CME,11580040,2020-10-14 19:11:01.423000+00:00,12012.0,{'stop_loss_price': 12012.0}
INVALID_RISK_UNIT,risk_unit == 0 or non-finite,NQZ20-CME,11580041,2020-10-14 19:11:01.451000+00:00,12012.0,{'stop_loss_price': 12012.0}
INVALID_RISK_UNIT,risk_unit == 0 or non-finite,NQZ20-CME,11580043,2020-10-14 19:11:01.451002+00:00,12012.0,{'stop_loss_price': 12012.0}
INVALID_RISK_UNIT,risk_unit == 0 or non-finite,NQZ20-CME,11586402,2020-10-14 19:17:26.646002+00:00,12011.5,{'stop_loss_price': 12011.5}
INVALID_RISK_UNIT,risk_unit == 0 or non-finite,NQZ20-CME,11632412,2020-10-14 20:06:48.895000+00:00,11964.0,{'stop_loss_price': 11964.0}
INVALID_RISK_UNIT,risk_unit == 0 or non-finite,NQZ20-CME,11685043,2020-10-15 07:27:30.516000+00:00,11867.75,{'stop_loss_price': 11867.75}
INVALID_RISK_UNIT,risk_unit == 0 or non-finite,NQZ20-CME,11690672,2020-10-15 08:05:58.059000+00:00,11832.5,{'stop_loss_price': 11832.5}
INVALID_RISK_UNIT,risk_unit == 0 or non-finite,NQZ20-CME,11750672,2020-10-15 12:43:34.275001+00:00,11786.5,{'stop_loss_price': 11786.5}
INVALID_RISK_UNIT,risk_unit == 0 or non-finite,NQZ20-CME,11816045,2020-10-15 13:53:08.188000+00:00,11864.5,{'stop_loss_price': 11864.5}
INVALID_RISK_UNIT,risk_unit == 0 or non-finite,NQZ20-CME,11844950,2020-10-15 14:10:50.143000+00:00,11822.0,{'stop_loss_price': 11822.0}
INVALID_RISK_UNIT,risk_unit == 0 or non-finite,NQZ20-CME,11844951,2020-10-15 14:10:50.143001+00:00,11822.0,{'stop_loss_price': 11822.0}
INVALID_RISK_UNIT,risk_unit == 0 or non-finite,NQZ20-CME,11844952,2020-10-15 14:10:50.143002+00:00,11822.0,{'stop_loss_price': 11822.0}
INVALID_RISK_UNIT,risk_unit == 0 or non-finite,NQZ20-CME,11896326,2020-10-15 14:44:38.664001+00:00,11760.0,{'stop_loss_price': 11760.0}
INVALID_RISK_UNIT,risk_unit == 0 or non-finite,NQZ20-CME,11897227,2020-10-15 14:45:07.584000+00:00,11755.75,{'stop_loss_price': 11755.75}
INVALID_RISK_UNIT,risk_unit == 0 or non-finite,NQZ20-CME,11906583,2020-10-15 14:52:27.668000+00:00,11788.5,{'stop_loss_price': 11788.5}
INVALID_RISK_UNIT,risk_unit == 0 or non-finite,NQZ20-CME,11906584,2020-10-15 14:52:27.822000+00:00,11788.5,{'stop_loss_price': 11788.5}
INVALID_RISK_UNIT,risk_unit == 0 or non-finite,NQZ20-CME,11915053,2020-10-15 14:58:30.217000+00:00,11808.75,{'stop_loss_price': 11808.75}
INVALID_RISK_UNIT,risk_unit == 0 or non-finite,NQZ20-CME,11999673,2020-10-15 16:23:01.516000+00:00,11793.75,{'stop_loss_price': 11793.75}
INVALID_RISK_UNIT,risk_unit == 0 or non-finite,NQZ20-CME,11999674,2020-10-15 16:23:01.729000+00:00,11793.75,{'stop_loss_price': 11793.75}
INVALID_RISK_UNIT,risk_unit == 0 or non-finite,NQZ20-CME,12020496,2020-10-15 16:48:56.880000+00:00,11782.75,{'stop_loss_price': 11782.75}
INVALID_RISK_UNIT,risk_unit == 0 or non-finite,NQZ20-CME,12023819,2020-10-15 16:52:56.154005+00:00,11805.0,{'stop_loss_price': 11805.0}
INVALID_RISK_UNIT,risk_unit == 0 or non-finite,NQZ20-CME,12023820,2020-10-15 16:52:56.154006+00:00,11805.0,{'stop_loss_price': 11805.0}
INVALID_RISK_UNIT,risk_unit == 0 or non-finite,NQZ20-CME,12023821,2020-10-15 16:52:56.154007+00:00,11805.0,{'stop_loss_price': 11805.0}
INVALID_RISK_UNIT,risk_unit == 0 or non-finite,NQZ20-CME,12023822,2020-10-15 16:52:56.154008+00:00,11805.0,{'stop_loss_price': 11805.0}
INVALID_RISK_UNIT,risk_unit == 0 or non-finite,NQZ20-CME,12023823,2020-10-15 16:52:56.154009+00:00,11805.0,{'stop_loss_price': 11805.0}
INVALID_RISK_UNIT,risk_unit == 0 or non-finite,NQZ20-CME,12040975,2020-10-15 17:20:01.421000+00:00,11794.25,{'stop_loss_price': 11794.25}
INVALID_RISK_UNIT,risk_unit == 0 or non-finite,NQZ20-CME,12040976,2020-10-15 17:20:01.421001+00:00,11794.25,{'stop_loss_price': 11794.25}
INVALID_RISK_UNIT,risk_unit == 0 or non-finite,NQZ20-CME,12040977,2020-10-15 17:20:01.619000+00:00,11794.25,{'stop_loss_price': 11794.25}
INVALID_RISK_UNIT,risk_unit == 0 or non-finite,NQZ20-CME,12058636,2020-10-15 17:45:56.286000+00:00,11835.0,{'stop_loss_price': 11835.0}
INVALID_RISK_UNIT,risk_unit == 0 or non-finite,NQZ20-CME,12058637,2020-10-15 17:45:56.286001+00:00,11835.0,{'stop_loss_price': 11835.0}
INVALID_RISK_UNIT,risk_unit == 0 or non-finite,NQZ20-CME,12058638,2020-10-15 17:45:56.286002+00:00,11835.0,{'stop_loss_price': 11835.0}
INVALID_RISK_UNIT,risk_unit == 0 or non-finite,NQZ20-CME,12058641,2020-10-15 17:45:56.292000+00:00,11835.0,{'stop_loss_price': 11835.0}
INVALID_RISK_UNIT,risk_unit == 0 or non-finite,NQZ20-CME,12060798,2020-10-15 17:49:13.434005+00:00,11826.5,{'stop_loss_price': 11826.5}
INVALID_RISK_UNIT,risk_unit == 0 or non-finite,NQZ20-CME,12060799,2020-10-15 17:49:13.434006+00:00,11826.5,{'stop_loss_price': 11826.5}
INVALID_RISK_UNIT,risk_unit == 0 or non-finite,NQZ20-CME,12084929,2020-10-15 18:34:21.558000+00:00,11856.0,{'stop_loss_price': 11856.0}
INVALID_RISK_UNIT,risk_unit == 0 or non-finite,NQZ20-CME,12084930,2020-10-15 18:34:21.558001+00:00,11856.0,{'stop_loss_price': 11856.0}
INVALID_RISK_UNIT,risk_unit == 0 or non-finite,NQZ20-CME,12084931,2020-10-15 18:34:22.158000+00:00,11856.0,{'stop_loss_price': 11856.0}
INVALID_RISK_UNIT,risk_unit == 0 or non-finite,NQZ20-CME,12084932,2020-10-15 18:34:22.158001+00:00,11856.0,{'stop_loss_price': 11856.0}
INVALID_RISK_UNIT,risk_unit == 0 or non-finite,NQZ20-CME,12092462,2020-10-15 18:46:07.929000+00:00,11823.75,{'stop_loss_price': 11823.75}
INVALID_RISK_UNIT,risk_unit == 0 or non-finite,NQZ20-CME,12102282,2020-10-15 19:03:23.844000+00:00,11861.75,{'stop_loss_price': 11861.75}
INVALID_RISK_UNIT,risk_unit == 0 or non-finite,NQZ20-CME,12102283,2020-10-15 19:03:23.844001+00:00,11861.75,{'stop_loss_price': 11861.75}
INVALID_RISK_UNIT,risk_unit == 0 or non-finite,NQZ20-CME,12191192,2020-10-16 04:32:02.250000+00:00,11846.5,{'stop_loss_price': 11846.5}
INVALID_RISK_UNIT,risk_unit == 0 or non-finite,NQZ20-CME,12213029,2020-10-16 08:31:50.538000+00:00,11903.75,{'stop_loss_price': 11903.75}
INVALID_RISK_UNIT,risk_unit == 0 or non-finite,NQZ20-CME,12213912,2020-10-16 08:41:37.393000+00:00,11907.0,{'stop_loss_price': 11907.0}
INVALID_RISK_UNIT,risk_unit == 0 or non-finite,NQZ20-CME,12231163,2020-10-16 11:25:24.377000+00:00,11917.0,{'stop_loss_price': 11917.0}
INVALID_RISK_UNIT,risk_unit == 0 or non-finite,NQZ20-CME,12260906,2020-10-16 13:25:51.547000+00:00,11960.75,{'stop_loss_price': 11960.75}
INVALID_RISK_UNIT,risk_unit == 0 or non-finite,NQZ20-CME,12260907,2020-10-16 13:25:51.547001+00:00,11960.75,{'stop_loss_price': 11960.75}
INVALID_RISK_UNIT,risk_unit == 0 or non-finite,NQZ20-CME,12260908,2020-10-16 13:25:51.547002+00:00,11960.75,{'stop_loss_price': 11960.75}
INVALID_RISK_UNIT,risk_unit == 0 or non-finite,NQZ20-CME,12283092,2020-10-16 13:38:17.975000+00:00,11934.25,{'stop_loss_price': 11934.25}
INVALID_RISK_UNIT,risk_unit == 0 or non-finite,NQZ20-CME,12347912,2020-10-16 14:37:24.007000+00:00,12003.75,{'stop_loss_price': 12003.75}
INVALID_RISK_UNIT,risk_unit == 0 or non-finite,NQZ20-CME,12363318,2020-10-16 14:52:46.802000+00:00,11957.25,{'stop_loss_price': 11957.25}
INVALID_RISK_UNIT,risk_unit == 0 or non-finite,NQZ20-CME,12379914,2020-10-16 15:08:36.659000+00:00,11935.25,{'stop_loss_price': 11935.25}
INVALID_RISK_UNIT,risk_unit == 0 or non-finite,NQZ20-CME,12457021,2020-10-16 16:21:03.791000+00:00,11912.5,{'stop_loss_price': 11912.5}
INVALID_RISK_UNIT,risk_unit == 0 or non-finite,NQZ20-CME,12585877,2020-10-16 19:43:37.065000+00:00,11879.25,{'stop_loss_price': 11879.25}
INVALID_RISK_UNIT,risk_unit == 0 or non-finite,NQZ20-CME,12585878,2020-10-16 19:43:37.134000+00:00,11879.25,{'stop_loss_price': 11879.25}
INVALID_RISK_UNIT,risk_unit == 0 or non-finite,NQZ20-CME,12585879,2020-10-16 19:43:37.136000+00:00,11879.25,{'stop_loss_price': 11879.25}
INVALID_RISK_UNIT,risk_unit == 0 or non-finite,NQZ20-CME,12585880,2020-10-16 19:43:37.182000+00:00,11879.25,{'stop_loss_price': 11879.25}
INVALID_RISK_UNIT,risk_unit == 0 or non-finite,NQZ20-CME,12645259,2020-10-19 02:00:59.947000+00:00,11919.75,{'stop_loss_price': 11919.75}
INVALID_RISK_UNIT,risk_unit == 0 or non-finite,NQZ20-CME,12645260,2020-10-19 02:00:59.947001+00:00,11919.75,{'stop_loss_price': 11919.75}
INVALID_RISK_UNIT,risk_unit == 0 or non-finite,NQZ20-CME,12741894,2020-10-19 13:50:37.797000+00:00,11920.5,{'stop_loss_price': 11920.5}
INVALID_RISK_UNIT,risk_unit == 0 or non-finite,NQZ20-CME,12741895,2020-10-19 13:50:37.797001+00:00,11920.5,{'stop_loss_price': 11920.5}
INVALID_RISK_UNIT,risk_unit == 0 or non-finite,NQZ20-CME,12741896,2020-10-19 13:50:37.797002+00:00,11920.5,{'stop_loss_price': 11920.5}
INVALID_RISK_UNIT,risk_unit == 0 or non-finite,NQZ20-CME,12742674,2020-10-19 13:51:06.452000+00:00,11923.75,{'stop_loss_price': 11923.75}
INVALID_RISK_UNIT,risk_unit == 0 or non-finite,NQZ20-CME,12742675,2020-10-19 13:51:06.452001+00:00,11923.75,{'stop_loss_price': 11923.75}
INVALID_RISK_UNIT,risk_unit == 0 or non-finite,NQZ20-CME,12742676,2020-10-19 13:51:06.452002+00:00,11923.75,{'stop_loss_price': 11923.75}
INVALID_RISK_UNIT,risk_unit == 0 or non-finite,NQZ20-CME,12742677,2020-10-19 13:51:06.453000+00:00,11923.75,{'stop_loss_price': 11923.75}
INVALID_RISK_UNIT,risk_unit == 0 or non-finite,NQZ20-CME,12742678,2020-10-19 13:51:06.468000+00:00,11923.75,{'stop_loss_price': 11923.75}
INVALID_RISK_UNIT,risk_unit == 0 or non-finite,NQZ20-CME,12742680,2020-10-19 13:51:06.549000+00:00,11923.75,{'stop_loss_price': 11923.75}
INVALID_RISK_UNIT,risk_unit == 0 or non-finite,NQZ20-CME,12748963,2020-10-19 13:54:50.269000+00:00,11895.5,{'stop_loss_price': 11895.5}
INVALID_RISK_UNIT,risk_unit == 0 or non-finite,NQZ20-CME,12748964,2020-10-19 13:54:50.403000+00:00,11895.5,{'stop_loss_price': 11895.5}
INVALID_RISK_UNIT,risk_unit == 0 or non-finite,NQZ20-CME,12748976,2020-10-19 13:54:50.852002+00:00,11895.5,{'stop_loss_price': 11895.5}
INVALID_RISK_UNIT,risk_unit == 0 or non-finite,NQZ20-CME,12748977,2020-10-19 13:54:50.852003+00:00,11895.5,{'stop_loss_price': 11895.5}
INVALID_RISK_UNIT,risk_unit == 0 or non-finite,NQZ20-CME,12751506,2020-10-19 13:56:05.083000+00:00,11878.25,{'stop_loss_price': 11878.25}
INVALID_RISK_UNIT,risk_unit == 0 or non-finite,NQZ20-CME,12751507,2020-10-19 13:56:05.083001+00:00,11878.25,{'stop_loss_price': 11878.25}
INVALID_RISK_UNIT,risk_unit == 0 or non-finite,NQZ20-CME,12822558,2020-10-19 14:38:31.952000+00:00,11780.25,{'stop_loss_price': 11780.25}
INVALID_RISK_UNIT,risk_unit == 0 or non-finite,NQZ20-CME,12835302,2020-10-19 14:45:23.514000+00:00,11756.5,{'stop_loss_price': 11756.5}
INVALID_RISK_UNIT,risk_unit == 0 or non-finite,NQZ20-CME,12849411,2020-10-19 14:53:02.921000+00:00,11780.0,{'stop_loss_price': 11780.0}
INVALID_RISK_UNIT,risk_unit == 0 or non-finite,NQZ20-CME,12849412,2020-10-19 14:53:02.921001+00:00,11780.0,{'stop_loss_price': 11780.0}
INVALID_RISK_UNIT,risk_unit == 0 or non-finite,NQZ20-CME,12849413,2020-10-19 14:53:02.921002+00:00,11780.0,{'stop_loss_price': 11780.0}
INVALID_RISK_UNIT,risk_unit == 0 or non-finite,NQZ20-CME,12854955,2020-10-19 14:56:25.543000+00:00,11787.75,{'stop_loss_price': 11787.75}
INVALID_RISK_UNIT,risk_unit == 0 or non-finite,NQZ20-CME,12880533,2020-10-19 15:19:07.339000+00:00,11821.0,{'stop_loss_price': 11821.0}
INVALID_RISK_UNIT,risk_unit == 0 or non-finite,NQZ20-CME,12922084,2020-10-19 15:59:36.835000+00:00,11779.75,{'stop_loss_price': 11779.75}
INVALID_RISK_UNIT,risk_unit == 0 or non-finite,NQZ20-CME,12950715,2020-10-19 16:23:17.618000+00:00,11763.0,{'stop_loss_price': 11763.0}
INVALID_RISK_UNIT,risk_unit == 0 or non-finite,NQZ20-CME,12950716,2020-10-19 16:23:17.730000+00:00,11763.0,{'stop_loss_price': 11763.0}
INVALID_RISK_UNIT,risk_unit == 0 or non-finite,NQZ20-CME,12950717,2020-10-19 16:23:17.805000+00:00,11763.0,{'stop_loss_price': 11763.0}
INVALID_RISK_UNIT,risk_unit == 0 or non-finite,NQZ20-CME,12973002,2020-10-19 16:57:01.460000+00:00,11795.75,{'stop_loss_price': 11795.75}
INVALID_RISK_UNIT,risk_unit == 0 or non-finite,NQZ20-CME,12982782,2020-10-19 17:15:00.484000+00:00,11794.0,{'stop_loss_price': 11794.0}
INVALID_RISK_UNIT,risk_unit == 0 or non-finite,NQZ20-CME,12995236,2020-10-19 17:41:08.019005+00:00,11766.5,{'stop_loss_price': 11766.5}
INVALID_RISK_UNIT,risk_unit == 0 or non-finite,NQZ20-CME,13168147,2020-10-19 19:59:58+00:00,11622.75,{'stop_loss_price': 11622.75}
INVALID_RISK_UNIT,risk_unit == 0 or non-finite,NQZ20-CME,13185487,2020-10-19 22:12:53.110001+00:00,11714.75,{'stop_loss_price': 11714.75}
INVALID_RISK_UNIT,risk_unit == 0 or non-finite,NQZ20-CME,13255404,2020-10-20 12:02:33.054000+00:00,11683.5,{'stop_loss_price': 11683.5}
INVALID_RISK_UNIT,risk_unit == 0 or non-finite,NQZ20-CME,13256293,2020-10-20 12:04:19.417000+00:00,11688.0,{'stop_loss_price': 11688.0}
INVALID_RISK_UNIT,risk_unit == 0 or non-finite,NQZ20-CME,13308408,2020-10-20 13:38:50.192000+00:00,11658.25,{'stop_loss_price': 11658.25}
INVALID_RISK_UNIT,risk_unit == 0 or non-finite,NQZ20-CME,13337490,2020-10-20 13:53:16.797000+00:00,11660.25,{'stop_loss_price': 11660.25}
INVALID_RISK_UNIT,risk_unit == 0 or non-finite,NQZ20-CME,13426990,2020-10-20 15:00:04.513001+00:00,11634.5,{'stop_loss_price': 11634.5}
INVALID_RISK_UNIT,risk_unit == 0 or non-finite,NQZ20-CME,13435148,2020-10-20 15:03:56.671000+00:00,11607.75,{'stop_loss_price': 11607.75}
INVALID_RISK_UNIT,risk_unit == 0 or non-finite,NQZ20-CME,13435149,2020-10-20 15:03:56.671001+00:00,11607.75,{'stop_loss_price': 11607.75}
INVALID_RISK_UNIT,risk_unit == 0 or non-finite,NQZ20-CME,13435150,2020-10-20 15:03:56.672000+00:00,11607.75,{'stop_loss_price': 11607.75}
INVALID_RISK_UNIT,risk_unit == 0 or non-finite,NQZ20-CME,13435151,2020-10-20 15:03:56.672001+00:00,11607.75,{'stop_loss_price': 11607.75}
INVALID_RISK_UNIT,risk_unit == 0 or non-finite,NQZ20-CME,13435152,2020-10-20 15:03:56.674000+00:00,11607.75,{'stop_loss_price': 11607.75}
INVALID_RISK_UNIT,risk_unit == 0 or non-finite,NQZ20-CME,13436750,2020-10-20 15:04:54.938000+00:00,11612.75,{'stop_loss_price': 11612.75}
INVALID_RISK_UNIT,risk_unit == 0 or non-finite,NQZ20-CME,13436751,2020-10-20 15:04:54.938001+00:00,11612.75,{'stop_loss_price': 11612.75}
INVALID_RISK_UNIT,risk_unit == 0 or non-finite,NQZ20-CME,13436752,2020-10-20 15:04:54.938002+00:00,11612.75,{'stop_loss_price': 11612.75}
INVALID_RISK_UNIT,risk_unit == 0 or non-finite,NQZ20-CME,13436753,2020-10-20 15:04:54.938003+00:00,11612.75,{'stop_loss_price': 11612.75}
INVALID_RISK_UNIT,risk_unit == 0 or non-finite,NQZ20-CME,13438651,2020-10-20 15:06:10.254000+00:00,11616.25,{'stop_loss_price': 11616.25}
INVALID_RISK_UNIT,risk_unit == 0 or non-finite,NQZ20-CME,13535419,2020-10-20 16:50:26.539000+00:00,11715.5,{'stop_loss_price': 11715.5}
INVALID_RISK_UNIT,risk_unit == 0 or non-finite,NQZ20-CME,13535420,2020-10-20 16:50:26.539001+00:00,11715.5,{'stop_loss_price': 11715.5}
INVALID_RISK_UNIT,risk_unit == 0 or non-finite,NQZ20-CME,13574680,2020-10-20 17:42:01.151000+00:00,11786.75,{'stop_loss_price': 11786.75}
INVALID_RISK_UNIT,risk_unit == 0 or non-finite,NQZ20-CME,13608902,2020-10-20 18:25:03.412000+00:00,11753.0,{'stop_loss_price': 11753.0}
INVALID_RISK_UNIT,risk_unit == 0 or non-finite,NQZ20-CME,13667609,2020-10-20 19:19:13.312000+00:00,11670.0,{'stop_loss_price': 11670.0}
INVALID_RISK_UNIT,risk_unit == 0 or non-finite,NQZ20-CME,13670100,2020-10-20 19:21:05.930000+00:00,11666.5,{'stop_loss_price': 11666.5}
INVALID_RISK_UNIT,risk_unit == 0 or non-finite,NQZ20-CME,13670101,2020-10-20 19:21:06.112000+00:00,11666.5,{'stop_loss_price': 11666.5}
INVALID_RISK_UNIT,risk_unit == 0 or non-finite,NQZ20-CME,13670103,2020-10-20 19:21:06.232000+00:00,11666.5,{'stop_loss_price': 11666.5}
INVALID_RISK_UNIT,risk_unit == 0 or non-finite,NQZ20-CME,13719681,2020-10-20 20:00:09.230000+00:00,11641.25,{'stop_loss_price': 11641.25}
INVALID_RISK_UNIT,risk_unit == 0 or non-finite,NQZ20-CME,13719682,2020-10-20 20:00:09.230001+00:00,11641.25,{'stop_loss_price': 11641.25}
INVALID_RISK_UNIT,risk_unit == 0 or non-finite,NQZ20-CME,13719683,2020-10-20 20:00:09.230002+00:00,11641.25,{'stop_loss_price': 11641.25}
INVALID_RISK_UNIT,risk_unit == 0 or non-finite,NQZ20-CME,13740718,2020-10-20 23:09:37.089003+00:00,11709.25,{'stop_loss_price': 11709.25}
INVALID_RISK_UNIT,risk_unit == 0 or non-finite,NQZ20-CME,13761518,2020-10-21 03:47:18.119000+00:00,11729.25,{'stop_loss_price': 11729.25}
INVALID_RISK_UNIT,risk_unit == 0 or non-finite,NQZ20-CME,13768863,2020-10-21 05:40:04.838001+00:00,11697.5,{'stop_loss_price': 11697.5}
INVALID_RISK_UNIT,risk_unit == 0 or non-finite,NQZ20-CME,13773427,2020-10-21 06:52:42.456000+00:00,11733.75,{'stop_loss_price': 11733.75}
INVALID_RISK_UNIT,risk_unit == 0 or non-finite,NQZ20-CME,13824706,2020-10-21 12:24:21.573000+00:00,11658.5,{'stop_loss_price': 11658.5}
INVALID_RISK_UNIT,risk_unit == 0 or non-finite,NQZ20-CME,13824707,2020-10-21 12:24:21.573001+00:00,11658.5,{'stop_loss_price': 11658.5}
INVALID_RISK_UNIT,risk_unit == 0 or non-finite,NQZ20-CME,13827769,2020-10-21 12:42:15.361000+00:00,11671.5,{'stop_loss_price': 11671.5}
INVALID_RISK_UNIT,risk_unit == 0 or non-finite,NQZ20-CME,13851572,2020-10-21 13:37:56.336000+00:00,11699.5,{'stop_loss_price': 11699.5}
INVALID_RISK_UNIT,risk_unit == 0 or non-finite,NQZ20-CME,13913368,2020-10-21 14:25:50.147000+00:00,11738.75,{'stop_loss_price': 11738.75}
INVALID_RISK_UNIT,risk_unit == 0 or non-finite,NQZ20-CME,13917920,2020-10-21 14:30:07.061000+00:00,11751.0,{'stop_loss_price': 11751.0}
INVALID_RISK_UNIT,risk_unit == 0 or non-finite,NQZ20-CME,13950416,2020-10-21 15:00:19.429000+00:00,11695.75,{'stop_loss_price': 11695.75}
INVALID_RISK_UNIT,risk_unit == 0 or non-finite,NQZ20-CME,13950417,2020-10-21 15:00:19.429001+00:00,11695.75,{'stop_loss_price': 11695.75}
INVALID_RISK_UNIT,risk_unit == 0 or non-finite,NQZ20-CME,13950418,2020-10-21 15:00:19.431000+00:00,11695.75,{'stop_loss_price': 11695.75}
INVALID_RISK_UNIT,risk_unit == 0 or non-finite,NQZ20-CME,13953162,2020-10-21 15:03:24.190000+00:00,11707.75,{'stop_loss_price': 11707.75}
INVALID_RISK_UNIT,risk_unit == 0 or non-finite,NQZ20-CME,13953163,2020-10-21 15:03:24.190001+00:00,11707.75,{'stop_loss_price': 11707.75}
INVALID_RISK_UNIT,risk_unit == 0 or non-finite,NQZ20-CME,13953164,2020-10-21 15:03:24.190002+00:00,11707.75,{'stop_loss_price': 11707.75}
INVALID_RISK_UNIT,risk_unit == 0 or non-finite,NQZ20-CME,13953166,2020-10-21 15:03:24.468000+00:00,11707.75,{'stop_loss_price': 11707.75}
INVALID_RISK_UNIT,risk_unit == 0 or non-finite,NQZ20-CME,13963833,2020-10-21 15:11:24.204003+00:00,11671.0,{'stop_loss_price': 11671.0}
INVALID_RISK_UNIT,risk_unit == 0 or non-finite,NQZ20-CME,13963834,2020-10-21 15:11:24.204004+00:00,11671.0,{'stop_loss_price': 11671.0}
INVALID_RISK_UNIT,risk_unit == 0 or non-finite,NQZ20-CME,13981196,2020-10-21 15:22:28.323000+00:00,11632.25,{'stop_loss_price': 11632.25}
INVALID_RISK_UNIT,risk_unit == 0 or non-finite,NQZ20-CME,13999009,2020-10-21 15:37:50.002000+00:00,11685.75,{'stop_loss_price': 11685.75}
INVALID_RISK_UNIT,risk_unit == 0 or non-finite,NQZ20-CME,14096131,2020-10-21 17:02:18.938000+00:00,11644.5,{'stop_loss_price': 11644.5}
INVALID_RISK_UNIT,risk_unit == 0 or non-finite,NQZ20-CME,14114278,2020-10-21 17:28:50.382000+00:00,11684.25,{'stop_loss_price': 11684.25}
INVALID_RISK_UNIT,risk_unit == 0 or non-finite,NQZ20-CME,14193825,2020-10-21 19:15:41.345000+00:00,11719.75,{'stop_loss_price': 11719.75}
INVALID_RISK_UNIT,risk_unit == 0 or non-finite,NQZ20-CME,14228874,2020-10-21 19:50:30.290001+00:00,11668.5,{'stop_loss_price': 11668.5}
INVALID_RISK_UNIT,risk_unit == 0 or non-finite,NQZ20-CME,14228875,2020-10-21 19:50:30.290002+00:00,11668.5,{'stop_loss_price': 11668.5}
INVALID_RISK_UNIT,risk_unit == 0 or non-finite,NQZ20-CME,14228876,2020-10-21 19:50:30.290003+00:00,11668.5,{'stop_loss_price': 11668.5}
INVALID_RISK_UNIT,risk_unit == 0 or non-finite,NQZ20-CME,14228877,2020-10-21 19:50:30.290004+00:00,11668.5,{'stop_loss_price': 11668.5}
INVALID_RISK_UNIT,risk_unit == 0 or non-finite,NQZ20-CME,14271171,2020-10-22 00:30:03.745000+00:00,11629.0,{'stop_loss_price': 11629.0}
INVALID_RISK_UNIT,risk_unit == 0 or non-finite,NQZ20-CME,14271172,2020-10-22 00:30:03.775000+00:00,11629.0,{'stop_loss_price': 11629.0}
INVALID_RISK_UNIT,risk_unit == 0 or non-finite,NQZ20-CME,14340300,2020-10-22 13:29:00.619000+00:00,11683.75,{'stop_loss_price': 11683.75}
INVALID_RISK_UNIT,risk_unit == 0 or non-finite,NQZ20-CME,14340301,2020-10-22 13:29:00.619001+00:00,11683.75,{'stop_loss_price': 11683.75}
INVALID_RISK_UNIT,risk_unit == 0 or non-finite,NQZ20-CME,14417577,2020-10-22 14:21:26.150000+00:00,11612.5,{'stop_loss_price': 11612.5}
INVALID_RISK_UNIT,risk_unit == 0 or non-finite,NQZ20-CME,14417578,2020-10-22 14:21:26.150001+00:00,11612.5,{'stop_loss_price': 11612.5}
INVALID_RISK_UNIT,risk_unit == 0 or non-finite,NQZ20-CME,14417579,2020-10-22 14:21:26.150002+00:00,11612.5,{'stop_loss_price': 11612.5}
INVALID_RISK_UNIT,risk_unit == 0 or non-finite,NQZ20-CME,14497812,2020-10-22 14:58:51.693000+00:00,11568.25,{'stop_loss_price': 11568.25}
INVALID_RISK_UNIT,risk_unit == 0 or non-finite,NQZ20-CME,14499486,2020-10-22 14:59:59.485000+00:00,11566.0,{'stop_loss_price': 11566.0}
INVALID_RISK_UNIT,risk_unit == 0 or non-finite,NQZ20-CME,14500022,2020-10-22 15:00:17.437000+00:00,11564.25,{'stop_loss_price': 11564.25}
INVALID_RISK_UNIT,risk_unit == 0 or non-finite,NQZ20-CME,14503943,2020-10-22 15:01:56.277000+00:00,11583.0,{'stop_loss_price': 11583.0}
INVALID_RISK_UNIT,risk_unit == 0 or non-finite,NQZ20-CME,14505384,2020-10-22 15:03:07.181000+00:00,11583.75,{'stop_loss_price': 11583.75}
INVALID_RISK_UNIT,risk_unit == 0 or non-finite,NQZ20-CME,14522888,2020-10-22 15:15:23.711000+00:00,11598.75,{'stop_loss_price': 11598.75}
INVALID_RISK_UNIT,risk_unit == 0 or non-finite,NQZ20-CME,14561314,2020-10-22 15:50:55.253000+00:00,11606.25,{'stop_loss_price': 11606.25}
INVALID_RISK_UNIT,risk_unit == 0 or non-finite,NQZ20-CME,14591819,2020-10-22 16:29:03.866000+00:00,11575.25,{'stop_loss_price': 11575.25}
INVALID_RISK_UNIT,risk_unit == 0 or non-finite,NQZ20-CME,14640737,2020-10-22 17:29:51.446002+00:00,11638.75,{'stop_loss_price': 11638.75}
INVALID_RISK_UNIT,risk_unit == 0 or non-finite,NQZ20-CME,14691047,2020-10-22 18:46:01.627000+00:00,11647.5,{'stop_loss_price': 11647.5}
INVALID_RISK_UNIT,risk_unit == 0 or non-finite,NQZ20-CME,14691048,2020-10-22 18:46:01.627001+00:00,11647.5,{'stop_loss_price': 11647.5}
INVALID_RISK_UNIT,risk_unit == 0 or non-finite,NQZ20-CME,14691049,2020-10-22 18:46:01.627002+00:00,11647.5,{'stop_loss_price': 11647.5}
INVALID_RISK_UNIT,risk_unit == 0 or non-finite,NQZ20-CME,14691050,2020-10-22 18:46:01.628000+00:00,11647.5,{'stop_loss_price': 11647.5}
INVALID_RISK_UNIT,risk_unit == 0 or non-finite,NQZ20-CME,14691051,2020-10-22 18:46:01.676000+00:00,11647.5,{'stop_loss_price': 11647.5}
INVALID_RISK_UNIT,risk_unit == 0 or non-finite,NQZ20-CME,14691052,2020-10-22 18:46:02.375000+00:00,11647.5,{'stop_loss_price': 11647.5}
INVALID_RISK_UNIT,risk_unit == 0 or non-finite,NQZ20-CME,14691066,2020-10-22 18:46:05.088000+00:00,11647.5,{'stop_loss_price': 11647.5}
INVALID_RISK_UNIT,risk_unit == 0 or non-finite,NQZ20-CME,14724741,2020-10-22 19:44:16.096000+00:00,11666.25,{'stop_loss_price': 11666.25}
INVALID_RISK_UNIT,risk_unit == 0 or non-finite,NQZ20-CME,14775000,2020-10-23 06:38:47.283001+00:00,11631.0,{'stop_loss_price': 11631.0}
INVALID_RISK_UNIT,risk_unit == 0 or non-finite,NQZ20-CME,14806346,2020-10-23 12:35:49.465000+00:00,11685.0,{'stop_loss_price': 11685.0}
INVALID_RISK_UNIT,risk_unit == 0 or non-finite,NQZ20-CME,14806654,2020-10-23 12:37:42.614000+00:00,11685.75,{'stop_loss_price': 11685.75}
INVALID_RISK_UNIT,risk_unit == 0 or non-finite,NQZ20-CME,14806655,2020-10-23 12:37:42.710000+00:00,11685.75,{'stop_loss_price': 11685.75}
INVALID_RISK_UNIT,risk_unit == 0 or non-finite,NQZ20-CME,14806656,2020-10-23 12:37:42.710001+00:00,11685.75,{'stop_loss_price': 11685.75}
INVALID_RISK_UNIT,risk_unit == 0 or non-finite,NQZ20-CME,14806657,2020-10-23 12:37:42.710002+00:00,11685.75,{'stop_loss_price': 11685.75}
INVALID_RISK_UNIT,risk_unit == 0 or non-finite,NQZ20-CME,14806658,2020-10-23 12:37:42.710003+00:00,11685.75,{'stop_loss_price': 11685.75}
INVALID_RISK_UNIT,risk_unit == 0 or non-finite,NQZ20-CME,14806659,2020-10-23 12:37:42.710004+00:00,11685.75,{'stop_loss_price': 11685.75}
INVALID_RISK_UNIT,risk_unit == 0 or non-finite,NQZ20-CME,14806660,2020-10-23 12:37:42.710005+00:00,11685.75,{'stop_loss_price': 11685.75}
INVALID_RISK_UNIT,risk_unit == 0 or non-finite,NQZ20-CME,14806661,2020-10-23 12:37:42.710006+00:00,11685.75,{'stop_loss_price': 11685.75}
INVALID_RISK_UNIT,risk_unit == 0 or non-finite,NQZ20-CME,14806662,2020-10-23 12:37:42.710007+00:00,11685.75,{'stop_loss_price': 11685.75}
INVALID_RISK_UNIT,risk_unit == 0 or non-finite,NQZ20-CME,14806663,2020-10-23 12:37:42.710008+00:00,11685.75,{'stop_loss_price': 11685.75}
INVALID_RISK_UNIT,risk_unit == 0 or non-finite,NQZ20-CME,14806664,2020-10-23 12:37:42.712000+00:00,11685.75,{'stop_loss_price': 11685.75}
INVALID_RISK_UNIT,risk_unit == 0 or non-finite,NQZ20-CME,15018221,2020-10-23 16:01:36.067000+00:00,11581.75,{'stop_loss_price': 11581.75}
INVALID_RISK_UNIT,risk_unit == 0 or non-finite,NQZ20-CME,15018222,2020-10-23 16:01:36.229000+00:00,11581.75,{'stop_loss_price': 11581.75}
INVALID_RISK_UNIT,risk_unit == 0 or non-finite,NQZ20-CME,15018224,2020-10-23 16:01:36.821000+00:00,11581.75,{'stop_loss_price': 11581.75}
INVALID_RISK_UNIT,risk_unit == 0 or non-finite,NQZ20-CME,15048368,2020-10-23 16:24:25.424000+00:00,11571.0,{'stop_loss_price': 11571.0}
INVALID_RISK_UNIT,risk_unit == 0 or non-finite,NQZ20-CME,15081157,2020-10-23 17:11:05.354000+00:00,11622.0,{'stop_loss_price': 11622.0}
INVALID_RISK_UNIT,risk_unit == 0 or non-finite,NQZ20-CME,15081158,2020-10-23 17:11:05.362000+00:00,11622.0,{'stop_loss_price': 11622.0}
INVALID_RISK_UNIT,risk_unit == 0 or non-finite,NQZ20-CME,15081159,2020-10-23 17:11:05.362001+00:00,11622.0,{'stop_loss_price': 11622.0}
INVALID_RISK_UNIT,risk_unit == 0 or non-finite,NQZ20-CME,15081160,2020-10-23 17:11:05.362002+00:00,11622.0,{'stop_loss_price': 11622.0}
INVALID_RISK_UNIT,risk_unit == 0 or non-finite,NQZ20-CME,15163551,2020-10-23 19:54:44.860000+00:00,11662.25,{'stop_loss_price': 11662.25}
INVALID_RISK_UNIT,risk_unit == 0 or non-finite,NQZ20-CME,15262205,2020-10-26 13:19:57.037000+00:00,11574.75,{'stop_loss_price': 11574.75}
INVALID_RISK_UNIT,risk_unit == 0 or non-finite,NQZ20-CME,15321302,2020-10-26 14:05:00.666000+00:00,11689.25,{'stop_loss_price': 11689.25}
INVALID_RISK_UNIT,risk_unit == 0 or non-finite,NQZ20-CME,15322677,2020-10-26 14:06:13.168000+00:00,11684.5,{'stop_loss_price': 11684.5}
INVALID_RISK_UNIT,risk_unit == 0 or non-finite,NQZ20-CME,15322678,2020-10-26 14:06:13.169000+00:00,11684.5,{'stop_loss_price': 11684.5}
INVALID_RISK_UNIT,risk_unit == 0 or non-finite,NQZ20-CME,15410234,2020-10-26 15:04:10.508000+00:00,11501.0,{'stop_loss_price': 11501.0}
INVALID_RISK_UNIT,risk_unit == 0 or non-finite,NQZ20-CME,15410235,2020-10-26 15:04:10.571000+00:00,11501.0,{'stop_loss_price': 11501.0}
INVALID_RISK_UNIT,risk_unit == 0 or non-finite,NQZ20-CME,15410236,2020-10-26 15:04:10.572000+00:00,11501.0,{'stop_loss_price': 11501.0}
INVALID_RISK_UNIT,risk_unit == 0 or non-finite,NQZ20-CME,15468678,2020-10-26 15:43:01.855001+00:00,11470.75,{'stop_loss_price': 11470.75}
INVALID_RISK_UNIT,risk_unit == 0 or non-finite,NQZ20-CME,15468679,2020-10-26 15:43:01.856000+00:00,11470.75,{'stop_loss_price': 11470.75}
INVALID_RISK_UNIT,risk_unit == 0 or non-finite,NQZ20-CME,15475789,2020-10-26 15:47:06.939000+00:00,11485.25,{'stop_loss_price': 11485.25}
INVALID_RISK_UNIT,risk_unit == 0 or non-finite,NQZ20-CME,15503103,2020-10-26 16:05:21.325000+00:00,11480.5,{'stop_loss_price': 11480.5}
INVALID_RISK_UNIT,risk_unit == 0 or non-finite,NQZ20-CME,15504163,2020-10-26 16:06:47.728002+00:00,11472.0,{'stop_loss_price': 11472.0}
INVALID_RISK_UNIT,risk_unit == 0 or non-finite,NQZ20-CME,15504164,2020-10-26 16:06:47.753000+00:00,11472.0,{'stop_loss_price': 11472.0}
INVALID_RISK_UNIT,risk_unit == 0 or non-finite,NQZ20-CME,15551598,2020-10-26 16:52:56.013000+00:00,11418.0,{'stop_loss_price': 11418.0}
INVALID_RISK_UNIT,risk_unit == 0 or non-finite,NQZ20-CME,15555266,2020-10-26 16:55:53.208000+00:00,11417.75,{'stop_loss_price': 11417.75}
INVALID_RISK_UNIT,risk_unit == 0 or non-finite,NQZ20-CME,15555267,2020-10-26 16:55:53.208001+00:00,11417.75,{'stop_loss_price': 11417.75}
INVALID_RISK_UNIT,risk_unit == 0 or non-finite,NQZ20-CME,15580818,2020-10-26 17:19:16.527000+00:00,11391.25,{'stop_loss_price': 11391.25}
INVALID_RISK_UNIT,risk_unit == 0 or non-finite,NQZ20-CME,15584013,2020-10-26 17:23:37.298001+00:00,11394.25,{'stop_loss_price': 11394.25}
INVALID_RISK_UNIT,risk_unit == 0 or non-finite,NQZ20-CME,15584014,2020-10-26 17:23:37.485000+00:00,11394.25,{'stop_loss_price': 11394.25}
INVALID_RISK_UNIT,risk_unit == 0 or non-finite,NQZ20-CME,15584015,2020-10-26 17:23:37.485001+00:00,11394.25,{'stop_loss_price': 11394.25}
INVALID_RISK_UNIT,risk_unit == 0 or non-finite,NQZ20-CME,15584016,2020-10-26 17:23:37.486000+00:00,11394.25,{'stop_loss_price': 11394.25}
INVALID_RISK_UNIT,risk_unit == 0 or non-finite,NQZ20-CME,15584017,2020-10-26 17:23:37.508000+00:00,11394.25,{'stop_loss_price': 11394.25}
INVALID_RISK_UNIT,risk_unit == 0 or non-finite,NQZ20-CME,15584018,2020-10-26 17:23:38.216000+00:00,11394.25,{'stop_loss_price': 11394.25}
INVALID_RISK_UNIT,risk_unit == 0 or non-finite,NQZ20-CME,15586358,2020-10-26 17:25:49.178000+00:00,11383.75,{'stop_loss_price': 11383.75}
INVALID_RISK_UNIT,risk_unit == 0 or non-finite,NQZ20-CME,15638649,2020-10-26 18:18:00.343000+00:00,11422.5,{'stop_loss_price': 11422.5}
INVALID_RISK_UNIT,risk_unit == 0 or non-finite,NQZ20-CME,15646193,2020-10-26 18:28:25.072000+00:00,11442.25,{'stop_loss_price': 11442.25}
INVALID_RISK_UNIT,risk_unit == 0 or non-finite,NQZ20-CME,15646194,2020-10-26 18:28:25.072001+00:00,11442.25,{'stop_loss_price': 11442.25}
INVALID_RISK_UNIT,risk_unit == 0 or non-finite,NQZ20-CME,15646195,2020-10-26 18:28:25.074000+00:00,11442.25,{'stop_loss_price': 11442.25}
INVALID_RISK_UNIT,risk_unit == 0 or non-finite,NQZ20-CME,15646196,2020-10-26 18:28:25.074001+00:00,11442.25,{'stop_loss_price': 11442.25}
INVALID_RISK_UNIT,risk_unit == 0 or non-finite,NQZ20-CME,15698799,2020-10-26 19:27:50.757002+00:00,11451.5,{'stop_loss_price': 11451.5}
INVALID_RISK_UNIT,risk_unit == 0 or non-finite,NQZ20-CME,15698800,2020-10-26 19:27:50.757003+00:00,11451.5,{'stop_loss_price': 11451.5}
INVALID_RISK_UNIT,risk_unit == 0 or non-finite,NQZ20-CME,15715078,2020-10-26 19:44:01.755001+00:00,11463.25,{'stop_loss_price': 11463.25}
INVALID_RISK_UNIT,risk_unit == 0 or non-finite,NQZ20-CME,15715079,2020-10-26 19:44:01.755002+00:00,11463.25,{'stop_loss_price': 11463.25}
INVALID_RISK_UNIT,risk_unit == 0 or non-finite,NQZ20-CME,15716643,2020-10-26 19:45:45.302000+00:00,11456.0,{'stop_loss_price': 11456.0}
INVALID_RISK_UNIT,risk_unit == 0 or non-finite,NQZ20-CME,15746645,2020-10-26 20:30:09.118000+00:00,11499.25,{'stop_loss_price': 11499.25}
INVALID_RISK_UNIT,risk_unit == 0 or non-finite,NQZ20-CME,15796547,2020-10-27 09:58:31.827000+00:00,11526.5,{'stop_loss_price': 11526.5}
INVALID_RISK_UNIT,risk_unit == 0 or non-finite,NQZ20-CME,15830520,2020-10-27 13:30:22.952000+00:00,11550.0,{'stop_loss_price': 11550.0}
INVALID_RISK_UNIT,risk_unit == 0 or non-finite,NQZ20-CME,15904394,2020-10-27 14:08:36.041000+00:00,11548.0,{'stop_loss_price': 11548.0}
INVALID_RISK_UNIT,risk_unit == 0 or non-finite,NQZ20-CME,15921823,2020-10-27 14:22:08.669000+00:00,11497.0,{'stop_loss_price': 11497.0}
INVALID_RISK_UNIT,risk_unit == 0 or non-finite,NQZ20-CME,15959814,2020-10-27 14:51:00.726000+00:00,11566.25,{'stop_loss_price': 11566.25}
INVALID_RISK_UNIT,risk_unit == 0 or non-finite,NQZ20-CME,16013471,2020-10-27 15:50:35.033000+00:00,11578.0,{'stop_loss_price': 11578.0}
INVALID_RISK_UNIT,risk_unit == 0 or non-finite,NQZ20-CME,16013472,2020-10-27 15:50:35.033001+00:00,11578.0,{'stop_loss_price': 11578.0}
INVALID_RISK_UNIT,risk_unit == 0 or non-finite,NQZ20-CME,16013473,2020-10-27 15:50:35.033002+00:00,11578.0,{'stop_loss_price': 11578.0}
INVALID_RISK_UNIT,risk_unit == 0 or non-finite,NQZ20-CME,16013474,2020-10-27 15:50:35.033003+00:00,11578.0,{'stop_loss_price': 11578.0}
INVALID_RISK_UNIT,risk_unit == 0 or non-finite,NQZ20-CME,16029736,2020-10-27 16:06:02.535000+00:00,11597.25,{'stop_loss_price': 11597.25}
INVALID_RISK_UNIT,risk_unit == 0 or non-finite,NQZ20-CME,16029737,2020-10-27 16:06:02.535001+00:00,11597.25,{'stop_loss_price': 11597.25}
INVALID_RISK_UNIT,risk_unit == 0 or non-finite,NQZ20-CME,16029738,2020-10-27 16:06:02.535002+00:00,11597.25,{'stop_loss_price': 11597.25}
INVALID_RISK_UNIT,risk_unit == 0 or non-finite,NQZ20-CME,16029739,2020-10-27 16:06:02.535003+00:00,11597.25,{'stop_loss_price': 11597.25}
INVALID_RISK_UNIT,risk_unit == 0 or non-finite,NQZ20-CME,16030129,2020-10-27 16:06:39.123000+00:00,11594.25,{'stop_loss_price': 11594.25}
INVALID_RISK_UNIT,risk_unit == 0 or non-finite,NQZ20-CME,16045993,2020-10-27 16:29:06.426000+00:00,11567.5,{'stop_loss_price': 11567.5}
INVALID_RISK_UNIT,risk_unit == 0 or non-finite,NQZ20-CME,16045994,2020-10-27 16:29:06.439000+00:00,11567.5,{'stop_loss_price': 11567.5}
INVALID_RISK_UNIT,risk_unit == 0 or non-finite,NQZ20-CME,16045995,2020-10-27 16:29:06.439001+00:00,11567.5,{'stop_loss_price': 11567.5}
INVALID_RISK_UNIT,risk_unit == 0 or non-finite,NQZ20-CME,16085147,2020-10-27 17:23:58.531000+00:00,11577.25,{'stop_loss_price': 11577.25}
INVALID_RISK_UNIT,risk_unit == 0 or non-finite,NQZ20-CME,16085148,2020-10-27 17:23:58.531001+00:00,11577.25,{'stop_loss_price': 11577.25}
INVALID_RISK_UNIT,risk_unit == 0 or non-finite,NQZ20-CME,16085155,2020-10-27 17:23:59.116000+00:00,11577.25,{'stop_loss_price': 11577.25}
INVALID_RISK_UNIT,risk_unit == 0 or non-finite,NQZ20-CME,16109949,2020-10-27 18:00:39.105000+00:00,11587.75,{'stop_loss_price': 11587.75}
INVALID_RISK_UNIT,risk_unit == 0 or non-finite,NQZ20-CME,16120657,2020-10-27 18:13:30.055000+00:00,11577.0,{'stop_loss_price': 11577.0}
INVALID_RISK_UNIT,risk_unit == 0 or non-finite,NQZ20-CME,16126810,2020-10-27 18:23:00.559000+00:00,11563.0,{'stop_loss_price': 11563.0}
INVALID_RISK_UNIT,risk_unit == 0 or non-finite,NQZ20-CME,16138921,2020-10-27 18:45:08.367000+00:00,11559.5,{'stop_loss_price': 11559.5}
INVALID_RISK_UNIT,risk_unit == 0 or non-finite,NQZ20-CME,16164255,2020-10-27 19:10:34.803002+00:00,11554.75,{'stop_loss_price': 11554.75}
INVALID_RISK_UNIT,risk_unit == 0 or non-finite,NQZ20-CME,16164256,2020-10-27 19:10:34.803003+00:00,11554.75,{'stop_loss_price': 11554.75}
INVALID_RISK_UNIT,risk_unit == 0 or non-finite,NQZ20-CME,16164257,2020-10-27 19:10:34.803004+00:00,11554.75,{'stop_loss_price': 11554.75}
INVALID_RISK_UNIT,risk_unit == 0 or non-finite,NQZ20-CME,16164259,2020-10-27 19:10:34.804001+00:00,11554.75,{'stop_loss_price': 11554.75}
INVALID_RISK_UNIT,risk_unit == 0 or non-finite,NQZ20-CME,16186310,2020-10-27 19:44:23.376000+00:00,11615.25,{'stop_loss_price': 11615.25}
INVALID_RISK_UNIT,risk_unit == 0 or non-finite,NQZ20-CME,16194738,2020-10-27 19:54:07.270000+00:00,11599.25,{'stop_loss_price': 11599.25}
INVALID_RISK_UNIT,risk_unit == 0 or non-finite,NQZ20-CME,16215174,2020-10-27 20:46:49.880000+00:00,11557.5,{'stop_loss_price': 11557.5}
INVALID_RISK_UNIT,risk_unit == 0 or non-finite,NQZ20-CME,16223816,2020-10-27 23:23:39.214000+00:00,11530.0,{'stop_loss_price': 11530.0}
INVALID_RISK_UNIT,risk_unit == 0 or non-finite,NQZ20-CME,16254091,2020-10-28 07:35:02.434000+00:00,11501.0,{'stop_loss_price': 11501.0}
INVALID_RISK_UNIT,risk_unit == 0 or non-finite,NQZ20-CME,16254092,2020-10-28 07:35:02.434001+00:00,11501.0,{'stop_loss_price': 11501.0}
INVALID_RISK_UNIT,risk_unit == 0 or non-finite,NQZ20-CME,16254101,2020-10-28 07:35:05.549000+00:00,11501.0,{'stop_loss_price': 11501.0}
INVALID_RISK_UNIT,risk_unit == 0 or non-finite,NQZ20-CME,16338887,2020-10-28 13:33:01.514002+00:00,11374.75,{'stop_loss_price': 11374.75}
INVALID_RISK_UNIT,risk_unit == 0 or non-finite,NQZ20-CME,16338888,2020-10-28 13:33:01.514003+00:00,11374.75,{'stop_loss_price': 11374.75}
INVALID_RISK_UNIT,risk_unit == 0 or non-finite,NQZ20-CME,16366673,2020-10-28 13:42:37.705000+00:00,11343.25,{'stop_loss_price': 11343.25}
INVALID_RISK_UNIT,risk_unit == 0 or non-finite,NQZ20-CME,16432701,2020-10-28 14:14:57.719000+00:00,11277.25,{'stop_loss_price': 11277.25}
INVALID_RISK_UNIT,risk_unit == 0 or non-finite,NQZ20-CME,16460629,2020-10-28 14:29:18.642000+00:00,11214.0,{'stop_loss_price': 11214.0}
INVALID_RISK_UNIT,risk_unit == 0 or non-finite,NQZ20-CME,16482205,2020-10-28 14:41:20.916000+00:00,11254.25,{'stop_loss_price': 11254.25}
INVALID_RISK_UNIT,risk_unit == 0 or non-finite,NQZ20-CME,16490932,2020-10-28 14:47:33.039000+00:00,11231.25,{'stop_loss_price': 11231.25}
INVALID_RISK_UNIT,risk_unit == 0 or non-finite,NQZ20-CME,16494147,2020-10-28 14:50:02.163000+00:00,11219.25,{'stop_loss_price': 11219.25}
INVALID_RISK_UNIT,risk_unit == 0 or non-finite,NQZ20-CME,16570153,2020-10-28 15:41:16.373001+00:00,11213.25,{'stop_loss_price': 11213.25}
INVALID_RISK_UNIT,risk_unit == 0 or non-finite,NQZ20-CME,16570154,2020-10-28 15:41:16.373002+00:00,11213.25,{'stop_loss_price': 11213.25}
INVALID_RISK_UNIT,risk_unit == 0 or non-finite,NQZ20-CME,16570155,2020-10-28 15:41:16.373003+00:00,11213.25,{'stop_loss_price': 11213.25}
INVALID_RISK_UNIT,risk_unit == 0 or non-finite,NQZ20-CME,16570156,2020-10-28 15:41:16.373004+00:00,11213.25,{'stop_loss_price': 11213.25}
INVALID_RISK_UNIT,risk_unit == 0 or non-finite,NQZ20-CME,16571409,2020-10-28 15:42:02.043000+00:00,11224.5,{'stop_loss_price': 11224.5}
INVALID_RISK_UNIT,risk_unit == 0 or non-finite,NQZ20-CME,16573915,2020-10-28 15:43:44.554000+00:00,11235.25,{'stop_loss_price': 11235.25}
INVALID_RISK_UNIT,risk_unit == 0 or non-finite,NQZ20-CME,16607569,2020-10-28 16:11:23.308000+00:00,11250.75,{'stop_loss_price': 11250.75}
INVALID_RISK_UNIT,risk_unit == 0 or non-finite,NQZ20-CME,16644053,2020-10-28 16:50:09.686000+00:00,11202.0,{'stop_loss_price': 11202.0}
INVALID_RISK_UNIT,risk_unit == 0 or non-finite,NQZ20-CME,16650386,2020-10-28 16:57:17.278000+00:00,11213.75,{'stop_loss_price': 11213.75}
INVALID_RISK_UNIT,risk_unit == 0 or non-finite,NQZ20-CME,16651657,2020-10-28 16:59:04.438000+00:00,11205.25,{'stop_loss_price': 11205.25}
INVALID_RISK_UNIT,risk_unit == 0 or non-finite,NQZ20-CME,16651658,2020-10-28 16:59:04.438001+00:00,11205.25,{'stop_loss_price': 11205.25}
INVALID_RISK_UNIT,risk_unit == 0 or non-finite,NQZ20-CME,16651659,2020-10-28 16:59:04.438002+00:00,11205.25,{'stop_loss_price': 11205.25}
INVALID_RISK_UNIT,risk_unit == 0 or non-finite,NQZ20-CME,16651825,2020-10-28 16:59:09.143000+00:00,11205.0,{'stop_loss_price': 11205.0}
INVALID_RISK_UNIT,risk_unit == 0 or non-finite,NQZ20-CME,16670468,2020-10-28 17:16:57.081000+00:00,11167.5,{'stop_loss_price': 11167.5}
INVALID_RISK_UNIT,risk_unit == 0 or non-finite,NQZ20-CME,16670469,2020-10-28 17:16:57.082000+00:00,11167.5,{'stop_loss_price': 11167.5}
INVALID_RISK_UNIT,risk_unit == 0 or non-finite,NQZ20-CME,16670470,2020-10-28 17:16:57.086000+00:00,11167.5,{'stop_loss_price': 11167.5}
INVALID_RISK_UNIT,risk_unit == 0 or non-finite,NQZ20-CME,16670471,2020-10-28 17:16:57.087000+00:00,11167.5,{'stop_loss_price': 11167.5}
INVALID_RISK_UNIT,risk_unit == 0 or non-finite,NQZ20-CME,16670472,2020-10-28 17:16:57.089000+00:00,11167.5,{'stop_loss_price': 11167.5}
INVALID_RISK_UNIT,risk_unit == 0 or non-finite,NQZ20-CME,16675189,2020-10-28 17:21:20.150000+00:00,11167.5,{'stop_loss_price': 11167.5}
INVALID_RISK_UNIT,risk_unit == 0 or non-finite,NQZ20-CME,16675190,2020-10-28 17:21:20.150001+00:00,11167.5,{'stop_loss_price': 11167.5}
INVALID_RISK_UNIT,risk_unit == 0 or non-finite,NQZ20-CME,16675191,2020-10-28 17:21:20.150002+00:00,11167.5,{'stop_loss_price': 11167.5}
INVALID_RISK_UNIT,risk_unit == 0 or non-finite,NQZ20-CME,16675192,2020-10-28 17:21:20.159000+00:00,11167.5,{'stop_loss_price': 11167.5}
INVALID_RISK_UNIT,risk_unit == 0 or non-finite,NQZ20-CME,16675193,2020-10-28 17:21:20.557000+00:00,11167.5,{'stop_loss_price': 11167.5}
INVALID_RISK_UNIT,risk_unit == 0 or non-finite,NQZ20-CME,16675194,2020-10-28 17:21:20.557001+00:00,11167.5,{'stop_loss_price': 11167.5}
INVALID_RISK_UNIT,risk_unit == 0 or non-finite,NQZ20-CME,16675195,2020-10-28 17:21:20.557002+00:00,11167.5,{'stop_loss_price': 11167.5}
INVALID_RISK_UNIT,risk_unit == 0 or non-finite,NQZ20-CME,16683587,2020-10-28 17:30:46.826000+00:00,11197.0,{'stop_loss_price': 11197.0}
INVALID_RISK_UNIT,risk_unit == 0 or non-finite,NQZ20-CME,16738193,2020-10-28 18:39:34.513000+00:00,11206.75,{'stop_loss_price': 11206.75}
INVALID_RISK_UNIT,risk_unit == 0 or non-finite,NQZ20-CME,16738194,2020-10-28 18:39:34.513001+00:00,11206.75,{'stop_loss_price': 11206.75}
INVALID_RISK_UNIT,risk_unit == 0 or non-finite,NQZ20-CME,16738195,2020-10-28 18:39:34.843000+00:00,11206.75,{'stop_loss_price': 11206.75}
INVALID_RISK_UNIT,risk_unit == 0 or non-finite,NQZ20-CME,16774688,2020-10-28 19:17:03.639000+00:00,11208.25,{'stop_loss_price': 11208.25}
INVALID_RISK_UNIT,risk_unit == 0 or non-finite,NQZ20-CME,16774689,2020-10-28 19:17:03.641000+00:00,11208.25,{'stop_loss_price': 11208.25}
INVALID_RISK_UNIT,risk_unit == 0 or non-finite,NQZ20-CME,16816482,2020-10-28 19:47:39.035000+00:00,11199.25,{'stop_loss_price': 11199.25}
INVALID_RISK_UNIT,risk_unit == 0 or non-finite,NQZ20-CME,16850403,2020-10-28 20:01:58.311000+00:00,11140.5,{'stop_loss_price': 11140.5}
INVALID_RISK_UNIT,risk_unit == 0 or non-finite,NQZ20-CME,16850404,2020-10-28 20:01:58.311001+00:00,11140.5,{'stop_loss_price': 11140.5}
INVALID_RISK_UNIT,risk_unit == 0 or non-finite,NQZ20-CME,16850405,2020-10-28 20:01:58.311002+00:00,11140.5,{'stop_loss_price': 11140.5}
INVALID_RISK_UNIT,risk_unit == 0 or non-finite,NQZ20-CME,16850406,2020-10-28 20:01:58.311003+00:00,11140.5,{'stop_loss_price': 11140.5}
INVALID_RISK_UNIT,risk_unit == 0 or non-finite,NQZ20-CME,16868129,2020-10-28 23:04:16.903000+00:00,11197.25,{'stop_loss_price': 11197.25}
INVALID_RISK_UNIT,risk_unit == 0 or non-finite,NQZ20-CME,16873014,2020-10-29 00:05:14.904001+00:00,11191.75,{'stop_loss_price': 11191.75}
INVALID_RISK_UNIT,risk_unit == 0 or non-finite,NQZ20-CME,16884570,2020-10-29 01:54:48.132000+00:00,11237.5,{'stop_loss_price': 11237.5}
INVALID_RISK_UNIT,risk_unit == 0 or non-finite,NQZ20-CME,16891096,2020-10-29 03:31:31.031000+00:00,11242.75,{'stop_loss_price': 11242.75}
INVALID_RISK_UNIT,risk_unit == 0 or non-finite,NQZ20-CME,16898221,2020-10-29 05:57:49.761000+00:00,11251.0,{'stop_loss_price': 11251.0}
INVALID_RISK_UNIT,risk_unit == 0 or non-finite,NQZ20-CME,16904986,2020-10-29 07:00:06.109000+00:00,11272.0,{'stop_loss_price': 11272.0}
INVALID_RISK_UNIT,risk_unit == 0 or non-finite,NQZ20-CME,16904987,2020-10-29 07:00:06.109001+00:00,11272.0,{'stop_loss_price': 11272.0}
INVALID_RISK_UNIT,risk_unit == 0 or non-finite,NQZ20-CME,16968360,2020-10-29 12:41:23.143000+00:00,11200.75,{'stop_loss_price': 11200.75}
INVALID_RISK_UNIT,risk_unit == 0 or non-finite,NQZ20-CME,17013000,2020-10-29 13:43:10.012000+00:00,11177.25,{'stop_loss_price': 11177.25}
INVALID_RISK_UNIT,risk_unit == 0 or non-finite,NQZ20-CME,17057196,2020-10-29 14:08:23.610000+00:00,11277.0,{'stop_loss_price': 11277.0}
INVALID_RISK_UNIT,risk_unit == 0 or non-finite,NQZ20-CME,17084268,2020-10-29 14:29:05.690000+00:00,11291.75,{'stop_loss_price': 11291.75}
INVALID_RISK_UNIT,risk_unit == 0 or non-finite,NQZ20-CME,17103042,2020-10-29 14:46:38.027000+00:00,11287.75,{'stop_loss_price': 11287.75}
INVALID_RISK_UNIT,risk_unit == 0 or non-finite,NQZ20-CME,17103507,2020-10-29 14:47:01.645000+00:00,11277.25,{'stop_loss_price': 11277.25}
INVALID_RISK_UNIT,risk_unit == 0 or non-finite,NQZ20-CME,17130930,2020-10-29 15:14:58.493000+00:00,11307.0,{'stop_loss_price': 11307.0}
INVALID_RISK_UNIT,risk_unit == 0 or non-finite,NQZ20-CME,17160121,2020-10-29 15:47:06.305005+00:00,11293.75,{'stop_loss_price': 11293.75}
INVALID_RISK_UNIT,risk_unit == 0 or non-finite,NQZ20-CME,17160122,2020-10-29 15:47:06.305006+00:00,11293.75,{'stop_loss_price': 11293.75}
INVALID_RISK_UNIT,risk_unit == 0 or non-finite,NQZ20-CME,17160123,2020-10-29 15:47:06.305007+00:00,11293.75,{'stop_loss_price': 11293.75}
INVALID_RISK_UNIT,risk_unit == 0 or non-finite,NQZ20-CME,17160124,2020-10-29 15:47:06.305008+00:00,11293.75,{'stop_loss_price': 11293.75}
INVALID_RISK_UNIT,risk_unit == 0 or non-finite,NQZ20-CME,17160125,2020-10-29 15:47:06.305009+00:00,11293.75,{'stop_loss_price': 11293.75}
INVALID_RISK_UNIT,risk_unit == 0 or non-finite,NQZ20-CME,17160129,2020-10-29 15:47:06.750000+00:00,11293.75,{'stop_loss_price': 11293.75}
INVALID_RISK_UNIT,risk_unit == 0 or non-finite,NQZ20-CME,17176251,2020-10-29 16:03:19.955000+00:00,11278.75,{'stop_loss_price': 11278.75}
INVALID_RISK_UNIT,risk_unit == 0 or non-finite,NQZ20-CME,17188689,2020-10-29 16:23:33.222002+00:00,11305.75,{'stop_loss_price': 11305.75}
INVALID_RISK_UNIT,risk_unit == 0 or non-finite,NQZ20-CME,17188690,2020-10-29 16:23:33.222003+00:00,11305.75,{'stop_loss_price': 11305.75}
INVALID_RISK_UNIT,risk_unit == 0 or non-finite,NQZ20-CME,17243374,2020-10-29 17:47:46.818002+00:00,11361.25,{'stop_loss_price': 11361.25}
INVALID_RISK_UNIT,risk_unit == 0 or non-finite,NQZ20-CME,17249666,2020-10-29 17:55:22.964000+00:00,11380.25,{'stop_loss_price': 11380.25}
INVALID_RISK_UNIT,risk_unit == 0 or non-finite,NQZ20-CME,17280876,2020-10-29 18:34:52.101000+00:00,11449.75,{'stop_loss_price': 11449.75}
INVALID_RISK_UNIT,risk_unit == 0 or non-finite,NQZ20-CME,17305784,2020-10-29 19:05:17.327000+00:00,11432.0,{'stop_loss_price': 11432.0}
INVALID_RISK_UNIT,risk_unit == 0 or non-finite,NQZ20-CME,17305785,2020-10-29 19:05:17.327001+00:00,11432.0,{'stop_loss_price': 11432.0}
INVALID_RISK_UNIT,risk_unit == 0 or non-finite,NQZ20-CME,17305786,2020-10-29 19:05:17.327002+00:00,11432.0,{'stop_loss_price': 11432.0}
INVALID_RISK_UNIT,risk_unit == 0 or non-finite,NQZ20-CME,17344695,2020-10-29 19:51:50.599000+00:00,11403.0,{'stop_loss_price': 11403.0}
INVALID_RISK_UNIT,risk_unit == 0 or non-finite,NQZ20-CME,17468481,2020-10-30 09:08:22.015000+00:00,11113.5,{'stop_loss_price': 11113.5}
INVALID_RISK_UNIT,risk_unit == 0 or non-finite,NQZ20-CME,17470084,2020-10-30 09:19:59.798000+00:00,11148.0,{'stop_loss_price': 11148.0}
INVALID_RISK_UNIT,risk_unit == 0 or non-finite,NQZ20-CME,17479436,2020-10-30 10:10:23.875000+00:00,11203.5,{'stop_loss_price': 11203.5}
INVALID_RISK_UNIT,risk_unit == 0 or non-finite,NQZ20-CME,17484806,2020-10-30 10:46:41.513000+00:00,11216.25,{'stop_loss_price': 11216.25}
INVALID_RISK_UNIT,risk_unit == 0 or non-finite,NQZ20-CME,17490493,2020-10-30 11:10:57.476000+00:00,11236.0,{'stop_loss_price': 11236.0}
INVALID_RISK_UNIT,risk_unit == 0 or non-finite,NQZ20-CME,17513435,2020-10-30 13:06:43.696000+00:00,11244.0,{'stop_loss_price': 11244.0}
INVALID_RISK_UNIT,risk_unit == 0 or non-finite,NQZ20-CME,17522474,2020-10-30 13:30:23.014000+00:00,11252.0,{'stop_loss_price': 11252.0}
INVALID_RISK_UNIT,risk_unit == 0 or non-finite,NQZ20-CME,17583532,2020-10-30 13:56:48.676002+00:00,11166.75,{'stop_loss_price': 11166.75}
INVALID_RISK_UNIT,risk_unit == 0 or non-finite,NQZ20-CME,17666453,2020-10-30 14:40:34.639000+00:00,11045.0,{'stop_loss_price': 11045.0}
INVALID_RISK_UNIT,risk_unit == 0 or non-finite,NQZ20-CME,17690390,2020-10-30 14:50:58.685000+00:00,11006.5,{'stop_loss_price': 11006.5}
INVALID_RISK_UNIT,risk_unit == 0 or non-finite,NQZ20-CME,17780505,2020-10-30 15:44:42.396000+00:00,11000.5,{'stop_loss_price': 11000.5}
INVALID_RISK_UNIT,risk_unit == 0 or non-finite,NQZ20-CME,17843554,2020-10-30 16:42:22.167000+00:00,11046.25,{'stop_loss_price': 11046.25}
INVALID_RISK_UNIT,risk_unit == 0 or non-finite,NQZ20-CME,17843555,2020-10-30 16:42:22.222000+00:00,11046.25,{'stop_loss_price': 11046.25}
INVALID_RISK_UNIT,risk_unit == 0 or non-finite,NQZ20-CME,17843557,2020-10-30 16:42:22.370000+00:00,11046.25,{'stop_loss_price': 11046.25}
INVALID_RISK_UNIT,risk_unit == 0 or non-finite,NQZ20-CME,17859932,2020-10-30 17:00:47.833000+00:00,11021.0,{'stop_loss_price': 11021.0}
INVALID_RISK_UNIT,risk_unit == 0 or non-finite,NQZ20-CME,17862745,2020-10-30 17:03:47.388000+00:00,11035.0,{'stop_loss_price': 11035.0}
INVALID_RISK_UNIT,risk_unit == 0 or non-finite,NQZ20-CME,17884125,2020-10-30 17:31:32.555000+00:00,10998.5,{'stop_loss_price': 10998.5}
INVALID_RISK_UNIT,risk_unit == 0 or non-finite,NQZ20-CME,17955938,2020-10-30 18:40:44.977000+00:00,10960.75,{'stop_loss_price': 10960.75}
INVALID_RISK_UNIT,risk_unit == 0 or non-finite,NQZ20-CME,17955939,2020-10-30 18:40:44.977001+00:00,10960.75,{'stop_loss_price': 10960.75}
INVALID_RISK_UNIT,risk_unit == 0 or non-finite,NQZ20-CME,17956328,2020-10-30 18:41:06.633000+00:00,10967.25,{'stop_loss_price': 10967.25}
INVALID_RISK_UNIT,risk_unit == 0 or non-finite,NQZ20-CME,17991658,2020-10-30 19:08:29.953000+00:00,10964.25,{'stop_loss_price': 10964.25}
INVALID_RISK_UNIT,risk_unit == 0 or non-finite,NQZ20-CME,18014435,2020-10-30 19:25:13.739000+00:00,10998.5,{'stop_loss_price': 10998.5}
INVALID_RISK_UNIT,risk_unit == 0 or non-finite,NQZ20-CME,18023292,2020-10-30 19:31:58.123000+00:00,10965.75,{'stop_loss_price': 10965.75}
INVALID_RISK_UNIT,risk_unit == 0 or non-finite,NQZ20-CME,18036235,2020-10-30 19:42:35.809000+00:00,10984.0,{'stop_loss_price': 10984.0}
INVALID_RISK_UNIT,risk_unit == 0 or non-finite,NQZ20-CME,18036236,2020-10-30 19:42:35.957000+00:00,10984.0,{'stop_loss_price': 10984.0}
INVALID_RISK_UNIT,risk_unit == 0 or non-finite,NQZ20-CME,18036238,2020-10-30 19:42:36.098000+00:00,10984.0,{'stop_loss_price': 10984.0}
INVALID_RISK_UNIT,risk_unit == 0 or non-finite,NQZ20-CME,18057536,2020-10-30 19:55:33.996000+00:00,10995.25,{'stop_loss_price': 10995.25}
INVALID_RISK_UNIT,risk_unit == 0 or non-finite,NQZ20-CME,18168384,2020-11-02 09:36:21.133000+00:00,11167.0,{'stop_loss_price': 11167.0}
INVALID_RISK_UNIT,risk_unit == 0 or non-finite,NQZ20-CME,18171416,2020-11-02 10:02:28.870000+00:00,11169.25,{'stop_loss_price': 11169.25}
INVALID_RISK_UNIT,risk_unit == 0 or non-finite,NQZ20-CME,18186755,2020-11-02 12:11:00.217000+00:00,11158.75,{'stop_loss_price': 11158.75}
INVALID_RISK_UNIT,risk_unit == 0 or non-finite,NQZ20-CME,18192928,2020-11-02 12:54:41.638000+00:00,11126.0,{'stop_loss_price': 11126.0}
INVALID_RISK_UNIT,risk_unit == 0 or non-finite,NQZ20-CME,18212527,2020-11-02 14:18:40.077000+00:00,11131.75,{'stop_loss_price': 11131.75}
INVALID_RISK_UNIT,risk_unit == 0 or non-finite,NQZ20-CME,18253846,2020-11-02 14:47:52.513000+00:00,11147.5,{'stop_loss_price': 11147.5}
INVALID_RISK_UNIT,risk_unit == 0 or non-finite,NQZ20-CME,18253847,2020-11-02 14:47:52.513001+00:00,11147.5,{'stop_loss_price': 11147.5}
INVALID_RISK_UNIT,risk_unit == 0 or non-finite,NQZ20-CME,18276729,2020-11-02 15:02:12.432000+00:00,11185.75,{'stop_loss_price': 11185.75}
INVALID_RISK_UNIT,risk_unit == 0 or non-finite,NQZ20-CME,18281751,2020-11-02 15:05:56.432000+00:00,11161.75,{'stop_loss_price': 11161.75}
INVALID_RISK_UNIT,risk_unit == 0 or non-finite,NQZ20-CME,18298128,2020-11-02 15:17:21.761000+00:00,11176.75,{'stop_loss_price': 11176.75}
INVALID_RISK_UNIT,risk_unit == 0 or non-finite,NQZ20-CME,18347023,2020-11-02 15:57:48.002000+00:00,11132.5,{'stop_loss_price': 11132.5}
INVALID_RISK_UNIT,risk_unit == 0 or non-finite,NQZ20-CME,18390567,2020-11-02 16:38:52.577000+00:00,11052.75,{'stop_loss_price': 11052.75}
INVALID_RISK_UNIT,risk_unit == 0 or non-finite,NQZ20-CME,18448797,2020-11-02 17:51:52.594000+00:00,11031.75,{'stop_loss_price': 11031.75}
INVALID_RISK_UNIT,risk_unit == 0 or non-finite,NQZ20-CME,18448798,2020-11-02 17:51:52.594001+00:00,11031.75,{'stop_loss_price': 11031.75}
INVALID_RISK_UNIT,risk_unit == 0 or non-finite,NQZ20-CME,18448803,2020-11-02 17:51:53.043000+00:00,11031.75,{'stop_loss_price': 11031.75}
INVALID_RISK_UNIT,risk_unit == 0 or non-finite,NQZ20-CME,18558999,2020-11-02 20:13:13.386000+00:00,11011.5,{'stop_loss_price': 11011.5}
INVALID_RISK_UNIT,risk_unit == 0 or non-finite,NQZ20-CME,18565602,2020-11-02 20:21:41.806000+00:00,11042.0,{'stop_loss_price': 11042.0}
INVALID_RISK_UNIT,risk_unit == 0 or non-finite,NQZ20-CME,18576222,2020-11-02 20:35:15.529000+00:00,11020.25,{'stop_loss_price': 11020.25}
INVALID_RISK_UNIT,risk_unit == 0 or non-finite,NQZ20-CME,18597840,2020-11-02 20:55:00.136000+00:00,11046.75,{'stop_loss_price': 11046.75}
INVALID_RISK_UNIT,risk_unit == 0 or non-finite,NQZ20-CME,18824053,2020-11-03 16:01:21.547000+00:00,11317.75,{'stop_loss_price': 11317.75}
INVALID_RISK_UNIT,risk_unit == 0 or non-finite,NQZ20-CME,18858157,2020-11-03 16:49:22.947000+00:00,11317.25,{'stop_loss_price': 11317.25}
INVALID_RISK_UNIT,risk_unit == 0 or non-finite,NQZ20-CME,18899879,2020-11-03 18:08:27.589000+00:00,11308.0,{'stop_loss_price': 11308.0}
INVALID_RISK_UNIT,risk_unit == 0 or non-finite,NQZ20-CME,18932387,2020-11-03 18:56:55.631000+00:00,11227.0,{'stop_loss_price': 11227.0}
INVALID_RISK_UNIT,risk_unit == 0 or non-finite,NQZ20-CME,18934784,2020-11-03 18:59:29.979000+00:00,11223.25,{'stop_loss_price': 11223.25}
INVALID_RISK_UNIT,risk_unit == 0 or non-finite,NQZ20-CME,18934785,2020-11-03 18:59:29.979001+00:00,11223.25,{'stop_loss_price': 11223.25}
INVALID_RISK_UNIT,risk_unit == 0 or non-finite,NQZ20-CME,18985548,2020-11-03 20:09:47.137000+00:00,11243.25,{'stop_loss_price': 11243.25}
INVALID_RISK_UNIT,risk_unit == 0 or non-finite,NQZ20-CME,19012890,2020-11-03 20:42:51.725002+00:00,11305.25,{'stop_loss_price': 11305.25}
INVALID_RISK_UNIT,risk_unit == 0 or non-finite,NQZ20-CME,19012891,2020-11-03 20:42:51.725003+00:00,11305.25,{'stop_loss_price': 11305.25}
INVALID_RISK_UNIT,risk_unit == 0 or non-finite,NQZ20-CME,19012892,2020-11-03 20:42:51.725004+00:00,11305.25,{'stop_loss_price': 11305.25}
INVALID_RISK_UNIT,risk_unit == 0 or non-finite,NQZ20-CME,19012893,2020-11-03 20:42:51.725005+00:00,11305.25,{'stop_loss_price': 11305.25}
INVALID_RISK_UNIT,risk_unit == 0 or non-finite,NQZ20-CME,19026122,2020-11-03 20:56:20.977000+00:00,11287.75,{'stop_loss_price': 11287.75}
INVALID_RISK_UNIT,risk_unit == 0 or non-finite,NQZ20-CME,19039518,2020-11-03 21:02:06.847000+00:00,11222.75,{'stop_loss_price': 11222.75}
INVALID_RISK_UNIT,risk_unit == 0 or non-finite,NQZ20-CME,19039519,2020-11-03 21:02:06.847001+00:00,11222.75,{'stop_loss_price': 11222.75}
INVALID_RISK_UNIT,risk_unit == 0 or non-finite,NQZ20-CME,19077968,2020-11-04 00:57:45.733000+00:00,11266.25,{'stop_loss_price': 11266.25}
INVALID_RISK_UNIT,risk_unit == 0 or non-finite,NQZ20-CME,19085528,2020-11-04 01:18:42.257000+00:00,11301.25,{'stop_loss_price': 11301.25}
INVALID_RISK_UNIT,risk_unit == 0 or non-finite,NQZ20-CME,19172212,2020-11-04 04:48:52.853000+00:00,11512.75,{'stop_loss_price': 11512.75}
INVALID_RISK_UNIT,risk_unit == 0 or non-finite,NQZ20-CME,19182428,2020-11-04 05:29:48.123000+00:00,11559.0,{'stop_loss_price': 11559.0}
INVALID_RISK_UNIT,risk_unit == 0 or non-finite,NQZ20-CME,19203450,2020-11-04 07:30:05.005000+00:00,11493.25,{'stop_loss_price': 11493.25}
INVALID_RISK_UNIT,risk_unit == 0 or non-finite,NQZ20-CME,19225698,2020-11-04 08:20:29.368001+00:00,11470.0,{'stop_loss_price': 11470.0}
INVALID_RISK_UNIT,risk_unit == 0 or non-finite,NQZ20-CME,19257032,2020-11-04 10:25:16.726000+00:00,11513.75,{'stop_loss_price': 11513.75}
INVALID_RISK_UNIT,risk_unit == 0 or non-finite,NQZ20-CME,19275430,2020-11-04 12:01:54.799000+00:00,11520.75,{'stop_loss_price': 11520.75}
INVALID_RISK_UNIT,risk_unit == 0 or non-finite,NQZ20-CME,19317410,2020-11-04 13:46:02.180000+00:00,11672.25,{'stop_loss_price': 11672.25}
INVALID_RISK_UNIT,risk_unit == 0 or non-finite,NQZ20-CME,19345612,2020-11-04 14:31:55.937000+00:00,11639.5,{'stop_loss_price': 11639.5}
INVALID_RISK_UNIT,risk_unit == 0 or non-finite,NQZ20-CME,19345613,2020-11-04 14:31:55.937001+00:00,11639.5,{'stop_loss_price': 11639.5}
INVALID_RISK_UNIT,risk_unit == 0 or non-finite,NQZ20-CME,19345614,2020-11-04 14:31:55.938000+00:00,11639.5,{'stop_loss_price': 11639.5}
INVALID_RISK_UNIT,risk_unit == 0 or non-finite,NQZ20-CME,19413741,2020-11-04 15:01:19.276000+00:00,11647.25,{'stop_loss_price': 11647.25}
INVALID_RISK_UNIT,risk_unit == 0 or non-finite,NQZ20-CME,19552919,2020-11-04 17:02:01.510000+00:00,11811.75,{'stop_loss_price': 11811.75}
INVALID_RISK_UNIT,risk_unit == 0 or non-finite,NQZ20-CME,19563571,2020-11-04 17:15:39.437000+00:00,11807.5,{'stop_loss_price': 11807.5}
INVALID_RISK_UNIT,risk_unit == 0 or non-finite,NQZ20-CME,19608146,2020-11-04 18:15:35.434000+00:00,11779.0,{'stop_loss_price': 11779.0}
INVALID_RISK_UNIT,risk_unit == 0 or non-finite,NQZ20-CME,19608147,2020-11-04 18:15:35.434001+00:00,11779.0,{'stop_loss_price': 11779.0}
INVALID_RISK_UNIT,risk_unit == 0 or non-finite,NQZ20-CME,19614625,2020-11-04 18:23:25.549000+00:00,11784.25,{'stop_loss_price': 11784.25}
INVALID_RISK_UNIT,risk_unit == 0 or non-finite,NQZ20-CME,19626658,2020-11-04 18:38:16.048000+00:00,11813.0,{'stop_loss_price': 11813.0}
INVALID_RISK_UNIT,risk_unit == 0 or non-finite,NQZ20-CME,19634980,2020-11-04 18:46:00.481001+00:00,11772.5,{'stop_loss_price': 11772.5}
INVALID_RISK_UNIT,risk_unit == 0 or non-finite,NQZ20-CME,19634981,2020-11-04 18:46:00.481002+00:00,11772.5,{'stop_loss_price': 11772.5}
INVALID_RISK_UNIT,risk_unit == 0 or non-finite,NQZ20-CME,19640862,2020-11-04 18:55:07.095000+00:00,11777.5,{'stop_loss_price': 11777.5}
INVALID_RISK_UNIT,risk_unit == 0 or non-finite,NQZ20-CME,19686576,2020-11-04 20:03:06.582000+00:00,11774.0,{'stop_loss_price': 11774.0}
INVALID_RISK_UNIT,risk_unit == 0 or non-finite,NQZ20-CME,19781293,2020-11-05 03:32:02.435001+00:00,11883.75,{'stop_loss_price': 11883.75}
INVALID_RISK_UNIT,risk_unit == 0 or non-finite,NQZ20-CME,19799430,2020-11-05 05:58:41.460000+00:00,11968.0,{'stop_loss_price': 11968.0}
INVALID_RISK_UNIT,risk_unit == 0 or non-finite,NQZ20-CME,19876736,2020-11-05 14:24:02.360006+00:00,12030.0,{'stop_loss_price': 12030.0}
INVALID_RISK_UNIT,risk_unit == 0 or non-finite,NQZ20-CME,19912342,2020-11-05 14:43:47.808001+00:00,12030.5,{'stop_loss_price': 12030.5}
INVALID_RISK_UNIT,risk_unit == 0 or non-finite,NQZ20-CME,19912343,2020-11-05 14:43:47.808002+00:00,12030.5,{'stop_loss_price': 12030.5}
INVALID_RISK_UNIT,risk_unit == 0 or non-finite,NQZ20-CME,19922427,2020-11-05 14:49:16.882000+00:00,12057.25,{'stop_loss_price': 12057.25}
INVALID_RISK_UNIT,risk_unit == 0 or non-finite,NQZ20-CME,19988325,2020-11-05 15:35:33.611000+00:00,12039.25,{'stop_loss_price': 12039.25}
INVALID_RISK_UNIT,risk_unit == 0 or non-finite,NQZ20-CME,20098532,2020-11-05 17:40:15.253000+00:00,12009.75,{'stop_loss_price': 12009.75}
INVALID_RISK_UNIT,risk_unit == 0 or non-finite,NQZ20-CME,20098533,2020-11-05 17:40:15.254000+00:00,12009.75,{'stop_loss_price': 12009.75}
INVALID_RISK_UNIT,risk_unit == 0 or non-finite,NQZ20-CME,20098534,2020-11-05 17:40:15.799000+00:00,12009.75,{'stop_loss_price': 12009.75}
INVALID_RISK_UNIT,risk_unit == 0 or non-finite,NQZ20-CME,20113754,2020-11-05 18:07:43.449000+00:00,12047.0,{'stop_loss_price': 12047.0}
INVALID_RISK_UNIT,risk_unit == 0 or non-finite,NQZ20-CME,20199131,2020-11-05 20:36:44.476000+00:00,12049.75,{'stop_loss_price': 12049.75}
INVALID_RISK_UNIT,risk_unit == 0 or non-finite,NQZ20-CME,20202832,2020-11-05 20:40:18.629000+00:00,12057.25,{'stop_loss_price': 12057.25}
INVALID_RISK_UNIT,risk_unit == 0 or non-finite,NQZ20-CME,20204762,2020-11-05 20:42:37.296000+00:00,12055.5,{'stop_loss_price': 12055.5}
INVALID_RISK_UNIT,risk_unit == 0 or non-finite,NQZ20-CME,20226862,2020-11-05 20:59:37.972000+00:00,12081.75,{'stop_loss_price': 12081.75}
INVALID_RISK_UNIT,risk_unit == 0 or non-finite,NQZ20-CME,20226863,2020-11-05 20:59:37.972001+00:00,12081.75,{'stop_loss_price': 12081.75}
INVALID_RISK_UNIT,risk_unit == 0 or non-finite,NQZ20-CME,20226864,2020-11-05 20:59:37.972002+00:00,12081.75,{'stop_loss_price': 12081.75}
INVALID_RISK_UNIT,risk_unit == 0 or non-finite,NQZ20-CME,20226865,2020-11-05 20:59:37.974000+00:00,12081.75,{'stop_loss_price': 12081.75}
INVALID_RISK_UNIT,risk_unit == 0 or non-finite,NQZ20-CME,20251680,2020-11-06 00:47:10.130000+00:00,12038.5,{'stop_loss_price': 12038.5}
INVALID_RISK_UNIT,risk_unit == 0 or non-finite,NQZ20-CME,20260379,2020-11-06 01:43:11.030000+00:00,12019.75,{'stop_loss_price': 12019.75}
INVALID_RISK_UNIT,risk_unit == 0 or non-finite,NQZ20-CME,20260380,2020-11-06 01:43:11.030001+00:00,12019.75,{'stop_loss_price': 12019.75}
INVALID_RISK_UNIT,risk_unit == 0 or non-finite,NQZ20-CME,20270755,2020-11-06 03:59:25.572000+00:00,11951.0,{'stop_loss_price': 11951.0}
INVALID_RISK_UNIT,risk_unit == 0 or non-finite,NQZ20-CME,20270756,2020-11-06 03:59:25.854000+00:00,11951.0,{'stop_loss_price': 11951.0}
INVALID_RISK_UNIT,risk_unit == 0 or non-finite,NQZ20-CME,20271193,2020-11-06 04:01:03.936000+00:00,11961.5,{'stop_loss_price': 11961.5}
INVALID_RISK_UNIT,risk_unit == 0 or non-finite,NQZ20-CME,20271194,2020-11-06 04:01:04.039000+00:00,11961.5,{'stop_loss_price': 11961.5}
INVALID_RISK_UNIT,risk_unit == 0 or non-finite,NQZ20-CME,20309190,2020-11-06 09:19:12.060000+00:00,11944.5,{'stop_loss_price': 11944.5}
INVALID_RISK_UNIT,risk_unit == 0 or non-finite,NQZ20-CME,20378863,2020-11-06 14:21:05.668000+00:00,12051.25,{'stop_loss_price': 12051.25}
INVALID_RISK_UNIT,risk_unit == 0 or non-finite,NQZ20-CME,20431823,2020-11-06 14:54:08.324000+00:00,11927.5,{'stop_loss_price': 11927.5}
INVALID_RISK_UNIT,risk_unit == 0 or non-finite,NQZ20-CME,20439701,2020-11-06 14:59:15.611003+00:00,11896.75,{'stop_loss_price': 11896.75}
INVALID_RISK_UNIT,risk_unit == 0 or non-finite,NQZ20-CME,20461380,2020-11-06 15:16:53.508000+00:00,11969.25,{'stop_loss_price': 11969.25}
INVALID_RISK_UNIT,risk_unit == 0 or non-finite,NQZ20-CME,20461381,2020-11-06 15:16:53.508001+00:00,11969.25,{'stop_loss_price': 11969.25}
INVALID_RISK_UNIT,risk_unit == 0 or non-finite,NQZ20-CME,20461382,2020-11-06 15:16:53.508002+00:00,11969.25,{'stop_loss_price': 11969.25}
INVALID_RISK_UNIT,risk_unit == 0 or non-finite,NQZ20-CME,20461383,2020-11-06 15:16:53.508003+00:00,11969.25,{'stop_loss_price': 11969.25}
INVALID_RISK_UNIT,risk_unit == 0 or non-finite,NQZ20-CME,20461384,2020-11-06 15:16:53.508004+00:00,11969.25,{'stop_loss_price': 11969.25}
INVALID_RISK_UNIT,risk_unit == 0 or non-finite,NQZ20-CME,20461386,2020-11-06 15:16:53.590000+00:00,11969.25,{'stop_loss_price': 11969.25}
INVALID_RISK_UNIT,risk_unit == 0 or non-finite,NQZ20-CME,20477918,2020-11-06 15:34:03.851000+00:00,11993.25,{'stop_loss_price': 11993.25}
INVALID_RISK_UNIT,risk_unit == 0 or non-finite,NQZ20-CME,20517244,2020-11-06 16:13:48.065000+00:00,12001.0,{'stop_loss_price': 12001.0}
INVALID_RISK_UNIT,risk_unit == 0 or non-finite,NQZ20-CME,20558420,2020-11-06 17:02:09.438004+00:00,12061.0,{'stop_loss_price': 12061.0}
INVALID_RISK_UNIT,risk_unit == 0 or non-finite,NQZ20-CME,20723947,2020-11-09 00:49:03.017000+00:00,12268.75,{'stop_loss_price': 12268.75}
INVALID_RISK_UNIT,risk_unit == 0 or non-finite,NQZ20-CME,20734126,2020-11-09 01:36:06.614000+00:00,12324.25,{'stop_loss_price': 12324.25}
INVALID_RISK_UNIT,risk_unit == 0 or non-finite,NQZ20-CME,20823143,2020-11-09 12:06:39.213000+00:00,12220.5,{'stop_loss_price': 12220.5}
INVALID_RISK_UNIT,risk_unit == 0 or non-finite,NQZ20-CME,20823144,2020-11-09 12:06:39.213001+00:00,12220.5,{'stop_loss_price': 12220.5}
INVALID_RISK_UNIT,risk_unit == 0 or non-finite,NQZ20-CME,20823145,2020-11-09 12:06:39.252000+00:00,12220.5,{'stop_loss_price': 12220.5}
INVALID_RISK_UNIT,risk_unit == 0 or non-finite,NQZ20-CME,20843895,2020-11-09 12:32:20.650000+00:00,12130.5,{'stop_loss_price': 12130.5}
INVALID_RISK_UNIT,risk_unit == 0 or non-finite,NQZ20-CME,20968485,2020-11-09 14:50:07.756000+00:00,12162.75,{'stop_loss_price': 12162.75}
INVALID_RISK_UNIT,risk_unit == 0 or non-finite,NQZ20-CME,20989959,2020-11-09 15:02:14.601000+00:00,12162.5,{'stop_loss_price': 12162.5}
INVALID_RISK_UNIT,risk_unit == 0 or non-finite,NQZ20-CME,21036177,2020-11-09 15:36:12.322000+00:00,12214.75,{'stop_loss_price': 12214.75}
INVALID_RISK_UNIT,risk_unit == 0 or non-finite,NQZ20-CME,21036178,2020-11-09 15:36:12.363000+00:00,12214.75,{'stop_loss_price': 12214.75}
INVALID_RISK_UNIT,risk_unit == 0 or non-finite,NQZ20-CME,21098808,2020-11-09 16:26:19.723000+00:00,12169.25,{'stop_loss_price': 12169.25}
INVALID_RISK_UNIT,risk_unit == 0 or non-finite,NQZ20-CME,21117214,2020-11-09 16:49:52.962000+00:00,12134.5,{'stop_loss_price': 12134.5}
INVALID_RISK_UNIT,risk_unit == 0 or non-finite,NQZ20-CME,21147196,2020-11-09 17:20:30.040000+00:00,12093.25,{'stop_loss_price': 12093.25}
INVALID_RISK_UNIT,risk_unit == 0 or non-finite,NQZ20-CME,21202021,2020-11-09 19:04:03.381000+00:00,12068.0,{'stop_loss_price': 12068.0}
INVALID_RISK_UNIT,risk_unit == 0 or non-finite,NQZ20-CME,21208896,2020-11-09 19:16:09.459000+00:00,12046.75,{'stop_loss_price': 12046.75}
INVALID_RISK_UNIT,risk_unit == 0 or non-finite,NQZ20-CME,21209581,2020-11-09 19:17:27.315000+00:00,12032.5,{'stop_loss_price': 12032.5}
INVALID_RISK_UNIT,risk_unit == 0 or non-finite,NQZ20-CME,21217985,2020-11-09 19:27:38.280000+00:00,12022.0,{'stop_loss_price': 12022.0}
INVALID_RISK_UNIT,risk_unit == 0 or non-finite,NQZ20-CME,21225222,2020-11-09 19:35:43.646000+00:00,12000.5,{'stop_loss_price': 12000.5}
INVALID_RISK_UNIT,risk_unit == 0 or non-finite,NQZ20-CME,21255459,2020-11-09 20:10:29.713000+00:00,12025.25,{'stop_loss_price': 12025.25}
INVALID_RISK_UNIT,risk_unit == 0 or non-finite,NQZ20-CME,21292093,2020-11-09 20:54:46.115000+00:00,11884.5,{'stop_loss_price': 11884.5}
INVALID_RISK_UNIT,risk_unit == 0 or non-finite,NQZ20-CME,21342178,2020-11-10 01:29:43.364002+00:00,11849.25,{'stop_loss_price': 11849.25}
INVALID_RISK_UNIT,risk_unit == 0 or non-finite,NQZ20-CME,21342179,2020-11-10 01:29:43.364003+00:00,11849.25,{'stop_loss_price': 11849.25}
INVALID_RISK_UNIT,risk_unit == 0 or non-finite,NQZ20-CME,21371001,2020-11-10 04:40:20.848000+00:00,11764.5,{'stop_loss_price': 11764.5}
INVALID_RISK_UNIT,risk_unit == 0 or non-finite,NQZ20-CME,21375488,2020-11-10 05:22:23.003000+00:00,11760.75,{'stop_loss_price': 11760.75}
INVALID_RISK_UNIT,risk_unit == 0 or non-finite,NQZ20-CME,21434536,2020-11-10 10:53:05.053000+00:00,11626.25,{'stop_loss_price': 11626.25}
INVALID_RISK_UNIT,risk_unit == 0 or non-finite,NQZ20-CME,21478414,2020-11-10 13:13:53.713000+00:00,11628.5,{'stop_loss_price': 11628.5}
INVALID_RISK_UNIT,risk_unit == 0 or non-finite,NQZ20-CME,21513157,2020-11-10 14:31:22.648000+00:00,11714.75,{'stop_loss_price': 11714.75}
INVALID_RISK_UNIT,risk_unit == 0 or non-finite,NQZ20-CME,21538232,2020-11-10 14:39:36.205003+00:00,11665.25,{'stop_loss_price': 11665.25}
INVALID_RISK_UNIT,risk_unit == 0 or non-finite,NQZ20-CME,21538233,2020-11-10 14:39:36.205004+00:00,11665.25,{'stop_loss_price': 11665.25}
INVALID_RISK_UNIT,risk_unit == 0 or non-finite,NQZ20-CME,21556839,2020-11-10 14:46:45.028000+00:00,11644.25,{'stop_loss_price': 11644.25}
INVALID_RISK_UNIT,risk_unit == 0 or non-finite,NQZ20-CME,21589919,2020-11-10 15:04:38.716000+00:00,11674.75,{'stop_loss_price': 11674.75}
INVALID_RISK_UNIT,risk_unit == 0 or non-finite,NQZ20-CME,21644009,2020-11-10 15:35:56.037002+00:00,11546.75,{'stop_loss_price': 11546.75}
INVALID_RISK_UNIT,risk_unit == 0 or non-finite,NQZ20-CME,21644010,2020-11-10 15:35:56.037003+00:00,11546.75,{'stop_loss_price': 11546.75}
INVALID_RISK_UNIT,risk_unit == 0 or non-finite,NQZ20-CME,21718095,2020-11-10 16:24:44.804000+00:00,11593.0,{'stop_loss_price': 11593.0}
INVALID_RISK_UNIT,risk_unit == 0 or non-finite,NQZ20-CME,21731456,2020-11-10 16:34:51.578000+00:00,11650.0,{'stop_loss_price': 11650.0}
INVALID_RISK_UNIT,risk_unit == 0 or non-finite,NQZ20-CME,21748834,2020-11-10 16:48:45.426000+00:00,11703.0,{'stop_loss_price': 11703.0}
INVALID_RISK_UNIT,risk_unit == 0 or non-finite,NQZ20-CME,21777985,2020-11-10 17:15:33.400000+00:00,11730.75,{'stop_loss_price': 11730.75}
INVALID_RISK_UNIT,risk_unit == 0 or non-finite,NQZ20-CME,21815586,2020-11-10 17:56:50.905000+00:00,11710.25,{'stop_loss_price': 11710.25}
INVALID_RISK_UNIT,risk_unit == 0 or non-finite,NQZ20-CME,21847278,2020-11-10 18:31:15.668000+00:00,11606.0,{'stop_loss_price': 11606.0}
INVALID_RISK_UNIT,risk_unit == 0 or non-finite,NQZ20-CME,21907713,2020-11-10 19:23:54.688000+00:00,11602.0,{'stop_loss_price': 11602.0}
INVALID_RISK_UNIT,risk_unit == 0 or non-finite,NQZ20-CME,21907714,2020-11-10 19:23:54.688001+00:00,11602.0,{'stop_loss_price': 11602.0}
INVALID_RISK_UNIT,risk_unit == 0 or non-finite,NQZ20-CME,21907715,2020-11-10 19:23:54.688002+00:00,11602.0,{'stop_loss_price': 11602.0}
INVALID_RISK_UNIT,risk_unit == 0 or non-finite,NQZ20-CME,21907716,2020-11-10 19:23:54.688003+00:00,11602.0,{'stop_loss_price': 11602.0}
INVALID_RISK_UNIT,risk_unit == 0 or non-finite,NQZ20-CME,21907717,2020-11-10 19:23:54.688004+00:00,11602.0,{'stop_loss_price': 11602.0}
INVALID_RISK_UNIT,risk_unit == 0 or non-finite,NQZ20-CME,21907718,2020-11-10 19:23:54.688005+00:00,11602.0,{'stop_loss_price': 11602.0}
INVALID_RISK_UNIT,risk_unit == 0 or non-finite,NQZ20-CME,21907719,2020-11-10 19:23:54.688006+00:00,11602.0,{'stop_loss_price': 11602.0}
INVALID_RISK_UNIT,risk_unit == 0 or non-finite,NQZ20-CME,21907744,2020-11-10 19:23:55.488000+00:00,11602.0,{'stop_loss_price': 11602.0}
INVALID_RISK_UNIT,risk_unit == 0 or non-finite,NQZ20-CME,21907745,2020-11-10 19:23:55.488001+00:00,11602.0,{'stop_loss_price': 11602.0}
INVALID_RISK_UNIT,risk_unit == 0 or non-finite,NQZ20-CME,21907746,2020-11-10 19:23:55.488002+00:00,11602.0,{'stop_loss_price': 11602.0}
INVALID_RISK_UNIT,risk_unit == 0 or non-finite,NQZ20-CME,21907747,2020-11-10 19:23:55.488003+00:00,11602.0,{'stop_loss_price': 11602.0}
INVALID_RISK_UNIT,risk_unit == 0 or non-finite,NQZ20-CME,21907748,2020-11-10 19:23:55.488004+00:00,11602.0,{'stop_loss_price': 11602.0}
INVALID_RISK_UNIT,risk_unit == 0 or non-finite,NQZ20-CME,21907749,2020-11-10 19:23:55.488005+00:00,11602.0,{'stop_loss_price': 11602.0}
INVALID_RISK_UNIT,risk_unit == 0 or non-finite,NQZ20-CME,21907750,2020-11-10 19:23:55.488006+00:00,11602.0,{'stop_loss_price': 11602.0}
INVALID_RISK_UNIT,risk_unit == 0 or non-finite,NQZ20-CME,21907751,2020-11-10 19:23:55.488007+00:00,11602.0,{'stop_loss_price': 11602.0}
INVALID_RISK_UNIT,risk_unit == 0 or non-finite,NQZ20-CME,21907752,2020-11-10 19:23:55.489000+00:00,11602.0,{'stop_loss_price': 11602.0}
INVALID_RISK_UNIT,risk_unit == 0 or non-finite,NQZ20-CME,21907753,2020-11-10 19:23:55.489001+00:00,11602.0,{'stop_loss_price': 11602.0}
INVALID_RISK_UNIT,risk_unit == 0 or non-finite,NQZ20-CME,21907754,2020-11-10 19:23:55.489002+00:00,11602.0,{'stop_loss_price': 11602.0}
INVALID_RISK_UNIT,risk_unit == 0 or non-finite,NQZ20-CME,21907757,2020-11-10 19:23:55.489005+00:00,11602.0,{'stop_loss_price': 11602.0}
INVALID_RISK_UNIT,risk_unit == 0 or non-finite,NQZ20-CME,21907758,2020-11-10 19:23:55.490000+00:00,11602.0,{'stop_loss_price': 11602.0}
INVALID_RISK_UNIT,risk_unit == 0 or non-finite,NQZ20-CME,21907761,2020-11-10 19:23:55.490003+00:00,11602.0,{'stop_loss_price': 11602.0}
INVALID_RISK_UNIT,risk_unit == 0 or non-finite,NQZ20-CME,21907762,2020-11-10 19:23:55.490004+00:00,11602.0,{'stop_loss_price': 11602.0}
INVALID_RISK_UNIT,risk_unit == 0 or non-finite,NQZ20-CME,21907763,2020-11-10 19:23:55.490005+00:00,11602.0,{'stop_loss_price': 11602.0}
INVALID_RISK_UNIT,risk_unit == 0 or non-finite,NQZ20-CME,21907764,2020-11-10 19:23:55.490006+00:00,11602.0,{'stop_loss_price': 11602.0}
INVALID_RISK_UNIT,risk_unit == 0 or non-finite,NQZ20-CME,22001027,2020-11-10 20:48:08.176000+00:00,11623.5,{'stop_loss_price': 11623.5}
INVALID_RISK_UNIT,risk_unit == 0 or non-finite,NQZ20-CME,22007419,2020-11-10 20:52:26.760000+00:00,11596.25,{'stop_loss_price': 11596.25}
INVALID_RISK_UNIT,risk_unit == 0 or non-finite,NQZ20-CME,22009061,2020-11-10 20:53:29.810000+00:00,11603.5,{'stop_loss_price': 11603.5}
INVALID_RISK_UNIT,risk_unit == 0 or non-finite,NQZ20-CME,22105655,2020-11-11 09:05:19.549001+00:00,11738.75,{'stop_loss_price': 11738.75}
INVALID_RISK_UNIT,risk_unit == 0 or non-finite,NQZ20-CME,22124130,2020-11-11 11:59:33.274000+00:00,11744.75,{'stop_loss_price': 11744.75}
INVALID_RISK_UNIT,risk_unit == 0 or non-finite,NQZ20-CME,22124131,2020-11-11 11:59:33.274001+00:00,11744.75,{'stop_loss_price': 11744.75}
INVALID_RISK_UNIT,risk_unit == 0 or non-finite,NQZ20-CME,22124132,2020-11-11 11:59:33.274002+00:00,11744.75,{'stop_loss_price': 11744.75}
INVALID_RISK_UNIT,risk_unit == 0 or non-finite,NQZ20-CME,22177270,2020-11-11 14:38:30.002000+00:00,11757.0,{'stop_loss_price': 11757.0}
INVALID_RISK_UNIT,risk_unit == 0 or non-finite,NQZ20-CME,22177271,2020-11-11 14:38:30.002001+00:00,11757.0,{'stop_loss_price': 11757.0}
INVALID_RISK_UNIT,risk_unit == 0 or non-finite,NQZ20-CME,22177273,2020-11-11 14:38:30.212000+00:00,11757.0,{'stop_loss_price': 11757.0}
INVALID_RISK_UNIT,risk_unit == 0 or non-finite,NQZ20-CME,22198153,2020-11-11 14:49:11.981000+00:00,11809.5,{'stop_loss_price': 11809.5}
INVALID_RISK_UNIT,risk_unit == 0 or non-finite,NQZ20-CME,22198154,2020-11-11 14:49:11.981001+00:00,11809.5,{'stop_loss_price': 11809.5}
INVALID_RISK_UNIT,risk_unit == 0 or non-finite,NQZ20-CME,22203682,2020-11-11 14:53:02.873000+00:00,11806.75,{'stop_loss_price': 11806.75}
INVALID_RISK_UNIT,risk_unit == 0 or non-finite,NQZ20-CME,22250371,2020-11-11 15:26:16.927000+00:00,11816.25,{'stop_loss_price': 11816.25}
INVALID_RISK_UNIT,risk_unit == 0 or non-finite,NQZ20-CME,22286825,2020-11-11 15:57:31.951000+00:00,11807.0,{'stop_loss_price': 11807.0}
INVALID_RISK_UNIT,risk_unit == 0 or non-finite,NQZ20-CME,22463206,2020-11-11 21:00:07.115000+00:00,11881.25,{'stop_loss_price': 11881.25}
INVALID_RISK_UNIT,risk_unit == 0 or non-finite,NQZ20-CME,22463207,2020-11-11 21:00:07.115001+00:00,11881.25,{'stop_loss_price': 11881.25}
INVALID_RISK_UNIT,risk_unit == 0 or non-finite,NQZ20-CME,22463211,2020-11-11 21:00:07.396000+00:00,11881.25,{'stop_loss_price': 11881.25}
INVALID_RISK_UNIT,risk_unit == 0 or non-finite,NQZ20-CME,22463212,2020-11-11 21:00:07.396001+00:00,11881.25,{'stop_loss_price': 11881.25}
INVALID_RISK_UNIT,risk_unit == 0 or non-finite,NQZ20-CME,22463213,2020-11-11 21:00:07.396002+00:00,11881.25,{'stop_loss_price': 11881.25}
INVALID_RISK_UNIT,risk_unit == 0 or non-finite,NQZ20-CME,22463214,2020-11-11 21:00:07.465000+00:00,11881.25,{'stop_loss_price': 11881.25}
INVALID_RISK_UNIT,risk_unit == 0 or non-finite,NQZ20-CME,22487813,2020-11-12 02:01:59.703000+00:00,11850.0,{'stop_loss_price': 11850.0}
INVALID_RISK_UNIT,risk_unit == 0 or non-finite,NQZ20-CME,22509542,2020-11-12 05:47:25.445000+00:00,11847.75,{'stop_loss_price': 11847.75}
INVALID_RISK_UNIT,risk_unit == 0 or non-finite,NQZ20-CME,22556216,2020-11-12 12:06:22.453000+00:00,11899.5,{'stop_loss_price': 11899.5}
INVALID_RISK_UNIT,risk_unit == 0 or non-finite,NQZ20-CME,22565168,2020-11-12 12:55:05.429000+00:00,11897.25,{'stop_loss_price': 11897.25}
INVALID_RISK_UNIT,risk_unit == 0 or non-finite,NQZ20-CME,22565169,2020-11-12 12:55:05.431000+00:00,11897.25,{'stop_loss_price': 11897.25}
INVALID_RISK_UNIT,risk_unit == 0 or non-finite,NQZ20-CME,22565170,2020-11-12 12:55:05.448000+00:00,11897.25,{'stop_loss_price': 11897.25}
INVALID_RISK_UNIT,risk_unit == 0 or non-finite,NQZ20-CME,22575874,2020-11-12 13:39:25.871000+00:00,11926.25,{'stop_loss_price': 11926.25}
INVALID_RISK_UNIT,risk_unit == 0 or non-finite,NQZ20-CME,22601571,2020-11-12 14:35:48.586001+00:00,11929.25,{'stop_loss_price': 11929.25}
INVALID_RISK_UNIT,risk_unit == 0 or non-finite,NQZ20-CME,22601572,2020-11-12 14:35:48.586002+00:00,11929.25,{'stop_loss_price': 11929.25}
INVALID_RISK_UNIT,risk_unit == 0 or non-finite,NQZ20-CME,22617122,2020-11-12 14:43:50.245000+00:00,11928.5,{'stop_loss_price': 11928.5}
INVALID_RISK_UNIT,risk_unit == 0 or non-finite,NQZ20-CME,22632598,2020-11-12 14:52:22.311000+00:00,11915.75,{'stop_loss_price': 11915.75}
INVALID_RISK_UNIT,risk_unit == 0 or non-finite,NQZ20-CME,22632599,2020-11-12 14:52:22.311001+00:00,11915.75,{'stop_loss_price': 11915.75}
INVALID_RISK_UNIT,risk_unit == 0 or non-finite,NQZ20-CME,22664642,2020-11-12 15:20:27.814000+00:00,11947.75,{'stop_loss_price': 11947.75}
INVALID_RISK_UNIT,risk_unit == 0 or non-finite,NQZ20-CME,22672141,2020-11-12 15:27:12.125000+00:00,11923.0,{'stop_loss_price': 11923.0}
INVALID_RISK_UNIT,risk_unit == 0 or non-finite,NQZ20-CME,22690531,2020-11-12 15:46:05.525000+00:00,11964.5,{'stop_loss_price': 11964.5}
INVALID_RISK_UNIT,risk_unit == 0 or non-finite,NQZ20-CME,22690532,2020-11-12 15:46:05.525001+00:00,11964.5,{'stop_loss_price': 11964.5}
INVALID_RISK_UNIT,risk_unit == 0 or non-finite,NQZ20-CME,22690533,2020-11-12 15:46:05.527000+00:00,11964.5,{'stop_loss_price': 11964.5}
INVALID_RISK_UNIT,risk_unit == 0 or non-finite,NQZ20-CME,22690534,2020-11-12 15:46:05.529000+00:00,11964.5,{'stop_loss_price': 11964.5}
INVALID_RISK_UNIT,risk_unit == 0 or non-finite,NQZ20-CME,22726154,2020-11-12 16:38:15.559000+00:00,11894.75,{'stop_loss_price': 11894.75}
INVALID_RISK_UNIT,risk_unit == 0 or non-finite,NQZ20-CME,22726666,2020-11-12 16:38:59.489000+00:00,11891.75,{'stop_loss_price': 11891.75}
INVALID_RISK_UNIT,risk_unit == 0 or non-finite,NQZ20-CME,22750638,2020-11-12 17:15:49.912000+00:00,11905.5,{'stop_loss_price': 11905.5}
INVALID_RISK_UNIT,risk_unit == 0 or non-finite,NQZ20-CME,22753978,2020-11-12 17:20:17.217000+00:00,11902.0,{'stop_loss_price': 11902.0}
INVALID_RISK_UNIT,risk_unit == 0 or non-finite,NQZ20-CME,22753979,2020-11-12 17:20:17.217001+00:00,11902.0,{'stop_loss_price': 11902.0}
INVALID_RISK_UNIT,risk_unit == 0 or non-finite,NQZ20-CME,22753980,2020-11-12 17:20:17.217002+00:00,11902.0,{'stop_loss_price': 11902.0}
INVALID_RISK_UNIT,risk_unit == 0 or non-finite,NQZ20-CME,22753981,2020-11-12 17:20:17.217003+00:00,11902.0,{'stop_loss_price': 11902.0}
INVALID_RISK_UNIT,risk_unit == 0 or non-finite,NQZ20-CME,22753982,2020-11-12 17:20:17.217004+00:00,11902.0,{'stop_loss_price': 11902.0}
INVALID_RISK_UNIT,risk_unit == 0 or non-finite,NQZ20-CME,22753992,2020-11-12 17:20:17.466000+00:00,11902.0,{'stop_loss_price': 11902.0}
INVALID_RISK_UNIT,risk_unit == 0 or non-finite,NQZ20-CME,22791760,2020-11-12 18:09:58.511000+00:00,11834.75,{'stop_loss_price': 11834.75}
INVALID_RISK_UNIT,risk_unit == 0 or non-finite,NQZ20-CME,22814035,2020-11-12 18:32:53.623000+00:00,11819.5,{'stop_loss_price': 11819.5}
INVALID_RISK_UNIT,risk_unit == 0 or non-finite,NQZ20-CME,22836656,2020-11-12 19:03:43.509000+00:00,11868.25,{'stop_loss_price': 11868.25}
INVALID_RISK_UNIT,risk_unit == 0 or non-finite,NQZ20-CME,22911449,2020-11-12 20:38:42.142000+00:00,11792.0,{'stop_loss_price': 11792.0}
INVALID_RISK_UNIT,risk_unit == 0 or non-finite,NQZ20-CME,22949031,2020-11-12 23:45:07.524000+00:00,11859.75,{'stop_loss_price': 11859.75}
INVALID_RISK_UNIT,risk_unit == 0 or non-finite,NQZ20-CME,23003350,2020-11-13 10:33:41.944000+00:00,11914.25,{'stop_loss_price': 11914.25}
INVALID_RISK_UNIT,risk_unit == 0 or non-finite,NQZ20-CME,23006109,2020-11-13 11:08:52.878000+00:00,11906.0,{'stop_loss_price': 11906.0}
INVALID_RISK_UNIT,risk_unit == 0 or non-finite,NQZ20-CME,23006110,2020-11-13 11:08:52.878001+00:00,11906.0,{'stop_loss_price': 11906.0}
INVALID_RISK_UNIT,risk_unit == 0 or non-finite,NQZ20-CME,23053880,2020-11-13 14:40:37.373000+00:00,11907.25,{'stop_loss_price': 11907.25}
INVALID_RISK_UNIT,risk_unit == 0 or non-finite,NQZ20-CME,23073616,2020-11-13 14:56:39.735000+00:00,11910.5,{'stop_loss_price': 11910.5}
INVALID_RISK_UNIT,risk_unit == 0 or non-finite,NQZ20-CME,23143421,2020-11-13 16:04:54.585000+00:00,11836.5,{'stop_loss_price': 11836.5}
INVALID_RISK_UNIT,risk_unit == 0 or non-finite,NQZ20-CME,23226405,2020-11-13 18:54:27.815000+00:00,11863.75,{'stop_loss_price': 11863.75}
INVALID_RISK_UNIT,risk_unit == 0 or non-finite,NQZ20-CME,23229716,2020-11-13 19:02:29.788000+00:00,11873.25,{'stop_loss_price': 11873.25}
INVALID_RISK_UNIT,risk_unit == 0 or non-finite,NQZ20-CME,23229717,2020-11-13 19:02:29.788001+00:00,11873.25,{'stop_loss_price': 11873.25}
INVALID_RISK_UNIT,risk_unit == 0 or non-finite,NQZ20-CME,23229718,2020-11-13 19:02:29.792000+00:00,11873.25,{'stop_loss_price': 11873.25}
INVALID_RISK_UNIT,risk_unit == 0 or non-finite,NQZ20-CME,23229719,2020-11-13 19:02:29.793000+00:00,11873.25,{'stop_loss_price': 11873.25}
INVALID_RISK_UNIT,risk_unit == 0 or non-finite,NQZ20-CME,23234397,2020-11-13 19:11:01.536000+00:00,11862.75,{'stop_loss_price': 11862.75}
INVALID_RISK_UNIT,risk_unit == 0 or non-finite,NQZ20-CME,23234398,2020-11-13 19:11:01.536001+00:00,11862.75,{'stop_loss_price': 11862.75}
INVALID_RISK_UNIT,risk_unit == 0 or non-finite,NQZ20-CME,23234400,2020-11-13 19:11:02.148000+00:00,11862.75,{'stop_loss_price': 11862.75}
INVALID_RISK_UNIT,risk_unit == 0 or non-finite,NQZ20-CME,23294517,2020-11-13 20:54:41.518002+00:00,11929.75,{'stop_loss_price': 11929.75}
INVALID_RISK_UNIT,risk_unit == 0 or non-finite,NQZ20-CME,23294518,2020-11-13 20:54:41.518003+00:00,11929.75,{'stop_loss_price': 11929.75}
INVALID_RISK_UNIT,risk_unit == 0 or non-finite,NQZ20-CME,23294519,2020-11-13 20:54:41.518004+00:00,11929.75,{'stop_loss_price': 11929.75}
INVALID_RISK_UNIT,risk_unit == 0 or non-finite,NQZ20-CME,23294520,2020-11-13 20:54:41.937000+00:00,11929.75,{'stop_loss_price': 11929.75}
INVALID_RISK_UNIT,risk_unit == 0 or non-finite,NQZ20-CME,23294521,2020-11-13 20:54:41.937001+00:00,11929.75,{'stop_loss_price': 11929.75}
INVALID_RISK_UNIT,risk_unit == 0 or non-finite,NQZ20-CME,23294526,2020-11-13 20:54:43.624000+00:00,11929.75,{'stop_loss_price': 11929.75}
INVALID_RISK_UNIT,risk_unit == 0 or non-finite,NQZ20-CME,23294527,2020-11-13 20:54:43.624001+00:00,11929.75,{'stop_loss_price': 11929.75}
INVALID_RISK_UNIT,risk_unit == 0 or non-finite,NQZ20-CME,23294528,2020-11-13 20:54:44.357000+00:00,11929.75,{'stop_loss_price': 11929.75}
INVALID_RISK_UNIT,risk_unit == 0 or non-finite,NQZ20-CME,23303923,2020-11-13 21:02:05.248000+00:00,11931.5,{'stop_loss_price': 11931.5}
INVALID_RISK_UNIT,risk_unit == 0 or non-finite,NQZ20-CME,23303924,2020-11-13 21:02:05.248001+00:00,11931.5,{'stop_loss_price': 11931.5}
INVALID_RISK_UNIT,risk_unit == 0 or non-finite,NQZ20-CME,23303925,2020-11-13 21:02:05.248002+00:00,11931.5,{'stop_loss_price': 11931.5}
INVALID_RISK_UNIT,risk_unit == 0 or non-finite,NQZ20-CME,23303926,2020-11-13 21:02:05.248003+00:00,11931.5,{'stop_loss_price': 11931.5}
INVALID_RISK_UNIT,risk_unit == 0 or non-finite,NQZ20-CME,23303927,2020-11-13 21:02:05.248004+00:00,11931.5,{'stop_loss_price': 11931.5}
INVALID_RISK_UNIT,risk_unit == 0 or non-finite,NQZ20-CME,23340160,2020-11-16 06:01:24.492000+00:00,12034.25,{'stop_loss_price': 12034.25}
INVALID_RISK_UNIT,risk_unit == 0 or non-finite,NQZ20-CME,23350690,2020-11-16 08:01:56.512001+00:00,11991.25,{'stop_loss_price': 11991.25}
INVALID_RISK_UNIT,risk_unit == 0 or non-finite,NQZ20-CME,23350691,2020-11-16 08:01:56.512002+00:00,11991.25,{'stop_loss_price': 11991.25}
INVALID_RISK_UNIT,risk_unit == 0 or non-finite,NQZ20-CME,23350692,2020-11-16 08:01:56.526000+00:00,11991.25,{'stop_loss_price': 11991.25}
INVALID_RISK_UNIT,risk_unit == 0 or non-finite,NQZ20-CME,23363730,2020-11-16 09:55:05.337000+00:00,12005.25,{'stop_loss_price': 12005.25}
INVALID_RISK_UNIT,risk_unit == 0 or non-finite,NQZ20-CME,23374761,2020-11-16 11:56:37.695000+00:00,11976.25,{'stop_loss_price': 11976.25}
INVALID_RISK_UNIT,risk_unit == 0 or non-finite,NQZ20-CME,23522201,2020-11-16 15:39:07.937000+00:00,11986.25,{'stop_loss_price': 11986.25}
INVALID_RISK_UNIT,risk_unit == 0 or non-finite,NQZ20-CME,23552786,2020-11-16 16:24:47.322000+00:00,12003.0,{'stop_loss_price': 12003.0}
INVALID_RISK_UNIT,risk_unit == 0 or non-finite,NQZ20-CME,23552787,2020-11-16 16:24:47.322001+00:00,12003.0,{'stop_loss_price': 12003.0}
INVALID_RISK_UNIT,risk_unit == 0 or non-finite,NQZ20-CME,23553525,2020-11-16 16:26:17.755000+00:00,12007.5,{'stop_loss_price': 12007.5}
INVALID_RISK_UNIT,risk_unit == 0 or non-finite,NQZ20-CME,23588336,2020-11-16 17:51:47.137000+00:00,11972.25,{'stop_loss_price': 11972.25}
INVALID_RISK_UNIT,risk_unit == 0 or non-finite,NQZ20-CME,23591307,2020-11-16 17:56:34.818000+00:00,11955.0,{'stop_loss_price': 11955.0}
INVALID_RISK_UNIT,risk_unit == 0 or non-finite,NQZ20-CME,23631837,2020-11-16 19:10:09.890000+00:00,11970.25,{'stop_loss_price': 11970.25}
INVALID_RISK_UNIT,risk_unit == 0 or non-finite,NQZ20-CME,23631838,2020-11-16 19:10:09.891000+00:00,11970.25,{'stop_loss_price': 11970.25}
INVALID_RISK_UNIT,risk_unit == 0 or non-finite,NQZ20-CME,23633276,2020-11-16 19:14:30.495000+00:00,11975.5,{'stop_loss_price': 11975.5}
INVALID_RISK_UNIT,risk_unit == 0 or non-finite,NQZ20-CME,23635671,2020-11-16 19:23:14.463000+00:00,11976.0,{'stop_loss_price': 11976.0}
INVALID_RISK_UNIT,risk_unit == 0 or non-finite,NQZ20-CME,23638857,2020-11-16 19:31:21.278000+00:00,11983.25,{'stop_loss_price': 11983.25}
INVALID_RISK_UNIT,risk_unit == 0 or non-finite,NQZ20-CME,23649463,2020-11-16 19:56:03.165000+00:00,11958.75,{'stop_loss_price': 11958.75}
INVALID_RISK_UNIT,risk_unit == 0 or non-finite,NQZ20-CME,23649464,2020-11-16 19:56:03.165001+00:00,11958.75,{'stop_loss_price': 11958.75}
INVALID_RISK_UNIT,risk_unit == 0 or non-finite,NQZ20-CME,23694216,2020-11-16 21:32:23.451000+00:00,12029.25,{'stop_loss_price': 12029.25}
INVALID_RISK_UNIT,risk_unit == 0 or non-finite,NQZ20-CME,23736866,2020-11-17 10:44:47.361000+00:00,12034.25,{'stop_loss_price': 12034.25}
INVALID_RISK_UNIT,risk_unit == 0 or non-finite,NQZ20-CME,23859701,2020-11-17 15:49:35.373000+00:00,12023.5,{'stop_loss_price': 12023.5}
INVALID_RISK_UNIT,risk_unit == 0 or non-finite,NQZ20-CME,23859702,2020-11-17 15:49:35.373001+00:00,12023.5,{'stop_loss_price': 12023.5}
INVALID_RISK_UNIT,risk_unit == 0 or non-finite,NQZ20-CME,23859792,2020-11-17 15:49:48.031000+00:00,12023.75,{'stop_loss_price': 12023.75}
INVALID_RISK_UNIT,risk_unit == 0 or non-finite,NQZ20-CME,23859793,2020-11-17 15:49:48.031001+00:00,12023.75,{'stop_loss_price': 12023.75}
INVALID_RISK_UNIT,risk_unit == 0 or non-finite,NQZ20-CME,23859794,2020-11-17 15:49:48.031002+00:00,12023.75,{'stop_loss_price': 12023.75}
INVALID_RISK_UNIT,risk_unit == 0 or non-finite,NQZ20-CME,23859795,2020-11-17 15:49:48.031003+00:00,12023.75,{'stop_loss_price': 12023.75}
INVALID_RISK_UNIT,risk_unit == 0 or non-finite,NQZ20-CME,23859796,2020-11-17 15:49:48.031004+00:00,12023.75,{'stop_loss_price': 12023.75}
INVALID_RISK_UNIT,risk_unit == 0 or non-finite,NQZ20-CME,23859797,2020-11-17 15:49:48.081000+00:00,12023.75,{'stop_loss_price': 12023.75}
INVALID_RISK_UNIT,risk_unit == 0 or non-finite,NQZ20-CME,23867080,2020-11-17 16:00:00.318000+00:00,12032.25,{'stop_loss_price': 12032.25}
INVALID_RISK_UNIT,risk_unit == 0 or non-finite,NQZ20-CME,23868732,2020-11-17 16:02:54.817003+00:00,12028.25,{'stop_loss_price': 12028.25}
INVALID_RISK_UNIT,risk_unit == 0 or non-finite,NQZ20-CME,23868733,2020-11-17 16:02:54.817004+00:00,12028.25,{'stop_loss_price': 12028.25}
INVALID_RISK_UNIT,risk_unit == 0 or non-finite,NQZ20-CME,23868734,2020-11-17 16:02:54.817005+00:00,12028.25,{'stop_loss_price': 12028.25}
INVALID_RISK_UNIT,risk_unit == 0 or non-finite,NQZ20-CME,23868735,2020-11-17 16:02:54.817006+00:00,12028.25,{'stop_loss_price': 12028.25}
INVALID_RISK_UNIT,risk_unit == 0 or non-finite,NQZ20-CME,23868736,2020-11-17 16:02:54.817007+00:00,12028.25,{'stop_loss_price': 12028.25}
INVALID_RISK_UNIT,risk_unit == 0 or non-finite,NQZ20-CME,23868737,2020-11-17 16:02:54.817008+00:00,12028.25,{'stop_loss_price': 12028.25}
INVALID_RISK_UNIT,risk_unit == 0 or non-finite,NQZ20-CME,23868738,2020-11-17 16:02:54.817009+00:00,12028.25,{'stop_loss_price': 12028.25}
INVALID_RISK_UNIT,risk_unit == 0 or non-finite,NQZ20-CME,23874288,2020-11-17 16:13:50.318000+00:00,12014.25,{'stop_loss_price': 12014.25}
INVALID_RISK_UNIT,risk_unit == 0 or non-finite,NQZ20-CME,23908121,2020-11-17 16:58:51.113000+00:00,11995.0,{'stop_loss_price': 11995.0}
INVALID_RISK_UNIT,risk_unit == 0 or non-finite,NQZ20-CME,23910353,2020-11-17 17:02:15.903000+00:00,11999.25,{'stop_loss_price': 11999.25}
INVALID_RISK_UNIT,risk_unit == 0 or non-finite,NQZ20-CME,23910354,2020-11-17 17:02:16.292000+00:00,11999.25,{'stop_loss_price': 11999.25}
INVALID_RISK_UNIT,risk_unit == 0 or non-finite,NQZ20-CME,23910355,2020-11-17 17:02:16.292001+00:00,11999.25,{'stop_loss_price': 11999.25}
INVALID_RISK_UNIT,risk_unit == 0 or non-finite,NQZ20-CME,23917365,2020-11-17 17:15:05.075001+00:00,12020.25,{'stop_loss_price': 12020.25}
INVALID_RISK_UNIT,risk_unit == 0 or non-finite,NQZ20-CME,23944673,2020-11-17 18:23:07.828000+00:00,12024.0,{'stop_loss_price': 12024.0}
INVALID_RISK_UNIT,risk_unit == 0 or non-finite,NQZ20-CME,23945624,2020-11-17 18:26:59.325000+00:00,12031.75,{'stop_loss_price': 12031.75}
INVALID_RISK_UNIT,risk_unit == 0 or non-finite,NQZ20-CME,24014893,2020-11-17 20:48:43.785000+00:00,11981.0,{'stop_loss_price': 11981.0}
INVALID_RISK_UNIT,risk_unit == 0 or non-finite,NQZ20-CME,24046237,2020-11-18 02:26:01.876000+00:00,11950.75,{'stop_loss_price': 11950.75}
INVALID_RISK_UNIT,risk_unit == 0 or non-finite,NQZ20-CME,24050339,2020-11-18 03:47:11.626000+00:00,11964.0,{'stop_loss_price': 11964.0}
INVALID_RISK_UNIT,risk_unit == 0 or non-finite,NQZ20-CME,24050340,2020-11-18 03:47:17.158000+00:00,11964.0,{'stop_loss_price': 11964.0}
INVALID_RISK_UNIT,risk_unit == 0 or non-finite,NQZ20-CME,24057332,2020-11-18 05:32:47.735000+00:00,11937.75,{'stop_loss_price': 11937.75}
INVALID_RISK_UNIT,risk_unit == 0 or non-finite,NQZ20-CME,24075481,2020-11-18 08:43:01.468000+00:00,11991.5,{'stop_loss_price': 11991.5}
INVALID_RISK_UNIT,risk_unit == 0 or non-finite,NQZ20-CME,24131944,2020-11-18 14:33:45.074000+00:00,11945.0,{'stop_loss_price': 11945.0}
INVALID_RISK_UNIT,risk_unit == 0 or non-finite,NQZ20-CME,24203121,2020-11-18 15:35:25.154000+00:00,11941.75,{'stop_loss_price': 11941.75}
INVALID_RISK_UNIT,risk_unit == 0 or non-finite,NQZ20-CME,24203122,2020-11-18 15:35:25.154001+00:00,11941.75,{'stop_loss_price': 11941.75}
INVALID_RISK_UNIT,risk_unit == 0 or non-finite,NQZ20-CME,24203125,2020-11-18 15:35:25.250000+00:00,11941.75,{'stop_loss_price': 11941.75}
INVALID_RISK_UNIT,risk_unit == 0 or non-finite,NQZ20-CME,24203126,2020-11-18 15:35:25.251000+00:00,11941.75,{'stop_loss_price': 11941.75}
INVALID_RISK_UNIT,risk_unit == 0 or non-finite,NQZ20-CME,24203130,2020-11-18 15:35:25.481000+00:00,11941.75,{'stop_loss_price': 11941.75}
INVALID_RISK_UNIT,risk_unit == 0 or non-finite,NQZ20-CME,24274221,2020-11-18 17:35:36.677000+00:00,12020.5,{'stop_loss_price': 12020.5}
INVALID_RISK_UNIT,risk_unit == 0 or non-finite,NQZ20-CME,24305027,2020-11-18 18:50:43.081000+00:00,11957.0,{'stop_loss_price': 11957.0}
INVALID_RISK_UNIT,risk_unit == 0 or non-finite,NQZ20-CME,24305028,2020-11-18 18:50:43.081001+00:00,11957.0,{'stop_loss_price': 11957.0}
INVALID_RISK_UNIT,risk_unit == 0 or non-finite,NQZ20-CME,24305029,2020-11-18 18:50:43.081002+00:00,11957.0,{'stop_loss_price': 11957.0}
INVALID_RISK_UNIT,risk_unit == 0 or non-finite,NQZ20-CME,24305030,2020-11-18 18:50:43.081003+00:00,11957.0,{'stop_loss_price': 11957.0}
INVALID_RISK_UNIT,risk_unit == 0 or non-finite,NQZ20-CME,24318853,2020-11-18 19:17:31.648000+00:00,11949.25,{'stop_loss_price': 11949.25}
INVALID_RISK_UNIT,risk_unit == 0 or non-finite,NQZ20-CME,24375982,2020-11-18 20:32:59.048000+00:00,11980.0,{'stop_loss_price': 11980.0}
INVALID_RISK_UNIT,risk_unit == 0 or non-finite,NQZ20-CME,24388738,2020-11-18 20:45:02.426000+00:00,11933.0,{'stop_loss_price': 11933.0}
INVALID_RISK_UNIT,risk_unit == 0 or non-finite,NQZ20-CME,24388739,2020-11-18 20:45:02.427000+00:00,11933.0,{'stop_loss_price': 11933.0}
INVALID_RISK_UNIT,risk_unit == 0 or non-finite,NQZ20-CME,24388740,2020-11-18 20:45:02.427001+00:00,11933.0,{'stop_loss_price': 11933.0}
INVALID_RISK_UNIT,risk_unit == 0 or non-finite,NQZ20-CME,24388741,2020-11-18 20:45:02.448000+00:00,11933.0,{'stop_loss_price': 11933.0}
INVALID_RISK_UNIT,risk_unit == 0 or non-finite,NQZ20-CME,24388742,2020-11-18 20:45:02.479000+00:00,11933.0,{'stop_loss_price': 11933.0}
INVALID_RISK_UNIT,risk_unit == 0 or non-finite,NQZ20-CME,24388746,2020-11-18 20:45:02.703000+00:00,11933.0,{'stop_loss_price': 11933.0}
INVALID_RISK_UNIT,risk_unit == 0 or non-finite,NQZ20-CME,24412703,2020-11-18 21:08:22.696000+00:00,11889.25,{'stop_loss_price': 11889.25}
INVALID_RISK_UNIT,risk_unit == 0 or non-finite,NQZ20-CME,24429706,2020-11-19 01:56:53.673000+00:00,11877.0,{'stop_loss_price': 11877.0}
INVALID_RISK_UNIT,risk_unit == 0 or non-finite,NQZ20-CME,24462290,2020-11-19 09:08:28.391000+00:00,11823.5,{'stop_loss_price': 11823.5}
INVALID_RISK_UNIT,risk_unit == 0 or non-finite,NQZ20-CME,24465608,2020-11-19 09:35:23.946000+00:00,11834.75,{'stop_loss_price': 11834.75}
INVALID_RISK_UNIT,risk_unit == 0 or non-finite,NQZ20-CME,24465609,2020-11-19 09:35:23.946001+00:00,11834.75,{'stop_loss_price': 11834.75}
INVALID_RISK_UNIT,risk_unit == 0 or non-finite,NQZ20-CME,24507084,2020-11-19 14:30:29.707000+00:00,11877.25,{'stop_loss_price': 11877.25}
INVALID_RISK_UNIT,risk_unit == 0 or non-finite,NQZ20-CME,24507085,2020-11-19 14:30:29.707001+00:00,11877.25,{'stop_loss_price': 11877.25}
INVALID_RISK_UNIT,risk_unit == 0 or non-finite,NQZ20-CME,24606315,2020-11-19 15:50:53.596001+00:00,11945.5,{'stop_loss_price': 11945.5}
INVALID_RISK_UNIT,risk_unit == 0 or non-finite,NQZ20-CME,24606316,2020-11-19 15:50:53.596002+00:00,11945.5,{'stop_loss_price': 11945.5}
INVALID_RISK_UNIT,risk_unit == 0 or non-finite,NQZ20-CME,24606317,2020-11-19 15:50:53.596003+00:00,11945.5,{'stop_loss_price': 11945.5}
INVALID_RISK_UNIT,risk_unit == 0 or non-finite,NQZ20-CME,24606318,2020-11-19 15:50:53.596004+00:00,11945.5,{'stop_loss_price': 11945.5}
INVALID_RISK_UNIT,risk_unit == 0 or non-finite,NQZ20-CME,24620658,2020-11-19 16:17:08.381000+00:00,11921.5,{'stop_loss_price': 11921.5}
INVALID_RISK_UNIT,risk_unit == 0 or non-finite,NQZ20-CME,24620659,2020-11-19 16:17:08.729000+00:00,11921.5,{'stop_loss_price': 11921.5}
INVALID_RISK_UNIT,risk_unit == 0 or non-finite,NQZ20-CME,24656073,2020-11-19 17:10:07.655005+00:00,11957.25,{'stop_loss_price': 11957.25}
INVALID_RISK_UNIT,risk_unit == 0 or non-finite,NQZ20-CME,24656074,2020-11-19 17:10:07.655006+00:00,11957.25,{'stop_loss_price': 11957.25}
INVALID_RISK_UNIT,risk_unit == 0 or non-finite,NQZ20-CME,24656075,2020-11-19 17:10:07.655007+00:00,11957.25,{'stop_loss_price': 11957.25}
INVALID_RISK_UNIT,risk_unit == 0 or non-finite,NQZ20-CME,24656076,2020-11-19 17:10:07.655008+00:00,11957.25,{'stop_loss_price': 11957.25}
INVALID_RISK_UNIT,risk_unit == 0 or non-finite,NQZ20-CME,24656077,2020-11-19 17:10:07.655009+00:00,11957.25,{'stop_loss_price': 11957.25}
INVALID_RISK_UNIT,risk_unit == 0 or non-finite,NQZ20-CME,24656092,2020-11-19 17:10:07.663002+00:00,11957.25,{'stop_loss_price': 11957.25}
INVALID_RISK_UNIT,risk_unit == 0 or non-finite,NQZ20-CME,24659618,2020-11-19 17:17:04.321000+00:00,11949.0,{'stop_loss_price': 11949.0}
INVALID_RISK_UNIT,risk_unit == 0 or non-finite,NQZ20-CME,24672367,2020-11-19 17:45:06.166000+00:00,11927.5,{'stop_loss_price': 11927.5}
INVALID_RISK_UNIT,risk_unit == 0 or non-finite,NQZ20-CME,24672368,2020-11-19 17:45:06.166001+00:00,11927.5,{'stop_loss_price': 11927.5}
INVALID_RISK_UNIT,risk_unit == 0 or non-finite,NQZ20-CME,24672370,2020-11-19 17:45:06.177000+00:00,11927.5,{'stop_loss_price': 11927.5}
INVALID_RISK_UNIT,risk_unit == 0 or non-finite,NQZ20-CME,24682394,2020-11-19 18:07:24.623000+00:00,11930.75,{'stop_loss_price': 11930.75}
INVALID_RISK_UNIT,risk_unit == 0 or non-finite,NQZ20-CME,24682395,2020-11-19 18:07:25.474000+00:00,11930.75,{'stop_loss_price': 11930.75}
INVALID_RISK_UNIT,risk_unit == 0 or non-finite,NQZ20-CME,24697405,2020-11-19 18:46:43.747000+00:00,11952.75,{'stop_loss_price': 11952.75}
INVALID_RISK_UNIT,risk_unit == 0 or non-finite,NQZ20-CME,24697406,2020-11-19 18:46:43.747001+00:00,11952.75,{'stop_loss_price': 11952.75}
INVALID_RISK_UNIT,risk_unit == 0 or non-finite,NQZ20-CME,24712898,2020-11-19 19:35:09.669000+00:00,11969.0,{'stop_loss_price': 11969.0}
INVALID_RISK_UNIT,risk_unit == 0 or non-finite,NQZ20-CME,24756761,2020-11-19 20:59:47.853003+00:00,11990.5,{'stop_loss_price': 11990.5}
INVALID_RISK_UNIT,risk_unit == 0 or non-finite,NQZ20-CME,24784041,2020-11-20 02:41:23.475000+00:00,11962.25,{'stop_loss_price': 11962.25}
INVALID_RISK_UNIT,risk_unit == 0 or non-finite,NQZ20-CME,24784042,2020-11-20 02:41:23.475001+00:00,11962.25,{'stop_loss_price': 11962.25}
INVALID_RISK_UNIT,risk_unit == 0 or non-finite,NQZ20-CME,24784043,2020-11-20 02:41:23.657000+00:00,11962.25,{'stop_loss_price': 11962.25}
INVALID_RISK_UNIT,risk_unit == 0 or non-finite,NQZ20-CME,24789547,2020-11-20 04:22:43.765000+00:00,11991.25,{'stop_loss_price': 11991.25}
INVALID_RISK_UNIT,risk_unit == 0 or non-finite,NQZ20-CME,24789548,2020-11-20 04:22:43.765001+00:00,11991.25,{'stop_loss_price': 11991.25}
INVALID_RISK_UNIT,risk_unit == 0 or non-finite,NQZ20-CME,24789549,2020-11-20 04:22:43.765002+00:00,11991.25,{'stop_loss_price': 11991.25}
INVALID_RISK_UNIT,risk_unit == 0 or non-finite,NQZ20-CME,24789551,2020-11-20 04:22:44.847000+00:00,11991.25,{'stop_loss_price': 11991.25}
INVALID_RISK_UNIT,risk_unit == 0 or non-finite,NQZ20-CME,24791425,2020-11-20 04:44:46.237000+00:00,12007.25,{'stop_loss_price': 12007.25}
INVALID_RISK_UNIT,risk_unit == 0 or non-finite,NQZ20-CME,24791426,2020-11-20 04:44:46.237001+00:00,12007.25,{'stop_loss_price': 12007.25}
INVALID_RISK_UNIT,risk_unit == 0 or non-finite,NQZ20-CME,24794528,2020-11-20 05:34:18.076000+00:00,11992.5,{'stop_loss_price': 11992.5}
INVALID_RISK_UNIT,risk_unit == 0 or non-finite,NQZ20-CME,24796266,2020-11-20 06:04:05.787000+00:00,11986.5,{'stop_loss_price': 11986.5}
INVALID_RISK_UNIT,risk_unit == 0 or non-finite,NQZ20-CME,24856305,2020-11-20 14:33:02.362000+00:00,11970.0,{'stop_loss_price': 11970.0}
INVALID_RISK_UNIT,risk_unit == 0 or non-finite,NQZ20-CME,24895425,2020-11-20 15:05:10.024000+00:00,11968.25,{'stop_loss_price': 11968.25}
INVALID_RISK_UNIT,risk_unit == 0 or non-finite,NQZ20-CME,24900793,2020-11-20 15:11:55.551000+00:00,11966.5,{'stop_loss_price': 11966.5}
INVALID_RISK_UNIT,risk_unit == 0 or non-finite,NQZ20-CME,24943605,2020-11-20 16:24:47.179000+00:00,12001.0,{'stop_loss_price': 12001.0}
INVALID_RISK_UNIT,risk_unit == 0 or non-finite,NQZ20-CME,24943606,2020-11-20 16:24:47.272000+00:00,12001.0,{'stop_loss_price': 12001.0}
INVALID_RISK_UNIT,risk_unit == 0 or non-finite,NQZ20-CME,24943607,2020-11-20 16:24:47.273000+00:00,12001.0,{'stop_loss_price': 12001.0}
INVALID_RISK_UNIT,risk_unit == 0 or non-finite,NQZ20-CME,24943608,2020-11-20 16:24:47.273001+00:00,12001.0,{'stop_loss_price': 12001.0}
INVALID_RISK_UNIT,risk_unit == 0 or non-finite,NQZ20-CME,24943621,2020-11-20 16:24:48.709001+00:00,12001.0,{'stop_loss_price': 12001.0}
INVALID_RISK_UNIT,risk_unit == 0 or non-finite,NQZ20-CME,24954439,2020-11-20 16:43:15.238000+00:00,11986.25,{'stop_loss_price': 11986.25}
INVALID_RISK_UNIT,risk_unit == 0 or non-finite,NQZ20-CME,24954440,2020-11-20 16:43:15.238001+00:00,11986.25,{'stop_loss_price': 11986.25}
INVALID_RISK_UNIT,risk_unit == 0 or non-finite,NQZ20-CME,24954441,2020-11-20 16:43:15.238002+00:00,11986.25,{'stop_loss_price': 11986.25}
INVALID_RISK_UNIT,risk_unit == 0 or non-finite,NQZ20-CME,24954442,2020-11-20 16:43:15.238003+00:00,11986.25,{'stop_loss_price': 11986.25}
INVALID_RISK_UNIT,risk_unit == 0 or non-finite,NQZ20-CME,24954445,2020-11-20 16:43:15.500000+00:00,11986.25,{'stop_loss_price': 11986.25}
INVALID_RISK_UNIT,risk_unit == 0 or non-finite,NQZ20-CME,24976275,2020-11-20 17:30:00.525006+00:00,11993.75,{'stop_loss_price': 11993.75}
INVALID_RISK_UNIT,risk_unit == 0 or non-finite,NQZ20-CME,24976276,2020-11-20 17:30:00.525007+00:00,11993.75,{'stop_loss_price': 11993.75}
INVALID_RISK_UNIT,risk_unit == 0 or non-finite,NQZ20-CME,24976277,2020-11-20 17:30:00.525008+00:00,11993.75,{'stop_loss_price': 11993.75}
INVALID_RISK_UNIT,risk_unit == 0 or non-finite,NQZ20-CME,24976281,2020-11-20 17:30:00.568000+00:00,11993.75,{'stop_loss_price': 11993.75}
INVALID_RISK_UNIT,risk_unit == 0 or non-finite,NQZ20-CME,24976282,2020-11-20 17:30:01.019000+00:00,11993.75,{'stop_loss_price': 11993.75}
INVALID_RISK_UNIT,risk_unit == 0 or non-finite,NQZ20-CME,24976283,2020-11-20 17:30:01.019001+00:00,11993.75,{'stop_loss_price': 11993.75}
INVALID_RISK_UNIT,risk_unit == 0 or non-finite,NQZ20-CME,24978573,2020-11-20 17:38:36.967000+00:00,11991.5,{'stop_loss_price': 11991.5}
INVALID_RISK_UNIT,risk_unit == 0 or non-finite,NQZ20-CME,25001808,2020-11-20 19:01:29.012000+00:00,11985.25,{'stop_loss_price': 11985.25}
INVALID_RISK_UNIT,risk_unit == 0 or non-finite,NQZ20-CME,25008291,2020-11-20 19:27:51.862000+00:00,11985.25,{'stop_loss_price': 11985.25}
INVALID_RISK_UNIT,risk_unit == 0 or non-finite,NQZ20-CME,25038318,2020-11-20 20:34:13.639000+00:00,11933.75,{'stop_loss_price': 11933.75}
INVALID_RISK_UNIT,risk_unit == 0 or non-finite,NQZ20-CME,25038319,2020-11-20 20:34:13.660000+00:00,11933.75,{'stop_loss_price': 11933.75}
INVALID_RISK_UNIT,risk_unit == 0 or non-finite,NQZ20-CME,25044973,2020-11-20 20:46:38.111000+00:00,11943.75,{'stop_loss_price': 11943.75}
INVALID_RISK_UNIT,risk_unit == 0 or non-finite,NQZ20-CME,25044974,2020-11-20 20:46:38.111001+00:00,11943.75,{'stop_loss_price': 11943.75}
INVALID_RISK_UNIT,risk_unit == 0 or non-finite,NQZ20-CME,25044975,2020-11-20 20:46:38.111002+00:00,11943.75,{'stop_loss_price': 11943.75}
INVALID_RISK_UNIT,risk_unit == 0 or non-finite,NQZ20-CME,25044979,2020-11-20 20:46:38.422000+00:00,11943.75,{'stop_loss_price': 11943.75}
INVALID_RISK_UNIT,risk_unit == 0 or non-finite,NQZ20-CME,25049107,2020-11-20 20:50:42.167000+00:00,11940.5,{'stop_loss_price': 11940.5}
INVALID_RISK_UNIT,risk_unit == 0 or non-finite,NQZ20-CME,25050013,2020-11-20 20:51:53.936000+00:00,11935.75,{'stop_loss_price': 11935.75}
INVALID_RISK_UNIT,risk_unit == 0 or non-finite,NQZ20-CME,25050014,2020-11-20 20:51:53.937000+00:00,11935.75,{'stop_loss_price': 11935.75}
INVALID_RISK_UNIT,risk_unit == 0 or non-finite,NQZ20-CME,25050015,2020-11-20 20:51:53.937001+00:00,11935.75,{'stop_loss_price': 11935.75}
INVALID_RISK_UNIT,risk_unit == 0 or non-finite,NQZ20-CME,25050016,2020-11-20 20:51:53.943000+00:00,11935.75,{'stop_loss_price': 11935.75}
INVALID_RISK_UNIT,risk_unit == 0 or non-finite,NQZ20-CME,25067317,2020-11-20 21:04:04.614000+00:00,11896.75,{'stop_loss_price': 11896.75}
INVALID_RISK_UNIT,risk_unit == 0 or non-finite,NQZ20-CME,25067318,2020-11-20 21:04:04.695000+00:00,11896.75,{'stop_loss_price': 11896.75}
INVALID_RISK_UNIT,risk_unit == 0 or non-finite,NQZ20-CME,25067328,2020-11-20 21:04:05.635000+00:00,11896.75,{'stop_loss_price': 11896.75}
INVALID_RISK_UNIT,risk_unit == 0 or non-finite,NQZ20-CME,25088962,2020-11-23 03:44:58.473000+00:00,11953.25,{'stop_loss_price': 11953.25}
INVALID_RISK_UNIT,risk_unit == 0 or non-finite,NQZ20-CME,25113365,2020-11-23 10:30:12.040000+00:00,11949.0,{'stop_loss_price': 11949.0}
INVALID_RISK_UNIT,risk_unit == 0 or non-finite,NQZ20-CME,25113543,2020-11-23 10:34:21.699000+00:00,11948.25,{'stop_loss_price': 11948.25}
INVALID_RISK_UNIT,risk_unit == 0 or non-finite,NQZ20-CME,25116654,2020-11-23 12:01:26.284000+00:00,11946.0,{'stop_loss_price': 11946.0}
INVALID_RISK_UNIT,risk_unit == 0 or non-finite,NQZ20-CME,25128821,2020-11-23 13:44:02.822000+00:00,11952.75,{'stop_loss_price': 11952.75}
INVALID_RISK_UNIT,risk_unit == 0 or non-finite,NQZ20-CME,25174783,2020-11-23 14:51:54.223000+00:00,11986.75,{'stop_loss_price': 11986.75}
INVALID_RISK_UNIT,risk_unit == 0 or non-finite,NQZ20-CME,25201481,2020-11-23 15:13:17.684000+00:00,11899.0,{'stop_loss_price': 11899.0}
INVALID_RISK_UNIT,risk_unit == 0 or non-finite,NQZ20-CME,25212863,2020-11-23 15:22:12.925000+00:00,11906.0,{'stop_loss_price': 11906.0}
INVALID_RISK_UNIT,risk_unit == 0 or non-finite,NQZ20-CME,25212864,2020-11-23 15:22:12.925001+00:00,11906.0,{'stop_loss_price': 11906.0}
INVALID_RISK_UNIT,risk_unit == 0 or non-finite,NQZ20-CME,25234138,2020-11-23 15:39:22.187000+00:00,11908.25,{'stop_loss_price': 11908.25}
INVALID_RISK_UNIT,risk_unit == 0 or non-finite,NQZ20-CME,25263771,2020-11-23 16:10:56.486000+00:00,11838.75,{'stop_loss_price': 11838.75}
INVALID_RISK_UNIT,risk_unit == 0 or non-finite,NQZ20-CME,25263772,2020-11-23 16:10:56.524000+00:00,11838.75,{'stop_loss_price': 11838.75}
INVALID_RISK_UNIT,risk_unit == 0 or non-finite,NQZ20-CME,25375413,2020-11-23 19:21:05.990000+00:00,11880.0,{'stop_loss_price': 11880.0}
INVALID_RISK_UNIT,risk_unit == 0 or non-finite,NQZ20-CME,25379241,2020-11-23 19:30:44.972000+00:00,11885.5,{'stop_loss_price': 11885.5}
INVALID_RISK_UNIT,risk_unit == 0 or non-finite,NQZ20-CME,25429347,2020-11-23 20:50:00.144000+00:00,11911.5,{'stop_loss_price': 11911.5}
INVALID_RISK_UNIT,risk_unit == 0 or non-finite,NQZ20-CME,25488901,2020-11-24 12:09:31.248002+00:00,11945.5,{'stop_loss_price': 11945.5}
INVALID_RISK_UNIT,risk_unit == 0 or non-finite,NQZ20-CME,25488902,2020-11-24 12:09:31.248003+00:00,11945.5,{'stop_loss_price': 11945.5}
INVALID_RISK_UNIT,risk_unit == 0 or non-finite,NQZ20-CME,25488903,2020-11-24 12:09:31.248004+00:00,11945.5,{'stop_loss_price': 11945.5}
INVALID_RISK_UNIT,risk_unit == 0 or non-finite,NQZ20-CME,25488905,2020-11-24 12:09:31.248006+00:00,11945.5,{'stop_loss_price': 11945.5}
INVALID_RISK_UNIT,risk_unit == 0 or non-finite,NQZ20-CME,25519699,2020-11-24 14:34:58.016000+00:00,11933.5,{'stop_loss_price': 11933.5}
INVALID_RISK_UNIT,risk_unit == 0 or non-finite,NQZ20-CME,25519700,2020-11-24 14:34:58.016001+00:00,11933.5,{'stop_loss_price': 11933.5}
INVALID_RISK_UNIT,risk_unit == 0 or non-finite,NQZ20-CME,25519701,2020-11-24 14:34:58.016002+00:00,11933.5,{'stop_loss_price': 11933.5}
INVALID_RISK_UNIT,risk_unit == 0 or non-finite,NQZ20-CME,25519702,2020-11-24 14:34:58.016003+00:00,11933.5,{'stop_loss_price': 11933.5}
INVALID_RISK_UNIT,risk_unit == 0 or non-finite,NQZ20-CME,25519703,2020-11-24 14:34:58.025000+00:00,11933.5,{'stop_loss_price': 11933.5}
INVALID_RISK_UNIT,risk_unit == 0 or non-finite,NQZ20-CME,25519704,2020-11-24 14:34:58.077000+00:00,11933.5,{'stop_loss_price': 11933.5}
INVALID_RISK_UNIT,risk_unit == 0 or non-finite,NQZ20-CME,25519709,2020-11-24 14:34:58.233000+00:00,11933.5,{'stop_loss_price': 11933.5}
INVALID_RISK_UNIT,risk_unit == 0 or non-finite,NQZ20-CME,25534507,2020-11-24 14:40:53.969000+00:00,11900.25,{'stop_loss_price': 11900.25}
INVALID_RISK_UNIT,risk_unit == 0 or non-finite,NQZ20-CME,25549331,2020-11-24 14:49:45.011000+00:00,11895.75,{'stop_loss_price': 11895.75}
INVALID_RISK_UNIT,risk_unit == 0 or non-finite,NQZ20-CME,25549332,2020-11-24 14:49:45.352000+00:00,11895.75,{'stop_loss_price': 11895.75}
INVALID_RISK_UNIT,risk_unit == 0 or non-finite,NQZ20-CME,25582870,2020-11-24 15:16:37.414000+00:00,11908.75,{'stop_loss_price': 11908.75}
INVALID_RISK_UNIT,risk_unit == 0 or non-finite,NQZ20-CME,25640382,2020-11-24 16:11:17.397000+00:00,12007.0,{'stop_loss_price': 12007.0}
INVALID_RISK_UNIT,risk_unit == 0 or non-finite,NQZ20-CME,25658748,2020-11-24 16:35:54.055000+00:00,12010.5,{'stop_loss_price': 12010.5}
INVALID_RISK_UNIT,risk_unit == 0 or non-finite,NQZ20-CME,25681363,2020-11-24 17:09:02.334000+00:00,12018.5,{'stop_loss_price': 12018.5}
INVALID_RISK_UNIT,risk_unit == 0 or non-finite,NQZ20-CME,25766975,2020-11-24 20:13:18.591000+00:00,12075.5,{'stop_loss_price': 12075.5}
INVALID_RISK_UNIT,risk_unit == 0 or non-finite,NQZ20-CME,25778523,2020-11-24 20:39:22.802000+00:00,12066.5,{'stop_loss_price': 12066.5}
INVALID_RISK_UNIT,risk_unit == 0 or non-finite,NQZ20-CME,25783332,2020-11-24 20:48:16.983000+00:00,12076.5,{'stop_loss_price': 12076.5}
INVALID_RISK_UNIT,risk_unit == 0 or non-finite,NQZ20-CME,25827745,2020-11-25 04:39:01.815000+00:00,12141.25,{'stop_loss_price': 12141.25}
INVALID_RISK_UNIT,risk_unit == 0 or non-finite,NQZ20-CME,25827746,2020-11-25 04:39:05.493000+00:00,12141.25,{'stop_loss_price': 12141.25}
INVALID_RISK_UNIT,risk_unit == 0 or non-finite,NQZ20-CME,25830948,2020-11-25 05:18:55.900001+00:00,12111.25,{'stop_loss_price': 12111.25}
INVALID_RISK_UNIT,risk_unit == 0 or non-finite,NQZ20-CME,25830949,2020-11-25 05:18:55.900002+00:00,12111.25,{'stop_loss_price': 12111.25}
INVALID_RISK_UNIT,risk_unit == 0 or non-finite,NQZ20-CME,25858660,2020-11-25 10:54:00.460000+00:00,12093.75,{'stop_loss_price': 12093.75}
INVALID_RISK_UNIT,risk_unit == 0 or non-finite,NQZ20-CME,25915756,2020-11-25 14:46:53.812000+00:00,12119.75,{'stop_loss_price': 12119.75}
INVALID_RISK_UNIT,risk_unit == 0 or non-finite,NQZ20-CME,25915757,2020-11-25 14:46:53.812001+00:00,12119.75,{'stop_loss_price': 12119.75}
INVALID_RISK_UNIT,risk_unit == 0 or non-finite,NQZ20-CME,25915758,2020-11-25 14:46:53.812002+00:00,12119.75,{'stop_loss_price': 12119.75}
INVALID_RISK_UNIT,risk_unit == 0 or non-finite,NQZ20-CME,25915759,2020-11-25 14:46:53.812003+00:00,12119.75,{'stop_loss_price': 12119.75}
INVALID_RISK_UNIT,risk_unit == 0 or non-finite,NQZ20-CME,25915761,2020-11-25 14:46:53.818000+00:00,12119.75,{'stop_loss_price': 12119.75}
INVALID_RISK_UNIT,risk_unit == 0 or non-finite,NQZ20-CME,25924198,2020-11-25 14:54:10.668000+00:00,12138.75,{'stop_loss_price': 12138.75}
INVALID_RISK_UNIT,risk_unit == 0 or non-finite,NQZ20-CME,25924199,2020-11-25 14:54:10.668001+00:00,12138.75,{'stop_loss_price': 12138.75}
INVALID_RISK_UNIT,risk_unit == 0 or non-finite,NQZ20-CME,25924200,2020-11-25 14:54:10.668002+00:00,12138.75,{'stop_loss_price': 12138.75}
INVALID_RISK_UNIT,risk_unit == 0 or non-finite,NQZ20-CME,25924201,2020-11-25 14:54:10.668003+00:00,12138.75,{'stop_loss_price': 12138.75}
INVALID_RISK_UNIT,risk_unit == 0 or non-finite,NQZ20-CME,25924202,2020-11-25 14:54:10.669000+00:00,12138.75,{'stop_loss_price': 12138.75}
INVALID_RISK_UNIT,risk_unit == 0 or non-finite,NQZ20-CME,25929685,2020-11-25 14:57:41.940000+00:00,12117.0,{'stop_loss_price': 12117.0}
INVALID_RISK_UNIT,risk_unit == 0 or non-finite,NQZ20-CME,25929686,2020-11-25 14:57:42.011000+00:00,12117.0,{'stop_loss_price': 12117.0}
INVALID_RISK_UNIT,risk_unit == 0 or non-finite,NQZ20-CME,25929687,2020-11-25 14:57:42.019000+00:00,12117.0,{'stop_loss_price': 12117.0}
INVALID_RISK_UNIT,risk_unit == 0 or non-finite,NQZ20-CME,25933589,2020-11-25 15:01:18.583000+00:00,12115.5,{'stop_loss_price': 12115.5}
INVALID_RISK_UNIT,risk_unit == 0 or non-finite,NQZ20-CME,25965460,2020-11-25 15:28:40.524000+00:00,12091.0,{'stop_loss_price': 12091.0}
INVALID_RISK_UNIT,risk_unit == 0 or non-finite,NQZ20-CME,25979730,2020-11-25 15:46:08.054000+00:00,12109.0,{'stop_loss_price': 12109.0}
INVALID_RISK_UNIT,risk_unit == 0 or non-finite,NQZ20-CME,25979731,2020-11-25 15:46:08.054001+00:00,12109.0,{'stop_loss_price': 12109.0}
INVALID_RISK_UNIT,risk_unit == 0 or non-finite,NQZ20-CME,25979732,2020-11-25 15:46:08.054002+00:00,12109.0,{'stop_loss_price': 12109.0}
INVALID_RISK_UNIT,risk_unit == 0 or non-finite,NQZ20-CME,25979733,2020-11-25 15:46:08.153000+00:00,12109.0,{'stop_loss_price': 12109.0}
INVALID_RISK_UNIT,risk_unit == 0 or non-finite,NQZ20-CME,26044479,2020-11-25 17:43:36.111000+00:00,12126.5,{'stop_loss_price': 12126.5}
INVALID_RISK_UNIT,risk_unit == 0 or non-finite,NQZ20-CME,26182374,2020-11-26 11:29:32.104000+00:00,12194.75,{'stop_loss_price': 12194.75}
INVALID_RISK_UNIT,risk_unit == 0 or non-finite,NQZ20-CME,26193074,2020-11-26 15:01:48.909000+00:00,12192.75,{'stop_loss_price': 12192.75}
INVALID_RISK_UNIT,risk_unit == 0 or non-finite,NQZ20-CME,26228002,2020-11-27 05:25:02.290000+00:00,12170.0,{'stop_loss_price': 12170.0}
INVALID_RISK_UNIT,risk_unit == 0 or non-finite,NQZ20-CME,26228003,2020-11-27 05:25:02.290001+00:00,12170.0,{'stop_loss_price': 12170.0}
INVALID_RISK_UNIT,risk_unit == 0 or non-finite,NQZ20-CME,26237853,2020-11-27 09:04:39.148000+00:00,12202.75,{'stop_loss_price': 12202.75}
INVALID_RISK_UNIT,risk_unit == 0 or non-finite,NQZ20-CME,26238879,2020-11-27 09:23:45.759000+00:00,12200.75,{'stop_loss_price': 12200.75}
INVALID_RISK_UNIT,risk_unit == 0 or non-finite,NQZ20-CME,26238880,2020-11-27 09:23:45.759001+00:00,12200.75,{'stop_loss_price': 12200.75}
INVALID_RISK_UNIT,risk_unit == 0 or non-finite,NQZ20-CME,26240003,2020-11-27 09:54:41.241000+00:00,12192.75,{'stop_loss_price': 12192.75}
INVALID_RISK_UNIT,risk_unit == 0 or non-finite,NQZ20-CME,26283978,2020-11-27 14:43:18.815000+00:00,12228.75,{'stop_loss_price': 12228.75}
INVALID_RISK_UNIT,risk_unit == 0 or non-finite,NQZ20-CME,26285718,2020-11-27 14:44:45.758000+00:00,12240.0,{'stop_loss_price': 12240.0}
INVALID_RISK_UNIT,risk_unit == 0 or non-finite,NQZ20-CME,26285719,2020-11-27 14:44:45.758001+00:00,12240.0,{'stop_loss_price': 12240.0}
INVALID_RISK_UNIT,risk_unit == 0 or non-finite,NQZ20-CME,26285720,2020-11-27 14:44:45.758002+00:00,12240.0,{'stop_loss_price': 12240.0}
INVALID_RISK_UNIT,risk_unit == 0 or non-finite,NQZ20-CME,26285721,2020-11-27 14:44:45.758003+00:00,12240.0,{'stop_loss_price': 12240.0}
INVALID_RISK_UNIT,risk_unit == 0 or non-finite,NQZ20-CME,26365594,2020-11-27 16:39:26.556000+00:00,12278.0,{'stop_loss_price': 12278.0}
INVALID_RISK_UNIT,risk_unit == 0 or non-finite,NQZ20-CME,26365595,2020-11-27 16:39:26.556001+00:00,12278.0,{'stop_loss_price': 12278.0}
INVALID_RISK_UNIT,risk_unit == 0 or non-finite,NQZ20-CME,26365596,2020-11-27 16:39:26.556002+00:00,12278.0,{'stop_loss_price': 12278.0}
INVALID_RISK_UNIT,risk_unit == 0 or non-finite,NQZ20-CME,26397954,2020-11-27 17:27:15.009000+00:00,12246.0,{'stop_loss_price': 12246.0}
INVALID_RISK_UNIT,risk_unit == 0 or non-finite,NQZ20-CME,26397955,2020-11-27 17:27:15.009001+00:00,12246.0,{'stop_loss_price': 12246.0}
INVALID_RISK_UNIT,risk_unit == 0 or non-finite,NQZ20-CME,26416304,2020-11-27 18:10:05.156001+00:00,12269.25,{'stop_loss_price': 12269.25}
INVALID_RISK_UNIT,risk_unit == 0 or non-finite,NQZ20-CME,26422440,2020-11-29 23:59:10.202000+00:00,12318.5,{'stop_loss_price': 12318.5}
INVALID_RISK_UNIT,risk_unit == 0 or non-finite,NQZ20-CME,26426759,2020-11-30 00:24:22.824000+00:00,12284.0,{'stop_loss_price': 12284.0}
INVALID_RISK_UNIT,risk_unit == 0 or non-finite,NQZ20-CME,26543573,2020-11-30 14:49:27.074000+00:00,12228.5,{'stop_loss_price': 12228.5}
INVALID_RISK_UNIT,risk_unit == 0 or non-finite,NQZ20-CME,26543574,2020-11-30 14:49:27.189000+00:00,12228.5,{'stop_loss_price': 12228.5}
INVALID_RISK_UNIT,risk_unit == 0 or non-finite,NQZ20-CME,26562357,2020-11-30 15:04:33.917000+00:00,12241.75,{'stop_loss_price': 12241.75}
INVALID_RISK_UNIT,risk_unit == 0 or non-finite,NQZ20-CME,26562358,2020-11-30 15:04:33.917001+00:00,12241.75,{'stop_loss_price': 12241.75}
INVALID_RISK_UNIT,risk_unit == 0 or non-finite,NQZ20-CME,26574374,2020-11-30 15:14:40.605000+00:00,12243.0,{'stop_loss_price': 12243.0}
INVALID_RISK_UNIT,risk_unit == 0 or non-finite,NQZ20-CME,26574375,2020-11-30 15:14:40.605001+00:00,12243.0,{'stop_loss_price': 12243.0}
INVALID_RISK_UNIT,risk_unit == 0 or non-finite,NQZ20-CME,26574376,2020-11-30 15:14:40.605002+00:00,12243.0,{'stop_loss_price': 12243.0}
INVALID_RISK_UNIT,risk_unit == 0 or non-finite,NQZ20-CME,26585185,2020-11-30 15:23:49.563001+00:00,12227.5,{'stop_loss_price': 12227.5}
INVALID_RISK_UNIT,risk_unit == 0 or non-finite,NQZ20-CME,26589707,2020-11-30 15:28:15.233000+00:00,12225.75,{'stop_loss_price': 12225.75}
INVALID_RISK_UNIT,risk_unit == 0 or non-finite,NQZ20-CME,26589708,2020-11-30 15:28:15.233001+00:00,12225.75,{'stop_loss_price': 12225.75}
INVALID_RISK_UNIT,risk_unit == 0 or non-finite,NQZ20-CME,26589709,2020-11-30 15:28:15.250000+00:00,12225.75,{'stop_loss_price': 12225.75}
INVALID_RISK_UNIT,risk_unit == 0 or non-finite,NQZ20-CME,26589710,2020-11-30 15:28:15.250001+00:00,12225.75,{'stop_loss_price': 12225.75}
INVALID_RISK_UNIT,risk_unit == 0 or non-finite,NQZ20-CME,26589711,2020-11-30 15:28:15.262000+00:00,12225.75,{'stop_loss_price': 12225.75}
INVALID_RISK_UNIT,risk_unit == 0 or non-finite,NQZ20-CME,26659422,2020-11-30 16:10:34.336000+00:00,12174.25,{'stop_loss_price': 12174.25}
INVALID_RISK_UNIT,risk_unit == 0 or non-finite,NQZ20-CME,26694957,2020-11-30 16:48:33.309000+00:00,12194.5,{'stop_loss_price': 12194.5}
INVALID_RISK_UNIT,risk_unit == 0 or non-finite,NQZ20-CME,26694958,2020-11-30 16:48:33.312000+00:00,12194.5,{'stop_loss_price': 12194.5}
INVALID_RISK_UNIT,risk_unit == 0 or non-finite,NQZ20-CME,26774637,2020-11-30 19:34:31.508000+00:00,12259.75,{'stop_loss_price': 12259.75}
INVALID_RISK_UNIT,risk_unit == 0 or non-finite,NQZ20-CME,26785546,2020-11-30 19:56:30.816000+00:00,12271.25,{'stop_loss_price': 12271.25}
INVALID_RISK_UNIT,risk_unit == 0 or non-finite,NQZ20-CME,26785547,2020-11-30 19:56:30.816001+00:00,12271.25,{'stop_loss_price': 12271.25}
INVALID_RISK_UNIT,risk_unit == 0 or non-finite,NQZ20-CME,26883450,2020-12-01 04:58:56.122000+00:00,12374.75,{'stop_loss_price': 12374.75}
INVALID_RISK_UNIT,risk_unit == 0 or non-finite,NQZ20-CME,26883451,2020-12-01 04:58:56.206000+00:00,12374.75,{'stop_loss_price': 12374.75}
INVALID_RISK_UNIT,risk_unit == 0 or non-finite,NQZ20-CME,26883452,2020-12-01 04:58:56.206001+00:00,12374.75,{'stop_loss_price': 12374.75}
INVALID_RISK_UNIT,risk_unit == 0 or non-finite,NQZ20-CME,26930993,2020-12-01 14:20:10.460000+00:00,12371.25,{'stop_loss_price': 12371.25}
INVALID_RISK_UNIT,risk_unit == 0 or non-finite,NQZ20-CME,26930994,2020-12-01 14:20:10.460001+00:00,12371.25,{'stop_loss_price': 12371.25}
INVALID_RISK_UNIT,risk_unit == 0 or non-finite,NQZ20-CME,26930995,2020-12-01 14:20:10.460002+00:00,12371.25,{'stop_loss_price': 12371.25}
INVALID_RISK_UNIT,risk_unit == 0 or non-finite,NQZ20-CME,26939269,2020-12-01 14:31:58.565000+00:00,12364.5,{'stop_loss_price': 12364.5}
INVALID_RISK_UNIT,risk_unit == 0 or non-finite,NQZ20-CME,26959489,2020-12-01 14:40:59.036000+00:00,12362.0,{'stop_loss_price': 12362.0}
INVALID_RISK_UNIT,risk_unit == 0 or non-finite,NQZ20-CME,27089287,2020-12-01 16:31:59.403000+00:00,12438.25,{'stop_loss_price': 12438.25}
INVALID_RISK_UNIT,risk_unit == 0 or non-finite,NQZ20-CME,27115987,2020-12-01 17:00:41.383000+00:00,12446.75,{'stop_loss_price': 12446.75}
INVALID_RISK_UNIT,risk_unit == 0 or non-finite,NQZ20-CME,27124165,2020-12-01 17:09:20.268000+00:00,12472.0,{'stop_loss_price': 12472.0}
INVALID_RISK_UNIT,risk_unit == 0 or non-finite,NQZ20-CME,27124166,2020-12-01 17:09:20.268001+00:00,12472.0,{'stop_loss_price': 12472.0}
INVALID_RISK_UNIT,risk_unit == 0 or non-finite,NQZ20-CME,27128470,2020-12-01 17:13:36.890000+00:00,12479.25,{'stop_loss_price': 12479.25}
INVALID_RISK_UNIT,risk_unit == 0 or non-finite,NQZ20-CME,27128471,2020-12-01 17:13:36.890001+00:00,12479.25,{'stop_loss_price': 12479.25}
INVALID_RISK_UNIT,risk_unit == 0 or non-finite,NQZ20-CME,27128473,2020-12-01 17:13:36.926000+00:00,12479.25,{'stop_loss_price': 12479.25}
INVALID_RISK_UNIT,risk_unit == 0 or non-finite,NQZ20-CME,27151678,2020-12-01 17:54:25.317001+00:00,12462.75,{'stop_loss_price': 12462.75}
INVALID_RISK_UNIT,risk_unit == 0 or non-finite,NQZ20-CME,27151679,2020-12-01 17:54:25.317002+00:00,12462.75,{'stop_loss_price': 12462.75}
INVALID_RISK_UNIT,risk_unit == 0 or non-finite,NQZ20-CME,27151680,2020-12-01 17:54:25.355000+00:00,12462.75,{'stop_loss_price': 12462.75}
INVALID_RISK_UNIT,risk_unit == 0 or non-finite,NQZ20-CME,27151681,2020-12-01 17:54:25.355001+00:00,12462.75,{'stop_loss_price': 12462.75}
INVALID_RISK_UNIT,risk_unit == 0 or non-finite,NQZ20-CME,27152631,2020-12-01 17:56:04.776000+00:00,12471.5,{'stop_loss_price': 12471.5}
INVALID_RISK_UNIT,risk_unit == 0 or non-finite,NQZ20-CME,27152632,2020-12-01 17:56:04.776001+00:00,12471.5,{'stop_loss_price': 12471.5}
INVALID_RISK_UNIT,risk_unit == 0 or non-finite,NQZ20-CME,27152633,2020-12-01 17:56:04.776002+00:00,12471.5,{'stop_loss_price': 12471.5}
INVALID_RISK_UNIT,risk_unit == 0 or non-finite,NQZ20-CME,27168513,2020-12-01 18:30:04.899000+00:00,12492.75,{'stop_loss_price': 12492.75}
INVALID_RISK_UNIT,risk_unit == 0 or non-finite,NQZ20-CME,27212844,2020-12-01 20:00:42.208000+00:00,12462.75,{'stop_loss_price': 12462.75}
INVALID_RISK_UNIT,risk_unit == 0 or non-finite,NQZ20-CME,27271192,2020-12-01 21:14:20.609000+00:00,12464.75,{'stop_loss_price': 12464.75}
INVALID_RISK_UNIT,risk_unit == 0 or non-finite,NQZ20-CME,27300591,2020-12-02 07:16:49.411000+00:00,12441.0,{'stop_loss_price': 12441.0}
INVALID_RISK_UNIT,risk_unit == 0 or non-finite,NQZ20-CME,27319435,2020-12-02 12:30:15.263000+00:00,12412.25,{'stop_loss_price': 12412.25}
INVALID_RISK_UNIT,risk_unit == 0 or non-finite,NQZ20-CME,27319436,2020-12-02 12:30:16.109000+00:00,12412.25,{'stop_loss_price': 12412.25}
INVALID_RISK_UNIT,risk_unit == 0 or non-finite,NQZ20-CME,27339343,2020-12-02 14:21:46.234000+00:00,12376.75,{'stop_loss_price': 12376.75}
INVALID_RISK_UNIT,risk_unit == 0 or non-finite,NQZ20-CME,27339344,2020-12-02 14:21:46.314000+00:00,12376.75,{'stop_loss_price': 12376.75}
INVALID_RISK_UNIT,risk_unit == 0 or non-finite,NQZ20-CME,27407375,2020-12-02 14:59:02.391000+00:00,12371.5,{'stop_loss_price': 12371.5}
INVALID_RISK_UNIT,risk_unit == 0 or non-finite,NQZ20-CME,27421371,2020-12-02 15:09:59.669000+00:00,12376.0,{'stop_loss_price': 12376.0}
INVALID_RISK_UNIT,risk_unit == 0 or non-finite,NQZ20-CME,27421372,2020-12-02 15:09:59.669001+00:00,12376.0,{'stop_loss_price': 12376.0}
INVALID_RISK_UNIT,risk_unit == 0 or non-finite,NQZ20-CME,27421373,2020-12-02 15:09:59.669002+00:00,12376.0,{'stop_loss_price': 12376.0}
INVALID_RISK_UNIT,risk_unit == 0 or non-finite,NQZ20-CME,27421374,2020-12-02 15:09:59.669003+00:00,12376.0,{'stop_loss_price': 12376.0}
INVALID_RISK_UNIT,risk_unit == 0 or non-finite,NQZ20-CME,27427518,2020-12-02 15:14:02.630000+00:00,12404.5,{'stop_loss_price': 12404.5}
INVALID_RISK_UNIT,risk_unit == 0 or non-finite,NQZ20-CME,27427519,2020-12-02 15:14:02.635000+00:00,12404.5,{'stop_loss_price': 12404.5}
INVALID_RISK_UNIT,risk_unit == 0 or non-finite,NQZ20-CME,27459791,2020-12-02 15:48:13.895000+00:00,12426.0,{'stop_loss_price': 12426.0}
INVALID_RISK_UNIT,risk_unit == 0 or non-finite,NQZ20-CME,27459792,2020-12-02 15:48:14.080000+00:00,12426.0,{'stop_loss_price': 12426.0}
INVALID_RISK_UNIT,risk_unit == 0 or non-finite,NQZ20-CME,27469033,2020-12-02 15:58:12.407000+00:00,12415.25,{'stop_loss_price': 12415.25}
INVALID_RISK_UNIT,risk_unit == 0 or non-finite,NQZ20-CME,27540723,2020-12-02 17:58:47.525000+00:00,12435.75,{'stop_loss_price': 12435.75}
INVALID_RISK_UNIT,risk_unit == 0 or non-finite,NQZ20-CME,27540878,2020-12-02 17:59:07+00:00,12437.0,{'stop_loss_price': 12437.0}
INVALID_RISK_UNIT,risk_unit == 0 or non-finite,NQZ20-CME,27540879,2020-12-02 17:59:07.002000+00:00,12437.0,{'stop_loss_price': 12437.0}
INVALID_RISK_UNIT,risk_unit == 0 or non-finite,NQZ20-CME,27540881,2020-12-02 17:59:07.206000+00:00,12437.0,{'stop_loss_price': 12437.0}
INVALID_RISK_UNIT,risk_unit == 0 or non-finite,NQZ20-CME,27562292,2020-12-02 18:48:09.772000+00:00,12416.0,{'stop_loss_price': 12416.0}
INVALID_RISK_UNIT,risk_unit == 0 or non-finite,NQZ20-CME,27567115,2020-12-02 18:59:28.814000+00:00,12425.5,{'stop_loss_price': 12425.5}
INVALID_RISK_UNIT,risk_unit == 0 or non-finite,NQZ20-CME,27567116,2020-12-02 18:59:28.814001+00:00,12425.5,{'stop_loss_price': 12425.5}
INVALID_RISK_UNIT,risk_unit == 0 or non-finite,NQZ20-CME,27567117,2020-12-02 18:59:28.814002+00:00,12425.5,{'stop_loss_price': 12425.5}
INVALID_RISK_UNIT,risk_unit == 0 or non-finite,NQZ20-CME,27567118,2020-12-02 18:59:28.845000+00:00,12425.5,{'stop_loss_price': 12425.5}
INVALID_RISK_UNIT,risk_unit == 0 or non-finite,NQZ20-CME,27598448,2020-12-02 20:08:20.723000+00:00,12465.0,{'stop_loss_price': 12465.0}
INVALID_RISK_UNIT,risk_unit == 0 or non-finite,NQZ20-CME,27603425,2020-12-02 20:19:06.047000+00:00,12445.25,{'stop_loss_price': 12445.25}
INVALID_RISK_UNIT,risk_unit == 0 or non-finite,NQZ20-CME,27666137,2020-12-03 10:15:47.598000+00:00,12478.25,{'stop_loss_price': 12478.25}
INVALID_RISK_UNIT,risk_unit == 0 or non-finite,NQZ20-CME,27677904,2020-12-03 13:20:06.740000+00:00,12481.25,{'stop_loss_price': 12481.25}
INVALID_RISK_UNIT,risk_unit == 0 or non-finite,NQZ20-CME,27722016,2020-12-03 14:53:09.558000+00:00,12491.0,{'stop_loss_price': 12491.0}
INVALID_RISK_UNIT,risk_unit == 0 or non-finite,NQZ20-CME,27741321,2020-12-03 15:09:18.407000+00:00,12522.25,{'stop_loss_price': 12522.25}
INVALID_RISK_UNIT,risk_unit == 0 or non-finite,NQZ20-CME,27741322,2020-12-03 15:09:18.407001+00:00,12522.25,{'stop_loss_price': 12522.25}
INVALID_RISK_UNIT,risk_unit == 0 or non-finite,NQZ20-CME,27741325,2020-12-03 15:09:18.817000+00:00,12522.25,{'stop_loss_price': 12522.25}
INVALID_RISK_UNIT,risk_unit == 0 or non-finite,NQZ20-CME,27741326,2020-12-03 15:09:18.817001+00:00,12522.25,{'stop_loss_price': 12522.25}
INVALID_RISK_UNIT,risk_unit == 0 or non-finite,NQZ20-CME,27741327,2020-12-03 15:09:18.817002+00:00,12522.25,{'stop_loss_price': 12522.25}
INVALID_RISK_UNIT,risk_unit == 0 or non-finite,NQZ20-CME,27741329,2020-12-03 15:09:19.325000+00:00,12522.25,{'stop_loss_price': 12522.25}
INVALID_RISK_UNIT,risk_unit == 0 or non-finite,NQZ20-CME,27768274,2020-12-03 15:38:00+00:00,12509.75,{'stop_loss_price': 12509.75}
INVALID_RISK_UNIT,risk_unit == 0 or non-finite,NQZ20-CME,27768275,2020-12-03 15:38:00.000001+00:00,12509.75,{'stop_loss_price': 12509.75}
INVALID_RISK_UNIT,risk_unit == 0 or non-finite,NQZ20-CME,27768276,2020-12-03 15:38:00.000002+00:00,12509.75,{'stop_loss_price': 12509.75}
INVALID_RISK_UNIT,risk_unit == 0 or non-finite,NQZ20-CME,27768278,2020-12-03 15:38:00.082000+00:00,12509.75,{'stop_loss_price': 12509.75}
INVALID_RISK_UNIT,risk_unit == 0 or non-finite,NQZ20-CME,27828989,2020-12-03 16:53:04.190000+00:00,12497.0,{'stop_loss_price': 12497.0}
INVALID_RISK_UNIT,risk_unit == 0 or non-finite,NQZ20-CME,27839696,2020-12-03 17:05:03.093000+00:00,12514.0,{'stop_loss_price': 12514.0}
INVALID_RISK_UNIT,risk_unit == 0 or non-finite,NQZ20-CME,27928784,2020-12-03 20:37:00.950000+00:00,12501.5,{'stop_loss_price': 12501.5}
INVALID_RISK_UNIT,risk_unit == 0 or non-finite,NQZ20-CME,27928785,2020-12-03 20:37:00.959000+00:00,12501.5,{'stop_loss_price': 12501.5}
INVALID_RISK_UNIT,risk_unit == 0 or non-finite,NQZ20-CME,27928786,2020-12-03 20:37:01.080000+00:00,12501.5,{'stop_loss_price': 12501.5}
INVALID_RISK_UNIT,risk_unit == 0 or non-finite,NQZ20-CME,27928787,2020-12-03 20:37:01.116000+00:00,12501.5,{'stop_loss_price': 12501.5}
INVALID_RISK_UNIT,risk_unit == 0 or non-finite,NQZ20-CME,27931046,2020-12-03 20:38:56.402000+00:00,12497.0,{'stop_loss_price': 12497.0}
INVALID_RISK_UNIT,risk_unit == 0 or non-finite,NQZ20-CME,27968554,2020-12-03 21:05:14.294000+00:00,12474.75,{'stop_loss_price': 12474.75}
INVALID_RISK_UNIT,risk_unit == 0 or non-finite,NQZ20-CME,27968555,2020-12-03 21:05:14.294001+00:00,12474.75,{'stop_loss_price': 12474.75}
INVALID_RISK_UNIT,risk_unit == 0 or non-finite,NQZ20-CME,27968556,2020-12-03 21:05:14.294002+00:00,12474.75,{'stop_loss_price': 12474.75}
INVALID_RISK_UNIT,risk_unit == 0 or non-finite,NQZ20-CME,27993059,2020-12-04 09:31:05.894000+00:00,12505.0,{'stop_loss_price': 12505.0}
INVALID_RISK_UNIT,risk_unit == 0 or non-finite,NQZ20-CME,27994287,2020-12-04 09:51:01.888000+00:00,12511.25,{'stop_loss_price': 12511.25}
INVALID_RISK_UNIT,risk_unit == 0 or non-finite,NQZ20-CME,27994288,2020-12-04 09:51:02.590000+00:00,12511.25,{'stop_loss_price': 12511.25}
INVALID_RISK_UNIT,risk_unit == 0 or non-finite,NQZ20-CME,28059206,2020-12-04 14:52:46.600000+00:00,12499.25,{'stop_loss_price': 12499.25}
INVALID_RISK_UNIT,risk_unit == 0 or non-finite,NQZ20-CME,28140154,2020-12-04 16:28:59.308000+00:00,12510.25,{'stop_loss_price': 12510.25}
INVALID_RISK_UNIT,risk_unit == 0 or non-finite,NQZ20-CME,28140155,2020-12-04 16:28:59.308001+00:00,12510.25,{'stop_loss_price': 12510.25}
INVALID_RISK_UNIT,risk_unit == 0 or non-finite,NQZ20-CME,28140156,2020-12-04 16:28:59.308002+00:00,12510.25,{'stop_loss_price': 12510.25}
INVALID_RISK_UNIT,risk_unit == 0 or non-finite,NQZ20-CME,28140157,2020-12-04 16:28:59.308003+00:00,12510.25,{'stop_loss_price': 12510.25}
INVALID_RISK_UNIT,risk_unit == 0 or non-finite,NQZ20-CME,28140158,2020-12-04 16:28:59.309000+00:00,12510.25,{'stop_loss_price': 12510.25}
INVALID_RISK_UNIT,risk_unit == 0 or non-finite,NQZ20-CME,28140159,2020-12-04 16:28:59.439000+00:00,12510.25,{'stop_loss_price': 12510.25}
INVALID_RISK_UNIT,risk_unit == 0 or non-finite,NQZ20-CME,28140160,2020-12-04 16:28:59.439001+00:00,12510.25,{'stop_loss_price': 12510.25}
INVALID_RISK_UNIT,risk_unit == 0 or non-finite,NQZ20-CME,28140167,2020-12-04 16:29:00.340000+00:00,12510.25,{'stop_loss_price': 12510.25}
INVALID_RISK_UNIT,risk_unit == 0 or non-finite,NQZ20-CME,28159332,2020-12-04 17:07:38.634005+00:00,12506.5,{'stop_loss_price': 12506.5}
INVALID_RISK_UNIT,risk_unit == 0 or non-finite,NQZ20-CME,28159333,2020-12-04 17:07:38.634006+00:00,12506.5,{'stop_loss_price': 12506.5}
INVALID_RISK_UNIT,risk_unit == 0 or non-finite,NQZ20-CME,28159334,2020-12-04 17:07:38.634007+00:00,12506.5,{'stop_loss_price': 12506.5}
INVALID_RISK_UNIT,risk_unit == 0 or non-finite,NQZ20-CME,28159335,2020-12-04 17:07:38.634008+00:00,12506.5,{'stop_loss_price': 12506.5}
INVALID_RISK_UNIT,risk_unit == 0 or non-finite,NQZ20-CME,28159336,2020-12-04 17:07:38.634009+00:00,12506.5,{'stop_loss_price': 12506.5}
INVALID_RISK_UNIT,risk_unit == 0 or non-finite,NQZ20-CME,28159341,2020-12-04 17:07:40.650000+00:00,12506.5,{'stop_loss_price': 12506.5}
INVALID_RISK_UNIT,risk_unit == 0 or non-finite,NQZ20-CME,28159342,2020-12-04 17:07:40.650001+00:00,12506.5,{'stop_loss_price': 12506.5}
INVALID_RISK_UNIT,risk_unit == 0 or non-finite,NQZ20-CME,28159343,2020-12-04 17:07:40.650002+00:00,12506.5,{'stop_loss_price': 12506.5}
INVALID_RISK_UNIT,risk_unit == 0 or non-finite,NQZ20-CME,28159344,2020-12-04 17:07:40.650003+00:00,12506.5,{'stop_loss_price': 12506.5}
INVALID_RISK_UNIT,risk_unit == 0 or non-finite,NQZ20-CME,28205355,2020-12-04 19:27:17.656000+00:00,12496.25,{'stop_loss_price': 12496.25}
INVALID_RISK_UNIT,risk_unit == 0 or non-finite,NQZ20-CME,28205356,2020-12-04 19:27:17.656001+00:00,12496.25,{'stop_loss_price': 12496.25}
INVALID_RISK_UNIT,risk_unit == 0 or non-finite,NQZ20-CME,28205362,2020-12-04 19:27:18.426000+00:00,12496.25,{'stop_loss_price': 12496.25}
INVALID_RISK_UNIT,risk_unit == 0 or non-finite,NQZ20-CME,28227049,2020-12-04 20:28:03.116000+00:00,12504.75,{'stop_loss_price': 12504.75}
INVALID_RISK_UNIT,risk_unit == 0 or non-finite,NQZ20-CME,28227050,2020-12-04 20:28:03.362000+00:00,12504.75,{'stop_loss_price': 12504.75}
INVALID_RISK_UNIT,risk_unit == 0 or non-finite,NQZ20-CME,28227051,2020-12-04 20:28:03.384000+00:00,12504.75,{'stop_loss_price': 12504.75}
INVALID_RISK_UNIT,risk_unit == 0 or non-finite,NQZ20-CME,28227052,2020-12-04 20:28:03.384001+00:00,12504.75,{'stop_loss_price': 12504.75}
INVALID_RISK_UNIT,risk_unit == 0 or non-finite,NQZ20-CME,28227053,2020-12-04 20:28:03.392000+00:00,12504.75,{'stop_loss_price': 12504.75}
INVALID_RISK_UNIT,risk_unit == 0 or non-finite,NQZ20-CME,28227055,2020-12-04 20:28:03.828000+00:00,12504.75,{'stop_loss_price': 12504.75}
INVALID_RISK_UNIT,risk_unit == 0 or non-finite,NQZ20-CME,28267760,2020-12-07 01:32:24.468000+00:00,12538.75,{'stop_loss_price': 12538.75}
INVALID_RISK_UNIT,risk_unit == 0 or non-finite,NQZ20-CME,28273927,2020-12-07 03:46:29.327000+00:00,12519.0,{'stop_loss_price': 12519.0}
INVALID_RISK_UNIT,risk_unit == 0 or non-finite,NQZ20-CME,28275553,2020-12-07 04:50:01.005000+00:00,12517.0,{'stop_loss_price': 12517.0}
INVALID_RISK_UNIT,risk_unit == 0 or non-finite,NQZ20-CME,28293474,2020-12-07 09:29:07.893000+00:00,12494.5,{'stop_loss_price': 12494.5}
INVALID_RISK_UNIT,risk_unit == 0 or non-finite,NQZ20-CME,28323220,2020-12-07 14:33:27.867000+00:00,12533.5,{'stop_loss_price': 12533.5}
INVALID_RISK_UNIT,risk_unit == 0 or non-finite,NQZ20-CME,28324389,2020-12-07 14:34:11.146000+00:00,12546.75,{'stop_loss_price': 12546.75}
INVALID_RISK_UNIT,risk_unit == 0 or non-finite,NQZ20-CME,28339868,2020-12-07 14:44:16.116000+00:00,12580.75,{'stop_loss_price': 12580.75}
INVALID_RISK_UNIT,risk_unit == 0 or non-finite,NQZ20-CME,28344304,2020-12-07 14:48:09.558000+00:00,12574.0,{'stop_loss_price': 12574.0}
INVALID_RISK_UNIT,risk_unit == 0 or non-finite,NQZ20-CME,28346901,2020-12-07 14:50:42.237000+00:00,12566.5,{'stop_loss_price': 12566.5}
INVALID_RISK_UNIT,risk_unit == 0 or non-finite,NQZ20-CME,28346902,2020-12-07 14:50:42.237001+00:00,12566.5,{'stop_loss_price': 12566.5}
INVALID_RISK_UNIT,risk_unit == 0 or non-finite,NQZ20-CME,28347525,2020-12-07 14:51:04.815000+00:00,12564.75,{'stop_loss_price': 12564.75}
INVALID_RISK_UNIT,risk_unit == 0 or non-finite,NQZ20-CME,28359713,2020-12-07 15:01:14.597000+00:00,12592.75,{'stop_loss_price': 12592.75}
INVALID_RISK_UNIT,risk_unit == 0 or non-finite,NQZ20-CME,28385118,2020-12-07 15:37:22.689001+00:00,12590.75,{'stop_loss_price': 12590.75}
INVALID_RISK_UNIT,risk_unit == 0 or non-finite,NQZ20-CME,28424757,2020-12-07 16:43:19.230000+00:00,12589.5,{'stop_loss_price': 12589.5}
INVALID_RISK_UNIT,risk_unit == 0 or non-finite,NQZ20-CME,28424758,2020-12-07 16:43:19.265000+00:00,12589.5,{'stop_loss_price': 12589.5}
INVALID_RISK_UNIT,risk_unit == 0 or non-finite,NQZ20-CME,28424760,2020-12-07 16:43:19.599000+00:00,12589.5,{'stop_loss_price': 12589.5}
INVALID_RISK_UNIT,risk_unit == 0 or non-finite,NQZ20-CME,28455901,2020-12-07 18:00:14.865000+00:00,12569.25,{'stop_loss_price': 12569.25}
INVALID_RISK_UNIT,risk_unit == 0 or non-finite,NQZ20-CME,28455902,2020-12-07 18:00:14.865001+00:00,12569.25,{'stop_loss_price': 12569.25}
INVALID_RISK_UNIT,risk_unit == 0 or non-finite,NQZ20-CME,28455903,2020-12-07 18:00:14.865002+00:00,12569.25,{'stop_loss_price': 12569.25}
INVALID_RISK_UNIT,risk_unit == 0 or non-finite,NQZ20-CME,28465424,2020-12-07 18:19:01.158000+00:00,12564.75,{'stop_loss_price': 12564.75}
INVALID_RISK_UNIT,risk_unit == 0 or non-finite,NQZ20-CME,28542775,2020-12-07 21:03:01.773001+00:00,12593.75,{'stop_loss_price': 12593.75}
INVALID_RISK_UNIT,risk_unit == 0 or non-finite,NQZ20-CME,28542776,2020-12-07 21:03:01.773002+00:00,12593.75,{'stop_loss_price': 12593.75}
INVALID_RISK_UNIT,risk_unit == 0 or non-finite,NQZ20-CME,28542777,2020-12-07 21:03:01.804000+00:00,12593.75,{'stop_loss_price': 12593.75}
INVALID_RISK_UNIT,risk_unit == 0 or non-finite,NQZ20-CME,28542778,2020-12-07 21:03:01.804001+00:00,12593.75,{'stop_loss_price': 12593.75}
INVALID_RISK_UNIT,risk_unit == 0 or non-finite,NQZ20-CME,28545297,2020-12-07 21:32:24.698001+00:00,12591.25,{'stop_loss_price': 12591.25}
INVALID_RISK_UNIT,risk_unit == 0 or non-finite,NQZ20-CME,28568379,2020-12-08 07:45:13.416000+00:00,12579.5,{'stop_loss_price': 12579.5}
INVALID_RISK_UNIT,risk_unit == 0 or non-finite,NQZ20-CME,28584313,2020-12-08 11:19:47.309000+00:00,12557.75,{'stop_loss_price': 12557.75}
INVALID_RISK_UNIT,risk_unit == 0 or non-finite,NQZ20-CME,28584314,2020-12-08 11:19:47.309001+00:00,12557.75,{'stop_loss_price': 12557.75}
INVALID_RISK_UNIT,risk_unit == 0 or non-finite,NQZ20-CME,28584315,2020-12-08 11:19:48.009000+00:00,12557.75,{'stop_loss_price': 12557.75}
INVALID_RISK_UNIT,risk_unit == 0 or non-finite,NQZ20-CME,28584316,2020-12-08 11:19:48.376000+00:00,12557.75,{'stop_loss_price': 12557.75}
INVALID_RISK_UNIT,risk_unit == 0 or non-finite,NQZ20-CME,28629776,2020-12-08 14:36:49.579000+00:00,12563.5,{'stop_loss_price': 12563.5}
INVALID_RISK_UNIT,risk_unit == 0 or non-finite,NQZ20-CME,28671888,2020-12-08 15:07:05.907000+00:00,12561.75,{'stop_loss_price': 12561.75}
INVALID_RISK_UNIT,risk_unit == 0 or non-finite,NQZ20-CME,28671889,2020-12-08 15:07:05.907001+00:00,12561.75,{'stop_loss_price': 12561.75}
INVALID_RISK_UNIT,risk_unit == 0 or non-finite,NQZ20-CME,28671890,2020-12-08 15:07:05.937000+00:00,12561.75,{'stop_loss_price': 12561.75}
INVALID_RISK_UNIT,risk_unit == 0 or non-finite,NQZ20-CME,28708057,2020-12-08 15:38:05.896000+00:00,12537.0,{'stop_loss_price': 12537.0}
INVALID_RISK_UNIT,risk_unit == 0 or non-finite,NQZ20-CME,28774999,2020-12-08 17:23:32.920002+00:00,12587.0,{'stop_loss_price': 12587.0}
INVALID_RISK_UNIT,risk_unit == 0 or non-finite,NQZ20-CME,28775000,2020-12-08 17:23:32.920003+00:00,12587.0,{'stop_loss_price': 12587.0}
INVALID_RISK_UNIT,risk_unit == 0 or non-finite,NQZ20-CME,28845434,2020-12-08 20:22:58.242000+00:00,12641.0,{'stop_loss_price': 12641.0}
INVALID_RISK_UNIT,risk_unit == 0 or non-finite,NQZ20-CME,28871329,2020-12-08 21:31:21.005000+00:00,12641.5,{'stop_loss_price': 12641.5}
INVALID_RISK_UNIT,risk_unit == 0 or non-finite,NQZ20-CME,28874461,2020-12-08 23:01:11.474000+00:00,12662.25,{'stop_loss_price': 12662.25}
INVALID_RISK_UNIT,risk_unit == 0 or non-finite,NQZ20-CME,28944606,2020-12-09 14:38:43.637000+00:00,12598.5,{'stop_loss_price': 12598.5}
INVALID_RISK_UNIT,risk_unit == 0 or non-finite,NQZ20-CME,28955016,2020-12-09 14:45:12.524000+00:00,12620.25,{'stop_loss_price': 12620.25}
INVALID_RISK_UNIT,risk_unit == 0 or non-finite,NQZ20-CME,28955017,2020-12-09 14:45:12.524001+00:00,12620.25,{'stop_loss_price': 12620.25}
INVALID_RISK_UNIT,risk_unit == 0 or non-finite,NQZ20-CME,28955018,2020-12-09 14:45:12.524002+00:00,12620.25,{'stop_loss_price': 12620.25}
INVALID_RISK_UNIT,risk_unit == 0 or non-finite,NQZ20-CME,28955019,2020-12-09 14:45:12.524003+00:00,12620.25,{'stop_loss_price': 12620.25}
INVALID_RISK_UNIT,risk_unit == 0 or non-finite,NQZ20-CME,28955020,2020-12-09 14:45:12.524004+00:00,12620.25,{'stop_loss_price': 12620.25}
INVALID_RISK_UNIT,risk_unit == 0 or non-finite,NQZ20-CME,28955021,2020-12-09 14:45:12.525000+00:00,12620.25,{'stop_loss_price': 12620.25}
INVALID_RISK_UNIT,risk_unit == 0 or non-finite,NQZ20-CME,28955022,2020-12-09 14:45:12.535000+00:00,12620.25,{'stop_loss_price': 12620.25}
INVALID_RISK_UNIT,risk_unit == 0 or non-finite,NQZ20-CME,28955023,2020-12-09 14:45:12.547000+00:00,12620.25,{'stop_loss_price': 12620.25}
INVALID_RISK_UNIT,risk_unit == 0 or non-finite,NQZ20-CME,28955024,2020-12-09 14:45:12.592000+00:00,12620.25,{'stop_loss_price': 12620.25}
INVALID_RISK_UNIT,risk_unit == 0 or non-finite,NQZ20-CME,29051423,2020-12-09 16:06:13.021000+00:00,12592.5,{'stop_loss_price': 12592.5}
INVALID_RISK_UNIT,risk_unit == 0 or non-finite,NQZ20-CME,29051424,2020-12-09 16:06:13.021001+00:00,12592.5,{'stop_loss_price': 12592.5}
INVALID_RISK_UNIT,risk_unit == 0 or non-finite,NQZ20-CME,29051425,2020-12-09 16:06:13.021002+00:00,12592.5,{'stop_loss_price': 12592.5}
INVALID_RISK_UNIT,risk_unit == 0 or non-finite,NQZ20-CME,29051426,2020-12-09 16:06:13.048000+00:00,12592.5,{'stop_loss_price': 12592.5}
INVALID_RISK_UNIT,risk_unit == 0 or non-finite,NQZ20-CME,29051427,2020-12-09 16:06:13.068000+00:00,12592.5,{'stop_loss_price': 12592.5}
INVALID_RISK_UNIT,risk_unit == 0 or non-finite,NQZ20-CME,29053615,2020-12-09 16:08:09.217000+00:00,12604.75,{'stop_loss_price': 12604.75}
INVALID_RISK_UNIT,risk_unit == 0 or non-finite,NQZ20-CME,29053616,2020-12-09 16:08:09.217001+00:00,12604.75,{'stop_loss_price': 12604.75}
INVALID_RISK_UNIT,risk_unit == 0 or non-finite,NQZ20-CME,29057723,2020-12-09 16:14:08.777000+00:00,12589.25,{'stop_loss_price': 12589.25}
INVALID_RISK_UNIT,risk_unit == 0 or non-finite,NQZ20-CME,29076268,2020-12-09 16:38:18.839000+00:00,12586.75,{'stop_loss_price': 12586.75}
INVALID_RISK_UNIT,risk_unit == 0 or non-finite,NQZ20-CME,29131002,2020-12-09 17:45:56.795003+00:00,12489.75,{'stop_loss_price': 12489.75}
INVALID_RISK_UNIT,risk_unit == 0 or non-finite,NQZ20-CME,29131003,2020-12-09 17:45:56.795004+00:00,12489.75,{'stop_loss_price': 12489.75}
INVALID_RISK_UNIT,risk_unit == 0 or non-finite,NQZ20-CME,29131004,2020-12-09 17:45:56.912000+00:00,12489.75,{'stop_loss_price': 12489.75}
INVALID_RISK_UNIT,risk_unit == 0 or non-finite,NQZ20-CME,29136713,2020-12-09 17:48:26.851001+00:00,12464.25,{'stop_loss_price': 12464.25}
INVALID_RISK_UNIT,risk_unit == 0 or non-finite,NQZ20-CME,29156107,2020-12-09 18:00:55.311000+00:00,12488.0,{'stop_loss_price': 12488.0}
INVALID_RISK_UNIT,risk_unit == 0 or non-finite,NQZ20-CME,29156108,2020-12-09 18:00:55.311001+00:00,12488.0,{'stop_loss_price': 12488.0}
INVALID_RISK_UNIT,risk_unit == 0 or non-finite,NQZ20-CME,29156109,2020-12-09 18:00:55.311002+00:00,12488.0,{'stop_loss_price': 12488.0}
INVALID_RISK_UNIT,risk_unit == 0 or non-finite,NQZ20-CME,29156110,2020-12-09 18:00:55.311003+00:00,12488.0,{'stop_loss_price': 12488.0}
INVALID_RISK_UNIT,risk_unit == 0 or non-finite,NQZ20-CME,29156111,2020-12-09 18:00:55.311004+00:00,12488.0,{'stop_loss_price': 12488.0}
INVALID_RISK_UNIT,risk_unit == 0 or non-finite,NQZ20-CME,29172942,2020-12-09 18:14:46.399000+00:00,12479.25,{'stop_loss_price': 12479.25}
INVALID_RISK_UNIT,risk_unit == 0 or non-finite,NQZ20-CME,29234766,2020-12-09 18:47:33.053000+00:00,12408.75,{'stop_loss_price': 12408.75}
INVALID_RISK_UNIT,risk_unit == 0 or non-finite,NQZ20-CME,29250483,2020-12-09 18:56:54.434000+00:00,12356.0,{'stop_loss_price': 12356.0}
INVALID_RISK_UNIT,risk_unit == 0 or non-finite,NQZ20-CME,29261880,2020-12-09 19:01:45.546000+00:00,12359.5,{'stop_loss_price': 12359.5}
INVALID_RISK_UNIT,risk_unit == 0 or non-finite,NQZ20-CME,29261881,2020-12-09 19:01:45.546001+00:00,12359.5,{'stop_loss_price': 12359.5}
INVALID_RISK_UNIT,risk_unit == 0 or non-finite,NQZ20-CME,29261883,2020-12-09 19:01:45.574000+00:00,12359.5,{'stop_loss_price': 12359.5}
INVALID_RISK_UNIT,risk_unit == 0 or non-finite,NQZ20-CME,29334770,2020-12-09 19:55:50.677000+00:00,12369.25,{'stop_loss_price': 12369.25}
INVALID_RISK_UNIT,risk_unit == 0 or non-finite,NQZ20-CME,29346471,2020-12-09 20:06:37.939000+00:00,12382.75,{'stop_loss_price': 12382.75}
INVALID_RISK_UNIT,risk_unit == 0 or non-finite,NQZ20-CME,29348164,2020-12-09 20:08:02.254000+00:00,12369.25,{'stop_loss_price': 12369.25}
INVALID_RISK_UNIT,risk_unit == 0 or non-finite,NQZ20-CME,29348165,2020-12-09 20:08:02.254001+00:00,12369.25,{'stop_loss_price': 12369.25}
INVALID_RISK_UNIT,risk_unit == 0 or non-finite,NQZ20-CME,29363951,2020-12-09 20:20:49.102001+00:00,12357.75,{'stop_loss_price': 12357.75}
INVALID_RISK_UNIT,risk_unit == 0 or non-finite,NQZ20-CME,29419749,2020-12-09 20:59:26.579000+00:00,12372.25,{'stop_loss_price': 12372.25}
INVALID_RISK_UNIT,risk_unit == 0 or non-finite,NQZ20-CME,29487625,2020-12-10 12:27:31.889000+00:00,12310.25,{'stop_loss_price': 12310.25}
INVALID_RISK_UNIT,risk_unit == 0 or non-finite,NQZ20-CME,29522830,2020-12-10 14:13:47.284000+00:00,12244.75,{'stop_loss_price': 12244.75}
INVALID_RISK_UNIT,risk_unit == 0 or non-finite,NQZ20-CME,29522831,2020-12-10 14:13:47.285000+00:00,12244.75,{'stop_loss_price': 12244.75}
INVALID_RISK_UNIT,risk_unit == 0 or non-finite,NQZ20-CME,29542615,2020-12-10 14:34:17.041000+00:00,12254.5,{'stop_loss_price': 12254.5}
INVALID_RISK_UNIT,risk_unit == 0 or non-finite,NQZ20-CME,29545189,2020-12-10 14:34:45.856000+00:00,12225.75,{'stop_loss_price': 12225.75}
INVALID_RISK_UNIT,risk_unit == 0 or non-finite,NQZ20-CME,29584575,2020-12-10 14:50:07.458008+00:00,12347.5,{'stop_loss_price': 12347.5}
INVALID_RISK_UNIT,risk_unit == 0 or non-finite,NQZ20-CME,29584576,2020-12-10 14:50:07.458009+00:00,12347.5,{'stop_loss_price': 12347.5}
INVALID_RISK_UNIT,risk_unit == 0 or non-finite,NQZ20-CME,29584577,2020-12-10 14:50:07.459000+00:00,12347.5,{'stop_loss_price': 12347.5}
INVALID_RISK_UNIT,risk_unit == 0 or non-finite,NQZ20-CME,29596565,2020-12-10 14:57:00.977000+00:00,12364.0,{'stop_loss_price': 12364.0}
INVALID_RISK_UNIT,risk_unit == 0 or non-finite,NQZ20-CME,29596566,2020-12-10 14:57:00.977001+00:00,12364.0,{'stop_loss_price': 12364.0}
INVALID_RISK_UNIT,risk_unit == 0 or non-finite,NQZ20-CME,29680345,2020-12-10 16:00:29.407000+00:00,12425.5,{'stop_loss_price': 12425.5}
INVALID_RISK_UNIT,risk_unit == 0 or non-finite,NQZ20-CME,29698392,2020-12-10 16:18:58.687000+00:00,12428.75,{'stop_loss_price': 12428.75}
INVALID_RISK_UNIT,risk_unit == 0 or non-finite,NQZ20-CME,29745093,2020-12-10 17:20:01.631000+00:00,12396.75,{'stop_loss_price': 12396.75}
INVALID_RISK_UNIT,risk_unit == 0 or non-finite,NQZ20-CME,29783056,2020-12-10 18:15:11.215000+00:00,12402.75,{'stop_loss_price': 12402.75}
INVALID_RISK_UNIT,risk_unit == 0 or non-finite,NQZ20-CME,29783057,2020-12-10 18:15:11.215001+00:00,12402.75,{'stop_loss_price': 12402.75}
INVALID_RISK_UNIT,risk_unit == 0 or non-finite,NQZ20-CME,29783058,2020-12-10 18:15:11.215002+00:00,12402.75,{'stop_loss_price': 12402.75}
INVALID_RISK_UNIT,risk_unit == 0 or non-finite,NQZ20-CME,29783059,2020-12-10 18:15:11.224000+00:00,12402.75,{'stop_loss_price': 12402.75}
INVALID_RISK_UNIT,risk_unit == 0 or non-finite,NQZ20-CME,29783060,2020-12-10 18:15:11.298000+00:00,12402.75,{'stop_loss_price': 12402.75}
INVALID_RISK_UNIT,risk_unit == 0 or non-finite,NQZ20-CME,29790304,2020-12-10 18:29:46.351000+00:00,12408.25,{'stop_loss_price': 12408.25}
INVALID_RISK_UNIT,risk_unit == 0 or non-finite,NQZ20-CME,29790305,2020-12-10 18:29:46.351001+00:00,12408.25,{'stop_loss_price': 12408.25}
INVALID_RISK_UNIT,risk_unit == 0 or non-finite,NQZ20-CME,29790306,2020-12-10 18:29:46.351002+00:00,12408.25,{'stop_loss_price': 12408.25}
INVALID_RISK_UNIT,risk_unit == 0 or non-finite,NQZ20-CME,29814038,2020-12-10 19:10:13.139000+00:00,12394.5,{'stop_loss_price': 12394.5}
INVALID_RISK_UNIT,risk_unit == 0 or non-finite,NQZ20-CME,29820909,2020-12-10 19:18:48.676000+00:00,12371.5,{'stop_loss_price': 12371.5}
INVALID_RISK_UNIT,risk_unit == 0 or non-finite,NQZ20-CME,29825866,2020-12-10 19:26:55.388000+00:00,12381.5,{'stop_loss_price': 12381.5}
INVALID_RISK_UNIT,risk_unit == 0 or non-finite,NQZ20-CME,29825867,2020-12-10 19:26:55.390000+00:00,12381.5,{'stop_loss_price': 12381.5}
INVALID_RISK_UNIT,risk_unit == 0 or non-finite,NQZ20-CME,29825868,2020-12-10 19:26:55.390001+00:00,12381.5,{'stop_loss_price': 12381.5}
INVALID_RISK_UNIT,risk_unit == 0 or non-finite,NQZ20-CME,29825869,2020-12-10 19:26:55.435000+00:00,12381.5,{'stop_loss_price': 12381.5}
INVALID_RISK_UNIT,risk_unit == 0 or non-finite,NQZ20-CME,29825870,2020-12-10 19:26:55.572000+00:00,12381.5,{'stop_loss_price': 12381.5}
INVALID_RISK_UNIT,risk_unit == 0 or non-finite,NQZ20-CME,29851627,2020-12-10 20:08:51.195000+00:00,12375.75,{'stop_loss_price': 12375.75}
INVALID_RISK_UNIT,risk_unit == 0 or non-finite,NQZ20-CME,29851628,2020-12-10 20:08:51.195001+00:00,12375.75,{'stop_loss_price': 12375.75}
INVALID_RISK_UNIT,risk_unit == 0 or non-finite,NQZ20-CME,29874425,2020-12-10 20:48:32.551000+00:00,12419.75,{'stop_loss_price': 12419.75}
INVALID_RISK_UNIT,risk_unit == 0 or non-finite,NQZ20-CME,29916201,2020-12-11 08:22:02.788000+00:00,12356.25,{'stop_loss_price': 12356.25}
INVALID_RISK_UNIT,risk_unit == 0 or non-finite,NQZ20-CME,29944209,2020-12-11 13:04:34.446000+00:00,12318.5,{'stop_loss_price': 12318.5}
INVALID_RISK_UNIT,risk_unit == 0 or non-finite,NQZ20-CME,29956797,2020-12-11 14:32:47.409003+00:00,12314.25,{'stop_loss_price': 12314.25}
INVALID_RISK_UNIT,risk_unit == 0 or non-finite,NQZ20-CME,29956798,2020-12-11 14:32:47.409004+00:00,12314.25,{'stop_loss_price': 12314.25}
INVALID_RISK_UNIT,risk_unit == 0 or non-finite,NQZ20-CME,29956799,2020-12-11 14:32:47.446000+00:00,12314.25,{'stop_loss_price': 12314.25}
INVALID_RISK_UNIT,risk_unit == 0 or non-finite,NQZ20-CME,29956800,2020-12-11 14:32:47.478000+00:00,12314.25,{'stop_loss_price': 12314.25}
INVALID_RISK_UNIT,risk_unit == 0 or non-finite,NQZ20-CME,29956807,2020-12-11 14:32:47.750000+00:00,12314.25,{'stop_loss_price': 12314.25}
INVALID_RISK_UNIT,risk_unit == 0 or non-finite,NQZ20-CME,29956808,2020-12-11 14:32:47.750001+00:00,12314.25,{'stop_loss_price': 12314.25}
INVALID_RISK_UNIT,risk_unit == 0 or non-finite,NQZ20-CME,29969469,2020-12-11 14:42:01.476000+00:00,12307.5,{'stop_loss_price': 12307.5}
INVALID_RISK_UNIT,risk_unit == 0 or non-finite,NQZ20-CME,29994339,2020-12-11 15:05:16.137000+00:00,12323.75,{'stop_loss_price': 12323.75}
INVALID_RISK_UNIT,risk_unit == 0 or non-finite,NQZ20-CME,29994340,2020-12-11 15:05:16.138000+00:00,12323.75,{'stop_loss_price': 12323.75}
INVALID_RISK_UNIT,risk_unit == 0 or non-finite,NQZ20-CME,30023600,2020-12-11 15:50:03.782000+00:00,12314.75,{'stop_loss_price': 12314.75}
INVALID_RISK_UNIT,risk_unit == 0 or non-finite,NQZ20-CME,30082160,2020-12-11 17:46:37.123000+00:00,12244.0,{'stop_loss_price': 12244.0}
INVALID_RISK_UNIT,risk_unit == 0 or non-finite,NQZ20-CME,30088956,2020-12-11 18:05:08.264000+00:00,12287.0,{'stop_loss_price': 12287.0}
INVALID_RISK_UNIT,risk_unit == 0 or non-finite,NQZ20-CME,30088957,2020-12-11 18:05:08.600000+00:00,12287.0,{'stop_loss_price': 12287.0}
INVALID_RISK_UNIT,risk_unit == 0 or non-finite,NQZ20-CME,30088958,2020-12-11 18:05:09.050000+00:00,12287.0,{'stop_loss_price': 12287.0}
INVALID_RISK_UNIT,risk_unit == 0 or non-finite,NQZ20-CME,30150556,2020-12-11 20:37:33.080000+00:00,12364.0,{'stop_loss_price': 12364.0}
INVALID_RISK_UNIT,risk_unit == 0 or non-finite,NQZ20-CME,30179985,2020-12-14 01:30:29.992000+00:00,12418.0,{'stop_loss_price': 12418.0}
INVALID_RISK_UNIT,risk_unit == 0 or non-finite,NQZ20-CME,30185976,2020-12-14 05:44:30.022000+00:00,12399.25,{'stop_loss_price': 12399.25}
INVALID_RISK_UNIT,risk_unit == 0 or non-finite,NQZ20-CME,30218392,2020-12-14 14:25:16.122000+00:00,12425.25,{'stop_loss_price': 12425.25}
INVALID_RISK_UNIT,risk_unit == 0 or non-finite,NQZ20-CME,30218393,2020-12-14 14:25:16.122001+00:00,12425.25,{'stop_loss_price': 12425.25}
INVALID_RISK_UNIT,risk_unit == 0 or non-finite,NQZ20-CME,30218394,2020-12-14 14:25:16.122002+00:00,12425.25,{'stop_loss_price': 12425.25}
INVALID_RISK_UNIT,risk_unit == 0 or non-finite,NQZ20-CME,30218395,2020-12-14 14:25:16.122003+00:00,12425.25,{'stop_loss_price': 12425.25}
INVALID_RISK_UNIT,risk_unit == 0 or non-finite,NQZ20-CME,30234790,2020-12-14 14:46:40.889000+00:00,12499.75,{'stop_loss_price': 12499.75}
INVALID_RISK_UNIT,risk_unit == 0 or non-finite,NQZ20-CME,30234791,2020-12-14 14:46:40.889001+00:00,12499.75,{'stop_loss_price': 12499.75}
INVALID_RISK_UNIT,risk_unit == 0 or non-finite,NQZ20-CME,30246010,2020-12-14 15:02:54.016000+00:00,12510.75,{'stop_loss_price': 12510.75}
INVALID_RISK_UNIT,risk_unit == 0 or non-finite,NQZ20-CME,30246011,2020-12-14 15:02:54.016001+00:00,12510.75,{'stop_loss_price': 12510.75}
INVALID_RISK_UNIT,risk_unit == 0 or non-finite,NQZ20-CME,30246012,2020-12-14 15:02:54.211000+00:00,12510.75,{'stop_loss_price': 12510.75}
INVALID_RISK_UNIT,risk_unit == 0 or non-finite,NQZ20-CME,30246013,2020-12-14 15:02:54.211001+00:00,12510.75,{'stop_loss_price': 12510.75}
INVALID_RISK_UNIT,risk_unit == 0 or non-finite,NQZ20-CME,30246014,2020-12-14 15:02:54.211002+00:00,12510.75,{'stop_loss_price': 12510.75}
INVALID_RISK_UNIT,risk_unit == 0 or non-finite,NQZ20-CME,30246015,2020-12-14 15:02:54.211003+00:00,12510.75,{'stop_loss_price': 12510.75}
INVALID_RISK_UNIT,risk_unit == 0 or non-finite,NQZ20-CME,30271854,2020-12-14 16:01:14.492000+00:00,12501.75,{'stop_loss_price': 12501.75}
INVALID_RISK_UNIT,risk_unit == 0 or non-finite,NQZ20-CME,30274780,2020-12-14 16:08:26.237000+00:00,12512.0,{'stop_loss_price': 12512.0}
INVALID_RISK_UNIT,risk_unit == 0 or non-finite,NQZ20-CME,30274781,2020-12-14 16:08:26.237001+00:00,12512.0,{'stop_loss_price': 12512.0}
INVALID_RISK_UNIT,risk_unit == 0 or non-finite,NQZ20-CME,30274782,2020-12-14 16:08:26.237002+00:00,12512.0,{'stop_loss_price': 12512.0}
INVALID_RISK_UNIT,risk_unit == 0 or non-finite,NQZ20-CME,30319314,2020-12-14 18:52:36.339000+00:00,12511.5,{'stop_loss_price': 12511.5}
INVALID_RISK_UNIT,risk_unit == 0 or non-finite,NQZ20-CME,30319315,2020-12-14 18:52:36.339001+00:00,12511.5,{'stop_loss_price': 12511.5}
INVALID_RISK_UNIT,risk_unit == 0 or non-finite,NQZ20-CME,30329086,2020-12-14 19:40:37.738000+00:00,12485.5,{'stop_loss_price': 12485.5}
